run_id,char_id,class,spec,hero_talent,role,region,dungeon,key_level,timed,duration_s,dps,deaths,item_level,date,reset_bucket,post_tuning,keystone_s,pct_under_timer,set_pieces,player_rating
37772,7827,Mage,Arcane,Sunfury,DPS,US,Temple of Sethraliss,12,1,1537.6,216779,0,304.0,2026-08-20,0,-1,1529.0,20.3,,
37772,74572,Druid,Balance,Elune's Chosen,DPS,US,Temple of Sethraliss,12,1,1537.6,185726,0,303.0,2026-08-20,0,-1,1529.0,20.3,,
37772,5022,Shaman,Enhancement,Stormbringer,DPS,US,Temple of Sethraliss,12,1,1537.6,184418,0,303.0,2026-08-20,0,-1,1529.0,20.3,,
55062,73765,DeathKnight,Blood,San'layn,Tank,US,Altar of Fangs,14,0,2081.3,144093,1,305.0,2026-08-22,0,-1,,,,
55062,44185,Shaman,Restoration,Totemic,Healer,US,Altar of Fangs,14,0,2081.3,28941,1,302.0,2026-08-22,0,-1,,,,
55062,44187,Rogue,Subtlety,Deathstalker,DPS,US,Altar of Fangs,14,0,2081.3,227256,2,304.0,2026-08-22,0,-1,,,,
55062,73767,Warrior,Arms,Slayer,DPS,US,Altar of Fangs,14,0,2081.3,174668,6,302.0,2026-08-22,0,-1,,,,
55062,3347,DemonHunter,Havoc,Fel-Scarred,DPS,US,Altar of Fangs,14,0,2081.3,169587,4,305.0,2026-08-22,0,-1,,,,
72199,18504,Paladin,Protection,Lightsmith,Tank,EU,Murder Row,16,1,1931.0,125749,0,313.0,2026-08-22,0,-1,1953.0,4.3,,3287
72199,15658,Shaman,Restoration,Totemic,Healer,EU,Murder Row,16,1,1931.0,39401,0,308.0,2026-08-22,0,-1,1953.0,4.3,,
72199,23598,Druid,Balance,Elune's Chosen,DPS,EU,Murder Row,16,1,1931.0,254710,0,308.0,2026-08-22,0,-1,1953.0,4.3,,
72199,18508,Warrior,Fury,Slayer,DPS,EU,Murder Row,16,1,1931.0,248431,0,305.0,2026-08-22,0,-1,1953.0,4.3,,3287
72199,18507,Rogue,Assassination,Deathstalker,DPS,EU,Murder Row,16,1,1931.0,261973,2,307.0,2026-08-22,0,-1,1953.0,4.3,,3287
23055,2772,Paladin,Protection,Lightsmith,Tank,US,The Blinding Vale,11,1,1407.9,109197,1,293.0,2026-08-19,0,-1,1430.0,20.6,,
23055,66,Monk,Mistweaver,Conduit of the Celestials,Healer,US,The Blinding Vale,11,1,1407.9,54502,1,302.0,2026-08-19,0,-1,1430.0,20.6,,2680
23055,51067,DemonHunter,Devourer,Annihilator,DPS,US,The Blinding Vale,11,1,1407.9,252074,1,298.0,2026-08-19,0,-1,1430.0,20.6,,
23055,4979,Monk,Windwalker,Shado-Pan,DPS,US,The Blinding Vale,11,1,1407.9,180449,1,296.0,2026-08-19,0,-1,1430.0,20.6,,2355
23055,46368,Shaman,Elemental,Farseer,DPS,US,The Blinding Vale,11,1,1407.9,226667,2,293.0,2026-08-19,0,-1,1430.0,20.6,,
5407,6725,Paladin,Protection,Lightsmith,Tank,US,Altar of Fangs,11,0,2331.6,76636,2,294.0,2026-08-19,0,-1,2368.0,-31.6,,
5407,6726,Paladin,Holy,Lightsmith,Healer,US,Altar of Fangs,11,0,2331.6,25850,3,285.0,2026-08-19,0,-1,2368.0,-31.6,,
5407,11620,DemonHunter,Devourer,Void-Scarred,DPS,US,Altar of Fangs,11,0,2331.6,155396,4,295.0,2026-08-19,0,-1,2368.0,-31.6,,
5407,11621,DemonHunter,Devourer,Void-Scarred,DPS,US,Altar of Fangs,11,0,2331.6,150708,3,293.0,2026-08-19,0,-1,2368.0,-31.6,,
5407,11622,Hunter,BeastMastery,Pack Leader,DPS,US,Altar of Fangs,11,0,2331.6,111492,2,282.0,2026-08-19,0,-1,2368.0,-31.6,,
2666,2208,DeathKnight,Blood,San'layn,Tank,US,Den of Nalorakk,11,1,1833.1,83054,0,292.0,2026-08-18,0,-1,1859.0,3.2,,
2666,2209,Paladin,Holy,Herald of the Sun,Healer,US,Den of Nalorakk,11,1,1833.1,17812,1,289.0,2026-08-18,0,-1,1859.0,3.2,,
2666,2210,Warrior,Arms,Slayer,DPS,US,Den of Nalorakk,11,1,1833.1,172982,2,294.0,2026-08-18,0,-1,1859.0,3.2,,
2666,2211,DeathKnight,Frost,Deathbringer,DPS,US,Den of Nalorakk,11,1,1833.1,105035,2,287.0,2026-08-18,0,-1,1859.0,3.2,,
2666,2212,Warrior,Arms,Slayer,DPS,US,Den of Nalorakk,11,1,1833.1,156434,2,290.0,2026-08-18,0,-1,1859.0,3.2,,
23007,50985,Paladin,Protection,Lightsmith,Tank,US,Voidscar Arena,5,1,898.1,74080,0,291.0,2026-08-18,0,-1,890.0,50.6,,
23007,50986,Priest,Holy,Oracle,Healer,US,Voidscar Arena,5,1,898.1,13438,0,294.0,2026-08-18,0,-1,890.0,50.6,,
23007,6541,DeathKnight,Unholy,Rider of the Apocalypse,DPS,US,Voidscar Arena,5,1,898.1,140178,0,292.0,2026-08-18,0,-1,890.0,50.6,,
23007,1722,Warrior,Arms,Slayer,DPS,US,Voidscar Arena,5,1,898.1,136332,0,292.0,2026-08-18,0,-1,890.0,50.6,,
23007,50987,Hunter,BeastMastery,Pack Leader,DPS,US,Voidscar Arena,5,1,898.1,132401,0,293.0,2026-08-18,0,-1,890.0,50.6,,
24234,52259,Warrior,Protection,Mountain Thane,Tank,EU,Den of Nalorakk,11,1,1392.1,117950,2,294.0,2026-08-20,0,-1,1428.0,25.6,,
24234,14197,Druid,Restoration,Wildstalker,Healer,EU,Den of Nalorakk,11,1,1392.1,15225,2,294.0,2026-08-20,0,-1,1428.0,25.6,,
24234,52260,Warrior,Arms,Slayer,DPS,EU,Den of Nalorakk,11,1,1392.1,189455,1,293.0,2026-08-20,0,-1,1428.0,25.6,,
24234,27197,Hunter,BeastMastery,Pack Leader,DPS,EU,Den of Nalorakk,11,1,1392.1,155852,2,295.0,2026-08-20,0,-1,1428.0,25.6,,
24234,14198,Rogue,Subtlety,Deathstalker,DPS,EU,Den of Nalorakk,11,1,1392.1,172716,2,294.0,2026-08-20,0,-1,1428.0,25.6,,
72293,141693,DeathKnight,Blood,San'layn,Tank,US,Kings' Rest,5,1,1132.3,43961,0,294.0,2026-08-23,0,-1,1124.0,43.2,,
72293,115182,Priest,Holy,Oracle,Healer,US,Kings' Rest,5,1,1132.3,1052,0,299.0,2026-08-23,0,-1,1124.0,43.2,,
72293,141694,DeathKnight,Unholy,Rider of the Apocalypse,DPS,US,Kings' Rest,5,1,1132.3,82631,0,288.0,2026-08-23,0,-1,1124.0,43.2,,
72293,136019,Druid,Balance,Elune's Chosen,DPS,US,Kings' Rest,5,1,1132.3,86559,0,292.0,2026-08-23,0,-1,1124.0,43.2,,
72293,3973,Shaman,Elemental,Farseer,DPS,US,Kings' Rest,5,1,1132.3,154244,0,307.0,2026-08-23,0,-1,1124.0,43.2,,
55736,118232,Paladin,Protection,Lightsmith,Tank,EU,Voidscar Arena,2,1,888.0,82392,0,287.0,2026-08-23,0,-1,,,,
55736,118233,Druid,Restoration,Wildstalker,Healer,EU,Voidscar Arena,2,1,888.0,6428,0,272.0,2026-08-23,0,-1,,,,
55736,118234,DemonHunter,Devourer,Annihilator,DPS,EU,Voidscar Arena,2,1,888.0,141706,0,294.0,2026-08-23,0,-1,,,,
55736,118235,Warlock,Demonology,Diabolist,DPS,EU,Voidscar Arena,2,1,888.0,139137,1,286.0,2026-08-23,0,-1,,,,
55736,118236,Mage,Arcane,Sunfury,DPS,EU,Voidscar Arena,2,1,888.0,85534,0,288.0,2026-08-23,0,-1,,,,
83846,15017,Paladin,Protection,Lightsmith,Tank,EU,Temple of Sethraliss,10,1,1095.5,98157,0,305.0,2026-08-23,0,-1,1097.0,42.9,0,2754
83846,55640,Evoker,Preservation,Flameshaper,Healer,EU,Temple of Sethraliss,10,1,1095.5,52711,1,306.0,2026-08-23,0,-1,1097.0,42.9,2,
83846,60504,Hunter,BeastMastery,Pack Leader,DPS,EU,Temple of Sethraliss,10,1,1095.5,227452,1,313.0,2026-08-23,0,-1,1097.0,42.9,4,
83846,148044,DemonHunter,Havoc,Fel-Scarred,DPS,EU,Temple of Sethraliss,10,1,1095.5,250375,0,303.0,2026-08-23,0,-1,1097.0,42.9,2,
83846,18010,Paladin,Retribution,Templar,DPS,EU,Temple of Sethraliss,10,1,1095.5,222051,0,302.0,2026-08-23,0,-1,1097.0,42.9,0,
15613,29513,Monk,Brewmaster,Master of Harmony,Tank,US,Kings' Rest,3,1,919.7,64538,0,293.0,2026-08-18,0,-1,911.0,54.0,,
15613,10954,Evoker,Preservation,Flameshaper,Healer,US,Kings' Rest,3,1,919.7,38269,1,288.0,2026-08-18,0,-1,911.0,54.0,,
15613,10955,Shaman,Elemental,Farseer,DPS,US,Kings' Rest,3,1,919.7,114297,0,293.0,2026-08-18,0,-1,911.0,54.0,,
15613,10956,Rogue,Outlaw,Trickster,DPS,US,Kings' Rest,3,1,919.7,87946,0,294.0,2026-08-18,0,-1,911.0,54.0,,
15613,33290,Druid,Balance,Elune's Chosen,DPS,US,Kings' Rest,3,1,919.7,99561,1,291.0,2026-08-18,0,-1,911.0,54.0,,
54609,115834,Druid,Guardian,Elune's Chosen,Tank,EU,Temple of Sethraliss,14,1,1747.6,89193,0,299.0,2026-08-22,0,-1,,,,
54609,105675,Paladin,Holy,Herald of the Sun,Healer,EU,Temple of Sethraliss,14,1,1747.6,13004,0,305.0,2026-08-22,0,-1,,,,
54609,25163,Warrior,Arms,Slayer,DPS,EU,Temple of Sethraliss,14,1,1747.6,206045,1,305.0,2026-08-22,0,-1,,,,
54609,105676,Hunter,BeastMastery,Pack Leader,DPS,EU,Temple of Sethraliss,14,1,1747.6,191035,3,304.0,2026-08-22,0,-1,,,,
54609,115835,Warlock,Demonology,Diabolist,DPS,EU,Temple of Sethraliss,14,1,1747.6,253286,1,310.0,2026-08-22,0,-1,,,,
37109,31965,Warrior,Protection,Mountain Thane,Tank,EU,Temple of Sethraliss,5,1,914.5,96093,0,302.0,2026-08-22,0,-1,907.0,52.8,,
37109,79932,Paladin,Holy,Herald of the Sun,Healer,EU,Temple of Sethraliss,5,1,914.5,14112,0,292.0,2026-08-22,0,-1,907.0,52.8,,
37109,19599,Hunter,BeastMastery,Pack Leader,DPS,EU,Temple of Sethraliss,5,1,914.5,191298,0,307.0,2026-08-22,0,-1,907.0,52.8,,
37109,31968,Shaman,Elemental,Farseer,DPS,EU,Temple of Sethraliss,5,1,914.5,148460,0,286.0,2026-08-22,0,-1,907.0,52.8,,
37109,79933,Mage,Arcane,Sunfury,DPS,EU,Temple of Sethraliss,5,1,914.5,117682,0,288.0,2026-08-22,0,-1,907.0,52.8,,
55153,6141,Monk,Brewmaster,Master of Harmony,Tank,US,Kings' Rest,2,1,995.3,53153,0,297.0,2026-08-22,0,-1,,,,
55153,116981,Shaman,Restoration,Totemic,Healer,US,Kings' Rest,2,1,995.3,21362,0,282.0,2026-08-22,0,-1,,,,
55153,116982,Warlock,Demonology,Diabolist,DPS,US,Kings' Rest,2,1,995.3,71744,0,287.0,2026-08-22,0,-1,,,,
55153,116983,Warrior,Arms,Slayer,DPS,US,Kings' Rest,2,1,995.3,86265,0,293.0,2026-08-22,0,-1,,,,
55153,87952,Rogue,Outlaw,Trickster,DPS,US,Kings' Rest,2,1,995.3,109761,0,293.0,2026-08-22,0,-1,,,,
53872,114312,DemonHunter,Vengeance,Annihilator,Tank,EU,Murder Row,10,1,1165.4,123874,0,293.0,2026-08-22,0,-1,,,,
53872,114313,Shaman,Restoration,Totemic,Healer,EU,Murder Row,10,1,1165.4,24867,0,302.0,2026-08-22,0,-1,,,,
53872,18698,Druid,Balance,Elune's Chosen,DPS,EU,Murder Row,10,1,1165.4,275445,0,312.0,2026-08-22,0,-1,,,,
53872,41496,Mage,Arcane,Sunfury,DPS,EU,Murder Row,10,1,1165.4,199505,0,311.0,2026-08-22,0,-1,,,,
53872,114314,Rogue,Subtlety,Deathstalker,DPS,EU,Murder Row,10,1,1165.4,192620,0,299.0,2026-08-22,0,-1,,,,
14007,28245,DeathKnight,Blood,San'layn,Tank,US,The Blinding Vale,7,1,1119.5,106249,0,295.0,2026-08-19,0,-1,1111.0,38.3,,
14007,28246,Paladin,Holy,Lightsmith,Healer,US,The Blinding Vale,7,1,1119.5,37496,0,289.0,2026-08-19,0,-1,1111.0,38.3,,
14007,28247,Warrior,Arms,Slayer,DPS,US,The Blinding Vale,7,1,1119.5,155821,0,296.0,2026-08-19,0,-1,1111.0,38.3,,
14007,28248,Rogue,Outlaw,Trickster,DPS,US,The Blinding Vale,7,1,1119.5,162981,0,299.0,2026-08-19,0,-1,1111.0,38.3,,
14007,28249,Shaman,Elemental,Farseer,DPS,US,The Blinding Vale,7,1,1119.5,171047,0,294.0,2026-08-19,0,-1,1111.0,38.3,,
84768,13000,DeathKnight,Blood,San'layn,Tank,EU,Kings' Rest,15,1,1740.6,104248,0,304.0,2026-08-23,0,-1,1747.0,11.8,0,
84768,83216,Paladin,Holy,Herald of the Sun,Healer,EU,Kings' Rest,15,1,1740.6,21639,1,303.0,2026-08-23,0,-1,1747.0,11.8,0,
84768,82328,Druid,Balance,Elune's Chosen,DPS,EU,Kings' Rest,15,1,1740.6,180751,0,311.0,2026-08-23,0,-1,1747.0,11.8,4,
84768,13773,Warrior,Arms,Slayer,DPS,EU,Kings' Rest,15,1,1740.6,190314,0,308.0,2026-08-23,0,-1,1747.0,11.8,4,
84768,65414,Mage,Arcane,Sunfury,DPS,EU,Kings' Rest,15,1,1740.6,176475,0,309.0,2026-08-23,0,-1,1747.0,11.8,4,
46811,28932,DeathKnight,Blood,San'layn,Tank,EU,Ruby Life Pools,13,1,1526.1,107594,0,310.0,2026-08-22,0,-1,,,,
46811,64101,Paladin,Holy,Herald of the Sun,Healer,EU,Ruby Life Pools,13,1,1526.1,12441,0,308.0,2026-08-22,0,-1,,,,
46811,98930,Shaman,Elemental,Farseer,DPS,EU,Ruby Life Pools,13,1,1526.1,164289,1,298.0,2026-08-22,0,-1,,,,
46811,72947,Mage,Arcane,Sunfury,DPS,EU,Ruby Life Pools,13,1,1526.1,223148,0,310.0,2026-08-22,0,-1,,,,
46811,98931,DemonHunter,Devourer,Void-Scarred,DPS,EU,Ruby Life Pools,13,1,1526.1,199548,0,304.0,2026-08-22,0,-1,,,,
46771,98831,DeathKnight,Blood,Deathbringer,Tank,EU,Voidscar Arena,4,1,999.0,63906,0,285.0,2026-08-22,0,-1,,,,
46771,98508,Paladin,Holy,Herald of the Sun,Healer,EU,Voidscar Arena,4,1,999.0,14199,0,291.0,2026-08-22,0,-1,,,,
46771,98832,Hunter,BeastMastery,Pack Leader,DPS,EU,Voidscar Arena,4,1,999.0,108305,4,291.0,2026-08-22,0,-1,,,,
46771,98833,Mage,Arcane,Sunfury,DPS,EU,Voidscar Arena,4,1,999.0,126977,1,290.0,2026-08-22,0,-1,,,,
46771,57673,Paladin,Retribution,Templar,DPS,EU,Voidscar Arena,4,1,999.0,132814,0,297.0,2026-08-22,0,-1,,,,
68071,30220,DeathKnight,Blood,San'layn,Tank,EU,Murder Row,15,1,1919.1,136025,0,312.0,2026-08-22,0,-1,1986.0,2.7,,
68071,76401,Paladin,Holy,Lightsmith,Healer,EU,Murder Row,15,1,1919.1,45701,0,309.0,2026-08-22,0,-1,1986.0,2.7,,
68071,75953,DemonHunter,Devourer,Void-Scarred,DPS,EU,Murder Row,15,1,1919.1,221137,2,309.0,2026-08-22,0,-1,1986.0,2.7,,
68071,39712,Mage,Arcane,Sunfury,DPS,EU,Murder Row,15,1,1919.1,243220,1,308.0,2026-08-22,0,-1,1986.0,2.7,,
68071,57927,Warrior,Arms,Slayer,DPS,EU,Murder Row,15,1,1919.1,187048,2,310.0,2026-08-22,0,-1,1986.0,2.7,,
7067,1260,DeathKnight,Blood,Unknown,Tank,US,Ruby Life Pools,10,1,1019.1,156536,0,300.0,2026-08-19,0,-1,1021.0,39.2,,2681
7067,1261,Shaman,Restoration,Unknown,Healer,US,Ruby Life Pools,10,1,1019.1,41310,0,298.0,2026-08-19,0,-1,1021.0,39.2,,2687
7067,15136,Mage,Arcane,Unknown,DPS,US,Ruby Life Pools,10,1,1019.1,208958,0,303.0,2026-08-19,0,-1,1021.0,39.2,,
7067,1263,Rogue,Outlaw,Unknown,DPS,US,Ruby Life Pools,10,1,1019.1,243334,1,299.0,2026-08-19,0,-1,1021.0,39.2,,2681
7067,129,Warrior,Arms,Unknown,DPS,US,Ruby Life Pools,10,1,1019.1,234484,1,296.0,2026-08-19,0,-1,1021.0,39.2,,2789
19603,43163,Warrior,Protection,Mountain Thane,Tank,CN,Ruby Life Pools,12,0,1962.7,78847,4,292.0,2026-08-20,0,-1,2194.0,-30.6,,
19603,43164,Priest,Discipline,Oracle,Healer,CN,Ruby Life Pools,12,0,1962.7,12694,2,295.0,2026-08-20,0,-1,2194.0,-30.6,,
19603,43165,DeathKnight,Unholy,San'layn,DPS,CN,Ruby Life Pools,12,0,1962.7,153978,2,292.0,2026-08-20,0,-1,2194.0,-30.6,,
19603,43166,Mage,Arcane,Sunfury,DPS,CN,Ruby Life Pools,12,0,1962.7,131055,3,294.0,2026-08-20,0,-1,2194.0,-30.6,,
19603,43167,Evoker,Devastation,Scalecommander,DPS,CN,Ruby Life Pools,12,0,1962.7,170890,6,292.0,2026-08-20,0,-1,2194.0,-30.6,,
27643,60651,Paladin,Protection,Templar,Tank,US,Temple of Sethraliss,2,1,1019.3,49168,0,289.0,2026-08-21,0,-1,1011.0,47.3,,
27643,52959,Druid,Restoration,Wildstalker,Healer,US,Temple of Sethraliss,2,1,1019.3,627,0,285.0,2026-08-21,0,-1,1011.0,47.3,,
27643,60652,Mage,Arcane,Sunfury,DPS,US,Temple of Sethraliss,2,1,1019.3,134831,0,300.0,2026-08-21,0,-1,1011.0,47.3,,
27643,60653,Hunter,BeastMastery,Pack Leader,DPS,US,Temple of Sethraliss,2,1,1019.3,117471,0,298.0,2026-08-21,0,-1,1011.0,47.3,,
27643,60654,Shaman,Elemental,Farseer,DPS,US,Temple of Sethraliss,2,1,1019.3,103196,0,298.0,2026-08-21,0,-1,1011.0,47.3,,
86461,152298,Paladin,Protection,Lightsmith,Tank,US,Altar of Fangs,2,1,967.4,65371,0,296.0,2026-08-23,0,-1,958.0,46.8,1,
86461,152299,Monk,Mistweaver,Conduit of the Celestials,Healer,US,Altar of Fangs,2,1,967.4,38806,0,293.0,2026-08-23,0,-1,958.0,46.8,0,
86461,34111,Shaman,Elemental,Farseer,DPS,US,Altar of Fangs,2,1,967.4,134068,0,309.0,2026-08-23,0,-1,958.0,46.8,2,
86461,152300,Rogue,Assassination,Deathstalker,DPS,US,Altar of Fangs,2,1,967.4,151617,0,297.0,2026-08-23,0,-1,958.0,46.8,0,
86461,152301,Warrior,Arms,Colossus,DPS,US,Altar of Fangs,2,1,967.4,98490,1,277.0,2026-08-23,0,-1,958.0,46.8,0,
84300,148835,Paladin,Protection,Templar,Tank,EU,Voidscar Arena,5,1,1001.3,51601,0,261.0,2026-08-23,0,-1,993.0,44.8,0,
84300,148836,Evoker,Preservation,Flameshaper,Healer,EU,Voidscar Arena,5,1,1001.3,27210,0,284.0,2026-08-23,0,-1,993.0,44.8,0,
84300,148837,Druid,Feral,Druid of the Claw,DPS,EU,Voidscar Arena,5,1,1001.3,143110,0,301.0,2026-08-23,0,-1,993.0,44.8,0,
84300,148838,DeathKnight,Unholy,Rider of the Apocalypse,DPS,EU,Voidscar Arena,5,1,1001.3,107943,0,289.0,2026-08-23,0,-1,993.0,44.8,0,
84300,148839,Paladin,Retribution,Templar,DPS,EU,Voidscar Arena,5,1,1001.3,124526,0,296.0,2026-08-23,0,-1,993.0,44.8,2,
32688,70602,DemonHunter,Vengeance,Annihilator,Tank,US,Ruby Life Pools,6,1,985.0,83395,0,295.0,2026-08-22,0,-1,976.0,41.9,,
32688,70603,Paladin,Holy,Lightsmith,Healer,US,Ruby Life Pools,6,1,985.0,28463,0,281.0,2026-08-22,0,-1,976.0,41.9,,
32688,70604,Shaman,Elemental,Farseer,DPS,US,Ruby Life Pools,6,1,985.0,148967,0,292.0,2026-08-22,0,-1,976.0,41.9,,
32688,70605,Paladin,Retribution,Templar,DPS,US,Ruby Life Pools,6,1,985.0,182563,0,304.0,2026-08-22,0,-1,976.0,41.9,,
32688,70606,Monk,Windwalker,Shado-Pan,DPS,US,Ruby Life Pools,6,1,985.0,105497,0,285.0,2026-08-22,0,-1,976.0,41.9,,
8877,13219,DemonHunter,Vengeance,Annihilator,Tank,EU,Altar of Fangs,12,1,1629.6,130596,1,304.0,2026-08-19,0,-1,1741.0,3.3,,2972
8877,13220,Paladin,Holy,Herald of the Sun,Healer,EU,Altar of Fangs,12,1,1629.6,8592,2,294.0,2026-08-19,0,-1,1741.0,3.3,,2947
8877,13221,Mage,Fire,Sunfury,DPS,EU,Altar of Fangs,12,1,1629.6,206018,1,293.0,2026-08-19,0,-1,1741.0,3.3,,
8877,13222,DeathKnight,Unholy,Rider of the Apocalypse,DPS,EU,Altar of Fangs,12,1,1629.6,213415,1,296.0,2026-08-19,0,-1,1741.0,3.3,,2972
8877,13223,Priest,Shadow,Archon,DPS,EU,Altar of Fangs,12,1,1629.6,218515,3,296.0,2026-08-19,0,-1,1741.0,3.3,,2898
2691,5885,DeathKnight,Blood,Deathbringer,Tank,US,Murder Row,11,1,1996.0,96170,0,294.0,2026-08-19,0,-1,2033.0,0.3,,
2691,5886,Shaman,Restoration,Totemic,Healer,US,Murder Row,11,1,1996.0,19016,1,291.0,2026-08-19,0,-1,2033.0,0.3,,
2691,5887,Warrior,Arms,Slayer,DPS,US,Murder Row,11,1,1996.0,108227,5,288.0,2026-08-19,0,-1,2033.0,0.3,,
2691,5888,Rogue,Outlaw,Trickster,DPS,US,Murder Row,11,1,1996.0,151510,2,291.0,2026-08-19,0,-1,2033.0,0.3,,
2691,5889,Mage,Fire,Sunfury,DPS,US,Murder Row,11,1,1996.0,144041,1,289.0,2026-08-19,0,-1,2033.0,0.3,,
28951,14902,Warrior,Protection,Mountain Thane,Tank,US,Altar of Fangs,10,1,1074.9,190247,0,300.0,2026-08-20,0,-1,1067.0,40.7,,
28951,4274,Evoker,Preservation,Flameshaper,Healer,US,Altar of Fangs,10,1,1074.9,36333,0,302.0,2026-08-20,0,-1,1067.0,40.7,,2702
28951,2829,DemonHunter,Devourer,Void-Scarred,DPS,US,Altar of Fangs,10,1,1074.9,238116,0,302.0,2026-08-20,0,-1,1067.0,40.7,,2730
28951,2830,Hunter,BeastMastery,Pack Leader,DPS,US,Altar of Fangs,10,1,1074.9,243650,0,306.0,2026-08-20,0,-1,1067.0,40.7,,2738
28951,2014,Druid,Balance,Elune's Chosen,DPS,US,Altar of Fangs,10,1,1074.9,255015,0,300.0,2026-08-20,0,-1,1067.0,40.7,,
70684,67983,DeathKnight,Blood,San'layn,Tank,EU,The Blinding Vale,15,1,1764.4,145431,0,304.0,2026-08-21,0,-1,1786.0,0.8,,
70684,49983,Monk,Mistweaver,Conduit of the Celestials,Healer,EU,The Blinding Vale,15,1,1764.4,49975,0,302.0,2026-08-21,0,-1,1786.0,0.8,,
70684,76394,Hunter,BeastMastery,Pack Leader,DPS,EU,The Blinding Vale,15,1,1764.4,204816,0,309.0,2026-08-21,0,-1,1786.0,0.8,,
70684,67985,Shaman,Enhancement,Stormbringer,DPS,EU,The Blinding Vale,15,1,1764.4,214605,1,305.0,2026-08-21,0,-1,1786.0,0.8,,
70684,76395,Mage,Arcane,Sunfury,DPS,EU,The Blinding Vale,15,1,1764.4,240373,1,303.0,2026-08-21,0,-1,1786.0,0.8,,
1936,725,DeathKnight,Blood,San'layn,Tank,US,The Blinding Vale,10,1,1351.8,108886,0,295.0,2026-08-18,0,-1,1348.0,25.1,,2620
1936,726,Paladin,Holy,Herald of the Sun,Healer,US,The Blinding Vale,10,1,1351.8,16094,0,291.0,2026-08-18,0,-1,1348.0,25.1,,3318
1936,729,Warrior,Arms,Slayer,DPS,US,The Blinding Vale,10,1,1351.8,199739,0,296.0,2026-08-18,0,-1,1348.0,25.1,,2667
1936,728,DeathKnight,Frost,Rider of the Apocalypse,DPS,US,The Blinding Vale,10,1,1351.8,163611,0,297.0,2026-08-18,0,-1,1348.0,25.1,,2698
1936,1497,Warrior,Fury,Slayer,DPS,US,The Blinding Vale,10,1,1351.8,190089,1,294.0,2026-08-18,0,-1,1348.0,25.1,,2902
18209,40357,Druid,Guardian,Elune's Chosen,Tank,EU,The Blinding Vale,6,1,1011.7,86108,0,292.0,2026-08-19,0,-1,1008.0,44.0,,
18209,40358,Priest,Discipline,Voidweaver,Healer,EU,The Blinding Vale,6,1,1011.7,30947,0,301.0,2026-08-19,0,-1,1008.0,44.0,,
18209,40359,Rogue,Assassination,Deathstalker,DPS,EU,The Blinding Vale,6,1,1011.7,231545,0,303.0,2026-08-19,0,-1,1008.0,44.0,,
18209,40360,DemonHunter,Devourer,Void-Scarred,DPS,EU,The Blinding Vale,6,1,1011.7,148225,1,295.0,2026-08-19,0,-1,1008.0,44.0,,
18209,40361,Warlock,Destruction,Diabolist,DPS,EU,The Blinding Vale,6,1,1011.7,142038,0,291.0,2026-08-19,0,-1,1008.0,44.0,,
25925,130,DeathKnight,Blood,San'layn,Tank,US,Den of Nalorakk,12,1,1587.4,103718,0,305.0,2026-08-21,0,-1,1595.0,16.9,,2954
25925,131,Paladin,Holy,Herald of the Sun,Healer,US,Den of Nalorakk,12,1,1587.4,16694,0,304.0,2026-08-21,0,-1,1595.0,16.9,,2944
25925,54706,Evoker,Devastation,Scalecommander,DPS,US,Den of Nalorakk,12,1,1587.4,172026,0,303.0,2026-08-21,0,-1,1595.0,16.9,,
25925,133,Warlock,Demonology,Diabolist,DPS,US,Den of Nalorakk,12,1,1587.4,170867,1,302.0,2026-08-21,0,-1,1595.0,16.9,,2904
25925,134,Warrior,Arms,Slayer,DPS,US,Den of Nalorakk,12,1,1587.4,165924,0,308.0,2026-08-21,0,-1,1595.0,16.9,,2944
70418,7407,Druid,Guardian,Elune's Chosen,Tank,US,Altar of Fangs,13,1,1542.3,140228,0,311.0,2026-08-23,0,-1,1549.0,13.9,,
70418,6416,Shaman,Restoration,Totemic,Healer,US,Altar of Fangs,13,1,1542.3,45302,1,306.0,2026-08-23,0,-1,1549.0,13.9,,3115
70418,37357,Druid,Balance,Elune's Chosen,DPS,US,Altar of Fangs,13,1,1542.3,274156,0,310.0,2026-08-23,0,-1,1549.0,13.9,,
70418,8618,DemonHunter,Devourer,Annihilator,DPS,US,Altar of Fangs,13,1,1542.3,254520,0,312.0,2026-08-23,0,-1,1549.0,13.9,,
70418,32521,Evoker,Augmentation,Scalecommander,DPS,US,Altar of Fangs,13,1,1542.3,215468,0,304.0,2026-08-23,0,-1,1549.0,13.9,,
69767,66516,DeathKnight,Blood,San'layn,Tank,CN,The Blinding Vale,15,1,1731.1,159603,0,308.0,2026-08-22,0,-1,1752.0,2.7,,
69767,66517,Paladin,Holy,Lightsmith,Healer,CN,The Blinding Vale,15,1,1731.1,31967,0,309.0,2026-08-22,0,-1,1752.0,2.7,,
69767,66518,Warrior,Arms,Slayer,DPS,CN,The Blinding Vale,15,1,1731.1,216862,1,312.0,2026-08-22,0,-1,1752.0,2.7,,
69767,65995,Mage,Arcane,Sunfury,DPS,CN,The Blinding Vale,15,1,1731.1,261160,0,309.0,2026-08-22,0,-1,1752.0,2.7,,
69767,55300,Shaman,Elemental,Farseer,DPS,CN,The Blinding Vale,15,1,1731.1,258900,1,308.0,2026-08-22,0,-1,1752.0,2.7,,
58037,55591,DeathKnight,Blood,San'layn,Tank,CN,Den of Nalorakk,11,1,1275.3,140450,0,309.0,2026-08-23,0,-1,1271.0,33.8,,
58037,123745,Shaman,Restoration,Totemic,Healer,CN,Den of Nalorakk,11,1,1275.3,19386,1,303.0,2026-08-23,0,-1,1271.0,33.8,,
58037,43276,Warrior,Arms,Slayer,DPS,CN,Den of Nalorakk,11,1,1275.3,185640,0,311.0,2026-08-23,0,-1,1271.0,33.8,,
58037,55592,Paladin,Retribution,Herald of the Sun,DPS,CN,Den of Nalorakk,11,1,1275.3,181603,0,309.0,2026-08-23,0,-1,1271.0,33.8,,
58037,43277,Mage,Arcane,Sunfury,DPS,CN,Den of Nalorakk,11,1,1275.3,229656,0,306.0,2026-08-23,0,-1,1271.0,33.8,,
76972,20010,DeathKnight,Blood,San'layn,Tank,US,Den of Nalorakk,14,1,1628.4,129067,1,302.0,2026-08-22,0,-1,1664.0,13.3,,
76972,10184,Paladin,Holy,Herald of the Sun,Healer,US,Den of Nalorakk,14,1,1628.4,13068,0,307.0,2026-08-22,0,-1,1664.0,13.3,,
76972,610,Warrior,Arms,Slayer,DPS,US,Den of Nalorakk,14,1,1628.4,208942,1,313.0,2026-08-22,0,-1,1664.0,13.3,,
76972,8793,Mage,Arcane,Sunfury,DPS,US,Den of Nalorakk,14,1,1628.4,230135,0,311.0,2026-08-22,0,-1,1664.0,13.3,,3237
76972,3714,Shaman,Elemental,Farseer,DPS,US,Den of Nalorakk,14,1,1628.4,211209,1,305.0,2026-08-22,0,-1,1664.0,13.3,,
69538,24173,DeathKnight,Blood,San'layn,Tank,EU,Ruby Life Pools,14,1,1459.6,183338,0,311.0,2026-08-21,0,-1,1556.0,7.4,,
69538,21633,Paladin,Holy,Herald of the Sun,Healer,EU,Ruby Life Pools,14,1,1459.6,16096,3,302.0,2026-08-21,0,-1,1556.0,7.4,,
69538,18240,Shaman,Elemental,Farseer,DPS,EU,Ruby Life Pools,14,1,1459.6,247049,1,309.0,2026-08-21,0,-1,1556.0,7.4,,
69538,18222,Mage,Arcane,Sunfury,DPS,EU,Ruby Life Pools,14,1,1459.6,251430,2,309.0,2026-08-21,0,-1,1556.0,7.4,,
69538,12533,DeathKnight,Frost,Deathbringer,DPS,EU,Ruby Life Pools,14,1,1459.6,214365,1,306.0,2026-08-21,0,-1,1556.0,7.4,,
27532,13356,Warrior,Protection,Mountain Thane,Tank,EU,The Blinding Vale,10,1,1009.1,161273,0,304.0,2026-08-21,0,-1,1015.0,43.6,,2710
27532,13357,Priest,Discipline,Voidweaver,Healer,EU,The Blinding Vale,10,1,1009.1,58822,1,310.0,2026-08-21,0,-1,1015.0,43.6,,2692
27532,13360,Evoker,Devastation,Scalecommander,DPS,EU,The Blinding Vale,10,1,1009.1,243186,2,306.0,2026-08-21,0,-1,1015.0,43.6,,
27532,13359,Hunter,Marksmanship,Sentinel,DPS,EU,The Blinding Vale,10,1,1009.1,243325,0,305.0,2026-08-21,0,-1,1015.0,43.6,,
27532,13358,Mage,Arcane,Sunfury,DPS,EU,The Blinding Vale,10,1,1009.1,281032,0,305.0,2026-08-21,0,-1,1015.0,43.6,,
1952,1467,Paladin,Protection,Lightsmith,Tank,US,Ruby Life Pools,11,1,1556.1,74256,1,291.0,2026-08-19,0,-1,1587.0,5.5,,
1952,1468,Shaman,Restoration,Totemic,Healer,US,Ruby Life Pools,11,1,1556.1,16642,1,291.0,2026-08-19,0,-1,1587.0,5.5,,
1952,1471,Priest,Shadow,Voidweaver,DPS,US,Ruby Life Pools,11,1,1556.1,174152,3,294.0,2026-08-19,0,-1,1587.0,5.5,,2650
1952,1469,Mage,Arcane,Sunfury,DPS,US,Ruby Life Pools,11,1,1556.1,167412,2,295.0,2026-08-19,0,-1,1587.0,5.5,,
1952,1470,Paladin,Retribution,Templar,DPS,US,Ruby Life Pools,11,1,1556.1,184584,1,295.0,2026-08-19,0,-1,1587.0,5.5,,
22736,50446,DeathKnight,Blood,San'layn,Tank,EU,Voidscar Arena,11,1,1445.8,94061,0,296.0,2026-08-19,0,-1,1452.0,19.3,,
22736,50447,Shaman,Restoration,Totemic,Healer,EU,Voidscar Arena,11,1,1445.8,29642,1,298.0,2026-08-19,0,-1,1452.0,19.3,,
22736,50448,Mage,Arcane,Sunfury,DPS,EU,Voidscar Arena,11,1,1445.8,161585,0,290.0,2026-08-19,0,-1,1452.0,19.3,,
22736,50449,Warrior,Arms,Slayer,DPS,EU,Voidscar Arena,11,1,1445.8,146848,2,298.0,2026-08-19,0,-1,1452.0,19.3,,
22736,20048,DeathKnight,Unholy,Rider of the Apocalypse,DPS,EU,Voidscar Arena,11,1,1445.8,188875,0,298.0,2026-08-19,0,-1,1452.0,19.3,,
57874,123326,Monk,Brewmaster,Shado-Pan,Tank,EU,Den of Nalorakk,2,1,1155.0,65884,0,292.0,2026-08-21,0,-1,,,,
57874,123363,Monk,Mistweaver,Conduit of the Celestials,Healer,EU,Den of Nalorakk,2,1,1155.0,29222,0,289.0,2026-08-21,0,-1,,,,
57874,123328,Monk,Windwalker,Shado-Pan,DPS,EU,Den of Nalorakk,2,1,1155.0,83232,0,296.0,2026-08-21,0,-1,,,,
57874,123364,Paladin,Retribution,Templar,DPS,EU,Den of Nalorakk,2,1,1155.0,117833,0,298.0,2026-08-21,0,-1,,,,
57874,123365,Shaman,Elemental,Farseer,DPS,EU,Den of Nalorakk,2,1,1155.0,107793,1,278.0,2026-08-21,0,-1,,,,
50950,98309,Warrior,Protection,Unknown,Tank,EU,Voidscar Arena,6,1,1001.2,98944,0,291.0,2026-08-22,0,-1,,,,
50950,98310,Priest,Holy,Unknown,Healer,EU,Voidscar Arena,6,1,1001.2,4649,0,280.0,2026-08-22,0,-1,,,,
50950,108153,Warrior,Arms,Unknown,DPS,EU,Voidscar Arena,6,1,1001.2,128659,0,293.0,2026-08-22,0,-1,,,,
50950,108154,Rogue,Subtlety,Unknown,DPS,EU,Voidscar Arena,6,1,1001.2,179043,0,292.0,2026-08-22,0,-1,,,,
50950,108155,Shaman,Elemental,Unknown,DPS,EU,Voidscar Arena,6,1,1001.2,131715,0,293.0,2026-08-22,0,-1,,,,
29007,12753,Paladin,Protection,Templar,Tank,EU,The Blinding Vale,10,1,1114.4,134234,0,301.0,2026-08-21,0,-1,1106.0,38.6,,
29007,63057,Monk,Mistweaver,Conduit of the Celestials,Healer,EU,The Blinding Vale,10,1,1114.4,56631,0,304.0,2026-08-21,0,-1,1106.0,38.6,,
29007,63058,Warlock,Demonology,Diabolist,DPS,EU,The Blinding Vale,10,1,1114.4,262280,0,303.0,2026-08-21,0,-1,1106.0,38.6,,
29007,63059,Mage,Arcane,Sunfury,DPS,EU,The Blinding Vale,10,1,1114.4,212066,0,299.0,2026-08-21,0,-1,1106.0,38.6,,
29007,63060,Druid,Balance,Elune's Chosen,DPS,EU,The Blinding Vale,10,1,1114.4,239722,0,305.0,2026-08-21,0,-1,1106.0,38.6,,
77308,67396,Monk,Brewmaster,Master of Harmony,Tank,EU,Kings' Rest,14,1,1680.2,65816,0,295.0,2026-08-20,0,-1,1672.0,15.6,,
77308,24137,Shaman,Restoration,Totemic,Healer,EU,Kings' Rest,14,1,1680.2,27559,0,301.0,2026-08-20,0,-1,1672.0,15.6,,
77308,12986,Mage,Arcane,Sunfury,DPS,EU,Kings' Rest,14,1,1680.2,211176,0,310.0,2026-08-20,0,-1,1672.0,15.6,,
77308,12987,Rogue,Assassination,Deathstalker,DPS,EU,Kings' Rest,14,1,1680.2,151008,0,304.0,2026-08-20,0,-1,1672.0,15.6,,
77308,12985,Priest,Shadow,Voidweaver,DPS,EU,Kings' Rest,14,1,1680.2,179844,0,304.0,2026-08-20,0,-1,1672.0,15.6,,
50155,82824,Warrior,Protection,Unknown,Tank,EU,Temple of Sethraliss,10,1,994.1,158914,0,308.0,2026-08-22,0,-1,,,,
50155,92867,Priest,Holy,Unknown,Healer,EU,Temple of Sethraliss,10,1,994.1,40948,0,310.0,2026-08-22,0,-1,,,,
50155,18639,Rogue,Subtlety,Unknown,DPS,EU,Temple of Sethraliss,10,1,994.1,250552,0,306.0,2026-08-22,0,-1,,,,2849
50155,18641,Hunter,BeastMastery,Unknown,DPS,EU,Temple of Sethraliss,10,1,994.1,239400,0,310.0,2026-08-22,0,-1,,,,2774
50155,105553,Druid,Balance,Unknown,DPS,EU,Temple of Sethraliss,10,1,994.1,189268,0,298.0,2026-08-22,0,-1,,,,
35950,23873,Paladin,Protection,Lightsmith,Tank,US,The Blinding Vale,10,1,1112.2,125179,0,306.0,2026-08-21,0,-1,1119.0,37.9,,
35950,9834,Shaman,Restoration,Totemic,Healer,US,The Blinding Vale,10,1,1112.2,9334,1,290.0,2026-08-21,0,-1,1119.0,37.9,,
35950,9835,Druid,Feral,Wildstalker,DPS,US,The Blinding Vale,10,1,1112.2,225791,0,301.0,2026-08-21,0,-1,1119.0,37.9,,3068
35950,3528,Warrior,Fury,Slayer,DPS,US,The Blinding Vale,10,1,1112.2,226559,1,301.0,2026-08-21,0,-1,1119.0,37.9,,3251
35950,5095,Warrior,Arms,Slayer,DPS,US,The Blinding Vale,10,1,1112.2,242801,1,304.0,2026-08-21,0,-1,1119.0,37.9,,3265
18451,12833,Monk,Brewmaster,Master of Harmony,Tank,US,The Blinding Vale,12,1,1394.5,113652,0,299.0,2026-08-19,0,-1,1416.0,21.3,,
18451,12834,Shaman,Restoration,Totemic,Healer,US,The Blinding Vale,12,1,1394.5,36016,0,297.0,2026-08-19,0,-1,1416.0,21.3,,
18451,23631,Warrior,Arms,Slayer,DPS,US,The Blinding Vale,12,1,1394.5,224905,1,301.0,2026-08-19,0,-1,1416.0,21.3,,
18451,12835,Rogue,Assassination,Deathstalker,DPS,US,The Blinding Vale,12,1,1394.5,243361,0,299.0,2026-08-19,0,-1,1416.0,21.3,,
18451,12836,DemonHunter,Havoc,Fel-Scarred,DPS,US,The Blinding Vale,12,1,1394.5,219716,1,292.0,2026-08-19,0,-1,1416.0,21.3,,3110
35740,77178,Warrior,Protection,Mountain Thane,Tank,US,Kings' Rest,11,1,1410.8,98540,0,303.0,2026-08-20,0,-1,1402.0,29.2,,
35740,47454,Paladin,Holy,Herald of the Sun,Healer,US,Kings' Rest,11,1,1410.8,13404,0,294.0,2026-08-20,0,-1,1402.0,29.2,,
35740,2904,Hunter,BeastMastery,Pack Leader,DPS,US,Kings' Rest,11,1,1410.8,164701,0,307.0,2026-08-20,0,-1,1402.0,29.2,,
35740,2906,Monk,Windwalker,Shado-Pan,DPS,US,Kings' Rest,11,1,1410.8,147074,0,295.0,2026-08-20,0,-1,1402.0,29.2,,
35740,77179,Shaman,Elemental,Farseer,DPS,US,Kings' Rest,11,1,1410.8,149769,0,305.0,2026-08-20,0,-1,1402.0,29.2,,
85672,32985,Paladin,Protection,Templar,Tank,EU,Ruby Life Pools,10,1,912.4,117438,0,310.0,2026-08-23,0,-1,904.0,46.2,2,
85672,151028,Evoker,Preservation,Flameshaper,Healer,EU,Ruby Life Pools,10,1,912.4,56802,0,298.0,2026-08-23,0,-1,904.0,46.2,0,
85672,32987,Hunter,BeastMastery,Pack Leader,DPS,EU,Ruby Life Pools,10,1,912.4,258348,0,310.0,2026-08-23,0,-1,904.0,46.2,4,
85672,59977,Warrior,Arms,Slayer,DPS,EU,Ruby Life Pools,10,1,912.4,283153,0,310.0,2026-08-23,0,-1,904.0,46.2,4,
85672,103922,Mage,Arcane,Sunfury,DPS,EU,Ruby Life Pools,10,1,912.4,230788,0,305.0,2026-08-23,0,-1,904.0,46.2,,
31915,1290,DeathKnight,Blood,Deathbringer,Tank,US,Temple of Sethraliss,10,1,1123.6,116412,0,303.0,2026-08-20,0,-1,1120.0,41.7,,
31915,68775,Priest,Holy,Oracle,Healer,US,Temple of Sethraliss,10,1,1123.6,17040,0,301.0,2026-08-20,0,-1,1120.0,41.7,,
31915,1139,Warlock,Destruction,Diabolist,DPS,US,Temple of Sethraliss,10,1,1123.6,238283,0,308.0,2026-08-20,0,-1,1120.0,41.7,,
31915,3052,Warrior,Arms,Slayer,DPS,US,Temple of Sethraliss,10,1,1123.6,194892,1,309.0,2026-08-20,0,-1,1120.0,41.7,,
31915,10501,Rogue,Subtlety,Deathstalker,DPS,US,Temple of Sethraliss,10,1,1123.6,248614,0,308.0,2026-08-20,0,-1,1120.0,41.7,,
48837,45792,DeathKnight,Blood,Deathbringer,Tank,KR,Ruby Life Pools,13,1,1477.2,141126,0,305.0,2026-08-22,0,-1,,,,
48837,103318,Shaman,Restoration,Totemic,Healer,KR,Ruby Life Pools,13,1,1477.2,29600,0,307.0,2026-08-22,0,-1,,,,
48837,103319,Paladin,Retribution,Herald of the Sun,DPS,KR,Ruby Life Pools,13,1,1477.2,205984,0,308.0,2026-08-22,0,-1,,,,
48837,103320,Hunter,BeastMastery,Pack Leader,DPS,KR,Ruby Life Pools,13,1,1477.2,205489,1,304.0,2026-08-22,0,-1,,,,
48837,103321,Warrior,Arms,Slayer,DPS,KR,Ruby Life Pools,13,1,1477.2,244652,2,308.0,2026-08-22,0,-1,,,,
25019,55594,DeathKnight,Blood,San'layn,Tank,KR,Altar of Fangs,11,1,1145.0,164932,0,308.0,2026-08-21,0,-1,1137.0,36.9,,
25019,55595,Paladin,Holy,Lightsmith,Healer,KR,Altar of Fangs,11,1,1145.0,74225,0,308.0,2026-08-21,0,-1,1137.0,36.9,,
25019,55596,Mage,Arcane,Sunfury,DPS,KR,Altar of Fangs,11,1,1145.0,232745,0,306.0,2026-08-21,0,-1,1137.0,36.9,,
25019,55597,Priest,Shadow,Voidweaver,DPS,KR,Altar of Fangs,11,1,1145.0,236935,0,309.0,2026-08-21,0,-1,1137.0,36.9,,
25019,55598,DeathKnight,Unholy,Rider of the Apocalypse,DPS,KR,Altar of Fangs,11,1,1145.0,255690,0,301.0,2026-08-21,0,-1,1137.0,36.9,,
26699,41345,DeathKnight,Blood,San'layn,Tank,EU,Voidscar Arena,13,1,1616.8,97141,1,294.0,2026-08-21,0,-1,1653.0,8.2,,
26699,41346,Paladin,Holy,Lightsmith,Healer,EU,Voidscar Arena,13,1,1616.8,23675,0,307.0,2026-08-21,0,-1,1653.0,8.2,,
26699,41348,Mage,Arcane,Sunfury,DPS,EU,Voidscar Arena,13,1,1616.8,193618,1,307.0,2026-08-21,0,-1,1653.0,8.2,,
26699,41349,DeathKnight,Unholy,San'layn,DPS,EU,Voidscar Arena,13,1,1616.8,179187,1,303.0,2026-08-21,0,-1,1653.0,8.2,,
26699,54093,DemonHunter,Devourer,Annihilator,DPS,EU,Voidscar Arena,13,1,1616.8,162657,0,293.0,2026-08-21,0,-1,1653.0,8.2,,
53447,67892,Paladin,Protection,Lightsmith,Tank,EU,Altar of Fangs,10,1,1069.4,142088,0,310.0,2026-08-22,0,-1,1061.0,41.0,,
53447,13622,Paladin,Holy,Lightsmith,Healer,EU,Altar of Fangs,10,1,1069.4,75494,0,309.0,2026-08-22,0,-1,1061.0,41.0,,
53447,74063,Mage,Arcane,Sunfury,DPS,EU,Altar of Fangs,10,1,1069.4,271621,0,308.0,2026-08-22,0,-1,1061.0,41.0,,
53447,13625,DeathKnight,Unholy,Rider of the Apocalypse,DPS,EU,Altar of Fangs,10,1,1069.4,233721,0,300.0,2026-08-22,0,-1,1061.0,41.0,,
53447,69888,Warrior,Arms,Slayer,DPS,EU,Altar of Fangs,10,1,1069.4,239286,0,301.0,2026-08-22,0,-1,1061.0,41.0,,
77345,68944,DeathKnight,Blood,San'layn,Tank,CN,Temple of Sethraliss,16,1,1740.8,169691,0,311.0,2026-08-22,0,-1,1778.0,7.4,,
77345,55156,Paladin,Holy,Lightsmith,Healer,CN,Temple of Sethraliss,16,1,1740.8,44764,1,309.0,2026-08-22,0,-1,1778.0,7.4,,
77345,68945,Mage,Arcane,Sunfury,DPS,CN,Temple of Sethraliss,16,1,1740.8,256345,0,308.0,2026-08-22,0,-1,1778.0,7.4,,
77345,68947,Warrior,Arms,Slayer,DPS,CN,Temple of Sethraliss,16,1,1740.8,212798,2,309.0,2026-08-22,0,-1,1778.0,7.4,,
77345,68946,Shaman,Elemental,Farseer,DPS,CN,Temple of Sethraliss,16,1,1740.8,255616,0,300.0,2026-08-22,0,-1,1778.0,7.4,,
84654,11309,DeathKnight,Blood,San'layn,Tank,US,Murder Row,13,1,1585.1,145723,1,305.0,2026-08-23,0,-1,1681.0,17.6,0,
84654,11861,Priest,Holy,Oracle,Healer,US,Murder Row,13,1,1585.1,35986,1,304.0,2026-08-23,0,-1,1681.0,17.6,2,
84654,11862,Monk,Windwalker,Shado-Pan,DPS,US,Murder Row,13,1,1585.1,190597,2,309.0,2026-08-23,0,-1,1681.0,17.6,4,
84654,11312,Warrior,Arms,Slayer,DPS,US,Murder Row,13,1,1585.1,208798,2,306.0,2026-08-23,0,-1,1681.0,17.6,0,
84654,8638,Mage,Arcane,Sunfury,DPS,US,Murder Row,13,1,1585.1,263244,0,315.0,2026-08-23,0,-1,1681.0,17.6,5,
60856,130371,DeathKnight,Blood,San'layn,Tank,KR,Temple of Sethraliss,11,1,1263.7,132228,0,301.0,2026-08-23,0,-1,1265.0,34.1,,
60856,130372,Shaman,Restoration,Totemic,Healer,KR,Temple of Sethraliss,11,1,1263.7,15364,1,291.0,2026-08-23,0,-1,1265.0,34.1,,
60856,130373,Warrior,Arms,Slayer,DPS,KR,Temple of Sethraliss,11,1,1263.7,223081,1,304.0,2026-08-23,0,-1,1265.0,34.1,,
60856,130374,Paladin,Retribution,Herald of the Sun,DPS,KR,Temple of Sethraliss,11,1,1263.7,230505,0,302.0,2026-08-23,0,-1,1265.0,34.1,,
60856,130375,Rogue,Assassination,Deathstalker,DPS,KR,Temple of Sethraliss,11,1,1263.7,218897,0,300.0,2026-08-23,0,-1,1265.0,34.1,,
36657,79016,DeathKnight,Blood,San'layn,Tank,EU,Temple of Sethraliss,4,1,1003.8,89802,0,298.0,2026-08-21,0,-1,995.0,48.2,,
36657,79017,Paladin,Holy,Herald of the Sun,Healer,EU,Temple of Sethraliss,4,1,1003.8,11787,0,297.0,2026-08-21,0,-1,995.0,48.2,,
36657,79018,Shaman,Elemental,Farseer,DPS,EU,Temple of Sethraliss,4,1,1003.8,124876,0,297.0,2026-08-21,0,-1,995.0,48.2,,
36657,79019,Paladin,Retribution,Templar,DPS,EU,Temple of Sethraliss,4,1,1003.8,108623,0,297.0,2026-08-21,0,-1,995.0,48.2,,
36657,79020,Warrior,Arms,Slayer,DPS,EU,Temple of Sethraliss,4,1,1003.8,123365,1,285.0,2026-08-21,0,-1,995.0,48.2,,
55266,117246,Paladin,Protection,Unknown,Tank,EU,Altar of Fangs,9,1,1102.2,111219,0,289.0,2026-08-22,0,-1,,,,
55266,117247,Priest,Discipline,Unknown,Healer,EU,Altar of Fangs,9,1,1102.2,21870,0,297.0,2026-08-22,0,-1,,,,
55266,64116,Warrior,Arms,Unknown,DPS,EU,Altar of Fangs,9,1,1102.2,219709,0,305.0,2026-08-22,0,-1,,,,
55266,54233,Shaman,Elemental,Unknown,DPS,EU,Altar of Fangs,9,1,1102.2,288320,0,308.0,2026-08-22,0,-1,,,,
55266,117248,Warlock,Destruction,Unknown,DPS,EU,Altar of Fangs,9,1,1102.2,209530,0,298.0,2026-08-22,0,-1,,,,
36997,79707,Paladin,Protection,Templar,Tank,US,Voidscar Arena,11,1,1171.5,108158,0,299.0,2026-08-22,0,-1,1172.0,34.9,,
36997,49513,Priest,Discipline,Oracle,Healer,US,Voidscar Arena,11,1,1171.5,16944,0,299.0,2026-08-22,0,-1,1172.0,34.9,,
36997,79708,Paladin,Retribution,Templar,DPS,US,Voidscar Arena,11,1,1171.5,167166,1,304.0,2026-08-22,0,-1,1172.0,34.9,,
36997,2340,Evoker,Devastation,Scalecommander,DPS,US,Voidscar Arena,11,1,1171.5,226693,1,308.0,2026-08-22,0,-1,1172.0,34.9,,
36997,7103,Mage,Arcane,Sunfury,DPS,US,Voidscar Arena,11,1,1171.5,245450,0,307.0,2026-08-22,0,-1,1172.0,34.9,,2758
82154,72121,DeathKnight,Blood,San'layn,Tank,CN,Den of Nalorakk,13,1,1519.9,139212,0,313.0,2026-08-23,0,-1,1526.0,20.5,,
82154,116571,Paladin,Holy,Lightsmith,Healer,CN,Den of Nalorakk,13,1,1519.9,55614,0,308.0,2026-08-23,0,-1,1526.0,20.5,,
82154,72122,Shaman,Elemental,Farseer,DPS,CN,Den of Nalorakk,13,1,1519.9,218462,0,309.0,2026-08-23,0,-1,1526.0,20.5,,
82154,72124,Mage,Arcane,Sunfury,DPS,CN,Den of Nalorakk,13,1,1519.9,213521,0,307.0,2026-08-23,0,-1,1526.0,20.5,,
82154,146534,Warrior,Arms,Slayer,DPS,CN,Den of Nalorakk,13,1,1519.9,173670,1,303.0,2026-08-23,0,-1,1526.0,20.5,,
63565,136456,Paladin,Protection,Templar,Tank,EU,Den of Nalorakk,12,1,1527.5,80752,0,302.0,2026-08-22,0,-1,,,,
63565,136457,Evoker,Preservation,Flameshaper,Healer,EU,Den of Nalorakk,12,1,1527.5,27264,0,304.0,2026-08-22,0,-1,,,,
63565,114601,Warrior,Arms,Slayer,DPS,EU,Den of Nalorakk,12,1,1527.5,178732,0,311.0,2026-08-22,0,-1,,,,
63565,136458,DeathKnight,Unholy,Rider of the Apocalypse,DPS,EU,Den of Nalorakk,12,1,1527.5,169919,0,299.0,2026-08-22,0,-1,,,,
63565,47499,Shaman,Enhancement,Stormbringer,DPS,EU,Den of Nalorakk,12,1,1527.5,189480,0,297.0,2026-08-22,0,-1,,,,
12609,24746,DeathKnight,Blood,San'layn,Tank,US,Temple of Sethraliss,10,1,1323.9,86493,0,293.0,2026-08-19,0,-1,1335.0,30.5,,
12609,24747,Paladin,Holy,Herald of the Sun,Healer,US,Temple of Sethraliss,10,1,1323.9,27660,0,292.0,2026-08-19,0,-1,1335.0,30.5,,
12609,23710,Monk,Windwalker,Shado-Pan,DPS,US,Temple of Sethraliss,10,1,1323.9,176410,1,302.0,2026-08-19,0,-1,1335.0,30.5,,
12609,24748,Mage,Arcane,Sunfury,DPS,US,Temple of Sethraliss,10,1,1323.9,192333,2,295.0,2026-08-19,0,-1,1335.0,30.5,,
12609,1683,DemonHunter,Devourer,Void-Scarred,DPS,US,Temple of Sethraliss,10,1,1323.9,194601,1,297.0,2026-08-19,0,-1,1335.0,30.5,,2984
48850,83832,Warrior,Protection,Mountain Thane,Tank,US,Kings' Rest,5,1,1028.8,77149,0,292.0,2026-08-22,0,-1,,,,
48850,103346,Druid,Restoration,Wildstalker,Healer,US,Kings' Rest,5,1,1028.8,5102,0,297.0,2026-08-22,0,-1,,,,
48850,103347,Paladin,Retribution,Templar,DPS,US,Kings' Rest,5,1,1028.8,108649,1,296.0,2026-08-22,0,-1,,,,
48850,103060,Mage,Arcane,Sunfury,DPS,US,Kings' Rest,5,1,1028.8,98117,0,281.0,2026-08-22,0,-1,,,,
48850,103061,Shaman,Elemental,Farseer,DPS,US,Kings' Rest,5,1,1028.8,117739,0,295.0,2026-08-22,0,-1,,,,
29721,64287,DeathKnight,Blood,San'layn,Tank,EU,Altar of Fangs,10,1,1097.5,166582,0,300.0,2026-08-21,0,-1,1094.0,39.2,,
29721,28525,Monk,Mistweaver,Conduit of the Celestials,Healer,EU,Altar of Fangs,10,1,1097.5,56824,0,302.0,2026-08-21,0,-1,1094.0,39.2,,
29721,64288,Rogue,Assassination,Deathstalker,DPS,EU,Altar of Fangs,10,1,1097.5,279254,1,303.0,2026-08-21,0,-1,1094.0,39.2,,
29721,28528,Warlock,Demonology,Diabolist,DPS,EU,Altar of Fangs,10,1,1097.5,237123,0,298.0,2026-08-21,0,-1,1094.0,39.2,,
29721,28526,Warrior,Arms,Slayer,DPS,EU,Altar of Fangs,10,1,1097.5,262504,0,312.0,2026-08-21,0,-1,1094.0,39.2,,
7888,16572,DeathKnight,Blood,San'layn,Tank,EU,Temple of Sethraliss,11,1,1347.5,108314,0,295.0,2026-08-19,0,-1,1344.0,30.0,,
7888,16573,Monk,Mistweaver,Conduit of the Celestials,Healer,EU,Temple of Sethraliss,11,1,1347.5,43102,0,296.0,2026-08-19,0,-1,1344.0,30.0,,
7888,16574,Warlock,Demonology,Diabolist,DPS,EU,Temple of Sethraliss,11,1,1347.5,201192,1,293.0,2026-08-19,0,-1,1344.0,30.0,,
7888,15585,Rogue,Outlaw,Trickster,DPS,EU,Temple of Sethraliss,11,1,1347.5,250170,0,295.0,2026-08-19,0,-1,1344.0,30.0,,2791
7888,16575,Mage,Arcane,Sunfury,DPS,EU,Temple of Sethraliss,11,1,1347.5,183138,0,293.0,2026-08-19,0,-1,1344.0,30.0,,
28644,18491,DeathKnight,Blood,San'layn,Tank,EU,Murder Row,13,1,1770.6,117970,0,307.0,2026-08-21,0,-1,1837.0,10.0,,
28644,18492,Shaman,Restoration,Totemic,Healer,EU,Murder Row,13,1,1770.6,23436,0,301.0,2026-08-21,0,-1,1837.0,10.0,,
28644,24202,Warrior,Arms,Slayer,DPS,EU,Murder Row,13,1,1770.6,209358,2,301.0,2026-08-21,0,-1,1837.0,10.0,,
28644,18494,Druid,Feral,Druid of the Claw,DPS,EU,Murder Row,13,1,1770.6,178328,2,296.0,2026-08-21,0,-1,1837.0,10.0,,
28644,53286,DemonHunter,Havoc,Fel-Scarred,DPS,EU,Murder Row,13,1,1770.6,203006,1,301.0,2026-08-21,0,-1,1837.0,10.0,,
3676,7133,DeathKnight,Blood,Deathbringer,Tank,US,Voidscar Arena,10,1,1449.7,90606,0,293.0,2026-08-18,0,-1,1466.0,18.5,,3197
3676,7134,Shaman,Restoration,Totemic,Healer,US,Voidscar Arena,10,1,1449.7,24471,0,299.0,2026-08-18,0,-1,1466.0,18.5,,
3676,7137,Priest,Shadow,Archon,DPS,US,Voidscar Arena,10,1,1449.7,163557,0,295.0,2026-08-18,0,-1,1466.0,18.5,,
3676,7136,Rogue,Assassination,Deathstalker,DPS,US,Voidscar Arena,10,1,1449.7,200307,1,292.0,2026-08-18,0,-1,1466.0,18.5,,
3676,7135,Hunter,BeastMastery,Pack Leader,DPS,US,Voidscar Arena,10,1,1449.7,150683,4,294.0,2026-08-18,0,-1,1466.0,18.5,,
51156,108644,Druid,Guardian,Elune's Chosen,Tank,US,Kings' Rest,5,1,1122.5,57808,0,292.0,2026-08-22,0,-1,,,,
51156,108645,Monk,Mistweaver,Master of Harmony,Healer,US,Kings' Rest,5,1,1122.5,45965,0,305.0,2026-08-22,0,-1,,,,
51156,108646,Warlock,Affliction,Soul Harvester,DPS,US,Kings' Rest,5,1,1122.5,104831,0,289.0,2026-08-22,0,-1,,,,
51156,108647,Mage,Arcane,Sunfury,DPS,US,Kings' Rest,5,1,1122.5,85032,1,288.0,2026-08-22,0,-1,,,,
51156,108648,Mage,Frost,Spellslinger,DPS,US,Kings' Rest,5,1,1122.5,76740,0,295.0,2026-08-22,0,-1,,,,
30055,2574,DeathKnight,Blood,Unknown,Tank,US,Temple of Sethraliss,13,1,1633.2,111323,0,299.0,2026-08-22,0,-1,1700.0,11.5,,
30055,17390,Monk,Mistweaver,Unknown,Healer,US,Temple of Sethraliss,13,1,1633.2,55315,0,303.0,2026-08-22,0,-1,1700.0,11.5,,
30055,60977,Paladin,Retribution,Unknown,DPS,US,Temple of Sethraliss,13,1,1633.2,231554,2,312.0,2026-08-22,0,-1,1700.0,11.5,,
30055,48265,Shaman,Enhancement,Unknown,DPS,US,Temple of Sethraliss,13,1,1633.2,206189,2,303.0,2026-08-22,0,-1,1700.0,11.5,,
30055,60978,Warrior,Arms,Unknown,DPS,US,Temple of Sethraliss,13,1,1633.2,178867,1,307.0,2026-08-22,0,-1,1700.0,11.5,,
59698,127775,Druid,Guardian,Elune's Chosen,Tank,EU,Altar of Fangs,7,1,1001.7,84866,0,277.0,2026-08-23,0,-1,994.0,44.8,,
59698,127776,Shaman,Restoration,Totemic,Healer,EU,Altar of Fangs,7,1,1001.7,31970,0,302.0,2026-08-23,0,-1,994.0,44.8,,
59698,127777,Warrior,Arms,Slayer,DPS,EU,Altar of Fangs,7,1,1001.7,217612,0,301.0,2026-08-23,0,-1,994.0,44.8,,
59698,127778,Mage,Arcane,Sunfury,DPS,EU,Altar of Fangs,7,1,1001.7,242276,0,293.0,2026-08-23,0,-1,994.0,44.8,,
59698,127779,Priest,Shadow,Archon,DPS,EU,Altar of Fangs,7,1,1001.7,218107,0,309.0,2026-08-23,0,-1,994.0,44.8,,
6828,2878,DeathKnight,Blood,Deathbringer,Tank,US,Ruby Life Pools,11,1,1371.5,111241,0,296.0,2026-08-19,0,-1,1373.0,18.3,,
6828,14635,Shaman,Restoration,Totemic,Healer,US,Ruby Life Pools,11,1,1371.5,25767,1,287.0,2026-08-19,0,-1,1373.0,18.3,,
6828,14636,Druid,Balance,Elune's Chosen,DPS,US,Ruby Life Pools,11,1,1371.5,169967,0,297.0,2026-08-19,0,-1,1373.0,18.3,,
6828,7676,Mage,Arcane,Sunfury,DPS,US,Ruby Life Pools,11,1,1371.5,185346,1,294.0,2026-08-19,0,-1,1373.0,18.3,,
6828,2293,Mage,Arcane,Sunfury,DPS,US,Ruby Life Pools,11,1,1371.5,196678,0,299.0,2026-08-19,0,-1,1373.0,18.3,,
5536,10291,Druid,Guardian,Elune's Chosen,Tank,US,Den of Nalorakk,10,1,1622.2,80338,0,291.0,2026-08-18,0,-1,1634.0,14.9,,
5536,10292,Priest,Discipline,Oracle,Healer,US,Den of Nalorakk,10,1,1622.2,15674,1,292.0,2026-08-18,0,-1,1634.0,14.9,,
5536,10294,Paladin,Retribution,Templar,DPS,US,Den of Nalorakk,10,1,1622.2,132533,0,294.0,2026-08-18,0,-1,1634.0,14.9,,
5536,5837,Mage,Arcane,Sunfury,DPS,US,Den of Nalorakk,10,1,1622.2,155492,2,295.0,2026-08-18,0,-1,1634.0,14.9,,2786
5536,10293,Hunter,BeastMastery,Pack Leader,DPS,US,Den of Nalorakk,10,1,1622.2,126291,1,296.0,2026-08-18,0,-1,1634.0,14.9,,
57074,121035,DeathKnight,Blood,San'layn,Tank,US,Altar of Fangs,7,1,1075.2,123925,0,291.0,2026-08-23,0,-1,1067.0,40.7,,
57074,121468,Monk,Mistweaver,Conduit of the Celestials,Healer,US,Altar of Fangs,7,1,1075.2,47754,0,299.0,2026-08-23,0,-1,1067.0,40.7,,
57074,121469,Shaman,Elemental,Farseer,DPS,US,Altar of Fangs,7,1,1075.2,213288,0,301.0,2026-08-23,0,-1,1067.0,40.7,,
57074,87709,Druid,Balance,Elune's Chosen,DPS,US,Altar of Fangs,7,1,1075.2,191154,0,296.0,2026-08-23,0,-1,1067.0,40.7,,
57074,121470,Warrior,Arms,Slayer,DPS,US,Altar of Fangs,7,1,1075.2,169787,0,300.0,2026-08-23,0,-1,1067.0,40.7,,
72325,141706,DeathKnight,Blood,San'layn,Tank,EU,Altar of Fangs,13,1,1528.4,132888,0,305.0,2026-08-23,0,-1,1535.0,14.7,,
72325,65521,Priest,Holy,Oracle,Healer,EU,Altar of Fangs,13,1,1528.4,32523,0,307.0,2026-08-23,0,-1,1535.0,14.7,,
72325,65522,Warrior,Arms,Slayer,DPS,EU,Altar of Fangs,13,1,1528.4,237690,0,311.0,2026-08-23,0,-1,1535.0,14.7,,
72325,18681,Rogue,Outlaw,Trickster,DPS,EU,Altar of Fangs,13,1,1528.4,282531,0,313.0,2026-08-23,0,-1,1535.0,14.7,,
72325,141707,Shaman,Elemental,Farseer,DPS,EU,Altar of Fangs,13,1,1528.4,217665,0,310.0,2026-08-23,0,-1,1535.0,14.7,,
20446,45453,Warrior,Protection,Mountain Thane,Tank,US,Kings' Rest,4,1,1191.3,50183,0,286.0,2026-08-19,0,-1,1183.0,40.3,,
20446,45454,Paladin,Holy,Herald of the Sun,Healer,US,Kings' Rest,4,1,1191.3,12935,1,285.0,2026-08-19,0,-1,1183.0,40.3,,
20446,45455,DemonHunter,Devourer,Void-Scarred,DPS,US,Kings' Rest,4,1,1191.3,82410,0,295.0,2026-08-19,0,-1,1183.0,40.3,,
20446,45456,Warlock,Demonology,Diabolist,DPS,US,Kings' Rest,4,1,1191.3,80354,1,294.0,2026-08-19,0,-1,1183.0,40.3,,
20446,45457,Hunter,BeastMastery,Pack Leader,DPS,US,Kings' Rest,4,1,1191.3,106103,0,286.0,2026-08-19,0,-1,1183.0,40.3,,
42795,90124,DeathKnight,Blood,Deathbringer,Tank,US,Voidscar Arena,3,1,1066.1,74077,0,295.0,2026-08-20,0,-1,1058.0,41.2,,
42795,90125,Monk,Mistweaver,Master of Harmony,Healer,US,Voidscar Arena,3,1,1066.1,30026,0,285.0,2026-08-20,0,-1,1058.0,41.2,,
42795,90126,DeathKnight,Frost,Deathbringer,DPS,US,Voidscar Arena,3,1,1066.1,89413,1,296.0,2026-08-20,0,-1,1058.0,41.2,,
42795,90127,Shaman,Elemental,Farseer,DPS,US,Voidscar Arena,3,1,1066.1,122272,0,289.0,2026-08-20,0,-1,1058.0,41.2,,
42795,90128,DemonHunter,Devourer,Void-Scarred,DPS,US,Voidscar Arena,3,1,1066.1,96262,1,292.0,2026-08-20,0,-1,1058.0,41.2,,
26209,12726,Paladin,Protection,Lightsmith,Tank,EU,Voidscar Arena,10,1,1068.3,106991,1,296.0,2026-08-20,0,-1,1065.0,40.8,,
26209,14633,Paladin,Holy,Herald of the Sun,Healer,EU,Voidscar Arena,10,1,1068.3,19815,0,300.0,2026-08-20,0,-1,1065.0,40.8,,
26209,12729,Warrior,Arms,Slayer,DPS,EU,Voidscar Arena,10,1,1068.3,189125,0,299.0,2026-08-20,0,-1,1065.0,40.8,,
26209,14634,Evoker,Devastation,Scalecommander,DPS,EU,Voidscar Arena,10,1,1068.3,199377,0,303.0,2026-08-20,0,-1,1065.0,40.8,,
26209,12728,Mage,Arcane,Sunfury,DPS,EU,Voidscar Arena,10,1,1068.3,223993,0,301.0,2026-08-20,0,-1,1065.0,40.8,,
45381,63978,Paladin,Protection,Templar,Tank,EU,The Blinding Vale,9,1,1123.8,98042,0,306.0,2026-08-22,0,-1,,,,
45381,95630,Druid,Restoration,Wildstalker,Healer,EU,The Blinding Vale,9,1,1123.8,6399,0,301.0,2026-08-22,0,-1,,,,
45381,87083,Shaman,Elemental,Farseer,DPS,EU,The Blinding Vale,9,1,1123.8,253925,1,303.0,2026-08-22,0,-1,,,,
45381,95631,Paladin,Retribution,Templar,DPS,EU,The Blinding Vale,9,1,1123.8,222942,0,304.0,2026-08-22,0,-1,,,,
45381,95632,Warlock,Demonology,Diabolist,DPS,EU,The Blinding Vale,9,1,1123.8,185693,0,295.0,2026-08-22,0,-1,,,,
45582,65449,DeathKnight,Blood,Unknown,Tank,US,Den of Nalorakk,10,1,1229.5,116180,0,307.0,2026-08-22,0,-1,,,,
45582,7022,Shaman,Restoration,Unknown,Healer,US,Den of Nalorakk,10,1,1229.5,16224,0,310.0,2026-08-22,0,-1,,,,
45582,5533,Warrior,Arms,Unknown,DPS,US,Den of Nalorakk,10,1,1229.5,161618,0,301.0,2026-08-22,0,-1,,,,
45582,96104,Warlock,Demonology,Unknown,DPS,US,Den of Nalorakk,10,1,1229.5,166315,0,292.0,2026-08-22,0,-1,,,,
45582,5535,Mage,Arcane,Unknown,DPS,US,Den of Nalorakk,10,1,1229.5,225366,0,308.0,2026-08-22,0,-1,,,,
4367,9160,Paladin,Protection,Lightsmith,Tank,US,Altar of Fangs,10,1,1605.3,114201,1,301.0,2026-08-19,0,-1,1612.0,10.5,,
4367,5642,Paladin,Holy,Herald of the Sun,Healer,US,Altar of Fangs,10,1,1605.3,20827,1,297.0,2026-08-19,0,-1,1612.0,10.5,,
4367,9890,Monk,Windwalker,Shado-Pan,DPS,US,Altar of Fangs,10,1,1605.3,158000,0,291.0,2026-08-19,0,-1,1612.0,10.5,,
4367,9891,Rogue,Outlaw,Trickster,DPS,US,Altar of Fangs,10,1,1605.3,143184,1,288.0,2026-08-19,0,-1,1612.0,10.5,,
4367,2835,Warrior,Arms,Slayer,DPS,US,Altar of Fangs,10,1,1605.3,238566,0,296.0,2026-08-19,0,-1,1612.0,10.5,,2920
63543,68514,Paladin,Protection,Lightsmith,Tank,EU,Murder Row,10,1,1210.1,119657,0,305.0,2026-08-23,0,-1,1207.0,40.8,,
63543,136429,Druid,Restoration,Wildstalker,Healer,EU,Murder Row,10,1,1210.1,10723,0,295.0,2026-08-23,0,-1,1207.0,40.8,,
63543,73156,Mage,Arcane,Sunfury,DPS,EU,Murder Row,10,1,1210.1,232758,0,309.0,2026-08-23,0,-1,1207.0,40.8,,
63543,30311,Hunter,Marksmanship,Sentinel,DPS,EU,Murder Row,10,1,1210.1,210106,0,304.0,2026-08-23,0,-1,1207.0,40.8,,
63543,136430,Warrior,Arms,Slayer,DPS,EU,Murder Row,10,1,1210.1,186721,1,307.0,2026-08-23,0,-1,1207.0,40.8,,
82603,23902,DeathKnight,Blood,San'layn,Tank,EU,Kings' Rest,14,1,1713.6,99647,0,303.0,2026-08-21,0,-1,1750.0,11.6,,
82603,19025,Shaman,Restoration,Totemic,Healer,EU,Kings' Rest,14,1,1713.6,34647,0,305.0,2026-08-21,0,-1,1750.0,11.6,,
82603,23906,Warrior,Arms,Slayer,DPS,EU,Kings' Rest,14,1,1713.6,164121,0,301.0,2026-08-21,0,-1,1750.0,11.6,,
82603,17744,DemonHunter,Devourer,Void-Scarred,DPS,EU,Kings' Rest,14,1,1713.6,152987,2,309.0,2026-08-21,0,-1,1750.0,11.6,,
82603,75333,Mage,Arcane,Sunfury,DPS,EU,Kings' Rest,14,1,1713.6,168383,1,305.0,2026-08-21,0,-1,1750.0,11.6,,
72757,60022,Paladin,Protection,Lightsmith,Tank,EU,Kings' Rest,14,1,1772.9,99291,1,308.0,2026-08-23,0,-1,,,,
72757,83444,Paladin,Holy,Herald of the Sun,Healer,EU,Kings' Rest,14,1,1772.9,19687,2,306.0,2026-08-23,0,-1,,,,
72757,124069,Warrior,Arms,Slayer,DPS,EU,Kings' Rest,14,1,1772.9,165338,1,308.0,2026-08-23,0,-1,,,,
72757,49350,Mage,Arcane,Sunfury,DPS,EU,Kings' Rest,14,1,1772.9,165895,2,305.0,2026-08-23,0,-1,,,,
72757,82512,Shaman,Elemental,Farseer,DPS,EU,Kings' Rest,14,1,1772.9,170283,1,308.0,2026-08-23,0,-1,,,,
56192,26556,DeathKnight,Blood,San'layn,Tank,EU,Altar of Fangs,10,1,1086.4,155302,0,306.0,2026-08-23,0,-1,1077.0,40.1,,
56192,117600,Shaman,Restoration,Totemic,Healer,EU,Altar of Fangs,10,1,1086.4,23071,0,306.0,2026-08-23,0,-1,1077.0,40.1,,
56192,40555,Paladin,Retribution,Templar,DPS,EU,Altar of Fangs,10,1,1086.4,267490,0,309.0,2026-08-23,0,-1,1077.0,40.1,,
56192,28316,Mage,Arcane,Sunfury,DPS,EU,Altar of Fangs,10,1,1086.4,233554,0,304.0,2026-08-23,0,-1,1077.0,40.1,,
56192,119060,Rogue,Subtlety,Trickster,DPS,EU,Altar of Fangs,10,1,1086.4,300491,0,301.0,2026-08-23,0,-1,1077.0,40.1,,
58030,59874,Paladin,Protection,Lightsmith,Tank,CN,Temple of Sethraliss,11,1,1241.1,113403,0,301.0,2026-08-23,0,-1,1233.0,35.8,,
58030,59875,Priest,Holy,Oracle,Healer,CN,Temple of Sethraliss,11,1,1241.1,29698,0,302.0,2026-08-23,0,-1,1233.0,35.8,,
58030,59877,Warlock,Demonology,Diabolist,DPS,CN,Temple of Sethraliss,11,1,1241.1,239908,0,308.0,2026-08-23,0,-1,1233.0,35.8,,
58030,59876,Mage,Arcane,Sunfury,DPS,CN,Temple of Sethraliss,11,1,1241.1,216302,0,299.0,2026-08-23,0,-1,1233.0,35.8,,
58030,123589,DeathKnight,Unholy,San'layn,DPS,CN,Temple of Sethraliss,11,1,1241.1,193714,0,299.0,2026-08-23,0,-1,1233.0,35.8,,
802,2803,Warrior,Protection,Mountain Thane,Tank,US,Den of Nalorakk,10,1,1353.2,119674,0,295.0,2026-08-18,0,-1,1355.0,29.4,,2702
802,2804,Paladin,Holy,Herald of the Sun,Healer,US,Den of Nalorakk,10,1,1353.2,5283,0,293.0,2026-08-18,0,-1,1355.0,29.4,,2570
802,2805,Warrior,Arms,Slayer,DPS,US,Den of Nalorakk,10,1,1353.2,182532,0,295.0,2026-08-18,0,-1,1355.0,29.4,,2685
802,2806,Hunter,Marksmanship,Sentinel,DPS,US,Den of Nalorakk,10,1,1353.2,172621,2,292.0,2026-08-18,0,-1,1355.0,29.4,,2747
802,2807,DemonHunter,Devourer,Annihilator,DPS,US,Den of Nalorakk,10,1,1353.2,187864,0,295.0,2026-08-18,0,-1,1355.0,29.4,,2684
23371,51645,DeathKnight,Blood,Deathbringer,Tank,EU,Temple of Sethraliss,7,1,1172.0,87536,0,296.0,2026-08-19,0,-1,1164.0,39.4,,
23371,51646,Paladin,Holy,Herald of the Sun,Healer,EU,Temple of Sethraliss,7,1,1172.0,14178,0,291.0,2026-08-19,0,-1,1164.0,39.4,,
23371,51647,DeathKnight,Frost,Deathbringer,DPS,EU,Temple of Sethraliss,7,1,1172.0,117414,0,293.0,2026-08-19,0,-1,1164.0,39.4,,
23371,51648,Shaman,Elemental,Farseer,DPS,EU,Temple of Sethraliss,7,1,1172.0,179543,0,291.0,2026-08-19,0,-1,1164.0,39.4,,
23371,51649,Druid,Balance,Elune's Chosen,DPS,EU,Temple of Sethraliss,7,1,1172.0,187899,0,297.0,2026-08-19,0,-1,1164.0,39.4,,
46327,97780,Monk,Brewmaster,Shado-Pan,Tank,EU,Voidscar Arena,4,1,1048.6,51750,0,284.0,2026-08-22,0,-1,,,,
46327,95881,Priest,Holy,Oracle,Healer,EU,Voidscar Arena,4,1,1048.6,22141,0,287.0,2026-08-22,0,-1,,,,
46327,95882,Warrior,Arms,Slayer,DPS,EU,Voidscar Arena,4,1,1048.6,106926,0,291.0,2026-08-22,0,-1,,,,
46327,97781,Warlock,Demonology,Diabolist,DPS,EU,Voidscar Arena,4,1,1048.6,109691,0,293.0,2026-08-22,0,-1,,,,
46327,97782,DemonHunter,Devourer,Annihilator,DPS,EU,Voidscar Arena,4,1,1048.6,104883,0,290.0,2026-08-22,0,-1,,,,
87692,154302,Paladin,Protection,Lightsmith,Tank,US,Murder Row,6,1,1227.4,44458,0,298.0,2026-08-24,0,-1,1224.0,40.0,,
87692,116981,Shaman,Restoration,Totemic,Healer,US,Murder Row,6,1,1227.4,24151,0,295.0,2026-08-24,0,-1,1224.0,40.0,,
87692,154303,Mage,Arcane,Sunfury,DPS,US,Murder Row,6,1,1227.4,135390,0,298.0,2026-08-24,0,-1,1224.0,40.0,,
87692,5621,Paladin,Retribution,Herald of the Sun,DPS,US,Murder Row,6,1,1227.4,165450,0,310.0,2026-08-24,0,-1,1224.0,40.0,2,
87692,154304,Shaman,Enhancement,Stormbringer,DPS,US,Murder Row,6,1,1227.4,114221,1,298.0,2026-08-24,0,-1,1224.0,40.0,,
68278,15004,Monk,Brewmaster,Master of Harmony,Tank,US,Den of Nalorakk,16,1,1607.7,126934,0,302.0,2026-08-22,0,-1,1599.0,16.7,,
68278,4695,Shaman,Restoration,Totemic,Healer,US,Den of Nalorakk,16,1,1607.7,42854,0,307.0,2026-08-22,0,-1,1599.0,16.7,,3436
68278,4696,Druid,Feral,Druid of the Claw,DPS,US,Den of Nalorakk,16,1,1607.7,251870,0,301.0,2026-08-22,0,-1,1599.0,16.7,,3436
68278,6089,Rogue,Outlaw,Trickster,DPS,US,Den of Nalorakk,16,1,1607.7,274603,0,303.0,2026-08-22,0,-1,1599.0,16.7,,3396
68278,56305,Warrior,Arms,Slayer,DPS,US,Den of Nalorakk,16,1,1607.7,264858,0,306.0,2026-08-22,0,-1,1599.0,16.7,,
2199,865,DeathKnight,Blood,San'layn,Tank,US,Den of Nalorakk,11,1,1545.2,75775,0,294.0,2026-08-18,0,-1,1557.0,18.9,,2697
2199,5269,Priest,Discipline,Oracle,Healer,US,Den of Nalorakk,11,1,1545.2,18980,0,294.0,2026-08-18,0,-1,1557.0,18.9,,
2199,867,Mage,Arcane,Sunfury,DPS,US,Den of Nalorakk,11,1,1545.2,152147,1,295.0,2026-08-18,0,-1,1557.0,18.9,,
2199,869,Warrior,Arms,Slayer,DPS,US,Den of Nalorakk,11,1,1545.2,152909,1,294.0,2026-08-18,0,-1,1557.0,18.9,,2706
2199,868,Priest,Shadow,Voidweaver,DPS,US,Den of Nalorakk,11,1,1545.2,176077,2,293.0,2026-08-18,0,-1,1557.0,18.9,,2745
76493,102251,DeathKnight,Blood,Deathbringer,Tank,CN,Den of Nalorakk,13,1,1490.8,105641,0,304.0,2026-08-23,0,-1,1483.0,22.8,,
76493,55669,Shaman,Restoration,Totemic,Healer,CN,Den of Nalorakk,13,1,1490.8,41199,0,309.0,2026-08-23,0,-1,1483.0,22.8,,
76493,103420,Mage,Arcane,Sunfury,DPS,CN,Den of Nalorakk,13,1,1490.8,223880,0,305.0,2026-08-23,0,-1,1483.0,22.8,,
76493,105561,Warrior,Arms,Slayer,DPS,CN,Den of Nalorakk,13,1,1490.8,168962,0,309.0,2026-08-23,0,-1,1483.0,22.8,,
76493,83573,Paladin,Retribution,Herald of the Sun,DPS,CN,Den of Nalorakk,13,1,1490.8,219664,0,310.0,2026-08-23,0,-1,1483.0,22.8,,
31288,67189,Druid,Guardian,Elune's Chosen,Tank,US,Temple of Sethraliss,11,1,1272.8,81150,0,291.0,2026-08-20,0,-1,1274.0,33.7,,
31288,67190,Evoker,Preservation,Chronowarden,Healer,US,Temple of Sethraliss,11,1,1272.8,15711,1,305.0,2026-08-20,0,-1,1274.0,33.7,,
31288,10883,Shaman,Elemental,Farseer,DPS,US,Temple of Sethraliss,11,1,1272.8,240375,1,304.0,2026-08-20,0,-1,1274.0,33.7,,
31288,67191,Hunter,Survival,Sentinel,DPS,US,Temple of Sethraliss,11,1,1272.8,218188,0,304.0,2026-08-20,0,-1,1274.0,33.7,,
31288,17216,Warrior,Arms,Slayer,DPS,US,Temple of Sethraliss,11,1,1272.8,237516,0,308.0,2026-08-20,0,-1,1274.0,33.7,,
57352,54483,DemonHunter,Vengeance,Annihilator,Tank,CN,Murder Row,10,1,1193.0,117142,0,309.0,2026-08-23,0,-1,,,,
57352,54484,Paladin,Holy,Lightsmith,Healer,CN,Murder Row,10,1,1193.0,60010,0,303.0,2026-08-23,0,-1,,,,
57352,122091,Mage,Arcane,Sunfury,DPS,CN,Murder Row,10,1,1193.0,196035,0,304.0,2026-08-23,0,-1,,,,
57352,122092,Warrior,Arms,Slayer,DPS,CN,Murder Row,10,1,1193.0,180603,0,305.0,2026-08-23,0,-1,,,,
57352,54485,Priest,Shadow,Voidweaver,DPS,CN,Murder Row,10,1,1193.0,240506,0,311.0,2026-08-23,0,-1,,,,
46032,97070,Paladin,Protection,Lightsmith,Tank,CN,Kings' Rest,5,1,1194.4,44859,0,287.0,2026-08-22,0,-1,,,,
46032,97071,Priest,Holy,Oracle,Healer,CN,Kings' Rest,5,1,1194.4,14278,0,293.0,2026-08-22,0,-1,,,,
46032,97072,Mage,Arcane,Sunfury,DPS,CN,Kings' Rest,5,1,1194.4,112437,0,290.0,2026-08-22,0,-1,,,,
46032,97073,Warrior,Arms,Slayer,DPS,CN,Kings' Rest,5,1,1194.4,95115,0,285.0,2026-08-22,0,-1,,,,
46032,97074,Mage,Arcane,Sunfury,DPS,CN,Kings' Rest,5,1,1194.4,90115,0,286.0,2026-08-22,0,-1,,,,
9283,18296,DeathKnight,Blood,Deathbringer,Tank,EU,Temple of Sethraliss,11,1,1551.1,90263,0,291.0,2026-08-19,0,-1,1562.0,18.6,,
9283,18297,Monk,Mistweaver,Conduit of the Celestials,Healer,EU,Temple of Sethraliss,11,1,1551.1,49238,0,296.0,2026-08-19,0,-1,1562.0,18.6,,
9283,18299,Warlock,Demonology,Diabolist,DPS,EU,Temple of Sethraliss,11,1,1551.1,193221,3,293.0,2026-08-19,0,-1,1562.0,18.6,,
9283,18300,Mage,Arcane,Sunfury,DPS,EU,Temple of Sethraliss,11,1,1551.1,166250,0,298.0,2026-08-19,0,-1,1562.0,18.6,,
9283,16113,Hunter,Marksmanship,Sentinel,DPS,EU,Temple of Sethraliss,11,1,1551.1,173224,1,292.0,2026-08-19,0,-1,1562.0,18.6,,
34715,75159,Paladin,Protection,Lightsmith,Tank,US,Murder Row,13,1,1836.2,109098,0,308.0,2026-08-22,0,-1,1858.0,8.9,,
34715,19783,Shaman,Restoration,Totemic,Healer,US,Murder Row,13,1,1836.2,35209,0,308.0,2026-08-22,0,-1,1858.0,8.9,,
34715,75160,Paladin,Retribution,Templar,DPS,US,Murder Row,13,1,1836.2,174273,0,304.0,2026-08-22,0,-1,1858.0,8.9,,
34715,42870,Warrior,Fury,Mountain Thane,DPS,US,Murder Row,13,1,1836.2,152868,0,304.0,2026-08-22,0,-1,1858.0,8.9,,
34715,75161,Rogue,Assassination,Deathstalker,DPS,US,Murder Row,13,1,1836.2,214988,2,302.0,2026-08-22,0,-1,1858.0,8.9,,
70027,24593,Paladin,Protection,Lightsmith,Tank,EU,Ruby Life Pools,13,1,1426.1,115055,0,304.0,2026-08-21,0,-1,1418.0,15.6,,
70027,14918,Shaman,Restoration,Totemic,Healer,EU,Ruby Life Pools,13,1,1426.1,44688,0,307.0,2026-08-21,0,-1,1418.0,15.6,,
70027,140239,Warrior,Arms,Slayer,DPS,EU,Ruby Life Pools,13,1,1426.1,220301,0,304.0,2026-08-21,0,-1,1418.0,15.6,,
70027,65587,Priest,Shadow,Archon,DPS,EU,Ruby Life Pools,13,1,1426.1,200707,0,309.0,2026-08-21,0,-1,1418.0,15.6,,
70027,18923,DeathKnight,Unholy,Rider of the Apocalypse,DPS,EU,Ruby Life Pools,13,1,1426.1,185101,0,305.0,2026-08-21,0,-1,1418.0,15.6,,
81054,10808,DeathKnight,Blood,San'layn,Tank,US,Temple of Sethraliss,14,1,1682.4,122840,0,310.0,2026-08-23,0,-1,1704.0,11.3,,
81054,6949,Shaman,Restoration,Totemic,Healer,US,Temple of Sethraliss,14,1,1682.4,29479,0,307.0,2026-08-23,0,-1,1704.0,11.3,,
81054,44037,Druid,Feral,Druid of the Claw,DPS,US,Temple of Sethraliss,14,1,1682.4,214468,0,307.0,2026-08-23,0,-1,1704.0,11.3,,
81054,23607,Shaman,Enhancement,Stormbringer,DPS,US,Temple of Sethraliss,14,1,1682.4,246614,0,308.0,2026-08-23,0,-1,1704.0,11.3,,
81054,63073,Rogue,Outlaw,Trickster,DPS,US,Temple of Sethraliss,14,1,1682.4,182544,2,302.0,2026-08-23,0,-1,1704.0,11.3,,
13881,27530,Warrior,Protection,Mountain Thane,Tank,US,Ruby Life Pools,9,1,1108.2,132289,0,293.0,2026-08-19,0,-1,1110.0,33.9,,
13881,21585,Shaman,Restoration,Totemic,Healer,US,Ruby Life Pools,9,1,1108.2,14445,0,290.0,2026-08-19,0,-1,1110.0,33.9,,
13881,27915,Hunter,BeastMastery,Pack Leader,DPS,US,Ruby Life Pools,9,1,1108.2,209328,0,294.0,2026-08-19,0,-1,1110.0,33.9,,
13881,21586,Warrior,Arms,Slayer,DPS,US,Ruby Life Pools,9,1,1108.2,188511,2,295.0,2026-08-19,0,-1,1110.0,33.9,,
13881,21588,Rogue,Outlaw,Trickster,DPS,US,Ruby Life Pools,9,1,1108.2,202792,0,290.0,2026-08-19,0,-1,1110.0,33.9,,
31970,5933,DeathKnight,Blood,San'layn,Tank,US,Kings' Rest,13,1,1803.1,82535,0,306.0,2026-08-20,0,-1,1824.0,7.9,,
31970,17330,Shaman,Restoration,Totemic,Healer,US,Kings' Rest,13,1,1803.1,16323,0,295.0,2026-08-20,0,-1,1824.0,7.9,,
31970,6272,Paladin,Retribution,Templar,DPS,US,Kings' Rest,13,1,1803.1,148513,0,305.0,2026-08-20,0,-1,1824.0,7.9,,3209
31970,3802,Druid,Feral,Druid of the Claw,DPS,US,Kings' Rest,13,1,1803.1,141635,2,298.0,2026-08-20,0,-1,1824.0,7.9,,
31970,5211,Rogue,Outlaw,Trickster,DPS,US,Kings' Rest,13,1,1803.1,165904,0,303.0,2026-08-20,0,-1,1824.0,7.9,,3327
65743,137788,Druid,Guardian,Elune's Chosen,Tank,EU,Voidscar Arena,13,1,1485.4,127346,1,308.0,2026-08-23,0,-1,1537.0,14.6,,
65743,107820,Shaman,Restoration,Totemic,Healer,EU,Voidscar Arena,13,1,1485.4,26680,1,299.0,2026-08-23,0,-1,1537.0,14.6,,
65743,16346,Evoker,Devastation,Scalecommander,DPS,EU,Voidscar Arena,13,1,1485.4,222744,1,311.0,2026-08-23,0,-1,1537.0,14.6,,2979
65743,107821,Mage,Arcane,Sunfury,DPS,EU,Voidscar Arena,13,1,1485.4,223672,0,303.0,2026-08-23,0,-1,1537.0,14.6,,
65743,137789,Paladin,Retribution,Herald of the Sun,DPS,EU,Voidscar Arena,13,1,1485.4,191032,1,303.0,2026-08-23,0,-1,1537.0,14.6,,
72739,52128,DeathKnight,Blood,San'layn,Tank,EU,Temple of Sethraliss,15,1,1718.4,141085,1,307.0,2026-08-22,0,-1,1785.0,7.0,,
72739,37978,Paladin,Holy,Herald of the Sun,Healer,EU,Temple of Sethraliss,15,1,1718.4,34297,0,310.0,2026-08-22,0,-1,1785.0,7.0,,
72739,67574,Mage,Arcane,Sunfury,DPS,EU,Temple of Sethraliss,15,1,1718.4,235753,3,308.0,2026-08-22,0,-1,1785.0,7.0,,
72739,66965,DeathKnight,Unholy,San'layn,DPS,EU,Temple of Sethraliss,15,1,1718.4,231806,0,307.0,2026-08-22,0,-1,1785.0,7.0,,
72739,14854,Paladin,Retribution,Herald of the Sun,DPS,EU,Temple of Sethraliss,15,1,1718.4,221068,1,311.0,2026-08-22,0,-1,1785.0,7.0,,3449
15686,19963,Paladin,Protection,Lightsmith,Tank,EU,Temple of Sethraliss,9,1,1271.3,105955,0,295.0,2026-08-19,0,-1,1262.0,34.3,,
15686,33544,Paladin,Holy,Herald of the Sun,Healer,EU,Temple of Sethraliss,9,1,1271.3,27077,0,290.0,2026-08-19,0,-1,1262.0,34.3,,
15686,33545,Shaman,Enhancement,Totemic,DPS,EU,Temple of Sethraliss,9,1,1271.3,187204,0,290.0,2026-08-19,0,-1,1262.0,34.3,,
15686,33546,DeathKnight,Unholy,Rider of the Apocalypse,DPS,EU,Temple of Sethraliss,9,1,1271.3,177731,0,294.0,2026-08-19,0,-1,1262.0,34.3,,
15686,33547,Paladin,Retribution,Templar,DPS,EU,Temple of Sethraliss,9,1,1271.3,145064,0,293.0,2026-08-19,0,-1,1262.0,34.3,,
55396,19231,Paladin,Protection,Lightsmith,Tank,EU,Altar of Fangs,10,1,918.0,147722,0,306.0,2026-08-22,0,-1,909.0,49.5,,3016
55396,58983,Priest,Discipline,Voidweaver,Healer,EU,Altar of Fangs,10,1,918.0,37075,0,302.0,2026-08-22,0,-1,909.0,49.5,,
55396,22648,Rogue,Assassination,Deathstalker,DPS,EU,Altar of Fangs,10,1,918.0,333599,0,312.0,2026-08-22,0,-1,909.0,49.5,,
55396,58984,Hunter,Marksmanship,Sentinel,DPS,EU,Altar of Fangs,10,1,918.0,283400,0,309.0,2026-08-22,0,-1,909.0,49.5,,
55396,52271,Warrior,Arms,Slayer,DPS,EU,Altar of Fangs,10,1,918.0,290800,0,312.0,2026-08-22,0,-1,909.0,49.5,,
24640,2281,Druid,Guardian,Elune's Chosen,Tank,US,Murder Row,10,1,1141.5,78511,1,304.0,2026-08-21,0,-1,1148.0,43.7,,
24640,2551,Evoker,Preservation,Flameshaper,Healer,US,Murder Row,10,1,1141.5,40170,0,300.0,2026-08-21,0,-1,1148.0,43.7,,
24640,2280,Shaman,Enhancement,Stormbringer,DPS,US,Murder Row,10,1,1141.5,217140,1,306.0,2026-08-21,0,-1,1148.0,43.7,,
24640,1204,Mage,Arcane,Sunfury,DPS,US,Murder Row,10,1,1141.5,239809,0,302.0,2026-08-21,0,-1,1148.0,43.7,,
24640,1312,Warlock,Demonology,Diabolist,DPS,US,Murder Row,10,1,1141.5,253289,1,304.0,2026-08-21,0,-1,1148.0,43.7,,
31154,14863,DeathKnight,Blood,San'layn,Tank,EU,Voidscar Arena,11,1,1227.6,127304,0,295.0,2026-08-20,0,-1,1224.0,32.0,,
31154,66851,Paladin,Holy,Herald of the Sun,Healer,EU,Voidscar Arena,11,1,1227.6,9601,0,296.0,2026-08-20,0,-1,1224.0,32.0,,
31154,21609,Hunter,BeastMastery,Pack Leader,DPS,EU,Voidscar Arena,11,1,1227.6,182549,0,299.0,2026-08-20,0,-1,1224.0,32.0,,
31154,23512,Mage,Arcane,Sunfury,DPS,EU,Voidscar Arena,11,1,1227.6,219828,0,301.0,2026-08-20,0,-1,1224.0,32.0,,
31154,16753,Shaman,Enhancement,Stormbringer,DPS,EU,Voidscar Arena,11,1,1227.6,195658,1,299.0,2026-08-20,0,-1,1224.0,32.0,,
47870,55591,DeathKnight,Blood,San'layn,Tank,CN,Altar of Fangs,11,1,1283.3,168286,0,309.0,2026-08-22,0,-1,,,,
47870,55592,Paladin,Holy,Lightsmith,Healer,CN,Altar of Fangs,11,1,1283.3,50078,1,308.0,2026-08-22,0,-1,,,,
47870,101193,Shaman,Elemental,Farseer,DPS,CN,Altar of Fangs,11,1,1283.3,205157,2,304.0,2026-08-22,0,-1,,,,
47870,43276,Warrior,Arms,Slayer,DPS,CN,Altar of Fangs,11,1,1283.3,225109,0,311.0,2026-08-22,0,-1,,,,
47870,43277,Mage,Arcane,Sunfury,DPS,CN,Altar of Fangs,11,1,1283.3,261738,1,306.0,2026-08-22,0,-1,,,,
69895,140134,DeathKnight,Blood,San'layn,Tank,US,Altar of Fangs,6,1,976.5,87604,0,292.0,2026-08-23,0,-1,973.0,45.9,,
69895,140135,Shaman,Restoration,Totemic,Healer,US,Altar of Fangs,6,1,976.5,34046,1,290.0,2026-08-23,0,-1,973.0,45.9,,
69895,38551,Hunter,BeastMastery,Pack Leader,DPS,US,Altar of Fangs,6,1,976.5,183192,0,302.0,2026-08-23,0,-1,973.0,45.9,,
69895,52850,Rogue,Assassination,Deathstalker,DPS,US,Altar of Fangs,6,1,976.5,185222,0,302.0,2026-08-23,0,-1,973.0,45.9,,
69895,140136,Warrior,Arms,Slayer,DPS,US,Altar of Fangs,6,1,976.5,186086,0,310.0,2026-08-23,0,-1,973.0,45.9,,
36137,54933,Druid,Guardian,Elune's Chosen,Tank,EU,Kings' Rest,11,1,1376.0,78702,0,294.0,2026-08-20,0,-1,1372.0,30.7,,
36137,77987,Shaman,Restoration,Totemic,Healer,EU,Kings' Rest,11,1,1376.0,33520,0,296.0,2026-08-20,0,-1,1372.0,30.7,,
36137,30295,Mage,Arcane,Sunfury,DPS,EU,Kings' Rest,11,1,1376.0,172456,1,305.0,2026-08-20,0,-1,1372.0,30.7,,
36137,30408,DeathKnight,Unholy,Rider of the Apocalypse,DPS,EU,Kings' Rest,11,1,1376.0,156178,0,299.0,2026-08-20,0,-1,1372.0,30.7,,
36137,30410,Evoker,Augmentation,Scalecommander,DPS,EU,Kings' Rest,11,1,1376.0,133527,0,305.0,2026-08-20,0,-1,1372.0,30.7,,
83150,146932,Druid,Guardian,Elune's Chosen,Tank,US,Kings' Rest,10,1,1184.3,85247,0,304.0,2026-08-23,0,-1,1181.0,40.3,0,
83150,6,Evoker,Preservation,Flameshaper,Healer,US,Kings' Rest,10,1,1184.3,44447,0,309.0,2026-08-23,0,-1,1181.0,40.3,2,2693
83150,8,Hunter,Marksmanship,Sentinel,DPS,US,Kings' Rest,10,1,1184.3,180810,0,306.0,2026-08-23,0,-1,1181.0,40.3,4,2694
83150,53754,Monk,Windwalker,Conduit of the Celestials,DPS,US,Kings' Rest,10,1,1184.3,158770,1,309.0,2026-08-23,0,-1,1181.0,40.3,5,
83150,146933,Monk,Windwalker,Shado-Pan,DPS,US,Kings' Rest,10,1,1184.3,139378,0,299.0,2026-08-23,0,-1,1181.0,40.3,0,
26050,57803,DeathKnight,Blood,Deathbringer,Tank,KR,Den of Nalorakk,3,1,1068.8,84695,0,294.0,2026-08-20,0,-1,1060.0,44.8,,
26050,57804,Shaman,Restoration,Totemic,Healer,KR,Den of Nalorakk,3,1,1068.8,13309,0,285.0,2026-08-20,0,-1,1060.0,44.8,,
26050,57805,Shaman,Elemental,Stormbringer,DPS,KR,Den of Nalorakk,3,1,1068.8,107050,0,294.0,2026-08-20,0,-1,1060.0,44.8,,
26050,57806,Warlock,Demonology,Diabolist,DPS,KR,Den of Nalorakk,3,1,1068.8,100271,0,292.0,2026-08-20,0,-1,1060.0,44.8,,
26050,57807,DeathKnight,Frost,Deathbringer,DPS,KR,Den of Nalorakk,3,1,1068.8,80061,2,291.0,2026-08-20,0,-1,1060.0,44.8,,
40450,86196,Warrior,Protection,Mountain Thane,Tank,EU,Murder Row,9,1,1211.4,88792,0,298.0,2026-08-21,0,-1,1212.0,40.6,,
40450,69677,Paladin,Holy,Lightsmith,Healer,EU,Murder Row,9,1,1211.4,48256,0,305.0,2026-08-21,0,-1,1212.0,40.6,,
40450,86197,Mage,Arcane,Sunfury,DPS,EU,Murder Row,9,1,1211.4,145009,2,294.0,2026-08-21,0,-1,1212.0,40.6,,
40450,49379,Mage,Arcane,Sunfury,DPS,EU,Murder Row,9,1,1211.4,240502,0,309.0,2026-08-21,0,-1,1212.0,40.6,,
40450,69680,Hunter,BeastMastery,Pack Leader,DPS,EU,Murder Row,9,1,1211.4,194547,0,307.0,2026-08-21,0,-1,1212.0,40.6,,
30127,57820,DeathKnight,Blood,San'layn,Tank,EU,Temple of Sethraliss,12,1,1476.6,107110,0,293.0,2026-08-21,0,-1,1498.0,22.0,,
30127,64908,Priest,Holy,Oracle,Healer,EU,Temple of Sethraliss,12,1,1476.6,24028,0,300.0,2026-08-21,0,-1,1498.0,22.0,,
30127,57822,Monk,Windwalker,Shado-Pan,DPS,EU,Temple of Sethraliss,12,1,1476.6,206244,1,304.0,2026-08-21,0,-1,1498.0,22.0,,
30127,58006,Evoker,Devastation,Scalecommander,DPS,EU,Temple of Sethraliss,12,1,1476.6,214533,0,305.0,2026-08-21,0,-1,1498.0,22.0,,
30127,38522,Mage,Arcane,Sunfury,DPS,EU,Temple of Sethraliss,12,1,1476.6,196244,1,300.0,2026-08-21,0,-1,1498.0,22.0,,
40149,85699,DeathKnight,Blood,San'layn,Tank,EU,Voidscar Arena,13,1,1567.8,126125,0,308.0,2026-08-21,0,-1,1665.0,7.5,,
40149,49762,Paladin,Holy,Lightsmith,Healer,EU,Voidscar Arena,13,1,1567.8,54055,1,310.0,2026-08-21,0,-1,1665.0,7.5,,
40149,67793,Mage,Arcane,Sunfury,DPS,EU,Voidscar Arena,13,1,1567.8,193791,2,294.0,2026-08-21,0,-1,1665.0,7.5,,
40149,27753,Hunter,BeastMastery,Pack Leader,DPS,EU,Voidscar Arena,13,1,1567.8,190411,2,308.0,2026-08-21,0,-1,1665.0,7.5,,
40149,72258,DemonHunter,Devourer,Void-Scarred,DPS,EU,Voidscar Arena,13,1,1567.8,195344,2,305.0,2026-08-21,0,-1,1665.0,7.5,,
73177,66730,DeathKnight,Blood,San'layn,Tank,CN,Voidscar Arena,12,1,1320.7,137728,0,312.0,2026-08-22,0,-1,1342.0,25.4,,
73177,72759,Paladin,Holy,Lightsmith,Healer,CN,Voidscar Arena,12,1,1320.7,39533,0,301.0,2026-08-22,0,-1,1342.0,25.4,,
73177,72760,Mage,Arcane,Sunfury,DPS,CN,Voidscar Arena,12,1,1320.7,163651,2,300.0,2026-08-22,0,-1,1342.0,25.4,,
73177,66734,Warrior,Arms,Slayer,DPS,CN,Voidscar Arena,12,1,1320.7,239556,0,311.0,2026-08-22,0,-1,1342.0,25.4,,
73177,66733,Shaman,Elemental,Farseer,DPS,CN,Voidscar Arena,12,1,1320.7,249413,0,311.0,2026-08-22,0,-1,1342.0,25.4,,
85501,96389,DeathKnight,Blood,San'layn,Tank,EU,Murder Row,10,1,1215.5,89045,0,306.0,2026-08-23,0,-1,1222.0,40.1,,
85501,56997,Paladin,Holy,Lightsmith,Healer,EU,Murder Row,10,1,1215.5,53206,2,313.0,2026-08-23,0,-1,1222.0,40.1,4,
85501,52345,Hunter,Marksmanship,Sentinel,DPS,EU,Murder Row,10,1,1215.5,200422,1,308.0,2026-08-23,0,-1,1222.0,40.1,0,
85501,55385,Mage,Arcane,Sunfury,DPS,EU,Murder Row,10,1,1215.5,243933,0,312.0,2026-08-23,0,-1,1222.0,40.1,4,
85501,52217,Warlock,Destruction,Diabolist,DPS,EU,Murder Row,10,1,1215.5,220282,0,310.0,2026-08-23,0,-1,1222.0,40.1,4,
49835,105553,Druid,Guardian,Elune's Chosen,Tank,EU,Murder Row,10,1,1212.9,105466,0,300.0,2026-08-22,0,-1,,,,
49835,18638,Druid,Restoration,Keeper of the Grove,Healer,EU,Murder Row,10,1,1212.9,80687,0,307.0,2026-08-22,0,-1,,,,2734
49835,105554,Evoker,Devastation,Scalecommander,DPS,EU,Murder Row,10,1,1212.9,213191,1,302.0,2026-08-22,0,-1,,,,
49835,19827,DeathKnight,Unholy,San'layn,DPS,EU,Murder Row,10,1,1212.9,224505,1,297.0,2026-08-22,0,-1,,,,3028
49835,18641,Hunter,BeastMastery,Pack Leader,DPS,EU,Murder Row,10,1,1212.9,209111,0,309.0,2026-08-22,0,-1,,,,2774
28956,62956,DeathKnight,Blood,San'layn,Tank,US,Murder Row,7,1,1035.1,97224,0,305.0,2026-08-21,0,-1,1026.0,49.7,,
28956,9414,Paladin,Holy,Lightsmith,Healer,US,Murder Row,7,1,1035.1,30634,0,308.0,2026-08-21,0,-1,1026.0,49.7,,
28956,62957,Priest,Shadow,Archon,DPS,US,Murder Row,7,1,1035.1,178045,0,302.0,2026-08-21,0,-1,1026.0,49.7,,
28956,9415,Mage,Arcane,Sunfury,DPS,US,Murder Row,7,1,1035.1,218756,0,308.0,2026-08-21,0,-1,1026.0,49.7,,3024
28956,7435,DemonHunter,Devourer,Void-Scarred,DPS,US,Murder Row,7,1,1035.1,207277,0,307.0,2026-08-21,0,-1,1026.0,49.7,,3074
36302,58784,Monk,Brewmaster,Master of Harmony,Tank,EU,Altar of Fangs,10,1,1098.2,113041,0,294.0,2026-08-20,0,-1,1095.0,39.2,,
36302,73635,Evoker,Preservation,Flameshaper,Healer,EU,Altar of Fangs,10,1,1098.2,57511,1,298.0,2026-08-20,0,-1,1095.0,39.2,,
36302,58786,DemonHunter,Devourer,Annihilator,DPS,EU,Altar of Fangs,10,1,1098.2,256754,0,298.0,2026-08-20,0,-1,1095.0,39.2,,
36302,68565,Warrior,Arms,Slayer,DPS,EU,Altar of Fangs,10,1,1098.2,229034,0,299.0,2026-08-20,0,-1,1095.0,39.2,,
36302,18968,Shaman,Elemental,Farseer,DPS,EU,Altar of Fangs,10,1,1098.2,291302,0,300.0,2026-08-20,0,-1,1095.0,39.2,,2769
81484,60239,Paladin,Protection,Unknown,Tank,EU,Ruby Life Pools,12,1,1253.1,126073,0,304.0,2026-08-21,0,-1,1260.0,25.0,,
81484,16884,Shaman,Restoration,Unknown,Healer,EU,Ruby Life Pools,12,1,1253.1,56626,0,307.0,2026-08-21,0,-1,1260.0,25.0,,
81484,18331,Paladin,Retribution,Unknown,DPS,EU,Ruby Life Pools,12,1,1253.1,239749,0,307.0,2026-08-21,0,-1,1260.0,25.0,,
81484,16887,Mage,Arcane,Unknown,DPS,EU,Ruby Life Pools,12,1,1253.1,225314,1,306.0,2026-08-21,0,-1,1260.0,25.0,,
81484,19795,DemonHunter,Devourer,Unknown,DPS,EU,Ruby Life Pools,12,1,1253.1,207014,0,306.0,2026-08-21,0,-1,1260.0,25.0,,
31832,68580,DemonHunter,Vengeance,Unknown,Tank,EU,Murder Row,10,1,1203.0,93761,0,303.0,2026-08-21,0,-1,1194.0,41.5,,
31832,68581,Druid,Restoration,Unknown,Healer,EU,Murder Row,10,1,1203.0,4382,0,297.0,2026-08-21,0,-1,1194.0,41.5,,
31832,68582,Mage,Arcane,Unknown,DPS,EU,Murder Row,10,1,1203.0,257598,0,309.0,2026-08-21,0,-1,1194.0,41.5,,
31832,63139,Shaman,Elemental,Unknown,DPS,EU,Murder Row,10,1,1203.0,237725,0,309.0,2026-08-21,0,-1,1194.0,41.5,,
31832,63137,Evoker,Augmentation,Unknown,DPS,EU,Murder Row,10,1,1203.0,205212,0,303.0,2026-08-21,0,-1,1194.0,41.5,,
46782,96796,DeathKnight,Blood,San'layn,Tank,CN,Murder Row,11,1,1164.6,107224,0,308.0,2026-08-22,0,-1,1156.0,43.3,,
46782,57162,Priest,Holy,Oracle,Healer,CN,Murder Row,11,1,1164.6,26135,0,301.0,2026-08-22,0,-1,1156.0,43.3,,
46782,57164,DeathKnight,Unholy,Rider of the Apocalypse,DPS,CN,Murder Row,11,1,1164.6,253701,0,306.0,2026-08-22,0,-1,1156.0,43.3,,
46782,57161,Druid,Balance,Elune's Chosen,DPS,CN,Murder Row,11,1,1164.6,258510,0,309.0,2026-08-22,0,-1,1156.0,43.3,,
46782,57165,Mage,Arcane,Sunfury,DPS,CN,Murder Row,11,1,1164.6,249469,0,305.0,2026-08-22,0,-1,1156.0,43.3,,
9945,19786,DeathKnight,Blood,Deathbringer,Tank,EU,The Blinding Vale,10,1,1262.0,112484,0,295.0,2026-08-19,0,-1,1274.0,29.2,,
9945,19787,Paladin,Holy,Lightsmith,Healer,EU,The Blinding Vale,10,1,1262.0,28777,1,296.0,2026-08-19,0,-1,1274.0,29.2,,
9945,19788,Rogue,Assassination,Deathstalker,DPS,EU,The Blinding Vale,10,1,1262.0,214477,2,298.0,2026-08-19,0,-1,1274.0,29.2,,
9945,19789,Hunter,BeastMastery,Pack Leader,DPS,EU,The Blinding Vale,10,1,1262.0,195627,1,299.0,2026-08-19,0,-1,1274.0,29.2,,
9945,19790,Druid,Balance,Elune's Chosen,DPS,EU,The Blinding Vale,10,1,1262.0,182981,0,296.0,2026-08-19,0,-1,1274.0,29.2,,
10211,20500,Paladin,Protection,Unknown,Tank,US,The Blinding Vale,10,1,1157.2,109025,0,293.0,2026-08-19,0,-1,1164.0,35.3,,
10211,4996,Shaman,Restoration,Unknown,Healer,US,The Blinding Vale,10,1,1157.2,26034,0,296.0,2026-08-19,0,-1,1164.0,35.3,,3126
10211,20404,Warrior,Arms,Unknown,DPS,US,The Blinding Vale,10,1,1157.2,227251,1,293.0,2026-08-19,0,-1,1164.0,35.3,,
10211,20406,Hunter,Survival,Unknown,DPS,US,The Blinding Vale,10,1,1157.2,183461,0,299.0,2026-08-19,0,-1,1164.0,35.3,,2902
10211,2768,Shaman,Enhancement,Unknown,DPS,US,The Blinding Vale,10,1,1157.2,216371,2,296.0,2026-08-19,0,-1,1164.0,35.3,,2945
32950,71253,DeathKnight,Blood,Deathbringer,Tank,CN,Den of Nalorakk,11,1,1247.0,93322,0,301.0,2026-08-20,0,-1,1239.0,35.5,,
32950,71254,Shaman,Restoration,Totemic,Healer,CN,Den of Nalorakk,11,1,1247.0,22105,0,297.0,2026-08-20,0,-1,1239.0,35.5,,
32950,71255,Mage,Arcane,Sunfury,DPS,CN,Den of Nalorakk,11,1,1247.0,190639,0,305.0,2026-08-20,0,-1,1239.0,35.5,,
32950,71256,Paladin,Retribution,Herald of the Sun,DPS,CN,Den of Nalorakk,11,1,1247.0,224293,0,309.0,2026-08-20,0,-1,1239.0,35.5,,
32950,71257,Warlock,Demonology,Diabolist,DPS,CN,Den of Nalorakk,11,1,1247.0,237491,0,297.0,2026-08-20,0,-1,1239.0,35.5,,
81281,12596,Paladin,Protection,Lightsmith,Tank,EU,The Blinding Vale,12,1,1272.5,151130,0,310.0,2026-08-21,0,-1,1279.0,28.9,,
81281,12597,Shaman,Restoration,Totemic,Healer,EU,The Blinding Vale,12,1,1272.5,37776,0,302.0,2026-08-21,0,-1,1279.0,28.9,,
81281,75140,Mage,Arcane,Sunfury,DPS,EU,The Blinding Vale,12,1,1272.5,268585,0,309.0,2026-08-21,0,-1,1279.0,28.9,,
81281,12599,DemonHunter,Devourer,Annihilator,DPS,EU,The Blinding Vale,12,1,1272.5,294363,0,305.0,2026-08-21,0,-1,1279.0,28.9,,
81281,75139,Hunter,BeastMastery,Pack Leader,DPS,EU,The Blinding Vale,12,1,1272.5,182524,1,299.0,2026-08-21,0,-1,1279.0,28.9,,
39862,85198,DeathKnight,Blood,San'layn,Tank,EU,Voidscar Arena,11,1,1237.7,138265,0,301.0,2026-08-21,0,-1,1235.0,31.4,,
39862,85199,Monk,Mistweaver,Conduit of the Celestials,Healer,EU,Voidscar Arena,11,1,1237.7,36321,0,291.0,2026-08-21,0,-1,1235.0,31.4,,
39862,85200,Shaman,Enhancement,Stormbringer,DPS,EU,Voidscar Arena,11,1,1237.7,192079,1,301.0,2026-08-21,0,-1,1235.0,31.4,,
39862,76479,Rogue,Outlaw,Trickster,DPS,EU,Voidscar Arena,11,1,1237.7,189938,0,309.0,2026-08-21,0,-1,1235.0,31.4,,
39862,82270,Warrior,Arms,Slayer,DPS,EU,Voidscar Arena,11,1,1237.7,192208,0,305.0,2026-08-21,0,-1,1235.0,31.4,,
76399,69388,Paladin,Protection,Lightsmith,Tank,EU,Kings' Rest,12,1,1530.3,85094,0,300.0,2026-08-21,0,-1,1522.0,23.1,,
76399,69389,Paladin,Holy,Herald of the Sun,Healer,EU,Kings' Rest,12,1,1530.3,27608,0,295.0,2026-08-21,0,-1,1522.0,23.1,,
76399,69751,Druid,Balance,Elune's Chosen,DPS,EU,Kings' Rest,12,1,1530.3,154048,0,301.0,2026-08-21,0,-1,1522.0,23.1,,
76399,69391,Mage,Arcane,Sunfury,DPS,EU,Kings' Rest,12,1,1530.3,151894,0,299.0,2026-08-21,0,-1,1522.0,23.1,,
76399,69390,DeathKnight,Unholy,Rider of the Apocalypse,DPS,EU,Kings' Rest,12,1,1530.3,148047,0,299.0,2026-08-21,0,-1,1522.0,23.1,,
66960,38254,DeathKnight,Blood,San'layn,Tank,CN,The Blinding Vale,13,1,1411.0,153382,0,310.0,2026-08-22,0,-1,1402.0,22.1,,
66960,42412,Paladin,Holy,Herald of the Sun,Healer,CN,The Blinding Vale,13,1,1411.0,17412,0,309.0,2026-08-22,0,-1,1402.0,22.1,,
66960,38257,Paladin,Retribution,Herald of the Sun,DPS,CN,The Blinding Vale,13,1,1411.0,235066,0,305.0,2026-08-22,0,-1,1402.0,22.1,,
66960,42413,Priest,Shadow,Voidweaver,DPS,CN,The Blinding Vale,13,1,1411.0,209088,0,305.0,2026-08-22,0,-1,1402.0,22.1,,
66960,38469,Mage,Arcane,Sunfury,DPS,CN,The Blinding Vale,13,1,1411.0,316869,0,312.0,2026-08-22,0,-1,1402.0,22.1,,
223,969,Warrior,Protection,Mountain Thane,Tank,US,Den of Nalorakk,11,1,1774.4,99659,1,296.0,2026-08-19,0,-1,1821.0,5.2,,
223,970,Evoker,Preservation,Flameshaper,Healer,US,Den of Nalorakk,11,1,1774.4,24466,5,293.0,2026-08-19,0,-1,1821.0,5.2,,
223,971,DeathKnight,Frost,Deathbringer,DPS,US,Den of Nalorakk,11,1,1774.4,148154,1,292.0,2026-08-19,0,-1,1821.0,5.2,,
223,972,Druid,Feral,Druid of the Claw,DPS,US,Den of Nalorakk,11,1,1774.4,127728,1,291.0,2026-08-19,0,-1,1821.0,5.2,,
223,973,DeathKnight,Unholy,Rider of the Apocalypse,DPS,US,Den of Nalorakk,11,1,1774.4,150088,3,293.0,2026-08-19,0,-1,1821.0,5.2,,
81125,146111,Paladin,Protection,Lightsmith,Tank,EU,Murder Row,2,1,1155.2,70523,0,290.0,2026-08-22,0,-1,,,,
81125,146112,Druid,Restoration,Keeper of the Grove,Healer,EU,Murder Row,2,1,1155.2,4226,0,274.0,2026-08-22,0,-1,,,,
81125,146113,Shaman,Elemental,Farseer,DPS,EU,Murder Row,2,1,1155.2,126220,0,289.0,2026-08-22,0,-1,,,,
81125,146114,Paladin,Retribution,Herald of the Sun,DPS,EU,Murder Row,2,1,1155.2,87019,0,285.0,2026-08-22,0,-1,,,,
81125,146115,DeathKnight,Unholy,San'layn,DPS,EU,Murder Row,2,1,1155.2,109477,0,290.0,2026-08-22,0,-1,,,,
54218,115083,Warrior,Protection,Unknown,Tank,EU,Den of Nalorakk,2,1,1075.0,43493,0,260.0,2026-08-21,0,-1,,,,
54218,115084,Priest,Holy,Unknown,Healer,EU,Den of Nalorakk,2,1,1075.0,10529,0,286.0,2026-08-21,0,-1,,,,
54218,115085,Rogue,Outlaw,Unknown,DPS,EU,Den of Nalorakk,2,1,1075.0,89848,1,282.0,2026-08-21,0,-1,,,,
54218,115086,Rogue,Subtlety,Unknown,DPS,EU,Den of Nalorakk,2,1,1075.0,93712,0,290.0,2026-08-21,0,-1,,,,
54218,114902,Paladin,Retribution,Unknown,DPS,EU,Den of Nalorakk,2,1,1075.0,107553,0,307.0,2026-08-21,0,-1,,,,
52679,75993,DeathKnight,Blood,San'layn,Tank,EU,The Blinding Vale,14,1,1660.9,169260,0,308.0,2026-08-22,0,-1,,,,
52679,84193,Monk,Mistweaver,Conduit of the Celestials,Healer,EU,The Blinding Vale,14,1,1660.9,55676,0,311.0,2026-08-22,0,-1,,,,
52679,111885,Hunter,BeastMastery,Pack Leader,DPS,EU,The Blinding Vale,14,1,1660.9,227008,1,307.0,2026-08-22,0,-1,,,,
52679,46455,Warrior,Arms,Slayer,DPS,EU,The Blinding Vale,14,1,1660.9,183894,7,310.0,2026-08-22,0,-1,,,,
52679,73920,DeathKnight,Unholy,San'layn,DPS,EU,The Blinding Vale,14,1,1660.9,259099,1,305.0,2026-08-22,0,-1,,,,
3145,6715,Paladin,Protection,Lightsmith,Tank,US,Ruby Life Pools,11,1,1586.4,110580,0,291.0,2026-08-18,0,-1,1593.0,5.2,,
3145,6716,Shaman,Restoration,Totemic,Healer,US,Ruby Life Pools,11,1,1586.4,27861,0,291.0,2026-08-18,0,-1,1593.0,5.2,,
3145,6717,DeathKnight,Unholy,San'layn,DPS,US,Ruby Life Pools,11,1,1586.4,155024,1,291.0,2026-08-18,0,-1,1593.0,5.2,,
3145,6718,Druid,Balance,Elune's Chosen,DPS,US,Ruby Life Pools,11,1,1586.4,154120,2,291.0,2026-08-18,0,-1,1593.0,5.2,,
3145,6719,Shaman,Elemental,Farseer,DPS,US,Ruby Life Pools,11,1,1586.4,179555,0,295.0,2026-08-18,0,-1,1593.0,5.2,,
47612,35719,DeathKnight,Blood,San'layn,Tank,EU,The Blinding Vale,10,1,1115.2,142866,0,302.0,2026-08-22,0,-1,,,,
47612,66652,Shaman,Restoration,Totemic,Healer,EU,The Blinding Vale,10,1,1115.2,37600,0,297.0,2026-08-22,0,-1,,,,
47612,100624,Priest,Shadow,Voidweaver,DPS,EU,The Blinding Vale,10,1,1115.2,185416,0,302.0,2026-08-22,0,-1,,,,
47612,93228,Warlock,Demonology,Diabolist,DPS,EU,The Blinding Vale,10,1,1115.2,225948,0,309.0,2026-08-22,0,-1,,,,
47612,68081,Rogue,Subtlety,Deathstalker,DPS,EU,The Blinding Vale,10,1,1115.2,248970,0,309.0,2026-08-22,0,-1,,,,
46911,99155,DeathKnight,Blood,San'layn,Tank,CN,The Blinding Vale,7,1,1038.6,112453,0,306.0,2026-08-22,0,-1,1035.0,42.5,,
46911,99156,Paladin,Holy,Lightsmith,Healer,CN,The Blinding Vale,7,1,1038.6,53579,1,303.0,2026-08-22,0,-1,1035.0,42.5,,
46911,99157,Mage,Arcane,Sunfury,DPS,CN,The Blinding Vale,7,1,1038.6,169792,0,303.0,2026-08-22,0,-1,1035.0,42.5,,
46911,99158,Shaman,Elemental,Farseer,DPS,CN,The Blinding Vale,7,1,1038.6,194211,0,293.0,2026-08-22,0,-1,1035.0,42.5,,
46911,99159,Hunter,BeastMastery,Pack Leader,DPS,CN,The Blinding Vale,7,1,1038.6,157432,0,297.0,2026-08-22,0,-1,1035.0,42.5,,
44875,94492,Paladin,Protection,Lightsmith,Tank,EU,Murder Row,11,1,1325.7,113661,0,293.0,2026-08-22,0,-1,1318.0,35.4,,
44875,24928,Monk,Mistweaver,Conduit of the Celestials,Healer,EU,Murder Row,11,1,1325.7,43634,0,298.0,2026-08-22,0,-1,1318.0,35.4,,
44875,90247,Warrior,Arms,Slayer,DPS,EU,Murder Row,11,1,1325.7,217595,0,298.0,2026-08-22,0,-1,1318.0,35.4,,
44875,94493,DeathKnight,Unholy,Rider of the Apocalypse,DPS,EU,Murder Row,11,1,1325.7,199892,0,302.0,2026-08-22,0,-1,1318.0,35.4,,
44875,94494,Mage,Arcane,Sunfury,DPS,EU,Murder Row,11,1,1325.7,196736,0,292.0,2026-08-22,0,-1,1318.0,35.4,,
48720,103054,DeathKnight,Blood,San'layn,Tank,EU,Altar of Fangs,10,1,1021.4,162290,0,299.0,2026-08-22,0,-1,1018.0,43.4,,
48720,52272,Monk,Mistweaver,Conduit of the Celestials,Healer,EU,Altar of Fangs,10,1,1021.4,52662,0,306.0,2026-08-22,0,-1,1018.0,43.4,,
48720,67992,Druid,Balance,Elune's Chosen,DPS,EU,Altar of Fangs,10,1,1021.4,297242,0,305.0,2026-08-22,0,-1,1018.0,43.4,,
48720,103055,DemonHunter,Devourer,Annihilator,DPS,EU,Altar of Fangs,10,1,1021.4,260524,0,302.0,2026-08-22,0,-1,1018.0,43.4,,
48720,103056,Shaman,Elemental,Farseer,DPS,EU,Altar of Fangs,10,1,1021.4,271964,1,303.0,2026-08-22,0,-1,1018.0,43.4,,
28869,1702,DeathKnight,Blood,San'layn,Tank,US,Ruby Life Pools,11,1,1144.3,147823,1,300.0,2026-08-22,0,-1,1161.0,30.9,,
28869,1703,Evoker,Preservation,Flameshaper,Healer,US,Ruby Life Pools,11,1,1144.3,32230,1,302.0,2026-08-22,0,-1,1161.0,30.9,,
28869,1704,Warrior,Arms,Slayer,DPS,US,Ruby Life Pools,11,1,1144.3,269266,0,306.0,2026-08-22,0,-1,1161.0,30.9,,
28869,62781,Shaman,Enhancement,Stormbringer,DPS,US,Ruby Life Pools,11,1,1144.3,224261,2,294.0,2026-08-22,0,-1,1161.0,30.9,,
28869,1706,Paladin,Retribution,Herald of the Sun,DPS,US,Ruby Life Pools,11,1,1144.3,266436,1,304.0,2026-08-22,0,-1,1161.0,30.9,,
55812,49014,DeathKnight,Blood,San'layn,Tank,EU,Voidscar Arena,10,1,1063.0,106353,0,310.0,2026-08-23,0,-1,1055.0,41.4,,
55812,16816,Shaman,Restoration,Totemic,Healer,EU,Voidscar Arena,10,1,1063.0,21568,0,304.0,2026-08-23,0,-1,1055.0,41.4,,
55812,63938,DeathKnight,Frost,Deathbringer,DPS,EU,Voidscar Arena,10,1,1063.0,220158,0,305.0,2026-08-23,0,-1,1055.0,41.4,,
55812,23946,Druid,Balance,Elune's Chosen,DPS,EU,Voidscar Arena,10,1,1063.0,213850,0,310.0,2026-08-23,0,-1,1055.0,41.4,,
55812,118381,Priest,Shadow,Archon,DPS,EU,Voidscar Arena,10,1,1063.0,246887,0,307.0,2026-08-23,0,-1,1055.0,41.4,,
42978,90471,Warrior,Protection,Mountain Thane,Tank,EU,Voidscar Arena,10,1,1084.7,137586,0,302.0,2026-08-21,0,-1,,,,
42978,31456,Priest,Holy,Oracle,Healer,EU,Voidscar Arena,10,1,1084.7,30970,0,303.0,2026-08-21,0,-1,,,,
42978,90472,Hunter,Marksmanship,Sentinel,DPS,EU,Voidscar Arena,10,1,1084.7,211046,0,308.0,2026-08-21,0,-1,,,,
42978,90473,Rogue,Assassination,Deathstalker,DPS,EU,Voidscar Arena,10,1,1084.7,171055,0,295.0,2026-08-21,0,-1,,,,
42978,90474,Mage,Arcane,Sunfury,DPS,EU,Voidscar Arena,10,1,1084.7,248610,0,304.0,2026-08-21,0,-1,,,,
10176,18920,DeathKnight,Blood,San'layn,Tank,EU,Altar of Fangs,12,1,1595.9,136128,0,298.0,2026-08-19,0,-1,1648.0,8.5,,
10176,18921,Paladin,Holy,Herald of the Sun,Healer,EU,Altar of Fangs,12,1,1595.9,21630,1,296.0,2026-08-19,0,-1,1648.0,8.5,,
10176,20418,Shaman,Elemental,Farseer,DPS,EU,Altar of Fangs,12,1,1595.9,233660,0,298.0,2026-08-19,0,-1,1648.0,8.5,,
10176,20419,Druid,Balance,Elune's Chosen,DPS,EU,Altar of Fangs,12,1,1595.9,222103,1,293.0,2026-08-19,0,-1,1648.0,8.5,,
10176,19190,DemonHunter,Devourer,Annihilator,DPS,EU,Altar of Fangs,12,1,1595.9,225886,2,296.0,2026-08-19,0,-1,1648.0,8.5,,
42424,19628,Druid,Guardian,Elune's Chosen,Tank,EU,Temple of Sethraliss,13,1,1568.3,97384,0,297.0,2026-08-20,0,-1,1590.0,17.2,,
42424,89514,Paladin,Holy,Herald of the Sun,Healer,EU,Temple of Sethraliss,13,1,1568.3,9473,0,298.0,2026-08-20,0,-1,1590.0,17.2,,
42424,39539,Mage,Arcane,Sunfury,DPS,EU,Temple of Sethraliss,13,1,1568.3,202587,0,304.0,2026-08-20,0,-1,1590.0,17.2,,
42424,70819,DemonHunter,Havoc,Fel-Scarred,DPS,EU,Temple of Sethraliss,13,1,1568.3,240360,0,301.0,2026-08-20,0,-1,1590.0,17.2,,
42424,51185,Warlock,Demonology,Diabolist,DPS,EU,Temple of Sethraliss,13,1,1568.3,257440,2,307.0,2026-08-20,0,-1,1590.0,17.2,,
43652,60947,Paladin,Protection,Lightsmith,Tank,EU,Kings' Rest,15,0,2006.4,67389,0,310.0,2026-08-22,0,-1,,,,
43652,66381,Paladin,Holy,Herald of the Sun,Healer,EU,Kings' Rest,15,0,2006.4,22678,0,308.0,2026-08-22,0,-1,,,,
43652,60602,Mage,Arcane,Sunfury,DPS,EU,Kings' Rest,15,0,2006.4,155115,2,303.0,2026-08-22,0,-1,,,,
43652,14879,Warrior,Arms,Slayer,DPS,EU,Kings' Rest,15,0,2006.4,199738,0,313.0,2026-08-22,0,-1,,,,
43652,86236,DeathKnight,Unholy,San'layn,DPS,EU,Kings' Rest,15,0,2006.4,166242,0,303.0,2026-08-22,0,-1,,,,
18283,40540,Monk,Brewmaster,Shado-Pan,Tank,EU,Ruby Life Pools,9,1,1101.2,109217,0,294.0,2026-08-19,0,-1,1098.0,34.6,,
18283,14567,Shaman,Restoration,Totemic,Healer,EU,Ruby Life Pools,9,1,1101.2,29886,0,297.0,2026-08-19,0,-1,1098.0,34.6,,
18283,40541,Shaman,Elemental,Farseer,DPS,EU,Ruby Life Pools,9,1,1101.2,140289,0,290.0,2026-08-19,0,-1,1098.0,34.6,,
18283,14566,DemonHunter,Devourer,Void-Scarred,DPS,EU,Ruby Life Pools,9,1,1101.2,180489,1,296.0,2026-08-19,0,-1,1098.0,34.6,,
18283,14568,Druid,Balance,Elune's Chosen,DPS,EU,Ruby Life Pools,9,1,1101.2,200730,0,298.0,2026-08-19,0,-1,1098.0,34.6,,
35076,75845,Paladin,Protection,Lightsmith,Tank,US,Voidscar Arena,7,1,1039.9,94340,0,290.0,2026-08-20,0,-1,1031.0,42.7,,
35076,75846,Shaman,Restoration,Totemic,Healer,US,Voidscar Arena,7,1,1039.9,27794,0,291.0,2026-08-20,0,-1,1031.0,42.7,,
35076,75847,Monk,Windwalker,Shado-Pan,DPS,US,Voidscar Arena,7,1,1039.9,144954,0,292.0,2026-08-20,0,-1,1031.0,42.7,,
35076,75848,Rogue,Assassination,Deathstalker,DPS,US,Voidscar Arena,7,1,1039.9,185075,0,290.0,2026-08-20,0,-1,1031.0,42.7,,
35076,8605,DeathKnight,Frost,Deathbringer,DPS,US,Voidscar Arena,7,1,1039.9,190588,0,304.0,2026-08-20,0,-1,1031.0,42.7,,
40549,66570,DeathKnight,Blood,San'layn,Tank,CN,Den of Nalorakk,12,1,1486.8,139773,0,301.0,2026-08-20,0,-1,1584.0,17.5,,
40549,66571,Paladin,Holy,Lightsmith,Healer,CN,Den of Nalorakk,12,1,1486.8,49283,1,291.0,2026-08-20,0,-1,1584.0,17.5,,
40549,66572,Druid,Balance,Elune's Chosen,DPS,CN,Den of Nalorakk,12,1,1486.8,173634,4,293.0,2026-08-20,0,-1,1584.0,17.5,,
40549,66574,Warrior,Arms,Slayer,DPS,CN,Den of Nalorakk,12,1,1486.8,167002,0,295.0,2026-08-20,0,-1,1584.0,17.5,,
40549,66573,Shaman,Elemental,Farseer,DPS,CN,Den of Nalorakk,12,1,1486.8,230628,2,302.0,2026-08-20,0,-1,1584.0,17.5,,
70987,15334,DeathKnight,Blood,San'layn,Tank,EU,Altar of Fangs,14,1,1565.0,146902,0,311.0,2026-08-23,0,-1,1587.0,11.8,,
70987,70294,Paladin,Holy,Herald of the Sun,Healer,EU,Altar of Fangs,14,1,1565.0,10190,0,297.0,2026-08-23,0,-1,1587.0,11.8,,
70987,140886,Shaman,Elemental,Farseer,DPS,EU,Altar of Fangs,14,1,1565.0,289662,1,310.0,2026-08-23,0,-1,1587.0,11.8,,
70987,17957,Mage,Arcane,Sunfury,DPS,EU,Altar of Fangs,14,1,1565.0,276294,1,310.0,2026-08-23,0,-1,1587.0,11.8,,
70987,136743,Paladin,Retribution,Herald of the Sun,DPS,EU,Altar of Fangs,14,1,1565.0,263164,0,305.0,2026-08-23,0,-1,1587.0,11.8,,
86839,152864,DemonHunter,Vengeance,Annihilator,Tank,EU,Kings' Rest,13,1,1642.0,72231,0,308.0,2026-08-23,0,-1,1634.0,17.5,2,
86839,64405,Paladin,Holy,Herald of the Sun,Healer,EU,Kings' Rest,13,1,1642.0,9160,0,306.0,2026-08-23,0,-1,1634.0,17.5,2,
86839,57042,DeathKnight,Unholy,San'layn,DPS,EU,Kings' Rest,13,1,1642.0,165490,0,312.0,2026-08-23,0,-1,1634.0,17.5,4,
86839,13996,Rogue,Subtlety,Deathstalker,DPS,EU,Kings' Rest,13,1,1642.0,169937,0,309.0,2026-08-23,0,-1,1634.0,17.5,4,
86839,125612,Evoker,Devastation,Scalecommander,DPS,EU,Kings' Rest,13,1,1642.0,179676,0,310.0,2026-08-23,0,-1,1634.0,17.5,4,
55414,117554,DeathKnight,Blood,Deathbringer,Tank,CN,Murder Row,2,1,1201.7,41963,0,291.0,2026-08-22,0,-1,,,,
55414,117555,Paladin,Holy,Lightsmith,Healer,CN,Murder Row,2,1,1201.7,15302,0,285.0,2026-08-22,0,-1,,,,
55414,117556,Warrior,Arms,Slayer,DPS,CN,Murder Row,2,1,1201.7,97200,0,292.0,2026-08-22,0,-1,,,,
55414,117557,Mage,Arcane,Sunfury,DPS,CN,Murder Row,2,1,1201.7,105686,1,303.0,2026-08-22,0,-1,,,,
55414,117558,Paladin,Retribution,Herald of the Sun,DPS,CN,Murder Row,2,1,1201.7,89733,0,298.0,2026-08-22,0,-1,,,,
49523,12968,DeathKnight,Blood,Deathbringer,Tank,EU,Kings' Rest,5,1,964.7,72309,0,294.0,2026-08-19,0,-1,,,,
49523,104855,Shaman,Restoration,Totemic,Healer,EU,Kings' Rest,5,1,964.7,25479,0,293.0,2026-08-19,0,-1,,,,
49523,104757,Warlock,Demonology,Diabolist,DPS,EU,Kings' Rest,5,1,964.7,123025,0,291.0,2026-08-19,0,-1,,,,
49523,104758,Mage,Arcane,Sunfury,DPS,EU,Kings' Rest,5,1,964.7,113735,0,290.0,2026-08-19,0,-1,,,,
49523,104759,Monk,Windwalker,Shado-Pan,DPS,EU,Kings' Rest,5,1,964.7,95943,0,285.0,2026-08-19,0,-1,,,,
49688,105148,Paladin,Protection,Lightsmith,Tank,US,Murder Row,10,1,1186.9,96546,0,305.0,2026-08-22,0,-1,,,,
49688,105149,Priest,Holy,Oracle,Healer,US,Murder Row,10,1,1186.9,13882,0,302.0,2026-08-22,0,-1,,,,
49688,105150,Mage,Arcane,Sunfury,DPS,US,Murder Row,10,1,1186.9,232417,0,306.0,2026-08-22,0,-1,,,,
49688,7579,Druid,Balance,Elune's Chosen,DPS,US,Murder Row,10,1,1186.9,208350,0,308.0,2026-08-22,0,-1,,,,
49688,7457,Shaman,Elemental,Farseer,DPS,US,Murder Row,10,1,1186.9,221029,0,308.0,2026-08-22,0,-1,,,,
39281,69219,DeathKnight,Blood,San'layn,Tank,CN,Temple of Sethraliss,11,1,1273.8,114381,0,303.0,2026-08-20,0,-1,1265.0,34.1,,
39281,69220,Priest,Holy,Oracle,Healer,CN,Temple of Sethraliss,11,1,1273.8,25589,0,296.0,2026-08-20,0,-1,1265.0,34.1,,
39281,69222,Rogue,Subtlety,Deathstalker,DPS,CN,Temple of Sethraliss,11,1,1273.8,212005,0,297.0,2026-08-20,0,-1,1265.0,34.1,,
39281,69223,Mage,Arcane,Sunfury,DPS,CN,Temple of Sethraliss,11,1,1273.8,212678,0,297.0,2026-08-20,0,-1,1265.0,34.1,,
39281,69221,Shaman,Elemental,Farseer,DPS,CN,Temple of Sethraliss,11,1,1273.8,189699,0,295.0,2026-08-20,0,-1,1265.0,34.1,,
7556,15689,Paladin,Protection,Templar,Tank,EU,Kings' Rest,11,1,1472.6,76662,0,293.0,2026-08-19,0,-1,1464.0,26.1,,
7556,15690,Druid,Restoration,Wildstalker,Healer,EU,Kings' Rest,11,1,1472.6,14204,0,293.0,2026-08-19,0,-1,1464.0,26.1,,
7556,16073,Mage,Arcane,Sunfury,DPS,EU,Kings' Rest,11,1,1472.6,140387,0,294.0,2026-08-19,0,-1,1464.0,26.1,,
7556,15693,Priest,Shadow,Voidweaver,DPS,EU,Kings' Rest,11,1,1472.6,145435,0,294.0,2026-08-19,0,-1,1464.0,26.1,,
7556,16074,Priest,Shadow,Archon,DPS,EU,Kings' Rest,11,1,1472.6,165885,0,294.0,2026-08-19,0,-1,1464.0,26.1,,
36449,78609,Paladin,Protection,Lightsmith,Tank,EU,Murder Row,3,1,1114.3,65367,0,286.0,2026-08-21,0,-1,1106.0,45.8,,
36449,50545,Druid,Restoration,Keeper of the Grove,Healer,EU,Murder Row,3,1,1114.3,15059,0,300.0,2026-08-21,0,-1,1106.0,45.8,,
36449,78610,Warrior,Arms,Slayer,DPS,EU,Murder Row,3,1,1114.3,120339,0,290.0,2026-08-21,0,-1,1106.0,45.8,,
36449,78611,Hunter,BeastMastery,Pack Leader,DPS,EU,Murder Row,3,1,1114.3,102557,0,288.0,2026-08-21,0,-1,1106.0,45.8,,
36449,78612,Monk,Windwalker,Shado-Pan,DPS,EU,Murder Row,3,1,1114.3,105055,0,294.0,2026-08-21,0,-1,1106.0,45.8,,
52085,109469,DeathKnight,Blood,San'layn,Tank,US,Temple of Sethraliss,10,1,1142.8,110802,0,299.0,2026-08-22,0,-1,,,,
52085,47461,Monk,Mistweaver,Conduit of the Celestials,Healer,US,Temple of Sethraliss,10,1,1142.8,51688,0,302.0,2026-08-22,0,-1,,,,
52085,5079,Hunter,Marksmanship,Sentinel,DPS,US,Temple of Sethraliss,10,1,1142.8,226324,0,310.0,2026-08-22,0,-1,,,,
52085,5080,Hunter,BeastMastery,Pack Leader,DPS,US,Temple of Sethraliss,10,1,1142.8,199895,1,308.0,2026-08-22,0,-1,,,,
52085,24310,Druid,Balance,Elune's Chosen,DPS,US,Temple of Sethraliss,10,1,1142.8,200041,0,301.0,2026-08-22,0,-1,,,,
26130,14783,DeathKnight,Blood,Deathbringer,Tank,US,Altar of Fangs,11,1,1249.9,126622,0,303.0,2026-08-20,0,-1,1242.0,31.0,,
26130,16308,Paladin,Holy,Herald of the Sun,Healer,US,Altar of Fangs,11,1,1249.9,28455,0,298.0,2026-08-20,0,-1,1242.0,31.0,,
26130,6447,Rogue,Subtlety,Trickster,DPS,US,Altar of Fangs,11,1,1249.9,244630,0,302.0,2026-08-20,0,-1,1242.0,31.0,,
26130,57963,Evoker,Devastation,Scalecommander,DPS,US,Altar of Fangs,11,1,1249.9,279332,0,310.0,2026-08-20,0,-1,1242.0,31.0,,
26130,14784,Warrior,Arms,Slayer,DPS,US,Altar of Fangs,11,1,1249.9,250390,0,296.0,2026-08-20,0,-1,1242.0,31.0,,
33332,19133,DeathKnight,Blood,San'layn,Tank,EU,Temple of Sethraliss,12,1,1514.2,117463,0,310.0,2026-08-22,0,-1,,,,
33332,19134,Paladin,Holy,Herald of the Sun,Healer,EU,Temple of Sethraliss,12,1,1514.2,21805,2,303.0,2026-08-22,0,-1,,,,
33332,72174,DeathKnight,Unholy,Rider of the Apocalypse,DPS,EU,Temple of Sethraliss,12,1,1514.2,194836,0,306.0,2026-08-22,0,-1,,,,
33332,30842,Warlock,Destruction,Diabolist,DPS,EU,Temple of Sethraliss,12,1,1514.2,182242,0,305.0,2026-08-22,0,-1,,,,
33332,49572,Shaman,Elemental,Farseer,DPS,EU,Temple of Sethraliss,12,1,1514.2,208641,0,302.0,2026-08-22,0,-1,,,,
47746,12912,Warrior,Protection,Mountain Thane,Tank,EU,Kings' Rest,10,1,1210.4,100659,0,302.0,2026-08-22,0,-1,,,,2762
47746,12913,Paladin,Holy,Herald of the Sun,Healer,EU,Kings' Rest,10,1,1210.4,18026,0,302.0,2026-08-22,0,-1,,,,2747
47746,12914,Warrior,Arms,Slayer,DPS,EU,Kings' Rest,10,1,1210.4,161165,1,308.0,2026-08-22,0,-1,,,,
47746,64599,Warrior,Arms,Slayer,DPS,EU,Kings' Rest,10,1,1210.4,171897,0,310.0,2026-08-22,0,-1,,,,
47746,99287,DeathKnight,Unholy,Rider of the Apocalypse,DPS,EU,Kings' Rest,10,1,1210.4,142978,1,292.0,2026-08-22,0,-1,,,,
52767,112133,DeathKnight,Blood,San'layn,Tank,EU,Ruby Life Pools,5,1,919.2,107152,0,293.0,2026-08-22,0,-1,,,,
52767,106165,Druid,Restoration,Wildstalker,Healer,EU,Ruby Life Pools,5,1,919.2,1799,0,286.0,2026-08-22,0,-1,,,,
52767,112134,Shaman,Elemental,Farseer,DPS,EU,Ruby Life Pools,5,1,919.2,118317,0,293.0,2026-08-22,0,-1,,,,
52767,112135,Hunter,BeastMastery,Pack Leader,DPS,EU,Ruby Life Pools,5,1,919.2,122627,0,294.0,2026-08-22,0,-1,,,,
52767,112136,Warrior,Arms,Slayer,DPS,EU,Ruby Life Pools,5,1,919.2,169249,0,293.0,2026-08-22,0,-1,,,,
85602,85879,DeathKnight,Blood,San'layn,Tank,EU,Temple of Sethraliss,11,1,1199.7,157174,0,308.0,2026-08-23,0,-1,1242.0,35.3,1,
85602,57115,Priest,Holy,Oracle,Healer,EU,Temple of Sethraliss,11,1,1199.7,36712,2,295.0,2026-08-23,0,-1,1242.0,35.3,0,
85602,147301,Rogue,Assassination,Deathstalker,DPS,EU,Temple of Sethraliss,11,1,1199.7,235772,2,302.0,2026-08-23,0,-1,1242.0,35.3,,
85602,137011,Paladin,Retribution,Herald of the Sun,DPS,EU,Temple of Sethraliss,11,1,1199.7,209753,1,311.0,2026-08-23,0,-1,1242.0,35.3,2,
85602,150945,Shaman,Elemental,Farseer,DPS,EU,Temple of Sethraliss,11,1,1199.7,181774,3,291.0,2026-08-23,0,-1,1242.0,35.3,0,
55353,19030,DeathKnight,Blood,San'layn,Tank,EU,Ruby Life Pools,14,0,1614.5,151922,1,300.0,2026-08-22,0,-1,,,,
55353,18075,Shaman,Restoration,Totemic,Healer,EU,Ruby Life Pools,14,0,1614.5,35544,1,310.0,2026-08-22,0,-1,,,,
55353,115833,Warrior,Arms,Slayer,DPS,EU,Ruby Life Pools,14,0,1614.5,208595,3,300.0,2026-08-22,0,-1,,,,
55353,73151,Monk,Windwalker,Shado-Pan,DPS,EU,Ruby Life Pools,14,0,1614.5,203808,3,307.0,2026-08-22,0,-1,,,,
55353,83074,Druid,Feral,Druid of the Claw,DPS,EU,Ruby Life Pools,14,0,1614.5,222224,3,306.0,2026-08-22,0,-1,,,,
35206,66169,DeathKnight,Blood,San'layn,Tank,CN,Kings' Rest,11,1,1209.5,118438,0,315.0,2026-08-22,0,-1,1216.0,38.6,,
35206,66170,Paladin,Holy,Lightsmith,Healer,CN,Kings' Rest,11,1,1209.5,67349,0,307.0,2026-08-22,0,-1,1216.0,38.6,,
35206,66172,Mage,Arcane,Sunfury,DPS,CN,Kings' Rest,11,1,1209.5,189328,2,313.0,2026-08-22,0,-1,1216.0,38.6,,
35206,66171,Warrior,Arms,Slayer,DPS,CN,Kings' Rest,11,1,1209.5,182544,0,314.0,2026-08-22,0,-1,1216.0,38.6,,
35206,76106,Warrior,Arms,Slayer,DPS,CN,Kings' Rest,11,1,1209.5,102588,1,295.0,2026-08-22,0,-1,1216.0,38.6,,
16159,27385,DeathKnight,Blood,San'layn,Tank,EU,Altar of Fangs,2,1,974.9,65288,0,291.0,2026-08-19,0,-1,966.0,46.3,,
16159,35014,Paladin,Holy,Lightsmith,Healer,EU,Altar of Fangs,2,1,974.9,13745,0,262.0,2026-08-19,0,-1,966.0,46.3,,
16159,35015,Warrior,Arms,Slayer,DPS,EU,Altar of Fangs,2,1,974.9,140879,0,279.0,2026-08-19,0,-1,966.0,46.3,,
16159,35016,Hunter,BeastMastery,Pack Leader,DPS,EU,Altar of Fangs,2,1,974.9,138149,0,294.0,2026-08-19,0,-1,966.0,46.3,,
16159,35017,Druid,Balance,Elune's Chosen,DPS,EU,Altar of Fangs,2,1,974.9,120118,1,293.0,2026-08-19,0,-1,966.0,46.3,,
22962,44260,Druid,Guardian,Elune's Chosen,Tank,EU,Den of Nalorakk,7,1,1264.5,55224,0,290.0,2026-08-19,0,-1,1256.0,34.6,,
22962,44261,Shaman,Restoration,Totemic,Healer,EU,Den of Nalorakk,7,1,1264.5,18512,0,275.0,2026-08-19,0,-1,1256.0,34.6,,
22962,22921,Mage,Arcane,Sunfury,DPS,EU,Den of Nalorakk,7,1,1264.5,160723,0,297.0,2026-08-19,0,-1,1256.0,34.6,,
22962,44262,Warlock,Demonology,Diabolist,DPS,EU,Den of Nalorakk,7,1,1264.5,146338,0,292.0,2026-08-19,0,-1,1256.0,34.6,,
22962,44263,Hunter,BeastMastery,Pack Leader,DPS,EU,Den of Nalorakk,7,1,1264.5,131081,0,294.0,2026-08-19,0,-1,1256.0,34.6,,
16778,21179,Paladin,Protection,Templar,Tank,EU,Altar of Fangs,5,1,1067.0,100892,0,297.0,2026-08-19,0,-1,1058.0,41.2,,
16778,36897,Priest,Discipline,Oracle,Healer,EU,Altar of Fangs,5,1,1067.0,17608,0,282.0,2026-08-19,0,-1,1058.0,41.2,,
16778,36898,Mage,Arcane,Sunfury,DPS,EU,Altar of Fangs,5,1,1067.0,127031,1,288.0,2026-08-19,0,-1,1058.0,41.2,,
16778,36899,DemonHunter,Devourer,Void-Scarred,DPS,EU,Altar of Fangs,5,1,1067.0,134909,0,298.0,2026-08-19,0,-1,1058.0,41.2,,
16778,36900,DemonHunter,Havoc,Fel-Scarred,DPS,EU,Altar of Fangs,5,1,1067.0,170554,0,291.0,2026-08-19,0,-1,1058.0,41.2,,
16101,7808,DeathKnight,Blood,San'layn,Tank,US,Murder Row,8,1,1234.8,82350,0,291.0,2026-08-18,0,-1,1226.0,39.9,,2739
16101,30551,Priest,Discipline,Voidweaver,Healer,US,Murder Row,8,1,1234.8,31929,0,291.0,2026-08-18,0,-1,1226.0,39.9,,
16101,7811,Mage,Arcane,Sunfury,DPS,US,Murder Row,8,1,1234.8,160155,0,293.0,2026-08-18,0,-1,1226.0,39.9,,2726
16101,7810,Evoker,Devastation,Scalecommander,DPS,US,Murder Row,8,1,1234.8,199024,0,294.0,2026-08-18,0,-1,1226.0,39.9,,2739
16101,8172,Hunter,BeastMastery,Pack Leader,DPS,US,Murder Row,8,1,1234.8,150780,0,294.0,2026-08-18,0,-1,1226.0,39.9,,
6611,13838,DeathKnight,Blood,San'layn,Tank,EU,Temple of Sethraliss,10,1,1304.7,120438,0,301.0,2026-08-19,0,-1,1302.0,32.2,,3302
6611,14069,Paladin,Holy,Lightsmith,Healer,EU,Temple of Sethraliss,10,1,1304.7,58226,0,298.0,2026-08-19,0,-1,1302.0,32.2,,2907
6611,14070,DemonHunter,Havoc,Fel-Scarred,DPS,EU,Temple of Sethraliss,10,1,1304.7,166955,0,293.0,2026-08-19,0,-1,1302.0,32.2,,
6611,14071,Paladin,Retribution,Templar,DPS,EU,Temple of Sethraliss,10,1,1304.7,168009,0,293.0,2026-08-19,0,-1,1302.0,32.2,,
6611,13841,Mage,Arcane,Sunfury,DPS,EU,Temple of Sethraliss,10,1,1304.7,194761,1,301.0,2026-08-19,0,-1,1302.0,32.2,,3131
16125,34898,Paladin,Protection,Lightsmith,Tank,EU,Kings' Rest,4,1,1149.0,55412,0,293.0,2026-08-19,0,-1,1141.0,42.4,,
16125,34899,Monk,Mistweaver,Conduit of the Celestials,Healer,EU,Kings' Rest,4,1,1149.0,27763,0,288.0,2026-08-19,0,-1,1141.0,42.4,,
16125,34900,DeathKnight,Unholy,Rider of the Apocalypse,DPS,EU,Kings' Rest,4,1,1149.0,77613,0,289.0,2026-08-19,0,-1,1141.0,42.4,,
16125,34901,Priest,Shadow,Archon,DPS,EU,Kings' Rest,4,1,1149.0,84549,0,288.0,2026-08-19,0,-1,1141.0,42.4,,
16125,34902,Shaman,Elemental,Farseer,DPS,EU,Kings' Rest,4,1,1149.0,98190,0,295.0,2026-08-19,0,-1,1141.0,42.4,,
12645,18869,Paladin,Protection,Templar,Tank,EU,Murder Row,11,1,1665.4,104609,0,293.0,2026-08-19,0,-1,1667.0,18.3,,
12645,14659,Paladin,Holy,Herald of the Sun,Healer,EU,Murder Row,11,1,1665.4,13142,0,290.0,2026-08-19,0,-1,1667.0,18.3,,
12645,14662,Druid,Balance,Elune's Chosen,DPS,EU,Murder Row,11,1,1665.4,186655,0,300.0,2026-08-19,0,-1,1667.0,18.3,,
12645,20614,Hunter,BeastMastery,Pack Leader,DPS,EU,Murder Row,11,1,1665.4,176616,0,302.0,2026-08-19,0,-1,1667.0,18.3,,
12645,14658,DemonHunter,Devourer,Void-Scarred,DPS,EU,Murder Row,11,1,1665.4,170165,2,296.0,2026-08-19,0,-1,1667.0,18.3,,
25260,12897,DeathKnight,Blood,San'layn,Tank,EU,The Blinding Vale,11,1,1293.2,103034,0,302.0,2026-08-21,0,-1,1290.0,28.4,,
25260,12898,Priest,Discipline,Voidweaver,Healer,EU,The Blinding Vale,11,1,1293.2,38691,1,307.0,2026-08-21,0,-1,1290.0,28.4,,
25260,12901,Mage,Arcane,Sunfury,DPS,EU,The Blinding Vale,11,1,1293.2,208767,0,309.0,2026-08-21,0,-1,1290.0,28.4,,
25260,12899,Evoker,Devastation,Scalecommander,DPS,EU,The Blinding Vale,11,1,1293.2,244538,0,307.0,2026-08-21,0,-1,1290.0,28.4,,
25260,12900,Warlock,Demonology,Diabolist,DPS,EU,The Blinding Vale,11,1,1293.2,214345,0,303.0,2026-08-21,0,-1,1290.0,28.4,,
37596,80980,DeathKnight,Blood,Deathbringer,Tank,EU,Altar of Fangs,7,1,1163.2,85214,0,295.0,2026-08-20,0,-1,1155.0,35.8,,
37596,80981,Evoker,Preservation,Flameshaper,Healer,EU,Altar of Fangs,7,1,1163.2,49846,0,300.0,2026-08-20,0,-1,1155.0,35.8,,
37596,52077,Warrior,Arms,Slayer,DPS,EU,Altar of Fangs,7,1,1163.2,244269,0,299.0,2026-08-20,0,-1,1155.0,35.8,,
37596,80982,Rogue,Subtlety,Deathstalker,DPS,EU,Altar of Fangs,7,1,1163.2,158259,0,294.0,2026-08-20,0,-1,1155.0,35.8,,
37596,61700,Shaman,Elemental,Farseer,DPS,EU,Altar of Fangs,7,1,1163.2,169502,0,297.0,2026-08-20,0,-1,1155.0,35.8,,
82036,20391,Paladin,Protection,Lightsmith,Tank,EU,Altar of Fangs,12,1,1369.0,146376,0,307.0,2026-08-22,0,-1,1406.0,21.9,,
82036,20392,Evoker,Preservation,Flameshaper,Healer,EU,Altar of Fangs,12,1,1369.0,49504,1,304.0,2026-08-22,0,-1,1406.0,21.9,,
82036,20395,DemonHunter,Devourer,Void-Scarred,DPS,EU,Altar of Fangs,12,1,1369.0,259402,2,307.0,2026-08-22,0,-1,1406.0,21.9,,
82036,101593,Shaman,Elemental,Farseer,DPS,EU,Altar of Fangs,12,1,1369.0,240514,0,305.0,2026-08-22,0,-1,1406.0,21.9,,
82036,96309,Druid,Balance,Elune's Chosen,DPS,EU,Altar of Fangs,12,1,1369.0,245664,0,308.0,2026-08-22,0,-1,1406.0,21.9,,
36840,79372,DeathKnight,Blood,Deathbringer,Tank,EU,The Blinding Vale,2,1,998.6,87726,0,289.0,2026-08-22,0,-1,,,,
36840,79373,Paladin,Holy,Herald of the Sun,Healer,EU,The Blinding Vale,2,1,998.6,8437,0,300.0,2026-08-22,0,-1,,,,
36840,66725,Hunter,BeastMastery,Pack Leader,DPS,EU,The Blinding Vale,2,1,998.6,137898,0,296.0,2026-08-22,0,-1,,,,
36840,78143,Mage,Arcane,Sunfury,DPS,EU,The Blinding Vale,2,1,998.6,103591,1,285.0,2026-08-22,0,-1,,,,
36840,79374,Shaman,Elemental,Farseer,DPS,EU,The Blinding Vale,2,1,998.6,125239,0,288.0,2026-08-22,0,-1,,,,
63241,70471,DeathKnight,Blood,San'layn,Tank,CN,Kings' Rest,11,1,1215.1,112534,0,313.0,2026-08-23,0,-1,1211.0,38.8,,
63241,70472,Paladin,Holy,Lightsmith,Healer,CN,Kings' Rest,11,1,1215.1,42375,0,308.0,2026-08-23,0,-1,1211.0,38.8,,
63241,136155,Rogue,Subtlety,Trickster,DPS,CN,Kings' Rest,11,1,1215.1,145124,1,296.0,2026-08-23,0,-1,1211.0,38.8,,
63241,70475,Mage,Arcane,Sunfury,DPS,CN,Kings' Rest,11,1,1215.1,215297,0,311.0,2026-08-23,0,-1,1211.0,38.8,,
63241,136156,Shaman,Elemental,Farseer,DPS,CN,Kings' Rest,11,1,1215.1,131756,0,299.0,2026-08-23,0,-1,1211.0,38.8,,
61610,25251,DeathKnight,Blood,San'layn,Tank,EU,Voidscar Arena,10,1,1061.0,119915,0,302.0,2026-08-23,0,-1,1052.0,41.6,,
61610,12646,Shaman,Restoration,Farseer,Healer,EU,Voidscar Arena,10,1,1061.0,34327,0,303.0,2026-08-23,0,-1,1052.0,41.6,,
61610,132162,Mage,Arcane,Sunfury,DPS,EU,Voidscar Arena,10,1,1061.0,212683,0,302.0,2026-08-23,0,-1,1052.0,41.6,,
61610,132163,Mage,Arcane,Sunfury,DPS,EU,Voidscar Arena,10,1,1061.0,212212,0,308.0,2026-08-23,0,-1,1052.0,41.6,,
61610,132164,Rogue,Assassination,Deathstalker,DPS,EU,Voidscar Arena,10,1,1061.0,227897,0,294.0,2026-08-23,0,-1,1052.0,41.6,,
14994,31108,DemonHunter,Vengeance,Annihilator,Tank,EU,Murder Row,9,1,1249.3,100997,0,284.0,2026-08-19,0,-1,1251.0,38.7,,
14994,31241,Paladin,Holy,Lightsmith,Healer,EU,Murder Row,9,1,1249.3,27873,0,293.0,2026-08-19,0,-1,1251.0,38.7,,
14994,20696,Warrior,Arms,Slayer,DPS,EU,Murder Row,9,1,1249.3,177406,2,290.0,2026-08-19,0,-1,1251.0,38.7,,
14994,19159,Rogue,Assassination,Deathstalker,DPS,EU,Murder Row,9,1,1249.3,224563,0,294.0,2026-08-19,0,-1,1251.0,38.7,,3259
14994,31242,Mage,Arcane,Sunfury,DPS,EU,Murder Row,9,1,1249.3,145812,0,292.0,2026-08-19,0,-1,1251.0,38.7,,
75415,20260,DeathKnight,Blood,San'layn,Tank,EU,Murder Row,14,1,1796.8,126399,0,308.0,2026-08-22,0,-1,1848.0,9.4,,
75415,105486,Paladin,Holy,Herald of the Sun,Healer,EU,Murder Row,14,1,1796.8,15617,2,297.0,2026-08-22,0,-1,1848.0,9.4,,
75415,75365,Warlock,Demonology,Diabolist,DPS,EU,Murder Row,14,1,1796.8,226278,0,311.0,2026-08-22,0,-1,1848.0,9.4,,
75415,20261,Warrior,Arms,Slayer,DPS,EU,Murder Row,14,1,1796.8,194437,1,310.0,2026-08-22,0,-1,1848.0,9.4,,
75415,72027,Mage,Arcane,Sunfury,DPS,EU,Murder Row,14,1,1796.8,218662,1,308.0,2026-08-22,0,-1,1848.0,9.4,,
67264,24787,Warrior,Protection,Mountain Thane,Tank,US,Altar of Fangs,12,1,1418.3,149301,0,305.0,2026-08-22,0,-1,1410.0,21.7,,
67264,44659,Shaman,Restoration,Totemic,Healer,US,Altar of Fangs,12,1,1418.3,46745,0,311.0,2026-08-22,0,-1,1410.0,21.7,,
67264,122566,DemonHunter,Devourer,Annihilator,DPS,US,Altar of Fangs,12,1,1418.3,183087,0,306.0,2026-08-22,0,-1,1410.0,21.7,,
67264,10477,Warlock,Demonology,Diabolist,DPS,US,Altar of Fangs,12,1,1418.3,292737,0,310.0,2026-08-22,0,-1,1410.0,21.7,,
67264,122567,Rogue,Subtlety,Deathstalker,DPS,US,Altar of Fangs,12,1,1418.3,203598,0,306.0,2026-08-22,0,-1,1410.0,21.7,,
17918,19424,DemonHunter,Vengeance,Annihilator,Tank,EU,Murder Row,11,1,1482.3,94288,0,294.0,2026-08-20,0,-1,1474.0,27.7,,
17918,15661,Shaman,Restoration,Totemic,Healer,EU,Murder Row,11,1,1482.3,21359,0,304.0,2026-08-20,0,-1,1474.0,27.7,,
17918,22906,Hunter,BeastMastery,Pack Leader,DPS,EU,Murder Row,11,1,1482.3,180021,0,303.0,2026-08-20,0,-1,1474.0,27.7,,
17918,39712,Mage,Arcane,Sunfury,DPS,EU,Murder Row,11,1,1482.3,212646,0,305.0,2026-08-20,0,-1,1474.0,27.7,,
17918,25690,DemonHunter,Havoc,Fel-Scarred,DPS,EU,Murder Row,11,1,1482.3,184289,0,293.0,2026-08-20,0,-1,1474.0,27.7,,
20800,21825,DeathKnight,Blood,San'layn,Tank,EU,The Blinding Vale,10,1,1118.4,116494,0,297.0,2026-08-19,0,-1,1120.0,37.8,,
20800,46299,Priest,Discipline,Oracle,Healer,EU,The Blinding Vale,10,1,1118.4,16522,1,293.0,2026-08-19,0,-1,1120.0,37.8,,
20800,21827,Paladin,Retribution,Templar,DPS,EU,The Blinding Vale,10,1,1118.4,201652,0,296.0,2026-08-19,0,-1,1120.0,37.8,,
20800,17244,Hunter,Marksmanship,Sentinel,DPS,EU,The Blinding Vale,10,1,1118.4,211811,0,298.0,2026-08-19,0,-1,1120.0,37.8,,
20800,21828,Shaman,Elemental,Farseer,DPS,EU,The Blinding Vale,10,1,1118.4,250420,1,294.0,2026-08-19,0,-1,1120.0,37.8,,
2612,2635,DemonHunter,Vengeance,Annihilator,Tank,US,Altar of Fangs,11,1,1540.4,119200,0,297.0,2026-08-19,0,-1,1531.0,14.9,,2712
2612,2636,Paladin,Holy,Herald of the Sun,Healer,US,Altar of Fangs,11,1,1540.4,38832,0,298.0,2026-08-19,0,-1,1531.0,14.9,,2718
2612,2639,Druid,Balance,Elune's Chosen,DPS,US,Altar of Fangs,11,1,1540.4,218339,0,297.0,2026-08-19,0,-1,1531.0,14.9,,2716
2612,3696,Rogue,Subtlety,Deathstalker,DPS,US,Altar of Fangs,11,1,1540.4,178806,0,295.0,2026-08-19,0,-1,1531.0,14.9,,2726
2612,2637,Mage,Arcane,Sunfury,DPS,US,Altar of Fangs,11,1,1540.4,199436,0,294.0,2026-08-19,0,-1,1531.0,14.9,,2986
2290,3231,Paladin,Protection,Lightsmith,Tank,US,Voidscar Arena,11,0,1811.5,78418,2,291.0,2026-08-19,0,-1,1883.0,-4.6,,
2290,4429,Shaman,Restoration,Totemic,Healer,US,Voidscar Arena,11,0,1811.5,22316,4,294.0,2026-08-19,0,-1,1883.0,-4.6,,
2290,3232,Shaman,Elemental,Farseer,DPS,US,Voidscar Arena,11,0,1811.5,139327,4,284.0,2026-08-19,0,-1,1883.0,-4.6,,
2290,3233,Monk,Windwalker,Shado-Pan,DPS,US,Voidscar Arena,11,0,1811.5,161997,4,295.0,2026-08-19,0,-1,1883.0,-4.6,,
2290,523,DeathKnight,Unholy,Rider of the Apocalypse,DPS,US,Voidscar Arena,11,0,1811.5,163119,3,293.0,2026-08-19,0,-1,1883.0,-4.6,,3106
69205,22516,DeathKnight,Blood,San'layn,Tank,US,Temple of Sethraliss,13,1,1511.4,113870,0,309.0,2026-08-21,0,-1,1548.0,19.4,,
69205,22517,Shaman,Restoration,Totemic,Healer,US,Temple of Sethraliss,13,1,1511.4,20521,0,305.0,2026-08-21,0,-1,1548.0,19.4,,
69205,22518,Warrior,Arms,Slayer,DPS,US,Temple of Sethraliss,13,1,1511.4,219743,2,306.0,2026-08-21,0,-1,1548.0,19.4,,
69205,139618,Mage,Arcane,Sunfury,DPS,US,Temple of Sethraliss,13,1,1511.4,204633,1,303.0,2026-08-21,0,-1,1548.0,19.4,,
69205,82697,Paladin,Retribution,Herald of the Sun,DPS,US,Temple of Sethraliss,13,1,1511.4,255423,0,304.0,2026-08-21,0,-1,1548.0,19.4,,
83317,2457,DeathKnight,Blood,San'layn,Tank,US,The Blinding Vale,13,1,1412.4,194229,0,314.0,2026-08-23,0,-1,1494.0,17.0,2,3150
83317,52587,Monk,Mistweaver,Conduit of the Celestials,Healer,US,The Blinding Vale,13,1,1412.4,44957,2,299.0,2026-08-23,0,-1,1494.0,17.0,0,
83317,2461,Mage,Arcane,Sunfury,DPS,US,The Blinding Vale,13,1,1412.4,203821,1,301.0,2026-08-23,0,-1,1494.0,17.0,0,
83317,2982,Shaman,Elemental,Farseer,DPS,US,The Blinding Vale,13,1,1412.4,230442,3,311.0,2026-08-23,0,-1,1494.0,17.0,1,
83317,7067,Warrior,Arms,Slayer,DPS,US,The Blinding Vale,13,1,1412.4,255751,0,314.0,2026-08-23,0,-1,1494.0,17.0,4,
56239,119370,Druid,Guardian,Elune's Chosen,Tank,US,Temple of Sethraliss,2,1,991.2,70283,0,308.0,2026-08-22,0,-1,,,,
56239,119371,Shaman,Restoration,Totemic,Healer,US,Temple of Sethraliss,2,1,991.2,10199,0,289.0,2026-08-22,0,-1,,,,
56239,119416,Mage,Arcane,Sunfury,DPS,US,Temple of Sethraliss,2,1,991.2,69686,0,292.0,2026-08-22,0,-1,,,,
56239,119373,DemonHunter,Devourer,Annihilator,DPS,US,Temple of Sethraliss,2,1,991.2,155233,0,293.0,2026-08-22,0,-1,,,,
56239,119388,Rogue,Outlaw,Trickster,DPS,US,Temple of Sethraliss,2,1,991.2,122242,0,292.0,2026-08-22,0,-1,,,,
75223,10771,Druid,Guardian,Elune's Chosen,Tank,US,Temple of Sethraliss,14,1,1525.5,106141,0,313.0,2026-08-23,0,-1,1516.0,21.0,,
75223,68702,Paladin,Holy,Herald of the Sun,Healer,US,Temple of Sethraliss,14,1,1525.5,16163,0,308.0,2026-08-23,0,-1,1516.0,21.0,,
75223,140314,Shaman,Elemental,Farseer,DPS,US,Temple of Sethraliss,14,1,1525.5,264896,0,307.0,2026-08-23,0,-1,1516.0,21.0,,
75223,3785,DeathKnight,Unholy,Rider of the Apocalypse,DPS,US,Temple of Sethraliss,14,1,1525.5,254929,0,310.0,2026-08-23,0,-1,1516.0,21.0,,
75223,11401,Mage,Arcane,Sunfury,DPS,US,Temple of Sethraliss,14,1,1525.5,285049,0,309.0,2026-08-23,0,-1,1516.0,21.0,,
85605,150951,Paladin,Protection,Lightsmith,Tank,EU,Murder Row,8,1,1209.7,80807,0,286.0,2026-08-23,0,-1,1202.0,41.1,0,
85605,130016,Paladin,Holy,Herald of the Sun,Healer,EU,Murder Row,8,1,1209.7,14744,0,292.0,2026-08-23,0,-1,1202.0,41.1,2,
85605,150952,Mage,Arcane,Sunfury,DPS,EU,Murder Row,8,1,1209.7,208766,0,309.0,2026-08-23,0,-1,1202.0,41.1,2,
85605,150953,Warlock,Demonology,Diabolist,DPS,EU,Murder Row,8,1,1209.7,168171,0,304.0,2026-08-23,0,-1,1202.0,41.1,0,
85605,150954,Monk,Windwalker,Shado-Pan,DPS,EU,Murder Row,8,1,1209.7,175593,0,303.0,2026-08-23,0,-1,1202.0,41.1,4,
78162,95311,DeathKnight,Blood,Deathbringer,Tank,CN,Den of Nalorakk,12,1,1475.5,115230,0,312.0,2026-08-21,0,-1,1482.0,22.8,,
78162,137498,Shaman,Restoration,Totemic,Healer,CN,Den of Nalorakk,12,1,1475.5,17292,0,306.0,2026-08-21,0,-1,1482.0,22.8,,
78162,144678,Mage,Arcane,Sunfury,DPS,CN,Den of Nalorakk,12,1,1475.5,242021,0,305.0,2026-08-21,0,-1,1482.0,22.8,,
78162,141123,Shaman,Elemental,Farseer,DPS,CN,Den of Nalorakk,12,1,1475.5,181319,0,308.0,2026-08-21,0,-1,1482.0,22.8,,
78162,141882,Paladin,Retribution,Herald of the Sun,DPS,CN,Den of Nalorakk,12,1,1475.5,192578,1,306.0,2026-08-21,0,-1,1482.0,22.8,,
13581,15973,DeathKnight,Blood,San'layn,Tank,EU,The Blinding Vale,9,1,1107.3,128168,0,294.0,2026-08-19,0,-1,1103.0,38.7,,
13581,15970,Paladin,Holy,Herald of the Sun,Healer,EU,The Blinding Vale,9,1,1107.3,17569,0,293.0,2026-08-19,0,-1,1103.0,38.7,,
13581,15972,Warrior,Arms,Slayer,DPS,EU,The Blinding Vale,9,1,1107.3,241944,0,293.0,2026-08-19,0,-1,1103.0,38.7,,
13581,15971,Hunter,BeastMastery,Pack Leader,DPS,EU,The Blinding Vale,9,1,1107.3,206164,0,292.0,2026-08-19,0,-1,1103.0,38.7,,
13581,15969,Monk,Windwalker,Shado-Pan,DPS,EU,The Blinding Vale,9,1,1107.3,166308,1,296.0,2026-08-19,0,-1,1103.0,38.7,,
84541,19796,Warrior,Protection,Mountain Thane,Tank,EU,Altar of Fangs,10,1,975.5,186844,0,305.0,2026-08-23,0,-1,967.0,46.3,0,2967
84541,68731,Shaman,Restoration,Totemic,Healer,EU,Altar of Fangs,10,1,975.5,27778,0,303.0,2026-08-23,0,-1,967.0,46.3,0,
84541,59021,DemonHunter,Devourer,Annihilator,DPS,EU,Altar of Fangs,10,1,975.5,258449,0,308.0,2026-08-23,0,-1,967.0,46.3,4,
84541,141868,Rogue,Outlaw,Trickster,DPS,EU,Altar of Fangs,10,1,975.5,307744,0,306.0,2026-08-23,0,-1,967.0,46.3,4,
84541,85282,Evoker,Devastation,Scalecommander,DPS,EU,Altar of Fangs,10,1,975.5,295461,0,311.0,2026-08-23,0,-1,967.0,46.3,4,
84889,114179,Druid,Guardian,Elune's Chosen,Tank,EU,Ruby Life Pools,14,1,1475.8,114679,0,311.0,2026-08-23,0,-1,1468.0,12.6,4,
84889,17241,Paladin,Holy,Herald of the Sun,Healer,EU,Ruby Life Pools,14,1,1475.8,26258,0,309.0,2026-08-23,0,-1,1468.0,12.6,4,
84889,56921,Warrior,Arms,Slayer,DPS,EU,Ruby Life Pools,14,1,1475.8,257679,0,308.0,2026-08-23,0,-1,1468.0,12.6,4,
84889,19887,Mage,Arcane,Sunfury,DPS,EU,Ruby Life Pools,14,1,1475.8,280862,0,309.0,2026-08-23,0,-1,1468.0,12.6,2,
84889,98987,Rogue,Outlaw,Trickster,DPS,EU,Ruby Life Pools,14,1,1475.8,204169,0,309.0,2026-08-23,0,-1,1468.0,12.6,2,
47553,82643,DeathKnight,Blood,San'layn,Tank,CN,Kings' Rest,11,1,1155.6,120166,0,312.0,2026-08-22,0,-1,1158.0,41.5,,
47553,82644,Paladin,Holy,Lightsmith,Healer,CN,Kings' Rest,11,1,1155.6,47933,1,305.0,2026-08-22,0,-1,1158.0,41.5,,
47553,82646,Mage,Arcane,Sunfury,DPS,CN,Kings' Rest,11,1,1155.6,222655,0,308.0,2026-08-22,0,-1,1158.0,41.5,,
47553,99544,Mage,Arcane,Sunfury,DPS,CN,Kings' Rest,11,1,1155.6,173430,0,301.0,2026-08-22,0,-1,1158.0,41.5,,
47553,100493,Mage,Arcane,Sunfury,DPS,CN,Kings' Rest,11,1,1155.6,121463,1,300.0,2026-08-22,0,-1,1158.0,41.5,,
8432,17262,DeathKnight,Blood,San'layn,Tank,EU,Den of Nalorakk,10,1,1376.7,99962,0,294.0,2026-08-19,0,-1,1388.0,27.7,,
8432,16790,Druid,Restoration,Wildstalker,Healer,EU,Den of Nalorakk,10,1,1376.7,17842,0,295.0,2026-08-19,0,-1,1388.0,27.7,,
8432,13117,Rogue,Outlaw,Trickster,DPS,EU,Den of Nalorakk,10,1,1376.7,181639,1,293.0,2026-08-19,0,-1,1388.0,27.7,,
8432,13116,Paladin,Retribution,Templar,DPS,EU,Den of Nalorakk,10,1,1376.7,142335,2,293.0,2026-08-19,0,-1,1388.0,27.7,,
8432,17263,Warlock,Demonology,Diabolist,DPS,EU,Den of Nalorakk,10,1,1376.7,178458,1,294.0,2026-08-19,0,-1,1388.0,27.7,,
74003,12833,Monk,Brewmaster,Master of Harmony,Tank,US,Kings' Rest,15,1,1731.0,95258,1,309.0,2026-08-23,0,-1,1843.0,6.9,,
74003,12834,Shaman,Restoration,Totemic,Healer,US,Kings' Rest,15,1,1731.0,34201,0,308.0,2026-08-23,0,-1,1843.0,6.9,,
74003,8288,Druid,Feral,Druid of the Claw,DPS,US,Kings' Rest,15,1,1731.0,158308,3,304.0,2026-08-23,0,-1,1843.0,6.9,,3326
74003,5211,Rogue,Outlaw,Trickster,DPS,US,Kings' Rest,15,1,1731.0,187007,2,310.0,2026-08-23,0,-1,1843.0,6.9,,3327
74003,43430,Warrior,Arms,Slayer,DPS,US,Kings' Rest,15,1,1731.0,179671,2,302.0,2026-08-23,0,-1,1843.0,6.9,,
48132,99007,Druid,Guardian,Elune's Chosen,Tank,CN,Altar of Fangs,13,1,1623.4,142912,0,309.0,2026-08-22,0,-1,,,,
48132,99008,Priest,Holy,Oracle,Healer,CN,Altar of Fangs,13,1,1623.4,4525,0,301.0,2026-08-22,0,-1,,,,
48132,99010,Mage,Arcane,Sunfury,DPS,CN,Altar of Fangs,13,1,1623.4,224867,0,307.0,2026-08-22,0,-1,,,,
48132,88464,DeathKnight,Unholy,San'layn,DPS,CN,Altar of Fangs,13,1,1623.4,247617,0,308.0,2026-08-22,0,-1,,,,
48132,99009,Warrior,Arms,Slayer,DPS,CN,Altar of Fangs,13,1,1623.4,249020,0,300.0,2026-08-22,0,-1,,,,
38024,30550,Warrior,Protection,Mountain Thane,Tank,EU,The Blinding Vale,10,1,1102.6,126586,0,295.0,2026-08-21,0,-1,1104.0,38.7,,
38024,81791,Priest,Holy,Oracle,Healer,EU,The Blinding Vale,10,1,1102.6,43615,0,305.0,2026-08-21,0,-1,1104.0,38.7,,
38024,58786,DemonHunter,Devourer,Void-Scarred,DPS,EU,The Blinding Vale,10,1,1102.6,231252,0,305.0,2026-08-21,0,-1,1104.0,38.7,,
38024,78923,Mage,Arcane,Sunfury,DPS,EU,The Blinding Vale,10,1,1102.6,219556,1,301.0,2026-08-21,0,-1,1104.0,38.7,,
38024,73635,Evoker,Devastation,Scalecommander,DPS,EU,The Blinding Vale,10,1,1102.6,279587,0,304.0,2026-08-21,0,-1,1104.0,38.7,,
86524,43846,DeathKnight,Blood,San'layn,Tank,EU,The Blinding Vale,4,1,949.6,139312,0,304.0,2026-08-23,0,-1,941.0,47.7,1,
86524,43847,Paladin,Holy,Herald of the Sun,Healer,EU,The Blinding Vale,4,1,949.6,29172,0,301.0,2026-08-23,0,-1,941.0,47.7,0,
86524,116043,Warlock,Destruction,Diabolist,DPS,EU,The Blinding Vale,4,1,949.6,131678,0,294.0,2026-08-23,0,-1,941.0,47.7,0,
86524,152386,Shaman,Enhancement,Stormbringer,DPS,EU,The Blinding Vale,4,1,949.6,121194,0,290.0,2026-08-23,0,-1,941.0,47.7,0,
86524,152387,Monk,Windwalker,Shado-Pan,DPS,EU,The Blinding Vale,4,1,949.6,100300,0,293.0,2026-08-23,0,-1,941.0,47.7,2,
7911,13118,Warrior,Protection,Mountain Thane,Tank,EU,Temple of Sethraliss,11,1,1475.4,134259,0,295.0,2026-08-19,0,-1,1492.0,22.3,,
7911,13119,Priest,Holy,Oracle,Healer,EU,Temple of Sethraliss,11,1,1475.4,25893,0,294.0,2026-08-19,0,-1,1492.0,22.3,,
7911,13120,Druid,Balance,Elune's Chosen,DPS,EU,Temple of Sethraliss,11,1,1475.4,131508,2,297.0,2026-08-19,0,-1,1492.0,22.3,,
7911,13121,Mage,Arcane,Sunfury,DPS,EU,Temple of Sethraliss,11,1,1475.4,191766,1,299.0,2026-08-19,0,-1,1492.0,22.3,,
7911,13122,Monk,Windwalker,Shado-Pan,DPS,EU,Temple of Sethraliss,11,1,1475.4,196586,2,297.0,2026-08-19,0,-1,1492.0,22.3,,
72011,138445,DeathKnight,Blood,San'layn,Tank,EU,Altar of Fangs,13,1,1528.4,151293,0,313.0,2026-08-22,0,-1,1595.0,11.4,,
72011,17310,Shaman,Restoration,Totemic,Healer,EU,Altar of Fangs,13,1,1528.4,35700,1,307.0,2026-08-22,0,-1,1595.0,11.4,,
72011,59611,Hunter,BeastMastery,Pack Leader,DPS,EU,Altar of Fangs,13,1,1528.4,231247,2,305.0,2026-08-22,0,-1,1595.0,11.4,,
72011,17311,Rogue,Assassination,Deathstalker,DPS,EU,Altar of Fangs,13,1,1528.4,259766,2,299.0,2026-08-22,0,-1,1595.0,11.4,,
72011,93179,Warrior,Arms,Slayer,DPS,EU,Altar of Fangs,13,1,1528.4,244803,0,305.0,2026-08-22,0,-1,1595.0,11.4,,
33380,12833,Monk,Brewmaster,Master of Harmony,Tank,US,Temple of Sethraliss,12,1,1476.0,96429,0,308.0,2026-08-21,0,-1,1483.0,22.8,,
33380,12834,Shaman,Restoration,Totemic,Healer,US,Temple of Sethraliss,12,1,1476.0,27517,0,305.0,2026-08-21,0,-1,1483.0,22.8,,
33380,47543,Hunter,BeastMastery,Pack Leader,DPS,US,Temple of Sethraliss,12,1,1476.0,217943,0,308.0,2026-08-21,0,-1,1483.0,22.8,,
33380,9876,Rogue,Outlaw,Trickster,DPS,US,Temple of Sethraliss,12,1,1476.0,233691,1,303.0,2026-08-21,0,-1,1483.0,22.8,,
33380,20713,Warrior,Arms,Slayer,DPS,US,Temple of Sethraliss,12,1,1476.0,193279,0,307.0,2026-08-21,0,-1,1483.0,22.8,,
86666,83945,Druid,Guardian,Elune's Chosen,Tank,EU,The Blinding Vale,14,1,1636.5,144629,0,308.0,2026-08-23,0,-1,1688.0,6.2,2,
86666,54147,Shaman,Restoration,Totemic,Healer,EU,The Blinding Vale,14,1,1636.5,6887,0,307.0,2026-08-23,0,-1,1688.0,6.2,2,
86666,24470,Paladin,Retribution,Herald of the Sun,DPS,EU,The Blinding Vale,14,1,1636.5,252000,1,312.0,2026-08-23,0,-1,1688.0,6.2,3,
86666,116049,DeathKnight,Unholy,Rider of the Apocalypse,DPS,EU,The Blinding Vale,14,1,1636.5,244849,1,311.0,2026-08-23,0,-1,1688.0,6.2,2,
86666,90299,DemonHunter,Devourer,Annihilator,DPS,EU,The Blinding Vale,14,1,1636.5,269586,2,305.0,2026-08-23,0,-1,1688.0,6.2,0,
48112,50920,Paladin,Protection,Lightsmith,Tank,EU,Ruby Life Pools,5,1,876.0,71132,0,304.0,2026-08-22,0,-1,,,,
48112,100207,Priest,Discipline,Oracle,Healer,EU,Ruby Life Pools,5,1,876.0,15380,0,292.0,2026-08-22,0,-1,,,,
48112,100208,Paladin,Retribution,Herald of the Sun,DPS,EU,Ruby Life Pools,5,1,876.0,143411,0,303.0,2026-08-22,0,-1,,,,
48112,100209,Mage,Arcane,Sunfury,DPS,EU,Ruby Life Pools,5,1,876.0,122539,0,304.0,2026-08-22,0,-1,,,,
48112,85260,Mage,Arcane,Sunfury,DPS,EU,Ruby Life Pools,5,1,876.0,205462,0,310.0,2026-08-22,0,-1,,,,
7203,15411,DeathKnight,Blood,San'layn,Tank,US,Altar of Fangs,10,1,1195.2,128767,0,301.0,2026-08-19,0,-1,1201.0,33.3,,
7203,1948,Paladin,Holy,Herald of the Sun,Healer,US,Altar of Fangs,10,1,1195.2,15750,2,297.0,2026-08-19,0,-1,1201.0,33.3,,
7203,14345,Warrior,Arms,Slayer,DPS,US,Altar of Fangs,10,1,1195.2,251243,0,301.0,2026-08-19,0,-1,1201.0,33.3,,
7203,7921,Mage,Arcane,Sunfury,DPS,US,Altar of Fangs,10,1,1195.2,250234,0,302.0,2026-08-19,0,-1,1201.0,33.3,,
7203,1951,Rogue,Subtlety,Deathstalker,DPS,US,Altar of Fangs,10,1,1195.2,233056,1,302.0,2026-08-19,0,-1,1201.0,33.3,,2744
68534,72916,Warrior,Protection,Mountain Thane,Tank,EU,Temple of Sethraliss,14,1,1698.3,117574,1,303.0,2026-08-22,0,-1,1735.0,9.6,,
68534,139134,Shaman,Restoration,Totemic,Healer,EU,Temple of Sethraliss,14,1,1698.3,21650,0,304.0,2026-08-22,0,-1,1735.0,9.6,,
68534,13874,Shaman,Elemental,Farseer,DPS,EU,Temple of Sethraliss,14,1,1698.3,222689,0,306.0,2026-08-22,0,-1,1735.0,9.6,,
68534,86236,DeathKnight,Unholy,San'layn,DPS,EU,Temple of Sethraliss,14,1,1698.3,239011,0,303.0,2026-08-22,0,-1,1735.0,9.6,,
68534,60783,Mage,Arcane,Sunfury,DPS,EU,Temple of Sethraliss,14,1,1698.3,211809,2,306.0,2026-08-22,0,-1,1735.0,9.6,,
30840,66035,Druid,Guardian,Elune's Chosen,Tank,EU,Murder Row,3,1,1048.4,39893,1,289.0,2026-08-20,0,-1,1040.0,49.0,,
30840,66036,Shaman,Restoration,Totemic,Healer,EU,Murder Row,3,1,1048.4,13063,0,285.0,2026-08-20,0,-1,1040.0,49.0,,
30840,66037,Rogue,Subtlety,Deathstalker,DPS,EU,Murder Row,3,1,1048.4,144863,0,303.0,2026-08-20,0,-1,1040.0,49.0,,
30840,66038,DemonHunter,Havoc,Fel-Scarred,DPS,EU,Murder Row,3,1,1048.4,121099,0,300.0,2026-08-20,0,-1,1040.0,49.0,,
30840,66039,Warlock,Demonology,Diabolist,DPS,EU,Murder Row,3,1,1048.4,113334,0,297.0,2026-08-20,0,-1,1040.0,49.0,,
81206,9877,DeathKnight,Blood,San'layn,Tank,US,Murder Row,13,1,1618.9,111280,0,311.0,2026-08-22,0,-1,1655.0,18.9,,
81206,9878,Monk,Mistweaver,Conduit of the Celestials,Healer,US,Murder Row,13,1,1618.9,34685,2,305.0,2026-08-22,0,-1,1655.0,18.9,,
81206,6623,Warrior,Arms,Slayer,DPS,US,Murder Row,13,1,1618.9,206468,0,301.0,2026-08-22,0,-1,1655.0,18.9,,
81206,11220,Mage,Arcane,Sunfury,DPS,US,Murder Row,13,1,1618.9,215027,0,306.0,2026-08-22,0,-1,1655.0,18.9,,
81206,11219,Rogue,Subtlety,Deathstalker,DPS,US,Murder Row,13,1,1618.9,200383,1,305.0,2026-08-22,0,-1,1655.0,18.9,,
6561,752,DeathKnight,Blood,San'layn,Tank,US,Altar of Fangs,10,1,1183.4,110768,0,297.0,2026-08-19,0,-1,1175.0,34.7,,3240
6561,753,Paladin,Holy,Herald of the Sun,Healer,US,Altar of Fangs,10,1,1183.4,47038,0,305.0,2026-08-19,0,-1,1175.0,34.7,,3052
6561,13912,Priest,Shadow,Archon,DPS,US,Altar of Fangs,10,1,1183.4,254184,0,301.0,2026-08-19,0,-1,1175.0,34.7,,
6561,3925,Hunter,BeastMastery,Pack Leader,DPS,US,Altar of Fangs,10,1,1183.4,256514,0,303.0,2026-08-19,0,-1,1175.0,34.7,,
6561,756,Warrior,Arms,Slayer,DPS,US,Altar of Fangs,10,1,1183.4,199414,0,300.0,2026-08-19,0,-1,1175.0,34.7,,3133
76440,76744,DeathKnight,Blood,San'layn,Tank,CN,Voidscar Arena,12,1,1354.8,115991,0,301.0,2026-08-22,0,-1,1376.0,23.6,,
76440,143840,Shaman,Restoration,Totemic,Healer,CN,Voidscar Arena,12,1,1354.8,32405,0,304.0,2026-08-22,0,-1,1376.0,23.6,,
76440,76745,Warrior,Arms,Slayer,DPS,CN,Voidscar Arena,12,1,1354.8,203111,0,306.0,2026-08-22,0,-1,1376.0,23.6,,
76440,144011,Shaman,Elemental,Farseer,DPS,CN,Voidscar Arena,12,1,1354.8,154653,0,309.0,2026-08-22,0,-1,1376.0,23.6,,
76440,71184,Rogue,Assassination,Deathstalker,DPS,CN,Voidscar Arena,12,1,1354.8,263875,2,307.0,2026-08-22,0,-1,1376.0,23.6,,
15653,33433,DeathKnight,Blood,Deathbringer,Tank,EU,Voidscar Arena,4,1,1071.4,64384,0,296.0,2026-08-19,0,-1,1063.0,41.0,,
15653,33434,Shaman,Restoration,Totemic,Healer,EU,Voidscar Arena,4,1,1071.4,13115,1,292.0,2026-08-19,0,-1,1063.0,41.0,,
15653,33435,Warlock,Destruction,Diabolist,DPS,EU,Voidscar Arena,4,1,1071.4,109228,1,293.0,2026-08-19,0,-1,1063.0,41.0,,
15653,33436,DeathKnight,Frost,Deathbringer,DPS,EU,Voidscar Arena,4,1,1071.4,132659,0,297.0,2026-08-19,0,-1,1063.0,41.0,,
15653,33437,Paladin,Retribution,Templar,DPS,EU,Voidscar Arena,4,1,1071.4,106474,0,290.0,2026-08-19,0,-1,1063.0,41.0,,
36632,10964,Druid,Guardian,Elune's Chosen,Tank,US,Ruby Life Pools,11,1,933.9,136312,0,299.0,2026-08-20,0,-1,925.0,44.9,,
36632,78956,Evoker,Preservation,Flameshaper,Healer,US,Ruby Life Pools,11,1,933.9,43197,0,301.0,2026-08-20,0,-1,925.0,44.9,,
36632,1140,DemonHunter,Havoc,Aldrachi Reaver,DPS,US,Ruby Life Pools,11,1,933.9,255061,0,307.0,2026-08-20,0,-1,925.0,44.9,,
36632,19781,Warlock,Demonology,Diabolist,DPS,US,Ruby Life Pools,11,1,933.9,334405,0,305.0,2026-08-20,0,-1,925.0,44.9,,
36632,62514,Warrior,Arms,Slayer,DPS,US,Ruby Life Pools,11,1,933.9,264687,0,306.0,2026-08-20,0,-1,925.0,44.9,,
16600,36397,DemonHunter,Vengeance,Annihilator,Tank,EU,Voidscar Arena,7,1,1129.8,85747,0,289.0,2026-08-19,0,-1,1126.0,37.4,,
16600,24275,Shaman,Restoration,Totemic,Healer,EU,Voidscar Arena,7,1,1129.8,20821,0,289.0,2026-08-19,0,-1,1126.0,37.4,,
16600,36398,Mage,Arcane,Sunfury,DPS,EU,Voidscar Arena,7,1,1129.8,156122,0,293.0,2026-08-19,0,-1,1126.0,37.4,,
16600,36399,Rogue,Subtlety,Deathstalker,DPS,EU,Voidscar Arena,7,1,1129.8,194153,0,292.0,2026-08-19,0,-1,1126.0,37.4,,
16600,22524,Warrior,Arms,Slayer,DPS,EU,Voidscar Arena,7,1,1129.8,156351,1,294.0,2026-08-19,0,-1,1126.0,37.4,,
61553,116111,DeathKnight,Blood,Deathbringer,Tank,EU,Murder Row,10,1,1191.4,140574,0,312.0,2026-08-23,0,-1,1188.0,41.8,,
61553,59448,Paladin,Holy,Herald of the Sun,Healer,EU,Murder Row,10,1,1191.4,15934,0,305.0,2026-08-23,0,-1,1188.0,41.8,,
61553,132010,DeathKnight,Frost,Deathbringer,DPS,EU,Murder Row,10,1,1191.4,197697,0,305.0,2026-08-23,0,-1,1188.0,41.8,,
61553,66184,Mage,Arcane,Sunfury,DPS,EU,Murder Row,10,1,1191.4,228643,1,310.0,2026-08-23,0,-1,1188.0,41.8,,
61553,132011,Druid,Balance,Elune's Chosen,DPS,EU,Murder Row,10,1,1191.4,215764,0,310.0,2026-08-23,0,-1,1188.0,41.8,,
63916,56717,DeathKnight,Blood,San'layn,Tank,EU,Ruby Life Pools,14,1,1449.0,140704,0,310.0,2026-08-23,0,-1,1516.0,9.8,,
63916,56718,Shaman,Restoration,Totemic,Healer,EU,Ruby Life Pools,14,1,1449.0,23276,0,303.0,2026-08-23,0,-1,1516.0,9.8,,
63916,56720,Warrior,Arms,Slayer,DPS,EU,Ruby Life Pools,14,1,1449.0,175667,3,308.0,2026-08-23,0,-1,1516.0,9.8,,
63916,31344,Mage,Arcane,Sunfury,DPS,EU,Ruby Life Pools,14,1,1449.0,271194,0,308.0,2026-08-23,0,-1,1516.0,9.8,,
63916,136745,Druid,Balance,Elune's Chosen,DPS,EU,Ruby Life Pools,14,1,1449.0,224842,2,307.0,2026-08-23,0,-1,1516.0,9.8,,
26132,57965,Monk,Brewmaster,Master of Harmony,Tank,EU,Temple of Sethraliss,10,1,1111.5,106165,0,299.0,2026-08-21,0,-1,1103.0,42.6,,
26132,57966,Paladin,Holy,Herald of the Sun,Healer,EU,Temple of Sethraliss,10,1,1111.5,12205,0,304.0,2026-08-21,0,-1,1103.0,42.6,,
26132,57967,Druid,Balance,Elune's Chosen,DPS,EU,Temple of Sethraliss,10,1,1111.5,207838,0,305.0,2026-08-21,0,-1,1103.0,42.6,,
26132,57968,Hunter,BeastMastery,Pack Leader,DPS,EU,Temple of Sethraliss,10,1,1111.5,194938,0,299.0,2026-08-21,0,-1,1103.0,42.6,,
26132,57969,Warlock,Demonology,Diabolist,DPS,EU,Temple of Sethraliss,10,1,1111.5,264054,0,302.0,2026-08-21,0,-1,1103.0,42.6,,
72312,63026,DeathKnight,Blood,Unknown,Tank,CN,Kings' Rest,14,1,1554.5,102060,0,311.0,2026-08-23,0,-1,1576.0,20.4,,
72312,63027,Paladin,Holy,Unknown,Healer,CN,Kings' Rest,14,1,1554.5,37939,1,308.0,2026-08-23,0,-1,1576.0,20.4,,
72312,63029,Warrior,Arms,Unknown,DPS,CN,Kings' Rest,14,1,1554.5,167282,0,310.0,2026-08-23,0,-1,1576.0,20.4,,
72312,63028,Mage,Arcane,Unknown,DPS,CN,Kings' Rest,14,1,1554.5,202996,0,310.0,2026-08-23,0,-1,1576.0,20.4,,
72312,136233,Paladin,Retribution,Unknown,DPS,CN,Kings' Rest,14,1,1554.5,176444,1,307.0,2026-08-23,0,-1,1576.0,20.4,,
4020,9165,DeathKnight,Blood,San'layn,Tank,US,The Blinding Vale,10,1,1515.8,110350,0,295.0,2026-08-18,0,-1,1512.0,16.0,,
4020,9166,Paladin,Holy,Lightsmith,Healer,US,The Blinding Vale,10,1,1515.8,40911,0,293.0,2026-08-18,0,-1,1512.0,16.0,,
4020,9167,Priest,Shadow,Archon,DPS,US,The Blinding Vale,10,1,1515.8,159137,0,289.0,2026-08-18,0,-1,1512.0,16.0,,
4020,5291,Hunter,BeastMastery,Pack Leader,DPS,US,The Blinding Vale,10,1,1515.8,157913,0,295.0,2026-08-18,0,-1,1512.0,16.0,,2951
4020,9168,DeathKnight,Unholy,Rider of the Apocalypse,DPS,US,The Blinding Vale,10,1,1515.8,153776,1,295.0,2026-08-18,0,-1,1512.0,16.0,,
58160,124021,DeathKnight,Blood,San'layn,Tank,CN,The Blinding Vale,8,1,935.4,113610,0,305.0,2026-08-23,0,-1,947.0,47.4,,
58160,61932,Shaman,Restoration,Totemic,Healer,CN,The Blinding Vale,8,1,935.4,21804,2,309.0,2026-08-23,0,-1,947.0,47.4,,
58160,61935,Shaman,Elemental,Farseer,DPS,CN,The Blinding Vale,8,1,935.4,287786,0,310.0,2026-08-23,0,-1,947.0,47.4,,
58160,124022,Warrior,Arms,Slayer,DPS,CN,The Blinding Vale,8,1,935.4,200114,0,297.0,2026-08-23,0,-1,947.0,47.4,,
58160,124023,Monk,Windwalker,Shado-Pan,DPS,CN,The Blinding Vale,8,1,935.4,197110,2,294.0,2026-08-23,0,-1,947.0,47.4,,
18005,5701,Druid,Guardian,Elune's Chosen,Tank,US,Murder Row,11,1,1563.2,112721,0,296.0,2026-08-20,0,-1,1553.0,23.9,,2757
18005,39875,Paladin,Holy,Herald of the Sun,Healer,US,Murder Row,11,1,1563.2,16329,0,301.0,2026-08-20,0,-1,1553.0,23.9,,
18005,10401,Mage,Arcane,Sunfury,DPS,US,Murder Row,11,1,1563.2,223898,0,298.0,2026-08-20,0,-1,1553.0,23.9,,
18005,10403,Priest,Shadow,Archon,DPS,US,Murder Row,11,1,1563.2,172663,0,294.0,2026-08-20,0,-1,1553.0,23.9,,
18005,39876,Druid,Balance,Elune's Chosen,DPS,US,Murder Row,11,1,1563.2,173846,0,298.0,2026-08-20,0,-1,1553.0,23.9,,
9722,19126,DeathKnight,Blood,San'layn,Tank,EU,The Blinding Vale,12,1,1570.2,101800,0,292.0,2026-08-19,0,-1,1667.0,7.4,,
9722,19127,Monk,Mistweaver,Conduit of the Celestials,Healer,EU,The Blinding Vale,12,1,1570.2,50594,0,294.0,2026-08-19,0,-1,1667.0,7.4,,
9722,19128,Hunter,BeastMastery,Pack Leader,DPS,EU,The Blinding Vale,12,1,1570.2,157343,1,296.0,2026-08-19,0,-1,1667.0,7.4,,
9722,19129,Shaman,Elemental,Farseer,DPS,EU,The Blinding Vale,12,1,1570.2,215538,3,292.0,2026-08-19,0,-1,1667.0,7.4,,
9722,19130,Warrior,Arms,Slayer,DPS,EU,The Blinding Vale,12,1,1570.2,200174,3,293.0,2026-08-19,0,-1,1667.0,7.4,,
7527,16026,Warrior,Protection,Mountain Thane,Tank,EU,Murder Row,10,1,1290.0,138022,0,294.0,2026-08-19,0,-1,1301.0,36.2,,
7527,16027,Shaman,Restoration,Totemic,Healer,EU,Murder Row,10,1,1290.0,32434,1,300.0,2026-08-19,0,-1,1301.0,36.2,,
7527,16028,Shaman,Elemental,Farseer,DPS,EU,Murder Row,10,1,1290.0,188598,0,293.0,2026-08-19,0,-1,1301.0,36.2,,
7527,16029,Monk,Windwalker,Shado-Pan,DPS,EU,Murder Row,10,1,1290.0,150135,3,297.0,2026-08-19,0,-1,1301.0,36.2,,
7527,16030,Mage,Arcane,Sunfury,DPS,EU,Murder Row,10,1,1290.0,205636,0,298.0,2026-08-19,0,-1,1301.0,36.2,,
35227,43770,Druid,Guardian,Elune's Chosen,Tank,US,Voidscar Arena,13,1,1634.7,93750,0,301.0,2026-08-21,0,-1,1716.0,4.7,,
35227,8981,Paladin,Holy,Herald of the Sun,Healer,US,Voidscar Arena,13,1,1634.7,27208,1,308.0,2026-08-21,0,-1,1716.0,4.7,,
35227,6640,DemonHunter,Devourer,Annihilator,DPS,US,Voidscar Arena,13,1,1634.7,197402,2,302.0,2026-08-21,0,-1,1716.0,4.7,,2998
35227,43771,Warlock,Demonology,Diabolist,DPS,US,Voidscar Arena,13,1,1634.7,206662,1,300.0,2026-08-21,0,-1,1716.0,4.7,,
35227,43977,Shaman,Elemental,Farseer,DPS,US,Voidscar Arena,13,1,1634.7,215148,2,307.0,2026-08-21,0,-1,1716.0,4.7,,
13704,17604,DeathKnight,Blood,San'layn,Tank,EU,Murder Row,8,1,1144.9,115289,0,292.0,2026-08-19,0,-1,1141.0,44.1,,
13704,13038,Monk,Mistweaver,Conduit of the Celestials,Healer,EU,Murder Row,8,1,1144.9,39828,0,292.0,2026-08-19,0,-1,1141.0,44.1,,2905
13704,13040,Hunter,Marksmanship,Sentinel,DPS,EU,Murder Row,8,1,1144.9,189664,0,294.0,2026-08-19,0,-1,1141.0,44.1,,2957
13704,13041,DemonHunter,Devourer,Void-Scarred,DPS,EU,Murder Row,8,1,1144.9,207434,0,293.0,2026-08-19,0,-1,1141.0,44.1,,3305
13704,13039,DemonHunter,Devourer,Annihilator,DPS,EU,Murder Row,8,1,1144.9,175341,1,293.0,2026-08-19,0,-1,1141.0,44.1,,2952
83453,15392,DeathKnight,Blood,San'layn,Tank,EU,Temple of Sethraliss,13,1,1468.3,144154,0,314.0,2026-08-23,0,-1,1505.0,21.6,4,3008
83453,15393,Monk,Mistweaver,Conduit of the Celestials,Healer,EU,Temple of Sethraliss,13,1,1468.3,45591,0,305.0,2026-08-23,0,-1,1505.0,21.6,0,2876
83453,15394,Paladin,Retribution,Templar,DPS,EU,Temple of Sethraliss,13,1,1468.3,180106,1,305.0,2026-08-23,0,-1,1505.0,21.6,0,2990
83453,15396,Warrior,Arms,Slayer,DPS,EU,Temple of Sethraliss,13,1,1468.3,254721,1,313.0,2026-08-23,0,-1,1505.0,21.6,5,3008
83453,15395,Hunter,BeastMastery,Pack Leader,DPS,EU,Temple of Sethraliss,13,1,1468.3,209476,1,312.0,2026-08-23,0,-1,1505.0,21.6,0,3008
27362,60160,Warrior,Protection,Mountain Thane,Tank,CN,Murder Row,11,1,1389.1,126018,0,298.0,2026-08-20,0,-1,1385.0,32.1,,
27362,60161,Shaman,Restoration,Totemic,Healer,CN,Murder Row,11,1,1389.1,25210,0,293.0,2026-08-20,0,-1,1385.0,32.1,,
27362,60162,Mage,Arcane,Sunfury,DPS,CN,Murder Row,11,1,1389.1,182146,1,298.0,2026-08-20,0,-1,1385.0,32.1,,
27362,60163,Druid,Balance,Elune's Chosen,DPS,CN,Murder Row,11,1,1389.1,212348,0,297.0,2026-08-20,0,-1,1385.0,32.1,,
27362,60164,Paladin,Retribution,Templar,DPS,CN,Murder Row,11,1,1389.1,198542,0,300.0,2026-08-20,0,-1,1385.0,32.1,,
49155,23934,Druid,Guardian,Elune's Chosen,Tank,EU,Murder Row,10,1,1057.8,144838,0,310.0,2026-08-22,0,-1,,,,
49155,104037,Paladin,Holy,Herald of the Sun,Healer,EU,Murder Row,10,1,1057.8,37793,0,302.0,2026-08-22,0,-1,,,,
49155,104038,Mage,Arcane,Sunfury,DPS,EU,Murder Row,10,1,1057.8,229051,1,306.0,2026-08-22,0,-1,,,,
49155,23935,Monk,Windwalker,Conduit of the Celestials,DPS,EU,Murder Row,10,1,1057.8,255239,0,310.0,2026-08-22,0,-1,,,,
49155,22701,Hunter,Marksmanship,Sentinel,DPS,EU,Murder Row,10,1,1057.8,232948,0,309.0,2026-08-22,0,-1,,,,
11543,20171,Druid,Guardian,Druid of the Claw,Tank,EU,Kings' Rest,12,0,2025.6,73006,2,294.0,2026-08-19,0,-1,2227.0,-12.5,,
11543,20172,Shaman,Restoration,Totemic,Healer,EU,Kings' Rest,12,0,2025.6,33621,2,299.0,2026-08-19,0,-1,2227.0,-12.5,,
11543,20174,Paladin,Retribution,Templar,DPS,EU,Kings' Rest,12,0,2025.6,138053,2,296.0,2026-08-19,0,-1,2227.0,-12.5,,
11543,18742,Monk,Windwalker,Shado-Pan,DPS,EU,Kings' Rest,12,0,2025.6,137638,2,295.0,2026-08-19,0,-1,2227.0,-12.5,,
11543,20175,DemonHunter,Devourer,Void-Scarred,DPS,EU,Kings' Rest,12,0,2025.6,113275,6,294.0,2026-08-19,0,-1,2227.0,-12.5,,
35839,67799,DeathKnight,Blood,San'layn,Tank,EU,Altar of Fangs,13,1,1604.7,142675,0,307.0,2026-08-21,0,-1,1626.0,9.7,,
35839,77368,Shaman,Restoration,Totemic,Healer,EU,Altar of Fangs,13,1,1604.7,32280,0,304.0,2026-08-21,0,-1,1626.0,9.7,,
35839,67800,Rogue,Assassination,Deathstalker,DPS,EU,Altar of Fangs,13,1,1604.7,240423,1,301.0,2026-08-21,0,-1,1626.0,9.7,,
35839,46266,Warlock,Demonology,Diabolist,DPS,EU,Altar of Fangs,13,1,1604.7,212128,0,300.0,2026-08-21,0,-1,1626.0,9.7,,
35839,77369,Warrior,Arms,Slayer,DPS,EU,Altar of Fangs,13,1,1604.7,222535,1,309.0,2026-08-21,0,-1,1626.0,9.7,,
66523,79323,Paladin,Protection,Lightsmith,Tank,CN,Voidscar Arena,13,1,1421.1,103948,0,308.0,2026-08-22,0,-1,1413.0,21.5,,
66523,65085,Evoker,Preservation,Flameshaper,Healer,CN,Voidscar Arena,13,1,1421.1,71980,0,311.0,2026-08-22,0,-1,1413.0,21.5,,
66523,103011,DemonHunter,Havoc,Fel-Scarred,DPS,CN,Voidscar Arena,13,1,1421.1,198109,0,296.0,2026-08-22,0,-1,1413.0,21.5,,
66523,79326,Druid,Feral,Druid of the Claw,DPS,CN,Voidscar Arena,13,1,1421.1,185366,0,304.0,2026-08-22,0,-1,1413.0,21.5,,
66523,138174,Mage,Arcane,Sunfury,DPS,CN,Voidscar Arena,13,1,1421.1,192058,0,307.0,2026-08-22,0,-1,1413.0,21.5,,
28025,710,Paladin,Protection,Templar,Tank,US,Temple of Sethraliss,10,1,1067.6,114409,0,308.0,2026-08-21,0,-1,1069.0,44.3,,2696
28025,42250,Evoker,Preservation,Flameshaper,Healer,US,Temple of Sethraliss,10,1,1067.6,76142,0,305.0,2026-08-21,0,-1,1069.0,44.3,,
28025,638,Warrior,Arms,Slayer,DPS,US,Temple of Sethraliss,10,1,1067.6,231370,1,303.0,2026-08-21,0,-1,1069.0,44.3,,
28025,41020,Shaman,Elemental,Farseer,DPS,US,Temple of Sethraliss,10,1,1067.6,188972,1,294.0,2026-08-21,0,-1,1069.0,44.3,,
28025,54507,Priest,Shadow,Archon,DPS,US,Temple of Sethraliss,10,1,1067.6,215306,0,304.0,2026-08-21,0,-1,1069.0,44.3,,
72959,28646,Paladin,Protection,Lightsmith,Tank,EU,Den of Nalorakk,14,1,1774.8,102713,0,312.0,2026-08-23,0,-1,1796.0,6.4,,
72959,13097,Paladin,Holy,Herald of the Sun,Healer,EU,Den of Nalorakk,14,1,1774.8,22404,0,303.0,2026-08-23,0,-1,1796.0,6.4,,
72959,31787,Priest,Shadow,Archon,DPS,EU,Den of Nalorakk,14,1,1774.8,166403,1,303.0,2026-08-23,0,-1,1796.0,6.4,,
72959,93544,Warrior,Arms,Slayer,DPS,EU,Den of Nalorakk,14,1,1774.8,191361,0,311.0,2026-08-23,0,-1,1796.0,6.4,,
72959,28648,Mage,Arcane,Sunfury,DPS,EU,Den of Nalorakk,14,1,1774.8,190647,1,309.0,2026-08-23,0,-1,1796.0,6.4,,
55416,12430,DeathKnight,Blood,Deathbringer,Tank,US,Murder Row,14,1,1943.7,99212,0,311.0,2026-08-23,0,-1,,,,
55416,43917,Paladin,Holy,Herald of the Sun,Healer,US,Murder Row,14,1,1943.7,14122,2,307.0,2026-08-23,0,-1,,,,
55416,34629,Shaman,Elemental,Farseer,DPS,US,Murder Row,14,1,1943.7,219870,0,309.0,2026-08-23,0,-1,,,,
55416,42891,Rogue,Subtlety,Deathstalker,DPS,US,Murder Row,14,1,1943.7,194032,1,309.0,2026-08-23,0,-1,,,,
55416,21799,Warlock,Demonology,Diabolist,DPS,US,Murder Row,14,1,1943.7,235848,0,311.0,2026-08-23,0,-1,,,,
58724,125468,Paladin,Protection,Lightsmith,Tank,US,Ruby Life Pools,4,1,944.7,97637,0,304.0,2026-08-23,0,-1,936.0,44.3,,
58724,122600,Paladin,Holy,Herald of the Sun,Healer,US,Ruby Life Pools,4,1,944.7,22104,0,290.0,2026-08-23,0,-1,936.0,44.3,,
58724,125469,DemonHunter,Devourer,Void-Scarred,DPS,US,Ruby Life Pools,4,1,944.7,150330,0,299.0,2026-08-23,0,-1,936.0,44.3,,
58724,42070,DeathKnight,Frost,Deathbringer,DPS,US,Ruby Life Pools,4,1,944.7,118828,0,307.0,2026-08-23,0,-1,936.0,44.3,,
58724,125470,Hunter,BeastMastery,Pack Leader,DPS,US,Ruby Life Pools,4,1,944.7,114573,0,285.0,2026-08-23,0,-1,936.0,44.3,,
65437,14085,DeathKnight,Blood,San'layn,Tank,EU,Temple of Sethraliss,14,1,1743.9,112114,0,297.0,2026-08-21,0,-1,1780.0,7.3,,
65437,14086,Paladin,Holy,Herald of the Sun,Healer,EU,Temple of Sethraliss,14,1,1743.9,13771,2,305.0,2026-08-21,0,-1,1780.0,7.3,,
65437,14087,Warlock,Demonology,Diabolist,DPS,EU,Temple of Sethraliss,14,1,1743.9,243137,0,304.0,2026-08-21,0,-1,1780.0,7.3,,
65437,14089,Priest,Shadow,Voidweaver,DPS,EU,Temple of Sethraliss,14,1,1743.9,209660,1,305.0,2026-08-21,0,-1,1780.0,7.3,,
65437,15114,Hunter,Marksmanship,Sentinel,DPS,EU,Temple of Sethraliss,14,1,1743.9,211823,0,310.0,2026-08-21,0,-1,1780.0,7.3,,
41422,63553,Druid,Guardian,Druid of the Claw,Tank,EU,Murder Row,10,1,1189.4,111495,0,304.0,2026-08-22,0,-1,1181.0,42.1,,
41422,44671,Shaman,Restoration,Totemic,Healer,EU,Murder Row,10,1,1189.4,12113,0,292.0,2026-08-22,0,-1,1181.0,42.1,,
41422,65932,DemonHunter,Devourer,Annihilator,DPS,EU,Murder Row,10,1,1189.4,267280,0,301.0,2026-08-22,0,-1,1181.0,42.1,,
41422,87864,Druid,Feral,Druid of the Claw,DPS,EU,Murder Row,10,1,1189.4,203590,0,304.0,2026-08-22,0,-1,1181.0,42.1,,
41422,78210,Mage,Arcane,Sunfury,DPS,EU,Murder Row,10,1,1189.4,228282,0,305.0,2026-08-22,0,-1,1181.0,42.1,,
11889,19096,DeathKnight,Blood,San'layn,Tank,EU,Kings' Rest,11,1,1542.3,93183,0,297.0,2026-08-19,0,-1,1534.0,22.5,,2866
11889,23634,Paladin,Holy,Herald of the Sun,Healer,EU,Kings' Rest,11,1,1542.3,23466,0,294.0,2026-08-19,0,-1,1534.0,22.5,,
11889,19097,Mage,Fire,Sunfury,DPS,EU,Kings' Rest,11,1,1542.3,130967,0,293.0,2026-08-19,0,-1,1534.0,22.5,,2741
11889,19099,Warlock,Demonology,Diabolist,DPS,EU,Kings' Rest,11,1,1542.3,138614,0,292.0,2026-08-19,0,-1,1534.0,22.5,,2815
11889,19098,Shaman,Elemental,Farseer,DPS,EU,Kings' Rest,11,1,1542.3,139319,0,290.0,2026-08-19,0,-1,1534.0,22.5,,2855
11030,19603,DeathKnight,Blood,San'layn,Tank,EU,Ruby Life Pools,10,1,1138.3,118818,0,295.0,2026-08-19,0,-1,1135.0,32.4,,
11030,19604,Priest,Discipline,Oracle,Healer,EU,Ruby Life Pools,10,1,1138.3,19553,1,294.0,2026-08-19,0,-1,1135.0,32.4,,
11030,22170,Shaman,Elemental,Farseer,DPS,EU,Ruby Life Pools,10,1,1138.3,193603,0,293.0,2026-08-19,0,-1,1135.0,32.4,,
11030,19605,Warrior,Arms,Slayer,DPS,EU,Ruby Life Pools,10,1,1138.3,201127,0,293.0,2026-08-19,0,-1,1135.0,32.4,,
11030,22171,Evoker,Devastation,Scalecommander,DPS,EU,Ruby Life Pools,10,1,1138.3,200107,0,296.0,2026-08-19,0,-1,1135.0,32.4,,
72776,22275,DeathKnight,Blood,Deathbringer,Tank,EU,Kings' Rest,12,1,1449.8,103590,0,307.0,2026-08-21,0,-1,1472.0,25.7,,
72776,141957,Paladin,Holy,Herald of the Sun,Healer,EU,Kings' Rest,12,1,1449.8,13378,0,303.0,2026-08-21,0,-1,1472.0,25.7,,
72776,141958,Mage,Arcane,Sunfury,DPS,EU,Kings' Rest,12,1,1449.8,167035,0,308.0,2026-08-21,0,-1,1472.0,25.7,,
72776,69627,Warrior,Arms,Slayer,DPS,EU,Kings' Rest,12,1,1449.8,158494,1,306.0,2026-08-21,0,-1,1472.0,25.7,,
72776,136397,Shaman,Enhancement,Stormbringer,DPS,EU,Kings' Rest,12,1,1449.8,161302,1,299.0,2026-08-21,0,-1,1472.0,25.7,,
29006,63052,Warrior,Protection,Colossus,Tank,KR,The Blinding Vale,4,1,1042.2,80996,0,291.0,2026-08-22,0,-1,,,,
29006,63053,Evoker,Preservation,Flameshaper,Healer,KR,The Blinding Vale,4,1,1042.2,21271,1,285.0,2026-08-22,0,-1,,,,
29006,63054,Druid,Balance,Elune's Chosen,DPS,KR,The Blinding Vale,4,1,1042.2,122853,0,292.0,2026-08-22,0,-1,,,,
29006,63055,Shaman,Elemental,Farseer,DPS,KR,The Blinding Vale,4,1,1042.2,178110,0,289.0,2026-08-22,0,-1,,,,
29006,63056,Mage,Arcane,Sunfury,DPS,KR,The Blinding Vale,4,1,1042.2,126170,0,292.0,2026-08-22,0,-1,,,,
75228,75530,Paladin,Protection,Lightsmith,Tank,CN,The Blinding Vale,14,1,1501.4,124212,0,307.0,2026-08-22,0,-1,1508.0,16.2,,
75228,143136,Paladin,Holy,Lightsmith,Healer,CN,The Blinding Vale,14,1,1501.4,55747,1,304.0,2026-08-22,0,-1,1508.0,16.2,,
75228,143137,Warrior,Arms,Slayer,DPS,CN,The Blinding Vale,14,1,1501.4,223838,0,307.0,2026-08-22,0,-1,1508.0,16.2,,
75228,141224,Druid,Balance,Elune's Chosen,DPS,CN,The Blinding Vale,14,1,1501.4,248076,0,308.0,2026-08-22,0,-1,1508.0,16.2,,
75228,88546,Mage,Arcane,Sunfury,DPS,CN,The Blinding Vale,14,1,1501.4,277903,0,306.0,2026-08-22,0,-1,1508.0,16.2,,
64223,22253,DeathKnight,Blood,San'layn,Tank,EU,Temple of Sethraliss,13,1,1520.0,143364,0,299.0,2026-08-23,0,-1,1526.0,20.5,,
64223,53070,Shaman,Restoration,Totemic,Healer,EU,Temple of Sethraliss,13,1,1520.0,40285,0,313.0,2026-08-23,0,-1,1526.0,20.5,,
64223,136956,Paladin,Retribution,Herald of the Sun,DPS,EU,Temple of Sethraliss,13,1,1520.0,193256,0,304.0,2026-08-23,0,-1,1526.0,20.5,,
64223,125370,DemonHunter,Devourer,Annihilator,DPS,EU,Temple of Sethraliss,13,1,1520.0,210753,1,299.0,2026-08-23,0,-1,1526.0,20.5,,
64223,83433,Warrior,Arms,Slayer,DPS,EU,Temple of Sethraliss,13,1,1520.0,218902,0,306.0,2026-08-23,0,-1,1526.0,20.5,,
42181,73934,Warrior,Protection,Mountain Thane,Tank,US,Murder Row,4,1,1208.0,81259,1,301.0,2026-08-21,0,-1,1200.0,41.2,,
42181,49841,Paladin,Holy,Lightsmith,Healer,US,Murder Row,4,1,1208.0,31473,1,295.0,2026-08-21,0,-1,1200.0,41.2,,
42181,89116,Hunter,Marksmanship,Sentinel,DPS,US,Murder Row,4,1,1208.0,94816,1,292.0,2026-08-21,0,-1,1200.0,41.2,,
42181,89117,DeathKnight,Unholy,Rider of the Apocalypse,DPS,US,Murder Row,4,1,1208.0,97938,1,300.0,2026-08-21,0,-1,1200.0,41.2,,
42181,89118,Shaman,Elemental,Farseer,DPS,US,Murder Row,4,1,1208.0,105365,1,301.0,2026-08-21,0,-1,1200.0,41.2,,
10162,5933,DeathKnight,Blood,San'layn,Tank,US,Voidscar Arena,12,1,1441.6,92013,0,306.0,2026-08-19,0,-1,1463.0,18.7,,
10162,20384,Paladin,Holy,Herald of the Sun,Healer,US,Voidscar Arena,12,1,1441.6,19495,0,297.0,2026-08-19,0,-1,1463.0,18.7,,
10162,20385,Priest,Shadow,Archon,DPS,US,Voidscar Arena,12,1,1441.6,186972,2,297.0,2026-08-19,0,-1,1463.0,18.7,,
10162,20386,Mage,Arcane,Sunfury,DPS,US,Voidscar Arena,12,1,1441.6,208747,0,300.0,2026-08-19,0,-1,1463.0,18.7,,
10162,20387,Druid,Balance,Elune's Chosen,DPS,US,Voidscar Arena,12,1,1441.6,209348,0,300.0,2026-08-19,0,-1,1463.0,18.7,,
66379,63120,DeathKnight,Blood,San'layn,Tank,CN,Altar of Fangs,12,1,1458.1,173601,0,313.0,2026-08-23,0,-1,,,,
66379,138090,Evoker,Preservation,Flameshaper,Healer,CN,Altar of Fangs,12,1,1458.1,37200,0,304.0,2026-08-23,0,-1,,,,
66379,138091,Warrior,Arms,Slayer,DPS,CN,Altar of Fangs,12,1,1458.1,221488,0,311.0,2026-08-23,0,-1,,,,
66379,138092,Hunter,Marksmanship,Sentinel,DPS,CN,Altar of Fangs,12,1,1458.1,213765,0,310.0,2026-08-23,0,-1,,,,
66379,138093,Mage,Arcane,Sunfury,DPS,CN,Altar of Fangs,12,1,1458.1,206246,0,300.0,2026-08-23,0,-1,,,,
86780,137566,Paladin,Protection,Lightsmith,Tank,EU,The Blinding Vale,15,1,1645.6,120101,0,311.0,2026-08-23,0,-1,1682.0,6.5,,
86780,44317,Shaman,Restoration,Totemic,Healer,EU,The Blinding Vale,15,1,1645.6,35890,2,311.0,2026-08-23,0,-1,1682.0,6.5,2,
86780,152784,Mage,Arcane,Sunfury,DPS,EU,The Blinding Vale,15,1,1645.6,253823,1,309.0,2026-08-23,0,-1,1682.0,6.5,4,
86780,12956,DemonHunter,Havoc,Fel-Scarred,DPS,EU,The Blinding Vale,15,1,1645.6,254248,0,309.0,2026-08-23,0,-1,1682.0,6.5,4,3070
86780,37214,Druid,Balance,Elune's Chosen,DPS,EU,The Blinding Vale,15,1,1645.6,246500,0,311.0,2026-08-23,0,-1,1682.0,6.5,4,
54860,116344,DemonHunter,Vengeance,Annihilator,Tank,EU,Temple of Sethraliss,5,1,1089.5,60590,0,292.0,2026-08-22,0,-1,,,,
54860,116345,Evoker,Preservation,Flameshaper,Healer,EU,Temple of Sethraliss,5,1,1089.5,17452,0,284.0,2026-08-22,0,-1,,,,
54860,116346,DeathKnight,Frost,Deathbringer,DPS,EU,Temple of Sethraliss,5,1,1089.5,91712,0,274.0,2026-08-22,0,-1,,,,
54860,39044,DemonHunter,Devourer,Annihilator,DPS,EU,Temple of Sethraliss,5,1,1089.5,178339,0,303.0,2026-08-22,0,-1,,,,
54860,116347,Mage,Arcane,Sunfury,DPS,EU,Temple of Sethraliss,5,1,1089.5,132237,0,296.0,2026-08-22,0,-1,,,,
17442,1280,DeathKnight,Blood,San'layn,Tank,US,The Blinding Vale,12,1,1512.0,132758,1,298.0,2026-08-19,0,-1,1654.0,8.1,,2940
17442,8403,Shaman,Restoration,Totemic,Healer,US,The Blinding Vale,12,1,1512.0,21153,1,301.0,2026-08-19,0,-1,1654.0,8.1,,
17442,3643,Druid,Balance,Elune's Chosen,DPS,US,The Blinding Vale,12,1,1512.0,202346,4,299.0,2026-08-19,0,-1,1654.0,8.1,,2988
17442,3642,DemonHunter,Devourer,Annihilator,DPS,US,The Blinding Vale,12,1,1512.0,217917,2,300.0,2026-08-19,0,-1,1654.0,8.1,,3050
17442,37429,Rogue,Assassination,Deathstalker,DPS,US,The Blinding Vale,12,1,1512.0,234967,2,295.0,2026-08-19,0,-1,1654.0,8.1,,
26082,57867,Druid,Guardian,Elune's Chosen,Tank,US,Temple of Sethraliss,13,1,1654.8,95573,1,309.0,2026-08-22,0,-1,1767.0,8.0,,
26082,53182,Shaman,Restoration,Totemic,Healer,US,Temple of Sethraliss,13,1,1654.8,25178,2,305.0,2026-08-22,0,-1,1767.0,8.0,,
26082,7601,Warrior,Arms,Slayer,DPS,US,Temple of Sethraliss,13,1,1654.8,241967,2,308.0,2026-08-22,0,-1,1767.0,8.0,,3080
26082,9350,Druid,Balance,Elune's Chosen,DPS,US,Temple of Sethraliss,13,1,1654.8,195702,1,307.0,2026-08-22,0,-1,1767.0,8.0,,
26082,3345,Priest,Shadow,Archon,DPS,US,Temple of Sethraliss,13,1,1654.8,193025,2,302.0,2026-08-22,0,-1,1767.0,8.0,,
14598,29808,Paladin,Protection,Lightsmith,Tank,EU,Murder Row,6,1,1182.7,91515,0,289.0,2026-08-19,0,-1,1184.0,42.0,,
14598,29809,Priest,Discipline,Oracle,Healer,EU,Murder Row,6,1,1182.7,13580,0,293.0,2026-08-19,0,-1,1184.0,42.0,,
14598,29810,Hunter,Marksmanship,Sentinel,DPS,EU,Murder Row,6,1,1182.7,120146,0,294.0,2026-08-19,0,-1,1184.0,42.0,,
14598,29811,Warrior,Arms,Slayer,DPS,EU,Murder Row,6,1,1182.7,143716,1,301.0,2026-08-19,0,-1,1184.0,42.0,,
14598,29812,Druid,Balance,Elune's Chosen,DPS,EU,Murder Row,6,1,1182.7,113106,1,286.0,2026-08-19,0,-1,1184.0,42.0,,
33576,72679,Paladin,Protection,Lightsmith,Tank,US,Den of Nalorakk,2,1,946.1,79816,0,301.0,2026-08-22,0,-1,937.0,51.2,,
33576,72680,Shaman,Restoration,Totemic,Healer,US,Den of Nalorakk,2,1,946.1,25962,0,290.0,2026-08-22,0,-1,937.0,51.2,,
33576,72681,Shaman,Enhancement,Stormbringer,DPS,US,Den of Nalorakk,2,1,946.1,72106,0,290.0,2026-08-22,0,-1,937.0,51.2,,
33576,72682,Shaman,Elemental,Farseer,DPS,US,Den of Nalorakk,2,1,946.1,168632,0,302.0,2026-08-22,0,-1,937.0,51.2,,
33576,72683,Hunter,BeastMastery,Pack Leader,DPS,US,Den of Nalorakk,2,1,946.1,95046,0,293.0,2026-08-22,0,-1,937.0,51.2,,
80461,9645,DeathKnight,Blood,San'layn,Tank,US,Kings' Rest,13,1,1564.4,80305,0,306.0,2026-08-22,0,-1,1586.0,19.9,,
80461,45005,Shaman,Restoration,Farseer,Healer,US,Kings' Rest,13,1,1564.4,34525,0,301.0,2026-08-22,0,-1,1586.0,19.9,,
80461,6843,Warrior,Arms,Slayer,DPS,US,Kings' Rest,13,1,1564.4,189495,0,308.0,2026-08-22,0,-1,1586.0,19.9,,
80461,6845,Priest,Shadow,Archon,DPS,US,Kings' Rest,13,1,1564.4,148797,0,305.0,2026-08-22,0,-1,1586.0,19.9,,
80461,9647,Hunter,Marksmanship,Sentinel,DPS,US,Kings' Rest,13,1,1564.4,170280,2,306.0,2026-08-22,0,-1,1586.0,19.9,,
42392,89472,Paladin,Protection,Lightsmith,Tank,EU,Murder Row,8,1,1211.0,88926,0,294.0,2026-08-21,0,-1,1207.0,40.8,,
42392,73527,Shaman,Restoration,Farseer,Healer,EU,Murder Row,8,1,1211.0,9147,0,297.0,2026-08-21,0,-1,1207.0,40.8,,
42392,89473,Monk,Windwalker,Shado-Pan,DPS,EU,Murder Row,8,1,1211.0,160322,1,302.0,2026-08-21,0,-1,1207.0,40.8,,
42392,89474,Warlock,Demonology,Diabolist,DPS,EU,Murder Row,8,1,1211.0,185908,0,302.0,2026-08-21,0,-1,1207.0,40.8,,
42392,73529,Mage,Arcane,Sunfury,DPS,EU,Murder Row,8,1,1211.0,208409,0,303.0,2026-08-21,0,-1,1207.0,40.8,,
22465,49931,Paladin,Protection,Lightsmith,Tank,EU,Ruby Life Pools,2,1,833.8,82488,0,296.0,2026-08-20,0,-1,825.0,50.9,,
22465,49932,Evoker,Preservation,Flameshaper,Healer,EU,Ruby Life Pools,2,1,833.8,70855,0,290.0,2026-08-20,0,-1,825.0,50.9,,
22465,49933,Paladin,Retribution,Templar,DPS,EU,Ruby Life Pools,2,1,833.8,93388,0,294.0,2026-08-20,0,-1,825.0,50.9,,
22465,49934,Warrior,Arms,Slayer,DPS,EU,Ruby Life Pools,2,1,833.8,111209,0,287.0,2026-08-20,0,-1,825.0,50.9,,
22465,49935,Hunter,BeastMastery,Pack Leader,DPS,EU,Ruby Life Pools,2,1,833.8,110718,0,287.0,2026-08-20,0,-1,825.0,50.9,,
28781,54818,DeathKnight,Blood,San'layn,Tank,EU,Kings' Rest,10,1,1147.7,98002,0,303.0,2026-08-20,0,-1,1144.0,42.2,,
28781,54819,Evoker,Preservation,Flameshaper,Healer,EU,Kings' Rest,10,1,1147.7,45779,0,294.0,2026-08-20,0,-1,1144.0,42.2,,
28781,62616,DeathKnight,Unholy,San'layn,DPS,EU,Kings' Rest,10,1,1147.7,142294,0,293.0,2026-08-20,0,-1,1144.0,42.2,,
28781,62617,Mage,Arcane,Sunfury,DPS,EU,Kings' Rest,10,1,1147.7,176906,1,302.0,2026-08-20,0,-1,1144.0,42.2,,
28781,62618,Warrior,Arms,Slayer,DPS,EU,Kings' Rest,10,1,1147.7,178723,0,301.0,2026-08-20,0,-1,1144.0,42.2,,
11487,21001,Paladin,Protection,Lightsmith,Tank,EU,Kings' Rest,12,1,1666.0,88170,0,293.0,2026-08-19,0,-1,1732.0,12.5,,2938
11487,17487,Shaman,Restoration,Totemic,Healer,EU,Kings' Rest,12,1,1666.0,40054,3,294.0,2026-08-19,0,-1,1732.0,12.5,,2899
11487,19190,DemonHunter,Devourer,Annihilator,DPS,EU,Kings' Rest,12,1,1666.0,155090,1,292.0,2026-08-19,0,-1,1732.0,12.5,,
11487,21004,Shaman,Enhancement,Stormbringer,DPS,EU,Kings' Rest,12,1,1666.0,138643,1,293.0,2026-08-19,0,-1,1732.0,12.5,,2941
11487,21819,DeathKnight,Frost,Deathbringer,DPS,EU,Kings' Rest,12,1,1666.0,124010,0,293.0,2026-08-19,0,-1,1732.0,12.5,,
17479,8031,DeathKnight,Blood,San'layn,Tank,US,Temple of Sethraliss,12,1,1465.5,109538,0,304.0,2026-08-19,0,-1,1502.0,21.8,,3176
17479,14360,Evoker,Preservation,Flameshaper,Healer,US,Temple of Sethraliss,12,1,1465.5,43119,0,296.0,2026-08-19,0,-1,1502.0,21.8,,2873
17479,14361,Warrior,Fury,Slayer,DPS,US,Temple of Sethraliss,12,1,1465.5,215894,1,305.0,2026-08-19,0,-1,1502.0,21.8,,2966
17479,8034,Mage,Arcane,Sunfury,DPS,US,Temple of Sethraliss,12,1,1465.5,173685,2,298.0,2026-08-19,0,-1,1502.0,21.8,,2904
17479,9263,Shaman,Elemental,Farseer,DPS,US,Temple of Sethraliss,12,1,1465.5,214906,0,305.0,2026-08-19,0,-1,1502.0,21.8,,3264
64238,12604,DeathKnight,Blood,San'layn,Tank,EU,Altar of Fangs,14,1,1717.8,145058,0,307.0,2026-08-23,0,-1,1709.0,5.0,,
64238,12605,Paladin,Holy,Herald of the Sun,Healer,EU,Altar of Fangs,14,1,1717.8,17886,0,302.0,2026-08-23,0,-1,1709.0,5.0,,
64238,47917,Paladin,Retribution,Herald of the Sun,DPS,EU,Altar of Fangs,14,1,1717.8,246038,0,307.0,2026-08-23,0,-1,1709.0,5.0,,
64238,23010,Warrior,Fury,Slayer,DPS,EU,Altar of Fangs,14,1,1717.8,222406,0,305.0,2026-08-23,0,-1,1709.0,5.0,,
64238,136965,Mage,Arcane,Sunfury,DPS,EU,Altar of Fangs,14,1,1717.8,229888,0,305.0,2026-08-23,0,-1,1709.0,5.0,,
56268,7558,DeathKnight,Blood,San'layn,Tank,US,Murder Row,9,1,1193.1,129369,0,312.0,2026-08-23,0,-1,1189.0,41.7,,2838
56268,119502,Druid,Restoration,Wildstalker,Healer,US,Murder Row,9,1,1193.1,8229,0,292.0,2026-08-23,0,-1,1189.0,41.7,,
56268,119503,Priest,Shadow,Archon,DPS,US,Murder Row,9,1,1193.1,213381,0,302.0,2026-08-23,0,-1,1189.0,41.7,,
56268,119504,Shaman,Elemental,Farseer,DPS,US,Murder Row,9,1,1193.1,212334,0,297.0,2026-08-23,0,-1,1189.0,41.7,,
56268,119505,Warrior,Arms,Slayer,DPS,US,Murder Row,9,1,1193.1,131214,1,295.0,2026-08-23,0,-1,1189.0,41.7,,
57443,11060,DeathKnight,Blood,San'layn,Tank,US,Temple of Sethraliss,10,1,949.1,146688,0,302.0,2026-08-23,0,-1,941.0,51.0,,2799
57443,11061,Shaman,Restoration,Totemic,Healer,US,Temple of Sethraliss,10,1,949.1,31231,0,307.0,2026-08-23,0,-1,941.0,51.0,,
57443,1793,Rogue,Subtlety,Deathstalker,DPS,US,Temple of Sethraliss,10,1,949.1,280109,0,310.0,2026-08-23,0,-1,941.0,51.0,,
57443,177,Druid,Balance,Elune's Chosen,DPS,US,Temple of Sethraliss,10,1,949.1,252899,0,309.0,2026-08-23,0,-1,941.0,51.0,,2726
57443,11063,Warrior,Arms,Slayer,DPS,US,Temple of Sethraliss,10,1,949.1,232713,0,305.0,2026-08-23,0,-1,941.0,51.0,,
41215,87475,Paladin,Protection,Unknown,Tank,EU,Altar of Fangs,4,1,1087.8,68131,0,294.0,2026-08-20,0,-1,1079.0,40.1,,
41215,87476,Monk,Mistweaver,Unknown,Healer,EU,Altar of Fangs,4,1,1087.8,27223,0,292.0,2026-08-20,0,-1,1079.0,40.1,,
41215,87477,Shaman,Elemental,Unknown,DPS,EU,Altar of Fangs,4,1,1087.8,134366,0,288.0,2026-08-20,0,-1,1079.0,40.1,,
41215,87478,DemonHunter,Devourer,Unknown,DPS,EU,Altar of Fangs,4,1,1087.8,163506,0,303.0,2026-08-20,0,-1,1079.0,40.1,,
41215,87479,Mage,Arcane,Unknown,DPS,EU,Altar of Fangs,4,1,1087.8,125091,0,294.0,2026-08-20,0,-1,1079.0,40.1,,
23726,29121,Warrior,Protection,Mountain Thane,Tank,EU,Den of Nalorakk,12,1,1539.5,83966,0,308.0,2026-08-21,0,-1,1531.0,20.3,,
23726,52362,Paladin,Holy,Herald of the Sun,Healer,EU,Den of Nalorakk,12,1,1539.5,22613,0,294.0,2026-08-21,0,-1,1531.0,20.3,,
23726,52363,Druid,Feral,Druid of the Claw,DPS,EU,Den of Nalorakk,12,1,1539.5,203172,0,311.0,2026-08-21,0,-1,1531.0,20.3,,
23726,52364,DemonHunter,Devourer,Annihilator,DPS,EU,Den of Nalorakk,12,1,1539.5,152330,0,297.0,2026-08-21,0,-1,1531.0,20.3,,
23726,21885,Shaman,Enhancement,Stormbringer,DPS,EU,Den of Nalorakk,12,1,1539.5,209343,0,311.0,2026-08-21,0,-1,1531.0,20.3,,
19869,43957,Warrior,Protection,Mountain Thane,Tank,EU,Ruby Life Pools,3,1,928.9,102615,0,294.0,2026-08-19,0,-1,921.0,45.2,,
19869,43958,Paladin,Holy,Herald of the Sun,Healer,EU,Ruby Life Pools,3,1,928.9,15833,0,284.0,2026-08-19,0,-1,921.0,45.2,,
19869,43959,Mage,Fire,Sunfury,DPS,EU,Ruby Life Pools,3,1,928.9,125476,0,292.0,2026-08-19,0,-1,921.0,45.2,,
19869,43960,DemonHunter,Devourer,Void-Scarred,DPS,EU,Ruby Life Pools,3,1,928.9,89105,0,286.0,2026-08-19,0,-1,921.0,45.2,,
19869,43961,Hunter,BeastMastery,Pack Leader,DPS,EU,Ruby Life Pools,3,1,928.9,152835,0,296.0,2026-08-19,0,-1,921.0,45.2,,
39702,84881,Druid,Guardian,Elune's Chosen,Tank,CN,Den of Nalorakk,11,1,1367.4,86055,0,306.0,2026-08-22,0,-1,1364.0,28.9,,
39702,80862,Paladin,Holy,Lightsmith,Healer,CN,Den of Nalorakk,11,1,1367.4,61443,0,308.0,2026-08-22,0,-1,1364.0,28.9,,
39702,84882,Mage,Arcane,Sunfury,DPS,CN,Den of Nalorakk,11,1,1367.4,230418,0,303.0,2026-08-22,0,-1,1364.0,28.9,,
39702,82996,Warrior,Arms,Slayer,DPS,CN,Den of Nalorakk,11,1,1367.4,151156,1,295.0,2026-08-22,0,-1,1364.0,28.9,,
39702,84883,DemonHunter,Devourer,Void-Scarred,DPS,CN,Den of Nalorakk,11,1,1367.4,136184,0,298.0,2026-08-22,0,-1,1364.0,28.9,,
28543,62212,DeathKnight,Blood,Deathbringer,Tank,CN,The Blinding Vale,12,1,1398.9,137062,0,302.0,2026-08-21,0,-1,1496.0,16.9,,
28543,62213,Paladin,Holy,Lightsmith,Healer,CN,The Blinding Vale,12,1,1398.9,46256,3,299.0,2026-08-21,0,-1,1496.0,16.9,,
28543,62214,Shaman,Elemental,Farseer,DPS,CN,The Blinding Vale,12,1,1398.9,207533,2,303.0,2026-08-21,0,-1,1496.0,16.9,,
28543,55870,Mage,Arcane,Sunfury,DPS,CN,The Blinding Vale,12,1,1398.9,209712,2,304.0,2026-08-21,0,-1,1496.0,16.9,,
28543,55868,Warrior,Arms,Slayer,DPS,CN,The Blinding Vale,12,1,1398.9,253824,0,303.0,2026-08-21,0,-1,1496.0,16.9,,
83346,63839,Paladin,Protection,Lightsmith,Tank,EU,The Blinding Vale,15,0,1892.0,119085,1,307.0,2026-08-23,0,-1,2048.0,-13.8,2,
83346,21012,Shaman,Restoration,Totemic,Healer,EU,The Blinding Vale,15,0,1892.0,27321,2,307.0,2026-08-23,0,-1,2048.0,-13.8,0,
83346,63841,Priest,Shadow,Archon,DPS,EU,The Blinding Vale,15,0,1892.0,204764,3,302.0,2026-08-23,0,-1,2048.0,-13.8,0,
83346,21011,Warrior,Arms,Slayer,DPS,EU,The Blinding Vale,15,0,1892.0,242866,4,308.0,2026-08-23,0,-1,2048.0,-13.8,4,
83346,44722,Druid,Balance,Elune's Chosen,DPS,EU,The Blinding Vale,15,0,1892.0,231104,2,309.0,2026-08-23,0,-1,2048.0,-13.8,4,
16194,30668,Druid,Guardian,Elune's Chosen,Tank,EU,The Blinding Vale,9,1,1148.4,115748,0,293.0,2026-08-19,0,-1,1145.0,36.4,,
16194,30669,Evoker,Preservation,Flameshaper,Healer,EU,The Blinding Vale,9,1,1148.4,28837,0,290.0,2026-08-19,0,-1,1145.0,36.4,,
16194,30670,Shaman,Elemental,Farseer,DPS,EU,The Blinding Vale,9,1,1148.4,229501,0,295.0,2026-08-19,0,-1,1145.0,36.4,,
16194,30672,Rogue,Outlaw,Trickster,DPS,EU,The Blinding Vale,9,1,1148.4,216077,0,292.0,2026-08-19,0,-1,1145.0,36.4,,
16194,30671,Hunter,Survival,Sentinel,DPS,EU,The Blinding Vale,9,1,1148.4,197112,1,294.0,2026-08-19,0,-1,1145.0,36.4,,
57222,121735,Monk,Brewmaster,Master of Harmony,Tank,US,Kings' Rest,13,1,1603.0,90464,0,300.0,2026-08-23,0,-1,,,,
57222,121736,Priest,Holy,Oracle,Healer,US,Kings' Rest,13,1,1603.0,29898,2,295.0,2026-08-23,0,-1,,,,
57222,121737,Shaman,Elemental,Farseer,DPS,US,Kings' Rest,13,1,1603.0,141175,2,295.0,2026-08-23,0,-1,,,,
57222,72041,DeathKnight,Unholy,San'layn,DPS,US,Kings' Rest,13,1,1603.0,189115,0,310.0,2026-08-23,0,-1,,,,
57222,86322,Warrior,Arms,Slayer,DPS,US,Kings' Rest,13,1,1603.0,154889,2,305.0,2026-08-23,0,-1,,,,
62570,78005,Monk,Brewmaster,Master of Harmony,Tank,EU,Voidscar Arena,10,1,1038.2,106215,0,297.0,2026-08-23,0,-1,1030.0,42.8,,
62570,93327,Shaman,Restoration,Totemic,Healer,EU,Voidscar Arena,10,1,1038.2,45674,0,306.0,2026-08-23,0,-1,1030.0,42.8,,
62570,66414,Mage,Arcane,Sunfury,DPS,EU,Voidscar Arena,10,1,1038.2,253617,0,310.0,2026-08-23,0,-1,1030.0,42.8,,
62570,87429,Paladin,Retribution,Herald of the Sun,DPS,EU,Voidscar Arena,10,1,1038.2,240836,0,305.0,2026-08-23,0,-1,1030.0,42.8,,
62570,50365,Warlock,Destruction,Diabolist,DPS,EU,Voidscar Arena,10,1,1038.2,218111,0,305.0,2026-08-23,0,-1,1030.0,42.8,,
30310,388,DeathKnight,Blood,San'layn,Tank,US,Voidscar Arena,12,1,1419.4,118362,0,309.0,2026-08-21,0,-1,1441.0,19.9,,
30310,14244,Paladin,Holy,Herald of the Sun,Healer,US,Voidscar Arena,12,1,1419.4,31322,1,295.0,2026-08-21,0,-1,1441.0,19.9,,
30310,65191,Priest,Shadow,Archon,DPS,US,Voidscar Arena,12,1,1419.4,170183,1,302.0,2026-08-21,0,-1,1441.0,19.9,,
30310,391,Hunter,Marksmanship,Sentinel,DPS,US,Voidscar Arena,12,1,1419.4,196990,0,307.0,2026-08-21,0,-1,1441.0,19.9,,
30310,39394,Warrior,Arms,Slayer,DPS,US,Voidscar Arena,12,1,1419.4,201155,0,308.0,2026-08-21,0,-1,1441.0,19.9,,
556,870,DemonHunter,Vengeance,Annihilator,Tank,US,Voidscar Arena,10,1,1298.6,116742,0,290.0,2026-08-18,0,-1,1295.0,28.1,,
556,871,Paladin,Holy,Herald of the Sun,Healer,US,Voidscar Arena,10,1,1298.6,7451,0,292.0,2026-08-18,0,-1,1295.0,28.1,,
556,2105,DemonHunter,Devourer,Annihilator,DPS,US,Voidscar Arena,10,1,1298.6,157608,0,292.0,2026-08-18,0,-1,1295.0,28.1,,
556,872,Shaman,Elemental,Farseer,DPS,US,Voidscar Arena,10,1,1298.6,184285,1,292.0,2026-08-18,0,-1,1295.0,28.1,,
556,873,Mage,Arcane,Sunfury,DPS,US,Voidscar Arena,10,1,1298.6,185834,0,292.0,2026-08-18,0,-1,1295.0,28.1,,
77709,144252,DeathKnight,Blood,San'layn,Tank,CN,Murder Row,15,1,1741.8,143805,1,313.0,2026-08-23,0,-1,1869.0,8.4,,
77709,69327,Paladin,Holy,Lightsmith,Healer,CN,Murder Row,15,1,1741.8,44361,3,311.0,2026-08-23,0,-1,1869.0,8.4,,
77709,69330,Mage,Arcane,Sunfury,DPS,CN,Murder Row,15,1,1741.8,235228,2,309.0,2026-08-23,0,-1,1869.0,8.4,,
77709,69328,Shaman,Elemental,Farseer,DPS,CN,Murder Row,15,1,1741.8,248358,2,309.0,2026-08-23,0,-1,1869.0,8.4,,
77709,144552,Rogue,Assassination,Deathstalker,DPS,CN,Murder Row,15,1,1741.8,233106,1,307.0,2026-08-23,0,-1,1869.0,8.4,,
303,1270,Paladin,Protection,Lightsmith,Tank,US,Kings' Rest,11,1,1499.0,90531,0,296.0,2026-08-18,0,-1,1496.0,24.4,,2745
303,1271,Priest,Holy,Oracle,Healer,US,Kings' Rest,11,1,1499.0,20360,0,296.0,2026-08-18,0,-1,1496.0,24.4,,2843
303,1272,Priest,Shadow,Archon,DPS,US,Kings' Rest,11,1,1499.0,139195,0,291.0,2026-08-18,0,-1,1496.0,24.4,,2808
303,1273,Warrior,Arms,Slayer,DPS,US,Kings' Rest,11,1,1499.0,142373,1,289.0,2026-08-18,0,-1,1496.0,24.4,,2882
303,1274,Evoker,Devastation,Scalecommander,DPS,US,Kings' Rest,11,1,1499.0,146388,0,296.0,2026-08-18,0,-1,1496.0,24.4,,2774
50744,107709,Monk,Brewmaster,Master of Harmony,Tank,EU,Altar of Fangs,2,1,1083.8,73750,0,291.0,2026-08-22,0,-1,,,,
50744,107710,Monk,Mistweaver,Master of Harmony,Healer,EU,Altar of Fangs,2,1,1083.8,9610,0,267.0,2026-08-22,0,-1,,,,
50744,107711,Paladin,Retribution,Templar,DPS,EU,Altar of Fangs,2,1,1083.8,126770,1,296.0,2026-08-22,0,-1,,,,
50744,107712,Mage,Frost,Spellslinger,DPS,EU,Altar of Fangs,2,1,1083.8,128046,0,292.0,2026-08-22,0,-1,,,,
50744,107713,DemonHunter,Havoc,Fel-Scarred,DPS,EU,Altar of Fangs,2,1,1083.8,75901,2,293.0,2026-08-22,0,-1,,,,
60400,40578,Warrior,Protection,Mountain Thane,Tank,KR,The Blinding Vale,5,1,867.7,97865,0,299.0,2026-08-23,0,-1,,,,
60400,129355,Paladin,Holy,Lightsmith,Healer,KR,The Blinding Vale,5,1,867.7,13154,0,287.0,2026-08-23,0,-1,,,,
60400,129356,Rogue,Assassination,Deathstalker,DPS,KR,The Blinding Vale,5,1,867.7,141470,0,290.0,2026-08-23,0,-1,,,,
60400,129357,Mage,Arcane,Sunfury,DPS,KR,The Blinding Vale,5,1,867.7,226830,0,304.0,2026-08-23,0,-1,,,,
60400,129358,Hunter,BeastMastery,Pack Leader,DPS,KR,The Blinding Vale,5,1,867.7,141681,0,298.0,2026-08-23,0,-1,,,,
60431,72789,DeathKnight,Blood,San'layn,Tank,CN,Murder Row,10,1,1184.7,144714,0,308.0,2026-08-23,0,-1,1181.0,42.1,,
60431,129413,Priest,Holy,Oracle,Healer,CN,Murder Row,10,1,1184.7,12982,0,292.0,2026-08-23,0,-1,1181.0,42.1,,
60431,47143,DeathKnight,Unholy,San'layn,DPS,CN,Murder Row,10,1,1184.7,268389,0,309.0,2026-08-23,0,-1,1181.0,42.1,,
60431,129414,Shaman,Elemental,Farseer,DPS,CN,Murder Row,10,1,1184.7,180516,1,293.0,2026-08-23,0,-1,1181.0,42.1,,
60431,72788,Mage,Arcane,Sunfury,DPS,CN,Murder Row,10,1,1184.7,214608,0,305.0,2026-08-23,0,-1,1181.0,42.1,,
67734,322,Monk,Brewmaster,Shado-Pan,Tank,US,Voidscar Arena,13,1,1466.7,101440,0,313.0,2026-08-22,0,-1,1473.0,18.2,,
67734,55747,Paladin,Holy,Herald of the Sun,Healer,US,Voidscar Arena,13,1,1466.7,22372,0,311.0,2026-08-22,0,-1,1473.0,18.2,,
67734,324,Druid,Balance,Elune's Chosen,DPS,US,Voidscar Arena,13,1,1466.7,236259,1,311.0,2026-08-22,0,-1,1473.0,18.2,,
67734,325,DemonHunter,Devourer,Void-Scarred,DPS,US,Voidscar Arena,13,1,1466.7,223160,0,312.0,2026-08-22,0,-1,1473.0,18.2,,
67734,323,Shaman,Elemental,Farseer,DPS,US,Voidscar Arena,13,1,1466.7,209471,0,306.0,2026-08-22,0,-1,1473.0,18.2,,
79740,64444,DeathKnight,Blood,San'layn,Tank,CN,Ruby Life Pools,12,1,956.5,207032,0,314.0,2026-08-23,0,-1,948.0,43.6,,
79740,111250,Paladin,Holy,Lightsmith,Healer,CN,Ruby Life Pools,12,1,956.5,63210,0,312.0,2026-08-23,0,-1,948.0,43.6,,
79740,140649,Warrior,Arms,Slayer,DPS,CN,Ruby Life Pools,12,1,956.5,314506,0,315.0,2026-08-23,0,-1,948.0,43.6,,
79740,67663,Shaman,Elemental,Farseer,DPS,CN,Ruby Life Pools,12,1,956.5,298521,0,313.0,2026-08-23,0,-1,948.0,43.6,,
79740,64447,Mage,Arcane,Sunfury,DPS,CN,Ruby Life Pools,12,1,956.5,380756,0,315.0,2026-08-23,0,-1,948.0,43.6,,
3970,9054,DeathKnight,Blood,San'layn,Tank,US,Voidscar Arena,11,1,1700.9,97063,0,297.0,2026-08-18,0,-1,1748.0,2.9,,
3970,9055,Evoker,Preservation,Flameshaper,Healer,US,Voidscar Arena,11,1,1700.9,20136,3,295.0,2026-08-18,0,-1,1748.0,2.9,,
3970,9056,Warlock,Destruction,Diabolist,DPS,US,Voidscar Arena,11,1,1700.9,159363,3,295.0,2026-08-18,0,-1,1748.0,2.9,,
3970,9057,Paladin,Retribution,Templar,DPS,US,Voidscar Arena,11,1,1700.9,139339,3,293.0,2026-08-18,0,-1,1748.0,2.9,,
3970,9058,Paladin,Retribution,Templar,DPS,US,Voidscar Arena,11,1,1700.9,151266,2,292.0,2026-08-18,0,-1,1748.0,2.9,,
23738,48867,Paladin,Protection,Lightsmith,Tank,EU,Altar of Fangs,10,1,1019.2,156322,0,299.0,2026-08-21,0,-1,1011.0,43.8,,
23738,52406,Shaman,Restoration,Totemic,Healer,EU,Altar of Fangs,10,1,1019.2,25091,0,294.0,2026-08-21,0,-1,1011.0,43.8,,
23738,15098,Warrior,Arms,Slayer,DPS,EU,Altar of Fangs,10,1,1019.2,243340,0,304.0,2026-08-21,0,-1,1011.0,43.8,,
23738,16956,Hunter,BeastMastery,Pack Leader,DPS,EU,Altar of Fangs,10,1,1019.2,278956,0,305.0,2026-08-21,0,-1,1011.0,43.8,,
23738,15100,Rogue,Outlaw,Trickster,DPS,EU,Altar of Fangs,10,1,1019.2,320202,0,306.0,2026-08-21,0,-1,1011.0,43.8,,
41596,75543,DeathKnight,Blood,San'layn,Tank,US,Murder Row,9,1,1193.3,134392,0,304.0,2026-08-21,0,-1,1205.0,40.9,,
41596,88168,Evoker,Preservation,Flameshaper,Healer,US,Murder Row,9,1,1193.3,36672,1,293.0,2026-08-21,0,-1,1205.0,40.9,,
41596,88169,Monk,Windwalker,Conduit of the Celestials,DPS,US,Murder Row,9,1,1193.3,163756,1,308.0,2026-08-21,0,-1,1205.0,40.9,,
41596,88170,Mage,Arcane,Sunfury,DPS,US,Murder Row,9,1,1193.3,181090,1,303.0,2026-08-21,0,-1,1205.0,40.9,,
41596,68883,Warrior,Arms,Slayer,DPS,US,Murder Row,9,1,1193.3,174891,1,306.0,2026-08-21,0,-1,1205.0,40.9,,
47795,101036,Paladin,Protection,Lightsmith,Tank,CN,Den of Nalorakk,5,1,1098.8,79533,0,285.0,2026-08-22,0,-1,,,,
47795,101037,Evoker,Preservation,Flameshaper,Healer,CN,Den of Nalorakk,5,1,1098.8,62149,0,310.0,2026-08-22,0,-1,,,,
47795,101038,Mage,Frost,Spellslinger,DPS,CN,Den of Nalorakk,5,1,1098.8,92566,0,279.0,2026-08-22,0,-1,,,,
47795,101039,Shaman,Enhancement,Stormbringer,DPS,CN,Den of Nalorakk,5,1,1098.8,74906,1,294.0,2026-08-22,0,-1,,,,
47795,101040,DeathKnight,Unholy,Rider of the Apocalypse,DPS,CN,Den of Nalorakk,5,1,1098.8,144355,0,306.0,2026-08-22,0,-1,,,,
79009,20391,Paladin,Protection,Lightsmith,Tank,EU,Ruby Life Pools,14,1,1358.2,141289,0,309.0,2026-08-23,0,-1,1365.0,18.8,,
79009,20392,Evoker,Preservation,Flameshaper,Healer,EU,Ruby Life Pools,14,1,1358.2,50345,0,308.0,2026-08-23,0,-1,1365.0,18.8,,
79009,52624,Warrior,Arms,Slayer,DPS,EU,Ruby Life Pools,14,1,1358.2,254867,0,309.0,2026-08-23,0,-1,1365.0,18.8,,
79009,100245,Mage,Arcane,Sunfury,DPS,EU,Ruby Life Pools,14,1,1358.2,252513,1,308.0,2026-08-23,0,-1,1365.0,18.8,,
79009,20393,Druid,Balance,Elune's Chosen,DPS,EU,Ruby Life Pools,14,1,1358.2,256662,0,312.0,2026-08-23,0,-1,1365.0,18.8,,
28870,5422,Druid,Guardian,Druid of the Claw,Tank,US,Voidscar Arena,9,1,1055.1,107920,0,303.0,2026-08-20,0,-1,1057.0,41.3,,
28870,62782,Shaman,Restoration,Totemic,Healer,US,Voidscar Arena,9,1,1055.1,28222,0,299.0,2026-08-20,0,-1,1057.0,41.3,,
28870,62783,Shaman,Elemental,Farseer,DPS,US,Voidscar Arena,9,1,1055.1,147980,1,298.0,2026-08-20,0,-1,1057.0,41.3,,
28870,5424,DemonHunter,Havoc,Fel-Scarred,DPS,US,Voidscar Arena,9,1,1055.1,241500,0,297.0,2026-08-20,0,-1,1057.0,41.3,,
28870,18102,Warrior,Arms,Slayer,DPS,US,Voidscar Arena,9,1,1055.1,202986,1,300.0,2026-08-20,0,-1,1057.0,41.3,,
71571,141244,Paladin,Protection,Lightsmith,Tank,CN,Voidscar Arena,13,1,1441.0,103507,0,297.0,2026-08-23,0,-1,1447.0,19.6,,
71571,141245,Evoker,Preservation,Flameshaper,Healer,CN,Voidscar Arena,13,1,1441.0,52615,0,298.0,2026-08-23,0,-1,1447.0,19.6,,
71571,141246,Rogue,Subtlety,Deathstalker,DPS,CN,Voidscar Arena,13,1,1441.0,218193,0,299.0,2026-08-23,0,-1,1447.0,19.6,,
71571,141247,Warrior,Arms,Slayer,DPS,CN,Voidscar Arena,13,1,1441.0,212105,0,303.0,2026-08-23,0,-1,1447.0,19.6,,
71571,141248,Mage,Arcane,Sunfury,DPS,CN,Voidscar Arena,13,1,1441.0,143377,1,288.0,2026-08-23,0,-1,1447.0,19.6,,
57867,9403,Paladin,Protection,Lightsmith,Tank,US,Voidscar Arena,10,1,1026.3,98218,0,311.0,2026-08-23,0,-1,1029.0,42.9,,
57867,123348,Shaman,Restoration,Totemic,Healer,US,Voidscar Arena,10,1,1026.3,22137,1,298.0,2026-08-23,0,-1,1029.0,42.9,,
57867,9404,Mage,Arcane,Sunfury,DPS,US,Voidscar Arena,10,1,1026.3,226719,0,309.0,2026-08-23,0,-1,1029.0,42.9,,
57867,9405,Evoker,Devastation,Scalecommander,DPS,US,Voidscar Arena,10,1,1026.3,233959,1,311.0,2026-08-23,0,-1,1029.0,42.9,,
57867,107577,Warrior,Arms,Slayer,DPS,US,Voidscar Arena,10,1,1026.3,163852,0,299.0,2026-08-23,0,-1,1029.0,42.9,,
39861,85196,DemonHunter,Vengeance,Annihilator,Tank,EU,Murder Row,12,1,1539.9,110342,0,305.0,2026-08-21,0,-1,1532.0,24.9,,
39861,37304,Paladin,Holy,Herald of the Sun,Healer,EU,Murder Row,12,1,1539.9,14400,0,298.0,2026-08-21,0,-1,1532.0,24.9,,
39861,81647,Druid,Balance,Elune's Chosen,DPS,EU,Murder Row,12,1,1539.9,190449,0,307.0,2026-08-21,0,-1,1532.0,24.9,,
39861,85197,Evoker,Devastation,Scalecommander,DPS,EU,Murder Row,12,1,1539.9,184090,0,305.0,2026-08-21,0,-1,1532.0,24.9,,
39861,38556,Mage,Arcane,Sunfury,DPS,EU,Murder Row,12,1,1539.9,245882,0,303.0,2026-08-21,0,-1,1532.0,24.9,,
1752,1414,Paladin,Protection,Lightsmith,Tank,US,Voidscar Arena,10,1,1465.2,115125,0,295.0,2026-08-18,0,-1,1462.0,18.8,,
1752,1417,Druid,Restoration,Wildstalker,Healer,US,Voidscar Arena,10,1,1465.2,6089,0,295.0,2026-08-18,0,-1,1462.0,18.8,,2736
1752,2818,Warlock,Destruction,Diabolist,DPS,US,Voidscar Arena,10,1,1465.2,183109,1,293.0,2026-08-18,0,-1,1462.0,18.8,,
1752,1416,Rogue,Outlaw,Trickster,DPS,US,Voidscar Arena,10,1,1465.2,144553,0,294.0,2026-08-18,0,-1,1462.0,18.8,,3034
1752,1418,DemonHunter,Devourer,Void-Scarred,DPS,US,Voidscar Arena,10,1,1465.2,159365,0,294.0,2026-08-18,0,-1,1462.0,18.8,,3130
19876,4843,DeathKnight,Blood,San'layn,Tank,US,The Blinding Vale,10,1,1152.5,145772,0,303.0,2026-08-19,0,-1,1154.0,35.9,,2809
19876,37873,Monk,Mistweaver,Conduit of the Celestials,Healer,US,The Blinding Vale,10,1,1152.5,50138,1,291.0,2026-08-19,0,-1,1154.0,35.9,,
19876,4847,Warrior,Arms,Slayer,DPS,US,The Blinding Vale,10,1,1152.5,204280,1,300.0,2026-08-19,0,-1,1154.0,35.9,,2838
19876,8821,Hunter,BeastMastery,Pack Leader,DPS,US,The Blinding Vale,10,1,1152.5,187693,0,298.0,2026-08-19,0,-1,1154.0,35.9,,
19876,8307,DemonHunter,Havoc,Fel-Scarred,DPS,US,The Blinding Vale,10,1,1152.5,216166,0,297.0,2026-08-19,0,-1,1154.0,35.9,,3045
24746,54906,DeathKnight,Blood,San'layn,Tank,US,Altar of Fangs,10,1,1063.1,148552,0,302.0,2026-08-22,0,-1,1055.0,41.4,,
24746,52280,Shaman,Restoration,Totemic,Healer,US,Altar of Fangs,10,1,1063.1,27443,0,279.0,2026-08-22,0,-1,1055.0,41.4,,
24746,4271,DemonHunter,Devourer,Annihilator,DPS,US,Altar of Fangs,10,1,1063.1,237572,0,303.0,2026-08-22,0,-1,1055.0,41.4,,2728
24746,18057,Warrior,Fury,Slayer,DPS,US,Altar of Fangs,10,1,1063.1,308993,0,306.0,2026-08-22,0,-1,1055.0,41.4,,
24746,18056,Hunter,BeastMastery,Pack Leader,DPS,US,Altar of Fangs,10,1,1063.1,218325,0,304.0,2026-08-22,0,-1,1055.0,41.4,,
45244,86277,DemonHunter,Vengeance,Annihilator,Tank,EU,The Blinding Vale,2,1,903.8,110342,0,308.0,2026-08-22,0,-1,,,,
45244,95282,Druid,Restoration,Keeper of the Grove,Healer,EU,The Blinding Vale,2,1,903.8,13081,0,289.0,2026-08-22,0,-1,,,,
45244,71372,Shaman,Elemental,Farseer,DPS,EU,The Blinding Vale,2,1,903.8,152910,0,291.0,2026-08-22,0,-1,,,,
45244,95283,DemonHunter,Havoc,Fel-Scarred,DPS,EU,The Blinding Vale,2,1,903.8,101927,0,288.0,2026-08-22,0,-1,,,,
45244,95284,Rogue,Outlaw,Trickster,DPS,EU,The Blinding Vale,2,1,903.8,104352,0,287.0,2026-08-22,0,-1,,,,
78395,59550,DeathKnight,Blood,San'layn,Tank,EU,Kings' Rest,14,1,1721.0,101279,0,308.0,2026-08-22,0,-1,1773.0,10.5,,
78395,13025,Shaman,Restoration,Totemic,Healer,EU,Kings' Rest,14,1,1721.0,33978,1,307.0,2026-08-22,0,-1,1773.0,10.5,,
78395,98407,Warrior,Arms,Slayer,DPS,EU,Kings' Rest,14,1,1721.0,160578,1,301.0,2026-08-22,0,-1,1773.0,10.5,,
78395,78258,Paladin,Retribution,Templar,DPS,EU,Kings' Rest,14,1,1721.0,152741,2,306.0,2026-08-22,0,-1,1773.0,10.5,,
78395,59552,Hunter,BeastMastery,Pack Leader,DPS,EU,Kings' Rest,14,1,1721.0,163540,0,308.0,2026-08-22,0,-1,1773.0,10.5,,
87664,154233,DemonHunter,Vengeance,Aldrachi Reaver,Tank,US,Ruby Life Pools,2,1,983.3,80867,0,293.0,2026-08-24,0,-1,975.0,42.0,0,
87664,154234,Shaman,Restoration,Farseer,Healer,US,Ruby Life Pools,2,1,983.3,8842,0,277.0,2026-08-24,0,-1,975.0,42.0,0,
87664,154235,Druid,Feral,Wildstalker,DPS,US,Ruby Life Pools,2,1,983.3,95990,0,275.0,2026-08-24,0,-1,975.0,42.0,0,
87664,154236,Mage,Arcane,Sunfury,DPS,US,Ruby Life Pools,2,1,983.3,153772,0,275.0,2026-08-24,0,-1,975.0,42.0,0,
87664,154237,Monk,Windwalker,Shado-Pan,DPS,US,Ruby Life Pools,2,1,983.3,83198,0,264.0,2026-08-24,0,-1,975.0,42.0,,
83735,147891,DemonHunter,Vengeance,Annihilator,Tank,EU,Voidscar Arena,14,1,1631.5,101890,3,296.0,2026-08-23,0,-1,1728.0,4.0,0,
83735,62910,Shaman,Restoration,Totemic,Healer,EU,Voidscar Arena,14,1,1631.5,24976,1,310.0,2026-08-23,0,-1,1728.0,4.0,2,
83735,62911,DeathKnight,Unholy,San'layn,DPS,EU,Voidscar Arena,14,1,1631.5,213121,0,306.0,2026-08-23,0,-1,1728.0,4.0,2,
83735,62912,Warrior,Arms,Slayer,DPS,EU,Voidscar Arena,14,1,1631.5,187840,1,306.0,2026-08-23,0,-1,1728.0,4.0,0,
83735,80666,Mage,Arcane,Sunfury,DPS,EU,Voidscar Arena,14,1,1631.5,222837,2,310.0,2026-08-23,0,-1,1728.0,4.0,4,
34236,74100,Paladin,Protection,Lightsmith,Tank,EU,The Blinding Vale,12,1,1462.3,106540,0,296.0,2026-08-21,0,-1,1454.0,19.2,,
34236,74101,Shaman,Restoration,Totemic,Healer,EU,The Blinding Vale,12,1,1462.3,36117,0,297.0,2026-08-21,0,-1,1454.0,19.2,,
34236,23005,Mage,Arcane,Sunfury,DPS,EU,The Blinding Vale,12,1,1462.3,237438,0,309.0,2026-08-21,0,-1,1454.0,19.2,,
34236,20781,Druid,Balance,Elune's Chosen,DPS,EU,The Blinding Vale,12,1,1462.3,210420,0,302.0,2026-08-21,0,-1,1454.0,19.2,,
34236,74102,Warrior,Arms,Slayer,DPS,EU,The Blinding Vale,12,1,1462.3,206097,0,306.0,2026-08-21,0,-1,1454.0,19.2,,
19750,43641,Druid,Guardian,Elune's Chosen,Tank,EU,Voidscar Arena,4,1,993.7,45028,0,288.0,2026-08-19,0,-1,985.0,45.3,,
19750,43642,Shaman,Restoration,Farseer,Healer,EU,Voidscar Arena,4,1,993.7,18243,0,281.0,2026-08-19,0,-1,985.0,45.3,,
19750,43643,Paladin,Retribution,Templar,DPS,EU,Voidscar Arena,4,1,993.7,153687,0,295.0,2026-08-19,0,-1,985.0,45.3,,
19750,43644,Mage,Arcane,Sunfury,DPS,EU,Voidscar Arena,4,1,993.7,105438,1,289.0,2026-08-19,0,-1,985.0,45.3,,
19750,43645,Hunter,Survival,Pack Leader,DPS,EU,Voidscar Arena,4,1,993.7,135107,0,294.0,2026-08-19,0,-1,985.0,45.3,,
42644,5366,Druid,Guardian,Elune's Chosen,Tank,US,Ruby Life Pools,8,1,930.4,101051,0,305.0,2026-08-22,0,-1,926.0,44.9,,
42644,7065,Paladin,Holy,Herald of the Sun,Healer,US,Ruby Life Pools,8,1,930.4,18267,0,302.0,2026-08-22,0,-1,926.0,44.9,,
42644,39327,Rogue,Assassination,Deathstalker,DPS,US,Ruby Life Pools,8,1,930.4,230000,0,306.0,2026-08-22,0,-1,926.0,44.9,,
42644,76540,Shaman,Enhancement,Stormbringer,DPS,US,Ruby Life Pools,8,1,930.4,186990,1,289.0,2026-08-22,0,-1,926.0,44.9,,
42644,76541,Warrior,Fury,Slayer,DPS,US,Ruby Life Pools,8,1,930.4,223467,0,304.0,2026-08-22,0,-1,926.0,44.9,,
37995,25122,Paladin,Protection,Templar,Tank,EU,Ruby Life Pools,9,1,1044.9,107714,0,307.0,2026-08-20,0,-1,1042.0,38.0,,
37995,81752,Shaman,Restoration,Totemic,Healer,EU,Ruby Life Pools,9,1,1044.9,23546,0,289.0,2026-08-20,0,-1,1042.0,38.0,,
37995,66605,Paladin,Retribution,Templar,DPS,EU,Ruby Life Pools,9,1,1044.9,205022,1,298.0,2026-08-20,0,-1,1042.0,38.0,,
37995,81753,Druid,Feral,Druid of the Claw,DPS,EU,Ruby Life Pools,9,1,1044.9,181809,0,294.0,2026-08-20,0,-1,1042.0,38.0,,
37995,81754,Warrior,Arms,Slayer,DPS,EU,Ruby Life Pools,9,1,1044.9,174050,0,286.0,2026-08-20,0,-1,1042.0,38.0,,
78398,21503,DeathKnight,Blood,San'layn,Tank,EU,Den of Nalorakk,12,1,1382.8,135862,0,306.0,2026-08-23,0,-1,1435.0,25.3,,
78398,144910,Priest,Holy,Oracle,Healer,EU,Den of Nalorakk,12,1,1382.8,16677,1,304.0,2026-08-23,0,-1,1435.0,25.3,,
78398,144911,Warlock,Demonology,Diabolist,DPS,EU,Den of Nalorakk,12,1,1382.8,190919,0,298.0,2026-08-23,0,-1,1435.0,25.3,,
78398,21505,Shaman,Elemental,Farseer,DPS,EU,Den of Nalorakk,12,1,1382.8,199472,1,307.0,2026-08-23,0,-1,1435.0,25.3,,
78398,90095,Mage,Arcane,Sunfury,DPS,EU,Den of Nalorakk,12,1,1382.8,219359,1,311.0,2026-08-23,0,-1,1435.0,25.3,,
79125,70171,DeathKnight,Blood,San'layn,Tank,CN,Temple of Sethraliss,12,1,1421.2,127601,0,312.0,2026-08-22,0,-1,1473.0,23.3,,
79125,145254,Paladin,Holy,Lightsmith,Healer,CN,Temple of Sethraliss,12,1,1421.2,23518,0,303.0,2026-08-22,0,-1,1473.0,23.3,,
79125,140704,Paladin,Retribution,Herald of the Sun,DPS,CN,Temple of Sethraliss,12,1,1421.2,177006,3,304.0,2026-08-22,0,-1,1473.0,23.3,,
79125,66573,Shaman,Elemental,Farseer,DPS,CN,Temple of Sethraliss,12,1,1421.2,267357,1,311.0,2026-08-22,0,-1,1473.0,23.3,,
79125,145255,Mage,Arcane,Sunfury,DPS,CN,Temple of Sethraliss,12,1,1421.2,200547,0,304.0,2026-08-22,0,-1,1473.0,23.3,,
65054,137405,DeathKnight,Blood,Deathbringer,Tank,EU,Voidscar Arena,12,1,1396.2,105308,0,311.0,2026-08-22,0,-1,,,,
65054,108430,Paladin,Holy,Herald of the Sun,Healer,EU,Voidscar Arena,12,1,1396.2,28224,0,306.0,2026-08-22,0,-1,,,,
65054,93149,Warrior,Arms,Slayer,DPS,EU,Voidscar Arena,12,1,1396.2,221191,0,306.0,2026-08-22,0,-1,,,,
65054,71794,DemonHunter,Devourer,Annihilator,DPS,EU,Voidscar Arena,12,1,1396.2,228806,0,310.0,2026-08-22,0,-1,,,,
65054,36205,Shaman,Elemental,Farseer,DPS,EU,Voidscar Arena,12,1,1396.2,196365,0,306.0,2026-08-22,0,-1,,,,
1680,3722,Monk,Brewmaster,Master of Harmony,Tank,US,The Blinding Vale,10,1,1442.0,86854,0,294.0,2026-08-18,0,-1,1448.0,19.5,,
1680,3723,Evoker,Preservation,Flameshaper,Healer,US,The Blinding Vale,10,1,1442.0,27984,1,292.0,2026-08-18,0,-1,1448.0,19.5,,
1680,3724,Priest,Shadow,Archon,DPS,US,The Blinding Vale,10,1,1442.0,211031,0,298.0,2026-08-18,0,-1,1448.0,19.5,,
1680,3725,Rogue,Subtlety,Deathstalker,DPS,US,The Blinding Vale,10,1,1442.0,201453,1,295.0,2026-08-18,0,-1,1448.0,19.5,,
1680,3726,DemonHunter,Devourer,Void-Scarred,DPS,US,The Blinding Vale,10,1,1442.0,184245,1,294.0,2026-08-18,0,-1,1448.0,19.5,,
21024,18957,Druid,Guardian,Elune's Chosen,Tank,EU,Kings' Rest,12,1,1683.5,79023,0,298.0,2026-08-19,0,-1,1705.0,13.9,,
21024,46771,Priest,Discipline,Oracle,Healer,EU,Kings' Rest,12,1,1683.5,14324,1,295.0,2026-08-19,0,-1,1705.0,13.9,,
21024,12817,Priest,Shadow,Archon,DPS,EU,Kings' Rest,12,1,1683.5,166561,0,298.0,2026-08-19,0,-1,1705.0,13.9,,3243
21024,46772,Hunter,BeastMastery,Pack Leader,DPS,EU,Kings' Rest,12,1,1683.5,146793,1,303.0,2026-08-19,0,-1,1705.0,13.9,,
21024,18959,Warlock,Destruction,Hellcaller,DPS,EU,Kings' Rest,12,1,1683.5,140054,0,293.0,2026-08-19,0,-1,1705.0,13.9,,
47160,99577,Paladin,Protection,Lightsmith,Tank,EU,Murder Row,9,1,1111.9,78902,0,290.0,2026-08-22,0,-1,,,,
47160,99578,Priest,Holy,Oracle,Healer,EU,Murder Row,9,1,1111.9,26435,0,305.0,2026-08-22,0,-1,,,,
47160,99579,DemonHunter,Havoc,Fel-Scarred,DPS,EU,Murder Row,9,1,1111.9,164553,0,300.0,2026-08-22,0,-1,,,,
47160,99580,Mage,Arcane,Sunfury,DPS,EU,Murder Row,9,1,1111.9,214311,0,305.0,2026-08-22,0,-1,,,,
47160,23935,Monk,Windwalker,Conduit of the Celestials,DPS,EU,Murder Row,9,1,1111.9,230696,0,310.0,2026-08-22,0,-1,,,,
81383,18716,DeathKnight,Blood,San'layn,Tank,EU,Altar of Fangs,15,1,1747.7,152900,0,314.0,2026-08-23,0,-1,1754.0,2.5,,3294
81383,21404,Paladin,Holy,Lightsmith,Healer,EU,Altar of Fangs,15,1,1747.7,60728,0,312.0,2026-08-23,0,-1,1754.0,2.5,,
81383,20140,Rogue,Outlaw,Trickster,DPS,EU,Altar of Fangs,15,1,1747.7,262784,0,311.0,2026-08-23,0,-1,1754.0,2.5,,
81383,12663,Mage,Arcane,Sunfury,DPS,EU,Altar of Fangs,15,1,1747.7,271865,1,307.0,2026-08-23,0,-1,1754.0,2.5,,
81383,84070,Warrior,Arms,Slayer,DPS,EU,Altar of Fangs,15,1,1747.7,219184,0,309.0,2026-08-23,0,-1,1754.0,2.5,,
59610,127537,Druid,Guardian,Elune's Chosen,Tank,EU,Altar of Fangs,7,1,1001.7,124406,0,291.0,2026-08-23,0,-1,999.0,44.5,,
59610,98989,Monk,Mistweaver,Conduit of the Celestials,Healer,EU,Altar of Fangs,7,1,1001.7,59260,0,305.0,2026-08-23,0,-1,999.0,44.5,,
59610,127538,Warrior,Arms,Slayer,DPS,EU,Altar of Fangs,7,1,1001.7,201253,0,305.0,2026-08-23,0,-1,999.0,44.5,,
59610,26423,Shaman,Elemental,Farseer,DPS,EU,Altar of Fangs,7,1,1001.7,235141,1,303.0,2026-08-23,0,-1,999.0,44.5,,
59610,26421,Hunter,BeastMastery,Pack Leader,DPS,EU,Altar of Fangs,7,1,1001.7,232050,0,305.0,2026-08-23,0,-1,999.0,44.5,,
82072,5696,DeathKnight,Blood,San'layn,Tank,US,Altar of Fangs,14,1,1653.5,139605,0,311.0,2026-08-23,0,-1,1645.0,8.6,,
82072,37025,Monk,Mistweaver,Conduit of the Celestials,Healer,US,Altar of Fangs,14,1,1653.5,55858,0,311.0,2026-08-23,0,-1,1645.0,8.6,,
82072,7220,Mage,Arcane,Sunfury,DPS,US,Altar of Fangs,14,1,1653.5,250271,0,305.0,2026-08-23,0,-1,1645.0,8.6,,
82072,5698,Warrior,Arms,Slayer,DPS,US,Altar of Fangs,14,1,1653.5,251240,0,307.0,2026-08-23,0,-1,1645.0,8.6,,
82072,5699,Monk,Windwalker,Shado-Pan,DPS,US,Altar of Fangs,14,1,1653.5,242395,0,311.0,2026-08-23,0,-1,1645.0,8.6,,
87027,46330,Warrior,Protection,Mountain Thane,Tank,EU,Murder Row,10,1,1178.5,133438,0,305.0,2026-08-23,0,-1,1170.0,42.6,0,
87027,153122,Paladin,Holy,Herald of the Sun,Healer,EU,Murder Row,10,1,1178.5,22509,0,296.0,2026-08-23,0,-1,1170.0,42.6,1,
87027,62903,Priest,Shadow,Archon,DPS,EU,Murder Row,10,1,1178.5,259797,0,305.0,2026-08-23,0,-1,1170.0,42.6,0,
87027,153123,Mage,Arcane,Sunfury,DPS,EU,Murder Row,10,1,1178.5,193157,0,298.0,2026-08-23,0,-1,1170.0,42.6,0,
87027,20816,Shaman,Elemental,Farseer,DPS,EU,Murder Row,10,1,1178.5,186852,0,304.0,2026-08-23,0,-1,1170.0,42.6,5,
68717,57503,Paladin,Protection,Lightsmith,Tank,EU,Voidscar Arena,14,1,1584.7,120379,1,303.0,2026-08-22,0,-1,1636.0,9.1,,
68717,45933,Shaman,Restoration,Totemic,Healer,EU,Voidscar Arena,14,1,1584.7,29764,1,304.0,2026-08-22,0,-1,1636.0,9.1,,
68717,68202,Warrior,Arms,Slayer,DPS,EU,Voidscar Arena,14,1,1584.7,215286,1,305.0,2026-08-22,0,-1,1636.0,9.1,,
68717,55550,Mage,Arcane,Sunfury,DPS,EU,Voidscar Arena,14,1,1584.7,205812,1,306.0,2026-08-22,0,-1,1636.0,9.1,,
68717,19212,DeathKnight,Unholy,Rider of the Apocalypse,DPS,EU,Voidscar Arena,14,1,1584.7,212146,0,303.0,2026-08-22,0,-1,1636.0,9.1,,
45411,93514,Druid,Guardian,Elune's Chosen,Tank,EU,Altar of Fangs,10,1,1102.5,116358,0,304.0,2026-08-22,0,-1,,,,
45411,18387,Priest,Holy,Oracle,Healer,EU,Altar of Fangs,10,1,1102.5,44696,0,300.0,2026-08-22,0,-1,,,,
45411,95436,Rogue,Subtlety,Deathstalker,DPS,EU,Altar of Fangs,10,1,1102.5,260815,0,305.0,2026-08-22,0,-1,,,,
45411,24253,Shaman,Elemental,Farseer,DPS,EU,Altar of Fangs,10,1,1102.5,245103,0,308.0,2026-08-22,0,-1,,,,
45411,15263,Warrior,Arms,Slayer,DPS,EU,Altar of Fangs,10,1,1102.5,253258,0,306.0,2026-08-22,0,-1,,,,
35306,7634,Druid,Guardian,Elune's Chosen,Tank,US,Temple of Sethraliss,10,1,1132.2,132013,0,305.0,2026-08-21,0,-1,1144.0,40.4,,2834
35306,76320,Paladin,Holy,Herald of the Sun,Healer,US,Temple of Sethraliss,10,1,1132.2,8696,1,299.0,2026-08-21,0,-1,1144.0,40.4,,
35306,7637,Warlock,Demonology,Diabolist,DPS,US,Temple of Sethraliss,10,1,1132.2,226880,1,304.0,2026-08-21,0,-1,1144.0,40.4,,2718
35306,12544,Hunter,Marksmanship,Sentinel,DPS,US,Temple of Sethraliss,10,1,1132.2,186517,1,302.0,2026-08-21,0,-1,1144.0,40.4,,2705
35306,7290,Druid,Balance,Elune's Chosen,DPS,US,Temple of Sethraliss,10,1,1132.2,217268,1,306.0,2026-08-21,0,-1,1144.0,40.4,,2829
76327,143940,DeathKnight,Blood,Deathbringer,Tank,CN,Voidscar Arena,13,1,1337.6,124422,0,303.0,2026-08-23,0,-1,1329.0,26.2,,
76327,143941,Shaman,Restoration,Totemic,Healer,CN,Voidscar Arena,13,1,1337.6,21704,0,308.0,2026-08-23,0,-1,1329.0,26.2,,
76327,143942,Paladin,Retribution,Herald of the Sun,DPS,CN,Voidscar Arena,13,1,1337.6,240293,0,311.0,2026-08-23,0,-1,1329.0,26.2,,
76327,143943,Hunter,BeastMastery,Pack Leader,DPS,CN,Voidscar Arena,13,1,1337.6,186408,0,305.0,2026-08-23,0,-1,1329.0,26.2,,
76327,57034,Warrior,Arms,Slayer,DPS,CN,Voidscar Arena,13,1,1337.6,213592,0,308.0,2026-08-23,0,-1,1329.0,26.2,,
47514,100382,Paladin,Protection,Templar,Tank,EU,Temple of Sethraliss,5,1,1157.9,68851,0,292.0,2026-08-22,0,-1,,,,
47514,100383,Druid,Restoration,Wildstalker,Healer,EU,Temple of Sethraliss,5,1,1157.9,1523,0,298.0,2026-08-22,0,-1,,,,
47514,100384,Paladin,Retribution,Templar,DPS,EU,Temple of Sethraliss,5,1,1157.9,146071,0,301.0,2026-08-22,0,-1,,,,
47514,100385,Mage,Arcane,Sunfury,DPS,EU,Temple of Sethraliss,5,1,1157.9,130782,1,297.0,2026-08-22,0,-1,,,,
47514,100386,Druid,Balance,Elune's Chosen,DPS,EU,Temple of Sethraliss,5,1,1157.9,115690,1,297.0,2026-08-22,0,-1,,,,
4294,9740,Monk,Brewmaster,Master of Harmony,Tank,US,Murder Row,11,1,1799.7,86576,2,295.0,2026-08-19,0,-1,1821.0,10.7,,3027
4294,7711,Priest,Discipline,Oracle,Healer,US,Murder Row,11,1,1799.7,11462,1,296.0,2026-08-19,0,-1,1821.0,10.7,,2701
4294,9741,DemonHunter,Devourer,Void-Scarred,DPS,US,Murder Row,11,1,1799.7,159787,0,297.0,2026-08-19,0,-1,1821.0,10.7,,2755
4294,9742,Monk,Windwalker,Shado-Pan,DPS,US,Murder Row,11,1,1799.7,140915,2,295.0,2026-08-19,0,-1,1821.0,10.7,,3091
4294,7713,Rogue,Subtlety,Trickster,DPS,US,Murder Row,11,1,1799.7,180304,1,300.0,2026-08-19,0,-1,1821.0,10.7,,3188
14330,29124,Druid,Guardian,Druid of the Claw,Tank,EU,Altar of Fangs,3,1,878.5,70508,0,293.0,2026-08-19,0,-1,870.0,51.7,,
14330,29125,Priest,Discipline,Oracle,Healer,EU,Altar of Fangs,3,1,878.5,13601,0,294.0,2026-08-19,0,-1,870.0,51.7,,
14330,29126,Hunter,BeastMastery,Pack Leader,DPS,EU,Altar of Fangs,3,1,878.5,156061,0,294.0,2026-08-19,0,-1,870.0,51.7,,
14330,29127,Warrior,Arms,Slayer,DPS,EU,Altar of Fangs,3,1,878.5,166302,0,294.0,2026-08-19,0,-1,870.0,51.7,,
14330,29128,Shaman,Enhancement,Stormbringer,DPS,EU,Altar of Fangs,3,1,878.5,155485,0,295.0,2026-08-19,0,-1,870.0,51.7,,
68070,63251,DemonHunter,Vengeance,Annihilator,Tank,US,Temple of Sethraliss,13,1,1538.3,122110,0,302.0,2026-08-21,0,-1,1590.0,17.2,,
68070,25151,Paladin,Holy,Herald of the Sun,Healer,US,Temple of Sethraliss,13,1,1538.3,17799,1,298.0,2026-08-21,0,-1,1590.0,17.2,,
68070,61917,Hunter,Marksmanship,Sentinel,DPS,US,Temple of Sethraliss,13,1,1538.3,189792,1,305.0,2026-08-21,0,-1,1590.0,17.2,,
68070,13234,Rogue,Assassination,Fatebound,DPS,US,Temple of Sethraliss,13,1,1538.3,249876,1,308.0,2026-08-21,0,-1,1590.0,17.2,,
68070,8882,Warrior,Arms,Slayer,DPS,US,Temple of Sethraliss,13,1,1538.3,184874,1,306.0,2026-08-21,0,-1,1590.0,17.2,,
87408,153780,Paladin,Protection,Lightsmith,Tank,EU,Murder Row,2,1,1224.0,72015,0,298.0,2026-08-23,0,-1,1216.0,40.4,1,
87408,153781,Priest,Holy,Oracle,Healer,EU,Murder Row,2,1,1224.0,1886,0,295.0,2026-08-23,0,-1,1216.0,40.4,0,
87408,153782,Hunter,Marksmanship,Sentinel,DPS,EU,Murder Row,2,1,1224.0,45636,0,276.0,2026-08-23,0,-1,1216.0,40.4,0,
87408,153783,Paladin,Retribution,Herald of the Sun,DPS,EU,Murder Row,2,1,1224.0,138737,0,301.0,2026-08-23,0,-1,1216.0,40.4,0,
87408,153784,Warlock,Demonology,Diabolist,DPS,EU,Murder Row,2,1,1224.0,98330,0,287.0,2026-08-23,0,-1,1216.0,40.4,0,
83256,15392,DeathKnight,Blood,San'layn,Tank,EU,Voidscar Arena,14,1,1443.5,134437,0,314.0,2026-08-23,0,-1,1510.0,16.1,4,3008
83256,15393,Monk,Mistweaver,Conduit of the Celestials,Healer,EU,Voidscar Arena,14,1,1443.5,45688,1,305.0,2026-08-23,0,-1,1510.0,16.1,0,2876
83256,15394,Paladin,Retribution,Templar,DPS,EU,Voidscar Arena,14,1,1443.5,155018,2,305.0,2026-08-23,0,-1,1510.0,16.1,0,2990
83256,15396,Warrior,Arms,Slayer,DPS,EU,Voidscar Arena,14,1,1443.5,218550,1,313.0,2026-08-23,0,-1,1510.0,16.1,5,3008
83256,15395,Hunter,BeastMastery,Pack Leader,DPS,EU,Voidscar Arena,14,1,1443.5,179242,1,312.0,2026-08-23,0,-1,1510.0,16.1,0,3008
34109,56057,Monk,Brewmaster,Shado-Pan,Tank,EU,Ruby Life Pools,13,1,1531.5,122324,0,305.0,2026-08-21,0,-1,1613.0,4.0,,
34109,73846,Paladin,Holy,Lightsmith,Healer,EU,Ruby Life Pools,13,1,1531.5,32203,1,303.0,2026-08-21,0,-1,1613.0,4.0,,
34109,73847,Mage,Arcane,Sunfury,DPS,EU,Ruby Life Pools,13,1,1531.5,182836,3,303.0,2026-08-21,0,-1,1613.0,4.0,,
34109,73848,Paladin,Retribution,Templar,DPS,EU,Ruby Life Pools,13,1,1531.5,209022,0,308.0,2026-08-21,0,-1,1613.0,4.0,,
34109,69751,Druid,Balance,Elune's Chosen,DPS,EU,Ruby Life Pools,13,1,1531.5,181802,2,302.0,2026-08-21,0,-1,1613.0,4.0,,
9869,19573,DeathKnight,Blood,San'layn,Tank,EU,The Blinding Vale,10,1,1278.5,119089,0,298.0,2026-08-19,0,-1,1270.0,29.4,,
9869,19574,Evoker,Preservation,Flameshaper,Healer,EU,The Blinding Vale,10,1,1278.5,27630,0,293.0,2026-08-19,0,-1,1270.0,29.4,,
9869,19575,Shaman,Elemental,Farseer,DPS,EU,The Blinding Vale,10,1,1278.5,227453,0,296.0,2026-08-19,0,-1,1270.0,29.4,,
9869,19576,Evoker,Devastation,Scalecommander,DPS,EU,The Blinding Vale,10,1,1278.5,213518,0,295.0,2026-08-19,0,-1,1270.0,29.4,,
9869,19577,Paladin,Retribution,Templar,DPS,EU,The Blinding Vale,10,1,1278.5,179006,0,295.0,2026-08-19,0,-1,1270.0,29.4,,
50351,105033,DeathKnight,Blood,San'layn,Tank,CN,Voidscar Arena,11,1,1208.3,90602,2,291.0,2026-08-22,0,-1,,,,
50351,105034,Paladin,Holy,Lightsmith,Healer,CN,Voidscar Arena,11,1,1208.3,35314,0,292.0,2026-08-22,0,-1,,,,
50351,105037,Mage,Arcane,Sunfury,DPS,CN,Voidscar Arena,11,1,1208.3,231210,0,309.0,2026-08-22,0,-1,,,,
50351,106297,Hunter,Marksmanship,Sentinel,DPS,CN,Voidscar Arena,11,1,1208.3,152226,1,299.0,2026-08-22,0,-1,,,,
50351,105035,DeathKnight,Unholy,San'layn,DPS,CN,Voidscar Arena,11,1,1208.3,203132,0,305.0,2026-08-22,0,-1,,,,
78016,13300,Paladin,Protection,Lightsmith,Tank,US,The Blinding Vale,13,1,1475.3,93815,0,311.0,2026-08-22,0,-1,1467.0,18.5,,
78016,86212,Shaman,Restoration,Totemic,Healer,US,The Blinding Vale,13,1,1475.3,33200,0,296.0,2026-08-22,0,-1,1467.0,18.5,,
78016,7643,Mage,Arcane,Sunfury,DPS,US,The Blinding Vale,13,1,1475.3,236070,0,306.0,2026-08-22,0,-1,1467.0,18.5,,
78016,11484,Rogue,Assassination,Fatebound,DPS,US,The Blinding Vale,13,1,1475.3,257236,0,305.0,2026-08-22,0,-1,1467.0,18.5,,
78016,6623,Warrior,Arms,Slayer,DPS,US,The Blinding Vale,13,1,1475.3,225814,0,302.0,2026-08-22,0,-1,1467.0,18.5,,
32489,70140,Paladin,Protection,Templar,Tank,US,Den of Nalorakk,4,1,1111.2,52412,0,295.0,2026-08-20,0,-1,1102.0,42.6,,
32489,70141,Priest,Discipline,Oracle,Healer,US,Den of Nalorakk,4,1,1111.2,9979,0,280.0,2026-08-20,0,-1,1102.0,42.6,,
32489,70142,Druid,Balance,Elune's Chosen,DPS,US,Den of Nalorakk,4,1,1111.2,97475,0,295.0,2026-08-20,0,-1,1102.0,42.6,,
32489,70143,Rogue,Assassination,Deathstalker,DPS,US,Den of Nalorakk,4,1,1111.2,116004,0,296.0,2026-08-20,0,-1,1102.0,42.6,,
32489,70144,Shaman,Elemental,Farseer,DPS,US,Den of Nalorakk,4,1,1111.2,113104,0,285.0,2026-08-20,0,-1,1102.0,42.6,,
6730,165,Paladin,Protection,Lightsmith,Tank,US,Murder Row,10,1,1296.1,122550,0,302.0,2026-08-19,0,-1,1307.0,35.9,,2680
6730,166,Priest,Discipline,Oracle,Healer,US,Murder Row,10,1,1296.1,14619,1,297.0,2026-08-19,0,-1,1307.0,35.9,,2706
6730,1238,Hunter,Marksmanship,Sentinel,DPS,US,Murder Row,10,1,1296.1,212289,1,298.0,2026-08-19,0,-1,1307.0,35.9,,3158
6730,86,Paladin,Retribution,Herald of the Sun,DPS,US,Murder Row,10,1,1296.1,207099,1,298.0,2026-08-19,0,-1,1307.0,35.9,,2727
6730,1604,DemonHunter,Devourer,Annihilator,DPS,US,Murder Row,10,1,1296.1,196226,1,303.0,2026-08-19,0,-1,1307.0,35.9,,3169
46423,65156,DeathKnight,Blood,San'layn,Tank,EU,Den of Nalorakk,5,1,990.6,61780,0,296.0,2026-08-22,0,-1,,,,
46423,27731,Paladin,Holy,Lightsmith,Healer,EU,Den of Nalorakk,5,1,990.6,48758,0,309.0,2026-08-22,0,-1,,,,
46423,82305,Mage,Frost,Spellslinger,DPS,EU,Den of Nalorakk,5,1,990.6,111647,0,291.0,2026-08-22,0,-1,,,,
46423,62090,Mage,Arcane,Sunfury,DPS,EU,Den of Nalorakk,5,1,990.6,157325,0,307.0,2026-08-22,0,-1,,,,
46423,97986,Warrior,Arms,Slayer,DPS,EU,Den of Nalorakk,5,1,990.6,108765,0,284.0,2026-08-22,0,-1,,,,
10515,13294,DeathKnight,Blood,San'layn,Tank,EU,Murder Row,10,1,1193.4,135946,0,294.0,2026-08-19,0,-1,1190.0,41.7,,3361
10515,13295,Monk,Mistweaver,Conduit of the Celestials,Healer,EU,Murder Row,10,1,1193.4,46778,0,295.0,2026-08-19,0,-1,1190.0,41.7,,2709
10515,13296,DemonHunter,Devourer,Void-Scarred,DPS,EU,Murder Row,10,1,1193.4,224442,1,299.0,2026-08-19,0,-1,1190.0,41.7,,3187
10515,21141,Warrior,Arms,Slayer,DPS,EU,Murder Row,10,1,1193.4,187936,0,293.0,2026-08-19,0,-1,1190.0,41.7,,
10515,13297,Mage,Arcane,Sunfury,DPS,EU,Murder Row,10,1,1193.4,220387,0,295.0,2026-08-19,0,-1,1190.0,41.7,,
65243,13896,DeathKnight,Blood,Deathbringer,Tank,US,Temple of Sethraliss,12,1,1377.6,124256,0,309.0,2026-08-20,0,-1,1399.0,27.1,,3087
65243,13897,Shaman,Restoration,Totemic,Healer,US,Temple of Sethraliss,12,1,1377.6,29987,1,308.0,2026-08-20,0,-1,1399.0,27.1,,3083
65243,7817,Paladin,Retribution,Templar,DPS,US,Temple of Sethraliss,12,1,1377.6,195169,0,305.0,2026-08-20,0,-1,1399.0,27.1,,
65243,13898,Monk,Windwalker,Conduit of the Celestials,DPS,US,Temple of Sethraliss,12,1,1377.6,267878,0,305.0,2026-08-20,0,-1,1399.0,27.1,,2987
65243,13900,Warrior,Arms,Slayer,DPS,US,Temple of Sethraliss,12,1,1377.6,194494,1,306.0,2026-08-20,0,-1,1399.0,27.1,,3083
27916,54897,Paladin,Protection,Lightsmith,Tank,US,The Blinding Vale,12,1,1459.4,116022,0,305.0,2026-08-21,0,-1,1481.0,17.7,,
27916,54898,Shaman,Restoration,Totemic,Healer,US,The Blinding Vale,12,1,1459.4,35105,1,301.0,2026-08-21,0,-1,1481.0,17.7,,
27916,54901,Hunter,BeastMastery,Pack Leader,DPS,US,The Blinding Vale,12,1,1459.4,176911,0,308.0,2026-08-21,0,-1,1481.0,17.7,,
27916,54900,Warlock,Demonology,Diabolist,DPS,US,The Blinding Vale,12,1,1459.4,171745,1,301.0,2026-08-21,0,-1,1481.0,17.7,,
27916,54899,Mage,Arcane,Sunfury,DPS,US,The Blinding Vale,12,1,1459.4,200568,0,304.0,2026-08-21,0,-1,1481.0,17.7,,
68870,139330,DeathKnight,Blood,Deathbringer,Tank,EU,Kings' Rest,15,1,1905.9,85413,0,306.0,2026-08-23,0,-1,1928.0,2.7,,
68870,139331,Paladin,Holy,Herald of the Sun,Healer,EU,Kings' Rest,15,1,1905.9,22620,0,299.0,2026-08-23,0,-1,1928.0,2.7,,
68870,39732,Priest,Shadow,Archon,DPS,EU,Kings' Rest,15,1,1905.9,177221,0,310.0,2026-08-23,0,-1,1928.0,2.7,,
68870,68480,Mage,Arcane,Sunfury,DPS,EU,Kings' Rest,15,1,1905.9,183930,1,308.0,2026-08-23,0,-1,1928.0,2.7,,
68870,84563,Rogue,Subtlety,Deathstalker,DPS,EU,Kings' Rest,15,1,1905.9,148600,1,309.0,2026-08-23,0,-1,1928.0,2.7,,
11347,19662,DemonHunter,Vengeance,Annihilator,Tank,EU,Ruby Life Pools,11,1,1291.6,134682,0,297.0,2026-08-19,0,-1,1288.0,23.3,,3210
11347,19663,Paladin,Holy,Herald of the Sun,Healer,EU,Ruby Life Pools,11,1,1291.6,19902,0,296.0,2026-08-19,0,-1,1288.0,23.3,,3209
11347,19665,Mage,Arcane,Sunfury,DPS,EU,Ruby Life Pools,11,1,1291.6,204829,0,294.0,2026-08-19,0,-1,1288.0,23.3,,3161
11347,19666,DeathKnight,Unholy,Rider of the Apocalypse,DPS,EU,Ruby Life Pools,11,1,1291.6,172865,1,293.0,2026-08-19,0,-1,1288.0,23.3,,2916
11347,19664,Priest,Shadow,Voidweaver,DPS,EU,Ruby Life Pools,11,1,1291.6,257538,0,301.0,2026-08-19,0,-1,1288.0,23.3,,3209
23852,9379,DemonHunter,Vengeance,Annihilator,Tank,US,Kings' Rest,11,1,1384.1,83934,0,311.0,2026-08-22,0,-1,1386.0,30.0,,
23852,9380,Paladin,Holy,Herald of the Sun,Healer,US,Kings' Rest,11,1,1384.1,6244,0,298.0,2026-08-22,0,-1,1386.0,30.0,,
23852,9381,Warrior,Arms,Slayer,DPS,US,Kings' Rest,11,1,1384.1,155241,1,309.0,2026-08-22,0,-1,1386.0,30.0,,
23852,52703,Mage,Arcane,Sunfury,DPS,US,Kings' Rest,11,1,1384.1,190210,1,304.0,2026-08-22,0,-1,1386.0,30.0,,
23852,52704,Hunter,BeastMastery,Pack Leader,DPS,US,Kings' Rest,11,1,1384.1,154030,0,301.0,2026-08-22,0,-1,1386.0,30.0,,
10076,20130,Paladin,Protection,Templar,Tank,EU,Altar of Fangs,10,1,1156.8,123849,0,298.0,2026-08-19,0,-1,1148.0,36.2,,
10076,17760,Druid,Restoration,Wildstalker,Healer,EU,Altar of Fangs,10,1,1156.8,22974,0,295.0,2026-08-19,0,-1,1148.0,36.2,,
10076,20131,Mage,Arcane,Sunfury,DPS,EU,Altar of Fangs,10,1,1156.8,225067,0,299.0,2026-08-19,0,-1,1148.0,36.2,,
10076,20132,Rogue,Subtlety,Deathstalker,DPS,EU,Altar of Fangs,10,1,1156.8,215325,0,295.0,2026-08-19,0,-1,1148.0,36.2,,
10076,20133,Shaman,Elemental,Farseer,DPS,EU,Altar of Fangs,10,1,1156.8,275113,0,294.0,2026-08-19,0,-1,1148.0,36.2,,
73198,142208,Warrior,Protection,Mountain Thane,Tank,CN,Voidscar Arena,12,1,1307.6,90636,0,294.0,2026-08-22,0,-1,1314.0,27.0,,
73198,73791,Shaman,Restoration,Totemic,Healer,CN,Voidscar Arena,12,1,1307.6,28326,1,299.0,2026-08-22,0,-1,1314.0,27.0,,
73198,73794,Paladin,Retribution,Herald of the Sun,DPS,CN,Voidscar Arena,12,1,1307.6,224107,0,306.0,2026-08-22,0,-1,1314.0,27.0,,
73198,54101,Warlock,Demonology,Diabolist,DPS,CN,Voidscar Arena,12,1,1307.6,209469,0,305.0,2026-08-22,0,-1,1314.0,27.0,,
73198,73793,Priest,Shadow,Voidweaver,DPS,CN,Voidscar Arena,12,1,1307.6,165074,0,304.0,2026-08-22,0,-1,1314.0,27.0,,
58457,106025,DeathKnight,Blood,Deathbringer,Tank,CN,Ruby Life Pools,2,1,640.9,120299,0,304.0,2026-08-23,0,-1,,,,
58457,106026,Evoker,Preservation,Flameshaper,Healer,CN,Ruby Life Pools,2,1,640.9,92614,0,308.0,2026-08-23,0,-1,,,,
58457,124639,Hunter,Marksmanship,Sentinel,DPS,CN,Ruby Life Pools,2,1,640.9,132394,0,295.0,2026-08-23,0,-1,,,,
58457,124640,Rogue,Outlaw,Trickster,DPS,CN,Ruby Life Pools,2,1,640.9,245977,0,301.0,2026-08-23,0,-1,,,,
58457,124641,DemonHunter,Havoc,Fel-Scarred,DPS,CN,Ruby Life Pools,2,1,640.9,71520,0,252.0,2026-08-23,0,-1,,,,
34410,74520,DeathKnight,Blood,San'layn,Tank,EU,Temple of Sethraliss,11,1,1212.7,120240,0,305.0,2026-08-21,0,-1,1209.0,37.0,,
34410,14891,Shaman,Restoration,Totemic,Healer,EU,Temple of Sethraliss,11,1,1212.7,28765,0,307.0,2026-08-21,0,-1,1209.0,37.0,,2743
34410,18906,Shaman,Elemental,Farseer,DPS,EU,Temple of Sethraliss,11,1,1212.7,259898,0,311.0,2026-08-21,0,-1,1209.0,37.0,,
34410,74521,Warrior,Fury,Mountain Thane,DPS,EU,Temple of Sethraliss,11,1,1212.7,177379,0,300.0,2026-08-21,0,-1,1209.0,37.0,,
34410,66464,Hunter,Marksmanship,Sentinel,DPS,EU,Temple of Sethraliss,11,1,1212.7,210371,1,309.0,2026-08-21,0,-1,1209.0,37.0,,
35580,76870,Druid,Guardian,Elune's Chosen,Tank,EU,Altar of Fangs,5,1,996.4,68974,0,293.0,2026-08-21,0,-1,988.0,45.1,,
35580,76871,Paladin,Holy,Lightsmith,Healer,EU,Altar of Fangs,5,1,996.4,40470,0,302.0,2026-08-21,0,-1,988.0,45.1,,
35580,76872,Warrior,Arms,Slayer,DPS,EU,Altar of Fangs,5,1,996.4,171771,0,304.0,2026-08-21,0,-1,988.0,45.1,,
35580,76873,Monk,Windwalker,Shado-Pan,DPS,EU,Altar of Fangs,5,1,996.4,97586,0,290.0,2026-08-21,0,-1,988.0,45.1,,
35580,76874,Mage,Arcane,Sunfury,DPS,EU,Altar of Fangs,5,1,996.4,180311,1,302.0,2026-08-21,0,-1,988.0,45.1,,
86130,151756,Paladin,Protection,Lightsmith,Tank,US,Altar of Fangs,5,1,1031.7,129467,0,304.0,2026-08-23,0,-1,1024.0,43.1,0,
86130,105349,Priest,Discipline,Oracle,Healer,US,Altar of Fangs,5,1,1031.7,15613,0,293.0,2026-08-23,0,-1,1024.0,43.1,3,
86130,151757,Warrior,Fury,Slayer,DPS,US,Altar of Fangs,5,1,1031.7,159896,0,288.0,2026-08-23,0,-1,1024.0,43.1,2,
86130,151758,Druid,Balance,Elune's Chosen,DPS,US,Altar of Fangs,5,1,1031.7,156559,0,286.0,2026-08-23,0,-1,1024.0,43.1,0,
86130,151759,Warlock,Affliction,Soul Harvester,DPS,US,Altar of Fangs,5,1,1031.7,129772,0,292.0,2026-08-23,0,-1,1024.0,43.1,2,
48992,103665,Paladin,Protection,Lightsmith,Tank,CN,Kings' Rest,11,1,1368.0,92662,0,309.0,2026-08-22,0,-1,,,,
48992,103666,Monk,Mistweaver,Conduit of the Celestials,Healer,CN,Kings' Rest,11,1,1368.0,45844,0,300.0,2026-08-22,0,-1,,,,
48992,103667,DeathKnight,Unholy,San'layn,DPS,CN,Kings' Rest,11,1,1368.0,143190,0,301.0,2026-08-22,0,-1,,,,
48992,103668,Druid,Balance,Elune's Chosen,DPS,CN,Kings' Rest,11,1,1368.0,151642,0,308.0,2026-08-22,0,-1,,,,
48992,103669,Mage,Arcane,Sunfury,DPS,CN,Kings' Rest,11,1,1368.0,150649,0,302.0,2026-08-22,0,-1,,,,
70470,117311,DeathKnight,Blood,San'layn,Tank,EU,Den of Nalorakk,13,1,1586.9,93358,0,306.0,2026-08-22,0,-1,1608.0,16.2,,
70470,79068,Paladin,Holy,Lightsmith,Healer,EU,Den of Nalorakk,13,1,1586.9,55026,0,301.0,2026-08-22,0,-1,1608.0,16.2,,
70470,20242,Shaman,Elemental,Farseer,DPS,EU,Den of Nalorakk,13,1,1586.9,165999,1,307.0,2026-08-22,0,-1,1608.0,16.2,,
70470,78219,Mage,Arcane,Sunfury,DPS,EU,Den of Nalorakk,13,1,1586.9,209845,0,306.0,2026-08-22,0,-1,1608.0,16.2,,
70470,60999,DemonHunter,Havoc,Fel-Scarred,DPS,EU,Den of Nalorakk,13,1,1586.9,162211,1,301.0,2026-08-22,0,-1,1608.0,16.2,,
74952,143232,DeathKnight,Blood,Deathbringer,Tank,CN,Kings' Rest,13,1,1572.2,69836,0,302.0,2026-08-22,0,-1,1593.0,19.5,,
74952,84791,Paladin,Holy,Lightsmith,Healer,CN,Kings' Rest,13,1,1572.2,42095,1,307.0,2026-08-22,0,-1,1593.0,19.5,,
74952,141066,Rogue,Assassination,Deathstalker,DPS,CN,Kings' Rest,13,1,1572.2,171584,0,304.0,2026-08-22,0,-1,1593.0,19.5,,
74952,61965,Druid,Balance,Elune's Chosen,DPS,CN,Kings' Rest,13,1,1572.2,159538,0,304.0,2026-08-22,0,-1,1593.0,19.5,,
74952,96971,Mage,Arcane,Sunfury,DPS,CN,Kings' Rest,13,1,1572.2,183146,1,309.0,2026-08-22,0,-1,1593.0,19.5,,
32176,69397,Paladin,Protection,Templar,Tank,EU,Murder Row,6,1,1117.2,65576,0,291.0,2026-08-21,0,-1,1119.0,45.1,,
32176,69398,Priest,Discipline,Oracle,Healer,EU,Murder Row,6,1,1117.2,12017,0,289.0,2026-08-21,0,-1,1119.0,45.1,,
32176,69399,Warlock,Destruction,Diabolist,DPS,EU,Murder Row,6,1,1117.2,121047,0,294.0,2026-08-21,0,-1,1119.0,45.1,,
32176,69400,Mage,Arcane,Sunfury,DPS,EU,Murder Row,6,1,1117.2,167709,2,307.0,2026-08-21,0,-1,1119.0,45.1,,
32176,69401,Rogue,Subtlety,Deathstalker,DPS,EU,Murder Row,6,1,1117.2,161694,0,295.0,2026-08-21,0,-1,1119.0,45.1,,
38331,82318,Paladin,Protection,Lightsmith,Tank,EU,Voidscar Arena,13,1,1619.2,80330,0,302.0,2026-08-22,0,-1,,,,
38331,18465,Shaman,Restoration,Totemic,Healer,EU,Voidscar Arena,13,1,1619.2,24306,3,305.0,2026-08-22,0,-1,,,,
38331,70687,Warlock,Demonology,Diabolist,DPS,EU,Voidscar Arena,13,1,1619.2,204984,3,304.0,2026-08-22,0,-1,,,,
38331,20715,DeathKnight,Unholy,Rider of the Apocalypse,DPS,EU,Voidscar Arena,13,1,1619.2,179114,0,315.0,2026-08-22,0,-1,,,,
38331,20717,Rogue,Assassination,Deathstalker,DPS,EU,Voidscar Arena,13,1,1619.2,234208,0,307.0,2026-08-22,0,-1,,,,
22890,41695,DemonHunter,Vengeance,Unknown,Tank,US,Voidscar Arena,11,1,1344.7,83217,0,294.0,2026-08-19,0,-1,1356.0,24.7,,
22890,6631,Shaman,Restoration,Unknown,Healer,US,Voidscar Arena,11,1,1344.7,30874,0,301.0,2026-08-19,0,-1,1356.0,24.7,,2667
22890,6632,Warlock,Demonology,Unknown,DPS,US,Voidscar Arena,11,1,1344.7,186835,2,300.0,2026-08-19,0,-1,1356.0,24.7,,2745
22890,6634,Hunter,Marksmanship,Unknown,DPS,US,Voidscar Arena,11,1,1344.7,170561,1,300.0,2026-08-19,0,-1,1356.0,24.7,,2746
22890,6633,Paladin,Retribution,Unknown,DPS,US,Voidscar Arena,11,1,1344.7,178910,1,298.0,2026-08-19,0,-1,1356.0,24.7,,2729
51179,2979,DeathKnight,Blood,San'layn,Tank,US,Murder Row,12,1,1534.8,121952,0,302.0,2026-08-22,0,-1,,,,
51179,256,Shaman,Restoration,Farseer,Healer,US,Murder Row,12,1,1534.8,38596,0,310.0,2026-08-22,0,-1,,,,3168
51179,7294,Priest,Shadow,Archon,DPS,US,Murder Row,12,1,1534.8,221274,1,312.0,2026-08-22,0,-1,,,,3013
51179,7635,Evoker,Devastation,Scalecommander,DPS,US,Murder Row,12,1,1534.8,207184,1,307.0,2026-08-22,0,-1,,,,2827
51179,108698,Hunter,Marksmanship,Sentinel,DPS,US,Murder Row,12,1,1534.8,149872,0,293.0,2026-08-22,0,-1,,,,
63029,135680,Monk,Brewmaster,Master of Harmony,Tank,EU,Altar of Fangs,4,1,1009.9,64315,0,291.0,2026-08-23,0,-1,1001.0,44.4,,
63029,135681,Shaman,Restoration,Totemic,Healer,EU,Altar of Fangs,4,1,1009.9,18979,0,292.0,2026-08-23,0,-1,1001.0,44.4,,
63029,135682,Rogue,Outlaw,Trickster,DPS,EU,Altar of Fangs,4,1,1009.9,150137,0,299.0,2026-08-23,0,-1,1001.0,44.4,,
63029,135683,Paladin,Retribution,Templar,DPS,EU,Altar of Fangs,4,1,1009.9,161147,0,306.0,2026-08-23,0,-1,1001.0,44.4,,
63029,135684,Warrior,Arms,Slayer,DPS,EU,Altar of Fangs,4,1,1009.9,140267,0,295.0,2026-08-23,0,-1,1001.0,44.4,,
7887,14731,DeathKnight,Blood,San'layn,Tank,EU,Murder Row,10,1,1124.6,128029,0,293.0,2026-08-19,0,-1,1116.0,45.3,,2757
7887,14732,Paladin,Holy,Lightsmith,Healer,EU,Murder Row,10,1,1124.6,59362,0,296.0,2026-08-19,0,-1,1116.0,45.3,,2712
7887,14733,Shaman,Elemental,Stormbringer,DPS,EU,Murder Row,10,1,1124.6,179866,0,294.0,2026-08-19,0,-1,1116.0,45.3,,2722
7887,14734,Warrior,Arms,Slayer,DPS,EU,Murder Row,10,1,1124.6,248253,0,298.0,2026-08-19,0,-1,1116.0,45.3,,2829
7887,14735,Druid,Balance,Elune's Chosen,DPS,EU,Murder Row,10,1,1124.6,229797,0,296.0,2026-08-19,0,-1,1116.0,45.3,,2732
23803,5881,Warrior,Protection,Mountain Thane,Tank,US,The Blinding Vale,9,1,1097.0,125629,0,302.0,2026-08-20,0,-1,1093.0,39.3,,
23803,52578,Shaman,Restoration,Totemic,Healer,US,The Blinding Vale,9,1,1097.0,29497,0,291.0,2026-08-20,0,-1,1093.0,39.3,,
23803,5883,DeathKnight,Unholy,Rider of the Apocalypse,DPS,US,The Blinding Vale,9,1,1097.0,230839,0,301.0,2026-08-20,0,-1,1093.0,39.3,,
23803,5884,Warrior,Arms,Slayer,DPS,US,The Blinding Vale,9,1,1097.0,220538,0,304.0,2026-08-20,0,-1,1093.0,39.3,,
23803,52579,Rogue,Subtlety,Deathstalker,DPS,US,The Blinding Vale,9,1,1097.0,178844,1,294.0,2026-08-20,0,-1,1093.0,39.3,,
1898,332,Paladin,Protection,Lightsmith,Tank,US,Den of Nalorakk,10,1,1597.5,101655,1,291.0,2026-08-18,0,-1,1624.0,15.4,,2756
1898,333,Paladin,Holy,Herald of the Sun,Healer,US,Den of Nalorakk,10,1,1597.5,15713,2,297.0,2026-08-18,0,-1,1624.0,15.4,,2683
1898,336,DeathKnight,Unholy,Rider of the Apocalypse,DPS,US,Den of Nalorakk,10,1,1597.5,159420,1,294.0,2026-08-18,0,-1,1624.0,15.4,,
1898,334,Shaman,Elemental,Farseer,DPS,US,Den of Nalorakk,10,1,1597.5,186160,1,293.0,2026-08-18,0,-1,1624.0,15.4,,2756
1898,335,Hunter,BeastMastery,Pack Leader,DPS,US,Den of Nalorakk,10,1,1597.5,141836,2,294.0,2026-08-18,0,-1,1624.0,15.4,,
38206,19143,DemonHunter,Vengeance,Annihilator,Tank,US,Murder Row,9,1,1112.8,121968,0,304.0,2026-08-21,0,-1,1104.0,45.9,,
38206,19144,Shaman,Restoration,Totemic,Healer,US,Murder Row,9,1,1112.8,46851,0,304.0,2026-08-21,0,-1,1104.0,45.9,,
38206,66959,Mage,Arcane,Sunfury,DPS,US,Murder Row,9,1,1112.8,186597,0,302.0,2026-08-21,0,-1,1104.0,45.9,,
38206,82110,Druid,Balance,Elune's Chosen,DPS,US,Murder Row,9,1,1112.8,215936,0,302.0,2026-08-21,0,-1,1104.0,45.9,,
38206,82111,DemonHunter,Havoc,Fel-Scarred,DPS,US,Murder Row,9,1,1112.8,181598,0,304.0,2026-08-21,0,-1,1104.0,45.9,,
64963,57962,DemonHunter,Vengeance,Unknown,Tank,US,Den of Nalorakk,13,1,1129.8,121618,1,309.0,2026-08-21,0,-1,1643.0,14.4,,
64963,58526,Paladin,Holy,Unknown,Healer,US,Den of Nalorakk,13,1,1129.8,30324,0,307.0,2026-08-21,0,-1,1643.0,14.4,,
64963,9838,DeathKnight,Unholy,Unknown,DPS,US,Den of Nalorakk,13,1,1129.8,197011,0,298.0,2026-08-21,0,-1,1643.0,14.4,,
64963,137279,Warrior,Fury,Unknown,DPS,US,Den of Nalorakk,13,1,1129.8,226904,0,303.0,2026-08-21,0,-1,1643.0,14.4,,
64963,57961,Hunter,BeastMastery,Unknown,DPS,US,Den of Nalorakk,13,1,1129.8,208292,0,309.0,2026-08-21,0,-1,1643.0,14.4,,
22394,39079,DeathKnight,Blood,San'layn,Tank,US,Temple of Sethraliss,12,1,1682.4,112683,1,299.0,2026-08-20,0,-1,1869.0,2.6,,
22394,49780,Paladin,Holy,Herald of the Sun,Healer,US,Temple of Sethraliss,12,1,1682.4,6429,5,301.0,2026-08-20,0,-1,1869.0,2.6,,
22394,42890,Mage,Arcane,Sunfury,DPS,US,Temple of Sethraliss,12,1,1682.4,185248,2,305.0,2026-08-20,0,-1,1869.0,2.6,,3000
22394,42891,Rogue,Subtlety,Deathstalker,DPS,US,Temple of Sethraliss,12,1,1682.4,178999,4,306.0,2026-08-20,0,-1,1869.0,2.6,,
22394,10592,Shaman,Elemental,Farseer,DPS,US,Temple of Sethraliss,12,1,1682.4,207652,1,296.0,2026-08-20,0,-1,1869.0,2.6,,
49154,103974,DemonHunter,Vengeance,Annihilator,Tank,EU,Voidscar Arena,3,1,868.8,73987,0,295.0,2026-08-22,0,-1,861.0,52.2,,
49154,97186,Priest,Holy,Oracle,Healer,EU,Voidscar Arena,3,1,868.8,33153,0,301.0,2026-08-22,0,-1,861.0,52.2,,
49154,104036,Paladin,Retribution,Templar,DPS,EU,Voidscar Arena,3,1,868.8,120124,0,298.0,2026-08-22,0,-1,861.0,52.2,,
49154,103976,Mage,Frost,Spellslinger,DPS,EU,Voidscar Arena,3,1,868.8,119055,0,300.0,2026-08-22,0,-1,861.0,52.2,,
49154,97188,Warlock,Affliction,Soul Harvester,DPS,EU,Voidscar Arena,3,1,868.8,159057,0,306.0,2026-08-22,0,-1,861.0,52.2,,
61865,132852,Druid,Guardian,Elune's Chosen,Tank,CN,The Blinding Vale,6,1,1058.7,60323,0,294.0,2026-08-22,0,-1,1050.0,41.7,,
61865,132853,Priest,Holy,Oracle,Healer,CN,The Blinding Vale,6,1,1058.7,12105,0,291.0,2026-08-22,0,-1,1050.0,41.7,,
61865,40029,Mage,Arcane,Sunfury,DPS,CN,The Blinding Vale,6,1,1058.7,238247,0,307.0,2026-08-22,0,-1,1050.0,41.7,,
61865,132854,Paladin,Retribution,Herald of the Sun,DPS,CN,The Blinding Vale,6,1,1058.7,162227,0,298.0,2026-08-22,0,-1,1050.0,41.7,,
61865,132855,Hunter,Survival,Pack Leader,DPS,CN,The Blinding Vale,6,1,1058.7,111575,0,291.0,2026-08-22,0,-1,1050.0,41.7,,
46953,77346,Paladin,Protection,Lightsmith,Tank,EU,Kings' Rest,12,1,1524.5,99677,0,309.0,2026-08-22,0,-1,,,,
46953,99225,Shaman,Restoration,Totemic,Healer,EU,Kings' Rest,12,1,1524.5,30048,0,303.0,2026-08-22,0,-1,,,,
46953,99226,Druid,Feral,Druid of the Claw,DPS,EU,Kings' Rest,12,1,1524.5,124151,1,302.0,2026-08-22,0,-1,,,,
46953,82529,Warrior,Arms,Slayer,DPS,EU,Kings' Rest,12,1,1524.5,195143,1,305.0,2026-08-22,0,-1,,,,
46953,88847,Mage,Arcane,Sunfury,DPS,EU,Kings' Rest,12,1,1524.5,151500,2,305.0,2026-08-22,0,-1,,,,
25781,4481,DeathKnight,Blood,San'layn,Tank,US,Voidscar Arena,13,1,1528.3,157282,0,305.0,2026-08-21,0,-1,1600.0,11.1,,3125
25781,208,Druid,Restoration,Wildstalker,Healer,US,Voidscar Arena,13,1,1528.3,5015,1,299.0,2026-08-21,0,-1,1600.0,11.1,,3078
25781,16978,Monk,Windwalker,Shado-Pan,DPS,US,Voidscar Arena,13,1,1528.3,166795,2,299.0,2026-08-21,0,-1,1600.0,11.1,,
25781,15760,Warrior,Arms,Slayer,DPS,US,Voidscar Arena,13,1,1528.3,203060,2,303.0,2026-08-21,0,-1,1600.0,11.1,,
25781,15759,Shaman,Elemental,Farseer,DPS,US,Voidscar Arena,13,1,1528.3,215092,2,307.0,2026-08-21,0,-1,1600.0,11.1,,
9139,14251,DeathKnight,Blood,Deathbringer,Tank,EU,Ruby Life Pools,12,0,1696.0,104111,2,302.0,2026-08-19,0,-1,1943.0,-15.6,,2785
9139,14252,Shaman,Restoration,Totemic,Healer,EU,Ruby Life Pools,12,0,1696.0,24857,3,294.0,2026-08-19,0,-1,1943.0,-15.6,,2821
9139,14254,DemonHunter,Devourer,Annihilator,DPS,EU,Ruby Life Pools,12,0,1696.0,195952,4,295.0,2026-08-19,0,-1,1943.0,-15.6,,2764
9139,14253,Hunter,Marksmanship,Sentinel,DPS,EU,Ruby Life Pools,12,0,1696.0,173319,4,295.0,2026-08-19,0,-1,1943.0,-15.6,,2759
9139,14255,Paladin,Retribution,Templar,DPS,EU,Ruby Life Pools,12,0,1696.0,165632,4,297.0,2026-08-19,0,-1,1943.0,-15.6,,2724
78245,40815,DemonHunter,Vengeance,Annihilator,Tank,EU,Murder Row,12,1,1484.9,113335,0,294.0,2026-08-20,0,-1,1476.0,27.6,,
78245,144819,Druid,Restoration,Wildstalker,Healer,EU,Murder Row,12,1,1484.9,2834,0,301.0,2026-08-20,0,-1,1476.0,27.6,,
78245,144820,Shaman,Elemental,Farseer,DPS,EU,Murder Row,12,1,1484.9,222856,0,304.0,2026-08-20,0,-1,1476.0,27.6,,
78245,40817,Rogue,Assassination,Deathstalker,DPS,EU,Murder Row,12,1,1484.9,217702,0,303.0,2026-08-20,0,-1,1476.0,27.6,,
78245,96523,Warlock,Demonology,Diabolist,DPS,EU,Murder Row,12,1,1484.9,231236,0,301.0,2026-08-20,0,-1,1476.0,27.6,,
72998,142090,Druid,Guardian,Elune's Chosen,Tank,US,Voidscar Arena,10,1,1031.1,83975,0,307.0,2026-08-23,0,-1,1043.0,42.1,,
72998,10390,Druid,Restoration,Wildstalker,Healer,US,Voidscar Arena,10,1,1031.1,19688,0,309.0,2026-08-23,0,-1,1043.0,42.1,,2858
72998,136555,Warrior,Arms,Slayer,DPS,US,Voidscar Arena,10,1,1031.1,245719,1,305.0,2026-08-23,0,-1,1043.0,42.1,,
72998,7685,Druid,Feral,Druid of the Claw,DPS,US,Voidscar Arena,10,1,1031.1,204080,1,312.0,2026-08-23,0,-1,1043.0,42.1,,
72998,136557,Mage,Arcane,Sunfury,DPS,US,Voidscar Arena,10,1,1031.1,243112,2,309.0,2026-08-23,0,-1,1043.0,42.1,,
83580,1506,DeathKnight,Blood,San'layn,Tank,US,Voidscar Arena,10,1,959.5,127530,0,308.0,2026-08-23,0,-1,956.0,46.9,0,
83580,1057,Monk,Mistweaver,Conduit of the Celestials,Healer,US,Voidscar Arena,10,1,959.5,51135,0,314.0,2026-08-23,0,-1,956.0,46.9,4,2703
83580,1059,Warlock,Demonology,Diabolist,DPS,US,Voidscar Arena,10,1,959.5,246902,0,302.0,2026-08-23,0,-1,956.0,46.9,4,
83580,988,DemonHunter,Devourer,Void-Scarred,DPS,US,Voidscar Arena,10,1,959.5,246084,0,310.0,2026-08-23,0,-1,956.0,46.9,4,2735
83580,147663,Mage,Arcane,Sunfury,DPS,US,Voidscar Arena,10,1,959.5,245189,1,309.0,2026-08-23,0,-1,956.0,46.9,4,
78121,74925,DeathKnight,Blood,San'layn,Tank,CN,Den of Nalorakk,15,1,1659.4,137790,0,312.0,2026-08-23,0,-1,1726.0,10.1,,
78121,74926,Paladin,Holy,Lightsmith,Healer,CN,Den of Nalorakk,15,1,1659.4,64602,1,311.0,2026-08-23,0,-1,1726.0,10.1,,
78121,140211,Warrior,Arms,Slayer,DPS,CN,Den of Nalorakk,15,1,1659.4,191650,2,308.0,2026-08-23,0,-1,1726.0,10.1,,
78121,74929,Rogue,Assassination,Deathstalker,DPS,CN,Den of Nalorakk,15,1,1659.4,217159,1,310.0,2026-08-23,0,-1,1726.0,10.1,,
78121,74927,Mage,Arcane,Sunfury,DPS,CN,Den of Nalorakk,15,1,1659.4,231364,1,307.0,2026-08-23,0,-1,1726.0,10.1,,
38827,39857,DeathKnight,Blood,San'layn,Tank,EU,Temple of Sethraliss,11,1,1329.2,125462,0,307.0,2026-08-21,0,-1,1336.0,30.4,,
38827,83225,Shaman,Restoration,Totemic,Healer,EU,Temple of Sethraliss,11,1,1329.2,16994,0,303.0,2026-08-21,0,-1,1336.0,30.4,,
38827,39860,Warrior,Arms,Slayer,DPS,EU,Temple of Sethraliss,11,1,1329.2,223714,1,309.0,2026-08-21,0,-1,1336.0,30.4,,
38827,39859,Mage,Arcane,Sunfury,DPS,EU,Temple of Sethraliss,11,1,1329.2,210864,2,308.0,2026-08-21,0,-1,1336.0,30.4,,
38827,83226,Priest,Shadow,Archon,DPS,EU,Temple of Sethraliss,11,1,1329.2,169644,0,307.0,2026-08-21,0,-1,1336.0,30.4,,
11575,23158,DeathKnight,Blood,San'layn,Tank,EU,Den of Nalorakk,10,1,1393.7,90679,0,298.0,2026-08-19,0,-1,1405.0,26.8,,
11575,23159,Paladin,Holy,Herald of the Sun,Healer,EU,Den of Nalorakk,10,1,1393.7,10113,1,281.0,2026-08-19,0,-1,1405.0,26.8,,
11575,23160,Mage,Arcane,Sunfury,DPS,EU,Den of Nalorakk,10,1,1393.7,162777,2,297.0,2026-08-19,0,-1,1405.0,26.8,,
11575,23161,DemonHunter,Devourer,Annihilator,DPS,EU,Den of Nalorakk,10,1,1393.7,151469,1,292.0,2026-08-19,0,-1,1405.0,26.8,,
11575,23162,Warlock,Demonology,Diabolist,DPS,EU,Den of Nalorakk,10,1,1393.7,177267,0,292.0,2026-08-19,0,-1,1405.0,26.8,,
36362,78420,DeathKnight,Blood,San'layn,Tank,EU,Temple of Sethraliss,10,1,1005.8,129623,0,303.0,2026-08-20,0,-1,997.0,48.1,,
36362,78421,Priest,Discipline,Voidweaver,Healer,EU,Temple of Sethraliss,10,1,1005.8,26143,0,302.0,2026-08-20,0,-1,997.0,48.1,,
36362,78422,Monk,Windwalker,Conduit of the Celestials,DPS,EU,Temple of Sethraliss,10,1,1005.8,287242,0,304.0,2026-08-20,0,-1,997.0,48.1,,
36362,18780,Shaman,Elemental,Farseer,DPS,EU,Temple of Sethraliss,10,1,1005.8,279550,0,299.0,2026-08-20,0,-1,997.0,48.1,,2699
36362,44172,Druid,Balance,Elune's Chosen,DPS,EU,Temple of Sethraliss,10,1,1005.8,226415,0,300.0,2026-08-20,0,-1,997.0,48.1,,
23960,52998,DeathKnight,Blood,San'layn,Tank,CN,Den of Nalorakk,11,1,1374.8,104592,0,305.0,2026-08-21,0,-1,1372.0,28.6,,
23960,52999,Paladin,Holy,Lightsmith,Healer,CN,Den of Nalorakk,11,1,1374.8,44531,0,309.0,2026-08-21,0,-1,1372.0,28.6,,
23960,53000,Warrior,Arms,Slayer,DPS,CN,Den of Nalorakk,11,1,1374.8,139015,0,302.0,2026-08-21,0,-1,1372.0,28.6,,
23960,53001,Shaman,Elemental,Farseer,DPS,CN,Den of Nalorakk,11,1,1374.8,178115,1,301.0,2026-08-21,0,-1,1372.0,28.6,,
23960,53002,Mage,Arcane,Sunfury,DPS,CN,Den of Nalorakk,11,1,1374.8,182090,0,302.0,2026-08-21,0,-1,1372.0,28.6,,
57622,45913,Warrior,Protection,Mountain Thane,Tank,US,Voidscar Arena,10,1,1054.7,133564,0,306.0,2026-08-22,0,-1,1051.0,41.6,,
57622,122712,Paladin,Holy,Herald of the Sun,Healer,US,Voidscar Arena,10,1,1054.7,18416,0,277.0,2026-08-22,0,-1,1051.0,41.6,,
57622,7862,Mage,Arcane,Sunfury,DPS,US,Voidscar Arena,10,1,1054.7,182150,1,296.0,2026-08-22,0,-1,1051.0,41.6,,
57622,122713,Shaman,Enhancement,Stormbringer,DPS,US,Voidscar Arena,10,1,1054.7,156198,0,285.0,2026-08-22,0,-1,1051.0,41.6,,
57622,718,Evoker,Devastation,Scalecommander,DPS,US,Voidscar Arena,10,1,1054.7,221780,0,308.0,2026-08-22,0,-1,1051.0,41.6,,
47958,91690,Warrior,Protection,Mountain Thane,Tank,EU,Murder Row,10,1,1204.8,134675,1,297.0,2026-08-22,0,-1,,,,
47958,91691,Evoker,Preservation,Flameshaper,Healer,EU,Murder Row,10,1,1204.8,37394,0,303.0,2026-08-22,0,-1,,,,
47958,32587,Shaman,Enhancement,Stormbringer,DPS,EU,Murder Row,10,1,1204.8,216048,0,303.0,2026-08-22,0,-1,,,,
47958,91692,DeathKnight,Unholy,Rider of the Apocalypse,DPS,EU,Murder Row,10,1,1204.8,162568,0,301.0,2026-08-22,0,-1,,,,
47958,91693,Mage,Arcane,Sunfury,DPS,EU,Murder Row,10,1,1204.8,245132,0,310.0,2026-08-22,0,-1,,,,
55388,117485,DemonHunter,Vengeance,Annihilator,Tank,US,Voidscar Arena,8,1,1065.4,81550,0,303.0,2026-08-22,0,-1,1062.0,41.0,,
55388,47812,Priest,Holy,Oracle,Healer,US,Voidscar Arena,8,1,1065.4,28379,0,305.0,2026-08-22,0,-1,1062.0,41.0,,
55388,47813,Warlock,Demonology,Diabolist,DPS,US,Voidscar Arena,8,1,1065.4,267641,0,308.0,2026-08-22,0,-1,1062.0,41.0,,
55388,117486,Mage,Arcane,Sunfury,DPS,US,Voidscar Arena,8,1,1065.4,148389,1,282.0,2026-08-22,0,-1,1062.0,41.0,,
55388,29678,Hunter,Marksmanship,Sentinel,DPS,US,Voidscar Arena,8,1,1065.4,167896,0,314.0,2026-08-22,0,-1,1062.0,41.0,,
29488,20638,DeathKnight,Blood,San'layn,Tank,EU,Ruby Life Pools,11,1,1145.8,187947,0,310.0,2026-08-20,0,-1,1148.0,31.7,,
29488,63910,Priest,Discipline,Oracle,Healer,EU,Ruby Life Pools,11,1,1145.8,14157,0,295.0,2026-08-20,0,-1,1148.0,31.7,,
29488,63911,Warrior,Arms,Slayer,DPS,EU,Ruby Life Pools,11,1,1145.8,261781,1,303.0,2026-08-20,0,-1,1148.0,31.7,,
29488,63912,DeathKnight,Unholy,Rider of the Apocalypse,DPS,EU,Ruby Life Pools,11,1,1145.8,233066,0,296.0,2026-08-20,0,-1,1148.0,31.7,,
29488,63913,Evoker,Augmentation,Chronowarden,DPS,EU,Ruby Life Pools,11,1,1145.8,183173,1,306.0,2026-08-20,0,-1,1148.0,31.7,,
12334,24363,Paladin,Protection,Lightsmith,Tank,EU,Temple of Sethraliss,10,1,1298.8,74180,0,300.0,2026-08-19,0,-1,1296.0,32.5,,
12334,24364,Druid,Restoration,Keeper of the Grove,Healer,EU,Temple of Sethraliss,10,1,1298.8,40793,0,290.0,2026-08-19,0,-1,1296.0,32.5,,
12334,24365,Warrior,Arms,Slayer,DPS,EU,Temple of Sethraliss,10,1,1298.8,191091,0,296.0,2026-08-19,0,-1,1296.0,32.5,,
12334,24366,Mage,Arcane,Sunfury,DPS,EU,Temple of Sethraliss,10,1,1298.8,186448,0,296.0,2026-08-19,0,-1,1296.0,32.5,,
12334,24367,Shaman,Elemental,Farseer,DPS,EU,Temple of Sethraliss,10,1,1298.8,210060,1,303.0,2026-08-19,0,-1,1296.0,32.5,,
3443,682,Paladin,Protection,Templar,Tank,US,Kings' Rest,11,0,2061.7,59631,3,294.0,2026-08-19,0,-1,2153.0,-8.7,,3083
3443,680,Shaman,Restoration,Totemic,Healer,US,Kings' Rest,11,0,2061.7,17348,6,296.0,2026-08-19,0,-1,2153.0,-8.7,,
3443,681,Evoker,Devastation,Scalecommander,DPS,US,Kings' Rest,11,0,2061.7,131655,4,292.0,2026-08-19,0,-1,2153.0,-8.7,,
3443,683,Mage,Arcane,Sunfury,DPS,US,Kings' Rest,11,0,2061.7,149208,3,296.0,2026-08-19,0,-1,2153.0,-8.7,,2992
3443,7690,DemonHunter,Devourer,Void-Scarred,DPS,US,Kings' Rest,11,0,2061.7,123091,4,294.0,2026-08-19,0,-1,2153.0,-8.7,,
23008,45202,DeathKnight,Blood,Deathbringer,Tank,CN,Temple of Sethraliss,4,1,1145.9,70357,0,293.0,2026-08-20,0,-1,1138.0,40.7,,
23008,50988,Priest,Holy,Oracle,Healer,CN,Temple of Sethraliss,4,1,1145.9,7093,0,291.0,2026-08-20,0,-1,1138.0,40.7,,
23008,45206,Shaman,Elemental,Stormbringer,DPS,CN,Temple of Sethraliss,4,1,1145.9,111664,0,291.0,2026-08-20,0,-1,1138.0,40.7,,
23008,50989,Mage,Arcane,Sunfury,DPS,CN,Temple of Sethraliss,4,1,1145.9,124655,0,289.0,2026-08-20,0,-1,1138.0,40.7,,
23008,45205,Warlock,Destruction,Hellcaller,DPS,CN,Temple of Sethraliss,4,1,1145.9,107259,0,294.0,2026-08-20,0,-1,1138.0,40.7,,
4279,7069,Druid,Guardian,Elune's Chosen,Tank,US,The Blinding Vale,11,1,1447.3,108676,1,294.0,2026-08-18,0,-1,1489.0,17.3,,3016
4279,7070,Paladin,Holy,Herald of the Sun,Healer,US,The Blinding Vale,11,1,1447.3,16469,2,295.0,2026-08-18,0,-1,1489.0,17.3,,3074
4279,7072,Monk,Windwalker,Conduit of the Celestials,DPS,US,The Blinding Vale,11,1,1447.3,157985,2,295.0,2026-08-18,0,-1,1489.0,17.3,,3015
4279,7073,Rogue,Subtlety,Deathstalker,DPS,US,The Blinding Vale,11,1,1447.3,222944,2,291.0,2026-08-18,0,-1,1489.0,17.3,,2808
4279,7071,Warrior,Arms,Slayer,DPS,US,The Blinding Vale,11,1,1447.3,241334,3,294.0,2026-08-18,0,-1,1489.0,17.3,,2847
79539,83648,DeathKnight,Blood,San'layn,Tank,CN,Altar of Fangs,14,1,1498.6,169026,0,313.0,2026-08-23,0,-1,1490.0,17.2,,
79539,139927,Shaman,Restoration,Totemic,Healer,CN,Altar of Fangs,14,1,1498.6,39820,0,307.0,2026-08-23,0,-1,1490.0,17.2,,
79539,83652,Paladin,Retribution,Herald of the Sun,DPS,CN,Altar of Fangs,14,1,1498.6,326732,0,312.0,2026-08-23,0,-1,1490.0,17.2,,
79539,139667,Warrior,Arms,Slayer,DPS,CN,Altar of Fangs,14,1,1498.6,242434,0,309.0,2026-08-23,0,-1,1490.0,17.2,,
79539,96142,DemonHunter,Havoc,Fel-Scarred,DPS,CN,Altar of Fangs,14,1,1498.6,261226,0,305.0,2026-08-23,0,-1,1490.0,17.2,,
66942,16524,Paladin,Protection,Lightsmith,Tank,EU,Voidscar Arena,13,1,1486.8,112632,0,304.0,2026-08-20,0,-1,1478.0,17.9,,
66942,16525,Paladin,Holy,Herald of the Sun,Healer,EU,Voidscar Arena,13,1,1486.8,53161,0,310.0,2026-08-20,0,-1,1478.0,17.9,,
66942,57940,Druid,Balance,Elune's Chosen,DPS,EU,Voidscar Arena,13,1,1486.8,215605,0,297.0,2026-08-20,0,-1,1478.0,17.9,,
66942,23156,DemonHunter,Devourer,Void-Scarred,DPS,EU,Voidscar Arena,13,1,1486.8,188087,0,305.0,2026-08-20,0,-1,1478.0,17.9,,
66942,16527,Warrior,Arms,Slayer,DPS,EU,Voidscar Arena,13,1,1486.8,210937,0,307.0,2026-08-20,0,-1,1478.0,17.9,,
16579,36328,DeathKnight,Blood,San'layn,Tank,EU,Altar of Fangs,7,1,1201.5,123230,0,294.0,2026-08-19,0,-1,1213.0,32.6,,
16579,36329,Shaman,Restoration,Totemic,Healer,EU,Altar of Fangs,7,1,1201.5,20564,0,293.0,2026-08-19,0,-1,1213.0,32.6,,
16579,36330,Rogue,Assassination,Deathstalker,DPS,EU,Altar of Fangs,7,1,1201.5,212589,2,294.0,2026-08-19,0,-1,1213.0,32.6,,
16579,36331,DemonHunter,Havoc,Fel-Scarred,DPS,EU,Altar of Fangs,7,1,1201.5,167124,2,297.0,2026-08-19,0,-1,1213.0,32.6,,
16579,36332,Shaman,Elemental,Farseer,DPS,EU,Altar of Fangs,7,1,1201.5,148460,0,282.0,2026-08-19,0,-1,1213.0,32.6,,
33234,71952,DeathKnight,Blood,San'layn,Tank,US,Voidscar Arena,13,1,1597.8,104641,0,307.0,2026-08-20,0,-1,1664.0,7.6,,
33234,765,Shaman,Restoration,Totemic,Healer,US,Voidscar Arena,13,1,1597.8,37194,1,303.0,2026-08-20,0,-1,1664.0,7.6,,3348
33234,8996,Mage,Arcane,Sunfury,DPS,US,Voidscar Arena,13,1,1597.8,203859,2,304.0,2026-08-20,0,-1,1664.0,7.6,,
33234,1523,Monk,Windwalker,Shado-Pan,DPS,US,Voidscar Arena,13,1,1597.8,160389,1,300.0,2026-08-20,0,-1,1664.0,7.6,,
33234,3828,Paladin,Retribution,Templar,DPS,US,Voidscar Arena,13,1,1597.8,218721,1,305.0,2026-08-20,0,-1,1664.0,7.6,,3135
70970,1702,DeathKnight,Blood,San'layn,Tank,US,Murder Row,12,1,1357.2,119916,0,303.0,2026-08-23,0,-1,1378.0,32.4,,
70970,73766,Paladin,Holy,Herald of the Sun,Healer,US,Murder Row,12,1,1357.2,20901,0,303.0,2026-08-23,0,-1,1378.0,32.4,,
70970,1705,Rogue,Subtlety,Deathstalker,DPS,US,Murder Row,12,1,1357.2,193040,1,304.0,2026-08-23,0,-1,1378.0,32.4,,
70970,7053,DemonHunter,Devourer,Void-Scarred,DPS,US,Murder Row,12,1,1357.2,211888,1,308.0,2026-08-23,0,-1,1378.0,32.4,,2960
70970,2752,Mage,Arcane,Sunfury,DPS,US,Murder Row,12,1,1357.2,279161,0,310.0,2026-08-23,0,-1,1378.0,32.4,,
25582,18464,DeathKnight,Blood,San'layn,Tank,EU,Den of Nalorakk,12,1,1486.4,119827,0,306.0,2026-08-20,0,-1,1538.0,19.9,,
25582,56870,Paladin,Holy,Herald of the Sun,Healer,EU,Den of Nalorakk,12,1,1486.4,32673,1,305.0,2026-08-20,0,-1,1538.0,19.9,,
25582,18467,Paladin,Retribution,Templar,DPS,EU,Den of Nalorakk,12,1,1486.4,174968,0,299.0,2026-08-20,0,-1,1538.0,19.9,,
25582,20783,Warrior,Arms,Slayer,DPS,EU,Den of Nalorakk,12,1,1486.4,196630,1,296.0,2026-08-20,0,-1,1538.0,19.9,,
25582,56871,Mage,Arcane,Spellslinger,DPS,EU,Den of Nalorakk,12,1,1486.4,181766,2,295.0,2026-08-20,0,-1,1538.0,19.9,,
62759,26125,Paladin,Protection,Unknown,Tank,EU,The Blinding Vale,6,1,969.9,82462,0,305.0,2026-08-23,0,-1,966.0,46.3,,
62759,102940,Druid,Restoration,Unknown,Healer,EU,The Blinding Vale,6,1,969.9,12696,1,296.0,2026-08-23,0,-1,966.0,46.3,,
62759,28054,Rogue,Assassination,Unknown,DPS,EU,The Blinding Vale,6,1,969.9,168529,0,296.0,2026-08-23,0,-1,966.0,46.3,,
62759,26129,Paladin,Retribution,Unknown,DPS,EU,The Blinding Vale,6,1,969.9,215464,0,302.0,2026-08-23,0,-1,966.0,46.3,,
62759,26126,Paladin,Retribution,Unknown,DPS,EU,The Blinding Vale,6,1,969.9,140171,0,297.0,2026-08-23,0,-1,966.0,46.3,,
71687,59110,Druid,Guardian,Elune's Chosen,Tank,US,Kings' Rest,13,1,1669.1,79907,0,309.0,2026-08-22,0,-1,1706.0,13.8,,
71687,44659,Shaman,Restoration,Totemic,Healer,US,Kings' Rest,13,1,1669.1,37127,1,311.0,2026-08-22,0,-1,1706.0,13.8,,
71687,9115,Mage,Arcane,Sunfury,DPS,US,Kings' Rest,13,1,1669.1,174921,1,302.0,2026-08-22,0,-1,1706.0,13.8,,
71687,138313,Shaman,Elemental,Farseer,DPS,US,Kings' Rest,13,1,1669.1,169361,1,303.0,2026-08-22,0,-1,1706.0,13.8,,
71687,52731,DemonHunter,Havoc,Fel-Scarred,DPS,US,Kings' Rest,13,1,1669.1,173437,0,302.0,2026-08-22,0,-1,1706.0,13.8,,
4960,10932,DeathKnight,Blood,San'layn,Tank,US,Voidscar Arena,10,1,1472.2,104759,0,296.0,2026-08-19,0,-1,1488.0,17.3,,
4960,10933,Shaman,Restoration,Totemic,Healer,US,Voidscar Arena,10,1,1472.2,18750,2,288.0,2026-08-19,0,-1,1488.0,17.3,,
4960,10934,Rogue,Subtlety,Deathstalker,DPS,US,Voidscar Arena,10,1,1472.2,169889,1,293.0,2026-08-19,0,-1,1488.0,17.3,,
4960,10935,Hunter,Marksmanship,Sentinel,DPS,US,Voidscar Arena,10,1,1472.2,154162,1,292.0,2026-08-19,0,-1,1488.0,17.3,,
4960,10936,DeathKnight,Unholy,Rider of the Apocalypse,DPS,US,Voidscar Arena,10,1,1472.2,141807,1,288.0,2026-08-19,0,-1,1488.0,17.3,,
30317,65195,DeathKnight,Blood,San'layn,Tank,CN,The Blinding Vale,12,1,1445.4,133495,0,305.0,2026-08-22,0,-1,1467.0,18.5,,
30317,65196,Paladin,Holy,Herald of the Sun,Healer,CN,The Blinding Vale,12,1,1445.4,17672,0,307.0,2026-08-22,0,-1,1467.0,18.5,,
30317,58957,Shaman,Elemental,Farseer,DPS,CN,The Blinding Vale,12,1,1445.4,216378,0,310.0,2026-08-22,0,-1,1467.0,18.5,,
30317,58960,Warrior,Arms,Slayer,DPS,CN,The Blinding Vale,12,1,1445.4,200091,2,301.0,2026-08-22,0,-1,1467.0,18.5,,
30317,65197,Mage,Arcane,Sunfury,DPS,CN,The Blinding Vale,12,1,1445.4,220933,0,304.0,2026-08-22,0,-1,1467.0,18.5,,
86124,151753,DeathKnight,Blood,San'layn,Tank,US,Voidscar Arena,13,1,1396.1,117172,0,311.0,2026-08-23,0,-1,1387.0,22.9,,
86124,14360,Evoker,Preservation,Flameshaper,Healer,US,Voidscar Arena,13,1,1396.1,56005,0,313.0,2026-08-23,0,-1,1387.0,22.9,4,2873
86124,6586,Priest,Shadow,Archon,DPS,US,Voidscar Arena,13,1,1396.1,195481,0,312.0,2026-08-23,0,-1,1387.0,22.9,4,3064
86124,8136,Hunter,Marksmanship,Sentinel,DPS,US,Voidscar Arena,13,1,1396.1,180215,0,308.0,2026-08-23,0,-1,1387.0,22.9,4,
86124,41008,Paladin,Retribution,Templar,DPS,US,Voidscar Arena,13,1,1396.1,177632,0,305.0,2026-08-23,0,-1,1387.0,22.9,4,
40579,86453,Druid,Guardian,Elune's Chosen,Tank,US,Ruby Life Pools,5,1,1013.8,37837,0,294.0,2026-08-22,0,-1,1005.0,40.2,,
40579,86454,Evoker,Preservation,Chronowarden,Healer,US,Ruby Life Pools,5,1,1013.8,26466,0,296.0,2026-08-22,0,-1,1005.0,40.2,,
40579,81338,Shaman,Elemental,Farseer,DPS,US,Ruby Life Pools,5,1,1013.8,124495,0,296.0,2026-08-22,0,-1,1005.0,40.2,,
40579,86455,DeathKnight,Unholy,Rider of the Apocalypse,DPS,US,Ruby Life Pools,5,1,1013.8,130534,0,294.0,2026-08-22,0,-1,1005.0,40.2,,
40579,86456,Mage,Arcane,Sunfury,DPS,US,Ruby Life Pools,5,1,1013.8,192036,2,301.0,2026-08-22,0,-1,1005.0,40.2,,
67632,55006,DeathKnight,Blood,San'layn,Tank,CN,Ruby Life Pools,17,1,1529.0,195920,1,313.0,2026-08-23,0,-1,1596.0,5.0,,
67632,55007,Paladin,Holy,Lightsmith,Healer,CN,Ruby Life Pools,17,1,1529.0,47338,1,311.0,2026-08-23,0,-1,1596.0,5.0,,
67632,55010,Warrior,Arms,Slayer,DPS,CN,Ruby Life Pools,17,1,1529.0,300232,1,313.0,2026-08-23,0,-1,1596.0,5.0,,
67632,55009,Shaman,Elemental,Farseer,DPS,CN,Ruby Life Pools,17,1,1529.0,301296,1,312.0,2026-08-23,0,-1,1596.0,5.0,,
67632,55008,Mage,Arcane,Sunfury,DPS,CN,Ruby Life Pools,17,1,1529.0,319384,1,314.0,2026-08-23,0,-1,1596.0,5.0,,
71684,23201,Monk,Brewmaster,Master of Harmony,Tank,US,Den of Nalorakk,15,1,1677.0,125270,0,307.0,2026-08-22,0,-1,1699.0,11.5,,
71684,9107,Shaman,Restoration,Totemic,Healer,US,Den of Nalorakk,15,1,1677.0,30709,0,305.0,2026-08-22,0,-1,1699.0,11.5,,
71684,7768,Rogue,Outlaw,Trickster,DPS,US,Den of Nalorakk,15,1,1677.0,222013,0,304.0,2026-08-22,0,-1,1699.0,11.5,,3313
71684,17903,Paladin,Retribution,Herald of the Sun,DPS,US,Den of Nalorakk,15,1,1677.0,238363,0,309.0,2026-08-22,0,-1,1699.0,11.5,,
71684,5095,Warrior,Arms,Slayer,DPS,US,Den of Nalorakk,15,1,1677.0,252644,2,312.0,2026-08-22,0,-1,1699.0,11.5,,3265
58290,124401,DeathKnight,Blood,San'layn,Tank,EU,The Blinding Vale,2,1,837.0,108741,0,300.0,2026-08-23,0,-1,,,,
58290,124402,Paladin,Holy,Lightsmith,Healer,EU,The Blinding Vale,2,1,837.0,24050,0,289.0,2026-08-23,0,-1,,,,
58290,124403,DemonHunter,Havoc,Fel-Scarred,DPS,EU,The Blinding Vale,2,1,837.0,110794,0,286.0,2026-08-23,0,-1,,,,
58290,21512,Mage,Arcane,Sunfury,DPS,EU,The Blinding Vale,2,1,837.0,155263,0,305.0,2026-08-23,0,-1,,,,
58290,124404,Rogue,Assassination,Deathstalker,DPS,EU,The Blinding Vale,2,1,837.0,119722,0,286.0,2026-08-23,0,-1,,,,
45696,96179,Warrior,Protection,Mountain Thane,Tank,EU,Altar of Fangs,11,1,1330.4,131080,0,305.0,2026-08-22,0,-1,,,,
45696,52198,Shaman,Restoration,Totemic,Healer,EU,Altar of Fangs,11,1,1330.4,32148,0,306.0,2026-08-22,0,-1,,,,
45696,96309,Druid,Balance,Elune's Chosen,DPS,EU,Altar of Fangs,11,1,1330.4,223624,0,307.0,2026-08-22,0,-1,,,,
45696,96180,DemonHunter,Havoc,Fel-Scarred,DPS,EU,Altar of Fangs,11,1,1330.4,249940,0,301.0,2026-08-22,0,-1,,,,
45696,60228,Hunter,BeastMastery,Pack Leader,DPS,EU,Altar of Fangs,11,1,1330.4,250036,0,309.0,2026-08-22,0,-1,,,,
61228,131306,Warrior,Protection,Mountain Thane,Tank,EU,Murder Row,7,1,1188.1,101648,1,292.0,2026-08-23,0,-1,1205.0,40.9,,
61228,131307,Paladin,Holy,Lightsmith,Healer,EU,Murder Row,7,1,1188.1,20648,1,289.0,2026-08-23,0,-1,1205.0,40.9,,
61228,53982,Rogue,Subtlety,Deathstalker,DPS,EU,Murder Row,7,1,1188.1,222397,1,307.0,2026-08-23,0,-1,1205.0,40.9,,
61228,131308,DemonHunter,Devourer,Annihilator,DPS,EU,Murder Row,7,1,1188.1,138858,0,279.0,2026-08-23,0,-1,1205.0,40.9,,
61228,131309,Mage,Arcane,Sunfury,DPS,EU,Murder Row,7,1,1188.1,115435,2,275.0,2026-08-23,0,-1,1205.0,40.9,,
35314,71952,DeathKnight,Blood,San'layn,Tank,US,Murder Row,13,1,1572.4,102149,1,306.0,2026-08-20,0,-1,1594.0,21.9,,
35314,765,Shaman,Restoration,Totemic,Healer,US,Murder Row,13,1,1572.4,32982,0,303.0,2026-08-20,0,-1,1594.0,21.9,,3348
35314,6763,Shaman,Enhancement,Stormbringer,DPS,US,Murder Row,13,1,1572.4,219519,1,304.0,2026-08-20,0,-1,1594.0,21.9,,3335
35314,8996,Mage,Arcane,Sunfury,DPS,US,Murder Row,13,1,1572.4,222674,0,304.0,2026-08-20,0,-1,1594.0,21.9,,
35314,12521,Rogue,Outlaw,Trickster,DPS,US,Murder Row,13,1,1572.4,223711,0,301.0,2026-08-20,0,-1,1594.0,21.9,,
23168,14707,DeathKnight,Blood,San'layn,Tank,EU,Altar of Fangs,10,1,1191.5,117677,1,296.0,2026-08-19,0,-1,1208.0,32.9,,
23168,17774,Druid,Restoration,Wildstalker,Healer,EU,Altar of Fangs,10,1,1191.5,41902,1,294.0,2026-08-19,0,-1,1208.0,32.9,,
23168,22369,Shaman,Elemental,Farseer,DPS,EU,Altar of Fangs,10,1,1191.5,185611,1,298.0,2026-08-19,0,-1,1208.0,32.9,,
23168,51268,Druid,Feral,Druid of the Claw,DPS,EU,Altar of Fangs,10,1,1191.5,256699,1,296.0,2026-08-19,0,-1,1208.0,32.9,,
23168,14734,Warrior,Arms,Slayer,DPS,EU,Altar of Fangs,10,1,1191.5,264517,1,306.0,2026-08-19,0,-1,1208.0,32.9,,2829
75364,36460,DeathKnight,Blood,San'layn,Tank,EU,Murder Row,13,1,1434.3,154217,0,306.0,2026-08-22,0,-1,1485.0,27.2,,
75364,76642,Evoker,Preservation,Flameshaper,Healer,EU,Murder Row,13,1,1434.3,45407,2,305.0,2026-08-22,0,-1,1485.0,27.2,,
75364,36462,Shaman,Elemental,Farseer,DPS,EU,Murder Row,13,1,1434.3,224783,0,311.0,2026-08-22,0,-1,1485.0,27.2,,
75364,24934,DemonHunter,Devourer,Void-Scarred,DPS,EU,Murder Row,13,1,1434.3,222447,1,309.0,2026-08-22,0,-1,1485.0,27.2,,
75364,44423,Mage,Arcane,Sunfury,DPS,EU,Murder Row,13,1,1434.3,251431,1,312.0,2026-08-22,0,-1,1485.0,27.2,,
24888,55273,Paladin,Protection,Templar,Tank,US,Kings' Rest,5,1,1163.5,62455,0,290.0,2026-08-21,0,-1,1155.0,41.7,,
24888,55274,Priest,Holy,Oracle,Healer,US,Kings' Rest,5,1,1163.5,8665,0,294.0,2026-08-21,0,-1,1155.0,41.7,,
24888,55275,Hunter,Marksmanship,Sentinel,DPS,US,Kings' Rest,5,1,1163.5,95797,0,296.0,2026-08-21,0,-1,1155.0,41.7,,
24888,55276,Monk,Windwalker,Shado-Pan,DPS,US,Kings' Rest,5,1,1163.5,83728,0,290.0,2026-08-21,0,-1,1155.0,41.7,,
24888,55277,DeathKnight,Unholy,Rider of the Apocalypse,DPS,US,Kings' Rest,5,1,1163.5,101650,0,300.0,2026-08-21,0,-1,1155.0,41.7,,
21316,3508,Warrior,Protection,Mountain Thane,Tank,US,The Blinding Vale,9,1,1204.0,106738,0,299.0,2026-08-19,0,-1,1195.0,33.6,,
21316,35592,Shaman,Restoration,Totemic,Healer,US,The Blinding Vale,9,1,1204.0,33051,0,295.0,2026-08-19,0,-1,1195.0,33.6,,
21316,2363,DemonHunter,Devourer,Void-Scarred,DPS,US,The Blinding Vale,9,1,1204.0,196965,0,302.0,2026-08-19,0,-1,1195.0,33.6,,
21316,3512,Mage,Arcane,Sunfury,DPS,US,The Blinding Vale,9,1,1204.0,224304,0,301.0,2026-08-19,0,-1,1195.0,33.6,,
21316,7835,Priest,Shadow,Voidweaver,DPS,US,The Blinding Vale,9,1,1204.0,166211,0,298.0,2026-08-19,0,-1,1195.0,33.6,,
17940,39754,DeathKnight,Blood,San'layn,Tank,EU,Kings' Rest,4,1,990.2,41431,0,292.0,2026-08-19,0,-1,981.0,50.4,,
17940,39755,Shaman,Restoration,Totemic,Healer,EU,Kings' Rest,4,1,990.2,20736,0,289.0,2026-08-19,0,-1,981.0,50.4,,
17940,39756,DeathKnight,Unholy,Rider of the Apocalypse,DPS,EU,Kings' Rest,4,1,990.2,116953,0,294.0,2026-08-19,0,-1,981.0,50.4,,
17940,39757,DeathKnight,Frost,Deathbringer,DPS,EU,Kings' Rest,4,1,990.2,95201,0,294.0,2026-08-19,0,-1,981.0,50.4,,
17940,39758,Warlock,Demonology,Diabolist,DPS,EU,Kings' Rest,4,1,990.2,117342,0,294.0,2026-08-19,0,-1,981.0,50.4,,
81140,98569,DeathKnight,Blood,San'layn,Tank,CN,Kings' Rest,12,1,1492.7,99688,0,313.0,2026-08-23,0,-1,1514.0,23.5,,
81140,75668,Shaman,Restoration,Totemic,Healer,CN,Kings' Rest,12,1,1492.7,13036,0,313.0,2026-08-23,0,-1,1514.0,23.5,,
81140,100807,Paladin,Retribution,Herald of the Sun,DPS,CN,Kings' Rest,12,1,1492.7,197923,1,311.0,2026-08-23,0,-1,1514.0,23.5,,
81140,146122,Mage,Arcane,Sunfury,DPS,CN,Kings' Rest,12,1,1492.7,136596,0,302.0,2026-08-23,0,-1,1514.0,23.5,,
81140,98859,Warrior,Arms,Slayer,DPS,CN,Kings' Rest,12,1,1492.7,151057,1,305.0,2026-08-23,0,-1,1514.0,23.5,,
18511,13596,Warrior,Protection,Mountain Thane,Tank,EU,Ruby Life Pools,11,1,1177.7,114620,3,293.0,2026-08-19,0,-1,1194.0,28.9,,
18511,13597,Monk,Mistweaver,Conduit of the Celestials,Healer,EU,Ruby Life Pools,11,1,1177.7,42647,1,299.0,2026-08-19,0,-1,1194.0,28.9,,
18511,13600,Warlock,Demonology,Diabolist,DPS,EU,Ruby Life Pools,11,1,1177.7,224915,0,301.0,2026-08-19,0,-1,1194.0,28.9,,
18511,13598,DemonHunter,Devourer,Annihilator,DPS,EU,Ruby Life Pools,11,1,1177.7,194292,1,296.0,2026-08-19,0,-1,1194.0,28.9,,
18511,13599,Hunter,BeastMastery,Pack Leader,DPS,EU,Ruby Life Pools,11,1,1177.7,189484,0,300.0,2026-08-19,0,-1,1194.0,28.9,,
35730,20662,DeathKnight,Blood,San'layn,Tank,EU,Murder Row,14,1,1796.9,154800,0,308.0,2026-08-20,0,-1,1834.0,10.1,,3353
35730,22490,Paladin,Holy,Herald of the Sun,Healer,EU,Murder Row,14,1,1796.9,23392,1,306.0,2026-08-20,0,-1,1834.0,10.1,,3179
35730,48283,Rogue,Outlaw,Trickster,DPS,EU,Murder Row,14,1,1796.9,220741,0,308.0,2026-08-20,0,-1,1834.0,10.1,,
35730,20665,Warrior,Arms,Slayer,DPS,EU,Murder Row,14,1,1796.9,209888,1,306.0,2026-08-20,0,-1,1834.0,10.1,,3226
35730,20663,Mage,Arcane,Sunfury,DPS,EU,Murder Row,14,1,1796.9,203919,1,307.0,2026-08-20,0,-1,1834.0,10.1,,3353
10945,12838,DeathKnight,Blood,San'layn,Tank,EU,Ruby Life Pools,11,1,1255.5,130084,0,291.0,2026-08-19,0,-1,1247.0,25.8,,
10945,20322,Druid,Restoration,Wildstalker,Healer,EU,Ruby Life Pools,11,1,1255.5,19546,0,293.0,2026-08-19,0,-1,1247.0,25.8,,
10945,20323,Shaman,Elemental,Farseer,DPS,EU,Ruby Life Pools,11,1,1255.5,229923,0,294.0,2026-08-19,0,-1,1247.0,25.8,,
10945,12841,DemonHunter,Devourer,Void-Scarred,DPS,EU,Ruby Life Pools,11,1,1255.5,234645,0,299.0,2026-08-19,0,-1,1247.0,25.8,,
10945,12840,Warrior,Arms,Slayer,DPS,EU,Ruby Life Pools,11,1,1255.5,204694,0,285.0,2026-08-19,0,-1,1247.0,25.8,,
67125,60812,Druid,Guardian,Elune's Chosen,Tank,KR,Temple of Sethraliss,13,1,1444.5,138240,1,308.0,2026-08-22,0,-1,1496.0,22.1,,
67125,60813,Paladin,Holy,Herald of the Sun,Healer,KR,Temple of Sethraliss,13,1,1444.5,25190,1,310.0,2026-08-22,0,-1,1496.0,22.1,,
67125,99542,Mage,Arcane,Sunfury,DPS,KR,Temple of Sethraliss,13,1,1444.5,202686,2,305.0,2026-08-22,0,-1,1496.0,22.1,,
67125,60815,DeathKnight,Unholy,Rider of the Apocalypse,DPS,KR,Temple of Sethraliss,13,1,1444.5,260285,0,308.0,2026-08-22,0,-1,1496.0,22.1,,
67125,60814,Evoker,Devastation,Scalecommander,DPS,KR,Temple of Sethraliss,13,1,1444.5,253446,0,304.0,2026-08-22,0,-1,1496.0,22.1,,
46203,97509,Paladin,Protection,Templar,Tank,EU,The Blinding Vale,5,1,1015.8,55582,0,289.0,2026-08-19,0,-1,,,,
46203,97510,Priest,Holy,Oracle,Healer,EU,The Blinding Vale,5,1,1015.8,39324,0,292.0,2026-08-19,0,-1,,,,
46203,97511,Warrior,Arms,Slayer,DPS,EU,The Blinding Vale,5,1,1015.8,136516,0,292.0,2026-08-19,0,-1,,,,
46203,97512,Warrior,Arms,Slayer,DPS,EU,The Blinding Vale,5,1,1015.8,152786,0,290.0,2026-08-19,0,-1,,,,
46203,97513,Mage,Frost,Spellslinger,DPS,EU,The Blinding Vale,5,1,1015.8,128508,0,294.0,2026-08-19,0,-1,,,,
17539,438,Warrior,Protection,Mountain Thane,Tank,US,Altar of Fangs,10,1,1097.7,177765,0,302.0,2026-08-19,0,-1,1099.0,39.0,,2715
17539,38819,Evoker,Preservation,Flameshaper,Healer,US,Altar of Fangs,10,1,1097.7,36530,1,297.0,2026-08-19,0,-1,1099.0,39.0,,
17539,2114,Warrior,Arms,Slayer,DPS,US,Altar of Fangs,10,1,1097.7,237609,1,302.0,2026-08-19,0,-1,1099.0,39.0,,3183
17539,4229,Shaman,Elemental,Farseer,DPS,US,Altar of Fangs,10,1,1097.7,276244,0,302.0,2026-08-19,0,-1,1099.0,39.0,,2653
17539,12649,DemonHunter,Devourer,Void-Scarred,DPS,US,Altar of Fangs,10,1,1097.7,226288,0,304.0,2026-08-19,0,-1,1099.0,39.0,,2736
49863,105489,DeathKnight,Blood,Unknown,Tank,CN,Ruby Life Pools,4,1,954.7,117829,0,292.0,2026-08-20,0,-1,,,,
49863,105490,Paladin,Holy,Unknown,Healer,CN,Ruby Life Pools,4,1,954.7,36685,0,290.0,2026-08-20,0,-1,,,,
49863,105621,Paladin,Retribution,Unknown,DPS,CN,Ruby Life Pools,4,1,954.7,68557,1,283.0,2026-08-20,0,-1,,,,
49863,105622,Warrior,Arms,Unknown,DPS,CN,Ruby Life Pools,4,1,954.7,131515,0,291.0,2026-08-20,0,-1,,,,
49863,105493,Evoker,Devastation,Unknown,DPS,CN,Ruby Life Pools,4,1,954.7,125928,0,289.0,2026-08-20,0,-1,,,,
83302,147229,DeathKnight,Blood,San'layn,Tank,US,Murder Row,13,1,1603.5,128409,0,300.0,2026-08-23,0,-1,1595.0,21.8,2,
83302,64108,Paladin,Holy,Lightsmith,Healer,US,Murder Row,13,1,1603.5,43582,0,308.0,2026-08-23,0,-1,1595.0,21.8,2,
83302,11929,Warrior,Arms,Slayer,DPS,US,Murder Row,13,1,1603.5,233404,0,308.0,2026-08-23,0,-1,1595.0,21.8,2,3451
83302,147230,Shaman,Enhancement,Stormbringer,DPS,US,Murder Row,13,1,1603.5,185002,0,301.0,2026-08-23,0,-1,1595.0,21.8,2,
83302,26881,Priest,Shadow,Voidweaver,DPS,US,Murder Row,13,1,1603.5,204537,0,305.0,2026-08-23,0,-1,1595.0,21.8,2,
34859,58858,DeathKnight,Blood,San'layn,Tank,US,Voidscar Arena,10,1,1043.9,111347,0,305.0,2026-08-22,0,-1,1080.0,40.0,,
34859,25423,Evoker,Preservation,Flameshaper,Healer,US,Voidscar Arena,10,1,1043.9,40425,2,303.0,2026-08-22,0,-1,1080.0,40.0,,
34859,1302,Shaman,Elemental,Farseer,DPS,US,Voidscar Arena,10,1,1043.9,218157,3,311.0,2026-08-22,0,-1,1080.0,40.0,,2971
34859,6875,Hunter,Marksmanship,Sentinel,DPS,US,Voidscar Arena,10,1,1043.9,168014,2,305.0,2026-08-22,0,-1,1080.0,40.0,,
34859,63708,Evoker,Devastation,Scalecommander,DPS,US,Voidscar Arena,10,1,1043.9,195932,2,309.0,2026-08-22,0,-1,1080.0,40.0,,
8254,14044,Paladin,Protection,Templar,Tank,EU,Murder Row,10,1,1291.4,101520,1,296.0,2026-08-19,0,-1,1298.0,36.4,,
8254,14045,Paladin,Holy,Herald of the Sun,Healer,EU,Murder Row,10,1,1291.4,27314,0,299.0,2026-08-19,0,-1,1298.0,36.4,,
8254,14047,Monk,Windwalker,Shado-Pan,DPS,EU,Murder Row,10,1,1291.4,194453,2,295.0,2026-08-19,0,-1,1298.0,36.4,,
8254,14048,Mage,Arcane,Sunfury,DPS,EU,Murder Row,10,1,1291.4,228024,0,296.0,2026-08-19,0,-1,1298.0,36.4,,
8254,14046,Hunter,Marksmanship,Sentinel,DPS,EU,Murder Row,10,1,1291.4,211453,0,297.0,2026-08-19,0,-1,1298.0,36.4,,
30205,17322,Warrior,Protection,Mountain Thane,Tank,EU,Kings' Rest,10,1,1225.8,85600,0,300.0,2026-08-20,0,-1,1217.0,38.5,,
30205,65024,Paladin,Holy,Herald of the Sun,Healer,EU,Kings' Rest,10,1,1225.8,21099,0,299.0,2026-08-20,0,-1,1217.0,38.5,,
30205,13930,Evoker,Devastation,Scalecommander,DPS,EU,Kings' Rest,10,1,1225.8,173075,0,304.0,2026-08-20,0,-1,1217.0,38.5,,
30205,15071,Druid,Balance,Elune's Chosen,DPS,EU,Kings' Rest,10,1,1225.8,150081,0,303.0,2026-08-20,0,-1,1217.0,38.5,,
30205,13931,Mage,Arcane,Sunfury,DPS,EU,Kings' Rest,10,1,1225.8,162992,0,300.0,2026-08-20,0,-1,1217.0,38.5,,
12727,18637,Warrior,Protection,Unknown,Tank,EU,Den of Nalorakk,10,1,1362.3,103545,0,293.0,2026-08-19,0,-1,1359.0,29.2,,2815
12727,18638,Druid,Restoration,Unknown,Healer,EU,Den of Nalorakk,10,1,1362.3,49268,0,297.0,2026-08-19,0,-1,1359.0,29.2,,2734
12727,18639,Rogue,Assassination,Unknown,DPS,EU,Den of Nalorakk,10,1,1362.3,190280,0,299.0,2026-08-19,0,-1,1359.0,29.2,,2849
12727,18640,Warrior,Arms,Unknown,DPS,EU,Den of Nalorakk,10,1,1362.3,150450,0,294.0,2026-08-19,0,-1,1359.0,29.2,,
12727,24906,Shaman,Enhancement,Unknown,DPS,EU,Den of Nalorakk,10,1,1362.3,136158,1,293.0,2026-08-19,0,-1,1359.0,29.2,,
2826,996,Druid,Guardian,Elune's Chosen,Tank,US,Altar of Fangs,11,1,1730.4,79269,0,294.0,2026-08-18,0,-1,1737.0,3.5,,
2826,1336,Druid,Restoration,Wildstalker,Healer,US,Altar of Fangs,11,1,1730.4,19138,1,297.0,2026-08-18,0,-1,1737.0,3.5,,
2826,1339,Druid,Balance,Elune's Chosen,DPS,US,Altar of Fangs,11,1,1730.4,198181,1,294.0,2026-08-18,0,-1,1737.0,3.5,,2780
2826,1337,Rogue,Outlaw,Trickster,DPS,US,Altar of Fangs,11,1,1730.4,168667,0,293.0,2026-08-18,0,-1,1737.0,3.5,,
2826,1338,Warlock,Destruction,Diabolist,DPS,US,Altar of Fangs,11,1,1730.4,189391,1,292.0,2026-08-18,0,-1,1737.0,3.5,,
38969,83505,DeathKnight,Blood,San'layn,Tank,CN,Temple of Sethraliss,6,1,1118.2,78576,0,298.0,2026-08-20,0,-1,1110.0,42.2,,
38969,83506,Paladin,Holy,Lightsmith,Healer,CN,Temple of Sethraliss,6,1,1118.2,16930,0,288.0,2026-08-20,0,-1,1110.0,42.2,,
38969,59858,Priest,Shadow,Voidweaver,DPS,CN,Temple of Sethraliss,6,1,1118.2,141199,0,292.0,2026-08-20,0,-1,1110.0,42.2,,
38969,83507,Warrior,Arms,Slayer,DPS,CN,Temple of Sethraliss,6,1,1118.2,93840,0,284.0,2026-08-20,0,-1,1110.0,42.2,,
38969,83508,Mage,Arcane,Sunfury,DPS,CN,Temple of Sethraliss,6,1,1118.2,169312,0,292.0,2026-08-20,0,-1,1110.0,42.2,,
19233,12764,DeathKnight,Blood,San'layn,Tank,US,Murder Row,10,1,1259.7,117376,0,297.0,2026-08-19,0,-1,1252.0,38.7,,3020
19233,1086,Paladin,Holy,Herald of the Sun,Healer,US,Murder Row,10,1,1259.7,31294,0,306.0,2026-08-19,0,-1,1252.0,38.7,,2352
19233,1768,Rogue,Assassination,Deathstalker,DPS,US,Murder Row,10,1,1259.7,227693,0,302.0,2026-08-19,0,-1,1252.0,38.7,,2762
19233,13865,Warrior,Arms,Slayer,DPS,US,Murder Row,10,1,1259.7,199344,0,301.0,2026-08-19,0,-1,1252.0,38.7,,2912
19233,1767,Shaman,Elemental,Farseer,DPS,US,Murder Row,10,1,1259.7,197018,0,295.0,2026-08-19,0,-1,1252.0,38.7,,2822
22244,6640,DemonHunter,Vengeance,Annihilator,Tank,US,Murder Row,11,1,1586.3,119182,0,302.0,2026-08-19,0,-1,1583.0,22.4,,2998
22244,23579,Paladin,Holy,Herald of the Sun,Healer,US,Murder Row,11,1,1586.3,22503,0,298.0,2026-08-19,0,-1,1583.0,22.4,,
22244,49444,Monk,Windwalker,Shado-Pan,DPS,US,Murder Row,11,1,1586.3,163030,0,298.0,2026-08-19,0,-1,1583.0,22.4,,
22244,49445,Druid,Feral,Druid of the Claw,DPS,US,Murder Row,11,1,1586.3,190578,0,296.0,2026-08-19,0,-1,1583.0,22.4,,
22244,4277,Hunter,BeastMastery,Pack Leader,DPS,US,Murder Row,11,1,1586.3,158440,1,293.0,2026-08-19,0,-1,1583.0,22.4,,
42370,74969,DeathKnight,Blood,San'layn,Tank,US,Murder Row,13,1,1723.3,98150,0,309.0,2026-08-22,0,-1,1775.0,13.0,,
42370,8202,Shaman,Restoration,Totemic,Healer,US,Murder Row,13,1,1723.3,13811,2,303.0,2026-08-22,0,-1,1775.0,13.0,,
42370,6289,Paladin,Retribution,Herald of the Sun,DPS,US,Murder Row,13,1,1723.3,193566,0,308.0,2026-08-22,0,-1,1775.0,13.0,,
42370,8205,Warlock,Demonology,Diabolist,DPS,US,Murder Row,13,1,1723.3,223194,0,307.0,2026-08-22,0,-1,1775.0,13.0,,
42370,9294,Mage,Arcane,Sunfury,DPS,US,Murder Row,13,1,1723.3,203003,2,309.0,2026-08-22,0,-1,1775.0,13.0,,
73255,73490,DeathKnight,Blood,San'layn,Tank,CN,Ruby Life Pools,17,0,1619.7,204402,0,312.0,2026-08-23,0,-1,1686.0,-0.4,,
73255,72669,Paladin,Holy,Herald of the Sun,Healer,CN,Ruby Life Pools,17,0,1619.7,35019,2,310.0,2026-08-23,0,-1,1686.0,-0.4,,
73255,139447,Mage,Arcane,Sunfury,DPS,CN,Ruby Life Pools,17,0,1619.7,333749,0,309.0,2026-08-23,0,-1,1686.0,-0.4,,
73255,70543,Shaman,Elemental,Farseer,DPS,CN,Ruby Life Pools,17,0,1619.7,313343,1,311.0,2026-08-23,0,-1,1686.0,-0.4,,
73255,72424,Warrior,Arms,Slayer,DPS,CN,Ruby Life Pools,17,0,1619.7,325630,2,311.0,2026-08-23,0,-1,1686.0,-0.4,,
65600,40903,Druid,Guardian,Elune's Chosen,Tank,US,Altar of Fangs,15,1,1712.2,139240,0,306.0,2026-08-23,0,-1,1749.0,2.8,,
65600,8321,Shaman,Restoration,Totemic,Healer,US,Altar of Fangs,15,1,1712.2,33018,0,305.0,2026-08-23,0,-1,1749.0,2.8,,3272
65600,1421,Rogue,Assassination,Deathstalker,DPS,US,Altar of Fangs,15,1,1712.2,287319,2,311.0,2026-08-23,0,-1,1749.0,2.8,,
65600,7830,DeathKnight,Unholy,Rider of the Apocalypse,DPS,US,Altar of Fangs,15,1,1712.2,303627,1,310.0,2026-08-23,0,-1,1749.0,2.8,,3261
65600,24790,Hunter,Marksmanship,Sentinel,DPS,US,Altar of Fangs,15,1,1712.2,259898,0,309.0,2026-08-23,0,-1,1749.0,2.8,,
39454,84455,DeathKnight,Blood,San'layn,Tank,KR,Ruby Life Pools,4,1,903.8,75047,0,297.0,2026-08-22,0,-1,,,,
39454,84456,Evoker,Preservation,Flameshaper,Healer,KR,Ruby Life Pools,4,1,903.8,33194,0,293.0,2026-08-22,0,-1,,,,
39454,84457,Druid,Feral,Druid of the Claw,DPS,KR,Ruby Life Pools,4,1,903.8,144052,0,298.0,2026-08-22,0,-1,,,,
39454,84458,Shaman,Enhancement,Stormbringer,DPS,KR,Ruby Life Pools,4,1,903.8,118879,0,292.0,2026-08-22,0,-1,,,,
39454,84459,DemonHunter,Havoc,Fel-Scarred,DPS,KR,Ruby Life Pools,4,1,903.8,149878,0,294.0,2026-08-22,0,-1,,,,
73422,84353,Monk,Brewmaster,Master of Harmony,Tank,US,Ruby Life Pools,12,1,1312.6,115610,0,296.0,2026-08-22,0,-1,1334.0,20.6,,
73422,84558,Paladin,Holy,Herald of the Sun,Healer,US,Ruby Life Pools,12,1,1312.6,24460,1,300.0,2026-08-22,0,-1,1334.0,20.6,,
73422,142354,Mage,Arcane,Sunfury,DPS,US,Ruby Life Pools,12,1,1312.6,250848,0,311.0,2026-08-22,0,-1,1334.0,20.6,,
73422,84354,Rogue,Assassination,Deathstalker,DPS,US,Ruby Life Pools,12,1,1312.6,275154,0,302.0,2026-08-22,0,-1,1334.0,20.6,,
73422,25567,DeathKnight,Unholy,Rider of the Apocalypse,DPS,US,Ruby Life Pools,12,1,1312.6,220014,1,309.0,2026-08-22,0,-1,1334.0,20.6,,
9581,8588,Druid,Guardian,Elune's Chosen,Tank,US,Altar of Fangs,11,1,1490.9,113795,0,297.0,2026-08-19,0,-1,1493.0,17.1,,2759
9581,6396,Paladin,Holy,Herald of the Sun,Healer,US,Altar of Fangs,11,1,1490.9,31465,1,299.0,2026-08-19,0,-1,1493.0,17.1,,2766
9581,18699,Rogue,Subtlety,Deathstalker,DPS,US,Altar of Fangs,11,1,1490.9,224593,0,296.0,2026-08-19,0,-1,1493.0,17.1,,
9581,8589,Hunter,BeastMastery,Pack Leader,DPS,US,Altar of Fangs,11,1,1490.9,187554,1,295.0,2026-08-19,0,-1,1493.0,17.1,,
9581,18700,Priest,Shadow,Voidweaver,DPS,US,Altar of Fangs,11,1,1490.9,207987,0,295.0,2026-08-19,0,-1,1493.0,17.1,,
55233,117164,Druid,Guardian,Elune's Chosen,Tank,EU,Ruby Life Pools,2,1,864.9,66842,0,290.0,2026-08-22,0,-1,,,,
55233,117165,Monk,Mistweaver,Master of Harmony,Healer,EU,Ruby Life Pools,2,1,864.9,30918,0,291.0,2026-08-22,0,-1,,,,
55233,117166,Hunter,BeastMastery,Pack Leader,DPS,EU,Ruby Life Pools,2,1,864.9,151504,0,295.0,2026-08-22,0,-1,,,,
55233,117167,Paladin,Retribution,Templar,DPS,EU,Ruby Life Pools,2,1,864.9,138334,0,294.0,2026-08-22,0,-1,,,,
55233,117168,Rogue,Outlaw,Trickster,DPS,EU,Ruby Life Pools,2,1,864.9,98376,0,294.0,2026-08-22,0,-1,,,,
54149,31925,DeathKnight,Blood,San'layn,Tank,EU,Murder Row,2,1,1048.9,88330,0,296.0,2026-08-22,0,-1,,,,
54149,106279,Shaman,Restoration,Totemic,Healer,EU,Murder Row,2,1,1048.9,11144,0,271.0,2026-08-22,0,-1,,,,
54149,114931,Hunter,Marksmanship,Sentinel,DPS,EU,Murder Row,2,1,1048.9,148324,0,293.0,2026-08-22,0,-1,,,,
54149,114932,Warrior,Arms,Slayer,DPS,EU,Murder Row,2,1,1048.9,67217,0,256.0,2026-08-22,0,-1,,,,
54149,114933,Hunter,Survival,Sentinel,DPS,EU,Murder Row,2,1,1048.9,123970,0,289.0,2026-08-22,0,-1,,,,
16450,35925,DeathKnight,Blood,San'layn,Tank,EU,Temple of Sethraliss,6,1,1113.0,98763,0,289.0,2026-08-19,0,-1,1115.0,41.9,,
16450,35926,Druid,Restoration,Wildstalker,Healer,EU,Temple of Sethraliss,6,1,1113.0,4099,0,296.0,2026-08-19,0,-1,1115.0,41.9,,
16450,35927,Shaman,Elemental,Farseer,DPS,EU,Temple of Sethraliss,6,1,1113.0,95716,1,290.0,2026-08-19,0,-1,1115.0,41.9,,
16450,35928,DemonHunter,Devourer,Annihilator,DPS,EU,Temple of Sethraliss,6,1,1113.0,127002,1,293.0,2026-08-19,0,-1,1115.0,41.9,,
16450,23198,Rogue,Outlaw,Trickster,DPS,EU,Temple of Sethraliss,6,1,1113.0,185665,0,291.0,2026-08-19,0,-1,1115.0,41.9,,
2375,774,DeathKnight,Blood,Deathbringer,Tank,US,Voidscar Arena,11,1,1628.8,111986,1,294.0,2026-08-19,0,-1,1705.0,5.3,,2676
2375,3721,Evoker,Preservation,Flameshaper,Healer,US,Voidscar Arena,11,1,1628.8,15700,4,295.0,2026-08-19,0,-1,1705.0,5.3,,
2375,777,Priest,Shadow,Voidweaver,DPS,US,Voidscar Arena,11,1,1628.8,168369,6,292.0,2026-08-19,0,-1,1705.0,5.3,,
2375,776,DemonHunter,Havoc,Fel-Scarred,DPS,US,Voidscar Arena,11,1,1628.8,161757,3,290.0,2026-08-19,0,-1,1705.0,5.3,,
2375,778,DeathKnight,Unholy,Rider of the Apocalypse,DPS,US,Voidscar Arena,11,1,1628.8,182363,3,293.0,2026-08-19,0,-1,1705.0,5.3,,
67579,137235,Paladin,Protection,Lightsmith,Tank,US,Ruby Life Pools,14,1,1404.1,97611,0,297.0,2026-08-21,0,-1,1425.0,15.2,,
67579,15202,Shaman,Restoration,Totemic,Healer,US,Ruby Life Pools,14,1,1404.1,32113,0,308.0,2026-08-21,0,-1,1425.0,15.2,,
67579,84280,Warrior,Arms,Slayer,DPS,US,Ruby Life Pools,14,1,1404.1,260618,0,307.0,2026-08-21,0,-1,1425.0,15.2,,
67579,68042,Monk,Windwalker,Shado-Pan,DPS,US,Ruby Life Pools,14,1,1404.1,254612,1,307.0,2026-08-21,0,-1,1425.0,15.2,,
67579,84279,Mage,Arcane,Sunfury,DPS,US,Ruby Life Pools,14,1,1404.1,229685,1,308.0,2026-08-21,0,-1,1425.0,15.2,,
35150,7742,DeathKnight,Blood,Unknown,Tank,US,The Blinding Vale,11,1,1282.6,158464,0,307.0,2026-08-21,0,-1,1289.0,28.4,,
35150,24550,Shaman,Restoration,Unknown,Healer,US,The Blinding Vale,11,1,1282.6,29247,0,302.0,2026-08-21,0,-1,1289.0,28.4,,
35150,75991,Warrior,Arms,Unknown,DPS,US,The Blinding Vale,11,1,1282.6,215369,1,308.0,2026-08-21,0,-1,1289.0,28.4,,
35150,51102,Paladin,Retribution,Unknown,DPS,US,The Blinding Vale,11,1,1282.6,257421,0,311.0,2026-08-21,0,-1,1289.0,28.4,,
35150,75992,Hunter,BeastMastery,Unknown,DPS,US,The Blinding Vale,11,1,1282.6,163583,2,297.0,2026-08-21,0,-1,1289.0,28.4,,
67507,53172,Paladin,Protection,Lightsmith,Tank,EU,The Blinding Vale,12,1,1299.9,95675,0,304.0,2026-08-21,0,-1,1306.0,27.4,,
67507,53173,Druid,Restoration,Wildstalker,Healer,EU,The Blinding Vale,12,1,1299.9,19987,0,306.0,2026-08-21,0,-1,1306.0,27.4,,
67507,53175,Warrior,Arms,Slayer,DPS,EU,The Blinding Vale,12,1,1299.9,224411,1,308.0,2026-08-21,0,-1,1306.0,27.4,,
67507,86473,Shaman,Enhancement,Stormbringer,DPS,EU,The Blinding Vale,12,1,1299.9,204582,0,307.0,2026-08-21,0,-1,1306.0,27.4,,
67507,53174,Mage,Arcane,Sunfury,DPS,EU,The Blinding Vale,12,1,1299.9,284465,0,309.0,2026-08-21,0,-1,1306.0,27.4,,
44406,87233,DemonHunter,Vengeance,Annihilator,Tank,EU,Temple of Sethraliss,10,1,1133.3,111174,0,302.0,2026-08-22,0,-1,,,,
44406,22230,Monk,Mistweaver,Conduit of the Celestials,Healer,EU,Temple of Sethraliss,10,1,1133.3,28684,1,303.0,2026-08-22,0,-1,,,,
44406,87235,Hunter,BeastMastery,Pack Leader,DPS,EU,Temple of Sethraliss,10,1,1133.3,212025,1,304.0,2026-08-22,0,-1,,,,
44406,87236,DemonHunter,Havoc,Fel-Scarred,DPS,EU,Temple of Sethraliss,10,1,1133.3,210044,2,296.0,2026-08-22,0,-1,,,,
44406,87234,Druid,Balance,Elune's Chosen,DPS,EU,Temple of Sethraliss,10,1,1133.3,222117,1,305.0,2026-08-22,0,-1,,,,
16570,36310,DeathKnight,Blood,San'layn,Tank,EU,Altar of Fangs,6,1,1031.1,85464,0,290.0,2026-08-19,0,-1,1027.0,42.9,,
16570,21766,Priest,Holy,Oracle,Healer,EU,Altar of Fangs,6,1,1031.1,34919,0,294.0,2026-08-19,0,-1,1027.0,42.9,,
16570,33688,Paladin,Retribution,Templar,DPS,EU,Altar of Fangs,6,1,1031.1,161793,0,294.0,2026-08-19,0,-1,1027.0,42.9,,
16570,36311,Warrior,Arms,Slayer,DPS,EU,Altar of Fangs,6,1,1031.1,161233,0,292.0,2026-08-19,0,-1,1027.0,42.9,,
16570,36312,Hunter,BeastMastery,Pack Leader,DPS,EU,Altar of Fangs,6,1,1031.1,187116,0,294.0,2026-08-19,0,-1,1027.0,42.9,,
27732,60794,DeathKnight,Blood,San'layn,Tank,US,Altar of Fangs,5,1,1024.7,67558,0,291.0,2026-08-21,0,-1,1016.0,43.5,,
27732,60795,Paladin,Holy,Herald of the Sun,Healer,US,Altar of Fangs,5,1,1024.7,18292,0,290.0,2026-08-21,0,-1,1016.0,43.5,,
27732,51107,Rogue,Subtlety,Deathstalker,DPS,US,Altar of Fangs,5,1,1024.7,169006,0,305.0,2026-08-21,0,-1,1016.0,43.5,,
27732,48023,Mage,Arcane,Sunfury,DPS,US,Altar of Fangs,5,1,1024.7,190439,0,303.0,2026-08-21,0,-1,1016.0,43.5,,
27732,60796,Priest,Shadow,Archon,DPS,US,Altar of Fangs,5,1,1024.7,118611,0,296.0,2026-08-21,0,-1,1016.0,43.5,,
28554,13204,Druid,Guardian,Elune's Chosen,Tank,EU,The Blinding Vale,13,1,1661.2,96122,0,298.0,2026-08-20,0,-1,1668.0,7.3,,
28554,13205,Priest,Discipline,Oracle,Healer,EU,The Blinding Vale,13,1,1661.2,14040,0,296.0,2026-08-20,0,-1,1668.0,7.3,,
28554,52271,Warrior,Arms,Slayer,DPS,EU,The Blinding Vale,13,1,1661.2,223822,0,300.0,2026-08-20,0,-1,1668.0,7.3,,
28554,13207,Paladin,Retribution,Herald of the Sun,DPS,EU,The Blinding Vale,13,1,1661.2,206083,0,295.0,2026-08-20,0,-1,1668.0,7.3,,
28554,13206,Shaman,Enhancement,Stormbringer,DPS,EU,The Blinding Vale,13,1,1661.2,199149,1,296.0,2026-08-20,0,-1,1668.0,7.3,,
77674,68743,DeathKnight,Blood,San'layn,Tank,CN,Temple of Sethraliss,13,1,1474.6,125980,0,303.0,2026-08-21,0,-1,1527.0,20.5,,
77674,80345,Paladin,Holy,Lightsmith,Healer,CN,Temple of Sethraliss,13,1,1474.6,57902,1,298.0,2026-08-21,0,-1,1527.0,20.5,,
77674,80346,Monk,Windwalker,Conduit of the Celestials,DPS,CN,Temple of Sethraliss,13,1,1474.6,207529,1,305.0,2026-08-21,0,-1,1527.0,20.5,,
77674,68745,Warrior,Arms,Slayer,DPS,CN,Temple of Sethraliss,13,1,1474.6,185502,2,308.0,2026-08-21,0,-1,1527.0,20.5,,
77674,66719,Mage,Arcane,Sunfury,DPS,CN,Temple of Sethraliss,13,1,1474.6,267902,0,307.0,2026-08-21,0,-1,1527.0,20.5,,
51870,110172,DeathKnight,Blood,San'layn,Tank,EU,Murder Row,10,1,1206.1,113590,0,301.0,2026-08-22,0,-1,,,,
51870,110173,Paladin,Holy,Herald of the Sun,Healer,EU,Murder Row,10,1,1206.1,22502,0,296.0,2026-08-22,0,-1,,,,
51870,29753,Shaman,Elemental,Farseer,DPS,EU,Murder Row,10,1,1206.1,201234,0,307.0,2026-08-22,0,-1,,,,
51870,29751,Shaman,Enhancement,Stormbringer,DPS,EU,Murder Row,10,1,1206.1,216992,0,306.0,2026-08-22,0,-1,,,,
51870,29752,Warrior,Arms,Slayer,DPS,EU,Murder Row,10,1,1206.1,201124,0,312.0,2026-08-22,0,-1,,,,
15579,33169,Monk,Brewmaster,Shado-Pan,Tank,US,Voidscar Arena,7,1,1145.6,84493,0,292.0,2026-08-18,0,-1,1142.0,36.6,,
15579,24152,Shaman,Restoration,Totemic,Healer,US,Voidscar Arena,7,1,1145.6,25820,0,293.0,2026-08-18,0,-1,1142.0,36.6,,
15579,33170,Monk,Windwalker,Shado-Pan,DPS,US,Voidscar Arena,7,1,1145.6,163100,0,293.0,2026-08-18,0,-1,1142.0,36.6,,
15579,33171,Warlock,Demonology,Diabolist,DPS,US,Voidscar Arena,7,1,1145.6,162969,1,292.0,2026-08-18,0,-1,1142.0,36.6,,
15579,24155,DeathKnight,Unholy,Rider of the Apocalypse,DPS,US,Voidscar Arena,7,1,1145.6,158494,0,292.0,2026-08-18,0,-1,1142.0,36.6,,
15141,31762,Paladin,Protection,Templar,Tank,US,The Blinding Vale,5,1,918.3,74523,0,290.0,2026-08-19,0,-1,910.0,49.4,,
15141,31763,Priest,Discipline,Oracle,Healer,US,The Blinding Vale,5,1,918.3,12978,0,290.0,2026-08-19,0,-1,910.0,49.4,,
15141,31764,Warlock,Demonology,Diabolist,DPS,US,The Blinding Vale,5,1,918.3,170485,0,288.0,2026-08-19,0,-1,910.0,49.4,,
15141,31765,DeathKnight,Unholy,Rider of the Apocalypse,DPS,US,The Blinding Vale,5,1,918.3,153978,0,293.0,2026-08-19,0,-1,910.0,49.4,,
15141,31766,Rogue,Outlaw,Trickster,DPS,US,The Blinding Vale,5,1,918.3,171190,1,293.0,2026-08-19,0,-1,910.0,49.4,,
66274,5013,DeathKnight,Blood,Unknown,Tank,US,Voidscar Arena,11,1,1109.8,176785,0,306.0,2026-08-23,0,-1,1101.0,38.8,,
66274,138049,Shaman,Restoration,Unknown,Healer,US,Voidscar Arena,11,1,1109.8,27642,0,299.0,2026-08-23,0,-1,1101.0,38.8,,
66274,15543,Druid,Balance,Unknown,DPS,US,Voidscar Arena,11,1,1109.8,229993,0,311.0,2026-08-23,0,-1,1101.0,38.8,,
66274,34523,Warlock,Demonology,Unknown,DPS,US,Voidscar Arena,11,1,1109.8,232214,0,313.0,2026-08-23,0,-1,1101.0,38.8,,
66274,3624,DemonHunter,Devourer,Unknown,DPS,US,Voidscar Arena,11,1,1109.8,216804,0,300.0,2026-08-23,0,-1,1101.0,38.8,,
4504,9134,Paladin,Protection,Templar,Tank,US,Kings' Rest,11,0,1979.0,52397,5,292.0,2026-08-18,0,-1,2046.0,-3.3,,
4504,9135,Paladin,Holy,Herald of the Sun,Healer,US,Kings' Rest,11,0,1979.0,18541,2,295.0,2026-08-18,0,-1,2046.0,-3.3,,
4504,9136,Priest,Shadow,Voidweaver,DPS,US,Kings' Rest,11,0,1979.0,132310,3,294.0,2026-08-18,0,-1,2046.0,-3.3,,
4504,9137,Druid,Balance,Elune's Chosen,DPS,US,Kings' Rest,11,0,1979.0,121695,3,294.0,2026-08-18,0,-1,2046.0,-3.3,,
4504,9138,Warrior,Arms,Slayer,DPS,US,Kings' Rest,11,0,1979.0,126904,2,291.0,2026-08-18,0,-1,2046.0,-3.3,,
78364,73570,Warrior,Protection,Mountain Thane,Tank,EU,Murder Row,12,1,1507.6,111192,0,304.0,2026-08-23,0,-1,1499.0,26.5,,
78364,144901,Shaman,Restoration,Totemic,Healer,EU,Murder Row,12,1,1507.6,33082,0,298.0,2026-08-23,0,-1,1499.0,26.5,,
78364,27225,Mage,Arcane,Sunfury,DPS,EU,Murder Row,12,1,1507.6,228090,0,312.0,2026-08-23,0,-1,1499.0,26.5,,
78364,144902,Rogue,Subtlety,Trickster,DPS,EU,Murder Row,12,1,1507.6,198107,0,300.0,2026-08-23,0,-1,1499.0,26.5,,
78364,21370,Evoker,Devastation,Scalecommander,DPS,EU,Murder Row,12,1,1507.6,214833,0,312.0,2026-08-23,0,-1,1499.0,26.5,,
33117,71699,DeathKnight,Blood,San'layn,Tank,CN,Ruby Life Pools,13,1,1515.6,119053,0,299.0,2026-08-21,0,-1,1537.0,8.5,,
33117,71700,Paladin,Holy,Lightsmith,Healer,CN,Ruby Life Pools,13,1,1515.6,43785,0,303.0,2026-08-21,0,-1,1537.0,8.5,,
33117,71701,Warrior,Arms,Slayer,DPS,CN,Ruby Life Pools,13,1,1515.6,213180,0,305.0,2026-08-21,0,-1,1537.0,8.5,,
33117,71702,Shaman,Elemental,Farseer,DPS,CN,Ruby Life Pools,13,1,1515.6,218657,0,306.0,2026-08-21,0,-1,1537.0,8.5,,
33117,71703,Paladin,Retribution,Herald of the Sun,DPS,CN,Ruby Life Pools,13,1,1515.6,221133,2,297.0,2026-08-21,0,-1,1537.0,8.5,,
20146,44685,Warrior,Protection,Mountain Thane,Tank,US,Temple of Sethraliss,12,0,1995.1,96809,2,291.0,2026-08-19,0,-1,2092.0,-9.0,,
20146,44686,Paladin,Holy,Herald of the Sun,Healer,US,Temple of Sethraliss,12,0,1995.1,17684,4,289.0,2026-08-19,0,-1,2092.0,-9.0,,
20146,3453,Priest,Shadow,Archon,DPS,US,Temple of Sethraliss,12,0,1995.1,182326,1,302.0,2026-08-19,0,-1,2092.0,-9.0,,
20146,44687,Shaman,Elemental,Farseer,DPS,US,Temple of Sethraliss,12,0,1995.1,126574,2,293.0,2026-08-19,0,-1,2092.0,-9.0,,
20146,10591,DeathKnight,Unholy,San'layn,DPS,US,Temple of Sethraliss,12,0,1995.1,157181,0,297.0,2026-08-19,0,-1,2092.0,-9.0,,
60565,23395,Paladin,Protection,Lightsmith,Tank,US,Kings' Rest,14,1,1892.6,65996,1,307.0,2026-08-23,0,-1,,,,
60565,88179,Shaman,Restoration,Totemic,Healer,US,Kings' Rest,14,1,1892.6,27775,0,299.0,2026-08-23,0,-1,,,,
60565,95606,Paladin,Retribution,Templar,DPS,US,Kings' Rest,14,1,1892.6,148522,1,309.0,2026-08-23,0,-1,,,,
60565,18938,Warrior,Arms,Slayer,DPS,US,Kings' Rest,14,1,1892.6,173178,1,307.0,2026-08-23,0,-1,,,,
60565,96652,Druid,Balance,Elune's Chosen,DPS,US,Kings' Rest,14,1,1892.6,160062,0,312.0,2026-08-23,0,-1,,,,
84948,9877,DeathKnight,Blood,San'layn,Tank,US,Voidscar Arena,10,1,978.6,108078,0,313.0,2026-08-23,0,-1,975.0,45.8,0,
84948,76551,Paladin,Holy,Herald of the Sun,Healer,US,Voidscar Arena,10,1,978.6,17725,0,311.0,2026-08-23,0,-1,975.0,45.8,4,
84948,63744,Mage,Arcane,Sunfury,DPS,US,Voidscar Arena,10,1,978.6,240253,1,310.0,2026-08-23,0,-1,975.0,45.8,4,
84948,2294,DemonHunter,Devourer,Void-Scarred,DPS,US,Voidscar Arena,10,1,978.6,225623,0,307.0,2026-08-23,0,-1,975.0,45.8,2,
84948,62767,Warrior,Arms,Slayer,DPS,US,Voidscar Arena,10,1,978.6,205372,0,311.0,2026-08-23,0,-1,975.0,45.8,4,
76612,43354,DeathKnight,Blood,San'layn,Tank,EU,Temple of Sethraliss,13,1,1626.1,128839,0,309.0,2026-08-20,0,-1,1647.0,14.2,,
76612,17910,Paladin,Holy,Herald of the Sun,Healer,EU,Temple of Sethraliss,13,1,1626.1,14693,1,290.0,2026-08-20,0,-1,1647.0,14.2,,
76612,59194,Shaman,Elemental,Farseer,DPS,EU,Temple of Sethraliss,13,1,1626.1,216026,0,303.0,2026-08-20,0,-1,1647.0,14.2,,
76612,43356,Mage,Arcane,Sunfury,DPS,EU,Temple of Sethraliss,13,1,1626.1,183998,1,304.0,2026-08-20,0,-1,1647.0,14.2,,
76612,43357,Rogue,Subtlety,Deathstalker,DPS,EU,Temple of Sethraliss,13,1,1626.1,218378,0,302.0,2026-08-20,0,-1,1647.0,14.2,,
4983,10981,Warrior,Protection,Mountain Thane,Tank,US,Altar of Fangs,10,1,1565.1,149764,1,294.0,2026-08-18,0,-1,1592.0,11.6,,2938
4983,8460,Paladin,Holy,Herald of the Sun,Healer,US,Altar of Fangs,10,1,1565.1,16895,1,292.0,2026-08-18,0,-1,1592.0,11.6,,2962
4983,10982,Druid,Balance,Elune's Chosen,DPS,US,Altar of Fangs,10,1,1565.1,181360,1,292.0,2026-08-18,0,-1,1592.0,11.6,,2990
4983,10983,Shaman,Elemental,Farseer,DPS,US,Altar of Fangs,10,1,1565.1,178647,2,293.0,2026-08-18,0,-1,1592.0,11.6,,
4983,9309,DemonHunter,Devourer,Void-Scarred,DPS,US,Altar of Fangs,10,1,1565.1,154154,2,291.0,2026-08-18,0,-1,1592.0,11.6,,
32212,17297,DeathKnight,Blood,Deathbringer,Tank,EU,Altar of Fangs,13,1,1716.9,120819,0,307.0,2026-08-20,0,-1,1738.0,3.4,,
32212,16091,Paladin,Holy,Herald of the Sun,Healer,EU,Altar of Fangs,13,1,1716.9,16722,0,305.0,2026-08-20,0,-1,1738.0,3.4,,
32212,69484,Shaman,Elemental,Farseer,DPS,EU,Altar of Fangs,13,1,1716.9,213101,1,294.0,2026-08-20,0,-1,1738.0,3.4,,
32212,69485,Rogue,Subtlety,Trickster,DPS,EU,Altar of Fangs,13,1,1716.9,238163,1,301.0,2026-08-20,0,-1,1738.0,3.4,,
32212,17301,Warrior,Arms,Slayer,DPS,EU,Altar of Fangs,13,1,1716.9,237884,0,307.0,2026-08-20,0,-1,1738.0,3.4,,
51413,57180,DemonHunter,Vengeance,Annihilator,Tank,EU,Murder Row,7,1,1156.1,114966,0,308.0,2026-08-22,0,-1,1148.0,43.7,,
51413,109259,Paladin,Holy,Herald of the Sun,Healer,EU,Murder Row,7,1,1156.1,2706,0,296.0,2026-08-22,0,-1,1148.0,43.7,,
51413,109260,Shaman,Enhancement,Stormbringer,DPS,EU,Murder Row,7,1,1156.1,147248,0,298.0,2026-08-22,0,-1,1148.0,43.7,,
51413,109261,DeathKnight,Frost,Deathbringer,DPS,EU,Murder Row,7,1,1156.1,169407,0,301.0,2026-08-22,0,-1,1148.0,43.7,,
51413,109262,Warlock,Destruction,Diabolist,DPS,EU,Murder Row,7,1,1156.1,206069,0,306.0,2026-08-22,0,-1,1148.0,43.7,,
52386,111285,Druid,Guardian,Elune's Chosen,Tank,EU,Ruby Life Pools,10,1,1044.7,126705,0,294.0,2026-08-22,0,-1,,,,
52386,111286,Monk,Mistweaver,Conduit of the Celestials,Healer,EU,Ruby Life Pools,10,1,1044.7,46531,1,299.0,2026-08-22,0,-1,,,,
52386,68149,Rogue,Subtlety,Deathstalker,DPS,EU,Ruby Life Pools,10,1,1044.7,195536,0,295.0,2026-08-22,0,-1,,,,
52386,17276,Shaman,Elemental,Farseer,DPS,EU,Ruby Life Pools,10,1,1044.7,271288,0,309.0,2026-08-22,0,-1,,,,
52386,111287,Evoker,Devastation,Scalecommander,DPS,EU,Ruby Life Pools,10,1,1044.7,233585,1,292.0,2026-08-22,0,-1,,,,
40279,6376,Paladin,Protection,Lightsmith,Tank,US,Temple of Sethraliss,11,1,1302.5,113488,0,310.0,2026-08-20,0,-1,1334.0,30.5,,3040
40279,6377,Shaman,Restoration,Totemic,Healer,US,Temple of Sethraliss,11,1,1302.5,17596,1,294.0,2026-08-20,0,-1,1334.0,30.5,,3029
40279,11189,Hunter,Marksmanship,Sentinel,DPS,US,Temple of Sethraliss,11,1,1302.5,255274,1,308.0,2026-08-20,0,-1,1334.0,30.5,,
40279,20359,Warrior,Arms,Slayer,DPS,US,Temple of Sethraliss,11,1,1302.5,188085,3,304.0,2026-08-20,0,-1,1334.0,30.5,,2906
40279,6378,Monk,Windwalker,Shado-Pan,DPS,US,Temple of Sethraliss,11,1,1302.5,187131,3,305.0,2026-08-20,0,-1,1334.0,30.5,,2881
36266,31755,DeathKnight,Blood,San'layn,Tank,EU,Ruby Life Pools,13,1,1514.4,142440,0,299.0,2026-08-20,0,-1,1581.0,5.9,,
36266,31756,Monk,Mistweaver,Conduit of the Celestials,Healer,EU,Ruby Life Pools,13,1,1514.4,46580,1,299.0,2026-08-20,0,-1,1581.0,5.9,,
36266,78225,Warrior,Arms,Slayer,DPS,EU,Ruby Life Pools,13,1,1514.4,227048,2,302.0,2026-08-20,0,-1,1581.0,5.9,,
36266,31757,Shaman,Elemental,Farseer,DPS,EU,Ruby Life Pools,13,1,1514.4,173442,2,301.0,2026-08-20,0,-1,1581.0,5.9,,
36266,18222,Mage,Arcane,Sunfury,DPS,EU,Ruby Life Pools,13,1,1514.4,239922,0,306.0,2026-08-20,0,-1,1581.0,5.9,,
56008,118906,Warrior,Protection,Mountain Thane,Tank,CN,Voidscar Arena,10,1,993.0,100789,0,305.0,2026-08-23,0,-1,994.0,44.8,,
56008,118907,Priest,Holy,Oracle,Healer,CN,Voidscar Arena,10,1,993.0,35222,0,305.0,2026-08-23,0,-1,994.0,44.8,,
56008,117073,Mage,Arcane,Sunfury,DPS,CN,Voidscar Arena,10,1,993.0,255293,0,307.0,2026-08-23,0,-1,994.0,44.8,,
56008,118908,DeathKnight,Unholy,San'layn,DPS,CN,Voidscar Arena,10,1,993.0,199407,2,307.0,2026-08-23,0,-1,994.0,44.8,,
56008,54830,Shaman,Elemental,Farseer,DPS,CN,Voidscar Arena,10,1,993.0,278259,0,309.0,2026-08-23,0,-1,994.0,44.8,,
72280,20239,Monk,Brewmaster,Master of Harmony,Tank,EU,Temple of Sethraliss,15,1,1719.4,135006,0,308.0,2026-08-22,0,-1,1755.0,8.6,,
72280,136884,Shaman,Restoration,Totemic,Healer,EU,Temple of Sethraliss,15,1,1719.4,22430,0,301.0,2026-08-22,0,-1,1755.0,8.6,,
72280,18947,Paladin,Retribution,Herald of the Sun,DPS,EU,Temple of Sethraliss,15,1,1719.4,242334,0,307.0,2026-08-22,0,-1,1755.0,8.6,,
72280,136885,DeathKnight,Frost,Deathbringer,DPS,EU,Temple of Sethraliss,15,1,1719.4,211448,1,302.0,2026-08-22,0,-1,1755.0,8.6,,
72280,27540,Warrior,Arms,Slayer,DPS,EU,Temple of Sethraliss,15,1,1719.4,257188,2,310.0,2026-08-22,0,-1,1755.0,8.6,,
76824,144170,DeathKnight,Blood,Deathbringer,Tank,EU,The Blinding Vale,12,1,1317.3,121579,0,302.0,2026-08-21,0,-1,1339.0,25.6,,
76824,140264,Shaman,Restoration,Totemic,Healer,EU,The Blinding Vale,12,1,1317.3,28498,0,291.0,2026-08-21,0,-1,1339.0,25.6,,
76824,76679,Rogue,Outlaw,Trickster,DPS,EU,The Blinding Vale,12,1,1317.3,277641,1,301.0,2026-08-21,0,-1,1339.0,25.6,,
76824,21190,Warrior,Arms,Slayer,DPS,EU,The Blinding Vale,12,1,1317.3,224117,1,305.0,2026-08-21,0,-1,1339.0,25.6,,
76824,31481,Druid,Feral,Druid of the Claw,DPS,EU,The Blinding Vale,12,1,1317.3,216555,0,307.0,2026-08-21,0,-1,1339.0,25.6,,
65629,137720,Paladin,Protection,Lightsmith,Tank,CN,Den of Nalorakk,12,1,1488.3,82680,0,303.0,2026-08-23,0,-1,1480.0,22.9,,
65629,137721,Shaman,Restoration,Totemic,Healer,CN,Den of Nalorakk,12,1,1488.3,34861,0,307.0,2026-08-23,0,-1,1480.0,22.9,,
65629,137722,DeathKnight,Unholy,Rider of the Apocalypse,DPS,CN,Den of Nalorakk,12,1,1488.3,206876,0,309.0,2026-08-23,0,-1,1480.0,22.9,,
65629,137723,Paladin,Retribution,Herald of the Sun,DPS,CN,Den of Nalorakk,12,1,1488.3,169930,0,304.0,2026-08-23,0,-1,1480.0,22.9,,
65629,137724,Warrior,Arms,Slayer,DPS,CN,Den of Nalorakk,12,1,1488.3,225170,0,307.0,2026-08-23,0,-1,1480.0,22.9,,
53979,64965,Paladin,Protection,Lightsmith,Tank,EU,Temple of Sethraliss,11,1,1304.5,71307,0,283.0,2026-08-22,0,-1,,,,
53979,58631,Priest,Holy,Oracle,Healer,EU,Temple of Sethraliss,11,1,1304.5,49836,0,311.0,2026-08-22,0,-1,,,,
53979,52270,Shaman,Elemental,Farseer,DPS,EU,Temple of Sethraliss,11,1,1304.5,219610,0,303.0,2026-08-22,0,-1,,,,
53979,114513,Druid,Balance,Elune's Chosen,DPS,EU,Temple of Sethraliss,11,1,1304.5,229085,0,306.0,2026-08-22,0,-1,,,,
53979,93071,Rogue,Subtlety,Deathstalker,DPS,EU,Temple of Sethraliss,11,1,1304.5,181808,1,285.0,2026-08-22,0,-1,,,,
34978,75657,DeathKnight,Blood,San'layn,Tank,EU,Murder Row,13,1,1851.7,105607,0,303.0,2026-08-21,0,-1,1888.0,7.5,,
34978,75658,Paladin,Holy,Herald of the Sun,Healer,EU,Murder Row,13,1,1851.7,26797,0,308.0,2026-08-21,0,-1,1888.0,7.5,,
34978,16676,Shaman,Elemental,Farseer,DPS,EU,Murder Row,13,1,1851.7,218234,0,301.0,2026-08-21,0,-1,1888.0,7.5,,3209
34978,75659,Mage,Arcane,Sunfury,DPS,EU,Murder Row,13,1,1851.7,195455,1,303.0,2026-08-21,0,-1,1888.0,7.5,,
34978,75660,Warrior,Arms,Slayer,DPS,EU,Murder Row,13,1,1851.7,174140,2,303.0,2026-08-21,0,-1,1888.0,7.5,,
18216,40387,DeathKnight,Blood,San'layn,Tank,US,Altar of Fangs,5,1,1084.8,74290,0,297.0,2026-08-19,0,-1,1076.0,40.2,,
18216,40388,Evoker,Preservation,Flameshaper,Healer,US,Altar of Fangs,5,1,1084.8,36443,0,296.0,2026-08-19,0,-1,1076.0,40.2,,
18216,33042,Warrior,Arms,Slayer,DPS,US,Altar of Fangs,5,1,1084.8,144827,0,294.0,2026-08-19,0,-1,1076.0,40.2,,
18216,40389,Rogue,Subtlety,Deathstalker,DPS,US,Altar of Fangs,5,1,1084.8,137264,0,288.0,2026-08-19,0,-1,1076.0,40.2,,
18216,40390,Hunter,BeastMastery,Pack Leader,DPS,US,Altar of Fangs,5,1,1084.8,125999,0,292.0,2026-08-19,0,-1,1076.0,40.2,,
78871,66537,DeathKnight,Blood,San'layn,Tank,CN,The Blinding Vale,12,1,1335.7,132291,0,312.0,2026-08-22,0,-1,1342.0,25.4,,
78871,69786,Priest,Holy,Oracle,Healer,CN,The Blinding Vale,12,1,1335.7,16729,0,303.0,2026-08-22,0,-1,1342.0,25.4,,
78871,62448,Warrior,Arms,Slayer,DPS,CN,The Blinding Vale,12,1,1335.7,222804,0,309.0,2026-08-22,0,-1,1342.0,25.4,,
78871,66541,Evoker,Devastation,Flameshaper,DPS,CN,The Blinding Vale,12,1,1335.7,225041,0,306.0,2026-08-22,0,-1,1342.0,25.4,,
78871,69787,Shaman,Elemental,Farseer,DPS,CN,The Blinding Vale,12,1,1335.7,222446,1,305.0,2026-08-22,0,-1,1342.0,25.4,,
16557,36268,Paladin,Protection,Lightsmith,Tank,EU,Altar of Fangs,6,1,1099.3,76780,0,288.0,2026-08-19,0,-1,1090.0,39.4,,
16557,34828,Paladin,Holy,Lightsmith,Healer,EU,Altar of Fangs,6,1,1099.3,33106,0,291.0,2026-08-19,0,-1,1090.0,39.4,,
16557,36222,Warrior,Arms,Slayer,DPS,EU,Altar of Fangs,6,1,1099.3,149538,0,288.0,2026-08-19,0,-1,1090.0,39.4,,
16557,36269,Monk,Windwalker,Shado-Pan,DPS,EU,Altar of Fangs,6,1,1099.3,147967,0,290.0,2026-08-19,0,-1,1090.0,39.4,,
16557,36223,Hunter,Marksmanship,Sentinel,DPS,EU,Altar of Fangs,6,1,1099.3,164990,0,290.0,2026-08-19,0,-1,1090.0,39.4,,
72545,139214,DeathKnight,Blood,San'layn,Tank,CN,Kings' Rest,14,1,1542.5,106328,0,312.0,2026-08-23,0,-1,1549.0,21.8,,
72545,141362,Priest,Discipline,Oracle,Healer,CN,Kings' Rest,14,1,1542.5,19392,1,300.0,2026-08-23,0,-1,1549.0,21.8,,
72545,139216,Shaman,Elemental,Farseer,DPS,CN,Kings' Rest,14,1,1542.5,197217,0,306.0,2026-08-23,0,-1,1549.0,21.8,,
72545,141364,Warrior,Arms,Slayer,DPS,CN,Kings' Rest,14,1,1542.5,211202,0,313.0,2026-08-23,0,-1,1549.0,21.8,,
72545,141363,Rogue,Assassination,Deathstalker,DPS,CN,Kings' Rest,14,1,1542.5,174146,0,303.0,2026-08-23,0,-1,1549.0,21.8,,
37645,6428,Paladin,Protection,Lightsmith,Tank,US,Voidscar Arena,11,1,1161.5,109266,0,300.0,2026-08-21,0,-1,1158.0,35.7,,
37645,6429,Evoker,Preservation,Flameshaper,Healer,US,Voidscar Arena,11,1,1161.5,33376,1,302.0,2026-08-21,0,-1,1158.0,35.7,,
37645,81070,Warrior,Arms,Slayer,DPS,US,Voidscar Arena,11,1,1161.5,181241,0,298.0,2026-08-21,0,-1,1158.0,35.7,,
37645,11079,Shaman,Elemental,Farseer,DPS,US,Voidscar Arena,11,1,1161.5,241450,0,304.0,2026-08-21,0,-1,1158.0,35.7,,
37645,52015,DemonHunter,Havoc,Fel-Scarred,DPS,US,Voidscar Arena,11,1,1161.5,251727,0,301.0,2026-08-21,0,-1,1158.0,35.7,,
80037,79327,DeathKnight,Blood,San'layn,Tank,CN,Temple of Sethraliss,15,1,1439.2,162244,0,313.0,2026-08-22,0,-1,1446.0,24.7,,
80037,79328,Paladin,Holy,Lightsmith,Healer,CN,Temple of Sethraliss,15,1,1439.2,45998,0,311.0,2026-08-22,0,-1,1446.0,24.7,,
80037,54192,Shaman,Elemental,Farseer,DPS,CN,Temple of Sethraliss,15,1,1439.2,286990,1,312.0,2026-08-22,0,-1,1446.0,24.7,,
80037,54194,Warrior,Arms,Slayer,DPS,CN,Temple of Sethraliss,15,1,1439.2,259751,0,313.0,2026-08-22,0,-1,1446.0,24.7,,
80037,79329,Mage,Arcane,Sunfury,DPS,CN,Temple of Sethraliss,15,1,1439.2,299556,0,314.0,2026-08-22,0,-1,1446.0,24.7,,
13551,26984,DeathKnight,Blood,Deathbringer,Tank,EU,Murder Row,5,1,1216.9,70873,0,293.0,2026-08-19,0,-1,1208.0,40.8,,
13551,26985,Druid,Restoration,Wildstalker,Healer,EU,Murder Row,5,1,1216.9,17830,0,296.0,2026-08-19,0,-1,1208.0,40.8,,
13551,26986,Paladin,Retribution,Templar,DPS,EU,Murder Row,5,1,1216.9,129299,0,293.0,2026-08-19,0,-1,1208.0,40.8,,
13551,26987,Druid,Balance,Elune's Chosen,DPS,EU,Murder Row,5,1,1216.9,112906,0,293.0,2026-08-19,0,-1,1208.0,40.8,,
13551,26988,Priest,Shadow,Archon,DPS,EU,Murder Row,5,1,1216.9,122372,0,288.0,2026-08-19,0,-1,1208.0,40.8,,
59658,127674,Warrior,Protection,Mountain Thane,Tank,CN,Temple of Sethraliss,6,1,1141.5,84220,0,302.0,2026-08-23,0,-1,1138.0,40.7,,
59658,127675,Paladin,Holy,Lightsmith,Healer,CN,Temple of Sethraliss,6,1,1141.5,10408,1,292.0,2026-08-23,0,-1,1138.0,40.7,,
59658,123068,DeathKnight,Unholy,Rider of the Apocalypse,DPS,CN,Temple of Sethraliss,6,1,1141.5,117376,0,298.0,2026-08-23,0,-1,1138.0,40.7,,
59658,65923,Mage,Arcane,Sunfury,DPS,CN,Temple of Sethraliss,6,1,1141.5,148254,0,306.0,2026-08-23,0,-1,1138.0,40.7,,
59658,127676,Hunter,BeastMastery,Pack Leader,DPS,CN,Temple of Sethraliss,6,1,1141.5,142993,0,294.0,2026-08-23,0,-1,1138.0,40.7,,
55658,20938,Druid,Guardian,Elune's Chosen,Tank,EU,Altar of Fangs,11,1,1280.1,109452,0,296.0,2026-08-22,0,-1,,,,
55658,118019,Paladin,Holy,Herald of the Sun,Healer,EU,Altar of Fangs,11,1,1280.1,20007,0,293.0,2026-08-22,0,-1,,,,
55658,118020,Shaman,Elemental,Farseer,DPS,EU,Altar of Fangs,11,1,1280.1,265751,0,300.0,2026-08-22,0,-1,,,,
55658,89000,Hunter,BeastMastery,Pack Leader,DPS,EU,Altar of Fangs,11,1,1280.1,198592,2,301.0,2026-08-22,0,-1,,,,
55658,118021,Mage,Arcane,Sunfury,DPS,EU,Altar of Fangs,11,1,1280.1,300982,0,299.0,2026-08-22,0,-1,,,,
13378,26429,DeathKnight,Blood,San'layn,Tank,EU,Ruby Life Pools,2,1,830.1,48384,0,281.0,2026-08-19,0,-1,821.0,51.1,,
13378,26430,Monk,Mistweaver,Conduit of the Celestials,Healer,EU,Ruby Life Pools,2,1,830.1,32816,0,287.0,2026-08-19,0,-1,821.0,51.1,,
13378,26431,Shaman,Elemental,Farseer,DPS,EU,Ruby Life Pools,2,1,830.1,102357,0,288.0,2026-08-19,0,-1,821.0,51.1,,
13378,26432,Warrior,Arms,Slayer,DPS,EU,Ruby Life Pools,2,1,830.1,149969,0,290.0,2026-08-19,0,-1,821.0,51.1,,
13378,26433,Paladin,Retribution,Templar,DPS,EU,Ruby Life Pools,2,1,830.1,121116,0,288.0,2026-08-19,0,-1,821.0,51.1,,
26397,1587,DeathKnight,Blood,San'layn,Tank,US,The Blinding Vale,10,1,969.1,151676,0,307.0,2026-08-21,0,-1,965.0,46.4,,2687
26397,1591,Paladin,Holy,Herald of the Sun,Healer,US,The Blinding Vale,10,1,969.1,7396,0,309.0,2026-08-21,0,-1,965.0,46.4,,2687
26397,16071,Evoker,Augmentation,Scalecommander,DPS,US,The Blinding Vale,10,1,969.1,220389,0,300.0,2026-08-21,0,-1,965.0,46.4,,
26397,58436,Rogue,Subtlety,Deathstalker,DPS,US,The Blinding Vale,10,1,969.1,274894,0,304.0,2026-08-21,0,-1,965.0,46.4,,
26397,1589,Druid,Balance,Elune's Chosen,DPS,US,The Blinding Vale,10,1,969.1,289772,1,309.0,2026-08-21,0,-1,965.0,46.4,,2699
66290,41229,Paladin,Protection,Lightsmith,Tank,EU,Den of Nalorakk,12,1,1372.8,119647,0,305.0,2026-08-22,0,-1,1424.0,25.8,,
66290,38831,Priest,Holy,Oracle,Healer,EU,Den of Nalorakk,12,1,1372.8,47099,0,310.0,2026-08-22,0,-1,1424.0,25.8,,
66290,41233,Warrior,Arms,Slayer,DPS,EU,Den of Nalorakk,12,1,1372.8,209032,1,303.0,2026-08-22,0,-1,1424.0,25.8,,
66290,19528,Shaman,Elemental,Farseer,DPS,EU,Den of Nalorakk,12,1,1372.8,228972,1,311.0,2026-08-22,0,-1,1424.0,25.8,,
66290,41231,Hunter,BeastMastery,Pack Leader,DPS,EU,Den of Nalorakk,12,1,1372.8,173108,0,305.0,2026-08-22,0,-1,1424.0,25.8,,
5317,9054,DeathKnight,Blood,San'layn,Tank,US,Ruby Life Pools,11,1,1591.2,108603,0,296.0,2026-08-18,0,-1,1612.0,4.0,,
5317,9055,Evoker,Preservation,Flameshaper,Healer,US,Ruby Life Pools,11,1,1591.2,25137,2,295.0,2026-08-18,0,-1,1612.0,4.0,,
5317,9056,Warlock,Destruction,Diabolist,DPS,US,Ruby Life Pools,11,1,1591.2,167935,1,294.0,2026-08-18,0,-1,1612.0,4.0,,
5317,9057,Paladin,Retribution,Templar,DPS,US,Ruby Life Pools,11,1,1591.2,150762,2,293.0,2026-08-18,0,-1,1612.0,4.0,,
5317,9058,Paladin,Retribution,Templar,DPS,US,Ruby Life Pools,11,1,1591.2,172430,1,292.0,2026-08-18,0,-1,1612.0,4.0,,
4426,6834,DeathKnight,Blood,San'layn,Tank,US,Altar of Fangs,10,1,1632.5,141705,0,293.0,2026-08-18,0,-1,1639.0,8.9,,2770
4426,8890,Paladin,Holy,Herald of the Sun,Healer,US,Altar of Fangs,10,1,1632.5,11657,0,294.0,2026-08-18,0,-1,1639.0,8.9,,2765
4426,6836,Warrior,Arms,Slayer,DPS,US,Altar of Fangs,10,1,1632.5,151202,0,294.0,2026-08-18,0,-1,1639.0,8.9,,2820
4426,6837,Druid,Balance,Elune's Chosen,DPS,US,Altar of Fangs,10,1,1632.5,173437,0,293.0,2026-08-18,0,-1,1639.0,8.9,,
4426,9958,Warlock,Destruction,Diabolist,DPS,US,Altar of Fangs,10,1,1632.5,180174,3,284.0,2026-08-18,0,-1,1639.0,8.9,,
66093,4050,DeathKnight,Blood,San'layn,Tank,US,Altar of Fangs,15,1,1660.7,162536,0,310.0,2026-08-23,0,-1,1697.0,5.7,,
66093,58201,Paladin,Holy,Herald of the Sun,Healer,US,Altar of Fangs,15,1,1660.7,28723,0,312.0,2026-08-23,0,-1,1697.0,5.7,,
66093,3339,DemonHunter,Devourer,Annihilator,DPS,US,Altar of Fangs,15,1,1660.7,274334,0,312.0,2026-08-23,0,-1,1697.0,5.7,,
66093,2783,Shaman,Elemental,Farseer,DPS,US,Altar of Fangs,15,1,1660.7,313542,0,310.0,2026-08-23,0,-1,1697.0,5.7,,
66093,4319,Warrior,Fury,Slayer,DPS,US,Altar of Fangs,15,1,1660.7,233576,3,311.0,2026-08-23,0,-1,1697.0,5.7,,
37001,79715,DeathKnight,Blood,San'layn,Tank,US,Ruby Life Pools,5,1,862.9,83163,0,290.0,2026-08-21,0,-1,854.0,49.1,,
37001,79716,Paladin,Holy,Lightsmith,Healer,US,Ruby Life Pools,5,1,862.9,9004,2,286.0,2026-08-21,0,-1,854.0,49.1,,
37001,79717,Paladin,Retribution,Herald of the Sun,DPS,US,Ruby Life Pools,5,1,862.9,159920,1,284.0,2026-08-21,0,-1,854.0,49.1,,
37001,66555,Druid,Feral,Druid of the Claw,DPS,US,Ruby Life Pools,5,1,862.9,138503,0,291.0,2026-08-21,0,-1,854.0,49.1,,
37001,79718,Hunter,BeastMastery,Pack Leader,DPS,US,Ruby Life Pools,5,1,862.9,149355,1,288.0,2026-08-21,0,-1,854.0,49.1,,
23150,51245,DeathKnight,Blood,San'layn,Tank,US,Voidscar Arena,12,0,1923.6,99177,2,301.0,2026-08-19,0,-1,2170.0,-20.6,,
23150,40425,Monk,Mistweaver,Conduit of the Celestials,Healer,US,Voidscar Arena,12,0,1923.6,39111,3,295.0,2026-08-19,0,-1,2170.0,-20.6,,
23150,40424,Monk,Windwalker,Shado-Pan,DPS,US,Voidscar Arena,12,0,1923.6,128666,4,295.0,2026-08-19,0,-1,2170.0,-20.6,,
23150,5671,Mage,Arcane,Sunfury,DPS,US,Voidscar Arena,12,0,1923.6,153022,6,300.0,2026-08-19,0,-1,2170.0,-20.6,,2927
23150,51246,DeathKnight,Unholy,San'layn,DPS,US,Voidscar Arena,12,0,1923.6,158267,4,294.0,2026-08-19,0,-1,2170.0,-20.6,,
84926,57205,DeathKnight,Blood,San'layn,Tank,EU,Altar of Fangs,12,1,1398.2,157086,0,313.0,2026-08-23,0,-1,1434.0,20.3,,
84926,87530,Paladin,Holy,Herald of the Sun,Healer,EU,Altar of Fangs,12,1,1398.2,17804,1,309.0,2026-08-23,0,-1,1434.0,20.3,,
84926,67135,DeathKnight,Unholy,San'layn,DPS,EU,Altar of Fangs,12,1,1398.2,310150,0,312.0,2026-08-23,0,-1,1434.0,20.3,5,
84926,139452,DeathKnight,Unholy,Rider of the Apocalypse,DPS,EU,Altar of Fangs,12,1,1398.2,198317,1,309.0,2026-08-23,0,-1,1434.0,20.3,1,
84926,57209,Mage,Arcane,Sunfury,DPS,EU,Altar of Fangs,12,1,1398.2,271469,1,312.0,2026-08-23,0,-1,1434.0,20.3,4,
87083,119064,DeathKnight,Blood,San'layn,Tank,US,Ruby Life Pools,10,1,1021.2,93130,0,280.0,2026-08-24,0,-1,1017.0,39.5,2,
87083,1007,Evoker,Preservation,Flameshaper,Healer,US,Ruby Life Pools,10,1,1021.2,34828,0,307.0,2026-08-24,0,-1,1017.0,39.5,2,
87083,1009,Warlock,Demonology,Diabolist,DPS,US,Ruby Life Pools,10,1,1021.2,261700,0,305.0,2026-08-24,0,-1,1017.0,39.5,0,
87083,1008,Priest,Shadow,Voidweaver,DPS,US,Ruby Life Pools,10,1,1021.2,218759,0,304.0,2026-08-24,0,-1,1017.0,39.5,0,
87083,119035,Mage,Arcane,Sunfury,DPS,US,Ruby Life Pools,10,1,1021.2,228994,1,310.0,2026-08-24,0,-1,1017.0,39.5,2,
2792,6036,Monk,Brewmaster,Master of Harmony,Tank,US,Murder Row,10,1,1555.3,79167,0,295.0,2026-08-18,0,-1,1557.0,23.7,,
2792,6037,Priest,Holy,Oracle,Healer,US,Murder Row,10,1,1555.3,38882,0,291.0,2026-08-18,0,-1,1557.0,23.7,,
2792,6038,Warlock,Destruction,Diabolist,DPS,US,Murder Row,10,1,1555.3,159202,0,292.0,2026-08-18,0,-1,1557.0,23.7,,
2792,6039,Mage,Arcane,Sunfury,DPS,US,Murder Row,10,1,1555.3,165751,1,293.0,2026-08-18,0,-1,1557.0,23.7,,
2792,6040,DemonHunter,Havoc,Fel-Scarred,DPS,US,Murder Row,10,1,1555.3,165960,0,292.0,2026-08-18,0,-1,1557.0,23.7,,2918
15184,31895,Paladin,Protection,Lightsmith,Tank,US,Voidscar Arena,9,1,1196.7,94612,0,292.0,2026-08-19,0,-1,1198.0,33.4,,
15184,31896,Paladin,Holy,Herald of the Sun,Healer,US,Voidscar Arena,9,1,1196.7,15587,0,297.0,2026-08-19,0,-1,1198.0,33.4,,
15184,11620,DemonHunter,Devourer,Void-Scarred,DPS,US,Voidscar Arena,9,1,1196.7,161615,1,297.0,2026-08-19,0,-1,1198.0,33.4,,
15184,31897,Warlock,Destruction,Diabolist,DPS,US,Voidscar Arena,9,1,1196.7,137661,0,293.0,2026-08-19,0,-1,1198.0,33.4,,
15184,31898,Shaman,Elemental,Farseer,DPS,US,Voidscar Arena,9,1,1196.7,240181,1,298.0,2026-08-19,0,-1,1198.0,33.4,,
15171,31849,DeathKnight,Blood,San'layn,Tank,EU,Voidscar Arena,4,1,882.2,65918,0,291.0,2026-08-19,0,-1,874.0,51.4,,
15171,31850,Paladin,Holy,Herald of the Sun,Healer,EU,Voidscar Arena,4,1,882.2,12292,1,292.0,2026-08-19,0,-1,874.0,51.4,,
15171,31851,Shaman,Elemental,Farseer,DPS,EU,Voidscar Arena,4,1,882.2,134916,0,291.0,2026-08-19,0,-1,874.0,51.4,,
15171,31852,Warrior,Arms,Slayer,DPS,EU,Voidscar Arena,4,1,882.2,147463,0,291.0,2026-08-19,0,-1,874.0,51.4,,
15171,31853,Hunter,BeastMastery,Pack Leader,DPS,EU,Voidscar Arena,4,1,882.2,131517,0,290.0,2026-08-19,0,-1,874.0,51.4,,
35272,76237,DeathKnight,Blood,San'layn,Tank,EU,Kings' Rest,8,1,1104.9,85283,0,288.0,2026-08-20,0,-1,1102.0,44.4,,
35272,76238,Paladin,Holy,Herald of the Sun,Healer,EU,Kings' Rest,8,1,1104.9,14936,0,289.0,2026-08-20,0,-1,1102.0,44.4,,
35272,24592,Druid,Balance,Elune's Chosen,DPS,EU,Kings' Rest,8,1,1104.9,136858,0,301.0,2026-08-20,0,-1,1102.0,44.4,,
35272,24591,Warrior,Arms,Slayer,DPS,EU,Kings' Rest,8,1,1104.9,184955,0,300.0,2026-08-20,0,-1,1102.0,44.4,,
35272,76239,Shaman,Elemental,Farseer,DPS,EU,Kings' Rest,8,1,1104.9,142304,1,294.0,2026-08-20,0,-1,1102.0,44.4,,
74326,142870,Warrior,Protection,Mountain Thane,Tank,EU,Temple of Sethraliss,11,1,1205.3,92248,0,307.0,2026-08-23,0,-1,1197.0,37.7,,
74326,76028,Paladin,Holy,Herald of the Sun,Healer,EU,Temple of Sethraliss,11,1,1205.3,21866,0,305.0,2026-08-23,0,-1,1197.0,37.7,,
74326,57790,Priest,Shadow,Archon,DPS,EU,Temple of Sethraliss,11,1,1205.3,231114,0,311.0,2026-08-23,0,-1,1197.0,37.7,,
74326,137507,Mage,Arcane,Sunfury,DPS,EU,Temple of Sethraliss,11,1,1205.3,230620,0,305.0,2026-08-23,0,-1,1197.0,37.7,,
74326,63871,Shaman,Elemental,Farseer,DPS,EU,Temple of Sethraliss,11,1,1205.3,235597,0,307.0,2026-08-23,0,-1,1197.0,37.7,,
81216,66537,DeathKnight,Blood,San'layn,Tank,CN,Altar of Fangs,14,1,1708.0,154174,0,311.0,2026-08-22,0,-1,1730.0,3.9,,
81216,69786,Priest,Holy,Oracle,Healer,CN,Altar of Fangs,14,1,1708.0,21031,0,298.0,2026-08-22,0,-1,1730.0,3.9,,
81216,62448,Warrior,Arms,Slayer,DPS,CN,Altar of Fangs,14,1,1708.0,244522,1,309.0,2026-08-22,0,-1,1730.0,3.9,,
81216,66541,Evoker,Devastation,Flameshaper,DPS,CN,Altar of Fangs,14,1,1708.0,255570,0,306.0,2026-08-22,0,-1,1730.0,3.9,,
81216,69787,Shaman,Elemental,Farseer,DPS,CN,Altar of Fangs,14,1,1708.0,246568,1,305.0,2026-08-22,0,-1,1730.0,3.9,,
76167,141705,Monk,Brewmaster,Master of Harmony,Tank,EU,Altar of Fangs,14,1,1617.6,110850,0,300.0,2026-08-23,0,-1,1624.0,9.8,,
76167,143860,Shaman,Restoration,Totemic,Healer,EU,Altar of Fangs,14,1,1617.6,34302,0,304.0,2026-08-23,0,-1,1624.0,9.8,,
76167,20505,Rogue,Assassination,Deathstalker,DPS,EU,Altar of Fangs,14,1,1617.6,286635,0,309.0,2026-08-23,0,-1,1624.0,9.8,,
76167,143861,Druid,Balance,Elune's Chosen,DPS,EU,Altar of Fangs,14,1,1617.6,226084,1,304.0,2026-08-23,0,-1,1624.0,9.8,,
76167,143862,Warrior,Arms,Slayer,DPS,EU,Altar of Fangs,14,1,1617.6,304523,0,311.0,2026-08-23,0,-1,1624.0,9.8,,
81334,32783,Monk,Brewmaster,Shado-Pan,Tank,EU,Voidscar Arena,14,1,1592.9,94356,1,313.0,2026-08-22,0,-1,1629.0,9.5,,
81334,47918,Shaman,Restoration,Totemic,Healer,EU,Voidscar Arena,14,1,1592.9,36753,2,308.0,2026-08-22,0,-1,1629.0,9.5,,
81334,115951,Warlock,Demonology,Diabolist,DPS,EU,Voidscar Arena,14,1,1592.9,215667,0,306.0,2026-08-22,0,-1,1629.0,9.5,,
81334,18599,DemonHunter,Devourer,Annihilator,DPS,EU,Voidscar Arena,14,1,1592.9,222443,0,308.0,2026-08-22,0,-1,1629.0,9.5,,
81334,66662,Mage,Arcane,Sunfury,DPS,EU,Voidscar Arena,14,1,1592.9,240255,0,310.0,2026-08-22,0,-1,1629.0,9.5,,
42047,70954,Paladin,Protection,Lightsmith,Tank,CN,The Blinding Vale,4,1,872.2,130404,0,300.0,2026-08-22,0,-1,864.0,52.0,,
42047,70955,Shaman,Restoration,Totemic,Healer,CN,The Blinding Vale,4,1,872.2,32501,0,295.0,2026-08-22,0,-1,864.0,52.0,,
42047,88922,Rogue,Outlaw,Trickster,DPS,CN,The Blinding Vale,4,1,872.2,131975,0,300.0,2026-08-22,0,-1,864.0,52.0,,
42047,88923,Mage,Arcane,Sunfury,DPS,CN,The Blinding Vale,4,1,872.2,152632,0,298.0,2026-08-22,0,-1,864.0,52.0,,
42047,88924,Warlock,Destruction,Diabolist,DPS,CN,The Blinding Vale,4,1,872.2,137295,0,293.0,2026-08-22,0,-1,864.0,52.0,,
46901,99139,DemonHunter,Vengeance,Aldrachi Reaver,Tank,EU,Murder Row,2,1,1183.8,47284,0,291.0,2026-08-22,0,-1,,,,
46901,99140,Evoker,Preservation,Flameshaper,Healer,EU,Murder Row,2,1,1183.8,13361,1,269.0,2026-08-22,0,-1,,,,
46901,99141,Hunter,BeastMastery,Pack Leader,DPS,EU,Murder Row,2,1,1183.8,76964,0,279.0,2026-08-22,0,-1,,,,
46901,99142,DemonHunter,Devourer,Void-Scarred,DPS,EU,Murder Row,2,1,1183.8,150871,0,300.0,2026-08-22,0,-1,,,,
46901,99143,Warlock,Demonology,Diabolist,DPS,EU,Murder Row,2,1,1183.8,109088,0,297.0,2026-08-22,0,-1,,,,
87889,154601,Paladin,Protection,Lightsmith,Tank,US,Kings' Rest,11,1,1312.8,75959,0,302.0,2026-08-24,0,-1,1314.0,33.6,0,
87889,419,Monk,Mistweaver,Conduit of the Celestials,Healer,US,Kings' Rest,11,1,1312.8,35540,1,306.0,2026-08-24,0,-1,1314.0,33.6,0,
87889,6033,Warrior,Arms,Slayer,DPS,US,Kings' Rest,11,1,1312.8,171952,0,311.0,2026-08-24,0,-1,1314.0,33.6,2,
87889,3310,Mage,Arcane,Sunfury,DPS,US,Kings' Rest,11,1,1312.8,189416,0,313.0,2026-08-24,0,-1,1314.0,33.6,5,2776
87889,46725,DemonHunter,Devourer,Annihilator,DPS,US,Kings' Rest,11,1,1312.8,132335,1,305.0,2026-08-24,0,-1,1314.0,33.6,4,
48445,102153,DeathKnight,Blood,San'layn,Tank,EU,Voidscar Arena,2,1,881.3,85174,0,287.0,2026-08-22,0,-1,,,,
48445,102154,Paladin,Holy,Herald of the Sun,Healer,EU,Voidscar Arena,2,1,881.3,17999,0,286.0,2026-08-22,0,-1,,,,
48445,102455,Warrior,Arms,Slayer,DPS,EU,Voidscar Arena,2,1,881.3,78581,0,284.0,2026-08-22,0,-1,,,,
48445,102155,Mage,Arcane,Sunfury,DPS,EU,Voidscar Arena,2,1,881.3,134376,0,293.0,2026-08-22,0,-1,,,,
48445,102456,Hunter,BeastMastery,Pack Leader,DPS,EU,Voidscar Arena,2,1,881.3,141367,0,298.0,2026-08-22,0,-1,,,,
79817,77349,DeathKnight,Blood,San'layn,Tank,CN,Kings' Rest,14,1,1558.6,80914,0,305.0,2026-08-22,0,-1,1595.0,19.5,,
79817,77350,Shaman,Restoration,Totemic,Healer,CN,Kings' Rest,14,1,1558.6,23955,1,304.0,2026-08-22,0,-1,1595.0,19.5,,
79817,72570,Warrior,Arms,Slayer,DPS,CN,Kings' Rest,14,1,1558.6,204072,1,314.0,2026-08-22,0,-1,1595.0,19.5,,
79817,78240,Rogue,Outlaw,Trickster,DPS,CN,Kings' Rest,14,1,1558.6,176344,0,304.0,2026-08-22,0,-1,1595.0,19.5,,
79817,62676,Paladin,Retribution,Herald of the Sun,DPS,CN,Kings' Rest,14,1,1558.6,198693,1,308.0,2026-08-22,0,-1,1595.0,19.5,,
6650,13933,DeathKnight,Blood,San'layn,Tank,EU,Altar of Fangs,10,1,1299.3,145658,2,295.0,2026-08-19,0,-1,1336.0,25.8,,2681
6650,13934,Shaman,Restoration,Totemic,Healer,EU,Altar of Fangs,10,1,1299.3,20868,2,295.0,2026-08-19,0,-1,1336.0,25.8,,
6650,13937,Paladin,Retribution,Templar,DPS,EU,Altar of Fangs,10,1,1299.3,208308,3,297.0,2026-08-19,0,-1,1336.0,25.8,,2793
6650,13935,Hunter,Marksmanship,Sentinel,DPS,EU,Altar of Fangs,10,1,1299.3,228346,1,297.0,2026-08-19,0,-1,1336.0,25.8,,2788
6650,13936,Druid,Balance,Elune's Chosen,DPS,EU,Altar of Fangs,10,1,1299.3,214064,1,299.0,2026-08-19,0,-1,1336.0,25.8,,2792
77105,66488,DeathKnight,Blood,San'layn,Tank,CN,Altar of Fangs,12,1,1380.5,177022,0,312.0,2026-08-22,0,-1,1417.0,21.3,,
77105,144296,Shaman,Restoration,Totemic,Healer,CN,Altar of Fangs,12,1,1380.5,10909,2,297.0,2026-08-22,0,-1,1417.0,21.3,,
77105,144297,Monk,Windwalker,Conduit of the Celestials,DPS,CN,Altar of Fangs,12,1,1380.5,233910,0,304.0,2026-08-22,0,-1,1417.0,21.3,,
77105,66492,Rogue,Outlaw,Trickster,DPS,CN,Altar of Fangs,12,1,1380.5,238603,1,301.0,2026-08-22,0,-1,1417.0,21.3,,
77105,144298,Warrior,Arms,Slayer,DPS,CN,Altar of Fangs,12,1,1380.5,247100,0,299.0,2026-08-22,0,-1,1417.0,21.3,,
85622,3601,DeathKnight,Blood,Deathbringer,Tank,US,Den of Nalorakk,15,1,1804.3,115873,0,313.0,2026-08-23,0,-1,1810.0,5.7,5,3088
85622,36,Paladin,Holy,Lightsmith,Healer,US,Den of Nalorakk,15,1,1804.3,47482,0,308.0,2026-08-23,0,-1,1810.0,5.7,4,3220
85622,22736,Druid,Feral,Druid of the Claw,DPS,US,Den of Nalorakk,15,1,1804.3,182228,0,313.0,2026-08-23,0,-1,1810.0,5.7,2,
85622,42119,DemonHunter,Devourer,Void-Scarred,DPS,US,Den of Nalorakk,15,1,1804.3,160817,1,306.0,2026-08-23,0,-1,1810.0,5.7,0,
85622,7720,Mage,Arcane,Sunfury,DPS,US,Den of Nalorakk,15,1,1804.3,245634,0,313.0,2026-08-23,0,-1,1810.0,5.7,4,
79979,145612,DeathKnight,Blood,San'layn,Tank,CN,Voidscar Arena,13,1,1498.3,107984,0,303.0,2026-08-23,0,-1,1550.0,13.9,,
79979,85330,Shaman,Restoration,Totemic,Healer,CN,Voidscar Arena,13,1,1498.3,21400,0,305.0,2026-08-23,0,-1,1550.0,13.9,,
79979,134882,Rogue,Assassination,Deathstalker,DPS,CN,Voidscar Arena,13,1,1498.3,201021,1,303.0,2026-08-23,0,-1,1550.0,13.9,,
79979,107199,Mage,Arcane,Sunfury,DPS,CN,Voidscar Arena,13,1,1498.3,196824,1,302.0,2026-08-23,0,-1,1550.0,13.9,,
79979,107197,Warrior,Arms,Slayer,DPS,CN,Voidscar Arena,13,1,1498.3,191111,2,303.0,2026-08-23,0,-1,1550.0,13.9,,
28077,61389,DemonHunter,Vengeance,Annihilator,Tank,US,Den of Nalorakk,4,1,1060.3,70095,0,293.0,2026-08-20,0,-1,1052.0,45.2,,
28077,61390,Paladin,Holy,Herald of the Sun,Healer,US,Den of Nalorakk,4,1,1060.3,17458,0,283.0,2026-08-20,0,-1,1052.0,45.2,,
28077,10322,Druid,Balance,Elune's Chosen,DPS,US,Den of Nalorakk,4,1,1060.3,127131,0,297.0,2026-08-20,0,-1,1052.0,45.2,,
28077,61391,Warrior,Arms,Slayer,DPS,US,Den of Nalorakk,4,1,1060.3,90339,0,281.0,2026-08-20,0,-1,1052.0,45.2,,
28077,61392,Shaman,Elemental,Farseer,DPS,US,Den of Nalorakk,4,1,1060.3,117365,0,289.0,2026-08-20,0,-1,1052.0,45.2,,
3209,4400,DeathKnight,Blood,San'layn,Tank,US,Kings' Rest,10,1,1401.9,60096,1,294.0,2026-08-18,0,-1,1403.0,29.1,,
3209,6958,Priest,Discipline,Voidweaver,Healer,US,Kings' Rest,10,1,1401.9,35845,0,293.0,2026-08-18,0,-1,1403.0,29.1,,
3209,6959,Mage,Arcane,Sunfury,DPS,US,Kings' Rest,10,1,1401.9,150089,0,294.0,2026-08-18,0,-1,1403.0,29.1,,
3209,6960,Rogue,Assassination,Deathstalker,DPS,US,Kings' Rest,10,1,1401.9,137854,0,291.0,2026-08-18,0,-1,1403.0,29.1,,
3209,4404,Shaman,Elemental,Farseer,DPS,US,Kings' Rest,10,1,1401.9,131173,1,293.0,2026-08-18,0,-1,1403.0,29.1,,
81278,70471,DeathKnight,Blood,San'layn,Tank,CN,Ruby Life Pools,12,1,1255.0,147718,0,303.0,2026-08-21,0,-1,1261.0,24.9,,
81278,70472,Paladin,Holy,Herald of the Sun,Healer,CN,Ruby Life Pools,12,1,1255.0,26971,0,302.0,2026-08-21,0,-1,1261.0,24.9,,
81278,139893,Priest,Shadow,Voidweaver,DPS,CN,Ruby Life Pools,12,1,1255.0,176743,0,305.0,2026-08-21,0,-1,1261.0,24.9,,
81278,70475,Mage,Arcane,Sunfury,DPS,CN,Ruby Life Pools,12,1,1255.0,248377,0,305.0,2026-08-21,0,-1,1261.0,24.9,,
81278,70473,Warlock,Demonology,Diabolist,DPS,CN,Ruby Life Pools,12,1,1255.0,281127,1,306.0,2026-08-21,0,-1,1261.0,24.9,,
58277,124363,DeathKnight,Blood,San'layn,Tank,CN,Murder Row,11,1,1215.4,111243,0,305.0,2026-08-23,0,-1,1212.0,40.6,,
58277,107465,Shaman,Restoration,Totemic,Healer,CN,Murder Row,11,1,1215.4,20267,0,302.0,2026-08-23,0,-1,1212.0,40.6,,
58277,124364,Druid,Balance,Elune's Chosen,DPS,CN,Murder Row,11,1,1215.4,272978,0,311.0,2026-08-23,0,-1,1212.0,40.6,,
58277,69585,Mage,Arcane,Sunfury,DPS,CN,Murder Row,11,1,1215.4,276887,0,309.0,2026-08-23,0,-1,1212.0,40.6,,
58277,107468,Paladin,Retribution,Herald of the Sun,DPS,CN,Murder Row,11,1,1215.4,190038,1,298.0,2026-08-23,0,-1,1212.0,40.6,,
45472,66786,DeathKnight,Blood,San'layn,Tank,EU,Altar of Fangs,10,1,1084.1,164628,0,310.0,2026-08-22,0,-1,,,,
45472,95840,Shaman,Restoration,Totemic,Healer,EU,Altar of Fangs,10,1,1084.1,29091,0,306.0,2026-08-22,0,-1,,,,
45472,36230,Warrior,Arms,Slayer,DPS,EU,Altar of Fangs,10,1,1084.1,236890,0,308.0,2026-08-22,0,-1,,,,
45472,21385,Warrior,Arms,Slayer,DPS,EU,Altar of Fangs,10,1,1084.1,225446,1,309.0,2026-08-22,0,-1,,,,
45472,95841,DeathKnight,Unholy,Rider of the Apocalypse,DPS,EU,Altar of Fangs,10,1,1084.1,269276,0,305.0,2026-08-22,0,-1,,,,
31176,44001,DeathKnight,Blood,San'layn,Tank,CN,Den of Nalorakk,11,1,1305.7,124522,0,311.0,2026-08-21,0,-1,1307.0,31.9,,
31176,66919,Evoker,Preservation,Flameshaper,Healer,CN,Den of Nalorakk,11,1,1305.7,43602,1,301.0,2026-08-21,0,-1,1307.0,31.9,,
31176,66920,Mage,Arcane,Sunfury,DPS,CN,Den of Nalorakk,11,1,1305.7,181043,0,308.0,2026-08-21,0,-1,1307.0,31.9,,
31176,44492,DemonHunter,Havoc,Fel-Scarred,DPS,CN,Den of Nalorakk,11,1,1305.7,208072,0,304.0,2026-08-21,0,-1,1307.0,31.9,,
31176,66921,Druid,Balance,Elune's Chosen,DPS,CN,Den of Nalorakk,11,1,1305.7,187430,1,300.0,2026-08-21,0,-1,1307.0,31.9,,
76697,59132,Paladin,Protection,Lightsmith,Tank,US,Voidscar Arena,13,1,1538.0,80863,0,298.0,2026-08-22,0,-1,1530.0,15.0,,
76697,1540,Priest,Discipline,Oracle,Healer,US,Voidscar Arena,13,1,1538.0,22657,0,309.0,2026-08-22,0,-1,1530.0,15.0,,
76697,5296,DemonHunter,Devourer,Annihilator,DPS,US,Voidscar Arena,13,1,1538.0,235084,0,310.0,2026-08-22,0,-1,1530.0,15.0,,
76697,17439,Mage,Arcane,Sunfury,DPS,US,Voidscar Arena,13,1,1538.0,211190,0,305.0,2026-08-22,0,-1,1530.0,15.0,,
76697,30471,Rogue,Subtlety,Trickster,DPS,US,Voidscar Arena,13,1,1538.0,219348,0,305.0,2026-08-22,0,-1,1530.0,15.0,,
48408,102375,Paladin,Protection,Lightsmith,Tank,EU,Voidscar Arena,2,1,1033.3,47696,0,278.0,2026-08-22,0,-1,,,,
48408,102376,Shaman,Restoration,Totemic,Healer,EU,Voidscar Arena,2,1,1033.3,26102,0,292.0,2026-08-22,0,-1,,,,
48408,102377,Hunter,BeastMastery,Pack Leader,DPS,EU,Voidscar Arena,2,1,1033.3,101228,0,284.0,2026-08-22,0,-1,,,,
48408,102378,Evoker,Devastation,Scalecommander,DPS,EU,Voidscar Arena,2,1,1033.3,94156,0,281.0,2026-08-22,0,-1,,,,
48408,102379,DeathKnight,Unholy,Rider of the Apocalypse,DPS,EU,Voidscar Arena,2,1,1033.3,106369,0,284.0,2026-08-22,0,-1,,,,
80885,71881,Warrior,Protection,Mountain Thane,Tank,CN,Den of Nalorakk,16,1,1679.6,140424,0,308.0,2026-08-23,0,-1,1686.0,12.2,,
80885,66209,Paladin,Holy,Lightsmith,Healer,CN,Den of Nalorakk,16,1,1679.6,39574,0,310.0,2026-08-23,0,-1,1686.0,12.2,,
80885,139224,Warlock,Demonology,Diabolist,DPS,CN,Den of Nalorakk,16,1,1679.6,249539,0,306.0,2026-08-23,0,-1,1686.0,12.2,,
80885,58736,Shaman,Elemental,Farseer,DPS,CN,Den of Nalorakk,16,1,1679.6,247813,1,311.0,2026-08-23,0,-1,1686.0,12.2,,
80885,71882,Druid,Feral,Druid of the Claw,DPS,CN,Den of Nalorakk,16,1,1679.6,234750,0,308.0,2026-08-23,0,-1,1686.0,12.2,,
55865,7795,DeathKnight,Blood,San'layn,Tank,US,Altar of Fangs,10,1,1080.4,140577,0,303.0,2026-08-23,0,-1,1077.0,40.2,,
55865,9016,Shaman,Restoration,Totemic,Healer,US,Altar of Fangs,10,1,1080.4,49782,0,301.0,2026-08-23,0,-1,1077.0,40.2,,3005
55865,6508,Monk,Windwalker,Shado-Pan,DPS,US,Altar of Fangs,10,1,1080.4,234359,0,304.0,2026-08-23,0,-1,1077.0,40.2,,2715
55865,20295,Warrior,Arms,Slayer,DPS,US,Altar of Fangs,10,1,1080.4,256868,0,302.0,2026-08-23,0,-1,1077.0,40.2,,
55865,49085,Mage,Arcane,Sunfury,DPS,US,Altar of Fangs,10,1,1080.4,246304,1,308.0,2026-08-23,0,-1,1077.0,40.2,,
11558,3528,Warrior,Protection,Mountain Thane,Tank,US,Voidscar Arena,12,1,1393.5,133156,0,298.0,2026-08-19,0,-1,1445.0,19.7,,3251
11558,17479,Paladin,Holy,Herald of the Sun,Healer,US,Voidscar Arena,12,1,1393.5,21396,1,296.0,2026-08-19,0,-1,1445.0,19.7,,
11558,9835,Druid,Feral,Druid of the Claw,DPS,US,Voidscar Arena,12,1,1393.5,214124,2,300.0,2026-08-19,0,-1,1445.0,19.7,,3068
11558,9834,Shaman,Enhancement,Stormbringer,DPS,US,Voidscar Arena,12,1,1393.5,190791,0,294.0,2026-08-19,0,-1,1445.0,19.7,,
11558,5095,Warrior,Arms,Slayer,DPS,US,Voidscar Arena,12,1,1393.5,225271,1,301.0,2026-08-19,0,-1,1445.0,19.7,,3265
49998,105972,DemonHunter,Vengeance,Annihilator,Tank,EU,Kings' Rest,11,1,1309.2,90570,0,304.0,2026-08-22,0,-1,1301.0,34.3,,
49998,105973,Evoker,Preservation,Flameshaper,Healer,EU,Kings' Rest,11,1,1309.2,35677,0,311.0,2026-08-22,0,-1,1301.0,34.3,,
49998,105974,Warrior,Arms,Slayer,DPS,EU,Kings' Rest,11,1,1309.2,176291,0,305.0,2026-08-22,0,-1,1301.0,34.3,,
49998,33819,Priest,Shadow,Archon,DPS,EU,Kings' Rest,11,1,1309.2,143148,0,302.0,2026-08-22,0,-1,1301.0,34.3,,
49998,105975,DeathKnight,Unholy,Rider of the Apocalypse,DPS,EU,Kings' Rest,11,1,1309.2,184234,0,306.0,2026-08-22,0,-1,1301.0,34.3,,
5218,8020,Monk,Brewmaster,Shado-Pan,Tank,US,Den of Nalorakk,10,1,1615.8,69922,2,295.0,2026-08-18,0,-1,1668.0,13.2,,
5218,8021,Druid,Restoration,Wildstalker,Healer,US,Den of Nalorakk,10,1,1615.8,17243,3,294.0,2026-08-18,0,-1,1668.0,13.2,,2766
5218,8023,Rogue,Subtlety,Deathstalker,DPS,US,Den of Nalorakk,10,1,1615.8,155234,3,294.0,2026-08-18,0,-1,1668.0,13.2,,
5218,8024,Warrior,Arms,Slayer,DPS,US,Den of Nalorakk,10,1,1615.8,158207,2,293.0,2026-08-18,0,-1,1668.0,13.2,,
5218,8022,Evoker,Devastation,Scalecommander,DPS,US,Den of Nalorakk,10,1,1615.8,142514,2,293.0,2026-08-18,0,-1,1668.0,13.2,,
36045,77765,Paladin,Protection,Lightsmith,Tank,KR,Murder Row,11,1,1348.6,96426,0,295.0,2026-08-22,0,-1,,,,
36045,55040,Evoker,Preservation,Flameshaper,Healer,KR,Murder Row,11,1,1348.6,36909,0,304.0,2026-08-22,0,-1,,,,
36045,55042,DemonHunter,Devourer,Void-Scarred,DPS,KR,Murder Row,11,1,1348.6,176347,0,302.0,2026-08-22,0,-1,,,,
36045,55043,DeathKnight,Unholy,Rider of the Apocalypse,DPS,KR,Murder Row,11,1,1348.6,205766,0,303.0,2026-08-22,0,-1,,,,
36045,55041,Mage,Arcane,Sunfury,DPS,KR,Murder Row,11,1,1348.6,253493,0,307.0,2026-08-22,0,-1,,,,
74331,142111,Warrior,Protection,Mountain Thane,Tank,EU,Altar of Fangs,5,1,1040.6,105445,0,300.0,2026-08-23,0,-1,1032.0,42.7,,
74331,142112,Paladin,Holy,Herald of the Sun,Healer,EU,Altar of Fangs,5,1,1040.6,5396,0,296.0,2026-08-23,0,-1,1032.0,42.7,,
74331,142114,Druid,Feral,Druid of the Claw,DPS,EU,Altar of Fangs,5,1,1040.6,172335,0,298.0,2026-08-23,0,-1,1032.0,42.7,,
74331,142115,Hunter,BeastMastery,Pack Leader,DPS,EU,Altar of Fangs,5,1,1040.6,144753,1,297.0,2026-08-23,0,-1,1032.0,42.7,,
74331,142113,Mage,Frost,Spellslinger,DPS,EU,Altar of Fangs,5,1,1040.6,123976,1,293.0,2026-08-23,0,-1,1032.0,42.7,,
61900,132948,Paladin,Protection,Templar,Tank,US,Kings' Rest,2,1,1195.7,39555,0,288.0,2026-08-23,0,-1,,,,
61900,132949,Monk,Mistweaver,Conduit of the Celestials,Healer,US,Kings' Rest,2,1,1195.7,32045,0,298.0,2026-08-23,0,-1,,,,
61900,132950,Rogue,Subtlety,Trickster,DPS,US,Kings' Rest,2,1,1195.7,71484,0,297.0,2026-08-23,0,-1,,,,
61900,132951,Hunter,BeastMastery,Pack Leader,DPS,US,Kings' Rest,2,1,1195.7,85284,0,297.0,2026-08-23,0,-1,,,,
61900,132952,Shaman,Enhancement,Stormbringer,DPS,US,Kings' Rest,2,1,1195.7,58475,1,261.0,2026-08-23,0,-1,,,,
40039,75682,DeathKnight,Blood,San'layn,Tank,US,Kings' Rest,12,1,1484.1,110922,0,305.0,2026-08-20,0,-1,1506.0,23.9,,
40039,13022,Paladin,Holy,Herald of the Sun,Healer,US,Kings' Rest,12,1,1484.1,11452,0,306.0,2026-08-20,0,-1,1506.0,23.9,,
40039,213,DemonHunter,Devourer,Annihilator,DPS,US,Kings' Rest,12,1,1484.1,143954,1,299.0,2026-08-20,0,-1,1506.0,23.9,,3108
40039,60337,Shaman,Elemental,Farseer,DPS,US,Kings' Rest,12,1,1484.1,172711,1,303.0,2026-08-20,0,-1,1506.0,23.9,,
40039,15157,Mage,Arcane,Sunfury,DPS,US,Kings' Rest,12,1,1484.1,170404,0,305.0,2026-08-20,0,-1,1506.0,23.9,,
49487,101129,DeathKnight,Blood,Deathbringer,Tank,EU,Voidscar Arena,13,1,1628.5,99940,0,305.0,2026-08-22,0,-1,,,,
49487,68739,Paladin,Holy,Herald of the Sun,Healer,EU,Voidscar Arena,13,1,1628.5,14049,0,306.0,2026-08-22,0,-1,,,,
49487,81974,Shaman,Elemental,Farseer,DPS,EU,Voidscar Arena,13,1,1628.5,177039,0,304.0,2026-08-22,0,-1,,,,
49487,73964,Warlock,Demonology,Diabolist,DPS,EU,Voidscar Arena,13,1,1628.5,197757,0,309.0,2026-08-22,0,-1,,,,
49487,73963,Hunter,Marksmanship,Sentinel,DPS,EU,Voidscar Arena,13,1,1628.5,157163,1,308.0,2026-08-22,0,-1,,,,
45023,15923,DeathKnight,Blood,San'layn,Tank,EU,Kings' Rest,10,1,1167.2,80403,0,303.0,2026-08-22,0,-1,1169.0,41.0,,
45023,13817,Priest,Holy,Oracle,Healer,EU,Kings' Rest,10,1,1167.2,29645,0,307.0,2026-08-22,0,-1,1169.0,41.0,,
45023,38274,DemonHunter,Havoc,Fel-Scarred,DPS,EU,Kings' Rest,10,1,1167.2,168623,0,302.0,2026-08-22,0,-1,1169.0,41.0,,
45023,94561,Shaman,Enhancement,Stormbringer,DPS,EU,Kings' Rest,10,1,1167.2,142199,1,301.0,2026-08-22,0,-1,1169.0,41.0,,
45023,13819,Paladin,Retribution,Herald of the Sun,DPS,EU,Kings' Rest,10,1,1167.2,197722,1,309.0,2026-08-22,0,-1,1169.0,41.0,,
19822,43818,DeathKnight,Blood,San'layn,Tank,EU,Ruby Life Pools,10,1,965.4,160282,0,295.0,2026-08-19,0,-1,967.0,42.4,,2977
19822,43858,Priest,Holy,Oracle,Healer,EU,Ruby Life Pools,10,1,965.4,50154,0,288.0,2026-08-19,0,-1,967.0,42.4,,2977
19822,43820,DemonHunter,Devourer,Void-Scarred,DPS,EU,Ruby Life Pools,10,1,965.4,231883,0,296.0,2026-08-19,0,-1,967.0,42.4,,2940
19822,43821,Mage,Arcane,Sunfury,DPS,EU,Ruby Life Pools,10,1,965.4,272048,0,296.0,2026-08-19,0,-1,967.0,42.4,,2977
19822,43822,Druid,Balance,Elune's Chosen,DPS,EU,Ruby Life Pools,10,1,965.4,212100,0,296.0,2026-08-19,0,-1,967.0,42.4,,2977
72461,59668,DeathKnight,Blood,San'layn,Tank,CN,Altar of Fangs,15,0,1929.9,168525,1,314.0,2026-08-23,0,-1,2057.0,-14.3,,
72461,89666,Evoker,Preservation,Flameshaper,Healer,CN,Altar of Fangs,15,0,1929.9,28388,4,306.0,2026-08-23,0,-1,2057.0,-14.3,,
72461,66211,Shaman,Elemental,Farseer,DPS,CN,Altar of Fangs,15,0,1929.9,263908,1,308.0,2026-08-23,0,-1,2057.0,-14.3,,
72461,69433,Warrior,Arms,Slayer,DPS,CN,Altar of Fangs,15,0,1929.9,170553,3,310.0,2026-08-23,0,-1,2057.0,-14.3,,
72461,59670,Mage,Arcane,Sunfury,DPS,CN,Altar of Fangs,15,0,1929.9,268049,1,315.0,2026-08-23,0,-1,2057.0,-14.3,,
55438,117596,DeathKnight,Blood,San'layn,Tank,CN,Ruby Life Pools,10,1,954.2,104090,0,291.0,2026-08-23,0,-1,951.0,43.4,,
55438,117597,Monk,Mistweaver,Conduit of the Celestials,Healer,CN,Ruby Life Pools,10,1,954.2,50191,0,298.0,2026-08-23,0,-1,951.0,43.4,,
55438,117598,Paladin,Retribution,Herald of the Sun,DPS,CN,Ruby Life Pools,10,1,954.2,257794,1,301.0,2026-08-23,0,-1,951.0,43.4,,
55438,48094,Mage,Arcane,Sunfury,DPS,CN,Ruby Life Pools,10,1,954.2,266869,0,303.0,2026-08-23,0,-1,951.0,43.4,,
55438,117599,Warrior,Arms,Slayer,DPS,CN,Ruby Life Pools,10,1,954.2,264704,0,303.0,2026-08-23,0,-1,951.0,43.4,,
29220,41024,Druid,Guardian,Elune's Chosen,Tank,US,Altar of Fangs,6,1,1060.0,95653,0,296.0,2026-08-21,0,-1,1056.0,41.3,,
29220,63437,Paladin,Holy,Herald of the Sun,Healer,US,Altar of Fangs,6,1,1060.0,16857,1,279.0,2026-08-21,0,-1,1056.0,41.3,,
29220,63438,Hunter,BeastMastery,Pack Leader,DPS,US,Altar of Fangs,6,1,1060.0,180742,0,299.0,2026-08-21,0,-1,1056.0,41.3,,
29220,63439,Mage,Arcane,Sunfury,DPS,US,Altar of Fangs,6,1,1060.0,122606,0,288.0,2026-08-21,0,-1,1056.0,41.3,,
29220,26208,Hunter,Survival,Pack Leader,DPS,US,Altar of Fangs,6,1,1060.0,162942,0,297.0,2026-08-21,0,-1,1056.0,41.3,,
77753,143620,DeathKnight,Blood,San'layn,Tank,CN,Voidscar Arena,13,1,1472.1,123413,0,311.0,2026-08-23,0,-1,1524.0,15.4,,
77753,144573,Shaman,Restoration,Totemic,Healer,CN,Voidscar Arena,13,1,1472.1,28750,0,305.0,2026-08-23,0,-1,1524.0,15.4,,
77753,143624,Warrior,Arms,Slayer,DPS,CN,Voidscar Arena,13,1,1472.1,241115,0,312.0,2026-08-23,0,-1,1524.0,15.4,,
77753,93387,Mage,Arcane,Sunfury,DPS,CN,Voidscar Arena,13,1,1472.1,211846,2,307.0,2026-08-23,0,-1,1524.0,15.4,,
77753,99611,Paladin,Retribution,Herald of the Sun,DPS,CN,Voidscar Arena,13,1,1472.1,213050,2,302.0,2026-08-23,0,-1,1524.0,15.4,,
42423,7167,Warrior,Protection,Mountain Thane,Tank,US,Murder Row,10,1,1196.9,112682,0,302.0,2026-08-21,0,-1,1189.0,41.7,,2689
42423,2091,Evoker,Preservation,Flameshaper,Healer,US,Murder Row,10,1,1196.9,36771,0,309.0,2026-08-21,0,-1,1189.0,41.7,,
42423,10391,Druid,Balance,Elune's Chosen,DPS,US,Murder Row,10,1,1196.9,215489,0,309.0,2026-08-21,0,-1,1189.0,41.7,,2741
42423,67856,Shaman,Enhancement,Stormbringer,DPS,US,Murder Row,10,1,1196.9,225388,0,308.0,2026-08-21,0,-1,1189.0,41.7,,
42423,6886,Evoker,Devastation,Scalecommander,DPS,US,Murder Row,10,1,1196.9,177420,0,304.0,2026-08-21,0,-1,1189.0,41.7,,
64203,41795,DeathKnight,Blood,San'layn,Tank,EU,Voidscar Arena,14,1,1639.7,139483,0,307.0,2026-08-22,0,-1,1676.0,6.9,,
64203,58110,Paladin,Holy,Herald of the Sun,Healer,EU,Voidscar Arena,14,1,1639.7,20406,0,307.0,2026-08-22,0,-1,1676.0,6.9,,
64203,59703,Mage,Arcane,Sunfury,DPS,EU,Voidscar Arena,14,1,1639.7,195324,1,304.0,2026-08-22,0,-1,1676.0,6.9,,
64203,58113,Rogue,Assassination,Deathstalker,DPS,EU,Voidscar Arena,14,1,1639.7,221159,0,304.0,2026-08-22,0,-1,1676.0,6.9,,
64203,58111,Warrior,Arms,Slayer,DPS,EU,Voidscar Arena,14,1,1639.7,198998,2,306.0,2026-08-22,0,-1,1676.0,6.9,,
42069,73422,DeathKnight,Blood,San'layn,Tank,CN,Murder Row,13,1,1849.4,124994,0,309.0,2026-08-22,0,-1,,,,
42069,73423,Paladin,Holy,Lightsmith,Healer,CN,Murder Row,13,1,1849.4,26679,1,303.0,2026-08-22,0,-1,,,,
42069,88961,Mage,Arcane,Sunfury,DPS,CN,Murder Row,13,1,1849.4,198571,0,296.0,2026-08-22,0,-1,,,,
42069,88962,Shaman,Elemental,Farseer,DPS,CN,Murder Row,13,1,1849.4,188749,0,303.0,2026-08-22,0,-1,,,,
42069,88963,Paladin,Retribution,Herald of the Sun,DPS,CN,Murder Row,13,1,1849.4,187087,1,305.0,2026-08-22,0,-1,,,,
61840,132780,DeathKnight,Blood,San'layn,Tank,US,Kings' Rest,5,1,1168.3,69805,0,300.0,2026-08-23,0,-1,1159.0,41.4,,
61840,132781,Monk,Mistweaver,Conduit of the Celestials,Healer,US,Kings' Rest,5,1,1168.3,26973,2,290.0,2026-08-23,0,-1,1159.0,41.4,,
61840,132782,Paladin,Retribution,Templar,DPS,US,Kings' Rest,5,1,1168.3,69464,0,282.0,2026-08-23,0,-1,1159.0,41.4,,
61840,122430,Rogue,Assassination,Deathstalker,DPS,US,Kings' Rest,5,1,1168.3,84079,0,285.0,2026-08-23,0,-1,1159.0,41.4,,
61840,132783,Shaman,Elemental,Farseer,DPS,US,Kings' Rest,5,1,1168.3,100557,1,299.0,2026-08-23,0,-1,1159.0,41.4,,
71191,15790,DeathKnight,Blood,San'layn,Tank,EU,Temple of Sethraliss,13,1,1425.4,125653,0,304.0,2026-08-22,0,-1,1492.0,22.3,,
71191,86592,Paladin,Holy,Herald of the Sun,Healer,EU,Temple of Sethraliss,13,1,1425.4,8701,1,309.0,2026-08-22,0,-1,1492.0,22.3,,
71191,72892,Mage,Arcane,Sunfury,DPS,EU,Temple of Sethraliss,13,1,1425.4,227441,2,304.0,2026-08-22,0,-1,1492.0,22.3,,
71191,65585,Warrior,Arms,Slayer,DPS,EU,Temple of Sethraliss,13,1,1425.4,241130,1,314.0,2026-08-22,0,-1,1492.0,22.3,,
71191,65586,Warlock,Demonology,Diabolist,DPS,EU,Temple of Sethraliss,13,1,1425.4,268477,1,313.0,2026-08-22,0,-1,1492.0,22.3,,
59435,75461,Druid,Guardian,Elune's Chosen,Tank,EU,Voidscar Arena,10,1,1009.3,116447,0,310.0,2026-08-23,0,-1,1001.0,44.4,,
59435,51083,Paladin,Holy,Herald of the Sun,Healer,EU,Voidscar Arena,10,1,1009.3,42493,0,297.0,2026-08-23,0,-1,1001.0,44.4,,
59435,74711,DeathKnight,Unholy,Rider of the Apocalypse,DPS,EU,Voidscar Arena,10,1,1009.3,229473,0,303.0,2026-08-23,0,-1,1001.0,44.4,,
59435,75464,Mage,Arcane,Sunfury,DPS,EU,Voidscar Arena,10,1,1009.3,243170,0,307.0,2026-08-23,0,-1,1001.0,44.4,,
59435,19378,Hunter,BeastMastery,Pack Leader,DPS,EU,Voidscar Arena,10,1,1009.3,224499,0,307.0,2026-08-23,0,-1,1001.0,44.4,,
56899,8600,Druid,Guardian,Elune's Chosen,Tank,US,Ruby Life Pools,14,0,1719.6,92537,1,307.0,2026-08-23,0,-1,,,,3015
56899,5703,Monk,Mistweaver,Conduit of the Celestials,Healer,US,Ruby Life Pools,14,0,1719.6,50230,1,304.0,2026-08-23,0,-1,,,,
56899,77714,DeathKnight,Unholy,Rider of the Apocalypse,DPS,US,Ruby Life Pools,14,0,1719.6,180870,1,300.0,2026-08-23,0,-1,,,,
56899,60774,Rogue,Assassination,Deathstalker,DPS,US,Ruby Life Pools,14,0,1719.6,204681,1,310.0,2026-08-23,0,-1,,,,
56899,17120,Mage,Arcane,Sunfury,DPS,US,Ruby Life Pools,14,0,1719.6,207420,1,305.0,2026-08-23,0,-1,,,,
37326,12685,DeathKnight,Blood,San'layn,Tank,US,Altar of Fangs,13,1,1725.9,142082,0,305.0,2026-08-20,0,-1,1762.0,2.1,,
37326,12686,Paladin,Holy,Herald of the Sun,Healer,US,Altar of Fangs,13,1,1725.9,24465,0,301.0,2026-08-20,0,-1,1762.0,2.1,,3092
37326,7126,DemonHunter,Devourer,Annihilator,DPS,US,Altar of Fangs,13,1,1725.9,235179,0,303.0,2026-08-20,0,-1,1762.0,2.1,,
37326,40401,Shaman,Elemental,Farseer,DPS,US,Altar of Fangs,13,1,1725.9,236450,1,303.0,2026-08-20,0,-1,1762.0,2.1,,
37326,80429,Rogue,Subtlety,Deathstalker,DPS,US,Altar of Fangs,13,1,1725.9,199682,2,301.0,2026-08-20,0,-1,1762.0,2.1,,
61850,132808,Monk,Brewmaster,Master of Harmony,Tank,EU,Kings' Rest,4,1,1188.0,47213,0,293.0,2026-08-23,0,-1,1180.0,40.4,,
61850,132809,Priest,Holy,Oracle,Healer,EU,Kings' Rest,4,1,1188.0,23234,0,290.0,2026-08-23,0,-1,1180.0,40.4,,
61850,132810,Paladin,Retribution,Templar,DPS,EU,Kings' Rest,4,1,1188.0,81418,0,296.0,2026-08-23,0,-1,1180.0,40.4,,
61850,132811,Hunter,BeastMastery,Pack Leader,DPS,EU,Kings' Rest,4,1,1188.0,87629,0,296.0,2026-08-23,0,-1,1180.0,40.4,,
61850,132812,Shaman,Enhancement,Stormbringer,DPS,EU,Kings' Rest,4,1,1188.0,96336,0,291.0,2026-08-23,0,-1,1180.0,40.4,,
45012,57595,Druid,Guardian,Elune's Chosen,Tank,EU,Murder Row,10,1,1164.0,140050,0,303.0,2026-08-22,0,-1,,,,
45012,79190,Evoker,Preservation,Chronowarden,Healer,EU,Murder Row,10,1,1164.0,29922,0,293.0,2026-08-22,0,-1,,,,
45012,86038,Hunter,Marksmanship,Sentinel,DPS,EU,Murder Row,10,1,1164.0,207455,0,304.0,2026-08-22,0,-1,,,,
45012,72802,Shaman,Elemental,Farseer,DPS,EU,Murder Row,10,1,1164.0,231333,0,307.0,2026-08-22,0,-1,,,,
45012,19776,Hunter,Marksmanship,Sentinel,DPS,EU,Murder Row,10,1,1164.0,202546,1,302.0,2026-08-22,0,-1,,,,
15655,29679,DeathKnight,Blood,San'layn,Tank,EU,Kings' Rest,5,1,1048.1,78165,0,294.0,2026-08-19,0,-1,1040.0,47.5,,
15655,29680,Monk,Mistweaver,Master of Harmony,Healer,EU,Kings' Rest,5,1,1048.1,21174,0,276.0,2026-08-19,0,-1,1040.0,47.5,,
15655,29681,DemonHunter,Devourer,Void-Scarred,DPS,EU,Kings' Rest,5,1,1048.1,109879,0,296.0,2026-08-19,0,-1,1040.0,47.5,,
15655,29682,Druid,Feral,Druid of the Claw,DPS,EU,Kings' Rest,5,1,1048.1,87138,0,290.0,2026-08-19,0,-1,1040.0,47.5,,
15655,29683,Mage,Arcane,Sunfury,DPS,EU,Kings' Rest,5,1,1048.1,108114,0,290.0,2026-08-19,0,-1,1040.0,47.5,,
64290,22115,DemonHunter,Vengeance,Annihilator,Tank,US,Altar of Fangs,14,1,1671.6,125162,0,312.0,2026-08-21,0,-1,1693.0,5.9,,
64290,24608,Shaman,Restoration,Totemic,Healer,US,Altar of Fangs,14,1,1671.6,40581,0,308.0,2026-08-21,0,-1,1693.0,5.9,,
64290,3548,DeathKnight,Unholy,Rider of the Apocalypse,DPS,US,Altar of Fangs,14,1,1671.6,241225,1,298.0,2026-08-21,0,-1,1693.0,5.9,,
64290,40870,Druid,Balance,Elune's Chosen,DPS,US,Altar of Fangs,14,1,1671.6,235639,1,300.0,2026-08-21,0,-1,1693.0,5.9,,
64290,17903,Paladin,Retribution,Herald of the Sun,DPS,US,Altar of Fangs,14,1,1671.6,254217,0,309.0,2026-08-21,0,-1,1693.0,5.9,,
26004,8572,Monk,Brewmaster,Master of Harmony,Tank,US,Ruby Life Pools,11,1,1195.9,101337,0,294.0,2026-08-20,0,-1,1192.0,29.0,,
26004,15580,Paladin,Holy,Herald of the Sun,Healer,US,Ruby Life Pools,11,1,1195.9,21722,0,288.0,2026-08-20,0,-1,1192.0,29.0,,
26004,57723,Hunter,BeastMastery,Pack Leader,DPS,US,Ruby Life Pools,11,1,1195.9,168881,0,295.0,2026-08-20,0,-1,1192.0,29.0,,
26004,15583,Rogue,Subtlety,Deathstalker,DPS,US,Ruby Life Pools,11,1,1195.9,221929,0,299.0,2026-08-20,0,-1,1192.0,29.0,,
26004,15582,Warrior,Fury,Slayer,DPS,US,Ruby Life Pools,11,1,1195.9,220923,1,293.0,2026-08-20,0,-1,1192.0,29.0,,
69487,139840,DeathKnight,Blood,San'layn,Tank,CN,Altar of Fangs,13,1,1302.5,179071,0,314.0,2026-08-23,0,-1,1309.0,27.3,,
69487,139841,Paladin,Holy,Lightsmith,Healer,CN,Altar of Fangs,13,1,1302.5,69344,0,309.0,2026-08-23,0,-1,1309.0,27.3,,
69487,68485,Paladin,Retribution,Herald of the Sun,DPS,CN,Altar of Fangs,13,1,1302.5,263472,0,310.0,2026-08-23,0,-1,1309.0,27.3,,
69487,68486,Shaman,Elemental,Farseer,DPS,CN,Altar of Fangs,13,1,1302.5,275770,1,313.0,2026-08-23,0,-1,1309.0,27.3,,
69487,109344,Warrior,Arms,Slayer,DPS,CN,Altar of Fangs,13,1,1302.5,277089,0,304.0,2026-08-23,0,-1,1309.0,27.3,,
57571,53512,DeathKnight,Blood,Unknown,Tank,US,Voidscar Arena,11,1,1103.6,114693,0,309.0,2026-08-23,0,-1,1126.0,37.5,,
57571,122612,Paladin,Holy,Unknown,Healer,US,Voidscar Arena,11,1,1103.6,24070,2,301.0,2026-08-23,0,-1,1126.0,37.5,,
57571,2806,Hunter,Marksmanship,Unknown,DPS,US,Voidscar Arena,11,1,1103.6,202389,2,307.0,2026-08-23,0,-1,1126.0,37.5,,2747
57571,31580,Mage,Arcane,Unknown,DPS,US,Voidscar Arena,11,1,1103.6,262986,1,315.0,2026-08-23,0,-1,1126.0,37.5,,
57571,122613,DemonHunter,Havoc,Unknown,DPS,US,Voidscar Arena,11,1,1103.6,195657,1,295.0,2026-08-23,0,-1,1126.0,37.5,,
70708,70541,DeathKnight,Blood,San'layn,Tank,CN,Altar of Fangs,16,1,1670.3,199959,0,312.0,2026-08-22,0,-1,1722.0,4.4,,
70708,70542,Paladin,Holy,Lightsmith,Healer,CN,Altar of Fangs,16,1,1670.3,44747,0,307.0,2026-08-22,0,-1,1722.0,4.4,,
70708,70543,Shaman,Elemental,Farseer,DPS,CN,Altar of Fangs,16,1,1670.3,314093,1,308.0,2026-08-22,0,-1,1722.0,4.4,,
70708,72424,Warrior,Arms,Slayer,DPS,CN,Altar of Fangs,16,1,1670.3,290985,1,311.0,2026-08-22,0,-1,1722.0,4.4,,
70708,70545,Mage,Arcane,Sunfury,DPS,CN,Altar of Fangs,16,1,1670.3,291638,2,307.0,2026-08-22,0,-1,1722.0,4.4,,
39081,70430,DeathKnight,Blood,Deathbringer,Tank,EU,The Blinding Vale,14,1,1474.1,156560,0,312.0,2026-08-20,0,-1,1510.0,16.1,,
39081,46931,Shaman,Restoration,Totemic,Healer,EU,The Blinding Vale,14,1,1474.1,46655,0,302.0,2026-08-20,0,-1,1510.0,16.1,,
39081,70432,DemonHunter,Havoc,Fel-Scarred,DPS,EU,The Blinding Vale,14,1,1474.1,222802,2,300.0,2026-08-20,0,-1,1510.0,16.1,,
39081,70431,Rogue,Subtlety,Deathstalker,DPS,EU,The Blinding Vale,14,1,1474.1,246060,1,302.0,2026-08-20,0,-1,1510.0,16.1,,
39081,70433,Mage,Arcane,Sunfury,DPS,EU,The Blinding Vale,14,1,1474.1,297609,0,304.0,2026-08-20,0,-1,1510.0,16.1,,
71613,141277,Druid,Guardian,Elune's Chosen,Tank,EU,Temple of Sethraliss,12,1,1377.2,108417,0,310.0,2026-08-22,0,-1,1383.0,27.9,,
71613,59837,Paladin,Holy,Herald of the Sun,Healer,EU,Temple of Sethraliss,12,1,1377.2,36396,1,300.0,2026-08-22,0,-1,1383.0,27.9,,
71613,141278,Monk,Windwalker,Shado-Pan,DPS,EU,Temple of Sethraliss,12,1,1377.2,220960,0,310.0,2026-08-22,0,-1,1383.0,27.9,,
71613,137294,Warlock,Affliction,Soul Harvester,DPS,EU,Temple of Sethraliss,12,1,1377.2,225020,0,304.0,2026-08-22,0,-1,1383.0,27.9,,
71613,21543,Mage,Arcane,Sunfury,DPS,EU,Temple of Sethraliss,12,1,1377.2,237349,0,303.0,2026-08-22,0,-1,1383.0,27.9,,
13692,4715,Monk,Brewmaster,Master of Harmony,Tank,US,Den of Nalorakk,8,1,1259.5,95604,0,294.0,2026-08-18,0,-1,1261.0,34.3,,
13692,4716,Shaman,Restoration,Totemic,Healer,US,Den of Nalorakk,8,1,1259.5,34612,0,295.0,2026-08-18,0,-1,1261.0,34.3,,
13692,4718,Druid,Feral,Druid of the Claw,DPS,US,Den of Nalorakk,8,1,1259.5,141119,1,295.0,2026-08-18,0,-1,1261.0,34.3,,
13692,4717,Warrior,Arms,Slayer,DPS,US,Den of Nalorakk,8,1,1259.5,147947,0,295.0,2026-08-18,0,-1,1261.0,34.3,,
13692,4719,Paladin,Retribution,Templar,DPS,US,Den of Nalorakk,8,1,1259.5,163808,1,292.0,2026-08-18,0,-1,1261.0,34.3,,
50627,107444,DeathKnight,Blood,Unknown,Tank,EU,Kings' Rest,4,1,1153.0,52353,0,294.0,2026-08-22,0,-1,,,,
50627,107445,Shaman,Restoration,Unknown,Healer,EU,Kings' Rest,4,1,1153.0,10176,0,294.0,2026-08-22,0,-1,,,,
50627,82388,Warlock,Demonology,Unknown,DPS,EU,Kings' Rest,4,1,1153.0,136909,0,297.0,2026-08-22,0,-1,,,,
50627,107446,Druid,Balance,Unknown,DPS,EU,Kings' Rest,4,1,1153.0,83228,0,295.0,2026-08-22,0,-1,,,,
50627,76720,DeathKnight,Unholy,Unknown,DPS,EU,Kings' Rest,4,1,1153.0,70312,0,300.0,2026-08-22,0,-1,,,,
75948,103765,Warrior,Protection,Mountain Thane,Tank,EU,Altar of Fangs,10,1,1074.6,139441,0,305.0,2026-08-23,0,-1,1072.0,40.5,,
75948,143727,Shaman,Restoration,Totemic,Healer,EU,Altar of Fangs,10,1,1074.6,40759,0,309.0,2026-08-23,0,-1,1072.0,40.5,,
75948,129129,Mage,Arcane,Sunfury,DPS,EU,Altar of Fangs,10,1,1074.6,228455,0,304.0,2026-08-23,0,-1,1072.0,40.5,,
75948,82951,Monk,Windwalker,Shado-Pan,DPS,EU,Altar of Fangs,10,1,1074.6,246924,0,312.0,2026-08-23,0,-1,1072.0,40.5,,
75948,49082,Warrior,Fury,Slayer,DPS,EU,Altar of Fangs,10,1,1074.6,285639,1,303.0,2026-08-23,0,-1,1072.0,40.5,,
6782,14506,DeathKnight,Blood,San'layn,Tank,US,The Blinding Vale,10,1,1076.0,129425,0,300.0,2026-08-19,0,-1,1083.0,39.8,,2713
6782,14507,Paladin,Holy,Herald of the Sun,Healer,US,The Blinding Vale,10,1,1076.0,6203,0,301.0,2026-08-19,0,-1,1083.0,39.8,,2762
6782,1011,Warrior,Arms,Slayer,DPS,US,The Blinding Vale,10,1,1076.0,225095,2,295.0,2026-08-19,0,-1,1083.0,39.8,,2842
6782,1015,Shaman,Elemental,Farseer,DPS,US,The Blinding Vale,10,1,1076.0,243440,0,300.0,2026-08-19,0,-1,1083.0,39.8,,2726
6782,14508,Rogue,Subtlety,Deathstalker,DPS,US,The Blinding Vale,10,1,1076.0,261866,1,302.0,2026-08-19,0,-1,1083.0,39.8,,2715
85391,4746,DeathKnight,Blood,San'layn,Tank,US,Voidscar Arena,10,1,966.4,143716,0,309.0,2026-08-24,0,-1,958.0,46.8,4,
85391,5878,Shaman,Restoration,Totemic,Healer,US,Voidscar Arena,10,1,966.4,37620,0,310.0,2026-08-24,0,-1,958.0,46.8,4,
85391,13700,Hunter,BeastMastery,Pack Leader,DPS,US,Voidscar Arena,10,1,966.4,232346,0,313.0,2026-08-24,0,-1,958.0,46.8,5,
85391,78654,Shaman,Enhancement,Stormbringer,DPS,US,Voidscar Arena,10,1,966.4,211643,0,303.0,2026-08-24,0,-1,958.0,46.8,0,
85391,150596,Warrior,Fury,Mountain Thane,DPS,US,Voidscar Arena,10,1,966.4,226174,0,306.0,2026-08-24,0,-1,958.0,46.8,4,
63188,18110,Druid,Guardian,Elune's Chosen,Tank,EU,Den of Nalorakk,10,1,1136.8,119739,0,310.0,2026-08-23,0,-1,1128.0,41.2,,
63188,18111,Shaman,Restoration,Totemic,Healer,EU,Den of Nalorakk,10,1,1136.8,20891,0,307.0,2026-08-23,0,-1,1128.0,41.2,,
63188,135974,Warlock,Destruction,Diabolist,DPS,EU,Den of Nalorakk,10,1,1136.8,165464,0,308.0,2026-08-23,0,-1,1128.0,41.2,,
63188,37736,Evoker,Devastation,Scalecommander,DPS,EU,Den of Nalorakk,10,1,1136.8,207102,0,308.0,2026-08-23,0,-1,1128.0,41.2,,
63188,37738,Warrior,Arms,Slayer,DPS,EU,Den of Nalorakk,10,1,1136.8,210090,0,311.0,2026-08-23,0,-1,1128.0,41.2,,
67918,58405,Druid,Guardian,Elune's Chosen,Tank,EU,Kings' Rest,13,1,1573.6,71613,0,313.0,2026-08-22,0,-1,1595.0,19.4,,
67918,22782,Evoker,Preservation,Flameshaper,Healer,EU,Kings' Rest,13,1,1573.6,55605,0,310.0,2026-08-22,0,-1,1595.0,19.4,,
67918,138874,Warlock,Demonology,Diabolist,DPS,EU,Kings' Rest,13,1,1573.6,143999,0,296.0,2026-08-22,0,-1,1595.0,19.4,,
67918,58409,Warlock,Demonology,Diabolist,DPS,EU,Kings' Rest,13,1,1573.6,188217,0,311.0,2026-08-22,0,-1,1595.0,19.4,,
67918,58407,DemonHunter,Devourer,Annihilator,DPS,EU,Kings' Rest,13,1,1573.6,160904,2,309.0,2026-08-22,0,-1,1595.0,19.4,,
61700,110071,DeathKnight,Blood,San'layn,Tank,EU,Ruby Life Pools,10,1,1019.7,119714,0,305.0,2026-08-23,0,-1,1026.0,38.9,,
61700,132423,Paladin,Holy,Herald of the Sun,Healer,EU,Ruby Life Pools,10,1,1019.7,21511,0,292.0,2026-08-23,0,-1,1026.0,38.9,,
61700,15338,Shaman,Elemental,Farseer,DPS,EU,Ruby Life Pools,10,1,1019.7,240391,2,310.0,2026-08-23,0,-1,1026.0,38.9,,
61700,15335,Priest,Shadow,Archon,DPS,EU,Ruby Life Pools,10,1,1019.7,232410,0,311.0,2026-08-23,0,-1,1026.0,38.9,,
61700,132424,Warrior,Arms,Slayer,DPS,EU,Ruby Life Pools,10,1,1019.7,220467,1,299.0,2026-08-23,0,-1,1026.0,38.9,,
49850,105587,Druid,Guardian,Elune's Chosen,Tank,US,Ruby Life Pools,2,1,739.3,109764,0,305.0,2026-08-22,0,-1,,,,
49850,105588,Evoker,Preservation,Flameshaper,Healer,US,Ruby Life Pools,2,1,739.3,27634,0,301.0,2026-08-22,0,-1,,,,
49850,105589,Paladin,Retribution,Templar,DPS,US,Ruby Life Pools,2,1,739.3,188974,0,311.0,2026-08-22,0,-1,,,,
49850,105590,Rogue,Subtlety,Deathstalker,DPS,US,Ruby Life Pools,2,1,739.3,154568,0,305.0,2026-08-22,0,-1,,,,
49850,105591,Mage,Arcane,Sunfury,DPS,US,Ruby Life Pools,2,1,739.3,117855,0,288.0,2026-08-22,0,-1,,,,
10558,19911,Druid,Guardian,Druid of the Claw,Tank,EU,Temple of Sethraliss,11,1,1445.9,93766,1,294.0,2026-08-19,0,-1,1488.0,22.5,,3013
10558,19912,Evoker,Preservation,Flameshaper,Healer,EU,Temple of Sethraliss,11,1,1445.9,28760,3,294.0,2026-08-19,0,-1,1488.0,22.5,,2798
10558,21249,Shaman,Elemental,Farseer,DPS,EU,Temple of Sethraliss,11,1,1445.9,194191,3,293.0,2026-08-19,0,-1,1488.0,22.5,,
10558,19913,Hunter,Marksmanship,Sentinel,DPS,EU,Temple of Sethraliss,11,1,1445.9,193154,0,294.0,2026-08-19,0,-1,1488.0,22.5,,
10558,19915,Hunter,BeastMastery,Pack Leader,DPS,EU,Temple of Sethraliss,11,1,1445.9,176690,3,293.0,2026-08-19,0,-1,1488.0,22.5,,
55019,116678,Druid,Guardian,Elune's Chosen,Tank,US,Voidscar Arena,11,1,1045.5,89835,0,291.0,2026-08-23,0,-1,1047.0,41.8,,
55019,654,Paladin,Holy,Herald of the Sun,Healer,US,Voidscar Arena,11,1,1045.5,16724,1,298.0,2026-08-23,0,-1,1047.0,41.8,,2784
55019,657,Mage,Arcane,Sunfury,DPS,US,Voidscar Arena,11,1,1045.5,262678,0,304.0,2026-08-23,0,-1,1047.0,41.8,,2783
55019,655,Monk,Windwalker,Shado-Pan,DPS,US,Voidscar Arena,11,1,1045.5,194452,0,306.0,2026-08-23,0,-1,1047.0,41.8,,2783
55019,50939,DemonHunter,Devourer,Annihilator,DPS,US,Voidscar Arena,11,1,1045.5,232220,1,308.0,2026-08-23,0,-1,1047.0,41.8,,
76375,87480,DeathKnight,Blood,San'layn,Tank,EU,The Blinding Vale,14,1,1531.1,133146,1,308.0,2026-08-23,0,-1,1642.0,8.8,,
76375,82232,Evoker,Preservation,Chronowarden,Healer,EU,The Blinding Vale,14,1,1531.1,52827,1,302.0,2026-08-23,0,-1,1642.0,8.8,,
76375,78071,Paladin,Retribution,Templar,DPS,EU,The Blinding Vale,14,1,1531.1,237062,1,305.0,2026-08-23,0,-1,1642.0,8.8,,
76375,54870,DemonHunter,Devourer,Annihilator,DPS,EU,The Blinding Vale,14,1,1531.1,238156,2,305.0,2026-08-23,0,-1,1642.0,8.8,,
76375,137858,Shaman,Elemental,Farseer,DPS,EU,The Blinding Vale,14,1,1531.1,265978,3,309.0,2026-08-23,0,-1,1642.0,8.8,,
48918,16498,DeathKnight,Blood,Deathbringer,Tank,US,Temple of Sethraliss,10,1,1115.3,127254,0,309.0,2026-08-22,0,-1,,,,
48918,24322,Shaman,Restoration,Totemic,Healer,US,Temple of Sethraliss,10,1,1115.3,33440,1,307.0,2026-08-22,0,-1,,,,
48918,67103,Evoker,Devastation,Scalecommander,DPS,US,Temple of Sethraliss,10,1,1115.3,231915,1,308.0,2026-08-22,0,-1,,,,
48918,37690,DemonHunter,Devourer,Void-Scarred,DPS,US,Temple of Sethraliss,10,1,1115.3,206053,1,304.0,2026-08-22,0,-1,,,,
48918,1492,Shaman,Elemental,Farseer,DPS,US,Temple of Sethraliss,10,1,1115.3,238596,0,303.0,2026-08-22,0,-1,,,,
64760,96110,DeathKnight,Blood,San'layn,Tank,CN,Ruby Life Pools,15,1,1577.9,182372,0,309.0,2026-08-23,0,-1,1674.0,0.4,,
64760,56089,Priest,Holy,Oracle,Healer,CN,Ruby Life Pools,15,1,1577.9,187,1,312.0,2026-08-23,0,-1,1674.0,0.4,,
64760,56091,Warrior,Arms,Slayer,DPS,CN,Ruby Life Pools,15,1,1577.9,255061,3,314.0,2026-08-23,0,-1,1674.0,0.4,,
64760,56092,Mage,Arcane,Sunfury,DPS,CN,Ruby Life Pools,15,1,1577.9,283905,0,313.0,2026-08-23,0,-1,1674.0,0.4,,
64760,56090,Paladin,Retribution,Herald of the Sun,DPS,CN,Ruby Life Pools,15,1,1577.9,239750,2,312.0,2026-08-23,0,-1,1674.0,0.4,,
61851,132813,Paladin,Protection,Lightsmith,Tank,CN,Ruby Life Pools,5,1,908.4,55665,0,293.0,2026-08-23,0,-1,900.0,46.4,,
61851,132814,Paladin,Holy,Lightsmith,Healer,CN,Ruby Life Pools,5,1,908.4,25708,0,297.0,2026-08-23,0,-1,900.0,46.4,,
61851,132815,Hunter,BeastMastery,Pack Leader,DPS,CN,Ruby Life Pools,5,1,908.4,160649,0,295.0,2026-08-23,0,-1,900.0,46.4,,
61851,132816,Mage,Arcane,Sunfury,DPS,CN,Ruby Life Pools,5,1,908.4,163774,0,302.0,2026-08-23,0,-1,900.0,46.4,,
61851,132817,Warrior,Arms,Slayer,DPS,CN,Ruby Life Pools,5,1,908.4,140093,0,292.0,2026-08-23,0,-1,900.0,46.4,,
69009,63047,DeathKnight,Blood,Unknown,Tank,CN,Kings' Rest,14,1,1567.0,108678,1,313.0,2026-08-22,0,-1,1648.0,16.8,,
69009,116985,Paladin,Holy,Unknown,Healer,CN,Kings' Rest,14,1,1567.0,44944,2,306.0,2026-08-22,0,-1,1648.0,16.8,,
69009,139443,Mage,Arcane,Unknown,DPS,CN,Kings' Rest,14,1,1567.0,165020,2,295.0,2026-08-22,0,-1,1648.0,16.8,,
69009,116649,Paladin,Retribution,Unknown,DPS,CN,Kings' Rest,14,1,1567.0,191529,0,310.0,2026-08-22,0,-1,1648.0,16.8,,
69009,64955,Warrior,Arms,Unknown,DPS,CN,Kings' Rest,14,1,1567.0,188388,1,312.0,2026-08-22,0,-1,1648.0,16.8,,
11306,3322,DeathKnight,Blood,San'layn,Tank,US,The Blinding Vale,11,1,1460.7,132712,0,307.0,2026-08-19,0,-1,1467.0,18.5,,2825
11306,3323,Paladin,Holy,Lightsmith,Healer,US,The Blinding Vale,11,1,1460.7,29044,1,300.0,2026-08-19,0,-1,1467.0,18.5,,2792
11306,4231,Mage,Arcane,Sunfury,DPS,US,The Blinding Vale,11,1,1460.7,196628,0,299.0,2026-08-19,0,-1,1467.0,18.5,,
11306,4932,Shaman,Enhancement,Stormbringer,DPS,US,The Blinding Vale,11,1,1460.7,197234,2,298.0,2026-08-19,0,-1,1467.0,18.5,,
11306,22705,Warrior,Arms,Slayer,DPS,US,The Blinding Vale,11,1,1460.7,191901,0,294.0,2026-08-19,0,-1,1467.0,18.5,,
80312,90051,DeathKnight,Blood,Deathbringer,Tank,US,Kings' Rest,12,1,1481.0,93917,0,305.0,2026-08-22,0,-1,1472.0,25.6,,
80312,56118,Shaman,Restoration,Totemic,Healer,US,Kings' Rest,12,1,1481.0,37459,0,306.0,2026-08-22,0,-1,1472.0,25.6,,
80312,90052,Druid,Balance,Elune's Chosen,DPS,US,Kings' Rest,12,1,1481.0,141859,0,298.0,2026-08-22,0,-1,1472.0,25.6,,
80312,39010,Warrior,Arms,Slayer,DPS,US,Kings' Rest,12,1,1481.0,180920,0,300.0,2026-08-22,0,-1,1472.0,25.6,,
80312,115800,Monk,Windwalker,Shado-Pan,DPS,US,Kings' Rest,12,1,1481.0,152834,0,293.0,2026-08-22,0,-1,1472.0,25.6,,
86337,13308,Warrior,Protection,Colossus,Tank,EU,Ruby Life Pools,14,1,1499.1,135436,1,298.0,2026-08-23,0,-1,1566.0,6.8,0,
86337,13309,Shaman,Restoration,Totemic,Healer,EU,Ruby Life Pools,14,1,1499.1,33461,1,299.0,2026-08-23,0,-1,1566.0,6.8,1,
86337,80300,DeathKnight,Unholy,Rider of the Apocalypse,DPS,EU,Ruby Life Pools,14,1,1499.1,201842,1,306.0,2026-08-23,0,-1,1566.0,6.8,2,
86337,44607,Rogue,Outlaw,Trickster,DPS,EU,Ruby Life Pools,14,1,1499.1,252012,1,308.0,2026-08-23,0,-1,1566.0,6.8,4,
86337,13312,Paladin,Retribution,Templar,DPS,EU,Ruby Life Pools,14,1,1499.1,253914,1,309.0,2026-08-23,0,-1,1566.0,6.8,4,
39942,85335,DeathKnight,Blood,Deathbringer,Tank,US,Temple of Sethraliss,9,1,1209.2,83320,0,286.0,2026-08-20,0,-1,1206.0,37.2,,
39942,29399,Paladin,Holy,Herald of the Sun,Healer,US,Temple of Sethraliss,9,1,1209.2,15218,1,299.0,2026-08-20,0,-1,1206.0,37.2,,
39942,64957,Druid,Balance,Elune's Chosen,DPS,US,Temple of Sethraliss,9,1,1209.2,203382,0,300.0,2026-08-20,0,-1,1206.0,37.2,,
39942,9857,Mage,Arcane,Sunfury,DPS,US,Temple of Sethraliss,9,1,1209.2,178913,0,299.0,2026-08-20,0,-1,1206.0,37.2,,
39942,9856,Rogue,Subtlety,Deathstalker,DPS,US,Temple of Sethraliss,9,1,1209.2,188825,0,297.0,2026-08-20,0,-1,1206.0,37.2,,
32118,24848,DemonHunter,Vengeance,Annihilator,Tank,EU,Voidscar Arena,10,1,1026.0,125827,0,303.0,2026-08-22,0,-1,1017.0,43.5,,
32118,69268,Shaman,Restoration,Totemic,Healer,EU,Voidscar Arena,10,1,1026.0,15504,0,291.0,2026-08-22,0,-1,1017.0,43.5,,
32118,69269,DeathKnight,Unholy,Rider of the Apocalypse,DPS,EU,Voidscar Arena,10,1,1026.0,211476,0,302.0,2026-08-22,0,-1,1017.0,43.5,,
32118,69270,Warlock,Destruction,Diabolist,DPS,EU,Voidscar Arena,10,1,1026.0,214969,0,305.0,2026-08-22,0,-1,1017.0,43.5,,
32118,69271,Mage,Arcane,Sunfury,DPS,EU,Voidscar Arena,10,1,1026.0,264050,0,308.0,2026-08-22,0,-1,1017.0,43.5,,
69240,74815,Monk,Brewmaster,Master of Harmony,Tank,CN,Kings' Rest,12,1,1315.2,91190,0,295.0,2026-08-21,0,-1,1321.0,33.3,,
69240,74473,Shaman,Restoration,Totemic,Healer,CN,Kings' Rest,12,1,1315.2,30372,0,292.0,2026-08-21,0,-1,1321.0,33.3,,
69240,67683,Warrior,Arms,Slayer,DPS,CN,Kings' Rest,12,1,1315.2,177745,1,301.0,2026-08-21,0,-1,1321.0,33.3,,
69240,72570,Warrior,Arms,Slayer,DPS,CN,Kings' Rest,12,1,1315.2,214045,0,309.0,2026-08-21,0,-1,1321.0,33.3,,
69240,74816,DeathKnight,Unholy,Rider of the Apocalypse,DPS,CN,Kings' Rest,12,1,1315.2,150084,0,297.0,2026-08-21,0,-1,1321.0,33.3,,
31239,67066,Paladin,Protection,Lightsmith,Tank,CN,The Blinding Vale,13,1,1533.4,108958,1,294.0,2026-08-21,0,-1,1660.0,7.8,,
31239,67067,Paladin,Holy,Herald of the Sun,Healer,CN,The Blinding Vale,13,1,1533.4,19325,1,297.0,2026-08-21,0,-1,1660.0,7.8,,
31239,67068,Mage,Arcane,Sunfury,DPS,CN,The Blinding Vale,13,1,1533.4,210790,4,306.0,2026-08-21,0,-1,1660.0,7.8,,
31239,67069,Warrior,Arms,Slayer,DPS,CN,The Blinding Vale,13,1,1533.4,223199,2,308.0,2026-08-21,0,-1,1660.0,7.8,,
31239,67070,Shaman,Elemental,Farseer,DPS,CN,The Blinding Vale,13,1,1533.4,211995,1,307.0,2026-08-21,0,-1,1660.0,7.8,,
23807,15487,DemonHunter,Vengeance,Annihilator,Tank,EU,Murder Row,14,0,1938.1,114057,3,310.0,2026-08-21,0,-1,2155.0,-5.6,,
23807,52588,Priest,Holy,Oracle,Healer,EU,Murder Row,14,0,1938.1,13735,3,309.0,2026-08-21,0,-1,2155.0,-5.6,,
23807,15484,DeathKnight,Unholy,Rider of the Apocalypse,DPS,EU,Murder Row,14,0,1938.1,199667,2,310.0,2026-08-21,0,-1,2155.0,-5.6,,
23807,52589,Paladin,Retribution,Templar,DPS,EU,Murder Row,14,0,1938.1,194778,4,308.0,2026-08-21,0,-1,2155.0,-5.6,,
23807,15488,Mage,Arcane,Sunfury,DPS,EU,Murder Row,14,0,1938.1,250631,1,312.0,2026-08-21,0,-1,2155.0,-5.6,,
9979,19870,DeathKnight,Blood,Deathbringer,Tank,EU,Altar of Fangs,11,1,1578.2,105743,0,294.0,2026-08-19,0,-1,1585.0,11.9,,
9979,19871,Priest,Holy,Archon,Healer,EU,Altar of Fangs,11,1,1578.2,24268,1,292.0,2026-08-19,0,-1,1585.0,11.9,,
9979,19872,Mage,Arcane,Sunfury,DPS,EU,Altar of Fangs,11,1,1578.2,213163,0,300.0,2026-08-19,0,-1,1585.0,11.9,,
9979,19873,Priest,Shadow,Archon,DPS,EU,Altar of Fangs,11,1,1578.2,175472,1,297.0,2026-08-19,0,-1,1585.0,11.9,,
9979,19874,Warlock,Destruction,Diabolist,DPS,EU,Altar of Fangs,11,1,1578.2,186177,1,292.0,2026-08-19,0,-1,1585.0,11.9,,
50809,15555,DeathKnight,Blood,San'layn,Tank,US,Murder Row,10,1,1093.4,151073,0,309.0,2026-08-22,0,-1,,,,
50809,57037,Shaman,Restoration,Totemic,Healer,US,Murder Row,10,1,1093.4,28787,0,310.0,2026-08-22,0,-1,,,,
50809,57038,Rogue,Subtlety,Deathstalker,DPS,US,Murder Row,10,1,1093.4,216687,0,307.0,2026-08-22,0,-1,,,,
50809,15543,Druid,Balance,Elune's Chosen,DPS,US,Murder Row,10,1,1093.4,231766,0,309.0,2026-08-22,0,-1,,,,
50809,55237,Paladin,Retribution,Herald of the Sun,DPS,US,Murder Row,10,1,1093.4,240510,0,302.0,2026-08-22,0,-1,,,,
36006,77695,DeathKnight,Blood,San'layn,Tank,US,Kings' Rest,14,1,1950.0,92228,0,306.0,2026-08-20,0,-1,1942.0,1.9,,
36006,66045,Paladin,Holy,Lightsmith,Healer,US,Kings' Rest,14,1,1950.0,55168,0,304.0,2026-08-20,0,-1,1942.0,1.9,,
36006,36247,Mage,Arcane,Sunfury,DPS,US,Kings' Rest,14,1,1950.0,140175,0,307.0,2026-08-20,0,-1,1942.0,1.9,,
36006,77696,Paladin,Retribution,Templar,DPS,US,Kings' Rest,14,1,1950.0,119812,0,298.0,2026-08-20,0,-1,1942.0,1.9,,
36006,9563,DemonHunter,Devourer,Annihilator,DPS,US,Kings' Rest,14,1,1950.0,161271,0,304.0,2026-08-20,0,-1,1942.0,1.9,,
65446,17536,DeathKnight,Blood,San'layn,Tank,EU,Altar of Fangs,12,1,1357.3,159681,1,306.0,2026-08-21,0,-1,1394.0,22.5,,
65446,137626,Shaman,Restoration,Totemic,Healer,EU,Altar of Fangs,12,1,1357.3,31430,0,296.0,2026-08-21,0,-1,1394.0,22.5,,
65446,17539,Druid,Balance,Elune's Chosen,DPS,EU,Altar of Fangs,12,1,1357.3,241946,0,302.0,2026-08-21,0,-1,1394.0,22.5,,
65446,60502,Mage,Arcane,Sunfury,DPS,EU,Altar of Fangs,12,1,1357.3,300127,1,311.0,2026-08-21,0,-1,1394.0,22.5,,
65446,17538,Warrior,Arms,Slayer,DPS,EU,Altar of Fangs,12,1,1357.3,214004,1,309.0,2026-08-21,0,-1,1394.0,22.5,,
12699,4284,Druid,Guardian,Elune's Chosen,Tank,US,Temple of Sethraliss,11,1,1352.1,93666,0,296.0,2026-08-19,0,-1,1348.0,29.8,,2756
12699,1789,Paladin,Holy,Herald of the Sun,Healer,US,Temple of Sethraliss,11,1,1352.1,14132,1,300.0,2026-08-19,0,-1,1348.0,29.8,,2800
12699,565,DeathKnight,Unholy,Rider of the Apocalypse,DPS,US,Temple of Sethraliss,11,1,1352.1,195519,0,299.0,2026-08-19,0,-1,1348.0,29.8,,2775
12699,198,Evoker,Devastation,Scalecommander,DPS,US,Temple of Sethraliss,11,1,1352.1,212730,0,300.0,2026-08-19,0,-1,1348.0,29.8,,3039
12699,567,Warrior,Arms,Slayer,DPS,US,Temple of Sethraliss,11,1,1352.1,222967,0,301.0,2026-08-19,0,-1,1348.0,29.8,,2793
14937,31033,Monk,Brewmaster,Unknown,Tank,US,Murder Row,8,1,1227.3,85172,0,291.0,2026-08-18,0,-1,1224.0,40.0,,
14937,5775,Shaman,Restoration,Unknown,Healer,US,Murder Row,8,1,1227.3,16323,0,290.0,2026-08-18,0,-1,1224.0,40.0,,2702
14937,6082,Shaman,Elemental,Unknown,DPS,US,Murder Row,8,1,1227.3,189248,0,294.0,2026-08-18,0,-1,1224.0,40.0,,
14937,8752,Warrior,Arms,Unknown,DPS,US,Murder Row,8,1,1227.3,155652,1,294.0,2026-08-18,0,-1,1224.0,40.0,,3003
14937,8753,Rogue,Outlaw,Unknown,DPS,US,Murder Row,8,1,1227.3,167471,0,292.0,2026-08-18,0,-1,1224.0,40.0,,3067
87858,114403,DeathKnight,Blood,San'layn,Tank,EU,Temple of Sethraliss,10,1,1090.4,128593,0,303.0,2026-08-24,0,-1,1087.0,43.4,0,
87858,154560,Druid,Restoration,Wildstalker,Healer,EU,Temple of Sethraliss,10,1,1090.4,13262,0,300.0,2026-08-24,0,-1,1087.0,43.4,2,
87858,70352,Mage,Arcane,Sunfury,DPS,EU,Temple of Sethraliss,10,1,1090.4,230775,0,304.0,2026-08-24,0,-1,1087.0,43.4,0,
87858,23674,DemonHunter,Havoc,Aldrachi Reaver,DPS,EU,Temple of Sethraliss,10,1,1090.4,190228,1,307.0,2026-08-24,0,-1,1087.0,43.4,2,
87858,14616,Shaman,Elemental,Farseer,DPS,EU,Temple of Sethraliss,10,1,1090.4,246393,0,303.0,2026-08-24,0,-1,1087.0,43.4,0,
13978,27421,Paladin,Protection,Lightsmith,Tank,US,Voidscar Arena,9,1,1179.4,96198,1,287.0,2026-08-18,0,-1,1186.0,34.1,,
13978,27422,Priest,Holy,Archon,Healer,US,Voidscar Arena,9,1,1179.4,25156,0,289.0,2026-08-18,0,-1,1186.0,34.1,,
13978,27423,Rogue,Outlaw,Trickster,DPS,US,Voidscar Arena,9,1,1179.4,177460,0,296.0,2026-08-18,0,-1,1186.0,34.1,,
13978,27424,Shaman,Enhancement,Stormbringer,DPS,US,Voidscar Arena,9,1,1179.4,164860,0,293.0,2026-08-18,0,-1,1186.0,34.1,,
13978,27425,Priest,Shadow,Archon,DPS,US,Voidscar Arena,9,1,1179.4,144153,1,288.0,2026-08-18,0,-1,1186.0,34.1,,
79497,7055,Paladin,Protection,Templar,Tank,US,Ruby Life Pools,16,1,1536.9,130420,1,310.0,2026-08-23,0,-1,1589.0,5.4,,3142
79497,50654,Paladin,Holy,Lightsmith,Healer,US,Ruby Life Pools,16,1,1536.9,56499,0,310.0,2026-08-23,0,-1,1589.0,5.4,,
79497,2335,Mage,Arcane,Sunfury,DPS,US,Ruby Life Pools,16,1,1536.9,284086,0,308.0,2026-08-23,0,-1,1589.0,5.4,,3459
79497,8524,DemonHunter,Devourer,Annihilator,DPS,US,Ruby Life Pools,16,1,1536.9,245766,3,308.0,2026-08-23,0,-1,1589.0,5.4,,3218
79497,10500,Mage,Arcane,Sunfury,DPS,US,Ruby Life Pools,16,1,1536.9,307727,0,313.0,2026-08-23,0,-1,1589.0,5.4,,
17871,13662,Warrior,Protection,Mountain Thane,Tank,EU,Altar of Fangs,10,1,1268.1,121307,0,300.0,2026-08-19,0,-1,1275.0,29.2,,3006
17871,13664,Priest,Holy,Oracle,Healer,EU,Altar of Fangs,10,1,1268.1,38915,0,294.0,2026-08-19,0,-1,1275.0,29.2,,2700
17871,16479,Warlock,Destruction,Diabolist,DPS,EU,Altar of Fangs,10,1,1268.1,221366,1,297.0,2026-08-19,0,-1,1275.0,29.2,,
17871,39613,Warrior,Arms,Slayer,DPS,EU,Altar of Fangs,10,1,1268.1,172440,0,295.0,2026-08-19,0,-1,1275.0,29.2,,
17871,39614,Druid,Balance,Elune's Chosen,DPS,EU,Altar of Fangs,10,1,1268.1,223527,0,301.0,2026-08-19,0,-1,1275.0,29.2,,
16616,36440,Paladin,Protection,Lightsmith,Tank,US,The Blinding Vale,9,1,972.7,99148,0,286.0,2026-08-19,0,-1,964.0,46.5,,
16616,19350,Shaman,Restoration,Totemic,Healer,US,The Blinding Vale,9,1,972.7,42986,0,297.0,2026-08-19,0,-1,964.0,46.5,,3019
16616,19351,Monk,Windwalker,Shado-Pan,DPS,US,The Blinding Vale,9,1,972.7,232065,0,295.0,2026-08-19,0,-1,964.0,46.5,,3027
16616,16636,Warrior,Arms,Slayer,DPS,US,The Blinding Vale,9,1,972.7,240429,0,292.0,2026-08-19,0,-1,964.0,46.5,,2986
16616,19352,Rogue,Subtlety,Trickster,DPS,US,The Blinding Vale,9,1,972.7,247717,0,294.0,2026-08-19,0,-1,964.0,46.5,,3019
78876,51933,DeathKnight,Blood,San'layn,Tank,US,Altar of Fangs,13,1,1584.6,130939,0,300.0,2026-08-22,0,-1,1591.0,11.6,,
78876,11074,Shaman,Restoration,Farseer,Healer,US,Altar of Fangs,13,1,1584.6,27043,0,304.0,2026-08-22,0,-1,1591.0,11.6,,
78876,9633,Rogue,Outlaw,Trickster,DPS,US,Altar of Fangs,13,1,1584.6,216770,0,311.0,2026-08-22,0,-1,1591.0,11.6,,
78876,11075,Warrior,Arms,Slayer,DPS,US,Altar of Fangs,13,1,1584.6,245961,1,308.0,2026-08-22,0,-1,1591.0,11.6,,
78876,6289,Paladin,Retribution,Templar,DPS,US,Altar of Fangs,13,1,1584.6,263323,0,308.0,2026-08-22,0,-1,1591.0,11.6,,
22972,50920,Paladin,Protection,Templar,Tank,EU,Murder Row,4,1,1117.2,39496,0,284.0,2026-08-19,0,-1,1109.0,45.6,,
22972,50921,Priest,Discipline,Oracle,Healer,EU,Murder Row,4,1,1117.2,9111,0,296.0,2026-08-19,0,-1,1109.0,45.6,,
22972,50922,Druid,Feral,Druid of the Claw,DPS,EU,Murder Row,4,1,1117.2,136391,0,298.0,2026-08-19,0,-1,1109.0,45.6,,
22972,50923,Mage,Arcane,Sunfury,DPS,EU,Murder Row,4,1,1117.2,137856,0,290.0,2026-08-19,0,-1,1109.0,45.6,,
22972,50924,Warrior,Arms,Slayer,DPS,EU,Murder Row,4,1,1117.2,110797,0,293.0,2026-08-19,0,-1,1109.0,45.6,,
87748,151438,Warrior,Protection,Mountain Thane,Tank,US,Murder Row,5,1,1133.0,87421,0,298.0,2026-08-24,0,-1,1125.0,44.9,0,
87748,151439,Priest,Holy,Oracle,Healer,US,Murder Row,5,1,1133.0,21255,0,299.0,2026-08-24,0,-1,1125.0,44.9,,
87748,151441,Rogue,Subtlety,Deathstalker,DPS,US,Murder Row,5,1,1133.0,123311,0,281.0,2026-08-24,0,-1,1125.0,44.9,0,
87748,154378,DeathKnight,Unholy,Rider of the Apocalypse,DPS,US,Murder Row,5,1,1133.0,121171,0,302.0,2026-08-24,0,-1,1125.0,44.9,,
87748,154379,Priest,Shadow,Archon,DPS,US,Murder Row,5,1,1133.0,98843,0,298.0,2026-08-24,0,-1,1125.0,44.9,,
2876,160,DeathKnight,Blood,San'layn,Tank,US,Murder Row,10,1,1383.4,117362,0,300.0,2026-08-19,0,-1,1375.0,32.6,,3127
2876,6144,Paladin,Holy,Herald of the Sun,Healer,US,Murder Row,10,1,1383.4,13062,0,294.0,2026-08-19,0,-1,1375.0,32.6,,
2876,4839,Shaman,Enhancement,Stormbringer,DPS,US,Murder Row,10,1,1383.4,170103,0,295.0,2026-08-19,0,-1,1375.0,32.6,,
2876,164,Mage,Arcane,Sunfury,DPS,US,Murder Row,10,1,1383.4,177503,0,293.0,2026-08-19,0,-1,1375.0,32.6,,3127
2876,2118,Warlock,Demonology,Diabolist,DPS,US,Murder Row,10,1,1383.4,188219,0,292.0,2026-08-19,0,-1,1375.0,32.6,,2832
55050,59471,Monk,Brewmaster,Master of Harmony,Tank,EU,Voidscar Arena,10,1,1052.1,102591,0,311.0,2026-08-22,0,-1,1058.0,41.2,,
55050,53764,Monk,Mistweaver,Conduit of the Celestials,Healer,EU,Voidscar Arena,10,1,1052.1,43024,1,297.0,2026-08-22,0,-1,1058.0,41.2,,
55050,59880,Druid,Balance,Elune's Chosen,DPS,EU,Voidscar Arena,10,1,1052.1,182977,1,301.0,2026-08-22,0,-1,1058.0,41.2,,
55050,13112,Rogue,Subtlety,Deathstalker,DPS,EU,Voidscar Arena,10,1,1052.1,250773,1,309.0,2026-08-22,0,-1,1058.0,41.2,,
55050,13109,Priest,Shadow,Archon,DPS,EU,Voidscar Arena,10,1,1052.1,219299,0,311.0,2026-08-22,0,-1,1058.0,41.2,,
81385,19662,DemonHunter,Vengeance,Annihilator,Tank,EU,Voidscar Arena,14,1,1497.1,133482,1,305.0,2026-08-22,0,-1,1609.0,10.6,,3210
81385,43793,Shaman,Restoration,Totemic,Healer,EU,Voidscar Arena,14,1,1497.1,24458,1,303.0,2026-08-22,0,-1,1609.0,10.6,,
81385,21280,Mage,Arcane,Sunfury,DPS,EU,Voidscar Arena,14,1,1497.1,258015,0,307.0,2026-08-22,0,-1,1609.0,10.6,,
81385,60376,Warrior,Arms,Slayer,DPS,EU,Voidscar Arena,14,1,1497.1,197649,4,305.0,2026-08-22,0,-1,1609.0,10.6,,
81385,60717,Paladin,Retribution,Templar,DPS,EU,Voidscar Arena,14,1,1497.1,244773,2,310.0,2026-08-22,0,-1,1609.0,10.6,,
78893,144049,DeathKnight,Blood,Deathbringer,Tank,EU,Ruby Life Pools,12,1,1330.5,93030,0,305.0,2026-08-21,0,-1,1337.0,20.4,,
78893,97230,Paladin,Holy,Lightsmith,Healer,EU,Ruby Life Pools,12,1,1330.5,33473,0,300.0,2026-08-21,0,-1,1337.0,20.4,,
78893,26789,Mage,Arcane,Sunfury,DPS,EU,Ruby Life Pools,12,1,1330.5,213536,1,303.0,2026-08-21,0,-1,1337.0,20.4,,
78893,145147,DemonHunter,Devourer,Annihilator,DPS,EU,Ruby Life Pools,12,1,1330.5,208709,0,301.0,2026-08-21,0,-1,1337.0,20.4,,
78893,145148,Rogue,Subtlety,Deathstalker,DPS,EU,Ruby Life Pools,12,1,1330.5,189881,0,298.0,2026-08-21,0,-1,1337.0,20.4,,
45220,19243,DemonHunter,Vengeance,Annihilator,Tank,EU,Murder Row,11,1,1310.7,126647,0,305.0,2026-08-22,0,-1,1312.0,35.7,,
45220,76571,Paladin,Holy,Herald of the Sun,Healer,EU,Murder Row,11,1,1310.7,13634,1,304.0,2026-08-22,0,-1,1312.0,35.7,,
45220,95218,Warrior,Arms,Slayer,DPS,EU,Murder Row,11,1,1310.7,193928,0,302.0,2026-08-22,0,-1,1312.0,35.7,,
45220,75356,Mage,Arcane,Sunfury,DPS,EU,Murder Row,11,1,1310.7,234664,0,306.0,2026-08-22,0,-1,1312.0,35.7,,
45220,26331,DemonHunter,Devourer,Annihilator,DPS,EU,Murder Row,11,1,1310.7,214755,1,308.0,2026-08-22,0,-1,1312.0,35.7,,
76113,84136,DeathKnight,Blood,San'layn,Tank,EU,Voidscar Arena,14,1,1451.0,130574,0,310.0,2026-08-22,0,-1,1472.0,18.2,,
76113,20648,Paladin,Holy,Herald of the Sun,Healer,EU,Voidscar Arena,14,1,1451.0,23755,1,305.0,2026-08-22,0,-1,1472.0,18.2,,
76113,13121,Mage,Arcane,Sunfury,DPS,EU,Voidscar Arena,14,1,1451.0,214107,0,312.0,2026-08-22,0,-1,1472.0,18.2,,
76113,18508,Warrior,Fury,Slayer,DPS,EU,Voidscar Arena,14,1,1451.0,210223,1,305.0,2026-08-22,0,-1,1472.0,18.2,,3287
76113,82395,Shaman,Elemental,Farseer,DPS,EU,Voidscar Arena,14,1,1451.0,225280,0,310.0,2026-08-22,0,-1,1472.0,18.2,,
37944,76443,DemonHunter,Vengeance,Annihilator,Tank,EU,Den of Nalorakk,13,1,1774.4,77302,0,299.0,2026-08-20,0,-1,1766.0,8.0,,
37944,81646,Paladin,Holy,Herald of the Sun,Healer,EU,Den of Nalorakk,13,1,1774.4,18662,0,301.0,2026-08-20,0,-1,1766.0,8.0,,
37944,18947,Paladin,Retribution,Herald of the Sun,DPS,EU,Den of Nalorakk,13,1,1774.4,213794,0,307.0,2026-08-20,0,-1,1766.0,8.0,,
37944,81647,Druid,Balance,Elune's Chosen,DPS,EU,Den of Nalorakk,13,1,1774.4,168558,0,305.0,2026-08-20,0,-1,1766.0,8.0,,
37944,27589,Mage,Arcane,Sunfury,DPS,EU,Den of Nalorakk,13,1,1774.4,185783,0,304.0,2026-08-20,0,-1,1766.0,8.0,,
23678,52226,DeathKnight,Blood,San'layn,Tank,CN,Murder Row,9,1,1221.5,113570,0,301.0,2026-08-21,0,-1,1213.0,40.5,,
23678,52227,Paladin,Holy,Lightsmith,Healer,CN,Murder Row,9,1,1221.5,47597,0,299.0,2026-08-21,0,-1,1213.0,40.5,,
23678,52228,Warrior,Arms,Slayer,DPS,CN,Murder Row,9,1,1221.5,121820,0,286.0,2026-08-21,0,-1,1213.0,40.5,,
23678,52229,Warlock,Demonology,Diabolist,DPS,CN,Murder Row,9,1,1221.5,217661,0,298.0,2026-08-21,0,-1,1213.0,40.5,,
23678,52230,Mage,Arcane,Sunfury,DPS,CN,Murder Row,9,1,1221.5,193343,0,299.0,2026-08-21,0,-1,1213.0,40.5,,
61783,24832,DemonHunter,Vengeance,Annihilator,Tank,EU,Temple of Sethraliss,10,1,1118.9,125834,0,303.0,2026-08-23,0,-1,1121.0,41.6,,
61783,132627,Paladin,Holy,Herald of the Sun,Healer,EU,Temple of Sethraliss,10,1,1118.9,5983,2,306.0,2026-08-23,0,-1,1121.0,41.6,,
61783,68355,Shaman,Enhancement,Stormbringer,DPS,EU,Temple of Sethraliss,10,1,1118.9,209193,0,311.0,2026-08-23,0,-1,1121.0,41.6,,
61783,102529,Mage,Arcane,Sunfury,DPS,EU,Temple of Sethraliss,10,1,1118.9,259970,0,305.0,2026-08-23,0,-1,1121.0,41.6,,
61783,59532,Hunter,Marksmanship,Sentinel,DPS,EU,Temple of Sethraliss,10,1,1118.9,202345,0,310.0,2026-08-23,0,-1,1121.0,41.6,,
78354,144892,DeathKnight,Blood,San'layn,Tank,CN,Temple of Sethraliss,12,1,1445.0,162602,0,309.0,2026-08-23,0,-1,1466.0,23.6,,
78354,144893,Paladin,Holy,Lightsmith,Healer,CN,Temple of Sethraliss,12,1,1445.0,35144,0,308.0,2026-08-23,0,-1,1466.0,23.6,,
78354,144894,Mage,Arcane,Sunfury,DPS,CN,Temple of Sethraliss,12,1,1445.0,168688,0,299.0,2026-08-23,0,-1,1466.0,23.6,,
78354,144895,Mage,Arcane,Sunfury,DPS,CN,Temple of Sethraliss,12,1,1445.0,196123,1,301.0,2026-08-23,0,-1,1466.0,23.6,,
78354,76277,Warrior,Fury,Mountain Thane,DPS,CN,Temple of Sethraliss,12,1,1445.0,224056,1,305.0,2026-08-23,0,-1,1466.0,23.6,,
18380,26840,DemonHunter,Vengeance,Annihilator,Tank,EU,Temple of Sethraliss,11,1,1474.1,110101,0,290.0,2026-08-19,0,-1,1485.0,22.6,,3060
18380,26841,Paladin,Holy,Herald of the Sun,Healer,EU,Temple of Sethraliss,11,1,1474.1,9229,1,294.0,2026-08-19,0,-1,1485.0,22.6,,
18380,40759,Mage,Arcane,Sunfury,DPS,EU,Temple of Sethraliss,11,1,1474.1,211068,1,298.0,2026-08-19,0,-1,1485.0,22.6,,
18380,26842,Paladin,Retribution,Templar,DPS,EU,Temple of Sethraliss,11,1,1474.1,219786,0,295.0,2026-08-19,0,-1,1485.0,22.6,,
18380,37775,Druid,Balance,Elune's Chosen,DPS,EU,Temple of Sethraliss,11,1,1474.1,155827,2,290.0,2026-08-19,0,-1,1485.0,22.6,,
19993,41030,DeathKnight,Blood,Deathbringer,Tank,US,Den of Nalorakk,12,1,1632.5,102548,0,306.0,2026-08-20,0,-1,1669.0,13.1,,
19993,4424,Paladin,Holy,Herald of the Sun,Healer,US,Den of Nalorakk,12,1,1632.5,35115,1,299.0,2026-08-20,0,-1,1669.0,13.1,,
19993,41032,Warrior,Arms,Slayer,DPS,US,Den of Nalorakk,12,1,1632.5,154246,0,298.0,2026-08-20,0,-1,1669.0,13.1,,
19993,3713,DemonHunter,Devourer,Annihilator,DPS,US,Den of Nalorakk,12,1,1632.5,164307,1,298.0,2026-08-20,0,-1,1669.0,13.1,,
19993,8593,Mage,Arcane,Sunfury,DPS,US,Den of Nalorakk,12,1,1632.5,151732,1,296.0,2026-08-20,0,-1,1669.0,13.1,,
45303,95427,DeathKnight,Blood,Deathbringer,Tank,EU,Voidscar Arena,6,1,1011.8,77950,0,299.0,2026-08-21,0,-1,,,,
45303,95428,Monk,Mistweaver,Conduit of the Celestials,Healer,EU,Voidscar Arena,6,1,1011.8,31234,1,289.0,2026-08-21,0,-1,,,,
45303,95429,Warlock,Demonology,Diabolist,DPS,EU,Voidscar Arena,6,1,1011.8,139922,1,297.0,2026-08-21,0,-1,,,,
45303,95430,Hunter,BeastMastery,Pack Leader,DPS,EU,Voidscar Arena,6,1,1011.8,158991,0,297.0,2026-08-21,0,-1,,,,
45303,95431,Evoker,Augmentation,Scalecommander,DPS,EU,Voidscar Arena,6,1,1011.8,106180,0,295.0,2026-08-21,0,-1,,,,
52270,57717,DeathKnight,Blood,San'layn,Tank,EU,Ruby Life Pools,10,1,977.5,147238,0,307.0,2026-08-22,0,-1,969.0,42.3,,
52270,81481,Shaman,Restoration,Totemic,Healer,EU,Ruby Life Pools,10,1,977.5,55301,0,313.0,2026-08-22,0,-1,969.0,42.3,,
52270,57720,Hunter,BeastMastery,Pack Leader,DPS,EU,Ruby Life Pools,10,1,977.5,245389,0,303.0,2026-08-22,0,-1,969.0,42.3,,
52270,111030,Rogue,Subtlety,Trickster,DPS,EU,Ruby Life Pools,10,1,977.5,211442,0,294.0,2026-08-22,0,-1,969.0,42.3,,
52270,109580,Warrior,Arms,Slayer,DPS,EU,Ruby Life Pools,10,1,977.5,211599,0,310.0,2026-08-22,0,-1,969.0,42.3,,
28572,17704,DeathKnight,Blood,San'layn,Tank,EU,Voidscar Arena,14,0,1749.5,129390,0,304.0,2026-08-20,0,-1,1816.0,-0.9,,
28572,38797,Priest,Holy,Oracle,Healer,EU,Voidscar Arena,14,0,1749.5,21997,0,300.0,2026-08-20,0,-1,1816.0,-0.9,,
28572,46739,Mage,Arcane,Sunfury,DPS,EU,Voidscar Arena,14,0,1749.5,204384,2,300.0,2026-08-20,0,-1,1816.0,-0.9,,
28572,16460,Druid,Balance,Elune's Chosen,DPS,EU,Voidscar Arena,14,0,1749.5,190896,2,303.0,2026-08-20,0,-1,1816.0,-0.9,,
28572,46741,Warrior,Arms,Slayer,DPS,EU,Voidscar Arena,14,0,1749.5,194344,0,304.0,2026-08-20,0,-1,1816.0,-0.9,,
32301,69703,DeathKnight,Blood,Deathbringer,Tank,CN,Den of Nalorakk,14,1,1820.2,69487,1,298.0,2026-08-21,0,-1,1901.0,1.0,,
32301,44251,Evoker,Preservation,Flameshaper,Healer,CN,Den of Nalorakk,14,1,1820.2,62875,1,306.0,2026-08-21,0,-1,1901.0,1.0,,
32301,69704,Warrior,Arms,Slayer,DPS,CN,Den of Nalorakk,14,1,1820.2,198293,1,306.0,2026-08-21,0,-1,1901.0,1.0,,
32301,44004,Hunter,Marksmanship,Sentinel,DPS,CN,Den of Nalorakk,14,1,1820.2,153558,1,299.0,2026-08-21,0,-1,1901.0,1.0,,
32301,69705,Rogue,Outlaw,Trickster,DPS,CN,Den of Nalorakk,14,1,1820.2,171721,2,291.0,2026-08-21,0,-1,1901.0,1.0,,
20186,1228,Paladin,Protection,Lightsmith,Tank,US,Voidscar Arena,11,1,1312.3,115129,0,299.0,2026-08-20,0,-1,1314.0,27.0,,2748
20186,2283,Monk,Mistweaver,Conduit of the Celestials,Healer,US,Voidscar Arena,11,1,1312.3,55266,0,297.0,2026-08-20,0,-1,1314.0,27.0,,
20186,1229,Shaman,Elemental,Farseer,DPS,US,Voidscar Arena,11,1,1312.3,193488,0,300.0,2026-08-20,0,-1,1314.0,27.0,,
20186,1231,Druid,Balance,Elune's Chosen,DPS,US,Voidscar Arena,11,1,1312.3,194320,1,293.0,2026-08-20,0,-1,1314.0,27.0,,
20186,1230,Priest,Shadow,Archon,DPS,US,Voidscar Arena,11,1,1312.3,203036,1,293.0,2026-08-20,0,-1,1314.0,27.0,,
67132,46465,Druid,Guardian,Elune's Chosen,Tank,EU,Voidscar Arena,12,1,1360.7,130600,0,302.0,2026-08-21,0,-1,1368.0,24.0,,
67132,47529,Shaman,Restoration,Totemic,Healer,EU,Voidscar Arena,12,1,1360.7,32110,0,292.0,2026-08-21,0,-1,1368.0,24.0,,
67132,60917,Warrior,Arms,Slayer,DPS,EU,Voidscar Arena,12,1,1360.7,202292,1,304.0,2026-08-21,0,-1,1368.0,24.0,,
67132,45946,DemonHunter,Devourer,Annihilator,DPS,EU,Voidscar Arena,12,1,1360.7,230859,0,304.0,2026-08-21,0,-1,1368.0,24.0,,
67132,45382,Mage,Arcane,Sunfury,DPS,EU,Voidscar Arena,12,1,1360.7,214794,0,308.0,2026-08-21,0,-1,1368.0,24.0,,
12720,18464,DeathKnight,Blood,San'layn,Tank,EU,Kings' Rest,12,1,1791.6,89458,1,305.0,2026-08-19,0,-1,1873.0,5.4,,
12720,20782,Shaman,Restoration,Totemic,Healer,EU,Kings' Rest,12,1,1791.6,12732,2,297.0,2026-08-19,0,-1,1873.0,5.4,,
12720,18467,Paladin,Retribution,Templar,DPS,EU,Kings' Rest,12,1,1791.6,127770,2,295.0,2026-08-19,0,-1,1873.0,5.4,,
12720,20783,Warrior,Arms,Slayer,DPS,EU,Kings' Rest,12,1,1791.6,142885,1,287.0,2026-08-19,0,-1,1873.0,5.4,,
12720,18466,Druid,Balance,Elune's Chosen,DPS,EU,Kings' Rest,12,1,1791.6,128126,0,299.0,2026-08-19,0,-1,1873.0,5.4,,
21501,47869,Paladin,Protection,Templar,Tank,US,The Blinding Vale,11,1,1331.6,101751,0,297.0,2026-08-19,0,-1,1323.0,26.5,,
21501,24936,Shaman,Restoration,Totemic,Healer,US,The Blinding Vale,11,1,1331.6,40925,0,306.0,2026-08-19,0,-1,1323.0,26.5,,
21501,9329,Mage,Arcane,Sunfury,DPS,US,The Blinding Vale,11,1,1331.6,210185,0,292.0,2026-08-19,0,-1,1323.0,26.5,,
21501,47870,Warrior,Arms,Slayer,DPS,US,The Blinding Vale,11,1,1331.6,214893,0,296.0,2026-08-19,0,-1,1323.0,26.5,,
21501,1226,Rogue,Subtlety,Deathstalker,DPS,US,The Blinding Vale,11,1,1331.6,190782,0,300.0,2026-08-19,0,-1,1323.0,26.5,,
47796,101041,Monk,Brewmaster,Master of Harmony,Tank,EU,Murder Row,2,1,1093.2,67314,0,300.0,2026-08-22,0,-1,,,,
47796,101042,Monk,Mistweaver,Conduit of the Celestials,Healer,EU,Murder Row,2,1,1093.2,34051,0,292.0,2026-08-22,0,-1,,,,
47796,101043,Warlock,Demonology,Diabolist,DPS,EU,Murder Row,2,1,1093.2,121804,0,297.0,2026-08-22,0,-1,,,,
47796,101044,Mage,Arcane,Sunfury,DPS,EU,Murder Row,2,1,1093.2,114955,0,287.0,2026-08-22,0,-1,,,,
47796,101045,Druid,Balance,Elune's Chosen,DPS,EU,Murder Row,2,1,1093.2,111230,0,295.0,2026-08-22,0,-1,,,,
2179,1561,Paladin,Protection,Templar,Tank,US,Altar of Fangs,11,1,1523.6,109677,1,296.0,2026-08-18,0,-1,1550.0,13.9,,2721
2179,1562,Priest,Holy,Oracle,Healer,US,Altar of Fangs,11,1,1523.6,20943,1,295.0,2026-08-18,0,-1,1550.0,13.9,,2722
2179,1563,Warrior,Arms,Slayer,DPS,US,Altar of Fangs,11,1,1523.6,191340,2,295.0,2026-08-18,0,-1,1550.0,13.9,,2757
2179,1564,Mage,Arcane,Sunfury,DPS,US,Altar of Fangs,11,1,1523.6,206848,1,296.0,2026-08-18,0,-1,1550.0,13.9,,2750
2179,3600,Warlock,Demonology,Diabolist,DPS,US,Altar of Fangs,11,1,1523.6,256673,1,292.0,2026-08-18,0,-1,1550.0,13.9,,
39970,85371,DeathKnight,Blood,San'layn,Tank,US,Den of Nalorakk,13,1,1718.3,100280,0,309.0,2026-08-21,0,-1,1710.0,11.0,,
39970,3328,Paladin,Holy,Herald of the Sun,Healer,US,Den of Nalorakk,13,1,1718.3,12341,0,300.0,2026-08-21,0,-1,1710.0,11.0,,
39970,85372,Mage,Arcane,Sunfury,DPS,US,Den of Nalorakk,13,1,1718.3,196794,0,308.0,2026-08-21,0,-1,1710.0,11.0,,
39970,85373,Rogue,Subtlety,Trickster,DPS,US,Den of Nalorakk,13,1,1718.3,132082,0,289.0,2026-08-21,0,-1,1710.0,11.0,,
39970,10738,Warrior,Arms,Slayer,DPS,US,Den of Nalorakk,13,1,1718.3,181508,0,306.0,2026-08-21,0,-1,1710.0,11.0,,
29786,14139,DemonHunter,Vengeance,Annihilator,Tank,EU,Altar of Fangs,11,1,1122.0,188893,0,308.0,2026-08-21,0,-1,1128.0,37.3,,3377
29786,64394,Paladin,Holy,Herald of the Sun,Healer,EU,Altar of Fangs,11,1,1122.0,32705,1,307.0,2026-08-21,0,-1,1128.0,37.3,,
29786,64395,Warrior,Arms,Slayer,DPS,EU,Altar of Fangs,11,1,1122.0,274926,0,310.0,2026-08-21,0,-1,1128.0,37.3,,
29786,14142,Evoker,Devastation,Scalecommander,DPS,EU,Altar of Fangs,11,1,1122.0,330571,1,308.0,2026-08-21,0,-1,1128.0,37.3,,3377
29786,14143,Mage,Arcane,Sunfury,DPS,EU,Altar of Fangs,11,1,1122.0,294850,1,309.0,2026-08-21,0,-1,1128.0,37.3,,3377
55304,117314,DemonHunter,Vengeance,Annihilator,Tank,EU,The Blinding Vale,5,1,947.9,91302,0,286.0,2026-08-21,0,-1,,,,
55304,117315,Shaman,Restoration,Totemic,Healer,EU,The Blinding Vale,5,1,947.9,16982,0,286.0,2026-08-21,0,-1,,,,
55304,116962,Priest,Shadow,Archon,DPS,EU,The Blinding Vale,5,1,947.9,137550,1,297.0,2026-08-21,0,-1,,,,
55304,117316,Mage,Arcane,Sunfury,DPS,EU,The Blinding Vale,5,1,947.9,162577,0,293.0,2026-08-21,0,-1,,,,
55304,117317,Warrior,Arms,Slayer,DPS,EU,The Blinding Vale,5,1,947.9,153517,1,297.0,2026-08-21,0,-1,,,,
27798,38169,DeathKnight,Blood,San'layn,Tank,EU,The Blinding Vale,10,1,1112.7,141092,0,298.0,2026-08-21,0,-1,1119.0,37.8,,
27798,54382,Shaman,Restoration,Totemic,Healer,EU,The Blinding Vale,10,1,1112.7,20238,1,297.0,2026-08-21,0,-1,1119.0,37.8,,
27798,54384,Rogue,Outlaw,Trickster,DPS,EU,The Blinding Vale,10,1,1112.7,255574,0,309.0,2026-08-21,0,-1,1119.0,37.8,,
27798,12704,Druid,Feral,Druid of the Claw,DPS,EU,The Blinding Vale,10,1,1112.7,210936,0,301.0,2026-08-21,0,-1,1119.0,37.8,,
27798,54383,Priest,Shadow,Archon,DPS,EU,The Blinding Vale,10,1,1112.7,178257,2,295.0,2026-08-21,0,-1,1119.0,37.8,,
44677,75980,DeathKnight,Blood,San'layn,Tank,EU,Voidscar Arena,13,1,1567.8,129096,1,308.0,2026-08-22,0,-1,,,,
44677,94057,Paladin,Holy,Herald of the Sun,Healer,EU,Voidscar Arena,13,1,1567.8,16390,1,300.0,2026-08-22,0,-1,,,,
44677,27687,Priest,Shadow,Voidweaver,DPS,EU,Voidscar Arena,13,1,1567.8,223762,0,306.0,2026-08-22,0,-1,,,,
44677,94029,Mage,Arcane,Sunfury,DPS,EU,Voidscar Arena,13,1,1567.8,217573,0,304.0,2026-08-22,0,-1,,,,
44677,94058,Warrior,Arms,Slayer,DPS,EU,Voidscar Arena,13,1,1567.8,156270,3,293.0,2026-08-22,0,-1,,,,
17862,39600,Paladin,Protection,Templar,Tank,EU,Ruby Life Pools,10,1,1153.1,66468,0,297.0,2026-08-19,0,-1,1149.0,31.6,,
17862,12963,Paladin,Holy,Herald of the Sun,Healer,EU,Ruby Life Pools,10,1,1153.1,19205,0,299.0,2026-08-19,0,-1,1149.0,31.6,,
17862,15499,Priest,Shadow,Archon,DPS,EU,Ruby Life Pools,10,1,1153.1,175187,0,301.0,2026-08-19,0,-1,1149.0,31.6,,
17862,12964,Rogue,Assassination,Deathstalker,DPS,EU,Ruby Life Pools,10,1,1153.1,237199,0,305.0,2026-08-19,0,-1,1149.0,31.6,,
17862,12965,Warrior,Arms,Slayer,DPS,EU,Ruby Life Pools,10,1,1153.1,224366,1,304.0,2026-08-19,0,-1,1149.0,31.6,,
5089,10527,DeathKnight,Blood,San'layn,Tank,US,Murder Row,10,1,1565.9,107225,1,295.0,2026-08-19,0,-1,1603.0,21.4,,
5089,10528,Paladin,Holy,Herald of the Sun,Healer,US,Murder Row,10,1,1565.9,21980,1,291.0,2026-08-19,0,-1,1603.0,21.4,,
5089,11168,Warrior,Arms,Slayer,DPS,US,Murder Row,10,1,1565.9,151316,3,293.0,2026-08-19,0,-1,1603.0,21.4,,
5089,6308,DemonHunter,Devourer,Annihilator,DPS,US,Murder Row,10,1,1565.9,154199,2,294.0,2026-08-19,0,-1,1603.0,21.4,,
5089,10531,Mage,Arcane,Sunfury,DPS,US,Murder Row,10,1,1565.9,170804,2,296.0,2026-08-19,0,-1,1603.0,21.4,,
39823,23499,DemonHunter,Vengeance,Annihilator,Tank,US,Altar of Fangs,13,1,1667.9,114699,0,309.0,2026-08-21,0,-1,1750.0,2.8,,
39823,7222,Paladin,Holy,Lightsmith,Healer,US,Altar of Fangs,13,1,1667.9,30631,1,311.0,2026-08-21,0,-1,1750.0,2.8,,
39823,7954,Shaman,Elemental,Farseer,DPS,US,Altar of Fangs,13,1,1667.9,251762,1,306.0,2026-08-21,0,-1,1750.0,2.8,,3067
39823,85121,Warlock,Demonology,Diabolist,DPS,US,Altar of Fangs,13,1,1667.9,227263,3,303.0,2026-08-21,0,-1,1750.0,2.8,,
39823,19735,DemonHunter,Devourer,Void-Scarred,DPS,US,Altar of Fangs,13,1,1667.9,203601,1,304.0,2026-08-21,0,-1,1750.0,2.8,,
76004,75407,DeathKnight,Blood,San'layn,Tank,CN,Temple of Sethraliss,13,1,1552.7,97903,0,304.0,2026-08-21,0,-1,1604.0,16.5,,
76004,143767,Priest,Holy,Archon,Healer,CN,Temple of Sethraliss,13,1,1552.7,18767,0,296.0,2026-08-21,0,-1,1604.0,16.5,,
76004,43511,Mage,Arcane,Sunfury,DPS,CN,Temple of Sethraliss,13,1,1552.7,224608,2,307.0,2026-08-21,0,-1,1604.0,16.5,,
76004,75409,Paladin,Retribution,Herald of the Sun,DPS,CN,Temple of Sethraliss,13,1,1552.7,232156,2,301.0,2026-08-21,0,-1,1604.0,16.5,,
76004,130964,Warrior,Arms,Slayer,DPS,CN,Temple of Sethraliss,13,1,1552.7,214784,0,298.0,2026-08-21,0,-1,1604.0,16.5,,
54954,116548,Druid,Guardian,Elune's Chosen,Tank,EU,Kings' Rest,4,1,1007.6,33117,0,281.0,2026-08-22,0,-1,,,,
54954,114219,Monk,Mistweaver,Conduit of the Celestials,Healer,EU,Kings' Rest,4,1,1007.6,24404,0,294.0,2026-08-22,0,-1,,,,
54954,114220,Mage,Arcane,Sunfury,DPS,EU,Kings' Rest,4,1,1007.6,113128,0,297.0,2026-08-22,0,-1,,,,
54954,116549,Paladin,Retribution,Templar,DPS,EU,Kings' Rest,4,1,1007.6,112772,1,304.0,2026-08-22,0,-1,,,,
54954,116550,Hunter,BeastMastery,Pack Leader,DPS,EU,Kings' Rest,4,1,1007.6,106686,0,290.0,2026-08-22,0,-1,,,,
25263,12587,DeathKnight,Blood,San'layn,Tank,EU,Voidscar Arena,10,1,1081.8,143935,0,299.0,2026-08-20,0,-1,1079.0,40.1,,
25263,12588,Priest,Holy,Oracle,Healer,EU,Voidscar Arena,10,1,1081.8,39622,1,296.0,2026-08-20,0,-1,1079.0,40.1,,
25263,12590,Hunter,Marksmanship,Sentinel,DPS,EU,Voidscar Arena,10,1,1081.8,187178,0,296.0,2026-08-20,0,-1,1079.0,40.1,,
25263,12589,Evoker,Devastation,Scalecommander,DPS,EU,Voidscar Arena,10,1,1081.8,195751,0,296.0,2026-08-20,0,-1,1079.0,40.1,,
25263,12591,Druid,Balance,Elune's Chosen,DPS,EU,Voidscar Arena,10,1,1081.8,206899,0,300.0,2026-08-20,0,-1,1079.0,40.1,,
83426,141163,DeathKnight,Blood,San'layn,Tank,US,Temple of Sethraliss,8,1,1100.0,109296,0,305.0,2026-08-23,0,-1,1091.0,43.2,0,
83426,147426,Druid,Restoration,Wildstalker,Healer,US,Temple of Sethraliss,8,1,1100.0,7042,0,308.0,2026-08-23,0,-1,1091.0,43.2,2,
83426,147427,Hunter,BeastMastery,Pack Leader,DPS,US,Temple of Sethraliss,8,1,1100.0,204188,0,306.0,2026-08-23,0,-1,1091.0,43.2,2,
83426,147428,Hunter,Marksmanship,Sentinel,DPS,US,Temple of Sethraliss,8,1,1100.0,182498,0,298.0,2026-08-23,0,-1,1091.0,43.2,0,
83426,147429,Shaman,Elemental,Farseer,DPS,US,Temple of Sethraliss,8,1,1100.0,184692,0,290.0,2026-08-23,0,-1,1091.0,43.2,0,
85736,2715,Druid,Guardian,Elune's Chosen,Tank,US,Altar of Fangs,10,1,1075.9,139530,0,311.0,2026-08-23,0,-1,1073.0,40.4,5,
85736,151124,Priest,Discipline,Oracle,Healer,US,Altar of Fangs,10,1,1075.9,18602,1,307.0,2026-08-23,0,-1,1073.0,40.4,2,
85736,2716,Shaman,Enhancement,Stormbringer,DPS,US,Altar of Fangs,10,1,1075.9,267489,0,306.0,2026-08-23,0,-1,1073.0,40.4,0,
85736,2717,Mage,Arcane,Sunfury,DPS,US,Altar of Fangs,10,1,1075.9,284548,0,310.0,2026-08-23,0,-1,1073.0,40.4,4,
85736,2718,Monk,Windwalker,Conduit of the Celestials,DPS,US,Altar of Fangs,10,1,1075.9,266887,0,309.0,2026-08-23,0,-1,1073.0,40.4,4,
53359,113248,Warrior,Protection,Mountain Thane,Tank,EU,Den of Nalorakk,3,1,1074.0,50603,0,296.0,2026-08-22,0,-1,1065.0,44.5,,
53359,113249,Druid,Restoration,Keeper of the Grove,Healer,EU,Den of Nalorakk,3,1,1074.0,3583,0,287.0,2026-08-22,0,-1,1065.0,44.5,,
53359,113250,Mage,Arcane,Sunfury,DPS,EU,Den of Nalorakk,3,1,1074.0,175880,0,305.0,2026-08-22,0,-1,1065.0,44.5,,
53359,113251,Hunter,BeastMastery,Pack Leader,DPS,EU,Den of Nalorakk,3,1,1074.0,93044,2,277.0,2026-08-22,0,-1,1065.0,44.5,,
53359,113252,Shaman,Elemental,Farseer,DPS,EU,Den of Nalorakk,3,1,1074.0,81183,2,267.0,2026-08-22,0,-1,1065.0,44.5,,
50301,18048,DeathKnight,Blood,San'layn,Tank,EU,Kings' Rest,13,1,1714.8,65706,0,302.0,2026-08-22,0,-1,,,,
50301,96474,Shaman,Restoration,Totemic,Healer,EU,Kings' Rest,13,1,1714.8,22099,2,306.0,2026-08-22,0,-1,,,,
50301,69075,Warlock,Destruction,Diabolist,DPS,EU,Kings' Rest,13,1,1714.8,146991,1,304.0,2026-08-22,0,-1,,,,
50301,14555,Warrior,Arms,Slayer,DPS,EU,Kings' Rest,13,1,1714.8,178312,0,307.0,2026-08-22,0,-1,,,,
50301,16496,Hunter,BeastMastery,Pack Leader,DPS,EU,Kings' Rest,13,1,1714.8,152868,0,308.0,2026-08-22,0,-1,,,,
61332,12858,DemonHunter,Vengeance,Annihilator,Tank,EU,Den of Nalorakk,10,1,1116.5,134507,0,308.0,2026-08-23,0,-1,1108.0,42.3,,
61332,64140,Paladin,Holy,Herald of the Sun,Healer,EU,Den of Nalorakk,10,1,1116.5,21666,0,304.0,2026-08-23,0,-1,1108.0,42.3,,
61332,63270,Druid,Feral,Druid of the Claw,DPS,EU,Den of Nalorakk,10,1,1116.5,258539,0,315.0,2026-08-23,0,-1,1108.0,42.3,,
61332,131524,Warrior,Arms,Slayer,DPS,EU,Den of Nalorakk,10,1,1116.5,160706,0,296.0,2026-08-23,0,-1,1108.0,42.3,,
61332,115776,Mage,Arcane,Sunfury,DPS,EU,Den of Nalorakk,10,1,1116.5,235538,0,308.0,2026-08-23,0,-1,1108.0,42.3,,
86963,153040,Warrior,Protection,Mountain Thane,Tank,EU,Altar of Fangs,2,1,1066.7,113747,0,300.0,2026-08-23,0,-1,1058.0,41.2,4,
86963,148448,Shaman,Restoration,Farseer,Healer,EU,Altar of Fangs,2,1,1066.7,31534,0,285.0,2026-08-23,0,-1,1058.0,41.2,0,
86963,153041,Warrior,Arms,Slayer,DPS,EU,Altar of Fangs,2,1,1066.7,111598,0,278.0,2026-08-23,0,-1,1058.0,41.2,,
86963,153042,DeathKnight,Frost,Deathbringer,DPS,EU,Altar of Fangs,2,1,1066.7,102204,0,291.0,2026-08-23,0,-1,1058.0,41.2,0,
86963,153043,Evoker,Devastation,Scalecommander,DPS,EU,Altar of Fangs,2,1,1066.7,84063,0,260.0,2026-08-23,0,-1,1058.0,41.2,,
6543,13866,Warrior,Protection,Mountain Thane,Tank,EU,Ruby Life Pools,10,1,1136.9,123298,0,292.0,2026-08-19,0,-1,1139.0,32.2,,
6543,13867,Shaman,Restoration,Totemic,Healer,EU,Ruby Life Pools,10,1,1136.9,24317,0,295.0,2026-08-19,0,-1,1139.0,32.2,,
6543,13868,Paladin,Retribution,Templar,DPS,EU,Ruby Life Pools,10,1,1136.9,156144,1,295.0,2026-08-19,0,-1,1139.0,32.2,,
6543,13869,Rogue,Subtlety,Trickster,DPS,EU,Ruby Life Pools,10,1,1136.9,190899,0,294.0,2026-08-19,0,-1,1139.0,32.2,,
6543,13870,Monk,Windwalker,Shado-Pan,DPS,EU,Ruby Life Pools,10,1,1136.9,193070,1,299.0,2026-08-19,0,-1,1139.0,32.2,,
69142,5191,Paladin,Protection,Lightsmith,Tank,US,Kings' Rest,14,1,1526.0,107327,0,310.0,2026-08-23,0,-1,1518.0,23.3,,3250
69142,6391,Monk,Mistweaver,Conduit of the Celestials,Healer,US,Kings' Rest,14,1,1526.0,47920,0,310.0,2026-08-23,0,-1,1518.0,23.3,,3053
69142,11775,Warrior,Arms,Slayer,DPS,US,Kings' Rest,14,1,1526.0,209331,0,309.0,2026-08-23,0,-1,1518.0,23.3,,
69142,90451,Rogue,Outlaw,Trickster,DPS,US,Kings' Rest,14,1,1526.0,165931,0,309.0,2026-08-23,0,-1,1518.0,23.3,,
69142,11058,Shaman,Elemental,Farseer,DPS,US,Kings' Rest,14,1,1526.0,163152,0,311.0,2026-08-23,0,-1,1518.0,23.3,,
29436,38254,DeathKnight,Blood,San'layn,Tank,CN,Murder Row,10,1,1111.5,130855,0,310.0,2026-08-21,0,-1,1103.0,46.0,,
29436,42413,Priest,Holy,Oracle,Healer,CN,Murder Row,10,1,1111.5,7965,0,301.0,2026-08-21,0,-1,1103.0,46.0,,
29436,60003,Shaman,Elemental,Farseer,DPS,CN,Murder Row,10,1,1111.5,238485,0,304.0,2026-08-21,0,-1,1103.0,46.0,,
29436,38469,Mage,Arcane,Sunfury,DPS,CN,Murder Row,10,1,1111.5,257939,0,308.0,2026-08-21,0,-1,1103.0,46.0,,
29436,42414,DemonHunter,Devourer,Void-Scarred,DPS,CN,Murder Row,10,1,1111.5,218287,0,309.0,2026-08-21,0,-1,1103.0,46.0,,
17670,39133,Druid,Guardian,Elune's Chosen,Tank,EU,Kings' Rest,12,1,1819.0,73441,0,301.0,2026-08-19,0,-1,1901.0,4.0,,
17670,39134,Priest,Holy,Oracle,Healer,EU,Kings' Rest,12,1,1819.0,26340,0,295.0,2026-08-19,0,-1,1901.0,4.0,,
17670,39135,DeathKnight,Unholy,Rider of the Apocalypse,DPS,EU,Kings' Rest,12,1,1819.0,128561,1,295.0,2026-08-19,0,-1,1901.0,4.0,,
17670,39136,Mage,Frost,Spellslinger,DPS,EU,Kings' Rest,12,1,1819.0,125585,3,295.0,2026-08-19,0,-1,1901.0,4.0,,
17670,39137,Paladin,Retribution,Templar,DPS,EU,Kings' Rest,12,1,1819.0,136059,1,302.0,2026-08-19,0,-1,1901.0,4.0,,
86629,112435,Paladin,Protection,Lightsmith,Tank,EU,Temple of Sethraliss,10,1,1081.8,120378,0,297.0,2026-08-23,0,-1,1078.0,43.8,0,
86629,152553,Paladin,Holy,Herald of the Sun,Healer,EU,Temple of Sethraliss,10,1,1081.8,14005,1,298.0,2026-08-23,0,-1,1078.0,43.8,1,
86629,46893,DemonHunter,Devourer,Annihilator,DPS,EU,Temple of Sethraliss,10,1,1081.8,260891,0,310.0,2026-08-23,0,-1,1078.0,43.8,4,
86629,30128,Shaman,Elemental,Farseer,DPS,EU,Temple of Sethraliss,10,1,1081.8,201056,0,304.0,2026-08-23,0,-1,1078.0,43.8,0,
86629,12866,Rogue,Subtlety,Deathstalker,DPS,EU,Temple of Sethraliss,10,1,1081.8,228276,0,305.0,2026-08-23,0,-1,1078.0,43.8,0,
71914,18929,DeathKnight,Blood,San'layn,Tank,EU,Altar of Fangs,12,1,1413.3,163506,0,312.0,2026-08-21,0,-1,1419.0,21.2,,
71914,23075,Paladin,Holy,Lightsmith,Healer,EU,Altar of Fangs,12,1,1413.3,51865,0,307.0,2026-08-21,0,-1,1419.0,21.2,,
71914,74810,Warrior,Arms,Slayer,DPS,EU,Altar of Fangs,12,1,1413.3,247234,0,306.0,2026-08-21,0,-1,1419.0,21.2,,
71914,72261,Shaman,Elemental,Farseer,DPS,EU,Altar of Fangs,12,1,1413.3,230669,0,307.0,2026-08-21,0,-1,1419.0,21.2,,
71914,66608,Warrior,Arms,Slayer,DPS,EU,Altar of Fangs,12,1,1413.3,208364,1,308.0,2026-08-21,0,-1,1419.0,21.2,,
33045,6319,DeathKnight,Blood,Deathbringer,Tank,US,Altar of Fangs,11,1,1311.7,132123,0,309.0,2026-08-21,0,-1,1318.0,26.8,,
33045,28091,Shaman,Restoration,Totemic,Healer,US,Altar of Fangs,11,1,1311.7,27179,1,301.0,2026-08-21,0,-1,1318.0,26.8,,
33045,59077,Druid,Balance,Elune's Chosen,DPS,US,Altar of Fangs,11,1,1311.7,238864,0,306.0,2026-08-21,0,-1,1318.0,26.8,,
33045,71530,Warrior,Arms,Slayer,DPS,US,Altar of Fangs,11,1,1311.7,256890,0,308.0,2026-08-21,0,-1,1318.0,26.8,,
33045,6321,Monk,Windwalker,Shado-Pan,DPS,US,Altar of Fangs,11,1,1311.7,231607,2,304.0,2026-08-21,0,-1,1318.0,26.8,,
79143,104163,DeathKnight,Blood,Deathbringer,Tank,CN,Voidscar Arena,6,1,1050.2,79968,0,309.0,2026-08-23,0,-1,1056.0,41.3,,
79143,145260,Priest,Holy,Oracle,Healer,CN,Voidscar Arena,6,1,1050.2,10502,0,291.0,2026-08-23,0,-1,1056.0,41.3,,
79143,145261,Rogue,Assassination,Deathstalker,DPS,CN,Voidscar Arena,6,1,1050.2,146906,1,307.0,2026-08-23,0,-1,1056.0,41.3,,
79143,145262,Hunter,BeastMastery,Pack Leader,DPS,CN,Voidscar Arena,6,1,1050.2,105358,1,294.0,2026-08-23,0,-1,1056.0,41.3,,
79143,145263,Mage,Arcane,Sunfury,DPS,CN,Voidscar Arena,6,1,1050.2,116755,1,291.0,2026-08-23,0,-1,1056.0,41.3,,
67833,55569,DeathKnight,Blood,San'layn,Tank,US,The Blinding Vale,12,1,1312.1,117607,0,294.0,2026-08-21,0,-1,1393.0,22.6,,
67833,3500,Shaman,Restoration,Totemic,Healer,US,The Blinding Vale,12,1,1312.1,25035,2,303.0,2026-08-21,0,-1,1393.0,22.6,,
67833,240,DeathKnight,Unholy,Rider of the Apocalypse,DPS,US,The Blinding Vale,12,1,1312.1,258403,0,307.0,2026-08-21,0,-1,1393.0,22.6,,2980
67833,55570,Warrior,Arms,Slayer,DPS,US,The Blinding Vale,12,1,1312.1,236340,3,306.0,2026-08-21,0,-1,1393.0,22.6,,
67833,2345,DeathKnight,Frost,Deathbringer,DPS,US,The Blinding Vale,12,1,1312.1,223656,1,310.0,2026-08-21,0,-1,1393.0,22.6,,2982
73117,71182,DeathKnight,Blood,San'layn,Tank,CN,Ruby Life Pools,15,1,1427.2,202348,0,312.0,2026-08-22,0,-1,1434.0,14.6,,
73117,142173,Evoker,Preservation,Flameshaper,Healer,CN,Ruby Life Pools,15,1,1427.2,59863,0,311.0,2026-08-22,0,-1,1434.0,14.6,,
73117,43808,Mage,Arcane,Sunfury,DPS,CN,Ruby Life Pools,15,1,1427.2,251940,0,310.0,2026-08-22,0,-1,1434.0,14.6,,
73117,89293,Rogue,Subtlety,Deathstalker,DPS,CN,Ruby Life Pools,15,1,1427.2,286836,1,308.0,2026-08-22,0,-1,1434.0,14.6,,
73117,142174,Shaman,Elemental,Farseer,DPS,CN,Ruby Life Pools,15,1,1427.2,263445,0,309.0,2026-08-22,0,-1,1434.0,14.6,,
33118,71704,DemonHunter,Vengeance,Annihilator,Tank,US,Den of Nalorakk,12,1,1532.8,117381,0,304.0,2026-08-21,0,-1,1554.0,19.0,,
33118,71705,Paladin,Holy,Herald of the Sun,Healer,US,Den of Nalorakk,12,1,1532.8,16973,0,304.0,2026-08-21,0,-1,1554.0,19.0,,
33118,71706,DemonHunter,Devourer,Void-Scarred,DPS,US,Den of Nalorakk,12,1,1532.8,149341,1,306.0,2026-08-21,0,-1,1554.0,19.0,,
33118,9017,Mage,Arcane,Sunfury,DPS,US,Den of Nalorakk,12,1,1532.8,214393,1,305.0,2026-08-21,0,-1,1554.0,19.0,,3002
33118,10079,Druid,Balance,Elune's Chosen,DPS,US,Den of Nalorakk,12,1,1532.8,147982,0,298.0,2026-08-21,0,-1,1554.0,19.0,,
41572,67531,DeathKnight,Blood,San'layn,Tank,CN,Kings' Rest,11,1,1392.7,101595,0,298.0,2026-08-20,0,-1,1395.0,29.6,,
41572,88122,Priest,Holy,Oracle,Healer,CN,Kings' Rest,11,1,1392.7,29863,0,292.0,2026-08-20,0,-1,1395.0,29.6,,
41572,67532,Shaman,Enhancement,Stormbringer,DPS,CN,Kings' Rest,11,1,1392.7,162304,0,294.0,2026-08-20,0,-1,1395.0,29.6,,
41572,88123,Paladin,Retribution,Herald of the Sun,DPS,CN,Kings' Rest,11,1,1392.7,164198,0,294.0,2026-08-20,0,-1,1395.0,29.6,,
41572,88124,Monk,Windwalker,Shado-Pan,DPS,CN,Kings' Rest,11,1,1392.7,108630,2,291.0,2026-08-20,0,-1,1395.0,29.6,,
69056,62302,DeathKnight,Blood,San'layn,Tank,EU,Murder Row,12,1,1499.0,139088,0,312.0,2026-08-22,0,-1,1506.0,26.2,,
69056,105396,Paladin,Holy,Herald of the Sun,Healer,EU,Murder Row,12,1,1499.0,21278,0,300.0,2026-08-22,0,-1,1506.0,26.2,,
69056,65342,Mage,Arcane,Sunfury,DPS,EU,Murder Row,12,1,1499.0,204287,1,301.0,2026-08-22,0,-1,1506.0,26.2,,
69056,103798,Hunter,BeastMastery,Pack Leader,DPS,EU,Murder Row,12,1,1499.0,219378,0,304.0,2026-08-22,0,-1,1506.0,26.2,,
69056,61075,Warrior,Arms,Slayer,DPS,EU,Murder Row,12,1,1499.0,224649,0,313.0,2026-08-22,0,-1,1506.0,26.2,,
13643,27233,DeathKnight,Blood,Deathbringer,Tank,EU,Altar of Fangs,7,1,1261.5,85748,0,289.0,2026-08-19,0,-1,1258.0,30.1,,
13643,26062,Shaman,Restoration,Totemic,Healer,EU,Altar of Fangs,7,1,1261.5,33969,0,296.0,2026-08-19,0,-1,1258.0,30.1,,
13643,26063,Druid,Balance,Elune's Chosen,DPS,EU,Altar of Fangs,7,1,1261.5,156763,1,288.0,2026-08-19,0,-1,1258.0,30.1,,
13643,26065,Mage,Arcane,Sunfury,DPS,EU,Altar of Fangs,7,1,1261.5,156925,0,286.0,2026-08-19,0,-1,1258.0,30.1,,
13643,27234,Warlock,Affliction,Soul Harvester,DPS,EU,Altar of Fangs,7,1,1261.5,160359,0,295.0,2026-08-19,0,-1,1258.0,30.1,,
69537,139213,DeathKnight,Blood,San'layn,Tank,US,Ruby Life Pools,15,1,1550.5,163811,0,312.0,2026-08-23,0,-1,1602.0,4.6,,
69537,8202,Shaman,Restoration,Totemic,Healer,US,Ruby Life Pools,15,1,1550.5,27833,0,307.0,2026-08-23,0,-1,1602.0,4.6,,
69537,153,Mage,Arcane,Sunfury,DPS,US,Ruby Life Pools,15,1,1550.5,261192,1,310.0,2026-08-23,0,-1,1602.0,4.6,,3145
69537,47518,Druid,Feral,Druid of the Claw,DPS,US,Ruby Life Pools,15,1,1550.5,195535,2,309.0,2026-08-23,0,-1,1602.0,4.6,,
69537,44405,DemonHunter,Devourer,Void-Scarred,DPS,US,Ruby Life Pools,15,1,1550.5,242461,1,310.0,2026-08-23,0,-1,1602.0,4.6,,
20332,10904,Paladin,Protection,Lightsmith,Tank,US,Den of Nalorakk,13,1,1816.1,88823,0,308.0,2026-08-19,0,-1,1808.0,5.8,,3218
20332,10905,Shaman,Restoration,Totemic,Healer,US,Den of Nalorakk,13,1,1816.1,31117,0,302.0,2026-08-19,0,-1,1808.0,5.8,,3204
20332,8599,Rogue,Subtlety,Deathstalker,DPS,US,Den of Nalorakk,13,1,1816.1,186191,0,306.0,2026-08-19,0,-1,1808.0,5.8,,
20332,3802,Druid,Feral,Druid of the Claw,DPS,US,Den of Nalorakk,13,1,1816.1,188318,0,297.0,2026-08-19,0,-1,1808.0,5.8,,
20332,12081,Monk,Windwalker,Shado-Pan,DPS,US,Den of Nalorakk,13,1,1816.1,163153,0,299.0,2026-08-19,0,-1,1808.0,5.8,,
53680,112449,Warrior,Protection,Mountain Thane,Tank,EU,Murder Row,10,1,1135.1,127218,0,302.0,2026-08-22,0,-1,,,,
53680,113915,Evoker,Preservation,Flameshaper,Healer,EU,Murder Row,10,1,1135.1,30552,1,284.0,2026-08-22,0,-1,,,,
53680,14231,Mage,Arcane,Sunfury,DPS,EU,Murder Row,10,1,1135.1,219964,0,306.0,2026-08-22,0,-1,,,,2712
53680,14229,Shaman,Elemental,Farseer,DPS,EU,Murder Row,10,1,1135.1,243869,0,304.0,2026-08-22,0,-1,,,,2712
53680,37257,Priest,Shadow,Archon,DPS,EU,Murder Row,10,1,1135.1,233747,0,301.0,2026-08-22,0,-1,,,,
32417,23207,DeathKnight,Blood,Deathbringer,Tank,US,Kings' Rest,11,1,1288.0,90514,0,305.0,2026-08-21,0,-1,1279.0,35.4,,
32417,53414,Paladin,Holy,Herald of the Sun,Healer,US,Kings' Rest,11,1,1288.0,15620,0,303.0,2026-08-21,0,-1,1279.0,35.4,,
32417,6602,Hunter,BeastMastery,Pack Leader,DPS,US,Kings' Rest,11,1,1288.0,162031,0,305.0,2026-08-21,0,-1,1279.0,35.4,,
32417,23208,Warrior,Arms,Slayer,DPS,US,Kings' Rest,11,1,1288.0,190111,0,310.0,2026-08-21,0,-1,1279.0,35.4,,
32417,7409,Priest,Shadow,Archon,DPS,US,Kings' Rest,11,1,1288.0,154120,0,297.0,2026-08-21,0,-1,1279.0,35.4,,
63857,15924,DemonHunter,Vengeance,Annihilator,Tank,EU,Temple of Sethraliss,14,1,1664.6,128823,0,313.0,2026-08-22,0,-1,1686.0,12.2,,
63857,94930,Paladin,Holy,Herald of the Sun,Healer,EU,Temple of Sethraliss,14,1,1664.6,27885,0,306.0,2026-08-22,0,-1,1686.0,12.2,,
63857,27546,Druid,Feral,Druid of the Claw,DPS,EU,Temple of Sethraliss,14,1,1664.6,219699,1,312.0,2026-08-22,0,-1,1686.0,12.2,,
63857,15927,DeathKnight,Unholy,San'layn,DPS,EU,Temple of Sethraliss,14,1,1664.6,223353,0,307.0,2026-08-22,0,-1,1686.0,12.2,,
63857,136714,Mage,Arcane,Sunfury,DPS,EU,Temple of Sethraliss,14,1,1664.6,222538,1,300.0,2026-08-22,0,-1,1686.0,12.2,,
30603,65665,Paladin,Protection,Templar,Tank,EU,Murder Row,5,1,1090.6,59747,0,286.0,2026-08-21,0,-1,1082.0,47.0,,
30603,65666,Priest,Holy,Oracle,Healer,EU,Murder Row,5,1,1090.6,21797,0,296.0,2026-08-21,0,-1,1082.0,47.0,,
30603,65667,Mage,Frost,Spellslinger,DPS,EU,Murder Row,5,1,1090.6,146984,0,293.0,2026-08-21,0,-1,1082.0,47.0,,
30603,65668,DemonHunter,Devourer,Annihilator,DPS,EU,Murder Row,5,1,1090.6,135099,0,298.0,2026-08-21,0,-1,1082.0,47.0,,
30603,65669,Priest,Shadow,Archon,DPS,EU,Murder Row,5,1,1090.6,124826,0,288.0,2026-08-21,0,-1,1082.0,47.0,,
64171,52682,Paladin,Protection,Lightsmith,Tank,CN,Den of Nalorakk,14,1,1772.6,92952,0,304.0,2026-08-22,0,-1,,,,
64171,136575,Paladin,Holy,Herald of the Sun,Healer,CN,Den of Nalorakk,14,1,1772.6,8216,2,295.0,2026-08-22,0,-1,,,,
64171,52685,Mage,Arcane,Sunfury,DPS,CN,Den of Nalorakk,14,1,1772.6,208498,1,304.0,2026-08-22,0,-1,,,,
64171,136576,Warrior,Arms,Slayer,DPS,CN,Den of Nalorakk,14,1,1772.6,197958,2,307.0,2026-08-22,0,-1,,,,
64171,52684,Shaman,Elemental,Farseer,DPS,CN,Den of Nalorakk,14,1,1772.6,195941,0,302.0,2026-08-22,0,-1,,,,
59644,127633,Paladin,Protection,Lightsmith,Tank,CN,Temple of Sethraliss,11,1,1237.5,133872,1,299.0,2026-08-23,0,-1,1244.0,35.2,,
59644,45664,Shaman,Restoration,Totemic,Healer,CN,Temple of Sethraliss,11,1,1237.5,28594,0,311.0,2026-08-23,0,-1,1244.0,35.2,,
59644,127634,Priest,Shadow,Voidweaver,DPS,CN,Temple of Sethraliss,11,1,1237.5,171479,2,301.0,2026-08-23,0,-1,1244.0,35.2,,
59644,127635,Mage,Arcane,Sunfury,DPS,CN,Temple of Sethraliss,11,1,1237.5,225326,0,308.0,2026-08-23,0,-1,1244.0,35.2,,
59644,127636,Warrior,Arms,Slayer,DPS,CN,Temple of Sethraliss,11,1,1237.5,246568,0,306.0,2026-08-23,0,-1,1244.0,35.2,,
80551,7710,DeathKnight,Blood,San'layn,Tank,US,Altar of Fangs,13,1,1494.5,167356,0,313.0,2026-08-22,0,-1,1561.0,13.3,,
80551,11360,Monk,Mistweaver,Conduit of the Celestials,Healer,US,Altar of Fangs,13,1,1494.5,49304,1,307.0,2026-08-22,0,-1,1561.0,13.3,,
80551,7713,Rogue,Subtlety,Deathstalker,DPS,US,Altar of Fangs,13,1,1494.5,231872,1,311.0,2026-08-22,0,-1,1561.0,13.3,,3188
80551,2637,Mage,Arcane,Sunfury,DPS,US,Altar of Fangs,13,1,1494.5,278700,0,310.0,2026-08-22,0,-1,1561.0,13.3,,2986
80551,9742,Monk,Windwalker,Conduit of the Celestials,DPS,US,Altar of Fangs,13,1,1494.5,229591,3,312.0,2026-08-22,0,-1,1561.0,13.3,,3091
62622,134717,DeathKnight,Blood,San'layn,Tank,US,Murder Row,7,1,1224.3,88286,0,283.0,2026-08-23,0,-1,1221.0,40.1,,
62622,134718,Priest,Holy,Oracle,Healer,US,Murder Row,7,1,1224.3,21976,0,300.0,2026-08-23,0,-1,1221.0,40.1,,
62622,134719,Monk,Windwalker,Shado-Pan,DPS,US,Murder Row,7,1,1224.3,157367,0,303.0,2026-08-23,0,-1,1221.0,40.1,,
62622,133030,Warrior,Arms,Slayer,DPS,US,Murder Row,7,1,1224.3,139422,0,292.0,2026-08-23,0,-1,1221.0,40.1,,
62622,134720,Mage,Arcane,Sunfury,DPS,US,Murder Row,7,1,1224.3,179522,0,310.0,2026-08-23,0,-1,1221.0,40.1,,
77575,37076,DeathKnight,Blood,San'layn,Tank,EU,Ruby Life Pools,13,1,1424.7,109127,0,307.0,2026-08-23,0,-1,1431.0,14.8,,
77575,24459,Paladin,Holy,Lightsmith,Healer,EU,Ruby Life Pools,13,1,1424.7,35386,1,311.0,2026-08-23,0,-1,1431.0,14.8,,
77575,23782,Rogue,Subtlety,Trickster,DPS,EU,Ruby Life Pools,13,1,1424.7,202901,0,309.0,2026-08-23,0,-1,1431.0,14.8,,
77575,17957,Mage,Arcane,Sunfury,DPS,EU,Ruby Life Pools,13,1,1424.7,266828,0,310.0,2026-08-23,0,-1,1431.0,14.8,,
77575,42615,DemonHunter,Devourer,Annihilator,DPS,EU,Ruby Life Pools,13,1,1424.7,200746,0,309.0,2026-08-23,0,-1,1431.0,14.8,,
29264,38520,Druid,Guardian,Elune's Chosen,Tank,EU,Kings' Rest,11,1,1350.6,79049,0,305.0,2026-08-20,0,-1,1347.0,32.0,,
29264,57821,Paladin,Holy,Herald of the Sun,Healer,EU,Kings' Rest,11,1,1350.6,21364,1,302.0,2026-08-20,0,-1,1347.0,32.0,,
29264,38521,Priest,Shadow,Archon,DPS,EU,Kings' Rest,11,1,1350.6,157580,0,311.0,2026-08-20,0,-1,1347.0,32.0,,
29264,57822,Monk,Windwalker,Shado-Pan,DPS,EU,Kings' Rest,11,1,1350.6,175066,0,303.0,2026-08-20,0,-1,1347.0,32.0,,
29264,58006,Evoker,Devastation,Scalecommander,DPS,EU,Kings' Rest,11,1,1350.6,171609,0,303.0,2026-08-20,0,-1,1347.0,32.0,,
4421,6630,Warrior,Protection,Colossus,Tank,US,The Blinding Vale,11,1,1541.2,102762,1,292.0,2026-08-18,0,-1,1578.0,12.4,,
4421,6631,Shaman,Restoration,Totemic,Healer,US,The Blinding Vale,11,1,1541.2,11643,2,294.0,2026-08-18,0,-1,1578.0,12.4,,2667
4421,6632,Warlock,Demonology,Diabolist,DPS,US,The Blinding Vale,11,1,1541.2,196398,3,296.0,2026-08-18,0,-1,1578.0,12.4,,2745
4421,6633,Paladin,Retribution,Templar,DPS,US,The Blinding Vale,11,1,1541.2,193560,2,293.0,2026-08-18,0,-1,1578.0,12.4,,2729
4421,6634,Hunter,Marksmanship,Sentinel,DPS,US,The Blinding Vale,11,1,1541.2,185859,1,291.0,2026-08-18,0,-1,1578.0,12.4,,2746
43895,92133,DeathKnight,Blood,Deathbringer,Tank,US,Temple of Sethraliss,13,1,1755.9,112952,0,302.0,2026-08-22,0,-1,,,,
43895,55495,Paladin,Holy,Herald of the Sun,Healer,US,Temple of Sethraliss,13,1,1755.9,27356,0,308.0,2026-08-22,0,-1,,,,
43895,55496,DemonHunter,Devourer,Annihilator,DPS,US,Temple of Sethraliss,13,1,1755.9,175543,1,307.0,2026-08-22,0,-1,,,,
43895,28767,DemonHunter,Devourer,Annihilator,DPS,US,Temple of Sethraliss,13,1,1755.9,221758,0,308.0,2026-08-22,0,-1,,,,
43895,28770,Druid,Balance,Elune's Chosen,DPS,US,Temple of Sethraliss,13,1,1755.9,183996,0,301.0,2026-08-22,0,-1,,,,
70190,122448,DeathKnight,Blood,San'layn,Tank,KR,Ruby Life Pools,13,1,1469.8,157515,0,308.0,2026-08-23,0,-1,1461.0,13.0,,
70190,122449,Paladin,Holy,Herald of the Sun,Healer,KR,Ruby Life Pools,13,1,1469.8,15647,0,297.0,2026-08-23,0,-1,1461.0,13.0,,
70190,122451,Mage,Arcane,Sunfury,DPS,KR,Ruby Life Pools,13,1,1469.8,245098,0,308.0,2026-08-23,0,-1,1461.0,13.0,,
70190,63292,DemonHunter,Devourer,Annihilator,DPS,KR,Ruby Life Pools,13,1,1469.8,247801,0,309.0,2026-08-23,0,-1,1461.0,13.0,,
70190,122450,Warrior,Arms,Slayer,DPS,KR,Ruby Life Pools,13,1,1469.8,187450,0,302.0,2026-08-23,0,-1,1461.0,13.0,,
15082,31542,Warrior,Protection,Mountain Thane,Tank,EU,Temple of Sethraliss,2,1,1094.6,65000,1,283.0,2026-08-19,0,-1,1086.0,43.4,,
15082,31543,Shaman,Restoration,Totemic,Healer,EU,Temple of Sethraliss,2,1,1094.6,11707,0,297.0,2026-08-19,0,-1,1086.0,43.4,,
15082,31544,Priest,Shadow,Archon,DPS,EU,Temple of Sethraliss,2,1,1094.6,73071,0,292.0,2026-08-19,0,-1,1086.0,43.4,,
15082,31545,Monk,Windwalker,Shado-Pan,DPS,EU,Temple of Sethraliss,2,1,1094.6,95948,0,288.0,2026-08-19,0,-1,1086.0,43.4,,
15082,31546,Druid,Feral,Druid of the Claw,DPS,EU,Temple of Sethraliss,2,1,1094.6,121865,1,292.0,2026-08-19,0,-1,1086.0,43.4,,
11750,12699,DeathKnight,Blood,San'layn,Tank,EU,The Blinding Vale,10,1,1275.2,106864,0,293.0,2026-08-19,0,-1,1271.0,29.4,,
11750,18044,Monk,Mistweaver,Conduit of the Celestials,Healer,EU,The Blinding Vale,10,1,1275.2,60989,0,290.0,2026-08-19,0,-1,1271.0,29.4,,
11750,20968,Rogue,Subtlety,Trickster,DPS,EU,The Blinding Vale,10,1,1275.2,220576,0,293.0,2026-08-19,0,-1,1271.0,29.4,,
11750,15737,Druid,Balance,Elune's Chosen,DPS,EU,The Blinding Vale,10,1,1275.2,199630,0,293.0,2026-08-19,0,-1,1271.0,29.4,,
11750,20969,Mage,Arcane,Sunfury,DPS,EU,The Blinding Vale,10,1,1275.2,182780,1,295.0,2026-08-19,0,-1,1271.0,29.4,,
39591,84699,DeathKnight,Blood,San'layn,Tank,EU,Kings' Rest,11,1,1403.4,60043,0,301.0,2026-08-22,0,-1,,,,
39591,84700,Paladin,Holy,Herald of the Sun,Healer,EU,Kings' Rest,11,1,1403.4,15749,0,298.0,2026-08-22,0,-1,,,,
39591,84701,Hunter,Marksmanship,Sentinel,DPS,EU,Kings' Rest,11,1,1403.4,164324,1,303.0,2026-08-22,0,-1,,,,
39591,84702,Warrior,Arms,Slayer,DPS,EU,Kings' Rest,11,1,1403.4,194292,0,306.0,2026-08-22,0,-1,,,,
39591,84703,Monk,Windwalker,Shado-Pan,DPS,EU,Kings' Rest,11,1,1403.4,138195,0,300.0,2026-08-22,0,-1,,,,
25306,56222,DeathKnight,Blood,San'layn,Tank,EU,The Blinding Vale,11,1,1258.6,125241,0,299.0,2026-08-21,0,-1,1250.0,30.6,,
25306,56223,Priest,Discipline,Voidweaver,Healer,EU,The Blinding Vale,11,1,1258.6,54452,0,303.0,2026-08-21,0,-1,1250.0,30.6,,
25306,56224,Warlock,Demonology,Diabolist,DPS,EU,The Blinding Vale,11,1,1258.6,205087,0,294.0,2026-08-21,0,-1,1250.0,30.6,,
25306,56225,Shaman,Enhancement,Stormbringer,DPS,EU,The Blinding Vale,11,1,1258.6,235841,0,301.0,2026-08-21,0,-1,1250.0,30.6,,
25306,56226,Mage,Arcane,Sunfury,DPS,EU,The Blinding Vale,11,1,1258.6,219754,0,306.0,2026-08-21,0,-1,1250.0,30.6,,
60072,20587,DeathKnight,Blood,San'layn,Tank,EU,Kings' Rest,10,1,1180.0,110185,0,301.0,2026-08-23,0,-1,1181.0,40.3,,
60072,128599,Shaman,Restoration,Totemic,Healer,EU,Kings' Rest,10,1,1180.0,20250,0,285.0,2026-08-23,0,-1,1181.0,40.3,,
60072,26959,Warrior,Arms,Slayer,DPS,EU,Kings' Rest,10,1,1180.0,152672,1,300.0,2026-08-23,0,-1,1181.0,40.3,,
60072,128600,Warrior,Arms,Slayer,DPS,EU,Kings' Rest,10,1,1180.0,165930,1,306.0,2026-08-23,0,-1,1181.0,40.3,,
60072,20591,Mage,Arcane,Sunfury,DPS,EU,Kings' Rest,10,1,1180.0,161873,0,303.0,2026-08-23,0,-1,1181.0,40.3,,
72422,52218,DeathKnight,Blood,San'layn,Tank,CN,The Blinding Vale,13,1,1397.1,162324,0,308.0,2026-08-23,0,-1,1449.0,19.5,,
72422,66919,Evoker,Preservation,Flameshaper,Healer,CN,The Blinding Vale,13,1,1397.1,49318,2,311.0,2026-08-23,0,-1,1449.0,19.5,,
72422,52221,Mage,Arcane,Sunfury,DPS,CN,The Blinding Vale,13,1,1397.1,269291,0,310.0,2026-08-23,0,-1,1449.0,19.5,,
72422,78009,Shaman,Elemental,Farseer,DPS,CN,The Blinding Vale,13,1,1397.1,230972,1,303.0,2026-08-23,0,-1,1449.0,19.5,,
72422,52220,Warrior,Arms,Slayer,DPS,CN,The Blinding Vale,13,1,1397.1,212703,1,311.0,2026-08-23,0,-1,1449.0,19.5,,
19935,44135,Paladin,Protection,Lightsmith,Tank,US,Murder Row,12,1,1927.5,99627,1,295.0,2026-08-19,0,-1,2039.0,0.1,,
19935,6357,Shaman,Restoration,Totemic,Healer,US,Murder Row,12,1,1927.5,18969,1,297.0,2026-08-19,0,-1,2039.0,0.1,,3132
19935,6358,Warrior,Arms,Slayer,DPS,US,Murder Row,12,1,1927.5,169824,1,299.0,2026-08-19,0,-1,2039.0,0.1,,3132
19935,2962,DemonHunter,Devourer,Void-Scarred,DPS,US,Murder Row,12,1,1927.5,166431,2,296.0,2026-08-19,0,-1,2039.0,0.1,,
19935,4317,Mage,Arcane,Sunfury,DPS,US,Murder Row,12,1,1927.5,144467,3,294.0,2026-08-19,0,-1,2039.0,0.1,,
25389,13494,DeathKnight,Blood,San'layn,Tank,EU,The Blinding Vale,10,1,1057.9,127831,0,302.0,2026-08-20,0,-1,1055.0,41.4,,2717
25389,13495,Priest,Discipline,Oracle,Healer,EU,The Blinding Vale,10,1,1057.9,20914,1,302.0,2026-08-20,0,-1,1055.0,41.4,,
25389,13498,DeathKnight,Unholy,Rider of the Apocalypse,DPS,EU,The Blinding Vale,10,1,1057.9,297648,0,304.0,2026-08-20,0,-1,1055.0,41.4,,2762
25389,13496,Druid,Feral,Wildstalker,DPS,EU,The Blinding Vale,10,1,1057.9,252113,0,302.0,2026-08-20,0,-1,1055.0,41.4,,
25389,13497,Rogue,Assassination,Deathstalker,DPS,EU,The Blinding Vale,10,1,1057.9,236137,0,305.0,2026-08-20,0,-1,1055.0,41.4,,2716
16152,28555,DeathKnight,Blood,San'layn,Tank,EU,Voidscar Arena,6,1,990.7,53601,0,280.0,2026-08-19,0,-1,987.0,45.2,,
16152,34990,Paladin,Holy,Herald of the Sun,Healer,EU,Voidscar Arena,6,1,990.7,18631,0,292.0,2026-08-19,0,-1,987.0,45.2,,
16152,28558,Warrior,Arms,Slayer,DPS,EU,Voidscar Arena,6,1,990.7,110454,0,287.0,2026-08-19,0,-1,987.0,45.2,,
16152,34991,Rogue,Subtlety,Trickster,DPS,EU,Voidscar Arena,6,1,990.7,158477,0,290.0,2026-08-19,0,-1,987.0,45.2,,
16152,34992,Shaman,Elemental,Farseer,DPS,EU,Voidscar Arena,6,1,990.7,124961,1,286.0,2026-08-19,0,-1,987.0,45.2,,
36521,78736,Paladin,Protection,Lightsmith,Tank,EU,Altar of Fangs,10,1,1135.1,115737,0,302.0,2026-08-21,0,-1,1126.0,37.4,,
36521,14753,Shaman,Restoration,Totemic,Healer,EU,Altar of Fangs,10,1,1135.1,49964,0,309.0,2026-08-21,0,-1,1126.0,37.4,,
36521,54539,Rogue,Subtlety,Deathstalker,DPS,EU,Altar of Fangs,10,1,1135.1,271712,0,304.0,2026-08-21,0,-1,1126.0,37.4,,
36521,66453,Warrior,Arms,Slayer,DPS,EU,Altar of Fangs,10,1,1135.1,274260,0,303.0,2026-08-21,0,-1,1126.0,37.4,,
36521,78737,Druid,Balance,Elune's Chosen,DPS,EU,Altar of Fangs,10,1,1135.1,202061,0,294.0,2026-08-21,0,-1,1126.0,37.4,,
64425,136564,Druid,Guardian,Elune's Chosen,Tank,US,Ruby Life Pools,15,1,1469.3,107766,1,310.0,2026-08-23,0,-1,1536.0,8.6,,
64425,19635,Shaman,Restoration,Totemic,Healer,US,Ruby Life Pools,15,1,1469.3,38478,1,302.0,2026-08-23,0,-1,1536.0,8.6,,
64425,48680,Mage,Arcane,Sunfury,DPS,US,Ruby Life Pools,15,1,1469.3,264466,1,312.0,2026-08-23,0,-1,1536.0,8.6,,
64425,1957,DemonHunter,Devourer,Void-Scarred,DPS,US,Ruby Life Pools,15,1,1469.3,241832,1,309.0,2026-08-23,0,-1,1536.0,8.6,,3158
64425,53077,Warrior,Arms,Slayer,DPS,US,Ruby Life Pools,15,1,1469.3,269934,1,311.0,2026-08-23,0,-1,1536.0,8.6,,
41119,87307,Druid,Guardian,Elune's Chosen,Tank,EU,Den of Nalorakk,11,1,1268.0,93822,0,292.0,2026-08-21,0,-1,1265.0,34.1,,
41119,32999,Shaman,Restoration,Totemic,Healer,EU,Den of Nalorakk,11,1,1268.0,28787,0,306.0,2026-08-21,0,-1,1265.0,34.1,,
41119,17470,Rogue,Outlaw,Trickster,DPS,EU,Den of Nalorakk,11,1,1268.0,213646,1,298.0,2026-08-21,0,-1,1265.0,34.1,,
41119,87308,Mage,Arcane,Sunfury,DPS,EU,Den of Nalorakk,11,1,1268.0,230555,0,306.0,2026-08-21,0,-1,1265.0,34.1,,
41119,87309,Warrior,Arms,Slayer,DPS,EU,Den of Nalorakk,11,1,1268.0,158584,0,304.0,2026-08-21,0,-1,1265.0,34.1,,
75867,63186,DeathKnight,Blood,San'layn,Tank,US,Temple of Sethraliss,13,1,1457.9,150630,0,303.0,2026-08-23,0,-1,1510.0,21.4,,
75867,665,Shaman,Restoration,Totemic,Healer,US,Temple of Sethraliss,13,1,1457.9,41919,0,308.0,2026-08-23,0,-1,1510.0,21.4,,2833
75867,119695,Rogue,Outlaw,Trickster,DPS,US,Temple of Sethraliss,13,1,1457.9,210403,2,304.0,2026-08-23,0,-1,1510.0,21.4,,
75867,10169,Monk,Windwalker,Shado-Pan,DPS,US,Temple of Sethraliss,13,1,1457.9,220427,1,308.0,2026-08-23,0,-1,1510.0,21.4,,
75867,143691,Druid,Feral,Wildstalker,DPS,US,Temple of Sethraliss,13,1,1457.9,228779,1,303.0,2026-08-23,0,-1,1510.0,21.4,,
75702,27882,DemonHunter,Vengeance,Unknown,Tank,EU,Altar of Fangs,14,1,1576.7,158795,0,312.0,2026-08-23,0,-1,1568.0,12.9,,
75702,82232,Evoker,Preservation,Unknown,Healer,EU,Altar of Fangs,14,1,1576.7,57888,0,302.0,2026-08-23,0,-1,1568.0,12.9,,
75702,16622,Warrior,Arms,Unknown,DPS,EU,Altar of Fangs,14,1,1576.7,238155,0,307.0,2026-08-23,0,-1,1568.0,12.9,,
75702,69168,Shaman,Elemental,Unknown,DPS,EU,Altar of Fangs,14,1,1576.7,262651,0,308.0,2026-08-23,0,-1,1568.0,12.9,,
75702,142344,Priest,Shadow,Unknown,DPS,EU,Altar of Fangs,14,1,1576.7,241426,0,303.0,2026-08-23,0,-1,1568.0,12.9,,
3232,7034,Warrior,Protection,Mountain Thane,Tank,US,Voidscar Arena,11,1,1398.6,113132,0,290.0,2026-08-18,0,-1,1415.0,21.4,,
3232,7035,Priest,Discipline,Voidweaver,Healer,US,Voidscar Arena,11,1,1398.6,27314,1,293.0,2026-08-18,0,-1,1415.0,21.4,,
3232,7036,DemonHunter,Devourer,Annihilator,DPS,US,Voidscar Arena,11,1,1398.6,178153,1,293.0,2026-08-18,0,-1,1415.0,21.4,,
3232,7037,Priest,Shadow,Voidweaver,DPS,US,Voidscar Arena,11,1,1398.6,185403,1,293.0,2026-08-18,0,-1,1415.0,21.4,,
3232,7038,Mage,Arcane,Sunfury,DPS,US,Voidscar Arena,11,1,1398.6,188426,2,294.0,2026-08-18,0,-1,1415.0,21.4,,
6765,14266,DeathKnight,Blood,San'layn,Tank,EU,Ruby Life Pools,11,1,1352.3,145931,0,295.0,2026-08-19,0,-1,1384.0,17.6,,3349
6765,14456,Paladin,Holy,Herald of the Sun,Healer,EU,Ruby Life Pools,11,1,1352.3,9057,4,286.0,2026-08-19,0,-1,1384.0,17.6,,
6765,14268,Rogue,Subtlety,Deathstalker,DPS,EU,Ruby Life Pools,11,1,1352.3,217315,1,295.0,2026-08-19,0,-1,1384.0,17.6,,3405
6765,14457,Shaman,Enhancement,Stormbringer,DPS,EU,Ruby Life Pools,11,1,1352.3,191908,1,292.0,2026-08-19,0,-1,1384.0,17.6,,
6765,14458,Hunter,BeastMastery,Pack Leader,DPS,EU,Ruby Life Pools,11,1,1352.3,163292,2,293.0,2026-08-19,0,-1,1384.0,17.6,,
42315,48050,DemonHunter,Vengeance,Annihilator,Tank,EU,Murder Row,10,1,1202.4,126407,0,305.0,2026-08-21,0,-1,1194.0,41.5,,
42315,89355,Shaman,Restoration,Totemic,Healer,EU,Murder Row,10,1,1202.4,28493,0,307.0,2026-08-21,0,-1,1194.0,41.5,,
42315,22441,Paladin,Retribution,Templar,DPS,EU,Murder Row,10,1,1202.4,225552,0,301.0,2026-08-21,0,-1,1194.0,41.5,,
42315,65203,Shaman,Elemental,Farseer,DPS,EU,Murder Row,10,1,1202.4,169110,0,299.0,2026-08-21,0,-1,1194.0,41.5,,
42315,16243,Rogue,Subtlety,Deathstalker,DPS,EU,Murder Row,10,1,1202.4,236832,0,304.0,2026-08-21,0,-1,1194.0,41.5,,
42890,13822,Paladin,Protection,Lightsmith,Tank,EU,Ruby Life Pools,13,1,1457.5,97630,2,302.0,2026-08-21,0,-1,1539.0,8.4,,
42890,47425,Paladin,Holy,Herald of the Sun,Healer,EU,Ruby Life Pools,13,1,1457.5,24416,2,304.0,2026-08-21,0,-1,1539.0,8.4,,
42890,90299,DemonHunter,Devourer,Void-Scarred,DPS,EU,Ruby Life Pools,13,1,1457.5,217691,0,300.0,2026-08-21,0,-1,1539.0,8.4,,
42890,13825,Mage,Arcane,Sunfury,DPS,EU,Ruby Life Pools,13,1,1457.5,262846,0,308.0,2026-08-21,0,-1,1539.0,8.4,,
42890,25230,Warrior,Arms,Slayer,DPS,EU,Ruby Life Pools,13,1,1457.5,219896,2,311.0,2026-08-21,0,-1,1539.0,8.4,,
53031,48348,DeathKnight,Blood,San'layn,Tank,EU,Ruby Life Pools,5,1,732.1,116328,0,307.0,2026-08-22,0,-1,,,,
53031,111700,Priest,Discipline,Oracle,Healer,EU,Ruby Life Pools,5,1,732.1,16939,0,301.0,2026-08-22,0,-1,,,,
53031,111701,Paladin,Retribution,Herald of the Sun,DPS,EU,Ruby Life Pools,5,1,732.1,194373,0,300.0,2026-08-22,0,-1,,,,
53031,111702,Mage,Frost,Spellslinger,DPS,EU,Ruby Life Pools,5,1,732.1,176084,0,293.0,2026-08-22,0,-1,,,,
53031,111703,Warlock,Demonology,Diabolist,DPS,EU,Ruby Life Pools,5,1,732.1,199710,0,305.0,2026-08-22,0,-1,,,,
7803,13525,DeathKnight,Blood,San'layn,Tank,EU,Ruby Life Pools,10,1,1077.3,119716,0,296.0,2026-08-19,0,-1,1069.0,36.4,,
7803,13526,Shaman,Restoration,Totemic,Healer,EU,Ruby Life Pools,10,1,1077.3,26942,0,301.0,2026-08-19,0,-1,1069.0,36.4,,
7803,13528,Paladin,Retribution,Templar,DPS,EU,Ruby Life Pools,10,1,1077.3,189820,0,296.0,2026-08-19,0,-1,1069.0,36.4,,
7803,13527,Warrior,Arms,Slayer,DPS,EU,Ruby Life Pools,10,1,1077.3,239463,0,299.0,2026-08-19,0,-1,1069.0,36.4,,
7803,13529,Druid,Balance,Elune's Chosen,DPS,EU,Ruby Life Pools,10,1,1077.3,181159,0,299.0,2026-08-19,0,-1,1069.0,36.4,,
16687,25122,Paladin,Protection,Templar,Tank,EU,Temple of Sethraliss,9,1,1307.4,91542,0,294.0,2026-08-19,0,-1,1304.0,32.1,,
16687,25123,Shaman,Restoration,Totemic,Healer,EU,Temple of Sethraliss,9,1,1307.4,29141,0,296.0,2026-08-19,0,-1,1304.0,32.1,,
16687,25126,DemonHunter,Devourer,Void-Scarred,DPS,EU,Temple of Sethraliss,9,1,1307.4,137406,1,292.0,2026-08-19,0,-1,1304.0,32.1,,
16687,25124,Warrior,Arms,Slayer,DPS,EU,Temple of Sethraliss,9,1,1307.4,185539,0,296.0,2026-08-19,0,-1,1304.0,32.1,,
16687,25125,Shaman,Elemental,Farseer,DPS,EU,Temple of Sethraliss,9,1,1307.4,177320,0,295.0,2026-08-19,0,-1,1304.0,32.1,,
4384,8880,Paladin,Protection,Unknown,Tank,US,Altar of Fangs,10,1,1340.1,82949,0,288.0,2026-08-18,0,-1,1342.0,25.5,,
4384,9921,Shaman,Restoration,Unknown,Healer,US,Altar of Fangs,10,1,1340.1,38258,0,288.0,2026-08-18,0,-1,1342.0,25.5,,
4384,9922,DeathKnight,Unholy,Unknown,DPS,US,Altar of Fangs,10,1,1340.1,227045,0,295.0,2026-08-18,0,-1,1342.0,25.5,,
4384,7082,DeathKnight,Frost,Unknown,DPS,US,Altar of Fangs,10,1,1340.1,216424,1,293.0,2026-08-18,0,-1,1342.0,25.5,,3197
4384,9923,Shaman,Elemental,Unknown,DPS,US,Altar of Fangs,10,1,1340.1,193850,1,291.0,2026-08-18,0,-1,1342.0,25.5,,
36794,79266,Paladin,Protection,Lightsmith,Tank,CN,Altar of Fangs,8,1,1072.1,115728,0,298.0,2026-08-20,0,-1,1074.0,40.4,,
36794,79267,Shaman,Restoration,Totemic,Healer,CN,Altar of Fangs,8,1,1072.1,26393,0,295.0,2026-08-20,0,-1,1074.0,40.4,,
36794,79268,Mage,Arcane,Sunfury,DPS,CN,Altar of Fangs,8,1,1072.1,248535,0,297.0,2026-08-20,0,-1,1074.0,40.4,,
36794,73354,Shaman,Elemental,Farseer,DPS,CN,Altar of Fangs,8,1,1072.1,284835,0,300.0,2026-08-20,0,-1,1074.0,40.4,,
36794,79269,Warrior,Arms,Slayer,DPS,CN,Altar of Fangs,8,1,1072.1,138071,2,287.0,2026-08-20,0,-1,1074.0,40.4,,
45967,96949,Druid,Guardian,Elune's Chosen,Tank,EU,The Blinding Vale,2,1,1015.2,63717,0,289.0,2026-08-22,0,-1,,,,
45967,96950,Shaman,Restoration,Totemic,Healer,EU,The Blinding Vale,2,1,1015.2,31597,1,292.0,2026-08-22,0,-1,,,,
45967,96951,Shaman,Elemental,Farseer,DPS,EU,The Blinding Vale,2,1,1015.2,144452,0,293.0,2026-08-22,0,-1,,,,
45967,96952,Mage,Frost,Frostfire,DPS,EU,The Blinding Vale,2,1,1015.2,120914,0,290.0,2026-08-22,0,-1,,,,
45967,96953,Monk,Windwalker,Shado-Pan,DPS,EU,The Blinding Vale,2,1,1015.2,83363,0,281.0,2026-08-22,0,-1,,,,
87344,26984,DeathKnight,Blood,Deathbringer,Tank,EU,Altar of Fangs,10,1,1055.2,128424,0,310.0,2026-08-23,0,-1,1046.0,41.9,2,
87344,153667,Monk,Mistweaver,Conduit of the Celestials,Healer,EU,Altar of Fangs,10,1,1055.2,53219,0,296.0,2026-08-23,0,-1,1046.0,41.9,0,
87344,47791,DemonHunter,Devourer,Void-Scarred,DPS,EU,Altar of Fangs,10,1,1055.2,295792,0,310.0,2026-08-23,0,-1,1046.0,41.9,4,
87344,153668,Druid,Balance,Elune's Chosen,DPS,EU,Altar of Fangs,10,1,1055.2,234693,0,311.0,2026-08-23,0,-1,1046.0,41.9,4,
87344,16055,Shaman,Enhancement,Stormbringer,DPS,EU,Altar of Fangs,10,1,1055.2,317639,0,311.0,2026-08-23,0,-1,1046.0,41.9,4,
82618,82643,DeathKnight,Blood,San'layn,Tank,CN,Altar of Fangs,17,1,1686.7,211243,0,314.0,2026-08-23,0,-1,1783.0,1.0,,
82618,82644,Paladin,Holy,Lightsmith,Healer,CN,Altar of Fangs,17,1,1686.7,51883,2,310.0,2026-08-23,0,-1,1783.0,1.0,,
82618,82645,Shaman,Elemental,Farseer,DPS,CN,Altar of Fangs,17,1,1686.7,352668,1,311.0,2026-08-23,0,-1,1783.0,1.0,,
82618,139814,Paladin,Retribution,Herald of the Sun,DPS,CN,Altar of Fangs,17,1,1686.7,327231,1,313.0,2026-08-23,0,-1,1783.0,1.0,,
82618,82646,Mage,Arcane,Sunfury,DPS,CN,Altar of Fangs,17,1,1686.7,306801,3,312.0,2026-08-23,0,-1,1783.0,1.0,,
82112,68686,DemonHunter,Vengeance,Annihilator,Tank,EU,Altar of Fangs,13,1,1483.2,121529,0,309.0,2026-08-23,0,-1,1475.0,18.1,,
82112,99477,Paladin,Holy,Herald of the Sun,Healer,EU,Altar of Fangs,13,1,1483.2,22587,0,303.0,2026-08-23,0,-1,1475.0,18.1,,
82112,146519,Shaman,Enhancement,Stormbringer,DPS,EU,Altar of Fangs,13,1,1483.2,253482,0,307.0,2026-08-23,0,-1,1475.0,18.1,,
82112,44465,Warrior,Arms,Slayer,DPS,EU,Altar of Fangs,13,1,1483.2,253784,0,305.0,2026-08-23,0,-1,1475.0,18.1,,
82112,42200,Rogue,Subtlety,Deathstalker,DPS,EU,Altar of Fangs,13,1,1483.2,273731,0,307.0,2026-08-23,0,-1,1475.0,18.1,,
53244,10870,DemonHunter,Vengeance,Annihilator,Tank,US,Ruby Life Pools,5,1,786.7,122549,0,306.0,2026-08-22,0,-1,,,,
53244,112878,Paladin,Holy,Herald of the Sun,Healer,US,Ruby Life Pools,5,1,786.7,25267,0,290.0,2026-08-22,0,-1,,,,
53244,113069,Warrior,Arms,Slayer,DPS,US,Ruby Life Pools,5,1,786.7,130537,0,297.0,2026-08-22,0,-1,,,,
53244,113070,Mage,Fire,Sunfury,DPS,US,Ruby Life Pools,5,1,786.7,154832,0,290.0,2026-08-22,0,-1,,,,
53244,44229,Shaman,Elemental,Farseer,DPS,US,Ruby Life Pools,5,1,786.7,226604,0,304.0,2026-08-22,0,-1,,,,
20655,45940,Monk,Brewmaster,Master of Harmony,Tank,EU,Altar of Fangs,10,1,1221.8,97796,0,304.0,2026-08-19,0,-1,1228.0,31.8,,
20655,45941,Priest,Discipline,Oracle,Healer,EU,Altar of Fangs,10,1,1221.8,16388,1,304.0,2026-08-19,0,-1,1228.0,31.8,,
20655,45942,Warrior,Arms,Slayer,DPS,EU,Altar of Fangs,10,1,1221.8,195511,1,299.0,2026-08-19,0,-1,1228.0,31.8,,
20655,45943,Rogue,Subtlety,Deathstalker,DPS,EU,Altar of Fangs,10,1,1221.8,270729,0,310.0,2026-08-19,0,-1,1228.0,31.8,,
20655,45944,Hunter,Marksmanship,Sentinel,DPS,EU,Altar of Fangs,10,1,1221.8,236686,1,306.0,2026-08-19,0,-1,1228.0,31.8,,
57098,2366,Warrior,Protection,Mountain Thane,Tank,US,Ruby Life Pools,11,1,1058.0,177801,0,310.0,2026-08-23,0,-1,1055.0,37.2,,2880
57098,121505,Shaman,Restoration,Totemic,Healer,US,Ruby Life Pools,11,1,1058.0,15479,0,297.0,2026-08-23,0,-1,1055.0,37.2,,
57098,64493,DemonHunter,Devourer,Void-Scarred,DPS,US,Ruby Life Pools,11,1,1058.0,243782,0,304.0,2026-08-23,0,-1,1055.0,37.2,,
57098,38611,Mage,Arcane,Sunfury,DPS,US,Ruby Life Pools,11,1,1058.0,245342,1,305.0,2026-08-23,0,-1,1055.0,37.2,,
57098,121506,Priest,Shadow,Archon,DPS,US,Ruby Life Pools,11,1,1058.0,216574,0,300.0,2026-08-23,0,-1,1055.0,37.2,,
76671,80498,DeathKnight,Blood,San'layn,Tank,CN,Voidscar Arena,15,1,1631.8,128950,3,304.0,2026-08-21,0,-1,1684.0,6.5,,
76671,144118,Monk,Mistweaver,Conduit of the Celestials,Healer,CN,Voidscar Arena,15,1,1631.8,50940,0,293.0,2026-08-21,0,-1,1684.0,6.5,,
76671,52537,DemonHunter,Havoc,Fel-Scarred,DPS,CN,Voidscar Arena,15,1,1631.8,250892,0,301.0,2026-08-21,0,-1,1684.0,6.5,,
76671,144119,Mage,Arcane,Sunfury,DPS,CN,Voidscar Arena,15,1,1631.8,239497,1,299.0,2026-08-21,0,-1,1684.0,6.5,,
76671,73626,Shaman,Elemental,Farseer,DPS,CN,Voidscar Arena,15,1,1631.8,241291,0,299.0,2026-08-21,0,-1,1684.0,6.5,,
51741,39451,Warrior,Protection,Mountain Thane,Tank,US,Murder Row,5,1,1208.9,108688,1,304.0,2026-08-22,0,-1,,,,
51741,105629,Monk,Mistweaver,Conduit of the Celestials,Healer,US,Murder Row,5,1,1208.9,33443,0,290.0,2026-08-22,0,-1,,,,
51741,109944,Hunter,Survival,Sentinel,DPS,US,Murder Row,5,1,1208.9,115324,1,295.0,2026-08-22,0,-1,,,,
51741,109945,Warrior,Fury,Mountain Thane,DPS,US,Murder Row,5,1,1208.9,125599,1,295.0,2026-08-22,0,-1,,,,
51741,109946,Warlock,Destruction,Diabolist,DPS,US,Murder Row,5,1,1208.9,79185,1,295.0,2026-08-22,0,-1,,,,
20868,3732,DeathKnight,Blood,Unknown,Tank,US,Kings' Rest,12,1,1683.8,75683,0,304.0,2026-08-20,0,-1,1691.0,14.6,,3206
20868,46410,Shaman,Restoration,Unknown,Healer,US,Kings' Rest,12,1,1683.8,28833,0,301.0,2026-08-20,0,-1,1691.0,14.6,,
20868,46411,Shaman,Enhancement,Unknown,DPS,US,Kings' Rest,12,1,1683.8,121139,1,301.0,2026-08-20,0,-1,1691.0,14.6,,
20868,11298,Paladin,Retribution,Unknown,DPS,US,Kings' Rest,12,1,1683.8,120651,0,303.0,2026-08-20,0,-1,1691.0,14.6,,
20868,3736,Warrior,Arms,Unknown,DPS,US,Kings' Rest,12,1,1683.8,173575,0,304.0,2026-08-20,0,-1,1691.0,14.6,,3227
86734,152419,Paladin,Protection,Lightsmith,Tank,EU,Ruby Life Pools,2,1,849.8,70920,0,291.0,2026-08-23,0,-1,842.0,49.9,0,
86734,152420,Shaman,Restoration,Totemic,Healer,EU,Ruby Life Pools,2,1,849.8,36929,0,297.0,2026-08-23,0,-1,842.0,49.9,2,
86734,152422,Hunter,BeastMastery,Pack Leader,DPS,EU,Ruby Life Pools,2,1,849.8,150950,0,291.0,2026-08-23,0,-1,842.0,49.9,0,
86734,152699,Paladin,Retribution,Templar,DPS,EU,Ruby Life Pools,2,1,849.8,101421,0,276.0,2026-08-23,0,-1,842.0,49.9,,
86734,152421,Shaman,Elemental,Farseer,DPS,EU,Ruby Life Pools,2,1,849.8,130632,0,289.0,2026-08-23,0,-1,842.0,49.9,0,
82307,104211,DeathKnight,Blood,San'layn,Tank,CN,Altar of Fangs,14,1,1430.6,172863,0,314.0,2026-08-22,0,-1,1422.0,21.0,,
82307,104212,Paladin,Holy,Lightsmith,Healer,CN,Altar of Fangs,14,1,1430.6,60714,0,309.0,2026-08-22,0,-1,1422.0,21.0,,
82307,104215,Warrior,Arms,Slayer,DPS,CN,Altar of Fangs,14,1,1430.6,242265,0,306.0,2026-08-22,0,-1,1422.0,21.0,,
82307,104213,Shaman,Elemental,Farseer,DPS,CN,Altar of Fangs,14,1,1430.6,306749,0,307.0,2026-08-22,0,-1,1422.0,21.0,,
82307,104214,Mage,Arcane,Sunfury,DPS,CN,Altar of Fangs,14,1,1430.6,266642,0,306.0,2026-08-22,0,-1,1422.0,21.0,,
63661,122979,Monk,Brewmaster,Master of Harmony,Tank,US,Kings' Rest,13,1,1565.8,98819,0,304.0,2026-08-23,0,-1,1603.0,19.1,,
63661,136565,Shaman,Restoration,Totemic,Healer,US,Kings' Rest,13,1,1565.8,30047,1,305.0,2026-08-23,0,-1,1603.0,19.1,,
63661,66418,DemonHunter,Devourer,Void-Scarred,DPS,US,Kings' Rest,13,1,1565.8,158265,0,306.0,2026-08-23,0,-1,1603.0,19.1,,
63661,677,Mage,Arcane,Sunfury,DPS,US,Kings' Rest,13,1,1565.8,186575,0,313.0,2026-08-23,0,-1,1603.0,19.1,,
63661,63494,Rogue,Subtlety,Deathstalker,DPS,US,Kings' Rest,13,1,1565.8,160363,2,303.0,2026-08-23,0,-1,1603.0,19.1,,
17026,37635,Paladin,Protection,Lightsmith,Tank,US,Ruby Life Pools,2,1,920.2,96174,0,290.0,2026-08-20,0,-1,912.0,45.7,,
17026,37636,Druid,Restoration,Keeper of the Grove,Healer,US,Ruby Life Pools,2,1,920.2,18838,0,292.0,2026-08-20,0,-1,912.0,45.7,,
17026,37637,Shaman,Elemental,Farseer,DPS,US,Ruby Life Pools,2,1,920.2,117088,0,287.0,2026-08-20,0,-1,912.0,45.7,,
17026,37638,Paladin,Retribution,Templar,DPS,US,Ruby Life Pools,2,1,920.2,108974,0,285.0,2026-08-20,0,-1,912.0,45.7,,
17026,37639,DeathKnight,Unholy,Rider of the Apocalypse,DPS,US,Ruby Life Pools,2,1,920.2,119796,0,286.0,2026-08-20,0,-1,912.0,45.7,,
8008,14646,Paladin,Protection,Lightsmith,Tank,EU,Kings' Rest,11,1,1443.6,84853,0,299.0,2026-08-19,0,-1,1440.0,27.3,,2852
8008,16722,Evoker,Preservation,Flameshaper,Healer,EU,Kings' Rest,11,1,1443.6,30829,0,294.0,2026-08-19,0,-1,1440.0,27.3,,
8008,14648,Warlock,Demonology,Diabolist,DPS,EU,Kings' Rest,11,1,1443.6,141093,0,291.0,2026-08-19,0,-1,1440.0,27.3,,2732
8008,14650,Druid,Balance,Elune's Chosen,DPS,EU,Kings' Rest,11,1,1443.6,141206,1,295.0,2026-08-19,0,-1,1440.0,27.3,,2950
8008,14649,DemonHunter,Havoc,Fel-Scarred,DPS,EU,Kings' Rest,11,1,1443.6,151736,0,298.0,2026-08-19,0,-1,1440.0,27.3,,2965
21937,21463,Druid,Guardian,Elune's Chosen,Tank,EU,Temple of Sethraliss,11,1,1517.0,102805,0,300.0,2026-08-20,0,-1,1508.0,21.5,,2809
21937,21464,Priest,Discipline,Oracle,Healer,EU,Temple of Sethraliss,11,1,1517.0,16973,0,300.0,2026-08-20,0,-1,1508.0,21.5,,2809
21937,23632,DeathKnight,Frost,Deathbringer,DPS,EU,Temple of Sethraliss,11,1,1517.0,206876,0,299.0,2026-08-20,0,-1,1508.0,21.5,,
21937,48796,Mage,Arcane,Sunfury,DPS,EU,Temple of Sethraliss,11,1,1517.0,124592,0,300.0,2026-08-20,0,-1,1508.0,21.5,,
21937,48797,Shaman,Elemental,Farseer,DPS,EU,Temple of Sethraliss,11,1,1517.0,221396,0,304.0,2026-08-20,0,-1,1508.0,21.5,,
22027,8844,DeathKnight,Blood,San'layn,Tank,US,Ruby Life Pools,7,1,958.1,139213,0,305.0,2026-08-20,0,-1,949.0,43.5,,
22027,48987,Paladin,Holy,Herald of the Sun,Healer,US,Ruby Life Pools,7,1,958.1,18952,0,293.0,2026-08-20,0,-1,949.0,43.5,,
22027,48988,Warrior,Arms,Slayer,DPS,US,Ruby Life Pools,7,1,958.1,190338,0,294.0,2026-08-20,0,-1,949.0,43.5,,
22027,48989,Monk,Windwalker,Shado-Pan,DPS,US,Ruby Life Pools,7,1,958.1,171621,0,289.0,2026-08-20,0,-1,949.0,43.5,,
22027,48990,Mage,Arcane,Sunfury,DPS,US,Ruby Life Pools,7,1,958.1,179757,0,292.0,2026-08-20,0,-1,949.0,43.5,,
56497,118614,Monk,Brewmaster,Master of Harmony,Tank,US,Den of Nalorakk,5,1,1137.8,62645,0,295.0,2026-08-23,0,-1,,,,
56497,120109,Paladin,Holy,Herald of the Sun,Healer,US,Den of Nalorakk,5,1,1137.8,10732,0,286.0,2026-08-23,0,-1,,,,
56497,120110,Warlock,Demonology,Diabolist,DPS,US,Den of Nalorakk,5,1,1137.8,117372,0,296.0,2026-08-23,0,-1,,,,
56497,119165,Hunter,BeastMastery,Pack Leader,DPS,US,Den of Nalorakk,5,1,1137.8,120959,0,297.0,2026-08-23,0,-1,,,,
56497,120111,Warrior,Fury,Slayer,DPS,US,Den of Nalorakk,5,1,1137.8,124906,0,293.0,2026-08-23,0,-1,,,,
30239,16939,Paladin,Protection,Lightsmith,Tank,EU,Altar of Fangs,10,1,1104.3,136994,0,307.0,2026-08-22,0,-1,,,,2873
30239,16940,Shaman,Restoration,Farseer,Healer,EU,Altar of Fangs,10,1,1104.3,47206,0,304.0,2026-08-22,0,-1,,,,2873
30239,65069,Warlock,Destruction,Diabolist,DPS,EU,Altar of Fangs,10,1,1104.3,192814,0,301.0,2026-08-22,0,-1,,,,
30239,16942,Warrior,Arms,Slayer,DPS,EU,Altar of Fangs,10,1,1104.3,264990,0,300.0,2026-08-22,0,-1,,,,2873
30239,16941,Druid,Feral,Druid of the Claw,DPS,EU,Altar of Fangs,10,1,1104.3,282035,0,300.0,2026-08-22,0,-1,,,,2873
45595,96137,DemonHunter,Vengeance,Annihilator,Tank,KR,Altar of Fangs,13,1,1662.1,108352,0,294.0,2026-08-22,0,-1,,,,
45595,63094,Paladin,Holy,Herald of the Sun,Healer,KR,Altar of Fangs,13,1,1662.1,21952,0,304.0,2026-08-22,0,-1,,,,
45595,96138,Paladin,Retribution,Herald of the Sun,DPS,KR,Altar of Fangs,13,1,1662.1,225306,0,306.0,2026-08-22,0,-1,,,,
45595,65100,Shaman,Elemental,Farseer,DPS,KR,Altar of Fangs,13,1,1662.1,252277,0,305.0,2026-08-22,0,-1,,,,
45595,65230,Priest,Shadow,Voidweaver,DPS,KR,Altar of Fangs,13,1,1662.1,217419,0,305.0,2026-08-22,0,-1,,,,
22778,11046,DeathKnight,Blood,San'layn,Tank,US,Ruby Life Pools,12,1,1451.5,154782,0,301.0,2026-08-19,0,-1,1562.0,7.0,,
22778,5319,Priest,Discipline,Oracle,Healer,US,Ruby Life Pools,12,1,1451.5,17880,1,298.0,2026-08-19,0,-1,1562.0,7.0,,
22778,3126,DemonHunter,Devourer,Void-Scarred,DPS,US,Ruby Life Pools,12,1,1451.5,183565,1,299.0,2026-08-19,0,-1,1562.0,7.0,,
22778,46598,Rogue,Assassination,Fatebound,DPS,US,Ruby Life Pools,12,1,1451.5,215752,4,296.0,2026-08-19,0,-1,1562.0,7.0,,
22778,6896,Evoker,Devastation,Scalecommander,DPS,US,Ruby Life Pools,12,1,1451.5,212899,2,302.0,2026-08-19,0,-1,1562.0,7.0,,
7393,14481,DemonHunter,Vengeance,Annihilator,Tank,EU,Altar of Fangs,11,1,1591.0,114861,0,294.0,2026-08-19,0,-1,1633.0,9.3,,
7393,14482,Evoker,Preservation,Flameshaper,Healer,EU,Altar of Fangs,11,1,1591.0,28011,3,298.0,2026-08-19,0,-1,1633.0,9.3,,
7393,14485,Hunter,BeastMastery,Pack Leader,DPS,EU,Altar of Fangs,11,1,1591.0,189852,2,293.0,2026-08-19,0,-1,1633.0,9.3,,
7393,14483,DemonHunter,Devourer,Annihilator,DPS,EU,Altar of Fangs,11,1,1591.0,191082,2,293.0,2026-08-19,0,-1,1633.0,9.3,,
7393,14484,Mage,Arcane,Sunfury,DPS,EU,Altar of Fangs,11,1,1591.0,193427,3,299.0,2026-08-19,0,-1,1633.0,9.3,,
87273,21561,Warrior,Protection,Unknown,Tank,US,Temple of Sethraliss,15,1,1851.0,131576,0,309.0,2026-08-24,0,-1,1887.0,1.7,,
87273,82312,Shaman,Restoration,Unknown,Healer,US,Temple of Sethraliss,15,1,1851.0,31594,0,304.0,2026-08-24,0,-1,1887.0,1.7,,
87273,153533,DeathKnight,Frost,Unknown,DPS,US,Temple of Sethraliss,15,1,1851.0,226942,0,309.0,2026-08-24,0,-1,1887.0,1.7,,
87273,460,Druid,Balance,Unknown,DPS,US,Temple of Sethraliss,15,1,1851.0,213159,1,310.0,2026-08-24,0,-1,1887.0,1.7,,3167
87273,5120,Hunter,BeastMastery,Unknown,DPS,US,Temple of Sethraliss,15,1,1851.0,233234,2,312.0,2026-08-24,0,-1,1887.0,1.7,,
61366,55927,Druid,Guardian,Elune's Chosen,Tank,CN,Murder Row,10,1,1095.0,127430,0,307.0,2026-08-23,0,-1,1102.0,46.0,,
61366,94212,Paladin,Holy,Herald of the Sun,Healer,CN,Murder Row,10,1,1095.0,11436,0,303.0,2026-08-23,0,-1,1102.0,46.0,,
61366,131591,Mage,Arcane,Sunfury,DPS,CN,Murder Row,10,1,1095.0,206610,2,300.0,2026-08-23,0,-1,1102.0,46.0,,
61366,53010,Rogue,Subtlety,Deathstalker,DPS,CN,Murder Row,10,1,1095.0,259931,0,308.0,2026-08-23,0,-1,1102.0,46.0,,
61366,58296,Mage,Arcane,Sunfury,DPS,CN,Murder Row,10,1,1095.0,265600,0,308.0,2026-08-23,0,-1,1102.0,46.0,,
37370,80511,DeathKnight,Blood,San'layn,Tank,EU,The Blinding Vale,9,1,1056.2,115832,0,296.0,2026-08-20,0,-1,1048.0,41.8,,
37370,80512,Monk,Mistweaver,Conduit of the Celestials,Healer,EU,The Blinding Vale,9,1,1056.2,47728,0,293.0,2026-08-20,0,-1,1048.0,41.8,,
37370,80513,Warrior,Arms,Slayer,DPS,EU,The Blinding Vale,9,1,1056.2,187476,0,288.0,2026-08-20,0,-1,1048.0,41.8,,
37370,80514,Rogue,Assassination,Deathstalker,DPS,EU,The Blinding Vale,9,1,1056.2,192879,0,294.0,2026-08-20,0,-1,1048.0,41.8,,
37370,80515,Shaman,Elemental,Farseer,DPS,EU,The Blinding Vale,9,1,1056.2,212000,0,295.0,2026-08-20,0,-1,1048.0,41.8,,
24564,16551,DemonHunter,Vengeance,Annihilator,Tank,EU,Altar of Fangs,13,1,1639.1,127402,0,305.0,2026-08-21,0,-1,1631.0,9.4,,
24564,16552,Paladin,Holy,Herald of the Sun,Healer,EU,Altar of Fangs,13,1,1639.1,26180,0,301.0,2026-08-21,0,-1,1631.0,9.4,,
24564,47329,Mage,Arcane,Sunfury,DPS,EU,Altar of Fangs,13,1,1639.1,250304,0,305.0,2026-08-21,0,-1,1631.0,9.4,,
24564,33070,Monk,Windwalker,Shado-Pan,DPS,EU,Altar of Fangs,13,1,1639.1,221184,0,310.0,2026-08-21,0,-1,1631.0,9.4,,
24564,16555,Warrior,Arms,Slayer,DPS,EU,Altar of Fangs,13,1,1639.1,229158,0,301.0,2026-08-21,0,-1,1631.0,9.4,,
69318,67681,DeathKnight,Blood,San'layn,Tank,CN,Murder Row,15,1,1706.5,132953,0,307.0,2026-08-22,0,-1,1788.0,12.4,,
69318,75738,Paladin,Holy,Lightsmith,Healer,CN,Murder Row,15,1,1706.5,45982,3,311.0,2026-08-22,0,-1,1788.0,12.4,,
69318,67471,Warrior,Arms,Slayer,DPS,CN,Murder Row,15,1,1706.5,232386,1,309.0,2026-08-22,0,-1,1788.0,12.4,,
69318,72643,Mage,Arcane,Sunfury,DPS,CN,Murder Row,15,1,1706.5,243375,1,307.0,2026-08-22,0,-1,1788.0,12.4,,
69318,136739,Shaman,Elemental,Farseer,DPS,CN,Murder Row,15,1,1706.5,257178,1,312.0,2026-08-22,0,-1,1788.0,12.4,,
78846,87421,DeathKnight,Blood,Unknown,Tank,CN,Kings' Rest,16,1,1685.9,126023,0,314.0,2026-08-22,0,-1,1738.0,12.2,,
78846,142339,Paladin,Holy,Unknown,Healer,CN,Kings' Rest,16,1,1685.9,27110,2,301.0,2026-08-22,0,-1,1738.0,12.2,,
78846,87423,Warrior,Arms,Unknown,DPS,CN,Kings' Rest,16,1,1685.9,204306,0,310.0,2026-08-22,0,-1,1738.0,12.2,,
78846,87424,Shaman,Elemental,Unknown,DPS,CN,Kings' Rest,16,1,1685.9,193630,1,310.0,2026-08-22,0,-1,1738.0,12.2,,
78846,87425,Mage,Arcane,Unknown,DPS,CN,Kings' Rest,16,1,1685.9,217854,1,311.0,2026-08-22,0,-1,1738.0,12.2,,
2496,3285,DeathKnight,Blood,San'layn,Tank,US,Voidscar Arena,11,0,1826.4,78195,3,294.0,2026-08-18,0,-1,1888.0,-4.9,,
2496,5638,Paladin,Holy,Herald of the Sun,Healer,US,Voidscar Arena,11,0,1826.4,14587,1,290.0,2026-08-18,0,-1,1888.0,-4.9,,
2496,3288,Warrior,Arms,Slayer,DPS,US,Voidscar Arena,11,0,1826.4,127660,6,292.0,2026-08-18,0,-1,1888.0,-4.9,,
2496,5639,Warrior,Arms,Slayer,DPS,US,Voidscar Arena,11,0,1826.4,139545,2,294.0,2026-08-18,0,-1,1888.0,-4.9,,
2496,5640,Hunter,BeastMastery,Pack Leader,DPS,US,Voidscar Arena,11,0,1826.4,137103,3,294.0,2026-08-18,0,-1,1888.0,-4.9,,
81526,84822,DeathKnight,Blood,San'layn,Tank,CN,Murder Row,12,1,1357.2,149004,0,314.0,2026-08-22,0,-1,1349.0,33.9,,
81526,82920,Shaman,Restoration,Totemic,Healer,CN,Murder Row,12,1,1357.2,21140,0,296.0,2026-08-22,0,-1,1349.0,33.9,,
81526,84824,Warrior,Arms,Slayer,DPS,CN,Murder Row,12,1,1357.2,233909,0,313.0,2026-08-22,0,-1,1349.0,33.9,,
81526,84825,Mage,Arcane,Sunfury,DPS,CN,Murder Row,12,1,1357.2,246520,0,306.0,2026-08-22,0,-1,1349.0,33.9,,
81526,106606,Priest,Shadow,Voidweaver,DPS,CN,Murder Row,12,1,1357.2,210562,0,305.0,2026-08-22,0,-1,1349.0,33.9,,
7274,1076,DeathKnight,Blood,San'layn,Tank,US,Den of Nalorakk,11,1,1493.0,99312,0,296.0,2026-08-19,0,-1,1484.0,22.7,,2834
7274,1507,Paladin,Holy,Herald of the Sun,Healer,US,Den of Nalorakk,11,1,1493.0,11419,0,292.0,2026-08-19,0,-1,1484.0,22.7,,
7274,1079,Mage,Arcane,Sunfury,DPS,US,Den of Nalorakk,11,1,1493.0,188292,0,299.0,2026-08-19,0,-1,1484.0,22.7,,2837
7274,13299,Warlock,Destruction,Diabolist,DPS,US,Den of Nalorakk,11,1,1493.0,165910,0,296.0,2026-08-19,0,-1,1484.0,22.7,,
7274,1080,DeathKnight,Unholy,Rider of the Apocalypse,DPS,US,Den of Nalorakk,11,1,1493.0,157814,0,297.0,2026-08-19,0,-1,1484.0,22.7,,2826
31326,67303,DeathKnight,Blood,San'layn,Tank,CN,Murder Row,12,1,1526.8,124119,0,303.0,2026-08-21,0,-1,1533.0,24.8,,
31326,67304,Paladin,Holy,Lightsmith,Healer,CN,Murder Row,12,1,1526.8,49284,0,303.0,2026-08-21,0,-1,1533.0,24.8,,
31326,67305,Warrior,Arms,Slayer,DPS,CN,Murder Row,12,1,1526.8,173159,0,302.0,2026-08-21,0,-1,1533.0,24.8,,
31326,67306,Shaman,Elemental,Farseer,DPS,CN,Murder Row,12,1,1526.8,204162,0,301.0,2026-08-21,0,-1,1533.0,24.8,,
31326,45964,Mage,Arcane,Sunfury,DPS,CN,Murder Row,12,1,1526.8,208475,1,306.0,2026-08-21,0,-1,1533.0,24.8,,
9584,715,DeathKnight,Blood,Deathbringer,Tank,US,Murder Row,10,1,1227.8,127838,0,298.0,2026-08-19,0,-1,1219.0,40.2,,2800
9584,18706,Priest,Discipline,Oracle,Healer,US,Murder Row,10,1,1227.8,22990,0,305.0,2026-08-19,0,-1,1219.0,40.2,,
9584,18707,Mage,Arcane,Sunfury,DPS,US,Murder Row,10,1,1227.8,214849,0,294.0,2026-08-19,0,-1,1219.0,40.2,,
9584,18708,Warlock,Destruction,Diabolist,DPS,US,Murder Row,10,1,1227.8,187619,0,296.0,2026-08-19,0,-1,1219.0,40.2,,
9584,17216,Warrior,Arms,Slayer,DPS,US,Murder Row,10,1,1227.8,220086,0,300.0,2026-08-19,0,-1,1219.0,40.2,,
62652,134776,Paladin,Protection,Lightsmith,Tank,EU,The Blinding Vale,10,1,1073.4,129354,0,309.0,2026-08-23,0,-1,1074.0,40.3,,
62652,134777,Paladin,Holy,Herald of the Sun,Healer,EU,The Blinding Vale,10,1,1073.4,7443,0,295.0,2026-08-23,0,-1,1074.0,40.3,,
62652,134778,Mage,Arcane,Sunfury,DPS,EU,The Blinding Vale,10,1,1073.4,217118,1,295.0,2026-08-23,0,-1,1074.0,40.3,,
62652,61029,Rogue,Subtlety,Deathstalker,DPS,EU,The Blinding Vale,10,1,1073.4,293272,0,310.0,2026-08-23,0,-1,1074.0,40.3,,
62652,112559,Warrior,Arms,Slayer,DPS,EU,The Blinding Vale,10,1,1073.4,243696,1,303.0,2026-08-23,0,-1,1074.0,40.3,,
69505,139855,Druid,Guardian,Elune's Chosen,Tank,US,Den of Nalorakk,12,1,1503.4,73216,0,292.0,2026-08-23,0,-1,1510.0,21.4,,
69505,18535,Monk,Mistweaver,Conduit of the Celestials,Healer,US,Den of Nalorakk,12,1,1503.4,45183,0,304.0,2026-08-23,0,-1,1510.0,21.4,,
69505,139856,Warlock,Affliction,Hellcaller,DPS,US,Den of Nalorakk,12,1,1503.4,179491,0,305.0,2026-08-23,0,-1,1510.0,21.4,,
69505,40617,Mage,Arcane,Sunfury,DPS,US,Den of Nalorakk,12,1,1503.4,161427,1,306.0,2026-08-23,0,-1,1510.0,21.4,,
69505,11529,Rogue,Outlaw,Trickster,DPS,US,Den of Nalorakk,12,1,1503.4,204206,0,312.0,2026-08-23,0,-1,1510.0,21.4,,
56507,90833,Warrior,Protection,Mountain Thane,Tank,US,Altar of Fangs,4,1,1068.4,102391,0,298.0,2026-08-23,0,-1,1060.0,41.1,,
56507,120135,Priest,Holy,Archon,Healer,US,Altar of Fangs,4,1,1068.4,8158,0,294.0,2026-08-23,0,-1,1060.0,41.1,,
56507,120136,Mage,Arcane,Sunfury,DPS,US,Altar of Fangs,4,1,1068.4,148349,0,300.0,2026-08-23,0,-1,1060.0,41.1,,
56507,120137,DeathKnight,Frost,Deathbringer,DPS,US,Altar of Fangs,4,1,1068.4,130224,0,292.0,2026-08-23,0,-1,1060.0,41.1,,
56507,120138,Warrior,Arms,Colossus,DPS,US,Altar of Fangs,4,1,1068.4,132455,0,290.0,2026-08-23,0,-1,1060.0,41.1,,
3629,8183,Paladin,Protection,Lightsmith,Tank,US,Temple of Sethraliss,11,1,1526.3,103276,0,296.0,2026-08-19,0,-1,1528.0,20.4,,
3629,8184,Paladin,Holy,Herald of the Sun,Healer,US,Temple of Sethraliss,11,1,1526.3,13578,0,302.0,2026-08-19,0,-1,1528.0,20.4,,
3629,8185,Mage,Arcane,Sunfury,DPS,US,Temple of Sethraliss,11,1,1526.3,201046,1,294.0,2026-08-19,0,-1,1528.0,20.4,,
3629,8186,Paladin,Retribution,Templar,DPS,US,Temple of Sethraliss,11,1,1526.3,177070,0,285.0,2026-08-19,0,-1,1528.0,20.4,,
3629,2253,Druid,Balance,Elune's Chosen,DPS,US,Temple of Sethraliss,11,1,1526.3,182503,1,295.0,2026-08-19,0,-1,1528.0,20.4,,
43845,17494,DeathKnight,Blood,San'layn,Tank,EU,Murder Row,11,1,1284.9,114960,0,307.0,2026-08-22,0,-1,1312.0,35.7,,
43845,15749,Shaman,Restoration,Totemic,Healer,EU,Murder Row,11,1,1284.9,19446,2,300.0,2026-08-22,0,-1,1312.0,35.7,,
43845,17498,Rogue,Assassination,Deathstalker,DPS,EU,Murder Row,11,1,1284.9,294434,2,306.0,2026-08-22,0,-1,1312.0,35.7,,
43845,25236,Warrior,Arms,Slayer,DPS,EU,Murder Row,11,1,1284.9,195570,2,304.0,2026-08-22,0,-1,1312.0,35.7,,
43845,92052,Shaman,Elemental,Farseer,DPS,EU,Murder Row,11,1,1284.9,192136,1,299.0,2026-08-22,0,-1,1312.0,35.7,,
60493,14619,DeathKnight,Blood,San'layn,Tank,EU,Kings' Rest,10,1,980.9,111777,0,315.0,2026-08-23,0,-1,978.0,50.6,,
60493,65297,Shaman,Restoration,Totemic,Healer,EU,Kings' Rest,10,1,980.9,36902,0,309.0,2026-08-23,0,-1,978.0,50.6,,
60493,55790,Hunter,BeastMastery,Pack Leader,DPS,EU,Kings' Rest,10,1,980.9,152112,0,300.0,2026-08-23,0,-1,978.0,50.6,,
60493,20772,Warrior,Arms,Slayer,DPS,EU,Kings' Rest,10,1,980.9,199373,1,312.0,2026-08-23,0,-1,978.0,50.6,,
60493,14622,Mage,Arcane,Sunfury,DPS,EU,Kings' Rest,10,1,980.9,226505,0,312.0,2026-08-23,0,-1,978.0,50.6,,
69168,78327,DeathKnight,Blood,San'layn,Tank,CN,Den of Nalorakk,12,1,1350.8,118365,0,305.0,2026-08-21,0,-1,1342.0,30.1,,
69168,78328,Paladin,Holy,Lightsmith,Healer,CN,Den of Nalorakk,12,1,1350.8,34975,0,305.0,2026-08-21,0,-1,1342.0,30.1,,
69168,78329,Mage,Arcane,Sunfury,DPS,CN,Den of Nalorakk,12,1,1350.8,206253,0,298.0,2026-08-21,0,-1,1342.0,30.1,,
69168,61568,Rogue,Subtlety,Deathstalker,DPS,CN,Den of Nalorakk,12,1,1350.8,219878,0,305.0,2026-08-21,0,-1,1342.0,30.1,,
69168,78330,Shaman,Elemental,Farseer,DPS,CN,Den of Nalorakk,12,1,1350.8,156484,0,298.0,2026-08-21,0,-1,1342.0,30.1,,
16637,9268,Druid,Guardian,Elune's Chosen,Tank,US,Voidscar Arena,8,1,971.9,96742,0,293.0,2026-08-18,0,-1,968.0,46.2,,
16637,9269,Priest,Holy,Archon,Healer,US,Voidscar Arena,8,1,971.9,25127,0,291.0,2026-08-18,0,-1,968.0,46.2,,
16637,9271,Priest,Shadow,Archon,DPS,US,Voidscar Arena,8,1,971.9,183859,0,293.0,2026-08-18,0,-1,968.0,46.2,,
16637,9272,Druid,Feral,Druid of the Claw,DPS,US,Voidscar Arena,8,1,971.9,232723,1,293.0,2026-08-18,0,-1,968.0,46.2,,2403
16637,9270,Warrior,Arms,Slayer,DPS,US,Voidscar Arena,8,1,971.9,208263,0,292.0,2026-08-18,0,-1,968.0,46.2,,2970
60298,48474,DemonHunter,Vengeance,Annihilator,Tank,EU,Murder Row,10,1,1213.6,111822,0,301.0,2026-08-19,0,-1,1205.0,40.9,,
60298,129030,Paladin,Holy,Herald of the Sun,Healer,EU,Murder Row,10,1,1213.6,30987,0,300.0,2026-08-19,0,-1,1205.0,40.9,,
60298,48476,Mage,Arcane,Sunfury,DPS,EU,Murder Row,10,1,1213.6,237889,0,302.0,2026-08-19,0,-1,1205.0,40.9,,
60298,54501,Mage,Arcane,Sunfury,DPS,EU,Murder Row,10,1,1213.6,217708,0,302.0,2026-08-19,0,-1,1205.0,40.9,,
60298,129136,Hunter,Marksmanship,Sentinel,DPS,EU,Murder Row,10,1,1213.6,167124,0,299.0,2026-08-19,0,-1,1205.0,40.9,,
50577,107329,DeathKnight,Blood,San'layn,Tank,EU,Den of Nalorakk,10,1,1215.8,90701,0,304.0,2026-08-22,0,-1,,,,
50577,104513,Paladin,Holy,Lightsmith,Healer,EU,Den of Nalorakk,10,1,1215.8,42830,0,310.0,2026-08-22,0,-1,,,,
50577,83980,Shaman,Elemental,Farseer,DPS,EU,Den of Nalorakk,10,1,1215.8,184887,1,301.0,2026-08-22,0,-1,,,,
50577,98107,Shaman,Elemental,Farseer,DPS,EU,Den of Nalorakk,10,1,1215.8,184366,0,303.0,2026-08-22,0,-1,,,,
50577,25799,Rogue,Subtlety,Deathstalker,DPS,EU,Den of Nalorakk,10,1,1215.8,196335,0,304.0,2026-08-22,0,-1,,,,
13166,25811,Paladin,Protection,Lightsmith,Tank,EU,Altar of Fangs,3,1,889.8,71094,0,285.0,2026-08-19,0,-1,881.0,51.0,,
13166,25812,Druid,Restoration,Keeper of the Grove,Healer,EU,Altar of Fangs,3,1,889.8,29859,0,291.0,2026-08-19,0,-1,881.0,51.0,,
13166,25813,Evoker,Devastation,Scalecommander,DPS,EU,Altar of Fangs,3,1,889.8,161755,1,292.0,2026-08-19,0,-1,881.0,51.0,,
13166,25814,Hunter,BeastMastery,Pack Leader,DPS,EU,Altar of Fangs,3,1,889.8,165835,0,298.0,2026-08-19,0,-1,881.0,51.0,,
13166,25815,DemonHunter,Havoc,Fel-Scarred,DPS,EU,Altar of Fangs,3,1,889.8,171928,0,291.0,2026-08-19,0,-1,881.0,51.0,,
59008,125790,Druid,Guardian,Elune's Chosen,Tank,US,Murder Row,5,1,1157.8,89726,0,301.0,2026-08-23,0,-1,,,,
59008,126140,Priest,Holy,Oracle,Healer,US,Murder Row,5,1,1157.8,16217,0,293.0,2026-08-23,0,-1,,,,
59008,125794,DeathKnight,Unholy,San'layn,DPS,US,Murder Row,5,1,1157.8,128576,0,296.0,2026-08-23,0,-1,,,,
59008,125793,Mage,Arcane,Sunfury,DPS,US,Murder Row,5,1,1157.8,124407,1,289.0,2026-08-23,0,-1,,,,
59008,126141,Mage,Arcane,Sunfury,DPS,US,Murder Row,5,1,1157.8,118708,1,293.0,2026-08-23,0,-1,,,,
5141,2457,DeathKnight,Blood,San'layn,Tank,US,Temple of Sethraliss,11,1,1697.9,104144,0,289.0,2026-08-19,0,-1,1720.0,10.4,,3150
5141,2894,Druid,Restoration,Wildstalker,Healer,US,Temple of Sethraliss,11,1,1697.9,7218,2,296.0,2026-08-19,0,-1,1720.0,10.4,,
5141,7362,DeathKnight,Frost,Deathbringer,DPS,US,Temple of Sethraliss,11,1,1697.9,163526,0,294.0,2026-08-19,0,-1,1720.0,10.4,,
5141,11249,Mage,Arcane,Sunfury,DPS,US,Temple of Sethraliss,11,1,1697.9,177801,0,294.0,2026-08-19,0,-1,1720.0,10.4,,
5141,7363,DemonHunter,Devourer,Void-Scarred,DPS,US,Temple of Sethraliss,11,1,1697.9,154125,4,296.0,2026-08-19,0,-1,1720.0,10.4,,3178
71082,140943,DeathKnight,Blood,Unknown,Tank,CN,Altar of Fangs,13,1,1511.4,124426,0,304.0,2026-08-23,0,-1,1533.0,14.9,,
71082,140944,Shaman,Restoration,Unknown,Healer,CN,Altar of Fangs,13,1,1511.4,32442,1,302.0,2026-08-23,0,-1,1533.0,14.9,,
71082,76033,Mage,Arcane,Unknown,DPS,CN,Altar of Fangs,13,1,1511.4,284364,0,311.0,2026-08-23,0,-1,1533.0,14.9,,
71082,140945,Warlock,Demonology,Unknown,DPS,CN,Altar of Fangs,13,1,1511.4,216970,1,305.0,2026-08-23,0,-1,1533.0,14.9,,
71082,76034,Warrior,Arms,Unknown,DPS,CN,Altar of Fangs,13,1,1511.4,273144,0,310.0,2026-08-23,0,-1,1533.0,14.9,,
58807,125641,DemonHunter,Vengeance,Aldrachi Reaver,Tank,EU,Voidscar Arena,10,1,989.0,87324,0,289.0,2026-08-23,0,-1,986.0,45.2,,
58807,102957,Monk,Mistweaver,Conduit of the Celestials,Healer,EU,Voidscar Arena,10,1,989.0,45890,1,305.0,2026-08-23,0,-1,986.0,45.2,,
58807,14354,Warlock,Destruction,Diabolist,DPS,EU,Voidscar Arena,10,1,989.0,250035,0,309.0,2026-08-23,0,-1,986.0,45.2,,
58807,125642,Mage,Arcane,Sunfury,DPS,EU,Voidscar Arena,10,1,989.0,252738,0,310.0,2026-08-23,0,-1,986.0,45.2,,
58807,20258,Shaman,Enhancement,Stormbringer,DPS,EU,Voidscar Arena,10,1,989.0,190256,0,305.0,2026-08-23,0,-1,986.0,45.2,,
2296,3056,Paladin,Protection,Templar,Tank,US,Voidscar Arena,10,1,1385.5,72090,1,293.0,2026-08-19,0,-1,1387.0,22.9,,
2296,2796,Druid,Restoration,Wildstalker,Healer,US,Voidscar Arena,10,1,1385.5,15067,0,294.0,2026-08-19,0,-1,1387.0,22.9,,
2296,2797,Mage,Arcane,Sunfury,DPS,US,Voidscar Arena,10,1,1385.5,144199,0,289.0,2026-08-19,0,-1,1387.0,22.9,,
2296,2795,DeathKnight,Unholy,Rider of the Apocalypse,DPS,US,Voidscar Arena,10,1,1385.5,184553,1,296.0,2026-08-19,0,-1,1387.0,22.9,,
2296,2798,Hunter,BeastMastery,Pack Leader,DPS,US,Voidscar Arena,10,1,1385.5,162249,0,295.0,2026-08-19,0,-1,1387.0,22.9,,
53888,86260,DeathKnight,Blood,San'layn,Tank,EU,The Blinding Vale,11,1,1221.5,159930,0,306.0,2026-08-22,0,-1,1218.0,32.3,,
53888,114339,Shaman,Restoration,Totemic,Healer,EU,The Blinding Vale,11,1,1221.5,22613,0,299.0,2026-08-22,0,-1,1218.0,32.3,,
53888,114340,Warrior,Arms,Slayer,DPS,EU,The Blinding Vale,11,1,1221.5,220936,0,303.0,2026-08-22,0,-1,1218.0,32.3,,
53888,58909,Druid,Balance,Elune's Chosen,DPS,EU,The Blinding Vale,11,1,1221.5,241066,0,309.0,2026-08-22,0,-1,1218.0,32.3,,
53888,113812,DeathKnight,Frost,Deathbringer,DPS,EU,The Blinding Vale,11,1,1221.5,237564,1,297.0,2026-08-22,0,-1,1218.0,32.3,,
2219,486,DemonHunter,Vengeance,Annihilator,Tank,US,Temple of Sethraliss,11,1,1800.6,103056,1,296.0,2026-08-18,0,-1,1832.0,4.6,,2958
2219,5294,Shaman,Restoration,Totemic,Healer,US,Temple of Sethraliss,11,1,1800.6,14187,1,292.0,2026-08-18,0,-1,1832.0,4.6,,
2219,485,Warrior,Arms,Slayer,DPS,US,Temple of Sethraliss,11,1,1800.6,144432,2,290.0,2026-08-18,0,-1,1832.0,4.6,,2907
2219,5295,Shaman,Elemental,Farseer,DPS,US,Temple of Sethraliss,11,1,1800.6,120671,3,287.0,2026-08-18,0,-1,1832.0,4.6,,
2219,5296,DemonHunter,Devourer,Annihilator,DPS,US,Temple of Sethraliss,11,1,1800.6,176613,1,294.0,2026-08-18,0,-1,1832.0,4.6,,
85013,149980,Warrior,Protection,Mountain Thane,Tank,US,Temple of Sethraliss,6,1,1160.1,110882,0,283.0,2026-08-23,0,-1,1152.0,40.0,0,
85013,149981,Priest,Holy,Oracle,Healer,US,Temple of Sethraliss,6,1,1160.1,27432,0,287.0,2026-08-23,0,-1,1152.0,40.0,0,
85013,149982,DeathKnight,Frost,Deathbringer,DPS,US,Temple of Sethraliss,6,1,1160.1,109832,0,294.0,2026-08-23,0,-1,1152.0,40.0,,
85013,149983,Hunter,Survival,Pack Leader,DPS,US,Temple of Sethraliss,6,1,1160.1,118522,0,287.0,2026-08-23,0,-1,1152.0,40.0,0,
85013,149984,Evoker,Devastation,Scalecommander,DPS,US,Temple of Sethraliss,6,1,1160.1,135490,0,290.0,2026-08-23,0,-1,1152.0,40.0,0,
51948,110357,Paladin,Protection,Lightsmith,Tank,EU,Kings' Rest,2,1,1077.6,49301,0,276.0,2026-08-22,0,-1,,,,
51948,110358,Priest,Holy,Oracle,Healer,EU,Kings' Rest,2,1,1077.6,15452,0,272.0,2026-08-22,0,-1,,,,
51948,110359,Mage,Arcane,Sunfury,DPS,EU,Kings' Rest,2,1,1077.6,82063,0,278.0,2026-08-22,0,-1,,,,
51948,33081,Priest,Shadow,Archon,DPS,EU,Kings' Rest,2,1,1077.6,102158,0,293.0,2026-08-22,0,-1,,,,
51948,110360,Warrior,Arms,Slayer,DPS,EU,Kings' Rest,2,1,1077.6,73366,0,275.0,2026-08-22,0,-1,,,,
53624,9314,DeathKnight,Blood,San'layn,Tank,US,Kings' Rest,11,1,1382.2,86370,0,301.0,2026-08-21,0,-1,,,,
53624,1540,Priest,Discipline,Voidweaver,Healer,US,Kings' Rest,11,1,1382.2,33537,0,309.0,2026-08-21,0,-1,,,,
53624,59393,DemonHunter,Havoc,Fel-Scarred,DPS,US,Kings' Rest,11,1,1382.2,147943,1,300.0,2026-08-21,0,-1,,,,
53624,113794,Rogue,Subtlety,Deathstalker,DPS,US,Kings' Rest,11,1,1382.2,148277,0,297.0,2026-08-21,0,-1,,,,
53624,113795,Mage,Arcane,Sunfury,DPS,US,Kings' Rest,11,1,1382.2,168109,0,294.0,2026-08-21,0,-1,,,,
52752,112086,Paladin,Protection,Lightsmith,Tank,US,Altar of Fangs,2,1,1018.5,54854,0,284.0,2026-08-22,0,-1,,,,
52752,112087,Shaman,Restoration,Totemic,Healer,US,Altar of Fangs,2,1,1018.5,21615,0,291.0,2026-08-22,0,-1,,,,
52752,112088,Mage,Arcane,Sunfury,DPS,US,Altar of Fangs,2,1,1018.5,98496,0,279.0,2026-08-22,0,-1,,,,
52752,112089,Druid,Feral,Druid of the Claw,DPS,US,Altar of Fangs,2,1,1018.5,177196,0,300.0,2026-08-22,0,-1,,,,
52752,112090,DemonHunter,Devourer,Annihilator,DPS,US,Altar of Fangs,2,1,1018.5,120405,0,290.0,2026-08-22,0,-1,,,,
57430,122274,DeathKnight,Blood,San'layn,Tank,CN,Voidscar Arena,12,1,1387.4,107329,0,305.0,2026-08-23,0,-1,,,,
57430,122275,Shaman,Restoration,Totemic,Healer,CN,Voidscar Arena,12,1,1387.4,22776,0,301.0,2026-08-23,0,-1,,,,
57430,73750,Warrior,Arms,Slayer,DPS,CN,Voidscar Arena,12,1,1387.4,197289,1,312.0,2026-08-23,0,-1,,,,
57430,122276,Shaman,Elemental,Farseer,DPS,CN,Voidscar Arena,12,1,1387.4,209096,0,309.0,2026-08-23,0,-1,,,,
57430,122277,Mage,Arcane,Sunfury,DPS,CN,Voidscar Arena,12,1,1387.4,186444,0,306.0,2026-08-23,0,-1,,,,
14098,28015,DeathKnight,Blood,San'layn,Tank,EU,Ruby Life Pools,9,1,1075.0,142896,0,299.0,2026-08-19,0,-1,1096.0,34.7,,
14098,28016,Priest,Holy,Oracle,Healer,EU,Ruby Life Pools,9,1,1075.0,40010,0,295.0,2026-08-19,0,-1,1096.0,34.7,,
14098,28019,Shaman,Elemental,Farseer,DPS,EU,Ruby Life Pools,9,1,1075.0,178053,1,296.0,2026-08-19,0,-1,1096.0,34.7,,
14098,28017,Priest,Shadow,Voidweaver,DPS,EU,Ruby Life Pools,9,1,1075.0,198097,1,293.0,2026-08-19,0,-1,1096.0,34.7,,
14098,28018,Warlock,Demonology,Diabolist,DPS,EU,Ruby Life Pools,9,1,1075.0,168401,3,288.0,2026-08-19,0,-1,1096.0,34.7,,
32780,20529,Paladin,Protection,Lightsmith,Tank,EU,Kings' Rest,12,1,1518.2,90103,1,307.0,2026-08-21,0,-1,1570.0,20.7,,
32780,70818,Priest,Holy,Oracle,Healer,EU,Kings' Rest,12,1,1518.2,17102,1,300.0,2026-08-21,0,-1,1570.0,20.7,,
32780,51185,Warlock,Demonology,Diabolist,DPS,EU,Kings' Rest,12,1,1518.2,160553,1,307.0,2026-08-21,0,-1,1570.0,20.7,,
32780,70819,DemonHunter,Devourer,Annihilator,DPS,EU,Kings' Rest,12,1,1518.2,159751,0,304.0,2026-08-21,0,-1,1570.0,20.7,,
32780,39539,Mage,Arcane,Sunfury,DPS,EU,Kings' Rest,12,1,1518.2,165389,1,307.0,2026-08-21,0,-1,1570.0,20.7,,
1891,4836,DeathKnight,Blood,San'layn,Tank,US,Temple of Sethraliss,10,1,1318.8,95639,0,296.0,2026-08-19,0,-1,1310.0,31.7,,
1891,4837,Paladin,Holy,Herald of the Sun,Healer,US,Temple of Sethraliss,10,1,1318.8,11708,0,298.0,2026-08-19,0,-1,1310.0,31.7,,
1891,4838,Warrior,Arms,Slayer,DPS,US,Temple of Sethraliss,10,1,1318.8,190880,0,293.0,2026-08-19,0,-1,1310.0,31.7,,
1891,4564,Mage,Arcane,Sunfury,DPS,US,Temple of Sethraliss,10,1,1318.8,174515,0,296.0,2026-08-19,0,-1,1310.0,31.7,,2715
1891,4839,Shaman,Enhancement,Stormbringer,DPS,US,Temple of Sethraliss,10,1,1318.8,216757,0,295.0,2026-08-19,0,-1,1310.0,31.7,,
44532,93743,Warrior,Protection,Mountain Thane,Tank,EU,Altar of Fangs,11,1,1238.2,167962,0,310.0,2026-08-22,0,-1,1230.0,31.7,,
44532,81993,Paladin,Holy,Herald of the Sun,Healer,EU,Altar of Fangs,11,1,1238.2,14253,0,299.0,2026-08-22,0,-1,1230.0,31.7,,
44532,24670,Hunter,BeastMastery,Pack Leader,DPS,EU,Altar of Fangs,11,1,1238.2,288794,0,306.0,2026-08-22,0,-1,1230.0,31.7,,
44532,66288,Priest,Shadow,Archon,DPS,EU,Altar of Fangs,11,1,1238.2,247722,0,308.0,2026-08-22,0,-1,1230.0,31.7,,
44532,29067,Rogue,Assassination,Deathstalker,DPS,EU,Altar of Fangs,11,1,1238.2,241154,0,302.0,2026-08-22,0,-1,1230.0,31.7,,
42718,7271,DeathKnight,Blood,Unknown,Tank,US,Altar of Fangs,10,1,1059.2,148037,0,310.0,2026-08-21,0,-1,1051.0,41.6,,3226
42718,22284,Priest,Holy,Unknown,Healer,US,Altar of Fangs,10,1,1059.2,56972,0,306.0,2026-08-21,0,-1,1051.0,41.6,,
42718,2504,Hunter,Marksmanship,Unknown,DPS,US,Altar of Fangs,10,1,1059.2,242589,0,302.0,2026-08-21,0,-1,1051.0,41.6,,2673
42718,74526,Warrior,Arms,Unknown,DPS,US,Altar of Fangs,10,1,1059.2,225384,0,295.0,2026-08-21,0,-1,1051.0,41.6,,
42718,45913,Warrior,Arms,Unknown,DPS,US,Altar of Fangs,10,1,1059.2,275382,0,308.0,2026-08-21,0,-1,1051.0,41.6,,
27033,19829,Warrior,Protection,Mountain Thane,Tank,EU,Murder Row,12,1,1466.5,115856,2,295.0,2026-08-21,0,-1,1548.0,24.1,,
27033,26476,Druid,Restoration,Wildstalker,Healer,EU,Murder Row,12,1,1466.5,8677,0,302.0,2026-08-21,0,-1,1548.0,24.1,,
27033,19831,Mage,Arcane,Sunfury,DPS,EU,Murder Row,12,1,1466.5,238622,0,308.0,2026-08-21,0,-1,1548.0,24.1,,
27033,19832,Shaman,Enhancement,Stormbringer,DPS,EU,Murder Row,12,1,1466.5,218079,4,311.0,2026-08-21,0,-1,1548.0,24.1,,
27033,19833,Hunter,BeastMastery,Pack Leader,DPS,EU,Murder Row,12,1,1466.5,199607,0,309.0,2026-08-21,0,-1,1548.0,24.1,,
16828,36367,Druid,Guardian,Elune's Chosen,Tank,EU,Murder Row,3,1,1201.8,60544,0,293.0,2026-08-19,0,-1,1193.0,41.5,,
16828,37059,Monk,Mistweaver,Conduit of the Celestials,Healer,EU,Murder Row,3,1,1201.8,28936,0,291.0,2026-08-19,0,-1,1193.0,41.5,,
16828,37060,Hunter,BeastMastery,Pack Leader,DPS,EU,Murder Row,3,1,1201.8,104437,0,294.0,2026-08-19,0,-1,1193.0,41.5,,
16828,37061,DemonHunter,Devourer,Void-Scarred,DPS,EU,Murder Row,3,1,1201.8,100991,0,294.0,2026-08-19,0,-1,1193.0,41.5,,
16828,36370,Rogue,Subtlety,Deathstalker,DPS,EU,Murder Row,3,1,1201.8,112998,0,289.0,2026-08-19,0,-1,1193.0,41.5,,
71541,66842,DeathKnight,Blood,San'layn,Tank,EU,Voidscar Arena,14,1,1571.8,152628,0,312.0,2026-08-23,0,-1,1638.0,9.0,,
71541,88348,Shaman,Restoration,Totemic,Healer,EU,Voidscar Arena,14,1,1571.8,42823,2,309.0,2026-08-23,0,-1,1638.0,9.0,,
71541,15229,Warrior,Arms,Slayer,DPS,EU,Voidscar Arena,14,1,1571.8,230487,0,307.0,2026-08-23,0,-1,1638.0,9.0,,
71541,70976,Paladin,Retribution,Templar,DPS,EU,Voidscar Arena,14,1,1571.8,232731,2,307.0,2026-08-23,0,-1,1638.0,9.0,,
71541,141233,Priest,Shadow,Archon,DPS,EU,Voidscar Arena,14,1,1571.8,216958,1,307.0,2026-08-23,0,-1,1638.0,9.0,,
61221,131287,Paladin,Protection,Lightsmith,Tank,EU,Voidscar Arena,5,1,1062.8,75060,0,295.0,2026-08-23,0,-1,,,,
61221,131288,Druid,Restoration,Wildstalker,Healer,EU,Voidscar Arena,5,1,1062.8,3326,0,298.0,2026-08-23,0,-1,,,,
61221,129796,Warlock,Destruction,Diabolist,DPS,EU,Voidscar Arena,5,1,1062.8,136666,0,292.0,2026-08-23,0,-1,,,,
61221,131289,Hunter,BeastMastery,Dark Ranger,DPS,EU,Voidscar Arena,5,1,1062.8,132263,0,291.0,2026-08-23,0,-1,,,,
61221,131290,Paladin,Retribution,Templar,DPS,EU,Voidscar Arena,5,1,1062.8,141179,0,290.0,2026-08-23,0,-1,,,,
39934,20677,DeathKnight,Blood,San'layn,Tank,EU,Den of Nalorakk,10,1,1040.5,144451,0,310.0,2026-08-21,0,-1,1032.0,46.2,,
39934,19025,Shaman,Restoration,Totemic,Healer,EU,Den of Nalorakk,10,1,1040.5,34636,0,304.0,2026-08-21,0,-1,1032.0,46.2,,
39934,85319,Hunter,Marksmanship,Sentinel,DPS,EU,Den of Nalorakk,10,1,1040.5,197195,0,307.0,2026-08-21,0,-1,1032.0,46.2,,
39934,20752,Shaman,Elemental,Farseer,DPS,EU,Den of Nalorakk,10,1,1040.5,197452,0,306.0,2026-08-21,0,-1,1032.0,46.2,,3091
39934,20750,Mage,Arcane,Sunfury,DPS,EU,Den of Nalorakk,10,1,1040.5,234654,0,308.0,2026-08-21,0,-1,1032.0,46.2,,3091
73326,55690,DeathKnight,Blood,Unknown,Tank,CN,Voidscar Arena,14,1,1546.6,95844,1,305.0,2026-08-23,0,-1,1658.0,7.9,,
73326,55455,Shaman,Restoration,Unknown,Healer,CN,Voidscar Arena,14,1,1546.6,28525,1,308.0,2026-08-23,0,-1,1658.0,7.9,,
73326,100026,Mage,Arcane,Unknown,DPS,CN,Voidscar Arena,14,1,1546.6,199311,2,309.0,2026-08-23,0,-1,1658.0,7.9,,
73326,57401,Warrior,Arms,Unknown,DPS,CN,Voidscar Arena,14,1,1546.6,196438,1,304.0,2026-08-23,0,-1,1658.0,7.9,,
73326,142025,Rogue,Assassination,Unknown,DPS,CN,Voidscar Arena,14,1,1546.6,187277,3,307.0,2026-08-23,0,-1,1658.0,7.9,,
9317,18346,DeathKnight,Blood,San'layn,Tank,EU,Voidscar Arena,10,1,1227.7,72171,1,282.0,2026-08-19,0,-1,1239.0,31.2,,
9317,18347,Monk,Mistweaver,Conduit of the Celestials,Healer,EU,Voidscar Arena,10,1,1227.7,44171,0,291.0,2026-08-19,0,-1,1239.0,31.2,,
9317,18348,Druid,Feral,Wildstalker,DPS,EU,Voidscar Arena,10,1,1227.7,183373,1,295.0,2026-08-19,0,-1,1239.0,31.2,,
9317,15945,Shaman,Enhancement,Stormbringer,DPS,EU,Voidscar Arena,10,1,1227.7,164245,1,293.0,2026-08-19,0,-1,1239.0,31.2,,
9317,15944,Rogue,Subtlety,Deathstalker,DPS,EU,Voidscar Arena,10,1,1227.7,184396,1,294.0,2026-08-19,0,-1,1239.0,31.2,,
69693,81571,Warrior,Protection,Mountain Thane,Tank,EU,Temple of Sethraliss,14,1,1396.0,135311,0,305.0,2026-08-23,0,-1,1463.0,23.8,,
69693,137262,Evoker,Preservation,Flameshaper,Healer,EU,Temple of Sethraliss,14,1,1396.0,75539,1,309.0,2026-08-23,0,-1,1463.0,23.8,,
69693,82393,Mage,Arcane,Sunfury,DPS,EU,Temple of Sethraliss,14,1,1396.0,233099,1,313.0,2026-08-23,0,-1,1463.0,23.8,,
69693,100390,Shaman,Elemental,Farseer,DPS,EU,Temple of Sethraliss,14,1,1396.0,277543,3,311.0,2026-08-23,0,-1,1463.0,23.8,,
69693,46227,DeathKnight,Unholy,San'layn,DPS,EU,Temple of Sethraliss,14,1,1396.0,232788,0,297.0,2026-08-23,0,-1,1463.0,23.8,,
64497,13639,DemonHunter,Vengeance,Annihilator,Tank,EU,Temple of Sethraliss,14,1,1664.0,140568,0,303.0,2026-08-21,0,-1,1760.0,8.3,,
64497,13640,Paladin,Holy,Herald of the Sun,Healer,EU,Temple of Sethraliss,14,1,1664.0,17147,2,299.0,2026-08-21,0,-1,1760.0,8.3,,
64497,13642,Warrior,Arms,Slayer,DPS,EU,Temple of Sethraliss,14,1,1664.0,174015,4,296.0,2026-08-21,0,-1,1760.0,8.3,,
64497,13641,Mage,Arcane,Sunfury,DPS,EU,Temple of Sethraliss,14,1,1664.0,261707,0,304.0,2026-08-21,0,-1,1760.0,8.3,,
64497,13643,Shaman,Elemental,Farseer,DPS,EU,Temple of Sethraliss,14,1,1664.0,243542,1,303.0,2026-08-21,0,-1,1760.0,8.3,,2970
20081,44528,DeathKnight,Blood,San'layn,Tank,US,Murder Row,4,1,1206.6,83054,1,298.0,2026-08-19,0,-1,1198.0,41.3,,
20081,44529,Evoker,Preservation,Flameshaper,Healer,US,Murder Row,4,1,1206.6,19956,0,299.0,2026-08-19,0,-1,1198.0,41.3,,
20081,42377,Mage,Frost,Spellslinger,DPS,US,Murder Row,4,1,1206.6,119141,0,299.0,2026-08-19,0,-1,1198.0,41.3,,
20081,44530,Warrior,Arms,Slayer,DPS,US,Murder Row,4,1,1206.6,112405,0,298.0,2026-08-19,0,-1,1198.0,41.3,,
20081,44531,Warlock,Destruction,Diabolist,DPS,US,Murder Row,4,1,1206.6,99856,0,296.0,2026-08-19,0,-1,1198.0,41.3,,
58414,124729,DeathKnight,Blood,Unknown,Tank,EU,Altar of Fangs,2,1,1086.9,68727,0,285.0,2026-08-23,0,-1,,,,
58414,124730,Paladin,Holy,Unknown,Healer,EU,Altar of Fangs,2,1,1086.9,13392,0,284.0,2026-08-23,0,-1,,,,
58414,98709,Rogue,Outlaw,Unknown,DPS,EU,Altar of Fangs,2,1,1086.9,136790,0,298.0,2026-08-23,0,-1,,,,
58414,124731,Shaman,Enhancement,Unknown,DPS,EU,Altar of Fangs,2,1,1086.9,125235,0,287.0,2026-08-23,0,-1,,,,
58414,124732,DemonHunter,Havoc,Unknown,DPS,EU,Altar of Fangs,2,1,1086.9,122753,0,290.0,2026-08-23,0,-1,,,,
36555,73958,Paladin,Protection,Lightsmith,Tank,EU,Temple of Sethraliss,8,1,1146.0,120168,0,300.0,2026-08-21,0,-1,1138.0,40.8,,
36555,46018,Shaman,Restoration,Totemic,Healer,EU,Temple of Sethraliss,8,1,1146.0,20064,0,300.0,2026-08-21,0,-1,1138.0,40.8,,
36555,78814,Druid,Balance,Elune's Chosen,DPS,EU,Temple of Sethraliss,8,1,1146.0,163730,0,304.0,2026-08-21,0,-1,1138.0,40.8,,
36555,78815,DeathKnight,Unholy,Rider of the Apocalypse,DPS,EU,Temple of Sethraliss,8,1,1146.0,173453,0,290.0,2026-08-21,0,-1,1138.0,40.8,,
36555,73959,Hunter,Marksmanship,Sentinel,DPS,EU,Temple of Sethraliss,8,1,1146.0,181529,0,298.0,2026-08-21,0,-1,1138.0,40.8,,
3385,7521,DemonHunter,Vengeance,Annihilator,Tank,US,Altar of Fangs,11,0,2337.6,71602,3,294.0,2026-08-19,0,-1,2404.0,-33.6,,
3385,7522,Paladin,Holy,Herald of the Sun,Healer,US,Altar of Fangs,11,0,2337.6,6841,4,291.0,2026-08-19,0,-1,2404.0,-33.6,,
3385,7523,Paladin,Retribution,Templar,DPS,US,Altar of Fangs,11,0,2337.6,161897,4,297.0,2026-08-19,0,-1,2404.0,-33.6,,
3385,7524,Warrior,Arms,Slayer,DPS,US,Altar of Fangs,11,0,2337.6,159491,3,291.0,2026-08-19,0,-1,2404.0,-33.6,,
3385,7525,Mage,Arcane,Spellslinger,DPS,US,Altar of Fangs,11,0,2337.6,117738,4,295.0,2026-08-19,0,-1,2404.0,-33.6,,
77501,18144,DemonHunter,Vengeance,Annihilator,Tank,EU,Murder Row,13,1,1527.9,161159,0,307.0,2026-08-22,0,-1,1594.0,21.9,,
77501,68982,Paladin,Holy,Herald of the Sun,Healer,EU,Murder Row,13,1,1527.9,33995,1,303.0,2026-08-22,0,-1,1594.0,21.9,,
77501,66975,Warrior,Arms,Slayer,DPS,EU,Murder Row,13,1,1527.9,209607,2,308.0,2026-08-22,0,-1,1594.0,21.9,,
77501,45242,Mage,Arcane,Sunfury,DPS,EU,Murder Row,13,1,1527.9,244120,1,306.0,2026-08-22,0,-1,1594.0,21.9,,
77501,89328,Rogue,Subtlety,Deathstalker,DPS,EU,Murder Row,13,1,1527.9,217065,1,302.0,2026-08-22,0,-1,1594.0,21.9,,
33151,30309,Paladin,Protection,Lightsmith,Tank,EU,Kings' Rest,7,1,1201.7,71990,0,306.0,2026-08-21,0,-1,1193.0,39.7,,
33151,18465,Shaman,Restoration,Totemic,Healer,EU,Kings' Rest,7,1,1201.7,31224,0,300.0,2026-08-21,0,-1,1193.0,39.7,,
33151,71761,Paladin,Retribution,Templar,DPS,EU,Kings' Rest,7,1,1201.7,140909,0,301.0,2026-08-21,0,-1,1193.0,39.7,,
33151,71762,Shaman,Enhancement,Stormbringer,DPS,EU,Kings' Rest,7,1,1201.7,143952,0,292.0,2026-08-21,0,-1,1193.0,39.7,,
33151,71763,Mage,Arcane,Sunfury,DPS,EU,Kings' Rest,7,1,1201.7,92066,0,292.0,2026-08-21,0,-1,1193.0,39.7,,
83471,13681,DemonHunter,Vengeance,Annihilator,Tank,EU,Temple of Sethraliss,10,1,1078.1,104914,0,311.0,2026-08-23,0,-1,1079.0,43.8,4,
83471,13685,Shaman,Restoration,Totemic,Healer,EU,Temple of Sethraliss,10,1,1078.1,36068,1,307.0,2026-08-23,0,-1,1079.0,43.8,2,
83471,13683,Rogue,Subtlety,Deathstalker,DPS,EU,Temple of Sethraliss,10,1,1078.1,259908,0,310.0,2026-08-23,0,-1,1079.0,43.8,4,
83471,25499,Hunter,Marksmanship,Sentinel,DPS,EU,Temple of Sethraliss,10,1,1078.1,192967,1,306.0,2026-08-23,0,-1,1079.0,43.8,4,
83471,25498,Warlock,Demonology,Diabolist,DPS,EU,Temple of Sethraliss,10,1,1078.1,240056,0,309.0,2026-08-23,0,-1,1079.0,43.8,4,
67613,18336,DeathKnight,Blood,Deathbringer,Tank,US,Voidscar Arena,12,1,1375.8,93768,0,296.0,2026-08-23,0,-1,1383.0,23.2,,
67613,630,Paladin,Holy,Herald of the Sun,Healer,US,Voidscar Arena,12,1,1375.8,17428,0,303.0,2026-08-23,0,-1,1383.0,23.2,,
67613,13369,Shaman,Elemental,Farseer,DPS,US,Voidscar Arena,12,1,1375.8,237090,1,306.0,2026-08-23,0,-1,1383.0,23.2,,
67613,138745,Mage,Arcane,Sunfury,DPS,US,Voidscar Arena,12,1,1375.8,244343,0,309.0,2026-08-23,0,-1,1383.0,23.2,,
67613,24,Warlock,Demonology,Diabolist,DPS,US,Voidscar Arena,12,1,1375.8,189909,0,300.0,2026-08-23,0,-1,1383.0,23.2,,2748
38357,60522,Druid,Guardian,Elune's Chosen,Tank,EU,Voidscar Arena,13,1,1488.4,100028,0,294.0,2026-08-20,0,-1,1495.0,17.0,,
38357,60523,Monk,Mistweaver,Conduit of the Celestials,Healer,EU,Voidscar Arena,13,1,1488.4,50248,0,294.0,2026-08-20,0,-1,1495.0,17.0,,
38357,58582,DemonHunter,Devourer,Annihilator,DPS,EU,Voidscar Arena,13,1,1488.4,224242,1,299.0,2026-08-20,0,-1,1495.0,17.0,,
38357,40992,Mage,Arcane,Sunfury,DPS,EU,Voidscar Arena,13,1,1488.4,227944,0,303.0,2026-08-20,0,-1,1495.0,17.0,,
38357,20664,DeathKnight,Unholy,Rider of the Apocalypse,DPS,EU,Voidscar Arena,13,1,1488.4,213757,0,305.0,2026-08-20,0,-1,1495.0,17.0,,
11666,11882,Paladin,Protection,Unknown,Tank,US,Den of Nalorakk,12,1,1828.6,78557,0,292.0,2026-08-19,0,-1,1866.0,2.8,,
11666,8897,Evoker,Preservation,Unknown,Healer,US,Den of Nalorakk,12,1,1828.6,43916,2,296.0,2026-08-19,0,-1,1866.0,2.8,,
11666,8898,Rogue,Assassination,Unknown,DPS,US,Den of Nalorakk,12,1,1828.6,162664,0,293.0,2026-08-19,0,-1,1866.0,2.8,,
11666,8899,Warrior,Arms,Unknown,DPS,US,Den of Nalorakk,12,1,1828.6,148239,1,295.0,2026-08-19,0,-1,1866.0,2.8,,
11666,2858,DeathKnight,Unholy,Unknown,DPS,US,Den of Nalorakk,12,1,1828.6,142621,0,293.0,2026-08-19,0,-1,1866.0,2.8,,2994
86231,151916,Paladin,Protection,Templar,Tank,US,Altar of Fangs,6,1,999.1,63589,0,292.0,2026-08-23,0,-1,996.0,44.7,0,
86231,151917,Evoker,Preservation,Flameshaper,Healer,US,Altar of Fangs,6,1,999.1,18709,0,276.0,2026-08-23,0,-1,996.0,44.7,0,
86231,151918,Mage,Arcane,Sunfury,DPS,US,Altar of Fangs,6,1,999.1,182638,1,300.0,2026-08-23,0,-1,996.0,44.7,2,
86231,151919,Shaman,Elemental,Farseer,DPS,US,Altar of Fangs,6,1,999.1,203587,0,303.0,2026-08-23,0,-1,996.0,44.7,4,
86231,151920,DemonHunter,Devourer,Void-Scarred,DPS,US,Altar of Fangs,6,1,999.1,168290,0,303.0,2026-08-23,0,-1,996.0,44.7,2,
29063,608,Warrior,Protection,Mountain Thane,Tank,US,Ruby Life Pools,9,1,1022.3,138741,0,296.0,2026-08-20,0,-1,1014.0,39.6,,
29063,609,Evoker,Preservation,Flameshaper,Healer,US,Ruby Life Pools,9,1,1022.3,31905,0,294.0,2026-08-20,0,-1,1014.0,39.6,,
29063,611,Druid,Balance,Elune's Chosen,DPS,US,Ruby Life Pools,9,1,1022.3,185463,0,296.0,2026-08-20,0,-1,1014.0,39.6,,
29063,38516,Shaman,Elemental,Farseer,DPS,US,Ruby Life Pools,9,1,1022.3,232245,0,303.0,2026-08-20,0,-1,1014.0,39.6,,
29063,63147,DemonHunter,Devourer,Void-Scarred,DPS,US,Ruby Life Pools,9,1,1022.3,158147,0,292.0,2026-08-20,0,-1,1014.0,39.6,,
67248,36291,DeathKnight,Blood,San'layn,Tank,EU,Altar of Fangs,13,1,1507.8,132795,0,306.0,2026-08-22,0,-1,1499.0,16.7,,
67248,138559,Shaman,Restoration,Totemic,Healer,EU,Altar of Fangs,13,1,1507.8,23369,0,304.0,2026-08-22,0,-1,1499.0,16.7,,
67248,36294,Paladin,Retribution,Templar,DPS,EU,Altar of Fangs,13,1,1507.8,275481,0,302.0,2026-08-22,0,-1,1499.0,16.7,,
67248,78167,Warrior,Arms,Slayer,DPS,EU,Altar of Fangs,13,1,1507.8,257422,0,307.0,2026-08-22,0,-1,1499.0,16.7,,
67248,36295,Rogue,Outlaw,Trickster,DPS,EU,Altar of Fangs,13,1,1507.8,255770,0,301.0,2026-08-22,0,-1,1499.0,16.7,,
76600,144086,Warrior,Protection,Mountain Thane,Tank,EU,Altar of Fangs,12,1,1354.6,107255,0,302.0,2026-08-22,0,-1,1346.0,25.2,,
76600,66404,Shaman,Restoration,Totemic,Healer,EU,Altar of Fangs,12,1,1354.6,35908,0,309.0,2026-08-22,0,-1,1346.0,25.2,,
76600,44614,Druid,Feral,Druid of the Claw,DPS,EU,Altar of Fangs,12,1,1354.6,259419,0,307.0,2026-08-22,0,-1,1346.0,25.2,,
76600,88834,Rogue,Outlaw,Trickster,DPS,EU,Altar of Fangs,12,1,1354.6,270448,0,307.0,2026-08-22,0,-1,1346.0,25.2,,
76600,94800,Paladin,Retribution,Templar,DPS,EU,Altar of Fangs,12,1,1354.6,232840,0,295.0,2026-08-22,0,-1,1346.0,25.2,,
17397,27882,DemonHunter,Vengeance,Annihilator,Tank,EU,Murder Row,12,1,1872.3,111764,0,294.0,2026-08-19,0,-1,1864.0,8.6,,
17397,27743,Paladin,Holy,Herald of the Sun,Healer,EU,Murder Row,12,1,1872.3,17204,0,290.0,2026-08-19,0,-1,1864.0,8.6,,
17397,27744,Warrior,Arms,Slayer,DPS,EU,Murder Row,12,1,1872.3,162926,0,295.0,2026-08-19,0,-1,1864.0,8.6,,
17397,38512,Shaman,Elemental,Farseer,DPS,EU,Murder Row,12,1,1872.3,161715,0,293.0,2026-08-19,0,-1,1864.0,8.6,,
17397,27745,Monk,Windwalker,Shado-Pan,DPS,EU,Murder Row,12,1,1872.3,174332,0,297.0,2026-08-19,0,-1,1864.0,8.6,,
72292,86518,DeathKnight,Blood,Deathbringer,Tank,CN,Murder Row,14,1,1650.4,144707,0,308.0,2026-08-23,0,-1,1702.0,16.6,,
72292,69126,Shaman,Restoration,Totemic,Healer,CN,Murder Row,14,1,1650.4,29251,0,302.0,2026-08-23,0,-1,1702.0,16.6,,
72292,79742,Warrior,Arms,Slayer,DPS,CN,Murder Row,14,1,1650.4,185439,1,305.0,2026-08-23,0,-1,1702.0,16.6,,
72292,58997,Rogue,Assassination,Deathstalker,DPS,CN,Murder Row,14,1,1650.4,243522,3,307.0,2026-08-23,0,-1,1702.0,16.6,,
72292,141692,Mage,Arcane,Sunfury,DPS,CN,Murder Row,14,1,1650.4,240053,0,307.0,2026-08-23,0,-1,1702.0,16.6,,
55961,51286,DeathKnight,Blood,Deathbringer,Tank,US,Voidscar Arena,2,1,964.5,82459,0,299.0,2026-08-23,0,-1,,,,
55961,51287,Shaman,Restoration,Totemic,Healer,US,Voidscar Arena,2,1,964.5,14956,0,295.0,2026-08-23,0,-1,,,,
55961,118789,Paladin,Retribution,Templar,DPS,US,Voidscar Arena,2,1,964.5,100279,0,296.0,2026-08-23,0,-1,,,,
55961,118790,Monk,Windwalker,Shado-Pan,DPS,US,Voidscar Arena,2,1,964.5,108337,0,292.0,2026-08-23,0,-1,,,,
55961,118791,Hunter,BeastMastery,Pack Leader,DPS,US,Voidscar Arena,2,1,964.5,84862,0,276.0,2026-08-23,0,-1,,,,
62940,135478,DeathKnight,Blood,San'layn,Tank,KR,Altar of Fangs,2,1,1087.5,114022,0,295.0,2026-08-20,0,-1,,,,
62940,135479,Priest,Discipline,Oracle,Healer,KR,Altar of Fangs,2,1,1087.5,12123,0,287.0,2026-08-20,0,-1,,,,
62940,134971,Mage,Arcane,Sunfury,DPS,KR,Altar of Fangs,2,1,1087.5,113548,0,285.0,2026-08-20,0,-1,,,,
62940,135480,Shaman,Elemental,Farseer,DPS,KR,Altar of Fangs,2,1,1087.5,127145,1,292.0,2026-08-20,0,-1,,,,
62940,135481,DemonHunter,Devourer,Annihilator,DPS,KR,Altar of Fangs,2,1,1087.5,99553,0,284.0,2026-08-20,0,-1,,,,
5522,9846,DemonHunter,Vengeance,Annihilator,Tank,US,Kings' Rest,11,0,2162.7,57969,2,293.0,2026-08-19,0,-1,2195.0,-10.8,,
5522,9847,Paladin,Holy,Herald of the Sun,Healer,US,Kings' Rest,11,0,2162.7,18004,2,297.0,2026-08-19,0,-1,2195.0,-10.8,,
5522,8167,Shaman,Elemental,Farseer,DPS,US,Kings' Rest,11,0,2162.7,114299,2,293.0,2026-08-19,0,-1,2195.0,-10.8,,
5522,8132,Warrior,Arms,Slayer,DPS,US,Kings' Rest,11,0,2162.7,123737,1,295.0,2026-08-19,0,-1,2195.0,-10.8,,
5522,8836,Rogue,Outlaw,Trickster,DPS,US,Kings' Rest,11,0,2162.7,84105,1,297.0,2026-08-19,0,-1,2195.0,-10.8,,
61753,132548,Paladin,Protection,Lightsmith,Tank,EU,Kings' Rest,2,1,1176.3,67886,0,290.0,2026-08-23,0,-1,,,,
61753,132549,Shaman,Restoration,Totemic,Healer,EU,Kings' Rest,2,1,1176.3,15162,0,286.0,2026-08-23,0,-1,,,,
61753,132550,Rogue,Assassination,Deathstalker,DPS,EU,Kings' Rest,2,1,1176.3,68274,1,269.0,2026-08-23,0,-1,,,,
61753,132551,Warrior,Fury,Mountain Thane,DPS,EU,Kings' Rest,2,1,1176.3,61177,1,287.0,2026-08-23,0,-1,,,,
61753,132552,Shaman,Enhancement,Stormbringer,DPS,EU,Kings' Rest,2,1,1176.3,73523,1,286.0,2026-08-23,0,-1,,,,
36931,13231,Druid,Guardian,Elune's Chosen,Tank,US,Den of Nalorakk,12,1,1456.6,102789,0,305.0,2026-08-20,0,-1,1478.0,23.0,,
36931,13232,Shaman,Restoration,Totemic,Healer,US,Den of Nalorakk,12,1,1456.6,19802,1,293.0,2026-08-20,0,-1,1478.0,23.0,,
36931,10236,Monk,Windwalker,Shado-Pan,DPS,US,Den of Nalorakk,12,1,1456.6,125685,0,295.0,2026-08-20,0,-1,1478.0,23.0,,
36931,13233,Warrior,Arms,Slayer,DPS,US,Den of Nalorakk,12,1,1456.6,202551,1,311.0,2026-08-20,0,-1,1478.0,23.0,,
36931,13234,Rogue,Assassination,Fatebound,DPS,US,Den of Nalorakk,12,1,1456.6,247157,0,306.0,2026-08-20,0,-1,1478.0,23.0,,
40033,85502,DemonHunter,Vengeance,Annihilator,Tank,EU,Den of Nalorakk,3,1,1044.2,64812,0,286.0,2026-08-20,0,-1,1035.0,46.1,,
40033,85503,Priest,Holy,Oracle,Healer,EU,Den of Nalorakk,3,1,1044.2,22391,0,283.0,2026-08-20,0,-1,1035.0,46.1,,
40033,85504,Monk,Windwalker,Shado-Pan,DPS,EU,Den of Nalorakk,3,1,1044.2,88310,0,288.0,2026-08-20,0,-1,1035.0,46.1,,
40033,85505,DemonHunter,Devourer,Void-Scarred,DPS,EU,Den of Nalorakk,3,1,1044.2,94059,1,290.0,2026-08-20,0,-1,1035.0,46.1,,
40033,85506,Rogue,Subtlety,Deathstalker,DPS,EU,Den of Nalorakk,3,1,1044.2,132643,0,287.0,2026-08-20,0,-1,1035.0,46.1,,
75539,10727,Monk,Brewmaster,Master of Harmony,Tank,US,Den of Nalorakk,13,1,1547.1,104096,0,303.0,2026-08-23,0,-1,1569.0,18.3,,
75539,10892,Shaman,Restoration,Totemic,Healer,US,Den of Nalorakk,13,1,1547.1,21306,1,302.0,2026-08-23,0,-1,1569.0,18.3,,
75539,45534,Druid,Feral,Druid of the Claw,DPS,US,Den of Nalorakk,13,1,1547.1,221082,0,309.0,2026-08-23,0,-1,1569.0,18.3,,
75539,45536,Hunter,Marksmanship,Sentinel,DPS,US,Den of Nalorakk,13,1,1547.1,173679,1,302.0,2026-08-23,0,-1,1569.0,18.3,,
75539,6705,Warrior,Arms,Slayer,DPS,US,Den of Nalorakk,13,1,1547.1,195413,0,304.0,2026-08-23,0,-1,1569.0,18.3,,
54367,15442,Druid,Guardian,Elune's Chosen,Tank,EU,Voidscar Arena,16,0,1780.2,128823,0,311.0,2026-08-22,0,-1,,,,3160
54367,31048,Paladin,Holy,Herald of the Sun,Healer,EU,Voidscar Arena,16,0,1780.2,14998,1,313.0,2026-08-22,0,-1,,,,
54367,15446,Shaman,Elemental,Farseer,DPS,EU,Voidscar Arena,16,0,1780.2,272207,1,315.0,2026-08-22,0,-1,,,,3160
54367,15445,Paladin,Retribution,Templar,DPS,EU,Voidscar Arena,16,0,1780.2,239898,0,314.0,2026-08-22,0,-1,,,,
54367,115352,Warrior,Arms,Slayer,DPS,EU,Voidscar Arena,16,0,1780.2,230202,0,312.0,2026-08-22,0,-1,,,,
23797,9233,Monk,Brewmaster,Shado-Pan,Tank,US,Den of Nalorakk,12,1,1562.6,83954,1,304.0,2026-08-21,0,-1,1584.0,17.5,,
23797,52563,Priest,Holy,Oracle,Healer,US,Den of Nalorakk,12,1,1562.6,27432,0,301.0,2026-08-21,0,-1,1584.0,17.5,,
23797,52564,Mage,Arcane,Sunfury,DPS,US,Den of Nalorakk,12,1,1562.6,223598,0,309.0,2026-08-21,0,-1,1584.0,17.5,,
23797,52565,Hunter,BeastMastery,Pack Leader,DPS,US,Den of Nalorakk,12,1,1562.6,169146,0,305.0,2026-08-21,0,-1,1584.0,17.5,,
23797,3007,DeathKnight,Unholy,San'layn,DPS,US,Den of Nalorakk,12,1,1562.6,143903,1,304.0,2026-08-21,0,-1,1584.0,17.5,,
66016,14621,DemonHunter,Vengeance,Annihilator,Tank,EU,Den of Nalorakk,10,1,1075.3,87238,0,307.0,2026-08-23,0,-1,1072.0,44.2,,
66016,65297,Shaman,Restoration,Totemic,Healer,EU,Den of Nalorakk,10,1,1075.3,39818,0,311.0,2026-08-23,0,-1,1072.0,44.2,,
66016,23194,Hunter,Marksmanship,Sentinel,DPS,EU,Den of Nalorakk,10,1,1075.3,191932,0,306.0,2026-08-23,0,-1,1072.0,44.2,,
66016,20772,Warrior,Arms,Slayer,DPS,EU,Den of Nalorakk,10,1,1075.3,210784,1,312.0,2026-08-23,0,-1,1072.0,44.2,,
66016,14622,Mage,Arcane,Sunfury,DPS,EU,Den of Nalorakk,10,1,1075.3,232258,0,312.0,2026-08-23,0,-1,1072.0,44.2,,
11172,20817,DeathKnight,Blood,San'layn,Tank,EU,Den of Nalorakk,11,1,1534.4,86573,0,295.0,2026-08-19,0,-1,1535.0,20.0,,
11172,20818,Shaman,Restoration,Totemic,Healer,EU,Den of Nalorakk,11,1,1534.4,23442,0,291.0,2026-08-19,0,-1,1535.0,20.0,,
11172,20819,DeathKnight,Frost,Deathbringer,DPS,EU,Den of Nalorakk,11,1,1534.4,151906,0,295.0,2026-08-19,0,-1,1535.0,20.0,,
11172,22434,Warrior,Arms,Slayer,DPS,EU,Den of Nalorakk,11,1,1534.4,183346,1,295.0,2026-08-19,0,-1,1535.0,20.0,,
11172,22435,Mage,Arcane,Sunfury,DPS,EU,Den of Nalorakk,11,1,1534.4,169573,1,294.0,2026-08-19,0,-1,1535.0,20.0,,
24170,13626,Druid,Guardian,Elune's Chosen,Tank,EU,Altar of Fangs,10,1,1086.2,151512,0,307.0,2026-08-21,0,-1,1082.0,39.9,,2754
24170,13627,Monk,Mistweaver,Conduit of the Celestials,Healer,EU,Altar of Fangs,10,1,1086.2,45390,1,295.0,2026-08-21,0,-1,1082.0,39.9,,2751
24170,24444,Hunter,Marksmanship,Sentinel,DPS,EU,Altar of Fangs,10,1,1086.2,226900,0,306.0,2026-08-21,0,-1,1082.0,39.9,,
24170,13630,DemonHunter,Devourer,Annihilator,DPS,EU,Altar of Fangs,10,1,1086.2,278792,0,309.0,2026-08-21,0,-1,1082.0,39.9,,2826
24170,13629,Shaman,Elemental,Farseer,DPS,EU,Altar of Fangs,10,1,1086.2,247696,0,306.0,2026-08-21,0,-1,1082.0,39.9,,2880
36766,79214,Paladin,Protection,Lightsmith,Tank,CN,Altar of Fangs,12,1,1502.2,110856,0,295.0,2026-08-22,0,-1,1494.0,17.0,,
36766,69113,Paladin,Holy,Lightsmith,Healer,CN,Altar of Fangs,12,1,1502.2,57009,0,304.0,2026-08-22,0,-1,1494.0,17.0,,
36766,79215,Paladin,Retribution,Herald of the Sun,DPS,CN,Altar of Fangs,12,1,1502.2,232568,0,311.0,2026-08-22,0,-1,1494.0,17.0,,
36766,79216,Warrior,Arms,Slayer,DPS,CN,Altar of Fangs,12,1,1502.2,226225,0,309.0,2026-08-22,0,-1,1494.0,17.0,,
36766,54022,Shaman,Elemental,Farseer,DPS,CN,Altar of Fangs,12,1,1502.2,232040,0,303.0,2026-08-22,0,-1,1494.0,17.0,,
27195,56093,DemonHunter,Vengeance,Annihilator,Tank,US,Murder Row,10,1,1061.0,128696,0,309.0,2026-08-21,0,-1,1052.0,48.4,,
27195,3587,Priest,Discipline,Oracle,Healer,US,Murder Row,10,1,1061.0,23605,0,301.0,2026-08-21,0,-1,1052.0,48.4,,
27195,52470,Warlock,Demonology,Diabolist,DPS,US,Murder Row,10,1,1061.0,270195,0,306.0,2026-08-21,0,-1,1052.0,48.4,,
27195,56094,Mage,Arcane,Sunfury,DPS,US,Murder Row,10,1,1061.0,251383,0,308.0,2026-08-21,0,-1,1052.0,48.4,,
27195,56095,Hunter,Marksmanship,Sentinel,DPS,US,Murder Row,10,1,1061.0,229290,0,307.0,2026-08-21,0,-1,1052.0,48.4,,
65537,16524,Paladin,Protection,Lightsmith,Tank,EU,The Blinding Vale,13,1,1498.8,133174,1,307.0,2026-08-21,0,-1,1580.0,12.2,,
65537,16525,Paladin,Holy,Herald of the Sun,Healer,EU,The Blinding Vale,13,1,1498.8,49787,0,310.0,2026-08-21,0,-1,1580.0,12.2,,
65537,57940,Druid,Balance,Elune's Chosen,DPS,EU,The Blinding Vale,13,1,1498.8,221407,3,303.0,2026-08-21,0,-1,1580.0,12.2,,
65537,36398,Mage,Arcane,Sunfury,DPS,EU,The Blinding Vale,13,1,1498.8,270658,2,308.0,2026-08-21,0,-1,1580.0,12.2,,
65537,16527,Warrior,Arms,Slayer,DPS,EU,The Blinding Vale,13,1,1498.8,232704,0,308.0,2026-08-21,0,-1,1580.0,12.2,,
53900,114363,Monk,Brewmaster,Master of Harmony,Tank,EU,The Blinding Vale,11,1,1288.4,98921,0,292.0,2026-08-22,0,-1,,,,
53900,114364,Paladin,Holy,Herald of the Sun,Healer,EU,The Blinding Vale,11,1,1288.4,30131,0,311.0,2026-08-22,0,-1,,,,
53900,99507,Mage,Fire,Sunfury,DPS,EU,The Blinding Vale,11,1,1288.4,183886,1,302.0,2026-08-22,0,-1,,,,
53900,114365,Warlock,Demonology,Diabolist,DPS,EU,The Blinding Vale,11,1,1288.4,208656,0,306.0,2026-08-22,0,-1,,,,
53900,114366,Shaman,Elemental,Farseer,DPS,EU,The Blinding Vale,11,1,1288.4,267807,0,310.0,2026-08-22,0,-1,,,,
50598,105778,Paladin,Protection,Templar,Tank,EU,Temple of Sethraliss,5,1,961.9,63721,0,278.0,2026-08-22,0,-1,,,,
50598,107383,Monk,Mistweaver,Conduit of the Celestials,Healer,EU,Temple of Sethraliss,5,1,961.9,35498,0,288.0,2026-08-22,0,-1,,,,
50598,85596,Mage,Arcane,Sunfury,DPS,EU,Temple of Sethraliss,5,1,961.9,161950,0,301.0,2026-08-22,0,-1,,,,
50598,107384,Warlock,Demonology,Diabolist,DPS,EU,Temple of Sethraliss,5,1,961.9,137158,0,290.0,2026-08-22,0,-1,,,,
50598,105779,DemonHunter,Devourer,Void-Scarred,DPS,EU,Temple of Sethraliss,5,1,961.9,153576,0,292.0,2026-08-22,0,-1,,,,
41844,83215,DeathKnight,Blood,San'layn,Tank,EU,Altar of Fangs,13,1,1671.0,117257,0,303.0,2026-08-21,0,-1,1708.0,5.1,,
41844,69257,Paladin,Holy,Herald of the Sun,Healer,EU,Altar of Fangs,13,1,1671.0,21503,0,304.0,2026-08-21,0,-1,1708.0,5.1,,
41844,77096,Shaman,Enhancement,Stormbringer,DPS,EU,Altar of Fangs,13,1,1671.0,248145,3,309.0,2026-08-21,0,-1,1708.0,5.1,,
41844,51017,Rogue,Outlaw,Trickster,DPS,EU,Altar of Fangs,13,1,1671.0,231527,0,299.0,2026-08-21,0,-1,1708.0,5.1,,
41844,24894,Warrior,Arms,Slayer,DPS,EU,Altar of Fangs,13,1,1671.0,210461,0,298.0,2026-08-21,0,-1,1708.0,5.1,,
37540,21227,DeathKnight,Blood,San'layn,Tank,EU,Den of Nalorakk,11,1,1406.6,96170,0,296.0,2026-08-20,0,-1,1418.0,26.1,,
37540,20253,Paladin,Holy,Herald of the Sun,Healer,EU,Den of Nalorakk,11,1,1406.6,14602,1,296.0,2026-08-20,0,-1,1418.0,26.1,,
37540,20254,DemonHunter,Devourer,Void-Scarred,DPS,EU,Den of Nalorakk,11,1,1406.6,197447,2,307.0,2026-08-20,0,-1,1418.0,26.1,,
37540,20255,DeathKnight,Unholy,San'layn,DPS,EU,Den of Nalorakk,11,1,1406.6,175344,1,300.0,2026-08-20,0,-1,1418.0,26.1,,
37540,19805,Mage,Arcane,Sunfury,DPS,EU,Den of Nalorakk,11,1,1406.6,193683,0,301.0,2026-08-20,0,-1,1418.0,26.1,,
4261,6452,DeathKnight,Blood,San'layn,Tank,US,Murder Row,12,0,2392.6,87003,2,299.0,2026-08-18,0,-1,2624.0,-28.6,,2701
4261,9678,Shaman,Restoration,Totemic,Healer,US,Murder Row,12,0,2392.6,11536,4,294.0,2026-08-18,0,-1,2624.0,-28.6,,
4261,6454,Druid,Feral,Druid of the Claw,DPS,US,Murder Row,12,0,2392.6,145396,4,293.0,2026-08-18,0,-1,2624.0,-28.6,,3036
4261,6455,Warrior,Arms,Slayer,DPS,US,Murder Row,12,0,2392.6,127813,2,296.0,2026-08-18,0,-1,2624.0,-28.6,,2716
4261,3272,Priest,Shadow,Archon,DPS,US,Murder Row,12,0,2392.6,133344,6,295.0,2026-08-18,0,-1,2624.0,-28.6,,2746
85719,151099,DeathKnight,Blood,San'layn,Tank,US,Ruby Life Pools,8,1,976.0,142359,0,302.0,2026-08-23,0,-1,978.0,41.8,1,
85719,151100,Paladin,Holy,Herald of the Sun,Healer,US,Ruby Life Pools,8,1,976.0,12863,0,295.0,2026-08-23,0,-1,978.0,41.8,2,
85719,151101,Hunter,Marksmanship,Sentinel,DPS,US,Ruby Life Pools,8,1,976.0,223581,1,293.0,2026-08-23,0,-1,978.0,41.8,0,
85719,151102,Warrior,Arms,Slayer,DPS,US,Ruby Life Pools,8,1,976.0,194904,0,300.0,2026-08-23,0,-1,978.0,41.8,0,
85719,151103,Warrior,Arms,Slayer,DPS,US,Ruby Life Pools,8,1,976.0,167467,1,299.0,2026-08-23,0,-1,978.0,41.8,2,
12529,21546,DeathKnight,Blood,San'layn,Tank,EU,The Blinding Vale,11,1,1400.8,121598,1,291.0,2026-08-19,0,-1,1437.0,20.2,,
12529,21547,Monk,Mistweaver,Conduit of the Celestials,Healer,EU,The Blinding Vale,11,1,1400.8,55309,1,293.0,2026-08-19,0,-1,1437.0,20.2,,
12529,21550,Paladin,Retribution,Herald of the Sun,DPS,EU,The Blinding Vale,11,1,1400.8,226850,1,292.0,2026-08-19,0,-1,1437.0,20.2,,
12529,23639,Druid,Balance,Elune's Chosen,DPS,EU,The Blinding Vale,11,1,1400.8,209884,3,294.0,2026-08-19,0,-1,1437.0,20.2,,
12529,23638,Hunter,BeastMastery,Dark Ranger,DPS,EU,The Blinding Vale,11,1,1400.8,213754,3,290.0,2026-08-19,0,-1,1437.0,20.2,,
21188,47159,DeathKnight,Blood,Unknown,Tank,US,Den of Nalorakk,9,1,1351.9,71512,0,288.0,2026-08-19,0,-1,1343.0,30.0,,
21188,47160,Paladin,Holy,Unknown,Healer,US,Den of Nalorakk,9,1,1351.9,22476,0,293.0,2026-08-19,0,-1,1343.0,30.0,,
21188,47161,DemonHunter,Devourer,Unknown,DPS,US,Den of Nalorakk,9,1,1351.9,143788,0,293.0,2026-08-19,0,-1,1343.0,30.0,,
21188,44133,Shaman,Elemental,Unknown,DPS,US,Den of Nalorakk,9,1,1351.9,145512,0,299.0,2026-08-19,0,-1,1343.0,30.0,,
21188,10181,Rogue,Subtlety,Unknown,DPS,US,Den of Nalorakk,9,1,1351.9,131156,0,296.0,2026-08-19,0,-1,1343.0,30.0,,
32775,70803,DeathKnight,Blood,San'layn,Tank,US,Murder Row,12,1,1585.0,92373,0,305.0,2026-08-21,0,-1,1606.0,21.3,,
32775,785,Shaman,Restoration,Totemic,Healer,US,Murder Row,12,1,1585.0,22386,0,293.0,2026-08-21,0,-1,1606.0,21.3,,
32775,3121,Warrior,Arms,Slayer,DPS,US,Murder Row,12,1,1585.0,211516,2,304.0,2026-08-21,0,-1,1606.0,21.3,,3089
32775,70804,Druid,Feral,Druid of the Claw,DPS,US,Murder Row,12,1,1585.0,199885,0,295.0,2026-08-21,0,-1,1606.0,21.3,,
32775,70805,Rogue,Outlaw,Trickster,DPS,US,Murder Row,12,1,1585.0,204044,0,298.0,2026-08-21,0,-1,1606.0,21.3,,
3216,6979,Paladin,Protection,Templar,Tank,US,Altar of Fangs,10,1,1319.1,116457,0,296.0,2026-08-18,0,-1,1330.0,26.1,,2872
3216,6980,Paladin,Holy,Herald of the Sun,Healer,US,Altar of Fangs,10,1,1319.1,13911,1,289.0,2026-08-18,0,-1,1330.0,26.1,,
3216,6981,Priest,Shadow,Archon,DPS,US,Altar of Fangs,10,1,1319.1,221652,0,294.0,2026-08-18,0,-1,1330.0,26.1,,2853
3216,6982,Paladin,Retribution,Templar,DPS,US,Altar of Fangs,10,1,1319.1,226587,0,296.0,2026-08-18,0,-1,1330.0,26.1,,2860
3216,6983,Warrior,Arms,Slayer,DPS,US,Altar of Fangs,10,1,1319.1,192586,3,295.0,2026-08-18,0,-1,1330.0,26.1,,2950
30350,2519,Monk,Brewmaster,Shado-Pan,Tank,US,Den of Nalorakk,10,1,1201.7,88393,0,301.0,2026-08-20,0,-1,1193.0,37.9,,2665
30350,2520,Shaman,Restoration,Totemic,Healer,US,Den of Nalorakk,10,1,1201.7,25720,0,310.0,2026-08-20,0,-1,1193.0,37.9,,2666
30350,2523,Warlock,Demonology,Diabolist,DPS,US,Den of Nalorakk,10,1,1201.7,195586,0,306.0,2026-08-20,0,-1,1193.0,37.9,,2668
30350,61185,Mage,Arcane,Sunfury,DPS,US,Den of Nalorakk,10,1,1201.7,152873,0,297.0,2026-08-20,0,-1,1193.0,37.9,,
30350,2522,Mage,Arcane,Sunfury,DPS,US,Den of Nalorakk,10,1,1201.7,229509,0,309.0,2026-08-20,0,-1,1193.0,37.9,,2666
31348,67369,DeathKnight,Blood,San'layn,Tank,EU,Altar of Fangs,10,1,1112.4,149087,0,304.0,2026-08-20,0,-1,1119.0,37.8,,
31348,42614,Paladin,Holy,Herald of the Sun,Healer,EU,Altar of Fangs,10,1,1112.4,31262,2,305.0,2026-08-20,0,-1,1119.0,37.8,,
31348,67370,Shaman,Elemental,Farseer,DPS,EU,Altar of Fangs,10,1,1112.4,285554,0,306.0,2026-08-20,0,-1,1119.0,37.8,,
31348,67371,Mage,Arcane,Sunfury,DPS,EU,Altar of Fangs,10,1,1112.4,208126,1,302.0,2026-08-20,0,-1,1119.0,37.8,,
31348,67372,DemonHunter,Havoc,Fel-Scarred,DPS,EU,Altar of Fangs,10,1,1112.4,233993,0,300.0,2026-08-20,0,-1,1119.0,37.8,,
28984,55031,DeathKnight,Blood,San'layn,Tank,EU,Temple of Sethraliss,8,1,1146.8,132734,0,306.0,2026-08-20,0,-1,1178.0,38.6,,
28984,63002,Shaman,Restoration,Totemic,Healer,EU,Temple of Sethraliss,8,1,1146.8,16363,2,288.0,2026-08-20,0,-1,1178.0,38.6,,
28984,55034,Warrior,Arms,Slayer,DPS,EU,Temple of Sethraliss,8,1,1146.8,181178,3,301.0,2026-08-20,0,-1,1178.0,38.6,,
28984,55033,DeathKnight,Unholy,Rider of the Apocalypse,DPS,EU,Temple of Sethraliss,8,1,1146.8,200369,2,303.0,2026-08-20,0,-1,1178.0,38.6,,
28984,63003,Hunter,Marksmanship,Sentinel,DPS,EU,Temple of Sethraliss,8,1,1146.8,140109,1,300.0,2026-08-20,0,-1,1178.0,38.6,,
57140,6371,Druid,Guardian,Elune's Chosen,Tank,US,Murder Row,10,1,949.7,95497,0,309.0,2026-08-23,0,-1,,,,2829
57140,120156,Priest,Holy,Oracle,Healer,US,Murder Row,10,1,949.7,42882,0,307.0,2026-08-23,0,-1,,,,
57140,120157,Warlock,Affliction,Soul Harvester,DPS,US,Murder Row,10,1,949.7,314963,1,308.0,2026-08-23,0,-1,,,,
57140,3273,DemonHunter,Devourer,Void-Scarred,DPS,US,Murder Row,10,1,949.7,232667,0,306.0,2026-08-23,0,-1,,,,2725
57140,116897,Mage,Arcane,Sunfury,DPS,US,Murder Row,10,1,949.7,298849,0,308.0,2026-08-23,0,-1,,,,
60060,128565,DeathKnight,Blood,San'layn,Tank,EU,Altar of Fangs,2,1,1053.7,68294,0,282.0,2026-08-23,0,-1,,,,
60060,128566,Monk,Mistweaver,Conduit of the Celestials,Healer,EU,Altar of Fangs,2,1,1053.7,25531,0,278.0,2026-08-23,0,-1,,,,
60060,128567,Warrior,Arms,Slayer,DPS,EU,Altar of Fangs,2,1,1053.7,141801,0,293.0,2026-08-23,0,-1,,,,
60060,128568,Warrior,Arms,Slayer,DPS,EU,Altar of Fangs,2,1,1053.7,97625,0,271.0,2026-08-23,0,-1,,,,
60060,128569,Mage,Arcane,Sunfury,DPS,EU,Altar of Fangs,2,1,1053.7,110693,0,278.0,2026-08-23,0,-1,,,,
19687,21973,DeathKnight,Blood,Unknown,Tank,EU,Altar of Fangs,7,1,1135.2,105440,0,292.0,2026-08-19,0,-1,1132.0,37.1,,
19687,43435,Shaman,Restoration,Unknown,Healer,EU,Altar of Fangs,7,1,1135.2,18870,0,294.0,2026-08-19,0,-1,1132.0,37.1,,
19687,14948,Warrior,Arms,Unknown,DPS,EU,Altar of Fangs,7,1,1135.2,194521,1,289.0,2026-08-19,0,-1,1132.0,37.1,,
19687,14950,Mage,Arcane,Unknown,DPS,EU,Altar of Fangs,7,1,1135.2,202396,0,293.0,2026-08-19,0,-1,1132.0,37.1,,
19687,43436,Druid,Balance,Unknown,DPS,EU,Altar of Fangs,7,1,1135.2,153531,0,293.0,2026-08-19,0,-1,1132.0,37.1,,
13193,25898,Druid,Guardian,Elune's Chosen,Tank,EU,Ruby Life Pools,6,1,922.2,78295,0,291.0,2026-08-19,0,-1,914.0,45.6,,
13193,25899,Priest,Holy,Oracle,Healer,EU,Ruby Life Pools,6,1,922.2,14614,0,292.0,2026-08-19,0,-1,914.0,45.6,,
13193,25900,Shaman,Enhancement,Stormbringer,DPS,EU,Ruby Life Pools,6,1,922.2,137394,0,287.0,2026-08-19,0,-1,914.0,45.6,,
13193,25901,Paladin,Retribution,Templar,DPS,EU,Ruby Life Pools,6,1,922.2,157818,0,292.0,2026-08-19,0,-1,914.0,45.6,,
13193,25902,Mage,Arcane,Sunfury,DPS,EU,Ruby Life Pools,6,1,922.2,169218,0,292.0,2026-08-19,0,-1,914.0,45.6,,
8665,13437,Paladin,Protection,Templar,Tank,US,Altar of Fangs,10,1,1208.0,129186,0,290.0,2026-08-19,0,-1,1200.0,33.3,,
8665,16808,Shaman,Restoration,Totemic,Healer,US,Altar of Fangs,10,1,1208.0,22570,0,290.0,2026-08-19,0,-1,1200.0,33.3,,
8665,4271,DemonHunter,Devourer,Annihilator,DPS,US,Altar of Fangs,10,1,1208.0,247288,0,293.0,2026-08-19,0,-1,1200.0,33.3,,2728
8665,4270,Rogue,Outlaw,Trickster,DPS,US,Altar of Fangs,10,1,1208.0,273888,0,293.0,2026-08-19,0,-1,1200.0,33.3,,2698
8665,13439,Priest,Shadow,Voidweaver,DPS,US,Altar of Fangs,10,1,1208.0,256413,0,292.0,2026-08-19,0,-1,1200.0,33.3,,2393
3925,8945,DeathKnight,Blood,San'layn,Tank,US,Kings' Rest,10,1,1568.7,80191,0,296.0,2026-08-18,0,-1,1566.0,20.9,,
3925,8946,Paladin,Holy,Herald of the Sun,Healer,US,Kings' Rest,10,1,1568.7,12466,1,290.0,2026-08-18,0,-1,1566.0,20.9,,
3925,7624,Monk,Windwalker,Shado-Pan,DPS,US,Kings' Rest,10,1,1568.7,133575,0,293.0,2026-08-18,0,-1,1566.0,20.9,,
3925,6256,Warrior,Arms,Slayer,DPS,US,Kings' Rest,10,1,1568.7,168439,0,292.0,2026-08-18,0,-1,1566.0,20.9,,
3925,8947,Mage,Arcane,Sunfury,DPS,US,Kings' Rest,10,1,1568.7,116871,0,291.0,2026-08-18,0,-1,1566.0,20.9,,
65390,61542,DeathKnight,Blood,San'layn,Tank,CN,Temple of Sethraliss,13,1,1394.8,137819,0,310.0,2026-08-21,0,-1,1417.0,26.2,,
65390,65146,Paladin,Holy,Lightsmith,Healer,CN,Temple of Sethraliss,13,1,1394.8,63306,0,309.0,2026-08-21,0,-1,1417.0,26.2,,
65390,61546,Hunter,BeastMastery,Pack Leader,DPS,CN,Temple of Sethraliss,13,1,1394.8,216590,0,306.0,2026-08-21,0,-1,1417.0,26.2,,
65390,61545,Shaman,Elemental,Farseer,DPS,CN,Temple of Sethraliss,13,1,1394.8,239456,2,304.0,2026-08-21,0,-1,1417.0,26.2,,
65390,61544,Mage,Arcane,Sunfury,DPS,CN,Temple of Sethraliss,13,1,1394.8,209000,0,300.0,2026-08-21,0,-1,1417.0,26.2,,
63918,54034,DeathKnight,Blood,Unknown,Tank,US,Temple of Sethraliss,12,1,1401.4,120600,0,302.0,2026-08-22,0,-1,1438.0,25.1,,
63918,65016,Paladin,Holy,Unknown,Healer,US,Temple of Sethraliss,12,1,1401.4,30850,2,301.0,2026-08-22,0,-1,1438.0,25.1,,
63918,755,Paladin,Retribution,Unknown,DPS,US,Temple of Sethraliss,12,1,1401.4,194333,0,304.0,2026-08-22,0,-1,1438.0,25.1,,
63918,54036,Mage,Arcane,Unknown,DPS,US,Temple of Sethraliss,12,1,1401.4,213052,1,306.0,2026-08-22,0,-1,1438.0,25.1,,
63918,54037,Shaman,Elemental,Unknown,DPS,US,Temple of Sethraliss,12,1,1401.4,193465,0,298.0,2026-08-22,0,-1,1438.0,25.1,,
33735,19675,DeathKnight,Blood,Unknown,Tank,EU,Murder Row,13,1,1824.1,117573,0,306.0,2026-08-21,0,-1,1830.0,10.3,,
33735,57854,Shaman,Restoration,Unknown,Healer,EU,Murder Row,13,1,1824.1,19341,0,305.0,2026-08-21,0,-1,1830.0,10.3,,
33735,30643,Shaman,Elemental,Unknown,DPS,EU,Murder Row,13,1,1824.1,199637,1,303.0,2026-08-21,0,-1,1830.0,10.3,,
33735,65175,Warrior,Arms,Unknown,DPS,EU,Murder Row,13,1,1824.1,151963,0,302.0,2026-08-21,0,-1,1830.0,10.3,,
33735,14718,Mage,Arcane,Unknown,DPS,EU,Murder Row,13,1,1824.1,207678,0,306.0,2026-08-21,0,-1,1830.0,10.3,,
4328,9800,Druid,Guardian,Elune's Chosen,Tank,US,Den of Nalorakk,11,1,1720.3,66860,0,297.0,2026-08-19,0,-1,1727.0,10.1,,
4328,9801,Shaman,Restoration,Totemic,Healer,US,Den of Nalorakk,11,1,1720.3,21396,1,296.0,2026-08-19,0,-1,1727.0,10.1,,
4328,9802,Warrior,Arms,Slayer,DPS,US,Den of Nalorakk,11,1,1720.3,150964,0,290.0,2026-08-19,0,-1,1727.0,10.1,,
4328,9803,Mage,Arcane,Sunfury,DPS,US,Den of Nalorakk,11,1,1720.3,165264,1,291.0,2026-08-19,0,-1,1727.0,10.1,,
4328,6424,Mage,Arcane,Sunfury,DPS,US,Den of Nalorakk,11,1,1720.3,174188,1,294.0,2026-08-19,0,-1,1727.0,10.1,,
83323,147264,Paladin,Protection,Lightsmith,Tank,EU,Ruby Life Pools,6,1,994.7,73294,0,285.0,2026-08-23,0,-1,986.0,41.3,0,
83323,147265,Priest,Holy,Oracle,Healer,EU,Ruby Life Pools,6,1,994.7,25119,0,297.0,2026-08-23,0,-1,986.0,41.3,0,
83323,147266,Warrior,Arms,Slayer,DPS,EU,Ruby Life Pools,6,1,994.7,161895,0,298.0,2026-08-23,0,-1,986.0,41.3,2,
83323,147267,Shaman,Elemental,Farseer,DPS,EU,Ruby Life Pools,6,1,994.7,139171,0,297.0,2026-08-23,0,-1,986.0,41.3,2,
83323,147268,Mage,Arcane,Sunfury,DPS,EU,Ruby Life Pools,6,1,994.7,130925,0,295.0,2026-08-23,0,-1,986.0,41.3,,
28826,1504,Warrior,Protection,Mountain Thane,Tank,US,Kings' Rest,11,1,1252.0,97244,0,302.0,2026-08-21,0,-1,1244.0,37.2,,
28826,1503,Druid,Restoration,Wildstalker,Healer,US,Kings' Rest,11,1,1252.0,16392,0,300.0,2026-08-21,0,-1,1244.0,37.2,,
28826,3613,Hunter,BeastMastery,Pack Leader,DPS,US,Kings' Rest,11,1,1252.0,156895,0,302.0,2026-08-21,0,-1,1244.0,37.2,,
28826,3614,Mage,Arcane,Sunfury,DPS,US,Kings' Rest,11,1,1252.0,188266,0,309.0,2026-08-21,0,-1,1244.0,37.2,,
28826,1457,Shaman,Elemental,Farseer,DPS,US,Kings' Rest,11,1,1252.0,176724,0,304.0,2026-08-21,0,-1,1244.0,37.2,,
61597,101948,DeathKnight,Blood,San'layn,Tank,CN,Murder Row,10,1,1144.3,93906,0,308.0,2026-08-23,0,-1,1140.0,44.1,,
61597,101949,Monk,Mistweaver,Conduit of the Celestials,Healer,CN,Murder Row,10,1,1144.3,52071,1,303.0,2026-08-23,0,-1,1140.0,44.1,,
61597,132131,Mage,Arcane,Sunfury,DPS,CN,Murder Row,10,1,1144.3,211188,0,306.0,2026-08-23,0,-1,1140.0,44.1,,
61597,101950,Paladin,Retribution,Herald of the Sun,DPS,CN,Murder Row,10,1,1144.3,229026,0,311.0,2026-08-23,0,-1,1140.0,44.1,,
61597,101951,DeathKnight,Unholy,Rider of the Apocalypse,DPS,CN,Murder Row,10,1,1144.3,211436,0,311.0,2026-08-23,0,-1,1140.0,44.1,,
17010,37593,Druid,Guardian,Elune's Chosen,Tank,US,Ruby Life Pools,5,1,964.1,77017,0,288.0,2026-08-20,0,-1,956.0,43.1,,
17010,37594,Paladin,Holy,Herald of the Sun,Healer,US,Ruby Life Pools,5,1,964.1,11002,0,289.0,2026-08-20,0,-1,956.0,43.1,,
17010,37595,Mage,Arcane,Sunfury,DPS,US,Ruby Life Pools,5,1,964.1,140835,0,292.0,2026-08-20,0,-1,956.0,43.1,,
17010,37596,Warrior,Arms,Slayer,DPS,US,Ruby Life Pools,5,1,964.1,150623,0,291.0,2026-08-20,0,-1,956.0,43.1,,
17010,37597,Shaman,Elemental,Farseer,DPS,US,Ruby Life Pools,5,1,964.1,110967,0,273.0,2026-08-20,0,-1,956.0,43.1,,
31875,18902,Paladin,Protection,Lightsmith,Tank,EU,Ruby Life Pools,10,1,1052.5,116665,0,304.0,2026-08-20,0,-1,1049.0,37.5,,
31875,22899,Priest,Discipline,Oracle,Healer,EU,Ruby Life Pools,10,1,1052.5,18218,0,297.0,2026-08-20,0,-1,1049.0,37.5,,
31875,18905,Evoker,Augmentation,Chronowarden,DPS,EU,Ruby Life Pools,10,1,1052.5,188226,0,300.0,2026-08-20,0,-1,1049.0,37.5,,
31875,18903,Druid,Balance,Elune's Chosen,DPS,EU,Ruby Life Pools,10,1,1052.5,199898,0,303.0,2026-08-20,0,-1,1049.0,37.5,,
31875,18906,Shaman,Elemental,Farseer,DPS,EU,Ruby Life Pools,10,1,1052.5,286651,1,307.0,2026-08-20,0,-1,1049.0,37.5,,
83224,147082,DeathKnight,Blood,San'layn,Tank,EU,Altar of Fangs,5,1,1004.8,82323,0,299.0,2026-08-23,0,-1,996.0,44.6,2,
83224,115442,Paladin,Holy,Herald of the Sun,Healer,EU,Altar of Fangs,5,1,1004.8,21333,0,294.0,2026-08-23,0,-1,996.0,44.6,2,
83224,147083,Shaman,Enhancement,Stormbringer,DPS,EU,Altar of Fangs,5,1,1004.8,194716,0,293.0,2026-08-23,0,-1,996.0,44.6,2,
83224,147084,Warrior,Arms,Slayer,DPS,EU,Altar of Fangs,5,1,1004.8,117316,1,272.0,2026-08-23,0,-1,996.0,44.6,0,
83224,147085,Druid,Balance,Elune's Chosen,DPS,EU,Altar of Fangs,5,1,1004.8,148719,0,294.0,2026-08-23,0,-1,996.0,44.6,0,
7163,15328,DeathKnight,Blood,Deathbringer,Tank,EU,The Blinding Vale,10,1,1258.1,123596,0,298.0,2026-08-19,0,-1,1260.0,30.0,,
7163,15329,Druid,Restoration,Wildstalker,Healer,EU,The Blinding Vale,10,1,1258.1,11001,0,292.0,2026-08-19,0,-1,1260.0,30.0,,
7163,15330,Shaman,Elemental,Farseer,DPS,EU,The Blinding Vale,10,1,1258.1,229895,0,293.0,2026-08-19,0,-1,1260.0,30.0,,
7163,15331,Paladin,Retribution,Templar,DPS,EU,The Blinding Vale,10,1,1258.1,191291,1,292.0,2026-08-19,0,-1,1260.0,30.0,,
7163,15332,Mage,Arcane,Sunfury,DPS,EU,The Blinding Vale,10,1,1258.1,177298,1,295.0,2026-08-19,0,-1,1260.0,30.0,,
32051,69100,DeathKnight,Blood,San'layn,Tank,EU,Kings' Rest,12,1,1531.6,75216,0,307.0,2026-08-20,0,-1,1538.0,22.3,,
32051,69101,Shaman,Restoration,Totemic,Healer,EU,Kings' Rest,12,1,1531.6,18878,1,291.0,2026-08-20,0,-1,1538.0,22.3,,
32051,51342,Druid,Balance,Elune's Chosen,DPS,EU,Kings' Rest,12,1,1531.6,146754,0,300.0,2026-08-20,0,-1,1538.0,22.3,,
32051,12884,Mage,Arcane,Sunfury,DPS,EU,Kings' Rest,12,1,1531.6,173511,0,309.0,2026-08-20,0,-1,1538.0,22.3,,
32051,48944,DemonHunter,Devourer,Annihilator,DPS,EU,Kings' Rest,12,1,1531.6,154993,0,304.0,2026-08-20,0,-1,1538.0,22.3,,
72946,68743,DeathKnight,Blood,San'layn,Tank,CN,The Blinding Vale,15,1,1555.3,159324,0,310.0,2026-08-23,0,-1,1637.0,9.1,,
72946,80345,Paladin,Holy,Lightsmith,Healer,CN,The Blinding Vale,15,1,1555.3,61071,1,305.0,2026-08-23,0,-1,1637.0,9.1,,
72946,66719,Mage,Arcane,Sunfury,DPS,CN,The Blinding Vale,15,1,1555.3,284586,0,311.0,2026-08-23,0,-1,1637.0,9.1,,
72946,142054,Shaman,Elemental,Farseer,DPS,CN,The Blinding Vale,15,1,1555.3,237853,2,307.0,2026-08-23,0,-1,1637.0,9.1,,
72946,80346,Monk,Windwalker,Conduit of the Celestials,DPS,CN,The Blinding Vale,15,1,1555.3,264693,3,311.0,2026-08-23,0,-1,1637.0,9.1,,
17308,38315,DeathKnight,Blood,San'layn,Tank,EU,Ruby Life Pools,4,1,884.3,68702,0,292.0,2026-08-19,0,-1,876.0,47.9,,
17308,38316,Monk,Mistweaver,Conduit of the Celestials,Healer,EU,Ruby Life Pools,4,1,884.3,28678,0,287.0,2026-08-19,0,-1,876.0,47.9,,
17308,38317,Warrior,Arms,Slayer,DPS,EU,Ruby Life Pools,4,1,884.3,157092,1,289.0,2026-08-19,0,-1,876.0,47.9,,
17308,38318,Paladin,Retribution,Templar,DPS,EU,Ruby Life Pools,4,1,884.3,134460,0,289.0,2026-08-19,0,-1,876.0,47.9,,
17308,38319,Hunter,BeastMastery,Pack Leader,DPS,EU,Ruby Life Pools,4,1,884.3,101451,0,290.0,2026-08-19,0,-1,876.0,47.9,,
36371,78446,DeathKnight,Blood,San'layn,Tank,US,Murder Row,7,1,1157.1,88908,1,292.0,2026-08-21,0,-1,1174.0,42.4,,
36371,78447,Shaman,Restoration,Totemic,Healer,US,Murder Row,7,1,1157.1,22395,1,291.0,2026-08-21,0,-1,1174.0,42.4,,
36371,6792,Priest,Shadow,Archon,DPS,US,Murder Row,7,1,1157.1,181810,1,305.0,2026-08-21,0,-1,1174.0,42.4,,
36371,62879,Mage,Arcane,Sunfury,DPS,US,Murder Row,7,1,1157.1,192181,1,309.0,2026-08-21,0,-1,1174.0,42.4,,
36371,78448,DemonHunter,Devourer,Void-Scarred,DPS,US,Murder Row,7,1,1157.1,160917,1,306.0,2026-08-21,0,-1,1174.0,42.4,,
55366,2720,DeathKnight,Blood,San'layn,Tank,US,Ruby Life Pools,10,1,996.3,149305,0,307.0,2026-08-22,0,-1,1013.0,39.7,,2738
55366,10120,Evoker,Preservation,Flameshaper,Healer,US,Ruby Life Pools,10,1,996.3,26891,2,294.0,2026-08-22,0,-1,1013.0,39.7,,
55366,10013,Warrior,Arms,Slayer,DPS,US,Ruby Life Pools,10,1,996.3,264837,1,313.0,2026-08-22,0,-1,1013.0,39.7,,2787
55366,117434,Rogue,Subtlety,Deathstalker,DPS,US,Ruby Life Pools,10,1,996.3,200358,1,299.0,2026-08-22,0,-1,1013.0,39.7,,
55366,55890,Rogue,Subtlety,Deathstalker,DPS,US,Ruby Life Pools,10,1,996.3,251592,1,305.0,2026-08-22,0,-1,1013.0,39.7,,
54825,1683,DemonHunter,Vengeance,Annihilator,Tank,US,Altar of Fangs,13,1,1532.7,160314,0,305.0,2026-08-22,0,-1,,,,2984
54825,1684,Priest,Holy,Oracle,Healer,US,Altar of Fangs,13,1,1532.7,38268,0,302.0,2026-08-22,0,-1,,,,2943
54825,1686,Rogue,Assassination,Deathstalker,DPS,US,Altar of Fangs,13,1,1532.7,245534,4,305.0,2026-08-22,0,-1,,,,2902
54825,1685,Mage,Arcane,Sunfury,DPS,US,Altar of Fangs,13,1,1532.7,252611,2,304.0,2026-08-22,0,-1,,,,2987
54825,1687,Priest,Shadow,Voidweaver,DPS,US,Altar of Fangs,13,1,1532.7,229682,0,306.0,2026-08-22,0,-1,,,,2900
15170,31844,Paladin,Protection,Templar,Tank,US,Temple of Sethraliss,3,1,1181.3,55791,0,290.0,2026-08-19,0,-1,1173.0,38.9,,
15170,31845,Priest,Holy,Oracle,Healer,US,Temple of Sethraliss,3,1,1181.3,16293,0,288.0,2026-08-19,0,-1,1173.0,38.9,,
15170,31846,Mage,Frost,Spellslinger,DPS,US,Temple of Sethraliss,3,1,1181.3,111046,0,290.0,2026-08-19,0,-1,1173.0,38.9,,
15170,31847,Hunter,BeastMastery,Pack Leader,DPS,US,Temple of Sethraliss,3,1,1181.3,108135,1,292.0,2026-08-19,0,-1,1173.0,38.9,,
15170,31848,Hunter,BeastMastery,Pack Leader,DPS,US,Temple of Sethraliss,3,1,1181.3,100214,0,292.0,2026-08-19,0,-1,1173.0,38.9,,
9346,18371,DeathKnight,Blood,San'layn,Tank,EU,Murder Row,10,1,1309.0,127966,0,304.0,2026-08-19,0,-1,1311.0,35.8,,3139
9346,18372,Paladin,Holy,Lightsmith,Healer,EU,Murder Row,10,1,1309.0,76349,0,295.0,2026-08-19,0,-1,1311.0,35.8,,
9346,18373,Warrior,Arms,Slayer,DPS,EU,Murder Row,10,1,1309.0,139404,1,290.0,2026-08-19,0,-1,1311.0,35.8,,
9346,18374,Rogue,Assassination,Deathstalker,DPS,EU,Murder Row,10,1,1309.0,215657,1,295.0,2026-08-19,0,-1,1311.0,35.8,,3041
9346,18375,Shaman,Elemental,Farseer,DPS,EU,Murder Row,10,1,1309.0,184811,0,298.0,2026-08-19,0,-1,1311.0,35.8,,3112
30952,60041,DeathKnight,Blood,San'layn,Tank,EU,Voidscar Arena,12,1,1407.7,112995,0,302.0,2026-08-20,0,-1,1444.0,19.8,,
30952,20814,Paladin,Holy,Herald of the Sun,Healer,EU,Voidscar Arena,12,1,1407.7,10225,1,303.0,2026-08-20,0,-1,1444.0,19.8,,
30952,66294,Mage,Arcane,Sunfury,DPS,EU,Voidscar Arena,12,1,1407.7,171577,1,298.0,2026-08-20,0,-1,1444.0,19.8,,
30952,66295,Warrior,Arms,Slayer,DPS,EU,Voidscar Arena,12,1,1407.7,219121,0,301.0,2026-08-20,0,-1,1444.0,19.8,,
30952,20815,Rogue,Outlaw,Trickster,DPS,EU,Voidscar Arena,12,1,1407.7,186481,1,299.0,2026-08-20,0,-1,1444.0,19.8,,
76693,44403,DeathKnight,Blood,San'layn,Tank,US,The Blinding Vale,14,1,1657.5,151465,0,313.0,2026-08-23,0,-1,1724.0,4.2,,
76693,38433,Shaman,Restoration,Totemic,Healer,US,The Blinding Vale,14,1,1657.5,35487,2,299.0,2026-08-23,0,-1,1724.0,4.2,,
76693,55801,DemonHunter,Havoc,Fel-Scarred,DPS,US,The Blinding Vale,14,1,1657.5,269506,1,308.0,2026-08-23,0,-1,1724.0,4.2,,
76693,40870,Druid,Balance,Elune's Chosen,DPS,US,The Blinding Vale,14,1,1657.5,234237,0,300.0,2026-08-23,0,-1,1724.0,4.2,,
76693,7643,Mage,Arcane,Sunfury,DPS,US,The Blinding Vale,14,1,1657.5,255980,2,307.0,2026-08-23,0,-1,1724.0,4.2,,
8076,14698,Paladin,Protection,Templar,Tank,EU,Ruby Life Pools,10,1,1065.7,114686,1,302.0,2026-08-19,0,-1,1072.0,36.2,,2694
8076,14699,Priest,Discipline,Voidweaver,Healer,EU,Ruby Life Pools,10,1,1065.7,31394,0,296.0,2026-08-19,0,-1,1072.0,36.2,,2730
8076,16807,Hunter,BeastMastery,Pack Leader,DPS,EU,Ruby Life Pools,10,1,1065.7,173256,1,298.0,2026-08-19,0,-1,1072.0,36.2,,
8076,14701,Mage,Arcane,Sunfury,DPS,EU,Ruby Life Pools,10,1,1065.7,211222,0,295.0,2026-08-19,0,-1,1072.0,36.2,,2765
8076,14702,Hunter,Marksmanship,Sentinel,DPS,EU,Ruby Life Pools,10,1,1065.7,234636,1,296.0,2026-08-19,0,-1,1072.0,36.2,,2745
75751,118278,DeathKnight,Blood,Deathbringer,Tank,EU,Altar of Fangs,14,1,1713.3,130088,0,307.0,2026-08-23,0,-1,1719.0,4.5,,
75751,51537,Paladin,Holy,Herald of the Sun,Healer,EU,Altar of Fangs,14,1,1713.3,19727,0,307.0,2026-08-23,0,-1,1719.0,4.5,,
75751,143157,Shaman,Elemental,Farseer,DPS,EU,Altar of Fangs,14,1,1713.3,247702,0,295.0,2026-08-23,0,-1,1719.0,4.5,,
75751,44678,Mage,Arcane,Sunfury,DPS,EU,Altar of Fangs,14,1,1713.3,263620,1,311.0,2026-08-23,0,-1,1719.0,4.5,,
75751,18743,Warrior,Arms,Slayer,DPS,EU,Altar of Fangs,14,1,1713.3,282398,0,306.0,2026-08-23,0,-1,1719.0,4.5,,
30178,8912,DemonHunter,Vengeance,Annihilator,Tank,US,Voidscar Arena,10,1,1051.3,100338,1,311.0,2026-08-20,0,-1,1073.0,40.4,,
30178,13803,Monk,Mistweaver,Conduit of the Celestials,Healer,US,Voidscar Arena,10,1,1051.3,47243,1,300.0,2026-08-20,0,-1,1073.0,40.4,,
30178,54731,Mage,Arcane,Sunfury,DPS,US,Voidscar Arena,10,1,1051.3,246308,2,309.0,2026-08-20,0,-1,1073.0,40.4,,
30178,54732,DeathKnight,Unholy,Rider of the Apocalypse,DPS,US,Voidscar Arena,10,1,1051.3,236768,1,306.0,2026-08-20,0,-1,1073.0,40.4,,
30178,54733,Evoker,Devastation,Scalecommander,DPS,US,Voidscar Arena,10,1,1051.3,196362,1,300.0,2026-08-20,0,-1,1073.0,40.4,,
14518,20885,Monk,Brewmaster,Master of Harmony,Tank,EU,Voidscar Arena,9,1,1199.4,89687,0,293.0,2026-08-19,0,-1,1201.0,33.3,,
14518,29539,Paladin,Holy,Herald of the Sun,Healer,EU,Voidscar Arena,9,1,1199.4,28702,0,292.0,2026-08-19,0,-1,1201.0,33.3,,
14518,29540,DemonHunter,Devourer,Annihilator,DPS,EU,Voidscar Arena,9,1,1199.4,171762,0,294.0,2026-08-19,0,-1,1201.0,33.3,,
14518,29541,Druid,Balance,Elune's Chosen,DPS,EU,Voidscar Arena,9,1,1199.4,181073,1,293.0,2026-08-19,0,-1,1201.0,33.3,,
14518,29542,Hunter,Marksmanship,Sentinel,DPS,EU,Voidscar Arena,9,1,1199.4,155661,1,295.0,2026-08-19,0,-1,1201.0,33.3,,
85700,48734,DeathKnight,Blood,San'layn,Tank,EU,Kings' Rest,16,1,1921.8,106511,0,314.0,2026-08-23,0,-1,1973.0,0.3,2,
85700,18921,Paladin,Holy,Herald of the Sun,Healer,EU,Kings' Rest,16,1,1921.8,23282,1,310.0,2026-08-23,0,-1,1973.0,0.3,2,
85700,19159,Rogue,Assassination,Deathstalker,DPS,EU,Kings' Rest,16,1,1921.8,184668,3,313.0,2026-08-23,0,-1,1973.0,0.3,5,3259
85700,17706,DemonHunter,Devourer,Annihilator,DPS,EU,Kings' Rest,16,1,1921.8,198000,0,312.0,2026-08-23,0,-1,1973.0,0.3,4,
85700,19208,Shaman,Elemental,Farseer,DPS,EU,Kings' Rest,16,1,1921.8,169344,0,307.0,2026-08-23,0,-1,1973.0,0.3,0,
57796,82631,DeathKnight,Blood,San'layn,Tank,CN,Murder Row,10,1,1199.5,140894,0,312.0,2026-08-23,0,-1,,,,
57796,83188,Paladin,Holy,Lightsmith,Healer,CN,Murder Row,10,1,1199.5,54533,0,308.0,2026-08-23,0,-1,,,,
57796,123173,Hunter,Marksmanship,Sentinel,DPS,CN,Murder Row,10,1,1199.5,144548,1,299.0,2026-08-23,0,-1,,,,
57796,123174,Mage,Arcane,Sunfury,DPS,CN,Murder Row,10,1,1199.5,224216,0,304.0,2026-08-23,0,-1,,,,
57796,123175,Shaman,Elemental,Farseer,DPS,CN,Murder Row,10,1,1199.5,210924,0,308.0,2026-08-23,0,-1,,,,
75213,19226,DeathKnight,Blood,Deathbringer,Tank,EU,Voidscar Arena,13,1,1373.8,114535,0,308.0,2026-08-20,0,-1,1411.0,21.6,,
75213,21735,Paladin,Holy,Herald of the Sun,Healer,EU,Voidscar Arena,13,1,1373.8,19400,0,301.0,2026-08-20,0,-1,1411.0,21.6,,
75213,40147,Mage,Arcane,Sunfury,DPS,EU,Voidscar Arena,13,1,1373.8,208429,2,304.0,2026-08-20,0,-1,1411.0,21.6,,
75213,19229,Warrior,Arms,Slayer,DPS,EU,Voidscar Arena,13,1,1373.8,216029,0,304.0,2026-08-20,0,-1,1411.0,21.6,,
75213,16924,Rogue,Assassination,Deathstalker,DPS,EU,Voidscar Arena,13,1,1373.8,214476,1,307.0,2026-08-20,0,-1,1411.0,21.6,,
2058,4235,Warrior,Protection,Mountain Thane,Tank,US,The Blinding Vale,11,1,1556.2,118389,0,294.0,2026-08-18,0,-1,1583.0,12.1,,
2058,4236,Evoker,Preservation,Flameshaper,Healer,US,The Blinding Vale,11,1,1556.2,32596,2,296.0,2026-08-18,0,-1,1583.0,12.1,,
2058,4237,Warlock,Demonology,Diabolist,DPS,US,The Blinding Vale,11,1,1556.2,191949,1,295.0,2026-08-18,0,-1,1583.0,12.1,,
2058,4977,Hunter,Survival,Pack Leader,DPS,US,The Blinding Vale,11,1,1556.2,138632,4,293.0,2026-08-18,0,-1,1583.0,12.1,,
2058,1786,DemonHunter,Devourer,Annihilator,DPS,US,The Blinding Vale,11,1,1556.2,196875,0,293.0,2026-08-18,0,-1,1583.0,12.1,,2802
38036,81811,DemonHunter,Vengeance,Annihilator,Tank,EU,Kings' Rest,8,1,1186.9,74855,0,285.0,2026-08-20,0,-1,1184.0,40.2,,
38036,70937,Evoker,Preservation,Flameshaper,Healer,EU,Kings' Rest,8,1,1186.9,38829,0,298.0,2026-08-20,0,-1,1184.0,40.2,,
38036,64875,Warrior,Arms,Slayer,DPS,EU,Kings' Rest,8,1,1186.9,124726,1,301.0,2026-08-20,0,-1,1184.0,40.2,,
38036,49009,Shaman,Elemental,Farseer,DPS,EU,Kings' Rest,8,1,1186.9,160121,0,291.0,2026-08-20,0,-1,1184.0,40.2,,
38036,19008,Mage,Arcane,Sunfury,DPS,EU,Kings' Rest,8,1,1186.9,140510,0,291.0,2026-08-20,0,-1,1184.0,40.2,,
66420,138127,DeathKnight,Blood,San'layn,Tank,CN,Temple of Sethraliss,12,1,1457.9,127221,0,302.0,2026-08-21,0,-1,1464.0,23.7,,
66420,52922,Paladin,Holy,Lightsmith,Healer,CN,Temple of Sethraliss,12,1,1457.9,56376,0,305.0,2026-08-21,0,-1,1464.0,23.7,,
66420,52924,Mage,Arcane,Sunfury,DPS,CN,Temple of Sethraliss,12,1,1457.9,229091,0,302.0,2026-08-21,0,-1,1464.0,23.7,,
66420,138128,DemonHunter,Devourer,Void-Scarred,DPS,CN,Temple of Sethraliss,12,1,1457.9,176014,0,301.0,2026-08-21,0,-1,1464.0,23.7,,
66420,52925,Warrior,Arms,Slayer,DPS,CN,Temple of Sethraliss,12,1,1457.9,177251,1,309.0,2026-08-21,0,-1,1464.0,23.7,,
32595,6558,DeathKnight,Blood,San'layn,Tank,US,Ruby Life Pools,10,1,1056.6,153439,0,307.0,2026-08-22,0,-1,,,,2949
32595,6559,Paladin,Holy,Herald of the Sun,Healer,US,Ruby Life Pools,10,1,1056.6,30438,1,300.0,2026-08-22,0,-1,,,,3020
32595,6561,Hunter,Marksmanship,Sentinel,DPS,US,Ruby Life Pools,10,1,1056.6,222198,1,303.0,2026-08-22,0,-1,,,,2916
32595,6562,Warrior,Arms,Slayer,DPS,US,Ruby Life Pools,10,1,1056.6,246171,0,306.0,2026-08-22,0,-1,,,,2955
32595,6560,Evoker,Devastation,Scalecommander,DPS,US,Ruby Life Pools,10,1,1056.6,221184,0,308.0,2026-08-22,0,-1,,,,2888
11768,18498,DeathKnight,Blood,San'layn,Tank,EU,Ruby Life Pools,12,1,1527.3,115540,0,295.0,2026-08-19,0,-1,1624.0,3.3,,
11768,20643,Shaman,Restoration,Totemic,Healer,EU,Ruby Life Pools,12,1,1527.3,26231,1,283.0,2026-08-19,0,-1,1624.0,3.3,,
11768,16124,Shaman,Enhancement,Stormbringer,DPS,EU,Ruby Life Pools,12,1,1527.3,219599,2,304.0,2026-08-19,0,-1,1624.0,3.3,,3076
11768,23483,Warlock,Demonology,Diabolist,DPS,EU,Ruby Life Pools,12,1,1527.3,197946,1,294.0,2026-08-19,0,-1,1624.0,3.3,,
11768,20645,Warrior,Arms,Slayer,DPS,EU,Ruby Life Pools,12,1,1527.3,174375,3,294.0,2026-08-19,0,-1,1624.0,3.3,,
65572,64353,Paladin,Protection,Lightsmith,Tank,US,Voidscar Arena,12,1,1261.2,107791,0,296.0,2026-08-23,0,-1,1268.0,29.5,,
65572,49500,Monk,Mistweaver,Conduit of the Celestials,Healer,US,Voidscar Arena,12,1,1261.2,45484,0,302.0,2026-08-23,0,-1,1268.0,29.5,,
65572,109352,Rogue,Assassination,Deathstalker,DPS,US,Voidscar Arena,12,1,1261.2,229686,0,305.0,2026-08-23,0,-1,1268.0,29.5,,
65572,112297,Hunter,BeastMastery,Pack Leader,DPS,US,Voidscar Arena,12,1,1261.2,244120,0,309.0,2026-08-23,0,-1,1268.0,29.5,,
65572,55901,Warrior,Arms,Slayer,DPS,US,Voidscar Arena,12,1,1261.2,234961,1,305.0,2026-08-23,0,-1,1268.0,29.5,,
36743,79156,Paladin,Protection,Lightsmith,Tank,US,Ruby Life Pools,3,1,907.7,74970,0,289.0,2026-08-22,0,-1,899.0,46.5,,
36743,79157,Shaman,Restoration,Totemic,Healer,US,Ruby Life Pools,3,1,907.7,9367,0,283.0,2026-08-22,0,-1,899.0,46.5,,
36743,79158,Warrior,Arms,Slayer,DPS,US,Ruby Life Pools,3,1,907.7,132515,0,281.0,2026-08-22,0,-1,899.0,46.5,,
36743,79159,DemonHunter,Havoc,Fel-Scarred,DPS,US,Ruby Life Pools,3,1,907.7,101695,0,288.0,2026-08-22,0,-1,899.0,46.5,,
36743,79160,Paladin,Retribution,Templar,DPS,US,Ruby Life Pools,3,1,907.7,175888,0,292.0,2026-08-22,0,-1,899.0,46.5,,
61738,34569,Warrior,Protection,Mountain Thane,Tank,EU,Temple of Sethraliss,9,1,1066.6,136154,0,306.0,2026-08-23,0,-1,1068.0,44.4,,
61738,34570,Paladin,Holy,Herald of the Sun,Healer,EU,Temple of Sethraliss,9,1,1066.6,30262,0,305.0,2026-08-23,0,-1,1068.0,44.4,,
61738,132508,Hunter,BeastMastery,Pack Leader,DPS,EU,Temple of Sethraliss,9,1,1066.6,185338,1,303.0,2026-08-23,0,-1,1068.0,44.4,,
61738,132509,Mage,Arcane,Sunfury,DPS,EU,Temple of Sethraliss,9,1,1066.6,182161,1,305.0,2026-08-23,0,-1,1068.0,44.4,,
61738,34572,Druid,Balance,Elune's Chosen,DPS,EU,Temple of Sethraliss,9,1,1066.6,218075,0,310.0,2026-08-23,0,-1,1068.0,44.4,,
82139,140000,DeathKnight,Blood,San'layn,Tank,CN,Ruby Life Pools,14,1,1603.4,152015,0,312.0,2026-08-23,0,-1,,,,
82139,143118,Paladin,Holy,Herald of the Sun,Healer,CN,Ruby Life Pools,14,1,1603.4,14147,1,311.0,2026-08-23,0,-1,,,,
82139,124859,Hunter,BeastMastery,Pack Leader,DPS,CN,Ruby Life Pools,14,1,1603.4,209171,1,310.0,2026-08-23,0,-1,,,,
82139,67532,Shaman,Enhancement,Stormbringer,DPS,CN,Ruby Life Pools,14,1,1603.4,236644,1,305.0,2026-08-23,0,-1,,,,
82139,124850,Mage,Arcane,Sunfury,DPS,CN,Ruby Life Pools,14,1,1603.4,214921,0,309.0,2026-08-23,0,-1,,,,
53257,47791,DemonHunter,Vengeance,Annihilator,Tank,EU,Voidscar Arena,10,1,944.0,169626,0,309.0,2026-08-22,0,-1,,,,
53257,113087,Shaman,Restoration,Totemic,Healer,EU,Voidscar Arena,10,1,944.0,23644,0,304.0,2026-08-22,0,-1,,,,
53257,46644,Hunter,Marksmanship,Sentinel,DPS,EU,Voidscar Arena,10,1,944.0,225332,0,312.0,2026-08-22,0,-1,,,,
53257,113088,Mage,Arcane,Sunfury,DPS,EU,Voidscar Arena,10,1,944.0,220874,0,306.0,2026-08-22,0,-1,,,,
53257,113089,Warrior,Arms,Slayer,DPS,EU,Voidscar Arena,10,1,944.0,205476,0,306.0,2026-08-22,0,-1,,,,
73305,4493,DeathKnight,Blood,San'layn,Tank,US,Altar of Fangs,13,1,1519.5,136963,0,312.0,2026-08-22,0,-1,1541.0,14.4,,
73305,68925,Shaman,Restoration,Totemic,Healer,US,Altar of Fangs,13,1,1519.5,29718,0,308.0,2026-08-22,0,-1,1541.0,14.4,,
73305,118246,Warrior,Arms,Slayer,DPS,US,Altar of Fangs,13,1,1519.5,240462,0,308.0,2026-08-22,0,-1,1541.0,14.4,,
73305,8523,Hunter,BeastMastery,Pack Leader,DPS,US,Altar of Fangs,13,1,1519.5,203261,2,305.0,2026-08-22,0,-1,1541.0,14.4,,
73305,53489,Rogue,Assassination,Deathstalker,DPS,US,Altar of Fangs,13,1,1519.5,280984,0,300.0,2026-08-22,0,-1,1541.0,14.4,,
72267,57205,DeathKnight,Blood,San'layn,Tank,EU,The Blinding Vale,13,1,1331.6,163034,0,311.0,2026-08-21,0,-1,1338.0,25.7,,
72267,24547,Shaman,Restoration,Totemic,Healer,EU,The Blinding Vale,13,1,1331.6,39273,0,304.0,2026-08-21,0,-1,1338.0,25.7,,
72267,57207,Warrior,Arms,Slayer,DPS,EU,The Blinding Vale,13,1,1331.6,244570,1,311.0,2026-08-21,0,-1,1338.0,25.7,,
72267,57209,Mage,Arcane,Sunfury,DPS,EU,The Blinding Vale,13,1,1331.6,253250,0,310.0,2026-08-21,0,-1,1338.0,25.7,,
72267,22918,Paladin,Retribution,Templar,DPS,EU,The Blinding Vale,13,1,1331.6,239710,0,307.0,2026-08-21,0,-1,1338.0,25.7,,
48405,60526,DeathKnight,Blood,San'layn,Tank,EU,Altar of Fangs,11,1,1129.9,202777,0,304.0,2026-08-22,0,-1,1127.0,37.4,,
48405,102365,Monk,Mistweaver,Conduit of the Celestials,Healer,EU,Altar of Fangs,11,1,1129.9,51536,0,291.0,2026-08-22,0,-1,1127.0,37.4,,
48405,102366,Hunter,BeastMastery,Pack Leader,DPS,EU,Altar of Fangs,11,1,1129.9,197861,1,298.0,2026-08-22,0,-1,1127.0,37.4,,
48405,19013,Warrior,Arms,Slayer,DPS,EU,Altar of Fangs,11,1,1129.9,254805,0,303.0,2026-08-22,0,-1,1127.0,37.4,,
48405,19713,Rogue,Outlaw,Trickster,DPS,EU,Altar of Fangs,11,1,1129.9,332331,0,307.0,2026-08-22,0,-1,1127.0,37.4,,
31873,68681,Monk,Brewmaster,Shado-Pan,Tank,US,Murder Row,3,1,1152.4,64326,0,290.0,2026-08-20,0,-1,1144.0,43.9,,
31873,68682,Priest,Holy,Archon,Healer,US,Murder Row,3,1,1152.4,16983,0,289.0,2026-08-20,0,-1,1144.0,43.9,,
31873,31554,Warrior,Arms,Slayer,DPS,US,Murder Row,3,1,1152.4,120845,0,293.0,2026-08-20,0,-1,1144.0,43.9,,
31873,68683,DeathKnight,Unholy,Rider of the Apocalypse,DPS,US,Murder Row,3,1,1152.4,97816,0,294.0,2026-08-20,0,-1,1144.0,43.9,,
31873,68684,Mage,Arcane,Sunfury,DPS,US,Murder Row,3,1,1152.4,93804,0,279.0,2026-08-20,0,-1,1144.0,43.9,,
49636,82429,Paladin,Protection,Lightsmith,Tank,EU,Kings' Rest,13,1,1684.3,73512,0,310.0,2026-08-22,0,-1,,,,
49636,44014,Shaman,Restoration,Totemic,Healer,EU,Kings' Rest,13,1,1684.3,21921,0,308.0,2026-08-22,0,-1,,,,
49636,82006,Mage,Arcane,Spellslinger,DPS,EU,Kings' Rest,13,1,1684.3,171334,1,307.0,2026-08-22,0,-1,,,,
49636,44015,Rogue,Assassination,Deathstalker,DPS,EU,Kings' Rest,13,1,1684.3,168216,2,302.0,2026-08-22,0,-1,,,,
49636,82431,Warrior,Arms,Slayer,DPS,EU,Kings' Rest,13,1,1684.3,162462,0,308.0,2026-08-22,0,-1,,,,
17938,37475,Warrior,Protection,Mountain Thane,Tank,EU,Den of Nalorakk,8,1,1197.2,115202,0,298.0,2026-08-19,0,-1,1194.0,37.8,,3107
17938,37472,Priest,Discipline,Oracle,Healer,EU,Den of Nalorakk,8,1,1197.2,11971,1,297.0,2026-08-19,0,-1,1194.0,37.8,,3107
17938,37473,Paladin,Retribution,Templar,DPS,EU,Den of Nalorakk,8,1,1197.2,166257,0,294.0,2026-08-19,0,-1,1194.0,37.8,,3020
17938,37474,Mage,Arcane,Sunfury,DPS,EU,Den of Nalorakk,8,1,1197.2,152781,0,293.0,2026-08-19,0,-1,1194.0,37.8,,3091
17938,39750,Warlock,Destruction,Diabolist,DPS,EU,Den of Nalorakk,8,1,1197.2,141496,0,297.0,2026-08-19,0,-1,1194.0,37.8,,
32128,7167,Warrior,Protection,Mountain Thane,Tank,US,Voidscar Arena,10,1,1073.2,109694,0,301.0,2026-08-21,0,-1,1064.0,40.9,,2689
32128,2091,Evoker,Preservation,Flameshaper,Healer,US,Voidscar Arena,10,1,1073.2,21304,0,308.0,2026-08-21,0,-1,1064.0,40.9,,
32128,10602,Mage,Arcane,Sunfury,DPS,US,Voidscar Arena,10,1,1073.2,242616,0,309.0,2026-08-21,0,-1,1064.0,40.9,,2722
32128,7170,DeathKnight,Unholy,San'layn,DPS,US,Voidscar Arena,10,1,1073.2,234998,0,306.0,2026-08-21,0,-1,1064.0,40.9,,2702
32128,6886,Evoker,Devastation,Scalecommander,DPS,US,Voidscar Arena,10,1,1073.2,206026,0,304.0,2026-08-21,0,-1,1064.0,40.9,,
80662,128743,Paladin,Protection,Lightsmith,Tank,EU,Altar of Fangs,13,1,1521.8,121134,1,309.0,2026-08-23,0,-1,1588.0,11.8,,
80662,78056,Shaman,Restoration,Totemic,Healer,EU,Altar of Fangs,13,1,1521.8,39882,0,309.0,2026-08-23,0,-1,1588.0,11.8,,
80662,143207,Rogue,Outlaw,Trickster,DPS,EU,Altar of Fangs,13,1,1521.8,268718,1,311.0,2026-08-23,0,-1,1588.0,11.8,,
80662,142272,Warrior,Arms,Slayer,DPS,EU,Altar of Fangs,13,1,1521.8,244034,3,308.0,2026-08-23,0,-1,1588.0,11.8,,
80662,78856,Druid,Feral,Druid of the Claw,DPS,EU,Altar of Fangs,13,1,1521.8,252227,0,301.0,2026-08-23,0,-1,1588.0,11.8,,
21096,46950,DeathKnight,Blood,San'layn,Tank,EU,Temple of Sethraliss,7,1,1249.7,84428,0,287.0,2026-08-19,0,-1,1241.0,35.3,,
21096,46951,Paladin,Holy,Herald of the Sun,Healer,EU,Temple of Sethraliss,7,1,1249.7,5455,0,291.0,2026-08-19,0,-1,1241.0,35.3,,
21096,46952,Warrior,Arms,Slayer,DPS,EU,Temple of Sethraliss,7,1,1249.7,163047,0,293.0,2026-08-19,0,-1,1241.0,35.3,,
21096,46953,DeathKnight,Unholy,Rider of the Apocalypse,DPS,EU,Temple of Sethraliss,7,1,1249.7,133469,0,293.0,2026-08-19,0,-1,1241.0,35.3,,
21096,46954,Shaman,Enhancement,Stormbringer,DPS,EU,Temple of Sethraliss,7,1,1249.7,165256,0,291.0,2026-08-19,0,-1,1241.0,35.3,,
82264,66640,DeathKnight,Blood,San'layn,Tank,CN,Murder Row,12,1,1423.8,149649,0,309.0,2026-08-22,0,-1,1430.0,29.9,,
82264,66641,Paladin,Holy,Lightsmith,Healer,CN,Murder Row,12,1,1423.8,34847,0,306.0,2026-08-22,0,-1,1430.0,29.9,,
82264,66643,Mage,Arcane,Sunfury,DPS,CN,Murder Row,12,1,1423.8,221599,1,305.0,2026-08-22,0,-1,1430.0,29.9,,
82264,66644,Mage,Arcane,Sunfury,DPS,CN,Murder Row,12,1,1423.8,213010,0,306.0,2026-08-22,0,-1,1430.0,29.9,,
82264,66642,Shaman,Elemental,Farseer,DPS,CN,Murder Row,12,1,1423.8,214664,0,305.0,2026-08-22,0,-1,1430.0,29.9,,
34664,5943,Druid,Guardian,Elune's Chosen,Tank,US,Kings' Rest,13,1,1821.5,75829,0,299.0,2026-08-22,0,-1,1828.0,7.7,,3256
34664,75058,Paladin,Holy,Herald of the Sun,Healer,US,Kings' Rest,13,1,1821.5,19882,0,306.0,2026-08-22,0,-1,1828.0,7.7,,
34664,75059,Monk,Windwalker,Shado-Pan,DPS,US,Kings' Rest,13,1,1821.5,137437,0,301.0,2026-08-22,0,-1,1828.0,7.7,,
34664,75060,Mage,Arcane,Sunfury,DPS,US,Kings' Rest,13,1,1821.5,159178,0,300.0,2026-08-22,0,-1,1828.0,7.7,,
34664,48489,Warlock,Affliction,Soul Harvester,DPS,US,Kings' Rest,13,1,1821.5,149595,1,301.0,2026-08-22,0,-1,1828.0,7.7,,
43418,29965,Paladin,Protection,Templar,Tank,EU,Ruby Life Pools,9,1,1059.9,102099,0,301.0,2026-08-20,0,-1,1057.0,37.1,,
43418,91217,Monk,Mistweaver,Conduit of the Celestials,Healer,EU,Ruby Life Pools,9,1,1059.9,37547,0,277.0,2026-08-20,0,-1,1057.0,37.1,,
43418,29967,DemonHunter,Devourer,Void-Scarred,DPS,EU,Ruby Life Pools,9,1,1059.9,221010,0,300.0,2026-08-20,0,-1,1057.0,37.1,,
43418,29969,Mage,Arcane,Sunfury,DPS,EU,Ruby Life Pools,9,1,1059.9,211683,1,299.0,2026-08-20,0,-1,1057.0,37.1,,
43418,29968,Hunter,BeastMastery,Pack Leader,DPS,EU,Ruby Life Pools,9,1,1059.9,176005,0,299.0,2026-08-20,0,-1,1057.0,37.1,,
29241,4652,Warrior,Protection,Mountain Thane,Tank,US,Temple of Sethraliss,11,1,1254.5,102358,2,298.0,2026-08-20,0,-1,1281.0,33.3,,
29241,56664,Priest,Holy,Oracle,Healer,US,Temple of Sethraliss,11,1,1254.5,17840,0,292.0,2026-08-20,0,-1,1281.0,33.3,,
29241,4016,Mage,Arcane,Sunfury,DPS,US,Temple of Sethraliss,11,1,1254.5,228816,0,300.0,2026-08-20,0,-1,1281.0,33.3,,
29241,56666,Paladin,Retribution,Herald of the Sun,DPS,US,Temple of Sethraliss,11,1,1254.5,247657,1,303.0,2026-08-20,0,-1,1281.0,33.3,,
29241,4655,Warrior,Arms,Slayer,DPS,US,Temple of Sethraliss,11,1,1254.5,187151,3,302.0,2026-08-20,0,-1,1281.0,33.3,,
44514,76822,DeathKnight,Blood,San'layn,Tank,EU,The Blinding Vale,13,1,1531.4,130623,0,302.0,2026-08-22,0,-1,,,,
44514,75654,Monk,Mistweaver,Conduit of the Celestials,Healer,EU,The Blinding Vale,13,1,1531.4,43719,1,305.0,2026-08-22,0,-1,,,,
44514,56703,Warlock,Demonology,Diabolist,DPS,EU,The Blinding Vale,13,1,1531.4,264893,1,311.0,2026-08-22,0,-1,,,,
44514,56702,Shaman,Elemental,Farseer,DPS,EU,The Blinding Vale,13,1,1531.4,212964,4,310.0,2026-08-22,0,-1,,,,
44514,93694,DemonHunter,Devourer,Annihilator,DPS,EU,The Blinding Vale,13,1,1531.4,200210,1,298.0,2026-08-22,0,-1,,,,
67243,39062,DeathKnight,Blood,San'layn,Tank,CN,Murder Row,13,1,1469.7,135494,1,304.0,2026-08-22,0,-1,1596.0,21.7,,
67243,43274,Monk,Mistweaver,Conduit of the Celestials,Healer,CN,Murder Row,13,1,1469.7,48256,2,299.0,2026-08-22,0,-1,1596.0,21.7,,
67243,39064,Warrior,Arms,Slayer,DPS,CN,Murder Row,13,1,1469.7,227219,2,304.0,2026-08-22,0,-1,1596.0,21.7,,
67243,57018,Mage,Arcane,Sunfury,DPS,CN,Murder Row,13,1,1469.7,231254,2,304.0,2026-08-22,0,-1,1596.0,21.7,,
67243,57017,Mage,Arcane,Sunfury,DPS,CN,Murder Row,13,1,1469.7,230340,2,301.0,2026-08-22,0,-1,1596.0,21.7,,
37690,67423,Druid,Guardian,Elune's Chosen,Tank,EU,Kings' Rest,10,1,1239.2,77687,0,309.0,2026-08-21,0,-1,1236.0,37.6,,
37690,67424,Monk,Mistweaver,Conduit of the Celestials,Healer,EU,Kings' Rest,10,1,1239.2,30580,0,301.0,2026-08-21,0,-1,1236.0,37.6,,
37690,69885,Shaman,Enhancement,Stormbringer,DPS,EU,Kings' Rest,10,1,1239.2,148497,0,304.0,2026-08-21,0,-1,1236.0,37.6,,
37690,79818,Rogue,Assassination,Deathstalker,DPS,EU,Kings' Rest,10,1,1239.2,197263,0,301.0,2026-08-21,0,-1,1236.0,37.6,,
37690,81163,Warrior,Arms,Slayer,DPS,EU,Kings' Rest,10,1,1239.2,132392,1,297.0,2026-08-21,0,-1,1236.0,37.6,,
74786,75213,DeathKnight,Blood,San'layn,Tank,CN,Ruby Life Pools,13,1,1352.3,120299,0,309.0,2026-08-22,0,-1,1374.0,18.2,,
74786,98016,Paladin,Holy,Lightsmith,Healer,CN,Ruby Life Pools,13,1,1352.3,23967,2,301.0,2026-08-22,0,-1,1374.0,18.2,,
74786,75217,Warrior,Arms,Slayer,DPS,CN,Ruby Life Pools,13,1,1352.3,234149,0,310.0,2026-08-22,0,-1,1374.0,18.2,,
74786,95712,Paladin,Retribution,Herald of the Sun,DPS,CN,Ruby Life Pools,13,1,1352.3,222064,0,309.0,2026-08-22,0,-1,1374.0,18.2,,
74786,75215,Mage,Arcane,Sunfury,DPS,CN,Ruby Life Pools,13,1,1352.3,248198,0,310.0,2026-08-22,0,-1,1374.0,18.2,,
2210,4452,Paladin,Protection,Lightsmith,Tank,US,Altar of Fangs,11,1,1634.6,123364,0,293.0,2026-08-19,0,-1,1636.0,9.1,,
2210,3692,Priest,Discipline,Oracle,Healer,US,Altar of Fangs,11,1,1634.6,21894,1,287.0,2026-08-19,0,-1,1636.0,9.1,,
2210,2277,Druid,Balance,Elune's Chosen,DPS,US,Altar of Fangs,11,1,1634.6,240018,0,295.0,2026-08-19,0,-1,1636.0,9.1,,2738
2210,3694,DeathKnight,Unholy,San'layn,DPS,US,Altar of Fangs,11,1,1634.6,210411,1,292.0,2026-08-19,0,-1,1636.0,9.1,,2772
2210,2273,DeathKnight,Frost,Deathbringer,DPS,US,Altar of Fangs,11,1,1634.6,136096,0,290.0,2026-08-19,0,-1,1636.0,9.1,,2728
12911,21820,Warrior,Protection,Mountain Thane,Tank,EU,Den of Nalorakk,10,1,1393.3,122985,0,298.0,2026-08-19,0,-1,1385.0,27.9,,
12911,21821,Paladin,Holy,Herald of the Sun,Healer,EU,Den of Nalorakk,10,1,1393.3,9772,0,296.0,2026-08-19,0,-1,1385.0,27.9,,
12911,21823,Priest,Shadow,Archon,DPS,EU,Den of Nalorakk,10,1,1393.3,155052,0,297.0,2026-08-19,0,-1,1385.0,27.9,,
12911,21822,Rogue,Subtlety,Deathstalker,DPS,EU,Den of Nalorakk,10,1,1393.3,161340,0,296.0,2026-08-19,0,-1,1385.0,27.9,,
12911,21824,Mage,Arcane,Sunfury,DPS,EU,Den of Nalorakk,10,1,1393.3,178104,0,296.0,2026-08-19,0,-1,1385.0,27.9,,
19189,4058,Monk,Brewmaster,Shado-Pan,Tank,US,Murder Row,11,1,1513.6,92018,0,295.0,2026-08-20,0,-1,1505.0,26.2,,2819
19189,2187,Shaman,Restoration,Totemic,Healer,US,Murder Row,11,1,1513.6,32092,0,300.0,2026-08-20,0,-1,1505.0,26.2,,2871
19189,37400,Rogue,Outlaw,Trickster,DPS,US,Murder Row,11,1,1513.6,195046,0,293.0,2026-08-20,0,-1,1505.0,26.2,,
19189,37399,Shaman,Elemental,Farseer,DPS,US,Murder Row,11,1,1513.6,204569,0,304.0,2026-08-20,0,-1,1505.0,26.2,,
19189,2190,Priest,Shadow,Voidweaver,DPS,US,Murder Row,11,1,1513.6,185382,0,295.0,2026-08-20,0,-1,1505.0,26.2,,
72034,10825,Druid,Guardian,Elune's Chosen,Tank,US,Voidscar Arena,12,1,1198.3,150157,0,301.0,2026-08-22,0,-1,1190.0,33.9,,
72034,137731,Shaman,Restoration,Totemic,Healer,US,Voidscar Arena,12,1,1198.3,37358,0,309.0,2026-08-22,0,-1,1190.0,33.9,,
72034,23560,Rogue,Subtlety,Deathstalker,DPS,US,Voidscar Arena,12,1,1198.3,286096,0,306.0,2026-08-22,0,-1,1190.0,33.9,,
72034,12081,Monk,Windwalker,Shado-Pan,DPS,US,Voidscar Arena,12,1,1198.3,199909,0,303.0,2026-08-22,0,-1,1190.0,33.9,,
72034,100346,Warrior,Arms,Slayer,DPS,US,Voidscar Arena,12,1,1198.3,237931,0,300.0,2026-08-22,0,-1,1190.0,33.9,,
68019,28631,Paladin,Protection,Lightsmith,Tank,EU,The Blinding Vale,13,1,1479.2,110294,0,305.0,2026-08-22,0,-1,1470.0,18.3,,
68019,28632,Shaman,Restoration,Totemic,Healer,EU,The Blinding Vale,13,1,1479.2,28690,0,301.0,2026-08-22,0,-1,1470.0,18.3,,
68019,73706,Mage,Arcane,Sunfury,DPS,EU,The Blinding Vale,13,1,1479.2,260209,0,309.0,2026-08-22,0,-1,1470.0,18.3,,
68019,28634,Rogue,Outlaw,Trickster,DPS,EU,The Blinding Vale,13,1,1479.2,222899,0,303.0,2026-08-22,0,-1,1470.0,18.3,,
68019,138919,Warrior,Arms,Slayer,DPS,EU,The Blinding Vale,13,1,1479.2,234787,0,301.0,2026-08-22,0,-1,1470.0,18.3,,
81472,73111,DeathKnight,Blood,San'layn,Tank,CN,Kings' Rest,12,1,1439.8,73778,0,310.0,2026-08-23,0,-1,1462.0,26.2,,
81472,59023,Paladin,Holy,Lightsmith,Healer,CN,Kings' Rest,12,1,1439.8,57136,1,311.0,2026-08-23,0,-1,1462.0,26.2,,
81472,132210,Mage,Arcane,Sunfury,DPS,CN,Kings' Rest,12,1,1439.8,163038,0,309.0,2026-08-23,0,-1,1462.0,26.2,,
81472,73112,Shaman,Elemental,Farseer,DPS,CN,Kings' Rest,12,1,1439.8,167533,0,306.0,2026-08-23,0,-1,1462.0,26.2,,
81472,132209,Shaman,Elemental,Farseer,DPS,CN,Kings' Rest,12,1,1439.8,160910,1,302.0,2026-08-23,0,-1,1462.0,26.2,,
82944,12634,DeathKnight,Blood,San'layn,Tank,EU,Den of Nalorakk,15,1,1820.4,124190,0,307.0,2026-08-22,0,-1,1857.0,3.3,,
82944,13025,Shaman,Restoration,Totemic,Healer,EU,Den of Nalorakk,15,1,1820.4,34608,1,306.0,2026-08-22,0,-1,1857.0,3.3,,
82944,53118,Shaman,Elemental,Farseer,DPS,EU,Den of Nalorakk,15,1,1820.4,224954,0,313.0,2026-08-22,0,-1,1857.0,3.3,,
82944,21354,Warlock,Destruction,Diabolist,DPS,EU,Den of Nalorakk,15,1,1820.4,216084,1,312.0,2026-08-22,0,-1,1857.0,3.3,,
82944,98407,Warrior,Arms,Slayer,DPS,EU,Den of Nalorakk,15,1,1820.4,185703,1,300.0,2026-08-22,0,-1,1857.0,3.3,,
6600,14029,DeathKnight,Blood,Deathbringer,Tank,US,Murder Row,11,1,1640.2,98501,0,291.0,2026-08-18,0,-1,1651.0,19.0,,2719
6600,14030,Shaman,Restoration,Totemic,Healer,US,Murder Row,11,1,1640.2,19904,1,292.0,2026-08-18,0,-1,1651.0,19.0,,2717
6600,14031,DeathKnight,Unholy,Rider of the Apocalypse,DPS,US,Murder Row,11,1,1640.2,163260,1,292.0,2026-08-18,0,-1,1651.0,19.0,,2720
6600,14032,Rogue,Subtlety,Deathstalker,DPS,US,Murder Row,11,1,1640.2,154185,1,296.0,2026-08-18,0,-1,1651.0,19.0,,2707
6600,12140,Mage,Arcane,Sunfury,DPS,US,Murder Row,11,1,1640.2,182718,1,293.0,2026-08-18,0,-1,1651.0,19.0,,2720
85201,23207,DeathKnight,Blood,San'layn,Tank,US,Den of Nalorakk,14,1,1604.5,111783,0,308.0,2026-08-23,0,-1,1626.0,15.3,0,
85201,1863,Shaman,Restoration,Totemic,Healer,US,Den of Nalorakk,14,1,1604.5,50493,0,308.0,2026-08-23,0,-1,1626.0,15.3,2,
85201,23209,Druid,Balance,Elune's Chosen,DPS,US,Den of Nalorakk,14,1,1604.5,188364,1,309.0,2026-08-23,0,-1,1626.0,15.3,4,
85201,7899,Mage,Arcane,Sunfury,DPS,US,Den of Nalorakk,14,1,1604.5,230190,0,313.0,2026-08-23,0,-1,1626.0,15.3,4,
85201,76550,Rogue,Subtlety,Deathstalker,DPS,US,Den of Nalorakk,14,1,1604.5,180634,1,303.0,2026-08-23,0,-1,1626.0,15.3,2,
32185,69421,Paladin,Protection,Lightsmith,Tank,US,Altar of Fangs,7,1,1161.8,106886,0,301.0,2026-08-22,0,-1,1154.0,35.9,,
32185,69422,Paladin,Holy,Herald of the Sun,Healer,US,Altar of Fangs,7,1,1161.8,27023,0,300.0,2026-08-22,0,-1,1154.0,35.9,,
32185,69423,Priest,Shadow,Voidweaver,DPS,US,Altar of Fangs,7,1,1161.8,158501,0,303.0,2026-08-22,0,-1,1154.0,35.9,,
32185,69424,Monk,Windwalker,Shado-Pan,DPS,US,Altar of Fangs,7,1,1161.8,194067,0,298.0,2026-08-22,0,-1,1154.0,35.9,,
32185,69425,Warrior,Arms,Slayer,DPS,US,Altar of Fangs,7,1,1161.8,230972,0,298.0,2026-08-22,0,-1,1154.0,35.9,,
73675,57407,DeathKnight,Blood,San'layn,Tank,CN,Altar of Fangs,14,1,1639.8,145185,0,307.0,2026-08-22,0,-1,1692.0,6.0,,
73675,61881,Paladin,Holy,Herald of the Sun,Healer,CN,Altar of Fangs,14,1,1639.8,10126,2,301.0,2026-08-22,0,-1,1692.0,6.0,,
73675,87287,Rogue,Subtlety,Deathstalker,DPS,CN,Altar of Fangs,14,1,1639.8,222848,0,303.0,2026-08-22,0,-1,1692.0,6.0,,
73675,61882,Mage,Arcane,Sunfury,DPS,CN,Altar of Fangs,14,1,1639.8,288328,0,305.0,2026-08-22,0,-1,1692.0,6.0,,
73675,57410,Mage,Arcane,Sunfury,DPS,CN,Altar of Fangs,14,1,1639.8,288959,2,309.0,2026-08-22,0,-1,1692.0,6.0,,
83597,14480,Monk,Brewmaster,Master of Harmony,Tank,EU,Temple of Sethraliss,10,1,1092.9,123156,0,310.0,2026-08-23,0,-1,1084.0,43.5,2,
83597,147700,Druid,Restoration,Wildstalker,Healer,EU,Temple of Sethraliss,10,1,1092.9,4391,0,299.0,2026-08-23,0,-1,1084.0,43.5,0,
83597,14479,Mage,Arcane,Sunfury,DPS,EU,Temple of Sethraliss,10,1,1092.9,269597,0,306.0,2026-08-23,0,-1,1084.0,43.5,2,
83597,147701,DeathKnight,Unholy,Rider of the Apocalypse,DPS,EU,Temple of Sethraliss,10,1,1092.9,203914,0,301.0,2026-08-23,0,-1,1084.0,43.5,2,
83597,147702,Paladin,Retribution,Templar,DPS,EU,Temple of Sethraliss,10,1,1092.9,241700,0,305.0,2026-08-23,0,-1,1084.0,43.5,4,
86046,38554,Paladin,Protection,Lightsmith,Tank,EU,Kings' Rest,12,1,1367.1,74460,0,305.0,2026-08-23,0,-1,1374.0,30.6,0,
86046,151393,Monk,Mistweaver,Conduit of the Celestials,Healer,EU,Kings' Rest,12,1,1367.1,28355,0,307.0,2026-08-23,0,-1,1374.0,30.6,2,
86046,44033,Mage,Arcane,Sunfury,DPS,EU,Kings' Rest,12,1,1367.1,186235,0,312.0,2026-08-23,0,-1,1374.0,30.6,4,
86046,57872,Shaman,Enhancement,Stormbringer,DPS,EU,Kings' Rest,12,1,1367.1,188940,0,310.0,2026-08-23,0,-1,1374.0,30.6,4,
86046,14520,Warrior,Arms,Slayer,DPS,EU,Kings' Rest,12,1,1367.1,179992,1,310.0,2026-08-23,0,-1,1374.0,30.6,4,
1937,658,DeathKnight,Blood,Unknown,Tank,US,Murder Row,10,1,1329.5,112381,0,293.0,2026-08-18,0,-1,1321.0,35.3,,2740
1937,655,Monk,Mistweaver,Unknown,Healer,US,Murder Row,10,1,1329.5,40197,0,293.0,2026-08-18,0,-1,1321.0,35.3,,2783
1937,199,Mage,Arcane,Unknown,DPS,US,Murder Row,10,1,1329.5,196214,0,294.0,2026-08-18,0,-1,1321.0,35.3,,2998
1937,657,Mage,Arcane,Unknown,DPS,US,Murder Row,10,1,1329.5,204224,0,292.0,2026-08-18,0,-1,1321.0,35.3,,2783
1937,4231,Mage,Arcane,Unknown,DPS,US,Murder Row,10,1,1329.5,171611,0,294.0,2026-08-18,0,-1,1321.0,35.3,,
62459,134275,Warrior,Protection,Mountain Thane,Tank,KR,Kings' Rest,2,1,1175.7,56510,1,295.0,2026-08-23,0,-1,,,,
62459,134276,Priest,Discipline,Oracle,Healer,KR,Kings' Rest,2,1,1175.7,9752,0,292.0,2026-08-23,0,-1,,,,
62459,134277,Paladin,Retribution,Templar,DPS,KR,Kings' Rest,2,1,1175.7,66503,1,294.0,2026-08-23,0,-1,,,,
62459,134278,Priest,Shadow,Archon,DPS,KR,Kings' Rest,2,1,1175.7,93331,0,292.0,2026-08-23,0,-1,,,,
62459,134279,Shaman,Enhancement,Stormbringer,DPS,KR,Kings' Rest,2,1,1175.7,76035,1,287.0,2026-08-23,0,-1,,,,
68091,55657,Druid,Guardian,Elune's Chosen,Tank,US,Ruby Life Pools,12,1,1270.7,140506,0,304.0,2026-08-23,0,-1,1263.0,24.8,,
68091,55658,Priest,Holy,Oracle,Healer,US,Ruby Life Pools,12,1,1270.7,28311,0,306.0,2026-08-23,0,-1,1263.0,24.8,,
68091,55659,Warlock,Demonology,Diabolist,DPS,US,Ruby Life Pools,12,1,1270.7,242809,0,306.0,2026-08-23,0,-1,1263.0,24.8,,
68091,55660,DeathKnight,Unholy,Rider of the Apocalypse,DPS,US,Ruby Life Pools,12,1,1270.7,226190,0,300.0,2026-08-23,0,-1,1263.0,24.8,,
68091,55661,Shaman,Elemental,Farseer,DPS,US,Ruby Life Pools,12,1,1270.7,237982,0,300.0,2026-08-23,0,-1,1263.0,24.8,,
28024,1798,DeathKnight,Blood,San'layn,Tank,US,The Blinding Vale,5,1,904.4,95561,0,293.0,2026-08-18,0,-1,896.0,50.2,,
28024,61316,Shaman,Restoration,Totemic,Healer,US,The Blinding Vale,5,1,904.4,19382,0,291.0,2026-08-18,0,-1,896.0,50.2,,
28024,61317,Mage,Arcane,Sunfury,DPS,US,The Blinding Vale,5,1,904.4,197750,0,296.0,2026-08-18,0,-1,896.0,50.2,,
28024,1799,Paladin,Retribution,Templar,DPS,US,The Blinding Vale,5,1,904.4,162290,0,293.0,2026-08-18,0,-1,896.0,50.2,,
28024,5629,DeathKnight,Frost,Deathbringer,DPS,US,The Blinding Vale,5,1,904.4,129658,0,293.0,2026-08-18,0,-1,896.0,50.2,,
6438,13558,Monk,Brewmaster,Master of Harmony,Tank,EU,The Blinding Vale,10,1,1219.5,116220,0,293.0,2026-08-19,0,-1,1216.0,32.5,,
6438,13559,Evoker,Preservation,Flameshaper,Healer,EU,The Blinding Vale,10,1,1219.5,21857,0,298.0,2026-08-19,0,-1,1216.0,32.5,,
6438,13560,Druid,Balance,Elune's Chosen,DPS,EU,The Blinding Vale,10,1,1219.5,238413,0,295.0,2026-08-19,0,-1,1216.0,32.5,,
6438,13491,Warlock,Demonology,Diabolist,DPS,EU,The Blinding Vale,10,1,1219.5,231130,1,292.0,2026-08-19,0,-1,1216.0,32.5,,
6438,13561,Mage,Arcane,Sunfury,DPS,EU,The Blinding Vale,10,1,1219.5,206641,0,293.0,2026-08-19,0,-1,1216.0,32.5,,
60607,129759,Paladin,Protection,Lightsmith,Tank,EU,Den of Nalorakk,2,1,1015.7,82979,0,289.0,2026-08-23,0,-1,,,,
60607,129823,Paladin,Holy,Lightsmith,Healer,EU,Den of Nalorakk,2,1,1015.7,20390,0,287.0,2026-08-23,0,-1,,,,
60607,129824,DemonHunter,Devourer,Void-Scarred,DPS,EU,Den of Nalorakk,2,1,1015.7,116593,0,295.0,2026-08-23,0,-1,,,,
60607,129763,Warrior,Fury,Slayer,DPS,EU,Den of Nalorakk,2,1,1015.7,123244,0,290.0,2026-08-23,0,-1,,,,
60607,129825,Rogue,Assassination,Fatebound,DPS,EU,Den of Nalorakk,2,1,1015.7,55180,0,286.0,2026-08-23,0,-1,,,,
37824,31984,DeathKnight,Blood,San'layn,Tank,EU,Murder Row,11,1,1387.5,93943,0,283.0,2026-08-21,0,-1,1384.0,32.2,,
37824,81420,Paladin,Holy,Herald of the Sun,Healer,EU,Murder Row,11,1,1387.5,8892,0,299.0,2026-08-21,0,-1,1384.0,32.2,,
37824,81421,Hunter,Marksmanship,Sentinel,DPS,EU,Murder Row,11,1,1387.5,198445,1,308.0,2026-08-21,0,-1,1384.0,32.2,,
37824,14959,Shaman,Elemental,Farseer,DPS,EU,Murder Row,11,1,1387.5,237917,0,304.0,2026-08-21,0,-1,1384.0,32.2,,3042
37824,21684,Mage,Arcane,Sunfury,DPS,EU,Murder Row,11,1,1387.5,234328,0,306.0,2026-08-21,0,-1,1384.0,32.2,,
38079,81889,Warrior,Protection,Mountain Thane,Tank,EU,Altar of Fangs,7,1,1142.9,139719,0,305.0,2026-08-20,0,-1,1140.0,36.7,,
38079,81890,Monk,Mistweaver,Conduit of the Celestials,Healer,EU,Altar of Fangs,7,1,1142.9,43330,0,290.0,2026-08-20,0,-1,1140.0,36.7,,
38079,81891,Paladin,Retribution,Templar,DPS,EU,Altar of Fangs,7,1,1142.9,145021,0,302.0,2026-08-20,0,-1,1140.0,36.7,,
38079,81892,Shaman,Elemental,Farseer,DPS,EU,Altar of Fangs,7,1,1142.9,157283,1,293.0,2026-08-20,0,-1,1140.0,36.7,,
38079,81893,Hunter,BeastMastery,Pack Leader,DPS,EU,Altar of Fangs,7,1,1142.9,185322,0,296.0,2026-08-20,0,-1,1140.0,36.7,,
67166,138523,Paladin,Protection,Lightsmith,Tank,EU,Den of Nalorakk,14,1,1662.2,106286,0,310.0,2026-08-23,0,-1,1684.0,12.3,,
67166,51427,Paladin,Holy,Herald of the Sun,Healer,EU,Den of Nalorakk,14,1,1662.2,17401,0,307.0,2026-08-23,0,-1,1684.0,12.3,,
67166,93983,Warrior,Arms,Slayer,DPS,EU,Den of Nalorakk,14,1,1662.2,224155,1,313.0,2026-08-23,0,-1,1684.0,12.3,,
67166,14241,Mage,Arcane,Sunfury,DPS,EU,Den of Nalorakk,14,1,1662.2,226259,0,308.0,2026-08-23,0,-1,1684.0,12.3,,
67166,51430,Warlock,Destruction,Diabolist,DPS,EU,Den of Nalorakk,14,1,1662.2,204733,1,311.0,2026-08-23,0,-1,1684.0,12.3,,
1541,946,Warrior,Protection,Unknown,Tank,US,Temple of Sethraliss,10,1,1349.3,124421,0,293.0,2026-08-18,0,-1,1346.0,29.9,,
1541,947,Shaman,Restoration,Unknown,Healer,US,Temple of Sethraliss,10,1,1349.3,28537,0,294.0,2026-08-18,0,-1,1346.0,29.9,,2361
1541,950,Evoker,Augmentation,Unknown,DPS,US,Temple of Sethraliss,10,1,1349.3,163815,0,294.0,2026-08-18,0,-1,1346.0,29.9,,2714
1541,949,Priest,Shadow,Unknown,DPS,US,Temple of Sethraliss,10,1,1349.3,184037,1,294.0,2026-08-18,0,-1,1346.0,29.9,,2035
1541,948,Rogue,Subtlety,Unknown,DPS,US,Temple of Sethraliss,10,1,1349.3,183237,0,294.0,2026-08-18,0,-1,1346.0,29.9,,
77109,19015,Druid,Guardian,Elune's Chosen,Tank,EU,Voidscar Arena,15,1,1537.9,122235,0,311.0,2026-08-23,0,-1,1559.0,13.4,,
77109,50190,Paladin,Holy,Herald of the Sun,Healer,EU,Voidscar Arena,15,1,1537.9,27521,0,311.0,2026-08-23,0,-1,1559.0,13.4,,
77109,43795,Paladin,Retribution,Herald of the Sun,DPS,EU,Voidscar Arena,15,1,1537.9,228126,0,311.0,2026-08-23,0,-1,1559.0,13.4,,
77109,12889,Rogue,Assassination,Deathstalker,DPS,EU,Voidscar Arena,15,1,1537.9,270713,1,312.0,2026-08-23,0,-1,1559.0,13.4,,3120
77109,19793,Shaman,Elemental,Farseer,DPS,EU,Voidscar Arena,15,1,1537.9,193221,1,301.0,2026-08-23,0,-1,1559.0,13.4,,
4371,9896,DeathKnight,Blood,Unknown,Tank,US,The Blinding Vale,10,1,1435.5,123876,0,296.0,2026-08-19,0,-1,1432.0,20.4,,
4371,9897,Paladin,Holy,Unknown,Healer,US,The Blinding Vale,10,1,1435.5,14329,0,294.0,2026-08-19,0,-1,1432.0,20.4,,
4371,1252,Mage,Arcane,Unknown,DPS,US,The Blinding Vale,10,1,1435.5,211622,0,299.0,2026-08-19,0,-1,1432.0,20.4,,2742
4371,9898,Paladin,Retribution,Unknown,DPS,US,The Blinding Vale,10,1,1435.5,179832,0,291.0,2026-08-19,0,-1,1432.0,20.4,,
4371,9899,Shaman,Enhancement,Unknown,DPS,US,The Blinding Vale,10,1,1435.5,136332,1,296.0,2026-08-19,0,-1,1432.0,20.4,,
40977,87105,Paladin,Protection,Templar,Tank,EU,Altar of Fangs,7,1,1069.2,129103,0,305.0,2026-08-20,0,-1,1061.0,41.1,,
40977,87106,Shaman,Restoration,Totemic,Healer,EU,Altar of Fangs,7,1,1069.2,34701,0,297.0,2026-08-20,0,-1,1061.0,41.1,,
40977,87107,DeathKnight,Frost,Deathbringer,DPS,EU,Altar of Fangs,7,1,1069.2,194182,0,296.0,2026-08-20,0,-1,1061.0,41.1,,
40977,25384,Shaman,Elemental,Farseer,DPS,EU,Altar of Fangs,7,1,1069.2,241369,0,304.0,2026-08-20,0,-1,1061.0,41.1,,
40977,87108,DemonHunter,Devourer,Void-Scarred,DPS,EU,Altar of Fangs,7,1,1069.2,192760,0,298.0,2026-08-20,0,-1,1061.0,41.1,,
10241,19303,Druid,Guardian,Unknown,Tank,EU,Temple of Sethraliss,10,1,1211.2,106291,1,293.0,2026-08-19,0,-1,1234.0,35.8,,2702
10241,20568,Priest,Discipline,Unknown,Healer,EU,Temple of Sethraliss,10,1,1211.2,15866,1,292.0,2026-08-19,0,-1,1234.0,35.8,,
10241,19301,DemonHunter,Devourer,Unknown,DPS,EU,Temple of Sethraliss,10,1,1211.2,212698,2,297.0,2026-08-19,0,-1,1234.0,35.8,,2685
10241,19299,Warrior,Arms,Unknown,DPS,EU,Temple of Sethraliss,10,1,1211.2,204801,1,303.0,2026-08-19,0,-1,1234.0,35.8,,2692
10241,19302,DeathKnight,Unholy,Unknown,DPS,EU,Temple of Sethraliss,10,1,1211.2,243180,1,296.0,2026-08-19,0,-1,1234.0,35.8,,2705
24405,54084,DemonHunter,Vengeance,Annihilator,Tank,EU,The Blinding Vale,6,1,1002.9,110019,0,295.0,2026-08-21,0,-1,1004.0,44.2,,
24405,54085,Paladin,Holy,Herald of the Sun,Healer,EU,The Blinding Vale,6,1,1002.9,21510,0,294.0,2026-08-21,0,-1,1004.0,44.2,,
24405,54086,Mage,Arcane,Sunfury,DPS,EU,The Blinding Vale,6,1,1002.9,139035,1,288.0,2026-08-21,0,-1,1004.0,44.2,,
24405,54087,Shaman,Enhancement,Stormbringer,DPS,EU,The Blinding Vale,6,1,1002.9,142012,1,290.0,2026-08-21,0,-1,1004.0,44.2,,
24405,26140,Warrior,Arms,Slayer,DPS,EU,The Blinding Vale,6,1,1002.9,163360,0,299.0,2026-08-21,0,-1,1004.0,44.2,,
50275,106204,DeathKnight,Blood,San'layn,Tank,CN,Ruby Life Pools,11,1,1090.0,179068,0,309.0,2026-08-22,0,-1,1101.0,34.5,,
50275,106205,Evoker,Preservation,Flameshaper,Healer,CN,Ruby Life Pools,11,1,1090.0,53526,1,305.0,2026-08-22,0,-1,1101.0,34.5,,
50275,106206,Warrior,Arms,Slayer,DPS,CN,Ruby Life Pools,11,1,1090.0,312556,1,308.0,2026-08-22,0,-1,1101.0,34.5,,
50275,106208,Warrior,Arms,Slayer,DPS,CN,Ruby Life Pools,11,1,1090.0,206463,1,302.0,2026-08-22,0,-1,1101.0,34.5,,
50275,106674,Paladin,Retribution,Herald of the Sun,DPS,CN,Ruby Life Pools,11,1,1090.0,188774,1,300.0,2026-08-22,0,-1,1101.0,34.5,,
4802,10681,Warrior,Protection,Unknown,Tank,US,Voidscar Arena,10,1,1373.1,99503,0,286.0,2026-08-18,0,-1,1399.0,22.3,,
4802,10682,Shaman,Restoration,Unknown,Healer,US,Voidscar Arena,10,1,1373.1,25225,1,293.0,2026-08-18,0,-1,1399.0,22.3,,
4802,8492,Warrior,Arms,Unknown,DPS,US,Voidscar Arena,10,1,1373.1,185202,2,294.0,2026-08-18,0,-1,1399.0,22.3,,2821
4802,1302,Shaman,Elemental,Unknown,DPS,US,Voidscar Arena,10,1,1373.1,177349,2,294.0,2026-08-18,0,-1,1399.0,22.3,,2971
4802,10683,Hunter,BeastMastery,Unknown,DPS,US,Voidscar Arena,10,1,1373.1,160520,2,290.0,2026-08-18,0,-1,1399.0,22.3,,
28777,62607,Monk,Brewmaster,Master of Harmony,Tank,EU,The Blinding Vale,4,1,1079.3,81082,0,289.0,2026-08-21,0,-1,1071.0,40.5,,
28777,62608,Priest,Holy,Oracle,Healer,EU,The Blinding Vale,4,1,1079.3,6724,0,298.0,2026-08-21,0,-1,1071.0,40.5,,
28777,36411,DeathKnight,Frost,Deathbringer,DPS,EU,The Blinding Vale,4,1,1079.3,74231,0,302.0,2026-08-21,0,-1,1071.0,40.5,,
28777,62609,Mage,Arcane,Sunfury,DPS,EU,The Blinding Vale,4,1,1079.3,143807,0,287.0,2026-08-21,0,-1,1071.0,40.5,,
28777,62610,Monk,Windwalker,Shado-Pan,DPS,EU,The Blinding Vale,4,1,1079.3,149530,0,306.0,2026-08-21,0,-1,1071.0,40.5,,
60536,129635,Monk,Brewmaster,Shado-Pan,Tank,EU,Murder Row,4,1,1216.8,73671,0,308.0,2026-08-22,0,-1,1208.0,40.8,,
60536,129636,Paladin,Holy,Herald of the Sun,Healer,EU,Murder Row,4,1,1216.8,7410,1,278.0,2026-08-22,0,-1,1208.0,40.8,,
60536,129637,Druid,Balance,Elune's Chosen,DPS,EU,Murder Row,4,1,1216.8,91921,0,279.0,2026-08-22,0,-1,1208.0,40.8,,
60536,129541,Rogue,Subtlety,Trickster,DPS,EU,Murder Row,4,1,1216.8,154439,0,297.0,2026-08-22,0,-1,1208.0,40.8,,
60536,129638,Paladin,Retribution,Templar,DPS,EU,Murder Row,4,1,1216.8,111046,0,301.0,2026-08-22,0,-1,1208.0,40.8,,
77514,144459,Druid,Guardian,Elune's Chosen,Tank,CN,Altar of Fangs,11,1,1197.2,110547,0,301.0,2026-08-23,0,-1,1194.0,33.7,,
77514,142654,Paladin,Holy,Lightsmith,Healer,CN,Altar of Fangs,11,1,1197.2,76401,0,312.0,2026-08-23,0,-1,1194.0,33.7,,
77514,144460,Shaman,Elemental,Farseer,DPS,CN,Altar of Fangs,11,1,1197.2,262946,0,299.0,2026-08-23,0,-1,1194.0,33.7,,
77514,144461,Warrior,Arms,Slayer,DPS,CN,Altar of Fangs,11,1,1197.2,249724,1,312.0,2026-08-23,0,-1,1194.0,33.7,,
77514,144462,Mage,Arcane,Sunfury,DPS,CN,Altar of Fangs,11,1,1197.2,250116,0,307.0,2026-08-23,0,-1,1194.0,33.7,,
9642,18637,Warrior,Protection,Unknown,Tank,EU,Altar of Fangs,10,1,1252.1,135676,0,293.0,2026-08-19,0,-1,1243.0,30.9,,2815
9642,18638,Druid,Restoration,Unknown,Healer,EU,Altar of Fangs,10,1,1252.1,59603,0,297.0,2026-08-19,0,-1,1243.0,30.9,,2734
9642,18639,Rogue,Assassination,Unknown,DPS,EU,Altar of Fangs,10,1,1252.1,243468,0,300.0,2026-08-19,0,-1,1243.0,30.9,,2849
9642,18640,Warrior,Arms,Unknown,DPS,EU,Altar of Fangs,10,1,1252.1,193650,0,294.0,2026-08-19,0,-1,1243.0,30.9,,
9642,18641,Hunter,BeastMastery,Unknown,DPS,EU,Altar of Fangs,10,1,1252.1,196560,0,295.0,2026-08-19,0,-1,1243.0,30.9,,2774
70551,76317,DeathKnight,Blood,San'layn,Tank,EU,Den of Nalorakk,13,1,1565.8,91307,0,305.0,2026-08-21,0,-1,1572.0,18.1,,
70551,54997,Shaman,Restoration,Totemic,Healer,EU,Den of Nalorakk,13,1,1565.8,27367,0,299.0,2026-08-21,0,-1,1572.0,18.1,,
70551,84086,Warrior,Arms,Slayer,DPS,EU,Den of Nalorakk,13,1,1565.8,169063,1,299.0,2026-08-21,0,-1,1572.0,18.1,,
70551,20229,Rogue,Outlaw,Trickster,DPS,EU,Den of Nalorakk,13,1,1565.8,210194,0,299.0,2026-08-21,0,-1,1572.0,18.1,,
70551,21695,Druid,Balance,Elune's Chosen,DPS,EU,Den of Nalorakk,13,1,1565.8,187096,0,303.0,2026-08-21,0,-1,1572.0,18.1,,3095
9606,14195,DemonHunter,Vengeance,Annihilator,Tank,EU,Altar of Fangs,10,1,1266.8,109966,1,298.0,2026-08-19,0,-1,1268.0,29.5,,
9606,14193,Priest,Holy,Oracle,Healer,EU,Altar of Fangs,10,1,1266.8,33914,0,296.0,2026-08-19,0,-1,1268.0,29.5,,
9606,17955,Evoker,Devastation,Scalecommander,DPS,EU,Altar of Fangs,10,1,1266.8,250730,0,295.0,2026-08-19,0,-1,1268.0,29.5,,
9606,14196,Mage,Arcane,Sunfury,DPS,EU,Altar of Fangs,10,1,1266.8,214940,0,293.0,2026-08-19,0,-1,1268.0,29.5,,
9606,18785,Evoker,Devastation,Scalecommander,DPS,EU,Altar of Fangs,10,1,1266.8,236136,0,295.0,2026-08-19,0,-1,1268.0,29.5,,
46102,20019,Druid,Guardian,Elune's Chosen,Tank,EU,Altar of Fangs,10,1,1026.1,132925,0,303.0,2026-08-22,0,-1,1028.0,42.9,,
46102,97139,Priest,Holy,Oracle,Healer,EU,Altar of Fangs,10,1,1026.1,17350,0,300.0,2026-08-22,0,-1,1028.0,42.9,,
46102,54879,Warlock,Demonology,Diabolist,DPS,EU,Altar of Fangs,10,1,1026.1,323002,0,307.0,2026-08-22,0,-1,1028.0,42.9,,
46102,93567,Mage,Arcane,Sunfury,DPS,EU,Altar of Fangs,10,1,1026.1,264439,0,303.0,2026-08-22,0,-1,1028.0,42.9,,
46102,53364,Mage,Arcane,Sunfury,DPS,EU,Altar of Fangs,10,1,1026.1,280159,1,307.0,2026-08-22,0,-1,1028.0,42.9,,
53299,81594,Druid,Guardian,Elune's Chosen,Tank,EU,Murder Row,10,1,1084.9,85160,0,299.0,2026-08-22,0,-1,,,,
53299,104477,Evoker,Preservation,Flameshaper,Healer,EU,Murder Row,10,1,1084.9,39083,0,303.0,2026-08-22,0,-1,,,,
53299,52638,Warlock,Demonology,Diabolist,DPS,EU,Murder Row,10,1,1084.9,282548,0,313.0,2026-08-22,0,-1,,,,
53299,59977,Warrior,Arms,Slayer,DPS,EU,Murder Row,10,1,1084.9,210767,1,307.0,2026-08-22,0,-1,,,,
53299,57474,Mage,Arcane,Sunfury,DPS,EU,Murder Row,10,1,1084.9,245416,0,309.0,2026-08-22,0,-1,,,,
10476,19766,DeathKnight,Blood,San'layn,Tank,US,Den of Nalorakk,11,1,1439.5,109517,0,303.0,2026-08-19,0,-1,1456.0,24.2,,
10476,19779,Priest,Discipline,Oracle,Healer,US,Den of Nalorakk,11,1,1439.5,17915,0,294.0,2026-08-19,0,-1,1456.0,24.2,,
10476,19782,Warrior,Arms,Slayer,DPS,US,Den of Nalorakk,11,1,1439.5,168796,2,296.0,2026-08-19,0,-1,1456.0,24.2,,
10476,19780,Mage,Arcane,Sunfury,DPS,US,Den of Nalorakk,11,1,1439.5,161439,3,295.0,2026-08-19,0,-1,1456.0,24.2,,
10476,19781,Warlock,Demonology,Diabolist,DPS,US,Den of Nalorakk,11,1,1439.5,195770,0,296.0,2026-08-19,0,-1,1456.0,24.2,,
69343,23247,Monk,Brewmaster,Master of Harmony,Tank,EU,Ruby Life Pools,15,1,1451.9,161580,0,307.0,2026-08-22,0,-1,1473.0,12.3,,
69343,13568,Shaman,Restoration,Totemic,Healer,EU,Ruby Life Pools,15,1,1451.9,38208,0,309.0,2026-08-22,0,-1,1473.0,12.3,,3424
69343,23250,DemonHunter,Havoc,Aldrachi Reaver,DPS,EU,Ruby Life Pools,15,1,1451.9,235371,0,309.0,2026-08-22,0,-1,1473.0,12.3,,
69343,75642,Hunter,Marksmanship,Sentinel,DPS,EU,Ruby Life Pools,15,1,1451.9,269246,1,312.0,2026-08-22,0,-1,1473.0,12.3,,
69343,13408,Warrior,Arms,Slayer,DPS,EU,Ruby Life Pools,15,1,1451.9,297671,1,307.0,2026-08-22,0,-1,1473.0,12.3,,2882
140,654,Paladin,Protection,Lightsmith,Tank,US,The Blinding Vale,11,1,1484.6,90598,1,292.0,2026-08-18,0,-1,1520.0,15.5,,2784
140,655,Monk,Mistweaver,Conduit of the Celestials,Healer,US,The Blinding Vale,11,1,1484.6,38046,3,293.0,2026-08-18,0,-1,1520.0,15.5,,2783
140,656,DemonHunter,Havoc,Fel-Scarred,DPS,US,The Blinding Vale,11,1,1484.6,167203,3,295.0,2026-08-18,0,-1,1520.0,15.5,,
140,657,Mage,Arcane,Sunfury,DPS,US,The Blinding Vale,11,1,1484.6,231508,1,292.0,2026-08-18,0,-1,1520.0,15.5,,2783
140,658,DeathKnight,Frost,Deathbringer,DPS,US,The Blinding Vale,11,1,1484.6,202585,1,292.0,2026-08-18,0,-1,1520.0,15.5,,2740
44178,92828,DemonHunter,Vengeance,Annihilator,Tank,EU,The Blinding Vale,4,1,918.0,57280,0,294.0,2026-08-22,0,-1,,,,
44178,92829,Shaman,Restoration,Totemic,Healer,EU,The Blinding Vale,4,1,918.0,32292,0,280.0,2026-08-22,0,-1,,,,
44178,79773,Shaman,Enhancement,Stormbringer,DPS,EU,The Blinding Vale,4,1,918.0,143418,1,294.0,2026-08-22,0,-1,,,,
44178,92830,Warrior,Fury,Slayer,DPS,EU,The Blinding Vale,4,1,918.0,163052,0,296.0,2026-08-22,0,-1,,,,
44178,92831,Mage,Arcane,Sunfury,DPS,EU,The Blinding Vale,4,1,918.0,132404,1,288.0,2026-08-22,0,-1,,,,
7346,15704,DeathKnight,Blood,San'layn,Tank,EU,Voidscar Arena,10,1,1200.1,108142,0,295.0,2026-08-19,0,-1,1202.0,33.2,,
7346,15705,Shaman,Restoration,Totemic,Healer,EU,Voidscar Arena,10,1,1200.1,29252,0,293.0,2026-08-19,0,-1,1202.0,33.2,,
7346,15706,Rogue,Subtlety,Trickster,DPS,EU,Voidscar Arena,10,1,1200.1,181940,1,296.0,2026-08-19,0,-1,1202.0,33.2,,
7346,15707,Warrior,Arms,Slayer,DPS,EU,Voidscar Arena,10,1,1200.1,188589,1,298.0,2026-08-19,0,-1,1202.0,33.2,,
7346,15708,Druid,Balance,Elune's Chosen,DPS,EU,Voidscar Arena,10,1,1200.1,193791,0,295.0,2026-08-19,0,-1,1202.0,33.2,,
36488,78675,Paladin,Protection,Lightsmith,Tank,US,Altar of Fangs,6,1,1080.0,104444,0,288.0,2026-08-20,0,-1,1076.0,40.2,,
36488,78676,Monk,Mistweaver,Conduit of the Celestials,Healer,US,Altar of Fangs,6,1,1080.0,36989,1,290.0,2026-08-20,0,-1,1076.0,40.2,,
36488,78677,DemonHunter,Devourer,Void-Scarred,DPS,US,Altar of Fangs,6,1,1080.0,165966,0,298.0,2026-08-20,0,-1,1076.0,40.2,,
36488,78678,Warlock,Demonology,Diabolist,DPS,US,Altar of Fangs,6,1,1080.0,135896,0,293.0,2026-08-20,0,-1,1076.0,40.2,,
36488,78679,Mage,Arcane,Sunfury,DPS,US,Altar of Fangs,6,1,1080.0,188634,0,301.0,2026-08-20,0,-1,1076.0,40.2,,
86058,102021,DeathKnight,Blood,San'layn,Tank,EU,The Blinding Vale,12,1,1264.1,146052,0,301.0,2026-08-23,0,-1,1255.0,30.3,4,
86058,151629,Priest,Holy,Oracle,Healer,EU,The Blinding Vale,12,1,1264.1,9898,0,309.0,2026-08-23,0,-1,1255.0,30.3,2,
86058,36462,Shaman,Elemental,Farseer,DPS,EU,The Blinding Vale,12,1,1264.1,237217,0,311.0,2026-08-23,0,-1,1255.0,30.3,,
86058,56406,Paladin,Retribution,Templar,DPS,EU,The Blinding Vale,12,1,1264.1,268142,0,314.0,2026-08-23,0,-1,1255.0,30.3,4,
86058,56407,Warrior,Arms,Slayer,DPS,EU,The Blinding Vale,12,1,1264.1,249220,0,307.0,2026-08-23,0,-1,1255.0,30.3,0,
44231,82201,DeathKnight,Blood,San'layn,Tank,EU,Altar of Fangs,9,1,1156.6,193080,0,308.0,2026-08-22,0,-1,,,,
44231,92960,Paladin,Holy,Herald of the Sun,Healer,EU,Altar of Fangs,9,1,1156.6,28041,0,297.0,2026-08-22,0,-1,,,,
44231,92961,Druid,Balance,Elune's Chosen,DPS,EU,Altar of Fangs,9,1,1156.6,189321,1,299.0,2026-08-22,0,-1,,,,
44231,92962,Warrior,Arms,Slayer,DPS,EU,Altar of Fangs,9,1,1156.6,209795,1,299.0,2026-08-22,0,-1,,,,
44231,92963,Mage,Arcane,Sunfury,DPS,EU,Altar of Fangs,9,1,1156.6,189340,0,301.0,2026-08-22,0,-1,,,,
14479,28250,DemonHunter,Vengeance,Annihilator,Tank,EU,Kings' Rest,8,1,1160.8,71295,0,296.0,2026-08-19,0,-1,1152.0,41.8,,
14479,14842,Evoker,Preservation,Flameshaper,Healer,EU,Kings' Rest,8,1,1160.8,25093,0,299.0,2026-08-19,0,-1,1152.0,41.8,,2676
14479,28252,Shaman,Elemental,Farseer,DPS,EU,Kings' Rest,8,1,1160.8,153888,0,295.0,2026-08-19,0,-1,1152.0,41.8,,
14479,28253,Monk,Windwalker,Shado-Pan,DPS,EU,Kings' Rest,8,1,1160.8,170763,0,303.0,2026-08-19,0,-1,1152.0,41.8,,
14479,29450,Druid,Balance,Elune's Chosen,DPS,EU,Kings' Rest,8,1,1160.8,110286,0,297.0,2026-08-19,0,-1,1152.0,41.8,,
8428,15557,DeathKnight,Blood,Deathbringer,Tank,US,Den of Nalorakk,12,1,1809.0,92655,0,292.0,2026-08-19,0,-1,1876.0,2.3,,
8428,1525,Priest,Holy,Oracle,Healer,US,Den of Nalorakk,12,1,1809.0,7714,0,295.0,2026-08-19,0,-1,1876.0,2.3,,
8428,1524,Warrior,Arms,Slayer,DPS,US,Den of Nalorakk,12,1,1809.0,155175,1,293.0,2026-08-19,0,-1,1876.0,2.3,,
8428,1527,Mage,Arcane,Sunfury,DPS,US,Den of Nalorakk,12,1,1809.0,164421,2,296.0,2026-08-19,0,-1,1876.0,2.3,,3006
8428,1528,Hunter,BeastMastery,Pack Leader,DPS,US,Den of Nalorakk,12,1,1809.0,154504,2,292.0,2026-08-19,0,-1,1876.0,2.3,,
353,1290,DeathKnight,Blood,Deathbringer,Tank,US,Temple of Sethraliss,11,1,1412.3,118987,0,292.0,2026-08-18,0,-1,1424.0,25.9,,
353,1291,Evoker,Preservation,Flameshaper,Healer,US,Temple of Sethraliss,11,1,1412.3,30786,2,295.0,2026-08-18,0,-1,1424.0,25.9,,2726
353,1292,Druid,Balance,Elune's Chosen,DPS,US,Temple of Sethraliss,11,1,1412.3,177550,0,293.0,2026-08-18,0,-1,1424.0,25.9,,
353,1293,Warlock,Demonology,Diabolist,DPS,US,Temple of Sethraliss,11,1,1412.3,210873,1,295.0,2026-08-18,0,-1,1424.0,25.9,,
353,109,Hunter,BeastMastery,Pack Leader,DPS,US,Temple of Sethraliss,11,1,1412.3,199867,1,293.0,2026-08-18,0,-1,1424.0,25.9,,3340
14976,31171,Paladin,Protection,Templar,Tank,US,Ruby Life Pools,9,1,1103.4,99671,0,292.0,2026-08-19,0,-1,1095.0,34.8,,
14976,31172,Paladin,Holy,Herald of the Sun,Healer,US,Ruby Life Pools,9,1,1103.4,4708,0,293.0,2026-08-19,0,-1,1095.0,34.8,,
14976,31173,Paladin,Retribution,Templar,DPS,US,Ruby Life Pools,9,1,1103.4,148757,0,296.0,2026-08-19,0,-1,1095.0,34.8,,
14976,31174,Warlock,Demonology,Diabolist,DPS,US,Ruby Life Pools,9,1,1103.4,225446,0,296.0,2026-08-19,0,-1,1095.0,34.8,,
14976,31175,Mage,Arcane,Sunfury,DPS,US,Ruby Life Pools,9,1,1103.4,243250,0,298.0,2026-08-19,0,-1,1095.0,34.8,,
79373,18969,DeathKnight,Blood,San'layn,Tank,EU,Temple of Sethraliss,12,1,1331.7,102520,0,300.0,2026-08-21,0,-1,1338.0,30.3,,2745
79373,60433,Evoker,Preservation,Flameshaper,Healer,EU,Temple of Sethraliss,12,1,1331.7,53017,0,304.0,2026-08-21,0,-1,1338.0,30.3,,
79373,68565,Warrior,Arms,Slayer,DPS,EU,Temple of Sethraliss,12,1,1331.7,218870,0,306.0,2026-08-21,0,-1,1338.0,30.3,,
79373,18968,Shaman,Elemental,Farseer,DPS,EU,Temple of Sethraliss,12,1,1331.7,256637,0,302.0,2026-08-21,0,-1,1338.0,30.3,,2769
79373,73635,Evoker,Devastation,Scalecommander,DPS,EU,Temple of Sethraliss,12,1,1331.7,225404,1,304.0,2026-08-21,0,-1,1338.0,30.3,,
57826,28236,Warrior,Protection,Mountain Thane,Tank,US,Kings' Rest,10,1,1181.5,101057,0,305.0,2026-08-23,0,-1,1183.0,40.2,,
57826,123249,Priest,Holy,Oracle,Healer,US,Kings' Rest,10,1,1181.5,21564,0,287.0,2026-08-23,0,-1,1183.0,40.2,,
57826,119162,Warrior,Arms,Slayer,DPS,US,Kings' Rest,10,1,1181.5,149670,1,297.0,2026-08-23,0,-1,1183.0,40.2,,
57826,123250,Mage,Arcane,Sunfury,DPS,US,Kings' Rest,10,1,1181.5,162751,0,309.0,2026-08-23,0,-1,1183.0,40.2,,
57826,23943,Shaman,Elemental,Farseer,DPS,US,Kings' Rest,10,1,1181.5,171624,1,307.0,2026-08-23,0,-1,1183.0,40.2,,
79278,72664,Paladin,Protection,Lightsmith,Tank,EU,Den of Nalorakk,12,1,1510.0,107748,0,304.0,2026-08-21,0,-1,1517.0,21.0,,
79278,45849,Druid,Restoration,Wildstalker,Healer,EU,Den of Nalorakk,12,1,1510.0,8321,0,298.0,2026-08-21,0,-1,1517.0,21.0,,
79278,72665,Shaman,Elemental,Farseer,DPS,EU,Den of Nalorakk,12,1,1510.0,188610,0,307.0,2026-08-21,0,-1,1517.0,21.0,,
79278,72667,Mage,Arcane,Sunfury,DPS,EU,Den of Nalorakk,12,1,1510.0,190421,1,306.0,2026-08-21,0,-1,1517.0,21.0,,
79278,72666,Paladin,Retribution,Templar,DPS,EU,Den of Nalorakk,12,1,1510.0,182975,0,302.0,2026-08-21,0,-1,1517.0,21.0,,
81147,72931,DeathKnight,Blood,San'layn,Tank,EU,Ruby Life Pools,14,1,1487.6,156001,0,308.0,2026-08-21,0,-1,1509.0,10.2,,
81147,72932,Shaman,Restoration,Totemic,Healer,EU,Ruby Life Pools,14,1,1487.6,35288,0,308.0,2026-08-21,0,-1,1509.0,10.2,,
81147,74113,Rogue,Outlaw,Trickster,DPS,EU,Ruby Life Pools,14,1,1487.6,240761,0,300.0,2026-08-21,0,-1,1509.0,10.2,,
81147,72998,Warrior,Arms,Slayer,DPS,EU,Ruby Life Pools,14,1,1487.6,230299,2,311.0,2026-08-21,0,-1,1509.0,10.2,,
81147,109849,Monk,Windwalker,Shado-Pan,DPS,EU,Ruby Life Pools,14,1,1487.6,253346,0,303.0,2026-08-21,0,-1,1509.0,10.2,,
10578,21187,Paladin,Protection,Lightsmith,Tank,EU,Ruby Life Pools,10,1,1104.3,99914,1,293.0,2026-08-19,0,-1,1106.0,34.2,,
10578,21188,Paladin,Holy,Herald of the Sun,Healer,EU,Ruby Life Pools,10,1,1104.3,19247,0,294.0,2026-08-19,0,-1,1106.0,34.2,,
10578,21189,Evoker,Devastation,Scalecommander,DPS,EU,Ruby Life Pools,10,1,1104.3,191048,1,292.0,2026-08-19,0,-1,1106.0,34.2,,
10578,21190,Warrior,Arms,Slayer,DPS,EU,Ruby Life Pools,10,1,1104.3,271751,0,297.0,2026-08-19,0,-1,1106.0,34.2,,
10578,21191,Mage,Arcane,Sunfury,DPS,EU,Ruby Life Pools,10,1,1104.3,214737,0,295.0,2026-08-19,0,-1,1106.0,34.2,,
86116,20677,DeathKnight,Blood,San'layn,Tank,EU,Voidscar Arena,14,1,1457.2,139265,0,313.0,2026-08-23,0,-1,1493.0,17.0,2,
86116,47727,Priest,Discipline,Oracle,Healer,EU,Voidscar Arena,14,1,1457.2,20204,1,307.0,2026-08-23,0,-1,1493.0,17.0,4,
86116,20750,Mage,Arcane,Sunfury,DPS,EU,Voidscar Arena,14,1,1457.2,231245,0,311.0,2026-08-23,0,-1,1493.0,17.0,2,3091
86116,49831,Shaman,Elemental,Farseer,DPS,EU,Voidscar Arena,14,1,1457.2,281258,0,309.0,2026-08-23,0,-1,1493.0,17.0,4,
86116,90707,DemonHunter,Devourer,Void-Scarred,DPS,EU,Voidscar Arena,14,1,1457.2,202344,2,303.0,2026-08-23,0,-1,1493.0,17.0,2,
5487,11720,DeathKnight,Blood,San'layn,Tank,US,Ruby Life Pools,11,0,1690.7,126383,1,297.0,2026-08-19,0,-1,1762.0,-4.9,,
5487,11721,Paladin,Holy,Herald of the Sun,Healer,US,Ruby Life Pools,11,0,1690.7,6948,3,290.0,2026-08-19,0,-1,1762.0,-4.9,,
5487,3144,Shaman,Elemental,Farseer,DPS,US,Ruby Life Pools,11,0,1690.7,167892,2,296.0,2026-08-19,0,-1,1762.0,-4.9,,
5487,11722,Warrior,Arms,Slayer,DPS,US,Ruby Life Pools,11,0,1690.7,176466,4,296.0,2026-08-19,0,-1,1762.0,-4.9,,
5487,11723,Druid,Balance,Elune's Chosen,DPS,US,Ruby Life Pools,11,0,1690.7,111786,7,295.0,2026-08-19,0,-1,1762.0,-4.9,,
14848,30725,Paladin,Protection,Lightsmith,Tank,US,Temple of Sethraliss,5,1,923.8,79411,0,288.0,2026-08-19,0,-1,915.0,52.3,,
14848,30726,Priest,Discipline,Oracle,Healer,US,Temple of Sethraliss,5,1,923.8,11428,0,284.0,2026-08-19,0,-1,915.0,52.3,,
14848,30727,Mage,Arcane,Sunfury,DPS,US,Temple of Sethraliss,5,1,923.8,118618,0,287.0,2026-08-19,0,-1,915.0,52.3,,
14848,30728,Shaman,Elemental,Farseer,DPS,US,Temple of Sethraliss,5,1,923.8,162955,0,290.0,2026-08-19,0,-1,915.0,52.3,,
14848,30729,Shaman,Elemental,Farseer,DPS,US,Temple of Sethraliss,5,1,923.8,176422,0,294.0,2026-08-19,0,-1,915.0,52.3,,
32215,69492,DeathKnight,Blood,San'layn,Tank,CN,Ruby Life Pools,17,1,1518.0,211207,1,307.0,2026-08-21,0,-1,1614.0,3.9,,
32215,69493,Paladin,Holy,Lightsmith,Healer,CN,Ruby Life Pools,17,1,1518.0,72961,2,312.0,2026-08-21,0,-1,1614.0,3.9,,
32215,46510,Mage,Arcane,Sunfury,DPS,CN,Ruby Life Pools,17,1,1518.0,338995,1,311.0,2026-08-21,0,-1,1614.0,3.9,,
32215,69494,Warrior,Arms,Slayer,DPS,CN,Ruby Life Pools,17,1,1518.0,311109,2,310.0,2026-08-21,0,-1,1614.0,3.9,,
32215,69495,Shaman,Elemental,Farseer,DPS,CN,Ruby Life Pools,17,1,1518.0,346502,1,310.0,2026-08-21,0,-1,1614.0,3.9,,
71218,71626,Druid,Guardian,Elune's Chosen,Tank,US,Kings' Rest,15,1,1777.1,86045,0,310.0,2026-08-23,0,-1,1799.0,9.2,,
71218,137651,Shaman,Restoration,Totemic,Healer,US,Kings' Rest,15,1,1777.1,33343,1,310.0,2026-08-23,0,-1,1799.0,9.2,,
71218,141024,Paladin,Retribution,Herald of the Sun,DPS,US,Kings' Rest,15,1,1777.1,172737,0,300.0,2026-08-23,0,-1,1799.0,9.2,,
71218,21895,Monk,Windwalker,Shado-Pan,DPS,US,Kings' Rest,15,1,1777.1,187875,0,312.0,2026-08-23,0,-1,1799.0,9.2,,
71218,7412,Warrior,Arms,Slayer,DPS,US,Kings' Rest,15,1,1777.1,184465,1,307.0,2026-08-23,0,-1,1799.0,9.2,,
37918,70097,Paladin,Protection,Lightsmith,Tank,EU,Voidscar Arena,11,1,1184.7,92408,0,291.0,2026-08-20,0,-1,1176.0,34.6,,
37918,20253,Paladin,Holy,Herald of the Sun,Healer,EU,Voidscar Arena,11,1,1184.7,15276,0,297.0,2026-08-20,0,-1,1176.0,34.6,,
37918,20255,DeathKnight,Unholy,Rider of the Apocalypse,DPS,EU,Voidscar Arena,11,1,1184.7,196074,0,300.0,2026-08-20,0,-1,1176.0,34.6,,
37918,19805,Mage,Arcane,Sunfury,DPS,EU,Voidscar Arena,11,1,1184.7,201925,0,302.0,2026-08-20,0,-1,1176.0,34.6,,
37918,20254,DemonHunter,Devourer,Void-Scarred,DPS,EU,Voidscar Arena,11,1,1184.7,219692,0,307.0,2026-08-20,0,-1,1176.0,34.6,,
61161,13626,Druid,Guardian,Elune's Chosen,Tank,EU,Murder Row,10,1,1077.4,160583,0,308.0,2026-08-23,0,-1,1069.0,47.6,,2754
61161,13627,Monk,Mistweaver,Conduit of the Celestials,Healer,EU,Murder Row,10,1,1077.4,51395,0,298.0,2026-08-23,0,-1,1069.0,47.6,,2751
61161,75691,Mage,Arcane,Sunfury,DPS,EU,Murder Row,10,1,1077.4,211720,0,307.0,2026-08-23,0,-1,1069.0,47.6,,
61161,131129,Hunter,Marksmanship,Sentinel,DPS,EU,Murder Row,10,1,1077.4,207732,0,300.0,2026-08-23,0,-1,1069.0,47.6,,
61161,13630,DemonHunter,Devourer,Annihilator,DPS,EU,Murder Row,10,1,1077.4,305264,0,312.0,2026-08-23,0,-1,1069.0,47.6,,2826
27079,59668,DeathKnight,Blood,San'layn,Tank,CN,Kings' Rest,11,1,1376.5,111362,0,300.0,2026-08-20,0,-1,1373.0,30.7,,
27079,59669,Priest,Discipline,Oracle,Healer,CN,Kings' Rest,11,1,1376.5,12082,0,296.0,2026-08-20,0,-1,1373.0,30.7,,
27079,59670,Mage,Arcane,Sunfury,DPS,CN,Kings' Rest,11,1,1376.5,178601,0,299.0,2026-08-20,0,-1,1373.0,30.7,,
27079,59671,Warrior,Arms,Slayer,DPS,CN,Kings' Rest,11,1,1376.5,151429,1,297.0,2026-08-20,0,-1,1373.0,30.7,,
27079,59672,Rogue,Assassination,Deathstalker,DPS,CN,Kings' Rest,11,1,1376.5,174220,0,297.0,2026-08-20,0,-1,1373.0,30.7,,
17405,8521,Druid,Guardian,Elune's Chosen,Tank,US,Den of Nalorakk,11,1,1515.4,87035,0,301.0,2026-08-19,0,-1,1517.0,21.0,,
17405,38532,Paladin,Holy,Herald of the Sun,Healer,US,Den of Nalorakk,11,1,1515.4,3002,2,295.0,2026-08-19,0,-1,1517.0,21.0,,
17405,37715,Mage,Arcane,Sunfury,DPS,US,Den of Nalorakk,11,1,1515.4,174857,0,303.0,2026-08-19,0,-1,1517.0,21.0,,
17405,7731,Rogue,Subtlety,Deathstalker,DPS,US,Den of Nalorakk,11,1,1515.4,202498,0,299.0,2026-08-19,0,-1,1517.0,21.0,,2966
17405,37716,Warlock,Demonology,Diabolist,DPS,US,Den of Nalorakk,11,1,1515.4,179615,0,299.0,2026-08-19,0,-1,1517.0,21.0,,
54635,59789,Monk,Brewmaster,Master of Harmony,Tank,EU,Voidscar Arena,11,1,1231.4,104037,0,313.0,2026-08-22,0,-1,,,,
54635,115895,Evoker,Preservation,Chronowarden,Healer,EU,Voidscar Arena,11,1,1231.4,40679,0,302.0,2026-08-22,0,-1,,,,
54635,40490,Druid,Balance,Elune's Chosen,DPS,EU,Voidscar Arena,11,1,1231.4,180244,1,308.0,2026-08-22,0,-1,,,,
54635,115896,Shaman,Elemental,Farseer,DPS,EU,Voidscar Arena,11,1,1231.4,192171,1,302.0,2026-08-22,0,-1,,,,
54635,115897,Shaman,Enhancement,Stormbringer,DPS,EU,Voidscar Arena,11,1,1231.4,244417,1,300.0,2026-08-22,0,-1,,,,
32219,43605,Paladin,Protection,Lightsmith,Tank,US,The Blinding Vale,12,1,1441.5,129599,0,300.0,2026-08-20,0,-1,1462.0,18.8,,
32219,43606,Shaman,Restoration,Totemic,Healer,US,The Blinding Vale,12,1,1441.5,23120,0,293.0,2026-08-20,0,-1,1462.0,18.8,,
32219,3978,DemonHunter,Devourer,Annihilator,DPS,US,The Blinding Vale,12,1,1441.5,257936,0,301.0,2026-08-20,0,-1,1462.0,18.8,,
32219,10483,Mage,Arcane,Sunfury,DPS,US,The Blinding Vale,12,1,1441.5,249625,1,304.0,2026-08-20,0,-1,1462.0,18.8,,
32219,37817,Hunter,Marksmanship,Sentinel,DPS,US,The Blinding Vale,12,1,1441.5,180011,1,300.0,2026-08-20,0,-1,1462.0,18.8,,
69969,140177,Paladin,Protection,Lightsmith,Tank,EU,Voidscar Arena,2,1,912.8,55987,0,285.0,2026-08-20,0,-1,,,,
69969,140178,Shaman,Restoration,Totemic,Healer,EU,Voidscar Arena,2,1,912.8,8487,1,282.0,2026-08-20,0,-1,,,,
69969,140179,Warrior,Arms,Slayer,DPS,EU,Voidscar Arena,2,1,912.8,115120,1,295.0,2026-08-20,0,-1,,,,
69969,140180,Shaman,Elemental,Farseer,DPS,EU,Voidscar Arena,2,1,912.8,94042,0,291.0,2026-08-20,0,-1,,,,
69969,140181,Mage,Arcane,Sunfury,DPS,EU,Voidscar Arena,2,1,912.8,125078,0,296.0,2026-08-20,0,-1,,,,
2856,2049,Warrior,Protection,Mountain Thane,Tank,US,Voidscar Arena,10,1,1463.3,113110,1,294.0,2026-08-18,0,-1,1505.0,16.4,,2828
2856,2050,Priest,Discipline,Oracle,Healer,US,Voidscar Arena,10,1,1463.3,12834,2,292.0,2026-08-18,0,-1,1505.0,16.4,,
2856,6110,Druid,Balance,Elune's Chosen,DPS,US,Voidscar Arena,10,1,1463.3,145304,2,294.0,2026-08-18,0,-1,1505.0,16.4,,
2856,2933,Shaman,Elemental,Farseer,DPS,US,Voidscar Arena,10,1,1463.3,157358,2,292.0,2026-08-18,0,-1,1505.0,16.4,,
2856,2052,DemonHunter,Devourer,Annihilator,DPS,US,Voidscar Arena,10,1,1463.3,176884,3,290.0,2026-08-18,0,-1,1505.0,16.4,,
76170,24589,DeathKnight,Blood,San'layn,Tank,EU,Kings' Rest,12,1,1502.2,98026,0,308.0,2026-08-21,0,-1,1509.0,23.8,,
76170,104970,Shaman,Restoration,Totemic,Healer,EU,Kings' Rest,12,1,1502.2,25593,1,299.0,2026-08-21,0,-1,1509.0,23.8,,
76170,66665,Warrior,Arms,Slayer,DPS,EU,Kings' Rest,12,1,1502.2,182475,0,304.0,2026-08-21,0,-1,1509.0,23.8,,
76170,24592,Druid,Balance,Elune's Chosen,DPS,EU,Kings' Rest,12,1,1502.2,115803,0,301.0,2026-08-21,0,-1,1509.0,23.8,,
76170,66664,Monk,Windwalker,Shado-Pan,DPS,EU,Kings' Rest,12,1,1502.2,156677,0,303.0,2026-08-21,0,-1,1509.0,23.8,,
71002,66361,DeathKnight,Blood,San'layn,Tank,CN,Altar of Fangs,15,1,1451.4,195656,0,310.0,2026-08-22,0,-1,1473.0,18.2,,
71002,66362,Paladin,Holy,Lightsmith,Healer,CN,Altar of Fangs,15,1,1451.4,45323,0,311.0,2026-08-22,0,-1,1473.0,18.2,,
71002,66364,Shaman,Elemental,Farseer,DPS,CN,Altar of Fangs,15,1,1451.4,330330,0,310.0,2026-08-22,0,-1,1473.0,18.2,,
71002,66365,Mage,Arcane,Sunfury,DPS,CN,Altar of Fangs,15,1,1451.4,332267,0,310.0,2026-08-22,0,-1,1473.0,18.2,,
71002,66363,Warrior,Arms,Slayer,DPS,CN,Altar of Fangs,15,1,1451.4,228926,2,311.0,2026-08-22,0,-1,1473.0,18.2,,
38796,55454,DeathKnight,Blood,Deathbringer,Tank,CN,The Blinding Vale,12,1,1428.7,140912,0,309.0,2026-08-22,0,-1,1450.0,19.4,,
38796,73866,Shaman,Restoration,Totemic,Healer,CN,The Blinding Vale,12,1,1428.7,28117,0,307.0,2026-08-22,0,-1,1450.0,19.4,,
38796,83173,DeathKnight,Unholy,San'layn,DPS,CN,The Blinding Vale,12,1,1428.7,254045,1,303.0,2026-08-22,0,-1,1450.0,19.4,,
38796,55458,DemonHunter,Devourer,Void-Scarred,DPS,CN,The Blinding Vale,12,1,1428.7,187506,1,305.0,2026-08-22,0,-1,1450.0,19.4,,
38796,83174,Hunter,BeastMastery,Pack Leader,DPS,CN,The Blinding Vale,12,1,1428.7,220263,0,305.0,2026-08-22,0,-1,1450.0,19.4,,
11470,22622,DeathKnight,Blood,San'layn,Tank,EU,Den of Nalorakk,11,1,1451.1,110319,0,295.0,2026-08-19,0,-1,1452.0,24.4,,2729
11470,22623,Evoker,Preservation,Flameshaper,Healer,EU,Den of Nalorakk,11,1,1451.1,33734,1,293.0,2026-08-19,0,-1,1452.0,24.4,,2698
11470,22626,Shaman,Elemental,Farseer,DPS,EU,Den of Nalorakk,11,1,1451.1,150143,0,288.0,2026-08-19,0,-1,1452.0,24.4,,2700
11470,22988,Warrior,Arms,Slayer,DPS,EU,Den of Nalorakk,11,1,1451.1,161697,1,293.0,2026-08-19,0,-1,1452.0,24.4,,
11470,22694,Hunter,Marksmanship,Sentinel,DPS,EU,Den of Nalorakk,11,1,1451.1,148407,0,294.0,2026-08-19,0,-1,1452.0,24.4,,2721
5568,6376,Paladin,Protection,Lightsmith,Tank,US,Murder Row,11,0,2425.7,79171,7,293.0,2026-08-18,0,-1,2558.0,-25.4,,3040
5568,6377,Shaman,Restoration,Totemic,Healer,US,Murder Row,11,0,2425.7,19487,6,293.0,2026-08-18,0,-1,2558.0,-25.4,,3029
5568,6380,Hunter,Marksmanship,Sentinel,DPS,US,Murder Row,11,0,2425.7,140266,5,294.0,2026-08-18,0,-1,2558.0,-25.4,,3029
5568,6378,Monk,Windwalker,Shado-Pan,DPS,US,Murder Row,11,0,2425.7,146557,8,295.0,2026-08-18,0,-1,2558.0,-25.4,,2881
5568,11817,Mage,Arcane,Sunfury,DPS,US,Murder Row,11,0,2425.7,148188,10,297.0,2026-08-18,0,-1,2558.0,-25.4,,
32256,69591,Druid,Guardian,Elune's Chosen,Tank,EU,Ruby Life Pools,2,1,967.6,50296,0,289.0,2026-08-22,0,-1,,,,
32256,69592,Priest,Holy,Oracle,Healer,EU,Ruby Life Pools,2,1,967.6,27784,0,305.0,2026-08-22,0,-1,,,,
32256,69593,Mage,Arcane,Sunfury,DPS,EU,Ruby Life Pools,2,1,967.6,93160,0,264.0,2026-08-22,0,-1,,,,
32256,69594,Paladin,Retribution,Templar,DPS,EU,Ruby Life Pools,2,1,967.6,98538,0,294.0,2026-08-22,0,-1,,,,
32256,69595,DeathKnight,Unholy,San'layn,DPS,EU,Ruby Life Pools,2,1,967.6,117542,0,288.0,2026-08-22,0,-1,,,,
1929,658,DeathKnight,Blood,Unknown,Tank,US,Temple of Sethraliss,11,1,1529.5,116110,0,293.0,2026-08-18,0,-1,1536.0,20.0,,2740
1929,655,Monk,Mistweaver,Unknown,Healer,US,Temple of Sethraliss,11,1,1529.5,31551,0,293.0,2026-08-18,0,-1,1536.0,20.0,,2783
1929,199,Mage,Arcane,Unknown,DPS,US,Temple of Sethraliss,11,1,1529.5,191583,1,294.0,2026-08-18,0,-1,1536.0,20.0,,2998
1929,657,Mage,Arcane,Unknown,DPS,US,Temple of Sethraliss,11,1,1529.5,182493,1,293.0,2026-08-18,0,-1,1536.0,20.0,,2783
1929,4231,Mage,Arcane,Unknown,DPS,US,Temple of Sethraliss,11,1,1529.5,157674,1,294.0,2026-08-18,0,-1,1536.0,20.0,,
66440,93300,DeathKnight,Blood,San'layn,Tank,CN,Ruby Life Pools,13,1,1377.3,143116,0,313.0,2026-08-23,0,-1,1399.0,16.7,,
66440,138138,Priest,Holy,Oracle,Healer,CN,Ruby Life Pools,13,1,1377.3,24096,0,308.0,2026-08-23,0,-1,1399.0,16.7,,
66440,93303,Paladin,Retribution,Herald of the Sun,DPS,CN,Ruby Life Pools,13,1,1377.3,202708,1,306.0,2026-08-23,0,-1,1399.0,16.7,,
66440,76846,Mage,Arcane,Sunfury,DPS,CN,Ruby Life Pools,13,1,1377.3,256090,0,306.0,2026-08-23,0,-1,1399.0,16.7,,
66440,105061,Rogue,Assassination,Fatebound,DPS,CN,Ruby Life Pools,13,1,1377.3,203046,1,302.0,2026-08-23,0,-1,1399.0,16.7,,
72244,104205,DeathKnight,Blood,San'layn,Tank,US,Ruby Life Pools,14,1,1566.7,163450,0,314.0,2026-08-23,0,-1,1618.0,3.7,,
72244,21872,Paladin,Holy,Herald of the Sun,Healer,US,Ruby Life Pools,14,1,1566.7,24186,0,305.0,2026-08-23,0,-1,1618.0,3.7,,
72244,116592,DemonHunter,Devourer,Annihilator,DPS,US,Ruby Life Pools,14,1,1566.7,232495,1,308.0,2026-08-23,0,-1,1618.0,3.7,,
72244,113372,Mage,Arcane,Sunfury,DPS,US,Ruby Life Pools,14,1,1566.7,218199,0,311.0,2026-08-23,0,-1,1618.0,3.7,,
72244,84964,Warrior,Arms,Slayer,DPS,US,Ruby Life Pools,14,1,1566.7,212646,3,306.0,2026-08-23,0,-1,1618.0,3.7,,
60772,91246,DeathKnight,Blood,San'layn,Tank,CN,Voidscar Arena,10,1,1025.3,143661,0,310.0,2026-08-23,0,-1,1017.0,43.5,,
60772,130168,Druid,Restoration,Wildstalker,Healer,CN,Voidscar Arena,10,1,1025.3,14782,0,290.0,2026-08-23,0,-1,1017.0,43.5,,
60772,65629,Hunter,Marksmanship,Sentinel,DPS,CN,Voidscar Arena,10,1,1025.3,198888,0,304.0,2026-08-23,0,-1,1017.0,43.5,,
60772,66293,Druid,Feral,Druid of the Claw,DPS,CN,Voidscar Arena,10,1,1025.3,216465,0,312.0,2026-08-23,0,-1,1017.0,43.5,,
60772,65628,Warrior,Arms,Slayer,DPS,CN,Voidscar Arena,10,1,1025.3,192497,0,312.0,2026-08-23,0,-1,1017.0,43.5,,
51218,108793,DeathKnight,Blood,San'layn,Tank,EU,Ruby Life Pools,2,1,851.4,84244,0,300.0,2026-08-22,0,-1,,,,
51218,108794,Shaman,Restoration,Totemic,Healer,EU,Ruby Life Pools,2,1,851.4,16732,0,294.0,2026-08-22,0,-1,,,,
51218,108795,Monk,Windwalker,Shado-Pan,DPS,EU,Ruby Life Pools,2,1,851.4,132535,0,284.0,2026-08-22,0,-1,,,,
51218,108796,DemonHunter,Havoc,Fel-Scarred,DPS,EU,Ruby Life Pools,2,1,851.4,108208,1,286.0,2026-08-22,0,-1,,,,
51218,108797,Shaman,Elemental,Farseer,DPS,EU,Ruby Life Pools,2,1,851.4,126760,0,292.0,2026-08-22,0,-1,,,,
31169,66898,DeathKnight,Blood,Deathbringer,Tank,EU,Kings' Rest,13,1,1806.6,84823,0,307.0,2026-08-21,0,-1,1828.0,7.7,,
31169,42046,Paladin,Holy,Herald of the Sun,Healer,EU,Kings' Rest,13,1,1806.6,15087,1,308.0,2026-08-21,0,-1,1828.0,7.7,,
31169,21807,DeathKnight,Unholy,Rider of the Apocalypse,DPS,EU,Kings' Rest,13,1,1806.6,167501,0,311.0,2026-08-21,0,-1,1828.0,7.7,,
31169,66899,Shaman,Elemental,Farseer,DPS,EU,Kings' Rest,13,1,1806.6,146582,0,302.0,2026-08-21,0,-1,1828.0,7.7,,
31169,66900,Warrior,Arms,Slayer,DPS,EU,Kings' Rest,13,1,1806.6,135133,1,300.0,2026-08-21,0,-1,1828.0,7.7,,
65231,137518,DeathKnight,Blood,San'layn,Tank,CN,Voidscar Arena,13,1,1461.3,116751,0,305.0,2026-08-23,0,-1,1513.0,16.0,,
65231,137519,Priest,Holy,Oracle,Healer,CN,Voidscar Arena,13,1,1461.3,17752,0,307.0,2026-08-23,0,-1,1513.0,16.0,,
65231,137520,Mage,Arcane,Sunfury,DPS,CN,Voidscar Arena,13,1,1461.3,188270,0,310.0,2026-08-23,0,-1,1513.0,16.0,,
65231,137521,Shaman,Elemental,Farseer,DPS,CN,Voidscar Arena,13,1,1461.3,199343,3,310.0,2026-08-23,0,-1,1513.0,16.0,,
65231,137522,Warrior,Arms,Slayer,DPS,CN,Voidscar Arena,13,1,1461.3,205227,0,310.0,2026-08-23,0,-1,1513.0,16.0,,
74750,66581,Druid,Guardian,Elune's Chosen,Tank,EU,Den of Nalorakk,13,1,1568.7,106380,0,307.0,2026-08-22,0,-1,1606.0,16.4,,
74750,14050,Monk,Mistweaver,Conduit of the Celestials,Healer,EU,Den of Nalorakk,13,1,1568.7,52354,0,308.0,2026-08-22,0,-1,1606.0,16.4,,
74750,97319,Warlock,Demonology,Diabolist,DPS,EU,Den of Nalorakk,13,1,1568.7,144384,1,293.0,2026-08-22,0,-1,1606.0,16.4,,
74750,14051,Warlock,Demonology,Diabolist,DPS,EU,Den of Nalorakk,13,1,1568.7,215279,1,304.0,2026-08-22,0,-1,1606.0,16.4,,
74750,14053,Mage,Arcane,Sunfury,DPS,EU,Den of Nalorakk,13,1,1568.7,239888,1,309.0,2026-08-22,0,-1,1606.0,16.4,,
71289,30944,Monk,Brewmaster,Master of Harmony,Tank,EU,Kings' Rest,14,1,1822.3,100200,0,313.0,2026-08-23,0,-1,,,,
71289,140938,Monk,Mistweaver,Conduit of the Celestials,Healer,EU,Kings' Rest,14,1,1822.3,30951,2,304.0,2026-08-23,0,-1,,,,
71289,18361,Hunter,BeastMastery,Pack Leader,DPS,EU,Kings' Rest,14,1,1822.3,135754,1,309.0,2026-08-23,0,-1,,,,
71289,16467,Warrior,Arms,Slayer,DPS,EU,Kings' Rest,14,1,1822.3,165609,0,300.0,2026-08-23,0,-1,,,,
71289,81212,Rogue,Subtlety,Trickster,DPS,EU,Kings' Rest,14,1,1822.3,153085,1,303.0,2026-08-23,0,-1,,,,
34649,75025,DeathKnight,Blood,Deathbringer,Tank,CN,Murder Row,8,1,1158.7,83048,0,291.0,2026-08-20,0,-1,1155.0,43.4,,
34649,75026,Shaman,Restoration,Totemic,Healer,CN,Murder Row,8,1,1158.7,14424,0,293.0,2026-08-20,0,-1,1155.0,43.4,,
34649,75027,Druid,Balance,Elune's Chosen,DPS,CN,Murder Row,8,1,1158.7,143014,0,296.0,2026-08-20,0,-1,1155.0,43.4,,
34649,75028,DemonHunter,Devourer,Annihilator,DPS,CN,Murder Row,8,1,1158.7,203042,0,300.0,2026-08-20,0,-1,1155.0,43.4,,
34649,75029,Mage,Arcane,Sunfury,DPS,CN,Murder Row,8,1,1158.7,231050,1,302.0,2026-08-20,0,-1,1155.0,43.4,,
31751,50194,DeathKnight,Blood,San'layn,Tank,US,Altar of Fangs,7,1,1000.5,160338,0,305.0,2026-08-22,0,-1,992.0,44.9,,
31751,68395,Paladin,Holy,Herald of the Sun,Healer,US,Altar of Fangs,7,1,1000.5,14900,0,298.0,2026-08-22,0,-1,992.0,44.9,,
31751,68396,Shaman,Enhancement,Stormbringer,DPS,US,Altar of Fangs,7,1,1000.5,234844,0,307.0,2026-08-22,0,-1,992.0,44.9,,
31751,11131,Warrior,Arms,Slayer,DPS,US,Altar of Fangs,7,1,1000.5,239820,0,306.0,2026-08-22,0,-1,992.0,44.9,,
31751,68397,DeathKnight,Unholy,Rider of the Apocalypse,DPS,US,Altar of Fangs,7,1,1000.5,130047,0,288.0,2026-08-22,0,-1,992.0,44.9,,
68341,16519,DeathKnight,Blood,San'layn,Tank,EU,The Blinding Vale,15,1,1659.6,148641,0,300.0,2026-08-22,0,-1,1711.0,4.9,,
68341,18982,Shaman,Restoration,Totemic,Healer,EU,The Blinding Vale,15,1,1659.6,36568,0,307.0,2026-08-22,0,-1,1711.0,4.9,,
68341,16521,DemonHunter,Devourer,Annihilator,DPS,EU,The Blinding Vale,15,1,1659.6,241720,1,304.0,2026-08-22,0,-1,1711.0,4.9,,
68341,16523,Druid,Feral,Druid of the Claw,DPS,EU,The Blinding Vale,15,1,1659.6,229466,3,302.0,2026-08-22,0,-1,1711.0,4.9,,
68341,109849,Monk,Windwalker,Shado-Pan,DPS,EU,The Blinding Vale,15,1,1659.6,274495,0,309.0,2026-08-22,0,-1,1711.0,4.9,,
79999,144318,DeathKnight,Blood,San'layn,Tank,US,Voidscar Arena,2,1,872.0,83005,0,291.0,2026-08-23,0,-1,,,,
79999,145616,Paladin,Holy,Herald of the Sun,Healer,US,Voidscar Arena,2,1,872.0,8723,0,300.0,2026-08-23,0,-1,,,,
79999,145617,Paladin,Retribution,Templar,DPS,US,Voidscar Arena,2,1,872.0,93404,0,288.0,2026-08-23,0,-1,,,,
79999,42912,DemonHunter,Devourer,Annihilator,DPS,US,Voidscar Arena,2,1,872.0,156684,0,299.0,2026-08-23,0,-1,,,,
79999,144320,Mage,Arcane,Sunfury,DPS,US,Voidscar Arena,2,1,872.0,98558,0,281.0,2026-08-23,0,-1,,,,
45776,96465,Paladin,Protection,Lightsmith,Tank,EU,Temple of Sethraliss,11,1,1327.3,107422,0,291.0,2026-08-22,0,-1,,,,
45776,92074,Monk,Mistweaver,Conduit of the Celestials,Healer,EU,Temple of Sethraliss,11,1,1327.3,39627,1,290.0,2026-08-22,0,-1,,,,
45776,74213,Monk,Windwalker,Shado-Pan,DPS,EU,Temple of Sethraliss,11,1,1327.3,203721,0,309.0,2026-08-22,0,-1,,,,
45776,15031,DeathKnight,Frost,Deathbringer,DPS,EU,Temple of Sethraliss,11,1,1327.3,218015,0,307.0,2026-08-22,0,-1,,,,
45776,96466,Warrior,Arms,Slayer,DPS,EU,Temple of Sethraliss,11,1,1327.3,201632,1,294.0,2026-08-22,0,-1,,,,
49148,104025,Monk,Brewmaster,Master of Harmony,Tank,EU,Voidscar Arena,11,1,1215.9,105562,1,295.0,2026-08-22,0,-1,,,,
49148,22836,Priest,Discipline,Oracle,Healer,EU,Voidscar Arena,11,1,1215.9,17562,0,304.0,2026-08-22,0,-1,,,,
49148,44801,Druid,Balance,Elune's Chosen,DPS,EU,Voidscar Arena,11,1,1215.9,205729,0,310.0,2026-08-22,0,-1,,,,
49148,19754,DeathKnight,Frost,Deathbringer,DPS,EU,Voidscar Arena,11,1,1215.9,154454,0,300.0,2026-08-22,0,-1,,,,
49148,22837,DemonHunter,Devourer,Annihilator,DPS,EU,Voidscar Arena,11,1,1215.9,233176,0,306.0,2026-08-22,0,-1,,,,
14959,31108,DemonHunter,Vengeance,Annihilator,Tank,EU,Murder Row,7,1,1027.3,90001,0,284.0,2026-08-19,0,-1,1019.0,50.0,,
14959,17566,Shaman,Restoration,Totemic,Healer,EU,Murder Row,7,1,1027.3,26828,0,292.0,2026-08-19,0,-1,1019.0,50.0,,
14959,31109,Druid,Balance,Elune's Chosen,DPS,EU,Murder Row,7,1,1027.3,170945,0,292.0,2026-08-19,0,-1,1019.0,50.0,,
14959,31110,Paladin,Retribution,Templar,DPS,EU,Murder Row,7,1,1027.3,180915,0,292.0,2026-08-19,0,-1,1019.0,50.0,,
14959,19159,Rogue,Assassination,Deathstalker,DPS,EU,Murder Row,7,1,1027.3,220134,0,294.0,2026-08-19,0,-1,1019.0,50.0,,3259
52373,111256,Paladin,Protection,Unknown,Tank,US,Voidscar Arena,2,1,1087.2,82974,0,291.0,2026-08-19,0,-1,,,,
52373,48974,Paladin,Holy,Unknown,Healer,US,Voidscar Arena,2,1,1087.2,2757,1,271.0,2026-08-19,0,-1,,,,
52373,111257,Rogue,Subtlety,Unknown,DPS,US,Voidscar Arena,2,1,1087.2,99900,1,291.0,2026-08-19,0,-1,,,,
52373,111258,Mage,Arcane,Unknown,DPS,US,Voidscar Arena,2,1,1087.2,95398,0,286.0,2026-08-19,0,-1,,,,
52373,111259,Hunter,Marksmanship,Unknown,DPS,US,Voidscar Arena,2,1,1087.2,85494,1,279.0,2026-08-19,0,-1,,,,
24257,53728,Paladin,Protection,Templar,Tank,US,Kings' Rest,3,1,932.1,48830,0,281.0,2026-08-22,0,-1,923.0,53.4,,
24257,53729,Shaman,Restoration,Totemic,Healer,US,Kings' Rest,3,1,932.1,29963,0,305.0,2026-08-22,0,-1,923.0,53.4,,
24257,53730,Shaman,Enhancement,Stormbringer,DPS,US,Kings' Rest,3,1,932.1,89305,0,286.0,2026-08-22,0,-1,923.0,53.4,,
24257,39815,Paladin,Retribution,Templar,DPS,US,Kings' Rest,3,1,932.1,110137,0,294.0,2026-08-22,0,-1,923.0,53.4,,
24257,39818,Rogue,Assassination,Deathstalker,DPS,US,Kings' Rest,3,1,932.1,103160,0,297.0,2026-08-22,0,-1,923.0,53.4,,
65483,137147,DeathKnight,Blood,San'layn,Tank,EU,Kings' Rest,15,1,1620.6,115728,0,310.0,2026-08-22,0,-1,1627.0,17.8,,
65483,56304,Shaman,Restoration,Totemic,Healer,EU,Kings' Rest,15,1,1620.6,24062,0,302.0,2026-08-22,0,-1,1627.0,17.8,,
65483,77268,Mage,Arcane,Sunfury,DPS,EU,Kings' Rest,15,1,1620.6,203504,1,312.0,2026-08-22,0,-1,1627.0,17.8,,
65483,16476,Warrior,Arms,Slayer,DPS,EU,Kings' Rest,15,1,1620.6,192870,0,310.0,2026-08-22,0,-1,1627.0,17.8,,
65483,12954,DeathKnight,Unholy,San'layn,DPS,EU,Kings' Rest,15,1,1620.6,193909,0,311.0,2026-08-22,0,-1,1627.0,17.8,,3351
76321,73656,DeathKnight,Blood,San'layn,Tank,EU,Den of Nalorakk,12,1,1508.8,118538,0,305.0,2026-08-21,0,-1,1516.0,21.1,,
76321,73657,Evoker,Preservation,Flameshaper,Healer,EU,Den of Nalorakk,12,1,1508.8,26966,1,303.0,2026-08-21,0,-1,1516.0,21.1,,
76321,73658,Priest,Shadow,Voidweaver,DPS,EU,Den of Nalorakk,12,1,1508.8,183662,0,305.0,2026-08-21,0,-1,1516.0,21.1,,
76321,73660,Shaman,Elemental,Farseer,DPS,EU,Den of Nalorakk,12,1,1508.8,209360,0,307.0,2026-08-21,0,-1,1516.0,21.1,,
76321,73659,Rogue,Subtlety,Deathstalker,DPS,EU,Den of Nalorakk,12,1,1508.8,176803,0,304.0,2026-08-21,0,-1,1516.0,21.1,,
57371,122130,Monk,Brewmaster,Master of Harmony,Tank,KR,Den of Nalorakk,4,1,1132.5,59724,0,293.0,2026-08-22,0,-1,1122.0,41.5,,
57371,122131,Druid,Restoration,Wildstalker,Healer,KR,Den of Nalorakk,4,1,1132.5,6873,0,292.0,2026-08-22,0,-1,1122.0,41.5,,
57371,122132,Mage,Arcane,Sunfury,DPS,KR,Den of Nalorakk,4,1,1132.5,102612,0,293.0,2026-08-22,0,-1,1122.0,41.5,,
57371,122133,Warrior,Arms,Slayer,DPS,KR,Den of Nalorakk,4,1,1132.5,134337,0,293.0,2026-08-22,0,-1,1122.0,41.5,,
57371,122119,Rogue,Subtlety,Deathstalker,DPS,KR,Den of Nalorakk,4,1,1132.5,102593,0,298.0,2026-08-22,0,-1,1122.0,41.5,,
12525,7304,DeathKnight,Blood,San'layn,Tank,US,The Blinding Vale,12,1,1449.3,140599,0,304.0,2026-08-19,0,-1,1531.0,14.9,,3102
12525,24654,Monk,Mistweaver,Conduit of the Celestials,Healer,US,The Blinding Vale,12,1,1449.3,39833,1,293.0,2026-08-19,0,-1,1531.0,14.9,,
12525,19602,Paladin,Retribution,Templar,DPS,US,The Blinding Vale,12,1,1449.3,218605,1,300.0,2026-08-19,0,-1,1531.0,14.9,,
12525,7307,Mage,Arcane,Sunfury,DPS,US,The Blinding Vale,12,1,1449.3,242950,1,302.0,2026-08-19,0,-1,1531.0,14.9,,3124
12525,10015,Hunter,BeastMastery,Pack Leader,DPS,US,The Blinding Vale,12,1,1449.3,196263,3,300.0,2026-08-19,0,-1,1531.0,14.9,,
79098,73806,Druid,Guardian,Elune's Chosen,Tank,EU,Voidscar Arena,13,1,1469.7,116520,0,301.0,2026-08-23,0,-1,1536.0,14.7,,
79098,89072,Shaman,Restoration,Totemic,Healer,EU,Voidscar Arena,13,1,1469.7,23011,0,312.0,2026-08-23,0,-1,1536.0,14.7,,
79098,70277,Warrior,Arms,Slayer,DPS,EU,Voidscar Arena,13,1,1469.7,169846,1,304.0,2026-08-23,0,-1,1536.0,14.7,,
79098,145242,Priest,Shadow,Archon,DPS,EU,Voidscar Arena,13,1,1469.7,185416,4,307.0,2026-08-23,0,-1,1536.0,14.7,,
79098,95005,DemonHunter,Havoc,Fel-Scarred,DPS,EU,Voidscar Arena,13,1,1469.7,214327,0,311.0,2026-08-23,0,-1,1536.0,14.7,,
54721,63557,DeathKnight,Blood,San'layn,Tank,EU,Voidscar Arena,10,1,1001.6,136719,0,299.0,2026-08-22,0,-1,993.0,44.9,,
54721,116062,Paladin,Holy,Herald of the Sun,Healer,EU,Voidscar Arena,10,1,1001.6,22890,0,299.0,2026-08-22,0,-1,993.0,44.9,,
54721,115407,Warrior,Arms,Slayer,DPS,EU,Voidscar Arena,10,1,1001.6,210912,0,302.0,2026-08-22,0,-1,993.0,44.9,,
54721,116063,Mage,Arcane,Sunfury,DPS,EU,Voidscar Arena,10,1,1001.6,244101,0,309.0,2026-08-22,0,-1,993.0,44.9,,
54721,116064,Shaman,Elemental,Farseer,DPS,EU,Voidscar Arena,10,1,1001.6,227973,0,308.0,2026-08-22,0,-1,993.0,44.9,,
22448,45590,DeathKnight,Blood,San'layn,Tank,EU,Kings' Rest,10,1,1353.4,83500,0,309.0,2026-08-19,0,-1,1365.0,31.1,,
22448,49899,Priest,Discipline,Oracle,Healer,EU,Kings' Rest,10,1,1353.4,16481,1,296.0,2026-08-19,0,-1,1365.0,31.1,,
22448,22921,Mage,Arcane,Sunfury,DPS,EU,Kings' Rest,10,1,1353.4,195639,0,309.0,2026-08-19,0,-1,1365.0,31.1,,
22448,22920,DemonHunter,Devourer,Void-Scarred,DPS,EU,Kings' Rest,10,1,1353.4,140459,1,305.0,2026-08-19,0,-1,1365.0,31.1,,
22448,45592,Warlock,Demonology,Diabolist,DPS,EU,Kings' Rest,10,1,1353.4,120537,2,296.0,2026-08-19,0,-1,1365.0,31.1,,
50709,14902,Warrior,Protection,Mountain Thane,Tank,US,Voidscar Arena,10,1,966.6,187408,0,307.0,2026-08-22,0,-1,,,,
50709,2011,Monk,Mistweaver,Conduit of the Celestials,Healer,US,Voidscar Arena,10,1,966.6,50552,0,305.0,2026-08-22,0,-1,,,,2714
50709,3137,Warrior,Arms,Slayer,DPS,US,Voidscar Arena,10,1,966.6,258292,0,309.0,2026-08-22,0,-1,,,,2700
50709,19041,Shaman,Enhancement,Stormbringer,DPS,US,Voidscar Arena,10,1,966.6,207397,0,303.0,2026-08-22,0,-1,,,,
50709,3135,Hunter,BeastMastery,Pack Leader,DPS,US,Voidscar Arena,10,1,966.6,205978,0,304.0,2026-08-22,0,-1,,,,
42549,85800,Monk,Brewmaster,Master of Harmony,Tank,EU,Den of Nalorakk,10,1,1234.4,130114,0,308.0,2026-08-20,0,-1,1226.0,36.2,,
42549,89704,Paladin,Holy,Herald of the Sun,Healer,EU,Den of Nalorakk,10,1,1234.4,29141,0,302.0,2026-08-20,0,-1,1226.0,36.2,,
42549,89705,Warrior,Arms,Slayer,DPS,EU,Den of Nalorakk,10,1,1234.4,184460,0,296.0,2026-08-20,0,-1,1226.0,36.2,,
42549,89706,Mage,Arcane,Sunfury,DPS,EU,Den of Nalorakk,10,1,1234.4,175903,0,295.0,2026-08-20,0,-1,1226.0,36.2,,
42549,89707,Monk,Windwalker,Shado-Pan,DPS,EU,Den of Nalorakk,10,1,1234.4,167928,0,298.0,2026-08-20,0,-1,1226.0,36.2,,
15602,33248,Monk,Brewmaster,Master of Harmony,Tank,EU,Ruby Life Pools,5,1,821.2,93220,0,294.0,2026-08-19,0,-1,813.0,51.6,,
15602,33249,Priest,Discipline,Oracle,Healer,EU,Ruby Life Pools,5,1,821.2,12577,1,292.0,2026-08-19,0,-1,813.0,51.6,,
15602,33250,DemonHunter,Havoc,Fel-Scarred,DPS,EU,Ruby Life Pools,5,1,821.2,157809,0,290.0,2026-08-19,0,-1,813.0,51.6,,
15602,33251,Shaman,Elemental,Farseer,DPS,EU,Ruby Life Pools,5,1,821.2,172632,0,292.0,2026-08-19,0,-1,813.0,51.6,,
15602,33252,Rogue,Subtlety,Deathstalker,DPS,EU,Ruby Life Pools,5,1,821.2,147163,0,290.0,2026-08-19,0,-1,813.0,51.6,,
4177,9508,DemonHunter,Vengeance,Annihilator,Tank,US,Murder Row,11,0,2018.8,64088,2,291.0,2026-08-19,0,-1,2065.0,-1.2,,
4177,9509,Paladin,Holy,Herald of the Sun,Healer,US,Murder Row,11,0,2018.8,8641,2,293.0,2026-08-19,0,-1,2065.0,-1.2,,
4177,3811,Priest,Shadow,Archon,DPS,US,Murder Row,11,0,2018.8,165492,2,299.0,2026-08-19,0,-1,2065.0,-1.2,,3058
4177,7598,Shaman,Enhancement,Stormbringer,DPS,US,Murder Row,11,0,2018.8,168966,3,295.0,2026-08-19,0,-1,2065.0,-1.2,,
4177,9510,DeathKnight,Unholy,Rider of the Apocalypse,DPS,US,Murder Row,11,0,2018.8,139053,2,295.0,2026-08-19,0,-1,2065.0,-1.2,,
60027,128483,DeathKnight,Blood,San'layn,Tank,EU,Kings' Rest,2,1,919.8,64925,0,303.0,2026-08-23,0,-1,,,,
60027,128484,Priest,Holy,Archon,Healer,EU,Kings' Rest,2,1,919.8,8968,0,290.0,2026-08-23,0,-1,,,,
60027,128485,Warlock,Destruction,Diabolist,DPS,EU,Kings' Rest,2,1,919.8,95138,0,297.0,2026-08-23,0,-1,,,,
60027,128486,Shaman,Elemental,Farseer,DPS,EU,Kings' Rest,2,1,919.8,112394,0,304.0,2026-08-23,0,-1,,,,
60027,128487,Priest,Shadow,Archon,DPS,EU,Kings' Rest,2,1,919.8,87351,0,289.0,2026-08-23,0,-1,,,,
35667,67552,DeathKnight,Blood,San'layn,Tank,EU,Temple of Sethraliss,11,1,1285.5,108167,0,308.0,2026-08-21,0,-1,1282.0,33.2,,
35667,18853,Priest,Discipline,Oracle,Healer,EU,Temple of Sethraliss,11,1,1285.5,13530,0,303.0,2026-08-21,0,-1,1282.0,33.2,,
35667,18856,Priest,Shadow,Archon,DPS,EU,Temple of Sethraliss,11,1,1285.5,206928,1,305.0,2026-08-21,0,-1,1282.0,33.2,,
35667,68972,Shaman,Elemental,Farseer,DPS,EU,Temple of Sethraliss,11,1,1285.5,250689,0,310.0,2026-08-21,0,-1,1282.0,33.2,,
35667,77046,Warrior,Arms,Slayer,DPS,EU,Temple of Sethraliss,11,1,1285.5,169303,0,301.0,2026-08-21,0,-1,1282.0,33.2,,
79582,74832,Druid,Guardian,Elune's Chosen,Tank,EU,Altar of Fangs,13,1,1535.0,108914,0,308.0,2026-08-21,0,-1,1571.0,12.7,,
79582,21096,Paladin,Holy,Herald of the Sun,Healer,EU,Altar of Fangs,13,1,1535.0,12781,1,307.0,2026-08-21,0,-1,1571.0,12.7,,
79582,21100,Mage,Arcane,Sunfury,DPS,EU,Altar of Fangs,13,1,1535.0,256053,1,302.0,2026-08-21,0,-1,1571.0,12.7,,
79582,54270,Rogue,Assassination,Deathstalker,DPS,EU,Altar of Fangs,13,1,1535.0,280900,1,306.0,2026-08-21,0,-1,1571.0,12.7,,
79582,18201,Warrior,Arms,Slayer,DPS,EU,Altar of Fangs,13,1,1535.0,236201,0,303.0,2026-08-21,0,-1,1571.0,12.7,,
21801,18013,Paladin,Protection,Lightsmith,Tank,US,Voidscar Arena,12,1,1642.5,85250,0,302.0,2026-08-19,0,-1,1709.0,5.1,,
21801,4695,Shaman,Restoration,Totemic,Healer,US,Voidscar Arena,12,1,1642.5,35630,0,301.0,2026-08-19,0,-1,1709.0,5.1,,3436
21801,44116,Shaman,Elemental,Farseer,DPS,US,Voidscar Arena,12,1,1642.5,150756,3,295.0,2026-08-19,0,-1,1709.0,5.1,,
21801,44117,Paladin,Retribution,Templar,DPS,US,Voidscar Arena,12,1,1642.5,152388,2,298.0,2026-08-19,0,-1,1709.0,5.1,,
21801,44115,Priest,Shadow,Archon,DPS,US,Voidscar Arena,12,1,1642.5,165217,0,301.0,2026-08-19,0,-1,1709.0,5.1,,
4987,7734,Paladin,Protection,Templar,Tank,US,Den of Nalorakk,10,1,1628.2,69921,0,293.0,2026-08-19,0,-1,1625.0,15.4,,
4987,8762,Paladin,Holy,Herald of the Sun,Healer,US,Den of Nalorakk,10,1,1628.2,15308,0,301.0,2026-08-19,0,-1,1625.0,15.4,,
4987,10986,Evoker,Augmentation,Chronowarden,DPS,US,Den of Nalorakk,10,1,1628.2,137654,0,296.0,2026-08-19,0,-1,1625.0,15.4,,
4987,10987,Priest,Shadow,Voidweaver,DPS,US,Den of Nalorakk,10,1,1628.2,168552,1,297.0,2026-08-19,0,-1,1625.0,15.4,,
4987,10988,Rogue,Subtlety,Deathstalker,DPS,US,Den of Nalorakk,10,1,1628.2,147421,0,294.0,2026-08-19,0,-1,1625.0,15.4,,
73616,142487,Paladin,Protection,Lightsmith,Tank,CN,Kings' Rest,12,1,1446.4,79794,0,308.0,2026-08-23,0,-1,1438.0,27.4,,
73616,140459,Priest,Holy,Oracle,Healer,CN,Kings' Rest,12,1,1446.4,41292,0,307.0,2026-08-23,0,-1,1438.0,27.4,,
73616,142488,Paladin,Retribution,Herald of the Sun,DPS,CN,Kings' Rest,12,1,1446.4,136024,0,301.0,2026-08-23,0,-1,1438.0,27.4,,
73616,59707,Mage,Arcane,Sunfury,DPS,CN,Kings' Rest,12,1,1446.4,193855,0,311.0,2026-08-23,0,-1,1438.0,27.4,,
73616,142489,Shaman,Elemental,Farseer,DPS,CN,Kings' Rest,12,1,1446.4,154723,0,307.0,2026-08-23,0,-1,1438.0,27.4,,
29532,63997,Monk,Brewmaster,Shado-Pan,Tank,US,Altar of Fangs,9,1,1099.3,121498,0,309.0,2026-08-21,0,-1,1096.0,39.1,,
29532,63998,Shaman,Restoration,Totemic,Healer,US,Altar of Fangs,9,1,1099.3,35003,0,307.0,2026-08-21,0,-1,1096.0,39.1,,
29532,63999,Hunter,Marksmanship,Sentinel,DPS,US,Altar of Fangs,9,1,1099.3,202060,0,302.0,2026-08-21,0,-1,1096.0,39.1,,
29532,9124,Rogue,Outlaw,Trickster,DPS,US,Altar of Fangs,9,1,1099.3,253150,0,302.0,2026-08-21,0,-1,1096.0,39.1,,
29532,64000,Warrior,Arms,Slayer,DPS,US,Altar of Fangs,9,1,1099.3,204190,1,302.0,2026-08-21,0,-1,1096.0,39.1,,
85046,112943,DeathKnight,Blood,San'layn,Tank,EU,Ruby Life Pools,15,1,1529.8,173435,0,311.0,2026-08-23,0,-1,1521.0,9.5,4,
85046,45945,Shaman,Restoration,Totemic,Healer,EU,Ruby Life Pools,15,1,1529.8,37735,0,303.0,2026-08-23,0,-1,1521.0,9.5,0,
85046,112945,Warrior,Arms,Slayer,DPS,EU,Ruby Life Pools,15,1,1529.8,273130,0,308.0,2026-08-23,0,-1,1521.0,9.5,2,
85046,22231,Druid,Feral,Wildstalker,DPS,EU,Ruby Life Pools,15,1,1529.8,229054,0,305.0,2026-08-23,0,-1,1521.0,9.5,4,
85046,112944,Paladin,Retribution,Herald of the Sun,DPS,EU,Ruby Life Pools,15,1,1529.8,236398,0,308.0,2026-08-23,0,-1,1521.0,9.5,2,
18267,5412,Druid,Guardian,Elune's Chosen,Tank,US,Den of Nalorakk,5,1,1056.9,85635,0,292.0,2026-08-19,0,-1,1049.0,45.4,,
18267,40512,Evoker,Preservation,Chronowarden,Healer,US,Den of Nalorakk,5,1,1056.9,14348,2,294.0,2026-08-19,0,-1,1049.0,45.4,,
18267,40513,Hunter,Marksmanship,Sentinel,DPS,US,Den of Nalorakk,5,1,1056.9,157814,0,301.0,2026-08-19,0,-1,1049.0,45.4,,
18267,40514,Warlock,Destruction,Diabolist,DPS,US,Den of Nalorakk,5,1,1056.9,146051,0,297.0,2026-08-19,0,-1,1049.0,45.4,,
18267,2481,Warrior,Arms,Slayer,DPS,US,Den of Nalorakk,5,1,1056.9,157269,0,296.0,2026-08-19,0,-1,1049.0,45.4,,
41078,87233,DemonHunter,Vengeance,Annihilator,Tank,EU,Den of Nalorakk,10,1,1248.3,103263,0,302.0,2026-08-22,0,-1,,,,
41078,22230,Monk,Mistweaver,Conduit of the Celestials,Healer,EU,Den of Nalorakk,10,1,1248.3,26844,0,303.0,2026-08-22,0,-1,,,,
41078,87234,Druid,Balance,Elune's Chosen,DPS,EU,Den of Nalorakk,10,1,1248.3,222300,0,305.0,2026-08-22,0,-1,,,,
41078,87235,Hunter,BeastMastery,Pack Leader,DPS,EU,Den of Nalorakk,10,1,1248.3,177850,0,304.0,2026-08-22,0,-1,,,,
41078,87236,DemonHunter,Havoc,Fel-Scarred,DPS,EU,Den of Nalorakk,10,1,1248.3,203395,0,295.0,2026-08-22,0,-1,,,,
39914,72353,DemonHunter,Vengeance,Annihilator,Tank,EU,Den of Nalorakk,11,1,1371.8,126782,0,308.0,2026-08-21,0,-1,1369.0,28.7,,
39914,72354,Priest,Holy,Oracle,Healer,EU,Den of Nalorakk,11,1,1371.8,46092,0,296.0,2026-08-21,0,-1,1369.0,28.7,,
39914,73253,Hunter,BeastMastery,Pack Leader,DPS,EU,Den of Nalorakk,11,1,1371.8,150578,1,308.0,2026-08-21,0,-1,1369.0,28.7,,
39914,72357,Monk,Windwalker,Shado-Pan,DPS,EU,Den of Nalorakk,11,1,1371.8,184917,0,309.0,2026-08-21,0,-1,1369.0,28.7,,
39914,72356,Warrior,Arms,Slayer,DPS,EU,Den of Nalorakk,11,1,1371.8,193318,0,308.0,2026-08-21,0,-1,1369.0,28.7,,
34369,73694,Warrior,Protection,Unknown,Tank,US,Ruby Life Pools,2,1,934.4,149352,0,292.0,2026-08-22,0,-1,926.0,44.9,,
34369,74422,Shaman,Restoration,Unknown,Healer,US,Ruby Life Pools,2,1,934.4,20070,0,280.0,2026-08-22,0,-1,926.0,44.9,,
34369,74423,Hunter,BeastMastery,Unknown,DPS,US,Ruby Life Pools,2,1,934.4,91251,1,292.0,2026-08-22,0,-1,926.0,44.9,,
34369,74424,Mage,Arcane,Unknown,DPS,US,Ruby Life Pools,2,1,934.4,98544,1,277.0,2026-08-22,0,-1,926.0,44.9,,
34369,74425,Shaman,Elemental,Unknown,DPS,US,Ruby Life Pools,2,1,934.4,101778,3,270.0,2026-08-22,0,-1,926.0,44.9,,
33444,72397,DeathKnight,Blood,San'layn,Tank,CN,Altar of Fangs,14,1,1734.2,134005,0,309.0,2026-08-22,0,-1,,,,
33444,72398,Paladin,Holy,Herald of the Sun,Healer,CN,Altar of Fangs,14,1,1734.2,28284,1,303.0,2026-08-22,0,-1,,,,
33444,72399,Shaman,Elemental,Farseer,DPS,CN,Altar of Fangs,14,1,1734.2,247380,2,307.0,2026-08-22,0,-1,,,,
33444,72400,Warrior,Arms,Slayer,DPS,CN,Altar of Fangs,14,1,1734.2,208233,0,302.0,2026-08-22,0,-1,,,,
33444,72401,Mage,Arcane,Sunfury,DPS,CN,Altar of Fangs,14,1,1734.2,262654,1,304.0,2026-08-22,0,-1,,,,
42385,19662,DemonHunter,Vengeance,Annihilator,Tank,EU,Altar of Fangs,12,1,1446.4,139648,0,302.0,2026-08-21,0,-1,1484.0,17.6,,3210
42385,19663,Paladin,Holy,Herald of the Sun,Healer,EU,Altar of Fangs,12,1,1446.4,21501,1,301.0,2026-08-21,0,-1,1484.0,17.6,,3209
42385,19664,Priest,Shadow,Voidweaver,DPS,EU,Altar of Fangs,12,1,1446.4,268366,1,310.0,2026-08-21,0,-1,1484.0,17.6,,3209
42385,89462,DeathKnight,Unholy,Rider of the Apocalypse,DPS,EU,Altar of Fangs,12,1,1446.4,167699,0,294.0,2026-08-21,0,-1,1484.0,17.6,,
42385,19523,Mage,Arcane,Sunfury,DPS,EU,Altar of Fangs,12,1,1446.4,284600,1,309.0,2026-08-21,0,-1,1484.0,17.6,,
11807,7572,Druid,Guardian,Elune's Chosen,Tank,US,Den of Nalorakk,11,1,1561.4,79908,0,304.0,2026-08-19,0,-1,1567.0,18.4,,2694
11807,7573,Shaman,Restoration,Totemic,Healer,US,Den of Nalorakk,11,1,1561.4,28458,0,296.0,2026-08-19,0,-1,1567.0,18.4,,2694
11807,7575,Mage,Arcane,Sunfury,DPS,US,Den of Nalorakk,11,1,1561.4,166545,2,298.0,2026-08-19,0,-1,1567.0,18.4,,2739
11807,7576,Hunter,Marksmanship,Sentinel,DPS,US,Den of Nalorakk,11,1,1561.4,178737,1,303.0,2026-08-19,0,-1,1567.0,18.4,,2840
11807,7574,Druid,Balance,Elune's Chosen,DPS,US,Den of Nalorakk,11,1,1561.4,139944,0,295.0,2026-08-19,0,-1,1567.0,18.4,,2705
61699,128207,Paladin,Protection,Lightsmith,Tank,CN,Murder Row,5,1,1049.1,98324,0,303.0,2026-08-23,0,-1,1041.0,49.0,,
61699,132420,Priest,Holy,Oracle,Healer,CN,Murder Row,5,1,1049.1,3536,0,295.0,2026-08-23,0,-1,1041.0,49.0,,
61699,128651,DemonHunter,Havoc,Fel-Scarred,DPS,CN,Murder Row,5,1,1049.1,116693,0,297.0,2026-08-23,0,-1,1041.0,49.0,,
61699,132421,Hunter,BeastMastery,Pack Leader,DPS,CN,Murder Row,5,1,1049.1,122004,0,291.0,2026-08-23,0,-1,1041.0,49.0,,
61699,132422,Mage,Arcane,Sunfury,DPS,CN,Murder Row,5,1,1049.1,211439,0,305.0,2026-08-23,0,-1,1041.0,49.0,,
34588,74891,DeathKnight,Blood,San'layn,Tank,CN,Ruby Life Pools,7,1,977.1,136909,0,297.0,2026-08-22,0,-1,968.0,42.4,,
34588,74892,Shaman,Restoration,Totemic,Healer,CN,Ruby Life Pools,7,1,977.1,12569,0,295.0,2026-08-22,0,-1,968.0,42.4,,
34588,65087,Shaman,Elemental,Farseer,DPS,CN,Ruby Life Pools,7,1,977.1,213762,0,300.0,2026-08-22,0,-1,968.0,42.4,,
34588,74893,DemonHunter,Havoc,Fel-Scarred,DPS,CN,Ruby Life Pools,7,1,977.1,172374,0,297.0,2026-08-22,0,-1,968.0,42.4,,
34588,74894,Warrior,Arms,Slayer,DPS,CN,Ruby Life Pools,7,1,977.1,141621,0,293.0,2026-08-22,0,-1,968.0,42.4,,
37166,80073,Druid,Guardian,Elune's Chosen,Tank,EU,Murder Row,6,1,1023.0,71078,0,293.0,2026-08-21,0,-1,1015.0,50.3,,
37166,80074,Monk,Mistweaver,Conduit of the Celestials,Healer,EU,Murder Row,6,1,1023.0,36764,0,288.0,2026-08-21,0,-1,1015.0,50.3,,
37166,53240,Warlock,Demonology,Diabolist,DPS,EU,Murder Row,6,1,1023.0,141097,0,301.0,2026-08-21,0,-1,1015.0,50.3,,
37166,80075,Warrior,Arms,Slayer,DPS,EU,Murder Row,6,1,1023.0,146691,0,295.0,2026-08-21,0,-1,1015.0,50.3,,
37166,80076,Mage,Arcane,Sunfury,DPS,EU,Murder Row,6,1,1023.0,207125,0,310.0,2026-08-21,0,-1,1015.0,50.3,,
32025,5275,DeathKnight,Blood,Deathbringer,Tank,US,Den of Nalorakk,13,1,1605.1,92188,0,310.0,2026-08-20,0,-1,1627.0,15.3,,
32025,24353,Shaman,Restoration,Totemic,Healer,US,Den of Nalorakk,13,1,1605.1,28600,2,298.0,2026-08-20,0,-1,1627.0,15.3,,
32025,69051,Paladin,Retribution,Templar,DPS,US,Den of Nalorakk,13,1,1605.1,172871,0,293.0,2026-08-20,0,-1,1627.0,15.3,,
32025,62514,Warrior,Arms,Slayer,DPS,US,Den of Nalorakk,13,1,1605.1,206460,0,304.0,2026-08-20,0,-1,1627.0,15.3,,
32025,10866,Rogue,Assassination,Deathstalker,DPS,US,Den of Nalorakk,13,1,1605.1,224691,0,306.0,2026-08-20,0,-1,1627.0,15.3,,
83452,44442,Warrior,Protection,Mountain Thane,Tank,EU,Temple of Sethraliss,12,1,1391.0,128271,0,303.0,2026-08-23,0,-1,1413.0,26.4,0,
83452,25686,Shaman,Restoration,Totemic,Healer,EU,Temple of Sethraliss,12,1,1391.0,32987,0,308.0,2026-08-23,0,-1,1413.0,26.4,4,
83452,36832,Hunter,Marksmanship,Sentinel,DPS,EU,Temple of Sethraliss,12,1,1391.0,193621,0,312.0,2026-08-23,0,-1,1413.0,26.4,4,
83452,147477,Warrior,Arms,Slayer,DPS,EU,Temple of Sethraliss,12,1,1391.0,194662,2,302.0,2026-08-23,0,-1,1413.0,26.4,2,
83452,25687,Monk,Windwalker,Shado-Pan,DPS,EU,Temple of Sethraliss,12,1,1391.0,248562,0,311.0,2026-08-23,0,-1,1413.0,26.4,4,
87100,153224,DeathKnight,Blood,Deathbringer,Tank,US,Altar of Fangs,10,1,1071.8,151221,0,299.0,2026-08-23,0,-1,1064.0,40.9,0,
87100,153225,Monk,Mistweaver,Conduit of the Celestials,Healer,US,Altar of Fangs,10,1,1071.8,49762,0,293.0,2026-08-23,0,-1,1064.0,40.9,0,
87100,153226,Warrior,Arms,Slayer,DPS,US,Altar of Fangs,10,1,1071.8,267466,0,301.0,2026-08-23,0,-1,1064.0,40.9,0,
87100,153227,Druid,Balance,Elune's Chosen,DPS,US,Altar of Fangs,10,1,1071.8,249051,0,303.0,2026-08-23,0,-1,1064.0,40.9,4,
87100,66704,Mage,Arcane,Sunfury,DPS,US,Altar of Fangs,10,1,1071.8,296515,0,307.0,2026-08-23,0,-1,1064.0,40.9,5,
77546,80113,DeathKnight,Blood,San'layn,Tank,CN,Temple of Sethraliss,14,1,1563.0,157359,0,310.0,2026-08-22,0,-1,1615.0,15.9,,
77546,67661,Paladin,Holy,Lightsmith,Healer,CN,Temple of Sethraliss,14,1,1563.0,65888,0,309.0,2026-08-22,0,-1,1615.0,15.9,,
77546,67662,Mage,Arcane,Sunfury,DPS,CN,Temple of Sethraliss,14,1,1563.0,257864,0,305.0,2026-08-22,0,-1,1615.0,15.9,,
77546,144481,Shaman,Elemental,Farseer,DPS,CN,Temple of Sethraliss,14,1,1563.0,169580,1,298.0,2026-08-22,0,-1,1615.0,15.9,,
77546,67664,Rogue,Assassination,Deathstalker,DPS,CN,Temple of Sethraliss,14,1,1563.0,240230,3,307.0,2026-08-22,0,-1,1615.0,15.9,,
65727,8825,Warrior,Protection,Colossus,Tank,US,Altar of Fangs,12,1,1305.7,154269,0,304.0,2026-08-22,0,-1,1312.0,27.1,,
65727,109478,Monk,Mistweaver,Conduit of the Celestials,Healer,US,Altar of Fangs,12,1,1305.7,37526,0,293.0,2026-08-22,0,-1,1312.0,27.1,,
65727,11881,Warrior,Arms,Slayer,DPS,US,Altar of Fangs,12,1,1305.7,268498,0,305.0,2026-08-22,0,-1,1312.0,27.1,,
65727,136662,Mage,Arcane,Sunfury,DPS,US,Altar of Fangs,12,1,1305.7,248260,0,302.0,2026-08-22,0,-1,1312.0,27.1,,
65727,9136,Priest,Shadow,Voidweaver,DPS,US,Altar of Fangs,12,1,1305.7,227469,1,307.0,2026-08-22,0,-1,1312.0,27.1,,
69338,75690,DeathKnight,Blood,San'layn,Tank,EU,Ruby Life Pools,13,1,1397.5,147484,0,309.0,2026-08-23,0,-1,1419.0,15.6,,
69338,23312,Paladin,Holy,Herald of the Sun,Healer,EU,Ruby Life Pools,13,1,1397.5,18058,0,306.0,2026-08-23,0,-1,1419.0,15.6,,
69338,20301,Shaman,Elemental,Farseer,DPS,EU,Ruby Life Pools,13,1,1397.5,247485,0,306.0,2026-08-23,0,-1,1419.0,15.6,,
69338,46934,Warrior,Arms,Slayer,DPS,EU,Ruby Life Pools,13,1,1397.5,253470,2,310.0,2026-08-23,0,-1,1419.0,15.6,,
69338,123773,Rogue,Outlaw,Trickster,DPS,EU,Ruby Life Pools,13,1,1397.5,214477,0,298.0,2026-08-23,0,-1,1419.0,15.6,,
34227,74078,Paladin,Protection,Templar,Tank,US,Ruby Life Pools,2,1,932.7,78157,0,301.0,2026-08-21,0,-1,924.0,45.0,,
34227,74079,Monk,Mistweaver,Conduit of the Celestials,Healer,US,Ruby Life Pools,2,1,932.7,15049,0,291.0,2026-08-21,0,-1,924.0,45.0,,
34227,74080,Warrior,Arms,Slayer,DPS,US,Ruby Life Pools,2,1,932.7,149723,0,304.0,2026-08-21,0,-1,924.0,45.0,,
34227,74081,Priest,Shadow,Voidweaver,DPS,US,Ruby Life Pools,2,1,932.7,78177,0,296.0,2026-08-21,0,-1,924.0,45.0,,
34227,74082,DeathKnight,Unholy,Rider of the Apocalypse,DPS,US,Ruby Life Pools,2,1,932.7,127031,0,297.0,2026-08-21,0,-1,924.0,45.0,,
18868,37462,Paladin,Protection,Lightsmith,Tank,EU,Kings' Rest,12,1,1861.0,70829,4,300.0,2026-08-19,0,-1,1972.0,0.4,,3022
18868,39538,Priest,Holy,Oracle,Healer,EU,Kings' Rest,12,1,1861.0,12757,0,296.0,2026-08-19,0,-1,1972.0,0.4,,
18868,39405,Priest,Shadow,Archon,DPS,EU,Kings' Rest,12,1,1861.0,145775,1,301.0,2026-08-19,0,-1,1972.0,0.4,,2877
18868,27918,Druid,Balance,Elune's Chosen,DPS,EU,Kings' Rest,12,1,1861.0,108494,2,293.0,2026-08-19,0,-1,1972.0,0.4,,
18868,27919,Mage,Frost,Spellslinger,DPS,EU,Kings' Rest,12,1,1861.0,137848,2,296.0,2026-08-19,0,-1,1972.0,0.4,,
32654,70512,Paladin,Protection,Lightsmith,Tank,EU,Ruby Life Pools,13,1,1560.9,112837,3,299.0,2026-08-21,0,-1,1613.0,4.0,,
32654,70513,Shaman,Restoration,Totemic,Healer,EU,Ruby Life Pools,13,1,1560.9,30233,0,298.0,2026-08-21,0,-1,1613.0,4.0,,
32654,70514,Hunter,Marksmanship,Sentinel,DPS,EU,Ruby Life Pools,13,1,1560.9,206346,0,303.0,2026-08-21,0,-1,1613.0,4.0,,
32654,30723,Rogue,Subtlety,Deathstalker,DPS,EU,Ruby Life Pools,13,1,1560.9,193627,1,311.0,2026-08-21,0,-1,1613.0,4.0,,
32654,30763,Warrior,Arms,Slayer,DPS,EU,Ruby Life Pools,13,1,1560.9,171768,0,309.0,2026-08-21,0,-1,1613.0,4.0,,
6141,6584,Druid,Guardian,Elune's Chosen,Tank,US,Ruby Life Pools,11,1,1492.6,109861,0,295.0,2026-08-18,0,-1,1514.0,9.9,,
6141,12503,Shaman,Restoration,Totemic,Healer,US,Ruby Life Pools,11,1,1492.6,16844,3,288.0,2026-08-18,0,-1,1514.0,9.9,,
6141,8752,Warrior,Arms,Slayer,DPS,US,Ruby Life Pools,11,1,1492.6,202644,2,294.0,2026-08-18,0,-1,1514.0,9.9,,3003
6141,8753,Rogue,Subtlety,Deathstalker,DPS,US,Ruby Life Pools,11,1,1492.6,218322,0,295.0,2026-08-18,0,-1,1514.0,9.9,,3067
6141,9985,DemonHunter,Devourer,Void-Scarred,DPS,US,Ruby Life Pools,11,1,1492.6,209108,1,294.0,2026-08-18,0,-1,1514.0,9.9,,
18537,41034,DemonHunter,Vengeance,Annihilator,Tank,US,Den of Nalorakk,2,1,992.2,52069,0,290.0,2026-08-19,0,-1,984.0,48.8,,
18537,41035,Priest,Holy,Oracle,Healer,US,Den of Nalorakk,2,1,992.2,26500,0,301.0,2026-08-19,0,-1,984.0,48.8,,
18537,41036,Warrior,Arms,Slayer,DPS,US,Den of Nalorakk,2,1,992.2,94457,0,297.0,2026-08-19,0,-1,984.0,48.8,,
18537,41037,Warrior,Arms,Slayer,DPS,US,Den of Nalorakk,2,1,992.2,110000,0,296.0,2026-08-19,0,-1,984.0,48.8,,
18537,41038,Paladin,Retribution,Templar,DPS,US,Den of Nalorakk,2,1,992.2,72547,0,297.0,2026-08-19,0,-1,984.0,48.8,,
82213,77381,DeathKnight,Blood,San'layn,Tank,EU,The Blinding Vale,14,1,1709.9,143194,0,308.0,2026-08-21,0,-1,1762.0,2.1,,
82213,60752,Paladin,Holy,Herald of the Sun,Healer,EU,The Blinding Vale,14,1,1709.9,32045,0,308.0,2026-08-21,0,-1,1762.0,2.1,,
82213,60753,DeathKnight,Unholy,San'layn,DPS,EU,The Blinding Vale,14,1,1709.9,216886,0,306.0,2026-08-21,0,-1,1762.0,2.1,,
82213,81761,DemonHunter,Devourer,Annihilator,DPS,EU,The Blinding Vale,14,1,1709.9,203826,3,302.0,2026-08-21,0,-1,1762.0,2.1,,
82213,46793,Shaman,Enhancement,Stormbringer,DPS,EU,The Blinding Vale,14,1,1709.9,236970,1,302.0,2026-08-21,0,-1,1762.0,2.1,,
27607,1957,DemonHunter,Vengeance,Annihilator,Tank,US,Altar of Fangs,10,1,1099.7,159173,0,305.0,2026-08-20,0,-1,1096.0,39.1,,3158
27607,1958,Monk,Mistweaver,Conduit of the Celestials,Healer,US,Altar of Fangs,10,1,1099.7,61528,0,307.0,2026-08-20,0,-1,1096.0,39.1,,2946
27607,3321,Shaman,Elemental,Farseer,DPS,US,Altar of Fangs,10,1,1099.7,228077,0,301.0,2026-08-20,0,-1,1096.0,39.1,,
27607,1959,Monk,Windwalker,Shado-Pan,DPS,US,Altar of Fangs,10,1,1099.7,215787,1,295.0,2026-08-20,0,-1,1096.0,39.1,,3106
27607,1960,Paladin,Retribution,Templar,DPS,US,Altar of Fangs,10,1,1099.7,278650,0,308.0,2026-08-20,0,-1,1096.0,39.1,,3205
5502,7304,DeathKnight,Blood,San'layn,Tank,US,Voidscar Arena,11,1,1381.3,129300,0,297.0,2026-08-18,0,-1,1423.0,21.0,,3102
5502,7534,Shaman,Restoration,Totemic,Healer,US,Voidscar Arena,11,1,1381.3,22215,2,286.0,2026-08-18,0,-1,1423.0,21.0,,
5502,7306,Hunter,BeastMastery,Pack Leader,DPS,US,Voidscar Arena,11,1,1381.3,190424,3,294.0,2026-08-18,0,-1,1423.0,21.0,,
5502,7308,Warrior,Arms,Slayer,DPS,US,Voidscar Arena,11,1,1381.3,165543,3,297.0,2026-08-18,0,-1,1423.0,21.0,,3184
5502,7307,Mage,Arcane,Sunfury,DPS,US,Voidscar Arena,11,1,1381.3,188581,2,296.0,2026-08-18,0,-1,1423.0,21.0,,3124
87051,6162,Monk,Brewmaster,Shado-Pan,Tank,US,Voidscar Arena,10,1,1011.6,105152,0,306.0,2026-08-23,0,-1,1003.0,44.3,0,
87051,88451,Paladin,Holy,Herald of the Sun,Healer,US,Voidscar Arena,10,1,1011.6,6056,0,312.0,2026-08-23,0,-1,1003.0,44.3,5,
87051,2807,DemonHunter,Devourer,Void-Scarred,DPS,US,Voidscar Arena,10,1,1011.6,239872,0,312.0,2026-08-23,0,-1,1003.0,44.3,5,2684
87051,153145,Hunter,Marksmanship,Sentinel,DPS,US,Voidscar Arena,10,1,1011.6,184771,0,305.0,2026-08-23,0,-1,1003.0,44.3,4,
87051,153146,Shaman,Elemental,Farseer,DPS,US,Voidscar Arena,10,1,1011.6,194874,0,303.0,2026-08-23,0,-1,1003.0,44.3,3,
15255,32112,Paladin,Protection,Templar,Tank,EU,Kings' Rest,5,1,1096.1,70840,0,291.0,2026-08-19,0,-1,1088.0,45.1,,
15255,32113,Shaman,Restoration,Totemic,Healer,EU,Kings' Rest,5,1,1096.1,21732,0,295.0,2026-08-19,0,-1,1088.0,45.1,,
15255,32114,Hunter,BeastMastery,Pack Leader,DPS,EU,Kings' Rest,5,1,1096.1,103957,0,292.0,2026-08-19,0,-1,1088.0,45.1,,
15255,32115,Hunter,Marksmanship,Sentinel,DPS,EU,Kings' Rest,5,1,1096.1,94391,0,290.0,2026-08-19,0,-1,1088.0,45.1,,
15255,32116,Monk,Windwalker,Conduit of the Celestials,DPS,EU,Kings' Rest,5,1,1096.1,101372,0,296.0,2026-08-19,0,-1,1088.0,45.1,,
3459,7737,DeathKnight,Blood,San'layn,Tank,US,Temple of Sethraliss,10,1,1554.8,115992,1,291.0,2026-08-19,0,-1,1592.0,17.1,,
3459,7738,Paladin,Holy,Herald of the Sun,Healer,US,Temple of Sethraliss,10,1,1554.8,7609,3,293.0,2026-08-19,0,-1,1592.0,17.1,,
3459,7739,Shaman,Elemental,Farseer,DPS,US,Temple of Sethraliss,10,1,1554.8,175760,1,293.0,2026-08-19,0,-1,1592.0,17.1,,
3459,7740,Warrior,Arms,Slayer,DPS,US,Temple of Sethraliss,10,1,1554.8,155136,2,293.0,2026-08-19,0,-1,1592.0,17.1,,
3459,7741,DeathKnight,Frost,Deathbringer,DPS,US,Temple of Sethraliss,10,1,1554.8,140511,2,289.0,2026-08-19,0,-1,1592.0,17.1,,
20294,45072,DeathKnight,Blood,Deathbringer,Tank,US,Temple of Sethraliss,12,1,1787.5,87821,0,303.0,2026-08-20,0,-1,1824.0,5.0,,
20294,32702,Shaman,Restoration,Totemic,Healer,US,Temple of Sethraliss,12,1,1787.5,26307,0,305.0,2026-08-20,0,-1,1824.0,5.0,,
20294,45073,Hunter,Marksmanship,Sentinel,DPS,US,Temple of Sethraliss,12,1,1787.5,182641,1,305.0,2026-08-20,0,-1,1824.0,5.0,,
20294,45074,Warrior,Arms,Slayer,DPS,US,Temple of Sethraliss,12,1,1787.5,134272,2,300.0,2026-08-20,0,-1,1824.0,5.0,,
20294,102,Paladin,Retribution,Templar,DPS,US,Temple of Sethraliss,12,1,1787.5,200042,0,301.0,2026-08-20,0,-1,1824.0,5.0,,3234
14892,30877,Paladin,Protection,Lightsmith,Tank,EU,Ruby Life Pools,4,1,992.6,80853,0,290.0,2026-08-19,0,-1,984.0,41.4,,
14892,30878,Evoker,Preservation,Flameshaper,Healer,EU,Ruby Life Pools,4,1,992.6,38477,0,277.0,2026-08-19,0,-1,984.0,41.4,,
14892,30879,Shaman,Elemental,Farseer,DPS,EU,Ruby Life Pools,4,1,992.6,141403,0,293.0,2026-08-19,0,-1,984.0,41.4,,
14892,30880,Warlock,Destruction,Hellcaller,DPS,EU,Ruby Life Pools,4,1,992.6,109298,1,290.0,2026-08-19,0,-1,984.0,41.4,,
14892,30881,Mage,Arcane,Sunfury,DPS,EU,Ruby Life Pools,4,1,992.6,116662,0,290.0,2026-08-19,0,-1,984.0,41.4,,
57649,88830,Monk,Brewmaster,Master of Harmony,Tank,US,Voidscar Arena,10,1,965.4,108282,1,306.0,2026-08-23,0,-1,987.0,45.2,,
57649,120677,Druid,Restoration,Wildstalker,Healer,US,Voidscar Arena,10,1,965.4,19651,1,300.0,2026-08-23,0,-1,987.0,45.2,,
57649,72937,Rogue,Subtlety,Deathstalker,DPS,US,Voidscar Arena,10,1,965.4,231461,1,306.0,2026-08-23,0,-1,987.0,45.2,,
57649,120679,Monk,Windwalker,Conduit of the Celestials,DPS,US,Voidscar Arena,10,1,965.4,240940,2,307.0,2026-08-23,0,-1,987.0,45.2,,
57649,71803,DemonHunter,Devourer,Void-Scarred,DPS,US,Voidscar Arena,10,1,965.4,219993,1,311.0,2026-08-23,0,-1,987.0,45.2,,
4730,6558,DeathKnight,Blood,Deathbringer,Tank,US,Ruby Life Pools,11,1,1278.4,108560,0,284.0,2026-08-18,0,-1,1285.0,23.5,,2949
4730,6559,Paladin,Holy,Herald of the Sun,Healer,US,Ruby Life Pools,11,1,1278.4,31596,0,292.0,2026-08-18,0,-1,1285.0,23.5,,3020
4730,6560,Evoker,Devastation,Scalecommander,DPS,US,Ruby Life Pools,11,1,1278.4,229423,1,294.0,2026-08-18,0,-1,1285.0,23.5,,2888
4730,6562,Warrior,Arms,Slayer,DPS,US,Ruby Life Pools,11,1,1278.4,204519,2,293.0,2026-08-18,0,-1,1285.0,23.5,,2955
4730,6561,Hunter,Marksmanship,Sentinel,DPS,US,Ruby Life Pools,11,1,1278.4,246288,0,295.0,2026-08-18,0,-1,1285.0,23.5,,2916
51108,1990,DeathKnight,Blood,San'layn,Tank,US,Voidscar Arena,8,1,981.8,106402,0,307.0,2026-08-22,0,-1,978.0,45.7,,
51108,108533,Paladin,Holy,Herald of the Sun,Healer,US,Voidscar Arena,8,1,981.8,29762,0,304.0,2026-08-22,0,-1,978.0,45.7,,
51108,1994,Shaman,Elemental,Farseer,DPS,US,Voidscar Arena,8,1,981.8,203300,0,302.0,2026-08-22,0,-1,978.0,45.7,,
51108,108534,Warrior,Arms,Slayer,DPS,US,Voidscar Arena,8,1,981.8,162975,1,294.0,2026-08-22,0,-1,978.0,45.7,,
51108,108535,Mage,Arcane,Sunfury,DPS,US,Voidscar Arena,8,1,981.8,196408,0,306.0,2026-08-22,0,-1,978.0,45.7,,
17866,37258,Paladin,Protection,Templar,Tank,KR,Ruby Life Pools,5,1,915.2,56376,0,293.0,2026-08-20,0,-1,907.0,46.0,,
17866,37259,Shaman,Restoration,Totemic,Healer,KR,Ruby Life Pools,5,1,915.2,20041,0,291.0,2026-08-20,0,-1,907.0,46.0,,
17866,37260,DeathKnight,Unholy,Rider of the Apocalypse,DPS,KR,Ruby Life Pools,5,1,915.2,160770,0,292.0,2026-08-20,0,-1,907.0,46.0,,
17866,39608,Druid,Balance,Elune's Chosen,DPS,KR,Ruby Life Pools,5,1,915.2,138104,0,294.0,2026-08-20,0,-1,907.0,46.0,,
17866,39609,Mage,Frost,Spellslinger,DPS,KR,Ruby Life Pools,5,1,915.2,133585,0,290.0,2026-08-20,0,-1,907.0,46.0,,
11968,3601,DeathKnight,Blood,Deathbringer,Tank,US,Kings' Rest,11,1,1548.2,83935,0,304.0,2026-08-19,0,-1,1575.0,20.4,,3088
11968,9671,Shaman,Restoration,Totemic,Healer,US,Kings' Rest,11,1,1548.2,21636,2,294.0,2026-08-19,0,-1,1575.0,20.4,,
11968,3604,Shaman,Elemental,Farseer,DPS,US,Kings' Rest,11,1,1548.2,141868,2,294.0,2026-08-19,0,-1,1575.0,20.4,,3002
11968,3762,DeathKnight,Unholy,Rider of the Apocalypse,DPS,US,Kings' Rest,11,1,1548.2,150002,0,299.0,2026-08-19,0,-1,1575.0,20.4,,
11968,22429,Paladin,Retribution,Templar,DPS,US,Kings' Rest,11,1,1548.2,126617,3,295.0,2026-08-19,0,-1,1575.0,20.4,,
15425,32673,Paladin,Protection,Lightsmith,Tank,US,Den of Nalorakk,7,1,1278.3,84049,0,289.0,2026-08-18,0,-1,1285.0,33.1,,
15425,18925,Evoker,Preservation,Flameshaper,Healer,US,Den of Nalorakk,7,1,1278.3,39552,0,294.0,2026-08-18,0,-1,1285.0,33.1,,
15425,32674,Druid,Balance,Elune's Chosen,DPS,US,Den of Nalorakk,7,1,1278.3,130868,0,285.0,2026-08-18,0,-1,1285.0,33.1,,
15425,5348,Mage,Arcane,Sunfury,DPS,US,Den of Nalorakk,7,1,1278.3,158203,2,294.0,2026-08-18,0,-1,1285.0,33.1,,
15425,32675,Hunter,BeastMastery,Pack Leader,DPS,US,Den of Nalorakk,7,1,1278.3,130242,1,293.0,2026-08-18,0,-1,1285.0,33.1,,
87902,154621,DeathKnight,Blood,San'layn,Tank,US,Murder Row,8,1,1211.2,84533,0,287.0,2026-08-24,0,-1,1208.0,40.8,0,
87902,154622,Evoker,Preservation,Flameshaper,Healer,US,Murder Row,8,1,1211.2,21638,1,296.0,2026-08-24,0,-1,1208.0,40.8,0,
87902,23945,Mage,Arcane,Sunfury,DPS,US,Murder Row,8,1,1211.2,188762,0,308.0,2026-08-24,0,-1,1208.0,40.8,4,
87902,51249,Priest,Shadow,Archon,DPS,US,Murder Row,8,1,1211.2,141656,0,305.0,2026-08-24,0,-1,1208.0,40.8,2,
87902,129,Warrior,Arms,Slayer,DPS,US,Murder Row,8,1,1211.2,180418,0,307.0,2026-08-24,0,-1,1208.0,40.8,2,2789
15693,33567,DeathKnight,Blood,San'layn,Tank,EU,Kings' Rest,3,1,1248.9,26926,0,283.0,2026-08-19,0,-1,1240.0,37.4,,
15693,33568,Druid,Restoration,Keeper of the Grove,Healer,EU,Kings' Rest,3,1,1248.9,31277,2,293.0,2026-08-19,0,-1,1240.0,37.4,,
15693,33569,Hunter,BeastMastery,Pack Leader,DPS,EU,Kings' Rest,3,1,1248.9,60876,1,281.0,2026-08-19,0,-1,1240.0,37.4,,
15693,31067,Mage,Arcane,Sunfury,DPS,EU,Kings' Rest,3,1,1248.9,109453,2,296.0,2026-08-19,0,-1,1240.0,37.4,,
15693,33570,Rogue,Subtlety,Deathstalker,DPS,EU,Kings' Rest,3,1,1248.9,71387,0,294.0,2026-08-19,0,-1,1240.0,37.4,,
59091,126349,DeathKnight,Blood,Deathbringer,Tank,EU,Kings' Rest,2,1,862.3,64734,0,299.0,2026-08-23,0,-1,,,,
59091,126350,Priest,Holy,Oracle,Healer,EU,Kings' Rest,2,1,862.3,29978,0,295.0,2026-08-23,0,-1,,,,
59091,126351,Warlock,Destruction,Diabolist,DPS,EU,Kings' Rest,2,1,862.3,125583,0,305.0,2026-08-23,0,-1,,,,
59091,126352,Warlock,Demonology,Diabolist,DPS,EU,Kings' Rest,2,1,862.3,78761,0,298.0,2026-08-23,0,-1,,,,
59091,126353,DemonHunter,Devourer,Annihilator,DPS,EU,Kings' Rest,2,1,862.3,84359,0,281.0,2026-08-23,0,-1,,,,
15117,31674,Monk,Brewmaster,Master of Harmony,Tank,US,The Blinding Vale,5,1,1005.4,42534,0,292.0,2026-08-19,0,-1,997.0,44.6,,
15117,31675,Monk,Mistweaver,Conduit of the Celestials,Healer,US,The Blinding Vale,5,1,1005.4,42402,0,292.0,2026-08-19,0,-1,997.0,44.6,,
15117,30629,Mage,Arcane,Sunfury,DPS,US,The Blinding Vale,5,1,1005.4,168862,0,294.0,2026-08-19,0,-1,997.0,44.6,,
15117,30626,DeathKnight,Unholy,Rider of the Apocalypse,DPS,US,The Blinding Vale,5,1,1005.4,129878,0,293.0,2026-08-19,0,-1,997.0,44.6,,
15117,31676,Warrior,Arms,Slayer,DPS,US,The Blinding Vale,5,1,1005.4,143736,0,298.0,2026-08-19,0,-1,997.0,44.6,,
55644,10932,DeathKnight,Blood,San'layn,Tank,US,Temple of Sethraliss,2,1,1003.9,96617,0,311.0,2026-08-22,0,-1,,,,
55644,10933,Shaman,Restoration,Totemic,Healer,US,Temple of Sethraliss,2,1,1003.9,20331,0,302.0,2026-08-22,0,-1,,,,
55644,62549,Mage,Arcane,Sunfury,DPS,US,Temple of Sethraliss,2,1,1003.9,124098,0,300.0,2026-08-22,0,-1,,,,
55644,117791,Mage,Frost,Spellslinger,DPS,US,Temple of Sethraliss,2,1,1003.9,108674,0,291.0,2026-08-22,0,-1,,,,
55644,117792,Druid,Balance,Elune's Chosen,DPS,US,Temple of Sethraliss,2,1,1003.9,56906,0,282.0,2026-08-22,0,-1,,,,
69081,47424,DeathKnight,Blood,San'layn,Tank,EU,Ruby Life Pools,14,1,1474.9,140839,1,306.0,2026-08-22,0,-1,1542.0,8.2,,
69081,47425,Paladin,Holy,Herald of the Sun,Healer,EU,Ruby Life Pools,14,1,1474.9,28574,0,311.0,2026-08-22,0,-1,1542.0,8.2,,
69081,110891,Warrior,Arms,Slayer,DPS,EU,Ruby Life Pools,14,1,1474.9,261765,1,309.0,2026-08-22,0,-1,1542.0,8.2,,
69081,26963,Shaman,Enhancement,Stormbringer,DPS,EU,Ruby Life Pools,14,1,1474.9,228199,2,304.0,2026-08-22,0,-1,1542.0,8.2,,
69081,33100,Hunter,Survival,Sentinel,DPS,EU,Ruby Life Pools,14,1,1474.9,266981,1,313.0,2026-08-22,0,-1,1542.0,8.2,,
24072,53262,DeathKnight,Blood,Unknown,Tank,CN,Murder Row,12,1,1560.6,116016,0,308.0,2026-08-21,0,-1,1552.0,23.9,,
24072,53263,Paladin,Holy,Unknown,Healer,CN,Murder Row,12,1,1560.6,36633,0,299.0,2026-08-21,0,-1,1552.0,23.9,,
24072,53264,Shaman,Elemental,Unknown,DPS,CN,Murder Row,12,1,1560.6,201089,0,307.0,2026-08-21,0,-1,1552.0,23.9,,
24072,53265,Mage,Arcane,Unknown,DPS,CN,Murder Row,12,1,1560.6,198178,0,303.0,2026-08-21,0,-1,1552.0,23.9,,
24072,53266,Warrior,Arms,Unknown,DPS,CN,Murder Row,12,1,1560.6,187901,0,302.0,2026-08-21,0,-1,1552.0,23.9,,
78738,91035,Monk,Brewmaster,Master of Harmony,Tank,EU,Temple of Sethraliss,13,1,1476.6,115844,0,305.0,2026-08-22,0,-1,1558.0,18.9,,
78738,75589,Paladin,Holy,Herald of the Sun,Healer,EU,Temple of Sethraliss,13,1,1476.6,7532,3,312.0,2026-08-22,0,-1,1558.0,18.9,,
78738,141910,Hunter,BeastMastery,Pack Leader,DPS,EU,Temple of Sethraliss,13,1,1476.6,243464,2,305.0,2026-08-22,0,-1,1558.0,18.9,,
78738,20664,DeathKnight,Unholy,Rider of the Apocalypse,DPS,EU,Temple of Sethraliss,13,1,1476.6,238979,0,308.0,2026-08-22,0,-1,1558.0,18.9,,
78738,25011,Warrior,Arms,Slayer,DPS,EU,Temple of Sethraliss,13,1,1476.6,211768,1,307.0,2026-08-22,0,-1,1558.0,18.9,,
18527,10946,DeathKnight,Blood,San'layn,Tank,US,The Blinding Vale,4,1,995.3,88760,0,299.0,2026-08-19,0,-1,987.0,45.2,,
18527,41017,Monk,Mistweaver,Conduit of the Celestials,Healer,US,The Blinding Vale,4,1,995.3,39958,0,289.0,2026-08-19,0,-1,987.0,45.2,,
18527,41018,Paladin,Retribution,Herald of the Sun,DPS,US,The Blinding Vale,4,1,995.3,136953,0,293.0,2026-08-19,0,-1,987.0,45.2,,
18527,41019,Rogue,Subtlety,Trickster,DPS,US,The Blinding Vale,4,1,995.3,150849,1,291.0,2026-08-19,0,-1,987.0,45.2,,
18527,29592,Mage,Arcane,Sunfury,DPS,US,The Blinding Vale,4,1,995.3,136182,0,297.0,2026-08-19,0,-1,987.0,45.2,,
42024,15647,Paladin,Protection,Lightsmith,Tank,EU,Altar of Fangs,10,1,1108.8,99042,0,306.0,2026-08-21,0,-1,1100.0,38.9,,
42024,21940,Priest,Holy,Oracle,Healer,EU,Altar of Fangs,10,1,1108.8,41129,0,292.0,2026-08-21,0,-1,1100.0,38.9,,
42024,45809,DemonHunter,Devourer,Void-Scarred,DPS,EU,Altar of Fangs,10,1,1108.8,255749,0,304.0,2026-08-21,0,-1,1100.0,38.9,,
42024,18889,Rogue,Outlaw,Trickster,DPS,EU,Altar of Fangs,10,1,1108.8,247829,0,296.0,2026-08-21,0,-1,1100.0,38.9,,
42024,88877,Mage,Arcane,Sunfury,DPS,EU,Altar of Fangs,10,1,1108.8,244796,0,303.0,2026-08-21,0,-1,1100.0,38.9,,
13502,26453,Druid,Guardian,Elune's Chosen,Tank,US,The Blinding Vale,5,1,1083.0,78714,0,295.0,2026-08-19,0,-1,1074.0,40.3,,
13502,26454,Shaman,Restoration,Totemic,Healer,US,The Blinding Vale,5,1,1083.0,31926,0,293.0,2026-08-19,0,-1,1074.0,40.3,,
13502,26456,Warrior,Arms,Slayer,DPS,US,The Blinding Vale,5,1,1083.0,111463,0,289.0,2026-08-19,0,-1,1074.0,40.3,,
13502,26457,Priest,Shadow,Voidweaver,DPS,US,The Blinding Vale,5,1,1083.0,144055,0,294.0,2026-08-19,0,-1,1074.0,40.3,,
13502,26822,Warlock,Destruction,Hellcaller,DPS,US,The Blinding Vale,5,1,1083.0,137538,0,292.0,2026-08-19,0,-1,1074.0,40.3,,
57797,66223,Druid,Guardian,Elune's Chosen,Tank,EU,The Blinding Vale,14,1,1684.5,98824,1,311.0,2026-08-23,0,-1,,,,
57797,57313,Shaman,Restoration,Totemic,Healer,EU,The Blinding Vale,14,1,1684.5,42452,1,306.0,2026-08-23,0,-1,,,,
57797,67557,Warrior,Arms,Slayer,DPS,EU,The Blinding Vale,14,1,1684.5,211714,4,306.0,2026-08-23,0,-1,,,,
57797,78281,Mage,Arcane,Sunfury,DPS,EU,The Blinding Vale,14,1,1684.5,265872,1,313.0,2026-08-23,0,-1,,,,
57797,19452,Paladin,Retribution,Templar,DPS,EU,The Blinding Vale,14,1,1684.5,217795,2,303.0,2026-08-23,0,-1,,,,
79223,13676,DeathKnight,Blood,San'layn,Tank,EU,Altar of Fangs,15,1,1685.4,149749,0,311.0,2026-08-22,0,-1,1782.0,1.0,,
79223,67312,Shaman,Restoration,Totemic,Healer,EU,Altar of Fangs,15,1,1685.4,38359,1,305.0,2026-08-22,0,-1,1782.0,1.0,,
79223,13679,Druid,Balance,Elune's Chosen,DPS,EU,Altar of Fangs,15,1,1685.4,265843,2,309.0,2026-08-22,0,-1,1782.0,1.0,,
79223,13680,Shaman,Elemental,Farseer,DPS,EU,Altar of Fangs,15,1,1685.4,276567,1,309.0,2026-08-22,0,-1,1782.0,1.0,,
79223,22493,DemonHunter,Devourer,Annihilator,DPS,EU,Altar of Fangs,15,1,1685.4,257909,3,309.0,2026-08-22,0,-1,1782.0,1.0,,
29463,637,Druid,Guardian,Elune's Chosen,Tank,US,Murder Row,9,1,1034.3,107349,0,305.0,2026-08-21,0,-1,,,,
29463,711,Shaman,Restoration,Totemic,Healer,US,Murder Row,9,1,1034.3,44350,0,310.0,2026-08-21,0,-1,,,,2712
29463,712,Warlock,Demonology,Diabolist,DPS,US,Murder Row,9,1,1034.3,237290,0,307.0,2026-08-21,0,-1,,,,2703
29463,5297,Mage,Arcane,Sunfury,DPS,US,Murder Row,9,1,1034.3,248942,1,304.0,2026-08-21,0,-1,,,,
29463,1010,Mage,Arcane,Sunfury,DPS,US,Murder Row,9,1,1034.3,213480,0,304.0,2026-08-21,0,-1,,,,
80693,139823,DeathKnight,Blood,San'layn,Tank,CN,Voidscar Arena,12,1,1372.6,125984,0,310.0,2026-08-23,0,-1,1379.0,23.4,,
80693,139824,Paladin,Holy,Herald of the Sun,Healer,CN,Voidscar Arena,12,1,1372.6,19722,1,306.0,2026-08-23,0,-1,1379.0,23.4,,
80693,137151,Shaman,Enhancement,Stormbringer,DPS,CN,Voidscar Arena,12,1,1372.6,189532,0,300.0,2026-08-23,0,-1,1379.0,23.4,,
80693,108163,Mage,Arcane,Sunfury,DPS,CN,Voidscar Arena,12,1,1372.6,188535,0,310.0,2026-08-23,0,-1,1379.0,23.4,,
80693,139827,Warrior,Arms,Slayer,DPS,CN,Voidscar Arena,12,1,1372.6,178066,0,308.0,2026-08-23,0,-1,1379.0,23.4,,
62514,134422,Paladin,Protection,Lightsmith,Tank,CN,Altar of Fangs,4,1,923.0,83377,0,291.0,2026-08-22,0,-1,915.0,49.2,,
62514,131892,Paladin,Holy,Lightsmith,Healer,CN,Altar of Fangs,4,1,923.0,50195,0,307.0,2026-08-22,0,-1,915.0,49.2,,
62514,134423,Shaman,Elemental,Farseer,DPS,CN,Altar of Fangs,4,1,923.0,117869,0,282.0,2026-08-22,0,-1,915.0,49.2,,
62514,134424,Evoker,Devastation,Scalecommander,DPS,CN,Altar of Fangs,4,1,923.0,176142,0,295.0,2026-08-22,0,-1,915.0,49.2,,
62514,134425,DemonHunter,Havoc,Fel-Scarred,DPS,CN,Altar of Fangs,4,1,923.0,186438,0,306.0,2026-08-22,0,-1,915.0,49.2,,
75827,19568,DeathKnight,Blood,San'layn,Tank,EU,Temple of Sethraliss,14,1,1605.4,136907,0,306.0,2026-08-21,0,-1,1642.0,14.5,,
75827,20874,Shaman,Restoration,Totemic,Healer,EU,Temple of Sethraliss,14,1,1605.4,26796,1,305.0,2026-08-21,0,-1,1642.0,14.5,,
75827,19571,Rogue,Outlaw,Trickster,DPS,EU,Temple of Sethraliss,14,1,1605.4,246020,0,301.0,2026-08-21,0,-1,1642.0,14.5,,3241
75827,19572,Monk,Windwalker,Conduit of the Celestials,DPS,EU,Temple of Sethraliss,14,1,1605.4,226741,1,304.0,2026-08-21,0,-1,1642.0,14.5,,3203
75827,19570,Warrior,Arms,Slayer,DPS,EU,Temple of Sethraliss,14,1,1605.4,205913,1,300.0,2026-08-21,0,-1,1642.0,14.5,,3241
3935,8785,Warrior,Protection,Mountain Thane,Tank,US,Murder Row,10,1,1480.7,121371,0,293.0,2026-08-18,0,-1,1477.0,27.6,,3139
3935,8786,Evoker,Preservation,Chronowarden,Healer,US,Murder Row,10,1,1480.7,33772,0,291.0,2026-08-18,0,-1,1477.0,27.6,,2718
3935,8787,DeathKnight,Frost,Deathbringer,DPS,US,Murder Row,10,1,1480.7,172012,0,295.0,2026-08-18,0,-1,1477.0,27.6,,3126
3935,2512,DemonHunter,Devourer,Annihilator,DPS,US,Murder Row,10,1,1480.7,175279,0,293.0,2026-08-18,0,-1,1477.0,27.6,,3251
3935,8788,Warrior,Arms,Slayer,DPS,US,Murder Row,10,1,1480.7,130175,1,283.0,2026-08-18,0,-1,1477.0,27.6,,
47608,100613,DeathKnight,Blood,San'layn,Tank,CN,Altar of Fangs,14,0,1678.8,192063,2,309.0,2026-08-22,0,-1,,,,
47608,100614,Paladin,Holy,Lightsmith,Healer,CN,Altar of Fangs,14,0,1678.8,40404,3,303.0,2026-08-22,0,-1,,,,
47608,100615,Warrior,Arms,Slayer,DPS,CN,Altar of Fangs,14,0,1678.8,249644,3,307.0,2026-08-22,0,-1,,,,
47608,100616,Rogue,Subtlety,Deathstalker,DPS,CN,Altar of Fangs,14,0,1678.8,251980,5,304.0,2026-08-22,0,-1,,,,
47608,100617,Shaman,Elemental,Farseer,DPS,CN,Altar of Fangs,14,0,1678.8,256114,4,305.0,2026-08-22,0,-1,,,,
32571,70351,Paladin,Protection,Lightsmith,Tank,EU,Voidscar Arena,10,1,1044.3,97219,0,304.0,2026-08-21,0,-1,1041.0,42.2,,
32571,17115,Priest,Discipline,Oracle,Healer,EU,Voidscar Arena,10,1,1044.3,19164,0,302.0,2026-08-21,0,-1,1041.0,42.2,,
32571,14616,Shaman,Elemental,Farseer,DPS,EU,Voidscar Arena,10,1,1044.3,237403,0,302.0,2026-08-21,0,-1,1041.0,42.2,,
32571,26838,DemonHunter,Devourer,Annihilator,DPS,EU,Voidscar Arena,10,1,1044.3,200738,1,302.0,2026-08-21,0,-1,1041.0,42.2,,
32571,70352,Mage,Arcane,Sunfury,DPS,EU,Voidscar Arena,10,1,1044.3,224999,0,298.0,2026-08-21,0,-1,1041.0,42.2,,
4182,6630,Warrior,Protection,Unknown,Tank,US,Kings' Rest,11,1,1799.7,85087,1,292.0,2026-08-18,0,-1,1831.0,7.5,,
4182,6631,Shaman,Restoration,Unknown,Healer,US,Kings' Rest,11,1,1799.7,12648,2,294.0,2026-08-18,0,-1,1831.0,7.5,,2667
4182,6632,Warlock,Destruction,Unknown,DPS,US,Kings' Rest,11,1,1799.7,140197,2,294.0,2026-08-18,0,-1,1831.0,7.5,,2745
4182,9518,Paladin,Retribution,Unknown,DPS,US,Kings' Rest,11,1,1799.7,119343,2,282.0,2026-08-18,0,-1,1831.0,7.5,,
4182,6634,Hunter,Marksmanship,Unknown,DPS,US,Kings' Rest,11,1,1799.7,134238,1,291.0,2026-08-18,0,-1,1831.0,7.5,,2746
59506,73153,DeathKnight,Blood,San'layn,Tank,EU,Murder Row,14,1,1886.8,124718,0,308.0,2026-08-23,0,-1,,,,
59506,44863,Shaman,Restoration,Totemic,Healer,EU,Murder Row,14,1,1886.8,33272,1,304.0,2026-08-23,0,-1,,,,
59506,73992,Rogue,Assassination,Deathstalker,DPS,EU,Murder Row,14,1,1886.8,157320,5,299.0,2026-08-23,0,-1,,,,
59506,67788,Monk,Windwalker,Shado-Pan,DPS,EU,Murder Row,14,1,1886.8,193006,0,312.0,2026-08-23,0,-1,,,,
59506,81239,Warrior,Arms,Slayer,DPS,EU,Murder Row,14,1,1886.8,226599,2,312.0,2026-08-23,0,-1,,,,
40642,2880,Druid,Guardian,Elune's Chosen,Tank,US,Den of Nalorakk,8,1,1199.6,77133,0,304.0,2026-08-20,0,-1,1191.0,38.0,,
40642,2881,Paladin,Holy,Herald of the Sun,Healer,US,Den of Nalorakk,8,1,1199.6,24171,0,302.0,2026-08-20,0,-1,1191.0,38.0,,
40642,86556,Shaman,Elemental,Farseer,DPS,US,Den of Nalorakk,8,1,1199.6,153232,0,305.0,2026-08-20,0,-1,1191.0,38.0,,
40642,2883,DemonHunter,Devourer,Annihilator,DPS,US,Den of Nalorakk,8,1,1199.6,193905,0,304.0,2026-08-20,0,-1,1191.0,38.0,,
40642,2882,Warlock,Affliction,Soul Harvester,DPS,US,Den of Nalorakk,8,1,1199.6,139027,0,298.0,2026-08-20,0,-1,1191.0,38.0,,
69701,5833,Warrior,Protection,Mountain Thane,Tank,US,Altar of Fangs,12,1,1423.4,118760,0,304.0,2026-08-23,0,-1,1445.0,19.7,,
69701,110612,Shaman,Restoration,Totemic,Healer,US,Altar of Fangs,12,1,1423.4,37993,1,304.0,2026-08-23,0,-1,1445.0,19.7,,
69701,139984,DeathKnight,Unholy,Rider of the Apocalypse,DPS,US,Altar of Fangs,12,1,1423.4,244674,0,305.0,2026-08-23,0,-1,1445.0,19.7,,
69701,17277,Warrior,Arms,Slayer,DPS,US,Altar of Fangs,12,1,1423.4,275035,1,311.0,2026-08-23,0,-1,1445.0,19.7,,2712
69701,5442,DemonHunter,Devourer,Void-Scarred,DPS,US,Altar of Fangs,12,1,1423.4,223207,0,310.0,2026-08-23,0,-1,1445.0,19.7,,
11805,23526,Druid,Guardian,Elune's Chosen,Tank,EU,Kings' Rest,12,0,2294.6,61922,2,293.0,2026-08-19,0,-1,2361.0,-19.3,,
11805,23527,Paladin,Holy,Lightsmith,Healer,EU,Kings' Rest,12,0,2294.6,19672,2,294.0,2026-08-19,0,-1,2361.0,-19.3,,
11805,23528,Shaman,Elemental,Farseer,DPS,EU,Kings' Rest,12,0,2294.6,121093,1,292.0,2026-08-19,0,-1,2361.0,-19.3,,
11805,18004,DemonHunter,Havoc,Fel-Scarred,DPS,EU,Kings' Rest,12,0,2294.6,106190,5,292.0,2026-08-19,0,-1,2361.0,-19.3,,
11805,23529,DeathKnight,Unholy,Rider of the Apocalypse,DPS,EU,Kings' Rest,12,0,2294.6,116997,1,295.0,2026-08-19,0,-1,2361.0,-19.3,,
7976,12957,Warrior,Protection,Mountain Thane,Tank,EU,Den of Nalorakk,11,1,1563.4,127617,0,296.0,2026-08-19,0,-1,1564.0,18.5,,
7976,13205,Priest,Discipline,Oracle,Healer,EU,Den of Nalorakk,11,1,1563.4,12995,0,294.0,2026-08-19,0,-1,1564.0,18.5,,
7976,16686,Warrior,Arms,Slayer,DPS,EU,Den of Nalorakk,11,1,1563.4,161881,1,293.0,2026-08-19,0,-1,1564.0,18.5,,
7976,12959,DeathKnight,Frost,Deathbringer,DPS,EU,Den of Nalorakk,11,1,1563.4,151004,1,295.0,2026-08-19,0,-1,1564.0,18.5,,
7976,12960,Paladin,Retribution,Templar,DPS,EU,Den of Nalorakk,11,1,1563.4,150448,0,297.0,2026-08-19,0,-1,1564.0,18.5,,
24778,54987,DeathKnight,Blood,San'layn,Tank,US,Murder Row,13,1,1710.5,127397,1,310.0,2026-08-21,0,-1,1792.0,12.2,,
24778,2696,Paladin,Holy,Herald of the Sun,Healer,US,Murder Row,13,1,1710.5,13107,2,310.0,2026-08-21,0,-1,1792.0,12.2,,
24778,54988,Warrior,Arms,Slayer,DPS,US,Murder Row,13,1,1710.5,218978,1,312.0,2026-08-21,0,-1,1792.0,12.2,,
24778,54989,Mage,Arcane,Sunfury,DPS,US,Murder Row,13,1,1710.5,204115,1,306.0,2026-08-21,0,-1,1792.0,12.2,,
24778,49426,Shaman,Elemental,Farseer,DPS,US,Murder Row,13,1,1710.5,183482,1,307.0,2026-08-21,0,-1,1792.0,12.2,,
65286,19015,Druid,Guardian,Elune's Chosen,Tank,EU,Altar of Fangs,15,1,1733.1,163060,0,310.0,2026-08-22,0,-1,1740.0,3.4,,
65286,63502,Shaman,Restoration,Totemic,Healer,EU,Altar of Fangs,15,1,1733.1,46884,0,311.0,2026-08-22,0,-1,1740.0,3.4,,
65286,24168,DeathKnight,Frost,Deathbringer,DPS,EU,Altar of Fangs,15,1,1733.1,269948,0,312.0,2026-08-22,0,-1,1740.0,3.4,,
65286,23724,DemonHunter,Devourer,Annihilator,DPS,EU,Altar of Fangs,15,1,1733.1,236887,1,301.0,2026-08-22,0,-1,1740.0,3.4,,
65286,18572,Warrior,Arms,Slayer,DPS,EU,Altar of Fangs,15,1,1733.1,254404,0,306.0,2026-08-22,0,-1,1740.0,3.4,,
28198,18749,Druid,Guardian,Elune's Chosen,Tank,US,Temple of Sethraliss,11,1,1295.9,121664,0,308.0,2026-08-20,0,-1,1287.0,33.0,,
28198,61634,Shaman,Restoration,Totemic,Healer,US,Temple of Sethraliss,11,1,1295.9,18362,0,294.0,2026-08-20,0,-1,1287.0,33.0,,
28198,2911,Rogue,Outlaw,Trickster,DPS,US,Temple of Sethraliss,11,1,1295.9,229553,0,310.0,2026-08-20,0,-1,1287.0,33.0,,2865
28198,9026,Evoker,Devastation,Scalecommander,DPS,US,Temple of Sethraliss,11,1,1295.9,189812,0,302.0,2026-08-20,0,-1,1287.0,33.0,,
28198,23004,Mage,Arcane,Sunfury,DPS,US,Temple of Sethraliss,11,1,1295.9,206193,0,301.0,2026-08-20,0,-1,1287.0,33.0,,
54199,39593,Paladin,Protection,Lightsmith,Tank,EU,Kings' Rest,14,1,1967.8,76550,0,306.0,2026-08-22,0,-1,,,,
54199,79212,Paladin,Holy,Herald of the Sun,Healer,EU,Kings' Rest,14,1,1967.8,19156,0,291.0,2026-08-22,0,-1,,,,
54199,39595,DeathKnight,Frost,Deathbringer,DPS,EU,Kings' Rest,14,1,1967.8,147080,0,303.0,2026-08-22,0,-1,,,,
54199,115052,Shaman,Elemental,Farseer,DPS,EU,Kings' Rest,14,1,1967.8,167622,1,308.0,2026-08-22,0,-1,,,,
54199,39596,DemonHunter,Devourer,Annihilator,DPS,EU,Kings' Rest,14,1,1967.8,174489,0,303.0,2026-08-22,0,-1,,,,
61335,70471,DeathKnight,Blood,San'layn,Tank,CN,Kings' Rest,11,1,1269.2,118007,0,313.0,2026-08-23,0,-1,1271.0,35.8,,
61335,70472,Paladin,Holy,Herald of the Sun,Healer,CN,Kings' Rest,11,1,1269.2,38902,0,308.0,2026-08-23,0,-1,1271.0,35.8,,
61335,131527,DemonHunter,Devourer,Annihilator,DPS,CN,Kings' Rest,11,1,1269.2,106925,1,299.0,2026-08-23,0,-1,1271.0,35.8,,
61335,131528,Mage,Arcane,Sunfury,DPS,CN,Kings' Rest,11,1,1269.2,133405,1,304.0,2026-08-23,0,-1,1271.0,35.8,,
61335,70475,Mage,Arcane,Sunfury,DPS,CN,Kings' Rest,11,1,1269.2,234500,0,311.0,2026-08-23,0,-1,1271.0,35.8,,
27633,16256,Druid,Guardian,Elune's Chosen,Tank,EU,Kings' Rest,11,1,1377.1,87839,0,299.0,2026-08-21,0,-1,1374.0,30.6,,
27633,60632,Shaman,Restoration,Totemic,Healer,EU,Kings' Rest,11,1,1377.1,29013,1,298.0,2026-08-21,0,-1,1374.0,30.6,,
27633,38600,Evoker,Devastation,Scalecommander,DPS,EU,Kings' Rest,11,1,1377.1,180899,0,305.0,2026-08-21,0,-1,1374.0,30.6,,
27633,17764,Hunter,Survival,Sentinel,DPS,EU,Kings' Rest,11,1,1377.1,155279,0,301.0,2026-08-21,0,-1,1374.0,30.6,,
27633,38599,Hunter,BeastMastery,Pack Leader,DPS,EU,Kings' Rest,11,1,1377.1,153794,0,296.0,2026-08-21,0,-1,1374.0,30.6,,
527,2020,Monk,Brewmaster,Master of Harmony,Tank,US,Temple of Sethraliss,10,1,1526.8,98196,0,289.0,2026-08-18,0,-1,1544.0,19.6,,
527,2021,Shaman,Restoration,Totemic,Healer,US,Temple of Sethraliss,10,1,1526.8,21655,1,292.0,2026-08-18,0,-1,1544.0,19.6,,
527,2022,Rogue,Subtlety,Deathstalker,DPS,US,Temple of Sethraliss,10,1,1526.8,147339,1,291.0,2026-08-18,0,-1,1544.0,19.6,,
527,2023,DeathKnight,Unholy,Rider of the Apocalypse,DPS,US,Temple of Sethraliss,10,1,1526.8,211097,0,292.0,2026-08-18,0,-1,1544.0,19.6,,
527,2024,DemonHunter,Devourer,Void-Scarred,DPS,US,Temple of Sethraliss,10,1,1526.8,171326,3,294.0,2026-08-18,0,-1,1544.0,19.6,,
38627,82870,DeathKnight,Blood,San'layn,Tank,CN,Voidscar Arena,13,1,1679.6,119032,0,300.0,2026-08-21,0,-1,1731.0,3.9,,
38627,66299,Paladin,Holy,Lightsmith,Healer,CN,Voidscar Arena,13,1,1679.6,22037,0,302.0,2026-08-21,0,-1,1731.0,3.9,,
38627,82871,Hunter,BeastMastery,Pack Leader,DPS,CN,Voidscar Arena,13,1,1679.6,180779,2,297.0,2026-08-21,0,-1,1731.0,3.9,,
38627,82872,Warrior,Arms,Slayer,DPS,CN,Voidscar Arena,13,1,1679.6,170866,1,300.0,2026-08-21,0,-1,1731.0,3.9,,
38627,82873,Shaman,Elemental,Farseer,DPS,CN,Voidscar Arena,13,1,1679.6,251650,1,306.0,2026-08-21,0,-1,1731.0,3.9,,
47071,97578,DeathKnight,Blood,San'layn,Tank,EU,Murder Row,5,1,1222.9,58935,0,298.0,2026-08-22,0,-1,,,,
47071,97579,Shaman,Restoration,Totemic,Healer,EU,Murder Row,5,1,1222.9,26304,0,283.0,2026-08-22,0,-1,,,,
47071,97580,Paladin,Retribution,Templar,DPS,EU,Murder Row,5,1,1222.9,122205,0,297.0,2026-08-22,0,-1,,,,
47071,97581,Hunter,BeastMastery,Pack Leader,DPS,EU,Murder Row,5,1,1222.9,122546,0,293.0,2026-08-22,0,-1,,,,
47071,99428,Monk,Windwalker,Shado-Pan,DPS,EU,Murder Row,5,1,1222.9,97020,0,291.0,2026-08-22,0,-1,,,,
79526,104610,DeathKnight,Blood,Deathbringer,Tank,CN,Ruby Life Pools,12,1,1301.8,146091,0,311.0,2026-08-22,0,-1,,,,
79526,105738,Monk,Mistweaver,Conduit of the Celestials,Healer,CN,Ruby Life Pools,12,1,1301.8,45318,1,292.0,2026-08-22,0,-1,,,,
79526,104613,Mage,Arcane,Sunfury,DPS,CN,Ruby Life Pools,12,1,1301.8,241044,1,307.0,2026-08-22,0,-1,,,,
79526,78022,Warrior,Arms,Slayer,DPS,CN,Ruby Life Pools,12,1,1301.8,207426,1,307.0,2026-08-22,0,-1,,,,
79526,106986,Mage,Frost,Spellslinger,DPS,CN,Ruby Life Pools,12,1,1301.8,177824,0,301.0,2026-08-22,0,-1,,,,
443,1759,Druid,Guardian,Elune's Chosen,Tank,US,Kings' Rest,11,1,1912.5,60631,0,291.0,2026-08-19,0,-1,1924.0,2.8,,
443,1760,Shaman,Restoration,Totemic,Healer,US,Kings' Rest,11,1,1912.5,14687,1,293.0,2026-08-19,0,-1,1924.0,2.8,,
443,1761,DeathKnight,Unholy,Rider of the Apocalypse,DPS,US,Kings' Rest,11,1,1912.5,105524,0,297.0,2026-08-19,0,-1,1924.0,2.8,,
443,1762,Evoker,Devastation,Scalecommander,DPS,US,Kings' Rest,11,1,1912.5,130822,1,296.0,2026-08-19,0,-1,1924.0,2.8,,
443,1763,Warlock,Demonology,Diabolist,DPS,US,Kings' Rest,11,1,1912.5,115331,2,295.0,2026-08-19,0,-1,1924.0,2.8,,
14671,30077,DeathKnight,Blood,San'layn,Tank,EU,Ruby Life Pools,6,1,897.6,66249,0,291.0,2026-08-19,0,-1,890.0,47.1,,
14671,30078,Paladin,Holy,Herald of the Sun,Healer,EU,Ruby Life Pools,6,1,897.6,13872,0,290.0,2026-08-19,0,-1,890.0,47.1,,
14671,30079,DemonHunter,Devourer,Annihilator,DPS,EU,Ruby Life Pools,6,1,897.6,158950,0,290.0,2026-08-19,0,-1,890.0,47.1,,
14671,30080,Shaman,Enhancement,Stormbringer,DPS,EU,Ruby Life Pools,6,1,897.6,192273,0,294.0,2026-08-19,0,-1,890.0,47.1,,
14671,30081,Mage,Arcane,Sunfury,DPS,EU,Ruby Life Pools,6,1,897.6,157686,0,290.0,2026-08-19,0,-1,890.0,47.1,,
37454,80695,DeathKnight,Blood,San'layn,Tank,US,Altar of Fangs,13,1,1786.9,117674,0,302.0,2026-08-22,0,-1,1794.0,0.4,,
37454,11171,Paladin,Holy,Herald of the Sun,Healer,US,Altar of Fangs,13,1,1786.9,23183,0,301.0,2026-08-22,0,-1,1794.0,0.4,,
37454,62112,Mage,Arcane,Sunfury,DPS,US,Altar of Fangs,13,1,1786.9,235241,0,304.0,2026-08-22,0,-1,1794.0,0.4,,
37454,10152,Shaman,Elemental,Farseer,DPS,US,Altar of Fangs,13,1,1786.9,194141,1,305.0,2026-08-22,0,-1,1794.0,0.4,,
37454,3910,DeathKnight,Frost,Deathbringer,DPS,US,Altar of Fangs,13,1,1786.9,192949,0,301.0,2026-08-22,0,-1,1794.0,0.4,,3073
44770,54366,DeathKnight,Blood,San'layn,Tank,US,Murder Row,12,1,1543.6,100060,0,306.0,2026-08-22,0,-1,,,,
44770,94281,Shaman,Restoration,Totemic,Healer,US,Murder Row,12,1,1543.6,21519,0,302.0,2026-08-22,0,-1,,,,
44770,94282,Mage,Arcane,Sunfury,DPS,US,Murder Row,12,1,1543.6,173922,0,309.0,2026-08-22,0,-1,,,,
44770,23045,Warlock,Destruction,Diabolist,DPS,US,Murder Row,12,1,1543.6,200023,0,312.0,2026-08-22,0,-1,,,,
44770,94283,Warlock,Demonology,Diabolist,DPS,US,Murder Row,12,1,1543.6,234311,0,307.0,2026-08-22,0,-1,,,,
22667,50306,DemonHunter,Vengeance,Annihilator,Tank,US,Ruby Life Pools,5,1,770.1,103582,0,292.0,2026-08-19,0,-1,761.0,54.7,,
22667,50307,Shaman,Restoration,Totemic,Healer,US,Ruby Life Pools,5,1,770.1,27435,0,290.0,2026-08-19,0,-1,761.0,54.7,,
22667,50308,Mage,Frost,Spellslinger,DPS,US,Ruby Life Pools,5,1,770.1,114722,0,277.0,2026-08-19,0,-1,761.0,54.7,,
22667,6295,Hunter,Marksmanship,Sentinel,DPS,US,Ruby Life Pools,5,1,770.1,184217,0,298.0,2026-08-19,0,-1,761.0,54.7,,
22667,40676,Warrior,Arms,Slayer,DPS,US,Ruby Life Pools,5,1,770.1,179956,0,302.0,2026-08-19,0,-1,761.0,54.7,,
55931,118716,Druid,Guardian,Elune's Chosen,Tank,EU,Voidscar Arena,5,1,1047.8,53817,0,293.0,2026-08-23,0,-1,,,,
55931,48770,Shaman,Restoration,Totemic,Healer,EU,Voidscar Arena,5,1,1047.8,24982,0,289.0,2026-08-23,0,-1,,,,
55931,118717,DeathKnight,Unholy,Rider of the Apocalypse,DPS,EU,Voidscar Arena,5,1,1047.8,102294,0,296.0,2026-08-23,0,-1,,,,
55931,118718,Paladin,Retribution,Templar,DPS,EU,Voidscar Arena,5,1,1047.8,118672,0,292.0,2026-08-23,0,-1,,,,
55931,118719,Mage,Arcane,Sunfury,DPS,EU,Voidscar Arena,5,1,1047.8,123408,1,295.0,2026-08-23,0,-1,,,,
77917,69213,DeathKnight,Blood,San'layn,Tank,CN,Murder Row,14,1,1396.8,134153,0,310.0,2026-08-22,0,-1,1404.0,31.2,,
77917,68357,Paladin,Holy,Lightsmith,Healer,CN,Murder Row,14,1,1396.8,48290,0,298.0,2026-08-22,0,-1,1404.0,31.2,,
77917,139628,Rogue,Subtlety,Deathstalker,DPS,CN,Murder Row,14,1,1396.8,269926,0,305.0,2026-08-22,0,-1,1404.0,31.2,,
77917,68127,Mage,Arcane,Sunfury,DPS,CN,Murder Row,14,1,1396.8,281093,1,312.0,2026-08-22,0,-1,1404.0,31.2,,
77917,139629,Shaman,Elemental,Farseer,DPS,CN,Murder Row,14,1,1396.8,242246,0,302.0,2026-08-22,0,-1,1404.0,31.2,,
346,1435,Druid,Guardian,Elune's Chosen,Tank,US,Den of Nalorakk,10,1,1568.4,89514,0,294.0,2026-08-18,0,-1,1560.0,18.8,,
346,1436,Shaman,Restoration,Totemic,Healer,US,Den of Nalorakk,10,1,1568.4,25678,0,287.0,2026-08-18,0,-1,1560.0,18.8,,
346,1437,Mage,Arcane,Sunfury,DPS,US,Den of Nalorakk,10,1,1568.4,173724,0,293.0,2026-08-18,0,-1,1560.0,18.8,,
346,1438,Priest,Shadow,Archon,DPS,US,Den of Nalorakk,10,1,1568.4,170918,0,292.0,2026-08-18,0,-1,1560.0,18.8,,
346,1439,Hunter,Marksmanship,Sentinel,DPS,US,Den of Nalorakk,10,1,1568.4,159920,0,293.0,2026-08-18,0,-1,1560.0,18.8,,
9566,7175,DemonHunter,Vengeance,Annihilator,Tank,US,Temple of Sethraliss,10,1,1276.9,118767,0,298.0,2026-08-19,0,-1,1283.0,33.2,,2872
9566,11710,Priest,Holy,Oracle,Healer,US,Temple of Sethraliss,10,1,1276.9,33507,0,300.0,2026-08-19,0,-1,1283.0,33.2,,2773
9566,18636,Warlock,Demonology,Diabolist,DPS,US,Temple of Sethraliss,10,1,1276.9,211236,1,296.0,2026-08-19,0,-1,1283.0,33.2,,
9566,7174,Hunter,BeastMastery,Pack Leader,DPS,US,Temple of Sethraliss,10,1,1276.9,186177,1,295.0,2026-08-19,0,-1,1283.0,33.2,,
9566,9707,Hunter,Marksmanship,Sentinel,DPS,US,Temple of Sethraliss,10,1,1276.9,175323,0,299.0,2026-08-19,0,-1,1283.0,33.2,,2733
73589,93928,Warrior,Protection,Mountain Thane,Tank,EU,Voidscar Arena,14,1,1535.3,141385,0,310.0,2026-08-23,0,-1,1557.0,13.5,,
73589,51886,Paladin,Holy,Herald of the Sun,Healer,EU,Voidscar Arena,14,1,1535.3,21482,0,310.0,2026-08-23,0,-1,1557.0,13.5,,
73589,75672,Hunter,BeastMastery,Pack Leader,DPS,EU,Voidscar Arena,14,1,1535.3,227768,1,305.0,2026-08-23,0,-1,1557.0,13.5,,
73589,13564,Mage,Arcane,Sunfury,DPS,EU,Voidscar Arena,14,1,1535.3,225677,1,310.0,2026-08-23,0,-1,1557.0,13.5,,
73589,45938,Monk,Windwalker,Shado-Pan,DPS,EU,Voidscar Arena,14,1,1535.3,212953,0,309.0,2026-08-23,0,-1,1557.0,13.5,,
79302,6965,DemonHunter,Vengeance,Annihilator,Tank,US,Ruby Life Pools,15,0,1646.1,126924,0,310.0,2026-08-23,0,-1,1683.0,-0.2,,3209
79302,3530,Paladin,Holy,Herald of the Sun,Healer,US,Ruby Life Pools,15,0,1646.1,29182,2,308.0,2026-08-23,0,-1,1683.0,-0.2,,
79302,39497,Paladin,Retribution,Templar,DPS,US,Ruby Life Pools,15,0,1646.1,229468,0,312.0,2026-08-23,0,-1,1683.0,-0.2,,
79302,8683,Rogue,Outlaw,Trickster,DPS,US,Ruby Life Pools,15,0,1646.1,231448,1,304.0,2026-08-23,0,-1,1683.0,-0.2,,
79302,25157,Mage,Arcane,Sunfury,DPS,US,Ruby Life Pools,15,0,1646.1,254626,0,306.0,2026-08-23,0,-1,1683.0,-0.2,,
15712,33637,Paladin,Protection,Lightsmith,Tank,US,Altar of Fangs,5,1,1015.7,72146,0,294.0,2026-08-19,0,-1,1007.0,44.1,,
15712,33638,Shaman,Restoration,Totemic,Healer,US,Altar of Fangs,5,1,1015.7,20420,0,292.0,2026-08-19,0,-1,1007.0,44.1,,
15712,33639,Hunter,BeastMastery,Pack Leader,DPS,US,Altar of Fangs,5,1,1015.7,164472,0,295.0,2026-08-19,0,-1,1007.0,44.1,,
15712,33640,Rogue,Subtlety,Deathstalker,DPS,US,Altar of Fangs,5,1,1015.7,167005,0,299.0,2026-08-19,0,-1,1007.0,44.1,,
15712,31448,Mage,Arcane,Sunfury,DPS,US,Altar of Fangs,5,1,1015.7,154117,0,287.0,2026-08-19,0,-1,1007.0,44.1,,
37453,3814,DeathKnight,Blood,Deathbringer,Tank,US,Den of Nalorakk,13,1,1710.3,91020,0,312.0,2026-08-21,0,-1,1747.0,9.0,,
37453,61922,Shaman,Restoration,Totemic,Healer,US,Den of Nalorakk,13,1,1710.3,28571,0,308.0,2026-08-21,0,-1,1747.0,9.0,,
37453,73950,Rogue,Subtlety,Deathstalker,DPS,US,Den of Nalorakk,13,1,1710.3,165088,1,307.0,2026-08-21,0,-1,1747.0,9.0,,
37453,15804,Mage,Arcane,Sunfury,DPS,US,Den of Nalorakk,13,1,1710.3,186314,1,308.0,2026-08-21,0,-1,1747.0,9.0,,
37453,6987,Paladin,Retribution,Herald of the Sun,DPS,US,Den of Nalorakk,13,1,1710.3,203401,1,309.0,2026-08-21,0,-1,1747.0,9.0,,3245
224,170,Druid,Guardian,Elune's Chosen,Tank,US,Den of Nalorakk,11,1,1319.0,110748,0,292.0,2026-08-18,0,-1,1315.0,31.5,,2737
224,171,Priest,Discipline,Oracle,Healer,US,Den of Nalorakk,11,1,1319.0,16103,0,289.0,2026-08-18,0,-1,1315.0,31.5,,2801
224,172,Rogue,Subtlety,Deathstalker,DPS,US,Den of Nalorakk,11,1,1319.0,198048,0,294.0,2026-08-18,0,-1,1315.0,31.5,,2849
224,173,Shaman,Elemental,Farseer,DPS,US,Den of Nalorakk,11,1,1319.0,213008,0,292.0,2026-08-18,0,-1,1315.0,31.5,,2771
224,974,Warrior,Arms,Slayer,DPS,US,Den of Nalorakk,11,1,1319.0,195475,1,297.0,2026-08-18,0,-1,1315.0,31.5,,2702
80725,7975,DeathKnight,Blood,San'layn,Tank,US,Altar of Fangs,14,1,1632.5,166070,0,305.0,2026-08-21,0,-1,1624.0,9.8,,3168
80725,4285,Shaman,Restoration,Totemic,Healer,US,Altar of Fangs,14,1,1632.5,34131,0,307.0,2026-08-21,0,-1,1624.0,9.8,,
80725,15710,Warrior,Arms,Slayer,DPS,US,Altar of Fangs,14,1,1632.5,243323,0,310.0,2026-08-21,0,-1,1624.0,9.8,,
80725,10993,Paladin,Retribution,Templar,DPS,US,Altar of Fangs,14,1,1632.5,241557,0,301.0,2026-08-21,0,-1,1624.0,9.8,,
80725,7830,DeathKnight,Unholy,Rider of the Apocalypse,DPS,US,Altar of Fangs,14,1,1632.5,250342,0,308.0,2026-08-21,0,-1,1624.0,9.8,,3261
71122,68294,DeathKnight,Blood,San'layn,Tank,CN,Den of Nalorakk,15,1,1655.7,128758,0,313.0,2026-08-23,0,-1,1662.0,13.4,,
71122,68295,Paladin,Holy,Lightsmith,Healer,CN,Den of Nalorakk,15,1,1655.7,57877,0,311.0,2026-08-23,0,-1,1662.0,13.4,,
71122,79981,Mage,Arcane,Sunfury,DPS,CN,Den of Nalorakk,15,1,1655.7,228947,0,311.0,2026-08-23,0,-1,1662.0,13.4,,
71122,68296,Shaman,Elemental,Farseer,DPS,CN,Den of Nalorakk,15,1,1655.7,213556,0,311.0,2026-08-23,0,-1,1662.0,13.4,,
71122,68297,Warrior,Arms,Slayer,DPS,CN,Den of Nalorakk,15,1,1655.7,209792,1,313.0,2026-08-23,0,-1,1662.0,13.4,,
71317,73673,Monk,Brewmaster,Master of Harmony,Tank,EU,Ruby Life Pools,12,1,1178.0,134716,0,298.0,2026-08-21,0,-1,1200.0,28.6,,
71317,73674,Priest,Discipline,Voidweaver,Healer,EU,Ruby Life Pools,12,1,1178.0,54431,0,310.0,2026-08-21,0,-1,1200.0,28.6,,
71317,16730,Druid,Balance,Elune's Chosen,DPS,EU,Ruby Life Pools,12,1,1178.0,187136,2,296.0,2026-08-21,0,-1,1200.0,28.6,,
71317,73675,Warrior,Arms,Slayer,DPS,EU,Ruby Life Pools,12,1,1178.0,307342,0,307.0,2026-08-21,0,-1,1200.0,28.6,,
71317,130976,DeathKnight,Frost,Deathbringer,DPS,EU,Ruby Life Pools,12,1,1178.0,261766,0,298.0,2026-08-21,0,-1,1200.0,28.6,,
62726,134952,Paladin,Protection,Lightsmith,Tank,EU,Voidscar Arena,10,1,1050.3,101120,0,301.0,2026-08-23,0,-1,1042.0,42.1,,
62726,25621,Shaman,Restoration,Totemic,Healer,EU,Voidscar Arena,10,1,1050.3,34573,0,309.0,2026-08-23,0,-1,1042.0,42.1,,
62726,25622,DeathKnight,Unholy,Rider of the Apocalypse,DPS,EU,Voidscar Arena,10,1,1050.3,244725,0,304.0,2026-08-23,0,-1,1042.0,42.1,,
62726,134953,Priest,Shadow,Archon,DPS,EU,Voidscar Arena,10,1,1050.3,201229,0,309.0,2026-08-23,0,-1,1042.0,42.1,,
62726,25623,Warrior,Arms,Slayer,DPS,EU,Voidscar Arena,10,1,1050.3,191215,0,301.0,2026-08-23,0,-1,1042.0,42.1,,
53399,112632,Druid,Guardian,Elune's Chosen,Tank,EU,Murder Row,10,1,1069.8,113206,0,303.0,2026-08-22,0,-1,,,,
53399,14796,Priest,Discipline,Oracle,Healer,EU,Murder Row,10,1,1069.8,20041,0,300.0,2026-08-22,0,-1,,,,
53399,14797,Hunter,Marksmanship,Sentinel,DPS,EU,Murder Row,10,1,1069.8,220206,0,302.0,2026-08-22,0,-1,,,,
53399,112633,Mage,Arcane,Sunfury,DPS,EU,Murder Row,10,1,1069.8,272217,1,309.0,2026-08-22,0,-1,,,,
53399,15380,Mage,Arcane,Sunfury,DPS,EU,Murder Row,10,1,1069.8,291837,0,306.0,2026-08-22,0,-1,,,,
41508,4617,DeathKnight,Blood,San'layn,Tank,US,Den of Nalorakk,11,1,1420.3,76370,0,285.0,2026-08-20,0,-1,1422.0,25.9,,
41508,11074,Shaman,Restoration,Farseer,Healer,US,Den of Nalorakk,11,1,1420.3,21113,0,304.0,2026-08-20,0,-1,1422.0,25.9,,
41508,11075,Warrior,Arms,Slayer,DPS,US,Den of Nalorakk,11,1,1420.3,210423,1,303.0,2026-08-20,0,-1,1422.0,25.9,,
41508,21938,Druid,Balance,Elune's Chosen,DPS,US,Den of Nalorakk,11,1,1420.3,148240,0,300.0,2026-08-20,0,-1,1422.0,25.9,,
41508,39823,DemonHunter,Havoc,Fel-Scarred,DPS,US,Den of Nalorakk,11,1,1420.3,193430,1,308.0,2026-08-20,0,-1,1422.0,25.9,,
83516,58923,DeathKnight,Blood,Unknown,Tank,US,Temple of Sethraliss,2,1,1026.1,64128,0,297.0,2026-08-21,0,-1,1018.0,47.0,,
83516,147249,Priest,Holy,Unknown,Healer,US,Temple of Sethraliss,2,1,1026.1,16264,0,290.0,2026-08-21,0,-1,1018.0,47.0,,
83516,147457,Hunter,BeastMastery,Unknown,DPS,US,Temple of Sethraliss,2,1,1026.1,96832,1,291.0,2026-08-21,0,-1,1018.0,47.0,,
83516,58927,Hunter,BeastMastery,Unknown,DPS,US,Temple of Sethraliss,2,1,1026.1,123630,0,298.0,2026-08-21,0,-1,1018.0,47.0,,
83516,147458,Druid,Feral,Unknown,DPS,US,Temple of Sethraliss,2,1,1026.1,111743,0,290.0,2026-08-21,0,-1,1018.0,47.0,,
52029,3071,Druid,Guardian,Elune's Chosen,Tank,US,Voidscar Arena,10,1,1003.3,89310,0,308.0,2026-08-22,0,-1,,,,
52029,27,Evoker,Preservation,Flameshaper,Healer,US,Voidscar Arena,10,1,1003.3,62022,0,307.0,2026-08-22,0,-1,,,,2696
52029,3268,Warlock,Affliction,Soul Harvester,DPS,US,Voidscar Arena,10,1,1003.3,258914,0,307.0,2026-08-22,0,-1,,,,
52029,1243,Warrior,Arms,Slayer,DPS,US,Voidscar Arena,10,1,1003.3,245974,1,312.0,2026-08-22,0,-1,,,,2790
52029,1242,Mage,Arcane,Sunfury,DPS,US,Voidscar Arena,10,1,1003.3,240408,0,310.0,2026-08-22,0,-1,,,,2711
85788,151222,DeathKnight,Blood,San'layn,Tank,EU,Temple of Sethraliss,10,1,1080.8,135090,0,312.0,2026-08-23,0,-1,1073.0,44.1,4,
85788,22458,Paladin,Holy,Herald of the Sun,Healer,EU,Temple of Sethraliss,10,1,1080.8,33949,0,311.0,2026-08-23,0,-1,1073.0,44.1,0,
85788,151223,Evoker,Devastation,Scalecommander,DPS,EU,Temple of Sethraliss,10,1,1080.8,222146,0,307.0,2026-08-23,0,-1,1073.0,44.1,0,
85788,113917,Warlock,Demonology,Diabolist,DPS,EU,Temple of Sethraliss,10,1,1080.8,218945,0,306.0,2026-08-23,0,-1,1073.0,44.1,0,
85788,22459,Hunter,Marksmanship,Sentinel,DPS,EU,Temple of Sethraliss,10,1,1080.8,198452,0,309.0,2026-08-23,0,-1,1073.0,44.1,4,
28386,637,Druid,Guardian,Elune's Chosen,Tank,US,The Blinding Vale,10,1,1002.2,105984,0,303.0,2026-08-21,0,-1,999.0,44.5,,
28386,711,Shaman,Restoration,Totemic,Healer,US,The Blinding Vale,10,1,1002.2,57270,0,310.0,2026-08-21,0,-1,999.0,44.5,,2712
28386,5297,Mage,Arcane,Sunfury,DPS,US,The Blinding Vale,10,1,1002.2,247754,1,304.0,2026-08-21,0,-1,999.0,44.5,,
28386,1010,Mage,Arcane,Sunfury,DPS,US,The Blinding Vale,10,1,1002.2,242029,0,303.0,2026-08-21,0,-1,999.0,44.5,,
28386,712,Warlock,Demonology,Diabolist,DPS,US,The Blinding Vale,10,1,1002.2,272946,0,307.0,2026-08-21,0,-1,999.0,44.5,,2703
35860,42564,Monk,Brewmaster,Master of Harmony,Tank,US,Murder Row,13,1,1685.9,116627,1,302.0,2026-08-21,0,-1,1782.0,12.6,,
35860,47087,Shaman,Restoration,Farseer,Healer,US,Murder Row,13,1,1685.9,32176,1,297.0,2026-08-21,0,-1,1782.0,12.6,,
35860,9353,Druid,Feral,Druid of the Claw,DPS,US,Murder Row,13,1,1685.9,210143,3,305.0,2026-08-21,0,-1,1782.0,12.6,,
35860,77410,Warrior,Arms,Slayer,DPS,US,Murder Row,13,1,1685.9,201351,1,310.0,2026-08-21,0,-1,1782.0,12.6,,
35860,1241,Hunter,Marksmanship,Sentinel,DPS,US,Murder Row,13,1,1685.9,242337,1,303.0,2026-08-21,0,-1,1782.0,12.6,,
64530,104775,Monk,Brewmaster,Shado-Pan,Tank,EU,Temple of Sethraliss,12,1,1408.2,98196,0,310.0,2026-08-22,0,-1,1400.0,27.1,,
64530,104776,Paladin,Holy,Herald of the Sun,Healer,EU,Temple of Sethraliss,12,1,1408.2,24510,0,291.0,2026-08-22,0,-1,1400.0,27.1,,
64530,104777,Druid,Feral,Druid of the Claw,DPS,EU,Temple of Sethraliss,12,1,1408.2,248970,0,307.0,2026-08-22,0,-1,1400.0,27.1,,
64530,13860,Paladin,Retribution,Templar,DPS,EU,Temple of Sethraliss,12,1,1408.2,220843,0,303.0,2026-08-22,0,-1,1400.0,27.1,,
64530,104778,Warlock,Destruction,Diabolist,DPS,EU,Temple of Sethraliss,12,1,1408.2,210948,0,301.0,2026-08-22,0,-1,1400.0,27.1,,
51167,108672,Paladin,Protection,Templar,Tank,EU,The Blinding Vale,2,1,1050.0,67074,0,298.0,2026-08-22,0,-1,,,,
51167,108673,Shaman,Restoration,Totemic,Healer,EU,The Blinding Vale,2,1,1050.0,6377,0,290.0,2026-08-22,0,-1,,,,
51167,108674,Rogue,Assassination,Deathstalker,DPS,EU,The Blinding Vale,2,1,1050.0,162507,0,294.0,2026-08-22,0,-1,,,,
51167,108675,Hunter,BeastMastery,Pack Leader,DPS,EU,The Blinding Vale,2,1,1050.0,120630,0,297.0,2026-08-22,0,-1,,,,
51167,108676,DemonHunter,Devourer,Annihilator,DPS,EU,The Blinding Vale,2,1,1050.0,131968,1,291.0,2026-08-22,0,-1,,,,
13824,17002,Monk,Brewmaster,Master of Harmony,Tank,EU,Murder Row,4,1,996.6,73705,0,293.0,2026-08-19,0,-1,988.0,51.6,,
13824,17003,Evoker,Preservation,Flameshaper,Healer,EU,Murder Row,4,1,996.6,24717,0,292.0,2026-08-19,0,-1,988.0,51.6,,
13824,17006,Hunter,Marksmanship,Sentinel,DPS,EU,Murder Row,4,1,996.6,124479,1,293.0,2026-08-19,0,-1,988.0,51.6,,
13824,15332,Mage,Arcane,Sunfury,DPS,EU,Murder Row,4,1,996.6,121745,0,288.0,2026-08-19,0,-1,988.0,51.6,,
13824,17004,Rogue,Subtlety,Deathstalker,DPS,EU,Murder Row,4,1,996.6,139828,0,294.0,2026-08-19,0,-1,988.0,51.6,,
73986,23117,DeathKnight,Blood,San'layn,Tank,EU,Kings' Rest,15,1,1718.8,125129,0,310.0,2026-08-22,0,-1,1725.0,12.9,,
73986,45409,Shaman,Restoration,Totemic,Healer,EU,Kings' Rest,15,1,1718.8,22737,0,311.0,2026-08-22,0,-1,1725.0,12.9,,
73986,23119,Rogue,Assassination,Deathstalker,DPS,EU,Kings' Rest,15,1,1718.8,177150,0,305.0,2026-08-22,0,-1,1725.0,12.9,,
73986,23120,Warrior,Arms,Slayer,DPS,EU,Kings' Rest,15,1,1718.8,205137,1,309.0,2026-08-22,0,-1,1725.0,12.9,,
73986,73539,Hunter,Marksmanship,Sentinel,DPS,EU,Kings' Rest,15,1,1718.8,149384,0,308.0,2026-08-22,0,-1,1725.0,12.9,,
41058,35138,Druid,Guardian,Elune's Chosen,Tank,EU,Murder Row,7,1,1227.7,106200,0,305.0,2026-08-21,0,-1,1219.0,40.2,,
41058,87209,Shaman,Restoration,Totemic,Healer,EU,Murder Row,7,1,1227.7,19958,0,291.0,2026-08-21,0,-1,1219.0,40.2,,
41058,27962,DeathKnight,Unholy,Rider of the Apocalypse,DPS,EU,Murder Row,7,1,1227.7,183452,0,305.0,2026-08-21,0,-1,1219.0,40.2,,
41058,87210,DemonHunter,Devourer,Void-Scarred,DPS,EU,Murder Row,7,1,1227.7,134282,0,291.0,2026-08-21,0,-1,1219.0,40.2,,
41058,34279,Priest,Shadow,Archon,DPS,EU,Murder Row,7,1,1227.7,184491,0,299.0,2026-08-21,0,-1,1219.0,40.2,,
67238,138555,DeathKnight,Blood,San'layn,Tank,US,Kings' Rest,13,1,1662.2,90075,0,311.0,2026-08-23,0,-1,1684.0,14.9,,
67238,138556,Shaman,Restoration,Totemic,Healer,US,Kings' Rest,13,1,1662.2,21464,0,310.0,2026-08-23,0,-1,1684.0,14.9,,
67238,73672,Rogue,Subtlety,Deathstalker,DPS,US,Kings' Rest,13,1,1662.2,138643,1,303.0,2026-08-23,0,-1,1684.0,14.9,,
67238,138557,Shaman,Elemental,Farseer,DPS,US,Kings' Rest,13,1,1662.2,172942,0,309.0,2026-08-23,0,-1,1684.0,14.9,,
67238,137278,Mage,Arcane,Sunfury,DPS,US,Kings' Rest,13,1,1662.2,162986,1,310.0,2026-08-23,0,-1,1684.0,14.9,,
70274,140436,DeathKnight,Blood,San'layn,Tank,CN,Voidscar Arena,12,1,1337.0,112464,0,304.0,2026-08-22,0,-1,1373.0,23.7,,
70274,140437,Shaman,Restoration,Totemic,Healer,CN,Voidscar Arena,12,1,1337.0,16009,2,295.0,2026-08-22,0,-1,1373.0,23.7,,
70274,90030,Mage,Arcane,Sunfury,DPS,CN,Voidscar Arena,12,1,1337.0,202130,0,304.0,2026-08-22,0,-1,1373.0,23.7,,
70274,128426,DemonHunter,Devourer,Void-Scarred,DPS,CN,Voidscar Arena,12,1,1337.0,162925,0,304.0,2026-08-22,0,-1,1373.0,23.7,,
70274,140438,Warlock,Demonology,Diabolist,DPS,CN,Voidscar Arena,12,1,1337.0,215783,1,296.0,2026-08-22,0,-1,1373.0,23.7,,
159,725,DeathKnight,Blood,San'layn,Tank,US,Voidscar Arena,10,1,1440.6,94028,0,295.0,2026-08-18,0,-1,1452.0,19.3,,2620
159,726,Paladin,Holy,Herald of the Sun,Healer,US,Voidscar Arena,10,1,1440.6,15075,0,295.0,2026-08-18,0,-1,1452.0,19.3,,3318
159,727,Warlock,Affliction,Soul Harvester,DPS,US,Voidscar Arena,10,1,1440.6,152672,1,292.0,2026-08-18,0,-1,1452.0,19.3,,
159,728,DeathKnight,Frost,Rider of the Apocalypse,DPS,US,Voidscar Arena,10,1,1440.6,151792,2,298.0,2026-08-18,0,-1,1452.0,19.3,,2698
159,729,Warrior,Arms,Slayer,DPS,US,Voidscar Arena,10,1,1440.6,167249,1,296.0,2026-08-18,0,-1,1452.0,19.3,,2667
57964,12644,DeathKnight,Blood,San'layn,Tank,EU,Kings' Rest,11,1,1341.0,94106,0,312.0,2026-08-23,0,-1,1333.0,32.7,,
57964,62263,Shaman,Restoration,Totemic,Healer,EU,Kings' Rest,11,1,1341.0,24289,0,300.0,2026-08-23,0,-1,1333.0,32.7,,
57964,62986,Paladin,Retribution,Templar,DPS,EU,Kings' Rest,11,1,1341.0,169487,0,312.0,2026-08-23,0,-1,1333.0,32.7,,
57964,102721,DeathKnight,Unholy,Rider of the Apocalypse,DPS,EU,Kings' Rest,11,1,1341.0,148981,0,310.0,2026-08-23,0,-1,1333.0,32.7,,
57964,123578,Paladin,Retribution,Templar,DPS,EU,Kings' Rest,11,1,1341.0,150309,0,301.0,2026-08-23,0,-1,1333.0,32.7,,
56403,119869,DeathKnight,Blood,San'layn,Tank,US,Altar of Fangs,11,1,1224.1,157962,1,307.0,2026-08-23,0,-1,1256.0,30.2,,
56403,119870,Shaman,Restoration,Totemic,Healer,US,Altar of Fangs,11,1,1224.1,30139,3,296.0,2026-08-23,0,-1,1256.0,30.2,,
56403,4729,Warrior,Arms,Slayer,DPS,US,Altar of Fangs,11,1,1224.1,272187,1,308.0,2026-08-23,0,-1,1256.0,30.2,,
56403,10617,DemonHunter,Devourer,Void-Scarred,DPS,US,Altar of Fangs,11,1,1224.1,294177,1,312.0,2026-08-23,0,-1,1256.0,30.2,,
56403,2612,DeathKnight,Unholy,Rider of the Apocalypse,DPS,US,Altar of Fangs,11,1,1224.1,314701,2,309.0,2026-08-23,0,-1,1256.0,30.2,,
85178,24756,Paladin,Protection,Lightsmith,Tank,EU,Murder Row,15,1,1936.6,106483,0,310.0,2026-08-23,0,-1,1943.0,4.8,2,
85178,47330,Paladin,Holy,Herald of the Sun,Healer,EU,Murder Row,15,1,1936.6,15646,0,307.0,2026-08-23,0,-1,1943.0,4.8,2,
85178,26612,DeathKnight,Unholy,Rider of the Apocalypse,DPS,EU,Murder Row,15,1,1936.6,212742,0,308.0,2026-08-23,0,-1,1943.0,4.8,4,
85178,85351,Mage,Arcane,Sunfury,DPS,EU,Murder Row,15,1,1936.6,222781,1,307.0,2026-08-23,0,-1,1943.0,4.8,4,
85178,17564,Priest,Shadow,Voidweaver,DPS,EU,Murder Row,15,1,1936.6,229379,0,312.0,2026-08-23,0,-1,1943.0,4.8,4,
69880,140118,Paladin,Protection,Lightsmith,Tank,US,Voidscar Arena,11,1,1190.0,105208,0,303.0,2026-08-23,0,-1,1186.0,34.1,,
69880,140119,Monk,Mistweaver,Conduit of the Celestials,Healer,US,Voidscar Arena,11,1,1190.0,45129,0,304.0,2026-08-23,0,-1,1186.0,34.1,,
69880,8429,DemonHunter,Devourer,Void-Scarred,DPS,US,Voidscar Arena,11,1,1190.0,221790,0,311.0,2026-08-23,0,-1,1186.0,34.1,,
69880,1497,Warrior,Arms,Slayer,DPS,US,Voidscar Arena,11,1,1190.0,237847,0,303.0,2026-08-23,0,-1,1186.0,34.1,,2902
69880,140120,Shaman,Elemental,Farseer,DPS,US,Voidscar Arena,11,1,1190.0,155771,1,297.0,2026-08-23,0,-1,1186.0,34.1,,
1496,4208,DeathKnight,Blood,Deathbringer,Tank,US,The Blinding Vale,11,1,1578.0,127652,1,294.0,2026-08-18,0,-1,1614.0,10.3,,2939
1496,4006,Monk,Mistweaver,Conduit of the Celestials,Healer,US,The Blinding Vale,11,1,1578.0,47408,2,293.0,2026-08-18,0,-1,1614.0,10.3,,3002
1496,47,Evoker,Augmentation,Chronowarden,DPS,US,The Blinding Vale,11,1,1578.0,150364,1,293.0,2026-08-18,0,-1,1614.0,10.3,,2789
1496,4209,Paladin,Retribution,Templar,DPS,US,The Blinding Vale,11,1,1578.0,195575,3,290.0,2026-08-18,0,-1,1614.0,10.3,,
1496,4210,Shaman,Elemental,Stormbringer,DPS,US,The Blinding Vale,11,1,1578.0,186150,2,296.0,2026-08-18,0,-1,1614.0,10.3,,2738
9393,16143,DeathKnight,Blood,San'layn,Tank,EU,Altar of Fangs,11,1,1447.7,137638,0,297.0,2026-08-19,0,-1,1454.0,19.2,,3106
9393,16144,Evoker,Preservation,Flameshaper,Healer,EU,Altar of Fangs,11,1,1447.7,64768,1,291.0,2026-08-19,0,-1,1454.0,19.2,,3106
9393,16147,Rogue,Assassination,Deathstalker,DPS,EU,Altar of Fangs,11,1,1447.7,205046,1,294.0,2026-08-19,0,-1,1454.0,19.2,,3058
9393,18233,Shaman,Elemental,Farseer,DPS,EU,Altar of Fangs,11,1,1447.7,205640,0,290.0,2026-08-19,0,-1,1454.0,19.2,,
9393,18234,Mage,Arcane,Sunfury,DPS,EU,Altar of Fangs,11,1,1447.7,196095,1,287.0,2026-08-19,0,-1,1454.0,19.2,,
6303,13037,Druid,Guardian,Elune's Chosen,Tank,EU,Temple of Sethraliss,10,1,1281.5,91102,1,299.0,2026-08-19,0,-1,1283.0,33.2,,3006
6303,13038,Monk,Mistweaver,Conduit of the Celestials,Healer,EU,Temple of Sethraliss,10,1,1281.5,42643,0,296.0,2026-08-19,0,-1,1283.0,33.2,,2905
6303,13039,DemonHunter,Devourer,Annihilator,DPS,EU,Temple of Sethraliss,10,1,1281.5,217757,0,296.0,2026-08-19,0,-1,1283.0,33.2,,2952
6303,13040,Hunter,Marksmanship,Sentinel,DPS,EU,Temple of Sethraliss,10,1,1281.5,182290,0,297.0,2026-08-19,0,-1,1283.0,33.2,,2957
6303,13041,DemonHunter,Devourer,Void-Scarred,DPS,EU,Temple of Sethraliss,10,1,1281.5,214795,1,298.0,2026-08-19,0,-1,1283.0,33.2,,3305
51972,110410,Warrior,Protection,Mountain Thane,Tank,EU,Voidscar Arena,7,1,1060.2,114976,0,303.0,2026-08-22,0,-1,1052.0,41.6,,
51972,110411,Priest,Discipline,Oracle,Healer,EU,Voidscar Arena,7,1,1060.2,14643,0,309.0,2026-08-22,0,-1,1052.0,41.6,,
51972,110412,Priest,Shadow,Voidweaver,DPS,EU,Voidscar Arena,7,1,1060.2,145641,0,292.0,2026-08-22,0,-1,1052.0,41.6,,
51972,110413,DeathKnight,Unholy,San'layn,DPS,EU,Voidscar Arena,7,1,1060.2,161442,0,303.0,2026-08-22,0,-1,1052.0,41.6,,
51972,110414,Hunter,BeastMastery,Pack Leader,DPS,EU,Voidscar Arena,7,1,1060.2,176389,0,300.0,2026-08-22,0,-1,1052.0,41.6,,
34564,27228,Druid,Guardian,Elune's Chosen,Tank,EU,Ruby Life Pools,13,1,1495.6,93997,1,306.0,2026-08-21,0,-1,1592.0,5.3,,
34564,68201,Monk,Mistweaver,Conduit of the Celestials,Healer,EU,Ruby Life Pools,13,1,1495.6,51981,1,302.0,2026-08-21,0,-1,1592.0,5.3,,
34564,74837,Mage,Arcane,Sunfury,DPS,EU,Ruby Life Pools,13,1,1495.6,193438,2,304.0,2026-08-21,0,-1,1592.0,5.3,,
34564,74838,Evoker,Devastation,Scalecommander,DPS,EU,Ruby Life Pools,13,1,1495.6,224247,2,309.0,2026-08-21,0,-1,1592.0,5.3,,
34564,68203,Warlock,Destruction,Diabolist,DPS,EU,Ruby Life Pools,13,1,1495.6,251377,1,309.0,2026-08-21,0,-1,1592.0,5.3,,
9599,18761,Paladin,Protection,Lightsmith,Tank,EU,Kings' Rest,11,1,1478.7,76949,0,297.0,2026-08-19,0,-1,1470.0,25.7,,
9599,18762,Shaman,Restoration,Totemic,Healer,EU,Kings' Rest,11,1,1478.7,17273,0,293.0,2026-08-19,0,-1,1470.0,25.7,,
9599,14899,Warlock,Destruction,Diabolist,DPS,EU,Kings' Rest,11,1,1478.7,165310,0,294.0,2026-08-19,0,-1,1470.0,25.7,,
9599,14900,Priest,Shadow,Voidweaver,DPS,EU,Kings' Rest,11,1,1478.7,163793,0,296.0,2026-08-19,0,-1,1470.0,25.7,,2883
9599,18763,Mage,Arcane,Sunfury,DPS,EU,Kings' Rest,11,1,1478.7,134270,0,294.0,2026-08-19,0,-1,1470.0,25.7,,
26153,26802,DeathKnight,Blood,San'layn,Tank,EU,Ruby Life Pools,10,1,980.6,154078,0,305.0,2026-08-20,0,-1,987.0,41.2,,
26153,26803,Shaman,Restoration,Totemic,Healer,EU,Ruby Life Pools,10,1,980.6,25034,0,300.0,2026-08-20,0,-1,987.0,41.2,,
26153,26806,Warlock,Demonology,Diabolist,DPS,EU,Ruby Life Pools,10,1,980.6,227110,2,303.0,2026-08-20,0,-1,987.0,41.2,,
26153,26804,Shaman,Enhancement,Stormbringer,DPS,EU,Ruby Life Pools,10,1,980.6,258395,1,311.0,2026-08-20,0,-1,987.0,41.2,,
26153,26805,Mage,Arcane,Sunfury,DPS,EU,Ruby Life Pools,10,1,980.6,279240,0,310.0,2026-08-20,0,-1,987.0,41.2,,
15066,31488,Warrior,Protection,Mountain Thane,Tank,US,Voidscar Arena,7,1,1135.9,94913,0,291.0,2026-08-19,0,-1,1132.0,37.1,,
15066,31489,Shaman,Restoration,Totemic,Healer,US,Voidscar Arena,7,1,1135.9,22228,0,292.0,2026-08-19,0,-1,1132.0,37.1,,
15066,31490,DeathKnight,Unholy,Rider of the Apocalypse,DPS,US,Voidscar Arena,7,1,1135.9,176092,0,294.0,2026-08-19,0,-1,1132.0,37.1,,
15066,27511,Warlock,Destruction,Diabolist,DPS,US,Voidscar Arena,7,1,1135.9,169223,1,295.0,2026-08-19,0,-1,1132.0,37.1,,
15066,31491,Paladin,Retribution,Templar,DPS,US,Voidscar Arena,7,1,1135.9,170209,0,290.0,2026-08-19,0,-1,1132.0,37.1,,
44630,69188,DeathKnight,Blood,San'layn,Tank,EU,Kings' Rest,2,1,1014.9,66710,0,302.0,2026-08-22,0,-1,,,,
44630,93959,Shaman,Restoration,Totemic,Healer,EU,Kings' Rest,2,1,1014.9,27597,0,299.0,2026-08-22,0,-1,,,,
44630,93960,Rogue,Outlaw,Trickster,DPS,EU,Kings' Rest,2,1,1014.9,72815,0,288.0,2026-08-22,0,-1,,,,
44630,93961,DeathKnight,Unholy,San'layn,DPS,EU,Kings' Rest,2,1,1014.9,57525,0,272.0,2026-08-22,0,-1,,,,
44630,93962,Warlock,Demonology,Diabolist,DPS,EU,Kings' Rest,2,1,1014.9,108122,0,289.0,2026-08-22,0,-1,,,,
65913,4481,DeathKnight,Blood,San'layn,Tank,US,Kings' Rest,13,1,1627.3,117117,0,305.0,2026-08-21,0,-1,1649.0,16.7,,3125
65913,208,Druid,Restoration,Wildstalker,Healer,US,Kings' Rest,13,1,1627.3,5201,0,299.0,2026-08-21,0,-1,1649.0,16.7,,3078
65913,16978,Monk,Windwalker,Shado-Pan,DPS,US,Kings' Rest,13,1,1627.3,131019,0,299.0,2026-08-21,0,-1,1649.0,16.7,,
65913,15760,Warrior,Arms,Slayer,DPS,US,Kings' Rest,13,1,1627.3,163886,2,303.0,2026-08-21,0,-1,1649.0,16.7,,
65913,15759,Shaman,Elemental,Farseer,DPS,US,Kings' Rest,13,1,1627.3,181692,0,307.0,2026-08-21,0,-1,1649.0,16.7,,
79414,42169,DeathKnight,Blood,San'layn,Tank,US,Murder Row,15,0,2083.6,134088,0,305.0,2026-08-23,0,-1,2106.0,-3.2,,
79414,3799,Paladin,Holy,Herald of the Sun,Healer,US,Murder Row,15,0,2083.6,12840,2,303.0,2026-08-23,0,-1,2106.0,-3.2,,
79414,17024,Warrior,Arms,Slayer,DPS,US,Murder Row,15,0,2083.6,215398,0,312.0,2026-08-23,0,-1,2106.0,-3.2,,
79414,62883,Shaman,Elemental,Farseer,DPS,US,Murder Row,15,0,2083.6,193680,1,306.0,2026-08-23,0,-1,2106.0,-3.2,,
79414,37895,Priest,Shadow,Voidweaver,DPS,US,Murder Row,15,0,2083.6,197650,0,311.0,2026-08-23,0,-1,2106.0,-3.2,,
80659,43107,DeathKnight,Blood,San'layn,Tank,EU,Temple of Sethraliss,13,1,1541.1,137807,0,309.0,2026-08-23,0,-1,1548.0,19.4,,
80659,80989,Shaman,Restoration,Totemic,Healer,EU,Temple of Sethraliss,13,1,1541.1,31858,0,308.0,2026-08-23,0,-1,1548.0,19.4,,
80659,48742,DemonHunter,Havoc,Fel-Scarred,DPS,EU,Temple of Sethraliss,13,1,1541.1,228560,0,300.0,2026-08-23,0,-1,1548.0,19.4,,
80659,83726,Hunter,Marksmanship,Sentinel,DPS,EU,Temple of Sethraliss,13,1,1541.1,199296,0,310.0,2026-08-23,0,-1,1548.0,19.4,,
80659,48741,Warrior,Arms,Slayer,DPS,EU,Temple of Sethraliss,13,1,1541.1,207981,1,300.0,2026-08-23,0,-1,1548.0,19.4,,
25317,56247,DeathKnight,Blood,San'layn,Tank,US,Kings' Rest,13,1,1659.6,87772,0,304.0,2026-08-21,0,-1,1741.0,12.1,,
25317,56248,Paladin,Holy,Herald of the Sun,Healer,US,Kings' Rest,13,1,1659.6,26544,2,302.0,2026-08-21,0,-1,1741.0,12.1,,
25317,7949,Shaman,Elemental,Farseer,DPS,US,Kings' Rest,13,1,1659.6,177526,1,309.0,2026-08-21,0,-1,1741.0,12.1,,
25317,7947,Warlock,Destruction,Diabolist,DPS,US,Kings' Rest,13,1,1659.6,150484,2,308.0,2026-08-21,0,-1,1741.0,12.1,,
25317,1288,Druid,Balance,Elune's Chosen,DPS,US,Kings' Rest,13,1,1659.6,156651,1,307.0,2026-08-21,0,-1,1741.0,12.1,,
52827,112280,Warrior,Protection,Mountain Thane,Tank,EU,Murder Row,5,1,1203.3,90350,0,294.0,2026-08-22,0,-1,,,,
52827,112281,Paladin,Holy,Herald of the Sun,Healer,EU,Murder Row,5,1,1203.3,15646,0,296.0,2026-08-22,0,-1,,,,
52827,112282,Warlock,Affliction,Soul Harvester,DPS,EU,Murder Row,5,1,1203.3,83677,0,292.0,2026-08-22,0,-1,,,,
52827,106078,Warrior,Fury,Mountain Thane,DPS,EU,Murder Row,5,1,1203.3,124444,0,297.0,2026-08-22,0,-1,,,,
52827,112283,Mage,Frost,Spellslinger,DPS,EU,Murder Row,5,1,1203.3,127989,0,293.0,2026-08-22,0,-1,,,,
68400,25463,Paladin,Protection,Lightsmith,Tank,EU,Temple of Sethraliss,12,1,1441.7,101257,0,292.0,2026-08-23,0,-1,,,,
68400,25467,Druid,Restoration,Wildstalker,Healer,EU,Temple of Sethraliss,12,1,1441.7,17654,0,298.0,2026-08-23,0,-1,,,,
68400,25466,Paladin,Retribution,Templar,DPS,EU,Temple of Sethraliss,12,1,1441.7,195646,3,297.0,2026-08-23,0,-1,,,,
68400,18599,DemonHunter,Devourer,Annihilator,DPS,EU,Temple of Sethraliss,12,1,1441.7,271227,0,309.0,2026-08-23,0,-1,,,,
68400,25465,Mage,Arcane,Sunfury,DPS,EU,Temple of Sethraliss,12,1,1441.7,202973,0,309.0,2026-08-23,0,-1,,,,
73361,6692,DeathKnight,Blood,San'layn,Tank,US,Ruby Life Pools,15,1,1560.6,105657,0,309.0,2026-08-23,0,-1,1597.0,4.9,,
73361,2865,Priest,Discipline,Oracle,Healer,US,Ruby Life Pools,15,1,1560.6,16965,2,304.0,2026-08-23,0,-1,1597.0,4.9,,3055
73361,37399,Shaman,Elemental,Farseer,DPS,US,Ruby Life Pools,15,1,1560.6,239820,0,312.0,2026-08-23,0,-1,1597.0,4.9,,
73361,10939,Paladin,Retribution,Templar,DPS,US,Ruby Life Pools,15,1,1560.6,204249,0,310.0,2026-08-23,0,-1,1597.0,4.9,,
73361,2867,Mage,Arcane,Sunfury,DPS,US,Ruby Life Pools,15,1,1560.6,252948,1,312.0,2026-08-23,0,-1,1597.0,4.9,,3055
27851,12962,Paladin,Protection,Lightsmith,Tank,EU,Temple of Sethraliss,14,1,1824.1,104370,0,311.0,2026-08-21,0,-1,1860.0,3.1,,
27851,12963,Paladin,Holy,Herald of the Sun,Healer,EU,Temple of Sethraliss,14,1,1824.1,4429,0,307.0,2026-08-21,0,-1,1860.0,3.1,,
27851,12964,Rogue,Assassination,Deathstalker,DPS,EU,Temple of Sethraliss,14,1,1824.1,211626,2,306.0,2026-08-21,0,-1,1860.0,3.1,,
27851,12966,DemonHunter,Devourer,Void-Scarred,DPS,EU,Temple of Sethraliss,14,1,1824.1,209498,0,307.0,2026-08-21,0,-1,1860.0,3.1,,
27851,12965,Warrior,Arms,Slayer,DPS,EU,Temple of Sethraliss,14,1,1824.1,227152,1,311.0,2026-08-21,0,-1,1860.0,3.1,,
59315,112369,Paladin,Protection,Lightsmith,Tank,EU,Voidscar Arena,8,1,1085.9,94242,0,305.0,2026-08-23,0,-1,1077.0,40.2,,
59315,112372,Shaman,Restoration,Totemic,Healer,EU,Voidscar Arena,8,1,1085.9,29434,0,305.0,2026-08-23,0,-1,1077.0,40.2,,
59315,126886,Druid,Balance,Elune's Chosen,DPS,EU,Voidscar Arena,8,1,1085.9,156378,0,290.0,2026-08-23,0,-1,1077.0,40.2,,
59315,126887,DemonHunter,Havoc,Fel-Scarred,DPS,EU,Voidscar Arena,8,1,1085.9,147694,0,297.0,2026-08-23,0,-1,1077.0,40.2,,
59315,126888,Mage,Arcane,Sunfury,DPS,EU,Voidscar Arena,8,1,1085.9,193472,0,303.0,2026-08-23,0,-1,1077.0,40.2,,
21427,47712,Paladin,Protection,Templar,Tank,US,Kings' Rest,6,1,1069.5,40006,0,270.0,2026-08-20,0,-1,1060.0,46.4,,
21427,47713,Priest,Holy,Oracle,Healer,US,Kings' Rest,6,1,1069.5,23181,0,298.0,2026-08-20,0,-1,1060.0,46.4,,
21427,23741,DemonHunter,Devourer,Void-Scarred,DPS,US,Kings' Rest,6,1,1069.5,141927,0,301.0,2026-08-20,0,-1,1060.0,46.4,,
21427,47714,Hunter,Survival,Sentinel,DPS,US,Kings' Rest,6,1,1069.5,125194,0,301.0,2026-08-20,0,-1,1060.0,46.4,,
21427,47715,DemonHunter,Devourer,Annihilator,DPS,US,Kings' Rest,6,1,1069.5,95722,0,287.0,2026-08-20,0,-1,1060.0,46.4,,
19688,43437,DeathKnight,Blood,San'layn,Tank,EU,Voidscar Arena,4,1,914.6,79563,0,294.0,2026-08-19,0,-1,906.0,49.7,,
19688,43438,Priest,Holy,Oracle,Healer,EU,Voidscar Arena,4,1,914.6,30909,0,292.0,2026-08-19,0,-1,906.0,49.7,,
19688,43439,Mage,Arcane,Sunfury,DPS,EU,Voidscar Arena,4,1,914.6,103227,1,287.0,2026-08-19,0,-1,906.0,49.7,,
19688,43440,Shaman,Elemental,Farseer,DPS,EU,Voidscar Arena,4,1,914.6,133268,0,290.0,2026-08-19,0,-1,906.0,49.7,,
19688,43441,Druid,Balance,Elune's Chosen,DPS,EU,Voidscar Arena,4,1,914.6,122758,0,292.0,2026-08-19,0,-1,906.0,49.7,,
84426,136560,Monk,Brewmaster,Shado-Pan,Tank,EU,The Blinding Vale,13,1,1490.0,103611,0,299.0,2026-08-23,0,-1,1526.0,15.2,2,
84426,149022,Shaman,Restoration,Totemic,Healer,EU,The Blinding Vale,13,1,1490.0,25477,1,303.0,2026-08-23,0,-1,1526.0,15.2,2,
84426,21231,Hunter,BeastMastery,Pack Leader,DPS,EU,The Blinding Vale,13,1,1490.0,245971,0,307.0,2026-08-23,0,-1,1526.0,15.2,2,
84426,149023,Rogue,Outlaw,Trickster,DPS,EU,The Blinding Vale,13,1,1490.0,211320,2,306.0,2026-08-23,0,-1,1526.0,15.2,4,
84426,23743,Paladin,Retribution,Templar,DPS,EU,The Blinding Vale,13,1,1490.0,252926,0,303.0,2026-08-23,0,-1,1526.0,15.2,2,
35273,76240,DeathKnight,Blood,San'layn,Tank,US,Temple of Sethraliss,11,1,1317.3,88906,0,291.0,2026-08-20,0,-1,1314.0,31.6,,
35273,20134,Paladin,Holy,Lightsmith,Healer,US,Temple of Sethraliss,11,1,1317.3,25007,1,298.0,2026-08-20,0,-1,1314.0,31.6,,
35273,39474,DemonHunter,Devourer,Void-Scarred,DPS,US,Temple of Sethraliss,11,1,1317.3,211618,0,302.0,2026-08-20,0,-1,1314.0,31.6,,
35273,59068,DeathKnight,Unholy,Rider of the Apocalypse,DPS,US,Temple of Sethraliss,11,1,1317.3,241760,0,305.0,2026-08-20,0,-1,1314.0,31.6,,
35273,18140,Mage,Arcane,Sunfury,DPS,US,Temple of Sethraliss,11,1,1317.3,180624,0,301.0,2026-08-20,0,-1,1314.0,31.6,,
64409,5013,DeathKnight,Blood,San'layn,Tank,US,Murder Row,12,1,1451.7,176844,0,306.0,2026-08-22,0,-1,1443.0,29.3,,
64409,137068,Paladin,Holy,Herald of the Sun,Healer,US,Murder Row,12,1,1451.7,16629,0,301.0,2026-08-22,0,-1,1443.0,29.3,,
64409,137069,Shaman,Enhancement,Stormbringer,DPS,US,Murder Row,12,1,1451.7,166009,0,304.0,2026-08-22,0,-1,1443.0,29.3,,
64409,5015,Mage,Arcane,Sunfury,DPS,US,Murder Row,12,1,1451.7,227880,0,307.0,2026-08-22,0,-1,1443.0,29.3,,
64409,53677,DemonHunter,Devourer,Annihilator,DPS,US,Murder Row,12,1,1451.7,229550,0,308.0,2026-08-22,0,-1,1443.0,29.3,,
68304,61566,DeathKnight,Blood,San'layn,Tank,CN,Den of Nalorakk,12,1,1462.2,125912,0,309.0,2026-08-22,0,-1,1484.0,22.7,,
68304,139035,Shaman,Restoration,Totemic,Healer,CN,Den of Nalorakk,12,1,1462.2,19010,1,294.0,2026-08-22,0,-1,1484.0,22.7,,
68304,139036,DemonHunter,Devourer,Annihilator,DPS,CN,Den of Nalorakk,12,1,1462.2,171630,0,304.0,2026-08-22,0,-1,1484.0,22.7,,
68304,61569,Warrior,Arms,Slayer,DPS,CN,Den of Nalorakk,12,1,1462.2,197428,0,305.0,2026-08-22,0,-1,1484.0,22.7,,
68304,136939,Shaman,Elemental,Farseer,DPS,CN,Den of Nalorakk,12,1,1462.2,181244,1,302.0,2026-08-22,0,-1,1484.0,22.7,,
35241,76172,Paladin,Protection,Templar,Tank,EU,Kings' Rest,7,1,1105.2,64699,0,291.0,2026-08-21,0,-1,1112.0,43.8,,
35241,76173,Shaman,Restoration,Totemic,Healer,EU,Kings' Rest,7,1,1105.2,21559,1,284.0,2026-08-21,0,-1,1112.0,43.8,,
35241,76174,Hunter,BeastMastery,Pack Leader,DPS,EU,Kings' Rest,7,1,1105.2,116710,1,295.0,2026-08-21,0,-1,1112.0,43.8,,
35241,19558,Shaman,Elemental,Farseer,DPS,EU,Kings' Rest,7,1,1105.2,157614,0,305.0,2026-08-21,0,-1,1112.0,43.8,,
35241,64821,Warrior,Arms,Slayer,DPS,EU,Kings' Rest,7,1,1105.2,146285,1,307.0,2026-08-21,0,-1,1112.0,43.8,,
26094,20841,DeathKnight,Blood,San'layn,Tank,EU,Temple of Sethraliss,10,1,1094.1,99980,0,309.0,2026-08-21,0,-1,1086.0,43.4,,
26094,38638,Druid,Restoration,Wildstalker,Healer,EU,Temple of Sethraliss,10,1,1094.1,15669,0,298.0,2026-08-21,0,-1,1086.0,43.4,,
26094,38641,Priest,Shadow,Voidweaver,DPS,EU,Temple of Sethraliss,10,1,1094.1,224961,0,303.0,2026-08-21,0,-1,1086.0,43.4,,
26094,37479,Warlock,Destruction,Hellcaller,DPS,EU,Temple of Sethraliss,10,1,1094.1,221427,0,303.0,2026-08-21,0,-1,1086.0,43.4,,
26094,38639,Mage,Arcane,Sunfury,DPS,EU,Temple of Sethraliss,10,1,1094.1,248779,0,300.0,2026-08-21,0,-1,1086.0,43.4,,
18571,38147,DeathKnight,Blood,Deathbringer,Tank,CN,Kings' Rest,12,1,1634.7,86447,0,293.0,2026-08-20,0,-1,1671.0,15.6,,
18571,41117,Priest,Discipline,Oracle,Healer,CN,Kings' Rest,12,1,1634.7,16010,1,293.0,2026-08-20,0,-1,1671.0,15.6,,
18571,41118,Druid,Balance,Elune's Chosen,DPS,CN,Kings' Rest,12,1,1634.7,145465,1,294.0,2026-08-20,0,-1,1671.0,15.6,,
18571,41119,Shaman,Elemental,Farseer,DPS,CN,Kings' Rest,12,1,1634.7,160286,0,293.0,2026-08-20,0,-1,1671.0,15.6,,
18571,38150,Mage,Arcane,Sunfury,DPS,CN,Kings' Rest,12,1,1634.7,156262,1,295.0,2026-08-20,0,-1,1671.0,15.6,,
7297,13708,Paladin,Protection,Templar,Tank,EU,Den of Nalorakk,10,1,1139.9,108872,0,301.0,2026-08-19,0,-1,1131.0,41.1,,2718
7297,12791,Druid,Restoration,Wildstalker,Healer,EU,Den of Nalorakk,10,1,1139.9,27761,0,297.0,2026-08-19,0,-1,1131.0,41.1,,2716
7297,12792,Druid,Feral,Druid of the Claw,DPS,EU,Den of Nalorakk,10,1,1139.9,203108,0,293.0,2026-08-19,0,-1,1131.0,41.1,,2720
7297,13023,Hunter,Marksmanship,Sentinel,DPS,EU,Den of Nalorakk,10,1,1139.9,181630,0,296.0,2026-08-19,0,-1,1131.0,41.1,,2720
7297,12793,Warrior,Arms,Slayer,DPS,EU,Den of Nalorakk,10,1,1139.9,210392,0,298.0,2026-08-19,0,-1,1131.0,41.1,,2720
28651,62397,Warrior,Protection,Mountain Thane,Tank,US,Temple of Sethraliss,2,1,1157.6,52011,0,288.0,2026-08-22,0,-1,1149.0,40.2,,
28651,62398,Paladin,Holy,Herald of the Sun,Healer,US,Temple of Sethraliss,2,1,1157.6,15579,0,306.0,2026-08-22,0,-1,1149.0,40.2,,
28651,62399,Shaman,Elemental,Farseer,DPS,US,Temple of Sethraliss,2,1,1157.6,73990,0,299.0,2026-08-22,0,-1,1149.0,40.2,,
28651,62400,Paladin,Retribution,Templar,DPS,US,Temple of Sethraliss,2,1,1157.6,91521,0,297.0,2026-08-22,0,-1,1149.0,40.2,,
28651,62401,Hunter,BeastMastery,Pack Leader,DPS,US,Temple of Sethraliss,2,1,1157.6,105852,0,292.0,2026-08-22,0,-1,1149.0,40.2,,
63433,119672,Warrior,Protection,Mountain Thane,Tank,US,Den of Nalorakk,3,1,1169.7,63934,0,297.0,2026-08-23,0,-1,1161.0,39.5,,
63433,136318,Evoker,Preservation,Flameshaper,Healer,US,Den of Nalorakk,3,1,1169.7,14171,0,283.0,2026-08-23,0,-1,1161.0,39.5,,
63433,37231,Paladin,Retribution,Templar,DPS,US,Den of Nalorakk,3,1,1169.7,91334,0,294.0,2026-08-23,0,-1,1161.0,39.5,,
63433,136319,Druid,Balance,Elune's Chosen,DPS,US,Den of Nalorakk,3,1,1169.7,58329,0,289.0,2026-08-23,0,-1,1161.0,39.5,,
63433,99872,Rogue,Assassination,Deathstalker,DPS,US,Den of Nalorakk,3,1,1169.7,93075,0,286.0,2026-08-23,0,-1,1161.0,39.5,,
60185,60197,Monk,Brewmaster,Master of Harmony,Tank,EU,Voidscar Arena,10,1,1008.9,119245,1,312.0,2026-08-23,0,-1,1040.0,42.2,,
60185,128857,Shaman,Restoration,Totemic,Healer,EU,Voidscar Arena,10,1,1008.9,21195,3,287.0,2026-08-23,0,-1,1040.0,42.2,,
60185,60200,Rogue,Subtlety,Deathstalker,DPS,EU,Voidscar Arena,10,1,1008.9,236043,2,311.0,2026-08-23,0,-1,1040.0,42.2,,
60185,60685,DeathKnight,Unholy,Rider of the Apocalypse,DPS,EU,Voidscar Arena,10,1,1008.9,228566,1,301.0,2026-08-23,0,-1,1040.0,42.2,,
60185,60201,DemonHunter,Devourer,Annihilator,DPS,EU,Voidscar Arena,10,1,1008.9,269489,1,310.0,2026-08-23,0,-1,1040.0,42.2,,
28664,13804,Warrior,Protection,Mountain Thane,Tank,US,Kings' Rest,10,1,1211.1,100856,0,299.0,2026-08-20,0,-1,1208.0,39.0,,
28664,13803,Monk,Mistweaver,Conduit of the Celestials,Healer,US,Kings' Rest,10,1,1211.1,41084,0,300.0,2026-08-20,0,-1,1208.0,39.0,,
28664,62411,Hunter,Marksmanship,Sentinel,DPS,US,Kings' Rest,10,1,1211.1,153232,0,301.0,2026-08-20,0,-1,1208.0,39.0,,
28664,54733,Evoker,Devastation,Scalecommander,DPS,US,Kings' Rest,10,1,1211.1,153996,0,296.0,2026-08-20,0,-1,1208.0,39.0,,
28664,54731,Mage,Arcane,Sunfury,DPS,US,Kings' Rest,10,1,1211.1,176723,1,306.0,2026-08-20,0,-1,1208.0,39.0,,
18505,3958,Druid,Guardian,Elune's Chosen,Tank,US,Altar of Fangs,7,1,1108.8,111829,0,302.0,2026-08-20,0,-1,1110.0,38.3,,
18505,40968,Paladin,Holy,Herald of the Sun,Healer,US,Altar of Fangs,7,1,1108.8,14330,1,282.0,2026-08-20,0,-1,1110.0,38.3,,
18505,3961,DemonHunter,Devourer,Void-Scarred,DPS,US,Altar of Fangs,7,1,1108.8,168445,0,293.0,2026-08-20,0,-1,1110.0,38.3,,
18505,3960,Warrior,Arms,Slayer,DPS,US,Altar of Fangs,7,1,1108.8,227808,0,301.0,2026-08-20,0,-1,1110.0,38.3,,
18505,3962,Shaman,Elemental,Farseer,DPS,US,Altar of Fangs,7,1,1108.8,208766,1,294.0,2026-08-20,0,-1,1110.0,38.3,,
78291,57371,DeathKnight,Blood,San'layn,Tank,CN,Altar of Fangs,14,1,1520.1,162750,0,309.0,2026-08-23,0,-1,1542.0,14.3,,
78291,144849,Shaman,Restoration,Totemic,Healer,CN,Altar of Fangs,14,1,1520.1,21755,1,309.0,2026-08-23,0,-1,1542.0,14.3,,
78291,144850,Warrior,Arms,Slayer,DPS,CN,Altar of Fangs,14,1,1520.1,267508,0,313.0,2026-08-23,0,-1,1542.0,14.3,,
78291,144851,Paladin,Retribution,Herald of the Sun,DPS,CN,Altar of Fangs,14,1,1520.1,300123,1,310.0,2026-08-23,0,-1,1542.0,14.3,,
78291,144852,Warrior,Arms,Slayer,DPS,CN,Altar of Fangs,14,1,1520.1,277198,0,313.0,2026-08-23,0,-1,1542.0,14.3,,
42535,3707,DeathKnight,Blood,Deathbringer,Tank,US,Temple of Sethraliss,11,1,1330.0,101273,0,305.0,2026-08-21,0,-1,1332.0,30.7,,
42535,89681,Paladin,Holy,Herald of the Sun,Healer,US,Temple of Sethraliss,11,1,1330.0,5494,0,298.0,2026-08-21,0,-1,1332.0,30.7,,
42535,10632,Rogue,Assassination,Deathstalker,DPS,US,Temple of Sethraliss,11,1,1330.0,216060,0,305.0,2026-08-21,0,-1,1332.0,30.7,,
42535,87735,Monk,Windwalker,Shado-Pan,DPS,US,Temple of Sethraliss,11,1,1330.0,164153,2,302.0,2026-08-21,0,-1,1332.0,30.7,,
42535,3218,Mage,Arcane,Sunfury,DPS,US,Temple of Sethraliss,11,1,1330.0,231158,0,306.0,2026-08-21,0,-1,1332.0,30.7,,2725
376,1508,Paladin,Protection,Templar,Tank,US,Kings' Rest,11,1,1916.1,60966,2,284.0,2026-08-18,0,-1,1933.0,2.4,,
376,1509,Paladin,Holy,Herald of the Sun,Healer,US,Kings' Rest,11,1,1916.1,14643,0,293.0,2026-08-18,0,-1,1933.0,2.4,,3075
376,1510,Evoker,Augmentation,Scalecommander,DPS,US,Kings' Rest,11,1,1916.1,112396,0,293.0,2026-08-18,0,-1,1933.0,2.4,,
376,1511,DemonHunter,Devourer,Void-Scarred,DPS,US,Kings' Rest,11,1,1916.1,113255,2,291.0,2026-08-18,0,-1,1933.0,2.4,,
376,1512,Mage,Arcane,Sunfury,DPS,US,Kings' Rest,11,1,1916.1,127025,1,292.0,2026-08-18,0,-1,1933.0,2.4,,
56665,62205,DeathKnight,Blood,San'layn,Tank,US,Kings' Rest,10,1,1135.6,99666,0,303.0,2026-08-23,0,-1,1137.0,42.6,,
56665,65051,Evoker,Preservation,Flameshaper,Healer,US,Kings' Rest,10,1,1135.6,39110,0,306.0,2026-08-23,0,-1,1137.0,42.6,,
56665,7091,Warlock,Demonology,Diabolist,DPS,US,Kings' Rest,10,1,1135.6,142164,1,303.0,2026-08-23,0,-1,1137.0,42.6,,2917
56665,7073,Rogue,Subtlety,Deathstalker,DPS,US,Kings' Rest,10,1,1135.6,198133,0,311.0,2026-08-23,0,-1,1137.0,42.6,,2808
56665,119212,Hunter,Marksmanship,Sentinel,DPS,US,Kings' Rest,10,1,1135.6,151963,1,310.0,2026-08-23,0,-1,1137.0,42.6,,
54735,29253,DeathKnight,Blood,San'layn,Tank,EU,Ruby Life Pools,10,1,909.8,202284,0,313.0,2026-08-22,0,-1,922.0,45.1,,
54735,116096,Paladin,Holy,Herald of the Sun,Healer,EU,Ruby Life Pools,10,1,909.8,18624,3,279.0,2026-08-22,0,-1,922.0,45.1,,
54735,55929,DemonHunter,Havoc,Fel-Scarred,DPS,EU,Ruby Life Pools,10,1,909.8,217392,0,307.0,2026-08-22,0,-1,922.0,45.1,,
54735,116097,Hunter,BeastMastery,Pack Leader,DPS,EU,Ruby Life Pools,10,1,909.8,231477,1,300.0,2026-08-22,0,-1,922.0,45.1,,
54735,15455,DeathKnight,Unholy,San'layn,DPS,EU,Ruby Life Pools,10,1,909.8,303728,0,310.0,2026-08-22,0,-1,922.0,45.1,,3125
78982,10803,DeathKnight,Blood,San'layn,Tank,US,Altar of Fangs,14,1,1568.7,155528,0,309.0,2026-08-22,0,-1,1590.0,11.7,,
78982,726,Paladin,Holy,Herald of the Sun,Healer,US,Altar of Fangs,14,1,1568.7,25191,0,310.0,2026-08-22,0,-1,1590.0,11.7,,3318
78982,2335,Mage,Arcane,Sunfury,DPS,US,Altar of Fangs,14,1,1568.7,306469,0,308.0,2026-08-22,0,-1,1590.0,11.7,,3459
78982,10806,Warrior,Arms,Slayer,DPS,US,Altar of Fangs,14,1,1568.7,242678,1,307.0,2026-08-22,0,-1,1590.0,11.7,,
78982,21083,Shaman,Enhancement,Stormbringer,DPS,US,Altar of Fangs,14,1,1568.7,268583,1,304.0,2026-08-22,0,-1,1590.0,11.7,,
60306,57925,Paladin,Protection,Lightsmith,Tank,EU,Ruby Life Pools,8,1,966.1,114699,0,309.0,2026-08-23,0,-1,978.0,41.8,,
60306,57926,Shaman,Restoration,Totemic,Healer,EU,Ruby Life Pools,8,1,966.1,14140,1,286.0,2026-08-23,0,-1,978.0,41.8,,
60306,128861,Paladin,Retribution,Herald of the Sun,DPS,EU,Ruby Life Pools,8,1,966.1,244151,0,295.0,2026-08-23,0,-1,978.0,41.8,,
60306,104367,Warlock,Demonology,Diabolist,DPS,EU,Ruby Life Pools,8,1,966.1,186893,1,296.0,2026-08-23,0,-1,978.0,41.8,,
60306,129156,Warrior,Arms,Slayer,DPS,EU,Ruby Life Pools,8,1,966.1,133873,2,288.0,2026-08-23,0,-1,978.0,41.8,,
69210,19529,Paladin,Protection,Lightsmith,Tank,EU,Kings' Rest,14,1,1719.5,80604,0,306.0,2026-08-22,0,-1,1771.0,10.6,,
69210,22357,Monk,Mistweaver,Conduit of the Celestials,Healer,EU,Kings' Rest,14,1,1719.5,43168,1,308.0,2026-08-22,0,-1,1771.0,10.6,,
69210,22358,Druid,Balance,Elune's Chosen,DPS,EU,Kings' Rest,14,1,1719.5,165586,1,309.0,2026-08-22,0,-1,1771.0,10.6,,
69210,114056,Mage,Arcane,Sunfury,DPS,EU,Kings' Rest,14,1,1719.5,172132,1,309.0,2026-08-22,0,-1,1771.0,10.6,,
69210,23724,DemonHunter,Devourer,Annihilator,DPS,EU,Kings' Rest,14,1,1719.5,159347,1,301.0,2026-08-22,0,-1,1771.0,10.6,,
3539,7960,Paladin,Protection,Lightsmith,Tank,US,Temple of Sethraliss,11,1,1537.4,91417,0,293.0,2026-08-19,0,-1,1529.0,20.4,,
3539,7809,Priest,Holy,Oracle,Healer,US,Temple of Sethraliss,11,1,1537.4,28922,0,295.0,2026-08-19,0,-1,1529.0,20.4,,
3539,7810,Evoker,Devastation,Scalecommander,DPS,US,Temple of Sethraliss,11,1,1537.4,211534,0,296.0,2026-08-19,0,-1,1529.0,20.4,,2739
3539,7961,Paladin,Retribution,Templar,DPS,US,Temple of Sethraliss,11,1,1537.4,147426,0,297.0,2026-08-19,0,-1,1529.0,20.4,,
3539,7811,Mage,Arcane,Sunfury,DPS,US,Temple of Sethraliss,11,1,1537.4,191948,0,297.0,2026-08-19,0,-1,1529.0,20.4,,2726
62664,134529,DeathKnight,Blood,Deathbringer,Tank,CN,Murder Row,10,1,1223.3,114834,0,307.0,2026-08-23,0,-1,1220.0,40.2,,
62664,134530,Paladin,Holy,Lightsmith,Healer,CN,Murder Row,10,1,1223.3,28476,0,303.0,2026-08-23,0,-1,1220.0,40.2,,
62664,134531,Mage,Arcane,Sunfury,DPS,CN,Murder Row,10,1,1223.3,206601,0,310.0,2026-08-23,0,-1,1220.0,40.2,,
62664,134532,Paladin,Retribution,Herald of the Sun,DPS,CN,Murder Row,10,1,1223.3,207782,1,300.0,2026-08-23,0,-1,1220.0,40.2,,
62664,134805,Shaman,Elemental,Farseer,DPS,CN,Murder Row,10,1,1223.3,190814,0,295.0,2026-08-23,0,-1,1220.0,40.2,,
73682,142527,DeathKnight,Blood,San'layn,Tank,CN,Altar of Fangs,13,1,1574.0,146143,0,307.0,2026-08-22,0,-1,1596.0,11.4,,
73682,142528,Paladin,Holy,Herald of the Sun,Healer,CN,Altar of Fangs,13,1,1574.0,24776,0,308.0,2026-08-22,0,-1,1596.0,11.4,,
73682,87084,Mage,Arcane,Sunfury,DPS,CN,Altar of Fangs,13,1,1574.0,276367,1,310.0,2026-08-22,0,-1,1596.0,11.4,,
73682,140165,Warrior,Arms,Slayer,DPS,CN,Altar of Fangs,13,1,1574.0,243689,0,307.0,2026-08-22,0,-1,1596.0,11.4,,
73682,142529,Shaman,Elemental,Farseer,DPS,CN,Altar of Fangs,13,1,1574.0,198395,1,302.0,2026-08-22,0,-1,1596.0,11.4,,
74111,67192,DeathKnight,Blood,San'layn,Tank,CN,Murder Row,12,1,1380.0,119376,0,300.0,2026-08-21,0,-1,1371.0,32.8,,
74111,67193,Paladin,Holy,Lightsmith,Healer,CN,Murder Row,12,1,1380.0,48551,0,299.0,2026-08-21,0,-1,1371.0,32.8,,
74111,142753,DemonHunter,Havoc,Fel-Scarred,DPS,CN,Murder Row,12,1,1380.0,172563,0,303.0,2026-08-21,0,-1,1371.0,32.8,,
74111,66530,Mage,Arcane,Sunfury,DPS,CN,Murder Row,12,1,1380.0,255815,0,307.0,2026-08-21,0,-1,1371.0,32.8,,
74111,75685,Shaman,Elemental,Farseer,DPS,CN,Murder Row,12,1,1380.0,240415,0,301.0,2026-08-21,0,-1,1371.0,32.8,,
26450,58528,DeathKnight,Blood,Deathbringer,Tank,US,Ruby Life Pools,10,1,924.5,147758,0,291.0,2026-08-20,0,-1,926.0,44.9,,
26450,1669,Monk,Mistweaver,Conduit of the Celestials,Healer,US,Ruby Life Pools,10,1,924.5,56916,1,301.0,2026-08-20,0,-1,926.0,44.9,,
26450,1668,Paladin,Retribution,Herald of the Sun,DPS,US,Ruby Life Pools,10,1,924.5,262347,1,300.0,2026-08-20,0,-1,926.0,44.9,,
26450,58529,Hunter,Marksmanship,Sentinel,DPS,US,Ruby Life Pools,10,1,924.5,257931,0,294.0,2026-08-20,0,-1,926.0,44.9,,
26450,58530,Warrior,Arms,Slayer,DPS,US,Ruby Life Pools,10,1,924.5,243525,0,295.0,2026-08-20,0,-1,926.0,44.9,,
24317,5641,DeathKnight,Blood,San'layn,Tank,US,Ruby Life Pools,10,1,962.3,152446,0,312.0,2026-08-22,0,-1,954.0,43.2,,2696
24317,14408,Paladin,Holy,Herald of the Sun,Healer,US,Ruby Life Pools,10,1,962.3,45992,0,304.0,2026-08-22,0,-1,954.0,43.2,,2903
24317,1766,Hunter,BeastMastery,Pack Leader,DPS,US,Ruby Life Pools,10,1,962.3,196459,0,304.0,2026-08-22,0,-1,954.0,43.2,,
24317,1767,Shaman,Enhancement,Stormbringer,DPS,US,Ruby Life Pools,10,1,962.3,251885,0,310.0,2026-08-22,0,-1,954.0,43.2,,2822
24317,53875,Shaman,Elemental,Farseer,DPS,US,Ruby Life Pools,10,1,962.3,186344,0,302.0,2026-08-22,0,-1,954.0,43.2,,
8658,13319,DeathKnight,Blood,San'layn,Tank,US,Kings' Rest,10,1,1340.6,92012,1,298.0,2026-08-19,0,-1,1342.0,32.2,,
8658,13320,Shaman,Restoration,Totemic,Healer,US,Kings' Rest,10,1,1340.6,25035,0,297.0,2026-08-19,0,-1,1342.0,32.2,,
8658,13321,Hunter,BeastMastery,Pack Leader,DPS,US,Kings' Rest,10,1,1340.6,127087,0,297.0,2026-08-19,0,-1,1342.0,32.2,,
8658,106,Priest,Shadow,Archon,DPS,US,Kings' Rest,10,1,1340.6,191170,1,300.0,2026-08-19,0,-1,1342.0,32.2,,2691
8658,109,Hunter,Marksmanship,Sentinel,DPS,US,Kings' Rest,10,1,1340.6,149556,0,295.0,2026-08-19,0,-1,1342.0,32.2,,3340
23559,45338,DeathKnight,Blood,San'layn,Tank,CN,Kings' Rest,5,1,1153.3,88151,0,292.0,2026-08-20,0,-1,1145.0,42.2,,
23559,45339,Shaman,Restoration,Totemic,Healer,CN,Kings' Rest,5,1,1153.3,7232,0,288.0,2026-08-20,0,-1,1145.0,42.2,,
23559,45340,DeathKnight,Unholy,San'layn,DPS,CN,Kings' Rest,5,1,1153.3,126750,0,292.0,2026-08-20,0,-1,1145.0,42.2,,
23559,45342,Priest,Shadow,Archon,DPS,CN,Kings' Rest,5,1,1153.3,86268,0,291.0,2026-08-20,0,-1,1145.0,42.2,,
23559,45341,Druid,Balance,Elune's Chosen,DPS,CN,Kings' Rest,5,1,1153.3,109402,0,294.0,2026-08-20,0,-1,1145.0,42.2,,
84790,71704,DemonHunter,Vengeance,Annihilator,Tank,US,Den of Nalorakk,15,1,1797.6,123131,0,307.0,2026-08-23,0,-1,1819.0,5.2,2,
84790,5241,Shaman,Restoration,Totemic,Healer,US,Den of Nalorakk,15,1,1797.6,32507,0,310.0,2026-08-23,0,-1,1819.0,5.2,2,3108
84790,37895,Priest,Shadow,Voidweaver,DPS,US,Den of Nalorakk,15,1,1797.6,199351,0,311.0,2026-08-23,0,-1,1819.0,5.2,4,
84790,9563,DemonHunter,Devourer,Annihilator,DPS,US,Den of Nalorakk,15,1,1797.6,221453,0,309.0,2026-08-23,0,-1,1819.0,5.2,4,
84790,5243,DeathKnight,Unholy,San'layn,DPS,US,Den of Nalorakk,15,1,1797.6,212044,2,310.0,2026-08-23,0,-1,1819.0,5.2,4,3095
78399,67810,DeathKnight,Blood,San'layn,Tank,CN,Temple of Sethraliss,15,1,1631.3,145114,0,308.0,2026-08-22,0,-1,1668.0,13.1,,
78399,142222,Paladin,Holy,Lightsmith,Healer,CN,Temple of Sethraliss,15,1,1631.3,62006,0,309.0,2026-08-22,0,-1,1668.0,13.1,,
78399,139251,Rogue,Assassination,Deathstalker,DPS,CN,Temple of Sethraliss,15,1,1631.3,175128,2,306.0,2026-08-22,0,-1,1668.0,13.1,,
78399,54193,Mage,Arcane,Sunfury,DPS,CN,Temple of Sethraliss,15,1,1631.3,266092,0,307.0,2026-08-22,0,-1,1668.0,13.1,,
78399,141912,Shaman,Elemental,Farseer,DPS,CN,Temple of Sethraliss,15,1,1631.3,238512,1,306.0,2026-08-22,0,-1,1668.0,13.1,,
58018,123694,Druid,Guardian,Elune's Chosen,Tank,US,Murder Row,2,1,1218.7,53074,0,295.0,2026-08-23,0,-1,,,,
58018,123695,Paladin,Holy,Lightsmith,Healer,US,Murder Row,2,1,1218.7,36560,0,294.0,2026-08-23,0,-1,,,,
58018,123696,Druid,Feral,Druid of the Claw,DPS,US,Murder Row,2,1,1218.7,96274,0,283.0,2026-08-23,0,-1,,,,
58018,123697,Mage,Arcane,Sunfury,DPS,US,Murder Row,2,1,1218.7,92429,1,292.0,2026-08-23,0,-1,,,,
58018,62033,Warrior,Arms,Slayer,DPS,US,Murder Row,2,1,1218.7,72360,1,281.0,2026-08-23,0,-1,,,,
3815,8130,DeathKnight,Blood,San'layn,Tank,US,Ruby Life Pools,10,1,1341.5,107490,0,296.0,2026-08-19,0,-1,1338.0,20.3,,
3815,8674,Paladin,Holy,Herald of the Sun,Healer,US,Ruby Life Pools,10,1,1341.5,7748,1,294.0,2026-08-19,0,-1,1338.0,20.3,,
3815,8675,Hunter,Marksmanship,Sentinel,DPS,US,Ruby Life Pools,10,1,1341.5,172273,0,294.0,2026-08-19,0,-1,1338.0,20.3,,
3815,8676,Mage,Arcane,Sunfury,DPS,US,Ruby Life Pools,10,1,1341.5,189526,0,295.0,2026-08-19,0,-1,1338.0,20.3,,
3815,8677,Druid,Balance,Elune's Chosen,DPS,US,Ruby Life Pools,10,1,1341.5,175705,0,293.0,2026-08-19,0,-1,1338.0,20.3,,
7864,13567,DeathKnight,Blood,San'layn,Tank,EU,The Blinding Vale,12,1,1378.0,149395,0,294.0,2026-08-19,0,-1,1384.0,23.1,,2963
7864,13568,Shaman,Restoration,Totemic,Healer,EU,The Blinding Vale,12,1,1378.0,28167,0,298.0,2026-08-19,0,-1,1384.0,23.1,,3424
7864,13570,Hunter,BeastMastery,Pack Leader,DPS,EU,The Blinding Vale,12,1,1378.0,213529,1,299.0,2026-08-19,0,-1,1384.0,23.1,,3055
7864,13571,Warrior,Arms,Slayer,DPS,EU,The Blinding Vale,12,1,1378.0,239423,0,297.0,2026-08-19,0,-1,1384.0,23.1,,3065
7864,13569,Shaman,Elemental,Farseer,DPS,EU,The Blinding Vale,12,1,1378.0,199735,0,297.0,2026-08-19,0,-1,1384.0,23.1,,2963
72782,141960,Druid,Guardian,Elune's Chosen,Tank,CN,The Blinding Vale,12,1,1383.2,109549,0,299.0,2026-08-23,0,-1,1405.0,22.0,,
72782,69309,Paladin,Holy,Lightsmith,Healer,CN,The Blinding Vale,12,1,1383.2,70828,0,299.0,2026-08-23,0,-1,1405.0,22.0,,
72782,141961,Warrior,Arms,Slayer,DPS,CN,The Blinding Vale,12,1,1383.2,237750,0,302.0,2026-08-23,0,-1,1405.0,22.0,,
72782,125840,DemonHunter,Havoc,Fel-Scarred,DPS,CN,The Blinding Vale,12,1,1383.2,150408,1,301.0,2026-08-23,0,-1,1405.0,22.0,,
72782,70345,Mage,Arcane,Sunfury,DPS,CN,The Blinding Vale,12,1,1383.2,243382,1,306.0,2026-08-23,0,-1,1405.0,22.0,,
6093,8552,Druid,Guardian,Elune's Chosen,Tank,US,Murder Row,11,1,1462.6,87936,0,294.0,2026-08-18,0,-1,1459.0,28.5,,
6093,8553,Monk,Mistweaver,Conduit of the Celestials,Healer,US,Murder Row,11,1,1462.6,43068,0,294.0,2026-08-18,0,-1,1459.0,28.5,,
6093,8556,Rogue,Subtlety,Deathstalker,DPS,US,Murder Row,11,1,1462.6,187522,0,295.0,2026-08-18,0,-1,1459.0,28.5,,3034
6093,8554,Druid,Balance,Elune's Chosen,DPS,US,Murder Row,11,1,1462.6,190518,0,294.0,2026-08-18,0,-1,1459.0,28.5,,
6093,8555,Mage,Arcane,Spellslinger,DPS,US,Murder Row,11,1,1462.6,176067,1,288.0,2026-08-18,0,-1,1459.0,28.5,,
55477,117673,Paladin,Protection,Templar,Tank,EU,Murder Row,5,1,1126.2,56883,0,299.0,2026-08-22,0,-1,,,,
55477,117674,Evoker,Preservation,Flameshaper,Healer,EU,Murder Row,5,1,1126.2,23438,0,296.0,2026-08-22,0,-1,,,,
55477,117675,Mage,Arcane,Sunfury,DPS,EU,Murder Row,5,1,1126.2,84369,0,260.0,2026-08-22,0,-1,,,,
55477,117676,Mage,Arcane,Sunfury,DPS,EU,Murder Row,5,1,1126.2,165707,0,303.0,2026-08-22,0,-1,,,,
55477,117677,Rogue,Subtlety,Deathstalker,DPS,EU,Murder Row,5,1,1126.2,119307,0,292.0,2026-08-22,0,-1,,,,
87655,154212,Paladin,Protection,Templar,Tank,US,Voidscar Arena,2,1,1061.1,24106,0,254.0,2026-08-24,0,-1,1053.0,41.5,0,
87655,153622,Shaman,Restoration,Totemic,Healer,US,Voidscar Arena,2,1,1061.1,15935,1,267.0,2026-08-24,0,-1,1053.0,41.5,0,
87655,154213,Warrior,Arms,Slayer,DPS,US,Voidscar Arena,2,1,1061.1,98923,0,291.0,2026-08-24,0,-1,1053.0,41.5,0,
87655,47840,Mage,Arcane,Sunfury,DPS,US,Voidscar Arena,2,1,1061.1,113946,0,307.0,2026-08-24,0,-1,1053.0,41.5,2,
87655,154214,Monk,Windwalker,Shado-Pan,DPS,US,Voidscar Arena,2,1,1061.1,79921,0,292.0,2026-08-24,0,-1,1053.0,41.5,0,
46187,46382,DeathKnight,Blood,San'layn,Tank,EU,Altar of Fangs,14,0,1870.8,123031,0,309.0,2026-08-22,0,-1,,,,
46187,46383,Shaman,Restoration,Totemic,Healer,EU,Altar of Fangs,14,0,1870.8,27755,0,300.0,2026-08-22,0,-1,,,,
46187,97471,Warlock,Destruction,Diabolist,DPS,EU,Altar of Fangs,14,0,1870.8,219710,0,306.0,2026-08-22,0,-1,,,,
46187,16763,Paladin,Retribution,Templar,DPS,EU,Altar of Fangs,14,0,1870.8,255364,0,309.0,2026-08-22,0,-1,,,,
46187,46384,Warrior,Arms,Slayer,DPS,EU,Altar of Fangs,14,0,1870.8,260120,0,309.0,2026-08-22,0,-1,,,,
71306,50837,Paladin,Protection,Lightsmith,Tank,EU,Altar of Fangs,14,1,1657.8,118700,0,312.0,2026-08-23,0,-1,1650.0,8.3,,
71306,13097,Paladin,Holy,Herald of the Sun,Healer,EU,Altar of Fangs,14,1,1657.8,20315,0,303.0,2026-08-23,0,-1,1650.0,8.3,,
71306,32157,Mage,Arcane,Sunfury,DPS,EU,Altar of Fangs,14,1,1657.8,280566,0,312.0,2026-08-23,0,-1,1650.0,8.3,,
71306,24197,Druid,Feral,Druid of the Claw,DPS,EU,Altar of Fangs,14,1,1657.8,262819,0,309.0,2026-08-23,0,-1,1650.0,8.3,,
71306,21190,Warrior,Arms,Slayer,DPS,EU,Altar of Fangs,14,1,1657.8,277596,0,306.0,2026-08-23,0,-1,1650.0,8.3,,
46395,97924,Paladin,Protection,Lightsmith,Tank,EU,Voidscar Arena,5,1,927.6,77924,0,284.0,2026-08-21,0,-1,,,,
46395,97925,Shaman,Restoration,Totemic,Healer,EU,Voidscar Arena,5,1,927.6,19496,0,286.0,2026-08-21,0,-1,,,,
46395,97926,DemonHunter,Havoc,Fel-Scarred,DPS,EU,Voidscar Arena,5,1,927.6,112967,0,295.0,2026-08-21,0,-1,,,,
46395,97927,Evoker,Devastation,Scalecommander,DPS,EU,Voidscar Arena,5,1,927.6,173260,0,294.0,2026-08-21,0,-1,,,,
46395,97928,Mage,Frost,Spellslinger,DPS,EU,Voidscar Arena,5,1,927.6,120452,1,284.0,2026-08-21,0,-1,,,,
74615,61105,DeathKnight,Blood,Unknown,Tank,US,Kings' Rest,13,1,1698.4,98962,0,308.0,2026-08-23,0,-1,,,,
74615,893,Shaman,Restoration,Unknown,Healer,US,Kings' Rest,13,1,1698.4,27563,0,306.0,2026-08-23,0,-1,,,,
74615,22036,Mage,Arcane,Unknown,DPS,US,Kings' Rest,13,1,1698.4,187215,0,311.0,2026-08-23,0,-1,,,,
74615,9479,Druid,Feral,Unknown,DPS,US,Kings' Rest,13,1,1698.4,148064,1,306.0,2026-08-23,0,-1,,,,
74615,7041,Priest,Shadow,Unknown,DPS,US,Kings' Rest,13,1,1698.4,163608,0,307.0,2026-08-23,0,-1,,,,
16668,23654,Paladin,Protection,Lightsmith,Tank,EU,Temple of Sethraliss,8,1,1122.4,98413,0,294.0,2026-08-19,0,-1,1114.0,42.0,,
16668,23655,Paladin,Holy,Herald of the Sun,Healer,EU,Temple of Sethraliss,8,1,1122.4,23872,0,287.0,2026-08-19,0,-1,1114.0,42.0,,
16668,23657,Evoker,Devastation,Scalecommander,DPS,EU,Temple of Sethraliss,8,1,1122.4,192251,0,292.0,2026-08-19,0,-1,1114.0,42.0,,
16668,23658,Mage,Arcane,Sunfury,DPS,EU,Temple of Sethraliss,8,1,1122.4,183201,0,293.0,2026-08-19,0,-1,1114.0,42.0,,
16668,36569,Warrior,Arms,Slayer,DPS,EU,Temple of Sethraliss,8,1,1122.4,160469,0,291.0,2026-08-19,0,-1,1114.0,42.0,,
73862,15334,DeathKnight,Blood,San'layn,Tank,EU,Temple of Sethraliss,14,1,1501.2,132135,0,311.0,2026-08-23,0,-1,1598.0,16.8,,
73862,19525,Paladin,Holy,Herald of the Sun,Healer,EU,Temple of Sethraliss,14,1,1501.2,18535,4,306.0,2026-08-23,0,-1,1598.0,16.8,,
73862,22619,Warrior,Arms,Slayer,DPS,EU,Temple of Sethraliss,14,1,1501.2,229610,1,311.0,2026-08-23,0,-1,1598.0,16.8,,
73862,135474,Warlock,Demonology,Diabolist,DPS,EU,Temple of Sethraliss,14,1,1501.2,270908,0,304.0,2026-08-23,0,-1,1598.0,16.8,,
73862,17957,Mage,Arcane,Sunfury,DPS,EU,Temple of Sethraliss,14,1,1501.2,242543,2,310.0,2026-08-23,0,-1,1598.0,16.8,,
74252,47549,DeathKnight,Blood,San'layn,Tank,EU,Den of Nalorakk,12,1,1473.2,123892,0,303.0,2026-08-21,0,-1,1510.0,21.4,,
74252,107442,Evoker,Preservation,Flameshaper,Healer,EU,Den of Nalorakk,12,1,1473.2,26514,1,305.0,2026-08-21,0,-1,1510.0,21.4,,
74252,47552,Paladin,Retribution,Templar,DPS,EU,Den of Nalorakk,12,1,1473.2,183633,1,305.0,2026-08-21,0,-1,1510.0,21.4,,
74252,108021,Mage,Arcane,Sunfury,DPS,EU,Den of Nalorakk,12,1,1473.2,221550,1,310.0,2026-08-21,0,-1,1510.0,21.4,,
74252,47551,Warlock,Demonology,Diabolist,DPS,EU,Den of Nalorakk,12,1,1473.2,196840,0,304.0,2026-08-21,0,-1,1510.0,21.4,,
21073,46894,DeathKnight,Blood,Deathbringer,Tank,CN,Temple of Sethraliss,2,1,1088.9,80782,0,292.0,2026-08-20,0,-1,1080.0,43.8,,
21073,46895,Evoker,Preservation,Flameshaper,Healer,CN,Temple of Sethraliss,2,1,1088.9,35308,0,292.0,2026-08-20,0,-1,1080.0,43.8,,
21073,46896,Monk,Windwalker,Shado-Pan,DPS,CN,Temple of Sethraliss,2,1,1088.9,106549,0,291.0,2026-08-20,0,-1,1080.0,43.8,,
21073,46897,Warrior,Fury,Mountain Thane,DPS,CN,Temple of Sethraliss,2,1,1088.9,87681,0,291.0,2026-08-20,0,-1,1080.0,43.8,,
21073,46898,DeathKnight,Frost,Deathbringer,DPS,CN,Temple of Sethraliss,2,1,1088.9,90758,0,297.0,2026-08-20,0,-1,1080.0,43.8,,
44374,71756,Druid,Guardian,Elune's Chosen,Tank,EU,Murder Row,13,1,1795.3,99024,0,306.0,2026-08-22,0,-1,,,,
44374,14150,Priest,Discipline,Oracle,Healer,EU,Murder Row,13,1,1795.3,18958,3,305.0,2026-08-22,0,-1,,,,
44374,14152,Shaman,Enhancement,Stormbringer,DPS,EU,Murder Row,13,1,1795.3,197854,0,302.0,2026-08-22,0,-1,,,,
44374,14153,Warlock,Demonology,Diabolist,DPS,EU,Murder Row,13,1,1795.3,241002,1,311.0,2026-08-22,0,-1,,,,
44374,23724,DemonHunter,Devourer,Annihilator,DPS,EU,Murder Row,13,1,1795.3,176657,1,302.0,2026-08-22,0,-1,,,,
33269,72032,Druid,Guardian,Unknown,Tank,US,Temple of Sethraliss,6,1,1056.3,88627,0,288.0,2026-08-22,0,-1,,,,
33269,72033,Monk,Mistweaver,Unknown,Healer,US,Temple of Sethraliss,6,1,1056.3,42276,0,300.0,2026-08-22,0,-1,,,,
33269,72034,Mage,Arcane,Unknown,DPS,US,Temple of Sethraliss,6,1,1056.3,130632,0,291.0,2026-08-22,0,-1,,,,
33269,72035,Hunter,BeastMastery,Unknown,DPS,US,Temple of Sethraliss,6,1,1056.3,115955,0,299.0,2026-08-22,0,-1,,,,
33269,72036,Rogue,Assassination,Unknown,DPS,US,Temple of Sethraliss,6,1,1056.3,165082,0,294.0,2026-08-22,0,-1,,,,
31644,68158,DeathKnight,Blood,Deathbringer,Tank,EU,Murder Row,4,1,1005.7,76582,0,292.0,2026-08-21,0,-1,998.0,51.1,,
31644,68159,Priest,Discipline,Oracle,Healer,EU,Murder Row,4,1,1005.7,15602,0,292.0,2026-08-21,0,-1,998.0,51.1,,
31644,68160,Hunter,BeastMastery,Pack Leader,DPS,EU,Murder Row,4,1,1005.7,163234,0,291.0,2026-08-21,0,-1,998.0,51.1,,
31644,68161,Warrior,Fury,Slayer,DPS,EU,Murder Row,4,1,1005.7,110706,0,293.0,2026-08-21,0,-1,998.0,51.1,,
31644,68162,Shaman,Enhancement,Stormbringer,DPS,EU,Murder Row,4,1,1005.7,137243,0,284.0,2026-08-21,0,-1,998.0,51.1,,
62403,133995,DeathKnight,Blood,San'layn,Tank,EU,Murder Row,5,1,1123.1,84738,0,301.0,2026-08-23,0,-1,1114.0,45.4,,
62403,133996,Paladin,Holy,Herald of the Sun,Healer,EU,Murder Row,5,1,1123.1,24908,0,290.0,2026-08-23,0,-1,1114.0,45.4,,
62403,134140,Mage,Frost,Spellslinger,DPS,EU,Murder Row,5,1,1123.1,105018,0,294.0,2026-08-23,0,-1,1114.0,45.4,,
62403,133998,DemonHunter,Devourer,Void-Scarred,DPS,EU,Murder Row,5,1,1123.1,117334,0,299.0,2026-08-23,0,-1,1114.0,45.4,,
62403,133999,Evoker,Devastation,Scalecommander,DPS,EU,Murder Row,5,1,1123.1,151423,0,288.0,2026-08-23,0,-1,1114.0,45.4,,
68577,63197,Paladin,Protection,Templar,Tank,EU,Kings' Rest,12,1,1327.6,71404,0,303.0,2026-08-22,0,-1,1319.0,33.4,,
68577,15596,Monk,Mistweaver,Conduit of the Celestials,Healer,EU,Kings' Rest,12,1,1327.6,56567,0,309.0,2026-08-22,0,-1,1319.0,33.4,,
68577,13906,Rogue,Subtlety,Deathstalker,DPS,EU,Kings' Rest,12,1,1327.6,152158,0,306.0,2026-08-22,0,-1,1319.0,33.4,,
68577,22969,Mage,Arcane,Sunfury,DPS,EU,Kings' Rest,12,1,1327.6,204667,0,311.0,2026-08-22,0,-1,1319.0,33.4,,
68577,20372,Evoker,Devastation,Scalecommander,DPS,EU,Kings' Rest,12,1,1327.6,184630,0,305.0,2026-08-22,0,-1,1319.0,33.4,,
80459,35965,Paladin,Protection,Lightsmith,Tank,EU,Altar of Fangs,14,1,1657.4,142246,0,311.0,2026-08-22,0,-1,1664.0,7.6,,
80459,37472,Priest,Holy,Oracle,Healer,EU,Altar of Fangs,14,1,1657.4,34582,0,311.0,2026-08-22,0,-1,1664.0,7.6,,3107
80459,136853,Hunter,BeastMastery,Pack Leader,DPS,EU,Altar of Fangs,14,1,1657.4,241782,0,310.0,2026-08-22,0,-1,1664.0,7.6,,
80459,22785,Druid,Feral,Druid of the Claw,DPS,EU,Altar of Fangs,14,1,1657.4,265058,0,303.0,2026-08-22,0,-1,1664.0,7.6,,
80459,37475,Warrior,Arms,Slayer,DPS,EU,Altar of Fangs,14,1,1657.4,258716,1,309.0,2026-08-22,0,-1,1664.0,7.6,,3107
44240,55454,DeathKnight,Blood,Deathbringer,Tank,CN,Murder Row,14,0,2068.2,120865,1,311.0,2026-08-22,0,-1,,,,
44240,61500,Shaman,Restoration,Totemic,Healer,CN,Murder Row,14,0,2068.2,24404,3,306.0,2026-08-22,0,-1,,,,
44240,92991,Warrior,Arms,Slayer,DPS,CN,Murder Row,14,0,2068.2,157524,11,302.0,2026-08-22,0,-1,,,,
44240,92992,Mage,Arcane,Sunfury,DPS,CN,Murder Row,14,0,2068.2,230846,2,307.0,2026-08-22,0,-1,,,,
44240,55458,DemonHunter,Havoc,Fel-Scarred,DPS,CN,Murder Row,14,0,2068.2,179071,6,306.0,2026-08-22,0,-1,,,,
56392,119829,Paladin,Protection,Lightsmith,Tank,KR,Voidscar Arena,6,1,1049.3,70613,0,298.0,2026-08-23,0,-1,,,,
56392,70250,Druid,Restoration,Keeper of the Grove,Healer,KR,Voidscar Arena,6,1,1049.3,43960,0,297.0,2026-08-23,0,-1,,,,
56392,119830,Warlock,Demonology,Diabolist,DPS,KR,Voidscar Arena,6,1,1049.3,100484,0,294.0,2026-08-23,0,-1,,,,
56392,119831,DemonHunter,Havoc,Fel-Scarred,DPS,KR,Voidscar Arena,6,1,1049.3,126266,0,298.0,2026-08-23,0,-1,,,,
56392,103911,Mage,Arcane,Sunfury,DPS,KR,Voidscar Arena,6,1,1049.3,141462,0,299.0,2026-08-23,0,-1,,,,
31748,68387,Druid,Guardian,Elune's Chosen,Tank,EU,Ruby Life Pools,13,1,1591.8,79733,0,303.0,2026-08-21,0,-1,1628.0,3.1,,
31748,68388,Shaman,Restoration,Totemic,Healer,EU,Ruby Life Pools,13,1,1591.8,45974,1,302.0,2026-08-21,0,-1,1628.0,3.1,,
31748,46097,Paladin,Retribution,Herald of the Sun,DPS,EU,Ruby Life Pools,13,1,1591.8,197990,1,309.0,2026-08-21,0,-1,1628.0,3.1,,
31748,39712,Mage,Arcane,Sunfury,DPS,EU,Ruby Life Pools,13,1,1591.8,203163,0,307.0,2026-08-21,0,-1,1628.0,3.1,,
31748,68389,DemonHunter,Devourer,Annihilator,DPS,EU,Ruby Life Pools,13,1,1591.8,196149,1,303.0,2026-08-21,0,-1,1628.0,3.1,,
68092,23486,Paladin,Protection,Lightsmith,Tank,EU,Den of Nalorakk,14,1,1820.7,91531,0,307.0,2026-08-23,0,-1,,,,
68092,51973,Monk,Mistweaver,Conduit of the Celestials,Healer,EU,Den of Nalorakk,14,1,1820.7,35841,2,306.0,2026-08-23,0,-1,,,,
68092,138946,Warrior,Arms,Slayer,DPS,EU,Den of Nalorakk,14,1,1820.7,189742,0,309.0,2026-08-23,0,-1,,,,
68092,138947,Paladin,Retribution,Templar,DPS,EU,Den of Nalorakk,14,1,1820.7,175942,0,309.0,2026-08-23,0,-1,,,,
68092,138948,Shaman,Elemental,Farseer,DPS,EU,Den of Nalorakk,14,1,1820.7,166518,1,306.0,2026-08-23,0,-1,,,,
3342,7391,DeathKnight,Blood,Unknown,Tank,US,Murder Row,11,1,1971.8,104949,1,293.0,2026-08-19,0,-1,2019.0,1.0,,
3342,7392,Monk,Mistweaver,Unknown,Healer,US,Murder Row,11,1,1971.8,27597,1,290.0,2026-08-19,0,-1,2019.0,1.0,,
3342,7393,Warrior,Arms,Unknown,DPS,US,Murder Row,11,1,1971.8,137133,2,292.0,2026-08-19,0,-1,2019.0,1.0,,
3342,7394,Mage,Arcane,Unknown,DPS,US,Murder Row,11,1,1971.8,145700,3,289.0,2026-08-19,0,-1,2019.0,1.0,,
3342,7395,Hunter,BeastMastery,Unknown,DPS,US,Murder Row,11,1,1971.8,122853,4,295.0,2026-08-19,0,-1,2019.0,1.0,,
1206,3715,Druid,Guardian,Elune's Chosen,Tank,US,Murder Row,10,1,1409.2,112088,0,293.0,2026-08-18,0,-1,1405.0,31.1,,
1206,3064,Monk,Mistweaver,Conduit of the Celestials,Healer,US,Murder Row,10,1,1409.2,45556,0,293.0,2026-08-18,0,-1,1405.0,31.1,,
1206,1646,Warlock,Destruction,Diabolist,DPS,US,Murder Row,10,1,1409.2,161635,0,295.0,2026-08-18,0,-1,1405.0,31.1,,2877
1206,1645,Hunter,Survival,Sentinel,DPS,US,Murder Row,10,1,1409.2,175928,1,293.0,2026-08-18,0,-1,1405.0,31.1,,2704
1206,3065,Monk,Windwalker,Shado-Pan,DPS,US,Murder Row,10,1,1409.2,165040,0,295.0,2026-08-18,0,-1,1405.0,31.1,,
23927,52898,Paladin,Protection,Lightsmith,Tank,EU,Altar of Fangs,10,1,1123.4,111580,0,300.0,2026-08-21,0,-1,1125.0,37.5,,
23927,52899,Monk,Mistweaver,Conduit of the Celestials,Healer,EU,Altar of Fangs,10,1,1123.4,55006,0,295.0,2026-08-21,0,-1,1125.0,37.5,,
23927,52900,DemonHunter,Devourer,Void-Scarred,DPS,EU,Altar of Fangs,10,1,1123.4,246830,2,303.0,2026-08-21,0,-1,1125.0,37.5,,
23927,52901,Shaman,Elemental,Farseer,DPS,EU,Altar of Fangs,10,1,1123.4,267903,0,300.0,2026-08-21,0,-1,1125.0,37.5,,
23927,52902,Druid,Balance,Elune's Chosen,DPS,EU,Altar of Fangs,10,1,1123.4,255727,0,299.0,2026-08-21,0,-1,1125.0,37.5,,
74989,94377,DeathKnight,Blood,San'layn,Tank,CN,Altar of Fangs,13,1,1533.7,124415,0,312.0,2026-08-22,0,-1,1556.0,13.6,,
74989,109778,Monk,Mistweaver,Conduit of the Celestials,Healer,CN,Altar of Fangs,13,1,1533.7,61073,1,306.0,2026-08-22,0,-1,1556.0,13.6,,
74989,140034,Rogue,Assassination,Deathstalker,DPS,CN,Altar of Fangs,13,1,1533.7,245766,1,302.0,2026-08-22,0,-1,1556.0,13.6,,
74989,143249,Mage,Arcane,Sunfury,DPS,CN,Altar of Fangs,13,1,1533.7,198378,0,301.0,2026-08-22,0,-1,1556.0,13.6,,
74989,136686,Warrior,Arms,Slayer,DPS,CN,Altar of Fangs,13,1,1533.7,255156,0,304.0,2026-08-22,0,-1,1556.0,13.6,,
14669,30072,Paladin,Protection,Lightsmith,Tank,EU,Murder Row,3,1,1056.8,79228,0,295.0,2026-08-19,0,-1,1048.0,48.6,,
14669,30073,Shaman,Restoration,Totemic,Healer,EU,Murder Row,3,1,1056.8,22060,0,293.0,2026-08-19,0,-1,1048.0,48.6,,
14669,30074,Hunter,BeastMastery,Pack Leader,DPS,EU,Murder Row,3,1,1056.8,131387,0,294.0,2026-08-19,0,-1,1048.0,48.6,,
14669,30075,Monk,Windwalker,Shado-Pan,DPS,EU,Murder Row,3,1,1056.8,90088,0,291.0,2026-08-19,0,-1,1048.0,48.6,,
14669,30076,Warrior,Arms,Slayer,DPS,EU,Murder Row,3,1,1056.8,115009,0,293.0,2026-08-19,0,-1,1048.0,48.6,,
18133,40192,DeathKnight,Blood,San'layn,Tank,US,Ruby Life Pools,6,1,977.0,118749,0,292.0,2026-08-19,0,-1,979.0,41.7,,
18133,40193,Paladin,Holy,Herald of the Sun,Healer,US,Ruby Life Pools,6,1,977.0,21852,0,292.0,2026-08-19,0,-1,979.0,41.7,,
18133,40194,Warrior,Arms,Slayer,DPS,US,Ruby Life Pools,6,1,977.0,165982,0,282.0,2026-08-19,0,-1,979.0,41.7,,
18133,40195,Hunter,BeastMastery,Pack Leader,DPS,US,Ruby Life Pools,6,1,977.0,105666,2,275.0,2026-08-19,0,-1,979.0,41.7,,
18133,40196,Rogue,Subtlety,Deathstalker,DPS,US,Ruby Life Pools,6,1,977.0,196249,0,288.0,2026-08-19,0,-1,979.0,41.7,,
24233,45128,Warrior,Protection,Mountain Thane,Tank,US,Altar of Fangs,12,1,1515.6,116224,0,300.0,2026-08-20,0,-1,1522.0,15.4,,
24233,53669,Monk,Mistweaver,Conduit of the Celestials,Healer,US,Altar of Fangs,12,1,1515.6,54516,0,299.0,2026-08-20,0,-1,1522.0,15.4,,
24233,13302,Hunter,BeastMastery,Pack Leader,DPS,US,Altar of Fangs,12,1,1515.6,236466,0,308.0,2026-08-20,0,-1,1522.0,15.4,,
24233,11768,Druid,Feral,Druid of the Claw,DPS,US,Altar of Fangs,12,1,1515.6,220187,0,308.0,2026-08-20,0,-1,1522.0,15.4,,
24233,12354,Paladin,Retribution,Templar,DPS,US,Altar of Fangs,12,1,1515.6,214187,1,306.0,2026-08-20,0,-1,1522.0,15.4,,
81542,139403,DeathKnight,Blood,San'layn,Tank,CN,Ruby Life Pools,15,1,1426.1,184092,0,304.0,2026-08-22,0,-1,1432.0,14.7,,
81542,67036,Priest,Holy,Oracle,Healer,CN,Ruby Life Pools,15,1,1426.1,34111,0,311.0,2026-08-22,0,-1,1432.0,14.7,,
81542,78248,Warrior,Arms,Slayer,DPS,CN,Ruby Life Pools,15,1,1426.1,259900,0,309.0,2026-08-22,0,-1,1432.0,14.7,,
81542,136233,Paladin,Retribution,Herald of the Sun,DPS,CN,Ruby Life Pools,15,1,1426.1,272028,1,307.0,2026-08-22,0,-1,1432.0,14.7,,
81542,80715,Shaman,Elemental,Farseer,DPS,CN,Ruby Life Pools,15,1,1426.1,274369,0,313.0,2026-08-22,0,-1,1432.0,14.7,,
81240,73776,DeathKnight,Blood,San'layn,Tank,EU,Kings' Rest,15,1,1839.3,119884,0,308.0,2026-08-21,0,-1,1936.0,2.2,,
81240,22543,Priest,Holy,Oracle,Healer,EU,Kings' Rest,15,1,1839.3,39486,1,314.0,2026-08-21,0,-1,1936.0,2.2,,
81240,16668,Mage,Arcane,Sunfury,DPS,EU,Kings' Rest,15,1,1839.3,169734,2,311.0,2026-08-21,0,-1,1936.0,2.2,,
81240,16666,DemonHunter,Devourer,Void-Scarred,DPS,EU,Kings' Rest,15,1,1839.3,139945,3,307.0,2026-08-21,0,-1,1936.0,2.2,,
81240,43769,Warlock,Demonology,Diabolist,DPS,EU,Kings' Rest,15,1,1839.3,188072,1,311.0,2026-08-21,0,-1,1936.0,2.2,,
80000,20334,DeathKnight,Blood,San'layn,Tank,EU,Voidscar Arena,13,1,1227.5,167092,0,309.0,2026-08-23,0,-1,1234.0,31.4,,
80000,20935,Paladin,Holy,Herald of the Sun,Healer,EU,Voidscar Arena,13,1,1227.5,31816,0,303.0,2026-08-23,0,-1,1234.0,31.4,,
80000,20936,Warrior,Arms,Slayer,DPS,EU,Voidscar Arena,13,1,1227.5,233622,0,313.0,2026-08-23,0,-1,1234.0,31.4,,
80000,20937,Mage,Arcane,Sunfury,DPS,EU,Voidscar Arena,13,1,1227.5,246169,0,309.0,2026-08-23,0,-1,1234.0,31.4,,
80000,98947,Druid,Balance,Elune's Chosen,DPS,EU,Voidscar Arena,13,1,1227.5,195800,1,305.0,2026-08-23,0,-1,1234.0,31.4,,
22504,49995,Paladin,Protection,Lightsmith,Tank,US,Temple of Sethraliss,12,0,1810.0,105427,1,295.0,2026-08-20,0,-1,1921.0,-0.1,,
22504,49996,Druid,Restoration,Wildstalker,Healer,US,Temple of Sethraliss,12,0,1810.0,9849,1,292.0,2026-08-20,0,-1,1921.0,-0.1,,
22504,41829,Warrior,Arms,Slayer,DPS,US,Temple of Sethraliss,12,0,1810.0,144528,2,296.0,2026-08-20,0,-1,1921.0,-0.1,,
22504,41828,Priest,Shadow,Voidweaver,DPS,US,Temple of Sethraliss,12,0,1810.0,210983,1,307.0,2026-08-20,0,-1,1921.0,-0.1,,
22504,4631,DemonHunter,Havoc,Aldrachi Reaver,DPS,US,Temple of Sethraliss,12,0,1810.0,180669,3,300.0,2026-08-20,0,-1,1921.0,-0.1,,
43531,91382,Druid,Guardian,Elune's Chosen,Tank,US,Den of Nalorakk,12,1,1581.5,98432,0,306.0,2026-08-21,0,-1,1573.0,18.1,,
43531,91383,Priest,Holy,Oracle,Healer,US,Den of Nalorakk,12,1,1581.5,19833,0,308.0,2026-08-21,0,-1,1573.0,18.1,,
43531,91384,Paladin,Retribution,Templar,DPS,US,Den of Nalorakk,12,1,1581.5,153391,0,299.0,2026-08-21,0,-1,1573.0,18.1,,
43531,1812,Mage,Arcane,Sunfury,DPS,US,Den of Nalorakk,12,1,1581.5,202705,0,309.0,2026-08-21,0,-1,1573.0,18.1,,
43531,12196,DeathKnight,Unholy,Rider of the Apocalypse,DPS,US,Den of Nalorakk,12,1,1581.5,209463,0,308.0,2026-08-21,0,-1,1573.0,18.1,,
15587,21546,DeathKnight,Blood,San'layn,Tank,EU,Murder Row,6,1,1125.8,87792,0,287.0,2026-08-19,0,-1,1132.0,44.5,,
15587,33204,Paladin,Holy,Herald of the Sun,Healer,EU,Murder Row,6,1,1125.8,12551,0,291.0,2026-08-19,0,-1,1132.0,44.5,,
15587,33205,Warrior,Arms,Slayer,DPS,EU,Murder Row,6,1,1125.8,129997,1,288.0,2026-08-19,0,-1,1132.0,44.5,,
15587,33206,Mage,Arcane,Sunfury,DPS,EU,Murder Row,6,1,1125.8,126551,2,290.0,2026-08-19,0,-1,1132.0,44.5,,
15587,33207,Warlock,Demonology,Diabolist,DPS,EU,Murder Row,6,1,1125.8,165202,0,293.0,2026-08-19,0,-1,1132.0,44.5,,
59958,33814,Druid,Guardian,Elune's Chosen,Tank,EU,Murder Row,10,1,1194.9,119326,0,311.0,2026-08-23,0,-1,1206.0,40.9,,
59958,115105,Shaman,Restoration,Totemic,Healer,EU,Murder Row,10,1,1194.9,17456,2,290.0,2026-08-23,0,-1,1206.0,40.9,,
59958,13566,Mage,Arcane,Sunfury,DPS,EU,Murder Row,10,1,1194.9,248426,0,307.0,2026-08-23,0,-1,1206.0,40.9,,
59958,17745,DemonHunter,Devourer,Void-Scarred,DPS,EU,Murder Row,10,1,1194.9,234838,1,308.0,2026-08-23,0,-1,1206.0,40.9,,
59958,128350,Warlock,Demonology,Diabolist,DPS,EU,Murder Row,10,1,1194.9,188072,1,307.0,2026-08-23,0,-1,1206.0,40.9,,
70662,73461,DeathKnight,Blood,Unknown,Tank,US,Altar of Fangs,12,1,1429.9,158060,0,303.0,2026-08-22,0,-1,1421.0,21.0,,
70662,88697,Shaman,Restoration,Unknown,Healer,US,Altar of Fangs,12,1,1429.9,29446,0,302.0,2026-08-22,0,-1,1421.0,21.0,,
70662,140698,Warrior,Arms,Unknown,DPS,US,Altar of Fangs,12,1,1429.9,220106,0,304.0,2026-08-22,0,-1,1421.0,21.0,,
70662,140699,DeathKnight,Frost,Unknown,DPS,US,Altar of Fangs,12,1,1429.9,232586,0,301.0,2026-08-22,0,-1,1421.0,21.0,,
70662,58315,Warrior,Arms,Unknown,DPS,US,Altar of Fangs,12,1,1429.9,268732,0,305.0,2026-08-22,0,-1,1421.0,21.0,,
37572,41098,DeathKnight,Blood,San'layn,Tank,US,Den of Nalorakk,13,1,1727.3,99074,0,304.0,2026-08-21,0,-1,1749.0,8.9,,
37572,6830,Paladin,Holy,Lightsmith,Healer,US,Den of Nalorakk,13,1,1727.3,23559,0,308.0,2026-08-21,0,-1,1749.0,8.9,,
37572,80940,Mage,Arcane,Sunfury,DPS,US,Den of Nalorakk,13,1,1727.3,179791,0,305.0,2026-08-21,0,-1,1749.0,8.9,,
37572,80941,Paladin,Retribution,Herald of the Sun,DPS,US,Den of Nalorakk,13,1,1727.3,171550,0,298.0,2026-08-21,0,-1,1749.0,8.9,,
37572,6146,Shaman,Enhancement,Stormbringer,DPS,US,Den of Nalorakk,13,1,1727.3,157990,2,298.0,2026-08-21,0,-1,1749.0,8.9,,3080
29470,14017,DeathKnight,Blood,San'layn,Tank,EU,Ruby Life Pools,10,1,997.5,167873,0,301.0,2026-08-20,0,-1,999.0,40.5,,
29470,14018,Shaman,Restoration,Totemic,Healer,EU,Ruby Life Pools,10,1,997.5,34762,0,301.0,2026-08-20,0,-1,999.0,40.5,,
29470,14020,Warlock,Affliction,Soul Harvester,DPS,EU,Ruby Life Pools,10,1,997.5,209202,2,302.0,2026-08-20,0,-1,999.0,40.5,,
29470,14019,Mage,Arcane,Sunfury,DPS,EU,Ruby Life Pools,10,1,997.5,284853,0,303.0,2026-08-20,0,-1,999.0,40.5,,
29470,60280,Mage,Arcane,Sunfury,DPS,EU,Ruby Life Pools,10,1,997.5,239266,0,303.0,2026-08-20,0,-1,999.0,40.5,,
59378,127054,Druid,Guardian,Elune's Chosen,Tank,US,Ruby Life Pools,11,1,1167.2,102586,0,297.0,2026-08-23,0,-1,1168.0,30.5,,
59378,1138,Priest,Holy,Oracle,Healer,US,Ruby Life Pools,11,1,1167.2,35218,0,312.0,2026-08-23,0,-1,1168.0,30.5,,
59378,56738,Warrior,Arms,Slayer,DPS,US,Ruby Life Pools,11,1,1167.2,188358,0,295.0,2026-08-23,0,-1,1168.0,30.5,,
59378,127055,DemonHunter,Devourer,Annihilator,DPS,US,Ruby Life Pools,11,1,1167.2,195252,0,293.0,2026-08-23,0,-1,1168.0,30.5,,
59378,105,Monk,Windwalker,Conduit of the Celestials,DPS,US,Ruby Life Pools,11,1,1167.2,277037,2,309.0,2026-08-23,0,-1,1168.0,30.5,,
29066,63151,Paladin,Protection,Lightsmith,Tank,US,Temple of Sethraliss,9,1,1201.2,87314,0,288.0,2026-08-20,0,-1,1199.0,37.6,,
29066,1728,Priest,Holy,Oracle,Healer,US,Temple of Sethraliss,9,1,1201.2,51423,0,299.0,2026-08-20,0,-1,1199.0,37.6,,
29066,63152,Mage,Arcane,Sunfury,DPS,US,Temple of Sethraliss,9,1,1201.2,175375,0,300.0,2026-08-20,0,-1,1199.0,37.6,,
29066,63153,DemonHunter,Havoc,Fel-Scarred,DPS,US,Temple of Sethraliss,9,1,1201.2,191964,1,301.0,2026-08-20,0,-1,1199.0,37.6,,
29066,62604,Druid,Balance,Elune's Chosen,DPS,US,Temple of Sethraliss,9,1,1201.2,173128,0,296.0,2026-08-20,0,-1,1199.0,37.6,,
18117,40152,Druid,Guardian,Unknown,Tank,EU,Murder Row,6,1,1186.4,66119,1,293.0,2026-08-19,0,-1,1184.0,42.0,,
18117,40153,Paladin,Holy,Unknown,Healer,EU,Murder Row,6,1,1186.4,12662,0,290.0,2026-08-19,0,-1,1184.0,42.0,,
18117,40154,Warlock,Demonology,Unknown,DPS,EU,Murder Row,6,1,1186.4,121102,0,287.0,2026-08-19,0,-1,1184.0,42.0,,
18117,40155,Hunter,BeastMastery,Unknown,DPS,EU,Murder Row,6,1,1186.4,133735,0,294.0,2026-08-19,0,-1,1184.0,42.0,,
18117,40156,Warrior,Arms,Unknown,DPS,EU,Murder Row,6,1,1186.4,139704,0,292.0,2026-08-19,0,-1,1184.0,42.0,,
66218,4415,Paladin,Protection,Lightsmith,Tank,US,Kings' Rest,13,1,1639.3,96587,0,309.0,2026-08-22,0,-1,1646.0,16.8,,
66218,9903,Paladin,Holy,Herald of the Sun,Healer,US,Kings' Rest,13,1,1639.3,32780,0,302.0,2026-08-22,0,-1,1646.0,16.8,,3192
66218,65631,DeathKnight,Unholy,San'layn,DPS,US,Kings' Rest,13,1,1639.3,146816,0,305.0,2026-08-22,0,-1,1646.0,16.8,,
66218,36633,Shaman,Enhancement,Stormbringer,DPS,US,Kings' Rest,13,1,1639.3,145703,0,304.0,2026-08-22,0,-1,1646.0,16.8,,
66218,87690,Warrior,Arms,Slayer,DPS,US,Kings' Rest,13,1,1639.3,165529,1,302.0,2026-08-22,0,-1,1646.0,16.8,,
87207,61821,Warrior,Protection,Mountain Thane,Tank,US,Voidscar Arena,11,1,1064.1,126588,0,300.0,2026-08-23,0,-1,1101.0,38.8,0,
87207,153422,Druid,Restoration,Wildstalker,Healer,US,Voidscar Arena,11,1,1064.1,5970,3,291.0,2026-08-23,0,-1,1101.0,38.8,0,
87207,15723,DemonHunter,Havoc,Fel-Scarred,DPS,US,Voidscar Arena,11,1,1064.1,269588,1,311.0,2026-08-23,0,-1,1101.0,38.8,4,
87207,4522,Evoker,Devastation,Scalecommander,DPS,US,Voidscar Arena,11,1,1064.1,234659,2,306.0,2026-08-23,0,-1,1101.0,38.8,0,
87207,15722,Shaman,Elemental,Farseer,DPS,US,Voidscar Arena,11,1,1064.1,215836,3,309.0,2026-08-23,0,-1,1101.0,38.8,4,3058
8289,13074,Druid,Guardian,Elune's Chosen,Tank,EU,Voidscar Arena,10,1,1018.1,149835,0,305.0,2026-08-19,0,-1,1010.0,43.9,,2791
8289,13075,Shaman,Restoration,Totemic,Healer,EU,Voidscar Arena,10,1,1018.1,47504,0,299.0,2026-08-19,0,-1,1010.0,43.9,,2726
8289,13076,Evoker,Devastation,Scalecommander,DPS,EU,Voidscar Arena,10,1,1018.1,199221,0,294.0,2026-08-19,0,-1,1010.0,43.9,,2727
8289,13077,Warrior,Arms,Slayer,DPS,EU,Voidscar Arena,10,1,1018.1,217888,0,296.0,2026-08-19,0,-1,1010.0,43.9,,2712
8289,13078,Monk,Windwalker,Shado-Pan,DPS,EU,Voidscar Arena,10,1,1018.1,218120,0,295.0,2026-08-19,0,-1,1010.0,43.9,,2703
22348,8781,DeathKnight,Blood,San'layn,Tank,US,The Blinding Vale,10,1,1219.7,111258,0,299.0,2026-08-20,0,-1,1221.0,32.1,,2776
22348,44007,Priest,Holy,Oracle,Healer,US,The Blinding Vale,10,1,1219.7,46083,0,297.0,2026-08-20,0,-1,1221.0,32.1,,
22348,43984,Mage,Arcane,Sunfury,DPS,US,The Blinding Vale,10,1,1219.7,212127,1,302.0,2026-08-20,0,-1,1221.0,32.1,,
22348,10335,DemonHunter,Havoc,Fel-Scarred,DPS,US,The Blinding Vale,10,1,1219.7,210355,0,295.0,2026-08-20,0,-1,1221.0,32.1,,
22348,10159,Druid,Balance,Elune's Chosen,DPS,US,The Blinding Vale,10,1,1219.7,181131,0,291.0,2026-08-20,0,-1,1221.0,32.1,,2738
72723,78680,Paladin,Protection,Lightsmith,Tank,EU,The Blinding Vale,14,1,1679.1,123899,0,309.0,2026-08-22,0,-1,,,,
72723,138501,Monk,Mistweaver,Conduit of the Celestials,Healer,EU,The Blinding Vale,14,1,1679.1,56595,2,304.0,2026-08-22,0,-1,,,,
72723,138502,DemonHunter,Devourer,Annihilator,DPS,EU,The Blinding Vale,14,1,1679.1,266036,2,300.0,2026-08-22,0,-1,,,,
72723,41235,DeathKnight,Frost,Deathbringer,DPS,EU,The Blinding Vale,14,1,1679.1,218542,1,305.0,2026-08-22,0,-1,,,,
72723,23085,Mage,Arcane,Sunfury,DPS,EU,The Blinding Vale,14,1,1679.1,237845,0,310.0,2026-08-22,0,-1,,,,
9705,18869,Paladin,Protection,Templar,Tank,EU,Ruby Life Pools,11,1,1368.4,113622,1,293.0,2026-08-19,0,-1,1389.0,17.3,,
9705,14659,Paladin,Holy,Herald of the Sun,Healer,EU,Ruby Life Pools,11,1,1368.4,19220,1,290.0,2026-08-19,0,-1,1389.0,17.3,,
9705,14662,Druid,Balance,Elune's Chosen,DPS,EU,Ruby Life Pools,11,1,1368.4,188546,2,300.0,2026-08-19,0,-1,1389.0,17.3,,
9705,19082,Evoker,Devastation,Scalecommander,DPS,EU,Ruby Life Pools,11,1,1368.4,219281,1,296.0,2026-08-19,0,-1,1389.0,17.3,,
9705,14658,DemonHunter,Devourer,Void-Scarred,DPS,EU,Ruby Life Pools,11,1,1368.4,194386,1,296.0,2026-08-19,0,-1,1389.0,17.3,,
46930,13807,Druid,Guardian,Elune's Chosen,Tank,US,Murder Row,10,1,1156.6,139898,0,306.0,2026-08-22,0,-1,,,,
46930,99185,Druid,Restoration,Wildstalker,Healer,US,Murder Row,10,1,1156.6,11997,0,295.0,2026-08-22,0,-1,,,,
46930,42509,Mage,Arcane,Sunfury,DPS,US,Murder Row,10,1,1156.6,241879,0,304.0,2026-08-22,0,-1,,,,
46930,2782,Warlock,Destruction,Diabolist,DPS,US,Murder Row,10,1,1156.6,202143,0,305.0,2026-08-22,0,-1,,,,
46930,15140,Warlock,Demonology,Diabolist,DPS,US,Murder Row,10,1,1156.6,229539,0,304.0,2026-08-22,0,-1,,,,
52723,112002,Druid,Guardian,Elune's Chosen,Tank,US,Temple of Sethraliss,2,1,925.5,69999,0,291.0,2026-08-22,0,-1,,,,
52723,112003,Paladin,Holy,Herald of the Sun,Healer,US,Temple of Sethraliss,2,1,925.5,18326,0,290.0,2026-08-22,0,-1,,,,
52723,112004,Warlock,Destruction,Diabolist,DPS,US,Temple of Sethraliss,2,1,925.5,122073,0,303.0,2026-08-22,0,-1,,,,
52723,112005,DeathKnight,Unholy,Rider of the Apocalypse,DPS,US,Temple of Sethraliss,2,1,925.5,122513,0,290.0,2026-08-22,0,-1,,,,
52723,112006,Mage,Arcane,Sunfury,DPS,US,Temple of Sethraliss,2,1,925.5,86928,1,306.0,2026-08-22,0,-1,,,,
31160,66865,DeathKnight,Blood,San'layn,Tank,EU,The Blinding Vale,13,1,1621.6,131703,0,303.0,2026-08-20,0,-1,1676.0,6.9,,
31160,23903,Shaman,Restoration,Totemic,Healer,EU,The Blinding Vale,13,1,1621.6,29219,0,301.0,2026-08-20,0,-1,1676.0,6.9,,
31160,66866,Druid,Balance,Elune's Chosen,DPS,EU,The Blinding Vale,13,1,1621.6,187772,1,299.0,2026-08-20,0,-1,1676.0,6.9,,
31160,66867,Hunter,BeastMastery,Pack Leader,DPS,EU,The Blinding Vale,13,1,1621.6,206097,1,307.0,2026-08-20,0,-1,1676.0,6.9,,
31160,66868,Mage,Arcane,Sunfury,DPS,EU,The Blinding Vale,13,1,1621.6,221114,2,299.0,2026-08-20,0,-1,1676.0,6.9,,
55698,118141,DeathKnight,Blood,San'layn,Tank,EU,Altar of Fangs,2,1,1005.8,57772,0,294.0,2026-08-23,0,-1,,,,
55698,102885,Paladin,Holy,Herald of the Sun,Healer,EU,Altar of Fangs,2,1,1005.8,17665,0,298.0,2026-08-23,0,-1,,,,
55698,118142,Mage,Frost,Frostfire,DPS,EU,Altar of Fangs,2,1,1005.8,108000,1,298.0,2026-08-23,0,-1,,,,
55698,118143,Rogue,Outlaw,Trickster,DPS,EU,Altar of Fangs,2,1,1005.8,139489,0,292.0,2026-08-23,0,-1,,,,
55698,118144,Druid,Feral,Wildstalker,DPS,EU,Altar of Fangs,2,1,1005.8,126956,0,294.0,2026-08-23,0,-1,,,,
71706,100210,DeathKnight,Blood,Unknown,Tank,CN,Ruby Life Pools,14,1,1384.9,185889,0,314.0,2026-08-22,0,-1,1377.0,18.1,,
71706,100211,Paladin,Holy,Unknown,Healer,CN,Ruby Life Pools,14,1,1384.9,69998,0,306.0,2026-08-22,0,-1,1377.0,18.1,,
71706,100212,Warrior,Arms,Unknown,DPS,CN,Ruby Life Pools,14,1,1384.9,241903,0,303.0,2026-08-22,0,-1,1377.0,18.1,,
71706,104546,Mage,Arcane,Unknown,DPS,CN,Ruby Life Pools,14,1,1384.9,203141,0,310.0,2026-08-22,0,-1,1377.0,18.1,,
71706,141345,Shaman,Elemental,Unknown,DPS,CN,Ruby Life Pools,14,1,1384.9,259449,0,308.0,2026-08-22,0,-1,1377.0,18.1,,
49042,91633,Paladin,Protection,Lightsmith,Tank,CN,Temple of Sethraliss,13,1,1660.4,133356,0,302.0,2026-08-22,0,-1,,,,
49042,83948,Priest,Holy,Oracle,Healer,CN,Temple of Sethraliss,13,1,1660.4,27064,1,301.0,2026-08-22,0,-1,,,,
49042,91634,Shaman,Elemental,Farseer,DPS,CN,Temple of Sethraliss,13,1,1660.4,212367,0,299.0,2026-08-22,0,-1,,,,
49042,103775,Warrior,Arms,Slayer,DPS,CN,Temple of Sethraliss,13,1,1660.4,226322,1,302.0,2026-08-22,0,-1,,,,
49042,103776,Druid,Balance,Elune's Chosen,DPS,CN,Temple of Sethraliss,13,1,1660.4,161511,0,291.0,2026-08-22,0,-1,,,,
9210,15709,DeathKnight,Blood,San'layn,Tank,US,Ruby Life Pools,12,1,1393.9,117923,0,294.0,2026-08-19,0,-1,1401.0,16.6,,
9210,12458,Paladin,Holy,Herald of the Sun,Healer,US,Ruby Life Pools,12,1,1393.9,17568,1,301.0,2026-08-19,0,-1,1401.0,16.6,,
9210,1213,Mage,Arcane,Sunfury,DPS,US,Ruby Life Pools,12,1,1393.9,239058,0,301.0,2026-08-19,0,-1,1401.0,16.6,,
9210,9180,Shaman,Elemental,Farseer,DPS,US,Ruby Life Pools,12,1,1393.9,227545,0,296.0,2026-08-19,0,-1,1401.0,16.6,,
9210,15710,Warrior,Arms,Slayer,DPS,US,Ruby Life Pools,12,1,1393.9,234447,0,300.0,2026-08-19,0,-1,1401.0,16.6,,
39072,83719,Warrior,Protection,Mountain Thane,Tank,EU,Den of Nalorakk,11,1,1401.7,83238,0,304.0,2026-08-21,0,-1,1393.0,27.4,,
39072,74185,Priest,Discipline,Voidweaver,Healer,EU,Den of Nalorakk,11,1,1401.7,27954,0,306.0,2026-08-21,0,-1,1393.0,27.4,,
39072,74187,Warlock,Destruction,Diabolist,DPS,EU,Den of Nalorakk,11,1,1401.7,159889,0,307.0,2026-08-21,0,-1,1393.0,27.4,,
39072,76676,Rogue,Subtlety,Deathstalker,DPS,EU,Den of Nalorakk,11,1,1401.7,179140,0,297.0,2026-08-21,0,-1,1393.0,27.4,,
39072,74186,Mage,Arcane,Sunfury,DPS,EU,Den of Nalorakk,11,1,1401.7,173881,0,296.0,2026-08-21,0,-1,1393.0,27.4,,
70761,22224,Druid,Guardian,Elune's Chosen,Tank,US,Altar of Fangs,15,1,1600.1,161414,0,312.0,2026-08-23,0,-1,1591.0,11.6,,
70761,60657,Paladin,Holy,Herald of the Sun,Healer,US,Altar of Fangs,15,1,1600.1,23175,0,307.0,2026-08-23,0,-1,1591.0,11.6,,
70761,18896,Hunter,Marksmanship,Sentinel,DPS,US,Altar of Fangs,15,1,1600.1,273139,0,308.0,2026-08-23,0,-1,1591.0,11.6,,
70761,19760,Warrior,Arms,Slayer,DPS,US,Altar of Fangs,15,1,1600.1,301476,0,313.0,2026-08-23,0,-1,1591.0,11.6,,
70761,23925,Paladin,Retribution,Herald of the Sun,DPS,US,Altar of Fangs,15,1,1600.1,311808,0,313.0,2026-08-23,0,-1,1591.0,11.6,,
65456,54483,DemonHunter,Vengeance,Annihilator,Tank,CN,Kings' Rest,12,1,1461.7,89470,0,309.0,2026-08-23,0,-1,1484.0,25.1,,
65456,54484,Paladin,Holy,Lightsmith,Healer,CN,Kings' Rest,12,1,1461.7,58372,0,303.0,2026-08-23,0,-1,1484.0,25.1,,
65456,54485,Priest,Shadow,Voidweaver,DPS,CN,Kings' Rest,12,1,1461.7,178878,0,311.0,2026-08-23,0,-1,1484.0,25.1,,
65456,122092,Warrior,Arms,Slayer,DPS,CN,Kings' Rest,12,1,1461.7,128124,2,305.0,2026-08-23,0,-1,1484.0,25.1,,
65456,122091,Mage,Arcane,Sunfury,DPS,CN,Kings' Rest,12,1,1461.7,166010,0,305.0,2026-08-23,0,-1,1484.0,25.1,,
6686,4481,DeathKnight,Blood,San'layn,Tank,US,Murder Row,11,1,1450.5,130352,0,301.0,2026-08-19,0,-1,1452.0,28.8,,3125
6686,14298,Paladin,Holy,Herald of the Sun,Healer,US,Murder Row,11,1,1450.5,12869,1,283.0,2026-08-19,0,-1,1452.0,28.8,,
6686,14299,Mage,Fire,Sunfury,DPS,US,Murder Row,11,1,1450.5,189697,1,293.0,2026-08-19,0,-1,1452.0,28.8,,
6686,14300,Druid,Balance,Elune's Chosen,DPS,US,Murder Row,11,1,1450.5,188770,0,294.0,2026-08-19,0,-1,1452.0,28.8,,
6686,14301,Shaman,Elemental,Farseer,DPS,US,Murder Row,11,1,1450.5,191443,0,295.0,2026-08-19,0,-1,1452.0,28.8,,
3538,7955,DeathKnight,Blood,Deathbringer,Tank,US,Kings' Rest,11,0,2064.1,63462,2,290.0,2026-08-18,0,-1,2131.0,-7.6,,
3538,7956,Shaman,Restoration,Totemic,Healer,US,Kings' Rest,11,0,2064.1,20489,2,292.0,2026-08-18,0,-1,2131.0,-7.6,,
3538,7957,Shaman,Enhancement,Stormbringer,DPS,US,Kings' Rest,11,0,2064.1,130255,4,293.0,2026-08-18,0,-1,2131.0,-7.6,,
3538,7958,Warlock,Demonology,Diabolist,DPS,US,Kings' Rest,11,0,2064.1,140273,3,292.0,2026-08-18,0,-1,2131.0,-7.6,,
3538,7959,Mage,Arcane,Sunfury,DPS,US,Kings' Rest,11,0,2064.1,95794,4,292.0,2026-08-18,0,-1,2131.0,-7.6,,
31055,66558,Paladin,Protection,Lightsmith,Tank,CN,Ruby Life Pools,2,1,870.6,83220,0,293.0,2026-08-22,0,-1,862.0,48.7,,
31055,66559,Paladin,Holy,Herald of the Sun,Healer,CN,Ruby Life Pools,2,1,870.6,24538,0,291.0,2026-08-22,0,-1,862.0,48.7,,
31055,66560,Shaman,Elemental,Farseer,DPS,CN,Ruby Life Pools,2,1,870.6,134213,0,288.0,2026-08-22,0,-1,862.0,48.7,,
31055,66561,Druid,Balance,Elune's Chosen,DPS,CN,Ruby Life Pools,2,1,870.6,151983,0,293.0,2026-08-22,0,-1,862.0,48.7,,
31055,66562,Druid,Balance,Elune's Chosen,DPS,CN,Ruby Life Pools,2,1,870.6,104258,0,293.0,2026-08-22,0,-1,862.0,48.7,,
50496,34391,DeathKnight,Blood,San'layn,Tank,EU,Murder Row,10,1,1132.3,156709,0,310.0,2026-08-22,0,-1,,,,
50496,34392,Shaman,Restoration,Totemic,Healer,EU,Murder Row,10,1,1132.3,28015,0,303.0,2026-08-22,0,-1,,,,
50496,107159,Warlock,Demonology,Diabolist,DPS,EU,Murder Row,10,1,1132.3,203166,0,304.0,2026-08-22,0,-1,,,,
50496,46374,Mage,Arcane,Sunfury,DPS,EU,Murder Row,10,1,1132.3,248504,1,310.0,2026-08-22,0,-1,,,,
50496,28869,DemonHunter,Devourer,Annihilator,DPS,EU,Murder Row,10,1,1132.3,225457,0,302.0,2026-08-22,0,-1,,,,
43402,91187,Druid,Guardian,Elune's Chosen,Tank,EU,Kings' Rest,4,1,1154.6,52692,0,293.0,2026-08-21,0,-1,1146.0,42.1,,
43402,91188,Paladin,Holy,Herald of the Sun,Healer,EU,Kings' Rest,4,1,1154.6,22078,0,277.0,2026-08-21,0,-1,1146.0,42.1,,
43402,91189,Mage,Arcane,Sunfury,DPS,EU,Kings' Rest,4,1,1154.6,79188,1,293.0,2026-08-21,0,-1,1146.0,42.1,,
43402,91190,DemonHunter,Devourer,Void-Scarred,DPS,EU,Kings' Rest,4,1,1154.6,92224,0,286.0,2026-08-21,0,-1,1146.0,42.1,,
43402,91191,Priest,Shadow,Archon,DPS,EU,Kings' Rest,4,1,1154.6,95280,0,285.0,2026-08-21,0,-1,1146.0,42.1,,
78195,141730,DeathKnight,Blood,San'layn,Tank,EU,Den of Nalorakk,12,1,1500.4,104911,0,306.0,2026-08-22,0,-1,1492.0,22.3,,
78195,127925,Paladin,Holy,Herald of the Sun,Healer,EU,Den of Nalorakk,12,1,1500.4,7825,0,303.0,2026-08-22,0,-1,1492.0,22.3,,
78195,47436,DemonHunter,Devourer,Annihilator,DPS,EU,Den of Nalorakk,12,1,1500.4,151066,0,308.0,2026-08-22,0,-1,1492.0,22.3,,
78195,18540,Warrior,Arms,Slayer,DPS,EU,Den of Nalorakk,12,1,1500.4,208172,0,311.0,2026-08-22,0,-1,1492.0,22.3,,
78195,21186,Mage,Arcane,Sunfury,DPS,EU,Den of Nalorakk,12,1,1500.4,209068,0,306.0,2026-08-22,0,-1,1492.0,22.3,,
41372,87772,Monk,Brewmaster,Shado-Pan,Tank,CN,Altar of Fangs,4,1,1067.2,63013,0,289.0,2026-08-21,0,-1,1058.0,41.2,,
41372,87773,Priest,Discipline,Oracle,Healer,CN,Altar of Fangs,4,1,1067.2,8054,0,296.0,2026-08-21,0,-1,1058.0,41.2,,
41372,87774,Paladin,Retribution,Templar,DPS,CN,Altar of Fangs,4,1,1067.2,143061,0,294.0,2026-08-21,0,-1,1058.0,41.2,,
41372,87775,Hunter,BeastMastery,Pack Leader,DPS,CN,Altar of Fangs,4,1,1067.2,133658,0,295.0,2026-08-21,0,-1,1058.0,41.2,,
41372,87776,Warrior,Arms,Slayer,DPS,CN,Altar of Fangs,4,1,1067.2,143575,0,297.0,2026-08-21,0,-1,1058.0,41.2,,
60028,37423,DemonHunter,Vengeance,Annihilator,Tank,CN,Murder Row,10,1,1182.0,112552,0,308.0,2026-08-23,0,-1,1173.0,42.5,,
60028,128488,Priest,Holy,Archon,Healer,CN,Murder Row,10,1,1182.0,4059,0,303.0,2026-08-23,0,-1,1173.0,42.5,,
60028,128489,Mage,Arcane,Sunfury,DPS,CN,Murder Row,10,1,1182.0,263476,0,306.0,2026-08-23,0,-1,1173.0,42.5,,
60028,75749,Evoker,Devastation,Flameshaper,DPS,CN,Murder Row,10,1,1182.0,222200,0,309.0,2026-08-23,0,-1,1173.0,42.5,,
60028,128490,Hunter,Marksmanship,Sentinel,DPS,CN,Murder Row,10,1,1182.0,213817,0,302.0,2026-08-23,0,-1,1173.0,42.5,,
51894,110230,DeathKnight,Blood,Deathbringer,Tank,US,Murder Row,7,1,1229.4,74785,0,293.0,2026-08-22,0,-1,1221.0,40.2,,
51894,110231,Monk,Mistweaver,Conduit of the Celestials,Healer,US,Murder Row,7,1,1229.4,34874,0,303.0,2026-08-22,0,-1,1221.0,40.2,,
51894,79944,Mage,Arcane,Sunfury,DPS,US,Murder Row,7,1,1229.4,194163,0,303.0,2026-08-22,0,-1,1221.0,40.2,,
51894,12401,Warlock,Demonology,Diabolist,DPS,US,Murder Row,7,1,1229.4,168587,0,302.0,2026-08-22,0,-1,1221.0,40.2,,
51894,110232,Paladin,Retribution,Templar,DPS,US,Murder Row,7,1,1229.4,118646,0,300.0,2026-08-22,0,-1,1221.0,40.2,,
79505,39133,Druid,Guardian,Elune's Chosen,Tank,EU,The Blinding Vale,12,1,1376.7,128705,0,309.0,2026-08-21,0,-1,1383.0,23.2,,
79505,145423,Shaman,Restoration,Totemic,Healer,EU,The Blinding Vale,12,1,1376.7,23370,0,300.0,2026-08-21,0,-1,1383.0,23.2,,
79505,55298,Paladin,Retribution,Templar,DPS,EU,The Blinding Vale,12,1,1376.7,216403,1,303.0,2026-08-21,0,-1,1383.0,23.2,,
79505,34654,Warrior,Arms,Slayer,DPS,EU,The Blinding Vale,12,1,1376.7,213373,0,301.0,2026-08-21,0,-1,1383.0,23.2,,
79505,55297,DeathKnight,Unholy,Rider of the Apocalypse,DPS,EU,The Blinding Vale,12,1,1376.7,279430,0,299.0,2026-08-21,0,-1,1383.0,23.2,,
60254,129019,DeathKnight,Blood,San'layn,Tank,EU,Altar of Fangs,11,1,1257.1,176158,0,307.0,2026-08-23,0,-1,1254.0,30.3,,
60254,45945,Shaman,Restoration,Totemic,Healer,EU,Altar of Fangs,11,1,1257.1,39906,1,303.0,2026-08-23,0,-1,1254.0,30.3,,
60254,31722,Rogue,Outlaw,Trickster,DPS,EU,Altar of Fangs,11,1,1257.1,263740,0,305.0,2026-08-23,0,-1,1254.0,30.3,,
60254,123160,Warlock,Demonology,Diabolist,DPS,EU,Altar of Fangs,11,1,1257.1,254794,0,305.0,2026-08-23,0,-1,1254.0,30.3,,
60254,129020,Warrior,Arms,Slayer,DPS,EU,Altar of Fangs,11,1,1257.1,200155,0,301.0,2026-08-23,0,-1,1254.0,30.3,,
42680,89939,DeathKnight,Blood,Deathbringer,Tank,CN,Den of Nalorakk,2,1,1080.0,71100,0,307.0,2026-08-22,0,-1,,,,
42680,89940,Shaman,Restoration,Totemic,Healer,CN,Den of Nalorakk,2,1,1080.0,18480,0,283.0,2026-08-22,0,-1,,,,
42680,89941,DeathKnight,Unholy,San'layn,DPS,CN,Den of Nalorakk,2,1,1080.0,113060,0,296.0,2026-08-22,0,-1,,,,
42680,89942,Paladin,Retribution,Herald of the Sun,DPS,CN,Den of Nalorakk,2,1,1080.0,92383,0,298.0,2026-08-22,0,-1,,,,
42680,89943,Evoker,Devastation,Scalecommander,DPS,CN,Den of Nalorakk,2,1,1080.0,85146,0,288.0,2026-08-22,0,-1,,,,
73903,134109,DemonHunter,Vengeance,Annihilator,Tank,EU,Den of Nalorakk,12,1,1500.6,104748,0,311.0,2026-08-22,0,-1,1492.0,22.3,,
73903,62039,Shaman,Restoration,Totemic,Healer,EU,Den of Nalorakk,12,1,1500.6,28994,0,309.0,2026-08-22,0,-1,1492.0,22.3,,
73903,142650,Rogue,Assassination,Deathstalker,DPS,EU,Den of Nalorakk,12,1,1500.6,193228,0,296.0,2026-08-22,0,-1,1492.0,22.3,,
73903,79139,Paladin,Retribution,Templar,DPS,EU,Den of Nalorakk,12,1,1500.6,199987,0,305.0,2026-08-22,0,-1,1492.0,22.3,,
73903,61223,Hunter,Survival,Pack Leader,DPS,EU,Den of Nalorakk,12,1,1500.6,159083,0,304.0,2026-08-22,0,-1,1492.0,22.3,,
18820,24434,Druid,Guardian,Unknown,Tank,US,Murder Row,11,1,1565.1,100234,1,293.0,2026-08-19,0,-1,1566.0,23.2,,
18820,810,Paladin,Holy,Unknown,Healer,US,Murder Row,11,1,1565.1,10397,0,301.0,2026-08-19,0,-1,1566.0,23.2,,2772
18820,9518,Paladin,Retribution,Unknown,DPS,US,Murder Row,11,1,1565.1,152519,1,286.0,2026-08-19,0,-1,1566.0,23.2,,
18820,6634,Hunter,Marksmanship,Unknown,DPS,US,Murder Row,11,1,1565.1,194270,0,300.0,2026-08-19,0,-1,1566.0,23.2,,2746
18820,6632,Warlock,Demonology,Unknown,DPS,US,Murder Row,11,1,1565.1,209877,0,300.0,2026-08-19,0,-1,1566.0,23.2,,2745
81264,71182,DeathKnight,Blood,San'layn,Tank,CN,Ruby Life Pools,14,1,1073.8,204268,0,312.0,2026-08-23,0,-1,1066.0,36.6,,
81264,90168,Paladin,Holy,Lightsmith,Healer,CN,Ruby Life Pools,14,1,1073.8,76049,0,311.0,2026-08-23,0,-1,1066.0,36.6,,
81264,78766,Mage,Arcane,Sunfury,DPS,CN,Ruby Life Pools,14,1,1073.8,337589,0,308.0,2026-08-23,0,-1,1066.0,36.6,,
81264,74004,Warrior,Arms,Slayer,DPS,CN,Ruby Life Pools,14,1,1073.8,312688,0,313.0,2026-08-23,0,-1,1066.0,36.6,,
81264,71184,Rogue,Assassination,Deathstalker,DPS,CN,Ruby Life Pools,14,1,1073.8,367082,0,310.0,2026-08-23,0,-1,1066.0,36.6,,
87169,153347,DeathKnight,Blood,Deathbringer,Tank,EU,Temple of Sethraliss,12,1,1396.5,115786,0,309.0,2026-08-24,0,-1,1433.0,25.4,4,
87169,138453,Paladin,Holy,Herald of the Sun,Healer,EU,Temple of Sethraliss,12,1,1396.5,14283,1,302.0,2026-08-24,0,-1,1433.0,25.4,,
87169,153348,Mage,Arcane,Sunfury,DPS,EU,Temple of Sethraliss,12,1,1396.5,217034,0,311.0,2026-08-24,0,-1,1433.0,25.4,4,
87169,16749,DemonHunter,Devourer,Void-Scarred,DPS,EU,Temple of Sethraliss,12,1,1396.5,234415,0,308.0,2026-08-24,0,-1,1433.0,25.4,2,
87169,90695,Rogue,Subtlety,Trickster,DPS,EU,Temple of Sethraliss,12,1,1396.5,209575,2,304.0,2026-08-24,0,-1,1433.0,25.4,0,
6272,12764,DeathKnight,Blood,San'layn,Tank,US,Voidscar Arena,12,1,1399.2,118846,0,295.0,2026-08-19,0,-1,1420.0,21.1,,3020
6272,11405,Shaman,Restoration,Totemic,Healer,US,Voidscar Arena,12,1,1399.2,30882,0,295.0,2026-08-19,0,-1,1420.0,21.1,,
6272,7942,DemonHunter,Devourer,Annihilator,DPS,US,Voidscar Arena,12,1,1399.2,218862,0,303.0,2026-08-19,0,-1,1420.0,21.1,,3067
6272,12765,Priest,Shadow,Voidweaver,DPS,US,Voidscar Arena,12,1,1399.2,229982,2,297.0,2026-08-19,0,-1,1420.0,21.1,,3053
6272,12766,Paladin,Retribution,Templar,DPS,US,Voidscar Arena,12,1,1399.2,200223,0,296.0,2026-08-19,0,-1,1420.0,21.1,,3020
19051,13908,DeathKnight,Blood,Deathbringer,Tank,EU,Altar of Fangs,10,1,1228.8,125794,0,294.0,2026-08-19,0,-1,1230.0,31.7,,
19051,13692,Priest,Discipline,Voidweaver,Healer,EU,Altar of Fangs,10,1,1228.8,43587,1,309.0,2026-08-19,0,-1,1230.0,31.7,,2722
19051,13694,Shaman,Elemental,Farseer,DPS,EU,Altar of Fangs,10,1,1228.8,295903,0,300.0,2026-08-19,0,-1,1230.0,31.7,,2730
19051,22577,Hunter,Marksmanship,Sentinel,DPS,EU,Altar of Fangs,10,1,1228.8,216745,1,299.0,2026-08-19,0,-1,1230.0,31.7,,
19051,15456,Druid,Balance,Elune's Chosen,DPS,EU,Altar of Fangs,10,1,1228.8,217917,0,295.0,2026-08-19,0,-1,1230.0,31.7,,
68626,14986,Paladin,Protection,Lightsmith,Tank,US,Murder Row,13,1,1694.8,97049,1,306.0,2026-08-22,0,-1,,,,
68626,16652,Priest,Holy,Oracle,Healer,US,Murder Row,13,1,1694.8,21345,0,303.0,2026-08-22,0,-1,,,,
68626,14988,Mage,Arcane,Sunfury,DPS,US,Murder Row,13,1,1694.8,203881,1,302.0,2026-08-22,0,-1,,,,
68626,14945,Hunter,Marksmanship,Sentinel,DPS,US,Murder Row,13,1,1694.8,212746,1,301.0,2026-08-22,0,-1,,,,
68626,91605,DemonHunter,Devourer,Annihilator,DPS,US,Murder Row,13,1,1694.8,209873,0,303.0,2026-08-22,0,-1,,,,
21836,43818,DeathKnight,Blood,San'layn,Tank,EU,Altar of Fangs,10,1,1163.3,141841,0,297.0,2026-08-19,0,-1,1155.0,35.9,,2977
21836,43858,Priest,Holy,Oracle,Healer,EU,Altar of Fangs,10,1,1163.3,37673,0,292.0,2026-08-19,0,-1,1155.0,35.9,,2977
21836,43821,Mage,Arcane,Sunfury,DPS,EU,Altar of Fangs,10,1,1163.3,264679,0,298.0,2026-08-19,0,-1,1155.0,35.9,,2977
21836,43820,DemonHunter,Devourer,Void-Scarred,DPS,EU,Altar of Fangs,10,1,1163.3,244922,0,296.0,2026-08-19,0,-1,1155.0,35.9,,2940
21836,43822,Druid,Balance,Elune's Chosen,DPS,EU,Altar of Fangs,10,1,1163.3,232995,0,297.0,2026-08-19,0,-1,1155.0,35.9,,2977
44536,27198,Monk,Brewmaster,Master of Harmony,Tank,EU,Voidscar Arena,4,1,969.5,49018,1,288.0,2026-08-22,0,-1,,,,
44536,27199,Monk,Mistweaver,Conduit of the Celestials,Healer,EU,Voidscar Arena,4,1,969.5,34101,0,303.0,2026-08-22,0,-1,,,,
44536,66770,Paladin,Retribution,Herald of the Sun,DPS,EU,Voidscar Arena,4,1,969.5,113235,1,305.0,2026-08-22,0,-1,,,,
44536,66771,Mage,Arcane,Sunfury,DPS,EU,Voidscar Arena,4,1,969.5,137417,1,290.0,2026-08-22,0,-1,,,,
44536,66772,Paladin,Retribution,Herald of the Sun,DPS,EU,Voidscar Arena,4,1,969.5,156470,1,303.0,2026-08-22,0,-1,,,,
3656,8269,DeathKnight,Blood,Deathbringer,Tank,US,Murder Row,11,1,1988.9,76381,0,292.0,2026-08-19,0,-1,1991.0,2.4,,
3656,8270,Shaman,Restoration,Totemic,Healer,US,Murder Row,11,1,1988.9,19100,0,293.0,2026-08-19,0,-1,1991.0,2.4,,
3656,8271,Hunter,BeastMastery,Pack Leader,DPS,US,Murder Row,11,1,1988.9,144649,1,294.0,2026-08-19,0,-1,1991.0,2.4,,
3656,8272,Paladin,Retribution,Templar,DPS,US,Murder Row,11,1,1988.9,161798,0,293.0,2026-08-19,0,-1,1991.0,2.4,,
3656,8273,DemonHunter,Devourer,Annihilator,DPS,US,Murder Row,11,1,1988.9,133781,1,296.0,2026-08-19,0,-1,1991.0,2.4,,
62722,134943,Warrior,Protection,Mountain Thane,Tank,US,Altar of Fangs,2,1,1062.7,70736,2,287.0,2026-08-23,0,-1,,,,
62722,123386,Priest,Discipline,Oracle,Healer,US,Altar of Fangs,2,1,1062.7,7544,3,263.0,2026-08-23,0,-1,,,,
62722,134944,Warlock,Destruction,Diabolist,DPS,US,Altar of Fangs,2,1,1062.7,119425,2,292.0,2026-08-23,0,-1,,,,
62722,134945,DeathKnight,Unholy,Rider of the Apocalypse,DPS,US,Altar of Fangs,2,1,1062.7,108976,2,304.0,2026-08-23,0,-1,,,,
62722,30324,Hunter,BeastMastery,Pack Leader,DPS,US,Altar of Fangs,2,1,1062.7,144867,3,300.0,2026-08-23,0,-1,,,,
48123,24235,Monk,Brewmaster,Master of Harmony,Tank,EU,Temple of Sethraliss,11,1,1177.7,116594,0,303.0,2026-08-22,0,-1,1179.0,38.6,,
48123,101744,Paladin,Holy,Herald of the Sun,Healer,EU,Temple of Sethraliss,11,1,1177.7,11902,0,296.0,2026-08-22,0,-1,1179.0,38.6,,
48123,24239,Rogue,Subtlety,Deathstalker,DPS,EU,Temple of Sethraliss,11,1,1177.7,244463,0,306.0,2026-08-22,0,-1,1179.0,38.6,,
48123,86163,DeathKnight,Unholy,Rider of the Apocalypse,DPS,EU,Temple of Sethraliss,11,1,1177.7,215577,1,307.0,2026-08-22,0,-1,1179.0,38.6,,
48123,82875,Shaman,Enhancement,Stormbringer,DPS,EU,Temple of Sethraliss,11,1,1177.7,235174,1,305.0,2026-08-22,0,-1,1179.0,38.6,,
61807,132683,Paladin,Protection,Lightsmith,Tank,KR,Den of Nalorakk,2,1,1138.3,51430,0,289.0,2026-08-23,0,-1,,,,
61807,132684,Paladin,Holy,Lightsmith,Healer,KR,Den of Nalorakk,2,1,1138.3,22148,0,282.0,2026-08-23,0,-1,,,,
61807,132685,Hunter,BeastMastery,Pack Leader,DPS,KR,Den of Nalorakk,2,1,1138.3,71533,0,285.0,2026-08-23,0,-1,,,,
61807,132686,DemonHunter,Havoc,Fel-Scarred,DPS,KR,Den of Nalorakk,2,1,1138.3,108818,0,294.0,2026-08-23,0,-1,,,,
61807,126262,Shaman,Elemental,Farseer,DPS,KR,Den of Nalorakk,2,1,1138.3,84342,0,287.0,2026-08-23,0,-1,,,,
76069,47558,DeathKnight,Blood,San'layn,Tank,CN,Murder Row,13,1,1666.4,152603,0,306.0,2026-08-22,0,-1,1718.0,15.8,,
76069,75426,Paladin,Holy,Lightsmith,Healer,CN,Murder Row,13,1,1666.4,23396,1,304.0,2026-08-22,0,-1,1718.0,15.8,,
76069,47562,Shaman,Elemental,Farseer,DPS,CN,Murder Row,13,1,1666.4,226848,0,301.0,2026-08-22,0,-1,1718.0,15.8,,
76069,47561,Hunter,Marksmanship,Sentinel,DPS,CN,Murder Row,13,1,1666.4,189347,1,309.0,2026-08-22,0,-1,1718.0,15.8,,
76069,75427,Warrior,Arms,Slayer,DPS,CN,Murder Row,13,1,1666.4,210273,2,302.0,2026-08-22,0,-1,1718.0,15.8,,
79725,45874,Druid,Guardian,Elune's Chosen,Tank,EU,Altar of Fangs,14,1,1590.8,133132,0,309.0,2026-08-23,0,-1,1597.0,11.3,,
79725,73638,Shaman,Restoration,Totemic,Healer,EU,Altar of Fangs,14,1,1590.8,29787,0,305.0,2026-08-23,0,-1,1597.0,11.3,,
79725,45876,Warrior,Fury,Slayer,DPS,EU,Altar of Fangs,14,1,1590.8,282849,1,312.0,2026-08-23,0,-1,1597.0,11.3,,
79725,97954,Warrior,Arms,Slayer,DPS,EU,Altar of Fangs,14,1,1590.8,242674,0,310.0,2026-08-23,0,-1,1597.0,11.3,,
79725,19795,DemonHunter,Devourer,Void-Scarred,DPS,EU,Altar of Fangs,14,1,1590.8,276398,0,312.0,2026-08-23,0,-1,1597.0,11.3,,
80811,145966,DeathKnight,Blood,San'layn,Tank,CN,Voidscar Arena,12,1,1365.8,104935,0,303.0,2026-08-23,0,-1,,,,
80811,145967,Paladin,Holy,Herald of the Sun,Healer,CN,Voidscar Arena,12,1,1365.8,14136,0,303.0,2026-08-23,0,-1,,,,
80811,145968,Mage,Arcane,Sunfury,DPS,CN,Voidscar Arena,12,1,1365.8,163734,0,296.0,2026-08-23,0,-1,,,,
80811,37424,Mage,Arcane,Sunfury,DPS,CN,Voidscar Arena,12,1,1365.8,200053,2,311.0,2026-08-23,0,-1,,,,
80811,140126,Warrior,Arms,Slayer,DPS,CN,Voidscar Arena,12,1,1365.8,228686,0,315.0,2026-08-23,0,-1,,,,
32817,70926,Paladin,Protection,Lightsmith,Tank,EU,Murder Row,10,1,1229.0,106035,0,293.0,2026-08-21,0,-1,1220.0,40.2,,
32817,70927,Paladin,Holy,Herald of the Sun,Healer,EU,Murder Row,10,1,1229.0,7543,0,303.0,2026-08-21,0,-1,1220.0,40.2,,
32817,43529,Mage,Arcane,Sunfury,DPS,EU,Murder Row,10,1,1229.0,235023,0,312.0,2026-08-21,0,-1,1220.0,40.2,,
32817,70928,DemonHunter,Devourer,Annihilator,DPS,EU,Murder Row,10,1,1229.0,236426,0,302.0,2026-08-21,0,-1,1220.0,40.2,,
32817,70929,Warrior,Arms,Slayer,DPS,EU,Murder Row,10,1,1229.0,159663,0,310.0,2026-08-21,0,-1,1220.0,40.2,,
48924,102085,Warrior,Protection,Mountain Thane,Tank,CN,Voidscar Arena,11,1,1240.8,119738,0,299.0,2026-08-22,0,-1,,,,
48924,102086,Paladin,Holy,Herald of the Sun,Healer,CN,Voidscar Arena,11,1,1240.8,17116,1,299.0,2026-08-22,0,-1,,,,
48924,102088,Paladin,Retribution,Herald of the Sun,DPS,CN,Voidscar Arena,11,1,1240.8,180559,0,293.0,2026-08-22,0,-1,,,,
48924,102087,Mage,Arcane,Sunfury,DPS,CN,Voidscar Arena,11,1,1240.8,222861,0,306.0,2026-08-22,0,-1,,,,
48924,102089,Paladin,Retribution,Herald of the Sun,DPS,CN,Voidscar Arena,11,1,1240.8,221037,1,302.0,2026-08-22,0,-1,,,,
67781,138820,DemonHunter,Vengeance,Annihilator,Tank,EU,Murder Row,14,1,1778.3,94684,1,303.0,2026-08-23,0,-1,1874.0,8.1,,
67781,15862,Shaman,Restoration,Totemic,Healer,EU,Murder Row,14,1,1778.3,28456,1,302.0,2026-08-23,0,-1,1874.0,8.1,,
67781,15861,Druid,Balance,Elune's Chosen,DPS,EU,Murder Row,14,1,1778.3,215741,2,309.0,2026-08-23,0,-1,1874.0,8.1,,
67781,15865,Warlock,Demonology,Diabolist,DPS,EU,Murder Row,14,1,1778.3,242205,1,310.0,2026-08-23,0,-1,1874.0,8.1,,
67781,15863,DeathKnight,Unholy,San'layn,DPS,EU,Murder Row,14,1,1778.3,223714,2,309.0,2026-08-23,0,-1,1874.0,8.1,,
21257,43602,Druid,Guardian,Elune's Chosen,Tank,US,Murder Row,11,1,1410.0,104609,0,302.0,2026-08-19,0,-1,1411.0,30.8,,
21257,43603,Priest,Holy,Oracle,Healer,US,Murder Row,11,1,1410.0,30933,0,298.0,2026-08-19,0,-1,1411.0,30.8,,
