run_id,char_id,class,spec,hero_talent,role,region,dungeon,key_level,timed,duration_s,dps,deaths,item_level,date,reset_bucket,post_tuning,keystone_s,pct_under_timer,set_pieces,player_rating
61176,131172,Shaman,Restoration,Totemic,Healer,EU,The Blinding Vale,6,1,1010.7,20796,0,281.0,2026-08-23,0,-1,1003.0,44.3,,
61176,131173,Hunter,BeastMastery,Pack Leader,DPS,EU,The Blinding Vale,6,1,1010.7,179223,0,304.0,2026-08-23,0,-1,1003.0,44.3,,
61176,131174,Hunter,BeastMastery,Pack Leader,DPS,EU,The Blinding Vale,6,1,1010.7,144270,0,302.0,2026-08-23,0,-1,1003.0,44.3,,
61176,26666,Rogue,Subtlety,Deathstalker,DPS,EU,The Blinding Vale,6,1,1010.7,164322,0,297.0,2026-08-23,0,-1,1003.0,44.3,,
74127,25866,DeathKnight,Blood,San'layn,Tank,EU,Voidscar Arena,13,1,1469.6,105062,0,308.0,2026-08-22,0,-1,1536.0,14.7,,
74127,23061,Monk,Mistweaver,Conduit of the Celestials,Healer,EU,Voidscar Arena,13,1,1469.6,35981,1,298.0,2026-08-22,0,-1,1536.0,14.7,,
74127,59189,DeathKnight,Unholy,San'layn,DPS,EU,Voidscar Arena,13,1,1469.6,226066,1,307.0,2026-08-22,0,-1,1536.0,14.7,,
74127,28989,DemonHunter,Devourer,Void-Scarred,DPS,EU,Voidscar Arena,13,1,1469.6,167062,1,304.0,2026-08-22,0,-1,1536.0,14.7,,
74127,104936,Shaman,Elemental,Farseer,DPS,EU,Voidscar Arena,13,1,1469.6,191176,2,297.0,2026-08-22,0,-1,1536.0,14.7,,
41331,50149,DemonHunter,Vengeance,Annihilator,Tank,US,Murder Row,10,1,1120.6,115097,0,305.0,2026-08-21,0,-1,1122.0,45.0,,
41331,11360,Monk,Mistweaver,Conduit of the Celestials,Healer,US,Murder Row,10,1,1120.6,46982,0,307.0,2026-08-21,0,-1,1122.0,45.0,,
41331,9742,Monk,Windwalker,Conduit of the Celestials,DPS,US,Murder Row,10,1,1120.6,229069,0,311.0,2026-08-21,0,-1,1122.0,45.0,,3091
41331,8412,Mage,Arcane,Sunfury,DPS,US,Murder Row,10,1,1120.6,209429,2,310.0,2026-08-21,0,-1,1122.0,45.0,,2961
41331,7713,Rogue,Subtlety,Deathstalker,DPS,US,Murder Row,10,1,1120.6,200291,0,310.0,2026-08-21,0,-1,1122.0,45.0,,3188
1341,3312,Paladin,Protection,Lightsmith,Tank,US,Altar of Fangs,10,1,1317.4,120424,0,296.0,2026-08-19,0,-1,1314.0,27.0,,3022
1341,3313,Priest,Holy,Archon,Healer,US,Altar of Fangs,10,1,1317.4,16326,0,296.0,2026-08-19,0,-1,1314.0,27.0,,2983
1341,3314,Mage,Arcane,Sunfury,DPS,US,Altar of Fangs,10,1,1317.4,253419,0,301.0,2026-08-19,0,-1,1314.0,27.0,,3219
1341,3315,Priest,Shadow,Archon,DPS,US,Altar of Fangs,10,1,1317.4,203583,1,294.0,2026-08-19,0,-1,1314.0,27.0,,
1341,3316,Rogue,Assassination,Deathstalker,DPS,US,Altar of Fangs,10,1,1317.4,238264,0,301.0,2026-08-19,0,-1,1314.0,27.0,,3118
18200,40327,DeathKnight,Blood,San'layn,Tank,US,Den of Nalorakk,8,1,1248.6,70021,0,295.0,2026-08-20,0,-1,1245.0,35.1,,
18200,40328,Druid,Restoration,Wildstalker,Healer,US,Den of Nalorakk,8,1,1248.6,20520,0,286.0,2026-08-20,0,-1,1245.0,35.1,,
18200,40329,Shaman,Elemental,Farseer,DPS,US,Den of Nalorakk,8,1,1248.6,136725,0,291.0,2026-08-20,0,-1,1245.0,35.1,,
18200,26069,Warrior,Arms,Slayer,DPS,US,Den of Nalorakk,8,1,1248.6,154150,0,299.0,2026-08-20,0,-1,1245.0,35.1,,
18200,40330,DemonHunter,Devourer,Void-Scarred,DPS,US,Den of Nalorakk,8,1,1248.6,138480,1,295.0,2026-08-20,0,-1,1245.0,35.1,,
38927,83397,Druid,Guardian,Druid of the Claw,Tank,EU,Voidscar Arena,10,1,889.1,127543,0,303.0,2026-08-21,0,-1,880.0,51.1,,
38927,75754,Priest,Discipline,Oracle,Healer,EU,Voidscar Arena,10,1,889.1,25029,0,302.0,2026-08-21,0,-1,880.0,51.1,,
38927,83398,Shaman,Elemental,Farseer,DPS,EU,Voidscar Arena,10,1,889.1,279815,0,307.0,2026-08-21,0,-1,880.0,51.1,,
38927,14806,DeathKnight,Unholy,Rider of the Apocalypse,DPS,EU,Voidscar Arena,10,1,889.1,233033,0,302.0,2026-08-21,0,-1,880.0,51.1,,
38927,71967,Warrior,Arms,Slayer,DPS,EU,Voidscar Arena,10,1,889.1,270219,0,307.0,2026-08-21,0,-1,880.0,51.1,,
68053,58119,DeathKnight,Blood,San'layn,Tank,EU,Altar of Fangs,14,1,1729.9,139816,0,305.0,2026-08-22,0,-1,1766.0,1.9,,
68053,85106,Shaman,Restoration,Totemic,Healer,EU,Altar of Fangs,14,1,1729.9,35742,0,308.0,2026-08-22,0,-1,1766.0,1.9,,
68053,20875,Warrior,Fury,Slayer,DPS,EU,Altar of Fangs,14,1,1729.9,248412,1,305.0,2026-08-22,0,-1,1766.0,1.9,,
68053,43109,Druid,Feral,Druid of the Claw,DPS,EU,Altar of Fangs,14,1,1729.9,244395,1,306.0,2026-08-22,0,-1,1766.0,1.9,,
68053,83220,Hunter,Survival,Pack Leader,DPS,EU,Altar of Fangs,14,1,1729.9,228574,1,312.0,2026-08-22,0,-1,1766.0,1.9,,
14320,29006,Monk,Brewmaster,Master of Harmony,Tank,US,Temple of Sethraliss,3,1,1386.3,61932,0,292.0,2026-08-19,0,-1,1378.0,28.2,,
14320,29094,Priest,Discipline,Oracle,Healer,US,Temple of Sethraliss,3,1,1386.3,13431,0,292.0,2026-08-19,0,-1,1378.0,28.2,,
14320,29008,Mage,Arcane,Sunfury,DPS,US,Temple of Sethraliss,3,1,1386.3,87893,0,284.0,2026-08-19,0,-1,1378.0,28.2,,
14320,29095,Hunter,BeastMastery,Pack Leader,DPS,US,Temple of Sethraliss,3,1,1386.3,93378,1,289.0,2026-08-19,0,-1,1378.0,28.2,,
14320,29096,Mage,Frost,Spellslinger,DPS,US,Temple of Sethraliss,3,1,1386.3,98114,0,290.0,2026-08-19,0,-1,1378.0,28.2,,
55367,117435,DemonHunter,Vengeance,Annihilator,Tank,US,Kings' Rest,14,1,1878.0,92966,0,303.0,2026-08-22,0,-1,,,,
55367,117436,Shaman,Restoration,Totemic,Healer,US,Kings' Rest,14,1,1878.0,18415,0,298.0,2026-08-22,0,-1,,,,
55367,99744,Paladin,Retribution,Templar,DPS,US,Kings' Rest,14,1,1878.0,156224,2,305.0,2026-08-22,0,-1,,,,
55367,62112,Mage,Arcane,Sunfury,DPS,US,Kings' Rest,14,1,1878.0,160954,1,306.0,2026-08-22,0,-1,,,,
55367,63315,Warlock,Demonology,Diabolist,DPS,US,Kings' Rest,14,1,1878.0,158730,0,305.0,2026-08-22,0,-1,,,,
41383,20171,Druid,Guardian,Elune's Chosen,Tank,EU,Den of Nalorakk,13,1,1777.1,89004,0,302.0,2026-08-20,0,-1,1828.0,4.8,,
41383,51507,Paladin,Holy,Herald of the Sun,Healer,EU,Den of Nalorakk,13,1,1777.1,30908,1,303.0,2026-08-20,0,-1,1828.0,4.8,,
41383,49475,Mage,Arcane,Sunfury,DPS,EU,Den of Nalorakk,13,1,1777.1,208000,0,306.0,2026-08-20,0,-1,1828.0,4.8,,
41383,87786,Warrior,Arms,Slayer,DPS,EU,Den of Nalorakk,13,1,1777.1,152948,2,301.0,2026-08-20,0,-1,1828.0,4.8,,
41383,87787,DeathKnight,Unholy,San'layn,DPS,EU,Den of Nalorakk,13,1,1777.1,191991,1,300.0,2026-08-20,0,-1,1828.0,4.8,,
73756,35041,DeathKnight,Blood,San'layn,Tank,EU,Murder Row,15,1,1755.9,134087,0,311.0,2026-08-22,0,-1,1823.0,10.6,,
73756,82232,Evoker,Preservation,Chronowarden,Healer,EU,Murder Row,15,1,1755.9,52894,0,301.0,2026-08-22,0,-1,1823.0,10.6,,
73756,54870,DemonHunter,Devourer,Annihilator,DPS,EU,Murder Row,15,1,1755.9,237656,1,305.0,2026-08-22,0,-1,1823.0,10.6,,
73756,75580,Warrior,Arms,Slayer,DPS,EU,Murder Row,15,1,1755.9,222419,4,309.0,2026-08-22,0,-1,1823.0,10.6,,
73756,23087,Druid,Balance,Elune's Chosen,DPS,EU,Murder Row,15,1,1755.9,233952,0,309.0,2026-08-22,0,-1,1823.0,10.6,,
3740,6979,Paladin,Protection,Templar,Tank,US,Voidscar Arena,10,1,1208.3,106716,0,297.0,2026-08-19,0,-1,1205.0,33.1,,2872
3740,8504,Monk,Mistweaver,Conduit of the Celestials,Healer,US,Voidscar Arena,10,1,1208.3,40918,0,291.0,2026-08-19,0,-1,1205.0,33.1,,2851
3740,6981,Priest,Shadow,Archon,DPS,US,Voidscar Arena,10,1,1208.3,180557,0,295.0,2026-08-19,0,-1,1205.0,33.1,,2853
3740,6982,Paladin,Retribution,Templar,DPS,US,Voidscar Arena,10,1,1208.3,179648,1,296.0,2026-08-19,0,-1,1205.0,33.1,,2860
3740,6983,Warrior,Arms,Slayer,DPS,US,Voidscar Arena,10,1,1208.3,181340,0,298.0,2026-08-19,0,-1,1205.0,33.1,,2950
72032,24228,DeathKnight,Blood,San'layn,Tank,US,Kings' Rest,14,1,1807.0,82468,0,313.0,2026-08-23,0,-1,1858.0,6.2,,
72032,58201,Paladin,Holy,Herald of the Sun,Healer,US,Kings' Rest,14,1,1807.0,24777,0,312.0,2026-08-23,0,-1,1858.0,6.2,,
72032,138260,Hunter,BeastMastery,Pack Leader,DPS,US,Kings' Rest,14,1,1807.0,136995,3,310.0,2026-08-23,0,-1,1858.0,6.2,,
72032,4319,Warrior,Arms,Slayer,DPS,US,Kings' Rest,14,1,1807.0,175499,0,311.0,2026-08-23,0,-1,1858.0,6.2,,
72032,3339,DemonHunter,Devourer,Annihilator,DPS,US,Kings' Rest,14,1,1807.0,180223,1,311.0,2026-08-23,0,-1,1858.0,6.2,,
35397,30737,Warrior,Protection,Mountain Thane,Tank,US,Altar of Fangs,4,1,943.7,106934,0,290.0,2026-08-21,0,-1,935.0,48.1,,
35397,76514,Paladin,Holy,Herald of the Sun,Healer,US,Altar of Fangs,4,1,943.7,16966,0,287.0,2026-08-21,0,-1,935.0,48.1,,
35397,76515,Mage,Arcane,Sunfury,DPS,US,Altar of Fangs,4,1,943.7,134169,1,292.0,2026-08-21,0,-1,935.0,48.1,,
35397,33308,Shaman,Elemental,Farseer,DPS,US,Altar of Fangs,4,1,943.7,162158,0,295.0,2026-08-21,0,-1,935.0,48.1,,
35397,76516,Monk,Windwalker,Shado-Pan,DPS,US,Altar of Fangs,4,1,943.7,153599,0,297.0,2026-08-21,0,-1,935.0,48.1,,
10701,21520,DeathKnight,Blood,San'layn,Tank,EU,Ruby Life Pools,11,1,1329.7,117865,0,297.0,2026-08-19,0,-1,1322.0,21.3,,
10701,21521,Shaman,Restoration,Totemic,Healer,EU,Ruby Life Pools,11,1,1329.7,15686,0,295.0,2026-08-19,0,-1,1322.0,21.3,,
10701,21406,Paladin,Retribution,Templar,DPS,EU,Ruby Life Pools,11,1,1329.7,186206,0,297.0,2026-08-19,0,-1,1322.0,21.3,,
10701,21522,Warrior,Arms,Slayer,DPS,EU,Ruby Life Pools,11,1,1329.7,213347,0,294.0,2026-08-19,0,-1,1322.0,21.3,,
10701,21523,DemonHunter,Devourer,Void-Scarred,DPS,EU,Ruby Life Pools,11,1,1329.7,191129,0,294.0,2026-08-19,0,-1,1322.0,21.3,,
86928,152990,DeathKnight,Blood,San'layn,Tank,US,The Blinding Vale,4,1,913.3,94673,0,292.0,2026-08-23,0,-1,905.0,49.7,0,
86928,152947,Priest,Discipline,Oracle,Healer,US,The Blinding Vale,4,1,913.3,18042,0,290.0,2026-08-23,0,-1,905.0,49.7,0,
86928,148138,Evoker,Devastation,Scalecommander,DPS,US,The Blinding Vale,4,1,913.3,172434,1,295.0,2026-08-23,0,-1,905.0,49.7,0,
86928,152991,Hunter,BeastMastery,Pack Leader,DPS,US,The Blinding Vale,4,1,913.3,145604,0,298.0,2026-08-23,0,-1,905.0,49.7,2,
86928,152992,Mage,Arcane,Sunfury,DPS,US,The Blinding Vale,4,1,913.3,115168,0,285.0,2026-08-23,0,-1,905.0,49.7,0,
17241,38142,DeathKnight,Blood,Deathbringer,Tank,US,Murder Row,5,1,1109.4,67375,1,296.0,2026-08-19,0,-1,1101.0,46.0,,
17241,38143,Shaman,Restoration,Totemic,Healer,US,Murder Row,5,1,1109.4,17878,1,300.0,2026-08-19,0,-1,1101.0,46.0,,
17241,38144,Warrior,Arms,Slayer,DPS,US,Murder Row,5,1,1109.4,137986,0,299.0,2026-08-19,0,-1,1101.0,46.0,,
17241,38145,Warrior,Arms,Slayer,DPS,US,Murder Row,5,1,1109.4,123073,1,302.0,2026-08-19,0,-1,1101.0,46.0,,
17241,38146,DeathKnight,Unholy,Rider of the Apocalypse,DPS,US,Murder Row,5,1,1109.4,132475,1,294.0,2026-08-19,0,-1,1101.0,46.0,,
67398,15314,DeathKnight,Blood,San'layn,Tank,EU,Altar of Fangs,14,1,1708.6,167299,0,306.0,2026-08-21,0,-1,1700.0,5.6,,
67398,15315,Shaman,Restoration,Totemic,Healer,EU,Altar of Fangs,14,1,1708.6,35237,0,302.0,2026-08-21,0,-1,1700.0,5.6,,
67398,60414,Rogue,Subtlety,Deathstalker,DPS,EU,Altar of Fangs,14,1,1708.6,295751,0,308.0,2026-08-21,0,-1,1700.0,5.6,,
67398,16630,Hunter,BeastMastery,Pack Leader,DPS,EU,Altar of Fangs,14,1,1708.6,213090,0,306.0,2026-08-21,0,-1,1700.0,5.6,,
67398,15316,Warrior,Arms,Slayer,DPS,EU,Altar of Fangs,14,1,1708.6,191858,0,300.0,2026-08-21,0,-1,1700.0,5.6,,
37832,81442,DeathKnight,Blood,San'layn,Tank,EU,Murder Row,10,1,1193.1,96429,0,302.0,2026-08-21,0,-1,1184.0,42.0,,
37832,15596,Monk,Mistweaver,Conduit of the Celestials,Healer,EU,Murder Row,10,1,1193.1,59333,0,308.0,2026-08-21,0,-1,1184.0,42.0,,
37832,81443,Warlock,Destruction,Diabolist,DPS,EU,Murder Row,10,1,1193.1,239503,0,308.0,2026-08-21,0,-1,1184.0,42.0,,
37832,15597,Hunter,Marksmanship,Sentinel,DPS,EU,Murder Row,10,1,1193.1,229120,0,306.0,2026-08-21,0,-1,1184.0,42.0,,
37832,81444,DemonHunter,Devourer,Annihilator,DPS,EU,Murder Row,10,1,1193.1,203565,0,302.0,2026-08-21,0,-1,1184.0,42.0,,
45259,95320,Paladin,Protection,Lightsmith,Tank,US,Ruby Life Pools,11,1,1183.4,113482,1,300.0,2026-08-22,0,-1,1180.0,29.8,,
45259,81454,Shaman,Restoration,Totemic,Healer,US,Ruby Life Pools,11,1,1183.4,16333,0,301.0,2026-08-22,0,-1,1180.0,29.8,,
45259,51158,Druid,Balance,Elune's Chosen,DPS,US,Ruby Life Pools,11,1,1183.4,192977,0,303.0,2026-08-22,0,-1,1180.0,29.8,,
45259,3828,Paladin,Retribution,Templar,DPS,US,Ruby Life Pools,11,1,1183.4,243488,0,309.0,2026-08-22,0,-1,1180.0,29.8,,3135
45259,10267,Rogue,Outlaw,Trickster,DPS,US,Ruby Life Pools,11,1,1183.4,226777,0,310.0,2026-08-22,0,-1,1180.0,29.8,,
71855,76501,DeathKnight,Blood,San'layn,Tank,CN,Ruby Life Pools,14,1,1408.2,153718,3,305.0,2026-08-23,0,-1,1624.0,3.3,,
71855,65152,Paladin,Holy,Lightsmith,Healer,CN,Ruby Life Pools,14,1,1408.2,38915,4,308.0,2026-08-23,0,-1,1624.0,3.3,,
71855,76503,Warrior,Arms,Slayer,DPS,CN,Ruby Life Pools,14,1,1408.2,211125,3,309.0,2026-08-23,0,-1,1624.0,3.3,,
71855,137432,Mage,Arcane,Sunfury,DPS,CN,Ruby Life Pools,14,1,1408.2,256502,3,311.0,2026-08-23,0,-1,1624.0,3.3,,
71855,48094,Mage,Arcane,Sunfury,DPS,CN,Ruby Life Pools,14,1,1408.2,285894,2,305.0,2026-08-23,0,-1,1624.0,3.3,,
30650,59067,DeathKnight,Blood,Unknown,Tank,US,Altar of Fangs,10,1,1091.2,127652,0,312.0,2026-08-22,0,-1,1088.0,39.6,,
30650,57306,Evoker,Preservation,Unknown,Healer,US,Altar of Fangs,10,1,1091.2,53402,1,307.0,2026-08-22,0,-1,1088.0,39.6,,
30650,59069,Paladin,Retribution,Unknown,DPS,US,Altar of Fangs,10,1,1091.2,255474,0,308.0,2026-08-22,0,-1,1088.0,39.6,,
30650,57308,Evoker,Devastation,Unknown,DPS,US,Altar of Fangs,10,1,1091.2,266018,0,307.0,2026-08-22,0,-1,1088.0,39.6,,
30650,59068,DeathKnight,Unholy,Unknown,DPS,US,Altar of Fangs,10,1,1091.2,289291,0,310.0,2026-08-22,0,-1,1088.0,39.6,,
58744,15240,Warrior,Protection,Mountain Thane,Tank,EU,The Blinding Vale,11,1,1244.8,142196,0,304.0,2026-08-23,0,-1,1246.0,30.8,,
58744,57881,Priest,Holy,Oracle,Healer,EU,The Blinding Vale,11,1,1244.8,43838,0,304.0,2026-08-23,0,-1,1246.0,30.8,,
58744,125501,Mage,Arcane,Sunfury,DPS,EU,The Blinding Vale,11,1,1244.8,227667,0,297.0,2026-08-23,0,-1,1246.0,30.8,,
58744,125502,Shaman,Enhancement,Stormbringer,DPS,EU,The Blinding Vale,11,1,1244.8,213624,1,308.0,2026-08-23,0,-1,1246.0,30.8,,
58744,54553,Druid,Balance,Elune's Chosen,DPS,EU,The Blinding Vale,11,1,1244.8,205521,1,302.0,2026-08-23,0,-1,1246.0,30.8,,
65210,255,Paladin,Protection,Lightsmith,Tank,US,Murder Row,15,1,1934.2,114958,0,307.0,2026-08-20,0,-1,1941.0,4.9,,3155
65210,256,Shaman,Restoration,Farseer,Healer,US,Murder Row,15,1,1934.2,31189,0,304.0,2026-08-20,0,-1,1941.0,4.9,,3168
65210,259,Warrior,Arms,Slayer,DPS,US,Murder Row,15,1,1934.2,255270,0,300.0,2026-08-20,0,-1,1941.0,4.9,,3022
65210,13706,Mage,Arcane,Sunfury,DPS,US,Murder Row,15,1,1934.2,190249,0,287.0,2026-08-20,0,-1,1941.0,4.9,,
65210,257,Rogue,Subtlety,Deathstalker,DPS,US,Murder Row,15,1,1934.2,224389,1,301.0,2026-08-20,0,-1,1941.0,4.9,,2966
56122,119154,Monk,Brewmaster,Shado-Pan,Tank,US,Altar of Fangs,2,1,954.9,75576,0,288.0,2026-08-22,0,-1,,,,
56122,114326,Druid,Restoration,Keeper of the Grove,Healer,US,Altar of Fangs,2,1,954.9,15366,0,302.0,2026-08-22,0,-1,,,,
56122,119155,Monk,Windwalker,Shado-Pan,DPS,US,Altar of Fangs,2,1,954.9,136174,0,298.0,2026-08-22,0,-1,,,,
56122,61943,Hunter,BeastMastery,Pack Leader,DPS,US,Altar of Fangs,2,1,954.9,166805,0,300.0,2026-08-22,0,-1,,,,
56122,114327,Warlock,Affliction,Soul Harvester,DPS,US,Altar of Fangs,2,1,954.9,128817,1,296.0,2026-08-22,0,-1,,,,
31456,66081,DeathKnight,Blood,San'layn,Tank,US,Temple of Sethraliss,2,1,913.0,80061,0,287.0,2026-08-22,0,-1,904.0,52.9,,
31456,66082,Shaman,Restoration,Totemic,Healer,US,Temple of Sethraliss,2,1,913.0,15062,0,297.0,2026-08-22,0,-1,904.0,52.9,,
31456,8350,Shaman,Elemental,Farseer,DPS,US,Temple of Sethraliss,2,1,913.0,149668,0,297.0,2026-08-22,0,-1,904.0,52.9,,
31456,66083,Warrior,Arms,Slayer,DPS,US,Temple of Sethraliss,2,1,913.0,132372,0,298.0,2026-08-22,0,-1,904.0,52.9,,
31456,66084,Warrior,Arms,Slayer,DPS,US,Temple of Sethraliss,2,1,913.0,87621,2,279.0,2026-08-22,0,-1,904.0,52.9,,
46665,18051,DeathKnight,Blood,San'layn,Tank,EU,Voidscar Arena,10,1,1062.1,153522,0,304.0,2026-08-22,0,-1,,,,
46665,98596,Priest,Discipline,Oracle,Healer,EU,Voidscar Arena,10,1,1062.1,17822,0,300.0,2026-08-22,0,-1,,,,
46665,56113,Hunter,Marksmanship,Sentinel,DPS,EU,Voidscar Arena,10,1,1062.1,214984,0,309.0,2026-08-22,0,-1,,,,
46665,98597,Warlock,Destruction,Diabolist,DPS,EU,Voidscar Arena,10,1,1062.1,223306,0,308.0,2026-08-22,0,-1,,,,
46665,13272,Warlock,Demonology,Diabolist,DPS,EU,Voidscar Arena,10,1,1062.1,235338,0,310.0,2026-08-22,0,-1,,,,2742
15868,31849,DeathKnight,Blood,San'layn,Tank,EU,Den of Nalorakk,7,1,1304.1,75349,0,291.0,2026-08-19,0,-1,1296.0,32.5,,
15868,31850,Paladin,Holy,Herald of the Sun,Healer,EU,Den of Nalorakk,7,1,1304.1,12274,0,292.0,2026-08-19,0,-1,1296.0,32.5,,
15868,31851,Shaman,Elemental,Farseer,DPS,EU,Den of Nalorakk,7,1,1304.1,122520,0,291.0,2026-08-19,0,-1,1296.0,32.5,,
15868,31852,Warrior,Arms,Slayer,DPS,EU,Den of Nalorakk,7,1,1304.1,144927,0,291.0,2026-08-19,0,-1,1296.0,32.5,,
15868,31853,Hunter,BeastMastery,Pack Leader,DPS,EU,Den of Nalorakk,7,1,1304.1,125788,0,290.0,2026-08-19,0,-1,1296.0,32.5,,
35685,77079,DeathKnight,Blood,Deathbringer,Tank,US,Ruby Life Pools,13,1,1595.4,102881,0,298.0,2026-08-20,0,-1,1602.0,4.7,,
35685,1509,Paladin,Holy,Herald of the Sun,Healer,US,Ruby Life Pools,13,1,1595.4,18552,1,304.0,2026-08-20,0,-1,1602.0,4.7,,3075
35685,11823,Shaman,Elemental,Farseer,DPS,US,Ruby Life Pools,13,1,1595.4,195854,0,307.0,2026-08-20,0,-1,1602.0,4.7,,
35685,10334,Mage,Arcane,Sunfury,DPS,US,Ruby Life Pools,13,1,1595.4,218535,0,305.0,2026-08-20,0,-1,1602.0,4.7,,
35685,8322,Evoker,Devastation,Scalecommander,DPS,US,Ruby Life Pools,13,1,1595.4,207275,0,308.0,2026-08-20,0,-1,1602.0,4.7,,
22918,50810,DeathKnight,Blood,Deathbringer,Tank,CN,Voidscar Arena,2,1,865.6,59599,0,292.0,2026-08-20,0,-1,856.0,52.4,,
22918,50811,Shaman,Restoration,Totemic,Healer,CN,Voidscar Arena,2,1,865.6,19978,0,290.0,2026-08-20,0,-1,856.0,52.4,,
22918,50812,Druid,Balance,Elune's Chosen,DPS,CN,Voidscar Arena,2,1,865.6,120114,0,283.0,2026-08-20,0,-1,856.0,52.4,,
22918,50813,Mage,Arcane,Sunfury,DPS,CN,Voidscar Arena,2,1,865.6,101690,0,281.0,2026-08-20,0,-1,856.0,52.4,,
22918,50814,Shaman,Elemental,Farseer,DPS,CN,Voidscar Arena,2,1,865.6,161116,0,295.0,2026-08-20,0,-1,856.0,52.4,,
16184,35100,DemonHunter,Vengeance,Unknown,Tank,EU,Altar of Fangs,9,1,1297.6,105520,0,292.0,2026-08-19,0,-1,1309.0,27.3,,
16184,35101,Druid,Restoration,Unknown,Healer,EU,Altar of Fangs,9,1,1297.6,4065,1,294.0,2026-08-19,0,-1,1309.0,27.3,,
16184,35102,Priest,Shadow,Unknown,DPS,EU,Altar of Fangs,9,1,1297.6,226390,1,297.0,2026-08-19,0,-1,1309.0,27.3,,
16184,13315,Mage,Arcane,Unknown,DPS,EU,Altar of Fangs,9,1,1297.6,231636,1,294.0,2026-08-19,0,-1,1309.0,27.3,,
16184,35103,Warrior,Arms,Unknown,DPS,EU,Altar of Fangs,9,1,1297.6,161662,1,294.0,2026-08-19,0,-1,1309.0,27.3,,
39652,19694,Warrior,Protection,Mountain Thane,Tank,EU,Den of Nalorakk,10,1,1156.2,134810,0,298.0,2026-08-21,0,-1,1147.0,40.2,,
39652,14374,Paladin,Holy,Herald of the Sun,Healer,EU,Den of Nalorakk,10,1,1156.2,40493,0,304.0,2026-08-21,0,-1,1147.0,40.2,,
39652,14116,Shaman,Elemental,Farseer,DPS,EU,Den of Nalorakk,10,1,1156.2,181427,0,301.0,2026-08-21,0,-1,1147.0,40.2,,2742
39652,67168,Warrior,Arms,Slayer,DPS,EU,Den of Nalorakk,10,1,1156.2,169478,0,292.0,2026-08-21,0,-1,1147.0,40.2,,
39652,14376,Hunter,Marksmanship,Sentinel,DPS,EU,Den of Nalorakk,10,1,1156.2,214623,0,304.0,2026-08-21,0,-1,1147.0,40.2,,
37131,79987,Paladin,Protection,Lightsmith,Tank,EU,Temple of Sethraliss,4,1,1139.6,59303,0,273.0,2026-08-21,0,-1,1131.0,41.1,,
37131,79988,Shaman,Restoration,Totemic,Healer,EU,Temple of Sethraliss,4,1,1139.6,23636,0,298.0,2026-08-21,0,-1,1131.0,41.1,,
37131,79989,Mage,Arcane,Sunfury,DPS,EU,Temple of Sethraliss,4,1,1139.6,114301,0,292.0,2026-08-21,0,-1,1131.0,41.1,,
37131,79990,Warlock,Demonology,Diabolist,DPS,EU,Temple of Sethraliss,4,1,1139.6,134340,0,297.0,2026-08-21,0,-1,1131.0,41.1,,
37131,79991,Hunter,BeastMastery,Pack Leader,DPS,EU,Temple of Sethraliss,4,1,1139.6,80715,1,286.0,2026-08-21,0,-1,1131.0,41.1,,
63607,136509,DeathKnight,Blood,San'layn,Tank,CN,Temple of Sethraliss,12,1,1489.1,127349,0,306.0,2026-08-23,0,-1,,,,
63607,136510,Paladin,Holy,Herald of the Sun,Healer,CN,Temple of Sethraliss,12,1,1489.1,25958,0,300.0,2026-08-23,0,-1,,,,
63607,136511,DemonHunter,Havoc,Fel-Scarred,DPS,CN,Temple of Sethraliss,12,1,1489.1,194325,0,303.0,2026-08-23,0,-1,,,,
63607,136512,Warrior,Arms,Slayer,DPS,CN,Temple of Sethraliss,12,1,1489.1,164322,0,301.0,2026-08-23,0,-1,,,,
63607,136513,Shaman,Elemental,Farseer,DPS,CN,Temple of Sethraliss,12,1,1489.1,222342,0,308.0,2026-08-23,0,-1,,,,
81497,67114,DeathKnight,Blood,Unknown,Tank,CN,Altar of Fangs,14,1,1658.5,160809,0,309.0,2026-08-22,0,-1,1666.0,7.5,,
81497,67115,Shaman,Restoration,Unknown,Healer,CN,Altar of Fangs,14,1,1658.5,36914,1,305.0,2026-08-22,0,-1,1666.0,7.5,,
81497,67116,Mage,Arcane,Unknown,DPS,CN,Altar of Fangs,14,1,1658.5,241624,0,307.0,2026-08-22,0,-1,1666.0,7.5,,
81497,141123,Shaman,Elemental,Unknown,DPS,CN,Altar of Fangs,14,1,1658.5,261815,0,310.0,2026-08-22,0,-1,1666.0,7.5,,
81497,62675,Warrior,Arms,Unknown,DPS,CN,Altar of Fangs,14,1,1658.5,234076,0,305.0,2026-08-22,0,-1,1666.0,7.5,,
35933,77565,DeathKnight,Blood,San'layn,Tank,CN,The Blinding Vale,10,1,1113.3,153440,0,306.0,2026-08-20,0,-1,1110.0,38.3,,
35933,77566,Paladin,Holy,Herald of the Sun,Healer,CN,The Blinding Vale,10,1,1113.3,4617,0,291.0,2026-08-20,0,-1,1110.0,38.3,,
35933,77567,Shaman,Elemental,Farseer,DPS,CN,The Blinding Vale,10,1,1113.3,256354,1,303.0,2026-08-20,0,-1,1110.0,38.3,,
35933,77568,Mage,Arcane,Sunfury,DPS,CN,The Blinding Vale,10,1,1113.3,252776,0,302.0,2026-08-20,0,-1,1110.0,38.3,,
35933,77569,Hunter,BeastMastery,Pack Leader,DPS,CN,The Blinding Vale,10,1,1113.3,186335,0,295.0,2026-08-20,0,-1,1110.0,38.3,,
55095,116624,DemonHunter,Vengeance,Annihilator,Tank,EU,Ruby Life Pools,2,1,846.3,45701,0,288.0,2026-08-22,0,-1,,,,
55095,116625,Shaman,Restoration,Totemic,Healer,EU,Ruby Life Pools,2,1,846.3,12546,0,270.0,2026-08-22,0,-1,,,,
55095,116845,Paladin,Retribution,Templar,DPS,EU,Ruby Life Pools,2,1,846.3,143412,0,289.0,2026-08-22,0,-1,,,,
55095,116846,Warlock,Demonology,Diabolist,DPS,EU,Ruby Life Pools,2,1,846.3,101214,0,289.0,2026-08-22,0,-1,,,,
55095,116628,Warrior,Arms,Slayer,DPS,EU,Ruby Life Pools,2,1,846.3,160330,0,307.0,2026-08-22,0,-1,,,,
87666,9759,DeathKnight,Blood,San'layn,Tank,US,Ruby Life Pools,2,1,867.1,86052,0,314.0,2026-08-24,0,-1,859.0,48.9,4,
87666,66763,Priest,Discipline,Oracle,Healer,US,Ruby Life Pools,2,1,867.1,13211,1,287.0,2026-08-24,0,-1,859.0,48.9,0,
87666,154242,Hunter,Marksmanship,Sentinel,DPS,US,Ruby Life Pools,2,1,867.1,117081,0,291.0,2026-08-24,0,-1,859.0,48.9,0,
87666,154243,Warlock,Affliction,Soul Harvester,DPS,US,Ruby Life Pools,2,1,867.1,79734,0,291.0,2026-08-24,0,-1,859.0,48.9,0,
87666,154244,Priest,Shadow,Archon,DPS,US,Ruby Life Pools,2,1,867.1,123326,0,295.0,2026-08-24,0,-1,859.0,48.9,2,
26448,55379,DeathKnight,Blood,San'layn,Tank,CN,Ruby Life Pools,14,1,1588.6,148437,0,305.0,2026-08-20,0,-1,1655.0,1.5,,
26448,55380,Paladin,Holy,Lightsmith,Healer,CN,Ruby Life Pools,14,1,1588.6,45090,1,299.0,2026-08-20,0,-1,1655.0,1.5,,
26448,55381,Rogue,Subtlety,Deathstalker,DPS,CN,Ruby Life Pools,14,1,1588.6,201658,1,299.0,2026-08-20,0,-1,1655.0,1.5,,
26448,55382,Mage,Arcane,Sunfury,DPS,CN,Ruby Life Pools,14,1,1588.6,211722,2,299.0,2026-08-20,0,-1,1655.0,1.5,,
26448,55383,Warrior,Arms,Slayer,DPS,CN,Ruby Life Pools,14,1,1588.6,213986,1,299.0,2026-08-20,0,-1,1655.0,1.5,,
64393,12685,DeathKnight,Blood,San'layn,Tank,US,Den of Nalorakk,12,1,1428.8,132066,0,309.0,2026-08-22,0,-1,1420.0,26.0,,
64393,53565,Priest,Discipline,Oracle,Healer,US,Den of Nalorakk,12,1,1428.8,22217,0,308.0,2026-08-22,0,-1,1420.0,26.0,,
64393,15049,Mage,Arcane,Sunfury,DPS,US,Den of Nalorakk,12,1,1428.8,246755,0,308.0,2026-08-22,0,-1,1420.0,26.0,,
64393,58660,Monk,Windwalker,Shado-Pan,DPS,US,Den of Nalorakk,12,1,1428.8,188812,0,306.0,2026-08-22,0,-1,1420.0,26.0,,
64393,53566,Druid,Feral,Druid of the Claw,DPS,US,Den of Nalorakk,12,1,1428.8,188234,0,300.0,2026-08-22,0,-1,1420.0,26.0,,
17785,2373,DeathKnight,Blood,San'layn,Tank,US,Kings' Rest,12,1,1710.3,92234,0,299.0,2026-08-19,0,-1,1792.0,9.5,,2811
17785,2374,Priest,Discipline,Oracle,Healer,US,Kings' Rest,12,1,1710.3,15807,2,295.0,2026-08-19,0,-1,1792.0,9.5,,
17785,39398,DemonHunter,Devourer,Void-Scarred,DPS,US,Kings' Rest,12,1,1710.3,150402,1,296.0,2026-08-19,0,-1,1792.0,9.5,,
17785,2377,Shaman,Enhancement,Stormbringer,DPS,US,Kings' Rest,12,1,1710.3,141781,1,296.0,2026-08-19,0,-1,1792.0,9.5,,
17785,859,Paladin,Retribution,Templar,DPS,US,Kings' Rest,12,1,1710.3,137401,2,302.0,2026-08-19,0,-1,1792.0,9.5,,3271
64352,17704,DeathKnight,Blood,San'layn,Tank,EU,Murder Row,14,1,1757.7,102320,1,306.0,2026-08-21,0,-1,1884.0,7.6,,
64352,68386,Paladin,Holy,Herald of the Sun,Healer,EU,Murder Row,14,1,1757.7,17891,2,309.0,2026-08-21,0,-1,1884.0,7.6,,
64352,42204,Shaman,Elemental,Farseer,DPS,EU,Murder Row,14,1,1757.7,228228,1,307.0,2026-08-21,0,-1,1884.0,7.6,,
64352,137041,Warrior,Arms,Slayer,DPS,EU,Murder Row,14,1,1757.7,225269,3,307.0,2026-08-21,0,-1,1884.0,7.6,,
64352,19429,Mage,Arcane,Sunfury,DPS,EU,Murder Row,14,1,1757.7,226431,2,308.0,2026-08-21,0,-1,1884.0,7.6,,
49796,105460,Paladin,Protection,Lightsmith,Tank,EU,Murder Row,4,1,1212.0,77636,0,305.0,2026-08-22,0,-1,1203.0,41.0,,
49796,105461,Priest,Holy,Archon,Healer,EU,Murder Row,4,1,1212.0,14473,0,302.0,2026-08-22,0,-1,1203.0,41.0,,
49796,104644,DemonHunter,Havoc,Fel-Scarred,DPS,EU,Murder Row,4,1,1212.0,111264,0,292.0,2026-08-22,0,-1,1203.0,41.0,,
49796,105462,Hunter,Survival,Sentinel,DPS,EU,Murder Row,4,1,1212.0,98370,0,290.0,2026-08-22,0,-1,1203.0,41.0,,
49796,79953,Warrior,Arms,Slayer,DPS,EU,Murder Row,4,1,1212.0,113581,0,299.0,2026-08-22,0,-1,1203.0,41.0,,
79198,139530,DeathKnight,Blood,San'layn,Tank,EU,Altar of Fangs,12,1,1404.5,117435,0,304.0,2026-08-22,0,-1,1411.0,21.6,,
79198,100596,Monk,Mistweaver,Conduit of the Celestials,Healer,EU,Altar of Fangs,12,1,1404.5,53162,0,297.0,2026-08-22,0,-1,1411.0,21.6,,
79198,145284,Shaman,Enhancement,Stormbringer,DPS,EU,Altar of Fangs,12,1,1404.5,248966,1,307.0,2026-08-22,0,-1,1411.0,21.6,,
79198,100597,Shaman,Elemental,Farseer,DPS,EU,Altar of Fangs,12,1,1404.5,215096,0,292.0,2026-08-22,0,-1,1411.0,21.6,,
79198,45972,Warrior,Fury,Slayer,DPS,EU,Altar of Fangs,12,1,1404.5,289413,0,303.0,2026-08-22,0,-1,1411.0,21.6,,
68437,104940,DeathKnight,Blood,San'layn,Tank,EU,Ruby Life Pools,14,1,1490.6,144188,0,315.0,2026-08-22,0,-1,1528.0,9.1,,
68437,104941,Shaman,Restoration,Totemic,Healer,EU,Ruby Life Pools,14,1,1490.6,33007,0,310.0,2026-08-22,0,-1,1528.0,9.1,,
68437,104943,Monk,Windwalker,Shado-Pan,DPS,EU,Ruby Life Pools,14,1,1490.6,219810,2,312.0,2026-08-22,0,-1,1528.0,9.1,,
68437,104942,DemonHunter,Devourer,Annihilator,DPS,EU,Ruby Life Pools,14,1,1490.6,204714,1,306.0,2026-08-22,0,-1,1528.0,9.1,,
68437,104944,Warrior,Arms,Slayer,DPS,EU,Ruby Life Pools,14,1,1490.6,263057,0,310.0,2026-08-22,0,-1,1528.0,9.1,,
73033,142111,Warrior,Protection,Mountain Thane,Tank,EU,Kings' Rest,2,1,1002.1,69420,1,300.0,2026-08-23,0,-1,,,,
73033,142112,Paladin,Holy,Herald of the Sun,Healer,EU,Kings' Rest,2,1,1002.1,2445,1,296.0,2026-08-23,0,-1,,,,
73033,142113,Mage,Frost,Spellslinger,DPS,EU,Kings' Rest,2,1,1002.1,81912,2,293.0,2026-08-23,0,-1,,,,
73033,142114,Druid,Feral,Druid of the Claw,DPS,EU,Kings' Rest,2,1,1002.1,107403,1,298.0,2026-08-23,0,-1,,,,
73033,142115,Hunter,BeastMastery,Pack Leader,DPS,EU,Kings' Rest,2,1,1002.1,91678,1,297.0,2026-08-23,0,-1,,,,
77669,47763,DeathKnight,Blood,San'layn,Tank,US,Voidscar Arena,12,1,1396.6,123721,0,310.0,2026-08-22,0,-1,1388.0,22.9,,
77669,52587,Monk,Mistweaver,Conduit of the Celestials,Healer,US,Voidscar Arena,12,1,1396.6,38537,0,297.0,2026-08-22,0,-1,1388.0,22.9,,
77669,14079,Shaman,Elemental,Farseer,DPS,US,Voidscar Arena,12,1,1396.6,204449,0,310.0,2026-08-22,0,-1,1388.0,22.9,,
77669,47765,Mage,Arcane,Sunfury,DPS,US,Voidscar Arena,12,1,1396.6,189653,0,306.0,2026-08-22,0,-1,1388.0,22.9,,
77669,14080,Warrior,Arms,Slayer,DPS,US,Voidscar Arena,12,1,1396.6,192188,0,294.0,2026-08-22,0,-1,1388.0,22.9,,
21652,431,DemonHunter,Vengeance,Annihilator,Tank,US,Den of Nalorakk,12,1,1493.3,107337,0,301.0,2026-08-19,0,-1,1500.0,21.9,,3385
21652,10324,Shaman,Restoration,Totemic,Healer,US,Den of Nalorakk,12,1,1493.3,38234,0,303.0,2026-08-19,0,-1,1500.0,21.9,,
21652,48174,Paladin,Retribution,Templar,DPS,US,Den of Nalorakk,12,1,1493.3,193967,1,306.0,2026-08-19,0,-1,1500.0,21.9,,
21652,6454,Druid,Feral,Druid of the Claw,DPS,US,Den of Nalorakk,12,1,1493.3,167472,0,296.0,2026-08-19,0,-1,1500.0,21.9,,3036
21652,48175,DeathKnight,Frost,Deathbringer,DPS,US,Den of Nalorakk,12,1,1493.3,170312,0,301.0,2026-08-19,0,-1,1500.0,21.9,,
27353,60138,Warrior,Protection,Mountain Thane,Tank,US,The Blinding Vale,6,1,1055.2,101398,0,294.0,2026-08-21,0,-1,1056.0,41.3,,
27353,60139,Druid,Restoration,Wildstalker,Healer,US,The Blinding Vale,6,1,1055.2,8531,1,292.0,2026-08-21,0,-1,1056.0,41.3,,
27353,60140,Shaman,Enhancement,Stormbringer,DPS,US,The Blinding Vale,6,1,1055.2,185036,0,289.0,2026-08-21,0,-1,1056.0,41.3,,
27353,60141,Paladin,Retribution,Templar,DPS,US,The Blinding Vale,6,1,1055.2,144689,0,301.0,2026-08-21,0,-1,1056.0,41.3,,
27353,60142,Warlock,Destruction,Diabolist,DPS,US,The Blinding Vale,6,1,1055.2,100839,1,298.0,2026-08-21,0,-1,1056.0,41.3,,
2916,6192,Druid,Guardian,Elune's Chosen,Tank,US,Temple of Sethraliss,11,1,1674.8,103025,0,296.0,2026-08-18,0,-1,1691.0,11.9,,
2916,6193,Shaman,Restoration,Totemic,Healer,US,Temple of Sethraliss,11,1,1674.8,22277,1,292.0,2026-08-18,0,-1,1691.0,11.9,,
2916,6194,DeathKnight,Unholy,Rider of the Apocalypse,DPS,US,Temple of Sethraliss,11,1,1674.8,200090,0,297.0,2026-08-18,0,-1,1691.0,11.9,,
2916,6195,Hunter,Survival,Sentinel,DPS,US,Temple of Sethraliss,11,1,1674.8,140306,1,292.0,2026-08-18,0,-1,1691.0,11.9,,
2916,6196,Warrior,Arms,Slayer,DPS,US,Temple of Sethraliss,11,1,1674.8,157580,3,291.0,2026-08-18,0,-1,1691.0,11.9,,
71019,20198,DeathKnight,Blood,San'layn,Tank,EU,The Blinding Vale,13,1,1553.2,124770,0,301.0,2026-08-21,0,-1,1560.0,13.4,,
71019,28251,Paladin,Holy,Herald of the Sun,Healer,EU,The Blinding Vale,13,1,1553.2,19678,0,300.0,2026-08-21,0,-1,1560.0,13.4,,
71019,74197,Warrior,Arms,Slayer,DPS,EU,The Blinding Vale,13,1,1553.2,211223,0,299.0,2026-08-21,0,-1,1560.0,13.4,,
71019,18053,Monk,Windwalker,Conduit of the Celestials,DPS,EU,The Blinding Vale,13,1,1553.2,225099,1,304.0,2026-08-21,0,-1,1560.0,13.4,,
71019,20200,Shaman,Elemental,Farseer,DPS,EU,The Blinding Vale,13,1,1553.2,205676,0,303.0,2026-08-21,0,-1,1560.0,13.4,,
55252,117202,Paladin,Protection,Lightsmith,Tank,US,Temple of Sethraliss,2,1,897.0,86926,0,301.0,2026-08-22,0,-1,,,,
55252,117203,Paladin,Holy,Herald of the Sun,Healer,US,Temple of Sethraliss,2,1,897.0,5923,0,294.0,2026-08-22,0,-1,,,,
55252,117205,Druid,Feral,Druid of the Claw,DPS,US,Temple of Sethraliss,2,1,897.0,185358,0,300.0,2026-08-22,0,-1,,,,
55252,117215,Monk,Windwalker,Shado-Pan,DPS,US,Temple of Sethraliss,2,1,897.0,92443,0,286.0,2026-08-22,0,-1,,,,
55252,117216,Druid,Balance,Elune's Chosen,DPS,US,Temple of Sethraliss,2,1,897.0,77196,0,289.0,2026-08-22,0,-1,,,,
7689,14246,DeathKnight,Blood,San'layn,Tank,EU,The Blinding Vale,12,0,1768.4,110238,1,292.0,2026-08-19,0,-1,1985.0,-10.3,,3017
7689,16264,Evoker,Preservation,Flameshaper,Healer,EU,The Blinding Vale,12,0,1768.4,29116,3,295.0,2026-08-19,0,-1,1985.0,-10.3,,
7689,14248,Paladin,Retribution,Templar,DPS,EU,The Blinding Vale,12,0,1768.4,170992,4,294.0,2026-08-19,0,-1,1985.0,-10.3,,3017
7689,14249,Druid,Balance,Elune's Chosen,DPS,EU,The Blinding Vale,12,0,1768.4,162772,6,294.0,2026-08-19,0,-1,1985.0,-10.3,,3017
7689,16265,DeathKnight,Unholy,Rider of the Apocalypse,DPS,EU,The Blinding Vale,12,0,1768.4,165701,2,292.0,2026-08-19,0,-1,1985.0,-10.3,,
85685,150906,DeathKnight,Blood,San'layn,Tank,EU,Altar of Fangs,10,1,1034.5,144905,0,300.0,2026-08-23,0,-1,1036.0,42.5,0,
85685,93997,Paladin,Holy,Herald of the Sun,Healer,EU,Altar of Fangs,10,1,1034.5,12653,1,307.0,2026-08-23,0,-1,1036.0,42.5,2,
85685,15835,Druid,Balance,Elune's Chosen,DPS,EU,Altar of Fangs,10,1,1034.5,293117,0,312.0,2026-08-23,0,-1,1036.0,42.5,4,
85685,61733,Mage,Arcane,Sunfury,DPS,EU,Altar of Fangs,10,1,1034.5,275519,1,309.0,2026-08-23,0,-1,1036.0,42.5,4,
85685,118767,Rogue,Assassination,Deathstalker,DPS,EU,Altar of Fangs,10,1,1034.5,279792,0,305.0,2026-08-23,0,-1,1036.0,42.5,4,
78778,11448,DeathKnight,Blood,San'layn,Tank,US,Voidscar Arena,13,1,1540.0,86277,0,312.0,2026-08-22,0,-1,1561.0,13.3,,
78778,9861,Shaman,Restoration,Totemic,Healer,US,Voidscar Arena,13,1,1540.0,29328,0,306.0,2026-08-22,0,-1,1561.0,13.3,,
78778,9863,Warlock,Demonology,Diabolist,DPS,US,Voidscar Arena,13,1,1540.0,178567,2,310.0,2026-08-22,0,-1,1561.0,13.3,,
78778,58232,DemonHunter,Devourer,Void-Scarred,DPS,US,Voidscar Arena,13,1,1540.0,136125,0,303.0,2026-08-22,0,-1,1561.0,13.3,,
78778,2276,Mage,Arcane,Sunfury,DPS,US,Voidscar Arena,13,1,1540.0,237155,0,312.0,2026-08-22,0,-1,1561.0,13.3,,3071
64551,41345,DeathKnight,Blood,San'layn,Tank,EU,Murder Row,14,1,1762.0,138511,0,305.0,2026-08-23,0,-1,1768.0,13.3,,
64551,41346,Paladin,Holy,Lightsmith,Healer,EU,Murder Row,14,1,1762.0,24425,0,309.0,2026-08-23,0,-1,1768.0,13.3,,
64551,41349,DeathKnight,Unholy,San'layn,DPS,EU,Murder Row,14,1,1762.0,214253,0,305.0,2026-08-23,0,-1,1768.0,13.3,,
64551,41348,Mage,Arcane,Sunfury,DPS,EU,Murder Row,14,1,1762.0,219439,0,308.0,2026-08-23,0,-1,1768.0,13.3,,
64551,27717,Warrior,Arms,Slayer,DPS,EU,Murder Row,14,1,1762.0,218063,1,313.0,2026-08-23,0,-1,1768.0,13.3,,
11380,11690,Paladin,Protection,Lightsmith,Tank,US,Murder Row,12,1,1656.6,84020,0,293.0,2026-08-19,0,-1,1678.0,17.8,,
11380,19783,Shaman,Restoration,Totemic,Healer,US,Murder Row,12,1,1656.6,26833,0,298.0,2026-08-19,0,-1,1678.0,17.8,,
11380,203,DemonHunter,Devourer,Void-Scarred,DPS,US,Murder Row,12,1,1656.6,192085,1,305.0,2026-08-19,0,-1,1678.0,17.8,,3013
11380,15622,Druid,Balance,Elune's Chosen,DPS,US,Murder Row,12,1,1656.6,176958,1,303.0,2026-08-19,0,-1,1678.0,17.8,,2990
11380,22819,Mage,Arcane,Sunfury,DPS,US,Murder Row,12,1,1656.6,204335,0,296.0,2026-08-19,0,-1,1678.0,17.8,,
13533,26932,Paladin,Protection,Templar,Tank,EU,The Blinding Vale,4,1,949.1,75394,0,295.0,2026-08-19,0,-1,940.0,47.8,,
13533,26933,Priest,Holy,Oracle,Healer,EU,The Blinding Vale,4,1,949.1,9956,0,296.0,2026-08-19,0,-1,940.0,47.8,,
13533,26934,Shaman,Elemental,Farseer,DPS,EU,The Blinding Vale,4,1,949.1,145208,0,290.0,2026-08-19,0,-1,940.0,47.8,,
13533,26935,Warrior,Arms,Slayer,DPS,EU,The Blinding Vale,4,1,949.1,154358,0,286.0,2026-08-19,0,-1,940.0,47.8,,
13533,26936,Hunter,BeastMastery,Pack Leader,DPS,EU,The Blinding Vale,4,1,949.1,146272,0,294.0,2026-08-19,0,-1,940.0,47.8,,
70108,56555,DeathKnight,Blood,San'layn,Tank,EU,Altar of Fangs,13,1,1511.7,165172,0,312.0,2026-08-22,0,-1,1579.0,12.3,,
70108,43913,Druid,Restoration,Wildstalker,Healer,EU,Altar of Fangs,13,1,1511.7,15482,1,311.0,2026-08-22,0,-1,1579.0,12.3,,
70108,41462,Paladin,Retribution,Templar,DPS,EU,Altar of Fangs,13,1,1511.7,243250,1,297.0,2026-08-22,0,-1,1579.0,12.3,,
70108,14840,Shaman,Elemental,Farseer,DPS,EU,Altar of Fangs,13,1,1511.7,271745,1,312.0,2026-08-22,0,-1,1579.0,12.3,,
70108,69225,Warrior,Arms,Slayer,DPS,EU,Altar of Fangs,13,1,1511.7,236858,2,305.0,2026-08-22,0,-1,1579.0,12.3,,
48046,17628,DeathKnight,Blood,San'layn,Tank,EU,Altar of Fangs,10,1,1080.4,201759,0,308.0,2026-08-22,0,-1,,,,2883
48046,101561,Paladin,Holy,Herald of the Sun,Healer,EU,Altar of Fangs,10,1,1080.4,37993,0,299.0,2026-08-22,0,-1,,,,
48046,101562,Monk,Windwalker,Conduit of the Celestials,DPS,EU,Altar of Fangs,10,1,1080.4,291524,0,305.0,2026-08-22,0,-1,,,,
48046,18193,Rogue,Assassination,Deathstalker,DPS,EU,Altar of Fangs,10,1,1080.4,224865,0,304.0,2026-08-22,0,-1,,,,
48046,18194,Warrior,Arms,Slayer,DPS,EU,Altar of Fangs,10,1,1080.4,247105,2,307.0,2026-08-22,0,-1,,,,
83833,148033,DeathKnight,Blood,San'layn,Tank,EU,Murder Row,14,1,1823.5,125139,1,305.0,2026-08-23,0,-1,1875.0,8.1,,
83833,80957,Paladin,Holy,Herald of the Sun,Healer,EU,Murder Row,14,1,1823.5,17623,0,307.0,2026-08-23,0,-1,1875.0,8.1,2,
83833,19947,Mage,Arcane,Sunfury,DPS,EU,Murder Row,14,1,1823.5,221986,1,311.0,2026-08-23,0,-1,1875.0,8.1,4,
83833,83326,Rogue,Assassination,Deathstalker,DPS,EU,Murder Row,14,1,1823.5,217036,0,312.0,2026-08-23,0,-1,1875.0,8.1,2,
83833,80958,Warrior,Arms,Slayer,DPS,EU,Murder Row,14,1,1823.5,177346,2,307.0,2026-08-23,0,-1,1875.0,8.1,2,
55260,117231,DemonHunter,Vengeance,Annihilator,Tank,CN,Den of Nalorakk,11,1,1361.5,82815,0,298.0,2026-08-22,0,-1,1364.0,29.0,,
55260,117232,Paladin,Holy,Herald of the Sun,Healer,CN,Den of Nalorakk,11,1,1361.5,16538,0,301.0,2026-08-22,0,-1,1364.0,29.0,,
55260,117233,Mage,Arcane,Sunfury,DPS,CN,Den of Nalorakk,11,1,1361.5,169785,0,302.0,2026-08-22,0,-1,1364.0,29.0,,
55260,117234,Shaman,Elemental,Farseer,DPS,CN,Den of Nalorakk,11,1,1361.5,173442,1,301.0,2026-08-22,0,-1,1364.0,29.0,,
55260,73525,Rogue,Subtlety,Deathstalker,DPS,CN,Den of Nalorakk,11,1,1361.5,205969,1,307.0,2026-08-22,0,-1,1364.0,29.0,,
6085,12430,DeathKnight,Blood,Deathbringer,Tank,US,The Blinding Vale,10,1,1431.6,109190,0,296.0,2026-08-18,0,-1,1473.0,18.2,,
6085,7268,Shaman,Restoration,Totemic,Healer,US,The Blinding Vale,10,1,1431.6,19978,1,292.0,2026-08-18,0,-1,1473.0,18.2,,
6085,7666,Warrior,Arms,Slayer,DPS,US,The Blinding Vale,10,1,1431.6,198218,5,294.0,2026-08-18,0,-1,1473.0,18.2,,
6085,157,Shaman,Elemental,Farseer,DPS,US,The Blinding Vale,10,1,1431.6,198336,3,291.0,2026-08-18,0,-1,1473.0,18.2,,
6085,7269,Mage,Arcane,Sunfury,DPS,US,The Blinding Vale,10,1,1431.6,212772,1,295.0,2026-08-18,0,-1,1473.0,18.2,,3248
76629,20832,Monk,Brewmaster,Master of Harmony,Tank,EU,Altar of Fangs,16,1,1682.9,135412,0,307.0,2026-08-22,0,-1,1704.0,5.3,,
76629,88833,Shaman,Restoration,Totemic,Healer,EU,Altar of Fangs,16,1,1682.9,34254,0,301.0,2026-08-22,0,-1,1704.0,5.3,,
76629,88834,Rogue,Outlaw,Trickster,DPS,EU,Altar of Fangs,16,1,1682.9,311078,0,307.0,2026-08-22,0,-1,1704.0,5.3,,
76629,44614,Druid,Feral,Druid of the Claw,DPS,EU,Altar of Fangs,16,1,1682.9,330447,0,306.0,2026-08-22,0,-1,1704.0,5.3,,
76629,21011,Warrior,Arms,Slayer,DPS,EU,Altar of Fangs,16,1,1682.9,289825,2,308.0,2026-08-22,0,-1,1704.0,5.3,,
46988,97747,DemonHunter,Vengeance,Annihilator,Tank,EU,Den of Nalorakk,5,1,1048.2,78280,0,293.0,2026-08-22,0,-1,,,,
46988,97748,Paladin,Holy,Herald of the Sun,Healer,EU,Den of Nalorakk,5,1,1048.2,9816,0,285.0,2026-08-22,0,-1,,,,
46988,97751,Druid,Balance,Elune's Chosen,DPS,EU,Den of Nalorakk,5,1,1048.2,102600,0,294.0,2026-08-22,0,-1,,,,
46988,97749,Mage,Arcane,Sunfury,DPS,EU,Den of Nalorakk,5,1,1048.2,163115,0,301.0,2026-08-22,0,-1,,,,
46988,97750,Warrior,Arms,Slayer,DPS,EU,Den of Nalorakk,5,1,1048.2,151431,0,296.0,2026-08-22,0,-1,,,,
45495,24872,Paladin,Protection,Lightsmith,Tank,EU,Altar of Fangs,12,1,1498.2,133245,0,309.0,2026-08-22,0,-1,,,,
45495,31951,Paladin,Holy,Herald of the Sun,Healer,EU,Altar of Fangs,12,1,1498.2,15271,1,307.0,2026-08-22,0,-1,,,,
45495,59427,Mage,Arcane,Sunfury,DPS,EU,Altar of Fangs,12,1,1498.2,237082,1,307.0,2026-08-22,0,-1,,,,
45495,76171,Rogue,Subtlety,Trickster,DPS,EU,Altar of Fangs,12,1,1498.2,274282,0,305.0,2026-08-22,0,-1,,,,
45495,53686,Warrior,Arms,Slayer,DPS,EU,Altar of Fangs,12,1,1498.2,225110,0,303.0,2026-08-22,0,-1,,,,
53427,61534,Druid,Guardian,Elune's Chosen,Tank,EU,Voidscar Arena,13,1,1486.8,98936,1,309.0,2026-08-22,0,-1,,,,
53427,50363,Shaman,Restoration,Totemic,Healer,EU,Voidscar Arena,13,1,1486.8,25171,1,305.0,2026-08-22,0,-1,,,,
53427,68835,Rogue,Assassination,Deathstalker,DPS,EU,Voidscar Arena,13,1,1486.8,246707,1,303.0,2026-08-22,0,-1,,,,
53427,58518,Warrior,Arms,Slayer,DPS,EU,Voidscar Arena,13,1,1486.8,213095,3,301.0,2026-08-22,0,-1,,,,
53427,50364,Paladin,Retribution,Templar,DPS,EU,Voidscar Arena,13,1,1486.8,215353,1,311.0,2026-08-22,0,-1,,,,
41,200,DeathKnight,Blood,San'layn,Tank,US,Den of Nalorakk,10,1,1479.4,88028,0,294.0,2026-08-18,0,-1,1510.0,21.3,,2851
41,201,Monk,Mistweaver,Conduit of the Celestials,Healer,US,Den of Nalorakk,10,1,1479.4,33668,3,291.0,2026-08-18,0,-1,1510.0,21.3,,2783
41,202,Mage,Fire,Sunfury,DPS,US,Den of Nalorakk,10,1,1479.4,192566,1,294.0,2026-08-18,0,-1,1510.0,21.3,,2782
41,203,DemonHunter,Devourer,Void-Scarred,DPS,US,Den of Nalorakk,10,1,1479.4,135372,3,294.0,2026-08-18,0,-1,1510.0,21.3,,3013
41,204,DemonHunter,Devourer,Annihilator,DPS,US,Den of Nalorakk,10,1,1479.4,164757,1,294.0,2026-08-18,0,-1,1510.0,21.3,,2824
30,145,DeathKnight,Blood,San'layn,Tank,US,Altar of Fangs,10,1,1346.1,122589,0,296.0,2026-08-18,0,-1,1343.0,25.4,,
30,146,Druid,Restoration,Wildstalker,Healer,US,Altar of Fangs,10,1,1346.1,20615,1,297.0,2026-08-18,0,-1,1343.0,25.4,,
30,147,Hunter,BeastMastery,Pack Leader,DPS,US,Altar of Fangs,10,1,1346.1,199252,0,290.0,2026-08-18,0,-1,1343.0,25.4,,
30,148,Mage,Arcane,Sunfury,DPS,US,Altar of Fangs,10,1,1346.1,224152,0,296.0,2026-08-18,0,-1,1343.0,25.4,,
30,149,Rogue,Subtlety,Deathstalker,DPS,US,Altar of Fangs,10,1,1346.1,204942,0,296.0,2026-08-18,0,-1,1343.0,25.4,,3151
4949,10904,Paladin,Protection,Unknown,Tank,US,Altar of Fangs,10,1,1567.2,94943,0,293.0,2026-08-18,0,-1,1569.0,12.8,,3218
4949,10905,Shaman,Restoration,Unknown,Healer,US,Altar of Fangs,10,1,1567.2,23206,0,285.0,2026-08-18,0,-1,1569.0,12.8,,3204
4949,10906,Rogue,Outlaw,Unknown,DPS,US,Altar of Fangs,10,1,1567.2,196341,0,293.0,2026-08-18,0,-1,1569.0,12.8,,
4949,9680,DemonHunter,Devourer,Unknown,DPS,US,Altar of Fangs,10,1,1567.2,183719,2,293.0,2026-08-18,0,-1,1569.0,12.8,,
4949,10907,Warrior,Arms,Unknown,DPS,US,Altar of Fangs,10,1,1567.2,198363,0,293.0,2026-08-18,0,-1,1569.0,12.8,,
17021,13852,Warrior,Protection,Mountain Thane,Tank,EU,Temple of Sethraliss,10,1,1272.3,133976,0,299.0,2026-08-19,0,-1,1269.0,33.9,,2853
17021,16927,Priest,Holy,Oracle,Healer,EU,Temple of Sethraliss,10,1,1272.3,33395,0,290.0,2026-08-19,0,-1,1269.0,33.9,,
17021,13850,Mage,Arcane,Sunfury,DPS,EU,Temple of Sethraliss,10,1,1272.3,222202,0,296.0,2026-08-19,0,-1,1269.0,33.9,,2748
17021,15052,Mage,Arcane,Sunfury,DPS,EU,Temple of Sethraliss,10,1,1272.3,137434,1,285.0,2026-08-19,0,-1,1269.0,33.9,,
17021,13848,DemonHunter,Devourer,Void-Scarred,DPS,EU,Temple of Sethraliss,10,1,1272.3,198680,0,299.0,2026-08-19,0,-1,1269.0,33.9,,2795
49853,105598,Paladin,Protection,Lightsmith,Tank,EU,Temple of Sethraliss,11,1,1320.8,114720,0,297.0,2026-08-22,0,-1,,,,
49853,19744,Evoker,Preservation,Chronowarden,Healer,EU,Temple of Sethraliss,11,1,1320.8,50914,0,309.0,2026-08-22,0,-1,,,,
49853,80425,Paladin,Retribution,Herald of the Sun,DPS,EU,Temple of Sethraliss,11,1,1320.8,224300,0,306.0,2026-08-22,0,-1,,,,
49853,35735,Druid,Balance,Elune's Chosen,DPS,EU,Temple of Sethraliss,11,1,1320.8,149522,1,303.0,2026-08-22,0,-1,,,,
49853,35734,Warrior,Arms,Slayer,DPS,EU,Temple of Sethraliss,11,1,1320.8,241692,1,308.0,2026-08-22,0,-1,,,,
26672,58941,Warrior,Protection,Mountain Thane,Tank,CN,Altar of Fangs,11,1,1227.3,138962,0,300.0,2026-08-22,0,-1,1224.0,32.0,,
26672,58942,Paladin,Holy,Lightsmith,Healer,CN,Altar of Fangs,11,1,1227.3,60199,0,297.0,2026-08-22,0,-1,1224.0,32.0,,
26672,58943,Hunter,BeastMastery,Pack Leader,DPS,CN,Altar of Fangs,11,1,1227.3,221842,0,302.0,2026-08-22,0,-1,1224.0,32.0,,
26672,58944,Shaman,Elemental,Farseer,DPS,CN,Altar of Fangs,11,1,1227.3,205143,0,308.0,2026-08-22,0,-1,1224.0,32.0,,
26672,58945,Mage,Arcane,Sunfury,DPS,CN,Altar of Fangs,11,1,1227.3,277241,1,309.0,2026-08-22,0,-1,1224.0,32.0,,
32152,69339,Druid,Guardian,Elune's Chosen,Tank,US,Ruby Life Pools,2,1,1002.3,70194,0,289.0,2026-08-22,0,-1,994.0,40.8,,
32152,69340,Priest,Holy,Oracle,Healer,US,Ruby Life Pools,2,1,1002.3,22736,0,291.0,2026-08-22,0,-1,994.0,40.8,,
32152,69341,Priest,Shadow,Archon,DPS,US,Ruby Life Pools,2,1,1002.3,79431,0,290.0,2026-08-22,0,-1,994.0,40.8,,
32152,69342,Mage,Fire,Sunfury,DPS,US,Ruby Life Pools,2,1,1002.3,93992,0,279.0,2026-08-22,0,-1,994.0,40.8,,
32152,69343,Mage,Arcane,Sunfury,DPS,US,Ruby Life Pools,2,1,1002.3,102125,0,290.0,2026-08-22,0,-1,994.0,40.8,,
7652,14113,Warrior,Protection,Colossus,Tank,EU,The Blinding Vale,10,1,1141.3,147221,0,297.0,2026-08-19,0,-1,1138.0,36.8,,2751
7652,14114,Priest,Discipline,Oracle,Healer,EU,The Blinding Vale,10,1,1141.3,19741,0,294.0,2026-08-19,0,-1,1138.0,36.8,,2721
7652,14115,Hunter,Marksmanship,Sentinel,DPS,EU,The Blinding Vale,10,1,1141.3,227035,0,294.0,2026-08-19,0,-1,1138.0,36.8,,
7652,14117,Mage,Arcane,Sunfury,DPS,EU,The Blinding Vale,10,1,1141.3,202460,1,297.0,2026-08-19,0,-1,1138.0,36.8,,
7652,14116,Shaman,Elemental,Farseer,DPS,EU,The Blinding Vale,10,1,1141.3,228312,0,293.0,2026-08-19,0,-1,1138.0,36.8,,2742
23222,47740,Paladin,Protection,Lightsmith,Tank,CN,Murder Row,12,1,1773.8,92600,1,288.0,2026-08-20,0,-1,1885.0,7.6,,
23222,47741,Paladin,Holy,Lightsmith,Healer,CN,Murder Row,12,1,1773.8,26119,2,287.0,2026-08-20,0,-1,1885.0,7.6,,
23222,47743,Paladin,Retribution,Herald of the Sun,DPS,CN,Murder Row,12,1,1773.8,189266,2,296.0,2026-08-20,0,-1,1885.0,7.6,,
23222,47742,Mage,Arcane,Sunfury,DPS,CN,Murder Row,12,1,1773.8,168812,1,299.0,2026-08-20,0,-1,1885.0,7.6,,
23222,47744,Druid,Balance,Elune's Chosen,DPS,CN,Murder Row,12,1,1773.8,228242,2,296.0,2026-08-20,0,-1,1885.0,7.6,,
41664,10064,Monk,Brewmaster,Master of Harmony,Tank,US,The Blinding Vale,11,1,1261.5,105230,0,303.0,2026-08-20,0,-1,1263.0,29.8,,3195
41664,44729,Paladin,Holy,Herald of the Sun,Healer,US,The Blinding Vale,11,1,1261.5,21742,1,297.0,2026-08-20,0,-1,1263.0,29.8,,
41664,5096,Shaman,Enhancement,Stormbringer,DPS,US,The Blinding Vale,11,1,1261.5,241019,0,305.0,2026-08-20,0,-1,1263.0,29.8,,3193
41664,5097,Mage,Arcane,Sunfury,DPS,US,The Blinding Vale,11,1,1261.5,251778,0,305.0,2026-08-20,0,-1,1263.0,29.8,,3310
41664,44130,DeathKnight,Unholy,Rider of the Apocalypse,DPS,US,The Blinding Vale,11,1,1261.5,201715,1,301.0,2026-08-20,0,-1,1263.0,29.8,,
55352,117396,DeathKnight,Blood,San'layn,Tank,US,Ruby Life Pools,2,1,789.2,54299,0,263.0,2026-08-23,0,-1,,,,
55352,117397,Paladin,Holy,Herald of the Sun,Healer,US,Ruby Life Pools,2,1,789.2,7118,0,277.0,2026-08-23,0,-1,,,,
55352,117398,Warrior,Arms,Slayer,DPS,US,Ruby Life Pools,2,1,789.2,147972,0,302.0,2026-08-23,0,-1,,,,
55352,117399,Hunter,BeastMastery,Pack Leader,DPS,US,Ruby Life Pools,2,1,789.2,96484,0,283.0,2026-08-23,0,-1,,,,
55352,117400,Monk,Windwalker,Shado-Pan,DPS,US,Ruby Life Pools,2,1,789.2,148061,0,304.0,2026-08-23,0,-1,,,,
38229,82152,DeathKnight,Blood,San'layn,Tank,US,Temple of Sethraliss,8,1,1134.3,91828,0,301.0,2026-08-21,0,-1,1129.0,41.2,,
38229,76092,Paladin,Holy,Lightsmith,Healer,US,Temple of Sethraliss,8,1,1134.3,44340,0,305.0,2026-08-21,0,-1,1129.0,41.2,,
38229,82153,Hunter,BeastMastery,Pack Leader,DPS,US,Temple of Sethraliss,8,1,1134.3,178241,0,303.0,2026-08-21,0,-1,1129.0,41.2,,
38229,82154,Hunter,Marksmanship,Sentinel,DPS,US,Temple of Sethraliss,8,1,1134.3,141034,0,295.0,2026-08-21,0,-1,1129.0,41.2,,
38229,82155,Rogue,Subtlety,Trickster,DPS,US,Temple of Sethraliss,8,1,1134.3,199191,0,295.0,2026-08-21,0,-1,1129.0,41.2,,
84604,137430,DeathKnight,Blood,San'layn,Tank,EU,Den of Nalorakk,13,1,1607.6,105352,0,305.0,2026-08-23,0,-1,1644.0,14.4,0,
84604,46018,Shaman,Restoration,Totemic,Healer,EU,Den of Nalorakk,13,1,1607.6,31404,0,305.0,2026-08-23,0,-1,1644.0,14.4,2,
84604,40756,Warrior,Arms,Slayer,DPS,EU,Den of Nalorakk,13,1,1607.6,188249,1,307.0,2026-08-23,0,-1,1644.0,14.4,4,
84604,144148,Hunter,BeastMastery,Pack Leader,DPS,EU,Den of Nalorakk,13,1,1607.6,182906,0,303.0,2026-08-23,0,-1,1644.0,14.4,0,
84604,146145,Rogue,Subtlety,Deathstalker,DPS,EU,Den of Nalorakk,13,1,1607.6,198956,2,307.0,2026-08-23,0,-1,1644.0,14.4,4,
6430,13531,Druid,Guardian,Elune's Chosen,Tank,EU,Temple of Sethraliss,11,1,1430.5,99479,0,293.0,2026-08-19,0,-1,1427.0,25.7,,
6430,13532,Shaman,Restoration,Totemic,Healer,EU,Temple of Sethraliss,11,1,1430.5,33138,0,297.0,2026-08-19,0,-1,1427.0,25.7,,
6430,13533,DemonHunter,Devourer,Annihilator,DPS,EU,Temple of Sethraliss,11,1,1430.5,198861,0,294.0,2026-08-19,0,-1,1427.0,25.7,,
6430,13534,Mage,Arcane,Sunfury,DPS,EU,Temple of Sethraliss,11,1,1430.5,163012,1,293.0,2026-08-19,0,-1,1427.0,25.7,,
6430,13535,Rogue,Subtlety,Deathstalker,DPS,EU,Temple of Sethraliss,11,1,1430.5,206032,0,299.0,2026-08-19,0,-1,1427.0,25.7,,
29899,41025,DeathKnight,Blood,San'layn,Tank,EU,The Blinding Vale,11,1,1314.5,144341,0,307.0,2026-08-21,0,-1,1311.0,27.2,,
29899,64559,Paladin,Holy,Lightsmith,Healer,EU,The Blinding Vale,11,1,1314.5,49046,0,301.0,2026-08-21,0,-1,1311.0,27.2,,
29899,41028,Mage,Arcane,Sunfury,DPS,EU,The Blinding Vale,11,1,1314.5,215349,0,295.0,2026-08-21,0,-1,1311.0,27.2,,
29899,41029,Priest,Shadow,Archon,DPS,EU,The Blinding Vale,11,1,1314.5,213465,0,296.0,2026-08-21,0,-1,1311.0,27.2,,
29899,64560,Warrior,Arms,Slayer,DPS,EU,The Blinding Vale,11,1,1314.5,165614,1,297.0,2026-08-21,0,-1,1311.0,27.2,,
7444,15867,Druid,Guardian,Elune's Chosen,Tank,EU,Den of Nalorakk,10,1,1394.8,78211,0,292.0,2026-08-19,0,-1,1412.0,26.5,,
7444,15868,Paladin,Holy,Herald of the Sun,Healer,EU,Den of Nalorakk,10,1,1394.8,15728,1,293.0,2026-08-19,0,-1,1412.0,26.5,,
7444,15869,Rogue,Subtlety,Deathstalker,DPS,EU,Den of Nalorakk,10,1,1394.8,162371,2,295.0,2026-08-19,0,-1,1412.0,26.5,,
7444,15870,Shaman,Elemental,Farseer,DPS,EU,Den of Nalorakk,10,1,1394.8,180032,1,296.0,2026-08-19,0,-1,1412.0,26.5,,
7444,15871,Warrior,Arms,Slayer,DPS,EU,Den of Nalorakk,10,1,1394.8,169487,1,304.0,2026-08-19,0,-1,1412.0,26.5,,
83246,147118,DemonHunter,Vengeance,Aldrachi Reaver,Tank,EU,Kings' Rest,5,1,1185.4,49543,1,286.0,2026-08-23,0,-1,1176.0,40.6,0,
83246,147119,Monk,Mistweaver,Conduit of the Celestials,Healer,EU,Kings' Rest,5,1,1185.4,28874,2,296.0,2026-08-23,0,-1,1176.0,40.6,0,
83246,147120,Shaman,Enhancement,Stormbringer,DPS,EU,Kings' Rest,5,1,1185.4,104326,1,300.0,2026-08-23,0,-1,1176.0,40.6,0,
83246,147121,Priest,Shadow,Archon,DPS,EU,Kings' Rest,5,1,1185.4,71480,2,293.0,2026-08-23,0,-1,1176.0,40.6,0,
83246,147122,Warlock,Demonology,Diabolist,DPS,EU,Kings' Rest,5,1,1185.4,108494,1,292.0,2026-08-23,0,-1,1176.0,40.6,0,
55611,116684,Warrior,Protection,Mountain Thane,Tank,EU,Kings' Rest,5,1,1073.7,73254,0,291.0,2026-08-23,0,-1,,,,
55611,116685,Paladin,Holy,Herald of the Sun,Healer,EU,Kings' Rest,5,1,1073.7,9608,0,293.0,2026-08-23,0,-1,,,,
55611,116686,Mage,Arcane,Sunfury,DPS,EU,Kings' Rest,5,1,1073.7,86745,0,292.0,2026-08-23,0,-1,,,,
55611,116687,Hunter,BeastMastery,Pack Leader,DPS,EU,Kings' Rest,5,1,1073.7,123799,0,293.0,2026-08-23,0,-1,,,,
55611,116688,Priest,Shadow,Voidweaver,DPS,EU,Kings' Rest,5,1,1073.7,91847,0,295.0,2026-08-23,0,-1,,,,
79640,19367,Paladin,Protection,Lightsmith,Tank,US,The Blinding Vale,12,1,1347.8,122717,0,307.0,2026-08-22,0,-1,1355.0,24.7,,
79640,50913,Paladin,Holy,Herald of the Sun,Healer,US,The Blinding Vale,12,1,1347.8,17301,0,300.0,2026-08-22,0,-1,1355.0,24.7,,
79640,19368,Warrior,Arms,Slayer,DPS,US,The Blinding Vale,12,1,1347.8,206902,1,312.0,2026-08-22,0,-1,1355.0,24.7,,3209
79640,19370,Mage,Arcane,Sunfury,DPS,US,The Blinding Vale,12,1,1347.8,239265,0,309.0,2026-08-22,0,-1,1355.0,24.7,,
79640,19369,Rogue,Subtlety,Deathstalker,DPS,US,The Blinding Vale,12,1,1347.8,256936,0,310.0,2026-08-22,0,-1,1355.0,24.7,,
66321,77810,DeathKnight,Blood,San'layn,Tank,CN,Voidscar Arena,16,1,1521.2,185792,0,306.0,2026-08-22,0,-1,1543.0,14.3,,
66321,77811,Paladin,Holy,Lightsmith,Healer,CN,Voidscar Arena,16,1,1521.2,56875,0,307.0,2026-08-22,0,-1,1543.0,14.3,,
66321,77813,Warrior,Arms,Slayer,DPS,CN,Voidscar Arena,16,1,1521.2,243633,2,311.0,2026-08-22,0,-1,1543.0,14.3,,
66321,77814,Shaman,Elemental,Farseer,DPS,CN,Voidscar Arena,16,1,1521.2,297782,0,310.0,2026-08-22,0,-1,1543.0,14.3,,
66321,77812,Mage,Arcane,Sunfury,DPS,CN,Voidscar Arena,16,1,1521.2,276272,0,309.0,2026-08-22,0,-1,1543.0,14.3,,
42870,37475,Warrior,Protection,Mountain Thane,Tank,EU,Temple of Sethraliss,10,1,1113.0,135642,1,305.0,2026-08-21,0,-1,1125.0,41.4,,3107
42870,90271,Priest,Discipline,Voidweaver,Healer,EU,Temple of Sethraliss,10,1,1113.0,17900,1,296.0,2026-08-21,0,-1,1125.0,41.4,,
42870,90272,Warlock,Demonology,Diabolist,DPS,EU,Temple of Sethraliss,10,1,1113.0,199770,1,298.0,2026-08-21,0,-1,1125.0,41.4,,
42870,20227,Rogue,Outlaw,Trickster,DPS,EU,Temple of Sethraliss,10,1,1113.0,242210,0,294.0,2026-08-21,0,-1,1125.0,41.4,,
42870,81514,Hunter,Marksmanship,Sentinel,DPS,EU,Temple of Sethraliss,10,1,1113.0,202062,1,304.0,2026-08-21,0,-1,1125.0,41.4,,
10015,19958,DeathKnight,Blood,San'layn,Tank,EU,Den of Nalorakk,12,0,1992.6,84786,2,295.0,2026-08-19,0,-1,2240.0,-16.7,,2788
10015,19959,Priest,Holy,Oracle,Healer,EU,Den of Nalorakk,12,0,1992.6,22525,2,297.0,2026-08-19,0,-1,2240.0,-16.7,,2781
10015,19960,Shaman,Elemental,Farseer,DPS,EU,Den of Nalorakk,12,0,1992.6,172897,5,295.0,2026-08-19,0,-1,2240.0,-16.7,,2813
10015,19961,Evoker,Devastation,Scalecommander,DPS,EU,Den of Nalorakk,12,0,1992.6,154404,5,296.0,2026-08-19,0,-1,2240.0,-16.7,,2800
10015,19962,Warlock,Demonology,Diabolist,DPS,EU,Den of Nalorakk,12,0,1992.6,133083,5,287.0,2026-08-19,0,-1,2240.0,-16.7,,
8208,13145,Paladin,Protection,Lightsmith,Tank,EU,Temple of Sethraliss,11,1,1516.7,101348,0,296.0,2026-08-19,0,-1,1548.0,19.3,,
8208,13146,Shaman,Restoration,Totemic,Healer,EU,Temple of Sethraliss,11,1,1516.7,23201,1,294.0,2026-08-19,0,-1,1548.0,19.3,,
8208,13148,Mage,Arcane,Sunfury,DPS,EU,Temple of Sethraliss,11,1,1516.7,154598,4,286.0,2026-08-19,0,-1,1548.0,19.3,,
8208,13149,Warrior,Arms,Slayer,DPS,EU,Temple of Sethraliss,11,1,1516.7,207014,2,293.0,2026-08-19,0,-1,1548.0,19.3,,
8208,13147,DeathKnight,Frost,Deathbringer,DPS,EU,Temple of Sethraliss,11,1,1516.7,191138,1,292.0,2026-08-19,0,-1,1548.0,19.3,,
87534,482,DeathKnight,Blood,San'layn,Tank,US,Ruby Life Pools,16,1,1562.0,173884,0,311.0,2026-08-24,0,-1,1569.0,6.6,2,2984
87534,8779,Shaman,Restoration,Totemic,Healer,US,Ruby Life Pools,16,1,1562.0,46791,0,310.0,2026-08-24,0,-1,1569.0,6.6,4,
87534,3107,Rogue,Assassination,Deathstalker,DPS,US,Ruby Life Pools,16,1,1562.0,274769,0,303.0,2026-08-24,0,-1,1569.0,6.6,2,
87534,37895,Priest,Shadow,Voidweaver,DPS,US,Ruby Life Pools,16,1,1562.0,227841,0,311.0,2026-08-24,0,-1,1569.0,6.6,4,
87534,485,Warrior,Arms,Slayer,DPS,US,Ruby Life Pools,16,1,1562.0,249792,1,305.0,2026-08-24,0,-1,1569.0,6.6,0,2907
83805,136701,DeathKnight,Blood,San'layn,Tank,CN,Murder Row,15,1,1620.8,146536,0,312.0,2026-08-23,0,-1,1612.0,21.0,4,
83805,52618,Priest,Discipline,Oracle,Healer,CN,Murder Row,15,1,1620.8,16775,0,304.0,2026-08-23,0,-1,1612.0,21.0,0,
83805,85683,Mage,Arcane,Sunfury,DPS,CN,Murder Row,15,1,1620.8,268612,0,308.0,2026-08-23,0,-1,1612.0,21.0,4,
83805,141446,Shaman,Elemental,Farseer,DPS,CN,Murder Row,15,1,1620.8,272676,0,307.0,2026-08-23,0,-1,1612.0,21.0,0,
83805,73162,Warrior,Fury,Slayer,DPS,CN,Murder Row,15,1,1620.8,253493,0,307.0,2026-08-23,0,-1,1612.0,21.0,2,
56287,47025,DeathKnight,Blood,San'layn,Tank,US,Murder Row,9,1,1150.5,146493,0,307.0,2026-08-23,0,-1,1152.0,43.5,,
56287,74905,Priest,Holy,Oracle,Healer,US,Murder Row,9,1,1150.5,30023,0,308.0,2026-08-23,0,-1,1152.0,43.5,,
56287,119564,Paladin,Retribution,Templar,DPS,US,Murder Row,9,1,1150.5,147581,2,301.0,2026-08-23,0,-1,1152.0,43.5,,
56287,119565,Mage,Fire,Sunfury,DPS,US,Murder Row,9,1,1150.5,207297,0,303.0,2026-08-23,0,-1,1152.0,43.5,,
56287,29739,Evoker,Devastation,Scalecommander,DPS,US,Murder Row,9,1,1150.5,219138,0,311.0,2026-08-23,0,-1,1152.0,43.5,,
27232,10641,Paladin,Protection,Lightsmith,Tank,US,Altar of Fangs,13,1,1668.8,128573,0,297.0,2026-08-21,0,-1,1705.0,5.3,,
27232,21352,Shaman,Restoration,Totemic,Healer,US,Altar of Fangs,13,1,1668.8,42909,1,310.0,2026-08-21,0,-1,1705.0,5.3,,
27232,2697,DemonHunter,Devourer,Annihilator,DPS,US,Altar of Fangs,13,1,1668.8,246428,1,301.0,2026-08-21,0,-1,1705.0,5.3,,
27232,28037,Mage,Arcane,Sunfury,DPS,US,Altar of Fangs,13,1,1668.8,209636,1,301.0,2026-08-21,0,-1,1705.0,5.3,,
27232,10642,Druid,Balance,Elune's Chosen,DPS,US,Altar of Fangs,13,1,1668.8,223171,0,301.0,2026-08-21,0,-1,1705.0,5.3,,
2489,5631,Warrior,Protection,Mountain Thane,Tank,US,Murder Row,10,1,1572.0,95633,0,293.0,2026-08-18,0,-1,1574.0,22.8,,
2489,957,Paladin,Holy,Herald of the Sun,Healer,US,Murder Row,10,1,1572.0,11714,0,293.0,2026-08-18,0,-1,1574.0,22.8,,
2489,3619,DemonHunter,Havoc,Fel-Scarred,DPS,US,Murder Row,10,1,1572.0,145399,0,294.0,2026-08-18,0,-1,1574.0,22.8,,
2489,958,Mage,Arcane,Sunfury,DPS,US,Murder Row,10,1,1572.0,166839,0,294.0,2026-08-18,0,-1,1574.0,22.8,,3013
2489,960,Mage,Arcane,Sunfury,DPS,US,Murder Row,10,1,1572.0,189950,2,294.0,2026-08-18,0,-1,1574.0,22.8,,3057
3786,8607,DeathKnight,Blood,San'layn,Tank,US,The Blinding Vale,11,1,1739.4,85004,1,282.0,2026-08-18,0,-1,1776.0,1.4,,
3786,8311,Priest,Discipline,Oracle,Healer,US,The Blinding Vale,11,1,1739.4,23584,1,297.0,2026-08-18,0,-1,1776.0,1.4,,
3786,4522,Evoker,Devastation,Scalecommander,DPS,US,The Blinding Vale,11,1,1739.4,215402,3,293.0,2026-08-18,0,-1,1776.0,1.4,,
3786,8608,Rogue,Subtlety,Deathstalker,DPS,US,The Blinding Vale,11,1,1739.4,136330,1,289.0,2026-08-18,0,-1,1776.0,1.4,,
3786,4523,Warlock,Demonology,Diabolist,DPS,US,The Blinding Vale,11,1,1739.4,211230,3,293.0,2026-08-18,0,-1,1776.0,1.4,,
59010,122773,Druid,Guardian,Elune's Chosen,Tank,EU,The Blinding Vale,5,1,1074.1,54878,0,290.0,2026-08-23,0,-1,,,,
59010,125685,Paladin,Holy,Herald of the Sun,Healer,EU,The Blinding Vale,5,1,1074.1,12908,0,297.0,2026-08-23,0,-1,,,,
59010,125687,Warrior,Arms,Slayer,DPS,EU,The Blinding Vale,5,1,1074.1,114192,1,285.0,2026-08-23,0,-1,,,,
59010,126145,Paladin,Retribution,Templar,DPS,EU,The Blinding Vale,5,1,1074.1,163416,0,294.0,2026-08-23,0,-1,,,,
59010,101912,Shaman,Elemental,Farseer,DPS,EU,The Blinding Vale,5,1,1074.1,143565,0,297.0,2026-08-23,0,-1,,,,
41778,88454,Druid,Guardian,Elune's Chosen,Tank,EU,Den of Nalorakk,6,1,1145.7,70414,0,295.0,2026-08-20,0,-1,1138.0,40.7,,
41778,88455,Druid,Restoration,Wildstalker,Healer,EU,Den of Nalorakk,6,1,1145.7,4120,0,291.0,2026-08-20,0,-1,1138.0,40.7,,
41778,34753,Mage,Arcane,Sunfury,DPS,EU,Den of Nalorakk,6,1,1145.7,151342,0,291.0,2026-08-20,0,-1,1138.0,40.7,,
41778,88456,Hunter,BeastMastery,Pack Leader,DPS,EU,Den of Nalorakk,6,1,1145.7,135345,0,298.0,2026-08-20,0,-1,1138.0,40.7,,
41778,88457,Warrior,Arms,Slayer,DPS,EU,Den of Nalorakk,6,1,1145.7,107524,0,301.0,2026-08-20,0,-1,1138.0,40.7,,
599,2228,Warrior,Protection,Mountain Thane,Tank,US,Kings' Rest,10,1,1389.2,68885,0,290.0,2026-08-19,0,-1,1381.0,30.3,,2779
599,2229,Shaman,Restoration,Totemic,Healer,US,Kings' Rest,10,1,1389.2,20884,0,294.0,2026-08-19,0,-1,1381.0,30.3,,2759
599,2230,Mage,Arcane,Sunfury,DPS,US,Kings' Rest,10,1,1389.2,141121,0,287.0,2026-08-19,0,-1,1381.0,30.3,,
599,2231,Druid,Balance,Elune's Chosen,DPS,US,Kings' Rest,10,1,1389.2,147534,0,297.0,2026-08-19,0,-1,1381.0,30.3,,
599,2232,Evoker,Devastation,Scalecommander,DPS,US,Kings' Rest,10,1,1389.2,158255,0,294.0,2026-08-19,0,-1,1381.0,30.3,,2799
83979,106215,DeathKnight,Blood,San'layn,Tank,EU,Altar of Fangs,6,1,983.5,108426,0,302.0,2026-08-23,0,-1,984.0,45.3,0,
83979,45175,Paladin,Holy,Herald of the Sun,Healer,EU,Altar of Fangs,6,1,983.5,40641,1,310.0,2026-08-23,0,-1,984.0,45.3,2,
83979,48036,DeathKnight,Unholy,Rider of the Apocalypse,DPS,EU,Altar of Fangs,6,1,983.5,273958,0,311.0,2026-08-23,0,-1,984.0,45.3,2,
83979,48037,Paladin,Retribution,Herald of the Sun,DPS,EU,Altar of Fangs,6,1,983.5,276055,0,311.0,2026-08-23,0,-1,984.0,45.3,2,
83979,148313,Paladin,Retribution,Templar,DPS,EU,Altar of Fangs,6,1,983.5,0,1,280.0,2026-08-23,0,-1,984.0,45.3,0,
41949,42699,DeathKnight,Blood,San'layn,Tank,EU,Temple of Sethraliss,11,1,1327.1,138461,0,301.0,2026-08-21,0,-1,1338.0,30.3,,
41949,19959,Priest,Holy,Oracle,Healer,EU,Temple of Sethraliss,11,1,1327.1,33392,0,298.0,2026-08-21,0,-1,1338.0,30.3,,2781
41949,88770,Druid,Balance,Elune's Chosen,DPS,EU,Temple of Sethraliss,11,1,1327.1,161358,0,293.0,2026-08-21,0,-1,1338.0,30.3,,
41949,19960,Shaman,Elemental,Farseer,DPS,EU,Temple of Sethraliss,11,1,1327.1,243922,0,304.0,2026-08-21,0,-1,1338.0,30.3,,2813
41949,88771,Warrior,Arms,Slayer,DPS,EU,Temple of Sethraliss,11,1,1327.1,152374,4,293.0,2026-08-21,0,-1,1338.0,30.3,,
44912,78491,Warrior,Protection,Mountain Thane,Tank,CN,Murder Row,10,1,1122.5,154027,0,303.0,2026-08-22,0,-1,,,,
44912,94553,Priest,Discipline,Oracle,Healer,CN,Murder Row,10,1,1122.5,13769,0,300.0,2026-08-22,0,-1,,,,
44912,94148,Shaman,Elemental,Farseer,DPS,CN,Murder Row,10,1,1122.5,220382,0,304.0,2026-08-22,0,-1,,,,
44912,94147,Mage,Arcane,Sunfury,DPS,CN,Murder Row,10,1,1122.5,212827,0,305.0,2026-08-22,0,-1,,,,
44912,94146,Warlock,Demonology,Diabolist,DPS,CN,Murder Row,10,1,1122.5,222450,0,309.0,2026-08-22,0,-1,,,,
36890,79480,DemonHunter,Vengeance,Annihilator,Tank,EU,Ruby Life Pools,5,1,956.6,79930,0,291.0,2026-08-21,0,-1,948.0,43.6,,
36890,79481,Priest,Holy,Oracle,Healer,EU,Ruby Life Pools,5,1,956.6,22565,0,293.0,2026-08-21,0,-1,948.0,43.6,,
36890,79482,Shaman,Elemental,Farseer,DPS,EU,Ruby Life Pools,5,1,956.6,117818,0,278.0,2026-08-21,0,-1,948.0,43.6,,
36890,79483,Mage,Frost,Spellslinger,DPS,EU,Ruby Life Pools,5,1,956.6,117528,0,294.0,2026-08-21,0,-1,948.0,43.6,,
36890,79484,Warlock,Affliction,Soul Harvester,DPS,EU,Ruby Life Pools,5,1,956.6,149728,0,292.0,2026-08-21,0,-1,948.0,43.6,,
70097,103747,Paladin,Protection,Lightsmith,Tank,EU,Voidscar Arena,13,1,1463.0,93284,0,303.0,2026-08-22,0,-1,1455.0,19.2,,
70097,19511,Shaman,Restoration,Totemic,Healer,EU,Voidscar Arena,13,1,1463.0,43931,0,310.0,2026-08-22,0,-1,1455.0,19.2,,
70097,17208,DeathKnight,Unholy,Rider of the Apocalypse,DPS,EU,Voidscar Arena,13,1,1463.0,222238,0,305.0,2026-08-22,0,-1,1455.0,19.2,,
70097,21740,Monk,Windwalker,Shado-Pan,DPS,EU,Voidscar Arena,13,1,1463.0,219591,0,312.0,2026-08-22,0,-1,1455.0,19.2,,
70097,140300,Mage,Arcane,Sunfury,DPS,EU,Voidscar Arena,13,1,1463.0,198582,0,301.0,2026-08-22,0,-1,1455.0,19.2,,
81984,94858,Paladin,Protection,Lightsmith,Tank,CN,Voidscar Arena,14,1,1493.8,112932,0,306.0,2026-08-23,0,-1,1516.0,15.8,,
81984,104090,Shaman,Restoration,Totemic,Healer,CN,Voidscar Arena,14,1,1493.8,33330,0,306.0,2026-08-23,0,-1,1516.0,15.8,,
81984,145758,DemonHunter,Devourer,Annihilator,DPS,CN,Voidscar Arena,14,1,1493.8,209278,1,306.0,2026-08-23,0,-1,1516.0,15.8,,
81984,72707,Warrior,Arms,Slayer,DPS,CN,Voidscar Arena,14,1,1493.8,197784,1,302.0,2026-08-23,0,-1,1516.0,15.8,,
81984,72703,DeathKnight,Unholy,San'layn,DPS,CN,Voidscar Arena,14,1,1493.8,249062,0,309.0,2026-08-23,0,-1,1516.0,15.8,,
34748,7472,Druid,Guardian,Elune's Chosen,Tank,US,Ruby Life Pools,13,1,1554.6,111710,0,305.0,2026-08-22,0,-1,1621.0,3.5,,
34748,11181,Shaman,Restoration,Totemic,Healer,US,Ruby Life Pools,13,1,1554.6,37573,1,310.0,2026-08-22,0,-1,1621.0,3.5,,
34748,26927,Druid,Balance,Elune's Chosen,DPS,US,Ruby Life Pools,13,1,1554.6,218343,4,307.0,2026-08-22,0,-1,1621.0,3.5,,
34748,75211,DeathKnight,Unholy,Rider of the Apocalypse,DPS,US,Ruby Life Pools,13,1,1554.6,241298,0,312.0,2026-08-22,0,-1,1621.0,3.5,,
34748,9727,Mage,Arcane,Sunfury,DPS,US,Ruby Life Pools,13,1,1554.6,213379,0,298.0,2026-08-22,0,-1,1621.0,3.5,,3009
73869,6965,DemonHunter,Vengeance,Annihilator,Tank,US,Voidscar Arena,14,1,1620.8,108992,0,310.0,2026-08-23,0,-1,1627.0,9.6,,3209
73869,3530,Paladin,Holy,Herald of the Sun,Healer,US,Voidscar Arena,14,1,1620.8,30901,0,308.0,2026-08-23,0,-1,1627.0,9.6,,
73869,39497,Paladin,Retribution,Templar,DPS,US,Voidscar Arena,14,1,1620.8,203966,0,312.0,2026-08-23,0,-1,1627.0,9.6,,
73869,25157,Mage,Arcane,Sunfury,DPS,US,Voidscar Arena,14,1,1620.8,240289,0,306.0,2026-08-23,0,-1,1627.0,9.6,,
73869,8683,Rogue,Outlaw,Trickster,DPS,US,Voidscar Arena,14,1,1620.8,205545,1,304.0,2026-08-23,0,-1,1627.0,9.6,,
53910,13531,Druid,Guardian,Elune's Chosen,Tank,EU,Murder Row,10,1,1194.2,123818,0,306.0,2026-08-22,0,-1,,,,
53910,12768,Shaman,Restoration,Totemic,Healer,EU,Murder Row,10,1,1194.2,48619,0,311.0,2026-08-22,0,-1,,,,3093
53910,12770,Warrior,Arms,Slayer,DPS,EU,Murder Row,10,1,1194.2,248110,0,308.0,2026-08-22,0,-1,,,,3048
53910,58182,Priest,Shadow,Archon,DPS,EU,Murder Row,10,1,1194.2,219048,0,307.0,2026-08-22,0,-1,,,,
53910,110771,Monk,Windwalker,Shado-Pan,DPS,EU,Murder Row,10,1,1194.2,151006,1,295.0,2026-08-22,0,-1,,,,
47473,100283,DeathKnight,Blood,Deathbringer,Tank,CN,Temple of Sethraliss,11,1,1320.2,109837,0,303.0,2026-08-22,0,-1,,,,
47473,100284,Shaman,Restoration,Totemic,Healer,CN,Temple of Sethraliss,11,1,1320.2,17558,1,293.0,2026-08-22,0,-1,,,,
47473,39467,Shaman,Elemental,Farseer,DPS,CN,Temple of Sethraliss,11,1,1320.2,243429,0,306.0,2026-08-22,0,-1,,,,
47473,100285,Mage,Arcane,Sunfury,DPS,CN,Temple of Sethraliss,11,1,1320.2,172942,0,301.0,2026-08-22,0,-1,,,,
47473,100286,Paladin,Retribution,Herald of the Sun,DPS,CN,Temple of Sethraliss,11,1,1320.2,216418,0,308.0,2026-08-22,0,-1,,,,
28457,16902,DeathKnight,Blood,Deathbringer,Tank,EU,Den of Nalorakk,11,1,1296.6,100266,0,309.0,2026-08-20,0,-1,1303.0,32.1,,
28457,16903,Evoker,Preservation,Flameshaper,Healer,EU,Den of Nalorakk,11,1,1296.6,33225,1,304.0,2026-08-20,0,-1,1303.0,32.1,,
28457,16905,DemonHunter,Devourer,Annihilator,DPS,EU,Den of Nalorakk,11,1,1296.6,199842,0,307.0,2026-08-20,0,-1,1303.0,32.1,,
28457,27912,Shaman,Elemental,Farseer,DPS,EU,Den of Nalorakk,11,1,1296.6,204567,2,299.0,2026-08-20,0,-1,1303.0,32.1,,
28457,62094,Shaman,Elemental,Farseer,DPS,EU,Den of Nalorakk,11,1,1296.6,168289,0,298.0,2026-08-20,0,-1,1303.0,32.1,,
79501,3810,Monk,Brewmaster,Master of Harmony,Tank,US,Altar of Fangs,16,1,1628.9,159447,0,307.0,2026-08-22,0,-1,1665.0,7.5,,3451
79501,11134,Shaman,Restoration,Totemic,Healer,US,Altar of Fangs,16,1,1628.9,35147,0,301.0,2026-08-22,0,-1,1665.0,7.5,,3451
79501,11929,Warrior,Arms,Slayer,DPS,US,Altar of Fangs,16,1,1628.9,293533,1,305.0,2026-08-22,0,-1,1665.0,7.5,,3451
79501,3812,Rogue,Outlaw,Trickster,DPS,US,Altar of Fangs,16,1,1628.9,339275,2,306.0,2026-08-22,0,-1,1665.0,7.5,,3451
79501,11133,Druid,Feral,Druid of the Claw,DPS,US,Altar of Fangs,16,1,1628.9,330392,0,310.0,2026-08-22,0,-1,1665.0,7.5,,3451
31887,24001,Paladin,Protection,Lightsmith,Tank,EU,Altar of Fangs,10,1,1107.9,112970,0,300.0,2026-08-21,0,-1,1099.0,38.9,,
31887,24002,Monk,Mistweaver,Conduit of the Celestials,Healer,EU,Altar of Fangs,10,1,1107.9,60018,0,302.0,2026-08-21,0,-1,1099.0,38.9,,
31887,68716,Mage,Arcane,Sunfury,DPS,EU,Altar of Fangs,10,1,1107.9,228673,0,310.0,2026-08-21,0,-1,1099.0,38.9,,
31887,24004,Shaman,Elemental,Farseer,DPS,EU,Altar of Fangs,10,1,1107.9,262660,0,306.0,2026-08-21,0,-1,1099.0,38.9,,
31887,12795,DemonHunter,Devourer,Void-Scarred,DPS,EU,Altar of Fangs,10,1,1107.9,302483,0,309.0,2026-08-21,0,-1,1099.0,38.9,,
12980,23609,DeathKnight,Blood,Deathbringer,Tank,EU,Ruby Life Pools,11,1,1329.5,101282,0,299.0,2026-08-19,0,-1,1326.0,21.1,,
12980,25252,Shaman,Restoration,Totemic,Healer,EU,Ruby Life Pools,11,1,1329.5,26170,0,293.0,2026-08-19,0,-1,1326.0,21.1,,
12980,23611,DemonHunter,Devourer,Annihilator,DPS,EU,Ruby Life Pools,11,1,1329.5,199361,0,297.0,2026-08-19,0,-1,1326.0,21.1,,
12980,25253,Rogue,Subtlety,Deathstalker,DPS,EU,Ruby Life Pools,11,1,1329.5,185062,0,297.0,2026-08-19,0,-1,1326.0,21.1,,
12980,23610,Paladin,Retribution,Templar,DPS,EU,Ruby Life Pools,11,1,1329.5,164310,1,296.0,2026-08-19,0,-1,1326.0,21.1,,
31978,20334,DeathKnight,Blood,San'layn,Tank,EU,Kings' Rest,15,1,1674.9,106399,0,307.0,2026-08-21,0,-1,1682.0,15.1,,
31978,20935,Paladin,Holy,Herald of the Sun,Healer,EU,Kings' Rest,15,1,1674.9,24909,1,300.0,2026-08-21,0,-1,1682.0,15.1,,
31978,20337,Warlock,Demonology,Diabolist,DPS,EU,Kings' Rest,15,1,1674.9,198284,0,310.0,2026-08-21,0,-1,1682.0,15.1,,
31978,20936,Warrior,Arms,Slayer,DPS,EU,Kings' Rest,15,1,1674.9,193808,0,312.0,2026-08-21,0,-1,1682.0,15.1,,
31978,20937,Mage,Arcane,Sunfury,DPS,EU,Kings' Rest,15,1,1674.9,184838,0,305.0,2026-08-21,0,-1,1682.0,15.1,,
49095,103500,DeathKnight,Blood,San'layn,Tank,CN,Kings' Rest,12,1,1539.6,83642,0,301.0,2026-08-22,0,-1,,,,
49095,103501,Paladin,Holy,Herald of the Sun,Healer,CN,Kings' Rest,12,1,1539.6,15782,0,309.0,2026-08-22,0,-1,,,,
49095,103904,Shaman,Elemental,Farseer,DPS,CN,Kings' Rest,12,1,1539.6,177009,0,308.0,2026-08-22,0,-1,,,,
49095,79408,Mage,Arcane,Sunfury,DPS,CN,Kings' Rest,12,1,1539.6,162505,0,303.0,2026-08-22,0,-1,,,,
49095,103503,DemonHunter,Havoc,Fel-Scarred,DPS,CN,Kings' Rest,12,1,1539.6,123637,3,302.0,2026-08-22,0,-1,,,,
17907,37567,DeathKnight,Blood,Unknown,Tank,CN,Den of Nalorakk,2,1,980.7,67120,0,294.0,2026-08-19,0,-1,1016.0,47.1,,
17907,37568,Paladin,Holy,Unknown,Healer,CN,Den of Nalorakk,2,1,980.7,5436,0,285.0,2026-08-19,0,-1,1016.0,47.1,,
17907,37569,Mage,Arcane,Unknown,DPS,CN,Den of Nalorakk,2,1,980.7,94308,0,295.0,2026-08-19,0,-1,1016.0,47.1,,
17907,37571,Warrior,Arms,Unknown,DPS,CN,Den of Nalorakk,2,1,980.7,118384,0,290.0,2026-08-19,0,-1,1016.0,47.1,,
17907,37570,Hunter,BeastMastery,Unknown,DPS,CN,Den of Nalorakk,2,1,980.7,129855,0,292.0,2026-08-19,0,-1,1016.0,47.1,,
21059,20430,DeathKnight,Blood,San'layn,Tank,US,Kings' Rest,12,1,1567.7,90747,0,304.0,2026-08-19,0,-1,1604.0,19.0,,
21059,11400,Monk,Mistweaver,Conduit of the Celestials,Healer,US,Kings' Rest,12,1,1567.7,46941,0,301.0,2026-08-19,0,-1,1604.0,19.0,,3276
21059,20577,DemonHunter,Devourer,Void-Scarred,DPS,US,Kings' Rest,12,1,1567.7,128423,2,298.0,2026-08-19,0,-1,1604.0,19.0,,
21059,46861,Warrior,Arms,Slayer,DPS,US,Kings' Rest,12,1,1567.7,150976,0,295.0,2026-08-19,0,-1,1604.0,19.0,,
21059,42178,Hunter,BeastMastery,Pack Leader,DPS,US,Kings' Rest,12,1,1567.7,152380,1,301.0,2026-08-19,0,-1,1604.0,19.0,,
87096,153211,DeathKnight,Blood,San'layn,Tank,CN,Altar of Fangs,6,1,1041.7,64992,0,287.0,2026-08-24,0,-1,1033.0,42.6,0,
87096,153212,Priest,Holy,Oracle,Healer,CN,Altar of Fangs,6,1,1041.7,24112,0,296.0,2026-08-24,0,-1,1033.0,42.6,1,
87096,153213,Hunter,Survival,Sentinel,DPS,CN,Altar of Fangs,6,1,1041.7,102437,0,286.0,2026-08-24,0,-1,1033.0,42.6,1,
87096,153214,Warrior,Arms,Slayer,DPS,CN,Altar of Fangs,6,1,1041.7,170007,0,300.0,2026-08-24,0,-1,1033.0,42.6,1,
87096,153215,Rogue,Assassination,Deathstalker,DPS,CN,Altar of Fangs,6,1,1041.7,238463,0,307.0,2026-08-24,0,-1,1033.0,42.6,4,
85713,17789,DeathKnight,Blood,San'layn,Tank,EU,Altar of Fangs,10,1,1060.5,161533,0,314.0,2026-08-24,0,-1,1052.0,41.6,,
85713,13055,Paladin,Holy,Lightsmith,Healer,EU,Altar of Fangs,10,1,1060.5,91007,0,309.0,2026-08-24,0,-1,1052.0,41.6,4,3166
85713,63075,Mage,Arcane,Sunfury,DPS,EU,Altar of Fangs,10,1,1060.5,280776,0,309.0,2026-08-24,0,-1,1052.0,41.6,5,
85713,13056,Shaman,Elemental,Farseer,DPS,EU,Altar of Fangs,10,1,1060.5,277974,0,302.0,2026-08-24,0,-1,1052.0,41.6,0,2984
85713,151089,Druid,Balance,Elune's Chosen,DPS,EU,Altar of Fangs,10,1,1060.5,214578,0,304.0,2026-08-24,0,-1,1052.0,41.6,0,
31397,67500,DeathKnight,Blood,San'layn,Tank,EU,Altar of Fangs,9,1,1110.0,139130,0,300.0,2026-08-20,0,-1,1101.0,38.8,,
31397,51646,Paladin,Holy,Herald of the Sun,Healer,EU,Altar of Fangs,9,1,1110.0,13212,0,293.0,2026-08-20,0,-1,1101.0,38.8,,
31397,47470,Rogue,Outlaw,Trickster,DPS,EU,Altar of Fangs,9,1,1110.0,245179,0,299.0,2026-08-20,0,-1,1101.0,38.8,,
31397,67501,Druid,Balance,Elune's Chosen,DPS,EU,Altar of Fangs,9,1,1110.0,215345,0,304.0,2026-08-20,0,-1,1101.0,38.8,,
31397,67502,Shaman,Elemental,Farseer,DPS,EU,Altar of Fangs,9,1,1110.0,250540,0,299.0,2026-08-20,0,-1,1101.0,38.8,,
61376,92032,Druid,Guardian,Elune's Chosen,Tank,CN,Murder Row,10,1,1140.6,108930,0,306.0,2026-08-23,0,-1,1132.0,44.5,,
61376,72786,Evoker,Preservation,Flameshaper,Healer,CN,Murder Row,10,1,1140.6,45540,0,310.0,2026-08-23,0,-1,1132.0,44.5,,
61376,94321,Mage,Arcane,Sunfury,DPS,CN,Murder Row,10,1,1140.6,248995,0,307.0,2026-08-23,0,-1,1132.0,44.5,,
61376,94320,DemonHunter,Devourer,Annihilator,DPS,CN,Murder Row,10,1,1140.6,206612,0,304.0,2026-08-23,0,-1,1132.0,44.5,,
61376,94319,Monk,Windwalker,Conduit of the Celestials,DPS,CN,Murder Row,10,1,1140.6,246588,0,308.0,2026-08-23,0,-1,1132.0,44.5,,
77355,139792,DeathKnight,Blood,San'layn,Tank,CN,Murder Row,13,1,1565.1,170030,0,315.0,2026-08-23,0,-1,1587.0,22.2,,
77355,142572,Paladin,Holy,Lightsmith,Healer,CN,Murder Row,13,1,1565.1,29206,0,304.0,2026-08-23,0,-1,1587.0,22.2,,
77355,139241,Shaman,Elemental,Farseer,DPS,CN,Murder Row,13,1,1565.1,250768,0,307.0,2026-08-23,0,-1,1587.0,22.2,,
77355,142917,Warrior,Arms,Slayer,DPS,CN,Murder Row,13,1,1565.1,177580,2,308.0,2026-08-23,0,-1,1587.0,22.2,,
77355,144394,Mage,Arcane,Sunfury,DPS,CN,Murder Row,13,1,1565.1,242083,0,308.0,2026-08-23,0,-1,1587.0,22.2,,
5626,11882,Paladin,Protection,Lightsmith,Tank,US,Altar of Fangs,10,1,1395.1,100168,0,292.0,2026-08-19,0,-1,1397.0,22.4,,
5626,3858,Monk,Mistweaver,Conduit of the Celestials,Healer,US,Altar of Fangs,10,1,1395.1,45527,2,291.0,2026-08-19,0,-1,1397.0,22.4,,
5626,3859,Druid,Feral,Druid of the Claw,DPS,US,Altar of Fangs,10,1,1395.1,214536,0,295.0,2026-08-19,0,-1,1397.0,22.4,,
5626,3861,Mage,Frost,Spellslinger,DPS,US,Altar of Fangs,10,1,1395.1,194108,0,294.0,2026-08-19,0,-1,1397.0,22.4,,
5626,11883,Hunter,Marksmanship,Sentinel,DPS,US,Altar of Fangs,10,1,1395.1,191713,0,292.0,2026-08-19,0,-1,1397.0,22.4,,
42358,24442,DeathKnight,Blood,San'layn,Tank,EU,Kings' Rest,12,1,1492.7,96276,0,299.0,2026-08-20,0,-1,1514.0,23.5,,
42358,44688,Shaman,Restoration,Totemic,Healer,EU,Kings' Rest,12,1,1492.7,25164,1,302.0,2026-08-20,0,-1,1514.0,23.5,,
42358,20480,DemonHunter,Devourer,Annihilator,DPS,EU,Kings' Rest,12,1,1492.7,171829,0,299.0,2026-08-20,0,-1,1514.0,23.5,,
42358,22017,Mage,Arcane,Sunfury,DPS,EU,Kings' Rest,12,1,1492.7,149174,1,302.0,2026-08-20,0,-1,1514.0,23.5,,
42358,20140,Rogue,Outlaw,Trickster,DPS,EU,Kings' Rest,12,1,1492.7,146489,0,302.0,2026-08-20,0,-1,1514.0,23.5,,
64243,4329,DemonHunter,Vengeance,Annihilator,Tank,US,Den of Nalorakk,15,1,1824.5,137553,1,311.0,2026-08-23,0,-1,1861.0,3.1,,3208
64243,4330,Shaman,Restoration,Totemic,Healer,US,Den of Nalorakk,15,1,1824.5,34354,0,310.0,2026-08-23,0,-1,1861.0,3.1,,
64243,4331,Hunter,Marksmanship,Sentinel,DPS,US,Den of Nalorakk,15,1,1824.5,218295,0,310.0,2026-08-23,0,-1,1861.0,3.1,,3158
64243,4333,Hunter,Survival,Sentinel,DPS,US,Den of Nalorakk,15,1,1824.5,190473,1,315.0,2026-08-23,0,-1,1861.0,3.1,,
64243,4332,Warrior,Arms,Slayer,DPS,US,Den of Nalorakk,15,1,1824.5,190605,1,309.0,2026-08-23,0,-1,1861.0,3.1,,3208
27666,59112,Druid,Guardian,Elune's Chosen,Tank,EU,Temple of Sethraliss,11,1,1322.6,100967,0,293.0,2026-08-21,0,-1,1314.0,31.5,,
27666,59113,Monk,Mistweaver,Conduit of the Celestials,Healer,EU,Temple of Sethraliss,11,1,1322.6,42639,0,294.0,2026-08-21,0,-1,1314.0,31.5,,
27666,59114,Priest,Shadow,Voidweaver,DPS,EU,Temple of Sethraliss,11,1,1322.6,209895,0,296.0,2026-08-21,0,-1,1314.0,31.5,,
27666,60682,DeathKnight,Unholy,Rider of the Apocalypse,DPS,EU,Temple of Sethraliss,11,1,1322.6,196293,0,293.0,2026-08-21,0,-1,1314.0,31.5,,
27666,15144,Mage,Arcane,Sunfury,DPS,EU,Temple of Sethraliss,11,1,1322.6,245689,0,306.0,2026-08-21,0,-1,1314.0,31.5,,
84986,7182,Paladin,Protection,Lightsmith,Tank,US,Murder Row,14,1,1797.3,118042,0,305.0,2026-08-23,0,-1,1819.0,10.8,0,
84986,6483,Shaman,Restoration,Totemic,Healer,US,Murder Row,14,1,1797.3,19442,0,300.0,2026-08-23,0,-1,1819.0,10.8,1,
84986,6484,Warrior,Arms,Slayer,DPS,US,Murder Row,14,1,1797.3,200045,2,311.0,2026-08-23,0,-1,1819.0,10.8,5,2801
84986,7184,Mage,Arcane,Sunfury,DPS,US,Murder Row,14,1,1797.3,224195,0,307.0,2026-08-23,0,-1,1819.0,10.8,0,3042
84986,19324,Druid,Balance,Elune's Chosen,DPS,US,Murder Row,14,1,1797.3,230457,0,309.0,2026-08-23,0,-1,1819.0,10.8,4,
32080,21669,DeathKnight,Blood,San'layn,Tank,EU,Kings' Rest,11,1,1340.4,90621,0,312.0,2026-08-22,0,-1,1347.0,32.0,,
32080,69158,Paladin,Holy,Herald of the Sun,Healer,EU,Kings' Rest,11,1,1340.4,24441,1,288.0,2026-08-22,0,-1,1347.0,32.0,,
32080,41745,Warlock,Demonology,Diabolist,DPS,EU,Kings' Rest,11,1,1340.4,171910,0,308.0,2026-08-22,0,-1,1347.0,32.0,,
32080,69159,Shaman,Elemental,Farseer,DPS,EU,Kings' Rest,11,1,1340.4,117084,2,301.0,2026-08-22,0,-1,1347.0,32.0,,
32080,14844,DemonHunter,Devourer,Annihilator,DPS,EU,Kings' Rest,11,1,1340.4,189004,0,307.0,2026-08-22,0,-1,1347.0,32.0,,2798
80213,9214,DeathKnight,Blood,San'layn,Tank,US,Den of Nalorakk,14,1,1450.6,136511,0,312.0,2026-08-21,0,-1,1472.0,23.3,,3353
80213,9582,Shaman,Restoration,Totemic,Healer,US,Den of Nalorakk,14,1,1450.6,37948,0,303.0,2026-08-21,0,-1,1472.0,23.3,,
80213,40255,Paladin,Retribution,Templar,DPS,US,Den of Nalorakk,14,1,1450.6,241995,0,312.0,2026-08-21,0,-1,1472.0,23.3,,3249
80213,3957,DemonHunter,Devourer,Annihilator,DPS,US,Den of Nalorakk,14,1,1450.6,232551,1,309.0,2026-08-21,0,-1,1472.0,23.3,,3274
80213,55026,Rogue,Subtlety,Deathstalker,DPS,US,Den of Nalorakk,14,1,1450.6,221783,1,309.0,2026-08-21,0,-1,1472.0,23.3,,
64858,79323,Paladin,Protection,Lightsmith,Tank,CN,Altar of Fangs,13,1,1498.4,134516,0,308.0,2026-08-23,0,-1,1595.0,11.4,,
64858,103010,Priest,Holy,Oracle,Healer,CN,Altar of Fangs,13,1,1498.4,17013,0,300.0,2026-08-23,0,-1,1595.0,11.4,,
64858,136215,Hunter,BeastMastery,Pack Leader,DPS,CN,Altar of Fangs,13,1,1498.4,223345,1,298.0,2026-08-23,0,-1,1595.0,11.4,,
64858,61103,Rogue,Assassination,Deathstalker,DPS,CN,Altar of Fangs,13,1,1498.4,328717,2,310.0,2026-08-23,0,-1,1595.0,11.4,,
64858,79325,Warrior,Arms,Slayer,DPS,CN,Altar of Fangs,13,1,1498.4,245928,4,307.0,2026-08-23,0,-1,1595.0,11.4,,
33844,73282,Druid,Guardian,Elune's Chosen,Tank,US,Temple of Sethraliss,5,1,990.0,78065,0,287.0,2026-08-21,0,-1,982.0,48.9,,
33844,55467,Priest,Holy,Oracle,Healer,US,Temple of Sethraliss,5,1,990.0,12656,0,305.0,2026-08-21,0,-1,982.0,48.9,,
33844,73283,Mage,Arcane,Sunfury,DPS,US,Temple of Sethraliss,5,1,990.0,117255,0,286.0,2026-08-21,0,-1,982.0,48.9,,
33844,24681,Mage,Arcane,Sunfury,DPS,US,Temple of Sethraliss,5,1,990.0,177621,0,312.0,2026-08-21,0,-1,982.0,48.9,,
33844,73284,DemonHunter,Devourer,Void-Scarred,DPS,US,Temple of Sethraliss,5,1,990.0,148596,0,291.0,2026-08-21,0,-1,982.0,48.9,,
35957,41715,Paladin,Protection,Lightsmith,Tank,EU,Kings' Rest,12,1,1548.0,72322,2,298.0,2026-08-21,0,-1,1584.0,20.0,,
35957,77617,Monk,Mistweaver,Conduit of the Celestials,Healer,EU,Kings' Rest,12,1,1548.0,36214,0,305.0,2026-08-21,0,-1,1584.0,20.0,,
35957,45632,Mage,Arcane,Sunfury,DPS,EU,Kings' Rest,12,1,1548.0,167530,0,300.0,2026-08-21,0,-1,1584.0,20.0,,
35957,77618,Warlock,Demonology,Diabolist,DPS,EU,Kings' Rest,12,1,1548.0,157045,0,310.0,2026-08-21,0,-1,1584.0,20.0,,
35957,44070,Warrior,Arms,Slayer,DPS,EU,Kings' Rest,12,1,1548.0,150335,1,308.0,2026-08-21,0,-1,1584.0,20.0,,
38553,10645,DeathKnight,Blood,San'layn,Tank,US,Den of Nalorakk,13,1,1767.7,97540,0,303.0,2026-08-21,0,-1,1774.0,7.6,,3102
38553,10646,Priest,Discipline,Oracle,Healer,US,Den of Nalorakk,13,1,1767.7,23178,0,308.0,2026-08-21,0,-1,1774.0,7.6,,3102
38553,10647,Monk,Windwalker,Shado-Pan,DPS,US,Den of Nalorakk,13,1,1767.7,164258,1,301.0,2026-08-21,0,-1,1774.0,7.6,,
38553,3801,Shaman,Elemental,Farseer,DPS,US,Den of Nalorakk,13,1,1767.7,187152,0,301.0,2026-08-21,0,-1,1774.0,7.6,,
38553,10648,DeathKnight,Frost,Deathbringer,DPS,US,Den of Nalorakk,13,1,1767.7,166090,0,306.0,2026-08-21,0,-1,1774.0,7.6,,
18346,6834,DeathKnight,Blood,San'layn,Tank,US,Altar of Fangs,11,1,1312.3,173594,0,305.0,2026-08-20,0,-1,1314.0,27.0,,2770
18346,8890,Paladin,Holy,Herald of the Sun,Healer,US,Altar of Fangs,11,1,1312.3,19106,0,302.0,2026-08-20,0,-1,1314.0,27.0,,2765
18346,6836,Warrior,Arms,Slayer,DPS,US,Altar of Fangs,11,1,1312.3,207710,0,308.0,2026-08-20,0,-1,1314.0,27.0,,2820
18346,6838,Shaman,Enhancement,Stormbringer,DPS,US,Altar of Fangs,11,1,1312.3,270515,0,300.0,2026-08-20,0,-1,1314.0,27.0,,2769
18346,37650,DemonHunter,Devourer,Annihilator,DPS,US,Altar of Fangs,11,1,1312.3,206625,2,297.0,2026-08-20,0,-1,1314.0,27.0,,
46298,54139,DeathKnight,Blood,San'layn,Tank,CN,Murder Row,11,1,1334.4,139701,0,309.0,2026-08-22,0,-1,,,,
46298,54140,Priest,Holy,Oracle,Healer,CN,Murder Row,11,1,1334.4,40443,0,310.0,2026-08-22,0,-1,,,,
46298,54143,Paladin,Retribution,Herald of the Sun,DPS,CN,Murder Row,11,1,1334.4,201814,0,308.0,2026-08-22,0,-1,,,,
46298,54142,Mage,Arcane,Sunfury,DPS,CN,Murder Row,11,1,1334.4,247672,0,307.0,2026-08-22,0,-1,,,,
46298,97724,Paladin,Retribution,Herald of the Sun,DPS,CN,Murder Row,11,1,1334.4,176905,0,294.0,2026-08-22,0,-1,,,,
62718,134932,DeathKnight,Blood,San'layn,Tank,EU,Altar of Fangs,2,1,1082.9,51770,0,276.0,2026-08-23,0,-1,,,,
62718,134933,Monk,Mistweaver,Conduit of the Celestials,Healer,EU,Altar of Fangs,2,1,1082.9,30434,0,285.0,2026-08-23,0,-1,,,,
62718,134934,Warrior,Arms,Slayer,DPS,EU,Altar of Fangs,2,1,1082.9,123386,0,290.0,2026-08-23,0,-1,,,,
62718,134935,Mage,Arcane,Sunfury,DPS,EU,Altar of Fangs,2,1,1082.9,115486,0,290.0,2026-08-23,0,-1,,,,
62718,65681,Hunter,BeastMastery,Pack Leader,DPS,EU,Altar of Fangs,2,1,1082.9,107384,1,292.0,2026-08-23,0,-1,,,,
15592,33226,Paladin,Protection,Lightsmith,Tank,US,Altar of Fangs,9,1,1246.8,82237,1,298.0,2026-08-19,0,-1,1248.0,30.6,,
15592,33227,Paladin,Holy,Herald of the Sun,Healer,US,Altar of Fangs,9,1,1246.8,12306,0,292.0,2026-08-19,0,-1,1248.0,30.6,,
15592,20910,Rogue,Assassination,Deathstalker,DPS,US,Altar of Fangs,9,1,1246.8,226677,0,294.0,2026-08-19,0,-1,1248.0,30.6,,
15592,20911,Hunter,BeastMastery,Pack Leader,DPS,US,Altar of Fangs,9,1,1246.8,180064,0,296.0,2026-08-19,0,-1,1248.0,30.6,,
15592,20909,Shaman,Elemental,Farseer,DPS,US,Altar of Fangs,9,1,1246.8,211742,1,297.0,2026-08-19,0,-1,1248.0,30.6,,2963
62159,132890,DeathKnight,Blood,Unknown,Tank,CN,The Blinding Vale,2,1,961.2,93252,0,306.0,2026-08-23,0,-1,,,,
62159,133569,Shaman,Restoration,Unknown,Healer,CN,The Blinding Vale,2,1,961.2,25814,0,285.0,2026-08-23,0,-1,,,,
62159,133570,Hunter,BeastMastery,Unknown,DPS,CN,The Blinding Vale,2,1,961.2,135361,0,286.0,2026-08-23,0,-1,,,,
62159,132892,Mage,Arcane,Unknown,DPS,CN,The Blinding Vale,2,1,961.2,162687,0,301.0,2026-08-23,0,-1,,,,
62159,133571,Rogue,Outlaw,Unknown,DPS,CN,The Blinding Vale,2,1,961.2,52116,1,280.0,2026-08-23,0,-1,,,,
4272,4683,DeathKnight,Blood,San'layn,Tank,US,Voidscar Arena,10,1,1299.1,101921,0,292.0,2026-08-19,0,-1,1331.0,26.1,,
4272,4684,Monk,Mistweaver,Conduit of the Celestials,Healer,US,Voidscar Arena,10,1,1299.1,32835,1,293.0,2026-08-19,0,-1,1331.0,26.1,,
4272,8900,Shaman,Enhancement,Stormbringer,DPS,US,Voidscar Arena,10,1,1299.1,193005,2,300.0,2026-08-19,0,-1,1331.0,26.1,,
4272,4687,DeathKnight,Unholy,Rider of the Apocalypse,DPS,US,Voidscar Arena,10,1,1299.1,168861,3,291.0,2026-08-19,0,-1,1331.0,26.1,,
4272,4686,Hunter,Survival,Sentinel,DPS,US,Voidscar Arena,10,1,1299.1,142767,2,293.0,2026-08-19,0,-1,1331.0,26.1,,
81647,19519,DeathKnight,Blood,San'layn,Tank,EU,Den of Nalorakk,12,1,1448.9,122458,0,309.0,2026-08-20,0,-1,1485.0,22.7,,
81647,19520,Evoker,Preservation,Flameshaper,Healer,EU,Den of Nalorakk,12,1,1448.9,37400,1,300.0,2026-08-20,0,-1,1485.0,22.7,,
81647,19523,Mage,Arcane,Sunfury,DPS,EU,Den of Nalorakk,12,1,1448.9,200498,1,309.0,2026-08-20,0,-1,1485.0,22.7,,
81647,20422,Shaman,Elemental,Farseer,DPS,EU,Den of Nalorakk,12,1,1448.9,174099,0,302.0,2026-08-20,0,-1,1485.0,22.7,,
81647,19521,Warrior,Arms,Slayer,DPS,EU,Den of Nalorakk,12,1,1448.9,153880,1,302.0,2026-08-20,0,-1,1485.0,22.7,,
42954,10011,Druid,Guardian,Elune's Chosen,Tank,US,Voidscar Arena,12,1,1409.9,74465,0,307.0,2026-08-22,0,-1,1417.0,21.3,,
42954,10682,Shaman,Restoration,Totemic,Healer,US,Voidscar Arena,12,1,1409.9,34220,0,303.0,2026-08-22,0,-1,1417.0,21.3,,
42954,21458,DeathKnight,Unholy,San'layn,DPS,US,Voidscar Arena,12,1,1409.9,196949,0,301.0,2026-08-22,0,-1,1417.0,21.3,,
42954,10705,Mage,Arcane,Sunfury,DPS,US,Voidscar Arena,12,1,1409.9,159521,1,298.0,2026-08-22,0,-1,1417.0,21.3,,
42954,85255,DemonHunter,Devourer,Void-Scarred,DPS,US,Voidscar Arena,12,1,1409.9,167572,0,304.0,2026-08-22,0,-1,1417.0,21.3,,
60999,130666,Warrior,Protection,Mountain Thane,Tank,EU,Ruby Life Pools,2,1,836.6,83012,0,296.0,2026-08-22,0,-1,,,,
60999,130667,Monk,Mistweaver,Conduit of the Celestials,Healer,EU,Ruby Life Pools,2,1,836.6,36228,0,289.0,2026-08-22,0,-1,,,,
60999,130668,Mage,Arcane,Sunfury,DPS,EU,Ruby Life Pools,2,1,836.6,130898,0,287.0,2026-08-22,0,-1,,,,
60999,130669,Rogue,Assassination,Deathstalker,DPS,EU,Ruby Life Pools,2,1,836.6,111115,0,279.0,2026-08-22,0,-1,,,,
60999,130670,Hunter,BeastMastery,Pack Leader,DPS,EU,Ruby Life Pools,2,1,836.6,142098,0,301.0,2026-08-22,0,-1,,,,
11949,23730,DeathKnight,Blood,San'layn,Tank,EU,Murder Row,12,1,1850.1,89136,1,294.0,2026-08-19,0,-1,1977.0,3.1,,
11949,23731,Paladin,Holy,Herald of the Sun,Healer,EU,Murder Row,12,1,1850.1,12956,2,301.0,2026-08-19,0,-1,1977.0,3.1,,
11949,18665,Shaman,Elemental,Farseer,DPS,EU,Murder Row,12,1,1850.1,178304,1,294.0,2026-08-19,0,-1,1977.0,3.1,,
11949,23732,Warrior,Arms,Slayer,DPS,EU,Murder Row,12,1,1850.1,159733,3,295.0,2026-08-19,0,-1,1977.0,3.1,,
11949,19720,DemonHunter,Devourer,Annihilator,DPS,EU,Murder Row,12,1,1850.1,182652,2,298.0,2026-08-19,0,-1,1977.0,3.1,,
10627,21363,DeathKnight,Blood,San'layn,Tank,EU,Kings' Rest,10,1,1312.6,84433,0,294.0,2026-08-19,0,-1,1314.0,33.6,,
10627,21364,Shaman,Restoration,Totemic,Healer,EU,Kings' Rest,10,1,1312.6,32976,0,298.0,2026-08-19,0,-1,1314.0,33.6,,
10627,21365,Warrior,Arms,Slayer,DPS,EU,Kings' Rest,10,1,1312.6,150641,1,285.0,2026-08-19,0,-1,1314.0,33.6,,
10627,21366,Mage,Arcane,Sunfury,DPS,EU,Kings' Rest,10,1,1312.6,178342,0,298.0,2026-08-19,0,-1,1314.0,33.6,,
10627,21367,Paladin,Retribution,Templar,DPS,EU,Kings' Rest,10,1,1312.6,134682,1,292.0,2026-08-19,0,-1,1314.0,33.6,,
28729,62517,Paladin,Protection,Lightsmith,Tank,EU,Altar of Fangs,8,1,1071.8,105043,0,294.0,2026-08-20,0,-1,1064.0,40.9,,
28729,62518,Priest,Discipline,Oracle,Healer,EU,Altar of Fangs,8,1,1071.8,18042,0,293.0,2026-08-20,0,-1,1064.0,40.9,,
28729,62519,Warlock,Demonology,Diabolist,DPS,EU,Altar of Fangs,8,1,1071.8,254724,0,297.0,2026-08-20,0,-1,1064.0,40.9,,
28729,29373,Druid,Feral,Druid of the Claw,DPS,EU,Altar of Fangs,8,1,1071.8,218012,0,293.0,2026-08-20,0,-1,1064.0,40.9,,
28729,29372,Warrior,Arms,Slayer,DPS,EU,Altar of Fangs,8,1,1071.8,187026,0,293.0,2026-08-20,0,-1,1064.0,40.9,,
58240,124248,Druid,Guardian,Elune's Chosen,Tank,EU,Kings' Rest,5,1,1110.5,36194,0,287.0,2026-08-23,0,-1,,,,
58240,124249,Paladin,Holy,Herald of the Sun,Healer,EU,Kings' Rest,5,1,1110.5,16480,0,293.0,2026-08-23,0,-1,,,,
58240,124250,Warlock,Destruction,Diabolist,DPS,EU,Kings' Rest,5,1,1110.5,108295,0,283.0,2026-08-23,0,-1,,,,
58240,124251,Shaman,Enhancement,Stormbringer,DPS,EU,Kings' Rest,5,1,1110.5,116004,0,303.0,2026-08-23,0,-1,,,,
58240,97009,DeathKnight,Unholy,Rider of the Apocalypse,DPS,EU,Kings' Rest,5,1,1110.5,102084,0,295.0,2026-08-23,0,-1,,,,
55689,6162,Monk,Brewmaster,Shado-Pan,Tank,US,Den of Nalorakk,10,1,1191.2,99067,0,302.0,2026-08-23,0,-1,1183.0,38.4,,
55689,11795,Shaman,Restoration,Farseer,Healer,US,Den of Nalorakk,10,1,1191.2,18181,0,307.0,2026-08-23,0,-1,1183.0,38.4,,
55689,19622,Warrior,Arms,Slayer,DPS,US,Den of Nalorakk,10,1,1191.2,201663,0,309.0,2026-08-23,0,-1,1183.0,38.4,,
55689,118113,Mage,Arcane,Sunfury,DPS,US,Den of Nalorakk,10,1,1191.2,237116,0,310.0,2026-08-23,0,-1,1183.0,38.4,,
55689,118114,Warlock,Destruction,Diabolist,DPS,US,Den of Nalorakk,10,1,1191.2,165677,0,306.0,2026-08-23,0,-1,1183.0,38.4,,
5766,9740,Monk,Brewmaster,Master of Harmony,Tank,US,Altar of Fangs,10,1,1541.4,105733,0,294.0,2026-08-18,0,-1,1578.0,12.3,,3027
5766,7711,Priest,Discipline,Oracle,Healer,US,Altar of Fangs,10,1,1541.4,11922,3,296.0,2026-08-18,0,-1,1578.0,12.3,,2701
5766,9742,Monk,Windwalker,Shado-Pan,DPS,US,Altar of Fangs,10,1,1541.4,160160,2,295.0,2026-08-18,0,-1,1578.0,12.3,,3091
5766,9741,DemonHunter,Devourer,Void-Scarred,DPS,US,Altar of Fangs,10,1,1541.4,181954,3,295.0,2026-08-18,0,-1,1578.0,12.3,,2755
5766,7713,Rogue,Subtlety,Trickster,DPS,US,Altar of Fangs,10,1,1541.4,210208,1,300.0,2026-08-18,0,-1,1578.0,12.3,,3188
39585,58641,Paladin,Protection,Unknown,Tank,US,Altar of Fangs,10,1,1087.2,120935,0,305.0,2026-08-21,0,-1,1078.0,40.1,,
39585,58642,Evoker,Preservation,Unknown,Healer,US,Altar of Fangs,10,1,1087.2,33338,0,305.0,2026-08-21,0,-1,1078.0,40.1,,
39585,84691,Evoker,Devastation,Unknown,DPS,US,Altar of Fangs,10,1,1087.2,259672,0,308.0,2026-08-21,0,-1,1078.0,40.1,,
39585,24219,Druid,Balance,Unknown,DPS,US,Altar of Fangs,10,1,1087.2,222931,0,307.0,2026-08-21,0,-1,1078.0,40.1,,
39585,5535,Mage,Arcane,Unknown,DPS,US,Altar of Fangs,10,1,1087.2,302266,0,308.0,2026-08-21,0,-1,1078.0,40.1,,
21562,22608,DeathKnight,Blood,San'layn,Tank,EU,Voidscar Arena,12,1,1544.5,116238,0,295.0,2026-08-19,0,-1,1581.0,12.2,,
21562,22609,Shaman,Restoration,Totemic,Healer,EU,Voidscar Arena,12,1,1544.5,32422,0,290.0,2026-08-19,0,-1,1581.0,12.2,,
21562,23489,Rogue,Subtlety,Deathstalker,DPS,EU,Voidscar Arena,12,1,1544.5,209302,1,292.0,2026-08-19,0,-1,1581.0,12.2,,
21562,17465,Priest,Shadow,Voidweaver,DPS,EU,Voidscar Arena,12,1,1544.5,166127,2,294.0,2026-08-19,0,-1,1581.0,12.2,,
21562,22610,DeathKnight,Unholy,Rider of the Apocalypse,DPS,EU,Voidscar Arena,12,1,1544.5,208367,0,297.0,2026-08-19,0,-1,1581.0,12.2,,
46612,44222,DeathKnight,Blood,San'layn,Tank,EU,Voidscar Arena,11,1,1189.6,98122,0,313.0,2026-08-22,0,-1,1186.0,34.1,,
46612,69963,Druid,Restoration,Wildstalker,Healer,EU,Voidscar Arena,11,1,1189.6,13216,0,304.0,2026-08-22,0,-1,1186.0,34.1,,
46612,36824,DemonHunter,Devourer,Annihilator,DPS,EU,Voidscar Arena,11,1,1189.6,181641,1,297.0,2026-08-22,0,-1,1186.0,34.1,,
46612,13287,Shaman,Enhancement,Stormbringer,DPS,EU,Voidscar Arena,11,1,1189.6,207516,0,309.0,2026-08-22,0,-1,1186.0,34.1,,
46612,12920,Mage,Arcane,Sunfury,DPS,EU,Voidscar Arena,11,1,1189.6,227369,0,307.0,2026-08-22,0,-1,1186.0,34.1,,2718
18642,19791,Monk,Brewmaster,Master of Harmony,Tank,EU,Kings' Rest,11,1,1389.4,91585,0,294.0,2026-08-19,0,-1,1406.0,29.0,,3412
18642,37640,Shaman,Restoration,Totemic,Healer,EU,Kings' Rest,11,1,1389.4,18974,1,292.0,2026-08-19,0,-1,1406.0,29.0,,
18642,20509,Paladin,Retribution,Templar,DPS,EU,Kings' Rest,11,1,1389.4,159579,2,295.0,2026-08-19,0,-1,1406.0,29.0,,3366
18642,37641,Rogue,Subtlety,Deathstalker,DPS,EU,Kings' Rest,11,1,1389.4,162891,1,296.0,2026-08-19,0,-1,1406.0,29.0,,
18642,37642,Warrior,Fury,Slayer,DPS,EU,Kings' Rest,11,1,1389.4,155094,1,293.0,2026-08-19,0,-1,1406.0,29.0,,
72348,30668,Druid,Guardian,Elune's Chosen,Tank,EU,Voidscar Arena,15,1,1638.6,133763,0,310.0,2026-08-23,0,-1,1736.0,3.6,,
72348,50567,Monk,Mistweaver,Conduit of the Celestials,Healer,EU,Voidscar Arena,15,1,1638.6,45770,1,309.0,2026-08-23,0,-1,1736.0,3.6,,
72348,30672,Rogue,Outlaw,Trickster,DPS,EU,Voidscar Arena,15,1,1638.6,233593,1,305.0,2026-08-23,0,-1,1736.0,3.6,,
72348,21136,Warrior,Arms,Slayer,DPS,EU,Voidscar Arena,15,1,1638.6,189586,3,313.0,2026-08-23,0,-1,1736.0,3.6,,
72348,30670,Shaman,Elemental,Farseer,DPS,EU,Voidscar Arena,15,1,1638.6,214331,2,308.0,2026-08-23,0,-1,1736.0,3.6,,
83494,147534,DemonHunter,Vengeance,Annihilator,Tank,EU,Ruby Life Pools,5,1,1004.7,46026,0,293.0,2026-08-23,0,-1,997.0,40.7,0,
83494,97010,Druid,Restoration,Wildstalker,Healer,EU,Ruby Life Pools,5,1,1004.7,15932,0,290.0,2026-08-23,0,-1,997.0,40.7,2,
83494,147535,Shaman,Elemental,Farseer,DPS,EU,Ruby Life Pools,5,1,1004.7,133630,0,291.0,2026-08-23,0,-1,997.0,40.7,2,
83494,136793,Shaman,Elemental,Farseer,DPS,EU,Ruby Life Pools,5,1,1004.7,129573,0,275.0,2026-08-23,0,-1,997.0,40.7,0,
83494,110106,Mage,Arcane,Sunfury,DPS,EU,Ruby Life Pools,5,1,1004.7,153603,2,297.0,2026-08-23,0,-1,997.0,40.7,2,
85071,150084,DeathKnight,Blood,San'layn,Tank,EU,Murder Row,12,1,1455.3,133581,0,311.0,2026-08-23,0,-1,1462.0,28.3,2,
85071,141616,Shaman,Restoration,Totemic,Healer,EU,Murder Row,12,1,1455.3,28048,0,309.0,2026-08-23,0,-1,1462.0,28.3,2,
85071,54049,Mage,Arcane,Sunfury,DPS,EU,Murder Row,12,1,1455.3,200104,0,313.0,2026-08-23,0,-1,1462.0,28.3,,
85071,150085,Warrior,Fury,Slayer,DPS,EU,Murder Row,12,1,1455.3,181754,1,308.0,2026-08-23,0,-1,1462.0,28.3,0,
85071,18518,DemonHunter,Devourer,Annihilator,DPS,EU,Murder Row,12,1,1455.3,226770,0,304.0,2026-08-23,0,-1,1462.0,28.3,2,
34947,12743,DeathKnight,Blood,San'layn,Tank,EU,Murder Row,11,1,1288.3,132162,0,300.0,2026-08-21,0,-1,1285.0,37.0,,
34947,17774,Druid,Restoration,Wildstalker,Healer,EU,Murder Row,11,1,1288.3,42835,0,301.0,2026-08-21,0,-1,1285.0,37.0,,
34947,75598,Warrior,Arms,Slayer,DPS,EU,Murder Row,11,1,1288.3,161330,1,297.0,2026-08-21,0,-1,1285.0,37.0,,
34947,75599,Rogue,Subtlety,Deathstalker,DPS,EU,Murder Row,11,1,1288.3,252216,0,306.0,2026-08-21,0,-1,1285.0,37.0,,
34947,75600,Shaman,Elemental,Farseer,DPS,EU,Murder Row,11,1,1288.3,231861,0,306.0,2026-08-21,0,-1,1285.0,37.0,,
39004,37203,DeathKnight,Blood,San'layn,Tank,EU,Den of Nalorakk,13,1,1737.6,112140,0,304.0,2026-08-21,0,-1,1774.0,7.6,,
39004,83588,Shaman,Restoration,Totemic,Healer,EU,Den of Nalorakk,13,1,1737.6,29645,1,299.0,2026-08-21,0,-1,1774.0,7.6,,
39004,83589,Hunter,BeastMastery,Pack Leader,DPS,EU,Den of Nalorakk,13,1,1737.6,179787,1,305.0,2026-08-21,0,-1,1774.0,7.6,,
39004,83590,Paladin,Retribution,Templar,DPS,EU,Den of Nalorakk,13,1,1737.6,196224,1,304.0,2026-08-21,0,-1,1774.0,7.6,,
39004,37205,Warrior,Arms,Slayer,DPS,EU,Den of Nalorakk,13,1,1737.6,183300,0,306.0,2026-08-21,0,-1,1774.0,7.6,,
70615,53981,Warrior,Protection,Mountain Thane,Tank,EU,Temple of Sethraliss,14,1,1679.7,147833,0,306.0,2026-08-22,0,-1,,,,
70615,57292,Shaman,Restoration,Totemic,Healer,EU,Temple of Sethraliss,14,1,1679.7,19956,3,306.0,2026-08-22,0,-1,,,,
70615,53982,Rogue,Subtlety,Deathstalker,DPS,EU,Temple of Sethraliss,14,1,1679.7,219630,2,306.0,2026-08-22,0,-1,,,,
70615,28219,Hunter,Marksmanship,Sentinel,DPS,EU,Temple of Sethraliss,14,1,1679.7,183180,2,304.0,2026-08-22,0,-1,,,,
70615,100245,Mage,Arcane,Sunfury,DPS,EU,Temple of Sethraliss,14,1,1679.7,233673,1,305.0,2026-08-22,0,-1,,,,
50843,82263,DeathKnight,Blood,San'layn,Tank,EU,Kings' Rest,2,1,971.3,52436,0,303.0,2026-08-22,0,-1,,,,
50843,82264,Shaman,Restoration,Totemic,Healer,EU,Kings' Rest,2,1,971.3,27088,0,303.0,2026-08-22,0,-1,,,,
50843,36303,Warlock,Affliction,Soul Harvester,DPS,EU,Kings' Rest,2,1,971.3,103646,0,306.0,2026-08-22,0,-1,,,,
50843,107515,Mage,Arcane,Sunfury,DPS,EU,Kings' Rest,2,1,971.3,89829,0,303.0,2026-08-22,0,-1,,,,
50843,107910,Rogue,Outlaw,Trickster,DPS,EU,Kings' Rest,2,1,971.3,73532,0,297.0,2026-08-22,0,-1,,,,
63291,57583,Paladin,Protection,Lightsmith,Tank,US,Kings' Rest,14,1,1855.4,85828,0,305.0,2026-08-23,0,-1,,,,
63291,92129,Shaman,Restoration,Farseer,Healer,US,Kings' Rest,14,1,1855.4,22958,0,300.0,2026-08-23,0,-1,,,,
63291,136197,Rogue,Subtlety,Deathstalker,DPS,US,Kings' Rest,14,1,1855.4,169501,1,308.0,2026-08-23,0,-1,,,,
63291,41386,Warrior,Arms,Slayer,DPS,US,Kings' Rest,14,1,1855.4,151210,1,307.0,2026-08-23,0,-1,,,,
63291,50845,Hunter,BeastMastery,Pack Leader,DPS,US,Kings' Rest,14,1,1855.4,145084,2,308.0,2026-08-23,0,-1,,,,
17592,16951,DemonHunter,Vengeance,Annihilator,Tank,EU,The Blinding Vale,10,1,973.2,138878,0,299.0,2026-08-19,0,-1,970.0,46.1,,2790
17592,13580,Monk,Mistweaver,Conduit of the Celestials,Healer,EU,The Blinding Vale,10,1,973.2,69160,0,308.0,2026-08-19,0,-1,970.0,46.1,,
17592,16955,Warlock,Demonology,Diabolist,DPS,EU,The Blinding Vale,10,1,973.2,191995,0,298.0,2026-08-19,0,-1,970.0,46.1,,2692
17592,22189,DemonHunter,Devourer,Annihilator,DPS,EU,The Blinding Vale,10,1,973.2,290642,0,307.0,2026-08-19,0,-1,970.0,46.1,,
17592,13581,Mage,Arcane,Sunfury,DPS,EU,The Blinding Vale,10,1,973.2,259911,1,303.0,2026-08-19,0,-1,970.0,46.1,,2705
50726,107679,Warrior,Protection,Mountain Thane,Tank,EU,Murder Row,5,1,1211.3,88954,0,290.0,2026-08-22,0,-1,,,,
50726,60875,Priest,Holy,Archon,Healer,EU,Murder Row,5,1,1211.3,16642,0,306.0,2026-08-22,0,-1,,,,
50726,107680,Shaman,Elemental,Farseer,DPS,EU,Murder Row,5,1,1211.3,132935,0,292.0,2026-08-22,0,-1,,,,
50726,55924,Hunter,Survival,Sentinel,DPS,EU,Murder Row,5,1,1211.3,85154,0,293.0,2026-08-22,0,-1,,,,
50726,107681,Warrior,Fury,Slayer,DPS,EU,Murder Row,5,1,1211.3,125510,0,288.0,2026-08-22,0,-1,,,,
27200,59911,Paladin,Protection,Lightsmith,Tank,EU,Temple of Sethraliss,4,1,1024.1,63681,0,296.0,2026-08-20,0,-1,1016.0,47.1,,
27200,59912,Shaman,Restoration,Totemic,Healer,EU,Temple of Sethraliss,4,1,1024.1,23099,0,301.0,2026-08-20,0,-1,1016.0,47.1,,
27200,59913,Warrior,Arms,Slayer,DPS,EU,Temple of Sethraliss,4,1,1024.1,114862,0,281.0,2026-08-20,0,-1,1016.0,47.1,,
27200,59914,Hunter,BeastMastery,Pack Leader,DPS,EU,Temple of Sethraliss,4,1,1024.1,135188,0,293.0,2026-08-20,0,-1,1016.0,47.1,,
27200,59915,Shaman,Elemental,Farseer,DPS,EU,Temple of Sethraliss,4,1,1024.1,133452,0,296.0,2026-08-20,0,-1,1016.0,47.1,,
65988,122979,Monk,Brewmaster,Master of Harmony,Tank,US,Ruby Life Pools,13,1,1443.2,110955,1,304.0,2026-08-23,0,-1,,,,
65988,45295,Shaman,Restoration,Totemic,Healer,US,Ruby Life Pools,13,1,1443.2,29629,0,304.0,2026-08-23,0,-1,,,,
65988,46821,Hunter,BeastMastery,Pack Leader,DPS,US,Ruby Life Pools,13,1,1443.2,203011,1,305.0,2026-08-23,0,-1,,,,
65988,23979,Paladin,Retribution,Templar,DPS,US,Ruby Life Pools,13,1,1443.2,216755,1,303.0,2026-08-23,0,-1,,,,
65988,137902,Rogue,Assassination,Deathstalker,DPS,US,Ruby Life Pools,13,1,1443.2,196555,1,306.0,2026-08-23,0,-1,,,,
35801,72747,DeathKnight,Blood,Unknown,Tank,US,Voidscar Arena,12,1,1337.4,92343,0,298.0,2026-08-20,0,-1,1329.0,26.2,,
35801,77302,Shaman,Restoration,Unknown,Healer,US,Voidscar Arena,12,1,1337.4,26984,0,298.0,2026-08-20,0,-1,1329.0,26.2,,
35801,77303,Rogue,Outlaw,Unknown,DPS,US,Voidscar Arena,12,1,1337.4,239839,0,300.0,2026-08-20,0,-1,1329.0,26.2,,
35801,2109,Warrior,Arms,Unknown,DPS,US,Voidscar Arena,12,1,1337.4,219363,0,308.0,2026-08-20,0,-1,1329.0,26.2,,
35801,73770,Shaman,Elemental,Unknown,DPS,US,Voidscar Arena,12,1,1337.4,205019,0,306.0,2026-08-20,0,-1,1329.0,26.2,,
83050,46784,DeathKnight,Blood,San'layn,Tank,EU,Den of Nalorakk,12,1,1425.0,128092,0,314.0,2026-08-22,0,-1,1447.0,24.6,,
83050,83792,Shaman,Restoration,Totemic,Healer,EU,Den of Nalorakk,12,1,1425.0,24316,0,307.0,2026-08-22,0,-1,1447.0,24.6,,
83050,46786,DeathKnight,Unholy,Rider of the Apocalypse,DPS,EU,Den of Nalorakk,12,1,1425.0,202010,0,303.0,2026-08-22,0,-1,1447.0,24.6,,
83050,146880,Warlock,Destruction,Hellcaller,DPS,EU,Den of Nalorakk,12,1,1425.0,147500,1,293.0,2026-08-22,0,-1,1447.0,24.6,,
83050,86217,Mage,Arcane,Sunfury,DPS,EU,Den of Nalorakk,12,1,1425.0,211398,1,308.0,2026-08-22,0,-1,1447.0,24.6,,
68245,65151,DeathKnight,Blood,San'layn,Tank,CN,Altar of Fangs,15,1,1776.1,189335,0,313.0,2026-08-22,0,-1,1783.0,1.0,,
68245,136920,Paladin,Holy,Herald of the Sun,Healer,CN,Altar of Fangs,15,1,1776.1,30221,1,306.0,2026-08-22,0,-1,1783.0,1.0,,
68245,73872,Warrior,Arms,Slayer,DPS,CN,Altar of Fangs,15,1,1776.1,247958,0,306.0,2026-08-22,0,-1,1783.0,1.0,,
68245,75592,Rogue,Outlaw,Trickster,DPS,CN,Altar of Fangs,15,1,1776.1,248669,0,306.0,2026-08-22,0,-1,1783.0,1.0,,
68245,97090,Mage,Arcane,Sunfury,DPS,CN,Altar of Fangs,15,1,1776.1,215940,0,307.0,2026-08-22,0,-1,1783.0,1.0,,
44651,67075,Paladin,Protection,Lightsmith,Tank,EU,Temple of Sethraliss,10,1,1119.9,106261,0,305.0,2026-08-22,0,-1,,,,
44651,93997,Paladin,Holy,Herald of the Sun,Healer,EU,Temple of Sethraliss,10,1,1119.9,18177,0,307.0,2026-08-22,0,-1,,,,
44651,18426,DeathKnight,Unholy,San'layn,DPS,EU,Temple of Sethraliss,10,1,1119.9,222298,0,303.0,2026-08-22,0,-1,,,,
44651,93998,Shaman,Elemental,Farseer,DPS,EU,Temple of Sethraliss,10,1,1119.9,186674,0,301.0,2026-08-22,0,-1,,,,
44651,93999,Druid,Balance,Elune's Chosen,DPS,EU,Temple of Sethraliss,10,1,1119.9,257116,0,310.0,2026-08-22,0,-1,,,,
39873,21983,DeathKnight,Blood,San'layn,Tank,US,Voidscar Arena,12,1,1404.5,119777,0,301.0,2026-08-21,0,-1,1411.0,21.6,,
39873,41421,Paladin,Holy,Herald of the Sun,Healer,US,Voidscar Arena,12,1,1404.5,19064,0,307.0,2026-08-21,0,-1,1411.0,21.6,,
39873,85215,Warrior,Arms,Slayer,DPS,US,Voidscar Arena,12,1,1404.5,208328,1,308.0,2026-08-21,0,-1,1411.0,21.6,,
39873,13044,Evoker,Devastation,Scalecommander,DPS,US,Voidscar Arena,12,1,1404.5,227491,0,302.0,2026-08-21,0,-1,1411.0,21.6,,
39873,58881,Hunter,BeastMastery,Pack Leader,DPS,US,Voidscar Arena,12,1,1404.5,169547,0,309.0,2026-08-21,0,-1,1411.0,21.6,,
7251,15509,Monk,Brewmaster,Master of Harmony,Tank,US,Den of Nalorakk,12,0,1923.8,86859,2,295.0,2026-08-19,0,-1,2126.0,-10.7,,3012
7251,15510,Paladin,Holy,Herald of the Sun,Healer,US,Den of Nalorakk,12,0,1923.8,22866,3,293.0,2026-08-19,0,-1,2126.0,-10.7,,
7251,959,Shaman,Elemental,Farseer,DPS,US,Den of Nalorakk,12,0,1923.8,181327,2,297.0,2026-08-19,0,-1,2126.0,-10.7,,3124
7251,960,Mage,Arcane,Sunfury,DPS,US,Den of Nalorakk,12,0,1923.8,180913,3,301.0,2026-08-19,0,-1,2126.0,-10.7,,3057
7251,958,Mage,Arcane,Sunfury,DPS,US,Den of Nalorakk,12,0,1923.8,170108,4,298.0,2026-08-19,0,-1,2126.0,-10.7,,3013
66660,138255,Paladin,Protection,Lightsmith,Tank,US,Kings' Rest,5,1,988.8,78798,0,294.0,2026-08-23,0,-1,981.0,50.5,,
66660,138256,Shaman,Restoration,Totemic,Healer,US,Kings' Rest,5,1,988.8,24236,0,279.0,2026-08-23,0,-1,981.0,50.5,,
66660,138257,Druid,Feral,Druid of the Claw,DPS,US,Kings' Rest,5,1,988.8,92016,0,291.0,2026-08-23,0,-1,981.0,50.5,,
66660,138258,Warrior,Arms,Slayer,DPS,US,Kings' Rest,5,1,988.8,92915,0,289.0,2026-08-23,0,-1,981.0,50.5,,
66660,138259,Paladin,Retribution,Templar,DPS,US,Kings' Rest,5,1,988.8,129201,0,291.0,2026-08-23,0,-1,981.0,50.5,,
1174,757,Druid,Guardian,Elune's Chosen,Tank,US,Temple of Sethraliss,10,1,1350.7,96792,0,294.0,2026-08-18,0,-1,1347.0,29.8,,2737
1174,758,Paladin,Holy,Herald of the Sun,Healer,US,Temple of Sethraliss,10,1,1350.7,14901,0,292.0,2026-08-18,0,-1,1347.0,29.8,,2884
1174,761,Mage,Arcane,Sunfury,DPS,US,Temple of Sethraliss,10,1,1350.7,185492,1,294.0,2026-08-18,0,-1,1347.0,29.8,,2938
1174,759,Shaman,Elemental,Farseer,DPS,US,Temple of Sethraliss,10,1,1350.7,196514,0,295.0,2026-08-18,0,-1,1347.0,29.8,,3017
1174,760,Hunter,BeastMastery,Pack Leader,DPS,US,Temple of Sethraliss,10,1,1350.7,181909,0,297.0,2026-08-18,0,-1,1347.0,29.8,,2698
35959,59115,DeathKnight,Blood,San'layn,Tank,US,Ruby Life Pools,11,1,1129.2,109491,0,307.0,2026-08-21,0,-1,1125.0,33.0,,
35959,31579,Evoker,Preservation,Flameshaper,Healer,US,Ruby Life Pools,11,1,1129.2,55155,1,311.0,2026-08-21,0,-1,1125.0,33.0,,
35959,31580,Mage,Arcane,Sunfury,DPS,US,Ruby Life Pools,11,1,1129.2,226394,0,307.0,2026-08-21,0,-1,1125.0,33.0,,
35959,64917,Warrior,Arms,Slayer,DPS,US,Ruby Life Pools,11,1,1129.2,198617,0,296.0,2026-08-21,0,-1,1125.0,33.0,,
35959,31581,Warlock,Destruction,Diabolist,DPS,US,Ruby Life Pools,11,1,1129.2,244041,0,310.0,2026-08-21,0,-1,1125.0,33.0,,
2490,1534,Warrior,Protection,Mountain Thane,Tank,US,Den of Nalorakk,10,1,1525.1,109155,0,292.0,2026-08-18,0,-1,1531.0,20.3,,2693
2490,1535,Shaman,Restoration,Totemic,Healer,US,Den of Nalorakk,10,1,1525.1,23033,1,295.0,2026-08-18,0,-1,1531.0,20.3,,2794
2490,1537,Mage,Arcane,Sunfury,DPS,US,Den of Nalorakk,10,1,1525.1,146948,1,295.0,2026-08-18,0,-1,1531.0,20.3,,2737
2490,1536,Warlock,Demonology,Diabolist,DPS,US,Den of Nalorakk,10,1,1525.1,153345,0,295.0,2026-08-18,0,-1,1531.0,20.3,,2836
2490,1538,Hunter,BeastMastery,Pack Leader,DPS,US,Den of Nalorakk,10,1,1525.1,142469,1,297.0,2026-08-18,0,-1,1531.0,20.3,,2823
25442,56538,Paladin,Protection,Lightsmith,Tank,EU,Murder Row,10,1,1187.6,116510,0,303.0,2026-08-21,0,-1,1179.0,42.2,,
25442,56539,Paladin,Holy,Herald of the Sun,Healer,EU,Murder Row,10,1,1187.6,11134,0,297.0,2026-08-21,0,-1,1179.0,42.2,,
25442,14463,Warlock,Demonology,Diabolist,DPS,EU,Murder Row,10,1,1187.6,331284,0,305.0,2026-08-21,0,-1,1179.0,42.2,,
25442,56540,Mage,Arcane,Sunfury,DPS,EU,Murder Row,10,1,1187.6,171518,0,295.0,2026-08-21,0,-1,1179.0,42.2,,
25442,56541,DemonHunter,Devourer,Void-Scarred,DPS,EU,Murder Row,10,1,1187.6,168554,0,300.0,2026-08-21,0,-1,1179.0,42.2,,
50099,49012,Monk,Brewmaster,Shado-Pan,Tank,EU,Kings' Rest,10,1,1137.0,102569,0,310.0,2026-08-22,0,-1,1144.0,42.2,,
50099,106234,Evoker,Preservation,Flameshaper,Healer,EU,Kings' Rest,10,1,1137.0,27964,1,305.0,2026-08-22,0,-1,1144.0,42.2,,
50099,106235,Warrior,Arms,Slayer,DPS,EU,Kings' Rest,10,1,1137.0,156721,2,304.0,2026-08-22,0,-1,1144.0,42.2,,
50099,21285,Warlock,Demonology,Diabolist,DPS,EU,Kings' Rest,10,1,1137.0,185814,0,307.0,2026-08-22,0,-1,1144.0,42.2,,
50099,80048,Mage,Arcane,Sunfury,DPS,EU,Kings' Rest,10,1,1137.0,166206,0,298.0,2026-08-22,0,-1,1144.0,42.2,,
51661,107511,Paladin,Protection,Lightsmith,Tank,EU,Voidscar Arena,9,1,957.5,114845,0,291.0,2026-08-22,0,-1,954.0,47.0,,
51661,109766,Priest,Holy,Oracle,Healer,EU,Voidscar Arena,9,1,957.5,34800,0,293.0,2026-08-22,0,-1,954.0,47.0,,
51661,109767,Druid,Balance,Elune's Chosen,DPS,EU,Voidscar Arena,9,1,957.5,165335,1,284.0,2026-08-22,0,-1,954.0,47.0,,
51661,109768,Shaman,Enhancement,Stormbringer,DPS,EU,Voidscar Arena,9,1,957.5,230688,0,302.0,2026-08-22,0,-1,954.0,47.0,,
51661,14671,DemonHunter,Devourer,Annihilator,DPS,EU,Voidscar Arena,9,1,957.5,262103,0,305.0,2026-08-22,0,-1,954.0,47.0,,
86705,141531,DeathKnight,Blood,San'layn,Tank,EU,Den of Nalorakk,13,1,1615.1,102301,0,308.0,2026-08-23,0,-1,1607.0,16.3,4,
86705,47124,Paladin,Holy,Lightsmith,Healer,EU,Den of Nalorakk,13,1,1615.1,52638,0,309.0,2026-08-23,0,-1,1607.0,16.3,2,
86705,148706,Warlock,Demonology,Diabolist,DPS,EU,Den of Nalorakk,13,1,1615.1,148573,0,299.0,2026-08-23,0,-1,1607.0,16.3,1,
86705,25903,Warrior,Fury,Slayer,DPS,EU,Den of Nalorakk,13,1,1615.1,218017,0,312.0,2026-08-23,0,-1,1607.0,16.3,4,
86705,129880,Shaman,Elemental,Farseer,DPS,EU,Den of Nalorakk,13,1,1615.1,152078,0,308.0,2026-08-23,0,-1,1607.0,16.3,2,
38130,68078,DeathKnight,Blood,San'layn,Tank,CN,Kings' Rest,11,1,1362.0,98688,0,305.0,2026-08-21,0,-1,,,,
38130,81975,Shaman,Restoration,Totemic,Healer,CN,Kings' Rest,11,1,1362.0,11630,1,296.0,2026-08-21,0,-1,,,,
38130,81976,Priest,Shadow,Voidweaver,DPS,CN,Kings' Rest,11,1,1362.0,144902,0,302.0,2026-08-21,0,-1,,,,
38130,58654,Mage,Arcane,Sunfury,DPS,CN,Kings' Rest,11,1,1362.0,160656,0,303.0,2026-08-21,0,-1,,,,
38130,81977,Warrior,Arms,Slayer,DPS,CN,Kings' Rest,11,1,1362.0,161270,1,304.0,2026-08-21,0,-1,,,,
86003,18481,DeathKnight,Blood,San'layn,Tank,EU,Altar of Fangs,15,1,1629.1,162414,0,312.0,2026-08-23,0,-1,1680.0,6.7,2,
86003,18482,Priest,Discipline,Oracle,Healer,EU,Altar of Fangs,15,1,1629.1,15265,1,307.0,2026-08-23,0,-1,1680.0,6.7,1,
86003,52484,Mage,Arcane,Sunfury,DPS,EU,Altar of Fangs,15,1,1629.1,277293,2,308.0,2026-08-23,0,-1,1680.0,6.7,3,
86003,22609,Shaman,Elemental,Farseer,DPS,EU,Altar of Fangs,15,1,1629.1,318612,0,309.0,2026-08-23,0,-1,1680.0,6.7,2,
86003,21694,Warrior,Arms,Slayer,DPS,EU,Altar of Fangs,15,1,1629.1,275186,1,312.0,2026-08-23,0,-1,1680.0,6.7,4,3060
50231,18836,Druid,Guardian,Elune's Chosen,Tank,EU,Altar of Fangs,10,1,1098.1,158856,0,306.0,2026-08-22,0,-1,,,,
50231,106562,Monk,Mistweaver,Conduit of the Celestials,Healer,EU,Altar of Fangs,10,1,1098.1,57517,0,302.0,2026-08-22,0,-1,,,,
50231,75493,Shaman,Elemental,Farseer,DPS,EU,Altar of Fangs,10,1,1098.1,229145,0,304.0,2026-08-22,0,-1,,,,
50231,106563,Mage,Arcane,Sunfury,DPS,EU,Altar of Fangs,10,1,1098.1,301465,0,308.0,2026-08-22,0,-1,,,,
50231,106564,DemonHunter,Devourer,Annihilator,DPS,EU,Altar of Fangs,10,1,1098.1,221048,1,301.0,2026-08-22,0,-1,,,,
84339,87300,DeathKnight,Blood,San'layn,Tank,EU,The Blinding Vale,11,1,1231.7,118996,0,297.0,2026-08-23,0,-1,1233.0,31.5,2,
84339,148898,Shaman,Restoration,Totemic,Healer,EU,The Blinding Vale,11,1,1231.7,30144,0,307.0,2026-08-23,0,-1,1233.0,31.5,,
84339,87303,Rogue,Assassination,Deathstalker,DPS,EU,The Blinding Vale,11,1,1231.7,252990,0,303.0,2026-08-23,0,-1,1233.0,31.5,2,
84339,69982,Druid,Feral,Druid of the Claw,DPS,EU,The Blinding Vale,11,1,1231.7,180793,2,305.0,2026-08-23,0,-1,1233.0,31.5,0,
84339,148044,DemonHunter,Havoc,Fel-Scarred,DPS,EU,The Blinding Vale,11,1,1231.7,220433,0,304.0,2026-08-23,0,-1,1233.0,31.5,2,
64506,137120,DeathKnight,Blood,San'layn,Tank,US,Murder Row,2,1,1231.6,63422,0,294.0,2026-08-23,0,-1,,,,
64506,137121,Shaman,Restoration,Totemic,Healer,US,Murder Row,2,1,1231.6,18043,0,280.0,2026-08-23,0,-1,,,,
64506,22321,Monk,Windwalker,Shado-Pan,DPS,US,Murder Row,2,1,1231.6,124892,0,304.0,2026-08-23,0,-1,,,,
64506,137122,Monk,Windwalker,Shado-Pan,DPS,US,Murder Row,2,1,1231.6,86153,0,295.0,2026-08-23,0,-1,,,,
64506,137123,Evoker,Augmentation,Scalecommander,DPS,US,Murder Row,2,1,1231.6,55795,0,289.0,2026-08-23,0,-1,,,,
54392,34827,Paladin,Protection,Lightsmith,Tank,EU,Ruby Life Pools,2,1,813.6,75870,0,281.0,2026-08-22,0,-1,,,,
54392,115400,Priest,Discipline,Voidweaver,Healer,EU,Ruby Life Pools,2,1,813.6,22086,0,293.0,2026-08-22,0,-1,,,,
54392,112622,Shaman,Elemental,Farseer,DPS,EU,Ruby Life Pools,2,1,813.6,152943,0,284.0,2026-08-22,0,-1,,,,
54392,115401,Warlock,Demonology,Diabolist,DPS,EU,Ruby Life Pools,2,1,813.6,145562,0,298.0,2026-08-22,0,-1,,,,
54392,115402,Hunter,BeastMastery,Pack Leader,DPS,EU,Ruby Life Pools,2,1,813.6,109545,0,292.0,2026-08-22,0,-1,,,,
84478,149104,DemonHunter,Vengeance,Unknown,Tank,EU,Den of Nalorakk,11,1,1367.6,118889,0,302.0,2026-08-23,0,-1,,,,
84478,149105,Paladin,Holy,Unknown,Healer,EU,Den of Nalorakk,11,1,1367.6,19454,0,297.0,2026-08-23,0,-1,,,,
84478,149106,Warrior,Arms,Unknown,DPS,EU,Den of Nalorakk,11,1,1367.6,182125,0,304.0,2026-08-23,0,-1,,,,
84478,23053,Shaman,Elemental,Unknown,DPS,EU,Den of Nalorakk,11,1,1367.6,199448,0,304.0,2026-08-23,0,-1,,,,
84478,149107,DeathKnight,Frost,Unknown,DPS,EU,Den of Nalorakk,11,1,1367.6,157064,0,303.0,2026-08-23,0,-1,,,,
68088,51954,Paladin,Protection,Lightsmith,Tank,EU,Temple of Sethraliss,13,1,1602.7,99996,0,310.0,2026-08-22,0,-1,,,,
68088,30221,Paladin,Holy,Herald of the Sun,Healer,EU,Temple of Sethraliss,13,1,1602.7,17164,1,305.0,2026-08-22,0,-1,,,,
68088,14263,Shaman,Elemental,Farseer,DPS,EU,Temple of Sethraliss,13,1,1602.7,226042,2,300.0,2026-08-22,0,-1,,,,
68088,116773,Paladin,Retribution,Templar,DPS,EU,Temple of Sethraliss,13,1,1602.7,194884,1,305.0,2026-08-22,0,-1,,,,
68088,116775,Monk,Windwalker,Shado-Pan,DPS,EU,Temple of Sethraliss,13,1,1602.7,230799,0,311.0,2026-08-22,0,-1,,,,
74415,92857,DemonHunter,Vengeance,Annihilator,Tank,CN,Ruby Life Pools,15,0,1718.6,117055,0,300.0,2026-08-22,0,-1,1830.0,-8.9,,
74415,97358,Paladin,Holy,Lightsmith,Healer,CN,Ruby Life Pools,15,0,1718.6,25708,2,310.0,2026-08-22,0,-1,1830.0,-8.9,,
74415,142918,Mage,Arcane,Sunfury,DPS,CN,Ruby Life Pools,15,0,1718.6,202665,3,302.0,2026-08-22,0,-1,1830.0,-8.9,,
74415,92859,Mage,Arcane,Sunfury,DPS,CN,Ruby Life Pools,15,0,1718.6,224907,1,308.0,2026-08-22,0,-1,1830.0,-8.9,,
74415,92860,Rogue,Assassination,Deathstalker,DPS,CN,Ruby Life Pools,15,0,1718.6,238832,2,307.0,2026-08-22,0,-1,1830.0,-8.9,,
6626,14113,Warrior,Protection,Colossus,Tank,EU,Kings' Rest,10,1,1214.2,114755,0,297.0,2026-08-19,0,-1,1203.0,39.2,,2751
6626,14114,Priest,Discipline,Oracle,Healer,EU,Kings' Rest,10,1,1214.2,17087,0,294.0,2026-08-19,0,-1,1203.0,39.2,,2721
6626,14115,Hunter,Marksmanship,Sentinel,DPS,EU,Kings' Rest,10,1,1214.2,148405,0,294.0,2026-08-19,0,-1,1203.0,39.2,,
6626,14116,Shaman,Elemental,Farseer,DPS,EU,Kings' Rest,10,1,1214.2,154471,0,293.0,2026-08-19,0,-1,1203.0,39.2,,2742
6626,14117,Mage,Arcane,Sunfury,DPS,EU,Kings' Rest,10,1,1214.2,152231,0,297.0,2026-08-19,0,-1,1203.0,39.2,,
31664,60715,Paladin,Protection,Lightsmith,Tank,EU,Temple of Sethraliss,13,1,1589.2,91029,1,303.0,2026-08-21,0,-1,1671.0,13.0,,
31664,68201,Monk,Mistweaver,Conduit of the Celestials,Healer,EU,Temple of Sethraliss,13,1,1589.2,43103,0,300.0,2026-08-21,0,-1,1671.0,13.0,,
31664,68202,Warrior,Arms,Slayer,DPS,EU,Temple of Sethraliss,13,1,1589.2,213759,3,301.0,2026-08-21,0,-1,1671.0,13.0,,
31664,68203,Warlock,Destruction,Diabolist,DPS,EU,Temple of Sethraliss,13,1,1589.2,247273,1,306.0,2026-08-21,0,-1,1671.0,13.0,,
31664,67641,Mage,Arcane,Sunfury,DPS,EU,Temple of Sethraliss,13,1,1589.2,199744,1,296.0,2026-08-21,0,-1,1671.0,13.0,,
70044,69312,DeathKnight,Blood,San'layn,Tank,CN,Den of Nalorakk,14,1,1769.7,133672,0,308.0,2026-08-21,0,-1,1836.0,4.4,,
70044,137093,Shaman,Restoration,Totemic,Healer,CN,Den of Nalorakk,14,1,1769.7,25779,0,304.0,2026-08-21,0,-1,1836.0,4.4,,
70044,101987,Rogue,Subtlety,Trickster,DPS,CN,Den of Nalorakk,14,1,1769.7,186237,2,294.0,2026-08-21,0,-1,1836.0,4.4,,
70044,69314,Mage,Arcane,Sunfury,DPS,CN,Den of Nalorakk,14,1,1769.7,150303,2,299.0,2026-08-21,0,-1,1836.0,4.4,,
70044,65396,Mage,Arcane,Sunfury,DPS,CN,Den of Nalorakk,14,1,1769.7,218963,1,307.0,2026-08-21,0,-1,1836.0,4.4,,
29005,12736,DeathKnight,Blood,San'layn,Tank,EU,Temple of Sethraliss,12,1,1521.2,147962,1,305.0,2026-08-21,0,-1,1543.0,19.7,,3208
29005,12737,Paladin,Holy,Herald of the Sun,Healer,EU,Temple of Sethraliss,12,1,1521.2,12052,0,310.0,2026-08-21,0,-1,1543.0,19.7,,
29005,62390,Rogue,Outlaw,Trickster,DPS,EU,Temple of Sethraliss,12,1,1521.2,194221,0,303.0,2026-08-21,0,-1,1543.0,19.7,,
29005,62391,Paladin,Retribution,Templar,DPS,EU,Temple of Sethraliss,12,1,1521.2,183868,0,298.0,2026-08-21,0,-1,1543.0,19.7,,
29005,12740,Warrior,Arms,Slayer,DPS,EU,Temple of Sethraliss,12,1,1521.2,194928,1,309.0,2026-08-21,0,-1,1543.0,19.7,,
54668,115971,Paladin,Protection,Templar,Tank,US,Murder Row,6,1,937.3,61922,0,299.0,2026-08-22,0,-1,,,,
54668,8773,Paladin,Holy,Herald of the Sun,Healer,US,Murder Row,6,1,937.3,24328,0,300.0,2026-08-22,0,-1,,,,
54668,115972,Druid,Balance,Elune's Chosen,DPS,US,Murder Row,6,1,937.3,124338,0,302.0,2026-08-22,0,-1,,,,
54668,57608,Mage,Arcane,Sunfury,DPS,US,Murder Row,6,1,937.3,234331,0,310.0,2026-08-22,0,-1,,,,
54668,78855,Rogue,Assassination,Deathstalker,DPS,US,Murder Row,6,1,937.3,190292,0,304.0,2026-08-22,0,-1,,,,
57503,122457,DemonHunter,Vengeance,Annihilator,Tank,US,Kings' Rest,5,1,1084.7,53180,0,279.0,2026-08-21,0,-1,,,,
57503,122458,Priest,Discipline,Oracle,Healer,US,Kings' Rest,5,1,1084.7,12491,0,289.0,2026-08-21,0,-1,,,,
57503,122459,Mage,Arcane,Sunfury,DPS,US,Kings' Rest,5,1,1084.7,110726,1,295.0,2026-08-21,0,-1,,,,
57503,122460,Rogue,Outlaw,Trickster,DPS,US,Kings' Rest,5,1,1084.7,98153,1,290.0,2026-08-21,0,-1,,,,
57503,121648,Priest,Shadow,Voidweaver,DPS,US,Kings' Rest,5,1,1084.7,111259,0,289.0,2026-08-21,0,-1,,,,
6298,7634,Druid,Guardian,Elune's Chosen,Tank,US,Voidscar Arena,10,1,1143.3,121083,0,299.0,2026-08-19,0,-1,1145.0,36.4,,2834
6298,7291,Priest,Holy,Oracle,Healer,US,Voidscar Arena,10,1,1143.3,17916,0,296.0,2026-08-19,0,-1,1145.0,36.4,,2978
6298,8084,Shaman,Enhancement,Stormbringer,DPS,US,Voidscar Arena,10,1,1143.3,212532,0,297.0,2026-08-19,0,-1,1145.0,36.4,,
6298,12544,Hunter,Marksmanship,Sentinel,DPS,US,Voidscar Arena,10,1,1143.3,178756,0,292.0,2026-08-19,0,-1,1145.0,36.4,,2705
6298,7636,Paladin,Retribution,Herald of the Sun,DPS,US,Voidscar Arena,10,1,1143.3,178744,2,294.0,2026-08-19,0,-1,1145.0,36.4,,2870
8495,13977,DeathKnight,Blood,Deathbringer,Tank,EU,Voidscar Arena,10,1,1174.3,142225,0,301.0,2026-08-19,0,-1,1165.0,35.3,,2728
8495,13978,Shaman,Restoration,Totemic,Healer,EU,Voidscar Arena,10,1,1174.3,31936,0,299.0,2026-08-19,0,-1,1165.0,35.3,,2736
8495,13979,Druid,Balance,Elune's Chosen,DPS,EU,Voidscar Arena,10,1,1174.3,183073,0,289.0,2026-08-19,0,-1,1165.0,35.3,,2737
8495,13980,DemonHunter,Devourer,Void-Scarred,DPS,EU,Voidscar Arena,10,1,1174.3,181594,0,301.0,2026-08-19,0,-1,1165.0,35.3,,2932
8495,16132,Rogue,Subtlety,Deathstalker,DPS,EU,Voidscar Arena,10,1,1174.3,187697,0,289.0,2026-08-19,0,-1,1165.0,35.3,,
59940,128063,DeathKnight,Blood,San'layn,Tank,CN,Altar of Fangs,11,1,1242.9,133390,0,306.0,2026-08-23,0,-1,1239.0,31.2,,
59940,128307,Paladin,Holy,Lightsmith,Healer,CN,Altar of Fangs,11,1,1242.9,35037,0,304.0,2026-08-23,0,-1,1239.0,31.2,,
59940,128065,Paladin,Retribution,Herald of the Sun,DPS,CN,Altar of Fangs,11,1,1242.9,263932,0,308.0,2026-08-23,0,-1,1239.0,31.2,,
59940,106570,Shaman,Elemental,Farseer,DPS,CN,Altar of Fangs,11,1,1242.9,254406,0,310.0,2026-08-23,0,-1,1239.0,31.2,,
59940,124475,Mage,Arcane,Sunfury,DPS,CN,Altar of Fangs,11,1,1242.9,257541,1,303.0,2026-08-23,0,-1,1239.0,31.2,,
7140,15276,Druid,Guardian,Elune's Chosen,Tank,EU,Temple of Sethraliss,11,1,1427.2,95617,0,291.0,2026-08-19,0,-1,1439.0,25.1,,
7140,15277,Paladin,Holy,Herald of the Sun,Healer,EU,Temple of Sethraliss,11,1,1427.2,21769,0,298.0,2026-08-19,0,-1,1439.0,25.1,,
7140,15278,Hunter,Survival,Pack Leader,DPS,EU,Temple of Sethraliss,11,1,1427.2,205456,2,303.0,2026-08-19,0,-1,1439.0,25.1,,
7140,15279,Hunter,BeastMastery,Pack Leader,DPS,EU,Temple of Sethraliss,11,1,1427.2,187081,1,296.0,2026-08-19,0,-1,1439.0,25.1,,
7140,15280,Rogue,Subtlety,Deathstalker,DPS,EU,Temple of Sethraliss,11,1,1427.2,205825,1,298.0,2026-08-19,0,-1,1439.0,25.1,,
31495,67768,Paladin,Protection,Lightsmith,Tank,CN,Voidscar Arena,11,1,1256.6,71788,0,298.0,2026-08-20,0,-1,1258.0,30.1,,
31495,67769,Paladin,Holy,Lightsmith,Healer,CN,Voidscar Arena,11,1,1256.6,55894,1,300.0,2026-08-20,0,-1,1258.0,30.1,,
31495,67770,Mage,Arcane,Sunfury,DPS,CN,Voidscar Arena,11,1,1256.6,211572,0,298.0,2026-08-20,0,-1,1258.0,30.1,,
31495,58997,Rogue,Assassination,Deathstalker,DPS,CN,Voidscar Arena,11,1,1256.6,209618,1,304.0,2026-08-20,0,-1,1258.0,30.1,,
31495,67771,Warlock,Demonology,Diabolist,DPS,CN,Voidscar Arena,11,1,1256.6,225536,0,302.0,2026-08-20,0,-1,1258.0,30.1,,
39040,83658,DeathKnight,Blood,Deathbringer,Tank,CN,Altar of Fangs,11,1,1288.6,125117,0,308.0,2026-08-21,0,-1,1285.0,28.6,,
39040,61543,Paladin,Holy,Herald of the Sun,Healer,CN,Altar of Fangs,11,1,1288.6,25214,0,299.0,2026-08-21,0,-1,1285.0,28.6,,
39040,70780,Shaman,Elemental,Farseer,DPS,CN,Altar of Fangs,11,1,1288.6,237047,0,303.0,2026-08-21,0,-1,1285.0,28.6,,
39040,83659,Rogue,Outlaw,Trickster,DPS,CN,Altar of Fangs,11,1,1288.6,236323,0,296.0,2026-08-21,0,-1,1285.0,28.6,,
39040,70781,Warrior,Fury,Mountain Thane,DPS,CN,Altar of Fangs,11,1,1288.6,255231,1,302.0,2026-08-21,0,-1,1285.0,28.6,,
44237,92979,Druid,Guardian,Elune's Chosen,Tank,EU,Murder Row,6,1,1191.9,50548,0,296.0,2026-08-22,0,-1,,,,
44237,92980,Shaman,Restoration,Totemic,Healer,EU,Murder Row,6,1,1191.9,19253,0,289.0,2026-08-22,0,-1,,,,
44237,92981,Shaman,Elemental,Farseer,DPS,EU,Murder Row,6,1,1191.9,111639,0,283.0,2026-08-22,0,-1,,,,
44237,87824,Mage,Arcane,Sunfury,DPS,EU,Murder Row,6,1,1191.9,160978,0,305.0,2026-08-22,0,-1,,,,
44237,89732,Hunter,BeastMastery,Pack Leader,DPS,EU,Murder Row,6,1,1191.9,157515,0,308.0,2026-08-22,0,-1,,,,
50676,55577,Paladin,Protection,Lightsmith,Tank,EU,The Blinding Vale,11,1,1018.2,141854,0,311.0,2026-08-22,0,-1,1015.0,43.6,,
50676,107550,Monk,Mistweaver,Conduit of the Celestials,Healer,EU,The Blinding Vale,11,1,1018.2,43877,0,291.0,2026-08-22,0,-1,1015.0,43.6,,
50676,53852,Warrior,Arms,Slayer,DPS,EU,The Blinding Vale,11,1,1018.2,232567,1,307.0,2026-08-22,0,-1,1015.0,43.6,,
50676,53851,Warlock,Demonology,Diabolist,DPS,EU,The Blinding Vale,11,1,1018.2,276966,0,307.0,2026-08-22,0,-1,1015.0,43.6,,
50676,53853,Mage,Arcane,Sunfury,DPS,EU,The Blinding Vale,11,1,1018.2,266963,0,312.0,2026-08-22,0,-1,1015.0,43.6,,
71432,141163,DeathKnight,Blood,Deathbringer,Tank,US,The Blinding Vale,12,1,1366.3,112165,0,297.0,2026-08-22,0,-1,1373.0,23.7,,
71432,11114,Paladin,Holy,Herald of the Sun,Healer,US,The Blinding Vale,12,1,1366.3,36848,0,307.0,2026-08-22,0,-1,1373.0,23.7,,
71432,137559,DemonHunter,Devourer,Void-Scarred,DPS,US,The Blinding Vale,12,1,1366.3,234638,0,308.0,2026-08-22,0,-1,1373.0,23.7,,
71432,141164,Mage,Arcane,Sunfury,DPS,US,The Blinding Vale,12,1,1366.3,255639,1,307.0,2026-08-22,0,-1,1373.0,23.7,,
71432,138017,Druid,Balance,Elune's Chosen,DPS,US,The Blinding Vale,12,1,1366.3,227916,0,302.0,2026-08-22,0,-1,1373.0,23.7,,
52656,111835,Druid,Guardian,Elune's Chosen,Tank,US,Murder Row,2,1,1145.1,82633,0,306.0,2026-08-22,0,-1,,,,
52656,39629,Paladin,Holy,Lightsmith,Healer,US,Murder Row,2,1,1145.1,32442,0,296.0,2026-08-22,0,-1,,,,
52656,44696,Druid,Balance,Elune's Chosen,DPS,US,Murder Row,2,1,1145.1,102281,1,292.0,2026-08-22,0,-1,,,,
52656,111836,Evoker,Devastation,Scalecommander,DPS,US,Murder Row,2,1,1145.1,108261,0,295.0,2026-08-22,0,-1,,,,
52656,111837,Rogue,Subtlety,Deathstalker,DPS,US,Murder Row,2,1,1145.1,76331,0,279.0,2026-08-22,0,-1,,,,
78692,109617,DeathKnight,Blood,Deathbringer,Tank,EU,Voidscar Arena,14,1,1717.8,103996,0,302.0,2026-08-22,0,-1,,,,
78692,58675,Shaman,Restoration,Totemic,Healer,EU,Voidscar Arena,14,1,1717.8,27302,0,307.0,2026-08-22,0,-1,,,,
78692,109620,DemonHunter,Devourer,Annihilator,DPS,EU,Voidscar Arena,14,1,1717.8,178132,1,296.0,2026-08-22,0,-1,,,,
78692,109619,Paladin,Retribution,Templar,DPS,EU,Voidscar Arena,14,1,1717.8,180275,1,301.0,2026-08-22,0,-1,,,,
78692,138949,Druid,Balance,Elune's Chosen,DPS,EU,Voidscar Arena,14,1,1717.8,206594,0,305.0,2026-08-22,0,-1,,,,
30056,29235,Warrior,Protection,Mountain Thane,Tank,EU,Murder Row,4,1,1228.9,75006,0,297.0,2026-08-21,0,-1,1221.0,40.2,,
30056,64784,Priest,Discipline,Oracle,Healer,EU,Murder Row,4,1,1228.9,7695,0,282.0,2026-08-21,0,-1,1221.0,40.2,,
30056,29237,Paladin,Retribution,Templar,DPS,EU,Murder Row,4,1,1228.9,98856,0,299.0,2026-08-21,0,-1,1221.0,40.2,,
30056,29236,Mage,Arcane,Sunfury,DPS,EU,Murder Row,4,1,1228.9,90867,1,296.0,2026-08-21,0,-1,1221.0,40.2,,
30056,64785,Druid,Feral,Druid of the Claw,DPS,EU,Murder Row,4,1,1228.9,114936,0,296.0,2026-08-21,0,-1,1221.0,40.2,,
71645,39825,Paladin,Protection,Templar,Tank,EU,Temple of Sethraliss,13,1,1455.3,128442,0,313.0,2026-08-22,0,-1,1492.0,22.3,,
71645,50119,Paladin,Holy,Herald of the Sun,Healer,EU,Temple of Sethraliss,13,1,1455.3,31152,0,308.0,2026-08-22,0,-1,1492.0,22.3,,
71645,50121,Hunter,Marksmanship,Sentinel,DPS,EU,Temple of Sethraliss,13,1,1455.3,181078,1,308.0,2026-08-22,0,-1,1492.0,22.3,,
71645,39828,Warrior,Arms,Slayer,DPS,EU,Temple of Sethraliss,13,1,1455.3,237912,2,313.0,2026-08-22,0,-1,1492.0,22.3,,
71645,39829,Mage,Arcane,Sunfury,DPS,EU,Temple of Sethraliss,13,1,1455.3,239055,0,305.0,2026-08-22,0,-1,1492.0,22.3,,
33807,73210,Paladin,Protection,Lightsmith,Tank,EU,Den of Nalorakk,10,1,1252.6,88874,0,302.0,2026-08-21,0,-1,1244.0,35.2,,
33807,66831,Priest,Holy,Oracle,Healer,EU,Den of Nalorakk,10,1,1252.6,24826,0,300.0,2026-08-21,0,-1,1244.0,35.2,,
33807,15714,Shaman,Elemental,Farseer,DPS,EU,Den of Nalorakk,10,1,1252.6,205246,0,303.0,2026-08-21,0,-1,1244.0,35.2,,
33807,73211,Warrior,Arms,Slayer,DPS,EU,Den of Nalorakk,10,1,1252.6,166776,0,305.0,2026-08-21,0,-1,1244.0,35.2,,
33807,47630,Mage,Arcane,Sunfury,DPS,EU,Den of Nalorakk,10,1,1252.6,185669,0,308.0,2026-08-21,0,-1,1244.0,35.2,,
73222,19367,Paladin,Protection,Lightsmith,Tank,US,Voidscar Arena,13,1,1391.4,118181,1,303.0,2026-08-21,0,-1,1412.0,21.5,,
73222,50654,Paladin,Holy,Herald of the Sun,Healer,US,Voidscar Arena,13,1,1391.4,24336,0,308.0,2026-08-21,0,-1,1412.0,21.5,,
73222,37209,Warrior,Arms,Slayer,DPS,US,Voidscar Arena,13,1,1391.4,225226,1,306.0,2026-08-21,0,-1,1412.0,21.5,,
73222,19370,Mage,Arcane,Sunfury,DPS,US,Voidscar Arena,13,1,1391.4,247011,0,310.0,2026-08-21,0,-1,1412.0,21.5,,
73222,19369,Rogue,Subtlety,Deathstalker,DPS,US,Voidscar Arena,13,1,1391.4,228288,0,306.0,2026-08-21,0,-1,1412.0,21.5,,
591,2196,Druid,Guardian,Elune's Chosen,Tank,US,Voidscar Arena,10,1,1182.0,102037,0,296.0,2026-08-18,0,-1,1189.0,34.0,,
591,1613,Druid,Restoration,Wildstalker,Healer,US,Voidscar Arena,10,1,1182.0,4061,0,292.0,2026-08-18,0,-1,1189.0,34.0,,
591,1614,Warrior,Arms,Slayer,DPS,US,Voidscar Arena,10,1,1182.0,211933,1,293.0,2026-08-18,0,-1,1189.0,34.0,,
591,2197,DemonHunter,Devourer,Void-Scarred,DPS,US,Voidscar Arena,10,1,1182.0,192519,2,294.0,2026-08-18,0,-1,1189.0,34.0,,
591,1615,Warrior,Arms,Slayer,DPS,US,Voidscar Arena,10,1,1182.0,198349,0,293.0,2026-08-18,0,-1,1189.0,34.0,,
14999,9552,DeathKnight,Blood,Deathbringer,Tank,US,The Blinding Vale,9,1,1191.1,113890,0,291.0,2026-08-19,0,-1,1188.0,34.0,,
14999,31257,Priest,Discipline,Oracle,Healer,US,The Blinding Vale,9,1,1191.1,14971,1,283.0,2026-08-19,0,-1,1188.0,34.0,,
14999,31258,Mage,Arcane,Sunfury,DPS,US,The Blinding Vale,9,1,1191.1,189606,0,296.0,2026-08-19,0,-1,1188.0,34.0,,
14999,18407,Hunter,Survival,Sentinel,DPS,US,The Blinding Vale,9,1,1191.1,147265,0,293.0,2026-08-19,0,-1,1188.0,34.0,,
14999,7628,Warrior,Arms,Slayer,DPS,US,The Blinding Vale,9,1,1191.1,212488,0,296.0,2026-08-19,0,-1,1188.0,34.0,,3032
48881,53409,Paladin,Protection,Lightsmith,Tank,EU,Voidscar Arena,12,1,1359.3,100811,0,305.0,2026-08-22,0,-1,,,,
48881,103429,Shaman,Restoration,Totemic,Healer,EU,Voidscar Arena,12,1,1359.3,22094,1,301.0,2026-08-22,0,-1,,,,
48881,103430,Warrior,Arms,Slayer,DPS,EU,Voidscar Arena,12,1,1359.3,202176,1,298.0,2026-08-22,0,-1,,,,
48881,83552,Mage,Arcane,Sunfury,DPS,EU,Voidscar Arena,12,1,1359.3,235140,1,307.0,2026-08-22,0,-1,,,,
48881,103431,Paladin,Retribution,Templar,DPS,EU,Voidscar Arena,12,1,1359.3,173735,0,302.0,2026-08-22,0,-1,,,,
56031,118534,Monk,Brewmaster,Shado-Pan,Tank,US,Murder Row,5,1,1110.8,58405,1,291.0,2026-08-23,0,-1,,,,
56031,118535,Paladin,Holy,Herald of the Sun,Healer,US,Murder Row,5,1,1110.8,12027,0,288.0,2026-08-23,0,-1,,,,
56031,101552,Priest,Shadow,Archon,DPS,US,Murder Row,5,1,1110.8,134540,0,297.0,2026-08-23,0,-1,,,,
56031,75049,Mage,Arcane,Sunfury,DPS,US,Murder Row,5,1,1110.8,140211,2,295.0,2026-08-23,0,-1,,,,
56031,118372,DemonHunter,Devourer,Void-Scarred,DPS,US,Murder Row,5,1,1110.8,146067,3,302.0,2026-08-23,0,-1,,,,
48722,83832,Warrior,Protection,Mountain Thane,Tank,US,Den of Nalorakk,2,1,1029.2,84103,0,292.0,2026-08-22,0,-1,,,,
48722,103059,Paladin,Holy,Herald of the Sun,Healer,US,Den of Nalorakk,2,1,1029.2,10505,0,264.0,2026-08-22,0,-1,,,,
48722,103060,Mage,Arcane,Sunfury,DPS,US,Den of Nalorakk,2,1,1029.2,98833,0,281.0,2026-08-22,0,-1,,,,
48722,103061,Shaman,Elemental,Farseer,DPS,US,Den of Nalorakk,2,1,1029.2,134376,0,295.0,2026-08-22,0,-1,,,,
48722,103062,DeathKnight,Unholy,San'layn,DPS,US,Den of Nalorakk,2,1,1029.2,71666,0,289.0,2026-08-22,0,-1,,,,
9030,16379,Monk,Brewmaster,Shado-Pan,Tank,US,Den of Nalorakk,11,1,1550.0,94706,1,305.0,2026-08-19,0,-1,1561.0,18.7,,
9030,10194,Druid,Restoration,Wildstalker,Healer,US,Den of Nalorakk,11,1,1550.0,2748,0,294.0,2026-08-19,0,-1,1561.0,18.7,,
9030,12286,DemonHunter,Devourer,Void-Scarred,DPS,US,Den of Nalorakk,11,1,1550.0,148512,2,301.0,2026-08-19,0,-1,1561.0,18.7,,
9030,929,Mage,Arcane,Sunfury,DPS,US,Den of Nalorakk,11,1,1550.0,165243,1,300.0,2026-08-19,0,-1,1561.0,18.7,,
9030,930,Warlock,Demonology,Diabolist,DPS,US,Den of Nalorakk,11,1,1550.0,165181,0,296.0,2026-08-19,0,-1,1561.0,18.7,,2792
71027,78944,DeathKnight,Blood,San'layn,Tank,CN,Murder Row,14,1,1675.0,122275,0,303.0,2026-08-22,0,-1,1681.0,17.6,,
71027,82858,Paladin,Holy,Lightsmith,Healer,CN,Murder Row,14,1,1675.0,41980,0,307.0,2026-08-22,0,-1,1681.0,17.6,,
71027,78898,Shaman,Elemental,Farseer,DPS,CN,Murder Row,14,1,1675.0,241273,1,313.0,2026-08-22,0,-1,1681.0,17.6,,
71027,50049,Mage,Arcane,Sunfury,DPS,CN,Murder Row,14,1,1675.0,224278,0,308.0,2026-08-22,0,-1,1681.0,17.6,,
71027,139607,Warrior,Arms,Slayer,DPS,CN,Murder Row,14,1,1675.0,225441,0,307.0,2026-08-22,0,-1,1681.0,17.6,,
85483,111489,DeathKnight,Blood,San'layn,Tank,US,The Blinding Vale,14,1,1603.3,142418,0,304.0,2026-08-24,0,-1,1655.0,8.1,1,
85483,2274,Paladin,Holy,Lightsmith,Healer,US,The Blinding Vale,14,1,1603.3,47435,0,310.0,2026-08-24,0,-1,1655.0,8.1,4,2821
85483,5419,Druid,Balance,Elune's Chosen,DPS,US,The Blinding Vale,14,1,1603.3,193794,0,303.0,2026-08-24,0,-1,1655.0,8.1,0,
85483,7543,DeathKnight,Unholy,San'layn,DPS,US,The Blinding Vale,14,1,1603.3,254208,1,310.0,2026-08-24,0,-1,1655.0,8.1,4,
85483,150760,DemonHunter,Devourer,Void-Scarred,DPS,US,The Blinding Vale,14,1,1603.3,207690,3,305.0,2026-08-24,0,-1,1655.0,8.1,4,
59148,101319,Paladin,Protection,Lightsmith,Tank,KR,The Blinding Vale,5,1,870.3,127332,1,308.0,2026-08-23,0,-1,,,,
59148,123569,Priest,Discipline,Oracle,Healer,KR,The Blinding Vale,5,1,870.3,14605,0,300.0,2026-08-23,0,-1,,,,
59148,125088,Hunter,Marksmanship,Sentinel,DPS,KR,The Blinding Vale,5,1,870.3,210037,0,302.0,2026-08-23,0,-1,,,,
59148,123571,DemonHunter,Devourer,Void-Scarred,DPS,KR,The Blinding Vale,5,1,870.3,91103,0,286.0,2026-08-23,0,-1,,,,
59148,123570,DeathKnight,Unholy,Rider of the Apocalypse,DPS,KR,The Blinding Vale,5,1,870.3,183770,0,297.0,2026-08-23,0,-1,,,,
87259,83648,DeathKnight,Blood,Unknown,Tank,CN,Den of Nalorakk,15,1,1624.3,145633,0,314.0,2026-08-24,0,-1,1646.0,14.3,,
87259,74169,Evoker,Preservation,Unknown,Healer,CN,Den of Nalorakk,15,1,1624.3,52412,0,312.0,2026-08-24,0,-1,1646.0,14.3,,
87259,96142,DemonHunter,Devourer,Unknown,DPS,CN,Den of Nalorakk,15,1,1624.3,195539,1,308.0,2026-08-24,0,-1,1646.0,14.3,,
87259,139667,Warrior,Arms,Unknown,DPS,CN,Den of Nalorakk,15,1,1624.3,212463,1,307.0,2026-08-24,0,-1,1646.0,14.3,,
87259,139386,Shaman,Elemental,Unknown,DPS,CN,Den of Nalorakk,15,1,1624.3,229644,0,311.0,2026-08-24,0,-1,1646.0,14.3,,
70410,6927,DeathKnight,Blood,San'layn,Tank,US,Temple of Sethraliss,14,1,1741.5,125879,0,311.0,2026-08-23,0,-1,1778.0,7.4,,
70410,6928,Shaman,Restoration,Totemic,Healer,US,Temple of Sethraliss,14,1,1741.5,29388,0,307.0,2026-08-23,0,-1,1778.0,7.4,,3012
70410,75060,Mage,Arcane,Sunfury,DPS,US,Temple of Sethraliss,14,1,1741.5,220991,0,303.0,2026-08-23,0,-1,1778.0,7.4,,
70410,6931,Warrior,Arms,Slayer,DPS,US,Temple of Sethraliss,14,1,1741.5,210689,3,302.0,2026-08-23,0,-1,1778.0,7.4,,3010
70410,5614,Paladin,Retribution,Herald of the Sun,DPS,US,Temple of Sethraliss,14,1,1741.5,211184,0,300.0,2026-08-23,0,-1,1778.0,7.4,,
84397,132909,Paladin,Protection,Lightsmith,Tank,EU,Ruby Life Pools,5,1,937.9,67056,0,276.0,2026-08-23,0,-1,930.0,44.7,,
84397,148977,Paladin,Holy,Lightsmith,Healer,EU,Ruby Life Pools,5,1,937.9,28749,0,275.0,2026-08-23,0,-1,930.0,44.7,,
84397,148978,Warrior,Arms,Slayer,DPS,EU,Ruby Life Pools,5,1,937.9,155958,0,294.0,2026-08-23,0,-1,930.0,44.7,2,
84397,147261,Shaman,Elemental,Farseer,DPS,EU,Ruby Life Pools,5,1,937.9,109120,0,291.0,2026-08-23,0,-1,930.0,44.7,0,
84397,36862,Rogue,Outlaw,Trickster,DPS,EU,Ruby Life Pools,5,1,937.9,135959,0,287.0,2026-08-23,0,-1,930.0,44.7,0,
26836,59233,DeathKnight,Blood,San'layn,Tank,EU,Kings' Rest,11,1,1414.7,100913,0,310.0,2026-08-21,0,-1,1406.0,29.0,,
26836,59234,Paladin,Holy,Herald of the Sun,Healer,EU,Kings' Rest,11,1,1414.7,11674,0,294.0,2026-08-21,0,-1,1406.0,29.0,,
26836,38982,Mage,Arcane,Sunfury,DPS,EU,Kings' Rest,11,1,1414.7,138139,0,308.0,2026-08-21,0,-1,1406.0,29.0,,
26836,59235,Hunter,Marksmanship,Sentinel,DPS,EU,Kings' Rest,11,1,1414.7,148886,0,306.0,2026-08-21,0,-1,1406.0,29.0,,
26836,38983,Warrior,Arms,Slayer,DPS,EU,Kings' Rest,11,1,1414.7,178730,0,307.0,2026-08-21,0,-1,1406.0,29.0,,
19543,11298,Paladin,Protection,Lightsmith,Tank,US,Temple of Sethraliss,12,1,1785.2,75401,0,300.0,2026-08-19,0,-1,1836.0,4.4,,
19543,11299,Paladin,Holy,Lightsmith,Healer,US,Temple of Sethraliss,12,1,1785.2,20355,1,300.0,2026-08-19,0,-1,1836.0,4.4,,
19543,21875,DeathKnight,Unholy,Rider of the Apocalypse,DPS,US,Temple of Sethraliss,12,1,1785.2,163314,0,298.0,2026-08-19,0,-1,1836.0,4.4,,
19543,21899,Evoker,Devastation,Scalecommander,DPS,US,Temple of Sethraliss,12,1,1785.2,175156,3,295.0,2026-08-19,0,-1,1836.0,4.4,,
19543,11300,Mage,Arcane,Sunfury,DPS,US,Temple of Sethraliss,12,1,1785.2,202862,0,297.0,2026-08-19,0,-1,1836.0,4.4,,
78207,108702,DeathKnight,Blood,San'layn,Tank,US,Murder Row,12,1,1406.5,151253,0,311.0,2026-08-23,0,-1,1428.0,30.0,,
78207,34274,Monk,Mistweaver,Conduit of the Celestials,Healer,US,Murder Row,12,1,1406.5,50483,1,306.0,2026-08-23,0,-1,1428.0,30.0,,
78207,68099,Warrior,Arms,Slayer,DPS,US,Murder Row,12,1,1406.5,224222,0,306.0,2026-08-23,0,-1,1428.0,30.0,,
78207,67106,Warrior,Fury,Slayer,DPS,US,Murder Row,12,1,1406.5,209614,1,307.0,2026-08-23,0,-1,1428.0,30.0,,
78207,144799,Shaman,Elemental,Farseer,DPS,US,Murder Row,12,1,1406.5,187451,0,296.0,2026-08-23,0,-1,1428.0,30.0,,
15448,32750,Paladin,Protection,Lightsmith,Tank,EU,Temple of Sethraliss,4,1,1118.7,71751,0,292.0,2026-08-19,0,-1,1110.0,42.2,,
15448,32751,Priest,Holy,Archon,Healer,EU,Temple of Sethraliss,4,1,1118.7,3176,0,287.0,2026-08-19,0,-1,1110.0,42.2,,
15448,32752,Hunter,Marksmanship,Sentinel,DPS,EU,Temple of Sethraliss,4,1,1118.7,133384,0,294.0,2026-08-19,0,-1,1110.0,42.2,,
15448,32753,Mage,Frost,Spellslinger,DPS,EU,Temple of Sethraliss,4,1,1118.7,119577,1,295.0,2026-08-19,0,-1,1110.0,42.2,,
15448,32754,Mage,Arcane,Sunfury,DPS,EU,Temple of Sethraliss,4,1,1118.7,132949,0,285.0,2026-08-19,0,-1,1110.0,42.2,,
6832,14646,Paladin,Protection,Lightsmith,Tank,EU,Altar of Fangs,11,1,1604.2,105743,1,299.0,2026-08-19,0,-1,1631.0,9.4,,2852
6832,14647,Shaman,Restoration,Totemic,Healer,EU,Altar of Fangs,11,1,1604.2,30859,1,294.0,2026-08-19,0,-1,1631.0,9.4,,
6832,14648,Warlock,Demonology,Diabolist,DPS,EU,Altar of Fangs,11,1,1604.2,197351,2,291.0,2026-08-19,0,-1,1631.0,9.4,,2732
6832,14649,DemonHunter,Havoc,Fel-Scarred,DPS,EU,Altar of Fangs,11,1,1604.2,210426,1,298.0,2026-08-19,0,-1,1631.0,9.4,,2965
6832,14650,Druid,Balance,Elune's Chosen,DPS,EU,Altar of Fangs,11,1,1604.2,178714,2,297.0,2026-08-19,0,-1,1631.0,9.4,,2950
8833,13055,Paladin,Protection,Lightsmith,Tank,EU,Altar of Fangs,12,0,2025.6,105772,2,297.0,2026-08-19,0,-1,2227.0,-23.7,,3166
8833,15734,Monk,Mistweaver,Conduit of the Celestials,Healer,EU,Altar of Fangs,12,0,2025.6,48177,2,294.0,2026-08-19,0,-1,2227.0,-23.7,,
8833,15735,Priest,Shadow,Archon,DPS,EU,Altar of Fangs,12,0,2025.6,184172,3,294.0,2026-08-19,0,-1,2227.0,-23.7,,
8833,15736,Mage,Arcane,Sunfury,DPS,EU,Altar of Fangs,12,0,2025.6,173554,4,293.0,2026-08-19,0,-1,2227.0,-23.7,,
8833,15733,Druid,Feral,Wildstalker,DPS,EU,Altar of Fangs,12,0,2025.6,183372,3,294.0,2026-08-19,0,-1,2227.0,-23.7,,
32581,60869,DeathKnight,Blood,San'layn,Tank,EU,Kings' Rest,11,1,1381.8,97106,0,311.0,2026-08-21,0,-1,1383.0,30.1,,
32581,70374,Paladin,Holy,Herald of the Sun,Healer,EU,Kings' Rest,11,1,1381.8,41705,0,301.0,2026-08-21,0,-1,1383.0,30.1,,
32581,60873,Mage,Arcane,Sunfury,DPS,EU,Kings' Rest,11,1,1381.8,143962,1,299.0,2026-08-21,0,-1,1383.0,30.1,,
32581,70375,Warrior,Arms,Slayer,DPS,EU,Kings' Rest,11,1,1381.8,132214,0,300.0,2026-08-21,0,-1,1383.0,30.1,,
32581,22312,Hunter,BeastMastery,Pack Leader,DPS,EU,Kings' Rest,11,1,1381.8,158013,1,307.0,2026-08-21,0,-1,1383.0,30.1,,
54017,114622,DeathKnight,Blood,Unknown,Tank,US,Ruby Life Pools,2,1,932.7,56410,0,283.0,2026-08-22,0,-1,,,,
54017,106956,Priest,Holy,Unknown,Healer,US,Ruby Life Pools,2,1,932.7,13434,0,273.0,2026-08-22,0,-1,,,,
54017,86484,Warlock,Demonology,Unknown,DPS,US,Ruby Life Pools,2,1,932.7,147537,0,299.0,2026-08-22,0,-1,,,,
54017,114623,Warrior,Arms,Unknown,DPS,US,Ruby Life Pools,2,1,932.7,94777,0,288.0,2026-08-22,0,-1,,,,
54017,114624,Paladin,Retribution,Unknown,DPS,US,Ruby Life Pools,2,1,932.7,97919,0,294.0,2026-08-22,0,-1,,,,
42319,48504,Druid,Guardian,Elune's Chosen,Tank,US,Murder Row,10,1,1168.9,107165,0,304.0,2026-08-21,0,-1,1160.0,43.1,,
42319,89362,Priest,Holy,Oracle,Healer,US,Murder Row,10,1,1168.9,36796,0,303.0,2026-08-21,0,-1,1160.0,43.1,,
42319,46728,Mage,Arcane,Sunfury,DPS,US,Murder Row,10,1,1168.9,232032,0,305.0,2026-08-21,0,-1,1160.0,43.1,,
42319,66176,Warlock,Destruction,Diabolist,DPS,US,Murder Row,10,1,1168.9,222960,0,305.0,2026-08-21,0,-1,1160.0,43.1,,
42319,7654,Priest,Shadow,Voidweaver,DPS,US,Murder Row,10,1,1168.9,220014,0,301.0,2026-08-21,0,-1,1160.0,43.1,,
38335,1858,Paladin,Protection,Lightsmith,Tank,US,Temple of Sethraliss,10,1,1092.8,131132,0,314.0,2026-08-22,0,-1,,,,2739
38335,54128,Paladin,Holy,Herald of the Sun,Healer,US,Temple of Sethraliss,10,1,1092.8,14582,1,305.0,2026-08-22,0,-1,,,,
38335,82329,Warlock,Destruction,Diabolist,DPS,US,Temple of Sethraliss,10,1,1092.8,177644,0,301.0,2026-08-22,0,-1,,,,
38335,2229,Shaman,Elemental,Farseer,DPS,US,Temple of Sethraliss,10,1,1092.8,249558,0,306.0,2026-08-22,0,-1,,,,2759
38335,1860,Warrior,Arms,Slayer,DPS,US,Temple of Sethraliss,10,1,1092.8,250296,0,309.0,2026-08-22,0,-1,,,,2864
21168,47113,Paladin,Protection,Lightsmith,Tank,EU,Altar of Fangs,10,1,1234.3,95632,0,299.0,2026-08-19,0,-1,1225.0,31.9,,
21168,47114,Monk,Mistweaver,Conduit of the Celestials,Healer,EU,Altar of Fangs,10,1,1234.3,56192,0,303.0,2026-08-19,0,-1,1225.0,31.9,,
21168,47115,Evoker,Devastation,Scalecommander,DPS,EU,Altar of Fangs,10,1,1234.3,217884,0,300.0,2026-08-19,0,-1,1225.0,31.9,,
21168,47116,Warrior,Arms,Slayer,DPS,EU,Altar of Fangs,10,1,1234.3,220250,0,302.0,2026-08-19,0,-1,1225.0,31.9,,
21168,47117,Rogue,Subtlety,Deathstalker,DPS,EU,Altar of Fangs,10,1,1234.3,239343,0,303.0,2026-08-19,0,-1,1225.0,31.9,,
56238,119411,Paladin,Protection,Templar,Tank,EU,Murder Row,2,1,1003.8,63932,0,307.0,2026-08-23,0,-1,,,,
56238,119412,Shaman,Restoration,Totemic,Healer,EU,Murder Row,2,1,1003.8,20306,0,294.0,2026-08-23,0,-1,,,,
56238,119413,Warrior,Arms,Slayer,DPS,EU,Murder Row,2,1,1003.8,110164,0,293.0,2026-08-23,0,-1,,,,
56238,119414,DeathKnight,Frost,Deathbringer,DPS,EU,Murder Row,2,1,1003.8,94183,0,294.0,2026-08-23,0,-1,,,,
56238,119415,Rogue,Assassination,Deathstalker,DPS,EU,Murder Row,2,1,1003.8,134753,0,294.0,2026-08-23,0,-1,,,,
70811,122346,DeathKnight,Blood,San'layn,Tank,CN,Voidscar Arena,15,1,1630.8,143617,0,311.0,2026-08-22,0,-1,1682.0,6.6,,
70811,139253,Paladin,Holy,Herald of the Sun,Healer,CN,Voidscar Arena,15,1,1630.8,22114,0,307.0,2026-08-22,0,-1,1682.0,6.6,,
70811,122727,Mage,Arcane,Sunfury,DPS,CN,Voidscar Arena,15,1,1630.8,226165,0,305.0,2026-08-22,0,-1,1682.0,6.6,,
70811,125107,Shaman,Elemental,Farseer,DPS,CN,Voidscar Arena,15,1,1630.8,190576,3,309.0,2026-08-22,0,-1,1682.0,6.6,,
70811,139254,DemonHunter,Devourer,Annihilator,DPS,CN,Voidscar Arena,15,1,1630.8,210259,1,303.0,2026-08-22,0,-1,1682.0,6.6,,
67296,24678,Druid,Guardian,Elune's Chosen,Tank,EU,Murder Row,13,1,1447.5,137527,0,313.0,2026-08-22,0,-1,1500.0,26.5,,
67296,50416,Priest,Holy,Oracle,Healer,EU,Murder Row,13,1,1447.5,41135,0,311.0,2026-08-22,0,-1,1500.0,26.5,,
67296,138588,Shaman,Elemental,Farseer,DPS,EU,Murder Row,13,1,1447.5,202782,2,303.0,2026-08-22,0,-1,1500.0,26.5,,
67296,16788,Monk,Windwalker,Conduit of the Celestials,DPS,EU,Murder Row,13,1,1447.5,269437,0,305.0,2026-08-22,0,-1,1500.0,26.5,,
67296,80905,Warrior,Arms,Slayer,DPS,EU,Murder Row,13,1,1447.5,226952,2,307.0,2026-08-22,0,-1,1500.0,26.5,,
32390,69938,DeathKnight,Blood,San'layn,Tank,EU,Ruby Life Pools,3,1,996.3,87851,0,296.0,2026-08-20,0,-1,988.0,41.2,,
32390,69939,Shaman,Restoration,Totemic,Healer,EU,Ruby Life Pools,3,1,996.3,7859,2,259.0,2026-08-20,0,-1,988.0,41.2,,
32390,69940,Mage,Arcane,Sunfury,DPS,EU,Ruby Life Pools,3,1,996.3,153410,0,291.0,2026-08-20,0,-1,988.0,41.2,,
32390,69941,DemonHunter,Devourer,Void-Scarred,DPS,EU,Ruby Life Pools,3,1,996.3,146665,2,292.0,2026-08-20,0,-1,988.0,41.2,,
32390,69942,Hunter,Survival,Sentinel,DPS,EU,Ruby Life Pools,3,1,996.3,78454,2,276.0,2026-08-20,0,-1,988.0,41.2,,
51667,109777,DeathKnight,Blood,Deathbringer,Tank,CN,Den of Nalorakk,11,1,1390.3,86415,0,298.0,2026-08-22,0,-1,,,,
51667,109778,Monk,Mistweaver,Conduit of the Celestials,Healer,CN,Den of Nalorakk,11,1,1390.3,44614,0,300.0,2026-08-22,0,-1,,,,
51667,109779,Mage,Arcane,Sunfury,DPS,CN,Den of Nalorakk,11,1,1390.3,183027,0,302.0,2026-08-22,0,-1,,,,
51667,109780,Warrior,Arms,Slayer,DPS,CN,Den of Nalorakk,11,1,1390.3,185609,0,307.0,2026-08-22,0,-1,,,,
51667,109781,Shaman,Elemental,Farseer,DPS,CN,Den of Nalorakk,11,1,1390.3,174359,0,296.0,2026-08-22,0,-1,,,,
50557,107284,DeathKnight,Blood,San'layn,Tank,CN,Kings' Rest,11,1,1274.3,103071,0,299.0,2026-08-22,0,-1,1266.0,36.1,,
50557,52235,Shaman,Restoration,Totemic,Healer,CN,Kings' Rest,11,1,1274.3,28854,0,309.0,2026-08-22,0,-1,1266.0,36.1,,
50557,98619,Mage,Arcane,Sunfury,DPS,CN,Kings' Rest,11,1,1274.3,155665,0,306.0,2026-08-22,0,-1,1266.0,36.1,,
50557,107285,Warrior,Arms,Slayer,DPS,CN,Kings' Rest,11,1,1274.3,166709,0,310.0,2026-08-22,0,-1,1266.0,36.1,,
50557,98618,DeathKnight,Unholy,San'layn,DPS,CN,Kings' Rest,11,1,1274.3,166016,0,303.0,2026-08-22,0,-1,1266.0,36.1,,
45621,96189,DeathKnight,Blood,San'layn,Tank,KR,Voidscar Arena,8,1,986.1,109460,0,297.0,2026-08-22,0,-1,978.0,45.7,,
45621,96190,Priest,Discipline,Oracle,Healer,KR,Voidscar Arena,8,1,986.1,18535,0,298.0,2026-08-22,0,-1,978.0,45.7,,
45621,96191,Warlock,Demonology,Diabolist,DPS,KR,Voidscar Arena,8,1,986.1,152029,0,297.0,2026-08-22,0,-1,978.0,45.7,,
45621,96192,Shaman,Enhancement,Stormbringer,DPS,KR,Voidscar Arena,8,1,986.1,223314,0,303.0,2026-08-22,0,-1,978.0,45.7,,
45621,96193,Warrior,Arms,Slayer,DPS,KR,Voidscar Arena,8,1,986.1,217146,0,301.0,2026-08-22,0,-1,978.0,45.7,,
46742,98754,Paladin,Protection,Templar,Tank,EU,Altar of Fangs,2,1,1068.2,45546,0,275.0,2026-08-22,0,-1,,,,
46742,98755,Priest,Holy,Oracle,Healer,EU,Altar of Fangs,2,1,1068.2,13268,0,287.0,2026-08-22,0,-1,,,,
46742,98756,DeathKnight,Frost,Deathbringer,DPS,EU,Altar of Fangs,2,1,1068.2,136423,0,293.0,2026-08-22,0,-1,,,,
46742,98757,Warrior,Arms,Slayer,DPS,EU,Altar of Fangs,2,1,1068.2,151988,0,293.0,2026-08-22,0,-1,,,,
46742,98758,Hunter,BeastMastery,Pack Leader,DPS,EU,Altar of Fangs,2,1,1068.2,103265,0,287.0,2026-08-22,0,-1,,,,
27597,60566,Druid,Guardian,Elune's Chosen,Tank,EU,Altar of Fangs,11,1,1324.5,88502,0,301.0,2026-08-20,0,-1,1326.0,26.4,,
27597,17752,Monk,Mistweaver,Conduit of the Celestials,Healer,EU,Altar of Fangs,11,1,1324.5,52426,0,292.0,2026-08-20,0,-1,1326.0,26.4,,
27597,17755,Paladin,Retribution,Herald of the Sun,DPS,EU,Altar of Fangs,11,1,1324.5,241994,0,297.0,2026-08-20,0,-1,1326.0,26.4,,
27597,60567,Shaman,Elemental,Farseer,DPS,EU,Altar of Fangs,11,1,1324.5,207582,0,297.0,2026-08-20,0,-1,1326.0,26.4,,
27597,17753,Warrior,Arms,Slayer,DPS,EU,Altar of Fangs,11,1,1324.5,272925,2,298.0,2026-08-20,0,-1,1326.0,26.4,,
68174,16256,Druid,Guardian,Elune's Chosen,Tank,EU,Ruby Life Pools,12,1,1254.0,113146,0,299.0,2026-08-22,0,-1,1275.0,24.1,,
68174,13702,Shaman,Restoration,Totemic,Healer,EU,Ruby Life Pools,12,1,1254.0,35583,0,302.0,2026-08-22,0,-1,1275.0,24.1,,
68174,16260,Warrior,Arms,Slayer,DPS,EU,Ruby Life Pools,12,1,1254.0,220339,2,307.0,2026-08-22,0,-1,1275.0,24.1,,
68174,16258,Rogue,Subtlety,Deathstalker,DPS,EU,Ruby Life Pools,12,1,1254.0,217356,0,307.0,2026-08-22,0,-1,1275.0,24.1,,
68174,21889,Hunter,BeastMastery,Pack Leader,DPS,EU,Ruby Life Pools,12,1,1254.0,176034,0,303.0,2026-08-22,0,-1,1275.0,24.1,,
62227,94541,DeathKnight,Blood,San'layn,Tank,EU,Voidscar Arena,10,1,1055.2,126375,0,305.0,2026-08-23,0,-1,1047.0,41.8,,
62227,79920,Monk,Mistweaver,Conduit of the Celestials,Healer,EU,Voidscar Arena,10,1,1055.2,47950,0,312.0,2026-08-23,0,-1,1047.0,41.8,,
62227,18470,Mage,Arcane,Sunfury,DPS,EU,Voidscar Arena,10,1,1055.2,219782,0,306.0,2026-08-23,0,-1,1047.0,41.8,,
62227,45810,Paladin,Retribution,Herald of the Sun,DPS,EU,Voidscar Arena,10,1,1055.2,196198,0,302.0,2026-08-23,0,-1,1047.0,41.8,,
62227,133719,Shaman,Enhancement,Stormbringer,DPS,EU,Voidscar Arena,10,1,1055.2,161497,0,302.0,2026-08-23,0,-1,1047.0,41.8,,
6856,14707,DeathKnight,Blood,Deathbringer,Tank,EU,Kings' Rest,10,1,1384.1,78945,0,291.0,2026-08-19,0,-1,1391.0,29.8,,
6856,14708,Paladin,Holy,Herald of the Sun,Healer,EU,Kings' Rest,10,1,1384.1,18396,1,293.0,2026-08-19,0,-1,1391.0,29.8,,
6856,14709,Warrior,Arms,Slayer,DPS,EU,Kings' Rest,10,1,1384.1,121687,0,288.0,2026-08-19,0,-1,1391.0,29.8,,
6856,14710,DemonHunter,Devourer,Annihilator,DPS,EU,Kings' Rest,10,1,1384.1,169429,1,295.0,2026-08-19,0,-1,1391.0,29.8,,
6856,14711,Mage,Frost,Spellslinger,DPS,EU,Kings' Rest,10,1,1384.1,131268,1,292.0,2026-08-19,0,-1,1391.0,29.8,,
4974,7443,Paladin,Protection,Lightsmith,Tank,US,Kings' Rest,11,0,2030.8,67957,3,295.0,2026-08-18,0,-1,2137.0,-7.9,,2692
4974,10411,Evoker,Preservation,Flameshaper,Healer,US,Kings' Rest,11,0,2030.8,19049,3,294.0,2026-08-18,0,-1,2137.0,-7.9,,
4974,10412,Evoker,Devastation,Scalecommander,DPS,US,Kings' Rest,11,0,2030.8,107701,9,295.0,2026-08-18,0,-1,2137.0,-7.9,,
4974,10413,Druid,Balance,Elune's Chosen,DPS,US,Kings' Rest,11,0,2030.8,105784,4,297.0,2026-08-18,0,-1,2137.0,-7.9,,
4974,7444,DeathKnight,Unholy,San'layn,DPS,US,Kings' Rest,11,0,2030.8,123601,4,297.0,2026-08-18,0,-1,2137.0,-7.9,,2682
75165,19380,DeathKnight,Blood,San'layn,Tank,EU,The Blinding Vale,15,0,2127.7,162230,1,302.0,2026-08-22,0,-1,2269.0,-26.1,,
75165,19381,Paladin,Holy,Lightsmith,Healer,EU,The Blinding Vale,15,0,2127.7,42028,3,307.0,2026-08-22,0,-1,2269.0,-26.1,,
75165,19384,Mage,Arcane,Sunfury,DPS,EU,The Blinding Vale,15,0,2127.7,179636,4,304.0,2026-08-22,0,-1,2269.0,-26.1,,
75165,16029,Monk,Windwalker,Shado-Pan,DPS,EU,The Blinding Vale,15,0,2127.7,247162,2,309.0,2026-08-22,0,-1,2269.0,-26.1,,
75165,78042,Warrior,Arms,Slayer,DPS,EU,The Blinding Vale,15,0,2127.7,202587,6,307.0,2026-08-22,0,-1,2269.0,-26.1,,
55503,117588,Paladin,Protection,Templar,Tank,EU,Altar of Fangs,10,1,1042.9,152480,0,308.0,2026-08-21,0,-1,1040.0,42.2,,
55503,117530,Paladin,Holy,Herald of the Sun,Healer,EU,Altar of Fangs,10,1,1042.9,30038,0,301.0,2026-08-21,0,-1,1040.0,42.2,,
55503,51272,DemonHunter,Devourer,Annihilator,DPS,EU,Altar of Fangs,10,1,1042.9,260912,1,302.0,2026-08-21,0,-1,1040.0,42.2,,
55503,105730,Mage,Arcane,Sunfury,DPS,EU,Altar of Fangs,10,1,1042.9,296717,0,307.0,2026-08-21,0,-1,1040.0,42.2,,
55503,117498,Warrior,Arms,Slayer,DPS,EU,Altar of Fangs,10,1,1042.9,247020,0,302.0,2026-08-21,0,-1,1040.0,42.2,,
43674,91676,Warrior,Protection,Mountain Thane,Tank,US,Temple of Sethraliss,2,1,1031.0,76054,0,292.0,2026-08-22,0,-1,,,,
43674,91677,Paladin,Holy,Herald of the Sun,Healer,US,Temple of Sethraliss,2,1,1031.0,12989,1,300.0,2026-08-22,0,-1,,,,
43674,91678,Mage,Frost,Spellslinger,DPS,US,Temple of Sethraliss,2,1,1031.0,113442,0,295.0,2026-08-22,0,-1,,,,
43674,91679,Warlock,Demonology,Diabolist,DPS,US,Temple of Sethraliss,2,1,1031.0,86811,0,286.0,2026-08-22,0,-1,,,,
43674,91680,DemonHunter,Havoc,Fel-Scarred,DPS,US,Temple of Sethraliss,2,1,1031.0,87708,0,288.0,2026-08-22,0,-1,,,,
68102,136746,DeathKnight,Blood,San'layn,Tank,CN,Altar of Fangs,12,1,1433.5,125322,0,298.0,2026-08-22,0,-1,1440.0,20.0,,
68102,136747,Paladin,Holy,Lightsmith,Healer,CN,Altar of Fangs,12,1,1433.5,34536,1,295.0,2026-08-22,0,-1,1440.0,20.0,,
68102,136749,Rogue,Assassination,Deathstalker,DPS,CN,Altar of Fangs,12,1,1433.5,254908,0,301.0,2026-08-22,0,-1,1440.0,20.0,,
68102,66896,Mage,Arcane,Sunfury,DPS,CN,Altar of Fangs,12,1,1433.5,274429,0,308.0,2026-08-22,0,-1,1440.0,20.0,,
68102,136748,Shaman,Elemental,Farseer,DPS,CN,Altar of Fangs,12,1,1433.5,222332,0,292.0,2026-08-22,0,-1,1440.0,20.0,,
25449,56561,DeathKnight,Blood,San'layn,Tank,EU,Altar of Fangs,10,1,1119.4,173134,0,307.0,2026-08-20,0,-1,1111.0,38.3,,
25449,56562,Shaman,Restoration,Totemic,Healer,EU,Altar of Fangs,10,1,1119.4,35261,0,302.0,2026-08-20,0,-1,1111.0,38.3,,
25449,56563,Warlock,Destruction,Hellcaller,DPS,EU,Altar of Fangs,10,1,1119.4,228960,0,302.0,2026-08-20,0,-1,1111.0,38.3,,
25449,56564,DemonHunter,Devourer,Void-Scarred,DPS,EU,Altar of Fangs,10,1,1119.4,228021,0,294.0,2026-08-20,0,-1,1111.0,38.3,,
25449,56565,Warrior,Arms,Slayer,DPS,EU,Altar of Fangs,10,1,1119.4,255284,0,301.0,2026-08-20,0,-1,1111.0,38.3,,
51838,110121,DeathKnight,Blood,San'layn,Tank,EU,The Blinding Vale,9,1,1059.1,131640,0,302.0,2026-08-22,0,-1,1051.0,41.6,,
51838,110122,Evoker,Preservation,Flameshaper,Healer,EU,The Blinding Vale,9,1,1059.1,37852,0,304.0,2026-08-22,0,-1,1051.0,41.6,,
51838,21885,Shaman,Enhancement,Stormbringer,DPS,EU,The Blinding Vale,9,1,1059.1,239342,0,311.0,2026-08-22,0,-1,1051.0,41.6,,
51838,110123,Monk,Windwalker,Shado-Pan,DPS,EU,The Blinding Vale,9,1,1059.1,180268,0,294.0,2026-08-22,0,-1,1051.0,41.6,,
51838,29121,Warrior,Arms,Slayer,DPS,EU,The Blinding Vale,9,1,1059.1,199825,0,312.0,2026-08-22,0,-1,1051.0,41.6,,
48705,102874,Paladin,Protection,Lightsmith,Tank,EU,Kings' Rest,10,1,1160.3,95175,0,304.0,2026-08-22,0,-1,1157.0,41.6,,
48705,102875,Druid,Restoration,Wildstalker,Healer,EU,Kings' Rest,10,1,1160.3,17197,1,310.0,2026-08-22,0,-1,1157.0,41.6,,
48705,103021,Hunter,Marksmanship,Sentinel,DPS,EU,Kings' Rest,10,1,1160.3,163467,0,303.0,2026-08-22,0,-1,1157.0,41.6,,
48705,102877,DemonHunter,Devourer,Annihilator,DPS,EU,Kings' Rest,10,1,1160.3,148763,0,300.0,2026-08-22,0,-1,1157.0,41.6,,
48705,102878,Monk,Windwalker,Shado-Pan,DPS,EU,Kings' Rest,10,1,1160.3,192014,0,307.0,2026-08-22,0,-1,1157.0,41.6,,
68222,26767,Paladin,Protection,Lightsmith,Tank,EU,Altar of Fangs,12,1,1322.3,129214,0,304.0,2026-08-22,0,-1,1329.0,26.2,,
68222,26768,Shaman,Restoration,Totemic,Healer,EU,Altar of Fangs,12,1,1322.3,32123,0,302.0,2026-08-22,0,-1,1329.0,26.2,,
68222,139014,Rogue,Assassination,Deathstalker,DPS,EU,Altar of Fangs,12,1,1322.3,223503,1,308.0,2026-08-22,0,-1,1329.0,26.2,,
68222,18806,Mage,Arcane,Sunfury,DPS,EU,Altar of Fangs,12,1,1322.3,272060,0,312.0,2026-08-22,0,-1,1329.0,26.2,,
68222,26769,Druid,Balance,Elune's Chosen,DPS,EU,Altar of Fangs,12,1,1322.3,257638,0,307.0,2026-08-22,0,-1,1329.0,26.2,,
14497,29480,DemonHunter,Vengeance,Annihilator,Tank,EU,Voidscar Arena,6,1,1055.0,78477,0,289.0,2026-08-19,0,-1,1067.0,40.7,,
14497,28726,Paladin,Holy,Lightsmith,Healer,EU,Voidscar Arena,6,1,1055.0,37096,1,291.0,2026-08-19,0,-1,1067.0,40.7,,
14497,29481,Monk,Windwalker,Shado-Pan,DPS,EU,Voidscar Arena,6,1,1055.0,134586,0,292.0,2026-08-19,0,-1,1067.0,40.7,,
14497,29482,Hunter,Marksmanship,Sentinel,DPS,EU,Voidscar Arena,6,1,1055.0,91183,3,290.0,2026-08-19,0,-1,1067.0,40.7,,
14497,29483,Paladin,Retribution,Templar,DPS,EU,Voidscar Arena,6,1,1055.0,144976,0,290.0,2026-08-19,0,-1,1067.0,40.7,,
27682,59027,DeathKnight,Blood,San'layn,Tank,CN,Altar of Fangs,13,1,1620.4,152310,0,310.0,2026-08-21,0,-1,1657.0,7.9,,
27682,60720,Paladin,Holy,Lightsmith,Healer,CN,Altar of Fangs,13,1,1620.4,39498,0,303.0,2026-08-21,0,-1,1657.0,7.9,,
27682,59030,Mage,Arcane,Sunfury,DPS,CN,Altar of Fangs,13,1,1620.4,249881,1,307.0,2026-08-21,0,-1,1657.0,7.9,,
27682,59031,Shaman,Elemental,Farseer,DPS,CN,Altar of Fangs,13,1,1620.4,261400,1,304.0,2026-08-21,0,-1,1657.0,7.9,,
27682,60721,DemonHunter,Devourer,Annihilator,DPS,CN,Altar of Fangs,13,1,1620.4,188337,1,308.0,2026-08-21,0,-1,1657.0,7.9,,
63685,136583,DeathKnight,Blood,San'layn,Tank,CN,Voidscar Arena,12,1,1315.1,102679,0,302.0,2026-08-23,0,-1,1321.0,26.6,,
63685,136584,Paladin,Holy,Herald of the Sun,Healer,CN,Voidscar Arena,12,1,1315.1,11475,1,282.0,2026-08-23,0,-1,1321.0,26.6,,
63685,136585,Mage,Arcane,Sunfury,DPS,CN,Voidscar Arena,12,1,1315.1,230923,0,306.0,2026-08-23,0,-1,1321.0,26.6,,
63685,136586,Warrior,Arms,Slayer,DPS,CN,Voidscar Arena,12,1,1315.1,199597,0,303.0,2026-08-23,0,-1,1321.0,26.6,,
63685,136587,Druid,Balance,Elune's Chosen,DPS,CN,Voidscar Arena,12,1,1315.1,182312,0,304.0,2026-08-23,0,-1,1321.0,26.6,,
11551,18981,Paladin,Protection,Lightsmith,Tank,EU,Ruby Life Pools,10,1,1128.4,72950,0,293.0,2026-08-19,0,-1,1124.0,33.1,,
11551,18982,Shaman,Restoration,Totemic,Healer,EU,Ruby Life Pools,10,1,1128.4,27157,0,297.0,2026-08-19,0,-1,1124.0,33.1,,
11551,18985,Mage,Arcane,Sunfury,DPS,EU,Ruby Life Pools,10,1,1128.4,250356,0,302.0,2026-08-19,0,-1,1124.0,33.1,,
11551,18983,Druid,Balance,Elune's Chosen,DPS,EU,Ruby Life Pools,10,1,1128.4,154326,1,291.0,2026-08-19,0,-1,1124.0,33.1,,
11551,18984,Rogue,Outlaw,Trickster,DPS,EU,Ruby Life Pools,10,1,1128.4,188383,0,293.0,2026-08-19,0,-1,1124.0,33.1,,
57025,43136,Paladin,Protection,Lightsmith,Tank,US,Den of Nalorakk,11,1,1355.8,90543,0,299.0,2026-08-23,0,-1,1348.0,29.8,,
57025,51969,Priest,Discipline,Oracle,Healer,US,Den of Nalorakk,11,1,1355.8,13926,0,303.0,2026-08-23,0,-1,1348.0,29.8,,
57025,7615,Hunter,BeastMastery,Pack Leader,DPS,US,Den of Nalorakk,11,1,1355.8,183682,0,305.0,2026-08-23,0,-1,1348.0,29.8,,
57025,84065,Rogue,Assassination,Deathstalker,DPS,US,Den of Nalorakk,11,1,1355.8,220934,0,307.0,2026-08-23,0,-1,1348.0,29.8,,
57025,12022,Warrior,Arms,Slayer,DPS,US,Den of Nalorakk,11,1,1355.8,188980,0,303.0,2026-08-23,0,-1,1348.0,29.8,,
34452,74595,Druid,Guardian,Unknown,Tank,CN,The Blinding Vale,2,1,795.6,107970,0,294.0,2026-08-20,0,-1,,,,
34452,74596,Monk,Mistweaver,Unknown,Healer,CN,The Blinding Vale,2,1,795.6,11139,0,288.0,2026-08-20,0,-1,,,,
34452,74597,Shaman,Elemental,Unknown,DPS,CN,The Blinding Vale,2,1,795.6,141388,0,288.0,2026-08-20,0,-1,,,,
34452,74598,Hunter,BeastMastery,Unknown,DPS,CN,The Blinding Vale,2,1,795.6,166062,0,293.0,2026-08-20,0,-1,,,,
34452,74599,Mage,Arcane,Unknown,DPS,CN,The Blinding Vale,2,1,795.6,185879,2,292.0,2026-08-20,0,-1,,,,
33665,72901,Warrior,Protection,Mountain Thane,Tank,CN,Voidscar Arena,11,1,1156.1,121142,0,297.0,2026-08-21,0,-1,1153.0,36.0,,
33665,69855,Druid,Restoration,Wildstalker,Healer,CN,Voidscar Arena,11,1,1156.1,7950,0,302.0,2026-08-21,0,-1,1153.0,36.0,,
33665,72902,Mage,Arcane,Sunfury,DPS,CN,Voidscar Arena,11,1,1156.1,264238,0,308.0,2026-08-21,0,-1,1153.0,36.0,,
33665,72903,Rogue,Subtlety,Deathstalker,DPS,CN,Voidscar Arena,11,1,1156.1,217200,1,297.0,2026-08-21,0,-1,1153.0,36.0,,
33665,72904,Warlock,Demonology,Diabolist,DPS,CN,Voidscar Arena,11,1,1156.1,188761,0,299.0,2026-08-21,0,-1,1153.0,36.0,,
23176,22713,Monk,Brewmaster,Master of Harmony,Tank,EU,Altar of Fangs,12,1,1504.9,126585,0,292.0,2026-08-19,0,-1,1571.0,12.7,,
23176,22714,Shaman,Restoration,Totemic,Healer,EU,Altar of Fangs,12,1,1504.9,27108,0,286.0,2026-08-19,0,-1,1571.0,12.7,,
23176,22716,Rogue,Outlaw,Trickster,DPS,EU,Altar of Fangs,12,1,1504.9,259185,1,294.0,2026-08-19,0,-1,1571.0,12.7,,
23176,22715,Warrior,Arms,Slayer,DPS,EU,Altar of Fangs,12,1,1504.9,253727,2,295.0,2026-08-19,0,-1,1571.0,12.7,,
23176,19141,Hunter,BeastMastery,Pack Leader,DPS,EU,Altar of Fangs,12,1,1504.9,207215,2,294.0,2026-08-19,0,-1,1571.0,12.7,,
19726,43559,DeathKnight,Blood,Deathbringer,Tank,CN,Murder Row,5,1,1043.5,83171,0,293.0,2026-08-19,0,-1,1035.0,49.3,,
19726,43560,Shaman,Restoration,Totemic,Healer,CN,Murder Row,5,1,1043.5,16601,0,290.0,2026-08-19,0,-1,1035.0,49.3,,
19726,43561,Rogue,Assassination,Deathstalker,DPS,CN,Murder Row,5,1,1043.5,158932,0,293.0,2026-08-19,0,-1,1035.0,49.3,,
19726,43562,Mage,Arcane,Sunfury,DPS,CN,Murder Row,5,1,1043.5,129500,0,293.0,2026-08-19,0,-1,1035.0,49.3,,
19726,43563,Hunter,Marksmanship,Sentinel,DPS,CN,Murder Row,5,1,1043.5,114208,0,291.0,2026-08-19,0,-1,1035.0,49.3,,
59699,69288,DeathKnight,Blood,San'layn,Tank,EU,Kings' Rest,10,1,1169.7,87681,0,308.0,2026-08-23,0,-1,1161.0,41.4,,
59699,54459,Priest,Holy,Oracle,Healer,EU,Kings' Rest,10,1,1169.7,30707,0,305.0,2026-08-23,0,-1,1161.0,41.4,,
59699,75330,Rogue,Subtlety,Deathstalker,DPS,EU,Kings' Rest,10,1,1169.7,157076,0,304.0,2026-08-23,0,-1,1161.0,41.4,,
59699,59306,Mage,Arcane,Sunfury,DPS,EU,Kings' Rest,10,1,1169.7,187347,0,306.0,2026-08-23,0,-1,1161.0,41.4,,
59699,83304,Hunter,Marksmanship,Sentinel,DPS,EU,Kings' Rest,10,1,1169.7,148797,0,307.0,2026-08-23,0,-1,1161.0,41.4,,
11029,15240,Warrior,Protection,Mountain Thane,Tank,EU,Voidscar Arena,10,1,1238.2,121165,0,294.0,2026-08-19,0,-1,1235.0,31.4,,
11029,22168,Evoker,Preservation,Flameshaper,Healer,EU,Voidscar Arena,10,1,1238.2,27548,0,293.0,2026-08-19,0,-1,1235.0,31.4,,
11029,22169,Rogue,Subtlety,Deathstalker,DPS,EU,Voidscar Arena,10,1,1238.2,177284,1,289.0,2026-08-19,0,-1,1235.0,31.4,,
11029,16835,Hunter,BeastMastery,Pack Leader,DPS,EU,Voidscar Arena,10,1,1238.2,183000,0,294.0,2026-08-19,0,-1,1235.0,31.4,,
11029,19392,DeathKnight,Unholy,Rider of the Apocalypse,DPS,EU,Voidscar Arena,10,1,1238.2,199342,0,295.0,2026-08-19,0,-1,1235.0,31.4,,
39979,85383,DeathKnight,Blood,San'layn,Tank,EU,Voidscar Arena,11,1,1180.2,122868,0,292.0,2026-08-20,0,-1,1181.0,34.4,,
39979,85384,Druid,Restoration,Wildstalker,Healer,EU,Voidscar Arena,11,1,1180.2,18971,0,296.0,2026-08-20,0,-1,1181.0,34.4,,
39979,27468,Shaman,Enhancement,Stormbringer,DPS,EU,Voidscar Arena,11,1,1180.2,213818,0,301.0,2026-08-20,0,-1,1181.0,34.4,,
39979,85385,Warlock,Demonology,Diabolist,DPS,EU,Voidscar Arena,11,1,1180.2,226600,2,295.0,2026-08-20,0,-1,1181.0,34.4,,
39979,85386,DemonHunter,Devourer,Void-Scarred,DPS,EU,Voidscar Arena,11,1,1180.2,223042,0,298.0,2026-08-20,0,-1,1181.0,34.4,,
46958,99234,DeathKnight,Blood,Deathbringer,Tank,CN,Den of Nalorakk,11,1,1350.7,130916,0,311.0,2026-08-22,0,-1,,,,
46958,88677,Shaman,Restoration,Totemic,Healer,CN,Den of Nalorakk,11,1,1350.7,29262,0,303.0,2026-08-22,0,-1,,,,
46958,99235,Druid,Balance,Elune's Chosen,DPS,CN,Den of Nalorakk,11,1,1350.7,214812,1,309.0,2026-08-22,0,-1,,,,
46958,99236,Monk,Windwalker,Shado-Pan,DPS,CN,Den of Nalorakk,11,1,1350.7,191910,1,303.0,2026-08-22,0,-1,,,,
46958,88676,Rogue,Subtlety,Deathstalker,DPS,CN,Den of Nalorakk,11,1,1350.7,285275,1,308.0,2026-08-22,0,-1,,,,
78481,66349,DeathKnight,Blood,San'layn,Tank,CN,Temple of Sethraliss,16,1,1727.1,163650,0,308.0,2026-08-23,0,-1,1809.0,5.8,,
78481,98986,Paladin,Holy,Lightsmith,Healer,CN,Temple of Sethraliss,16,1,1727.1,54265,0,309.0,2026-08-23,0,-1,1809.0,5.8,,
78481,66351,Warrior,Arms,Slayer,DPS,CN,Temple of Sethraliss,16,1,1727.1,218754,3,313.0,2026-08-23,0,-1,1809.0,5.8,,
78481,66352,Mage,Arcane,Sunfury,DPS,CN,Temple of Sethraliss,16,1,1727.1,247252,2,308.0,2026-08-23,0,-1,1809.0,5.8,,
78481,66353,Shaman,Elemental,Farseer,DPS,CN,Temple of Sethraliss,16,1,1727.1,281506,1,310.0,2026-08-23,0,-1,1809.0,5.8,,
61029,130786,Druid,Guardian,Elune's Chosen,Tank,US,Altar of Fangs,5,1,1062.7,68694,0,297.0,2026-08-23,0,-1,1054.0,41.4,,
61029,130787,Evoker,Preservation,Flameshaper,Healer,US,Altar of Fangs,5,1,1062.7,41611,0,296.0,2026-08-23,0,-1,1054.0,41.4,,
61029,130788,Hunter,BeastMastery,Pack Leader,DPS,US,Altar of Fangs,5,1,1062.7,166498,1,303.0,2026-08-23,0,-1,1054.0,41.4,,
61029,88673,Mage,Arcane,Sunfury,DPS,US,Altar of Fangs,5,1,1062.7,145346,0,299.0,2026-08-23,0,-1,1054.0,41.4,,
61029,130789,DeathKnight,Frost,Deathbringer,DPS,US,Altar of Fangs,5,1,1062.7,123706,1,290.0,2026-08-23,0,-1,1054.0,41.4,,
80439,6654,DeathKnight,Blood,Deathbringer,Tank,US,Kings' Rest,14,1,1786.9,79858,0,297.0,2026-08-22,0,-1,1794.0,9.4,,
80439,6655,Paladin,Holy,Herald of the Sun,Healer,US,Kings' Rest,14,1,1786.9,16972,0,311.0,2026-08-22,0,-1,1794.0,9.4,,
80439,50482,Mage,Arcane,Sunfury,DPS,US,Kings' Rest,14,1,1786.9,195705,1,306.0,2026-08-22,0,-1,1794.0,9.4,,
80439,9889,Warlock,Affliction,Soul Harvester,DPS,US,Kings' Rest,14,1,1786.9,149453,0,302.0,2026-08-22,0,-1,1794.0,9.4,,
80439,6983,Warrior,Arms,Slayer,DPS,US,Kings' Rest,14,1,1786.9,170655,0,305.0,2026-08-22,0,-1,1794.0,9.4,,2950
29839,52640,DeathKnight,Blood,San'layn,Tank,US,Ruby Life Pools,5,1,875.7,120820,0,290.0,2026-08-22,0,-1,867.0,48.4,,
29839,52641,Priest,Holy,Archon,Healer,US,Ruby Life Pools,5,1,875.7,13323,0,290.0,2026-08-22,0,-1,867.0,48.4,,
29839,52642,Shaman,Enhancement,Stormbringer,DPS,US,Ruby Life Pools,5,1,875.7,154655,2,291.0,2026-08-22,0,-1,867.0,48.4,,
29839,52643,Mage,Arcane,Sunfury,DPS,US,Ruby Life Pools,5,1,875.7,151216,1,299.0,2026-08-22,0,-1,867.0,48.4,,
29839,52644,DemonHunter,Havoc,Fel-Scarred,DPS,US,Ruby Life Pools,5,1,875.7,127692,0,293.0,2026-08-22,0,-1,867.0,48.4,,
51328,108149,DemonHunter,Vengeance,Annihilator,Tank,US,Voidscar Arena,5,1,991.0,74252,0,298.0,2026-08-21,0,-1,,,,
51328,108150,Paladin,Holy,Herald of the Sun,Healer,US,Voidscar Arena,5,1,991.0,19716,1,289.0,2026-08-21,0,-1,,,,
51328,109064,Mage,Arcane,Sunfury,DPS,US,Voidscar Arena,5,1,991.0,107182,0,287.0,2026-08-21,0,-1,,,,
51328,109065,DemonHunter,Devourer,Annihilator,DPS,US,Voidscar Arena,5,1,991.0,132358,0,298.0,2026-08-21,0,-1,,,,
51328,108152,Rogue,Outlaw,Trickster,DPS,US,Voidscar Arena,5,1,991.0,136616,0,295.0,2026-08-21,0,-1,,,,
22856,7079,DeathKnight,Blood,Unknown,Tank,US,Altar of Fangs,10,1,1221.7,112244,0,296.0,2026-08-19,0,-1,1219.0,32.3,,3232
22856,7080,Druid,Restoration,Unknown,Healer,US,Altar of Fangs,10,1,1221.7,23472,1,304.0,2026-08-19,0,-1,1219.0,32.3,,2851
22856,7081,Warrior,Arms,Unknown,DPS,US,Altar of Fangs,10,1,1221.7,249516,0,301.0,2026-08-19,0,-1,1219.0,32.3,,3197
22856,7082,DeathKnight,Frost,Unknown,DPS,US,Altar of Fangs,10,1,1221.7,246040,0,295.0,2026-08-19,0,-1,1219.0,32.3,,3197
22856,7083,Mage,Arcane,Unknown,DPS,US,Altar of Fangs,10,1,1221.7,220408,0,296.0,2026-08-19,0,-1,1219.0,32.3,,3238
81952,10645,DeathKnight,Blood,San'layn,Tank,US,Temple of Sethraliss,13,1,1574.4,119065,0,303.0,2026-08-20,0,-1,1597.0,16.8,,3102
81952,10646,Priest,Discipline,Oracle,Healer,US,Temple of Sethraliss,13,1,1574.4,19978,1,307.0,2026-08-20,0,-1,1597.0,16.8,,3102
81952,8983,DemonHunter,Devourer,Annihilator,DPS,US,Temple of Sethraliss,13,1,1574.4,197833,1,303.0,2026-08-20,0,-1,1597.0,16.8,,
81952,42178,Hunter,BeastMastery,Pack Leader,DPS,US,Temple of Sethraliss,13,1,1574.4,210430,0,306.0,2026-08-20,0,-1,1597.0,16.8,,
81952,6550,Warrior,Arms,Slayer,DPS,US,Temple of Sethraliss,13,1,1574.4,217346,0,302.0,2026-08-20,0,-1,1597.0,16.8,,3300
30699,25,DeathKnight,Blood,San'layn,Tank,US,Temple of Sethraliss,11,1,1265.3,106362,0,302.0,2026-08-21,0,-1,1277.0,33.5,,2701
30699,54470,Priest,Holy,Oracle,Healer,US,Temple of Sethraliss,11,1,1265.3,20458,0,307.0,2026-08-21,0,-1,1277.0,33.5,,
30699,3268,Warlock,Demonology,Diabolist,DPS,US,Temple of Sethraliss,11,1,1265.3,243053,1,307.0,2026-08-21,0,-1,1277.0,33.5,,
30699,1243,Warrior,Arms,Slayer,DPS,US,Temple of Sethraliss,11,1,1265.3,224104,1,309.0,2026-08-21,0,-1,1277.0,33.5,,2790
30699,52746,Hunter,Marksmanship,Sentinel,DPS,US,Temple of Sethraliss,11,1,1265.3,187750,1,301.0,2026-08-21,0,-1,1277.0,33.5,,
22810,50589,DeathKnight,Blood,Deathbringer,Tank,EU,Voidscar Arena,4,1,891.4,57845,0,294.0,2026-08-19,0,-1,883.0,50.9,,
22810,46296,Shaman,Restoration,Totemic,Healer,EU,Voidscar Arena,4,1,891.4,28317,1,296.0,2026-08-19,0,-1,883.0,50.9,,
22810,50590,Druid,Balance,Elune's Chosen,DPS,EU,Voidscar Arena,4,1,891.4,135899,2,293.0,2026-08-19,0,-1,883.0,50.9,,
22810,50591,Monk,Windwalker,Shado-Pan,DPS,EU,Voidscar Arena,4,1,891.4,112934,1,292.0,2026-08-19,0,-1,883.0,50.9,,
22810,50592,Hunter,BeastMastery,Pack Leader,DPS,EU,Voidscar Arena,4,1,891.4,143211,3,295.0,2026-08-19,0,-1,883.0,50.9,,
80265,139752,DeathKnight,Blood,San'layn,Tank,CN,Kings' Rest,12,1,1438.2,103675,0,310.0,2026-08-23,0,-1,1489.0,24.8,,
80265,79173,Paladin,Holy,Lightsmith,Healer,CN,Kings' Rest,12,1,1438.2,40370,0,306.0,2026-08-23,0,-1,1489.0,24.8,,
80265,79176,Warlock,Demonology,Diabolist,DPS,CN,Kings' Rest,12,1,1438.2,160480,1,303.0,2026-08-23,0,-1,1489.0,24.8,,
80265,145664,Mage,Arcane,Sunfury,DPS,CN,Kings' Rest,12,1,1438.2,176029,0,310.0,2026-08-23,0,-1,1489.0,24.8,,
80265,145725,Warrior,Arms,Slayer,DPS,CN,Kings' Rest,12,1,1438.2,125637,3,305.0,2026-08-23,0,-1,1489.0,24.8,,
13571,27042,DeathKnight,Blood,Unknown,Tank,EU,Altar of Fangs,4,1,1045.0,66238,0,289.0,2026-08-19,0,-1,1037.0,42.4,,
13571,27043,Paladin,Holy,Unknown,Healer,EU,Altar of Fangs,4,1,1045.0,17494,0,283.0,2026-08-19,0,-1,1037.0,42.4,,
13571,27044,Priest,Shadow,Unknown,DPS,EU,Altar of Fangs,4,1,1045.0,148668,1,292.0,2026-08-19,0,-1,1037.0,42.4,,
13571,27045,DeathKnight,Unholy,Unknown,DPS,EU,Altar of Fangs,4,1,1045.0,128661,1,288.0,2026-08-19,0,-1,1037.0,42.4,,
13571,27046,Mage,Arcane,Unknown,DPS,EU,Altar of Fangs,4,1,1045.0,150521,0,292.0,2026-08-19,0,-1,1037.0,42.4,,
36343,62217,Paladin,Protection,Lightsmith,Tank,CN,Ruby Life Pools,12,1,1351.3,75260,0,307.0,2026-08-22,0,-1,1374.0,18.2,,
36343,78381,Evoker,Preservation,Flameshaper,Healer,CN,Ruby Life Pools,12,1,1351.3,35171,1,292.0,2026-08-22,0,-1,1374.0,18.2,,
36343,78382,Shaman,Elemental,Farseer,DPS,CN,Ruby Life Pools,12,1,1351.3,181729,0,307.0,2026-08-22,0,-1,1374.0,18.2,,
36343,78383,Mage,Arcane,Sunfury,DPS,CN,Ruby Life Pools,12,1,1351.3,247100,1,301.0,2026-08-22,0,-1,1374.0,18.2,,
36343,62220,Mage,Arcane,Sunfury,DPS,CN,Ruby Life Pools,12,1,1351.3,239328,0,305.0,2026-08-22,0,-1,1374.0,18.2,,
18374,40751,Druid,Guardian,Unknown,Tank,US,Altar of Fangs,10,1,1299.7,106551,0,292.0,2026-08-19,0,-1,1291.0,28.3,,
18374,14424,Monk,Mistweaver,Unknown,Healer,US,Altar of Fangs,10,1,1299.7,59834,0,298.0,2026-08-19,0,-1,1291.0,28.3,,2751
18374,6503,Warrior,Arms,Unknown,DPS,US,Altar of Fangs,10,1,1299.7,187551,0,299.0,2026-08-19,0,-1,1291.0,28.3,,
18374,17899,DeathKnight,Unholy,Unknown,DPS,US,Altar of Fangs,10,1,1299.7,225002,0,292.0,2026-08-19,0,-1,1291.0,28.3,,
18374,14426,Mage,Arcane,Unknown,DPS,US,Altar of Fangs,10,1,1299.7,229697,0,299.0,2026-08-19,0,-1,1291.0,28.3,,2764
29393,38801,Warrior,Arms,Slayer,DPS,CN,The Blinding Vale,16,1,1508.9,267968,3,313.0,2026-08-22,0,-1,1591.0,11.6,,
29393,38799,DeathKnight,Blood,San'layn,Tank,CN,The Blinding Vale,16,1,1508.9,169603,0,311.0,2026-08-22,0,-1,1591.0,11.6,,
29393,53768,Paladin,Holy,Lightsmith,Healer,CN,The Blinding Vale,16,1,1508.9,57600,2,310.0,2026-08-22,0,-1,1591.0,11.6,,
29393,130033,Warrior,Arms,Slayer,DPS,CN,The Blinding Vale,16,1,1508.9,267968,3,313.0,2026-08-22,0,-1,1591.0,11.6,,
29393,38803,Shaman,Elemental,Farseer,DPS,CN,The Blinding Vale,16,1,1508.9,302444,1,313.0,2026-08-22,0,-1,1591.0,11.6,,
29393,38802,Mage,Arcane,Sunfury,DPS,CN,The Blinding Vale,16,1,1508.9,309475,0,312.0,2026-08-22,0,-1,1591.0,11.6,,
8778,17704,DeathKnight,Blood,San'layn,Tank,EU,Temple of Sethraliss,11,1,1516.9,100687,0,292.0,2026-08-19,0,-1,1524.0,20.7,,
8778,17705,Paladin,Holy,Herald of the Sun,Healer,EU,Temple of Sethraliss,11,1,1516.9,18639,0,288.0,2026-08-19,0,-1,1524.0,20.7,,
8778,17706,DemonHunter,Devourer,Void-Scarred,DPS,EU,Temple of Sethraliss,11,1,1516.9,206211,0,296.0,2026-08-19,0,-1,1524.0,20.7,,
8778,17707,Mage,Arcane,Sunfury,DPS,EU,Temple of Sethraliss,11,1,1516.9,158063,1,292.0,2026-08-19,0,-1,1524.0,20.7,,
8778,17708,Druid,Balance,Elune's Chosen,DPS,EU,Temple of Sethraliss,11,1,1516.9,175059,2,295.0,2026-08-19,0,-1,1524.0,20.7,,
31499,67778,DeathKnight,Blood,Deathbringer,Tank,CN,Ruby Life Pools,11,1,1218.8,114733,0,299.0,2026-08-21,0,-1,1215.0,27.7,,
31499,60068,Paladin,Holy,Lightsmith,Healer,CN,Ruby Life Pools,11,1,1218.8,50937,0,304.0,2026-08-21,0,-1,1215.0,27.7,,
31499,67779,Paladin,Retribution,Templar,DPS,CN,Ruby Life Pools,11,1,1218.8,199212,0,294.0,2026-08-21,0,-1,1215.0,27.7,,
31499,67780,Mage,Arcane,Sunfury,DPS,CN,Ruby Life Pools,11,1,1218.8,186927,0,294.0,2026-08-21,0,-1,1215.0,27.7,,
31499,60069,Warrior,Arms,Slayer,DPS,CN,Ruby Life Pools,11,1,1218.8,193248,1,302.0,2026-08-21,0,-1,1215.0,27.7,,
31838,6953,DeathKnight,Blood,San'layn,Tank,US,Murder Row,10,1,1140.5,162141,0,305.0,2026-08-22,0,-1,1135.0,44.3,,2742
31838,57317,Priest,Holy,Archon,Healer,US,Murder Row,10,1,1140.5,24970,0,306.0,2026-08-22,0,-1,1135.0,44.3,,
31838,6957,Warrior,Arms,Slayer,DPS,US,Murder Row,10,1,1140.5,214888,0,306.0,2026-08-22,0,-1,1135.0,44.3,,
31838,14405,Druid,Balance,Elune's Chosen,DPS,US,Murder Row,10,1,1140.5,247048,0,310.0,2026-08-22,0,-1,1135.0,44.3,,
31838,6956,DemonHunter,Havoc,Fel-Scarred,DPS,US,Murder Row,10,1,1140.5,224552,0,300.0,2026-08-22,0,-1,1135.0,44.3,,2499
33437,22930,DeathKnight,Blood,Unknown,Tank,EU,Altar of Fangs,13,1,1278.3,144045,0,310.0,2026-08-21,0,-1,1724.0,4.2,,
33437,72387,Paladin,Holy,Unknown,Healer,EU,Altar of Fangs,13,1,1278.3,15629,2,306.0,2026-08-21,0,-1,1724.0,4.2,,
33437,22387,Hunter,Marksmanship,Unknown,DPS,EU,Altar of Fangs,13,1,1278.3,179996,1,297.0,2026-08-21,0,-1,1724.0,4.2,,
33437,41515,Warrior,Arms,Unknown,DPS,EU,Altar of Fangs,13,1,1278.3,197368,1,312.0,2026-08-21,0,-1,1724.0,4.2,,
33437,22389,Mage,Arcane,Unknown,DPS,EU,Altar of Fangs,13,1,1278.3,214673,1,306.0,2026-08-21,0,-1,1724.0,4.2,,
76486,69303,DeathKnight,Blood,San'layn,Tank,CN,The Blinding Vale,12,1,1364.4,151687,0,309.0,2026-08-23,0,-1,1370.0,23.9,,
76486,144028,Paladin,Holy,Lightsmith,Healer,CN,The Blinding Vale,12,1,1364.4,26922,0,306.0,2026-08-23,0,-1,1370.0,23.9,,
76486,144029,Paladin,Retribution,Herald of the Sun,DPS,CN,The Blinding Vale,12,1,1364.4,220553,0,303.0,2026-08-23,0,-1,1370.0,23.9,,
76486,69307,Warrior,Arms,Slayer,DPS,CN,The Blinding Vale,12,1,1364.4,243401,1,307.0,2026-08-23,0,-1,1370.0,23.9,,
76486,92401,Mage,Arcane,Sunfury,DPS,CN,The Blinding Vale,12,1,1364.4,236301,0,300.0,2026-08-23,0,-1,1370.0,23.9,,
81210,81583,Warrior,Protection,Mountain Thane,Tank,EU,Voidscar Arena,14,1,1621.6,119605,0,307.0,2026-08-22,0,-1,1643.0,8.7,,
81210,82823,Paladin,Holy,Herald of the Sun,Healer,EU,Voidscar Arena,14,1,1621.6,16836,1,305.0,2026-08-22,0,-1,1643.0,8.7,,
81210,146143,Warrior,Arms,Slayer,DPS,EU,Voidscar Arena,14,1,1621.6,176470,0,304.0,2026-08-22,0,-1,1643.0,8.7,,
81210,13107,DeathKnight,Unholy,San'layn,DPS,EU,Voidscar Arena,14,1,1621.6,249877,1,311.0,2026-08-22,0,-1,1643.0,8.7,,
81210,23999,Mage,Arcane,Sunfury,DPS,EU,Voidscar Arena,14,1,1621.6,205863,0,305.0,2026-08-22,0,-1,1643.0,8.7,,
39520,14481,DemonHunter,Vengeance,Annihilator,Tank,EU,Temple of Sethraliss,14,0,1885.2,112909,1,305.0,2026-08-21,0,-1,1937.0,-0.9,,
39520,74499,Shaman,Restoration,Totemic,Healer,EU,Temple of Sethraliss,14,0,1885.2,19453,2,307.0,2026-08-21,0,-1,1937.0,-0.9,,
39520,54525,Warrior,Arms,Slayer,DPS,EU,Temple of Sethraliss,14,0,1885.2,193168,0,309.0,2026-08-21,0,-1,1937.0,-0.9,,
39520,20664,DeathKnight,Unholy,Rider of the Apocalypse,DPS,EU,Temple of Sethraliss,14,0,1885.2,208972,1,306.0,2026-08-21,0,-1,1937.0,-0.9,,
39520,14485,Hunter,Marksmanship,Sentinel,DPS,EU,Temple of Sethraliss,14,0,1885.2,222599,0,306.0,2026-08-21,0,-1,1937.0,-0.9,,
32213,69486,DeathKnight,Blood,Deathbringer,Tank,EU,Kings' Rest,14,1,1940.1,79041,0,304.0,2026-08-21,0,-1,1976.0,0.2,,
32213,18828,Paladin,Holy,Herald of the Sun,Healer,EU,Kings' Rest,14,1,1940.1,32506,1,305.0,2026-08-21,0,-1,1976.0,0.2,,
32213,21325,Priest,Shadow,Archon,DPS,EU,Kings' Rest,14,1,1940.1,146349,0,307.0,2026-08-21,0,-1,1976.0,0.2,,
32213,52743,DemonHunter,Devourer,Annihilator,DPS,EU,Kings' Rest,14,1,1940.1,169648,1,306.0,2026-08-21,0,-1,1976.0,0.2,,
32213,19014,Shaman,Enhancement,Stormbringer,DPS,EU,Kings' Rest,14,1,1940.1,148004,1,307.0,2026-08-21,0,-1,1976.0,0.2,,
50244,106586,DeathKnight,Blood,San'layn,Tank,US,Kings' Rest,2,1,1175.4,25438,0,268.0,2026-08-22,0,-1,,,,
50244,106587,Evoker,Preservation,Flameshaper,Healer,US,Kings' Rest,2,1,1175.4,34971,1,295.0,2026-08-22,0,-1,,,,
50244,106588,Mage,Arcane,Sunfury,DPS,US,Kings' Rest,2,1,1175.4,94575,1,288.0,2026-08-22,0,-1,,,,
50244,106589,Rogue,Outlaw,Trickster,DPS,US,Kings' Rest,2,1,1175.4,68749,0,289.0,2026-08-22,0,-1,,,,
50244,106590,Shaman,Elemental,Farseer,DPS,US,Kings' Rest,2,1,1175.4,71008,2,280.0,2026-08-22,0,-1,,,,
19645,43307,DeathKnight,Blood,San'layn,Tank,US,The Blinding Vale,2,1,853.1,100002,0,294.0,2026-08-20,0,-1,844.0,53.1,,
19645,43308,Priest,Discipline,Oracle,Healer,US,The Blinding Vale,2,1,853.1,9486,0,251.0,2026-08-20,0,-1,844.0,53.1,,
19645,43309,Mage,Arcane,Sunfury,DPS,US,The Blinding Vale,2,1,853.1,171057,0,289.0,2026-08-20,0,-1,844.0,53.1,,
19645,43310,Druid,Balance,Elune's Chosen,DPS,US,The Blinding Vale,2,1,853.1,127898,0,291.0,2026-08-20,0,-1,844.0,53.1,,
19645,43311,Hunter,BeastMastery,Pack Leader,DPS,US,The Blinding Vale,2,1,853.1,138238,0,286.0,2026-08-20,0,-1,844.0,53.1,,
37833,15881,Warrior,Protection,Mountain Thane,Tank,EU,Altar of Fangs,11,1,1257.3,144363,0,300.0,2026-08-21,0,-1,1249.0,30.6,,
37833,33299,Shaman,Restoration,Totemic,Healer,EU,Altar of Fangs,11,1,1257.3,32544,0,299.0,2026-08-21,0,-1,1249.0,30.6,,
37833,13574,Paladin,Retribution,Herald of the Sun,DPS,EU,Altar of Fangs,11,1,1257.3,281182,0,308.0,2026-08-21,0,-1,1249.0,30.6,,
37833,81445,Warrior,Arms,Slayer,DPS,EU,Altar of Fangs,11,1,1257.3,178425,0,303.0,2026-08-21,0,-1,1249.0,30.6,,
37833,44966,Rogue,Outlaw,Trickster,DPS,EU,Altar of Fangs,11,1,1257.3,262035,0,299.0,2026-08-21,0,-1,1249.0,30.6,,
66195,3089,Monk,Brewmaster,Master of Harmony,Tank,US,Voidscar Arena,15,1,1507.3,125970,1,305.0,2026-08-21,0,-1,1604.0,10.9,,3323
66195,1486,Shaman,Restoration,Farseer,Healer,US,Voidscar Arena,15,1,1507.3,28319,1,308.0,2026-08-21,0,-1,1604.0,10.9,,
66195,48912,Warrior,Arms,Slayer,DPS,US,Voidscar Arena,15,1,1507.3,250057,1,311.0,2026-08-21,0,-1,1604.0,10.9,,
66195,3091,Warrior,Arms,Slayer,DPS,US,Voidscar Arena,15,1,1507.3,289583,3,309.0,2026-08-21,0,-1,1604.0,10.9,,3317
66195,879,Rogue,Outlaw,Trickster,DPS,US,Voidscar Arena,15,1,1507.3,251516,1,306.0,2026-08-21,0,-1,1604.0,10.9,,3301
33355,67184,DeathKnight,Blood,San'layn,Tank,CN,Ruby Life Pools,14,0,1932.9,121947,2,299.0,2026-08-20,0,-1,2194.0,-30.6,,
33355,67185,Paladin,Holy,Lightsmith,Healer,CN,Ruby Life Pools,14,0,1932.9,30054,6,295.0,2026-08-20,0,-1,2194.0,-30.6,,
33355,67186,Shaman,Elemental,Farseer,DPS,CN,Ruby Life Pools,14,0,1932.9,184432,5,303.0,2026-08-20,0,-1,2194.0,-30.6,,
33355,67188,Warrior,Arms,Slayer,DPS,CN,Ruby Life Pools,14,0,1932.9,169356,7,295.0,2026-08-20,0,-1,2194.0,-30.6,,
33355,67187,Mage,Arcane,Sunfury,DPS,CN,Ruby Life Pools,14,0,1932.9,216205,3,296.0,2026-08-20,0,-1,2194.0,-30.6,,
28531,4481,DeathKnight,Blood,San'layn,Tank,US,Altar of Fangs,11,1,1281.2,178403,0,305.0,2026-08-21,0,-1,1273.0,29.3,,3125
28531,208,Druid,Restoration,Wildstalker,Healer,US,Altar of Fangs,11,1,1281.2,6386,0,299.0,2026-08-21,0,-1,1273.0,29.3,,3078
28531,16978,Monk,Windwalker,Shado-Pan,DPS,US,Altar of Fangs,11,1,1281.2,207687,0,298.0,2026-08-21,0,-1,1273.0,29.3,,
28531,62199,Warlock,Demonology,Diabolist,DPS,US,Altar of Fangs,11,1,1281.2,233604,0,301.0,2026-08-21,0,-1,1273.0,29.3,,
28531,15759,Shaman,Elemental,Farseer,DPS,US,Altar of Fangs,11,1,1281.2,279121,0,307.0,2026-08-21,0,-1,1273.0,29.3,,
6537,13403,Monk,Brewmaster,Shado-Pan,Tank,EU,Voidscar Arena,10,1,1171.2,90798,0,294.0,2026-08-19,0,-1,1168.0,35.1,,
6537,13404,Evoker,Preservation,Flameshaper,Healer,EU,Voidscar Arena,10,1,1171.2,35178,0,296.0,2026-08-19,0,-1,1168.0,35.1,,
6537,13405,DemonHunter,Devourer,Void-Scarred,DPS,EU,Voidscar Arena,10,1,1171.2,190165,1,295.0,2026-08-19,0,-1,1168.0,35.1,,
6537,13406,Evoker,Devastation,Scalecommander,DPS,EU,Voidscar Arena,10,1,1171.2,211330,0,296.0,2026-08-19,0,-1,1168.0,35.1,,
6537,13407,Hunter,Survival,Sentinel,DPS,EU,Voidscar Arena,10,1,1171.2,166359,0,293.0,2026-08-19,0,-1,1168.0,35.1,,
69334,139730,DeathKnight,Blood,Deathbringer,Tank,CN,Voidscar Arena,12,1,1347.1,115979,0,304.0,2026-08-22,0,-1,1369.0,24.0,,
69334,70576,Paladin,Holy,Lightsmith,Healer,CN,Voidscar Arena,12,1,1347.1,24003,1,305.0,2026-08-22,0,-1,1369.0,24.0,,
69334,139406,Druid,Balance,Elune's Chosen,DPS,CN,Voidscar Arena,12,1,1347.1,216070,1,309.0,2026-08-22,0,-1,1369.0,24.0,,
69334,70577,Mage,Arcane,Sunfury,DPS,CN,Voidscar Arena,12,1,1347.1,218510,0,307.0,2026-08-22,0,-1,1369.0,24.0,,
69334,139617,Warrior,Arms,Slayer,DPS,CN,Voidscar Arena,12,1,1347.1,186675,0,305.0,2026-08-22,0,-1,1369.0,24.0,,
53191,28719,Druid,Guardian,Elune's Chosen,Tank,EU,Murder Row,9,1,1085.9,93472,0,306.0,2026-08-21,0,-1,,,,
53191,109305,Priest,Holy,Archon,Healer,EU,Murder Row,9,1,1085.9,13300,0,302.0,2026-08-21,0,-1,,,,
53191,28723,DemonHunter,Devourer,Annihilator,DPS,EU,Murder Row,9,1,1085.9,216113,1,304.0,2026-08-21,0,-1,,,,
53191,112791,Rogue,Subtlety,Deathstalker,DPS,EU,Murder Row,9,1,1085.9,207639,2,301.0,2026-08-21,0,-1,,,,
53191,112965,Warrior,Arms,Slayer,DPS,EU,Murder Row,9,1,1085.9,226777,0,301.0,2026-08-21,0,-1,,,,
6098,3857,DeathKnight,Blood,Unknown,Tank,US,Altar of Fangs,11,1,1583.9,100930,0,292.0,2026-08-19,0,-1,1645.0,8.6,,
6098,8897,Evoker,Preservation,Unknown,Healer,US,Altar of Fangs,11,1,1583.9,40209,7,295.0,2026-08-19,0,-1,1645.0,8.6,,
6098,2858,DeathKnight,Unholy,Unknown,DPS,US,Altar of Fangs,11,1,1583.9,190951,2,292.0,2026-08-19,0,-1,1645.0,8.6,,2994
6098,8899,Warrior,Arms,Unknown,DPS,US,Altar of Fangs,11,1,1583.9,171977,2,293.0,2026-08-19,0,-1,1645.0,8.6,,
6098,8898,Rogue,Assassination,Unknown,DPS,US,Altar of Fangs,11,1,1583.9,200804,3,292.0,2026-08-19,0,-1,1645.0,8.6,,
69024,139307,Druid,Guardian,Elune's Chosen,Tank,CN,Ruby Life Pools,12,1,1278.8,120856,0,306.0,2026-08-23,0,-1,1286.0,23.5,,
69024,139450,Priest,Discipline,Oracle,Healer,CN,Ruby Life Pools,12,1,1278.8,15807,0,300.0,2026-08-23,0,-1,1286.0,23.5,,
69024,139451,Mage,Arcane,Sunfury,DPS,CN,Ruby Life Pools,12,1,1278.8,195114,1,294.0,2026-08-23,0,-1,1286.0,23.5,,
69024,64954,Rogue,Outlaw,Trickster,DPS,CN,Ruby Life Pools,12,1,1278.8,276358,0,307.0,2026-08-23,0,-1,1286.0,23.5,,
69024,139097,Warlock,Destruction,Diabolist,DPS,CN,Ruby Life Pools,12,1,1278.8,249648,0,310.0,2026-08-23,0,-1,1286.0,23.5,,
83815,19846,DeathKnight,Blood,San'layn,Tank,EU,Kings' Rest,13,1,1572.9,103255,0,308.0,2026-08-23,0,-1,1654.0,16.4,3,
83815,13225,Paladin,Holy,Lightsmith,Healer,EU,Kings' Rest,13,1,1572.9,61748,0,309.0,2026-08-23,0,-1,1654.0,16.4,,
83815,38806,Priest,Shadow,Voidweaver,DPS,EU,Kings' Rest,13,1,1572.9,148879,2,309.0,2026-08-23,0,-1,1654.0,16.4,4,
83815,23311,Shaman,Enhancement,Stormbringer,DPS,EU,Kings' Rest,13,1,1572.9,186154,3,307.0,2026-08-23,0,-1,1654.0,16.4,4,
83815,108986,Mage,Arcane,Sunfury,DPS,EU,Kings' Rest,13,1,1572.9,112712,1,297.0,2026-08-23,0,-1,1654.0,16.4,0,
72423,46482,DeathKnight,Blood,San'layn,Tank,US,Ruby Life Pools,12,1,1122.8,154858,0,299.0,2026-08-22,0,-1,1129.0,32.8,,
72423,30659,Shaman,Restoration,Totemic,Healer,US,Ruby Life Pools,12,1,1122.8,22764,0,295.0,2026-08-22,0,-1,1129.0,32.8,,
72423,18658,DemonHunter,Devourer,Annihilator,DPS,US,Ruby Life Pools,12,1,1122.8,272201,0,300.0,2026-08-22,0,-1,1129.0,32.8,,
72423,18662,Mage,Arcane,Sunfury,DPS,US,Ruby Life Pools,12,1,1122.8,301436,0,307.0,2026-08-22,0,-1,1129.0,32.8,,
72423,141765,Paladin,Retribution,Templar,DPS,US,Ruby Life Pools,12,1,1122.8,265635,1,301.0,2026-08-22,0,-1,1129.0,32.8,,
24549,52458,Warrior,Protection,Mountain Thane,Tank,US,Temple of Sethraliss,13,1,1711.5,129525,0,297.0,2026-08-19,0,-1,1763.0,8.2,,
24549,53418,Monk,Mistweaver,Conduit of the Celestials,Healer,US,Temple of Sethraliss,13,1,1711.5,40016,0,302.0,2026-08-19,0,-1,1763.0,8.2,,
24549,52461,Rogue,Subtlety,Deathstalker,DPS,US,Temple of Sethraliss,13,1,1711.5,199501,0,297.0,2026-08-19,0,-1,1763.0,8.2,,
24549,52460,Warrior,Arms,Slayer,DPS,US,Temple of Sethraliss,13,1,1711.5,184176,1,292.0,2026-08-19,0,-1,1763.0,8.2,,
24549,52462,Hunter,BeastMastery,Pack Leader,DPS,US,Temple of Sethraliss,13,1,1711.5,163375,3,294.0,2026-08-19,0,-1,1763.0,8.2,,
44659,93881,DeathKnight,Blood,San'layn,Tank,EU,Voidscar Arena,10,1,1027.1,95590,0,301.0,2026-08-22,0,-1,,,,
44659,87067,Priest,Holy,Oracle,Healer,EU,Voidscar Arena,10,1,1027.1,28895,0,294.0,2026-08-22,0,-1,,,,
44659,19480,Mage,Arcane,Sunfury,DPS,EU,Voidscar Arena,10,1,1027.1,236436,0,310.0,2026-08-22,0,-1,,,,2716
44659,17887,Warlock,Affliction,Soul Harvester,DPS,EU,Voidscar Arena,10,1,1027.1,177412,0,307.0,2026-08-22,0,-1,,,,
44659,23716,DemonHunter,Devourer,Annihilator,DPS,EU,Voidscar Arena,10,1,1027.1,209949,0,311.0,2026-08-22,0,-1,,,,
18621,13852,Warrior,Protection,Mountain Thane,Tank,EU,Ruby Life Pools,10,1,1039.0,150204,1,298.0,2026-08-19,0,-1,1056.0,37.2,,2853
18621,13849,Shaman,Restoration,Farseer,Healer,EU,Ruby Life Pools,10,1,1039.0,37840,1,303.0,2026-08-19,0,-1,1056.0,37.2,,2789
18621,13848,DemonHunter,Devourer,Annihilator,DPS,EU,Ruby Life Pools,10,1,1039.0,234886,1,297.0,2026-08-19,0,-1,1056.0,37.2,,2795
18621,13850,Mage,Arcane,Sunfury,DPS,EU,Ruby Life Pools,10,1,1039.0,222531,1,295.0,2026-08-19,0,-1,1056.0,37.2,,2748
18621,15052,Mage,Arcane,Sunfury,DPS,EU,Ruby Life Pools,10,1,1039.0,153839,1,282.0,2026-08-19,0,-1,1056.0,37.2,,
301,1260,DeathKnight,Blood,San'layn,Tank,US,Ruby Life Pools,10,1,1113.8,139981,0,296.0,2026-08-18,0,-1,1110.0,33.9,,2681
301,1261,Shaman,Restoration,Totemic,Healer,US,Ruby Life Pools,10,1,1113.8,43273,0,294.0,2026-08-18,0,-1,1110.0,33.9,,2687
301,1262,Priest,Shadow,Archon,DPS,US,Ruby Life Pools,10,1,1113.8,201019,0,295.0,2026-08-18,0,-1,1110.0,33.9,,
301,1263,Rogue,Outlaw,Trickster,DPS,US,Ruby Life Pools,10,1,1113.8,216195,1,290.0,2026-08-18,0,-1,1110.0,33.9,,2681
301,1264,Warrior,Arms,Slayer,DPS,US,Ruby Life Pools,10,1,1113.8,189047,0,296.0,2026-08-18,0,-1,1110.0,33.9,,
86968,72916,Warrior,Protection,Mountain Thane,Tank,EU,Altar of Fangs,14,1,1710.3,108218,0,304.0,2026-08-23,0,-1,1732.0,3.8,0,
86968,21464,Priest,Discipline,Voidweaver,Healer,EU,Altar of Fangs,14,1,1710.3,41452,0,314.0,2026-08-23,0,-1,1732.0,3.8,2,2809
86968,41461,DemonHunter,Devourer,Void-Scarred,DPS,EU,Altar of Fangs,14,1,1710.3,240236,0,306.0,2026-08-23,0,-1,1732.0,3.8,2,
86968,21466,DeathKnight,Frost,Deathbringer,DPS,EU,Altar of Fangs,14,1,1710.3,227763,0,312.0,2026-08-23,0,-1,1732.0,3.8,2,
86968,19240,Mage,Arcane,Sunfury,DPS,EU,Altar of Fangs,14,1,1710.3,244656,2,305.0,2026-08-23,0,-1,1732.0,3.8,2,2812
44992,48318,Druid,Guardian,Elune's Chosen,Tank,EU,Ruby Life Pools,10,1,1055.9,149286,0,312.0,2026-08-22,0,-1,,,,
44992,55628,Shaman,Restoration,Totemic,Healer,EU,Ruby Life Pools,10,1,1055.9,42831,0,299.0,2026-08-22,0,-1,,,,
44992,94683,Mage,Arcane,Sunfury,DPS,EU,Ruby Life Pools,10,1,1055.9,173158,0,297.0,2026-08-22,0,-1,,,,
44992,94684,Shaman,Enhancement,Stormbringer,DPS,EU,Ruby Life Pools,10,1,1055.9,148638,0,291.0,2026-08-22,0,-1,,,,
44992,54823,Shaman,Elemental,Farseer,DPS,EU,Ruby Life Pools,10,1,1055.9,269780,0,309.0,2026-08-22,0,-1,,,,
7482,6568,DeathKnight,Blood,San'layn,Tank,US,Kings' Rest,12,1,1781.7,111025,0,295.0,2026-08-19,0,-1,1819.0,8.1,,2946
7482,6569,Paladin,Holy,Herald of the Sun,Healer,US,Kings' Rest,12,1,1781.7,6640,1,298.0,2026-08-19,0,-1,1819.0,8.1,,2886
7482,14075,Monk,Windwalker,Shado-Pan,DPS,US,Kings' Rest,12,1,1781.7,123311,0,293.0,2026-08-19,0,-1,1819.0,8.1,,
7482,14074,Druid,Balance,Elune's Chosen,DPS,US,Kings' Rest,12,1,1781.7,128415,1,294.0,2026-08-19,0,-1,1819.0,8.1,,
7482,14073,DemonHunter,Devourer,Void-Scarred,DPS,US,Kings' Rest,12,1,1781.7,131808,1,292.0,2026-08-19,0,-1,1819.0,8.1,,
87678,5854,Paladin,Protection,Lightsmith,Tank,US,The Blinding Vale,15,1,1565.6,147242,0,311.0,2026-08-24,0,-1,1602.0,11.0,2,
87678,151,Shaman,Restoration,Totemic,Healer,US,The Blinding Vale,15,1,1565.6,39762,0,310.0,2026-08-24,0,-1,1602.0,11.0,2,3137
87678,18938,Warrior,Arms,Slayer,DPS,US,The Blinding Vale,15,1,1565.6,266312,2,308.0,2026-08-24,0,-1,1602.0,11.0,0,
87678,5379,Rogue,Outlaw,Trickster,DPS,US,The Blinding Vale,15,1,1565.6,313409,0,304.0,2026-08-24,0,-1,1602.0,11.0,0,
87678,86138,Druid,Feral,Druid of the Claw,DPS,US,The Blinding Vale,15,1,1565.6,294576,1,308.0,2026-08-24,0,-1,1602.0,11.0,2,
13618,27178,Monk,Brewmaster,Shado-Pan,Tank,EU,Temple of Sethraliss,5,1,987.4,85514,0,288.0,2026-08-19,0,-1,979.0,49.0,,
13618,27179,Shaman,Restoration,Totemic,Healer,EU,Temple of Sethraliss,5,1,987.4,21067,0,293.0,2026-08-19,0,-1,979.0,49.0,,
13618,27180,Shaman,Enhancement,Stormbringer,DPS,EU,Temple of Sethraliss,5,1,987.4,142600,0,288.0,2026-08-19,0,-1,979.0,49.0,,
13618,27181,Warlock,Destruction,Diabolist,DPS,EU,Temple of Sethraliss,5,1,987.4,148311,0,293.0,2026-08-19,0,-1,979.0,49.0,,
13618,27182,DemonHunter,Devourer,Void-Scarred,DPS,EU,Temple of Sethraliss,5,1,987.4,140936,1,292.0,2026-08-19,0,-1,979.0,49.0,,
16789,36934,DeathKnight,Blood,San'layn,Tank,EU,Voidscar Arena,3,1,1059.4,59129,0,290.0,2026-08-19,0,-1,1051.0,41.6,,
16789,36935,Druid,Restoration,Wildstalker,Healer,EU,Voidscar Arena,3,1,1059.4,6694,0,294.0,2026-08-19,0,-1,1051.0,41.6,,
16789,36936,Mage,Frost,Spellslinger,DPS,EU,Voidscar Arena,3,1,1059.4,100110,3,288.0,2026-08-19,0,-1,1051.0,41.6,,
16789,36937,Hunter,BeastMastery,Pack Leader,DPS,EU,Voidscar Arena,3,1,1059.4,123325,0,292.0,2026-08-19,0,-1,1051.0,41.6,,
16789,36938,Rogue,Outlaw,Trickster,DPS,EU,Voidscar Arena,3,1,1059.4,88604,0,293.0,2026-08-19,0,-1,1051.0,41.6,,
7718,13242,DeathKnight,Blood,San'layn,Tank,EU,Ruby Life Pools,12,1,1411.7,152492,0,295.0,2026-08-19,0,-1,1479.0,12.0,,3337
7718,14397,Shaman,Restoration,Totemic,Healer,EU,Ruby Life Pools,12,1,1411.7,29447,0,294.0,2026-08-19,0,-1,1479.0,12.0,,3293
7718,14398,DeathKnight,Unholy,Rider of the Apocalypse,DPS,EU,Ruby Life Pools,12,1,1411.7,212429,1,294.0,2026-08-19,0,-1,1479.0,12.0,,2994
7718,13245,Mage,Arcane,Sunfury,DPS,EU,Ruby Life Pools,12,1,1411.7,203760,1,296.0,2026-08-19,0,-1,1479.0,12.0,,3295
7718,15958,Hunter,BeastMastery,Pack Leader,DPS,EU,Ruby Life Pools,12,1,1411.7,164480,3,293.0,2026-08-19,0,-1,1479.0,12.0,,
4480,9986,DemonHunter,Vengeance,Annihilator,Tank,US,Temple of Sethraliss,10,1,1511.4,96310,0,292.0,2026-08-18,0,-1,1508.0,21.5,,
4480,9987,Shaman,Restoration,Totemic,Healer,US,Temple of Sethraliss,10,1,1511.4,21654,1,287.0,2026-08-18,0,-1,1508.0,21.5,,
4480,6784,Warrior,Arms,Slayer,DPS,US,Temple of Sethraliss,10,1,1511.4,160165,0,296.0,2026-08-18,0,-1,1508.0,21.5,,2824
4480,10098,DeathKnight,Unholy,San'layn,DPS,US,Temple of Sethraliss,10,1,1511.4,161324,0,292.0,2026-08-18,0,-1,1508.0,21.5,,
4480,6697,Druid,Balance,Elune's Chosen,DPS,US,Temple of Sethraliss,10,1,1511.4,157750,0,291.0,2026-08-18,0,-1,1508.0,21.5,,
69777,32783,Monk,Brewmaster,Shado-Pan,Tank,EU,Murder Row,12,1,1497.3,96089,0,312.0,2026-08-22,0,-1,,,,
69777,38020,Evoker,Preservation,Flameshaper,Healer,EU,Murder Row,12,1,1497.3,47471,0,310.0,2026-08-22,0,-1,,,,3060
69777,140041,Paladin,Retribution,Herald of the Sun,DPS,EU,Murder Row,12,1,1497.3,156472,2,292.0,2026-08-22,0,-1,,,,
69777,29382,Mage,Arcane,Spellslinger,DPS,EU,Murder Row,12,1,1497.3,232295,0,305.0,2026-08-22,0,-1,,,,
69777,115951,Warlock,Demonology,Diabolist,DPS,EU,Murder Row,12,1,1497.3,215663,0,303.0,2026-08-22,0,-1,,,,
82233,11956,DeathKnight,Blood,Deathbringer,Tank,US,Altar of Fangs,13,1,1576.4,132962,0,310.0,2026-08-22,0,-1,,,,
82233,146562,Priest,Holy,Oracle,Healer,US,Altar of Fangs,13,1,1576.4,19734,0,310.0,2026-08-22,0,-1,,,,
82233,3130,Shaman,Elemental,Farseer,DPS,US,Altar of Fangs,13,1,1576.4,218860,1,307.0,2026-08-22,0,-1,,,,
82233,11673,Mage,Arcane,Sunfury,DPS,US,Altar of Fangs,13,1,1576.4,264732,2,310.0,2026-08-22,0,-1,,,,
82233,48011,Warlock,Demonology,Diabolist,DPS,US,Altar of Fangs,13,1,1576.4,277082,0,309.0,2026-08-22,0,-1,,,,
65994,15442,Druid,Guardian,Unknown,Tank,EU,Voidscar Arena,12,1,1260.7,116347,0,310.0,2026-08-22,0,-1,1298.0,27.9,,3160
65994,31048,Paladin,Holy,Unknown,Healer,EU,Voidscar Arena,12,1,1260.7,14352,1,311.0,2026-08-22,0,-1,1298.0,27.9,,
65994,15445,Paladin,Retribution,Unknown,DPS,EU,Voidscar Arena,12,1,1260.7,240685,0,314.0,2026-08-22,0,-1,1298.0,27.9,,
65994,15444,DemonHunter,Devourer,Unknown,DPS,EU,Voidscar Arena,12,1,1260.7,198118,0,307.0,2026-08-22,0,-1,1298.0,27.9,,
65994,15446,Shaman,Elemental,Unknown,DPS,EU,Voidscar Arena,12,1,1260.7,276416,2,315.0,2026-08-22,0,-1,1298.0,27.9,,3160
41051,87194,DeathKnight,Blood,San'layn,Tank,EU,Voidscar Arena,3,1,1087.2,56371,0,283.0,2026-08-21,0,-1,1079.0,40.1,,
41051,87195,Paladin,Holy,Herald of the Sun,Healer,EU,Voidscar Arena,3,1,1087.2,13041,0,284.0,2026-08-21,0,-1,1079.0,40.1,,
41051,87196,Shaman,Elemental,Farseer,DPS,EU,Voidscar Arena,3,1,1087.2,100343,0,281.0,2026-08-21,0,-1,1079.0,40.1,,
41051,87197,Druid,Balance,Elune's Chosen,DPS,EU,Voidscar Arena,3,1,1087.2,96537,0,295.0,2026-08-21,0,-1,1079.0,40.1,,
41051,87198,Rogue,Subtlety,Trickster,DPS,EU,Voidscar Arena,3,1,1087.2,122298,0,290.0,2026-08-21,0,-1,1079.0,40.1,,
55406,117498,Warrior,Protection,Mountain Thane,Tank,EU,The Blinding Vale,10,1,1081.8,126275,0,299.0,2026-08-22,0,-1,1079.0,40.1,,
55406,117530,Paladin,Holy,Herald of the Sun,Healer,EU,The Blinding Vale,10,1,1081.8,28801,0,303.0,2026-08-22,0,-1,1079.0,40.1,,
55406,117531,Rogue,Subtlety,Deathstalker,DPS,EU,The Blinding Vale,10,1,1081.8,175781,1,294.0,2026-08-22,0,-1,1079.0,40.1,,
55406,51272,DemonHunter,Devourer,Annihilator,DPS,EU,The Blinding Vale,10,1,1081.8,231416,0,304.0,2026-08-22,0,-1,1079.0,40.1,,
55406,105730,Mage,Arcane,Sunfury,DPS,EU,The Blinding Vale,10,1,1081.8,277887,0,307.0,2026-08-22,0,-1,1079.0,40.1,,
71484,102414,Paladin,Protection,Lightsmith,Tank,CN,Altar of Fangs,13,1,1520.6,123076,0,308.0,2026-08-22,0,-1,1527.0,15.2,,
71484,102415,Paladin,Holy,Lightsmith,Healer,CN,Altar of Fangs,13,1,1520.6,51315,0,298.0,2026-08-22,0,-1,1527.0,15.2,,
71484,102416,Paladin,Retribution,Herald of the Sun,DPS,CN,Altar of Fangs,13,1,1520.6,253451,0,308.0,2026-08-22,0,-1,1527.0,15.2,,
71484,102417,Paladin,Retribution,Herald of the Sun,DPS,CN,Altar of Fangs,13,1,1520.6,235930,1,303.0,2026-08-22,0,-1,1527.0,15.2,,
71484,102418,Warrior,Arms,Slayer,DPS,CN,Altar of Fangs,13,1,1520.6,260980,0,306.0,2026-08-22,0,-1,1527.0,15.2,,
52148,107482,Warrior,Protection,Mountain Thane,Tank,US,Murder Row,2,1,1005.1,80215,0,292.0,2026-08-19,0,-1,,,,
52148,47101,Evoker,Preservation,Flameshaper,Healer,US,Murder Row,2,1,1005.1,39594,0,295.0,2026-08-19,0,-1,,,,
52148,110781,Paladin,Retribution,Templar,DPS,US,Murder Row,2,1,1005.1,104000,0,297.0,2026-08-19,0,-1,,,,
52148,110782,Shaman,Enhancement,Stormbringer,DPS,US,Murder Row,2,1,1005.1,65698,0,269.0,2026-08-19,0,-1,,,,
52148,65072,Mage,Arcane,Spellslinger,DPS,US,Murder Row,2,1,1005.1,141609,0,296.0,2026-08-19,0,-1,,,,
52291,111077,DeathKnight,Blood,Deathbringer,Tank,US,Murder Row,2,1,890.4,70483,0,287.0,2026-08-18,0,-1,882.0,56.8,,
52291,111078,Paladin,Holy,Herald of the Sun,Healer,US,Murder Row,2,1,890.4,18568,0,280.0,2026-08-18,0,-1,882.0,56.8,,
52291,5495,Warrior,Arms,Slayer,DPS,US,Murder Row,2,1,890.4,133167,0,294.0,2026-08-18,0,-1,882.0,56.8,,
52291,5493,DemonHunter,Devourer,Void-Scarred,DPS,US,Murder Row,2,1,890.4,148642,0,294.0,2026-08-18,0,-1,882.0,56.8,,
52291,11358,Mage,Arcane,Sunfury,DPS,US,Murder Row,2,1,890.4,117730,0,294.0,2026-08-18,0,-1,882.0,56.8,,
10682,19454,DemonHunter,Vengeance,Annihilator,Tank,EU,Kings' Rest,10,1,1280.6,112817,0,298.0,2026-08-19,0,-1,1292.0,34.7,,2790
10682,19455,Shaman,Restoration,Totemic,Healer,EU,Kings' Rest,10,1,1280.6,24296,1,295.0,2026-08-19,0,-1,1292.0,34.7,,
10682,21489,Hunter,BeastMastery,Pack Leader,DPS,EU,Kings' Rest,10,1,1280.6,128322,2,297.0,2026-08-19,0,-1,1292.0,34.7,,
10682,19456,Hunter,Survival,Pack Leader,DPS,EU,Kings' Rest,10,1,1280.6,168115,0,300.0,2026-08-19,0,-1,1292.0,34.7,,2730
10682,19457,Warrior,Arms,Slayer,DPS,EU,Kings' Rest,10,1,1280.6,129737,1,296.0,2026-08-19,0,-1,1292.0,34.7,,
44593,92509,Paladin,Protection,Lightsmith,Tank,EU,Murder Row,2,1,1037.2,74906,0,294.0,2026-08-22,0,-1,,,,
44593,92510,Druid,Restoration,Keeper of the Grove,Healer,EU,Murder Row,2,1,1037.2,9702,0,291.0,2026-08-22,0,-1,,,,
44593,92513,Paladin,Retribution,Templar,DPS,EU,Murder Row,2,1,1037.2,111286,0,286.0,2026-08-22,0,-1,,,,
44593,92512,Priest,Shadow,Voidweaver,DPS,EU,Murder Row,2,1,1037.2,112414,0,291.0,2026-08-22,0,-1,,,,
44593,92511,Mage,Arcane,Sunfury,DPS,EU,Murder Row,2,1,1037.2,127693,0,301.0,2026-08-22,0,-1,,,,
3708,7710,DeathKnight,Blood,San'layn,Tank,US,Temple of Sethraliss,11,1,1584.0,95262,0,293.0,2026-08-19,0,-1,1586.0,17.4,,
3708,6758,Paladin,Holy,Herald of the Sun,Healer,US,Temple of Sethraliss,11,1,1584.0,10475,0,293.0,2026-08-19,0,-1,1586.0,17.4,,
3708,8411,DeathKnight,Frost,Deathbringer,DPS,US,Temple of Sethraliss,11,1,1584.0,150941,0,293.0,2026-08-19,0,-1,1586.0,17.4,,
3708,8412,Mage,Arcane,Sunfury,DPS,US,Temple of Sethraliss,11,1,1584.0,202945,0,296.0,2026-08-19,0,-1,1586.0,17.4,,2961
3708,6987,Paladin,Retribution,Templar,DPS,US,Temple of Sethraliss,11,1,1584.0,195260,2,295.0,2026-08-19,0,-1,1586.0,17.4,,3245
77479,22007,Paladin,Protection,Lightsmith,Tank,EU,The Blinding Vale,14,1,1617.5,119450,0,310.0,2026-08-22,0,-1,1609.0,10.6,,
77479,22136,Paladin,Holy,Herald of the Sun,Healer,EU,The Blinding Vale,14,1,1617.5,28885,0,305.0,2026-08-22,0,-1,1609.0,10.6,,
77479,97218,Mage,Arcane,Sunfury,DPS,EU,The Blinding Vale,14,1,1617.5,233685,0,307.0,2026-08-22,0,-1,1609.0,10.6,,
77479,104462,DemonHunter,Devourer,Annihilator,DPS,EU,The Blinding Vale,14,1,1617.5,213144,0,307.0,2026-08-22,0,-1,1609.0,10.6,,
77479,73230,Warlock,Demonology,Diabolist,DPS,EU,The Blinding Vale,14,1,1617.5,260486,0,310.0,2026-08-22,0,-1,1609.0,10.6,,
12939,18371,DeathKnight,Blood,San'layn,Tank,EU,Ruby Life Pools,11,1,1343.3,192113,0,300.0,2026-08-19,0,-1,1350.0,19.6,,3139
12939,18372,Paladin,Holy,Lightsmith,Healer,EU,Ruby Life Pools,11,1,1343.3,65359,0,292.0,2026-08-19,0,-1,1350.0,19.6,,
12939,15498,Warrior,Arms,Slayer,DPS,EU,Ruby Life Pools,11,1,1343.3,169793,2,295.0,2026-08-19,0,-1,1350.0,19.6,,
12939,25188,Druid,Balance,Elune's Chosen,DPS,EU,Ruby Life Pools,11,1,1343.3,172841,0,296.0,2026-08-19,0,-1,1350.0,19.6,,
12939,18375,Shaman,Elemental,Farseer,DPS,EU,Ruby Life Pools,11,1,1343.3,182127,1,289.0,2026-08-19,0,-1,1350.0,19.6,,3112
7113,14481,DemonHunter,Vengeance,Annihilator,Tank,EU,Murder Row,11,1,1633.4,89639,0,294.0,2026-08-19,0,-1,1635.0,19.9,,
7113,14482,Evoker,Preservation,Flameshaper,Healer,EU,Murder Row,11,1,1633.4,26864,1,298.0,2026-08-19,0,-1,1635.0,19.9,,
7113,14485,Hunter,Survival,Pack Leader,DPS,EU,Murder Row,11,1,1633.4,173780,0,293.0,2026-08-19,0,-1,1635.0,19.9,,
7113,14483,DemonHunter,Devourer,Annihilator,DPS,EU,Murder Row,11,1,1633.4,176525,0,293.0,2026-08-19,0,-1,1635.0,19.9,,
7113,14484,Mage,Arcane,Sunfury,DPS,EU,Murder Row,11,1,1633.4,171244,1,298.0,2026-08-19,0,-1,1635.0,19.9,,
495,1915,DeathKnight,Blood,San'layn,Tank,US,Den of Nalorakk,11,0,2434.2,64165,3,297.0,2026-08-18,0,-1,2496.0,-30.0,,
495,1916,Shaman,Restoration,Totemic,Healer,US,Den of Nalorakk,11,0,2434.2,16090,8,276.0,2026-08-18,0,-1,2496.0,-30.0,,
495,1917,Mage,Arcane,Sunfury,DPS,US,Den of Nalorakk,11,0,2434.2,123293,6,290.0,2026-08-18,0,-1,2496.0,-30.0,,
495,1918,Warrior,Arms,Slayer,DPS,US,Den of Nalorakk,11,0,2434.2,125243,4,295.0,2026-08-18,0,-1,2496.0,-30.0,,
495,1919,Druid,Balance,Elune's Chosen,DPS,US,Den of Nalorakk,11,0,2434.2,109407,5,292.0,2026-08-18,0,-1,2496.0,-30.0,,
36979,79667,Monk,Brewmaster,Master of Harmony,Tank,CN,Temple of Sethraliss,11,1,1256.8,91056,0,304.0,2026-08-22,0,-1,1253.0,34.7,,
36979,79668,Evoker,Preservation,Flameshaper,Healer,CN,Temple of Sethraliss,11,1,1256.8,63117,0,305.0,2026-08-22,0,-1,1253.0,34.7,,
36979,79669,Hunter,BeastMastery,Pack Leader,DPS,CN,Temple of Sethraliss,11,1,1256.8,211737,0,301.0,2026-08-22,0,-1,1253.0,34.7,,
36979,79670,Evoker,Devastation,Scalecommander,DPS,CN,Temple of Sethraliss,11,1,1256.8,220042,1,294.0,2026-08-22,0,-1,1253.0,34.7,,
36979,79671,Warrior,Arms,Slayer,DPS,CN,Temple of Sethraliss,11,1,1256.8,210710,0,308.0,2026-08-22,0,-1,1253.0,34.7,,
77326,49439,DeathKnight,Blood,San'layn,Tank,CN,Altar of Fangs,12,1,1353.7,159515,0,301.0,2026-08-22,0,-1,1405.0,21.9,,
77326,53350,Paladin,Holy,Lightsmith,Healer,CN,Altar of Fangs,12,1,1353.7,25881,2,301.0,2026-08-22,0,-1,1405.0,21.9,,
77326,53353,Mage,Arcane,Sunfury,DPS,CN,Altar of Fangs,12,1,1353.7,232054,1,303.0,2026-08-22,0,-1,1405.0,21.9,,
77326,90715,Rogue,Assassination,Deathstalker,DPS,CN,Altar of Fangs,12,1,1353.7,299416,0,309.0,2026-08-22,0,-1,1405.0,21.9,,
77326,53352,Warrior,Arms,Slayer,DPS,CN,Altar of Fangs,12,1,1353.7,201658,1,294.0,2026-08-22,0,-1,1405.0,21.9,,
46633,23260,DeathKnight,Blood,San'layn,Tank,EU,Altar of Fangs,10,1,1007.5,184172,0,306.0,2026-08-22,0,-1,1009.0,44.0,,
46633,20982,Paladin,Holy,Lightsmith,Healer,EU,Altar of Fangs,10,1,1007.5,31399,0,298.0,2026-08-22,0,-1,1009.0,44.0,,
46633,98516,Paladin,Retribution,Templar,DPS,EU,Altar of Fangs,10,1,1007.5,264624,1,303.0,2026-08-22,0,-1,1009.0,44.0,,
46633,23262,Warrior,Arms,Slayer,DPS,EU,Altar of Fangs,10,1,1007.5,278013,0,306.0,2026-08-22,0,-1,1009.0,44.0,,
46633,23263,Mage,Arcane,Sunfury,DPS,EU,Altar of Fangs,10,1,1007.5,306828,1,309.0,2026-08-22,0,-1,1009.0,44.0,,
25738,57198,DeathKnight,Blood,Deathbringer,Tank,EU,Kings' Rest,11,1,1367.8,79477,0,298.0,2026-08-21,0,-1,1364.0,31.1,,
25738,57199,Shaman,Restoration,Totemic,Healer,EU,Kings' Rest,11,1,1367.8,21274,0,286.0,2026-08-21,0,-1,1364.0,31.1,,
25738,57200,Warrior,Arms,Slayer,DPS,EU,Kings' Rest,11,1,1367.8,129954,1,291.0,2026-08-21,0,-1,1364.0,31.1,,
25738,57201,Warrior,Arms,Slayer,DPS,EU,Kings' Rest,11,1,1367.8,179075,0,303.0,2026-08-21,0,-1,1364.0,31.1,,
25738,16640,Priest,Shadow,Voidweaver,DPS,EU,Kings' Rest,11,1,1367.8,177524,0,310.0,2026-08-21,0,-1,1364.0,31.1,,
15282,32206,DeathKnight,Blood,San'layn,Tank,EU,Den of Nalorakk,4,1,1111.3,71057,0,289.0,2026-08-19,0,-1,1102.0,42.6,,
15282,32207,Paladin,Holy,Herald of the Sun,Healer,EU,Den of Nalorakk,4,1,1111.3,2674,0,293.0,2026-08-19,0,-1,1102.0,42.6,,
15282,32208,Hunter,BeastMastery,Pack Leader,DPS,EU,Den of Nalorakk,4,1,1111.3,135953,0,293.0,2026-08-19,0,-1,1102.0,42.6,,
15282,32209,Warrior,Arms,Slayer,DPS,EU,Den of Nalorakk,4,1,1111.3,96798,0,293.0,2026-08-19,0,-1,1102.0,42.6,,
15282,32210,Druid,Balance,Elune's Chosen,DPS,EU,Den of Nalorakk,4,1,1111.3,133391,0,297.0,2026-08-19,0,-1,1102.0,42.6,,
50965,98723,DeathKnight,Blood,San'layn,Tank,CN,Temple of Sethraliss,12,1,1488.1,141447,0,314.0,2026-08-22,0,-1,,,,
50965,108193,Paladin,Holy,Herald of the Sun,Healer,CN,Temple of Sethraliss,12,1,1488.1,12034,1,301.0,2026-08-22,0,-1,,,,
50965,108194,Priest,Shadow,Voidweaver,DPS,CN,Temple of Sethraliss,12,1,1488.1,205653,0,305.0,2026-08-22,0,-1,,,,
50965,108195,Mage,Arcane,Sunfury,DPS,CN,Temple of Sethraliss,12,1,1488.1,202214,0,302.0,2026-08-22,0,-1,,,,
50965,108196,Shaman,Elemental,Farseer,DPS,CN,Temple of Sethraliss,12,1,1488.1,194645,0,309.0,2026-08-22,0,-1,,,,
54670,115978,DeathKnight,Blood,San'layn,Tank,US,The Blinding Vale,2,1,1046.6,64867,0,295.0,2026-08-22,0,-1,,,,
54670,115979,Priest,Holy,Oracle,Healer,US,The Blinding Vale,2,1,1046.6,17966,0,285.0,2026-08-22,0,-1,,,,
54670,51376,DemonHunter,Devourer,Void-Scarred,DPS,US,The Blinding Vale,2,1,1046.6,108594,0,297.0,2026-08-22,0,-1,,,,
54670,51380,Mage,Frost,Spellslinger,DPS,US,The Blinding Vale,2,1,1046.6,132069,0,296.0,2026-08-22,0,-1,,,,
54670,115980,DeathKnight,Unholy,San'layn,DPS,US,The Blinding Vale,2,1,1046.6,137532,0,286.0,2026-08-22,0,-1,,,,
71619,141280,Druid,Guardian,Elune's Chosen,Tank,CN,Den of Nalorakk,12,1,1505.9,93403,0,295.0,2026-08-22,0,-1,1498.0,22.0,,
71619,141281,Priest,Discipline,Oracle,Healer,CN,Den of Nalorakk,12,1,1505.9,14865,0,309.0,2026-08-22,0,-1,1498.0,22.0,,
71619,82636,Warrior,Arms,Slayer,DPS,CN,Den of Nalorakk,12,1,1505.9,199066,0,311.0,2026-08-22,0,-1,1498.0,22.0,,
71619,76385,Mage,Arcane,Sunfury,DPS,CN,Den of Nalorakk,12,1,1505.9,212116,0,305.0,2026-08-22,0,-1,1498.0,22.0,,
71619,141282,Paladin,Retribution,Herald of the Sun,DPS,CN,Den of Nalorakk,12,1,1505.9,199248,0,304.0,2026-08-22,0,-1,1498.0,22.0,,
4073,9289,Paladin,Protection,Lightsmith,Tank,US,Den of Nalorakk,11,0,1920.7,80579,2,296.0,2026-08-18,0,-1,2007.0,-4.5,,
4073,9290,Shaman,Restoration,Totemic,Healer,US,Den of Nalorakk,11,0,1920.7,10768,4,291.0,2026-08-18,0,-1,2007.0,-4.5,,
4073,9291,Warrior,Arms,Slayer,DPS,US,Den of Nalorakk,11,0,1920.7,137730,5,288.0,2026-08-18,0,-1,2007.0,-4.5,,
4073,9292,Mage,Arcane,Sunfury,DPS,US,Den of Nalorakk,11,0,1920.7,159495,2,296.0,2026-08-18,0,-1,2007.0,-4.5,,
4073,9293,Paladin,Retribution,Templar,DPS,US,Den of Nalorakk,11,0,1920.7,133056,8,293.0,2026-08-18,0,-1,2007.0,-4.5,,
7701,16299,DeathKnight,Blood,San'layn,Tank,US,Altar of Fangs,11,1,1591.7,138270,0,291.0,2026-08-19,0,-1,1583.0,12.0,,
7701,3956,Shaman,Restoration,Totemic,Healer,US,Altar of Fangs,11,1,1591.7,20557,0,297.0,2026-08-19,0,-1,1583.0,12.0,,
7701,16300,Monk,Windwalker,Shado-Pan,DPS,US,Altar of Fangs,11,1,1591.7,172513,0,296.0,2026-08-19,0,-1,1583.0,12.0,,
7701,16301,Mage,Arcane,Sunfury,DPS,US,Altar of Fangs,11,1,1591.7,212957,0,293.0,2026-08-19,0,-1,1583.0,12.0,,
7701,16302,Rogue,Assassination,Deathstalker,DPS,US,Altar of Fangs,11,1,1591.7,208775,0,289.0,2026-08-19,0,-1,1583.0,12.0,,
73966,81828,Druid,Guardian,Elune's Chosen,Tank,EU,Ruby Life Pools,12,1,1317.2,110214,0,300.0,2026-08-22,0,-1,1324.0,21.2,,
73966,22967,Shaman,Restoration,Totemic,Healer,EU,Ruby Life Pools,12,1,1317.2,25034,0,300.0,2026-08-22,0,-1,1324.0,21.2,,
73966,71411,DemonHunter,Devourer,Void-Scarred,DPS,EU,Ruby Life Pools,12,1,1317.2,227243,1,309.0,2026-08-22,0,-1,1324.0,21.2,,
73966,36584,Mage,Arcane,Sunfury,DPS,EU,Ruby Life Pools,12,1,1317.2,242290,0,303.0,2026-08-22,0,-1,1324.0,21.2,,
73966,113491,Shaman,Elemental,Farseer,DPS,EU,Ruby Life Pools,12,1,1317.2,227803,0,296.0,2026-08-22,0,-1,1324.0,21.2,,
57268,119392,Paladin,Protection,Lightsmith,Tank,US,Kings' Rest,3,1,1136.9,63585,0,306.0,2026-08-23,0,-1,1128.0,43.0,,
57268,121862,Priest,Holy,Oracle,Healer,US,Kings' Rest,3,1,1136.9,4600,0,299.0,2026-08-23,0,-1,1128.0,43.0,,
57268,121863,Mage,Arcane,Sunfury,DPS,US,Kings' Rest,3,1,1136.9,111544,0,300.0,2026-08-23,0,-1,1128.0,43.0,,
57268,119394,Warlock,Affliction,Soul Harvester,DPS,US,Kings' Rest,3,1,1136.9,88973,0,298.0,2026-08-23,0,-1,1128.0,43.0,,
57268,121864,Paladin,Retribution,Templar,DPS,US,Kings' Rest,3,1,1136.9,50071,0,270.0,2026-08-23,0,-1,1128.0,43.0,,
44614,92680,Monk,Brewmaster,Master of Harmony,Tank,EU,Temple of Sethraliss,2,1,1087.0,40362,0,293.0,2026-08-22,0,-1,,,,
44614,93813,Shaman,Restoration,Totemic,Healer,EU,Temple of Sethraliss,2,1,1087.0,9025,1,275.0,2026-08-22,0,-1,,,,
44614,92681,Warlock,Demonology,Diabolist,DPS,EU,Temple of Sethraliss,2,1,1087.0,120371,0,293.0,2026-08-22,0,-1,,,,
44614,93922,Warrior,Arms,Slayer,DPS,EU,Temple of Sethraliss,2,1,1087.0,130796,0,302.0,2026-08-22,0,-1,,,,
44614,93923,Mage,Arcane,Sunfury,DPS,EU,Temple of Sethraliss,2,1,1087.0,90334,0,299.0,2026-08-22,0,-1,,,,
85156,150213,Paladin,Protection,Templar,Tank,EU,Murder Row,2,1,1142.2,59837,0,293.0,2026-08-23,0,-1,,,1,
85156,150214,Priest,Discipline,Oracle,Healer,EU,Murder Row,2,1,1142.2,9569,0,296.0,2026-08-23,0,-1,,,1,
85156,150215,Hunter,Marksmanship,Dark Ranger,DPS,EU,Murder Row,2,1,1142.2,117201,0,291.0,2026-08-23,0,-1,,,1,
85156,150216,Paladin,Retribution,Herald of the Sun,DPS,EU,Murder Row,2,1,1142.2,95824,0,278.0,2026-08-23,0,-1,,,,
85156,150217,Mage,Arcane,Sunfury,DPS,EU,Murder Row,2,1,1142.2,109987,0,294.0,2026-08-23,0,-1,,,,
50832,107885,DemonHunter,Vengeance,Annihilator,Tank,EU,The Blinding Vale,10,1,997.6,75628,0,285.0,2026-08-22,0,-1,990.0,45.0,,
50832,50073,Paladin,Holy,Lightsmith,Healer,EU,The Blinding Vale,10,1,997.6,66700,0,312.0,2026-08-22,0,-1,990.0,45.0,,
50832,52650,Mage,Arcane,Sunfury,DPS,EU,The Blinding Vale,10,1,997.6,288219,0,308.0,2026-08-22,0,-1,990.0,45.0,,
50832,52651,Hunter,BeastMastery,Pack Leader,DPS,EU,The Blinding Vale,10,1,997.6,213440,0,306.0,2026-08-22,0,-1,990.0,45.0,,
50832,52649,Mage,Arcane,Sunfury,DPS,EU,The Blinding Vale,10,1,997.6,274498,0,307.0,2026-08-22,0,-1,990.0,45.0,,
70698,5770,DeathKnight,Blood,San'layn,Tank,US,Altar of Fangs,13,1,1520.6,169032,0,306.0,2026-08-22,0,-1,1602.0,11.0,,
70698,4384,Shaman,Restoration,Totemic,Healer,US,Altar of Fangs,13,1,1520.6,23663,0,309.0,2026-08-22,0,-1,1602.0,11.0,,
70698,139520,DemonHunter,Devourer,Annihilator,DPS,US,Altar of Fangs,13,1,1520.6,247874,4,306.0,2026-08-22,0,-1,1602.0,11.0,,
70698,140726,Paladin,Retribution,Templar,DPS,US,Altar of Fangs,13,1,1520.6,255082,2,299.0,2026-08-22,0,-1,1602.0,11.0,,
70698,591,Monk,Windwalker,Shado-Pan,DPS,US,Altar of Fangs,13,1,1520.6,215920,0,304.0,2026-08-22,0,-1,1602.0,11.0,,
71272,141060,DeathKnight,Blood,San'layn,Tank,CN,Kings' Rest,13,1,1605.6,91264,0,306.0,2026-08-22,0,-1,1612.0,18.6,,
71272,141061,Paladin,Holy,Lightsmith,Healer,CN,Kings' Rest,13,1,1605.6,17147,1,300.0,2026-08-22,0,-1,1612.0,18.6,,
71272,141062,Paladin,Retribution,Herald of the Sun,DPS,CN,Kings' Rest,13,1,1605.6,146921,0,308.0,2026-08-22,0,-1,1612.0,18.6,,
71272,141063,Shaman,Elemental,Farseer,DPS,CN,Kings' Rest,13,1,1605.6,150405,0,304.0,2026-08-22,0,-1,1612.0,18.6,,
71272,56015,Mage,Arcane,Sunfury,DPS,CN,Kings' Rest,13,1,1605.6,205347,0,305.0,2026-08-22,0,-1,1612.0,18.6,,
2151,956,Paladin,Protection,Lightsmith,Tank,US,Voidscar Arena,10,1,1342.6,92360,2,296.0,2026-08-19,0,-1,1369.0,24.0,,
2151,957,Paladin,Holy,Herald of the Sun,Healer,US,Voidscar Arena,10,1,1342.6,9336,1,293.0,2026-08-19,0,-1,1369.0,24.0,,
2151,959,Shaman,Elemental,Farseer,DPS,US,Voidscar Arena,10,1,1342.6,192376,1,293.0,2026-08-19,0,-1,1369.0,24.0,,3124
2151,958,Mage,Arcane,Sunfury,DPS,US,Voidscar Arena,10,1,1342.6,182237,2,294.0,2026-08-19,0,-1,1369.0,24.0,,3013
2151,960,Mage,Arcane,Sunfury,DPS,US,Voidscar Arena,10,1,1342.6,204865,1,295.0,2026-08-19,0,-1,1369.0,24.0,,3057
69902,22030,DeathKnight,Blood,San'layn,Tank,EU,Murder Row,12,1,1455.3,117220,0,307.0,2026-08-21,0,-1,1447.0,29.1,,
69902,22031,Shaman,Restoration,Totemic,Healer,EU,Murder Row,12,1,1455.3,32067,0,302.0,2026-08-21,0,-1,1447.0,29.1,,
69902,22032,Mage,Arcane,Sunfury,DPS,EU,Murder Row,12,1,1455.3,188606,0,306.0,2026-08-21,0,-1,1447.0,29.1,,
69902,140144,Rogue,Subtlety,Deathstalker,DPS,EU,Murder Row,12,1,1455.3,214018,0,303.0,2026-08-21,0,-1,1447.0,29.1,,
69902,15634,Warrior,Fury,Slayer,DPS,EU,Murder Row,12,1,1455.3,214039,0,307.0,2026-08-21,0,-1,1447.0,29.1,,
64024,53743,DemonHunter,Vengeance,Annihilator,Tank,EU,Murder Row,13,1,1501.9,136804,0,306.0,2026-08-21,0,-1,1494.0,26.8,,
64024,15032,Monk,Mistweaver,Conduit of the Celestials,Healer,EU,Murder Row,13,1,1501.9,44153,0,301.0,2026-08-21,0,-1,1494.0,26.8,,
64024,14437,Warlock,Affliction,Soul Harvester,DPS,EU,Murder Row,13,1,1501.9,238512,0,309.0,2026-08-21,0,-1,1494.0,26.8,,
64024,60228,Hunter,BeastMastery,Pack Leader,DPS,EU,Murder Row,13,1,1501.9,225659,0,309.0,2026-08-21,0,-1,1494.0,26.8,,
64024,14439,Evoker,Augmentation,Scalecommander,DPS,EU,Murder Row,13,1,1501.9,190714,0,308.0,2026-08-21,0,-1,1494.0,26.8,,
51761,109985,Warrior,Protection,Mountain Thane,Tank,EU,Ruby Life Pools,10,1,1030.1,130275,0,304.0,2026-08-22,0,-1,1027.0,38.9,,
51761,109986,Shaman,Restoration,Totemic,Healer,EU,Ruby Life Pools,10,1,1030.1,19443,1,291.0,2026-08-22,0,-1,1027.0,38.9,,
51761,14011,Rogue,Outlaw,Trickster,DPS,EU,Ruby Life Pools,10,1,1030.1,258396,0,308.0,2026-08-22,0,-1,1027.0,38.9,,3242
51761,56327,Hunter,Marksmanship,Sentinel,DPS,EU,Ruby Life Pools,10,1,1030.1,193453,0,305.0,2026-08-22,0,-1,1027.0,38.9,,
51761,109987,Hunter,Marksmanship,Sentinel,DPS,EU,Ruby Life Pools,10,1,1030.1,171273,0,299.0,2026-08-22,0,-1,1027.0,38.9,,
66826,66223,Druid,Guardian,Elune's Chosen,Tank,EU,Kings' Rest,13,1,1676.3,72161,0,311.0,2026-08-23,0,-1,,,,
66826,89072,Shaman,Restoration,Totemic,Healer,EU,Kings' Rest,13,1,1676.3,29436,0,312.0,2026-08-23,0,-1,,,,
66826,46739,Mage,Arcane,Sunfury,DPS,EU,Kings' Rest,13,1,1676.3,181708,1,306.0,2026-08-23,0,-1,,,,
66826,42858,Hunter,Survival,Sentinel,DPS,EU,Kings' Rest,13,1,1676.3,153723,0,304.0,2026-08-23,0,-1,,,,
66826,46741,Warrior,Arms,Slayer,DPS,EU,Kings' Rest,13,1,1676.3,152209,1,306.0,2026-08-23,0,-1,,,,
18127,37199,Warrior,Protection,Mountain Thane,Tank,US,Altar of Fangs,8,1,1208.8,122303,1,293.0,2026-08-19,0,-1,1215.0,32.5,,
18127,37200,Paladin,Holy,Herald of the Sun,Healer,US,Altar of Fangs,8,1,1208.8,11814,1,294.0,2026-08-19,0,-1,1215.0,32.5,,
18127,40185,Warlock,Demonology,Diabolist,DPS,US,Altar of Fangs,8,1,1208.8,193023,0,299.0,2026-08-19,0,-1,1215.0,32.5,,
18127,37202,Hunter,BeastMastery,Pack Leader,DPS,US,Altar of Fangs,8,1,1208.8,161968,0,295.0,2026-08-19,0,-1,1215.0,32.5,,
18127,37201,Paladin,Retribution,Herald of the Sun,DPS,US,Altar of Fangs,8,1,1208.8,194385,1,296.0,2026-08-19,0,-1,1215.0,32.5,,
40844,6472,Paladin,Protection,Lightsmith,Tank,US,Temple of Sethraliss,15,1,1740.8,143376,0,303.0,2026-08-20,0,-1,1747.0,9.0,,3364
40844,6680,Shaman,Restoration,Totemic,Healer,US,Temple of Sethraliss,15,1,1740.8,32426,0,304.0,2026-08-20,0,-1,1747.0,9.0,,3400
40844,6473,Mage,Arcane,Sunfury,DPS,US,Temple of Sethraliss,15,1,1740.8,256442,0,298.0,2026-08-20,0,-1,1747.0,9.0,,3391
40844,6474,DemonHunter,Devourer,Void-Scarred,DPS,US,Temple of Sethraliss,15,1,1740.8,279826,1,309.0,2026-08-20,0,-1,1747.0,9.0,,3365
40844,6475,Evoker,Augmentation,Chronowarden,DPS,US,Temple of Sethraliss,15,1,1740.8,196266,0,299.0,2026-08-20,0,-1,1747.0,9.0,,3226
83503,113470,DeathKnight,Blood,San'layn,Tank,EU,Temple of Sethraliss,10,1,1087.0,162952,0,305.0,2026-08-23,0,-1,1079.0,43.8,1,
83503,147560,Paladin,Holy,Herald of the Sun,Healer,EU,Temple of Sethraliss,10,1,1087.0,14290,0,289.0,2026-08-23,0,-1,1079.0,43.8,,
83503,107622,Warrior,Arms,Slayer,DPS,EU,Temple of Sethraliss,10,1,1087.0,231529,0,304.0,2026-08-23,0,-1,1079.0,43.8,0,
83503,147561,Druid,Balance,Elune's Chosen,DPS,EU,Temple of Sethraliss,10,1,1087.0,168572,0,296.0,2026-08-23,0,-1,1079.0,43.8,2,
83503,113472,Shaman,Elemental,Farseer,DPS,EU,Temple of Sethraliss,10,1,1087.0,245575,0,303.0,2026-08-23,0,-1,1079.0,43.8,2,
15348,23594,DeathKnight,Blood,San'layn,Tank,EU,Ruby Life Pools,5,1,781.7,109828,0,300.0,2026-08-19,0,-1,773.0,54.0,,
15348,23595,Evoker,Preservation,Flameshaper,Healer,EU,Ruby Life Pools,5,1,781.7,42006,0,300.0,2026-08-19,0,-1,773.0,54.0,,
15348,32425,DeathKnight,Frost,Deathbringer,DPS,EU,Ruby Life Pools,5,1,781.7,120505,0,292.0,2026-08-19,0,-1,773.0,54.0,,
15348,32426,Rogue,Assassination,Deathstalker,DPS,EU,Ruby Life Pools,5,1,781.7,148240,0,272.0,2026-08-19,0,-1,773.0,54.0,,
15348,23597,DemonHunter,Devourer,Annihilator,DPS,EU,Ruby Life Pools,5,1,781.7,205631,0,293.0,2026-08-19,0,-1,773.0,54.0,,
38327,82313,DeathKnight,Blood,San'layn,Tank,EU,Temple of Sethraliss,5,1,1101.4,55727,0,280.0,2026-08-22,0,-1,,,,
38327,30962,Paladin,Holy,Herald of the Sun,Healer,EU,Temple of Sethraliss,5,1,1101.4,14922,0,286.0,2026-08-22,0,-1,,,,
38327,30965,DemonHunter,Devourer,Annihilator,DPS,EU,Temple of Sethraliss,5,1,1101.4,146442,0,293.0,2026-08-22,0,-1,,,,
38327,82314,Mage,Arcane,Sunfury,DPS,EU,Temple of Sethraliss,5,1,1101.4,119971,0,300.0,2026-08-22,0,-1,,,,
38327,82315,Hunter,BeastMastery,Pack Leader,DPS,EU,Temple of Sethraliss,5,1,1101.4,136811,0,295.0,2026-08-22,0,-1,,,,
5007,160,DeathKnight,Blood,San'layn,Tank,US,The Blinding Vale,10,1,1469.4,167665,0,300.0,2026-08-19,0,-1,1471.0,18.3,,3127
5007,5567,Shaman,Restoration,Totemic,Healer,US,The Blinding Vale,10,1,1469.4,26263,0,296.0,2026-08-19,0,-1,1471.0,18.3,,
5007,11036,Monk,Windwalker,Shado-Pan,DPS,US,The Blinding Vale,10,1,1469.4,191687,1,300.0,2026-08-19,0,-1,1471.0,18.3,,
5007,8039,Rogue,Assassination,Deathstalker,DPS,US,The Blinding Vale,10,1,1469.4,169753,1,292.0,2026-08-19,0,-1,1471.0,18.3,,3066
5007,11037,Evoker,Augmentation,Scalecommander,DPS,US,The Blinding Vale,10,1,1469.4,140131,0,295.0,2026-08-19,0,-1,1471.0,18.3,,
87031,153125,DeathKnight,Blood,San'layn,Tank,EU,Temple of Sethraliss,11,1,1228.1,112006,0,307.0,2026-08-24,0,-1,1235.0,35.7,,
87031,42506,Priest,Holy,Oracle,Healer,EU,Temple of Sethraliss,11,1,1228.1,19790,0,303.0,2026-08-24,0,-1,1235.0,35.7,2,
87031,153126,Warrior,Arms,Slayer,DPS,EU,Temple of Sethraliss,11,1,1228.1,202848,2,308.0,2026-08-24,0,-1,1235.0,35.7,,
87031,32529,Shaman,Elemental,Farseer,DPS,EU,Temple of Sethraliss,11,1,1228.1,284680,0,309.0,2026-08-24,0,-1,1235.0,35.7,4,
87031,153127,DeathKnight,Unholy,Rider of the Apocalypse,DPS,EU,Temple of Sethraliss,11,1,1228.1,204650,0,307.0,2026-08-24,0,-1,1235.0,35.7,4,
1552,3336,DeathKnight,Blood,San'layn,Tank,US,Voidscar Arena,12,1,1681.8,113245,0,297.0,2026-08-19,0,-1,1718.0,4.5,,
1552,3337,Druid,Restoration,Wildstalker,Healer,US,Voidscar Arena,12,1,1681.8,10300,1,300.0,2026-08-19,0,-1,1718.0,4.5,,
1552,4319,Warrior,Arms,Slayer,DPS,US,Voidscar Arena,12,1,1681.8,167029,1,290.0,2026-08-19,0,-1,1718.0,4.5,,
1552,3339,DemonHunter,Devourer,Annihilator,DPS,US,Voidscar Arena,12,1,1681.8,182667,1,300.0,2026-08-19,0,-1,1718.0,4.5,,
1552,4320,Evoker,Augmentation,Chronowarden,DPS,US,Voidscar Arena,12,1,1681.8,118853,0,296.0,2026-08-19,0,-1,1718.0,4.5,,
23961,53003,Paladin,Protection,Lightsmith,Tank,EU,Temple of Sethraliss,10,1,1153.3,90338,0,308.0,2026-08-21,0,-1,1149.0,40.1,,
23961,53004,Monk,Mistweaver,Conduit of the Celestials,Healer,EU,Temple of Sethraliss,10,1,1153.3,36790,1,296.0,2026-08-21,0,-1,1149.0,40.1,,
23961,15114,Hunter,BeastMastery,Pack Leader,DPS,EU,Temple of Sethraliss,10,1,1153.3,237015,0,310.0,2026-08-21,0,-1,1149.0,40.1,,
23961,53005,Hunter,BeastMastery,Pack Leader,DPS,EU,Temple of Sethraliss,10,1,1153.3,205978,0,305.0,2026-08-21,0,-1,1149.0,40.1,,
23961,53006,Shaman,Enhancement,Stormbringer,DPS,EU,Temple of Sethraliss,10,1,1153.3,209217,0,306.0,2026-08-21,0,-1,1149.0,40.1,,
59465,127231,Paladin,Protection,Lightsmith,Tank,EU,The Blinding Vale,2,1,805.5,102390,0,301.0,2026-08-22,0,-1,,,,
59465,127232,Monk,Mistweaver,Conduit of the Celestials,Healer,EU,The Blinding Vale,2,1,805.5,15586,0,255.0,2026-08-22,0,-1,,,,
59465,127233,Warrior,Arms,Slayer,DPS,EU,The Blinding Vale,2,1,805.5,156769,0,301.0,2026-08-22,0,-1,,,,
59465,127234,DemonHunter,Devourer,Annihilator,DPS,EU,The Blinding Vale,2,1,805.5,124839,0,298.0,2026-08-22,0,-1,,,,
59465,127235,Shaman,Elemental,Farseer,DPS,EU,The Blinding Vale,2,1,805.5,189473,0,293.0,2026-08-22,0,-1,,,,
46682,98467,Paladin,Protection,Lightsmith,Tank,EU,Murder Row,5,1,1087.7,66403,0,302.0,2026-08-22,0,-1,,,,
46682,67599,Shaman,Restoration,Totemic,Healer,EU,Murder Row,5,1,1087.7,24213,0,306.0,2026-08-22,0,-1,,,,
46682,98637,DeathKnight,Frost,Deathbringer,DPS,EU,Murder Row,5,1,1087.7,97621,0,296.0,2026-08-22,0,-1,,,,
46682,98638,Mage,Frost,Spellslinger,DPS,EU,Murder Row,5,1,1087.7,102260,1,290.0,2026-08-22,0,-1,,,,
46682,45030,Paladin,Retribution,Herald of the Sun,DPS,EU,Murder Row,5,1,1087.7,199420,0,306.0,2026-08-22,0,-1,,,,
12842,17416,DeathKnight,Blood,San'layn,Tank,EU,Altar of Fangs,11,1,1605.4,125979,0,296.0,2026-08-19,0,-1,1607.0,10.7,,
12842,25060,Priest,Holy,Oracle,Healer,EU,Altar of Fangs,11,1,1605.4,3894,0,291.0,2026-08-19,0,-1,1607.0,10.7,,
12842,25061,Shaman,Elemental,Farseer,DPS,EU,Altar of Fangs,11,1,1605.4,193667,1,300.0,2026-08-19,0,-1,1607.0,10.7,,
12842,17210,Paladin,Retribution,Templar,DPS,EU,Altar of Fangs,11,1,1605.4,214781,0,293.0,2026-08-19,0,-1,1607.0,10.7,,
12842,17419,Mage,Arcane,Sunfury,DPS,EU,Altar of Fangs,11,1,1605.4,172186,1,289.0,2026-08-19,0,-1,1607.0,10.7,,
57210,51929,Paladin,Protection,Lightsmith,Tank,US,Den of Nalorakk,14,0,1996.1,82375,2,304.0,2026-08-23,0,-1,,,,
57210,120840,Shaman,Restoration,Totemic,Healer,US,Den of Nalorakk,14,0,1996.1,25840,4,302.0,2026-08-23,0,-1,,,,
57210,44547,DemonHunter,Devourer,Void-Scarred,DPS,US,Den of Nalorakk,14,0,1996.1,188638,2,309.0,2026-08-23,0,-1,,,,
57210,120841,Mage,Arcane,Sunfury,DPS,US,Den of Nalorakk,14,0,1996.1,191609,5,303.0,2026-08-23,0,-1,,,,
57210,1886,Priest,Shadow,Archon,DPS,US,Den of Nalorakk,14,0,1996.1,182194,2,308.0,2026-08-23,0,-1,,,,
877,1345,Druid,Guardian,Elune's Chosen,Tank,US,Voidscar Arena,10,1,1308.7,88484,0,295.0,2026-08-19,0,-1,1310.0,27.2,,
877,2967,Paladin,Holy,Herald of the Sun,Healer,US,Voidscar Arena,10,1,1308.7,16271,0,293.0,2026-08-19,0,-1,1310.0,27.2,,
877,1349,DeathKnight,Unholy,Rider of the Apocalypse,DPS,US,Voidscar Arena,10,1,1308.7,187699,0,298.0,2026-08-19,0,-1,1310.0,27.2,,
877,1347,Mage,Arcane,Spellslinger,DPS,US,Voidscar Arena,10,1,1308.7,165434,1,297.0,2026-08-19,0,-1,1310.0,27.2,,
877,1348,DemonHunter,Devourer,Void-Scarred,DPS,US,Voidscar Arena,10,1,1308.7,182814,1,299.0,2026-08-19,0,-1,1310.0,27.2,,
39586,84692,DemonHunter,Vengeance,Annihilator,Tank,US,Murder Row,4,1,1224.6,71572,0,295.0,2026-08-21,0,-1,1216.0,40.4,,
39586,84693,Paladin,Holy,Herald of the Sun,Healer,US,Murder Row,4,1,1224.6,17941,0,299.0,2026-08-21,0,-1,1216.0,40.4,,
39586,84694,Warrior,Arms,Slayer,DPS,US,Murder Row,4,1,1224.6,104330,0,291.0,2026-08-21,0,-1,1216.0,40.4,,
39586,84695,Mage,Arcane,Sunfury,DPS,US,Murder Row,4,1,1224.6,96868,1,288.0,2026-08-21,0,-1,1216.0,40.4,,
39586,84696,DemonHunter,Devourer,Void-Scarred,DPS,US,Murder Row,4,1,1224.6,118861,0,295.0,2026-08-21,0,-1,1216.0,40.4,,
76974,71559,Paladin,Protection,Lightsmith,Tank,CN,Ruby Life Pools,15,1,1600.8,126500,1,310.0,2026-08-23,0,-1,1638.0,2.5,,
76974,71560,Shaman,Restoration,Totemic,Healer,CN,Ruby Life Pools,15,1,1600.8,26633,0,305.0,2026-08-23,0,-1,1638.0,2.5,,
76974,71563,Rogue,Assassination,Deathstalker,DPS,CN,Ruby Life Pools,15,1,1600.8,211028,1,303.0,2026-08-23,0,-1,1638.0,2.5,,
76974,78890,Warrior,Arms,Slayer,DPS,CN,Ruby Life Pools,15,1,1600.8,208524,0,299.0,2026-08-23,0,-1,1638.0,2.5,,
76974,139377,Mage,Arcane,Sunfury,DPS,CN,Ruby Life Pools,15,1,1600.8,227888,1,304.0,2026-08-23,0,-1,1638.0,2.5,,
42365,89186,Monk,Brewmaster,Master of Harmony,Tank,US,The Blinding Vale,6,1,1077.8,81773,0,289.0,2026-08-22,0,-1,1074.0,40.3,,
42365,89187,Priest,Discipline,Oracle,Healer,US,The Blinding Vale,6,1,1077.8,10346,1,286.0,2026-08-22,0,-1,1074.0,40.3,,
42365,89438,Paladin,Retribution,Templar,DPS,US,The Blinding Vale,6,1,1077.8,153529,0,302.0,2026-08-22,0,-1,1074.0,40.3,,
42365,89439,Warlock,Demonology,Diabolist,DPS,US,The Blinding Vale,6,1,1077.8,130338,0,299.0,2026-08-22,0,-1,1074.0,40.3,,
42365,74266,Shaman,Elemental,Farseer,DPS,US,The Blinding Vale,6,1,1077.8,173858,0,290.0,2026-08-22,0,-1,1074.0,40.3,,
40128,39666,Druid,Guardian,Elune's Chosen,Tank,KR,Den of Nalorakk,11,1,1412.1,107792,0,302.0,2026-08-21,0,-1,1413.0,26.4,,
40128,39667,Evoker,Preservation,Flameshaper,Healer,KR,Den of Nalorakk,11,1,1412.1,43487,0,300.0,2026-08-21,0,-1,1413.0,26.4,,
40128,47881,Warrior,Arms,Slayer,DPS,KR,Den of Nalorakk,11,1,1412.1,149516,2,293.0,2026-08-21,0,-1,1413.0,26.4,,
40128,85659,Mage,Arcane,Sunfury,DPS,KR,Den of Nalorakk,11,1,1412.1,161369,0,297.0,2026-08-21,0,-1,1413.0,26.4,,
40128,85660,DeathKnight,Unholy,Rider of the Apocalypse,DPS,KR,Den of Nalorakk,11,1,1412.1,186591,0,294.0,2026-08-21,0,-1,1413.0,26.4,,
8197,13289,DeathKnight,Blood,San'layn,Tank,EU,Temple of Sethraliss,13,1,1660.8,132515,0,294.0,2026-08-19,0,-1,1728.0,10.0,,3061
8197,13290,Paladin,Holy,Herald of the Sun,Healer,EU,Temple of Sethraliss,13,1,1660.8,33176,0,296.0,2026-08-19,0,-1,1728.0,10.0,,3061
8197,13293,Shaman,Elemental,Farseer,DPS,EU,Temple of Sethraliss,13,1,1660.8,190740,1,292.0,2026-08-19,0,-1,1728.0,10.0,,3061
8197,13291,DemonHunter,Devourer,Annihilator,DPS,EU,Temple of Sethraliss,13,1,1660.8,222578,1,296.0,2026-08-19,0,-1,1728.0,10.0,,3061
8197,13292,Druid,Balance,Elune's Chosen,DPS,EU,Temple of Sethraliss,13,1,1660.8,172948,3,299.0,2026-08-19,0,-1,1728.0,10.0,,3049
87439,153835,DeathKnight,Blood,Deathbringer,Tank,KR,Ruby Life Pools,2,1,951.0,63819,0,297.0,2026-08-24,0,-1,943.0,43.9,0,
87439,153836,Shaman,Restoration,Totemic,Healer,KR,Ruby Life Pools,2,1,951.0,22878,0,285.0,2026-08-24,0,-1,943.0,43.9,0,
87439,153837,Hunter,BeastMastery,Pack Leader,DPS,KR,Ruby Life Pools,2,1,951.0,119397,0,295.0,2026-08-24,0,-1,943.0,43.9,1,
87439,153838,Mage,Arcane,Sunfury,DPS,KR,Ruby Life Pools,2,1,951.0,94239,0,280.0,2026-08-24,0,-1,943.0,43.9,,
87439,153839,Priest,Shadow,Voidweaver,DPS,KR,Ruby Life Pools,2,1,951.0,123529,0,289.0,2026-08-24,0,-1,943.0,43.9,0,
71998,91277,Warrior,Protection,Mountain Thane,Tank,US,Temple of Sethraliss,14,1,1729.4,130756,2,306.0,2026-08-21,0,-1,1766.0,8.0,,
71998,16041,Priest,Holy,Oracle,Healer,US,Temple of Sethraliss,14,1,1729.4,36713,0,304.0,2026-08-21,0,-1,1766.0,8.0,,
71998,38403,Shaman,Elemental,Farseer,DPS,US,Temple of Sethraliss,14,1,1729.4,224157,0,303.0,2026-08-21,0,-1,1766.0,8.0,,
71998,76445,DeathKnight,Unholy,San'layn,DPS,US,Temple of Sethraliss,14,1,1729.4,210075,1,301.0,2026-08-21,0,-1,1766.0,8.0,,
71998,11172,Rogue,Subtlety,Deathstalker,DPS,US,Temple of Sethraliss,14,1,1729.4,176596,0,304.0,2026-08-21,0,-1,1766.0,8.0,,
25832,53784,DeathKnight,Blood,Deathbringer,Tank,CN,Temple of Sethraliss,13,1,1634.9,116446,0,301.0,2026-08-20,0,-1,1687.0,12.1,,
25832,53785,Paladin,Holy,Lightsmith,Healer,CN,Temple of Sethraliss,13,1,1634.9,41213,2,297.0,2026-08-20,0,-1,1687.0,12.1,,
25832,53786,Shaman,Elemental,Farseer,DPS,CN,Temple of Sethraliss,13,1,1634.9,196322,0,309.0,2026-08-20,0,-1,1687.0,12.1,,
25832,53787,Mage,Arcane,Sunfury,DPS,CN,Temple of Sethraliss,13,1,1634.9,212115,1,303.0,2026-08-20,0,-1,1687.0,12.1,,
25832,53788,Warrior,Arms,Slayer,DPS,CN,Temple of Sethraliss,13,1,1634.9,190006,1,298.0,2026-08-20,0,-1,1687.0,12.1,,
75669,66583,DeathKnight,Blood,San'layn,Tank,EU,The Blinding Vale,12,1,1339.9,138477,0,310.0,2026-08-20,0,-1,1376.0,23.6,,
75669,13876,Shaman,Restoration,Totemic,Healer,EU,The Blinding Vale,12,1,1339.9,32071,1,298.0,2026-08-20,0,-1,1376.0,23.6,,
75669,44046,Rogue,Outlaw,Trickster,DPS,EU,The Blinding Vale,12,1,1339.9,223156,1,298.0,2026-08-20,0,-1,1376.0,23.6,,
75669,44045,Monk,Windwalker,Shado-Pan,DPS,EU,The Blinding Vale,12,1,1339.9,244616,0,307.0,2026-08-20,0,-1,1376.0,23.6,,
75669,71181,Hunter,BeastMastery,Pack Leader,DPS,EU,The Blinding Vale,12,1,1339.9,191418,1,299.0,2026-08-20,0,-1,1376.0,23.6,,
17178,37982,DeathKnight,Blood,Deathbringer,Tank,US,Murder Row,12,1,1681.2,107943,0,298.0,2026-08-19,0,-1,1733.0,15.0,,
17178,12826,Shaman,Restoration,Totemic,Healer,US,Murder Row,12,1,1681.2,18003,0,298.0,2026-08-19,0,-1,1733.0,15.0,,
17178,37983,Rogue,Subtlety,Trickster,DPS,US,Murder Row,12,1,1681.2,205352,1,300.0,2026-08-19,0,-1,1733.0,15.0,,
17178,37984,Druid,Balance,Elune's Chosen,DPS,US,Murder Row,12,1,1681.2,161180,3,297.0,2026-08-19,0,-1,1733.0,15.0,,
17178,12223,Warlock,Demonology,Diabolist,DPS,US,Murder Row,12,1,1681.2,212472,0,302.0,2026-08-19,0,-1,1733.0,15.0,,
16842,2854,DeathKnight,Blood,San'layn,Tank,US,The Blinding Vale,8,1,964.8,137823,0,287.0,2026-08-18,0,-1,956.0,46.9,,3203
16842,8446,Paladin,Holy,Lightsmith,Healer,US,The Blinding Vale,8,1,964.8,45545,0,293.0,2026-08-18,0,-1,956.0,46.9,,
16842,2856,Mage,Arcane,Spellslinger,DPS,US,The Blinding Vale,8,1,964.8,202576,0,290.0,2026-08-18,0,-1,956.0,46.9,,3158
16842,6387,Warrior,Fury,Slayer,DPS,US,The Blinding Vale,8,1,964.8,203496,0,294.0,2026-08-18,0,-1,956.0,46.9,,2962
16842,6733,Rogue,Subtlety,Deathstalker,DPS,US,The Blinding Vale,8,1,964.8,221292,0,293.0,2026-08-18,0,-1,956.0,46.9,,2799
37678,81132,DeathKnight,Blood,San'layn,Tank,CN,The Blinding Vale,11,1,1282.3,133017,0,304.0,2026-08-22,0,-1,1278.0,29.0,,
37678,81133,Shaman,Restoration,Totemic,Healer,CN,The Blinding Vale,11,1,1282.3,24527,0,299.0,2026-08-22,0,-1,1278.0,29.0,,
37678,81134,Warrior,Fury,Mountain Thane,DPS,CN,The Blinding Vale,11,1,1282.3,254157,0,305.0,2026-08-22,0,-1,1278.0,29.0,,
37678,81135,Hunter,BeastMastery,Pack Leader,DPS,CN,The Blinding Vale,11,1,1282.3,224996,0,302.0,2026-08-22,0,-1,1278.0,29.0,,
37678,81136,DemonHunter,Havoc,Fel-Scarred,DPS,CN,The Blinding Vale,11,1,1282.3,149641,1,292.0,2026-08-22,0,-1,1278.0,29.0,,
17786,39399,Paladin,Protection,Lightsmith,Tank,EU,Kings' Rest,7,1,1230.5,71177,0,284.0,2026-08-19,0,-1,1237.0,37.5,,
17786,39400,Shaman,Restoration,Totemic,Healer,EU,Kings' Rest,7,1,1230.5,18936,1,289.0,2026-08-19,0,-1,1237.0,37.5,,
17786,39401,Warrior,Fury,Mountain Thane,DPS,EU,Kings' Rest,7,1,1230.5,116791,2,293.0,2026-08-19,0,-1,1237.0,37.5,,
17786,39402,DemonHunter,Devourer,Void-Scarred,DPS,EU,Kings' Rest,7,1,1230.5,148783,0,291.0,2026-08-19,0,-1,1237.0,37.5,,
17786,39403,Paladin,Retribution,Templar,DPS,EU,Kings' Rest,7,1,1230.5,147219,0,295.0,2026-08-19,0,-1,1237.0,37.5,,
27958,13204,Druid,Guardian,Elune's Chosen,Tank,EU,Temple of Sethraliss,13,1,1624.2,100656,0,298.0,2026-08-20,0,-1,1616.0,15.8,,
27958,13205,Priest,Discipline,Oracle,Healer,EU,Temple of Sethraliss,13,1,1624.2,12143,0,297.0,2026-08-20,0,-1,1616.0,15.8,,
27958,13207,Paladin,Retribution,Herald of the Sun,DPS,EU,Temple of Sethraliss,13,1,1624.2,238275,0,303.0,2026-08-20,0,-1,1616.0,15.8,,
27958,52271,Warrior,Arms,Slayer,DPS,EU,Temple of Sethraliss,13,1,1624.2,208909,0,300.0,2026-08-20,0,-1,1616.0,15.8,,
27958,13206,Shaman,Enhancement,Stormbringer,DPS,EU,Temple of Sethraliss,13,1,1624.2,212918,0,300.0,2026-08-20,0,-1,1616.0,15.8,,
49473,104737,Warrior,Protection,Unknown,Tank,EU,Voidscar Arena,2,1,988.4,79897,0,289.0,2026-08-22,0,-1,,,,
49473,104738,Paladin,Holy,Unknown,Healer,EU,Voidscar Arena,2,1,988.4,9560,0,290.0,2026-08-22,0,-1,,,,
49473,104739,Shaman,Elemental,Unknown,DPS,EU,Voidscar Arena,2,1,988.4,79837,0,275.0,2026-08-22,0,-1,,,,
49473,104740,Mage,Arcane,Unknown,DPS,EU,Voidscar Arena,2,1,988.4,111903,0,281.0,2026-08-22,0,-1,,,,
49473,104741,Rogue,Assassination,Unknown,DPS,EU,Voidscar Arena,2,1,988.4,127491,0,293.0,2026-08-22,0,-1,,,,
41290,17446,Druid,Guardian,Elune's Chosen,Tank,EU,Murder Row,13,1,1830.3,130662,0,311.0,2026-08-21,0,-1,1896.0,7.0,,
41290,58938,Shaman,Restoration,Totemic,Healer,EU,Murder Row,13,1,1830.3,34228,2,306.0,2026-08-21,0,-1,1896.0,7.0,,
41290,17450,Hunter,Marksmanship,Sentinel,DPS,EU,Murder Row,13,1,1830.3,154051,1,307.0,2026-08-21,0,-1,1896.0,7.0,,
41290,17448,Warrior,Arms,Slayer,DPS,EU,Murder Row,13,1,1830.3,196615,1,313.0,2026-08-21,0,-1,1896.0,7.0,,
41290,40753,Mage,Arcane,Sunfury,DPS,EU,Murder Row,13,1,1830.3,224044,1,300.0,2026-08-21,0,-1,1896.0,7.0,,
63748,104940,DeathKnight,Blood,San'layn,Tank,EU,Kings' Rest,14,1,1646.4,103804,0,315.0,2026-08-23,0,-1,1653.0,16.5,,
63748,104941,Shaman,Restoration,Totemic,Healer,EU,Kings' Rest,14,1,1646.4,30497,0,311.0,2026-08-23,0,-1,1653.0,16.5,,
63748,104944,Warrior,Arms,Slayer,DPS,EU,Kings' Rest,14,1,1646.4,189124,0,311.0,2026-08-23,0,-1,1653.0,16.5,,
63748,104942,DemonHunter,Devourer,Annihilator,DPS,EU,Kings' Rest,14,1,1646.4,159171,0,311.0,2026-08-23,0,-1,1653.0,16.5,,
63748,104943,Monk,Windwalker,Shado-Pan,DPS,EU,Kings' Rest,14,1,1646.4,171879,1,313.0,2026-08-23,0,-1,1653.0,16.5,,
55951,118664,DeathKnight,Blood,San'layn,Tank,CN,Voidscar Arena,8,1,1015.5,119134,0,294.0,2026-08-22,0,-1,1017.0,43.5,,
55951,118762,Shaman,Restoration,Totemic,Healer,CN,Voidscar Arena,8,1,1015.5,20738,1,294.0,2026-08-22,0,-1,1017.0,43.5,,
55951,118763,Mage,Arcane,Sunfury,DPS,CN,Voidscar Arena,8,1,1015.5,157972,1,296.0,2026-08-22,0,-1,1017.0,43.5,,
55951,118666,Druid,Feral,Druid of the Claw,DPS,CN,Voidscar Arena,8,1,1015.5,193840,0,299.0,2026-08-22,0,-1,1017.0,43.5,,
55951,118667,Rogue,Subtlety,Deathstalker,DPS,CN,Voidscar Arena,8,1,1015.5,181700,0,293.0,2026-08-22,0,-1,1017.0,43.5,,
399,1597,Paladin,Protection,Lightsmith,Tank,US,Temple of Sethraliss,11,1,1595.9,82898,0,291.0,2026-08-19,0,-1,1592.0,17.1,,
399,1598,Priest,Holy,Oracle,Healer,US,Temple of Sethraliss,11,1,1595.9,13078,0,288.0,2026-08-19,0,-1,1592.0,17.1,,
399,1599,DeathKnight,Unholy,Rider of the Apocalypse,DPS,US,Temple of Sethraliss,11,1,1595.9,167806,0,292.0,2026-08-19,0,-1,1592.0,17.1,,
399,1600,Shaman,Enhancement,Stormbringer,DPS,US,Temple of Sethraliss,11,1,1595.9,179392,0,295.0,2026-08-19,0,-1,1592.0,17.1,,
399,1601,Warlock,Demonology,Diabolist,DPS,US,Temple of Sethraliss,11,1,1595.9,196225,1,295.0,2026-08-19,0,-1,1592.0,17.1,,
1533,1790,DeathKnight,Blood,San'layn,Tank,US,Voidscar Arena,10,1,1313.6,111005,1,297.0,2026-08-19,0,-1,1345.0,25.3,,2844
1533,4278,Paladin,Holy,Herald of the Sun,Healer,US,Voidscar Arena,10,1,1313.6,9711,2,292.0,2026-08-19,0,-1,1345.0,25.3,,
1533,1792,DemonHunter,Devourer,Annihilator,DPS,US,Voidscar Arena,10,1,1313.6,188865,2,294.0,2026-08-19,0,-1,1345.0,25.3,,2754
1533,1793,Rogue,Subtlety,Deathstalker,DPS,US,Voidscar Arena,10,1,1313.6,214393,1,296.0,2026-08-19,0,-1,1345.0,25.3,,
1533,1794,Hunter,Marksmanship,Sentinel,DPS,US,Voidscar Arena,10,1,1313.6,171692,2,292.0,2026-08-19,0,-1,1345.0,25.3,,2734
60403,129360,Warrior,Protection,Mountain Thane,Tank,US,Voidscar Arena,8,1,1001.6,86500,0,290.0,2026-08-23,0,-1,993.0,44.8,,
60403,129361,Shaman,Restoration,Totemic,Healer,US,Voidscar Arena,8,1,1001.6,21809,0,302.0,2026-08-23,0,-1,993.0,44.8,,
60403,39495,DemonHunter,Devourer,Void-Scarred,DPS,US,Voidscar Arena,8,1,1001.6,186554,0,311.0,2026-08-23,0,-1,993.0,44.8,,
60403,129362,Warrior,Arms,Slayer,DPS,US,Voidscar Arena,8,1,1001.6,157980,0,306.0,2026-08-23,0,-1,993.0,44.8,,
60403,41060,DeathKnight,Unholy,Rider of the Apocalypse,DPS,US,Voidscar Arena,8,1,1001.6,173898,0,304.0,2026-08-23,0,-1,993.0,44.8,,
35357,76422,Warrior,Protection,Mountain Thane,Tank,CN,Murder Row,12,1,1528.7,102262,1,299.0,2026-08-21,0,-1,1610.0,21.1,,
35357,53713,Paladin,Holy,Lightsmith,Healer,CN,Murder Row,12,1,1528.7,29878,2,304.0,2026-08-21,0,-1,1610.0,21.1,,
35357,46510,Mage,Arcane,Sunfury,DPS,CN,Murder Row,12,1,1528.7,251558,0,312.0,2026-08-21,0,-1,1610.0,21.1,,
35357,75004,Rogue,Subtlety,Deathstalker,DPS,CN,Murder Row,12,1,1528.7,185071,1,299.0,2026-08-21,0,-1,1610.0,21.1,,
35357,76423,Mage,Arcane,Sunfury,DPS,CN,Murder Row,12,1,1528.7,202575,2,306.0,2026-08-21,0,-1,1610.0,21.1,,
75482,71105,DeathKnight,Blood,San'layn,Tank,EU,Altar of Fangs,14,1,1724.5,140373,0,312.0,2026-08-21,0,-1,1731.0,3.8,,
75482,75968,Shaman,Restoration,Totemic,Healer,EU,Altar of Fangs,14,1,1724.5,37149,0,302.0,2026-08-21,0,-1,1731.0,3.8,,
75482,49351,Druid,Balance,Elune's Chosen,DPS,EU,Altar of Fangs,14,1,1724.5,237105,0,305.0,2026-08-21,0,-1,1731.0,3.8,,
75482,71106,Warrior,Arms,Slayer,DPS,EU,Altar of Fangs,14,1,1724.5,264508,0,309.0,2026-08-21,0,-1,1731.0,3.8,,
75482,59452,Paladin,Retribution,Templar,DPS,EU,Altar of Fangs,14,1,1724.5,213687,1,301.0,2026-08-21,0,-1,1731.0,3.8,,
42506,66225,DeathKnight,Blood,San'layn,Tank,EU,Ruby Life Pools,10,1,1018.1,145106,0,303.0,2026-08-20,0,-1,1018.0,39.4,,
42506,89631,Priest,Discipline,Oracle,Healer,EU,Ruby Life Pools,10,1,1018.1,16371,1,298.0,2026-08-20,0,-1,1018.0,39.4,,
42506,68054,Rogue,Subtlety,Deathstalker,DPS,EU,Ruby Life Pools,10,1,1018.1,222874,0,302.0,2026-08-20,0,-1,1018.0,39.4,,
42506,68052,Paladin,Retribution,Herald of the Sun,DPS,EU,Ruby Life Pools,10,1,1018.1,235742,0,303.0,2026-08-20,0,-1,1018.0,39.4,,
42506,68053,Hunter,Marksmanship,Sentinel,DPS,EU,Ruby Life Pools,10,1,1018.1,251172,0,303.0,2026-08-20,0,-1,1018.0,39.4,,
61190,131204,DeathKnight,Blood,Deathbringer,Tank,EU,Voidscar Arena,2,1,1075.7,79443,0,287.0,2026-08-23,0,-1,,,,
61190,131205,Shaman,Restoration,Totemic,Healer,EU,Voidscar Arena,2,1,1075.7,22379,1,294.0,2026-08-23,0,-1,,,,
61190,131206,Rogue,Assassination,Deathstalker,DPS,EU,Voidscar Arena,2,1,1075.7,79020,2,273.0,2026-08-23,0,-1,,,,
61190,131207,Warrior,Arms,Slayer,DPS,EU,Voidscar Arena,2,1,1075.7,73679,1,269.0,2026-08-23,0,-1,,,,
61190,131208,Monk,Windwalker,Shado-Pan,DPS,EU,Voidscar Arena,2,1,1075.7,102671,1,293.0,2026-08-23,0,-1,,,,
78962,44653,DeathKnight,Blood,Deathbringer,Tank,CN,Den of Nalorakk,14,1,1822.9,99585,0,311.0,2026-08-23,0,-1,1830.0,4.7,,
78962,145170,Monk,Mistweaver,Conduit of the Celestials,Healer,CN,Den of Nalorakk,14,1,1822.9,36831,1,301.0,2026-08-23,0,-1,1830.0,4.7,,
78962,93363,Shaman,Enhancement,Stormbringer,DPS,CN,Den of Nalorakk,14,1,1822.9,169993,0,308.0,2026-08-23,0,-1,1830.0,4.7,,
78962,94127,Druid,Feral,Druid of the Claw,DPS,CN,Den of Nalorakk,14,1,1822.9,203875,0,311.0,2026-08-23,0,-1,1830.0,4.7,,
78962,145171,Mage,Arcane,Sunfury,DPS,CN,Den of Nalorakk,14,1,1822.9,155848,0,301.0,2026-08-23,0,-1,1830.0,4.7,,
66207,79724,DeathKnight,Blood,San'layn,Tank,US,Voidscar Arena,14,1,1719.2,103147,0,305.0,2026-08-23,0,-1,1726.0,4.1,,
66207,59307,Priest,Holy,Oracle,Healer,US,Voidscar Arena,14,1,1719.2,20217,0,312.0,2026-08-23,0,-1,1726.0,4.1,,
66207,138016,Mage,Arcane,Sunfury,DPS,US,Voidscar Arena,14,1,1719.2,172429,1,307.0,2026-08-23,0,-1,1726.0,4.1,,
66207,23925,Paladin,Retribution,Herald of the Sun,DPS,US,Voidscar Arena,14,1,1719.2,223306,0,313.0,2026-08-23,0,-1,1726.0,4.1,,
66207,138017,Druid,Balance,Elune's Chosen,DPS,US,Voidscar Arena,14,1,1719.2,184994,0,303.0,2026-08-23,0,-1,1726.0,4.1,,
79671,139657,DeathKnight,Blood,San'layn,Tank,EU,Voidscar Arena,14,1,1664.7,110331,0,310.0,2026-08-22,0,-1,1700.0,5.6,,
79671,96041,Paladin,Holy,Herald of the Sun,Healer,EU,Voidscar Arena,14,1,1664.7,24124,2,307.0,2026-08-22,0,-1,1700.0,5.6,,
79671,35134,Priest,Shadow,Archon,DPS,EU,Voidscar Arena,14,1,1664.7,189896,0,308.0,2026-08-22,0,-1,1700.0,5.6,,
79671,30891,Mage,Arcane,Sunfury,DPS,EU,Voidscar Arena,14,1,1664.7,187841,1,306.0,2026-08-22,0,-1,1700.0,5.6,,
79671,75694,Warrior,Arms,Slayer,DPS,EU,Voidscar Arena,14,1,1664.7,178012,0,306.0,2026-08-22,0,-1,1700.0,5.6,,
80038,49427,DeathKnight,Blood,San'layn,Tank,EU,Kings' Rest,13,1,1684.0,93287,0,300.0,2026-08-21,0,-1,1675.0,15.4,,
80038,66658,Monk,Mistweaver,Conduit of the Celestials,Healer,EU,Kings' Rest,13,1,1684.0,34776,0,307.0,2026-08-21,0,-1,1675.0,15.4,,
80038,19947,Mage,Frost,Spellslinger,DPS,EU,Kings' Rest,13,1,1684.0,172519,0,308.0,2026-08-21,0,-1,1675.0,15.4,,
80038,69571,Hunter,BeastMastery,Pack Leader,DPS,EU,Kings' Rest,13,1,1684.0,151808,0,311.0,2026-08-21,0,-1,1675.0,15.4,,
80038,104461,Druid,Balance,Elune's Chosen,DPS,EU,Kings' Rest,13,1,1684.0,126214,0,308.0,2026-08-21,0,-1,1675.0,15.4,,
50563,32117,Druid,Guardian,Elune's Chosen,Tank,EU,Ruby Life Pools,3,1,982.8,56085,0,287.0,2026-08-22,0,-1,974.0,42.0,,
50563,107291,Priest,Holy,Oracle,Healer,EU,Ruby Life Pools,3,1,982.8,23398,0,298.0,2026-08-22,0,-1,974.0,42.0,,
50563,77462,Shaman,Elemental,Farseer,DPS,EU,Ruby Life Pools,3,1,982.8,115013,1,290.0,2026-08-22,0,-1,974.0,42.0,,
50563,107292,Priest,Shadow,Archon,DPS,EU,Ruby Life Pools,3,1,982.8,68921,0,285.0,2026-08-22,0,-1,974.0,42.0,,
50563,107293,Hunter,Survival,Pack Leader,DPS,EU,Ruby Life Pools,3,1,982.8,151770,0,293.0,2026-08-22,0,-1,974.0,42.0,,
17510,38764,Druid,Guardian,Elune's Chosen,Tank,US,Temple of Sethraliss,11,1,1481.2,84886,0,297.0,2026-08-20,0,-1,1487.0,22.5,,
17510,5057,Paladin,Holy,Herald of the Sun,Healer,US,Temple of Sethraliss,11,1,1481.2,27157,0,297.0,2026-08-20,0,-1,1487.0,22.5,,
17510,6880,Hunter,BeastMastery,Pack Leader,DPS,US,Temple of Sethraliss,11,1,1481.2,167248,1,293.0,2026-08-20,0,-1,1487.0,22.5,,
17510,8457,Rogue,Assassination,Deathstalker,DPS,US,Temple of Sethraliss,11,1,1481.2,231833,0,301.0,2026-08-20,0,-1,1487.0,22.5,,3008
17510,4728,Warrior,Arms,Slayer,DPS,US,Temple of Sethraliss,11,1,1481.2,159500,2,296.0,2026-08-20,0,-1,1487.0,22.5,,
63841,13701,Druid,Guardian,Elune's Chosen,Tank,EU,Kings' Rest,14,1,1785.4,81347,0,302.0,2026-08-22,0,-1,1792.0,9.5,,
63841,13702,Shaman,Restoration,Totemic,Healer,EU,Kings' Rest,14,1,1785.4,29977,0,303.0,2026-08-22,0,-1,1792.0,9.5,,
63841,17199,DeathKnight,Unholy,San'layn,DPS,EU,Kings' Rest,14,1,1785.4,157153,1,306.0,2026-08-22,0,-1,1792.0,9.5,,
63841,13703,Warlock,Demonology,Diabolist,DPS,EU,Kings' Rest,14,1,1785.4,161922,0,303.0,2026-08-22,0,-1,1792.0,9.5,,
63841,17444,Paladin,Retribution,Herald of the Sun,DPS,EU,Kings' Rest,14,1,1785.4,175495,0,304.0,2026-08-22,0,-1,1792.0,9.5,,
73802,75353,Paladin,Protection,Lightsmith,Tank,EU,Kings' Rest,14,1,1827.6,77083,0,310.0,2026-08-23,0,-1,1834.0,7.3,,
73802,141486,Shaman,Restoration,Totemic,Healer,EU,Kings' Rest,14,1,1827.6,16830,0,308.0,2026-08-23,0,-1,1834.0,7.3,,
73802,36238,Mage,Arcane,Sunfury,DPS,EU,Kings' Rest,14,1,1827.6,190394,0,313.0,2026-08-23,0,-1,1834.0,7.3,,
73802,142595,Warlock,Affliction,Soul Harvester,DPS,EU,Kings' Rest,14,1,1827.6,156324,0,301.0,2026-08-23,0,-1,1834.0,7.3,,
73802,58733,Priest,Shadow,Voidweaver,DPS,EU,Kings' Rest,14,1,1827.6,149491,1,310.0,2026-08-23,0,-1,1834.0,7.3,,
17081,37756,Paladin,Protection,Lightsmith,Tank,EU,Murder Row,6,1,1181.4,69469,0,284.0,2026-08-19,0,-1,1183.0,42.0,,
17081,37757,Evoker,Preservation,Flameshaper,Healer,EU,Murder Row,6,1,1181.4,22740,0,295.0,2026-08-19,0,-1,1183.0,42.0,,
17081,37758,DemonHunter,Devourer,Annihilator,DPS,EU,Murder Row,6,1,1181.4,115292,1,288.0,2026-08-19,0,-1,1183.0,42.0,,
17081,37759,Druid,Balance,Elune's Chosen,DPS,EU,Murder Row,6,1,1181.4,144666,1,293.0,2026-08-19,0,-1,1183.0,42.0,,
17081,37760,Warrior,Arms,Slayer,DPS,EU,Murder Row,6,1,1181.4,125251,0,297.0,2026-08-19,0,-1,1183.0,42.0,,
86368,127904,DeathKnight,Blood,San'layn,Tank,KR,Voidscar Arena,14,1,1522.3,166555,2,307.0,2026-08-23,0,-1,1678.0,6.8,0,
86368,152158,Priest,Holy,Oracle,Healer,KR,Voidscar Arena,14,1,1522.3,33685,1,306.0,2026-08-23,0,-1,1678.0,6.8,,
86368,152159,Mage,Arcane,Sunfury,DPS,KR,Voidscar Arena,14,1,1522.3,229080,2,311.0,2026-08-23,0,-1,1678.0,6.8,,
86368,65307,Warrior,Arms,Slayer,DPS,KR,Voidscar Arena,14,1,1522.3,222026,2,301.0,2026-08-23,0,-1,1678.0,6.8,0,
86368,90729,Warrior,Arms,Slayer,DPS,KR,Voidscar Arena,14,1,1522.3,252964,2,311.0,2026-08-23,0,-1,1678.0,6.8,4,
71491,77005,DeathKnight,Blood,Deathbringer,Tank,CN,Voidscar Arena,12,1,1365.9,99492,0,306.0,2026-08-22,0,-1,1373.0,23.7,,
71491,141203,Paladin,Holy,Lightsmith,Healer,CN,Voidscar Arena,12,1,1365.9,36388,0,303.0,2026-08-22,0,-1,1373.0,23.7,,
71491,141204,Rogue,Subtlety,Deathstalker,DPS,CN,Voidscar Arena,12,1,1365.9,194333,1,295.0,2026-08-22,0,-1,1373.0,23.7,,
71491,141205,Shaman,Elemental,Farseer,DPS,CN,Voidscar Arena,12,1,1365.9,184010,0,304.0,2026-08-22,0,-1,1373.0,23.7,,
71491,141206,Paladin,Retribution,Herald of the Sun,DPS,CN,Voidscar Arena,12,1,1365.9,214622,0,305.0,2026-08-22,0,-1,1373.0,23.7,,
25242,53035,Druid,Guardian,Elune's Chosen,Tank,US,Voidscar Arena,10,1,1075.8,112233,0,297.0,2026-08-20,0,-1,1067.0,40.7,,
25242,53036,Priest,Discipline,Voidweaver,Healer,US,Voidscar Arena,10,1,1075.8,30393,0,300.0,2026-08-20,0,-1,1067.0,40.7,,
25242,29463,Hunter,Marksmanship,Sentinel,DPS,US,Voidscar Arena,10,1,1075.8,214447,0,305.0,2026-08-20,0,-1,1067.0,40.7,,
25242,53037,Rogue,Subtlety,Deathstalker,DPS,US,Voidscar Arena,10,1,1075.8,196879,0,293.0,2026-08-20,0,-1,1067.0,40.7,,
25242,15515,Rogue,Assassination,Deathstalker,DPS,US,Voidscar Arena,10,1,1075.8,268118,0,302.0,2026-08-20,0,-1,1067.0,40.7,,
52299,9523,Warrior,Protection,Colossus,Tank,US,Kings' Rest,10,1,1053.1,130685,0,311.0,2026-08-22,0,-1,1045.0,47.2,,
52299,9524,Monk,Mistweaver,Conduit of the Celestials,Healer,US,Kings' Rest,10,1,1053.1,48884,0,305.0,2026-08-22,0,-1,1045.0,47.2,,
52299,10559,Hunter,BeastMastery,Pack Leader,DPS,US,Kings' Rest,10,1,1053.1,154031,0,307.0,2026-08-22,0,-1,1045.0,47.2,,
52299,8356,Rogue,Outlaw,Trickster,DPS,US,Kings' Rest,10,1,1053.1,165625,0,305.0,2026-08-22,0,-1,1045.0,47.2,,2834
52299,29739,Evoker,Devastation,Scalecommander,DPS,US,Kings' Rest,10,1,1053.1,171838,0,309.0,2026-08-22,0,-1,1045.0,47.2,,
45723,96362,Warrior,Protection,Mountain Thane,Tank,US,Ruby Life Pools,12,1,1372.4,102435,0,306.0,2026-08-22,0,-1,,,,
45723,70079,Shaman,Restoration,Totemic,Healer,US,Ruby Life Pools,12,1,1372.4,39270,0,303.0,2026-08-22,0,-1,,,,
45723,36908,Rogue,Assassination,Deathstalker,DPS,US,Ruby Life Pools,12,1,1372.4,197154,0,302.0,2026-08-22,0,-1,,,,
45723,96363,DeathKnight,Unholy,Rider of the Apocalypse,DPS,US,Ruby Life Pools,12,1,1372.4,185035,0,303.0,2026-08-22,0,-1,,,,
45723,96364,Druid,Feral,Druid of the Claw,DPS,US,Ruby Life Pools,12,1,1372.4,179146,0,301.0,2026-08-22,0,-1,,,,
2837,6080,Warrior,Protection,Mountain Thane,Tank,US,Murder Row,10,1,1353.0,90869,0,297.0,2026-08-19,0,-1,1349.0,33.9,,
2837,6081,Shaman,Restoration,Totemic,Healer,US,Murder Row,10,1,1353.0,16197,0,295.0,2026-08-19,0,-1,1349.0,33.9,,
2837,6082,Shaman,Elemental,Farseer,DPS,US,Murder Row,10,1,1353.0,235801,0,300.0,2026-08-19,0,-1,1349.0,33.9,,
2837,6083,DemonHunter,Havoc,Fel-Scarred,DPS,US,Murder Row,10,1,1353.0,173326,0,296.0,2026-08-19,0,-1,1349.0,33.9,,
2837,6084,Shaman,Elemental,Farseer,DPS,US,Murder Row,10,1,1353.0,161865,1,297.0,2026-08-19,0,-1,1349.0,33.9,,
69106,139543,DeathKnight,Blood,San'layn,Tank,EU,Kings' Rest,13,1,1580.0,98530,0,308.0,2026-08-23,0,-1,1586.0,19.9,,
69106,139544,Paladin,Holy,Lightsmith,Healer,EU,Kings' Rest,13,1,1580.0,35944,0,304.0,2026-08-23,0,-1,1586.0,19.9,,
69106,139545,Mage,Arcane,Sunfury,DPS,EU,Kings' Rest,13,1,1580.0,153473,1,307.0,2026-08-23,0,-1,1586.0,19.9,,
69106,67601,Rogue,Subtlety,Deathstalker,DPS,EU,Kings' Rest,13,1,1580.0,170219,0,304.0,2026-08-23,0,-1,1586.0,19.9,,
69106,139546,Shaman,Elemental,Farseer,DPS,EU,Kings' Rest,13,1,1580.0,167211,0,307.0,2026-08-23,0,-1,1586.0,19.9,,
30248,65084,Warrior,Protection,Mountain Thane,Tank,CN,Temple of Sethraliss,12,1,1429.8,119022,1,300.0,2026-08-22,0,-1,,,,
30248,65085,Evoker,Preservation,Flameshaper,Healer,CN,Temple of Sethraliss,12,1,1429.8,48429,1,308.0,2026-08-22,0,-1,,,,
30248,65086,Shaman,Enhancement,Stormbringer,DPS,CN,Temple of Sethraliss,12,1,1429.8,223286,1,308.0,2026-08-22,0,-1,,,,
30248,65087,Shaman,Elemental,Farseer,DPS,CN,Temple of Sethraliss,12,1,1429.8,198860,3,305.0,2026-08-22,0,-1,,,,
30248,65088,Paladin,Retribution,Herald of the Sun,DPS,CN,Temple of Sethraliss,12,1,1429.8,180950,1,301.0,2026-08-22,0,-1,,,,
29099,63216,DeathKnight,Blood,Deathbringer,Tank,US,Den of Nalorakk,5,1,1052.5,87616,0,293.0,2026-08-22,0,-1,1044.0,45.6,,
29099,38810,Monk,Mistweaver,Conduit of the Celestials,Healer,US,Den of Nalorakk,5,1,1052.5,35002,0,292.0,2026-08-22,0,-1,1044.0,45.6,,
29099,38809,Warrior,Arms,Slayer,DPS,US,Den of Nalorakk,5,1,1052.5,89152,0,286.0,2026-08-22,0,-1,1044.0,45.6,,
29099,63217,Hunter,Marksmanship,Sentinel,DPS,US,Den of Nalorakk,5,1,1052.5,97842,0,286.0,2026-08-22,0,-1,1044.0,45.6,,
29099,63218,Hunter,BeastMastery,Pack Leader,DPS,US,Den of Nalorakk,5,1,1052.5,141343,0,301.0,2026-08-22,0,-1,1044.0,45.6,,
54403,15969,Monk,Brewmaster,Master of Harmony,Tank,EU,Voidscar Arena,11,1,1215.0,78574,0,305.0,2026-08-22,0,-1,,,,
54403,115425,Paladin,Holy,Herald of the Sun,Healer,EU,Voidscar Arena,11,1,1215.0,17499,0,306.0,2026-08-22,0,-1,,,,
54403,14611,Mage,Arcane,Sunfury,DPS,EU,Voidscar Arena,11,1,1215.0,258831,0,315.0,2026-08-22,0,-1,,,,
54403,14608,DemonHunter,Devourer,Annihilator,DPS,EU,Voidscar Arena,11,1,1215.0,187019,2,309.0,2026-08-22,0,-1,,,,
54403,115426,Warrior,Arms,Slayer,DPS,EU,Voidscar Arena,11,1,1215.0,172081,1,306.0,2026-08-22,0,-1,,,,
29961,13289,DeathKnight,Blood,San'layn,Tank,EU,Altar of Fangs,11,1,1321.9,141961,0,298.0,2026-08-20,0,-1,1314.0,27.0,,3061
29961,13290,Paladin,Holy,Herald of the Sun,Healer,EU,Altar of Fangs,11,1,1321.9,34755,0,305.0,2026-08-20,0,-1,1314.0,27.0,,3061
29961,13291,DemonHunter,Devourer,Annihilator,DPS,EU,Altar of Fangs,11,1,1321.9,250331,0,297.0,2026-08-20,0,-1,1314.0,27.0,,3061
29961,13293,Shaman,Elemental,Farseer,DPS,EU,Altar of Fangs,11,1,1321.9,246204,0,297.0,2026-08-20,0,-1,1314.0,27.0,,3061
29961,49973,Mage,Arcane,Sunfury,DPS,EU,Altar of Fangs,11,1,1321.9,234472,0,302.0,2026-08-20,0,-1,1314.0,27.0,,
38954,32081,DeathKnight,Blood,San'layn,Tank,EU,Altar of Fangs,10,1,1111.6,139587,0,301.0,2026-08-21,0,-1,1108.0,38.4,,
38954,78978,Shaman,Restoration,Totemic,Healer,EU,Altar of Fangs,10,1,1111.6,27560,0,307.0,2026-08-21,0,-1,1108.0,38.4,,
38954,21828,Shaman,Elemental,Farseer,DPS,EU,Altar of Fangs,10,1,1111.6,264908,0,296.0,2026-08-21,0,-1,1108.0,38.4,,
38954,32085,Warrior,Arms,Slayer,DPS,EU,Altar of Fangs,10,1,1111.6,219186,1,302.0,2026-08-21,0,-1,1108.0,38.4,,
38954,83465,Mage,Arcane,Sunfury,DPS,EU,Altar of Fangs,10,1,1111.6,273032,0,308.0,2026-08-21,0,-1,1108.0,38.4,,
33527,72586,Monk,Brewmaster,Master of Harmony,Tank,US,Kings' Rest,13,1,1470.8,93195,0,294.0,2026-08-20,0,-1,1492.0,24.6,,
33527,8409,Shaman,Restoration,Totemic,Healer,US,Kings' Rest,13,1,1470.8,42123,0,303.0,2026-08-20,0,-1,1492.0,24.6,,3427
33527,9824,Rogue,Outlaw,Trickster,DPS,US,Kings' Rest,13,1,1470.8,170376,1,300.0,2026-08-20,0,-1,1492.0,24.6,,3427
33527,8410,Warrior,Arms,Slayer,DPS,US,Kings' Rest,13,1,1470.8,214590,0,303.0,2026-08-20,0,-1,1492.0,24.6,,3427
33527,67015,Paladin,Retribution,Herald of the Sun,DPS,US,Kings' Rest,13,1,1470.8,150018,1,304.0,2026-08-20,0,-1,1492.0,24.6,,
44436,15790,DeathKnight,Blood,San'layn,Tank,EU,Ruby Life Pools,12,1,1348.2,120982,0,301.0,2026-08-22,0,-1,,,,
44436,93511,Priest,Holy,Oracle,Healer,EU,Ruby Life Pools,12,1,1348.2,22820,0,305.0,2026-08-22,0,-1,,,,
44436,93512,Mage,Arcane,Sunfury,DPS,EU,Ruby Life Pools,12,1,1348.2,218414,0,303.0,2026-08-22,0,-1,,,,
44436,50142,Paladin,Retribution,Herald of the Sun,DPS,EU,Ruby Life Pools,12,1,1348.2,204221,2,307.0,2026-08-22,0,-1,,,,
44436,75633,Warrior,Arms,Slayer,DPS,EU,Ruby Life Pools,12,1,1348.2,219397,0,302.0,2026-08-22,0,-1,,,,
46465,98068,DeathKnight,Blood,Deathbringer,Tank,EU,Voidscar Arena,5,1,1005.1,43036,0,273.0,2026-08-22,0,-1,,,,
46465,98069,Paladin,Holy,Herald of the Sun,Healer,EU,Voidscar Arena,5,1,1005.1,9987,1,283.0,2026-08-22,0,-1,,,,
46465,98070,Warrior,Arms,Slayer,DPS,EU,Voidscar Arena,5,1,1005.1,166080,1,307.0,2026-08-22,0,-1,,,,
46465,98071,Druid,Feral,Druid of the Claw,DPS,EU,Voidscar Arena,5,1,1005.1,125156,1,296.0,2026-08-22,0,-1,,,,
46465,98072,Rogue,Outlaw,Trickster,DPS,EU,Voidscar Arena,5,1,1005.1,135416,0,302.0,2026-08-22,0,-1,,,,
80964,22155,DeathKnight,Blood,San'layn,Tank,EU,Kings' Rest,14,1,1750.1,93811,0,306.0,2026-08-23,0,-1,1757.0,11.3,,
80964,74376,Priest,Discipline,Oracle,Healer,EU,Kings' Rest,14,1,1750.1,17346,1,301.0,2026-08-23,0,-1,1757.0,11.3,,
80964,53735,Paladin,Retribution,Herald of the Sun,DPS,EU,Kings' Rest,14,1,1750.1,170532,0,305.0,2026-08-23,0,-1,1757.0,11.3,,
80964,74377,Shaman,Enhancement,Stormbringer,DPS,EU,Kings' Rest,14,1,1750.1,152249,0,306.0,2026-08-23,0,-1,1757.0,11.3,,
80964,26184,Mage,Arcane,Sunfury,DPS,EU,Kings' Rest,14,1,1750.1,175162,0,313.0,2026-08-23,0,-1,1757.0,11.3,,
1548,4312,Druid,Guardian,Elune's Chosen,Tank,US,Ruby Life Pools,11,1,1648.5,73122,1,294.0,2026-08-18,0,-1,1666.0,0.9,,
1548,4313,Shaman,Restoration,Totemic,Healer,US,Ruby Life Pools,11,1,1648.5,18331,1,292.0,2026-08-18,0,-1,1666.0,0.9,,
1548,4314,Monk,Windwalker,Shado-Pan,DPS,US,Ruby Life Pools,11,1,1648.5,155528,1,293.0,2026-08-18,0,-1,1666.0,0.9,,
1548,4315,Hunter,Marksmanship,Sentinel,DPS,US,Ruby Life Pools,11,1,1648.5,174234,1,293.0,2026-08-18,0,-1,1666.0,0.9,,
1548,4316,Priest,Shadow,Archon,DPS,US,Ruby Life Pools,11,1,1648.5,174108,1,294.0,2026-08-18,0,-1,1666.0,0.9,,
12668,24819,Monk,Brewmaster,Shado-Pan,Tank,EU,The Blinding Vale,11,1,1523.8,98040,0,293.0,2026-08-19,0,-1,1516.0,15.8,,
12668,24820,Paladin,Holy,Herald of the Sun,Healer,EU,The Blinding Vale,11,1,1523.8,26049,0,293.0,2026-08-19,0,-1,1516.0,15.8,,
12668,24821,DeathKnight,Unholy,Rider of the Apocalypse,DPS,EU,The Blinding Vale,11,1,1523.8,176416,0,294.0,2026-08-19,0,-1,1516.0,15.8,,
12668,23072,Warrior,Arms,Slayer,DPS,EU,The Blinding Vale,11,1,1523.8,200463,0,292.0,2026-08-19,0,-1,1516.0,15.8,,
12668,23073,DemonHunter,Devourer,Void-Scarred,DPS,EU,The Blinding Vale,11,1,1523.8,175926,0,298.0,2026-08-19,0,-1,1516.0,15.8,,
1325,674,Paladin,Protection,Lightsmith,Tank,US,Murder Row,10,1,1426.5,101005,0,295.0,2026-08-18,0,-1,1423.0,30.2,,
1325,675,Shaman,Restoration,Totemic,Healer,US,Murder Row,10,1,1426.5,22993,0,295.0,2026-08-18,0,-1,1423.0,30.2,,2718
1325,677,Mage,Arcane,Sunfury,DPS,US,Murder Row,10,1,1426.5,147994,0,293.0,2026-08-18,0,-1,1423.0,30.2,,
1325,678,Rogue,Outlaw,Trickster,DPS,US,Murder Row,10,1,1426.5,195129,0,291.0,2026-08-18,0,-1,1423.0,30.2,,
1325,676,Warrior,Arms,Slayer,DPS,US,Murder Row,10,1,1426.5,165465,1,294.0,2026-08-18,0,-1,1423.0,30.2,,3160
78844,142533,Paladin,Protection,Lightsmith,Tank,CN,Voidscar Arena,12,1,1298.9,107848,0,298.0,2026-08-23,0,-1,1290.0,28.3,,
78844,142534,Shaman,Restoration,Totemic,Healer,CN,Voidscar Arena,12,1,1298.9,33116,0,307.0,2026-08-23,0,-1,1290.0,28.3,,
78844,87961,Warrior,Arms,Slayer,DPS,CN,Voidscar Arena,12,1,1298.9,217736,0,313.0,2026-08-23,0,-1,1290.0,28.3,,
78844,145118,Mage,Arcane,Sunfury,DPS,CN,Voidscar Arena,12,1,1298.9,243826,0,304.0,2026-08-23,0,-1,1290.0,28.3,,
78844,142536,Shaman,Elemental,Farseer,DPS,CN,Voidscar Arena,12,1,1298.9,235258,0,309.0,2026-08-23,0,-1,1290.0,28.3,,
36285,78253,DeathKnight,Blood,Deathbringer,Tank,US,Ruby Life Pools,2,1,965.0,37076,0,285.0,2026-08-22,0,-1,957.0,43.0,,
36285,78254,Shaman,Restoration,Totemic,Healer,US,Ruby Life Pools,2,1,965.0,19686,0,292.0,2026-08-22,0,-1,957.0,43.0,,
36285,78255,Hunter,BeastMastery,Pack Leader,DPS,US,Ruby Life Pools,2,1,965.0,85894,0,292.0,2026-08-22,0,-1,957.0,43.0,,
36285,56391,Warrior,Arms,Slayer,DPS,US,Ruby Life Pools,2,1,965.0,144975,0,309.0,2026-08-22,0,-1,957.0,43.0,,
36285,78256,Hunter,BeastMastery,Dark Ranger,DPS,US,Ruby Life Pools,2,1,965.0,116986,1,290.0,2026-08-22,0,-1,957.0,43.0,,
24358,14962,Warrior,Protection,Mountain Thane,Tank,EU,Ruby Life Pools,11,1,1204.3,151536,0,305.0,2026-08-21,0,-1,1231.0,26.7,,
24358,53988,Druid,Restoration,Wildstalker,Healer,EU,Ruby Life Pools,11,1,1204.3,11746,0,304.0,2026-08-21,0,-1,1231.0,26.7,,
24358,14965,Hunter,BeastMastery,Pack Leader,DPS,EU,Ruby Life Pools,11,1,1204.3,186280,3,301.0,2026-08-21,0,-1,1231.0,26.7,,
24358,53989,Mage,Arcane,Sunfury,DPS,EU,Ruby Life Pools,11,1,1204.3,205552,3,299.0,2026-08-21,0,-1,1231.0,26.7,,
24358,53990,DemonHunter,Devourer,Annihilator,DPS,EU,Ruby Life Pools,11,1,1204.3,251350,1,301.0,2026-08-21,0,-1,1231.0,26.7,,
53594,19015,Druid,Guardian,Elune's Chosen,Tank,EU,Kings' Rest,15,0,1980.5,91956,0,311.0,2026-08-22,0,-1,,,,
53594,104137,Paladin,Holy,Herald of the Sun,Healer,EU,Kings' Rest,15,0,1980.5,18189,0,308.0,2026-08-22,0,-1,,,,
53594,22536,Shaman,Elemental,Farseer,DPS,EU,Kings' Rest,15,0,1980.5,171754,3,307.0,2026-08-22,0,-1,,,,
53594,13436,Rogue,Outlaw,Trickster,DPS,EU,Kings' Rest,15,0,1980.5,141084,2,312.0,2026-08-22,0,-1,,,,
53594,57740,Mage,Arcane,Sunfury,DPS,EU,Kings' Rest,15,0,1980.5,196829,0,309.0,2026-08-22,0,-1,,,,
73838,141149,DeathKnight,Blood,San'layn,Tank,CN,Ruby Life Pools,14,1,1436.7,177142,0,312.0,2026-08-22,0,-1,1443.0,14.1,,
73838,141150,Paladin,Holy,Lightsmith,Healer,CN,Ruby Life Pools,14,1,1436.7,51627,1,305.0,2026-08-22,0,-1,1443.0,14.1,,
73838,141152,Warrior,Arms,Slayer,DPS,CN,Ruby Life Pools,14,1,1436.7,194652,0,305.0,2026-08-22,0,-1,1443.0,14.1,,
73838,141151,Shaman,Elemental,Farseer,DPS,CN,Ruby Life Pools,14,1,1436.7,257952,0,311.0,2026-08-22,0,-1,1443.0,14.1,,
73838,141153,Rogue,Assassination,Deathstalker,DPS,CN,Ruby Life Pools,14,1,1436.7,265850,0,310.0,2026-08-22,0,-1,1443.0,14.1,,
4046,9228,Druid,Guardian,Elune's Chosen,Tank,US,Kings' Rest,10,1,1561.4,55059,0,288.0,2026-08-18,0,-1,1582.0,20.1,,
4046,9229,Druid,Restoration,Wildstalker,Healer,US,Kings' Rest,10,1,1561.4,7600,1,292.0,2026-08-18,0,-1,1582.0,20.1,,
4046,1159,Monk,Windwalker,Shado-Pan,DPS,US,Kings' Rest,10,1,1561.4,146522,2,293.0,2026-08-18,0,-1,1582.0,20.1,,
4046,9230,Hunter,BeastMastery,Pack Leader,DPS,US,Kings' Rest,10,1,1561.4,141878,2,294.0,2026-08-18,0,-1,1582.0,20.1,,
4046,1156,Priest,Shadow,Archon,DPS,US,Kings' Rest,10,1,1561.4,128418,1,291.0,2026-08-18,0,-1,1582.0,20.1,,
52326,111150,DeathKnight,Blood,San'layn,Tank,EU,Den of Nalorakk,11,1,1368.6,117628,0,308.0,2026-08-22,0,-1,1365.0,28.9,,
52326,82269,Shaman,Restoration,Totemic,Healer,EU,Den of Nalorakk,11,1,1368.6,24017,0,312.0,2026-08-22,0,-1,1365.0,28.9,,
52326,64023,Mage,Arcane,Sunfury,DPS,EU,Den of Nalorakk,11,1,1368.6,190909,0,308.0,2026-08-22,0,-1,1365.0,28.9,,
52326,111151,Shaman,Elemental,Farseer,DPS,EU,Den of Nalorakk,11,1,1368.6,163489,1,298.0,2026-08-22,0,-1,1365.0,28.9,,
52326,83334,Warrior,Arms,Slayer,DPS,EU,Den of Nalorakk,11,1,1368.6,166110,0,310.0,2026-08-22,0,-1,1365.0,28.9,,
20193,44803,Druid,Guardian,Elune's Chosen,Tank,US,Voidscar Arena,4,1,1045.5,65592,0,293.0,2026-08-19,0,-1,1038.0,42.4,,
20193,44804,Shaman,Restoration,Farseer,Healer,US,Voidscar Arena,4,1,1045.5,13340,0,293.0,2026-08-19,0,-1,1038.0,42.4,,
20193,44805,Shaman,Elemental,Farseer,DPS,US,Voidscar Arena,4,1,1045.5,151471,1,294.0,2026-08-19,0,-1,1038.0,42.4,,
20193,44806,Warrior,Arms,Slayer,DPS,US,Voidscar Arena,4,1,1045.5,125464,0,292.0,2026-08-19,0,-1,1038.0,42.4,,
20193,44807,Priest,Shadow,Voidweaver,DPS,US,Voidscar Arena,4,1,1045.5,106263,0,285.0,2026-08-19,0,-1,1038.0,42.4,,
50613,83593,DeathKnight,Blood,San'layn,Tank,KR,Voidscar Arena,13,1,1515.0,112001,1,309.0,2026-08-22,0,-1,,,,
50613,68867,Monk,Mistweaver,Conduit of the Celestials,Healer,KR,Voidscar Arena,13,1,1515.0,47094,1,301.0,2026-08-22,0,-1,,,,
50613,83595,Paladin,Retribution,Herald of the Sun,DPS,KR,Voidscar Arena,13,1,1515.0,247177,2,311.0,2026-08-22,0,-1,,,,
50613,105328,Warrior,Arms,Slayer,DPS,KR,Voidscar Arena,13,1,1515.0,190364,3,302.0,2026-08-22,0,-1,,,,
50613,105327,Mage,Arcane,Sunfury,DPS,KR,Voidscar Arena,13,1,1515.0,172334,2,301.0,2026-08-22,0,-1,,,,
45970,24359,DemonHunter,Vengeance,Annihilator,Tank,EU,Murder Row,10,1,1096.3,112355,0,300.0,2026-08-22,0,-1,,,,
45970,96959,Druid,Restoration,Wildstalker,Healer,EU,Murder Row,10,1,1096.3,31474,0,295.0,2026-08-22,0,-1,,,,
45970,96960,Evoker,Augmentation,Scalecommander,DPS,EU,Murder Row,10,1,1096.3,200937,0,295.0,2026-08-22,0,-1,,,,
45970,96961,Warlock,Demonology,Diabolist,DPS,EU,Murder Row,10,1,1096.3,251582,0,305.0,2026-08-22,0,-1,,,,
45970,96962,Mage,Arcane,Sunfury,DPS,EU,Murder Row,10,1,1096.3,274248,0,307.0,2026-08-22,0,-1,,,,
65244,55951,DeathKnight,Blood,San'layn,Tank,CN,Murder Row,12,1,1278.9,153510,0,309.0,2026-08-21,0,-1,1271.0,37.7,,
65244,116985,Paladin,Holy,Lightsmith,Healer,CN,Murder Row,12,1,1278.9,41835,0,291.0,2026-08-21,0,-1,1271.0,37.7,,
65244,79746,Shaman,Elemental,Farseer,DPS,CN,Murder Row,12,1,1278.9,284108,0,310.0,2026-08-21,0,-1,1271.0,37.7,,
65244,55954,Warrior,Arms,Slayer,DPS,CN,Murder Row,12,1,1278.9,219165,0,305.0,2026-08-21,0,-1,1271.0,37.7,,
65244,55955,Mage,Arcane,Sunfury,DPS,CN,Murder Row,12,1,1278.9,225211,0,296.0,2026-08-21,0,-1,1271.0,37.7,,
34138,6883,DeathKnight,Blood,San'layn,Tank,US,Den of Nalorakk,11,1,1358.6,117101,0,302.0,2026-08-22,0,-1,1365.0,28.9,,
34138,6884,Priest,Holy,Oracle,Healer,US,Den of Nalorakk,11,1,1358.6,34633,0,312.0,2026-08-22,0,-1,1365.0,28.9,,
34138,10603,Warlock,Demonology,Diabolist,DPS,US,Den of Nalorakk,11,1,1358.6,209753,1,310.0,2026-08-22,0,-1,1365.0,28.9,,
34138,73910,Hunter,Marksmanship,Sentinel,DPS,US,Den of Nalorakk,11,1,1358.6,141717,1,304.0,2026-08-22,0,-1,1365.0,28.9,,
34138,73911,Paladin,Retribution,Templar,DPS,US,Den of Nalorakk,11,1,1358.6,156776,0,301.0,2026-08-22,0,-1,1365.0,28.9,,
16862,37143,DeathKnight,Blood,Deathbringer,Tank,US,Murder Row,7,1,1329.8,84289,0,292.0,2026-08-18,0,-1,1321.0,35.2,,
16862,37144,Shaman,Restoration,Totemic,Healer,US,Murder Row,7,1,1329.8,22619,0,290.0,2026-08-18,0,-1,1321.0,35.2,,
16862,37145,Paladin,Retribution,Templar,DPS,US,Murder Row,7,1,1329.8,142515,0,294.0,2026-08-18,0,-1,1321.0,35.2,,
16862,16391,Warrior,Arms,Slayer,DPS,US,Murder Row,7,1,1329.8,156175,0,291.0,2026-08-18,0,-1,1321.0,35.2,,
16862,7843,Mage,Arcane,Sunfury,DPS,US,Murder Row,7,1,1329.8,131910,0,293.0,2026-08-18,0,-1,1321.0,35.2,,
21983,7315,DeathKnight,Blood,Deathbringer,Tank,US,Ruby Life Pools,13,1,1595.5,134930,0,306.0,2026-08-19,0,-1,1677.0,0.2,,
21983,21798,Shaman,Restoration,Totemic,Healer,US,Ruby Life Pools,13,1,1595.5,16497,3,295.0,2026-08-19,0,-1,1677.0,0.2,,
21983,10147,Hunter,BeastMastery,Pack Leader,DPS,US,Ruby Life Pools,13,1,1595.5,168375,1,297.0,2026-08-19,0,-1,1677.0,0.2,,
21983,33231,Mage,Arcane,Sunfury,DPS,US,Ruby Life Pools,13,1,1595.5,183890,2,297.0,2026-08-19,0,-1,1677.0,0.2,,
21983,6642,Warlock,Destruction,Diabolist,DPS,US,Ruby Life Pools,13,1,1595.5,212932,0,303.0,2026-08-19,0,-1,1677.0,0.2,,3111
16894,10039,Warrior,Protection,Mountain Thane,Tank,US,Voidscar Arena,11,1,1260.0,122223,0,301.0,2026-08-20,0,-1,1261.0,29.9,,
16894,37248,Druid,Restoration,Wildstalker,Healer,US,Voidscar Arena,11,1,1260.0,11981,1,294.0,2026-08-20,0,-1,1261.0,29.9,,
16894,5344,Warlock,Destruction,Hellcaller,DPS,US,Voidscar Arena,11,1,1260.0,187096,1,297.0,2026-08-20,0,-1,1261.0,29.9,,
16894,37249,Hunter,Marksmanship,Sentinel,DPS,US,Voidscar Arena,11,1,1260.0,204418,0,305.0,2026-08-20,0,-1,1261.0,29.9,,
16894,1221,DeathKnight,Unholy,Rider of the Apocalypse,DPS,US,Voidscar Arena,11,1,1260.0,208787,0,300.0,2026-08-20,0,-1,1261.0,29.9,,2819
53708,113899,DemonHunter,Vengeance,Annihilator,Tank,EU,Kings' Rest,2,1,1084.0,41532,0,286.0,2026-08-22,0,-1,,,,
53708,113900,Shaman,Restoration,Totemic,Healer,EU,Kings' Rest,2,1,1084.0,22649,0,306.0,2026-08-22,0,-1,,,,
53708,113968,Warlock,Demonology,Diabolist,DPS,EU,Kings' Rest,2,1,1084.0,90552,0,290.0,2026-08-22,0,-1,,,,
53708,113969,Paladin,Retribution,Templar,DPS,EU,Kings' Rest,2,1,1084.0,63017,0,251.0,2026-08-22,0,-1,,,,
53708,113970,DemonHunter,Devourer,Void-Scarred,DPS,EU,Kings' Rest,2,1,1084.0,93724,0,297.0,2026-08-22,0,-1,,,,
19956,44198,DemonHunter,Vengeance,Annihilator,Tank,US,Voidscar Arena,5,1,990.9,64311,0,295.0,2026-08-19,0,-1,983.0,45.4,,
19956,44199,Shaman,Restoration,Totemic,Healer,US,Voidscar Arena,5,1,990.9,9040,1,296.0,2026-08-19,0,-1,983.0,45.4,,
19956,44200,Mage,Arcane,Sunfury,DPS,US,Voidscar Arena,5,1,990.9,138038,0,294.0,2026-08-19,0,-1,983.0,45.4,,
19956,44201,DemonHunter,Havoc,Fel-Scarred,DPS,US,Voidscar Arena,5,1,990.9,113248,0,287.0,2026-08-19,0,-1,983.0,45.4,,
19956,44202,Shaman,Elemental,Farseer,DPS,US,Voidscar Arena,5,1,990.9,121707,0,280.0,2026-08-19,0,-1,983.0,45.4,,
67623,13982,DemonHunter,Vengeance,Annihilator,Tank,EU,Murder Row,12,1,1370.3,139435,0,305.0,2026-08-22,0,-1,1362.0,33.2,,
67623,84181,Paladin,Holy,Herald of the Sun,Healer,EU,Murder Row,12,1,1370.3,17913,0,299.0,2026-08-22,0,-1,1362.0,33.2,,
67623,71200,Hunter,BeastMastery,Pack Leader,DPS,EU,Murder Row,12,1,1370.3,194655,0,307.0,2026-08-22,0,-1,1362.0,33.2,,
67623,19306,Mage,Arcane,Sunfury,DPS,EU,Murder Row,12,1,1370.3,243690,0,307.0,2026-08-22,0,-1,1362.0,33.2,,
67623,106030,Warrior,Arms,Slayer,DPS,EU,Murder Row,12,1,1370.3,213199,0,303.0,2026-08-22,0,-1,1362.0,33.2,,
81326,103670,DeathKnight,Blood,Unknown,Tank,CN,Murder Row,14,1,1848.4,139848,0,310.0,2026-08-23,0,-1,,,,
81326,103671,Paladin,Holy,Unknown,Healer,CN,Murder Row,14,1,1848.4,24582,0,306.0,2026-08-23,0,-1,,,,
81326,103673,Shaman,Elemental,Unknown,DPS,CN,Murder Row,14,1,1848.4,212594,2,310.0,2026-08-23,0,-1,,,,
81326,103672,Mage,Arcane,Unknown,DPS,CN,Murder Row,14,1,1848.4,195560,2,302.0,2026-08-23,0,-1,,,,
81326,103674,Rogue,Subtlety,Unknown,DPS,CN,Murder Row,14,1,1848.4,213079,1,298.0,2026-08-23,0,-1,,,,
71162,19373,DeathKnight,Blood,San'layn,Tank,EU,Ruby Life Pools,14,1,1452.9,172346,0,301.0,2026-08-22,0,-1,1505.0,10.4,,3133
71162,18684,Evoker,Preservation,Flameshaper,Healer,EU,Ruby Life Pools,14,1,1452.9,60784,1,297.0,2026-08-22,0,-1,1505.0,10.4,,
71162,67557,Warrior,Arms,Slayer,DPS,EU,Ruby Life Pools,14,1,1452.9,263638,3,308.0,2026-08-22,0,-1,1505.0,10.4,,
71162,67556,Warlock,Destruction,Hellcaller,DPS,EU,Ruby Life Pools,14,1,1452.9,205486,0,295.0,2026-08-22,0,-1,1505.0,10.4,,
71162,53118,Shaman,Elemental,Farseer,DPS,EU,Ruby Life Pools,14,1,1452.9,278458,0,313.0,2026-08-22,0,-1,1505.0,10.4,,
27704,13756,Druid,Guardian,Elune's Chosen,Tank,EU,Den of Nalorakk,11,1,1337.2,101605,1,307.0,2026-08-20,0,-1,1353.0,29.5,,
27704,13757,Priest,Discipline,Voidweaver,Healer,EU,Den of Nalorakk,11,1,1337.2,37971,1,308.0,2026-08-20,0,-1,1353.0,29.5,,
27704,13760,Warlock,Demonology,Diabolist,DPS,EU,Den of Nalorakk,11,1,1337.2,163619,1,301.0,2026-08-20,0,-1,1353.0,29.5,,
27704,13758,Rogue,Assassination,Deathstalker,DPS,EU,Den of Nalorakk,11,1,1337.2,239262,1,309.0,2026-08-20,0,-1,1353.0,29.5,,
27704,13759,Shaman,Elemental,Farseer,DPS,EU,Den of Nalorakk,11,1,1337.2,199387,1,302.0,2026-08-20,0,-1,1353.0,29.5,,
11011,11504,DeathKnight,Blood,Unknown,Tank,US,Ruby Life Pools,12,1,989.4,131306,0,295.0,2026-08-19,0,-1,1415.0,15.8,,
11011,5364,Priest,Holy,Unknown,Healer,US,Ruby Life Pools,12,1,989.4,9581,0,294.0,2026-08-19,0,-1,1415.0,15.8,,
11011,11506,Shaman,Enhancement,Unknown,DPS,US,Ruby Life Pools,12,1,989.4,185885,0,289.0,2026-08-19,0,-1,1415.0,15.8,,
11011,9011,Druid,Feral,Unknown,DPS,US,Ruby Life Pools,12,1,989.4,191872,0,293.0,2026-08-19,0,-1,1415.0,15.8,,
11011,11505,Warrior,Arms,Unknown,DPS,US,Ruby Life Pools,12,1,989.4,192873,1,296.0,2026-08-19,0,-1,1415.0,15.8,,
10964,8373,DeathKnight,Blood,Deathbringer,Tank,US,Altar of Fangs,11,1,1488.5,139057,0,299.0,2026-08-19,0,-1,1505.0,16.4,,
10964,22051,Monk,Mistweaver,Conduit of the Celestials,Healer,US,Altar of Fangs,11,1,1488.5,39964,1,295.0,2026-08-19,0,-1,1505.0,16.4,,
10964,1477,Shaman,Elemental,Farseer,DPS,US,Altar of Fangs,11,1,1488.5,172484,4,303.0,2026-08-19,0,-1,1505.0,16.4,,
10964,22052,Druid,Balance,Elune's Chosen,DPS,US,Altar of Fangs,11,1,1488.5,200786,0,304.0,2026-08-19,0,-1,1505.0,16.4,,
10964,6976,DemonHunter,Devourer,Void-Scarred,DPS,US,Altar of Fangs,11,1,1488.5,215134,0,304.0,2026-08-19,0,-1,1505.0,16.4,,2953
5520,11765,Druid,Guardian,Elune's Chosen,Tank,US,Murder Row,11,1,2012.3,64008,1,294.0,2026-08-18,0,-1,2024.0,0.8,,
5520,6884,Priest,Discipline,Oracle,Healer,US,Murder Row,11,1,2012.3,19598,0,293.0,2026-08-18,0,-1,2024.0,0.8,,
5520,10222,Mage,Arcane,Sunfury,DPS,US,Murder Row,11,1,2012.3,170520,1,292.0,2026-08-18,0,-1,2024.0,0.8,,
5520,10220,Warlock,Demonology,Diabolist,DPS,US,Murder Row,11,1,2012.3,166407,2,292.0,2026-08-18,0,-1,2024.0,0.8,,
5520,10221,Shaman,Elemental,Stormbringer,DPS,US,Murder Row,11,1,2012.3,158601,0,291.0,2026-08-18,0,-1,2024.0,0.8,,
48441,102400,Paladin,Protection,Templar,Tank,EU,Ruby Life Pools,2,1,782.0,73042,0,292.0,2026-08-22,0,-1,,,,
48441,102401,Shaman,Restoration,Totemic,Healer,EU,Ruby Life Pools,2,1,782.0,25267,0,293.0,2026-08-22,0,-1,,,,
48441,102404,Rogue,Assassination,Fatebound,DPS,EU,Ruby Life Pools,2,1,782.0,149490,0,293.0,2026-08-22,0,-1,,,,
48441,102447,Hunter,Marksmanship,Sentinel,DPS,EU,Ruby Life Pools,2,1,782.0,128274,0,293.0,2026-08-22,0,-1,,,,
48441,102448,Monk,Windwalker,Conduit of the Celestials,DPS,EU,Ruby Life Pools,2,1,782.0,110838,0,290.0,2026-08-22,0,-1,,,,
57071,7512,DeathKnight,Blood,San'layn,Tank,US,Ruby Life Pools,11,1,1200.6,143855,0,302.0,2026-08-23,0,-1,1197.0,28.7,,
57071,50795,Shaman,Restoration,Totemic,Healer,US,Ruby Life Pools,11,1,1200.6,26311,0,305.0,2026-08-23,0,-1,1197.0,28.7,,
57071,50796,Priest,Shadow,Voidweaver,DPS,US,Ruby Life Pools,11,1,1200.6,216519,0,307.0,2026-08-23,0,-1,1197.0,28.7,,
57071,121458,Mage,Arcane,Sunfury,DPS,US,Ruby Life Pools,11,1,1200.6,185818,1,300.0,2026-08-23,0,-1,1197.0,28.7,,
57071,48757,Shaman,Elemental,Farseer,DPS,US,Ruby Life Pools,11,1,1200.6,202479,0,291.0,2026-08-23,0,-1,1197.0,28.7,,
45550,96025,Paladin,Protection,Lightsmith,Tank,EU,Voidscar Arena,6,1,1059.5,80602,0,286.0,2026-08-22,0,-1,,,,
45550,96026,Paladin,Holy,Herald of the Sun,Healer,EU,Voidscar Arena,6,1,1059.5,9381,0,283.0,2026-08-22,0,-1,,,,
45550,96027,Warrior,Fury,Slayer,DPS,EU,Voidscar Arena,6,1,1059.5,123020,2,298.0,2026-08-22,0,-1,,,,
45550,92217,Mage,Arcane,Sunfury,DPS,EU,Voidscar Arena,6,1,1059.5,136328,0,297.0,2026-08-22,0,-1,,,,
45550,96028,Hunter,BeastMastery,Pack Leader,DPS,EU,Voidscar Arena,6,1,1059.5,122112,1,293.0,2026-08-22,0,-1,,,,
75963,66542,DeathKnight,Blood,San'layn,Tank,CN,Altar of Fangs,12,1,1416.8,181542,0,308.0,2026-08-21,0,-1,1423.0,20.9,,
75963,66543,Paladin,Holy,Lightsmith,Healer,CN,Altar of Fangs,12,1,1416.8,33612,0,305.0,2026-08-21,0,-1,1423.0,20.9,,
75963,66546,Warrior,Arms,Slayer,DPS,CN,Altar of Fangs,12,1,1416.8,277993,0,306.0,2026-08-21,0,-1,1423.0,20.9,,
75963,67322,Shaman,Elemental,Farseer,DPS,CN,Altar of Fangs,12,1,1416.8,256098,0,308.0,2026-08-21,0,-1,1423.0,20.9,,
75963,67321,Mage,Arcane,Sunfury,DPS,CN,Altar of Fangs,12,1,1416.8,189888,1,296.0,2026-08-21,0,-1,1423.0,20.9,,
44934,69426,DeathKnight,Blood,Deathbringer,Tank,EU,Temple of Sethraliss,11,1,1312.1,157278,0,309.0,2026-08-22,0,-1,,,,
44934,48748,Shaman,Restoration,Totemic,Healer,EU,Temple of Sethraliss,11,1,1312.1,25144,1,305.0,2026-08-22,0,-1,,,,
44934,34853,Warrior,Arms,Slayer,DPS,EU,Temple of Sethraliss,11,1,1312.1,228848,2,306.0,2026-08-22,0,-1,,,,
44934,94600,Hunter,Marksmanship,Sentinel,DPS,EU,Temple of Sethraliss,11,1,1312.1,166540,0,290.0,2026-08-22,0,-1,,,,
44934,69429,DemonHunter,Havoc,Fel-Scarred,DPS,EU,Temple of Sethraliss,11,1,1312.1,198549,0,297.0,2026-08-22,0,-1,,,,
54816,16227,Druid,Guardian,Elune's Chosen,Tank,EU,Den of Nalorakk,10,1,1146.8,137122,0,303.0,2026-08-22,0,-1,1149.0,40.2,,
54816,114372,Paladin,Holy,Herald of the Sun,Healer,EU,Den of Nalorakk,10,1,1146.8,28139,0,295.0,2026-08-22,0,-1,1149.0,40.2,,
54816,114371,DemonHunter,Devourer,Void-Scarred,DPS,EU,Den of Nalorakk,10,1,1146.8,191776,1,301.0,2026-08-22,0,-1,1149.0,40.2,,
54816,62283,Priest,Shadow,Archon,DPS,EU,Den of Nalorakk,10,1,1146.8,218466,0,295.0,2026-08-22,0,-1,1149.0,40.2,,
54816,115173,Warrior,Arms,Slayer,DPS,EU,Den of Nalorakk,10,1,1146.8,206764,1,296.0,2026-08-22,0,-1,1149.0,40.2,,
28726,598,Druid,Guardian,Elune's Chosen,Tank,US,Altar of Fangs,10,1,1085.0,128720,0,307.0,2026-08-20,0,-1,1077.0,40.2,,2670
28726,599,Shaman,Restoration,Totemic,Healer,US,Altar of Fangs,10,1,1085.0,37020,0,308.0,2026-08-20,0,-1,1077.0,40.2,,2686
28726,13863,Warlock,Destruction,Hellcaller,DPS,US,Altar of Fangs,10,1,1085.0,249404,0,306.0,2026-08-20,0,-1,1077.0,40.2,,
28726,268,Shaman,Elemental,Farseer,DPS,US,Altar of Fangs,10,1,1085.0,259669,0,303.0,2026-08-20,0,-1,1077.0,40.2,,2738
28726,602,Warrior,Arms,Slayer,DPS,US,Altar of Fangs,10,1,1085.0,275562,0,307.0,2026-08-20,0,-1,1077.0,40.2,,2594
63177,13626,Druid,Guardian,Elune's Chosen,Tank,EU,Murder Row,10,1,1201.5,145882,0,308.0,2026-08-23,0,-1,1198.0,41.3,,2754
63177,117043,Paladin,Holy,Herald of the Sun,Healer,EU,Murder Row,10,1,1201.5,14766,0,296.0,2026-08-23,0,-1,1198.0,41.3,,
63177,13630,DemonHunter,Devourer,Annihilator,DPS,EU,Murder Row,10,1,1201.5,262733,1,312.0,2026-08-23,0,-1,1198.0,41.3,,2826
63177,136026,Warlock,Demonology,Diabolist,DPS,EU,Murder Row,10,1,1201.5,197832,0,302.0,2026-08-23,0,-1,1198.0,41.3,,
63177,136027,DeathKnight,Unholy,Rider of the Apocalypse,DPS,EU,Murder Row,10,1,1201.5,215746,0,302.0,2026-08-23,0,-1,1198.0,41.3,,
28759,58205,Paladin,Protection,Lightsmith,Tank,US,Murder Row,12,1,1561.6,109828,0,305.0,2026-08-20,0,-1,1553.0,23.9,,
28759,8620,Evoker,Preservation,Flameshaper,Healer,US,Murder Row,12,1,1561.6,49003,0,297.0,2026-08-20,0,-1,1553.0,23.9,,
28759,2647,Monk,Windwalker,Shado-Pan,DPS,US,Murder Row,12,1,1561.6,195744,0,303.0,2026-08-20,0,-1,1553.0,23.9,,3139
28759,2650,Druid,Feral,Druid of the Claw,DPS,US,Murder Row,12,1,1561.6,195882,0,299.0,2026-08-20,0,-1,1553.0,23.9,,2912
28759,2649,Shaman,Enhancement,Stormbringer,DPS,US,Murder Row,12,1,1561.6,192102,0,296.0,2026-08-20,0,-1,1553.0,23.9,,2934
39498,74160,DeathKnight,Blood,San'layn,Tank,US,Altar of Fangs,11,1,1245.2,157221,0,306.0,2026-08-21,0,-1,1246.0,30.8,,
39498,61654,Priest,Holy,Oracle,Healer,US,Altar of Fangs,11,1,1245.2,28808,0,305.0,2026-08-21,0,-1,1246.0,30.8,,
39498,39276,Mage,Arcane,Sunfury,DPS,US,Altar of Fangs,11,1,1245.2,242337,1,304.0,2026-08-21,0,-1,1246.0,30.8,,
39498,19624,Warlock,Demonology,Diabolist,DPS,US,Altar of Fangs,11,1,1245.2,311394,0,309.0,2026-08-21,0,-1,1246.0,30.8,,
39498,2834,Warrior,Arms,Slayer,DPS,US,Altar of Fangs,11,1,1245.2,194624,1,305.0,2026-08-21,0,-1,1246.0,30.8,,
75148,46742,DeathKnight,Blood,Deathbringer,Tank,US,The Blinding Vale,13,1,1562.8,129508,0,309.0,2026-08-22,0,-1,1569.0,12.8,,
75148,9520,Paladin,Holy,Herald of the Sun,Healer,US,The Blinding Vale,13,1,1562.8,19568,0,298.0,2026-08-22,0,-1,1569.0,12.8,,
75148,73285,Warrior,Arms,Slayer,DPS,US,The Blinding Vale,13,1,1562.8,195472,0,305.0,2026-08-22,0,-1,1569.0,12.8,,
75148,73286,Shaman,Elemental,Farseer,DPS,US,The Blinding Vale,13,1,1562.8,240776,0,305.0,2026-08-22,0,-1,1569.0,12.8,,
75148,52607,Mage,Arcane,Sunfury,DPS,US,The Blinding Vale,13,1,1562.8,241362,1,309.0,2026-08-22,0,-1,1569.0,12.8,,
73093,66842,DeathKnight,Blood,San'layn,Tank,EU,Den of Nalorakk,14,1,1723.7,122180,0,311.0,2026-08-23,0,-1,1760.0,8.3,,
73093,35843,Paladin,Holy,Herald of the Sun,Healer,EU,Den of Nalorakk,14,1,1723.7,9245,1,311.0,2026-08-23,0,-1,1760.0,8.3,,
73093,67640,Shaman,Elemental,Farseer,DPS,EU,Den of Nalorakk,14,1,1723.7,162843,2,307.0,2026-08-23,0,-1,1760.0,8.3,,
73093,66843,Mage,Arcane,Sunfury,DPS,EU,Den of Nalorakk,14,1,1723.7,237362,0,313.0,2026-08-23,0,-1,1760.0,8.3,,
73093,59386,Warrior,Arms,Slayer,DPS,EU,Den of Nalorakk,14,1,1723.7,198803,0,311.0,2026-08-23,0,-1,1760.0,8.3,,
9494,13264,Paladin,Protection,Templar,Tank,EU,Voidscar Arena,12,0,1707.6,82502,0,297.0,2026-08-19,0,-1,1819.0,-1.0,,
9494,13265,Priest,Discipline,Oracle,Healer,EU,Voidscar Arena,12,0,1707.6,15295,1,295.0,2026-08-19,0,-1,1819.0,-1.0,,
9494,13266,Rogue,Outlaw,Trickster,DPS,EU,Voidscar Arena,12,0,1707.6,143584,1,300.0,2026-08-19,0,-1,1819.0,-1.0,,
9494,13267,Shaman,Elemental,Farseer,DPS,EU,Voidscar Arena,12,0,1707.6,170742,5,300.0,2026-08-19,0,-1,1819.0,-1.0,,
9494,18557,Mage,Arcane,Sunfury,DPS,EU,Voidscar Arena,12,0,1707.6,161001,1,301.0,2026-08-19,0,-1,1819.0,-1.0,,
29629,15484,DeathKnight,Blood,San'layn,Tank,EU,Ruby Life Pools,10,1,1061.9,145944,0,297.0,2026-08-20,0,-1,1058.0,37.0,,
29629,31990,Paladin,Holy,Herald of the Sun,Healer,EU,Ruby Life Pools,10,1,1061.9,16605,0,295.0,2026-08-20,0,-1,1058.0,37.0,,
29629,15488,Mage,Arcane,Sunfury,DPS,EU,Ruby Life Pools,10,1,1061.9,242970,1,304.0,2026-08-20,0,-1,1058.0,37.0,,
29629,64137,Rogue,Outlaw,Trickster,DPS,EU,Ruby Life Pools,10,1,1061.9,189816,0,295.0,2026-08-20,0,-1,1058.0,37.0,,
29629,15487,DemonHunter,Devourer,Void-Scarred,DPS,EU,Ruby Life Pools,10,1,1061.9,211723,0,304.0,2026-08-20,0,-1,1058.0,37.0,,
43268,78631,DeathKnight,Blood,Deathbringer,Tank,US,The Blinding Vale,12,1,1502.9,105835,0,306.0,2026-08-21,0,-1,1495.0,17.0,,
43268,3953,Paladin,Holy,Herald of the Sun,Healer,US,The Blinding Vale,12,1,1502.9,24849,0,298.0,2026-08-21,0,-1,1495.0,17.0,,
43268,78236,Shaman,Elemental,Farseer,DPS,US,The Blinding Vale,12,1,1502.9,176123,0,300.0,2026-08-21,0,-1,1495.0,17.0,,
43268,48731,Mage,Arcane,Sunfury,DPS,US,The Blinding Vale,12,1,1502.9,223869,0,307.0,2026-08-21,0,-1,1495.0,17.0,,
43268,321,Rogue,Subtlety,Trickster,DPS,US,The Blinding Vale,12,1,1502.9,197865,0,299.0,2026-08-21,0,-1,1495.0,17.0,,
47204,99666,DeathKnight,Blood,Unknown,Tank,EU,Voidscar Arena,4,1,1034.3,48218,0,291.0,2026-08-21,0,-1,,,,
47204,99667,Paladin,Holy,Unknown,Healer,EU,Voidscar Arena,4,1,1034.3,12468,0,279.0,2026-08-21,0,-1,,,,
47204,99668,Warlock,Destruction,Unknown,DPS,EU,Voidscar Arena,4,1,1034.3,107017,0,291.0,2026-08-21,0,-1,,,,
47204,99669,Mage,Arcane,Unknown,DPS,EU,Voidscar Arena,4,1,1034.3,126884,0,293.0,2026-08-21,0,-1,,,,
47204,99670,DemonHunter,Havoc,Unknown,DPS,EU,Voidscar Arena,4,1,1034.3,121652,0,290.0,2026-08-21,0,-1,,,,
44775,94291,DeathKnight,Blood,Deathbringer,Tank,EU,Murder Row,10,1,1218.9,119439,0,306.0,2026-08-22,0,-1,,,,
44775,94292,Priest,Holy,Oracle,Healer,EU,Murder Row,10,1,1218.9,19333,0,299.0,2026-08-22,0,-1,,,,
44775,94293,Mage,Arcane,Sunfury,DPS,EU,Murder Row,10,1,1218.9,189179,0,296.0,2026-08-22,0,-1,,,,
44775,94294,Hunter,BeastMastery,Pack Leader,DPS,EU,Murder Row,10,1,1218.9,164522,0,301.0,2026-08-22,0,-1,,,,
44775,30841,Shaman,Elemental,Farseer,DPS,EU,Murder Row,10,1,1218.9,257776,0,308.0,2026-08-22,0,-1,,,,
9972,19850,Druid,Guardian,Elune's Chosen,Tank,US,Murder Row,12,0,2659.3,55317,2,302.0,2026-08-19,0,-1,2831.0,-38.8,,
9972,19851,Monk,Mistweaver,Conduit of the Celestials,Healer,US,Murder Row,12,0,2659.3,33416,3,297.0,2026-08-19,0,-1,2831.0,-38.8,,
9972,19852,Rogue,Subtlety,Trickster,DPS,US,Murder Row,12,0,2659.3,108538,9,288.0,2026-08-19,0,-1,2831.0,-38.8,,
9972,9304,Warrior,Arms,Slayer,DPS,US,Murder Row,12,0,2659.3,123035,8,292.0,2026-08-19,0,-1,2831.0,-38.8,,
9972,19853,Hunter,BeastMastery,Pack Leader,DPS,US,Murder Row,12,0,2659.3,140290,10,299.0,2026-08-19,0,-1,2831.0,-38.8,,
87796,36136,Paladin,Protection,Lightsmith,Tank,US,The Blinding Vale,14,1,1677.7,106797,0,311.0,2026-08-24,0,-1,1714.0,4.8,2,
87796,47427,Shaman,Restoration,Totemic,Healer,US,The Blinding Vale,14,1,1677.7,34024,1,309.0,2026-08-24,0,-1,1714.0,4.8,,
87796,24962,DemonHunter,Havoc,Fel-Scarred,DPS,US,The Blinding Vale,14,1,1677.7,171211,1,299.0,2026-08-24,0,-1,1714.0,4.8,4,
87796,139101,DeathKnight,Unholy,Rider of the Apocalypse,DPS,US,The Blinding Vale,14,1,1677.7,231377,0,313.0,2026-08-24,0,-1,1714.0,4.8,4,
87796,112266,Mage,Arcane,Sunfury,DPS,US,The Blinding Vale,14,1,1677.7,261218,1,309.0,2026-08-24,0,-1,1714.0,4.8,5,
38743,83085,Paladin,Protection,Templar,Tank,US,Voidscar Arena,6,1,948.1,78597,0,296.0,2026-08-22,0,-1,944.0,47.5,,
38743,83086,Monk,Mistweaver,Conduit of the Celestials,Healer,US,Voidscar Arena,6,1,948.1,39715,0,297.0,2026-08-22,0,-1,944.0,47.5,,
38743,83087,Rogue,Outlaw,Trickster,DPS,US,Voidscar Arena,6,1,948.1,163482,1,292.0,2026-08-22,0,-1,944.0,47.5,,
38743,83088,Mage,Frost,Spellslinger,DPS,US,Voidscar Arena,6,1,948.1,132972,0,287.0,2026-08-22,0,-1,944.0,47.5,,
38743,83089,Warrior,Arms,Slayer,DPS,US,Voidscar Arena,6,1,948.1,149337,0,297.0,2026-08-22,0,-1,944.0,47.5,,
48630,102874,Paladin,Protection,Lightsmith,Tank,EU,The Blinding Vale,10,1,1079.0,128398,0,304.0,2026-08-22,0,-1,1076.0,40.2,,
48630,102875,Druid,Restoration,Wildstalker,Healer,EU,The Blinding Vale,10,1,1079.0,15270,0,310.0,2026-08-22,0,-1,1076.0,40.2,,
48630,102876,Shaman,Elemental,Farseer,DPS,EU,The Blinding Vale,10,1,1079.0,242277,0,293.0,2026-08-22,0,-1,1076.0,40.2,,
48630,102877,DemonHunter,Devourer,Annihilator,DPS,EU,The Blinding Vale,10,1,1079.0,194062,1,300.0,2026-08-22,0,-1,1076.0,40.2,,
48630,102878,Monk,Windwalker,Shado-Pan,DPS,EU,The Blinding Vale,10,1,1079.0,276673,0,307.0,2026-08-22,0,-1,1076.0,40.2,,
30328,13251,DeathKnight,Blood,San'layn,Tank,EU,Murder Row,11,1,1329.1,148584,0,307.0,2026-08-21,0,-1,1320.0,35.3,,
30328,65220,Paladin,Holy,Lightsmith,Healer,EU,Murder Row,11,1,1329.1,43818,0,307.0,2026-08-21,0,-1,1320.0,35.3,,
30328,53158,Mage,Arcane,Sunfury,DPS,EU,Murder Row,11,1,1329.1,214407,0,301.0,2026-08-21,0,-1,1320.0,35.3,,
30328,65221,Warlock,Demonology,Diabolist,DPS,EU,Murder Row,11,1,1329.1,254182,0,310.0,2026-08-21,0,-1,1320.0,35.3,,
30328,53160,Druid,Balance,Elune's Chosen,DPS,EU,Murder Row,11,1,1329.1,197860,0,302.0,2026-08-21,0,-1,1320.0,35.3,,
3780,6761,DemonHunter,Vengeance,Annihilator,Tank,US,Altar of Fangs,10,1,1412.0,117161,0,294.0,2026-08-18,0,-1,1448.0,19.5,,2786
3780,6762,Evoker,Preservation,Flameshaper,Healer,US,Altar of Fangs,10,1,1412.0,43510,3,293.0,2026-08-18,0,-1,1448.0,19.5,,2800
3780,6763,Shaman,Enhancement,Stormbringer,DPS,US,Altar of Fangs,10,1,1412.0,215142,2,293.0,2026-08-18,0,-1,1448.0,19.5,,3335
3780,6765,Hunter,BeastMastery,Pack Leader,DPS,US,Altar of Fangs,10,1,1412.0,158573,2,295.0,2026-08-18,0,-1,1448.0,19.5,,2820
3780,6764,Shaman,Elemental,Farseer,DPS,US,Altar of Fangs,10,1,1412.0,185288,2,297.0,2026-08-18,0,-1,1448.0,19.5,,2817
38373,8679,Warrior,Protection,Mountain Thane,Tank,US,Ruby Life Pools,12,1,1326.9,123573,0,292.0,2026-08-20,0,-1,1318.0,21.5,,3112
38373,63368,Paladin,Holy,Herald of the Sun,Healer,US,Ruby Life Pools,12,1,1326.9,23532,0,305.0,2026-08-20,0,-1,1318.0,21.5,,
38373,21749,Mage,Arcane,Sunfury,DPS,US,Ruby Life Pools,12,1,1326.9,240142,0,310.0,2026-08-20,0,-1,1318.0,21.5,,
38373,3713,DemonHunter,Devourer,Annihilator,DPS,US,Ruby Life Pools,12,1,1326.9,225803,0,298.0,2026-08-20,0,-1,1318.0,21.5,,
38373,66483,Warlock,Destruction,Diabolist,DPS,US,Ruby Life Pools,12,1,1326.9,218738,0,298.0,2026-08-20,0,-1,1318.0,21.5,,
74749,43464,DeathKnight,Blood,San'layn,Tank,CN,Altar of Fangs,14,1,1476.7,164198,0,310.0,2026-08-21,0,-1,1498.0,16.8,,
74749,43465,Paladin,Holy,Lightsmith,Healer,CN,Altar of Fangs,14,1,1476.7,35470,1,300.0,2026-08-21,0,-1,1498.0,16.8,,
74749,43467,Mage,Arcane,Sunfury,DPS,CN,Altar of Fangs,14,1,1476.7,309836,0,310.0,2026-08-21,0,-1,1498.0,16.8,,
74749,43466,Shaman,Elemental,Farseer,DPS,CN,Altar of Fangs,14,1,1476.7,260687,0,307.0,2026-08-21,0,-1,1498.0,16.8,,
74749,69167,Warrior,Arms,Slayer,DPS,CN,Altar of Fangs,14,1,1476.7,269515,1,311.0,2026-08-21,0,-1,1498.0,16.8,,
73900,100613,DeathKnight,Blood,San'layn,Tank,CN,The Blinding Vale,12,1,1256.8,159906,0,309.0,2026-08-22,0,-1,1293.0,28.2,,
73900,100614,Paladin,Holy,Lightsmith,Healer,CN,The Blinding Vale,12,1,1256.8,34323,1,303.0,2026-08-22,0,-1,1293.0,28.2,,
73900,100617,Shaman,Elemental,Farseer,DPS,CN,The Blinding Vale,12,1,1256.8,239183,0,305.0,2026-08-22,0,-1,1293.0,28.2,,
73900,100616,Rogue,Assassination,Deathstalker,DPS,CN,The Blinding Vale,12,1,1256.8,261158,2,304.0,2026-08-22,0,-1,1293.0,28.2,,
73900,100615,Warrior,Arms,Slayer,DPS,CN,The Blinding Vale,12,1,1256.8,240637,0,307.0,2026-08-22,0,-1,1293.0,28.2,,
28889,62821,DeathKnight,Blood,San'layn,Tank,CN,Temple of Sethraliss,9,1,1228.6,101270,0,304.0,2026-08-22,0,-1,,,,
28889,62822,Priest,Holy,Oracle,Healer,CN,Temple of Sethraliss,9,1,1228.6,13111,0,300.0,2026-08-22,0,-1,,,,
28889,62823,Paladin,Retribution,Herald of the Sun,DPS,CN,Temple of Sethraliss,9,1,1228.6,222199,0,305.0,2026-08-22,0,-1,,,,
28889,62824,Warrior,Fury,Mountain Thane,DPS,CN,Temple of Sethraliss,9,1,1228.6,154938,0,299.0,2026-08-22,0,-1,,,,
28889,62825,Shaman,Elemental,Farseer,DPS,CN,Temple of Sethraliss,9,1,1228.6,168505,0,300.0,2026-08-22,0,-1,,,,
66264,59447,Warrior,Protection,Mountain Thane,Tank,EU,Voidscar Arena,12,1,1341.3,123168,0,303.0,2026-08-22,0,-1,1333.0,25.9,,
66264,59448,Paladin,Holy,Herald of the Sun,Healer,EU,Voidscar Arena,12,1,1341.3,11766,0,303.0,2026-08-22,0,-1,1333.0,25.9,,
66264,59449,Hunter,BeastMastery,Pack Leader,DPS,EU,Voidscar Arena,12,1,1341.3,193847,0,305.0,2026-08-22,0,-1,1333.0,25.9,,
66264,132011,Druid,Balance,Elune's Chosen,DPS,EU,Voidscar Arena,12,1,1341.3,187738,0,307.0,2026-08-22,0,-1,1333.0,25.9,,
66264,59451,Mage,Arcane,Sunfury,DPS,EU,Voidscar Arena,12,1,1341.3,217942,0,310.0,2026-08-22,0,-1,1333.0,25.9,,
35024,7167,Warrior,Protection,Mountain Thane,Tank,US,Den of Nalorakk,10,1,1238.9,103090,0,302.0,2026-08-21,0,-1,1231.0,35.9,,2689
35024,2091,Evoker,Preservation,Flameshaper,Healer,US,Den of Nalorakk,10,1,1238.9,34656,0,309.0,2026-08-21,0,-1,1231.0,35.9,,
35024,10391,Druid,Balance,Elune's Chosen,DPS,US,Den of Nalorakk,10,1,1238.9,201945,0,309.0,2026-08-21,0,-1,1231.0,35.9,,2741
35024,6886,Evoker,Devastation,Scalecommander,DPS,US,Den of Nalorakk,10,1,1238.9,141396,0,304.0,2026-08-21,0,-1,1231.0,35.9,,
35024,67856,Shaman,Enhancement,Stormbringer,DPS,US,Den of Nalorakk,10,1,1238.9,207904,0,308.0,2026-08-21,0,-1,1231.0,35.9,,
19461,824,DeathKnight,Blood,San'layn,Tank,US,The Blinding Vale,12,1,1488.6,93931,0,303.0,2026-08-19,0,-1,1525.0,15.3,,2976
19461,38384,Monk,Mistweaver,Conduit of the Celestials,Healer,US,The Blinding Vale,12,1,1488.6,40272,0,297.0,2026-08-19,0,-1,1525.0,15.3,,
19461,14107,Priest,Shadow,Archon,DPS,US,The Blinding Vale,12,1,1488.6,168520,1,294.0,2026-08-19,0,-1,1525.0,15.3,,
19461,826,Mage,Arcane,Sunfury,DPS,US,The Blinding Vale,12,1,1488.6,225094,2,306.0,2026-08-19,0,-1,1525.0,15.3,,2983
19461,828,Warlock,Demonology,Diabolist,DPS,US,The Blinding Vale,12,1,1488.6,236921,0,305.0,2026-08-19,0,-1,1525.0,15.3,,2984
82686,16136,Paladin,Protection,Unknown,Tank,US,Murder Row,14,1,1735.9,89251,0,306.0,2026-08-22,0,-1,1819.0,10.8,,
82686,4541,Shaman,Restoration,Unknown,Healer,US,Murder Row,14,1,1735.9,29587,0,310.0,2026-08-22,0,-1,1819.0,10.8,,
82686,15675,DemonHunter,Havoc,Unknown,DPS,US,Murder Row,14,1,1735.9,192319,0,305.0,2026-08-22,0,-1,1819.0,10.8,,
82686,17026,Warrior,Arms,Unknown,DPS,US,Murder Row,14,1,1735.9,214717,0,306.0,2026-08-22,0,-1,1819.0,10.8,,
82686,19024,Mage,Arcane,Unknown,DPS,US,Murder Row,14,1,1735.9,211691,0,302.0,2026-08-22,0,-1,1819.0,10.8,,
29646,64163,DeathKnight,Blood,San'layn,Tank,EU,Murder Row,4,1,1226.3,46865,0,274.0,2026-08-22,0,-1,,,,
29646,64164,Evoker,Preservation,Flameshaper,Healer,EU,Murder Row,4,1,1226.3,38816,0,291.0,2026-08-22,0,-1,,,,
29646,64165,DemonHunter,Devourer,Void-Scarred,DPS,EU,Murder Row,4,1,1226.3,82251,0,288.0,2026-08-22,0,-1,,,,
29646,64166,Mage,Arcane,Sunfury,DPS,EU,Murder Row,4,1,1226.3,132904,0,294.0,2026-08-22,0,-1,,,,
29646,64167,Shaman,Elemental,Farseer,DPS,EU,Murder Row,4,1,1226.3,95644,0,286.0,2026-08-22,0,-1,,,,
39251,23867,Paladin,Protection,Lightsmith,Tank,EU,Temple of Sethraliss,12,1,1488.3,79047,1,308.0,2026-08-21,0,-1,1540.0,19.8,,
39251,82839,Shaman,Restoration,Totemic,Healer,EU,Temple of Sethraliss,12,1,1488.3,21851,0,295.0,2026-08-21,0,-1,1540.0,19.8,,
39251,81719,Hunter,BeastMastery,Pack Leader,DPS,EU,Temple of Sethraliss,12,1,1488.3,204484,2,308.0,2026-08-21,0,-1,1540.0,19.8,,
39251,18215,Mage,Arcane,Sunfury,DPS,EU,Temple of Sethraliss,12,1,1488.3,213004,0,306.0,2026-08-21,0,-1,1540.0,19.8,,
39251,84072,Shaman,Elemental,Farseer,DPS,EU,Temple of Sethraliss,12,1,1488.3,223792,1,304.0,2026-08-21,0,-1,1540.0,19.8,,
9954,19080,Druid,Guardian,Elune's Chosen,Tank,EU,Altar of Fangs,11,1,1338.4,136609,0,294.0,2026-08-19,0,-1,1338.0,25.7,,
9954,17403,Shaman,Restoration,Totemic,Healer,EU,Altar of Fangs,11,1,1338.4,30089,0,291.0,2026-08-19,0,-1,1338.0,25.7,,
9954,17402,Warrior,Arms,Slayer,DPS,EU,Altar of Fangs,11,1,1338.4,245950,1,293.0,2026-08-19,0,-1,1338.0,25.7,,
9954,17406,Druid,Balance,Elune's Chosen,DPS,EU,Altar of Fangs,11,1,1338.4,228051,0,294.0,2026-08-19,0,-1,1338.0,25.7,,2740
9954,17404,Warlock,Destruction,Diabolist,DPS,EU,Altar of Fangs,11,1,1338.4,225022,0,295.0,2026-08-19,0,-1,1338.0,25.7,,
60280,52114,Paladin,Protection,Lightsmith,Tank,EU,Murder Row,13,1,1712.9,84844,0,301.0,2026-08-23,0,-1,,,,
60280,52115,Monk,Mistweaver,Conduit of the Celestials,Healer,EU,Murder Row,13,1,1712.9,49411,0,300.0,2026-08-23,0,-1,,,,
60280,129089,Mage,Arcane,Sunfury,DPS,EU,Murder Row,13,1,1712.9,233701,1,305.0,2026-08-23,0,-1,,,,
60280,114002,Druid,Balance,Elune's Chosen,DPS,EU,Murder Row,13,1,1712.9,234867,1,305.0,2026-08-23,0,-1,,,,
60280,81269,DemonHunter,Devourer,Void-Scarred,DPS,EU,Murder Row,13,1,1712.9,160129,2,307.0,2026-08-23,0,-1,,,,
26116,57933,Paladin,Protection,Templar,Tank,US,Den of Nalorakk,5,1,1061.2,80583,0,291.0,2026-08-21,0,-1,1052.0,45.2,,
26116,57934,Druid,Restoration,Keeper of the Grove,Healer,US,Den of Nalorakk,5,1,1061.2,21631,0,283.0,2026-08-21,0,-1,1052.0,45.2,,
26116,57935,DemonHunter,Devourer,Annihilator,DPS,US,Den of Nalorakk,5,1,1061.2,129569,0,294.0,2026-08-21,0,-1,1052.0,45.2,,
26116,57936,Mage,Arcane,Sunfury,DPS,US,Den of Nalorakk,5,1,1061.2,162140,0,302.0,2026-08-21,0,-1,1052.0,45.2,,
26116,57937,Warrior,Arms,Slayer,DPS,US,Den of Nalorakk,5,1,1061.2,110048,0,293.0,2026-08-21,0,-1,1052.0,45.2,,
10340,20425,Druid,Guardian,Elune's Chosen,Tank,EU,Den of Nalorakk,11,1,1464.0,75711,0,297.0,2026-08-19,0,-1,1471.0,23.4,,
10340,20426,Druid,Restoration,Keeper of the Grove,Healer,EU,Den of Nalorakk,11,1,1464.0,50982,0,299.0,2026-08-19,0,-1,1471.0,23.4,,
10340,20427,Rogue,Assassination,Deathstalker,DPS,EU,Den of Nalorakk,11,1,1464.0,191836,1,296.0,2026-08-19,0,-1,1471.0,23.4,,
10340,20428,Monk,Windwalker,Shado-Pan,DPS,EU,Den of Nalorakk,11,1,1464.0,141768,1,298.0,2026-08-19,0,-1,1471.0,23.4,,
10340,20429,Shaman,Enhancement,Stormbringer,DPS,EU,Den of Nalorakk,11,1,1464.0,194904,1,298.0,2026-08-19,0,-1,1471.0,23.4,,
27458,57765,DeathKnight,Blood,San'layn,Tank,EU,Kings' Rest,10,1,1204.4,100877,0,297.0,2026-08-21,0,-1,1200.0,39.4,,
27458,60308,Paladin,Holy,Herald of the Sun,Healer,EU,Kings' Rest,10,1,1204.4,37154,0,300.0,2026-08-21,0,-1,1200.0,39.4,,
27458,53981,Warrior,Fury,Slayer,DPS,EU,Kings' Rest,10,1,1204.4,161626,1,306.0,2026-08-21,0,-1,1200.0,39.4,,
27458,60309,Hunter,BeastMastery,Pack Leader,DPS,EU,Kings' Rest,10,1,1204.4,149282,0,303.0,2026-08-21,0,-1,1200.0,39.4,,
27458,53982,Rogue,Subtlety,Deathstalker,DPS,EU,Kings' Rest,10,1,1204.4,154064,0,302.0,2026-08-21,0,-1,1200.0,39.4,,
29734,12795,DemonHunter,Vengeance,Annihilator,Tank,EU,Den of Nalorakk,13,1,1689.1,129577,0,308.0,2026-08-20,0,-1,1696.0,11.7,,
29734,12796,Monk,Mistweaver,Conduit of the Celestials,Healer,EU,Den of Nalorakk,13,1,1689.1,28166,0,303.0,2026-08-20,0,-1,1696.0,11.7,,
29734,25498,Warlock,Demonology,Diabolist,DPS,EU,Den of Nalorakk,13,1,1689.1,199867,0,297.0,2026-08-20,0,-1,1696.0,11.7,,
29734,57840,Priest,Shadow,Archon,DPS,EU,Den of Nalorakk,13,1,1689.1,172556,0,295.0,2026-08-20,0,-1,1696.0,11.7,,
29734,25499,Hunter,BeastMastery,Pack Leader,DPS,EU,Den of Nalorakk,13,1,1689.1,155193,1,297.0,2026-08-20,0,-1,1696.0,11.7,,
35214,19595,DemonHunter,Vengeance,Annihilator,Tank,EU,The Blinding Vale,10,1,1021.0,130640,0,302.0,2026-08-21,0,-1,1032.0,42.7,,
35214,19596,Paladin,Holy,Herald of the Sun,Healer,EU,The Blinding Vale,10,1,1021.0,23641,2,301.0,2026-08-21,0,-1,1032.0,42.7,,
35214,19598,Shaman,Enhancement,Stormbringer,DPS,EU,The Blinding Vale,10,1,1021.0,244309,1,305.0,2026-08-21,0,-1,1032.0,42.7,,
35214,19597,Rogue,Assassination,Deathstalker,DPS,EU,The Blinding Vale,10,1,1021.0,253279,1,307.0,2026-08-21,0,-1,1032.0,42.7,,
35214,23509,Warlock,Affliction,Soul Harvester,DPS,EU,The Blinding Vale,10,1,1021.0,266026,0,305.0,2026-08-21,0,-1,1032.0,42.7,,
53861,6796,Paladin,Protection,Templar,Tank,US,Den of Nalorakk,10,1,1131.5,96298,0,300.0,2026-08-22,0,-1,1123.0,41.5,,
53861,6797,Shaman,Restoration,Totemic,Healer,US,Den of Nalorakk,10,1,1131.5,24746,0,303.0,2026-08-22,0,-1,1123.0,41.5,,
53861,7648,DeathKnight,Unholy,San'layn,DPS,US,Den of Nalorakk,10,1,1131.5,231290,0,312.0,2026-08-22,0,-1,1123.0,41.5,,
53861,10659,Mage,Arcane,Sunfury,DPS,US,Den of Nalorakk,10,1,1131.5,206055,0,307.0,2026-08-22,0,-1,1123.0,41.5,,
53861,10878,Druid,Balance,Elune's Chosen,DPS,US,Den of Nalorakk,10,1,1131.5,177605,0,308.0,2026-08-22,0,-1,1123.0,41.5,,
19115,16519,DeathKnight,Blood,San'layn,Tank,EU,Altar of Fangs,12,1,1518.4,133111,0,295.0,2026-08-19,0,-1,1509.0,16.1,,
19115,19600,Shaman,Restoration,Totemic,Healer,EU,Altar of Fangs,12,1,1518.4,29491,0,298.0,2026-08-19,0,-1,1509.0,16.1,,
19115,16521,DemonHunter,Devourer,Annihilator,DPS,EU,Altar of Fangs,12,1,1518.4,246816,0,296.0,2026-08-19,0,-1,1509.0,16.1,,
19115,37656,DeathKnight,Unholy,Rider of the Apocalypse,DPS,EU,Altar of Fangs,12,1,1518.4,219419,0,297.0,2026-08-19,0,-1,1509.0,16.1,,
19115,16523,Druid,Balance,Elune's Chosen,DPS,EU,Altar of Fangs,12,1,1518.4,212159,0,296.0,2026-08-19,0,-1,1509.0,16.1,,
30905,66189,DeathKnight,Blood,San'layn,Tank,CN,Murder Row,3,1,1093.9,107876,0,306.0,2026-08-21,0,-1,1086.0,46.8,,
30905,66190,Shaman,Restoration,Totemic,Healer,CN,Murder Row,3,1,1093.9,9989,0,281.0,2026-08-21,0,-1,1086.0,46.8,,
30905,66191,Warrior,Arms,Slayer,DPS,CN,Murder Row,3,1,1093.9,78794,0,272.0,2026-08-21,0,-1,1086.0,46.8,,
30905,66192,Warlock,Destruction,Diabolist,DPS,CN,Murder Row,3,1,1093.9,84093,0,299.0,2026-08-21,0,-1,1086.0,46.8,,
30905,66193,Warrior,Arms,Slayer,DPS,CN,Murder Row,3,1,1093.9,157079,0,302.0,2026-08-21,0,-1,1086.0,46.8,,
82530,74753,DeathKnight,Blood,San'layn,Tank,CN,Temple of Sethraliss,12,1,1412.4,110358,0,312.0,2026-08-22,0,-1,1434.0,25.3,,
82530,84025,Paladin,Holy,Lightsmith,Healer,CN,Temple of Sethraliss,12,1,1412.4,28133,1,301.0,2026-08-22,0,-1,1434.0,25.3,,
82530,74757,Shaman,Elemental,Farseer,DPS,CN,Temple of Sethraliss,12,1,1412.4,220433,1,310.0,2026-08-22,0,-1,1434.0,25.3,,
82530,74755,Mage,Arcane,Sunfury,DPS,CN,Temple of Sethraliss,12,1,1412.4,233167,0,308.0,2026-08-22,0,-1,1434.0,25.3,,
82530,146684,Mage,Arcane,Sunfury,DPS,CN,Temple of Sethraliss,12,1,1412.4,173056,0,298.0,2026-08-22,0,-1,1434.0,25.3,,
57077,84114,DeathKnight,Blood,San'layn,Tank,EU,Kings' Rest,13,1,1686.2,91757,0,306.0,2026-08-22,0,-1,,,,
57077,59518,Paladin,Holy,Herald of the Sun,Healer,EU,Kings' Rest,13,1,1686.2,16127,1,309.0,2026-08-22,0,-1,,,,
57077,84117,Shaman,Elemental,Farseer,DPS,EU,Kings' Rest,13,1,1686.2,146209,0,307.0,2026-08-22,0,-1,,,,
57077,48578,Rogue,Subtlety,Deathstalker,DPS,EU,Kings' Rest,13,1,1686.2,173950,2,307.0,2026-08-22,0,-1,,,,
57077,83726,Hunter,Marksmanship,Sentinel,DPS,EU,Kings' Rest,13,1,1686.2,145835,0,307.0,2026-08-22,0,-1,,,,
45492,95880,Paladin,Protection,Lightsmith,Tank,EU,The Blinding Vale,2,1,938.7,87174,0,293.0,2026-08-22,0,-1,,,,
45492,95881,Priest,Holy,Oracle,Healer,EU,The Blinding Vale,2,1,938.7,24050,0,284.0,2026-08-22,0,-1,,,,
45492,95882,Warrior,Arms,Slayer,DPS,EU,The Blinding Vale,2,1,938.7,120853,0,291.0,2026-08-22,0,-1,,,,
45492,95883,Warlock,Destruction,Diabolist,DPS,EU,The Blinding Vale,2,1,938.7,129366,0,286.0,2026-08-22,0,-1,,,,
45492,95884,Monk,Windwalker,Shado-Pan,DPS,EU,The Blinding Vale,2,1,938.7,111175,0,290.0,2026-08-22,0,-1,,,,
58002,53512,DeathKnight,Blood,San'layn,Tank,US,Voidscar Arena,10,1,911.7,112338,0,308.0,2026-08-23,0,-1,903.0,49.8,,
58002,6779,Paladin,Holy,Herald of the Sun,Healer,US,Voidscar Arena,10,1,911.7,16189,0,310.0,2026-08-23,0,-1,903.0,49.8,,
58002,1869,Monk,Windwalker,Conduit of the Celestials,DPS,US,Voidscar Arena,10,1,911.7,243510,0,308.0,2026-08-23,0,-1,903.0,49.8,,2758
58002,13241,Warrior,Fury,Slayer,DPS,US,Voidscar Arena,10,1,911.7,291465,0,312.0,2026-08-23,0,-1,903.0,49.8,,
58002,53514,Warrior,Arms,Slayer,DPS,US,Voidscar Arena,10,1,911.7,200222,0,299.0,2026-08-23,0,-1,903.0,49.8,,
20758,46178,Paladin,Protection,Lightsmith,Tank,CN,Kings' Rest,5,1,1142.9,59940,0,292.0,2026-08-20,0,-1,1134.0,42.7,,
20758,46179,Shaman,Restoration,Totemic,Healer,CN,Kings' Rest,5,1,1142.9,15476,0,288.0,2026-08-20,0,-1,1134.0,42.7,,
20758,46180,Hunter,Marksmanship,Sentinel,DPS,CN,Kings' Rest,5,1,1142.9,101118,0,292.0,2026-08-20,0,-1,1134.0,42.7,,
20758,46181,DemonHunter,Devourer,Annihilator,DPS,CN,Kings' Rest,5,1,1142.9,74184,1,292.0,2026-08-20,0,-1,1134.0,42.7,,
20758,46182,Mage,Arcane,Sunfury,DPS,CN,Kings' Rest,5,1,1142.9,117273,0,286.0,2026-08-20,0,-1,1134.0,42.7,,
14429,28477,DeathKnight,Blood,San'layn,Tank,EU,The Blinding Vale,2,1,975.7,53806,0,294.0,2026-08-19,0,-1,967.0,46.3,,
14429,28478,Shaman,Restoration,Totemic,Healer,EU,The Blinding Vale,2,1,975.7,19183,0,292.0,2026-08-19,0,-1,967.0,46.3,,
14429,28479,Paladin,Retribution,Templar,DPS,EU,The Blinding Vale,2,1,975.7,162382,0,294.0,2026-08-19,0,-1,967.0,46.3,,
14429,28480,Rogue,Outlaw,Trickster,DPS,EU,The Blinding Vale,2,1,975.7,113960,1,292.0,2026-08-19,0,-1,967.0,46.3,,
14429,28481,Hunter,BeastMastery,Pack Leader,DPS,EU,The Blinding Vale,2,1,975.7,137753,0,293.0,2026-08-19,0,-1,967.0,46.3,,
51743,72370,Druid,Guardian,Elune's Chosen,Tank,US,Altar of Fangs,5,1,949.3,105731,0,311.0,2026-08-22,0,-1,,,,
51743,72368,Priest,Holy,Archon,Healer,US,Altar of Fangs,5,1,949.3,13763,0,305.0,2026-08-22,0,-1,,,,
51743,108700,Shaman,Elemental,Farseer,DPS,US,Altar of Fangs,5,1,949.3,94556,0,279.0,2026-08-22,0,-1,,,,
51743,109950,Warrior,Arms,Slayer,DPS,US,Altar of Fangs,5,1,949.3,194005,0,304.0,2026-08-22,0,-1,,,,
51743,109951,Shaman,Enhancement,Stormbringer,DPS,US,Altar of Fangs,5,1,949.3,198734,0,290.0,2026-08-22,0,-1,,,,
56717,63289,DeathKnight,Blood,San'layn,Tank,KR,Ruby Life Pools,14,0,1686.1,147686,0,303.0,2026-08-23,0,-1,,,,
56717,63290,Priest,Holy,Oracle,Healer,KR,Ruby Life Pools,14,0,1686.1,8919,0,304.0,2026-08-23,0,-1,,,,
56717,64619,Hunter,Marksmanship,Sentinel,DPS,KR,Ruby Life Pools,14,0,1686.1,195501,1,299.0,2026-08-23,0,-1,,,,
56717,63292,DemonHunter,Devourer,Annihilator,DPS,KR,Ruby Life Pools,14,0,1686.1,237332,0,309.0,2026-08-23,0,-1,,,,
56717,63293,DeathKnight,Frost,Deathbringer,DPS,KR,Ruby Life Pools,14,0,1686.1,218333,0,304.0,2026-08-23,0,-1,,,,
11042,19102,Paladin,Protection,Lightsmith,Tank,EU,Altar of Fangs,10,1,1322.3,94627,0,293.0,2026-08-19,0,-1,1314.0,27.0,,
11042,19103,Shaman,Restoration,Totemic,Healer,EU,Altar of Fangs,10,1,1322.3,37206,0,296.0,2026-08-19,0,-1,1314.0,27.0,,
11042,19104,DeathKnight,Unholy,Rider of the Apocalypse,DPS,EU,Altar of Fangs,10,1,1322.3,161683,0,295.0,2026-08-19,0,-1,1314.0,27.0,,
11042,19105,Shaman,Elemental,Farseer,DPS,EU,Altar of Fangs,10,1,1322.3,265616,0,299.0,2026-08-19,0,-1,1314.0,27.0,,2966
11042,19106,Mage,Arcane,Sunfury,DPS,EU,Altar of Fangs,10,1,1322.3,225901,0,297.0,2026-08-19,0,-1,1314.0,27.0,,
74863,34994,DeathKnight,Blood,San'layn,Tank,US,Murder Row,12,1,1477.5,112486,0,309.0,2026-08-21,0,-1,1499.0,26.5,,
74863,4397,Monk,Mistweaver,Conduit of the Celestials,Healer,US,Murder Row,12,1,1477.5,29714,0,306.0,2026-08-21,0,-1,1499.0,26.5,,
74863,2014,Druid,Balance,Elune's Chosen,DPS,US,Murder Row,12,1,1477.5,211778,0,304.0,2026-08-21,0,-1,1499.0,26.5,,
74863,9581,Warrior,Arms,Slayer,DPS,US,Murder Row,12,1,1477.5,187274,1,307.0,2026-08-21,0,-1,1499.0,26.5,,
74863,17364,Mage,Arcane,Sunfury,DPS,US,Murder Row,12,1,1477.5,212588,1,308.0,2026-08-21,0,-1,1499.0,26.5,,
13500,26812,Druid,Guardian,Elune's Chosen,Tank,EU,Altar of Fangs,6,1,1092.0,89783,0,293.0,2026-08-19,0,-1,1084.0,39.8,,
13500,26813,Paladin,Holy,Herald of the Sun,Healer,EU,Altar of Fangs,6,1,1092.0,22062,0,286.0,2026-08-19,0,-1,1084.0,39.8,,
13500,26814,Hunter,Survival,Sentinel,DPS,EU,Altar of Fangs,6,1,1092.0,161751,0,297.0,2026-08-19,0,-1,1084.0,39.8,,
13500,26815,Mage,Arcane,Sunfury,DPS,EU,Altar of Fangs,6,1,1092.0,191451,0,289.0,2026-08-19,0,-1,1084.0,39.8,,
13500,26816,DemonHunter,Havoc,Fel-Scarred,DPS,EU,Altar of Fangs,6,1,1092.0,122946,0,289.0,2026-08-19,0,-1,1084.0,39.8,,
34854,75415,DemonHunter,Vengeance,Annihilator,Tank,EU,The Blinding Vale,3,1,1003.3,79339,0,297.0,2026-08-20,0,-1,994.0,44.8,,
34854,75416,Shaman,Restoration,Totemic,Healer,EU,The Blinding Vale,3,1,1003.3,35504,0,298.0,2026-08-20,0,-1,994.0,44.8,,
34854,75417,Shaman,Elemental,Farseer,DPS,EU,The Blinding Vale,3,1,1003.3,177998,0,288.0,2026-08-20,0,-1,994.0,44.8,,
34854,75418,Warrior,Arms,Slayer,DPS,EU,The Blinding Vale,3,1,1003.3,87642,0,287.0,2026-08-20,0,-1,994.0,44.8,,
34854,75419,Paladin,Retribution,Templar,DPS,EU,The Blinding Vale,3,1,1003.3,133807,0,292.0,2026-08-20,0,-1,994.0,44.8,,
41090,87248,DeathKnight,Blood,Deathbringer,Tank,US,The Blinding Vale,5,1,944.5,102594,0,292.0,2026-08-22,0,-1,936.0,48.0,,
41090,87249,Evoker,Preservation,Flameshaper,Healer,US,The Blinding Vale,5,1,944.5,47021,0,292.0,2026-08-22,0,-1,936.0,48.0,,
41090,87250,Shaman,Enhancement,Stormbringer,DPS,US,The Blinding Vale,5,1,944.5,155680,0,296.0,2026-08-22,0,-1,936.0,48.0,,
41090,87251,Warrior,Arms,Slayer,DPS,US,The Blinding Vale,5,1,944.5,112607,1,277.0,2026-08-22,0,-1,936.0,48.0,,
41090,77212,Rogue,Outlaw,Trickster,DPS,US,The Blinding Vale,5,1,944.5,127515,0,291.0,2026-08-22,0,-1,936.0,48.0,,
337,850,Paladin,Protection,Templar,Tank,US,Kings' Rest,11,1,1551.7,70409,0,290.0,2026-08-18,0,-1,1553.0,21.6,,2763
337,1401,Priest,Holy,Oracle,Healer,US,Kings' Rest,11,1,1551.7,24280,0,294.0,2026-08-18,0,-1,1553.0,21.6,,
337,1402,Priest,Shadow,Voidweaver,DPS,US,Kings' Rest,11,1,1551.7,133478,1,293.0,2026-08-18,0,-1,1553.0,21.6,,
337,1403,Mage,Arcane,Sunfury,DPS,US,Kings' Rest,11,1,1551.7,144523,1,290.0,2026-08-18,0,-1,1553.0,21.6,,
337,853,Warlock,Demonology,Diabolist,DPS,US,Kings' Rest,11,1,1551.7,171812,0,297.0,2026-08-18,0,-1,1553.0,21.6,,2770
63620,136524,DeathKnight,Blood,San'layn,Tank,CN,Ruby Life Pools,14,1,1579.7,142123,0,313.0,2026-08-23,0,-1,,,,
63620,95843,Paladin,Holy,Herald of the Sun,Healer,CN,Ruby Life Pools,14,1,1579.7,11644,3,310.0,2026-08-23,0,-1,,,,
63620,69527,Warrior,Arms,Slayer,DPS,CN,Ruby Life Pools,14,1,1579.7,209047,2,311.0,2026-08-23,0,-1,,,,
63620,136525,Shaman,Elemental,Farseer,DPS,CN,Ruby Life Pools,14,1,1579.7,215697,1,314.0,2026-08-23,0,-1,,,,
63620,75736,Mage,Arcane,Sunfury,DPS,CN,Ruby Life Pools,14,1,1579.7,263129,1,314.0,2026-08-23,0,-1,,,,
57100,121020,DeathKnight,Blood,San'layn,Tank,US,Kings' Rest,6,1,1130.1,62981,0,295.0,2026-08-23,0,-1,1147.0,42.1,,
57100,61887,Priest,Discipline,Oracle,Healer,US,Kings' Rest,6,1,1130.1,15001,1,302.0,2026-08-23,0,-1,1147.0,42.1,,
57100,61886,Mage,Arcane,Sunfury,DPS,US,Kings' Rest,6,1,1130.1,88149,1,297.0,2026-08-23,0,-1,1147.0,42.1,,
57100,61888,Hunter,BeastMastery,Pack Leader,DPS,US,Kings' Rest,6,1,1130.1,123721,1,309.0,2026-08-23,0,-1,1147.0,42.1,,
57100,76839,Warrior,Arms,Slayer,DPS,US,Kings' Rest,6,1,1130.1,112694,2,304.0,2026-08-23,0,-1,1147.0,42.1,,
9373,13289,DeathKnight,Blood,San'layn,Tank,EU,Murder Row,14,1,1938.9,139905,0,296.0,2026-08-19,0,-1,1989.0,2.5,,3061
9373,13290,Paladin,Holy,Herald of the Sun,Healer,EU,Murder Row,14,1,1938.9,31169,0,297.0,2026-08-19,0,-1,1989.0,2.5,,3061
9373,13292,Druid,Balance,Elune's Chosen,DPS,EU,Murder Row,14,1,1938.9,170121,1,299.0,2026-08-19,0,-1,1989.0,2.5,,3049
9373,13291,DemonHunter,Devourer,Annihilator,DPS,EU,Murder Row,14,1,1938.9,218377,0,296.0,2026-08-19,0,-1,1989.0,2.5,,3061
9373,13293,Shaman,Elemental,Farseer,DPS,EU,Murder Row,14,1,1938.9,189905,3,292.0,2026-08-19,0,-1,1989.0,2.5,,3061
87767,154272,DeathKnight,Blood,San'layn,Tank,US,Voidscar Arena,5,1,1068.5,72496,0,291.0,2026-08-19,0,-1,1060.0,41.1,,
87767,154273,Paladin,Holy,Herald of the Sun,Healer,US,Voidscar Arena,5,1,1068.5,14634,0,288.0,2026-08-19,0,-1,1060.0,41.1,0,
87767,154408,Rogue,Subtlety,Deathstalker,DPS,US,Voidscar Arena,5,1,1068.5,154054,0,291.0,2026-08-19,0,-1,1060.0,41.1,0,
87767,88515,Monk,Windwalker,Shado-Pan,DPS,US,Voidscar Arena,5,1,1068.5,127663,0,286.0,2026-08-19,0,-1,1060.0,41.1,1,
87767,154409,Shaman,Elemental,Farseer,DPS,US,Voidscar Arena,5,1,1068.5,95812,1,289.0,2026-08-19,0,-1,1060.0,41.1,0,
57620,49262,DeathKnight,Blood,San'layn,Tank,US,Kings' Rest,10,1,1157.6,83537,0,293.0,2026-08-23,0,-1,1149.0,42.0,,
57620,22035,Priest,Holy,Oracle,Healer,US,Kings' Rest,10,1,1157.6,28275,0,308.0,2026-08-23,0,-1,1149.0,42.0,,
57620,892,Warrior,Arms,Slayer,DPS,US,Kings' Rest,10,1,1157.6,187310,0,306.0,2026-08-23,0,-1,1149.0,42.0,,
57620,9479,Druid,Feral,Druid of the Claw,DPS,US,Kings' Rest,10,1,1157.6,169604,0,306.0,2026-08-23,0,-1,1149.0,42.0,,
57620,51255,Hunter,Marksmanship,Sentinel,DPS,US,Kings' Rest,10,1,1157.6,162968,0,310.0,2026-08-23,0,-1,1149.0,42.0,,
31526,7904,Druid,Guardian,Elune's Chosen,Tank,US,Voidscar Arena,12,1,1380.5,85094,1,304.0,2026-08-21,0,-1,1432.0,20.5,,
31526,67857,Evoker,Preservation,Chronowarden,Healer,US,Voidscar Arena,12,1,1380.5,11131,0,299.0,2026-08-21,0,-1,1432.0,20.5,,
31526,4087,Monk,Windwalker,Shado-Pan,DPS,US,Voidscar Arena,12,1,1380.5,205434,1,305.0,2026-08-21,0,-1,1432.0,20.5,,
31526,65145,Shaman,Elemental,Farseer,DPS,US,Voidscar Arena,12,1,1380.5,209984,1,305.0,2026-08-21,0,-1,1432.0,20.5,,
31526,7903,Evoker,Devastation,Scalecommander,DPS,US,Voidscar Arena,12,1,1380.5,184327,1,306.0,2026-08-21,0,-1,1432.0,20.5,,
51952,8285,Monk,Brewmaster,Master of Harmony,Tank,US,Altar of Fangs,11,1,1184.1,130601,0,306.0,2026-08-21,0,-1,1181.0,34.4,,3035
51952,8286,Shaman,Restoration,Totemic,Healer,US,Altar of Fangs,11,1,1184.1,46200,1,305.0,2026-08-21,0,-1,1181.0,34.4,,
51952,8288,Druid,Feral,Druid of the Claw,DPS,US,Altar of Fangs,11,1,1184.1,263961,0,304.0,2026-08-21,0,-1,1181.0,34.4,,3326
51952,5211,Rogue,Outlaw,Trickster,DPS,US,Altar of Fangs,11,1,1184.1,285927,0,308.0,2026-08-21,0,-1,1181.0,34.4,,3327
51952,8287,Hunter,BeastMastery,Pack Leader,DPS,US,Altar of Fangs,11,1,1184.1,265332,0,305.0,2026-08-21,0,-1,1181.0,34.4,,
45089,94905,DeathKnight,Blood,San'layn,Tank,EU,The Blinding Vale,11,1,1269.3,133908,0,305.0,2026-08-22,0,-1,,,,
45089,94906,Monk,Mistweaver,Conduit of the Celestials,Healer,EU,The Blinding Vale,11,1,1269.3,44358,2,296.0,2026-08-22,0,-1,,,,
45089,94907,Warlock,Affliction,Soul Harvester,DPS,EU,The Blinding Vale,11,1,1269.3,241283,0,302.0,2026-08-22,0,-1,,,,
45089,94908,Mage,Arcane,Sunfury,DPS,EU,The Blinding Vale,11,1,1269.3,217132,1,306.0,2026-08-22,0,-1,,,,
45089,94909,DemonHunter,Devourer,Annihilator,DPS,EU,The Blinding Vale,11,1,1269.3,153157,1,301.0,2026-08-22,0,-1,,,,
15367,32488,Druid,Guardian,Elune's Chosen,Tank,EU,Kings' Rest,4,1,1173.8,64334,0,293.0,2026-08-19,0,-1,1166.0,41.1,,
15367,32489,Evoker,Preservation,Flameshaper,Healer,EU,Kings' Rest,4,1,1173.8,11797,0,278.0,2026-08-19,0,-1,1166.0,41.1,,
15367,32490,Shaman,Elemental,Farseer,DPS,EU,Kings' Rest,4,1,1173.8,108660,0,288.0,2026-08-19,0,-1,1166.0,41.1,,
15367,32491,Hunter,BeastMastery,Pack Leader,DPS,EU,Kings' Rest,4,1,1173.8,82831,2,286.0,2026-08-19,0,-1,1166.0,41.1,,
15367,32492,Monk,Windwalker,Shado-Pan,DPS,EU,Kings' Rest,4,1,1173.8,71391,0,277.0,2026-08-19,0,-1,1166.0,41.1,,
12784,24980,DemonHunter,Vengeance,Annihilator,Tank,EU,The Blinding Vale,11,1,1523.8,116257,0,292.0,2026-08-19,0,-1,1521.0,15.5,,
12784,24669,Paladin,Holy,Herald of the Sun,Healer,EU,The Blinding Vale,11,1,1523.8,20545,0,295.0,2026-08-19,0,-1,1521.0,15.5,,
12784,24981,Rogue,Assassination,Deathstalker,DPS,EU,The Blinding Vale,11,1,1523.8,168861,1,292.0,2026-08-19,0,-1,1521.0,15.5,,
12784,24671,Warrior,Arms,Slayer,DPS,EU,The Blinding Vale,11,1,1523.8,195650,0,295.0,2026-08-19,0,-1,1521.0,15.5,,
12784,24982,Mage,Arcane,Sunfury,DPS,EU,The Blinding Vale,11,1,1523.8,201698,0,292.0,2026-08-19,0,-1,1521.0,15.5,,
36855,11175,DeathKnight,Blood,San'layn,Tank,US,Kings' Rest,10,1,1165.6,105654,0,308.0,2026-08-21,0,-1,1157.0,41.6,,2933
36855,72803,Evoker,Preservation,Flameshaper,Healer,US,Kings' Rest,10,1,1165.6,66730,0,307.0,2026-08-21,0,-1,1157.0,41.6,,
36855,72804,Shaman,Enhancement,Stormbringer,DPS,US,Kings' Rest,10,1,1165.6,171050,0,303.0,2026-08-21,0,-1,1157.0,41.6,,
36855,68473,Druid,Balance,Elune's Chosen,DPS,US,Kings' Rest,10,1,1165.6,121550,0,296.0,2026-08-21,0,-1,1157.0,41.6,,
36855,79411,Mage,Arcane,Sunfury,DPS,US,Kings' Rest,10,1,1165.6,158801,0,301.0,2026-08-21,0,-1,1157.0,41.6,,
43504,30640,DeathKnight,Blood,San'layn,Tank,EU,Den of Nalorakk,13,1,1740.0,108875,0,301.0,2026-08-20,0,-1,1792.0,6.7,,
43504,30641,Paladin,Holy,Herald of the Sun,Healer,EU,Den of Nalorakk,13,1,1740.0,9049,1,303.0,2026-08-20,0,-1,1792.0,6.7,,
43504,32862,Warrior,Arms,Slayer,DPS,EU,Den of Nalorakk,13,1,1740.0,192371,1,304.0,2026-08-20,0,-1,1792.0,6.7,,
43504,30643,Shaman,Elemental,Farseer,DPS,EU,Den of Nalorakk,13,1,1740.0,193328,1,302.0,2026-08-20,0,-1,1792.0,6.7,,
43504,30642,Rogue,Outlaw,Trickster,DPS,EU,Den of Nalorakk,13,1,1740.0,165998,1,301.0,2026-08-20,0,-1,1792.0,6.7,,
59582,127484,Paladin,Protection,Lightsmith,Tank,KR,Temple of Sethraliss,5,1,977.7,64188,0,294.0,2026-08-23,0,-1,969.0,49.5,,
59582,127485,Shaman,Restoration,Totemic,Healer,KR,Temple of Sethraliss,5,1,977.7,13416,0,290.0,2026-08-23,0,-1,969.0,49.5,,
59582,127486,Hunter,BeastMastery,Pack Leader,DPS,KR,Temple of Sethraliss,5,1,977.7,137521,0,292.0,2026-08-23,0,-1,969.0,49.5,,
59582,123971,Evoker,Devastation,Scalecommander,DPS,KR,Temple of Sethraliss,5,1,977.7,179505,0,300.0,2026-08-23,0,-1,969.0,49.5,,
59582,99385,DeathKnight,Unholy,Rider of the Apocalypse,DPS,KR,Temple of Sethraliss,5,1,977.7,121468,0,290.0,2026-08-23,0,-1,969.0,49.5,,
65266,1285,DeathKnight,Blood,San'layn,Tank,US,Altar of Fangs,14,1,1614.9,144280,0,305.0,2026-08-21,0,-1,1606.0,10.8,,
65266,6549,Shaman,Restoration,Totemic,Healer,US,Altar of Fangs,14,1,1614.9,33898,0,307.0,2026-08-21,0,-1,1606.0,10.8,,3329
65266,38518,Rogue,Outlaw,Trickster,DPS,US,Altar of Fangs,14,1,1614.9,234492,0,304.0,2026-08-21,0,-1,1606.0,10.8,,
65266,38516,Shaman,Elemental,Farseer,DPS,US,Altar of Fangs,14,1,1614.9,281269,0,310.0,2026-08-21,0,-1,1606.0,10.8,,
65266,38517,Mage,Arcane,Sunfury,DPS,US,Altar of Fangs,14,1,1614.9,272784,0,309.0,2026-08-21,0,-1,1606.0,10.8,,
38462,3410,Paladin,Protection,Templar,Tank,US,Voidscar Arena,10,1,1056.1,113553,0,306.0,2026-08-22,0,-1,1058.0,41.2,,
38462,3411,Druid,Restoration,Wildstalker,Healer,US,Voidscar Arena,10,1,1056.1,5044,1,296.0,2026-08-22,0,-1,1058.0,41.2,,
38462,82555,Mage,Arcane,Sunfury,DPS,US,Voidscar Arena,10,1,1056.1,178335,1,296.0,2026-08-22,0,-1,1058.0,41.2,,
38462,82556,DemonHunter,Havoc,Fel-Scarred,DPS,US,Voidscar Arena,10,1,1056.1,221472,0,307.0,2026-08-22,0,-1,1058.0,41.2,,
38462,82557,Hunter,Marksmanship,Sentinel,DPS,US,Voidscar Arena,10,1,1056.1,196731,0,308.0,2026-08-22,0,-1,1058.0,41.2,,
37241,18371,DeathKnight,Blood,San'layn,Tank,EU,Altar of Fangs,10,1,1075.8,180319,0,306.0,2026-08-20,0,-1,1072.0,40.4,,3139
37241,20211,Monk,Mistweaver,Conduit of the Celestials,Healer,EU,Altar of Fangs,10,1,1075.8,55392,0,295.0,2026-08-20,0,-1,1072.0,40.4,,
37241,21643,Mage,Arcane,Sunfury,DPS,EU,Altar of Fangs,10,1,1075.8,264641,0,303.0,2026-08-20,0,-1,1072.0,40.4,,
37241,18375,Shaman,Elemental,Farseer,DPS,EU,Altar of Fangs,10,1,1075.8,240713,0,301.0,2026-08-20,0,-1,1072.0,40.4,,3112
37241,19526,Hunter,BeastMastery,Pack Leader,DPS,EU,Altar of Fangs,10,1,1075.8,202631,1,303.0,2026-08-20,0,-1,1072.0,40.4,,
67847,56322,DeathKnight,Blood,San'layn,Tank,CN,Den of Nalorakk,12,1,1424.8,119756,0,303.0,2026-08-23,0,-1,1417.0,26.2,,
67847,56323,Paladin,Holy,Lightsmith,Healer,CN,Den of Nalorakk,12,1,1424.8,43228,0,304.0,2026-08-23,0,-1,1417.0,26.2,,
67847,56595,Rogue,Subtlety,Trickster,DPS,CN,Den of Nalorakk,12,1,1424.8,220476,0,301.0,2026-08-23,0,-1,1417.0,26.2,,
67847,58757,Hunter,Marksmanship,Sentinel,DPS,CN,Den of Nalorakk,12,1,1424.8,178704,0,310.0,2026-08-23,0,-1,1417.0,26.2,,
67847,56326,Shaman,Enhancement,Stormbringer,DPS,CN,Den of Nalorakk,12,1,1424.8,185266,0,304.0,2026-08-23,0,-1,1417.0,26.2,,
48914,103516,DeathKnight,Blood,San'layn,Tank,CN,Kings' Rest,14,0,2146.6,83404,2,308.0,2026-08-22,0,-1,,,,
48914,103517,Paladin,Holy,Herald of the Sun,Healer,CN,Kings' Rest,14,0,2146.6,24893,6,306.0,2026-08-22,0,-1,,,,
48914,91369,DemonHunter,Havoc,Fel-Scarred,DPS,CN,Kings' Rest,14,0,2146.6,140420,3,311.0,2026-08-22,0,-1,,,,
48914,77634,Warrior,Arms,Slayer,DPS,CN,Kings' Rest,14,0,2146.6,137674,5,308.0,2026-08-22,0,-1,,,,
48914,103518,Mage,Arcane,Sunfury,DPS,CN,Kings' Rest,14,0,2146.6,159500,3,306.0,2026-08-22,0,-1,,,,
32287,69668,Paladin,Protection,Templar,Tank,EU,Kings' Rest,6,1,1185.2,62359,0,293.0,2026-08-22,0,-1,1182.0,40.3,,
32287,69669,Shaman,Restoration,Totemic,Healer,EU,Kings' Rest,6,1,1185.2,25556,0,299.0,2026-08-22,0,-1,1182.0,40.3,,
32287,69670,Mage,Arcane,Sunfury,DPS,EU,Kings' Rest,6,1,1185.2,83547,1,295.0,2026-08-22,0,-1,1182.0,40.3,,
32287,69671,Hunter,BeastMastery,Pack Leader,DPS,EU,Kings' Rest,6,1,1185.2,119077,0,294.0,2026-08-22,0,-1,1182.0,40.3,,
32287,44941,Shaman,Elemental,Farseer,DPS,EU,Kings' Rest,6,1,1185.2,122678,0,296.0,2026-08-22,0,-1,1182.0,40.3,,
62175,29154,DeathKnight,Blood,San'layn,Tank,EU,Altar of Fangs,10,1,1077.6,165912,0,303.0,2026-08-23,0,-1,1074.0,40.3,,
62175,133598,Priest,Holy,Archon,Healer,EU,Altar of Fangs,10,1,1077.6,30020,0,308.0,2026-08-23,0,-1,1074.0,40.3,,
62175,133599,Mage,Arcane,Sunfury,DPS,EU,Altar of Fangs,10,1,1077.6,187806,0,297.0,2026-08-23,0,-1,1074.0,40.3,,
62175,133600,Warrior,Arms,Slayer,DPS,EU,Altar of Fangs,10,1,1077.6,287081,0,309.0,2026-08-23,0,-1,1074.0,40.3,,
62175,37377,Rogue,Subtlety,Deathstalker,DPS,EU,Altar of Fangs,10,1,1077.6,306166,0,309.0,2026-08-23,0,-1,1074.0,40.3,,
33547,72619,DeathKnight,Blood,San'layn,Tank,US,Murder Row,7,1,1073.0,122402,0,310.0,2026-08-21,0,-1,1064.0,47.8,,
33547,72620,Monk,Mistweaver,Conduit of the Celestials,Healer,US,Murder Row,7,1,1073.0,43562,0,301.0,2026-08-21,0,-1,1064.0,47.8,,
33547,72621,Shaman,Elemental,Farseer,DPS,US,Murder Row,7,1,1073.0,169670,0,309.0,2026-08-21,0,-1,1064.0,47.8,,
33547,21847,Mage,Arcane,Sunfury,DPS,US,Murder Row,7,1,1073.0,190656,0,304.0,2026-08-21,0,-1,1064.0,47.8,,
33547,72622,Paladin,Retribution,Templar,DPS,US,Murder Row,7,1,1073.0,159342,0,306.0,2026-08-21,0,-1,1064.0,47.8,,
75111,44425,DeathKnight,Blood,San'layn,Tank,CN,Murder Row,12,1,1511.5,122925,0,300.0,2026-08-22,0,-1,,,,
75111,143327,Paladin,Holy,Lightsmith,Healer,CN,Murder Row,12,1,1511.5,52796,0,309.0,2026-08-22,0,-1,,,,
75111,72076,Shaman,Elemental,Farseer,DPS,CN,Murder Row,12,1,1511.5,208089,1,309.0,2026-08-22,0,-1,,,,
75111,72077,Mage,Arcane,Sunfury,DPS,CN,Murder Row,12,1,1511.5,234027,0,307.0,2026-08-22,0,-1,,,,
75111,102244,Warrior,Arms,Slayer,DPS,CN,Murder Row,12,1,1511.5,173561,0,304.0,2026-08-22,0,-1,,,,
66747,1683,DemonHunter,Vengeance,Annihilator,Tank,US,The Blinding Vale,14,1,1601.3,153699,0,306.0,2026-08-23,0,-1,1682.0,6.5,,2984
66747,1684,Priest,Holy,Oracle,Healer,US,The Blinding Vale,14,1,1601.3,30561,0,302.0,2026-08-23,0,-1,1682.0,6.5,,2943
66747,1686,Rogue,Assassination,Deathstalker,DPS,US,The Blinding Vale,14,1,1601.3,248410,2,305.0,2026-08-23,0,-1,1682.0,6.5,,2902
66747,1685,Mage,Arcane,Sunfury,DPS,US,The Blinding Vale,14,1,1601.3,275592,1,305.0,2026-08-23,0,-1,1682.0,6.5,,2987
66747,1687,Priest,Shadow,Voidweaver,DPS,US,The Blinding Vale,14,1,1601.3,202950,1,306.0,2026-08-23,0,-1,1682.0,6.5,,2900
2659,5833,Warrior,Protection,Mountain Thane,Tank,US,Murder Row,10,1,1591.0,80272,1,286.0,2026-08-19,0,-1,1607.0,21.2,,
2659,5834,Paladin,Holy,Herald of the Sun,Healer,US,Murder Row,10,1,1591.0,23046,1,295.0,2026-08-19,0,-1,1607.0,21.2,,
2659,5835,Hunter,Marksmanship,Sentinel,DPS,US,Murder Row,10,1,1591.0,200137,1,298.0,2026-08-19,0,-1,1607.0,21.2,,
2659,5836,Shaman,Elemental,Farseer,DPS,US,Murder Row,10,1,1591.0,168826,1,296.0,2026-08-19,0,-1,1607.0,21.2,,3024
2659,5837,Mage,Arcane,Sunfury,DPS,US,Murder Row,10,1,1591.0,159506,1,295.0,2026-08-19,0,-1,1607.0,21.2,,2786
67290,67373,Druid,Guardian,Elune's Chosen,Tank,CN,Den of Nalorakk,15,1,1670.1,99684,0,306.0,2026-08-22,0,-1,1707.0,11.1,,
67290,45895,Shaman,Restoration,Totemic,Healer,CN,Den of Nalorakk,15,1,1670.1,29954,0,309.0,2026-08-22,0,-1,1707.0,11.1,,
67290,136841,Rogue,Outlaw,Trickster,DPS,CN,Den of Nalorakk,15,1,1670.1,268911,1,308.0,2026-08-22,0,-1,1707.0,11.1,,
67290,73381,Warrior,Arms,Slayer,DPS,CN,Den of Nalorakk,15,1,1670.1,239954,2,308.0,2026-08-22,0,-1,1707.0,11.1,,
67290,45897,DeathKnight,Unholy,San'layn,DPS,CN,Den of Nalorakk,15,1,1670.1,282414,0,307.0,2026-08-22,0,-1,1707.0,11.1,,
66726,13896,DeathKnight,Blood,San'layn,Tank,US,Altar of Fangs,13,1,1374.5,156865,0,311.0,2026-08-21,0,-1,1366.0,24.1,,3087
66726,13897,Shaman,Restoration,Totemic,Healer,US,Altar of Fangs,13,1,1374.5,45541,0,308.0,2026-08-21,0,-1,1366.0,24.1,,3083
66726,13900,Warrior,Arms,Slayer,DPS,US,Altar of Fangs,13,1,1374.5,267896,0,306.0,2026-08-21,0,-1,1366.0,24.1,,3083
66726,14835,Rogue,Subtlety,Deathstalker,DPS,US,Altar of Fangs,13,1,1374.5,272208,0,302.0,2026-08-21,0,-1,1366.0,24.1,,
66726,13899,Warrior,Arms,Slayer,DPS,US,Altar of Fangs,13,1,1374.5,271712,0,306.0,2026-08-21,0,-1,1366.0,24.1,,
7258,15531,DemonHunter,Vengeance,Annihilator,Tank,US,Den of Nalorakk,10,1,1321.7,107950,0,300.0,2026-08-19,0,-1,1328.0,30.8,,
7258,15532,Evoker,Preservation,Flameshaper,Healer,US,Den of Nalorakk,10,1,1321.7,27755,3,295.0,2026-08-19,0,-1,1328.0,30.8,,
7258,15533,Warrior,Arms,Slayer,DPS,US,Den of Nalorakk,10,1,1321.7,166556,0,294.0,2026-08-19,0,-1,1328.0,30.8,,
7258,15534,Shaman,Enhancement,Stormbringer,DPS,US,Den of Nalorakk,10,1,1321.7,165142,0,295.0,2026-08-19,0,-1,1328.0,30.8,,
7258,15535,DeathKnight,Unholy,San'layn,DPS,US,Den of Nalorakk,10,1,1321.7,156675,0,296.0,2026-08-19,0,-1,1328.0,30.8,,
59410,96512,Druid,Guardian,Elune's Chosen,Tank,CN,The Blinding Vale,11,1,1241.5,109093,0,305.0,2026-08-23,0,-1,1243.0,30.9,,
59410,126981,Shaman,Restoration,Totemic,Healer,CN,The Blinding Vale,11,1,1241.5,32213,2,299.0,2026-08-23,0,-1,1243.0,30.9,,
59410,97008,Shaman,Elemental,Farseer,DPS,CN,The Blinding Vale,11,1,1241.5,249591,0,311.0,2026-08-23,0,-1,1243.0,30.9,,
59410,126982,Rogue,Subtlety,Deathstalker,DPS,CN,The Blinding Vale,11,1,1241.5,230629,0,302.0,2026-08-23,0,-1,1243.0,30.9,,
59410,126983,DemonHunter,Havoc,Fel-Scarred,DPS,CN,The Blinding Vale,11,1,1241.5,214923,0,304.0,2026-08-23,0,-1,1243.0,30.9,,
76795,139470,Druid,Guardian,Elune's Chosen,Tank,CN,Temple of Sethraliss,15,1,1571.2,132906,0,306.0,2026-08-23,0,-1,1593.0,17.1,,
76795,139471,Monk,Mistweaver,Conduit of the Celestials,Healer,CN,Temple of Sethraliss,15,1,1571.2,63898,0,306.0,2026-08-23,0,-1,1593.0,17.1,,
76795,82453,Rogue,Assassination,Deathstalker,DPS,CN,Temple of Sethraliss,15,1,1571.2,263267,1,302.0,2026-08-23,0,-1,1593.0,17.1,,
76795,140412,Warrior,Arms,Slayer,DPS,CN,Temple of Sethraliss,15,1,1571.2,258620,0,307.0,2026-08-23,0,-1,1593.0,17.1,,
76795,139474,Hunter,BeastMastery,Pack Leader,DPS,CN,Temple of Sethraliss,15,1,1571.2,260676,1,305.0,2026-08-23,0,-1,1593.0,17.1,,
77245,80458,DeathKnight,Blood,San'layn,Tank,EU,Temple of Sethraliss,13,1,1610.9,107842,0,302.0,2026-08-21,0,-1,1633.0,15.0,,
77245,79920,Monk,Mistweaver,Conduit of the Celestials,Healer,EU,Temple of Sethraliss,13,1,1610.9,47196,1,310.0,2026-08-21,0,-1,1633.0,15.0,,
77245,14445,DeathKnight,Unholy,San'layn,DPS,EU,Temple of Sethraliss,13,1,1610.9,220302,1,306.0,2026-08-21,0,-1,1633.0,15.0,,
77245,71984,DemonHunter,Devourer,Void-Scarred,DPS,EU,Temple of Sethraliss,13,1,1610.9,197975,0,300.0,2026-08-21,0,-1,1633.0,15.0,,
77245,48880,Mage,Arcane,Sunfury,DPS,EU,Temple of Sethraliss,13,1,1610.9,212303,0,307.0,2026-08-21,0,-1,1633.0,15.0,,
78472,141833,Monk,Brewmaster,Master of Harmony,Tank,EU,Murder Row,14,1,1889.7,94067,0,297.0,2026-08-23,0,-1,,,,
78472,141834,Shaman,Restoration,Totemic,Healer,EU,Murder Row,14,1,1889.7,32768,0,299.0,2026-08-23,0,-1,,,,
78472,73287,Warrior,Arms,Slayer,DPS,EU,Murder Row,14,1,1889.7,202768,1,311.0,2026-08-23,0,-1,,,,
78472,63559,Druid,Feral,Druid of the Claw,DPS,EU,Murder Row,14,1,1889.7,208663,0,306.0,2026-08-23,0,-1,,,,
78472,83639,Shaman,Elemental,Farseer,DPS,EU,Murder Row,14,1,1889.7,205031,3,303.0,2026-08-23,0,-1,,,,
23422,51747,Warrior,Protection,Mountain Thane,Tank,US,Kings' Rest,9,1,1229.9,100153,0,292.0,2026-08-19,0,-1,1221.0,38.3,,
23422,33233,Monk,Mistweaver,Conduit of the Celestials,Healer,US,Kings' Rest,9,1,1229.9,33683,0,291.0,2026-08-19,0,-1,1221.0,38.3,,
23422,51748,Rogue,Subtlety,Deathstalker,DPS,US,Kings' Rest,9,1,1229.9,140143,0,295.0,2026-08-19,0,-1,1221.0,38.3,,
23422,51749,Hunter,BeastMastery,Pack Leader,DPS,US,Kings' Rest,9,1,1229.9,147081,0,299.0,2026-08-19,0,-1,1221.0,38.3,,
23422,51750,Shaman,Enhancement,Stormbringer,DPS,US,Kings' Rest,9,1,1229.9,109388,0,279.0,2026-08-19,0,-1,1221.0,38.3,,
5094,11182,DemonHunter,Vengeance,Annihilator,Tank,US,Murder Row,11,0,1992.5,67902,2,296.0,2026-08-18,0,-1,2049.0,-0.4,,
5094,11183,Priest,Discipline,Oracle,Healer,US,Murder Row,11,0,1992.5,12306,2,298.0,2026-08-18,0,-1,2049.0,-0.4,,
5094,11184,Rogue,Assassination,Deathstalker,DPS,US,Murder Row,11,0,1992.5,169608,5,289.0,2026-08-18,0,-1,2049.0,-0.4,,
5094,11185,Warlock,Destruction,Diabolist,DPS,US,Murder Row,11,0,1992.5,142780,2,292.0,2026-08-18,0,-1,2049.0,-0.4,,
5094,11186,Mage,Arcane,Sunfury,DPS,US,Murder Row,11,0,1992.5,135064,3,292.0,2026-08-18,0,-1,2049.0,-0.4,,
79600,76367,DeathKnight,Blood,San'layn,Tank,EU,Altar of Fangs,14,1,1561.4,157372,0,307.0,2026-08-22,0,-1,1552.0,13.8,,
79600,41072,Paladin,Holy,Herald of the Sun,Healer,EU,Altar of Fangs,14,1,1561.4,26933,0,308.0,2026-08-22,0,-1,1552.0,13.8,,
79600,32205,Warrior,Arms,Slayer,DPS,EU,Altar of Fangs,14,1,1561.4,260941,0,312.0,2026-08-22,0,-1,1552.0,13.8,,
79600,70624,Paladin,Retribution,Templar,DPS,EU,Altar of Fangs,14,1,1561.4,295199,0,308.0,2026-08-22,0,-1,1552.0,13.8,,
79600,64793,Shaman,Elemental,Farseer,DPS,EU,Altar of Fangs,14,1,1561.4,257640,0,305.0,2026-08-22,0,-1,1552.0,13.8,,
77395,40468,Warrior,Protection,Mountain Thane,Tank,EU,Den of Nalorakk,13,1,1580.4,114912,0,304.0,2026-08-23,0,-1,1587.0,17.3,,
77395,137851,Shaman,Restoration,Totemic,Healer,EU,Den of Nalorakk,13,1,1580.4,47176,0,308.0,2026-08-23,0,-1,1587.0,17.3,,
77395,40472,Druid,Balance,Elune's Chosen,DPS,EU,Den of Nalorakk,13,1,1580.4,194640,1,304.0,2026-08-23,0,-1,1587.0,17.3,,
77395,85256,Priest,Shadow,Archon,DPS,EU,Den of Nalorakk,13,1,1580.4,201621,0,304.0,2026-08-23,0,-1,1587.0,17.3,,
77395,55334,DemonHunter,Devourer,Void-Scarred,DPS,EU,Den of Nalorakk,13,1,1580.4,191336,0,308.0,2026-08-23,0,-1,1587.0,17.3,,
27686,59374,Warrior,Protection,Mountain Thane,Tank,EU,Murder Row,9,1,1134.3,112900,0,295.0,2026-08-20,0,-1,1125.0,44.8,,
27686,59375,Druid,Restoration,Wildstalker,Healer,EU,Murder Row,9,1,1134.3,3752,0,299.0,2026-08-20,0,-1,1125.0,44.8,,
27686,59376,Hunter,BeastMastery,Pack Leader,DPS,EU,Murder Row,9,1,1134.3,197421,0,304.0,2026-08-20,0,-1,1125.0,44.8,,
27686,59377,Hunter,BeastMastery,Pack Leader,DPS,EU,Murder Row,9,1,1134.3,194603,0,301.0,2026-08-20,0,-1,1125.0,44.8,,
27686,59378,DemonHunter,Havoc,Fel-Scarred,DPS,EU,Murder Row,9,1,1134.3,210828,0,301.0,2026-08-20,0,-1,1125.0,44.8,,
50742,107706,Druid,Guardian,Elune's Chosen,Tank,EU,The Blinding Vale,10,1,1096.0,122398,0,294.0,2026-08-22,0,-1,,,,
50742,107707,Paladin,Holy,Herald of the Sun,Healer,EU,The Blinding Vale,10,1,1096.0,11542,0,297.0,2026-08-22,0,-1,,,,
50742,20509,Paladin,Retribution,Templar,DPS,EU,The Blinding Vale,10,1,1096.0,276413,0,307.0,2026-08-22,0,-1,,,,3366
50742,13326,Warrior,Arms,Slayer,DPS,EU,The Blinding Vale,10,1,1096.0,274116,1,306.0,2026-08-22,0,-1,,,,
50742,107708,Hunter,BeastMastery,Pack Leader,DPS,EU,The Blinding Vale,10,1,1096.0,190198,0,296.0,2026-08-22,0,-1,,,,
53948,22155,DeathKnight,Blood,San'layn,Tank,EU,Den of Nalorakk,12,1,1490.2,128035,0,306.0,2026-08-22,0,-1,,,,
53948,22156,Shaman,Restoration,Totemic,Healer,EU,Den of Nalorakk,12,1,1490.2,26309,2,303.0,2026-08-22,0,-1,,,,
53948,26184,Mage,Arcane,Sunfury,DPS,EU,Den of Nalorakk,12,1,1490.2,199231,0,311.0,2026-08-22,0,-1,,,,
53948,22157,Monk,Windwalker,Shado-Pan,DPS,EU,Den of Nalorakk,12,1,1490.2,182620,1,308.0,2026-08-22,0,-1,,,,
53948,114261,Warrior,Arms,Slayer,DPS,EU,Den of Nalorakk,12,1,1490.2,146706,1,298.0,2026-08-22,0,-1,,,,
81455,67391,Paladin,Protection,Lightsmith,Tank,CN,Ruby Life Pools,16,0,1642.9,127502,2,295.0,2026-08-21,0,-1,1829.0,-8.9,,
81455,67392,Shaman,Restoration,Totemic,Healer,CN,Ruby Life Pools,16,0,1642.9,37097,3,293.0,2026-08-21,0,-1,1829.0,-8.9,,
81455,67393,Rogue,Subtlety,Deathstalker,DPS,CN,Ruby Life Pools,16,0,1642.9,269524,3,303.0,2026-08-21,0,-1,1829.0,-8.9,,
81455,68938,Warrior,Arms,Slayer,DPS,CN,Ruby Life Pools,16,0,1642.9,317562,2,303.0,2026-08-21,0,-1,1829.0,-8.9,,
81455,65719,Warrior,Arms,Slayer,DPS,CN,Ruby Life Pools,16,0,1642.9,308224,4,304.0,2026-08-21,0,-1,1829.0,-8.9,,
42939,90400,Paladin,Protection,Templar,Tank,EU,Altar of Fangs,9,1,1136.1,106814,0,295.0,2026-08-20,0,-1,1132.0,37.1,,
42939,90401,Priest,Discipline,Voidweaver,Healer,EU,Altar of Fangs,9,1,1136.1,31790,1,293.0,2026-08-20,0,-1,1132.0,37.1,,
42939,57142,Druid,Feral,Druid of the Claw,DPS,EU,Altar of Fangs,9,1,1136.1,220718,0,293.0,2026-08-20,0,-1,1132.0,37.1,,
42939,14202,Shaman,Elemental,Farseer,DPS,EU,Altar of Fangs,9,1,1136.1,285907,0,307.0,2026-08-20,0,-1,1132.0,37.1,,
42939,90402,DeathKnight,Unholy,San'layn,DPS,EU,Altar of Fangs,9,1,1136.1,232094,0,304.0,2026-08-20,0,-1,1132.0,37.1,,
2339,135,DeathKnight,Blood,San'layn,Tank,US,The Blinding Vale,10,1,1343.5,123196,0,295.0,2026-08-18,0,-1,1340.0,25.5,,3064
2339,136,Evoker,Preservation,Flameshaper,Healer,US,The Blinding Vale,10,1,1343.5,44432,0,295.0,2026-08-18,0,-1,1340.0,25.5,,2091
2339,920,Warrior,Arms,Slayer,DPS,US,The Blinding Vale,10,1,1343.5,209779,1,293.0,2026-08-18,0,-1,1340.0,25.5,,3234
2339,138,Mage,Arcane,Sunfury,DPS,US,The Blinding Vale,10,1,1343.5,223836,0,294.0,2026-08-18,0,-1,1340.0,25.5,,3283
2339,5455,Warlock,Affliction,Soul Harvester,DPS,US,The Blinding Vale,10,1,1343.5,169050,0,291.0,2026-08-18,0,-1,1340.0,25.5,,
78371,16380,DeathKnight,Blood,San'layn,Tank,EU,The Blinding Vale,13,1,1421.4,172073,0,312.0,2026-08-21,0,-1,1487.0,17.4,,
78371,16381,Shaman,Restoration,Totemic,Healer,EU,The Blinding Vale,13,1,1421.4,40948,1,310.0,2026-08-21,0,-1,1487.0,17.4,,
78371,16476,Warrior,Arms,Slayer,DPS,EU,The Blinding Vale,13,1,1421.4,244179,0,308.0,2026-08-21,0,-1,1487.0,17.4,,
78371,24292,Mage,Arcane,Sunfury,DPS,EU,The Blinding Vale,13,1,1421.4,244178,3,308.0,2026-08-21,0,-1,1487.0,17.4,,
78371,41462,Paladin,Retribution,Templar,DPS,EU,The Blinding Vale,13,1,1421.4,195926,1,296.0,2026-08-21,0,-1,1487.0,17.4,,
79636,24895,DeathKnight,Blood,San'layn,Tank,EU,Voidscar Arena,13,1,1484.4,127052,0,311.0,2026-08-21,0,-1,1506.0,16.3,,
79636,84339,Monk,Mistweaver,Conduit of the Celestials,Healer,EU,Voidscar Arena,13,1,1484.4,27072,0,303.0,2026-08-21,0,-1,1506.0,16.3,,
79636,67428,Shaman,Enhancement,Stormbringer,DPS,EU,Voidscar Arena,13,1,1484.4,222760,0,310.0,2026-08-21,0,-1,1506.0,16.3,,
79636,33997,Hunter,BeastMastery,Pack Leader,DPS,EU,Voidscar Arena,13,1,1484.4,194311,2,310.0,2026-08-21,0,-1,1506.0,16.3,,
79636,84340,DeathKnight,Unholy,Rider of the Apocalypse,DPS,EU,Voidscar Arena,13,1,1484.4,158342,0,293.0,2026-08-21,0,-1,1506.0,16.3,,
3134,6472,Paladin,Protection,Lightsmith,Tank,US,The Blinding Vale,12,1,1387.1,151371,0,297.0,2026-08-19,0,-1,1409.0,21.7,,3364
3134,6680,Shaman,Restoration,Farseer,Healer,US,The Blinding Vale,12,1,1387.1,36660,0,294.0,2026-08-19,0,-1,1409.0,21.7,,3400
3134,6473,Mage,Arcane,Sunfury,DPS,US,The Blinding Vale,12,1,1387.1,234967,0,294.0,2026-08-19,0,-1,1409.0,21.7,,3391
3134,6681,DeathKnight,Unholy,San'layn,DPS,US,The Blinding Vale,12,1,1387.1,202822,0,298.0,2026-08-19,0,-1,1409.0,21.7,,
3134,1273,Warrior,Arms,Slayer,DPS,US,The Blinding Vale,12,1,1387.1,217003,2,295.0,2026-08-19,0,-1,1409.0,21.7,,2882
24359,53991,DeathKnight,Blood,San'layn,Tank,EU,Altar of Fangs,8,1,1039.5,108888,0,307.0,2026-08-21,0,-1,1031.0,42.7,,
24359,53992,Paladin,Holy,Herald of the Sun,Healer,EU,Altar of Fangs,8,1,1039.5,16194,0,295.0,2026-08-21,0,-1,1031.0,42.7,,
24359,53993,Warlock,Affliction,Soul Harvester,DPS,EU,Altar of Fangs,8,1,1039.5,239839,0,309.0,2026-08-21,0,-1,1031.0,42.7,,
24359,53994,Warlock,Demonology,Diabolist,DPS,EU,Altar of Fangs,8,1,1039.5,232228,0,307.0,2026-08-21,0,-1,1031.0,42.7,,
24359,53995,Mage,Arcane,Sunfury,DPS,EU,Altar of Fangs,8,1,1039.5,251034,0,306.0,2026-08-21,0,-1,1031.0,42.7,,
12536,15517,Paladin,Protection,Lightsmith,Tank,EU,Altar of Fangs,10,1,1334.4,130368,0,296.0,2026-08-19,0,-1,1336.0,25.8,,2676
12536,15518,Paladin,Holy,Herald of the Sun,Healer,EU,Altar of Fangs,10,1,1334.4,16505,1,289.0,2026-08-19,0,-1,1336.0,25.8,,
12536,20723,Druid,Balance,Elune's Chosen,DPS,EU,Altar of Fangs,10,1,1334.4,225758,0,293.0,2026-08-19,0,-1,1336.0,25.8,,
12536,15519,Mage,Arcane,Sunfury,DPS,EU,Altar of Fangs,10,1,1334.4,216448,0,296.0,2026-08-19,0,-1,1336.0,25.8,,2742
12536,15521,Warrior,Arms,Slayer,DPS,EU,Altar of Fangs,10,1,1334.4,208759,1,294.0,2026-08-19,0,-1,1336.0,25.8,,
26368,56227,DeathKnight,Blood,San'layn,Tank,EU,Murder Row,7,1,1109.9,97118,0,310.0,2026-08-21,0,-1,1102.0,46.0,,
26368,56228,Evoker,Preservation,Flameshaper,Healer,EU,Murder Row,7,1,1109.9,32148,0,300.0,2026-08-21,0,-1,1102.0,46.0,,
26368,56229,DemonHunter,Devourer,Void-Scarred,DPS,EU,Murder Row,7,1,1109.9,195954,0,305.0,2026-08-21,0,-1,1102.0,46.0,,
26368,56230,Shaman,Elemental,Farseer,DPS,EU,Murder Row,7,1,1109.9,157038,0,300.0,2026-08-21,0,-1,1102.0,46.0,,
26368,56231,Warrior,Fury,Slayer,DPS,EU,Murder Row,7,1,1109.9,168067,0,303.0,2026-08-21,0,-1,1102.0,46.0,,
60036,68177,Druid,Guardian,Elune's Chosen,Tank,CN,Kings' Rest,11,1,1213.9,87624,0,305.0,2026-08-23,0,-1,1211.0,38.9,,
60036,87669,Evoker,Preservation,Flameshaper,Healer,CN,Kings' Rest,11,1,1213.9,27785,0,299.0,2026-08-23,0,-1,1211.0,38.9,,
60036,78998,DeathKnight,Unholy,San'layn,DPS,CN,Kings' Rest,11,1,1213.9,189601,0,310.0,2026-08-23,0,-1,1211.0,38.9,,
60036,67707,Hunter,BeastMastery,Pack Leader,DPS,CN,Kings' Rest,11,1,1213.9,174798,1,309.0,2026-08-23,0,-1,1211.0,38.9,,
60036,67706,Warrior,Arms,Slayer,DPS,CN,Kings' Rest,11,1,1213.9,187375,0,302.0,2026-08-23,0,-1,1211.0,38.9,,
68274,57787,DeathKnight,Blood,San'layn,Tank,EU,Ruby Life Pools,16,1,1520.7,176168,0,312.0,2026-08-23,0,-1,1528.0,9.1,,
68274,29518,Paladin,Holy,Herald of the Sun,Healer,EU,Ruby Life Pools,16,1,1520.7,20334,1,310.0,2026-08-23,0,-1,1528.0,9.1,,
68274,37246,Warrior,Arms,Slayer,DPS,EU,Ruby Life Pools,16,1,1520.7,274628,0,310.0,2026-08-23,0,-1,1528.0,9.1,,
68274,19820,Mage,Arcane,Sunfury,DPS,EU,Ruby Life Pools,16,1,1520.7,302982,0,309.0,2026-08-23,0,-1,1528.0,9.1,,
68274,29519,Shaman,Elemental,Farseer,DPS,EU,Ruby Life Pools,16,1,1520.7,279869,0,310.0,2026-08-23,0,-1,1528.0,9.1,,
79103,73870,DeathKnight,Blood,San'layn,Tank,CN,Temple of Sethraliss,16,1,1760.8,146766,0,307.0,2026-08-21,0,-1,1827.0,4.8,,
79103,73871,Paladin,Holy,Lightsmith,Healer,CN,Temple of Sethraliss,16,1,1760.8,42878,1,303.0,2026-08-21,0,-1,1827.0,4.8,,
79103,74170,Shaman,Elemental,Farseer,DPS,CN,Temple of Sethraliss,16,1,1760.8,274431,1,309.0,2026-08-21,0,-1,1827.0,4.8,,
79103,66718,DemonHunter,Devourer,Annihilator,DPS,CN,Temple of Sethraliss,16,1,1760.8,243955,1,298.0,2026-08-21,0,-1,1827.0,4.8,,
79103,68207,Mage,Arcane,Sunfury,DPS,CN,Temple of Sethraliss,16,1,1760.8,239392,2,305.0,2026-08-21,0,-1,1827.0,4.8,,
36538,78778,DeathKnight,Blood,San'layn,Tank,CN,Voidscar Arena,14,1,1686.6,156672,1,313.0,2026-08-22,0,-1,,,,
36538,61567,Paladin,Holy,Herald of the Sun,Healer,CN,Voidscar Arena,14,1,1686.6,25544,2,306.0,2026-08-22,0,-1,,,,
36538,61568,Rogue,Subtlety,Deathstalker,DPS,CN,Voidscar Arena,14,1,1686.6,235153,2,308.0,2026-08-22,0,-1,,,,
36538,78329,Mage,Arcane,Sunfury,DPS,CN,Voidscar Arena,14,1,1686.6,208029,2,300.0,2026-08-22,0,-1,,,,
36538,78779,Shaman,Elemental,Farseer,DPS,CN,Voidscar Arena,14,1,1686.6,191813,1,302.0,2026-08-22,0,-1,,,,
84137,57205,DeathKnight,Blood,San'layn,Tank,EU,Altar of Fangs,11,1,1248.2,169857,0,313.0,2026-08-23,0,-1,1250.0,30.5,,
84137,148558,Monk,Mistweaver,Conduit of the Celestials,Healer,EU,Altar of Fangs,11,1,1248.2,53204,0,309.0,2026-08-23,0,-1,1250.0,30.5,2,
84137,67135,DeathKnight,Unholy,San'layn,DPS,EU,Altar of Fangs,11,1,1248.2,309317,0,312.0,2026-08-23,0,-1,1250.0,30.5,5,
84137,57209,Mage,Arcane,Sunfury,DPS,EU,Altar of Fangs,11,1,1248.2,253174,2,312.0,2026-08-23,0,-1,1250.0,30.5,4,
84137,139452,DeathKnight,Unholy,Rider of the Apocalypse,DPS,EU,Altar of Fangs,11,1,1248.2,191853,0,305.0,2026-08-23,0,-1,1250.0,30.5,1,
4557,10219,Monk,Brewmaster,Shado-Pan,Tank,US,The Blinding Vale,11,1,1653.9,105069,2,294.0,2026-08-18,0,-1,1695.0,5.8,,
4557,6884,Priest,Discipline,Oracle,Healer,US,The Blinding Vale,11,1,1653.9,18710,1,293.0,2026-08-18,0,-1,1695.0,5.8,,
4557,10220,Warlock,Demonology,Diabolist,DPS,US,The Blinding Vale,11,1,1653.9,169070,1,297.0,2026-08-18,0,-1,1695.0,5.8,,
4557,10221,Shaman,Elemental,Stormbringer,DPS,US,The Blinding Vale,11,1,1653.9,142186,3,294.0,2026-08-18,0,-1,1695.0,5.8,,
4557,10222,Mage,Arcane,Sunfury,DPS,US,The Blinding Vale,11,1,1653.9,171360,3,293.0,2026-08-18,0,-1,1695.0,5.8,,
75036,88709,DeathKnight,Blood,San'layn,Tank,EU,Murder Row,14,1,1516.1,146620,0,306.0,2026-08-23,0,-1,1508.0,26.1,,
75036,101161,Shaman,Restoration,Totemic,Healer,EU,Murder Row,14,1,1516.1,20772,0,308.0,2026-08-23,0,-1,1508.0,26.1,,
75036,137969,Druid,Balance,Elune's Chosen,DPS,EU,Murder Row,14,1,1516.1,215520,0,306.0,2026-08-23,0,-1,1508.0,26.1,,
75036,58179,Warlock,Demonology,Diabolist,DPS,EU,Murder Row,14,1,1516.1,276659,0,310.0,2026-08-23,0,-1,1508.0,26.1,,
75036,88711,Mage,Arcane,Sunfury,DPS,EU,Murder Row,14,1,1516.1,277442,0,313.0,2026-08-23,0,-1,1508.0,26.1,,
61574,130528,Monk,Brewmaster,Master of Harmony,Tank,EU,Voidscar Arena,2,1,982.9,41679,0,296.0,2026-08-23,0,-1,,,,
61574,130529,Priest,Discipline,Oracle,Healer,EU,Voidscar Arena,2,1,982.9,6929,0,294.0,2026-08-23,0,-1,,,,
61574,132061,Hunter,BeastMastery,Pack Leader,DPS,EU,Voidscar Arena,2,1,982.9,112512,0,289.0,2026-08-23,0,-1,,,,
61574,125748,Evoker,Devastation,Scalecommander,DPS,EU,Voidscar Arena,2,1,982.9,97553,0,285.0,2026-08-23,0,-1,,,,
61574,132062,Mage,Arcane,Sunfury,DPS,EU,Voidscar Arena,2,1,982.9,119113,0,291.0,2026-08-23,0,-1,,,,
70478,96915,Druid,Guardian,Elune's Chosen,Tank,EU,Kings' Rest,14,1,1857.1,66301,0,297.0,2026-08-22,0,-1,,,,
70478,59571,Shaman,Restoration,Totemic,Healer,EU,Kings' Rest,14,1,1857.1,40234,0,303.0,2026-08-22,0,-1,,,,
70478,81584,Mage,Arcane,Sunfury,DPS,EU,Kings' Rest,14,1,1857.1,210457,0,307.0,2026-08-22,0,-1,,,,
70478,27338,DemonHunter,Devourer,Annihilator,DPS,EU,Kings' Rest,14,1,1857.1,160722,1,304.0,2026-08-22,0,-1,,,,
70478,83094,DeathKnight,Unholy,Rider of the Apocalypse,DPS,EU,Kings' Rest,14,1,1857.1,179832,0,307.0,2026-08-22,0,-1,,,,
71647,141308,DeathKnight,Blood,San'layn,Tank,CN,Ruby Life Pools,14,1,1469.2,166405,1,305.0,2026-08-22,0,-1,1535.0,8.6,,
71647,136372,Paladin,Holy,Lightsmith,Healer,CN,Ruby Life Pools,14,1,1469.2,39131,1,304.0,2026-08-22,0,-1,1535.0,8.6,,
71647,141309,Warrior,Arms,Slayer,DPS,CN,Ruby Life Pools,14,1,1469.2,231067,2,311.0,2026-08-22,0,-1,1535.0,8.6,,
71647,141310,Rogue,Subtlety,Deathstalker,DPS,CN,Ruby Life Pools,14,1,1469.2,209155,1,303.0,2026-08-22,0,-1,1535.0,8.6,,
71647,56015,Mage,Arcane,Sunfury,DPS,CN,Ruby Life Pools,14,1,1469.2,271850,0,305.0,2026-08-22,0,-1,1535.0,8.6,,
79718,10575,Paladin,Protection,Lightsmith,Tank,US,The Blinding Vale,12,1,1388.3,108257,0,308.0,2026-08-23,0,-1,1410.0,21.7,,
79718,144160,Priest,Holy,Oracle,Healer,US,The Blinding Vale,12,1,1388.3,44149,0,308.0,2026-08-23,0,-1,1410.0,21.7,,
79718,144163,Mage,Arcane,Sunfury,DPS,US,The Blinding Vale,12,1,1388.3,237591,0,310.0,2026-08-23,0,-1,1410.0,21.7,,
79718,144162,Rogue,Subtlety,Deathstalker,DPS,US,The Blinding Vale,12,1,1388.3,186604,1,301.0,2026-08-23,0,-1,1410.0,21.7,,
79718,144161,Druid,Balance,Elune's Chosen,DPS,US,The Blinding Vale,12,1,1388.3,240667,0,302.0,2026-08-23,0,-1,1410.0,21.7,,
64714,2090,Paladin,Protection,Lightsmith,Tank,US,Murder Row,13,1,1692.0,103269,0,307.0,2026-08-21,0,-1,1684.0,17.5,,3198
64714,137250,Paladin,Holy,Herald of the Sun,Healer,US,Murder Row,13,1,1692.0,13754,0,305.0,2026-08-21,0,-1,1684.0,17.5,,
64714,8683,Rogue,Outlaw,Trickster,DPS,US,Murder Row,13,1,1692.0,229899,0,304.0,2026-08-21,0,-1,1684.0,17.5,,
64714,9661,Shaman,Elemental,Farseer,DPS,US,Murder Row,13,1,1692.0,216267,0,307.0,2026-08-21,0,-1,1684.0,17.5,,
64714,4073,Mage,Arcane,Sunfury,DPS,US,Murder Row,13,1,1692.0,205297,0,305.0,2026-08-21,0,-1,1684.0,17.5,,
45318,95460,Druid,Guardian,Elune's Chosen,Tank,EU,Temple of Sethraliss,5,1,1111.6,65424,0,300.0,2026-08-22,0,-1,,,,
45318,95461,Priest,Holy,Oracle,Healer,EU,Temple of Sethraliss,5,1,1111.6,9404,1,283.0,2026-08-22,0,-1,,,,
45318,80041,Druid,Balance,Elune's Chosen,DPS,EU,Temple of Sethraliss,5,1,1111.6,155162,0,310.0,2026-08-22,0,-1,,,,
45318,95462,Paladin,Retribution,Templar,DPS,EU,Temple of Sethraliss,5,1,1111.6,79418,1,291.0,2026-08-22,0,-1,,,,
45318,95463,Warlock,Demonology,Diabolist,DPS,EU,Temple of Sethraliss,5,1,1111.6,154491,0,303.0,2026-08-22,0,-1,,,,
1390,4018,Warrior,Protection,Mountain Thane,Tank,US,Murder Row,11,1,1690.4,111114,1,292.0,2026-08-18,0,-1,1727.0,15.4,,
1390,4019,Shaman,Restoration,Totemic,Healer,US,Murder Row,11,1,1690.4,17069,1,297.0,2026-08-18,0,-1,1727.0,15.4,,
1390,4020,Evoker,Devastation,Scalecommander,DPS,US,Murder Row,11,1,1690.4,165454,2,296.0,2026-08-18,0,-1,1727.0,15.4,,
1390,4021,Warlock,Demonology,Diabolist,DPS,US,Murder Row,11,1,1690.4,209385,3,293.0,2026-08-18,0,-1,1727.0,15.4,,
1390,4022,Mage,Arcane,Sunfury,DPS,US,Murder Row,11,1,1690.4,158707,2,296.0,2026-08-18,0,-1,1727.0,15.4,,
12604,7304,DeathKnight,Blood,San'layn,Tank,US,Den of Nalorakk,12,1,1446.8,116822,0,306.0,2026-08-19,0,-1,1469.0,23.5,,3102
12604,9582,Shaman,Restoration,Totemic,Healer,US,Den of Nalorakk,12,1,1446.8,28760,0,296.0,2026-08-19,0,-1,1469.0,23.5,,
12604,21459,Rogue,Subtlety,Deathstalker,DPS,US,Den of Nalorakk,12,1,1446.8,217364,0,299.0,2026-08-19,0,-1,1469.0,23.5,,
12604,5369,Druid,Feral,Druid of the Claw,DPS,US,Den of Nalorakk,12,1,1446.8,192575,0,298.0,2026-08-19,0,-1,1469.0,23.5,,3110
12604,7087,Warrior,Arms,Slayer,DPS,US,Den of Nalorakk,12,1,1446.8,173162,2,305.0,2026-08-19,0,-1,1469.0,23.5,,
5063,3262,Paladin,Protection,Lightsmith,Tank,US,Temple of Sethraliss,11,1,1725.7,88873,0,291.0,2026-08-18,0,-1,1737.0,9.5,,
5063,10700,Shaman,Restoration,Totemic,Healer,US,Temple of Sethraliss,11,1,1725.7,19564,0,292.0,2026-08-18,0,-1,1737.0,9.5,,
5063,10701,Priest,Shadow,Voidweaver,DPS,US,Temple of Sethraliss,11,1,1725.7,134784,2,295.0,2026-08-18,0,-1,1737.0,9.5,,
5063,11135,Shaman,Elemental,Farseer,DPS,US,Temple of Sethraliss,11,1,1725.7,179154,0,291.0,2026-08-18,0,-1,1737.0,9.5,,
5063,139,DemonHunter,Devourer,Void-Scarred,DPS,US,Temple of Sethraliss,11,1,1725.7,181204,2,293.0,2026-08-18,0,-1,1737.0,9.5,,2981
7020,15046,Paladin,Protection,Lightsmith,Tank,US,Altar of Fangs,11,1,1602.3,104648,0,296.0,2026-08-19,0,-1,1594.0,11.5,,
7020,15047,Shaman,Restoration,Totemic,Healer,US,Altar of Fangs,11,1,1602.3,32126,0,295.0,2026-08-19,0,-1,1594.0,11.5,,
7020,15048,DeathKnight,Unholy,Rider of the Apocalypse,DPS,US,Altar of Fangs,11,1,1602.3,187981,0,295.0,2026-08-19,0,-1,1594.0,11.5,,
7020,15049,Mage,Arcane,Sunfury,DPS,US,Altar of Fangs,11,1,1602.3,211144,0,295.0,2026-08-19,0,-1,1594.0,11.5,,
7020,15050,DeathKnight,Unholy,Rider of the Apocalypse,DPS,US,Altar of Fangs,11,1,1602.3,181344,0,292.0,2026-08-19,0,-1,1594.0,11.5,,
42819,19657,DeathKnight,Blood,Unknown,Tank,EU,Altar of Fangs,10,1,1072.9,162558,0,301.0,2026-08-22,0,-1,1065.0,40.8,,
42819,16027,Shaman,Restoration,Unknown,Healer,EU,Altar of Fangs,10,1,1072.9,52341,0,311.0,2026-08-22,0,-1,1065.0,40.8,,
42819,90192,Warrior,Arms,Unknown,DPS,EU,Altar of Fangs,10,1,1072.9,232827,0,302.0,2026-08-22,0,-1,1065.0,40.8,,
42819,90193,Paladin,Retribution,Unknown,DPS,EU,Altar of Fangs,10,1,1072.9,253811,0,301.0,2026-08-22,0,-1,1065.0,40.8,,
42819,52217,Warlock,Destruction,Unknown,DPS,EU,Altar of Fangs,10,1,1072.9,272513,0,309.0,2026-08-22,0,-1,1065.0,40.8,,
81900,4617,DeathKnight,Blood,San'layn,Tank,US,Murder Row,13,1,1450.3,131631,0,307.0,2026-08-22,0,-1,1487.0,27.1,,
81900,18146,Shaman,Restoration,Totemic,Healer,US,Murder Row,13,1,1450.3,37436,0,307.0,2026-08-22,0,-1,1487.0,27.1,,
81900,78981,Warrior,Arms,Slayer,DPS,US,Murder Row,13,1,1450.3,212878,2,306.0,2026-08-22,0,-1,1487.0,27.1,,
81900,2303,Druid,Balance,Elune's Chosen,DPS,US,Murder Row,13,1,1450.3,228485,0,306.0,2026-08-22,0,-1,1487.0,27.1,,
81900,23318,Mage,Arcane,Sunfury,DPS,US,Murder Row,13,1,1450.3,274806,1,308.0,2026-08-22,0,-1,1487.0,27.1,,
43851,92062,DemonHunter,Vengeance,Annihilator,Tank,EU,Ruby Life Pools,5,1,995.4,57974,0,291.0,2026-08-22,0,-1,,,,
43851,92063,Shaman,Restoration,Totemic,Healer,EU,Ruby Life Pools,5,1,995.4,5397,0,297.0,2026-08-22,0,-1,,,,
43851,92064,Hunter,BeastMastery,Pack Leader,DPS,EU,Ruby Life Pools,5,1,995.4,149029,0,293.0,2026-08-22,0,-1,,,,
43851,92065,Paladin,Retribution,Templar,DPS,EU,Ruby Life Pools,5,1,995.4,132835,0,295.0,2026-08-22,0,-1,,,,
43851,92066,Priest,Shadow,Archon,DPS,EU,Ruby Life Pools,5,1,995.4,120327,0,299.0,2026-08-22,0,-1,,,,
53483,81828,Druid,Guardian,Elune's Chosen,Tank,EU,Temple of Sethraliss,14,0,1904.3,124281,0,306.0,2026-08-22,0,-1,,,,
53483,81829,Shaman,Restoration,Totemic,Healer,EU,Temple of Sethraliss,14,0,1904.3,26141,1,306.0,2026-08-22,0,-1,,,,
53483,113490,DemonHunter,Devourer,Void-Scarred,DPS,EU,Temple of Sethraliss,14,0,1904.3,191756,1,304.0,2026-08-22,0,-1,,,,
53483,107313,Paladin,Retribution,Templar,DPS,EU,Temple of Sethraliss,14,0,1904.3,177614,4,291.0,2026-08-22,0,-1,,,,
53483,113491,Shaman,Elemental,Farseer,DPS,EU,Temple of Sethraliss,14,0,1904.3,239004,1,305.0,2026-08-22,0,-1,,,,
41783,88464,DeathKnight,Blood,Deathbringer,Tank,CN,Murder Row,12,1,1606.3,102705,0,306.0,2026-08-22,0,-1,1612.0,21.0,,
41783,55148,Shaman,Restoration,Totemic,Healer,CN,Murder Row,12,1,1606.3,36009,0,310.0,2026-08-22,0,-1,1612.0,21.0,,
41783,88465,Paladin,Retribution,Templar,DPS,CN,Murder Row,12,1,1606.3,164788,0,306.0,2026-08-22,0,-1,1612.0,21.0,,
41783,76660,Hunter,BeastMastery,Pack Leader,DPS,CN,Murder Row,12,1,1606.3,189095,0,306.0,2026-08-22,0,-1,1612.0,21.0,,
41783,66383,Mage,Arcane,Sunfury,DPS,CN,Murder Row,12,1,1606.3,237859,1,303.0,2026-08-22,0,-1,1612.0,21.0,,
84378,148958,Paladin,Protection,Lightsmith,Tank,EU,Murder Row,6,1,1095.6,62410,0,289.0,2026-08-23,0,-1,1087.0,46.7,,
84378,148959,Shaman,Restoration,Totemic,Healer,EU,Murder Row,6,1,1095.6,20453,0,289.0,2026-08-23,0,-1,1087.0,46.7,0,
84378,148960,Mage,Arcane,Sunfury,DPS,EU,Murder Row,6,1,1095.6,145393,0,305.0,2026-08-23,0,-1,1087.0,46.7,2,
84378,19680,Shaman,Elemental,Farseer,DPS,EU,Murder Row,6,1,1095.6,192198,0,308.0,2026-08-23,0,-1,1087.0,46.7,2,
84378,148961,Paladin,Retribution,Templar,DPS,EU,Murder Row,6,1,1095.6,109524,0,291.0,2026-08-23,0,-1,1087.0,46.7,0,
33823,73248,Druid,Guardian,Elune's Chosen,Tank,EU,Voidscar Arena,2,1,1081.9,45204,0,276.0,2026-08-22,0,-1,1073.0,40.4,,
33823,73249,Paladin,Holy,Lightsmith,Healer,EU,Voidscar Arena,2,1,1081.9,19547,0,292.0,2026-08-22,0,-1,1073.0,40.4,,
33823,73250,DeathKnight,Frost,Deathbringer,DPS,EU,Voidscar Arena,2,1,1081.9,81709,0,291.0,2026-08-22,0,-1,1073.0,40.4,,
33823,73251,Mage,Arcane,Sunfury,DPS,EU,Voidscar Arena,2,1,1081.9,83456,2,285.0,2026-08-22,0,-1,1073.0,40.4,,
33823,54568,Warrior,Arms,Slayer,DPS,EU,Voidscar Arena,2,1,1081.9,145975,0,304.0,2026-08-22,0,-1,1073.0,40.4,,
32620,18504,Paladin,Protection,Lightsmith,Tank,EU,Altar of Fangs,11,1,1318.5,137815,0,308.0,2026-08-21,0,-1,1320.0,26.7,,3287
32620,22008,Priest,Holy,Oracle,Healer,EU,Altar of Fangs,11,1,1318.5,36917,0,301.0,2026-08-21,0,-1,1320.0,26.7,,
32620,70447,Warrior,Arms,Slayer,DPS,EU,Altar of Fangs,11,1,1318.5,238871,1,303.0,2026-08-21,0,-1,1320.0,26.7,,
32620,16614,Druid,Balance,Elune's Chosen,DPS,EU,Altar of Fangs,11,1,1318.5,183167,0,302.0,2026-08-21,0,-1,1320.0,26.7,,
32620,62984,Shaman,Enhancement,Stormbringer,DPS,EU,Altar of Fangs,11,1,1318.5,260702,1,303.0,2026-08-21,0,-1,1320.0,26.7,,
20423,45396,DemonHunter,Vengeance,Annihilator,Tank,EU,Den of Nalorakk,6,1,1088.8,67537,0,293.0,2026-08-19,0,-1,1090.0,43.2,,
20423,45397,Paladin,Holy,Herald of the Sun,Healer,EU,Den of Nalorakk,6,1,1088.8,12960,0,299.0,2026-08-19,0,-1,1090.0,43.2,,
20423,45398,Druid,Balance,Elune's Chosen,DPS,EU,Den of Nalorakk,6,1,1088.8,130178,0,296.0,2026-08-19,0,-1,1090.0,43.2,,
20423,45399,Shaman,Elemental,Farseer,DPS,EU,Den of Nalorakk,6,1,1088.8,159596,1,296.0,2026-08-19,0,-1,1090.0,43.2,,
20423,45400,Mage,Arcane,Sunfury,DPS,EU,Den of Nalorakk,6,1,1088.8,129337,1,290.0,2026-08-19,0,-1,1090.0,43.2,,
8576,17451,Warrior,Protection,Mountain Thane,Tank,EU,Den of Nalorakk,10,1,1413.4,120377,0,295.0,2026-08-19,0,-1,1410.0,26.6,,
8576,17452,Priest,Discipline,Oracle,Healer,EU,Den of Nalorakk,10,1,1413.4,16114,0,297.0,2026-08-19,0,-1,1410.0,26.6,,
8576,17453,Warlock,Destruction,Diabolist,DPS,EU,Den of Nalorakk,10,1,1413.4,141717,0,291.0,2026-08-19,0,-1,1410.0,26.6,,
8576,17454,Priest,Shadow,Voidweaver,DPS,EU,Den of Nalorakk,10,1,1413.4,151594,1,291.0,2026-08-19,0,-1,1410.0,26.6,,
8576,17455,Warlock,Destruction,Diabolist,DPS,EU,Den of Nalorakk,10,1,1413.4,170299,0,294.0,2026-08-19,0,-1,1410.0,26.6,,
58607,125207,Paladin,Protection,Lightsmith,Tank,CN,Den of Nalorakk,9,1,1145.0,86402,0,299.0,2026-08-23,0,-1,1136.0,40.8,,
58607,125208,Shaman,Restoration,Totemic,Healer,CN,Den of Nalorakk,9,1,1145.0,19147,0,291.0,2026-08-23,0,-1,1136.0,40.8,,
58607,125209,Warrior,Arms,Slayer,DPS,CN,Den of Nalorakk,9,1,1145.0,198304,0,309.0,2026-08-23,0,-1,1136.0,40.8,,
58607,125210,Hunter,BeastMastery,Pack Leader,DPS,CN,Den of Nalorakk,9,1,1145.0,163909,0,293.0,2026-08-23,0,-1,1136.0,40.8,,
58607,125211,Mage,Arcane,Sunfury,DPS,CN,Den of Nalorakk,9,1,1145.0,246004,0,307.0,2026-08-23,0,-1,1136.0,40.8,,
40135,85671,Paladin,Protection,Lightsmith,Tank,EU,Kings' Rest,6,1,1082.3,32907,0,266.0,2026-08-21,0,-1,1073.0,45.8,,
40135,85672,Shaman,Restoration,Totemic,Healer,EU,Kings' Rest,6,1,1082.3,23854,0,295.0,2026-08-21,0,-1,1073.0,45.8,,
40135,85673,DemonHunter,Devourer,Void-Scarred,DPS,EU,Kings' Rest,6,1,1082.3,108814,0,294.0,2026-08-21,0,-1,1073.0,45.8,,
40135,20794,Warrior,Arms,Slayer,DPS,EU,Kings' Rest,6,1,1082.3,132239,0,306.0,2026-08-21,0,-1,1073.0,45.8,,
40135,22483,Paladin,Retribution,Templar,DPS,EU,Kings' Rest,6,1,1082.3,120205,0,298.0,2026-08-21,0,-1,1073.0,45.8,,
53548,113629,Warrior,Protection,Mountain Thane,Tank,EU,Den of Nalorakk,8,1,1205.2,95714,0,300.0,2026-08-22,0,-1,,,,
53548,112115,Shaman,Restoration,Totemic,Healer,EU,Den of Nalorakk,8,1,1205.2,11375,0,286.0,2026-08-22,0,-1,,,,
53548,113630,Hunter,BeastMastery,Pack Leader,DPS,EU,Den of Nalorakk,8,1,1205.2,161878,0,304.0,2026-08-22,0,-1,,,,
53548,113631,Rogue,Subtlety,Trickster,DPS,EU,Den of Nalorakk,8,1,1205.2,150951,1,293.0,2026-08-22,0,-1,,,,
53548,113632,Mage,Arcane,Sunfury,DPS,EU,Den of Nalorakk,8,1,1205.2,163853,1,304.0,2026-08-22,0,-1,,,,
82459,139358,DemonHunter,Vengeance,Annihilator,Tank,CN,Kings' Rest,12,1,1469.7,79144,0,306.0,2026-08-23,0,-1,1461.0,26.2,,
82459,143292,Evoker,Preservation,Flameshaper,Healer,CN,Kings' Rest,12,1,1469.7,60806,0,306.0,2026-08-23,0,-1,1461.0,26.2,,
82459,146643,Shaman,Elemental,Farseer,DPS,CN,Kings' Rest,12,1,1469.7,143393,0,304.0,2026-08-23,0,-1,1461.0,26.2,,
82459,146644,Warrior,Arms,Slayer,DPS,CN,Kings' Rest,12,1,1469.7,151386,0,298.0,2026-08-23,0,-1,1461.0,26.2,,
82459,71722,Mage,Arcane,Sunfury,DPS,CN,Kings' Rest,12,1,1469.7,182523,0,308.0,2026-08-23,0,-1,1461.0,26.2,,
19353,42579,Paladin,Protection,Templar,Tank,US,The Blinding Vale,2,1,937.0,59287,0,291.0,2026-08-20,0,-1,929.0,48.4,,
19353,42580,Priest,Discipline,Oracle,Healer,US,The Blinding Vale,2,1,937.0,7746,0,295.0,2026-08-20,0,-1,929.0,48.4,,
19353,42581,Mage,Arcane,Sunfury,DPS,US,The Blinding Vale,2,1,937.0,132271,0,278.0,2026-08-20,0,-1,929.0,48.4,,
19353,42582,Hunter,BeastMastery,Pack Leader,DPS,US,The Blinding Vale,2,1,937.0,136051,0,296.0,2026-08-20,0,-1,929.0,48.4,,
19353,42583,Shaman,Elemental,Farseer,DPS,US,The Blinding Vale,2,1,937.0,127729,0,278.0,2026-08-20,0,-1,929.0,48.4,,
72956,70471,DeathKnight,Blood,San'layn,Tank,CN,Voidscar Arena,14,1,1385.8,149274,0,305.0,2026-08-21,0,-1,1377.0,23.5,,
72956,70472,Paladin,Holy,Herald of the Sun,Healer,CN,Voidscar Arena,14,1,1385.8,20415,0,302.0,2026-08-21,0,-1,1377.0,23.5,,
72956,70474,Warrior,Arms,Slayer,DPS,CN,Voidscar Arena,14,1,1385.8,248680,0,306.0,2026-08-21,0,-1,1377.0,23.5,,
72956,70473,Warlock,Demonology,Diabolist,DPS,CN,Voidscar Arena,14,1,1385.8,288346,0,307.0,2026-08-21,0,-1,1377.0,23.5,,
72956,70475,Mage,Arcane,Sunfury,DPS,CN,Voidscar Arena,14,1,1385.8,244890,0,306.0,2026-08-21,0,-1,1377.0,23.5,,
50255,106618,DeathKnight,Blood,Deathbringer,Tank,EU,Ruby Life Pools,2,1,943.8,66657,0,291.0,2026-08-22,0,-1,,,,
50255,106619,Druid,Restoration,Wildstalker,Healer,EU,Ruby Life Pools,2,1,943.8,8511,0,289.0,2026-08-22,0,-1,,,,
50255,106620,Warlock,Affliction,Soul Harvester,DPS,EU,Ruby Life Pools,2,1,943.8,98131,0,290.0,2026-08-22,0,-1,,,,
50255,106621,Mage,Arcane,Sunfury,DPS,EU,Ruby Life Pools,2,1,943.8,154702,0,305.0,2026-08-22,0,-1,,,,
50255,106622,Hunter,Marksmanship,Sentinel,DPS,EU,Ruby Life Pools,2,1,943.8,99877,0,278.0,2026-08-22,0,-1,,,,
41428,87871,DeathKnight,Blood,San'layn,Tank,EU,Ruby Life Pools,9,1,986.4,109063,0,298.0,2026-08-22,0,-1,984.0,41.5,,
41428,84892,Shaman,Restoration,Totemic,Healer,EU,Ruby Life Pools,9,1,986.4,36906,0,299.0,2026-08-22,0,-1,984.0,41.5,,
41428,87872,Warlock,Demonology,Diabolist,DPS,EU,Ruby Life Pools,9,1,986.4,197418,1,296.0,2026-08-22,0,-1,984.0,41.5,,
41428,18665,Shaman,Elemental,Farseer,DPS,EU,Ruby Life Pools,9,1,986.4,236553,0,300.0,2026-08-22,0,-1,984.0,41.5,,
41428,87873,Warlock,Destruction,Diabolist,DPS,EU,Ruby Life Pools,9,1,986.4,205992,0,299.0,2026-08-22,0,-1,984.0,41.5,,
41438,5881,Warrior,Protection,Mountain Thane,Tank,US,Altar of Fangs,8,1,1097.7,130376,0,308.0,2026-08-20,0,-1,1104.0,38.6,,
41438,40691,Shaman,Restoration,Totemic,Healer,US,Altar of Fangs,8,1,1097.7,38049,0,301.0,2026-08-20,0,-1,1104.0,38.6,,
41438,76840,Mage,Arcane,Sunfury,DPS,US,Altar of Fangs,8,1,1097.7,213704,1,301.0,2026-08-20,0,-1,1104.0,38.6,,
41438,5883,DeathKnight,Unholy,San'layn,DPS,US,Altar of Fangs,8,1,1097.7,274677,0,309.0,2026-08-20,0,-1,1104.0,38.6,,
41438,76839,Warrior,Arms,Slayer,DPS,US,Altar of Fangs,8,1,1097.7,161203,2,295.0,2026-08-20,0,-1,1104.0,38.6,,
39046,81034,DeathKnight,Blood,San'layn,Tank,EU,Voidscar Arena,13,1,1644.7,106220,0,304.0,2026-08-21,0,-1,1651.0,8.3,,
39046,44720,Shaman,Restoration,Totemic,Healer,EU,Voidscar Arena,13,1,1644.7,25007,0,296.0,2026-08-21,0,-1,1651.0,8.3,,
39046,83662,Rogue,Subtlety,Trickster,DPS,EU,Voidscar Arena,13,1,1644.7,179801,1,304.0,2026-08-21,0,-1,1651.0,8.3,,
39046,75975,Warrior,Arms,Slayer,DPS,EU,Voidscar Arena,13,1,1644.7,199389,0,299.0,2026-08-21,0,-1,1651.0,8.3,,
39046,13420,Hunter,BeastMastery,Pack Leader,DPS,EU,Voidscar Arena,13,1,1644.7,192044,0,309.0,2026-08-21,0,-1,1651.0,8.3,,
26729,15017,Paladin,Protection,Lightsmith,Tank,EU,Altar of Fangs,10,1,1086.1,121283,1,304.0,2026-08-21,0,-1,1092.0,39.3,,2754
26729,59058,Paladin,Holy,Herald of the Sun,Healer,EU,Altar of Fangs,10,1,1086.1,12015,0,291.0,2026-08-21,0,-1,1092.0,39.3,,
26729,59059,Shaman,Elemental,Farseer,DPS,EU,Altar of Fangs,10,1,1086.1,249803,1,293.0,2026-08-21,0,-1,1092.0,39.3,,
26729,15020,Rogue,Subtlety,Deathstalker,DPS,EU,Altar of Fangs,10,1,1086.1,341909,0,309.0,2026-08-21,0,-1,1092.0,39.3,,2719
26729,59060,Warrior,Arms,Slayer,DPS,EU,Altar of Fangs,10,1,1086.1,236786,1,294.0,2026-08-21,0,-1,1092.0,39.3,,
63931,30298,DemonHunter,Vengeance,Unknown,Tank,EU,Kings' Rest,14,1,1653.4,110217,0,309.0,2026-08-22,0,-1,1660.0,16.1,,
63931,54220,Paladin,Holy,Unknown,Healer,EU,Kings' Rest,14,1,1653.4,28686,0,309.0,2026-08-22,0,-1,1660.0,16.1,,
63931,54221,Mage,Arcane,Unknown,DPS,EU,Kings' Rest,14,1,1653.4,164325,1,309.0,2026-08-22,0,-1,1660.0,16.1,,
63931,54222,Warrior,Arms,Unknown,DPS,EU,Kings' Rest,14,1,1653.4,185483,0,312.0,2026-08-22,0,-1,1660.0,16.1,,
63931,54223,Monk,Windwalker,Unknown,DPS,EU,Kings' Rest,14,1,1653.4,156715,0,312.0,2026-08-22,0,-1,1660.0,16.1,,
6791,13686,Druid,Guardian,Elune's Chosen,Tank,EU,Voidscar Arena,10,1,1118.3,101850,0,295.0,2026-08-19,0,-1,1115.0,38.1,,
6791,13687,Shaman,Restoration,Totemic,Healer,EU,Voidscar Arena,10,1,1118.3,38552,0,301.0,2026-08-19,0,-1,1115.0,38.1,,
6791,13688,DemonHunter,Devourer,Void-Scarred,DPS,EU,Voidscar Arena,10,1,1118.3,199951,0,299.0,2026-08-19,0,-1,1115.0,38.1,,
6791,13689,Evoker,Augmentation,Scalecommander,DPS,EU,Voidscar Arena,10,1,1118.3,189347,0,300.0,2026-08-19,0,-1,1115.0,38.1,,
6791,13690,Shaman,Enhancement,Stormbringer,DPS,EU,Voidscar Arena,10,1,1118.3,229786,1,300.0,2026-08-19,0,-1,1115.0,38.1,,
26292,4050,DeathKnight,Blood,San'layn,Tank,US,Kings' Rest,11,1,1205.0,110582,0,309.0,2026-08-22,0,-1,1207.0,39.1,,
26292,58201,Paladin,Holy,Herald of the Sun,Healer,US,Kings' Rest,11,1,1205.0,29795,0,309.0,2026-08-22,0,-1,1207.0,39.1,,
26292,55589,Mage,Arcane,Sunfury,DPS,US,Kings' Rest,11,1,1205.0,216506,0,309.0,2026-08-22,0,-1,1207.0,39.1,,
26292,4319,Warrior,Arms,Slayer,DPS,US,Kings' Rest,11,1,1205.0,189352,0,309.0,2026-08-22,0,-1,1207.0,39.1,,
26292,58202,Druid,Balance,Elune's Chosen,DPS,US,Kings' Rest,11,1,1205.0,117312,2,291.0,2026-08-22,0,-1,1207.0,39.1,,
56746,120516,Druid,Guardian,Elune's Chosen,Tank,EU,Altar of Fangs,8,1,991.9,95434,0,290.0,2026-08-22,0,-1,988.0,45.1,,
56746,120670,Druid,Restoration,Wildstalker,Healer,EU,Altar of Fangs,8,1,991.9,23739,1,279.0,2026-08-22,0,-1,988.0,45.1,,
56746,120518,Warrior,Arms,Slayer,DPS,EU,Altar of Fangs,8,1,991.9,211590,0,308.0,2026-08-22,0,-1,988.0,45.1,,
56746,90693,DeathKnight,Unholy,Rider of the Apocalypse,DPS,EU,Altar of Fangs,8,1,991.9,268513,0,304.0,2026-08-22,0,-1,988.0,45.1,,
56746,90695,Rogue,Subtlety,Trickster,DPS,EU,Altar of Fangs,8,1,991.9,293167,0,304.0,2026-08-22,0,-1,988.0,45.1,,
85634,113030,DeathKnight,Blood,San'layn,Tank,EU,Voidscar Arena,15,1,1660.4,136438,0,309.0,2026-08-23,0,-1,1772.0,1.5,2,
85634,49081,Shaman,Restoration,Totemic,Healer,EU,Voidscar Arena,15,1,1660.4,31790,1,310.0,2026-08-23,0,-1,1772.0,1.5,2,
85634,150995,Monk,Windwalker,Shado-Pan,DPS,EU,Voidscar Arena,15,1,1660.4,218113,2,313.0,2026-08-23,0,-1,1772.0,1.5,,
85634,60971,Warrior,Arms,Slayer,DPS,EU,Voidscar Arena,15,1,1660.4,228239,3,311.0,2026-08-23,0,-1,1772.0,1.5,4,
85634,60969,Paladin,Retribution,Herald of the Sun,DPS,EU,Voidscar Arena,15,1,1660.4,240156,2,312.0,2026-08-23,0,-1,1772.0,1.5,5,
67698,13531,Druid,Guardian,Elune's Chosen,Tank,EU,Kings' Rest,12,1,1438.9,80386,0,303.0,2026-08-21,0,-1,1431.0,27.7,,
67698,12768,Shaman,Restoration,Totemic,Healer,EU,Kings' Rest,12,1,1438.9,43416,0,307.0,2026-08-21,0,-1,1431.0,27.7,,3093
67698,58182,Priest,Shadow,Voidweaver,DPS,EU,Kings' Rest,12,1,1438.9,168271,0,304.0,2026-08-21,0,-1,1431.0,27.7,,
67698,12771,DeathKnight,Unholy,Rider of the Apocalypse,DPS,EU,Kings' Rest,12,1,1438.9,140000,0,301.0,2026-08-21,0,-1,1431.0,27.7,,2925
67698,12770,Warrior,Arms,Slayer,DPS,EU,Kings' Rest,12,1,1438.9,190940,0,308.0,2026-08-21,0,-1,1431.0,27.7,,3048
41980,15334,DeathKnight,Blood,San'layn,Tank,EU,Temple of Sethraliss,11,1,1326.5,128895,0,309.0,2026-08-21,0,-1,1342.0,30.1,,
41980,88821,Priest,Holy,Oracle,Healer,EU,Temple of Sethraliss,11,1,1326.5,15298,0,292.0,2026-08-21,0,-1,1342.0,30.1,,
41980,79084,Warlock,Demonology,Diabolist,DPS,EU,Temple of Sethraliss,11,1,1326.5,179795,1,297.0,2026-08-21,0,-1,1342.0,30.1,,
41980,88822,Hunter,BeastMastery,Pack Leader,DPS,EU,Temple of Sethraliss,11,1,1326.5,193677,2,306.0,2026-08-21,0,-1,1342.0,30.1,,
41980,39523,DemonHunter,Devourer,Annihilator,DPS,EU,Temple of Sethraliss,11,1,1326.5,239250,1,302.0,2026-08-21,0,-1,1342.0,30.1,,
67922,52663,Paladin,Protection,Lightsmith,Tank,EU,Kings' Rest,14,1,1785.7,91961,0,306.0,2026-08-22,0,-1,1822.0,8.0,,
67922,52664,Shaman,Restoration,Totemic,Healer,EU,Kings' Rest,14,1,1785.7,49043,0,303.0,2026-08-22,0,-1,1822.0,8.0,,
67922,52666,DemonHunter,Devourer,Annihilator,DPS,EU,Kings' Rest,14,1,1785.7,166986,1,306.0,2026-08-22,0,-1,1822.0,8.0,,
67922,52665,Hunter,Survival,Sentinel,DPS,EU,Kings' Rest,14,1,1785.7,136093,1,305.0,2026-08-22,0,-1,1822.0,8.0,,
67922,52667,Mage,Arcane,Sunfury,DPS,EU,Kings' Rest,14,1,1785.7,170539,1,305.0,2026-08-22,0,-1,1822.0,8.0,,
50277,106675,DemonHunter,Vengeance,Annihilator,Tank,EU,Murder Row,10,1,1174.2,104382,0,299.0,2026-08-22,0,-1,,,,
50277,44422,Monk,Mistweaver,Conduit of the Celestials,Healer,EU,Murder Row,10,1,1174.2,53130,0,304.0,2026-08-22,0,-1,,,,
50277,44424,Warlock,Destruction,Diabolist,DPS,EU,Murder Row,10,1,1174.2,212291,0,304.0,2026-08-22,0,-1,,,,
50277,41168,Hunter,Marksmanship,Sentinel,DPS,EU,Murder Row,10,1,1174.2,215576,1,304.0,2026-08-22,0,-1,,,,
50277,49254,Warrior,Arms,Slayer,DPS,EU,Murder Row,10,1,1174.2,240989,0,310.0,2026-08-22,0,-1,,,,
56318,114090,Warrior,Protection,Mountain Thane,Tank,US,Voidscar Arena,6,1,1074.2,85074,0,295.0,2026-08-23,0,-1,,,,
56318,119641,Priest,Discipline,Oracle,Healer,US,Voidscar Arena,6,1,1074.2,10870,0,285.0,2026-08-23,0,-1,,,,
56318,119642,Paladin,Retribution,Templar,DPS,US,Voidscar Arena,6,1,1074.2,99544,0,287.0,2026-08-23,0,-1,,,,
56318,106438,Warrior,Arms,Slayer,DPS,US,Voidscar Arena,6,1,1074.2,140228,0,305.0,2026-08-23,0,-1,,,,
56318,119643,Mage,Arcane,Sunfury,DPS,US,Voidscar Arena,6,1,1074.2,127738,0,296.0,2026-08-23,0,-1,,,,
59175,126559,DeathKnight,Blood,San'layn,Tank,EU,The Blinding Vale,5,1,1022.4,68360,0,291.0,2026-08-22,0,-1,,,,
59175,126560,Shaman,Restoration,Totemic,Healer,EU,The Blinding Vale,5,1,1022.4,20767,0,286.0,2026-08-22,0,-1,,,,
59175,63297,Paladin,Retribution,Templar,DPS,EU,The Blinding Vale,5,1,1022.4,142044,0,304.0,2026-08-22,0,-1,,,,
59175,126561,Druid,Feral,Druid of the Claw,DPS,EU,The Blinding Vale,5,1,1022.4,91906,0,288.0,2026-08-22,0,-1,,,,
59175,88750,Warrior,Fury,Mountain Thane,DPS,EU,The Blinding Vale,5,1,1022.4,169034,0,296.0,2026-08-22,0,-1,,,,
18531,41022,DeathKnight,Blood,San'layn,Tank,US,Murder Row,10,1,1266.1,87322,1,304.0,2026-08-19,0,-1,1267.0,37.9,,
18531,2436,Priest,Holy,Oracle,Healer,US,Murder Row,10,1,1266.1,25616,0,299.0,2026-08-19,0,-1,1267.0,37.9,,2679
18531,41023,Mage,Arcane,Sunfury,DPS,US,Murder Row,10,1,1266.1,195626,1,299.0,2026-08-19,0,-1,1267.0,37.9,,
18531,10295,Warrior,Arms,Slayer,DPS,US,Murder Row,10,1,1266.1,227418,0,305.0,2026-08-19,0,-1,1267.0,37.9,,2825
18531,7570,Priest,Shadow,Archon,DPS,US,Murder Row,10,1,1266.1,209986,0,296.0,2026-08-19,0,-1,1267.0,37.9,,2758
8262,4907,DeathKnight,Blood,San'layn,Tank,US,The Blinding Vale,12,1,1620.0,107778,0,298.0,2026-08-19,0,-1,1686.0,6.3,,
8262,4908,Paladin,Holy,Herald of the Sun,Healer,US,The Blinding Vale,12,1,1620.0,16062,1,293.0,2026-08-19,0,-1,1686.0,6.3,,3200
8262,4911,Warrior,Arms,Slayer,DPS,US,The Blinding Vale,12,1,1620.0,200074,2,300.0,2026-08-19,0,-1,1686.0,6.3,,
8262,4909,Warrior,Fury,Slayer,DPS,US,The Blinding Vale,12,1,1620.0,177226,2,299.0,2026-08-19,0,-1,1686.0,6.3,,2886
8262,4910,Mage,Arcane,Sunfury,DPS,US,The Blinding Vale,12,1,1620.0,194595,0,296.0,2026-08-19,0,-1,1686.0,6.3,,2784
18066,1265,DemonHunter,Vengeance,Annihilator,Tank,US,Kings' Rest,10,1,1141.1,113431,0,300.0,2026-08-19,0,-1,1138.0,42.5,,2698
18066,1266,Shaman,Restoration,Farseer,Healer,US,Kings' Rest,10,1,1141.1,39997,0,298.0,2026-08-19,0,-1,1138.0,42.5,,2729
18066,1269,Warlock,Destruction,Hellcaller,DPS,US,Kings' Rest,10,1,1141.1,145900,1,293.0,2026-08-19,0,-1,1138.0,42.5,,2714
18066,1267,Rogue,Assassination,Deathstalker,DPS,US,Kings' Rest,10,1,1141.1,176685,0,301.0,2026-08-19,0,-1,1138.0,42.5,,2816
18066,1268,Mage,Arcane,Sunfury,DPS,US,Kings' Rest,10,1,1141.1,161810,0,301.0,2026-08-19,0,-1,1138.0,42.5,,2790
69268,16183,DeathKnight,Blood,San'layn,Tank,US,Kings' Rest,14,1,1728.0,97284,0,313.0,2026-08-22,0,-1,1720.0,13.2,,
69268,76319,Paladin,Holy,Herald of the Sun,Healer,US,Kings' Rest,14,1,1728.0,29219,0,311.0,2026-08-22,0,-1,1720.0,13.2,,
69268,7306,Hunter,BeastMastery,Pack Leader,DPS,US,Kings' Rest,14,1,1728.0,164652,0,306.0,2026-08-22,0,-1,1720.0,13.2,,
69268,35399,Shaman,Elemental,Farseer,DPS,US,Kings' Rest,14,1,1728.0,153596,0,304.0,2026-08-22,0,-1,1720.0,13.2,,
69268,8753,Rogue,Outlaw,Trickster,DPS,US,Kings' Rest,14,1,1728.0,167313,0,306.0,2026-08-22,0,-1,1720.0,13.2,,3067
75094,143318,DeathKnight,Blood,San'layn,Tank,EU,Kings' Rest,13,1,1620.5,80480,0,304.0,2026-08-22,0,-1,1627.0,17.8,,
75094,129030,Paladin,Holy,Herald of the Sun,Healer,EU,Kings' Rest,13,1,1620.5,22402,0,310.0,2026-08-22,0,-1,1627.0,17.8,,
75094,30644,Mage,Arcane,Sunfury,DPS,EU,Kings' Rest,13,1,1620.5,190360,0,309.0,2026-08-22,0,-1,1627.0,17.8,,
75094,17396,Warlock,Demonology,Diabolist,DPS,EU,Kings' Rest,13,1,1620.5,171173,0,305.0,2026-08-22,0,-1,1627.0,17.8,,
75094,116608,Rogue,Assassination,Deathstalker,DPS,EU,Kings' Rest,13,1,1620.5,131352,1,305.0,2026-08-22,0,-1,1627.0,17.8,,
18085,39212,DemonHunter,Vengeance,Annihilator,Tank,EU,Murder Row,10,1,1296.4,118577,0,302.0,2026-08-19,0,-1,1293.0,36.6,,
18085,40085,Shaman,Restoration,Totemic,Healer,EU,Murder Row,10,1,1296.4,33626,0,295.0,2026-08-19,0,-1,1293.0,36.6,,
18085,40086,Warrior,Arms,Slayer,DPS,EU,Murder Row,10,1,1296.4,208629,0,305.0,2026-08-19,0,-1,1293.0,36.6,,
18085,40087,Paladin,Retribution,Templar,DPS,EU,Murder Row,10,1,1296.4,193866,1,297.0,2026-08-19,0,-1,1293.0,36.6,,
18085,40088,Mage,Fire,Sunfury,DPS,EU,Murder Row,10,1,1296.4,169233,0,292.0,2026-08-19,0,-1,1293.0,36.6,,
35885,18716,DeathKnight,Blood,San'layn,Tank,EU,Ruby Life Pools,12,1,1281.1,106672,0,302.0,2026-08-19,0,-1,1287.0,23.4,,3294
35885,20136,Priest,Discipline,Oracle,Healer,EU,Ruby Life Pools,12,1,1281.1,20870,1,294.0,2026-08-19,0,-1,1287.0,23.4,,
35885,18719,DemonHunter,Devourer,Annihilator,DPS,EU,Ruby Life Pools,12,1,1281.1,230290,0,301.0,2026-08-19,0,-1,1287.0,23.4,,3078
35885,18718,DeathKnight,Unholy,Rider of the Apocalypse,DPS,EU,Ruby Life Pools,12,1,1281.1,208141,0,302.0,2026-08-19,0,-1,1287.0,23.4,,3059
35885,18720,Mage,Arcane,Sunfury,DPS,EU,Ruby Life Pools,12,1,1281.1,237626,0,304.0,2026-08-19,0,-1,1287.0,23.4,,3246
69094,139530,DeathKnight,Blood,San'layn,Tank,EU,Den of Nalorakk,12,1,1411.7,81640,0,304.0,2026-08-22,0,-1,1433.0,25.4,,
69094,31666,Shaman,Restoration,Totemic,Healer,EU,Den of Nalorakk,12,1,1411.7,25601,0,296.0,2026-08-22,0,-1,1433.0,25.4,,
69094,78283,Mage,Arcane,Sunfury,DPS,EU,Den of Nalorakk,12,1,1411.7,177652,1,307.0,2026-08-22,0,-1,1433.0,25.4,,
69094,137665,Rogue,Subtlety,Deathstalker,DPS,EU,Den of Nalorakk,12,1,1411.7,234068,0,305.0,2026-08-22,0,-1,1433.0,25.4,,
69094,37205,Warrior,Arms,Slayer,DPS,EU,Den of Nalorakk,12,1,1411.7,196188,1,310.0,2026-08-22,0,-1,1433.0,25.4,,
28628,62349,DeathKnight,Blood,San'layn,Tank,EU,Voidscar Arena,10,1,1001.9,125351,0,299.0,2026-08-22,0,-1,,,,
28628,19409,Priest,Holy,Oracle,Healer,EU,Voidscar Arena,10,1,1001.9,30778,0,302.0,2026-08-22,0,-1,,,,
28628,62350,Shaman,Elemental,Farseer,DPS,EU,Voidscar Arena,10,1,1001.9,211270,0,302.0,2026-08-22,0,-1,,,,
28628,13363,Druid,Balance,Elune's Chosen,DPS,EU,Voidscar Arena,10,1,1001.9,238429,0,311.0,2026-08-22,0,-1,,,,2758
28628,62351,Mage,Arcane,Sunfury,DPS,EU,Voidscar Arena,10,1,1001.9,253543,0,304.0,2026-08-22,0,-1,,,,
42639,72074,Druid,Guardian,Elune's Chosen,Tank,CN,Temple of Sethraliss,12,1,1519.4,93171,0,294.0,2026-08-21,0,-1,1511.0,21.3,,
42639,69010,Paladin,Holy,Lightsmith,Healer,CN,Temple of Sethraliss,12,1,1519.4,39997,0,305.0,2026-08-21,0,-1,1511.0,21.3,,
42639,89865,Warrior,Fury,Mountain Thane,DPS,CN,Temple of Sethraliss,12,1,1519.4,195610,0,301.0,2026-08-21,0,-1,1511.0,21.3,,
42639,82775,DemonHunter,Havoc,Fel-Scarred,DPS,CN,Temple of Sethraliss,12,1,1519.4,170150,0,299.0,2026-08-21,0,-1,1511.0,21.3,,
42639,69012,Mage,Arcane,Sunfury,DPS,CN,Temple of Sethraliss,12,1,1519.4,228974,0,301.0,2026-08-21,0,-1,1511.0,21.3,,
80733,71881,Warrior,Protection,Mountain Thane,Tank,CN,Altar of Fangs,15,1,1647.3,167708,0,301.0,2026-08-21,0,-1,1668.0,7.3,,
80733,66209,Paladin,Holy,Lightsmith,Healer,CN,Altar of Fangs,15,1,1647.3,35329,0,307.0,2026-08-21,0,-1,1668.0,7.3,,
80733,140655,Shaman,Elemental,Farseer,DPS,CN,Altar of Fangs,15,1,1647.3,239759,2,303.0,2026-08-21,0,-1,1668.0,7.3,,
80733,72643,Mage,Arcane,Sunfury,DPS,CN,Altar of Fangs,15,1,1647.3,295759,0,305.0,2026-08-21,0,-1,1668.0,7.3,,
80733,71882,Druid,Feral,Druid of the Claw,DPS,CN,Altar of Fangs,15,1,1647.3,299173,0,306.0,2026-08-21,0,-1,1668.0,7.3,,
8486,17259,Druid,Guardian,Elune's Chosen,Tank,US,The Blinding Vale,11,1,1474.7,116255,0,293.0,2026-08-19,0,-1,1471.0,18.3,,
8486,17335,Paladin,Holy,Herald of the Sun,Healer,US,The Blinding Vale,11,1,1474.7,21927,0,293.0,2026-08-19,0,-1,1471.0,18.3,,
8486,17336,DeathKnight,Unholy,Rider of the Apocalypse,DPS,US,The Blinding Vale,11,1,1474.7,203014,0,294.0,2026-08-19,0,-1,1471.0,18.3,,
8486,17337,Mage,Arcane,Sunfury,DPS,US,The Blinding Vale,11,1,1474.7,189861,0,294.0,2026-08-19,0,-1,1471.0,18.3,,
8486,17338,Shaman,Enhancement,Stormbringer,DPS,US,The Blinding Vale,11,1,1474.7,181159,1,297.0,2026-08-19,0,-1,1471.0,18.3,,
73046,44241,Paladin,Protection,Lightsmith,Tank,EU,Voidscar Arena,14,1,1586.8,92608,0,308.0,2026-08-21,0,-1,1593.0,11.5,,
73046,24679,Monk,Mistweaver,Conduit of the Celestials,Healer,EU,Voidscar Arena,14,1,1586.8,47378,0,307.0,2026-08-21,0,-1,1593.0,11.5,,
73046,21354,Warlock,Destruction,Diabolist,DPS,EU,Voidscar Arena,14,1,1586.8,246617,1,309.0,2026-08-21,0,-1,1593.0,11.5,,
73046,34589,Mage,Arcane,Sunfury,DPS,EU,Voidscar Arena,14,1,1586.8,237631,0,306.0,2026-08-21,0,-1,1593.0,11.5,,
73046,98423,Paladin,Retribution,Templar,DPS,EU,Voidscar Arena,14,1,1586.8,183312,0,308.0,2026-08-21,0,-1,1593.0,11.5,,
2759,5979,DeathKnight,Blood,Deathbringer,Tank,US,Temple of Sethraliss,11,0,2006.6,112713,0,295.0,2026-08-18,0,-1,2053.0,-6.9,,
2759,5980,Priest,Discipline,Oracle,Healer,US,Temple of Sethraliss,11,0,2006.6,9499,1,296.0,2026-08-18,0,-1,2053.0,-6.9,,
2759,5981,Warrior,Arms,Slayer,DPS,US,Temple of Sethraliss,11,0,2006.6,125909,3,285.0,2026-08-18,0,-1,2053.0,-6.9,,
2759,5982,Shaman,Elemental,Farseer,DPS,US,Temple of Sethraliss,11,0,2006.6,125789,5,292.0,2026-08-18,0,-1,2053.0,-6.9,,
2759,5983,DemonHunter,Devourer,Annihilator,DPS,US,Temple of Sethraliss,11,0,2006.6,154810,4,295.0,2026-08-18,0,-1,2053.0,-6.9,,
10445,18504,Paladin,Protection,Lightsmith,Tank,EU,Murder Row,12,1,1943.9,87369,1,297.0,2026-08-19,0,-1,2025.0,0.7,,3287
10445,21006,Paladin,Holy,Herald of the Sun,Healer,EU,Murder Row,12,1,1943.9,13697,0,295.0,2026-08-19,0,-1,2025.0,0.7,,
10445,18507,Rogue,Assassination,Deathstalker,DPS,EU,Murder Row,12,1,1943.9,193151,4,294.0,2026-08-19,0,-1,2025.0,0.7,,3287
10445,18506,Shaman,Elemental,Farseer,DPS,EU,Murder Row,12,1,1943.9,168848,1,298.0,2026-08-19,0,-1,2025.0,0.7,,
10445,18508,Warrior,Fury,Slayer,DPS,EU,Murder Row,12,1,1943.9,180465,0,293.0,2026-08-19,0,-1,2025.0,0.7,,3287
71559,21393,DeathKnight,Blood,San'layn,Tank,EU,Voidscar Arena,15,1,1594.3,130077,0,313.0,2026-08-23,0,-1,1585.0,11.9,,
71559,46057,Priest,Holy,Oracle,Healer,EU,Voidscar Arena,15,1,1594.3,34789,0,312.0,2026-08-23,0,-1,1585.0,11.9,,
71559,31061,Mage,Arcane,Sunfury,DPS,EU,Voidscar Arena,15,1,1594.3,246757,0,313.0,2026-08-23,0,-1,1585.0,11.9,,
71559,65065,Warlock,Destruction,Diabolist,DPS,EU,Voidscar Arena,15,1,1594.3,229442,0,309.0,2026-08-23,0,-1,1585.0,11.9,,
71559,13824,Shaman,Elemental,Farseer,DPS,EU,Voidscar Arena,15,1,1594.3,247873,0,313.0,2026-08-23,0,-1,1585.0,11.9,,
44462,23289,Paladin,Protection,Templar,Tank,EU,Kings' Rest,11,1,1310.4,70196,0,308.0,2026-08-22,0,-1,1311.0,33.8,,
44462,66777,Shaman,Restoration,Totemic,Healer,EU,Kings' Rest,11,1,1310.4,26372,0,303.0,2026-08-22,0,-1,1311.0,33.8,,
44462,21928,DemonHunter,Devourer,Void-Scarred,DPS,EU,Kings' Rest,11,1,1310.4,204088,0,311.0,2026-08-22,0,-1,1311.0,33.8,,
44462,33698,Druid,Feral,Wildstalker,DPS,EU,Kings' Rest,11,1,1310.4,149370,1,296.0,2026-08-22,0,-1,1311.0,33.8,,
44462,76494,Priest,Shadow,Archon,DPS,EU,Kings' Rest,11,1,1310.4,166219,1,297.0,2026-08-22,0,-1,1311.0,33.8,,
52957,110726,Druid,Guardian,Elune's Chosen,Tank,US,Temple of Sethraliss,2,1,956.4,66026,0,293.0,2026-08-22,0,-1,,,,
52957,52869,Paladin,Holy,Herald of the Sun,Healer,US,Temple of Sethraliss,2,1,956.4,18569,0,290.0,2026-08-22,0,-1,,,,
52957,111783,DeathKnight,Unholy,Rider of the Apocalypse,DPS,US,Temple of Sethraliss,2,1,956.4,108015,0,289.0,2026-08-22,0,-1,,,,
52957,52870,Mage,Frost,Spellslinger,DPS,US,Temple of Sethraliss,2,1,956.4,110352,0,294.0,2026-08-22,0,-1,,,,
52957,52871,Hunter,BeastMastery,Pack Leader,DPS,US,Temple of Sethraliss,2,1,956.4,132763,0,295.0,2026-08-22,0,-1,,,,
73668,20662,DeathKnight,Blood,San'layn,Tank,EU,Den of Nalorakk,15,1,1576.6,172816,0,313.0,2026-08-22,0,-1,1628.0,15.2,,3353
73668,22490,Paladin,Holy,Lightsmith,Healer,EU,Den of Nalorakk,15,1,1576.6,45871,2,311.0,2026-08-22,0,-1,1628.0,15.2,,3179
73668,33217,Rogue,Subtlety,Deathstalker,DPS,EU,Den of Nalorakk,15,1,1576.6,223180,0,308.0,2026-08-22,0,-1,1628.0,15.2,,
73668,20663,Mage,Arcane,Sunfury,DPS,EU,Den of Nalorakk,15,1,1576.6,249899,1,313.0,2026-08-22,0,-1,1628.0,15.2,,3353
73668,20665,Warrior,Arms,Slayer,DPS,EU,Den of Nalorakk,15,1,1576.6,217944,1,310.0,2026-08-22,0,-1,1628.0,15.2,,3226
29428,60784,DeathKnight,Blood,San'layn,Tank,EU,Den of Nalorakk,13,1,1692.6,111753,0,312.0,2026-08-21,0,-1,1714.0,10.7,,
29428,16850,Paladin,Holy,Herald of the Sun,Healer,EU,Den of Nalorakk,13,1,1692.6,19936,0,301.0,2026-08-21,0,-1,1714.0,10.7,,
29428,39840,Mage,Arcane,Sunfury,DPS,EU,Den of Nalorakk,13,1,1692.6,190826,1,298.0,2026-08-21,0,-1,1714.0,10.7,,
29428,22952,Rogue,Subtlety,Deathstalker,DPS,EU,Den of Nalorakk,13,1,1692.6,181849,0,312.0,2026-08-21,0,-1,1714.0,10.7,,
29428,52360,Mage,Arcane,Sunfury,DPS,EU,Den of Nalorakk,13,1,1692.6,187113,1,308.0,2026-08-21,0,-1,1714.0,10.7,,
74092,96762,DeathKnight,Blood,San'layn,Tank,EU,Kings' Rest,14,1,1754.6,78605,0,302.0,2026-08-22,0,-1,1776.0,10.3,,
74092,49008,Paladin,Holy,Herald of the Sun,Healer,EU,Kings' Rest,14,1,1754.6,31818,0,303.0,2026-08-22,0,-1,1776.0,10.3,,
74092,52484,Mage,Arcane,Sunfury,DPS,EU,Kings' Rest,14,1,1754.6,185511,0,305.0,2026-08-22,0,-1,1776.0,10.3,,
74092,20202,Warlock,Demonology,Diabolist,DPS,EU,Kings' Rest,14,1,1754.6,183132,1,307.0,2026-08-22,0,-1,1776.0,10.3,,
74092,142748,DemonHunter,Devourer,Annihilator,DPS,EU,Kings' Rest,14,1,1754.6,133765,1,302.0,2026-08-22,0,-1,1776.0,10.3,,
22183,16465,DeathKnight,Blood,Deathbringer,Tank,EU,Temple of Sethraliss,12,1,1694.1,133673,0,294.0,2026-08-19,0,-1,1851.0,3.6,,
22183,15087,Shaman,Restoration,Totemic,Healer,EU,Temple of Sethraliss,12,1,1694.1,20339,3,304.0,2026-08-19,0,-1,1851.0,3.6,,
22183,45088,Warrior,Arms,Slayer,DPS,EU,Temple of Sethraliss,12,1,1694.1,173181,4,293.0,2026-08-19,0,-1,1851.0,3.6,,
22183,38824,Mage,Arcane,Sunfury,DPS,EU,Temple of Sethraliss,12,1,1694.1,166694,1,293.0,2026-08-19,0,-1,1851.0,3.6,,
22183,49306,Druid,Feral,Druid of the Claw,DPS,EU,Temple of Sethraliss,12,1,1694.1,200970,3,301.0,2026-08-19,0,-1,1851.0,3.6,,
32728,70704,Druid,Guardian,Elune's Chosen,Tank,US,Temple of Sethraliss,9,1,1186.6,75154,0,293.0,2026-08-21,0,-1,1183.0,38.4,,
32728,10145,Shaman,Restoration,Totemic,Healer,US,Temple of Sethraliss,9,1,1186.6,21337,0,297.0,2026-08-21,0,-1,1183.0,38.4,,
32728,70705,Druid,Balance,Elune's Chosen,DPS,US,Temple of Sethraliss,9,1,1186.6,173718,1,302.0,2026-08-21,0,-1,1183.0,38.4,,
32728,19641,DeathKnight,Unholy,Rider of the Apocalypse,DPS,US,Temple of Sethraliss,9,1,1186.6,192765,0,302.0,2026-08-21,0,-1,1183.0,38.4,,
32728,9276,Mage,Arcane,Sunfury,DPS,US,Temple of Sethraliss,9,1,1186.6,219178,0,306.0,2026-08-21,0,-1,1183.0,38.4,,
73694,44815,DeathKnight,Blood,San'layn,Tank,US,Ruby Life Pools,14,1,1630.7,120516,0,313.0,2026-08-23,0,-1,1622.0,3.4,,
73694,29582,Paladin,Holy,Herald of the Sun,Healer,US,Ruby Life Pools,14,1,1630.7,19882,0,309.0,2026-08-23,0,-1,1622.0,3.4,,
73694,73038,Mage,Arcane,Sunfury,DPS,US,Ruby Life Pools,14,1,1630.7,227318,0,311.0,2026-08-23,0,-1,1622.0,3.4,,
73694,65264,Rogue,Outlaw,Trickster,DPS,US,Ruby Life Pools,14,1,1630.7,198100,0,301.0,2026-08-23,0,-1,1622.0,3.4,,
73694,29583,DeathKnight,Unholy,Rider of the Apocalypse,DPS,US,Ruby Life Pools,14,1,1630.7,203014,0,307.0,2026-08-23,0,-1,1622.0,3.4,,
51112,106371,Paladin,Protection,Lightsmith,Tank,EU,Temple of Sethraliss,2,1,1151.9,76292,1,283.0,2026-08-22,0,-1,,,,
51112,108540,Shaman,Restoration,Totemic,Healer,EU,Temple of Sethraliss,2,1,1151.9,23242,0,293.0,2026-08-22,0,-1,,,,
51112,108541,Rogue,Assassination,Deathstalker,DPS,EU,Temple of Sethraliss,2,1,1151.9,29686,1,290.0,2026-08-22,0,-1,,,,
51112,108542,Warrior,Arms,Slayer,DPS,EU,Temple of Sethraliss,2,1,1151.9,143576,0,306.0,2026-08-22,0,-1,,,,
51112,108543,Mage,Arcane,Sunfury,DPS,EU,Temple of Sethraliss,2,1,1151.9,92363,0,273.0,2026-08-22,0,-1,,,,
21751,48384,DemonHunter,Vengeance,Annihilator,Tank,US,Temple of Sethraliss,9,1,1205.1,120082,0,292.0,2026-08-19,0,-1,1207.0,37.1,,
21751,48385,Shaman,Restoration,Totemic,Healer,US,Temple of Sethraliss,9,1,1205.1,12130,0,285.0,2026-08-19,0,-1,1207.0,37.1,,
21751,3264,Shaman,Enhancement,Stormbringer,DPS,US,Temple of Sethraliss,9,1,1205.1,216482,1,301.0,2026-08-19,0,-1,1207.0,37.1,,
21751,48386,Mage,Arcane,Sunfury,DPS,US,Temple of Sethraliss,9,1,1205.1,179967,0,290.0,2026-08-19,0,-1,1207.0,37.1,,
21751,48387,Warrior,Arms,Slayer,DPS,US,Temple of Sethraliss,9,1,1205.1,134427,1,288.0,2026-08-19,0,-1,1207.0,37.1,,
17546,38830,DeathKnight,Blood,San'layn,Tank,EU,Altar of Fangs,9,1,1195.8,155731,0,295.0,2026-08-19,0,-1,1192.0,33.8,,
17546,38831,Priest,Discipline,Voidweaver,Healer,EU,Altar of Fangs,9,1,1195.8,26969,0,292.0,2026-08-19,0,-1,1192.0,33.8,,
17546,38832,Warrior,Arms,Slayer,DPS,EU,Altar of Fangs,9,1,1195.8,227004,0,299.0,2026-08-19,0,-1,1192.0,33.8,,
17546,38833,DeathKnight,Unholy,Rider of the Apocalypse,DPS,EU,Altar of Fangs,9,1,1195.8,196820,0,296.0,2026-08-19,0,-1,1192.0,33.8,,
17546,38834,Shaman,Elemental,Farseer,DPS,EU,Altar of Fangs,9,1,1195.8,195233,1,292.0,2026-08-19,0,-1,1192.0,33.8,,
796,2780,DemonHunter,Vengeance,Annihilator,Tank,US,Voidscar Arena,10,1,1275.1,90118,0,295.0,2026-08-18,0,-1,1276.0,29.1,,
796,2781,Shaman,Restoration,Totemic,Healer,US,Voidscar Arena,10,1,1275.1,27981,1,293.0,2026-08-18,0,-1,1276.0,29.1,,
796,2782,Warlock,Demonology,Diabolist,DPS,US,Voidscar Arena,10,1,1275.1,164588,1,294.0,2026-08-18,0,-1,1276.0,29.1,,
796,2783,Shaman,Elemental,Farseer,DPS,US,Voidscar Arena,10,1,1275.1,193954,0,286.0,2026-08-18,0,-1,1276.0,29.1,,
796,2087,Mage,Frost,Spellslinger,DPS,US,Voidscar Arena,10,1,1275.1,177410,0,294.0,2026-08-18,0,-1,1276.0,29.1,,
86226,7975,DeathKnight,Blood,San'layn,Tank,US,Voidscar Arena,14,1,1634.3,154431,0,308.0,2026-08-23,0,-1,1670.0,7.2,2,3168
86226,42977,Paladin,Holy,Herald of the Sun,Healer,US,Voidscar Arena,14,1,1634.3,24555,0,307.0,2026-08-23,0,-1,1670.0,7.2,2,
86226,2276,Mage,Arcane,Sunfury,DPS,US,Voidscar Arena,14,1,1634.3,242160,1,313.0,2026-08-23,0,-1,1670.0,7.2,4,3071
86226,47518,Druid,Feral,Druid of the Claw,DPS,US,Voidscar Arena,14,1,1634.3,181988,1,310.0,2026-08-23,0,-1,1670.0,7.2,2,
86226,85038,Warrior,Fury,Slayer,DPS,US,Voidscar Arena,14,1,1634.3,195626,1,304.0,2026-08-23,0,-1,1670.0,7.2,0,
4220,9594,DeathKnight,Blood,San'layn,Tank,US,The Blinding Vale,11,0,2122.2,111922,0,295.0,2026-08-18,0,-1,2168.0,-20.5,,
4220,9595,Shaman,Restoration,Farseer,Healer,US,The Blinding Vale,11,0,2122.2,22928,1,294.0,2026-08-18,0,-1,2168.0,-20.5,,
4220,9596,Shaman,Enhancement,Stormbringer,DPS,US,The Blinding Vale,11,0,2122.2,123007,3,285.0,2026-08-18,0,-1,2168.0,-20.5,,
4220,9597,Paladin,Retribution,Templar,DPS,US,The Blinding Vale,11,0,2122.2,94533,7,286.0,2026-08-18,0,-1,2168.0,-20.5,,
4220,9598,Hunter,Marksmanship,Sentinel,DPS,US,The Blinding Vale,11,0,2122.2,182082,3,295.0,2026-08-18,0,-1,2168.0,-20.5,,
87270,4329,DemonHunter,Vengeance,Annihilator,Tank,US,Temple of Sethraliss,15,1,1833.1,153544,0,311.0,2026-08-24,0,-1,1869.0,2.6,,3208
87270,4330,Shaman,Restoration,Totemic,Healer,US,Temple of Sethraliss,15,1,1833.1,30886,1,310.0,2026-08-24,0,-1,1869.0,2.6,4,
87270,4331,Hunter,Marksmanship,Sentinel,DPS,US,Temple of Sethraliss,15,1,1833.1,245670,0,311.0,2026-08-24,0,-1,1869.0,2.6,4,3158
87270,4332,Warrior,Arms,Slayer,DPS,US,Temple of Sethraliss,15,1,1833.1,239753,1,309.0,2026-08-24,0,-1,1869.0,2.6,0,3208
87270,4333,Hunter,Survival,Sentinel,DPS,US,Temple of Sethraliss,15,1,1833.1,212852,1,315.0,2026-08-24,0,-1,1869.0,2.6,4,
69069,32629,DeathKnight,Blood,San'layn,Tank,EU,Murder Row,14,1,1859.4,98756,1,306.0,2026-08-22,0,-1,,,,
69069,24802,Shaman,Restoration,Totemic,Healer,EU,Murder Row,14,1,1859.4,16072,1,308.0,2026-08-22,0,-1,,,,
69069,24803,Paladin,Retribution,Herald of the Sun,DPS,EU,Murder Row,14,1,1859.4,221863,1,312.0,2026-08-22,0,-1,,,,
69069,25045,Mage,Arcane,Sunfury,DPS,EU,Murder Row,14,1,1859.4,227808,1,307.0,2026-08-22,0,-1,,,,
69069,41397,DemonHunter,Devourer,Annihilator,DPS,EU,Murder Row,14,1,1859.4,199101,2,308.0,2026-08-22,0,-1,,,,
43232,7133,DeathKnight,Blood,San'layn,Tank,US,The Blinding Vale,12,1,1422.4,130397,0,312.0,2026-08-22,0,-1,1444.0,19.8,,3197
43232,7134,Shaman,Restoration,Totemic,Healer,US,The Blinding Vale,12,1,1422.4,36854,0,307.0,2026-08-22,0,-1,1444.0,19.8,,
43232,81732,Mage,Arcane,Sunfury,DPS,US,The Blinding Vale,12,1,1422.4,240742,2,306.0,2026-08-22,0,-1,1444.0,19.8,,
43232,90861,Warlock,Demonology,Diabolist,DPS,US,The Blinding Vale,12,1,1422.4,229883,0,302.0,2026-08-22,0,-1,1444.0,19.8,,
43232,9662,DeathKnight,Unholy,San'layn,DPS,US,The Blinding Vale,12,1,1422.4,176698,0,306.0,2026-08-22,0,-1,1444.0,19.8,,
59581,127482,DeathKnight,Blood,San'layn,Tank,EU,Altar of Fangs,11,1,1193.0,157634,0,307.0,2026-08-23,0,-1,1215.0,32.5,,
59581,127483,Shaman,Restoration,Totemic,Healer,EU,Altar of Fangs,11,1,1193.0,16212,1,295.0,2026-08-23,0,-1,1215.0,32.5,,
59581,38750,Rogue,Assassination,Deathstalker,DPS,EU,Altar of Fangs,11,1,1193.0,273427,2,305.0,2026-08-23,0,-1,1215.0,32.5,,
59581,115209,Warrior,Arms,Slayer,DPS,EU,Altar of Fangs,11,1,1193.0,218797,1,308.0,2026-08-23,0,-1,1215.0,32.5,,
59581,109643,Shaman,Elemental,Farseer,DPS,EU,Altar of Fangs,11,1,1193.0,258944,2,298.0,2026-08-23,0,-1,1215.0,32.5,,
23837,52668,DeathKnight,Blood,San'layn,Tank,EU,Altar of Fangs,12,1,1460.0,151782,0,307.0,2026-08-21,0,-1,1496.0,16.9,,
23837,27257,Druid,Restoration,Wildstalker,Healer,EU,Altar of Fangs,12,1,1460.0,5217,1,308.0,2026-08-21,0,-1,1496.0,16.9,,
23837,27259,Hunter,BeastMastery,Pack Leader,DPS,EU,Altar of Fangs,12,1,1460.0,228504,0,308.0,2026-08-21,0,-1,1496.0,16.9,,
23837,19304,Paladin,Retribution,Herald of the Sun,DPS,EU,Altar of Fangs,12,1,1460.0,259251,1,311.0,2026-08-21,0,-1,1496.0,16.9,,
23837,52669,Shaman,Elemental,Farseer,DPS,EU,Altar of Fangs,12,1,1460.0,229100,1,298.0,2026-08-21,0,-1,1496.0,16.9,,
67103,92550,DeathKnight,Blood,San'layn,Tank,EU,Den of Nalorakk,13,1,1595.2,94228,0,308.0,2026-08-23,0,-1,1617.0,15.8,,
67103,62005,Paladin,Holy,Herald of the Sun,Healer,EU,Den of Nalorakk,13,1,1595.2,21763,2,310.0,2026-08-23,0,-1,1617.0,15.8,,
67103,26733,Rogue,Assassination,Deathstalker,DPS,EU,Den of Nalorakk,13,1,1595.2,236458,0,304.0,2026-08-23,0,-1,1617.0,15.8,,
67103,23005,Mage,Arcane,Sunfury,DPS,EU,Den of Nalorakk,13,1,1595.2,198063,0,309.0,2026-08-23,0,-1,1617.0,15.8,,
67103,82706,Shaman,Elemental,Farseer,DPS,EU,Den of Nalorakk,13,1,1595.2,179869,0,309.0,2026-08-23,0,-1,1617.0,15.8,,
10991,22098,Paladin,Protection,Lightsmith,Tank,EU,Den of Nalorakk,12,0,2344.3,69810,2,289.0,2026-08-19,0,-1,2486.0,-29.5,,
10991,22099,Paladin,Holy,Herald of the Sun,Healer,EU,Den of Nalorakk,12,0,2344.3,8130,3,301.0,2026-08-19,0,-1,2486.0,-29.5,,
10991,22100,Shaman,Elemental,Farseer,DPS,EU,Den of Nalorakk,12,0,2344.3,153121,4,293.0,2026-08-19,0,-1,2486.0,-29.5,,
10991,22101,DemonHunter,Devourer,Void-Scarred,DPS,EU,Den of Nalorakk,12,0,2344.3,115382,6,299.0,2026-08-19,0,-1,2486.0,-29.5,,
10991,22102,DeathKnight,Unholy,Rider of the Apocalypse,DPS,EU,Den of Nalorakk,12,0,2344.3,140035,2,293.0,2026-08-19,0,-1,2486.0,-29.5,,
70303,95526,Paladin,Protection,Lightsmith,Tank,CN,Voidscar Arena,13,1,1395.9,91855,1,308.0,2026-08-23,0,-1,1433.0,20.4,,
70303,129864,Evoker,Preservation,Flameshaper,Healer,CN,Voidscar Arena,13,1,1395.9,57759,1,309.0,2026-08-23,0,-1,1433.0,20.4,,
70303,129865,DemonHunter,Devourer,Void-Scarred,DPS,CN,Voidscar Arena,13,1,1395.9,221567,0,309.0,2026-08-23,0,-1,1433.0,20.4,,
70303,95529,Rogue,Subtlety,Deathstalker,DPS,CN,Voidscar Arena,13,1,1395.9,222535,0,304.0,2026-08-23,0,-1,1433.0,20.4,,
70303,95530,Mage,Arcane,Sunfury,DPS,CN,Voidscar Arena,13,1,1395.9,255459,1,308.0,2026-08-23,0,-1,1433.0,20.4,,
87764,154402,DemonHunter,Vengeance,Annihilator,Tank,US,Murder Row,2,1,1188.2,64908,0,281.0,2026-08-24,0,-1,1180.0,42.2,0,
87764,154403,Monk,Mistweaver,Conduit of the Celestials,Healer,US,Murder Row,2,1,1188.2,44142,0,287.0,2026-08-24,0,-1,1180.0,42.2,0,
87764,119757,Warrior,Arms,Slayer,DPS,US,Murder Row,2,1,1188.2,95356,0,277.0,2026-08-24,0,-1,1180.0,42.2,0,
87764,154404,Mage,Frost,Spellslinger,DPS,US,Murder Row,2,1,1188.2,100838,0,289.0,2026-08-24,0,-1,1180.0,42.2,1,
87764,154405,Mage,Arcane,Sunfury,DPS,US,Murder Row,2,1,1188.2,84466,0,288.0,2026-08-24,0,-1,1180.0,42.2,,
54236,115130,DeathKnight,Blood,San'layn,Tank,EU,Altar of Fangs,5,1,958.5,86086,0,291.0,2026-08-22,0,-1,,,,
54236,115131,Paladin,Holy,Herald of the Sun,Healer,EU,Altar of Fangs,5,1,958.5,18816,0,294.0,2026-08-22,0,-1,,,,
54236,25362,Warrior,Arms,Slayer,DPS,EU,Altar of Fangs,5,1,958.5,162999,0,298.0,2026-08-22,0,-1,,,,
54236,115132,Shaman,Elemental,Farseer,DPS,EU,Altar of Fangs,5,1,958.5,131232,0,281.0,2026-08-22,0,-1,,,,
54236,115133,Mage,Arcane,Sunfury,DPS,EU,Altar of Fangs,5,1,958.5,190505,0,300.0,2026-08-22,0,-1,,,,
35521,62773,DeathKnight,Blood,Deathbringer,Tank,US,Murder Row,12,1,1607.5,90097,0,296.0,2026-08-21,0,-1,1614.0,20.9,,
35521,7841,Priest,Holy,Oracle,Healer,US,Murder Row,12,1,1607.5,15689,0,297.0,2026-08-21,0,-1,1614.0,20.9,,
35521,66704,Mage,Arcane,Sunfury,DPS,US,Murder Row,12,1,1607.5,216694,0,303.0,2026-08-21,0,-1,1614.0,20.9,,
35521,3382,Monk,Windwalker,Shado-Pan,DPS,US,Murder Row,12,1,1607.5,189052,0,305.0,2026-08-21,0,-1,1614.0,20.9,,
35521,9758,Rogue,Outlaw,Trickster,DPS,US,Murder Row,12,1,1607.5,176050,1,305.0,2026-08-21,0,-1,1614.0,20.9,,
76430,59668,DeathKnight,Blood,San'layn,Tank,CN,Altar of Fangs,15,0,1787.5,182842,0,313.0,2026-08-23,0,-1,1809.0,-0.5,,
76430,69432,Priest,Holy,Oracle,Healer,CN,Altar of Fangs,15,0,1787.5,12170,1,305.0,2026-08-23,0,-1,1809.0,-0.5,,
76430,66210,Paladin,Retribution,Herald of the Sun,DPS,CN,Altar of Fangs,15,0,1787.5,285801,0,313.0,2026-08-23,0,-1,1809.0,-0.5,,
76430,69433,Warrior,Arms,Slayer,DPS,CN,Altar of Fangs,15,0,1787.5,203154,1,310.0,2026-08-23,0,-1,1809.0,-0.5,,
76430,59670,Mage,Arcane,Sunfury,DPS,CN,Altar of Fangs,15,0,1787.5,280938,0,315.0,2026-08-23,0,-1,1809.0,-0.5,,
66126,43070,DeathKnight,Blood,San'layn,Tank,CN,Murder Row,12,1,1497.2,111985,0,307.0,2026-08-22,0,-1,,,,
66126,137971,Paladin,Holy,Lightsmith,Healer,CN,Murder Row,12,1,1497.2,39559,0,304.0,2026-08-22,0,-1,,,,
66126,137972,Shaman,Elemental,Farseer,DPS,CN,Murder Row,12,1,1497.2,221008,0,306.0,2026-08-22,0,-1,,,,
66126,118813,Mage,Arcane,Sunfury,DPS,CN,Murder Row,12,1,1497.2,216420,1,302.0,2026-08-22,0,-1,,,,
66126,43072,Warrior,Arms,Slayer,DPS,CN,Murder Row,12,1,1497.2,202051,1,309.0,2026-08-22,0,-1,,,,
7269,4691,DemonHunter,Vengeance,Annihilator,Tank,US,The Blinding Vale,10,1,1192.6,105621,0,295.0,2026-08-19,0,-1,1199.0,33.4,,
7269,696,Paladin,Holy,Herald of the Sun,Healer,US,The Blinding Vale,10,1,1192.6,17316,1,300.0,2026-08-19,0,-1,1199.0,33.4,,2772
7269,699,DemonHunter,Devourer,Annihilator,DPS,US,The Blinding Vale,10,1,1192.6,237409,0,301.0,2026-08-19,0,-1,1199.0,33.4,,2812
7269,4690,Monk,Windwalker,Shado-Pan,DPS,US,The Blinding Vale,10,1,1192.6,214898,0,303.0,2026-08-19,0,-1,1199.0,33.4,,2722
7269,698,Evoker,Devastation,Scalecommander,DPS,US,The Blinding Vale,10,1,1192.6,210298,2,296.0,2026-08-19,0,-1,1199.0,33.4,,2746
44713,94134,DeathKnight,Blood,San'layn,Tank,CN,Murder Row,10,1,1211.3,92415,0,303.0,2026-08-22,0,-1,,,,
44713,92084,Paladin,Holy,Lightsmith,Healer,CN,Murder Row,10,1,1211.3,35249,0,294.0,2026-08-22,0,-1,,,,
44713,94135,Rogue,Assassination,Deathstalker,DPS,CN,Murder Row,10,1,1211.3,219552,0,309.0,2026-08-22,0,-1,,,,
44713,92086,Shaman,Elemental,Farseer,DPS,CN,Murder Row,10,1,1211.3,234570,0,303.0,2026-08-22,0,-1,,,,
44713,92085,Mage,Arcane,Sunfury,DPS,CN,Murder Row,10,1,1211.3,204429,0,301.0,2026-08-22,0,-1,,,,
46471,19628,Druid,Guardian,Elune's Chosen,Tank,EU,Altar of Fangs,10,1,1097.3,125672,0,307.0,2026-08-22,0,-1,,,,
46471,59640,Druid,Restoration,Keeper of the Grove,Healer,EU,Altar of Fangs,10,1,1097.3,62326,0,300.0,2026-08-22,0,-1,,,,
46471,47780,DemonHunter,Devourer,Void-Scarred,DPS,EU,Altar of Fangs,10,1,1097.3,218972,1,298.0,2026-08-22,0,-1,,,,
46471,98085,Rogue,Assassination,Deathstalker,DPS,EU,Altar of Fangs,10,1,1097.3,218805,1,302.0,2026-08-22,0,-1,,,,
46471,13743,Shaman,Elemental,Farseer,DPS,EU,Altar of Fangs,10,1,1097.3,304230,0,307.0,2026-08-22,0,-1,,,,
41642,88228,Druid,Guardian,Elune's Chosen,Tank,EU,Voidscar Arena,7,1,990.4,84968,0,294.0,2026-08-20,0,-1,982.0,45.4,,
41642,65856,Shaman,Restoration,Totemic,Healer,EU,Voidscar Arena,7,1,990.4,23236,0,287.0,2026-08-20,0,-1,982.0,45.4,,
41642,50275,Paladin,Retribution,Herald of the Sun,DPS,EU,Voidscar Arena,7,1,990.4,218658,0,294.0,2026-08-20,0,-1,982.0,45.4,,
41642,88229,Druid,Feral,Druid of the Claw,DPS,EU,Voidscar Arena,7,1,990.4,165431,0,296.0,2026-08-20,0,-1,982.0,45.4,,
41642,65857,Mage,Arcane,Sunfury,DPS,EU,Voidscar Arena,7,1,990.4,168250,0,302.0,2026-08-20,0,-1,982.0,45.4,,
53899,15479,Druid,Guardian,Elune's Chosen,Tank,EU,Murder Row,10,1,1112.0,153176,0,311.0,2026-08-22,0,-1,,,,2894
53899,33525,Shaman,Restoration,Totemic,Healer,EU,Murder Row,10,1,1112.0,19666,3,294.0,2026-08-22,0,-1,,,,
53899,16956,Hunter,BeastMastery,Pack Leader,DPS,EU,Murder Row,10,1,1112.0,235734,1,310.0,2026-08-22,0,-1,,,,
53899,15483,Mage,Arcane,Sunfury,DPS,EU,Murder Row,10,1,1112.0,263352,1,309.0,2026-08-22,0,-1,,,,
53899,114362,Hunter,BeastMastery,Pack Leader,DPS,EU,Murder Row,10,1,1112.0,186287,3,297.0,2026-08-22,0,-1,,,,
47674,21963,Paladin,Protection,Lightsmith,Tank,EU,Den of Nalorakk,11,1,1274.9,95070,0,305.0,2026-08-22,0,-1,1271.0,33.8,,
47674,79307,Priest,Holy,Oracle,Healer,EU,Den of Nalorakk,11,1,1274.9,34929,0,303.0,2026-08-22,0,-1,1271.0,33.8,,
47674,100754,Evoker,Devastation,Scalecommander,DPS,EU,Den of Nalorakk,11,1,1274.9,183369,0,294.0,2026-08-22,0,-1,1271.0,33.8,,
47674,21283,Monk,Windwalker,Shado-Pan,DPS,EU,Den of Nalorakk,11,1,1274.9,186416,0,306.0,2026-08-22,0,-1,1271.0,33.8,,
47674,30616,Warrior,Arms,Slayer,DPS,EU,Den of Nalorakk,11,1,1274.9,208523,0,309.0,2026-08-22,0,-1,1271.0,33.8,,
18569,2233,DemonHunter,Vengeance,Annihilator,Tank,US,Murder Row,11,1,1372.9,132746,0,306.0,2026-08-20,0,-1,1369.0,32.9,,
18569,12249,Paladin,Holy,Herald of the Sun,Healer,US,Murder Row,11,1,1372.9,11579,0,297.0,2026-08-20,0,-1,1369.0,32.9,,
18569,72,Hunter,Marksmanship,Sentinel,DPS,US,Murder Row,11,1,1372.9,210939,0,303.0,2026-08-20,0,-1,1369.0,32.9,,2981
18569,41112,Evoker,Augmentation,Scalecommander,DPS,US,Murder Row,11,1,1372.9,166107,0,295.0,2026-08-20,0,-1,1369.0,32.9,,
18569,2235,Rogue,Subtlety,Deathstalker,DPS,US,Murder Row,11,1,1372.9,197619,1,305.0,2026-08-20,0,-1,1369.0,32.9,,2754
41304,71139,DeathKnight,Blood,San'layn,Tank,EU,Voidscar Arena,11,1,1128.4,137216,0,302.0,2026-08-21,0,-1,1125.0,37.5,,
41304,87652,Priest,Holy,Oracle,Healer,EU,Voidscar Arena,11,1,1128.4,40637,0,302.0,2026-08-21,0,-1,1125.0,37.5,,
41304,54389,Monk,Windwalker,Shado-Pan,DPS,EU,Voidscar Arena,11,1,1128.4,256667,0,312.0,2026-08-21,0,-1,1125.0,37.5,,
41304,87653,Warrior,Arms,Slayer,DPS,EU,Voidscar Arena,11,1,1128.4,149158,1,284.0,2026-08-21,0,-1,1125.0,37.5,,
41304,82483,Druid,Balance,Elune's Chosen,DPS,EU,Voidscar Arena,11,1,1128.4,215164,0,310.0,2026-08-21,0,-1,1125.0,37.5,,
20634,9830,DeathKnight,Blood,San'layn,Tank,US,Temple of Sethraliss,11,1,1488.0,94772,0,293.0,2026-08-19,0,-1,1490.0,22.4,,
20634,10798,Paladin,Holy,Herald of the Sun,Healer,US,Temple of Sethraliss,11,1,1488.0,24269,1,296.0,2026-08-19,0,-1,1490.0,22.4,,
20634,10799,Evoker,Devastation,Scalecommander,DPS,US,Temple of Sethraliss,11,1,1488.0,198634,0,295.0,2026-08-19,0,-1,1490.0,22.4,,
20634,6824,Druid,Balance,Elune's Chosen,DPS,US,Temple of Sethraliss,11,1,1488.0,169366,0,299.0,2026-08-19,0,-1,1490.0,22.4,,
20634,45264,Mage,Arcane,Sunfury,DPS,US,Temple of Sethraliss,11,1,1488.0,197365,1,294.0,2026-08-19,0,-1,1490.0,22.4,,
17326,38357,DeathKnight,Blood,San'layn,Tank,US,Temple of Sethraliss,10,1,1122.0,120342,0,302.0,2026-08-20,0,-1,1134.0,40.9,,
17326,38358,Shaman,Restoration,Totemic,Healer,US,Temple of Sethraliss,10,1,1122.0,26570,1,305.0,2026-08-20,0,-1,1134.0,40.9,,
17326,38359,Mage,Arcane,Sunfury,DPS,US,Temple of Sethraliss,10,1,1122.0,255273,2,304.0,2026-08-20,0,-1,1134.0,40.9,,
17326,38360,Warrior,Arms,Slayer,DPS,US,Temple of Sethraliss,10,1,1122.0,249556,1,300.0,2026-08-20,0,-1,1134.0,40.9,,
17326,38361,Shaman,Enhancement,Stormbringer,DPS,US,Temple of Sethraliss,10,1,1122.0,187650,0,299.0,2026-08-20,0,-1,1134.0,40.9,,
57400,122196,Warrior,Protection,Mountain Thane,Tank,KR,Ruby Life Pools,2,1,922.7,66745,0,285.0,2026-08-21,0,-1,,,,
57400,122197,Priest,Discipline,Oracle,Healer,KR,Ruby Life Pools,2,1,922.7,11174,0,284.0,2026-08-21,0,-1,,,,
57400,122198,Paladin,Retribution,Templar,DPS,KR,Ruby Life Pools,2,1,922.7,104473,0,294.0,2026-08-21,0,-1,,,,
57400,122199,Hunter,BeastMastery,Pack Leader,DPS,KR,Ruby Life Pools,2,1,922.7,102636,0,285.0,2026-08-21,0,-1,,,,
57400,122119,Rogue,Subtlety,Deathstalker,DPS,KR,Ruby Life Pools,2,1,922.7,112653,0,297.0,2026-08-21,0,-1,,,,
22882,50735,Paladin,Protection,Lightsmith,Tank,EU,Temple of Sethraliss,2,1,1059.9,64562,0,289.0,2026-08-20,0,-1,1052.0,45.2,,
22882,48421,Priest,Holy,Oracle,Healer,EU,Temple of Sethraliss,2,1,1059.9,11204,0,289.0,2026-08-20,0,-1,1052.0,45.2,,
22882,50736,Monk,Windwalker,Conduit of the Celestials,DPS,EU,Temple of Sethraliss,2,1,1059.9,104048,0,279.0,2026-08-20,0,-1,1052.0,45.2,,
22882,50737,Hunter,BeastMastery,Pack Leader,DPS,EU,Temple of Sethraliss,2,1,1059.9,144285,0,296.0,2026-08-20,0,-1,1052.0,45.2,,
22882,50738,Mage,Frost,Frostfire,DPS,EU,Temple of Sethraliss,2,1,1059.9,79987,0,294.0,2026-08-20,0,-1,1052.0,45.2,,
83901,148127,DeathKnight,Blood,Deathbringer,Tank,US,Voidscar Arena,4,1,1048.0,80559,0,291.0,2026-08-23,0,-1,1041.0,42.2,0,
83901,148128,Paladin,Holy,Lightsmith,Healer,US,Voidscar Arena,4,1,1048.0,21650,0,292.0,2026-08-23,0,-1,1041.0,42.2,1,
83901,148129,Rogue,Outlaw,Trickster,DPS,US,Voidscar Arena,4,1,1048.0,96353,1,267.0,2026-08-23,0,-1,1041.0,42.2,,
83901,148130,Shaman,Elemental,Farseer,DPS,US,Voidscar Arena,4,1,1048.0,128182,0,290.0,2026-08-23,0,-1,1041.0,42.2,1,
83901,148131,Mage,Arcane,Sunfury,DPS,US,Voidscar Arena,4,1,1048.0,84297,0,296.0,2026-08-23,0,-1,1041.0,42.2,2,
43932,92214,DemonHunter,Vengeance,Annihilator,Tank,EU,Voidscar Arena,12,1,1378.0,103282,2,303.0,2026-08-22,0,-1,,,,
43932,72387,Paladin,Holy,Herald of the Sun,Healer,EU,Voidscar Arena,12,1,1378.0,13521,1,307.0,2026-08-22,0,-1,,,,
43932,92215,DeathKnight,Unholy,Rider of the Apocalypse,DPS,EU,Voidscar Arena,12,1,1378.0,208754,1,300.0,2026-08-22,0,-1,,,,
43932,37874,Warrior,Arms,Slayer,DPS,EU,Voidscar Arena,12,1,1378.0,173870,0,305.0,2026-08-22,0,-1,,,,
43932,77022,Mage,Arcane,Sunfury,DPS,EU,Voidscar Arena,12,1,1378.0,230590,0,308.0,2026-08-22,0,-1,,,,
19857,29774,Monk,Brewmaster,Shado-Pan,Tank,US,Voidscar Arena,12,0,2184.3,67245,5,305.0,2026-08-19,0,-1,2431.0,-35.0,,
19857,43930,Evoker,Preservation,Flameshaper,Healer,US,Voidscar Arena,12,0,2184.3,29329,4,299.0,2026-08-19,0,-1,2431.0,-35.0,,
19857,2004,DemonHunter,Havoc,Fel-Scarred,DPS,US,Voidscar Arena,12,0,2184.3,121228,7,298.0,2026-08-19,0,-1,2431.0,-35.0,,
19857,2819,Warrior,Arms,Slayer,DPS,US,Voidscar Arena,12,0,2184.3,132401,5,291.0,2026-08-19,0,-1,2431.0,-35.0,,
19857,43931,Shaman,Elemental,Farseer,DPS,US,Voidscar Arena,12,0,2184.3,143206,5,305.0,2026-08-19,0,-1,2431.0,-35.0,,
12311,24325,DeathKnight,Blood,San'layn,Tank,EU,The Blinding Vale,11,1,1509.4,108138,0,291.0,2026-08-19,0,-1,1516.0,15.8,,
12311,24326,Paladin,Holy,Herald of the Sun,Healer,EU,The Blinding Vale,11,1,1509.4,17518,2,291.0,2026-08-19,0,-1,1516.0,15.8,,
12311,21836,Shaman,Elemental,Farseer,DPS,EU,The Blinding Vale,11,1,1509.4,202792,0,296.0,2026-08-19,0,-1,1516.0,15.8,,
12311,24327,Evoker,Augmentation,Scalecommander,DPS,EU,The Blinding Vale,11,1,1509.4,175369,0,292.0,2026-08-19,0,-1,1516.0,15.8,,
12311,24328,Paladin,Retribution,Templar,DPS,EU,The Blinding Vale,11,1,1509.4,173048,1,292.0,2026-08-19,0,-1,1516.0,15.8,,
85430,119679,Druid,Guardian,Elune's Chosen,Tank,US,Kings' Rest,13,1,1529.5,83310,1,304.0,2026-08-23,0,-1,1582.0,20.1,4,
85430,17600,Paladin,Holy,Herald of the Sun,Healer,US,Kings' Rest,13,1,1529.5,25293,2,308.0,2026-08-23,0,-1,1582.0,20.1,4,
85430,16564,Warrior,Arms,Slayer,DPS,US,Kings' Rest,13,1,1529.5,176787,0,304.0,2026-08-23,0,-1,1582.0,20.1,0,
85430,17603,Mage,Arcane,Sunfury,DPS,US,Kings' Rest,13,1,1529.5,192265,1,309.0,2026-08-23,0,-1,1582.0,20.1,2,
85430,17602,Mage,Arcane,Sunfury,DPS,US,Kings' Rest,13,1,1529.5,150735,0,304.0,2026-08-23,0,-1,1582.0,20.1,0,
54169,114983,Paladin,Protection,Templar,Tank,US,Ruby Life Pools,4,1,992.9,82708,0,288.0,2026-08-21,0,-1,985.0,41.4,,
54169,114984,Paladin,Holy,Herald of the Sun,Healer,US,Ruby Life Pools,4,1,992.9,7677,0,287.0,2026-08-21,0,-1,985.0,41.4,,
54169,114985,Hunter,BeastMastery,Pack Leader,DPS,US,Ruby Life Pools,4,1,992.9,136594,0,294.0,2026-08-21,0,-1,985.0,41.4,,
54169,114986,Mage,Arcane,Sunfury,DPS,US,Ruby Life Pools,4,1,992.9,135281,0,291.0,2026-08-21,0,-1,985.0,41.4,,
54169,114987,Shaman,Elemental,Farseer,DPS,US,Ruby Life Pools,4,1,992.9,128828,0,299.0,2026-08-21,0,-1,985.0,41.4,,
52416,111361,DeathKnight,Blood,San'layn,Tank,EU,Voidscar Arena,12,1,1404.2,116674,0,308.0,2026-08-22,0,-1,,,,
52416,111362,Shaman,Restoration,Totemic,Healer,EU,Voidscar Arena,12,1,1404.2,34906,0,299.0,2026-08-22,0,-1,,,,
52416,76616,Hunter,Marksmanship,Sentinel,DPS,EU,Voidscar Arena,12,1,1404.2,199380,1,309.0,2026-08-22,0,-1,,,,
52416,111363,DeathKnight,Unholy,Rider of the Apocalypse,DPS,EU,Voidscar Arena,12,1,1404.2,209741,0,307.0,2026-08-22,0,-1,,,,
52416,22336,Warrior,Arms,Slayer,DPS,EU,Voidscar Arena,12,1,1404.2,193049,0,305.0,2026-08-22,0,-1,,,,
51629,109689,DeathKnight,Blood,San'layn,Tank,EU,Murder Row,7,1,1179.9,89194,0,284.0,2026-08-22,0,-1,1171.0,42.6,,
51629,109690,Evoker,Preservation,Chronowarden,Healer,EU,Murder Row,7,1,1179.9,23390,0,298.0,2026-08-22,0,-1,1171.0,42.6,,
51629,109691,Mage,Arcane,Sunfury,DPS,EU,Murder Row,7,1,1179.9,175475,0,298.0,2026-08-22,0,-1,1171.0,42.6,,
51629,39653,Priest,Shadow,Archon,DPS,EU,Murder Row,7,1,1179.9,181682,0,305.0,2026-08-22,0,-1,1171.0,42.6,,
51629,109692,Paladin,Retribution,Templar,DPS,EU,Murder Row,7,1,1179.9,143939,0,303.0,2026-08-22,0,-1,1171.0,42.6,,
31458,15526,Paladin,Protection,Templar,Tank,EU,Murder Row,10,1,1164.6,96100,0,297.0,2026-08-21,0,-1,1156.0,43.4,,
31458,67651,Monk,Mistweaver,Conduit of the Celestials,Healer,EU,Murder Row,10,1,1164.6,40387,0,290.0,2026-08-21,0,-1,1156.0,43.4,,
31458,67652,Priest,Shadow,Archon,DPS,EU,Murder Row,10,1,1164.6,241073,0,301.0,2026-08-21,0,-1,1156.0,43.4,,
31458,67653,Druid,Balance,Elune's Chosen,DPS,EU,Murder Row,10,1,1164.6,189800,0,302.0,2026-08-21,0,-1,1156.0,43.4,,
31458,67654,Warrior,Arms,Slayer,DPS,EU,Murder Row,10,1,1164.6,214664,0,303.0,2026-08-21,0,-1,1156.0,43.4,,
24741,18246,DeathKnight,Blood,San'layn,Tank,EU,Altar of Fangs,13,1,1656.2,163437,0,308.0,2026-08-20,0,-1,1677.0,6.8,,
24741,18247,Shaman,Restoration,Totemic,Healer,EU,Altar of Fangs,13,1,1656.2,31590,0,303.0,2026-08-20,0,-1,1677.0,6.8,,
24741,18249,Druid,Balance,Elune's Chosen,DPS,EU,Altar of Fangs,13,1,1656.2,216953,0,307.0,2026-08-20,0,-1,1677.0,6.8,,
24741,54894,Evoker,Devastation,Scalecommander,DPS,EU,Altar of Fangs,13,1,1656.2,179298,2,298.0,2026-08-20,0,-1,1677.0,6.8,,
24741,18248,Warrior,Arms,Slayer,DPS,EU,Altar of Fangs,13,1,1656.2,233335,0,304.0,2026-08-20,0,-1,1677.0,6.8,,
69654,139954,DeathKnight,Blood,Deathbringer,Tank,US,Ruby Life Pools,12,1,1308.5,114685,0,293.0,2026-08-23,0,-1,1315.0,21.7,,
69654,139955,Paladin,Holy,Herald of the Sun,Healer,US,Ruby Life Pools,12,1,1308.5,27540,0,301.0,2026-08-23,0,-1,1315.0,21.7,,
69654,139956,Mage,Arcane,Sunfury,DPS,US,Ruby Life Pools,12,1,1308.5,213579,1,304.0,2026-08-23,0,-1,1315.0,21.7,,
69654,8561,Rogue,Subtlety,Deathstalker,DPS,US,Ruby Life Pools,12,1,1308.5,204383,0,306.0,2026-08-23,0,-1,1315.0,21.7,,
69654,25917,Warrior,Fury,Slayer,DPS,US,Ruby Life Pools,12,1,1308.5,227914,0,300.0,2026-08-23,0,-1,1315.0,21.7,,
22677,21201,DeathKnight,Blood,San'layn,Tank,EU,Voidscar Arena,11,1,1251.5,113129,0,296.0,2026-08-19,0,-1,1253.0,30.4,,
22677,21202,Monk,Mistweaver,Conduit of the Celestials,Healer,EU,Voidscar Arena,11,1,1251.5,40830,0,296.0,2026-08-19,0,-1,1253.0,30.4,,
22677,22747,Rogue,Subtlety,Deathstalker,DPS,EU,Voidscar Arena,11,1,1251.5,211250,1,295.0,2026-08-19,0,-1,1253.0,30.4,,
22677,21204,Hunter,BeastMastery,Pack Leader,DPS,EU,Voidscar Arena,11,1,1251.5,174116,1,295.0,2026-08-19,0,-1,1253.0,30.4,,
22677,25002,Warrior,Arms,Slayer,DPS,EU,Voidscar Arena,11,1,1251.5,202504,0,295.0,2026-08-19,0,-1,1253.0,30.4,,
69152,67704,DeathKnight,Blood,San'layn,Tank,CN,Temple of Sethraliss,11,1,1239.6,149202,0,312.0,2026-08-23,0,-1,1256.0,34.6,,
69152,87669,Evoker,Preservation,Flameshaper,Healer,CN,Temple of Sethraliss,11,1,1239.6,22467,2,299.0,2026-08-23,0,-1,1256.0,34.6,,
69152,67706,Warrior,Arms,Slayer,DPS,CN,Temple of Sethraliss,11,1,1239.6,206547,1,304.0,2026-08-23,0,-1,1256.0,34.6,,
69152,68179,Rogue,Assassination,Deathstalker,DPS,CN,Temple of Sethraliss,11,1,1239.6,248606,0,307.0,2026-08-23,0,-1,1256.0,34.6,,
69152,67707,Hunter,BeastMastery,Pack Leader,DPS,CN,Temple of Sethraliss,11,1,1239.6,235820,2,309.0,2026-08-23,0,-1,1256.0,34.6,,
58656,125319,Warrior,Protection,Mountain Thane,Tank,EU,Kings' Rest,5,1,1180.6,44457,1,261.0,2026-08-22,0,-1,,,,
58656,125320,Shaman,Restoration,Totemic,Healer,EU,Kings' Rest,5,1,1180.6,12271,1,286.0,2026-08-22,0,-1,,,,
58656,125321,Mage,Frost,Spellslinger,DPS,EU,Kings' Rest,5,1,1180.6,129914,1,304.0,2026-08-22,0,-1,,,,
58656,125322,Shaman,Enhancement,Stormbringer,DPS,EU,Kings' Rest,5,1,1180.6,88377,1,294.0,2026-08-22,0,-1,,,,
58656,125323,Druid,Balance,Elune's Chosen,DPS,EU,Kings' Rest,5,1,1180.6,76289,1,289.0,2026-08-22,0,-1,,,,
18065,39825,Paladin,Protection,Templar,Tank,EU,Voidscar Arena,10,1,1099.6,125104,0,305.0,2026-08-19,0,-1,1091.0,39.4,,
18065,39826,Paladin,Holy,Herald of the Sun,Healer,EU,Voidscar Arena,10,1,1099.6,22965,0,297.0,2026-08-19,0,-1,1091.0,39.4,,
18065,39827,Mage,Arcane,Sunfury,DPS,EU,Voidscar Arena,10,1,1099.6,207288,0,296.0,2026-08-19,0,-1,1091.0,39.4,,
18065,39828,Warrior,Arms,Slayer,DPS,EU,Voidscar Arena,10,1,1099.6,239873,0,303.0,2026-08-19,0,-1,1091.0,39.4,,
18065,39829,Mage,Arcane,Sunfury,DPS,EU,Voidscar Arena,10,1,1099.6,232989,0,296.0,2026-08-19,0,-1,1091.0,39.4,,
9128,10488,DeathKnight,Blood,Deathbringer,Tank,US,Altar of Fangs,12,0,1807.1,97675,0,288.0,2026-08-19,0,-1,1859.0,-3.3,,
9128,18146,Shaman,Restoration,Totemic,Healer,US,Altar of Fangs,12,0,1807.1,44618,0,299.0,2026-08-19,0,-1,1859.0,-3.3,,
9128,5603,Druid,Balance,Elune's Chosen,DPS,US,Altar of Fangs,12,0,1807.1,197182,1,296.0,2026-08-19,0,-1,1859.0,-3.3,,
9128,5261,DemonHunter,Devourer,Void-Scarred,DPS,US,Altar of Fangs,12,0,1807.1,170198,1,300.0,2026-08-19,0,-1,1859.0,-3.3,,
9128,18147,Hunter,BeastMastery,Pack Leader,DPS,US,Altar of Fangs,12,0,1807.1,190875,2,304.0,2026-08-19,0,-1,1859.0,-3.3,,
71639,141297,Warrior,Protection,Mountain Thane,Tank,US,Murder Row,4,1,1129.0,95876,0,296.0,2026-08-23,0,-1,1121.0,45.1,,
71639,141298,Priest,Holy,Oracle,Healer,US,Murder Row,4,1,1129.0,19064,0,293.0,2026-08-23,0,-1,1121.0,45.1,,
71639,135316,Shaman,Elemental,Farseer,DPS,US,Murder Row,4,1,1129.0,95189,0,297.0,2026-08-23,0,-1,1121.0,45.1,,
71639,141299,Paladin,Retribution,Templar,DPS,US,Murder Row,4,1,1129.0,135619,0,295.0,2026-08-23,0,-1,1121.0,45.1,,
71639,141300,Priest,Shadow,Voidweaver,DPS,US,Murder Row,4,1,1129.0,90489,0,294.0,2026-08-23,0,-1,1121.0,45.1,,
37513,80813,DeathKnight,Blood,San'layn,Tank,EU,Altar of Fangs,11,1,1292.1,137025,0,307.0,2026-08-22,0,-1,,,,
37513,80814,Shaman,Restoration,Totemic,Healer,EU,Altar of Fangs,11,1,1292.1,3281,3,295.0,2026-08-22,0,-1,,,,
37513,49365,Mage,Arcane,Sunfury,DPS,EU,Altar of Fangs,11,1,1292.1,238819,0,308.0,2026-08-22,0,-1,,,,
37513,80815,Rogue,Outlaw,Trickster,DPS,EU,Altar of Fangs,11,1,1292.1,207463,0,298.0,2026-08-22,0,-1,,,,
37513,28394,Warlock,Demonology,Diabolist,DPS,EU,Altar of Fangs,11,1,1292.1,271867,0,312.0,2026-08-22,0,-1,,,,
16485,36039,Druid,Guardian,Elune's Chosen,Tank,EU,Temple of Sethraliss,9,1,1299.7,83436,1,293.0,2026-08-19,0,-1,1296.0,32.5,,
16485,36040,Druid,Restoration,Wildstalker,Healer,EU,Temple of Sethraliss,9,1,1299.7,10742,0,293.0,2026-08-19,0,-1,1296.0,32.5,,
16485,36041,Shaman,Elemental,Farseer,DPS,EU,Temple of Sethraliss,9,1,1299.7,162854,0,291.0,2026-08-19,0,-1,1296.0,32.5,,
16485,36042,Warrior,Arms,Slayer,DPS,EU,Temple of Sethraliss,9,1,1299.7,203073,0,294.0,2026-08-19,0,-1,1296.0,32.5,,
16485,36043,Evoker,Augmentation,Scalecommander,DPS,EU,Temple of Sethraliss,9,1,1299.7,147298,0,294.0,2026-08-19,0,-1,1296.0,32.5,,
68851,139321,DeathKnight,Blood,San'layn,Tank,CN,Ruby Life Pools,12,1,1281.3,142346,0,313.0,2026-08-23,0,-1,1273.0,24.2,,
68851,139322,Shaman,Restoration,Totemic,Healer,CN,Ruby Life Pools,12,1,1281.3,36605,0,307.0,2026-08-23,0,-1,1273.0,24.2,,
68851,77386,Rogue,Subtlety,Deathstalker,DPS,CN,Ruby Life Pools,12,1,1281.3,253352,0,305.0,2026-08-23,0,-1,1273.0,24.2,,
68851,139323,Warrior,Arms,Slayer,DPS,CN,Ruby Life Pools,12,1,1281.3,257302,0,308.0,2026-08-23,0,-1,1273.0,24.2,,
68851,139324,Mage,Arcane,Sunfury,DPS,CN,Ruby Life Pools,12,1,1281.3,218100,0,304.0,2026-08-23,0,-1,1273.0,24.2,,
56342,44808,DeathKnight,Blood,San'layn,Tank,EU,Temple of Sethraliss,6,1,1036.3,96171,0,303.0,2026-08-23,0,-1,1037.0,46.0,,
56342,119704,Paladin,Holy,Herald of the Sun,Healer,EU,Temple of Sethraliss,6,1,1036.3,34140,1,292.0,2026-08-23,0,-1,1037.0,46.0,,
56342,74356,Mage,Arcane,Sunfury,DPS,EU,Temple of Sethraliss,6,1,1036.3,168382,0,301.0,2026-08-23,0,-1,1037.0,46.0,,
56342,119705,DemonHunter,Havoc,Fel-Scarred,DPS,EU,Temple of Sethraliss,6,1,1036.3,163791,1,305.0,2026-08-23,0,-1,1037.0,46.0,,
56342,119706,Mage,Fire,Sunfury,DPS,EU,Temple of Sethraliss,6,1,1036.3,112658,0,290.0,2026-08-23,0,-1,1037.0,46.0,,
35412,5366,Druid,Guardian,Elune's Chosen,Tank,US,Murder Row,5,1,980.0,93736,0,305.0,2026-08-22,0,-1,971.0,52.4,,
35412,7065,Paladin,Holy,Herald of the Sun,Healer,US,Murder Row,5,1,980.0,19501,0,302.0,2026-08-22,0,-1,971.0,52.4,,
35412,76540,Shaman,Enhancement,Stormbringer,DPS,US,Murder Row,5,1,980.0,149062,0,289.0,2026-08-22,0,-1,971.0,52.4,,
35412,76541,Warrior,Fury,Slayer,DPS,US,Murder Row,5,1,980.0,171501,0,304.0,2026-08-22,0,-1,971.0,52.4,,
35412,39327,Rogue,Assassination,Deathstalker,DPS,US,Murder Row,5,1,980.0,134543,0,306.0,2026-08-22,0,-1,971.0,52.4,,
29022,885,DeathKnight,Blood,San'layn,Tank,US,Murder Row,14,1,1966.8,124566,0,303.0,2026-08-21,0,-1,1975.0,3.2,,
29022,63077,Paladin,Holy,Herald of the Sun,Healer,US,Murder Row,14,1,1966.8,18705,1,306.0,2026-08-21,0,-1,1975.0,3.2,,
29022,9661,Shaman,Elemental,Farseer,DPS,US,Murder Row,14,1,1966.8,220296,0,307.0,2026-08-21,0,-1,1975.0,3.2,,
29022,25796,Druid,Balance,Elune's Chosen,DPS,US,Murder Row,14,1,1966.8,193361,0,306.0,2026-08-21,0,-1,1975.0,3.2,,
29022,63078,Mage,Arcane,Sunfury,DPS,US,Murder Row,14,1,1966.8,183879,0,293.0,2026-08-21,0,-1,1975.0,3.2,,
49978,105923,Paladin,Protection,Lightsmith,Tank,CN,Altar of Fangs,11,1,1192.0,143393,0,298.0,2026-08-22,0,-1,,,,
49978,105924,Evoker,Preservation,Flameshaper,Healer,CN,Altar of Fangs,11,1,1192.0,90732,0,306.0,2026-08-22,0,-1,,,,
49978,105925,Mage,Arcane,Sunfury,DPS,CN,Altar of Fangs,11,1,1192.0,216673,0,307.0,2026-08-22,0,-1,,,,
49978,105926,Shaman,Elemental,Farseer,DPS,CN,Altar of Fangs,11,1,1192.0,280479,0,301.0,2026-08-22,0,-1,,,,
49978,105927,DeathKnight,Unholy,Rider of the Apocalypse,DPS,CN,Altar of Fangs,11,1,1192.0,217364,0,294.0,2026-08-22,0,-1,,,,
64453,1214,Monk,Brewmaster,Master of Harmony,Tank,US,Altar of Fangs,12,1,1416.4,101973,0,309.0,2026-08-22,0,-1,1423.0,21.0,,
64453,2112,Priest,Discipline,Oracle,Healer,US,Altar of Fangs,12,1,1416.4,22551,0,314.0,2026-08-22,0,-1,1423.0,21.0,,3183
64453,14771,Shaman,Elemental,Farseer,DPS,US,Altar of Fangs,12,1,1416.4,274326,0,307.0,2026-08-22,0,-1,1423.0,21.0,,
64453,136797,Mage,Arcane,Sunfury,DPS,US,Altar of Fangs,12,1,1416.4,236878,1,305.0,2026-08-22,0,-1,1423.0,21.0,,
64453,2114,Warrior,Arms,Slayer,DPS,US,Altar of Fangs,12,1,1416.4,272333,0,307.0,2026-08-22,0,-1,1423.0,21.0,,3183
38757,83109,Paladin,Protection,Templar,Tank,EU,Altar of Fangs,8,1,1151.9,89122,0,293.0,2026-08-21,0,-1,1149.0,36.2,,
38757,20563,Monk,Mistweaver,Conduit of the Celestials,Healer,EU,Altar of Fangs,8,1,1151.9,49197,0,302.0,2026-08-21,0,-1,1149.0,36.2,,
38757,83110,Hunter,BeastMastery,Pack Leader,DPS,EU,Altar of Fangs,8,1,1151.9,191139,1,294.0,2026-08-21,0,-1,1149.0,36.2,,
38757,83111,Evoker,Devastation,Scalecommander,DPS,EU,Altar of Fangs,8,1,1151.9,177270,0,292.0,2026-08-21,0,-1,1149.0,36.2,,
38757,20564,Mage,Arcane,Sunfury,DPS,EU,Altar of Fangs,8,1,1151.9,231491,0,303.0,2026-08-21,0,-1,1149.0,36.2,,
78,363,DeathKnight,Blood,San'layn,Tank,US,Altar of Fangs,11,1,1372.4,154448,0,296.0,2026-08-19,0,-1,1400.0,22.2,,2897
78,364,Paladin,Holy,Herald of the Sun,Healer,US,Altar of Fangs,11,1,1372.4,26148,1,291.0,2026-08-19,0,-1,1400.0,22.2,,
78,365,Warrior,Arms,Slayer,DPS,US,Altar of Fangs,11,1,1372.4,222749,1,301.0,2026-08-19,0,-1,1400.0,22.2,,
78,366,Shaman,Elemental,Farseer,DPS,US,Altar of Fangs,11,1,1372.4,218946,2,295.0,2026-08-19,0,-1,1400.0,22.2,,2978
78,367,Druid,Feral,Wildstalker,DPS,US,Altar of Fangs,11,1,1372.4,200784,3,293.0,2026-08-19,0,-1,1400.0,22.2,,
80495,19089,DeathKnight,Blood,San'layn,Tank,EU,Altar of Fangs,12,1,1360.7,178808,0,309.0,2026-08-21,0,-1,1382.0,23.2,,
80495,19090,Shaman,Restoration,Totemic,Healer,EU,Altar of Fangs,12,1,1360.7,36040,0,299.0,2026-08-21,0,-1,1382.0,23.2,,
80495,92346,Priest,Shadow,Archon,DPS,EU,Altar of Fangs,12,1,1360.7,212626,1,303.0,2026-08-21,0,-1,1382.0,23.2,,
80495,19091,DeathKnight,Unholy,Rider of the Apocalypse,DPS,EU,Altar of Fangs,12,1,1360.7,246294,0,299.0,2026-08-21,0,-1,1382.0,23.2,,
80495,19093,Warrior,Arms,Slayer,DPS,EU,Altar of Fangs,12,1,1360.7,253197,1,304.0,2026-08-21,0,-1,1382.0,23.2,,
52171,110038,Paladin,Protection,Lightsmith,Tank,EU,Voidscar Arena,8,1,907.9,147552,0,292.0,2026-08-22,0,-1,900.0,50.0,,
52171,110807,Druid,Restoration,Wildstalker,Healer,EU,Voidscar Arena,8,1,907.9,18748,0,298.0,2026-08-22,0,-1,900.0,50.0,,
52171,18026,DemonHunter,Havoc,Fel-Scarred,DPS,EU,Voidscar Arena,8,1,907.9,255446,0,304.0,2026-08-22,0,-1,900.0,50.0,,
52171,19828,Shaman,Enhancement,Stormbringer,DPS,EU,Voidscar Arena,8,1,907.9,190246,0,293.0,2026-08-22,0,-1,900.0,50.0,,
52171,110808,Rogue,Outlaw,Trickster,DPS,EU,Voidscar Arena,8,1,907.9,196473,0,291.0,2026-08-22,0,-1,900.0,50.0,,
57747,123050,Warrior,Protection,Mountain Thane,Tank,US,Murder Row,10,1,1182.6,130707,0,305.0,2026-08-23,0,-1,,,,
57747,121625,Priest,Holy,Oracle,Healer,US,Murder Row,10,1,1182.6,23888,0,306.0,2026-08-23,0,-1,,,,
57747,41408,Warlock,Demonology,Diabolist,DPS,US,Murder Row,10,1,1182.6,193015,1,303.0,2026-08-23,0,-1,,,,
57747,10968,Shaman,Elemental,Farseer,DPS,US,Murder Row,10,1,1182.6,207206,0,304.0,2026-08-23,0,-1,,,,
57747,90195,Shaman,Elemental,Farseer,DPS,US,Murder Row,10,1,1182.6,248141,1,301.0,2026-08-23,0,-1,,,,
20348,22566,Warrior,Protection,Mountain Thane,Tank,EU,Kings' Rest,13,0,2556.4,77330,7,296.0,2026-08-19,0,-1,2757.0,-39.3,,
20348,21681,Druid,Restoration,Wildstalker,Healer,EU,Kings' Rest,13,0,2556.4,8871,7,294.0,2026-08-19,0,-1,2757.0,-39.3,,
20348,21683,Rogue,Assassination,Deathstalker,DPS,EU,Kings' Rest,13,0,2556.4,139546,7,294.0,2026-08-19,0,-1,2757.0,-39.3,,
20348,22568,DeathKnight,Unholy,Rider of the Apocalypse,DPS,EU,Kings' Rest,13,0,2556.4,127210,6,294.0,2026-08-19,0,-1,2757.0,-39.3,,
20348,22567,Monk,Windwalker,Shado-Pan,DPS,EU,Kings' Rest,13,0,2556.4,116881,5,297.0,2026-08-19,0,-1,2757.0,-39.3,,
46268,74607,DeathKnight,Blood,San'layn,Tank,EU,The Blinding Vale,10,1,1029.1,166773,0,307.0,2026-08-22,0,-1,1031.0,42.7,,
46268,73453,Priest,Holy,Oracle,Healer,EU,The Blinding Vale,10,1,1029.1,37391,0,312.0,2026-08-22,0,-1,1031.0,42.7,,
46268,97645,Rogue,Subtlety,Deathstalker,DPS,EU,The Blinding Vale,10,1,1029.1,220640,0,304.0,2026-08-22,0,-1,1031.0,42.7,,
46268,97646,Monk,Windwalker,Conduit of the Celestials,DPS,EU,The Blinding Vale,10,1,1029.1,247730,0,304.0,2026-08-22,0,-1,1031.0,42.7,,
46268,42597,Hunter,BeastMastery,Pack Leader,DPS,EU,The Blinding Vale,10,1,1029.1,255705,1,309.0,2026-08-22,0,-1,1031.0,42.7,,
8471,17314,DeathKnight,Blood,San'layn,Tank,EU,Voidscar Arena,11,1,1420.4,66878,0,294.0,2026-08-19,0,-1,1447.0,19.6,,
8471,14969,Shaman,Restoration,Totemic,Healer,EU,Voidscar Arena,11,1,1420.4,25536,2,291.0,2026-08-19,0,-1,1447.0,19.6,,
8471,17315,Rogue,Outlaw,Trickster,DPS,EU,Voidscar Arena,11,1,1420.4,207684,1,293.0,2026-08-19,0,-1,1447.0,19.6,,
8471,17316,Monk,Windwalker,Shado-Pan,DPS,EU,Voidscar Arena,11,1,1420.4,138940,1,291.0,2026-08-19,0,-1,1447.0,19.6,,
8471,17317,DemonHunter,Devourer,Annihilator,DPS,EU,Voidscar Arena,11,1,1420.4,181890,3,295.0,2026-08-19,0,-1,1447.0,19.6,,
75001,15350,DeathKnight,Blood,San'layn,Tank,EU,Den of Nalorakk,16,1,1751.4,155609,0,312.0,2026-08-23,0,-1,1818.0,5.3,,3218
75001,21735,Paladin,Holy,Herald of the Sun,Healer,EU,Den of Nalorakk,16,1,1751.4,16333,1,307.0,2026-08-23,0,-1,1818.0,5.3,,
75001,67574,Mage,Arcane,Sunfury,DPS,EU,Den of Nalorakk,16,1,1751.4,259521,2,312.0,2026-08-23,0,-1,1818.0,5.3,,
75001,20419,Druid,Balance,Elune's Chosen,DPS,EU,Den of Nalorakk,16,1,1751.4,233630,1,303.0,2026-08-23,0,-1,1818.0,5.3,,
75001,16476,Warrior,Arms,Slayer,DPS,EU,Den of Nalorakk,16,1,1751.4,251374,1,310.0,2026-08-23,0,-1,1818.0,5.3,,
77560,57683,DeathKnight,Blood,San'layn,Tank,CN,Altar of Fangs,13,1,1529.0,162633,0,303.0,2026-08-21,0,-1,1595.0,11.4,,
77560,57684,Priest,Discipline,Oracle,Healer,CN,Altar of Fangs,13,1,1529.0,17440,2,297.0,2026-08-21,0,-1,1595.0,11.4,,
77560,50422,Paladin,Retribution,Herald of the Sun,DPS,CN,Altar of Fangs,13,1,1529.0,245900,1,307.0,2026-08-21,0,-1,1595.0,11.4,,
77560,57687,Shaman,Elemental,Farseer,DPS,CN,Altar of Fangs,13,1,1529.0,246117,2,303.0,2026-08-21,0,-1,1595.0,11.4,,
77560,57685,Mage,Arcane,Sunfury,DPS,CN,Altar of Fangs,13,1,1529.0,259720,0,303.0,2026-08-21,0,-1,1595.0,11.4,,
46366,97503,Druid,Guardian,Elune's Chosen,Tank,CN,Kings' Rest,11,1,1347.7,79000,0,307.0,2026-08-22,0,-1,1339.0,32.4,,
46366,90822,Paladin,Holy,Lightsmith,Healer,CN,Kings' Rest,11,1,1347.7,33969,0,310.0,2026-08-22,0,-1,1339.0,32.4,,
46366,97504,Evoker,Devastation,Scalecommander,DPS,CN,Kings' Rest,11,1,1347.7,164086,0,296.0,2026-08-22,0,-1,1339.0,32.4,,
46366,97505,Hunter,BeastMastery,Pack Leader,DPS,CN,Kings' Rest,11,1,1347.7,135878,0,297.0,2026-08-22,0,-1,1339.0,32.4,,
46366,97859,Warlock,Demonology,Diabolist,DPS,CN,Kings' Rest,11,1,1347.7,203234,0,304.0,2026-08-22,0,-1,1339.0,32.4,,
12297,22704,Paladin,Protection,Templar,Tank,US,Altar of Fangs,11,1,1590.1,84362,0,296.0,2026-08-19,0,-1,1612.0,10.4,,
12297,5228,Druid,Restoration,Wildstalker,Healer,US,Altar of Fangs,11,1,1590.1,5376,0,298.0,2026-08-19,0,-1,1612.0,10.4,,
12297,5231,Shaman,Elemental,Farseer,DPS,US,Altar of Fangs,11,1,1590.1,203766,2,303.0,2026-08-19,0,-1,1612.0,10.4,,
12297,5227,Paladin,Retribution,Templar,DPS,US,Altar of Fangs,11,1,1590.1,168894,3,300.0,2026-08-19,0,-1,1612.0,10.4,,
12297,5229,Mage,Arcane,Sunfury,DPS,US,Altar of Fangs,11,1,1590.1,233774,1,305.0,2026-08-19,0,-1,1612.0,10.4,,
44298,18217,DeathKnight,Blood,San'layn,Tank,EU,Murder Row,10,1,1149.6,130149,0,305.0,2026-08-22,0,-1,,,,
44298,47114,Monk,Mistweaver,Conduit of the Celestials,Healer,EU,Murder Row,10,1,1149.6,59496,0,311.0,2026-08-22,0,-1,,,,
44298,92380,Warlock,Demonology,Diabolist,DPS,EU,Murder Row,10,1,1149.6,177788,0,307.0,2026-08-22,0,-1,,,,
44298,72058,Hunter,BeastMastery,Pack Leader,DPS,EU,Murder Row,10,1,1149.6,209871,0,307.0,2026-08-22,0,-1,,,,
44298,72056,Shaman,Elemental,Farseer,DPS,EU,Murder Row,10,1,1149.6,234419,1,301.0,2026-08-22,0,-1,,,,
77000,67495,DeathKnight,Blood,San'layn,Tank,CN,Den of Nalorakk,16,1,1520.2,173054,0,313.0,2026-08-23,0,-1,1587.0,17.4,,
77000,67496,Paladin,Holy,Lightsmith,Healer,CN,Den of Nalorakk,16,1,1520.2,64054,0,311.0,2026-08-23,0,-1,1587.0,17.4,,
77000,144253,Shaman,Elemental,Farseer,DPS,CN,Den of Nalorakk,16,1,1520.2,242787,2,310.0,2026-08-23,0,-1,1587.0,17.4,,
77000,67498,Mage,Arcane,Sunfury,DPS,CN,Den of Nalorakk,16,1,1520.2,250398,2,308.0,2026-08-23,0,-1,1587.0,17.4,,
77000,67497,Warrior,Arms,Slayer,DPS,CN,Den of Nalorakk,16,1,1520.2,268519,1,311.0,2026-08-23,0,-1,1587.0,17.4,,
73125,70430,DeathKnight,Blood,Deathbringer,Tank,EU,Altar of Fangs,15,1,1648.1,169464,0,315.0,2026-08-22,0,-1,1715.0,4.7,,
73125,46931,Shaman,Restoration,Totemic,Healer,EU,Altar of Fangs,15,1,1648.1,46173,2,304.0,2026-08-22,0,-1,1715.0,4.7,,
73125,46934,Warrior,Arms,Slayer,DPS,EU,Altar of Fangs,15,1,1648.1,250463,1,310.0,2026-08-22,0,-1,1715.0,4.7,,
73125,70433,Mage,Arcane,Sunfury,DPS,EU,Altar of Fangs,15,1,1648.1,300521,1,308.0,2026-08-22,0,-1,1715.0,4.7,,
73125,70432,DemonHunter,Havoc,Fel-Scarred,DPS,EU,Altar of Fangs,15,1,1648.1,263989,1,306.0,2026-08-22,0,-1,1715.0,4.7,,
27992,5168,DemonHunter,Vengeance,Annihilator,Tank,US,Murder Row,12,1,1557.3,112871,0,307.0,2026-08-22,0,-1,1564.0,23.4,,
27992,5169,Paladin,Holy,Lightsmith,Healer,US,Murder Row,12,1,1557.3,45704,0,307.0,2026-08-22,0,-1,1564.0,23.4,,
27992,61268,Mage,Arcane,Sunfury,DPS,US,Murder Row,12,1,1557.3,181957,1,300.0,2026-08-22,0,-1,1564.0,23.4,,
27992,61269,Warrior,Arms,Slayer,DPS,US,Murder Row,12,1,1557.3,168325,0,306.0,2026-08-22,0,-1,1564.0,23.4,,
27992,59360,Shaman,Elemental,Farseer,DPS,US,Murder Row,12,1,1557.3,218250,0,305.0,2026-08-22,0,-1,1564.0,23.4,,
42653,18504,Paladin,Protection,Lightsmith,Tank,EU,Kings' Rest,14,0,1888.1,92637,1,308.0,2026-08-20,0,-1,1985.0,-0.2,,3287
42653,38613,Shaman,Restoration,Totemic,Healer,EU,Kings' Rest,14,0,1888.1,37594,2,302.0,2026-08-20,0,-1,1985.0,-0.2,,
42653,16744,DemonHunter,Devourer,Void-Scarred,DPS,EU,Kings' Rest,14,0,1888.1,155062,1,307.0,2026-08-20,0,-1,1985.0,-0.2,,
42653,18508,Warrior,Fury,Slayer,DPS,EU,Kings' Rest,14,0,1888.1,159922,1,297.0,2026-08-20,0,-1,1985.0,-0.2,,3287
42653,19601,DeathKnight,Unholy,Rider of the Apocalypse,DPS,EU,Kings' Rest,14,0,1888.1,133831,2,294.0,2026-08-20,0,-1,1985.0,-0.2,,
24386,54041,Paladin,Protection,Lightsmith,Tank,KR,Voidscar Arena,11,1,1279.3,133896,0,306.0,2026-08-21,0,-1,1270.0,29.4,,
24386,37544,Priest,Holy,Oracle,Healer,KR,Voidscar Arena,11,1,1279.3,18110,0,306.0,2026-08-21,0,-1,1270.0,29.4,,
24386,54042,Hunter,Marksmanship,Sentinel,DPS,KR,Voidscar Arena,11,1,1279.3,166328,0,293.0,2026-08-21,0,-1,1270.0,29.4,,
24386,54043,Mage,Arcane,Sunfury,DPS,KR,Voidscar Arena,11,1,1279.3,211290,0,292.0,2026-08-21,0,-1,1270.0,29.4,,
24386,54044,Warlock,Demonology,Diabolist,DPS,KR,Voidscar Arena,11,1,1279.3,269815,0,298.0,2026-08-21,0,-1,1270.0,29.4,,
65658,136959,DeathKnight,Blood,San'layn,Tank,CN,Kings' Rest,15,1,1469.4,125492,0,311.0,2026-08-23,0,-1,1536.0,22.4,,
65658,136960,Paladin,Holy,Lightsmith,Healer,CN,Kings' Rest,15,1,1469.4,57825,1,311.0,2026-08-23,0,-1,1536.0,22.4,,
65658,136961,Mage,Arcane,Sunfury,DPS,CN,Kings' Rest,15,1,1469.4,228236,0,311.0,2026-08-23,0,-1,1536.0,22.4,,
65658,69167,Warrior,Arms,Slayer,DPS,CN,Kings' Rest,15,1,1469.4,207589,1,312.0,2026-08-23,0,-1,1536.0,22.4,,
65658,124243,Shaman,Elemental,Farseer,DPS,CN,Kings' Rest,15,1,1469.4,180968,3,312.0,2026-08-23,0,-1,1536.0,22.4,,
32007,68998,Warrior,Protection,Mountain Thane,Tank,US,Temple of Sethraliss,8,1,1107.7,139234,0,289.0,2026-08-21,0,-1,1099.0,42.8,,
32007,53753,Paladin,Holy,Herald of the Sun,Healer,US,Temple of Sethraliss,8,1,1107.7,19253,0,299.0,2026-08-21,0,-1,1099.0,42.8,,
32007,68999,Hunter,Marksmanship,Sentinel,DPS,US,Temple of Sethraliss,8,1,1107.7,156723,0,299.0,2026-08-21,0,-1,1099.0,42.8,,
32007,69000,Monk,Windwalker,Shado-Pan,DPS,US,Temple of Sethraliss,8,1,1107.7,146216,0,294.0,2026-08-21,0,-1,1099.0,42.8,,
32007,69001,Rogue,Assassination,Fatebound,DPS,US,Temple of Sethraliss,8,1,1107.7,196754,0,293.0,2026-08-21,0,-1,1099.0,42.8,,
86624,16139,Paladin,Protection,Templar,Tank,EU,Kings' Rest,10,1,1187.8,82157,0,307.0,2026-08-23,0,-1,1184.0,40.2,4,
86624,103087,Paladin,Holy,Herald of the Sun,Healer,EU,Kings' Rest,10,1,1187.8,34875,1,311.0,2026-08-23,0,-1,1184.0,40.2,,
86624,65137,Mage,Arcane,Sunfury,DPS,EU,Kings' Rest,10,1,1187.8,175972,0,306.0,2026-08-23,0,-1,1184.0,40.2,2,
86624,64757,Warrior,Arms,Slayer,DPS,EU,Kings' Rest,10,1,1187.8,164196,0,302.0,2026-08-23,0,-1,1184.0,40.2,0,
86624,152539,Warlock,Demonology,Diabolist,DPS,EU,Kings' Rest,10,1,1187.8,154254,0,297.0,2026-08-23,0,-1,1184.0,40.2,0,
45432,90491,Monk,Brewmaster,Unknown,Tank,EU,Kings' Rest,11,1,1391.0,102102,0,302.0,2026-08-22,0,-1,,,,
45432,95748,Shaman,Restoration,Unknown,Healer,EU,Kings' Rest,11,1,1391.0,13033,1,286.0,2026-08-22,0,-1,,,,
45432,95749,Warrior,Arms,Unknown,DPS,EU,Kings' Rest,11,1,1391.0,162131,1,302.0,2026-08-22,0,-1,,,,
45432,95372,Monk,Windwalker,Unknown,DPS,EU,Kings' Rest,11,1,1391.0,147480,0,299.0,2026-08-22,0,-1,,,,
45432,40914,Mage,Arcane,Unknown,DPS,EU,Kings' Rest,11,1,1391.0,192864,1,310.0,2026-08-22,0,-1,,,,
28908,62877,Paladin,Protection,Templar,Tank,US,Murder Row,6,1,1087.9,78591,0,283.0,2026-08-21,0,-1,1080.0,47.1,,
28908,62878,Paladin,Holy,Lightsmith,Healer,US,Murder Row,6,1,1087.9,41572,0,299.0,2026-08-21,0,-1,1080.0,47.1,,
28908,62879,Mage,Arcane,Sunfury,DPS,US,Murder Row,6,1,1087.9,182151,0,309.0,2026-08-21,0,-1,1080.0,47.1,,
28908,62880,Mage,Arcane,Sunfury,DPS,US,Murder Row,6,1,1087.9,123985,0,297.0,2026-08-21,0,-1,1080.0,47.1,,
28908,62881,Mage,Arcane,Sunfury,DPS,US,Murder Row,6,1,1087.9,131615,0,295.0,2026-08-21,0,-1,1080.0,47.1,,
86592,52128,DeathKnight,Blood,San'layn,Tank,EU,Den of Nalorakk,16,1,1783.0,146360,0,311.0,2026-08-23,0,-1,1789.0,6.8,2,
86592,37978,Paladin,Holy,Herald of the Sun,Healer,EU,Den of Nalorakk,16,1,1783.0,34780,1,311.0,2026-08-23,0,-1,1789.0,6.8,4,
86592,67574,Mage,Arcane,Sunfury,DPS,EU,Den of Nalorakk,16,1,1783.0,237230,0,312.0,2026-08-23,0,-1,1789.0,6.8,2,
86592,48283,Rogue,Outlaw,Trickster,DPS,EU,Den of Nalorakk,16,1,1783.0,212690,0,312.0,2026-08-23,0,-1,1789.0,6.8,5,
86592,77180,Hunter,BeastMastery,Pack Leader,DPS,EU,Den of Nalorakk,16,1,1783.0,204884,0,306.0,2026-08-23,0,-1,1789.0,6.8,5,
73135,77026,Paladin,Protection,Lightsmith,Tank,EU,Voidscar Arena,14,1,1620.5,104020,0,305.0,2026-08-22,0,-1,1612.0,10.5,,
73135,104137,Paladin,Holy,Herald of the Sun,Healer,EU,Voidscar Arena,14,1,1620.5,21095,0,308.0,2026-08-22,0,-1,1612.0,10.5,,
73135,48742,DemonHunter,Havoc,Fel-Scarred,DPS,EU,Voidscar Arena,14,1,1620.5,206054,0,300.0,2026-08-22,0,-1,1612.0,10.5,,
73135,71999,Mage,Arcane,Sunfury,DPS,EU,Voidscar Arena,14,1,1620.5,245305,0,308.0,2026-08-22,0,-1,1612.0,10.5,,
73135,32041,Rogue,Subtlety,Trickster,DPS,EU,Voidscar Arena,14,1,1620.5,224892,0,310.0,2026-08-22,0,-1,1612.0,10.5,,
63336,15301,DeathKnight,Blood,San'layn,Tank,EU,Kings' Rest,14,1,1868.4,92196,0,305.0,2026-08-22,0,-1,,,,
63336,27612,Shaman,Restoration,Totemic,Healer,EU,Kings' Rest,14,1,1868.4,31270,0,307.0,2026-08-22,0,-1,,,,
63336,24343,DemonHunter,Devourer,Void-Scarred,DPS,EU,Kings' Rest,14,1,1868.4,159931,1,311.0,2026-08-22,0,-1,,,,
63336,100878,Shaman,Elemental,Farseer,DPS,EU,Kings' Rest,14,1,1868.4,150412,2,304.0,2026-08-22,0,-1,,,,
63336,15305,DeathKnight,Unholy,Rider of the Apocalypse,DPS,EU,Kings' Rest,14,1,1868.4,138868,0,298.0,2026-08-22,0,-1,,,,
67235,24678,Druid,Guardian,Elune's Chosen,Tank,EU,Voidscar Arena,16,1,1566.2,113818,0,315.0,2026-08-23,0,-1,1557.0,13.5,,
67235,50416,Priest,Holy,Oracle,Healer,EU,Voidscar Arena,16,1,1566.2,31566,0,312.0,2026-08-23,0,-1,1557.0,13.5,,
67235,15371,Mage,Arcane,Sunfury,DPS,EU,Voidscar Arena,16,1,1566.2,248865,0,314.0,2026-08-23,0,-1,1557.0,13.5,,
67235,16788,Monk,Windwalker,Conduit of the Celestials,DPS,EU,Voidscar Arena,16,1,1566.2,216773,0,305.0,2026-08-23,0,-1,1557.0,13.5,,
67235,13294,DeathKnight,Frost,Deathbringer,DPS,EU,Voidscar Arena,16,1,1566.2,210692,0,313.0,2026-08-23,0,-1,1557.0,13.5,,3361
3797,8634,Monk,Brewmaster,Master of Harmony,Tank,US,Voidscar Arena,11,0,2209.8,49585,6,290.0,2026-08-18,0,-1,2276.0,-26.4,,
3797,8635,Shaman,Restoration,Totemic,Healer,US,Voidscar Arena,11,0,2209.8,11913,5,292.0,2026-08-18,0,-1,2276.0,-26.4,,
3797,2174,Mage,Arcane,Sunfury,DPS,US,Voidscar Arena,11,0,2209.8,146374,4,293.0,2026-08-18,0,-1,2276.0,-26.4,,3035
3797,8636,Warlock,Destruction,Diabolist,DPS,US,Voidscar Arena,11,0,2209.8,109128,4,295.0,2026-08-18,0,-1,2276.0,-26.4,,
3797,8637,Warrior,Arms,Slayer,DPS,US,Voidscar Arena,11,0,2209.8,132061,6,292.0,2026-08-18,0,-1,2276.0,-26.4,,
49569,22558,DeathKnight,Blood,San'layn,Tank,EU,Murder Row,6,1,1086.0,110553,0,308.0,2026-08-22,0,-1,,,,
49569,22559,Paladin,Holy,Herald of the Sun,Healer,EU,Murder Row,6,1,1086.0,16436,0,303.0,2026-08-22,0,-1,,,,
49569,104913,Monk,Windwalker,Shado-Pan,DPS,EU,Murder Row,6,1,1086.0,123794,0,296.0,2026-08-22,0,-1,,,,
49569,104914,Shaman,Elemental,Farseer,DPS,EU,Murder Row,6,1,1086.0,142298,0,299.0,2026-08-22,0,-1,,,,
49569,104915,Druid,Balance,Elune's Chosen,DPS,EU,Murder Row,6,1,1086.0,142942,0,294.0,2026-08-22,0,-1,,,,
34004,19089,DeathKnight,Blood,San'layn,Tank,EU,Den of Nalorakk,10,1,1166.6,121611,0,311.0,2026-08-21,0,-1,1156.0,39.8,,
34004,19090,Shaman,Restoration,Totemic,Healer,EU,Den of Nalorakk,10,1,1166.6,36992,0,302.0,2026-08-21,0,-1,1156.0,39.8,,
34004,19091,DeathKnight,Unholy,Rider of the Apocalypse,DPS,EU,Den of Nalorakk,10,1,1166.6,191455,0,302.0,2026-08-21,0,-1,1156.0,39.8,,
34004,13837,Rogue,Subtlety,Trickster,DPS,EU,Den of Nalorakk,10,1,1166.6,218268,0,305.0,2026-08-21,0,-1,1156.0,39.8,,
34004,19092,Warrior,Arms,Slayer,DPS,EU,Den of Nalorakk,10,1,1166.6,189280,0,303.0,2026-08-21,0,-1,1156.0,39.8,,
37129,57383,DeathKnight,Blood,Deathbringer,Tank,CN,Voidscar Arena,13,1,1538.5,99393,0,306.0,2026-08-21,0,-1,1575.0,12.5,,
37129,79980,Monk,Mistweaver,Conduit of the Celestials,Healer,CN,Voidscar Arena,13,1,1538.5,43591,0,307.0,2026-08-21,0,-1,1575.0,12.5,,
37129,77996,Paladin,Retribution,Herald of the Sun,DPS,CN,Voidscar Arena,13,1,1538.5,157349,1,304.0,2026-08-21,0,-1,1575.0,12.5,,
37129,79981,Mage,Arcane,Sunfury,DPS,CN,Voidscar Arena,13,1,1538.5,203724,1,303.0,2026-08-21,0,-1,1575.0,12.5,,
37129,54022,Shaman,Elemental,Farseer,DPS,CN,Voidscar Arena,13,1,1538.5,198063,1,300.0,2026-08-21,0,-1,1575.0,12.5,,
71215,91647,Paladin,Protection,Lightsmith,Tank,US,Temple of Sethraliss,15,1,1814.0,122951,0,308.0,2026-08-23,0,-1,1880.0,2.1,,
71215,48705,Priest,Holy,Oracle,Healer,US,Temple of Sethraliss,15,1,1814.0,30933,0,309.0,2026-08-23,0,-1,1880.0,2.1,,
71215,6467,Druid,Balance,Elune's Chosen,DPS,US,Temple of Sethraliss,15,1,1814.0,204056,1,313.0,2026-08-23,0,-1,1880.0,2.1,,
71215,9366,Mage,Arcane,Sunfury,DPS,US,Temple of Sethraliss,15,1,1814.0,259821,2,313.0,2026-08-23,0,-1,1880.0,2.1,,
71215,23735,Shaman,Elemental,Farseer,DPS,US,Temple of Sethraliss,15,1,1814.0,228929,1,307.0,2026-08-23,0,-1,1880.0,2.1,,
63979,37434,DeathKnight,Blood,San'layn,Tank,CN,Den of Nalorakk,13,1,1388.8,132087,0,312.0,2026-08-21,0,-1,1440.0,25.0,,
63979,37435,Paladin,Holy,Lightsmith,Healer,CN,Den of Nalorakk,13,1,1388.8,70404,0,311.0,2026-08-21,0,-1,1440.0,25.0,,
63979,54193,Mage,Arcane,Sunfury,DPS,CN,Den of Nalorakk,13,1,1388.8,223996,0,307.0,2026-08-21,0,-1,1440.0,25.0,,
63979,54192,Shaman,Elemental,Farseer,DPS,CN,Den of Nalorakk,13,1,1388.8,221670,3,311.0,2026-08-21,0,-1,1440.0,25.0,,
63979,54194,Warrior,Arms,Slayer,DPS,CN,Den of Nalorakk,13,1,1388.8,191316,1,306.0,2026-08-21,0,-1,1440.0,25.0,,
72126,89033,Paladin,Protection,Lightsmith,Tank,CN,Murder Row,13,1,1635.4,83319,0,300.0,2026-08-21,0,-1,1627.0,20.2,,
72126,67141,Paladin,Holy,Herald of the Sun,Healer,CN,Murder Row,13,1,1635.4,20179,0,307.0,2026-08-21,0,-1,1627.0,20.2,,
72126,89036,Warrior,Arms,Slayer,DPS,CN,Murder Row,13,1,1635.4,229924,0,308.0,2026-08-21,0,-1,1627.0,20.2,,
72126,58736,Shaman,Elemental,Farseer,DPS,CN,Murder Row,13,1,1635.4,254620,0,308.0,2026-08-21,0,-1,1627.0,20.2,,
72126,135871,Mage,Arcane,Sunfury,DPS,CN,Murder Row,13,1,1635.4,190060,0,297.0,2026-08-21,0,-1,1627.0,20.2,,
13427,26567,Druid,Guardian,Elune's Chosen,Tank,US,Altar of Fangs,4,1,1087.9,64661,0,293.0,2026-08-19,0,-1,1080.0,40.0,,
13427,26568,Shaman,Restoration,Totemic,Healer,US,Altar of Fangs,4,1,1087.9,22414,0,295.0,2026-08-19,0,-1,1080.0,40.0,,
13427,26569,Warlock,Destruction,Diabolist,DPS,US,Altar of Fangs,4,1,1087.9,113486,0,292.0,2026-08-19,0,-1,1080.0,40.0,,
13427,26570,Rogue,Subtlety,Deathstalker,DPS,US,Altar of Fangs,4,1,1087.9,168428,0,298.0,2026-08-19,0,-1,1080.0,40.0,,
13427,26571,Mage,Arcane,Sunfury,DPS,US,Altar of Fangs,4,1,1087.9,127997,0,296.0,2026-08-19,0,-1,1080.0,40.0,,
11762,23473,DemonHunter,Vengeance,Unknown,Tank,US,Altar of Fangs,12,1,1705.4,112931,0,297.0,2026-08-19,0,-1,1726.0,4.1,,
11762,9113,Monk,Mistweaver,Unknown,Healer,US,Altar of Fangs,12,1,1705.4,54507,0,299.0,2026-08-19,0,-1,1726.0,4.1,,
11762,3811,Priest,Shadow,Unknown,DPS,US,Altar of Fangs,12,1,1705.4,200817,0,301.0,2026-08-19,0,-1,1726.0,4.1,,3058
11762,23474,Shaman,Elemental,Unknown,DPS,US,Altar of Fangs,12,1,1705.4,183453,0,297.0,2026-08-19,0,-1,1726.0,4.1,,
11762,23475,Warlock,Demonology,Unknown,DPS,US,Altar of Fangs,12,1,1705.4,179735,2,296.0,2026-08-19,0,-1,1726.0,4.1,,
22097,6687,Paladin,Protection,Lightsmith,Tank,US,Den of Nalorakk,12,0,1855.4,103338,0,298.0,2026-08-20,0,-1,1922.0,-0.1,,3024
22097,7433,Priest,Discipline,Oracle,Healer,US,Den of Nalorakk,12,0,1855.4,14957,2,301.0,2026-08-20,0,-1,1922.0,-0.1,,
22097,6690,Priest,Shadow,Archon,DPS,US,Den of Nalorakk,12,0,1855.4,150794,1,296.0,2026-08-20,0,-1,1922.0,-0.1,,
22097,6689,Hunter,Marksmanship,Sentinel,DPS,US,Den of Nalorakk,12,0,1855.4,147698,1,302.0,2026-08-20,0,-1,1922.0,-0.1,,
22097,7435,DemonHunter,Devourer,Void-Scarred,DPS,US,Den of Nalorakk,12,0,1855.4,162026,1,299.0,2026-08-20,0,-1,1922.0,-0.1,,3074
86273,15473,DeathKnight,Blood,San'layn,Tank,EU,Murder Row,11,1,1302.2,121097,0,311.0,2026-08-23,0,-1,1303.0,36.1,2,
86273,132611,Shaman,Restoration,Totemic,Healer,EU,Murder Row,11,1,1302.2,24220,1,297.0,2026-08-23,0,-1,1303.0,36.1,1,
86273,21406,Paladin,Retribution,Herald of the Sun,DPS,EU,Murder Row,11,1,1302.2,265616,0,309.0,2026-08-23,0,-1,1303.0,36.1,4,
86273,142294,DemonHunter,Devourer,Void-Scarred,DPS,EU,Murder Row,11,1,1302.2,222466,0,305.0,2026-08-23,0,-1,1303.0,36.1,0,
86273,140522,Hunter,BeastMastery,Pack Leader,DPS,EU,Murder Row,11,1,1302.2,192456,1,308.0,2026-08-23,0,-1,1303.0,36.1,4,
9733,19161,DeathKnight,Blood,San'layn,Tank,EU,Murder Row,10,1,1291.5,119279,0,292.0,2026-08-19,0,-1,1283.0,37.1,,
9733,17807,Druid,Restoration,Wildstalker,Healer,EU,Murder Row,10,1,1291.5,12916,0,298.0,2026-08-19,0,-1,1283.0,37.1,,2740
9733,19162,Warrior,Arms,Slayer,DPS,EU,Murder Row,10,1,1291.5,203026,0,298.0,2026-08-19,0,-1,1283.0,37.1,,2826
9733,19163,DemonHunter,Devourer,Void-Scarred,DPS,EU,Murder Row,10,1,1291.5,194689,0,298.0,2026-08-19,0,-1,1283.0,37.1,,2772
9733,19164,Druid,Balance,Elune's Chosen,DPS,EU,Murder Row,10,1,1291.5,195301,0,297.0,2026-08-19,0,-1,1283.0,37.1,,2750
35418,76547,DeathKnight,Blood,Deathbringer,Tank,US,Kings' Rest,9,1,1217.3,56720,0,300.0,2026-08-20,0,-1,1208.0,39.0,,
35418,30726,Priest,Holy,Oracle,Healer,US,Kings' Rest,9,1,1217.3,23363,0,293.0,2026-08-20,0,-1,1208.0,39.0,,
35418,76548,Mage,Arcane,Sunfury,DPS,US,Kings' Rest,9,1,1217.3,159937,0,301.0,2026-08-20,0,-1,1208.0,39.0,,
35418,72102,Shaman,Elemental,Farseer,DPS,US,Kings' Rest,9,1,1217.3,138107,0,295.0,2026-08-20,0,-1,1208.0,39.0,,
35418,7047,Hunter,Marksmanship,Sentinel,DPS,US,Kings' Rest,9,1,1217.3,148891,0,304.0,2026-08-20,0,-1,1208.0,39.0,,
52583,111684,Druid,Guardian,Elune's Chosen,Tank,US,Temple of Sethraliss,2,1,998.2,66298,0,303.0,2026-08-22,0,-1,,,,
52583,111685,Druid,Restoration,Keeper of the Grove,Healer,US,Temple of Sethraliss,2,1,998.2,9885,0,286.0,2026-08-22,0,-1,,,,
52583,111686,Mage,Arcane,Sunfury,DPS,US,Temple of Sethraliss,2,1,998.2,134690,0,303.0,2026-08-22,0,-1,,,,
52583,111687,Monk,Windwalker,Shado-Pan,DPS,US,Temple of Sethraliss,2,1,998.2,131496,0,306.0,2026-08-22,0,-1,,,,
52583,111688,Warrior,Arms,Slayer,DPS,US,Temple of Sethraliss,2,1,998.2,84211,2,279.0,2026-08-22,0,-1,,,,
9033,18048,DeathKnight,Blood,Deathbringer,Tank,EU,Altar of Fangs,11,1,1462.0,96496,0,296.0,2026-08-19,0,-1,1473.0,18.2,,
9033,16214,Paladin,Holy,Herald of the Sun,Healer,EU,Altar of Fangs,11,1,1462.0,26963,2,299.0,2026-08-19,0,-1,1473.0,18.2,,
9033,16215,Rogue,Outlaw,Trickster,DPS,EU,Altar of Fangs,11,1,1462.0,218201,0,293.0,2026-08-19,0,-1,1473.0,18.2,,
9033,16217,Rogue,Assassination,Deathstalker,DPS,EU,Altar of Fangs,11,1,1462.0,169736,1,292.0,2026-08-19,0,-1,1473.0,18.2,,
9033,16216,Warrior,Arms,Slayer,DPS,EU,Altar of Fangs,11,1,1462.0,230119,1,297.0,2026-08-19,0,-1,1473.0,18.2,,
70473,67810,DeathKnight,Blood,San'layn,Tank,CN,The Blinding Vale,13,1,1358.2,173202,0,310.0,2026-08-23,0,-1,1380.0,23.3,,
70473,67811,Paladin,Holy,Lightsmith,Healer,CN,The Blinding Vale,13,1,1358.2,57607,0,307.0,2026-08-23,0,-1,1380.0,23.3,,
70473,45658,Hunter,Survival,Sentinel,DPS,CN,The Blinding Vale,13,1,1358.2,170193,1,305.0,2026-08-23,0,-1,1380.0,23.3,,
70473,67814,Shaman,Elemental,Farseer,DPS,CN,The Blinding Vale,13,1,1358.2,275933,0,311.0,2026-08-23,0,-1,1380.0,23.3,,
70473,140572,Mage,Arcane,Sunfury,DPS,CN,The Blinding Vale,13,1,1358.2,309713,1,311.0,2026-08-23,0,-1,1380.0,23.3,,
2732,664,DeathKnight,Blood,San'layn,Tank,US,Temple of Sethraliss,11,1,1483.8,127988,0,297.0,2026-08-18,0,-1,1495.0,22.1,,2927
2732,665,Shaman,Restoration,Totemic,Healer,US,Temple of Sethraliss,11,1,1483.8,23438,0,295.0,2026-08-18,0,-1,1495.0,22.1,,2833
2732,667,Shaman,Elemental,Farseer,DPS,US,Temple of Sethraliss,11,1,1483.8,192494,0,293.0,2026-08-18,0,-1,1495.0,22.1,,3145
2732,2759,Hunter,BeastMastery,Pack Leader,DPS,US,Temple of Sethraliss,11,1,1483.8,162218,1,293.0,2026-08-18,0,-1,1495.0,22.1,,2810
2732,668,Mage,Arcane,Sunfury,DPS,US,Temple of Sethraliss,11,1,1483.8,156886,3,287.0,2026-08-18,0,-1,1495.0,22.1,,2740
12732,1631,DeathKnight,Blood,San'layn,Tank,US,The Blinding Vale,11,1,1409.0,106363,0,300.0,2026-08-19,0,-1,1420.0,21.1,,
12732,1212,Paladin,Holy,Herald of the Sun,Healer,US,The Blinding Vale,11,1,1409.0,16653,0,303.0,2026-08-19,0,-1,1420.0,21.1,,3098
12732,7929,Mage,Arcane,Sunfury,DPS,US,The Blinding Vale,11,1,1409.0,231942,2,299.0,2026-08-19,0,-1,1420.0,21.1,,
12732,24911,Shaman,Enhancement,Stormbringer,DPS,US,The Blinding Vale,11,1,1409.0,197656,0,298.0,2026-08-19,0,-1,1420.0,21.1,,
12732,6460,Priest,Shadow,Archon,DPS,US,The Blinding Vale,11,1,1409.0,198501,2,296.0,2026-08-19,0,-1,1420.0,21.1,,
50684,58704,Paladin,Protection,Lightsmith,Tank,CN,Voidscar Arena,11,1,1233.7,114882,0,303.0,2026-08-22,0,-1,,,,
50684,79901,Shaman,Restoration,Totemic,Healer,CN,Voidscar Arena,11,1,1233.7,26937,0,310.0,2026-08-22,0,-1,,,,
50684,79903,Mage,Arcane,Sunfury,DPS,CN,Voidscar Arena,11,1,1233.7,236214,1,306.0,2026-08-22,0,-1,,,,
50684,107571,Shaman,Elemental,Farseer,DPS,CN,Voidscar Arena,11,1,1233.7,199445,1,305.0,2026-08-22,0,-1,,,,
50684,107572,Rogue,Assassination,Deathstalker,DPS,CN,Voidscar Arena,11,1,1233.7,166695,2,296.0,2026-08-22,0,-1,,,,
82097,23880,DeathKnight,Blood,Deathbringer,Tank,EU,Den of Nalorakk,13,1,1645.2,96721,0,300.0,2026-08-21,0,-1,1652.0,14.0,,
82097,23881,Shaman,Restoration,Totemic,Healer,EU,Den of Nalorakk,13,1,1645.2,27496,1,306.0,2026-08-21,0,-1,1652.0,14.0,,
82097,15766,Mage,Arcane,Sunfury,DPS,EU,Den of Nalorakk,13,1,1645.2,193705,0,304.0,2026-08-21,0,-1,1652.0,14.0,,
82097,32041,Rogue,Subtlety,Trickster,DPS,EU,Den of Nalorakk,13,1,1645.2,187845,0,303.0,2026-08-21,0,-1,1652.0,14.0,,
82097,90501,DemonHunter,Devourer,Void-Scarred,DPS,EU,Den of Nalorakk,13,1,1645.2,166598,0,306.0,2026-08-21,0,-1,1652.0,14.0,,
40401,77560,DeathKnight,Blood,San'layn,Tank,US,Ruby Life Pools,10,1,1012.7,158475,0,303.0,2026-08-20,0,-1,1004.0,40.2,,
40401,44788,Paladin,Holy,Herald of the Sun,Healer,US,Ruby Life Pools,10,1,1012.7,15628,0,306.0,2026-08-20,0,-1,1004.0,40.2,,
40401,86112,Shaman,Enhancement,Stormbringer,DPS,US,Ruby Life Pools,10,1,1012.7,183333,0,294.0,2026-08-20,0,-1,1004.0,40.2,,
40401,9902,Warrior,Arms,Slayer,DPS,US,Ruby Life Pools,10,1,1012.7,255021,0,307.0,2026-08-20,0,-1,1004.0,40.2,,
40401,41052,Warlock,Affliction,Soul Harvester,DPS,US,Ruby Life Pools,10,1,1012.7,200947,0,296.0,2026-08-20,0,-1,1004.0,40.2,,
5708,6017,DeathKnight,Blood,San'layn,Tank,US,Voidscar Arena,10,1,1183.1,133588,0,298.0,2026-08-19,0,-1,1190.0,33.9,,2741
5708,11517,Shaman,Restoration,Totemic,Healer,US,Voidscar Arena,10,1,1183.1,13667,1,294.0,2026-08-19,0,-1,1190.0,33.9,,
5708,6646,Mage,Arcane,Sunfury,DPS,US,Voidscar Arena,10,1,1183.1,204119,0,297.0,2026-08-19,0,-1,1190.0,33.9,,2845
5708,6020,Hunter,BeastMastery,Pack Leader,DPS,US,Voidscar Arena,10,1,1183.1,175209,1,296.0,2026-08-19,0,-1,1190.0,33.9,,2742
5708,6019,Mage,Arcane,Sunfury,DPS,US,Voidscar Arena,10,1,1183.1,246842,1,304.0,2026-08-19,0,-1,1190.0,33.9,,2737
35062,67681,DeathKnight,Blood,Deathbringer,Tank,CN,Altar of Fangs,11,1,1143.1,118361,0,304.0,2026-08-21,0,-1,1145.0,36.4,,
35062,74169,Evoker,Preservation,Flameshaper,Healer,CN,Altar of Fangs,11,1,1143.1,49793,1,305.0,2026-08-21,0,-1,1145.0,36.4,,
35062,72424,Warrior,Arms,Slayer,DPS,CN,Altar of Fangs,11,1,1143.1,282263,1,310.0,2026-08-21,0,-1,1145.0,36.4,,
35062,74170,Shaman,Elemental,Farseer,DPS,CN,Altar of Fangs,11,1,1143.1,304237,0,308.0,2026-08-21,0,-1,1145.0,36.4,,
35062,70544,Warrior,Arms,Slayer,DPS,CN,Altar of Fangs,11,1,1143.1,259356,0,306.0,2026-08-21,0,-1,1145.0,36.4,,
59320,24710,DemonHunter,Vengeance,Annihilator,Tank,EU,Temple of Sethraliss,10,1,1096.6,99921,0,311.0,2026-08-23,0,-1,1088.0,43.3,,
59320,21056,Priest,Holy,Oracle,Healer,EU,Temple of Sethraliss,10,1,1096.6,45257,0,307.0,2026-08-23,0,-1,1088.0,43.3,,2762
59320,21058,Mage,Arcane,Sunfury,DPS,EU,Temple of Sethraliss,10,1,1096.6,276907,0,309.0,2026-08-23,0,-1,1088.0,43.3,,
59320,126898,DeathKnight,Unholy,Rider of the Apocalypse,DPS,EU,Temple of Sethraliss,10,1,1096.6,183911,0,295.0,2026-08-23,0,-1,1088.0,43.3,,
59320,21059,Evoker,Devastation,Flameshaper,DPS,EU,Temple of Sethraliss,10,1,1096.6,191774,0,301.0,2026-08-23,0,-1,1088.0,43.3,,2682
65307,2924,DeathKnight,Blood,San'layn,Tank,US,Ruby Life Pools,12,1,1286.3,113246,0,295.0,2026-08-21,0,-1,1293.0,23.0,,
65307,65933,Paladin,Holy,Herald of the Sun,Healer,US,Ruby Life Pools,12,1,1286.3,42497,1,303.0,2026-08-21,0,-1,1293.0,23.0,,
65307,1160,Mage,Arcane,Sunfury,DPS,US,Ruby Life Pools,12,1,1286.3,247228,0,307.0,2026-08-21,0,-1,1293.0,23.0,,
65307,2926,Rogue,Subtlety,Deathstalker,DPS,US,Ruby Life Pools,12,1,1286.3,216901,0,303.0,2026-08-21,0,-1,1293.0,23.0,,
65307,55588,Priest,Shadow,Voidweaver,DPS,US,Ruby Life Pools,12,1,1286.3,227364,0,302.0,2026-08-21,0,-1,1293.0,23.0,,
80274,24458,DeathKnight,Blood,San'layn,Tank,EU,Den of Nalorakk,14,1,1526.7,113247,0,314.0,2026-08-22,0,-1,1518.0,20.9,,
80274,49045,Paladin,Holy,Herald of the Sun,Healer,EU,Den of Nalorakk,14,1,1526.7,25864,0,304.0,2026-08-22,0,-1,1518.0,20.9,,
80274,21807,DeathKnight,Unholy,San'layn,DPS,EU,Den of Nalorakk,14,1,1526.7,208587,0,311.0,2026-08-22,0,-1,1518.0,20.9,,
80274,24461,Mage,Arcane,Sunfury,DPS,EU,Den of Nalorakk,14,1,1526.7,258649,0,312.0,2026-08-22,0,-1,1518.0,20.9,,
80274,24460,Warrior,Arms,Slayer,DPS,EU,Den of Nalorakk,14,1,1526.7,221114,0,307.0,2026-08-22,0,-1,1518.0,20.9,,
22159,49262,DeathKnight,Blood,Deathbringer,Tank,US,Voidscar Arena,12,0,1698.1,82123,0,277.0,2026-08-20,0,-1,1825.0,-1.4,,
22159,49263,Shaman,Restoration,Totemic,Healer,US,Voidscar Arena,12,0,1698.1,17212,1,294.0,2026-08-20,0,-1,1825.0,-1.4,,
22159,31964,Paladin,Retribution,Templar,DPS,US,Voidscar Arena,12,0,1698.1,140121,4,292.0,2026-08-20,0,-1,1825.0,-1.4,,
22159,894,Rogue,Subtlety,Deathstalker,DPS,US,Voidscar Arena,12,0,1698.1,163017,2,300.0,2026-08-20,0,-1,1825.0,-1.4,,2872
22159,7041,Priest,Shadow,Voidweaver,DPS,US,Voidscar Arena,12,0,1698.1,162256,3,298.0,2026-08-20,0,-1,1825.0,-1.4,,
80293,40272,DeathKnight,Blood,San'layn,Tank,EU,Kings' Rest,13,1,1662.2,94411,0,291.0,2026-08-21,0,-1,1683.0,15.0,,
80293,73046,Shaman,Restoration,Totemic,Healer,EU,Kings' Rest,13,1,1662.2,21861,0,293.0,2026-08-21,0,-1,1683.0,15.0,,
80293,15786,DemonHunter,Devourer,Annihilator,DPS,EU,Kings' Rest,13,1,1662.2,147720,2,303.0,2026-08-21,0,-1,1683.0,15.0,,
80293,145734,Warrior,Arms,Slayer,DPS,EU,Kings' Rest,13,1,1662.2,136028,0,307.0,2026-08-21,0,-1,1683.0,15.0,,
80293,22389,Mage,Arcane,Sunfury,DPS,EU,Kings' Rest,13,1,1662.2,190627,0,303.0,2026-08-21,0,-1,1683.0,15.0,,
36287,37331,Paladin,Protection,Templar,Tank,US,Kings' Rest,6,1,1049.9,76498,0,305.0,2026-08-21,0,-1,1046.0,47.2,,
36287,71006,Paladin,Holy,Herald of the Sun,Healer,US,Kings' Rest,6,1,1049.9,14843,0,303.0,2026-08-21,0,-1,1046.0,47.2,,
36287,71007,Hunter,BeastMastery,Pack Leader,DPS,US,Kings' Rest,6,1,1049.9,108607,0,295.0,2026-08-21,0,-1,1046.0,47.2,,
36287,10688,DeathKnight,Unholy,Rider of the Apocalypse,DPS,US,Kings' Rest,6,1,1049.9,115985,0,305.0,2026-08-21,0,-1,1046.0,47.2,,
36287,46229,Warrior,Arms,Slayer,DPS,US,Kings' Rest,6,1,1049.9,116648,1,307.0,2026-08-21,0,-1,1046.0,47.2,,
76625,80532,DeathKnight,Blood,San'layn,Tank,EU,Altar of Fangs,15,1,1644.7,140378,0,305.0,2026-08-22,0,-1,1652.0,8.2,,
76625,49752,Paladin,Holy,Herald of the Sun,Healer,EU,Altar of Fangs,15,1,1644.7,29937,1,307.0,2026-08-22,0,-1,1652.0,8.2,,
76625,42858,Hunter,Survival,Pack Leader,DPS,EU,Altar of Fangs,15,1,1644.7,219133,0,304.0,2026-08-22,0,-1,1652.0,8.2,,
76625,42857,Mage,Arcane,Sunfury,DPS,EU,Altar of Fangs,15,1,1644.7,288902,0,313.0,2026-08-22,0,-1,1652.0,8.2,,
76625,48052,Rogue,Assassination,Deathstalker,DPS,EU,Altar of Fangs,15,1,1644.7,341259,0,311.0,2026-08-22,0,-1,1652.0,8.2,,
62206,34539,DeathKnight,Blood,San'layn,Tank,EU,Altar of Fangs,9,1,1108.4,111965,0,306.0,2026-08-23,0,-1,1100.0,38.9,,
62206,129727,Monk,Mistweaver,Conduit of the Celestials,Healer,EU,Altar of Fangs,9,1,1108.4,44000,0,289.0,2026-08-23,0,-1,1100.0,38.9,,
62206,133671,Shaman,Elemental,Farseer,DPS,EU,Altar of Fangs,9,1,1108.4,179666,0,300.0,2026-08-23,0,-1,1100.0,38.9,,
62206,109819,Warrior,Arms,Slayer,DPS,EU,Altar of Fangs,9,1,1108.4,208369,0,301.0,2026-08-23,0,-1,1100.0,38.9,,
62206,84685,DeathKnight,Unholy,San'layn,DPS,EU,Altar of Fangs,9,1,1108.4,275103,0,301.0,2026-08-23,0,-1,1100.0,38.9,,
83355,119679,Druid,Guardian,Elune's Chosen,Tank,US,Murder Row,13,1,1586.6,118169,0,305.0,2026-08-23,0,-1,1608.0,21.2,4,
83355,17600,Paladin,Holy,Herald of the Sun,Healer,US,Murder Row,13,1,1586.6,25610,0,308.0,2026-08-23,0,-1,1608.0,21.2,4,
83355,147304,Druid,Balance,Elune's Chosen,DPS,US,Murder Row,13,1,1586.6,211620,1,295.0,2026-08-23,0,-1,1608.0,21.2,0,
83355,16564,Warrior,Arms,Slayer,DPS,US,Murder Row,13,1,1586.6,239321,0,304.0,2026-08-23,0,-1,1608.0,21.2,0,
83355,17602,Mage,Arcane,Sunfury,DPS,US,Murder Row,13,1,1586.6,216582,1,303.0,2026-08-23,0,-1,1608.0,21.2,0,
19260,5084,DeathKnight,Blood,San'layn,Tank,US,Kings' Rest,4,1,1067.5,68346,0,292.0,2026-08-19,0,-1,1060.0,46.5,,
19260,5085,Monk,Mistweaver,Conduit of the Celestials,Healer,US,Kings' Rest,4,1,1067.5,27064,0,295.0,2026-08-19,0,-1,1060.0,46.5,,
19260,42448,Hunter,BeastMastery,Pack Leader,DPS,US,Kings' Rest,4,1,1067.5,86446,0,290.0,2026-08-19,0,-1,1060.0,46.5,,
19260,42449,DemonHunter,Devourer,Void-Scarred,DPS,US,Kings' Rest,4,1,1067.5,101015,0,291.0,2026-08-19,0,-1,1060.0,46.5,,
19260,5087,Warrior,Fury,Mountain Thane,DPS,US,Kings' Rest,4,1,1067.5,82814,1,302.0,2026-08-19,0,-1,1060.0,46.5,,
45269,3828,Paladin,Protection,Templar,Tank,US,Temple of Sethraliss,5,1,1011.8,91119,0,302.0,2026-08-22,0,-1,,,,3135
45269,95342,Druid,Restoration,Wildstalker,Healer,US,Temple of Sethraliss,5,1,1011.8,2063,0,296.0,2026-08-22,0,-1,,,,
45269,95343,Hunter,BeastMastery,Pack Leader,DPS,US,Temple of Sethraliss,5,1,1011.8,132311,0,297.0,2026-08-22,0,-1,,,,
45269,95177,DemonHunter,Havoc,Fel-Scarred,DPS,US,Temple of Sethraliss,5,1,1011.8,121182,1,290.0,2026-08-22,0,-1,,,,
45269,95179,Warrior,Arms,Slayer,DPS,US,Temple of Sethraliss,5,1,1011.8,136550,0,299.0,2026-08-22,0,-1,,,,
72557,7039,DeathKnight,Blood,San'layn,Tank,US,Murder Row,15,0,2348.6,93323,4,309.0,2026-08-21,0,-1,2520.0,-23.5,,
72557,8286,Shaman,Restoration,Totemic,Healer,US,Murder Row,15,0,2348.6,27750,6,304.0,2026-08-21,0,-1,2520.0,-23.5,,
72557,55792,DeathKnight,Unholy,San'layn,DPS,US,Murder Row,15,0,2348.6,193007,6,304.0,2026-08-21,0,-1,2520.0,-23.5,,
72557,5097,Mage,Arcane,Sunfury,DPS,US,Murder Row,15,0,2348.6,204239,5,310.0,2026-08-21,0,-1,2520.0,-23.5,,3310
72557,74619,Warrior,Fury,Slayer,DPS,US,Murder Row,15,0,2348.6,177683,5,303.0,2026-08-21,0,-1,2520.0,-23.5,,
32560,8031,DeathKnight,Blood,San'layn,Tank,US,Den of Nalorakk,13,1,1632.7,113764,0,305.0,2026-08-20,0,-1,1654.0,13.9,,3176
32560,8032,Priest,Holy,Oracle,Healer,US,Den of Nalorakk,13,1,1632.7,16319,0,303.0,2026-08-20,0,-1,1654.0,13.9,,3121
32560,8033,Warrior,Arms,Slayer,DPS,US,Den of Nalorakk,13,1,1632.7,201477,1,306.0,2026-08-20,0,-1,1654.0,13.9,,3121
32560,5648,Monk,Windwalker,Shado-Pan,DPS,US,Den of Nalorakk,13,1,1632.7,179947,0,308.0,2026-08-20,0,-1,1654.0,13.9,,3021
32560,9263,Shaman,Elemental,Farseer,DPS,US,Den of Nalorakk,13,1,1632.7,202710,0,308.0,2026-08-20,0,-1,1654.0,13.9,,3264
787,2431,DeathKnight,Blood,San'layn,Tank,US,Temple of Sethraliss,10,1,1517.0,90822,0,292.0,2026-08-18,0,-1,1514.0,21.2,,3049
787,2432,Paladin,Holy,Herald of the Sun,Healer,US,Temple of Sethraliss,10,1,1517.0,20380,0,291.0,2026-08-18,0,-1,1514.0,21.2,,
787,2755,DeathKnight,Unholy,San'layn,DPS,US,Temple of Sethraliss,10,1,1517.0,160099,0,292.0,2026-08-18,0,-1,1514.0,21.2,,
787,2433,Warrior,Arms,Slayer,DPS,US,Temple of Sethraliss,10,1,1517.0,181730,0,295.0,2026-08-18,0,-1,1514.0,21.2,,3148
787,2435,Mage,Arcane,Sunfury,DPS,US,Temple of Sethraliss,10,1,1517.0,166222,1,292.0,2026-08-18,0,-1,1514.0,21.2,,3056
20663,45957,DeathKnight,Blood,Deathbringer,Tank,EU,Temple of Sethraliss,2,1,1036.0,77108,0,292.0,2026-08-19,0,-1,1027.0,46.5,,
20663,45958,Paladin,Holy,Herald of the Sun,Healer,EU,Temple of Sethraliss,2,1,1036.0,21536,0,302.0,2026-08-19,0,-1,1027.0,46.5,,
20663,45959,Warrior,Arms,Slayer,DPS,EU,Temple of Sethraliss,2,1,1036.0,111587,0,289.0,2026-08-19,0,-1,1027.0,46.5,,
20663,45960,Warlock,Affliction,Soul Harvester,DPS,EU,Temple of Sethraliss,2,1,1036.0,118340,0,293.0,2026-08-19,0,-1,1027.0,46.5,,
20663,45961,Warrior,Arms,Slayer,DPS,EU,Temple of Sethraliss,2,1,1036.0,75947,1,285.0,2026-08-19,0,-1,1027.0,46.5,,
2721,5936,Monk,Brewmaster,Shado-Pan,Tank,US,Temple of Sethraliss,10,1,1471.2,77191,0,293.0,2026-08-18,0,-1,1488.0,22.5,,
2721,3337,Druid,Restoration,Wildstalker,Healer,US,Temple of Sethraliss,10,1,1471.2,7416,1,297.0,2026-08-18,0,-1,1488.0,22.5,,
2721,3339,DemonHunter,Devourer,Void-Scarred,DPS,US,Temple of Sethraliss,10,1,1471.2,173295,1,293.0,2026-08-18,0,-1,1488.0,22.5,,
2721,1144,Warrior,Arms,Slayer,DPS,US,Temple of Sethraliss,10,1,1471.2,219388,0,297.0,2026-08-18,0,-1,1488.0,22.5,,2963
2721,5937,Mage,Arcane,Sunfury,DPS,US,Temple of Sethraliss,10,1,1471.2,155174,3,288.0,2026-08-18,0,-1,1488.0,22.5,,
83045,104610,DeathKnight,Blood,Deathbringer,Tank,CN,Den of Nalorakk,12,1,1496.5,97160,0,311.0,2026-08-22,0,-1,1503.0,21.7,,
83045,140168,Shaman,Restoration,Totemic,Healer,CN,Den of Nalorakk,12,1,1496.5,32848,1,307.0,2026-08-22,0,-1,1503.0,21.7,,
83045,134615,Mage,Arcane,Sunfury,DPS,CN,Den of Nalorakk,12,1,1496.5,199366,0,306.0,2026-08-22,0,-1,1503.0,21.7,,
83045,134616,Rogue,Assassination,Deathstalker,DPS,CN,Den of Nalorakk,12,1,1496.5,175069,0,305.0,2026-08-22,0,-1,1503.0,21.7,,
83045,73702,Druid,Balance,Elune's Chosen,DPS,CN,Den of Nalorakk,12,1,1496.5,170575,0,301.0,2026-08-22,0,-1,1503.0,21.7,,
28810,7226,Paladin,Protection,Lightsmith,Tank,US,Ruby Life Pools,6,1,841.2,116424,0,301.0,2026-08-22,0,-1,833.0,50.4,,
28810,62660,Priest,Discipline,Oracle,Healer,US,Ruby Life Pools,6,1,841.2,16019,0,294.0,2026-08-22,0,-1,833.0,50.4,,
28810,7227,Warrior,Arms,Slayer,DPS,US,Ruby Life Pools,6,1,841.2,213797,0,301.0,2026-08-22,0,-1,833.0,50.4,,
28810,7229,Shaman,Elemental,Farseer,DPS,US,Ruby Life Pools,6,1,841.2,171070,0,295.0,2026-08-22,0,-1,833.0,50.4,,
28810,62661,DeathKnight,Unholy,Rider of the Apocalypse,DPS,US,Ruby Life Pools,6,1,841.2,171168,0,298.0,2026-08-22,0,-1,833.0,50.4,,
38216,82125,DeathKnight,Blood,San'layn,Tank,CN,Temple of Sethraliss,11,1,1337.4,102269,0,308.0,2026-08-21,0,-1,1339.0,30.3,,
38216,82126,Shaman,Restoration,Farseer,Healer,CN,Temple of Sethraliss,11,1,1337.4,1313,0,293.0,2026-08-21,0,-1,1339.0,30.3,,
38216,82127,Shaman,Elemental,Farseer,DPS,CN,Temple of Sethraliss,11,1,1337.4,209551,2,304.0,2026-08-21,0,-1,1339.0,30.3,,
38216,82128,Shaman,Elemental,Farseer,DPS,CN,Temple of Sethraliss,11,1,1337.4,225522,0,303.0,2026-08-21,0,-1,1339.0,30.3,,
38216,82129,Mage,Arcane,Sunfury,DPS,CN,Temple of Sethraliss,11,1,1337.4,222858,0,301.0,2026-08-21,0,-1,1339.0,30.3,,
59015,126155,DeathKnight,Blood,San'layn,Tank,EU,Ruby Life Pools,2,1,996.2,80158,0,291.0,2026-08-23,0,-1,,,,
59015,126156,Priest,Discipline,Oracle,Healer,EU,Ruby Life Pools,2,1,996.2,9601,1,277.0,2026-08-23,0,-1,,,,
59015,126157,Hunter,Marksmanship,Sentinel,DPS,EU,Ruby Life Pools,2,1,996.2,97266,0,289.0,2026-08-23,0,-1,,,,
59015,126158,Rogue,Outlaw,Trickster,DPS,EU,Ruby Life Pools,2,1,996.2,122171,0,281.0,2026-08-23,0,-1,,,,
59015,126159,DemonHunter,Devourer,Void-Scarred,DPS,EU,Ruby Life Pools,2,1,996.2,103778,0,292.0,2026-08-23,0,-1,,,,
80632,145871,Druid,Guardian,Elune's Chosen,Tank,EU,Voidscar Arena,12,1,1352.3,108504,0,308.0,2026-08-22,0,-1,1376.0,23.5,,
80632,109001,Paladin,Holy,Herald of the Sun,Healer,EU,Voidscar Arena,12,1,1352.3,36529,0,304.0,2026-08-22,0,-1,1376.0,23.5,,
80632,49775,Mage,Arcane,Sunfury,DPS,EU,Voidscar Arena,12,1,1352.3,229847,1,308.0,2026-08-22,0,-1,1376.0,23.5,,
80632,145872,Hunter,BeastMastery,Pack Leader,DPS,EU,Voidscar Arena,12,1,1352.3,222316,0,309.0,2026-08-22,0,-1,1376.0,23.5,,
80632,136251,Warrior,Arms,Slayer,DPS,EU,Voidscar Arena,12,1,1352.3,186794,1,303.0,2026-08-22,0,-1,1376.0,23.5,,
55402,93804,DeathKnight,Blood,San'layn,Tank,EU,Murder Row,10,1,1231.6,94227,0,304.0,2026-08-22,0,-1,,,,
55402,117521,Priest,Discipline,Oracle,Healer,EU,Murder Row,10,1,1231.6,18532,0,300.0,2026-08-22,0,-1,,,,
55402,28788,Druid,Balance,Elune's Chosen,DPS,EU,Murder Row,10,1,1231.6,181338,0,302.0,2026-08-22,0,-1,,,,
55402,76898,DemonHunter,Havoc,Fel-Scarred,DPS,EU,Murder Row,10,1,1231.6,226645,0,301.0,2026-08-22,0,-1,,,,
55402,117522,Warlock,Demonology,Diabolist,DPS,EU,Murder Row,10,1,1231.6,239714,0,308.0,2026-08-22,0,-1,,,,
78612,21208,Paladin,Protection,Lightsmith,Tank,EU,Altar of Fangs,14,1,1630.6,130956,0,308.0,2026-08-22,0,-1,1652.0,8.2,,
78612,20814,Paladin,Holy,Herald of the Sun,Healer,EU,Altar of Fangs,14,1,1630.6,9843,0,307.0,2026-08-22,0,-1,1652.0,8.2,,
78612,66294,Mage,Arcane,Sunfury,DPS,EU,Altar of Fangs,14,1,1630.6,256147,1,308.0,2026-08-22,0,-1,1652.0,8.2,,
78612,20815,Rogue,Outlaw,Trickster,DPS,EU,Altar of Fangs,14,1,1630.6,249618,0,300.0,2026-08-22,0,-1,1652.0,8.2,,
78612,66295,Warrior,Arms,Slayer,DPS,EU,Altar of Fangs,14,1,1630.6,283256,1,305.0,2026-08-22,0,-1,1652.0,8.2,,
55331,21159,Paladin,Protection,Lightsmith,Tank,EU,The Blinding Vale,14,0,1720.2,109608,0,310.0,2026-08-22,0,-1,,,,
55331,115905,Shaman,Restoration,Totemic,Healer,EU,The Blinding Vale,14,0,1720.2,20705,1,299.0,2026-08-22,0,-1,,,,
55331,40672,Rogue,Subtlety,Deathstalker,DPS,EU,The Blinding Vale,14,0,1720.2,229957,1,308.0,2026-08-22,0,-1,,,,
55331,44309,Warrior,Arms,Slayer,DPS,EU,The Blinding Vale,14,0,1720.2,204854,2,298.0,2026-08-22,0,-1,,,,
55331,85260,Mage,Arcane,Sunfury,DPS,EU,The Blinding Vale,14,0,1720.2,234251,3,310.0,2026-08-22,0,-1,,,,
13413,16981,DemonHunter,Vengeance,Annihilator,Tank,EU,Den of Nalorakk,5,1,1077.2,76671,0,292.0,2026-08-19,0,-1,1069.0,44.3,,
13413,16980,Paladin,Holy,Herald of the Sun,Healer,EU,Den of Nalorakk,5,1,1077.2,6809,0,294.0,2026-08-19,0,-1,1069.0,44.3,,
13413,26534,Hunter,BeastMastery,Pack Leader,DPS,EU,Den of Nalorakk,5,1,1077.2,138259,0,297.0,2026-08-19,0,-1,1069.0,44.3,,
13413,16983,Mage,Arcane,Sunfury,DPS,EU,Den of Nalorakk,5,1,1077.2,141252,0,286.0,2026-08-19,0,-1,1069.0,44.3,,
13413,16982,Shaman,Elemental,Farseer,DPS,EU,Den of Nalorakk,5,1,1077.2,184359,0,298.0,2026-08-19,0,-1,1069.0,44.3,,
5899,11545,DeathKnight,Blood,Deathbringer,Tank,US,Den of Nalorakk,11,1,1657.0,86337,0,294.0,2026-08-18,0,-1,1664.0,13.3,,
5899,5444,Shaman,Restoration,Totemic,Healer,US,Den of Nalorakk,11,1,1657.0,25316,0,286.0,2026-08-18,0,-1,1664.0,13.3,,
5899,11548,DemonHunter,Devourer,Void-Scarred,DPS,US,Den of Nalorakk,11,1,1657.0,144773,2,293.0,2026-08-18,0,-1,1664.0,13.3,,
5899,11546,Mage,Arcane,Spellslinger,DPS,US,Den of Nalorakk,11,1,1657.0,160929,0,293.0,2026-08-18,0,-1,1664.0,13.3,,3215
5899,11547,DeathKnight,Unholy,San'layn,DPS,US,Den of Nalorakk,11,1,1657.0,166211,1,294.0,2026-08-18,0,-1,1664.0,13.3,,
78816,12430,DeathKnight,Blood,Deathbringer,Tank,US,Altar of Fangs,14,1,1670.5,125864,0,311.0,2026-08-22,0,-1,1662.0,7.7,,
78816,49414,Shaman,Restoration,Totemic,Healer,US,Altar of Fangs,14,1,1670.5,44893,0,307.0,2026-08-22,0,-1,1662.0,7.7,,
78816,7308,Warrior,Arms,Slayer,DPS,US,Altar of Fangs,14,1,1670.5,235326,0,309.0,2026-08-22,0,-1,1662.0,7.7,,3184
78816,7306,Hunter,BeastMastery,Pack Leader,DPS,US,Altar of Fangs,14,1,1670.5,242192,0,306.0,2026-08-22,0,-1,1662.0,7.7,,
78816,42659,Paladin,Retribution,Herald of the Sun,DPS,US,Altar of Fangs,14,1,1670.5,317370,0,307.0,2026-08-22,0,-1,1662.0,7.7,,
848,275,DeathKnight,Blood,San'layn,Tank,US,The Blinding Vale,11,1,1737.4,104483,0,291.0,2026-08-18,0,-1,1794.0,0.3,,
848,276,Druid,Restoration,Wildstalker,Healer,US,The Blinding Vale,11,1,1737.4,4969,1,292.0,2026-08-18,0,-1,1794.0,0.3,,
848,279,Warlock,Demonology,Diabolist,DPS,US,The Blinding Vale,11,1,1737.4,147038,9,293.0,2026-08-18,0,-1,1794.0,0.3,,
848,278,Monk,Windwalker,Shado-Pan,DPS,US,The Blinding Vale,11,1,1737.4,144581,1,291.0,2026-08-18,0,-1,1794.0,0.3,,
848,277,Mage,Arcane,Sunfury,DPS,US,The Blinding Vale,11,1,1737.4,169084,2,289.0,2026-08-18,0,-1,1794.0,0.3,,
59117,126421,Druid,Guardian,Elune's Chosen,Tank,EU,Altar of Fangs,10,1,1090.3,145087,0,307.0,2026-08-23,0,-1,,,,
59117,64455,Shaman,Restoration,Totemic,Healer,EU,Altar of Fangs,10,1,1090.3,26307,0,313.0,2026-08-23,0,-1,,,,
59117,107272,DemonHunter,Devourer,Void-Scarred,DPS,EU,Altar of Fangs,10,1,1090.3,261788,0,305.0,2026-08-23,0,-1,,,,
59117,89961,Mage,Fire,Sunfury,DPS,EU,Altar of Fangs,10,1,1090.3,277781,0,310.0,2026-08-23,0,-1,,,,
59117,22058,Hunter,BeastMastery,Pack Leader,DPS,EU,Altar of Fangs,10,1,1090.3,225650,0,305.0,2026-08-23,0,-1,,,,
58638,124131,DeathKnight,Blood,San'layn,Tank,CN,Den of Nalorakk,6,1,1094.3,110418,0,304.0,2026-08-23,0,-1,1086.0,43.5,,
58638,125281,Evoker,Preservation,Flameshaper,Healer,CN,Den of Nalorakk,6,1,1094.3,31820,0,290.0,2026-08-23,0,-1,1086.0,43.5,,
58638,125282,DeathKnight,Frost,Deathbringer,DPS,CN,Den of Nalorakk,6,1,1094.3,121739,0,290.0,2026-08-23,0,-1,1086.0,43.5,,
58638,125283,Shaman,Elemental,Farseer,DPS,CN,Den of Nalorakk,6,1,1094.3,100612,0,296.0,2026-08-23,0,-1,1086.0,43.5,,
58638,125284,Warrior,Arms,Slayer,DPS,CN,Den of Nalorakk,6,1,1094.3,104823,0,297.0,2026-08-23,0,-1,1086.0,43.5,,
37408,72333,DeathKnight,Blood,Deathbringer,Tank,EU,Voidscar Arena,10,1,1012.8,111037,0,299.0,2026-08-21,0,-1,1009.0,44.0,,
37408,18488,Druid,Restoration,Wildstalker,Healer,EU,Voidscar Arena,10,1,1012.8,11239,0,303.0,2026-08-21,0,-1,1009.0,44.0,,
37408,72337,Shaman,Elemental,Farseer,DPS,EU,Voidscar Arena,10,1,1012.8,244586,0,307.0,2026-08-21,0,-1,1009.0,44.0,,
37408,72336,Mage,Arcane,Sunfury,DPS,EU,Voidscar Arena,10,1,1012.8,249688,1,310.0,2026-08-21,0,-1,1009.0,44.0,,
37408,37306,DemonHunter,Devourer,Annihilator,DPS,EU,Voidscar Arena,10,1,1012.8,216568,0,306.0,2026-08-21,0,-1,1009.0,44.0,,
62730,134958,DeathKnight,Blood,San'layn,Tank,EU,Voidscar Arena,10,1,1056.5,129997,0,310.0,2026-08-23,0,-1,1073.0,40.4,,
62730,134959,Monk,Mistweaver,Conduit of the Celestials,Healer,EU,Voidscar Arena,10,1,1056.5,47516,1,309.0,2026-08-23,0,-1,1073.0,40.4,,
62730,20249,Mage,Arcane,Sunfury,DPS,EU,Voidscar Arena,10,1,1056.5,222962,1,307.0,2026-08-23,0,-1,1073.0,40.4,,
62730,27179,Shaman,Elemental,Farseer,DPS,EU,Voidscar Arena,10,1,1056.5,212298,2,304.0,2026-08-23,0,-1,1073.0,40.4,,
62730,134960,Rogue,Subtlety,Deathstalker,DPS,EU,Voidscar Arena,10,1,1056.5,192383,1,310.0,2026-08-23,0,-1,1073.0,40.4,,
25517,9070,DeathKnight,Blood,Deathbringer,Tank,US,Voidscar Arena,13,1,1647.9,96696,3,300.0,2026-08-20,0,-1,1729.0,3.9,,
25517,9071,Paladin,Holy,Herald of the Sun,Healer,US,Voidscar Arena,13,1,1647.9,23516,0,300.0,2026-08-20,0,-1,1729.0,3.9,,
25517,52006,Mage,Arcane,Sunfury,DPS,US,Voidscar Arena,13,1,1647.9,198344,1,297.0,2026-08-20,0,-1,1729.0,3.9,,
25517,9072,Warlock,Demonology,Diabolist,DPS,US,Voidscar Arena,13,1,1647.9,220844,0,299.0,2026-08-20,0,-1,1729.0,3.9,,
25517,10265,DeathKnight,Unholy,Rider of the Apocalypse,DPS,US,Voidscar Arena,13,1,1647.9,204444,2,303.0,2026-08-20,0,-1,1729.0,3.9,,
70112,103256,DeathKnight,Blood,San'layn,Tank,CN,The Blinding Vale,13,1,1498.6,153031,0,308.0,2026-08-23,0,-1,1550.0,13.9,,
70112,140316,Shaman,Restoration,Totemic,Healer,CN,The Blinding Vale,13,1,1498.6,45060,1,305.0,2026-08-23,0,-1,1550.0,13.9,,
70112,140317,Hunter,BeastMastery,Pack Leader,DPS,CN,The Blinding Vale,13,1,1498.6,207409,2,302.0,2026-08-23,0,-1,1550.0,13.9,,
70112,103258,DemonHunter,Devourer,Void-Scarred,DPS,CN,The Blinding Vale,13,1,1498.6,185080,1,309.0,2026-08-23,0,-1,1550.0,13.9,,
70112,65153,Warrior,Arms,Slayer,DPS,CN,The Blinding Vale,13,1,1498.6,254589,0,312.0,2026-08-23,0,-1,1550.0,13.9,,
24539,54418,Paladin,Protection,Templar,Tank,US,Murder Row,8,1,1108.1,63717,0,300.0,2026-08-22,0,-1,1100.0,46.1,,
24539,54419,Monk,Mistweaver,Conduit of the Celestials,Healer,US,Murder Row,8,1,1108.1,27958,0,301.0,2026-08-22,0,-1,1100.0,46.1,,
24539,54420,Mage,Arcane,Sunfury,DPS,US,Murder Row,8,1,1108.1,186123,0,309.0,2026-08-22,0,-1,1100.0,46.1,,
24539,3310,Mage,Arcane,Sunfury,DPS,US,Murder Row,8,1,1108.1,247048,0,312.0,2026-08-22,0,-1,1100.0,46.1,,2776
24539,6033,Warrior,Arms,Slayer,DPS,US,Murder Row,8,1,1108.1,208108,0,306.0,2026-08-22,0,-1,1100.0,46.1,,
78906,8546,DeathKnight,Blood,San'layn,Tank,US,Temple of Sethraliss,15,1,1789.6,141436,0,310.0,2026-08-22,0,-1,1901.0,1.0,,3215
78906,63935,Paladin,Holy,Herald of the Sun,Healer,US,Temple of Sethraliss,15,1,1789.6,22234,1,313.0,2026-08-22,0,-1,1901.0,1.0,,
78906,19849,Hunter,Marksmanship,Sentinel,DPS,US,Temple of Sethraliss,15,1,1789.6,241802,2,306.0,2026-08-22,0,-1,1901.0,1.0,,
78906,1523,Monk,Windwalker,Shado-Pan,DPS,US,Temple of Sethraliss,15,1,1789.6,222760,3,312.0,2026-08-22,0,-1,1901.0,1.0,,
78906,3528,Warrior,Fury,Slayer,DPS,US,Temple of Sethraliss,15,1,1789.6,229410,2,302.0,2026-08-22,0,-1,1901.0,1.0,,3251
23653,52142,Druid,Guardian,Elune's Chosen,Tank,EU,Murder Row,6,1,1216.7,66193,0,297.0,2026-08-20,0,-1,1208.0,40.8,,
23653,52143,Paladin,Holy,Herald of the Sun,Healer,EU,Murder Row,6,1,1216.7,22758,0,290.0,2026-08-20,0,-1,1208.0,40.8,,
23653,52144,DeathKnight,Unholy,Rider of the Apocalypse,DPS,EU,Murder Row,6,1,1216.7,130192,0,293.0,2026-08-20,0,-1,1208.0,40.8,,
23653,52145,Paladin,Retribution,Templar,DPS,EU,Murder Row,6,1,1216.7,135210,0,293.0,2026-08-20,0,-1,1208.0,40.8,,
23653,52146,Mage,Arcane,Sunfury,DPS,EU,Murder Row,6,1,1216.7,144450,0,278.0,2026-08-20,0,-1,1208.0,40.8,,
37123,79964,DeathKnight,Blood,San'layn,Tank,CN,Murder Row,2,1,1191.4,73174,0,300.0,2026-08-22,0,-1,,,,
37123,79965,Druid,Restoration,Wildstalker,Healer,CN,Murder Row,2,1,1191.4,528,0,291.0,2026-08-22,0,-1,,,,
37123,71230,Mage,Arcane,Sunfury,DPS,CN,Murder Row,2,1,1191.4,175671,0,308.0,2026-08-22,0,-1,,,,
37123,75979,Mage,Fire,Sunfury,DPS,CN,Murder Row,2,1,1191.4,34844,1,259.0,2026-08-22,0,-1,,,,
37123,79966,Hunter,BeastMastery,Pack Leader,DPS,CN,Murder Row,2,1,1191.4,72284,0,282.0,2026-08-22,0,-1,,,,
50460,107098,Warrior,Protection,Mountain Thane,Tank,EU,Voidscar Arena,11,1,1256.5,120392,0,305.0,2026-08-22,0,-1,,,,
50460,107099,Evoker,Preservation,Flameshaper,Healer,EU,Voidscar Arena,11,1,1256.5,26133,0,305.0,2026-08-22,0,-1,,,,
50460,107100,Warlock,Demonology,Diabolist,DPS,EU,Voidscar Arena,11,1,1256.5,192577,0,305.0,2026-08-22,0,-1,,,,
50460,83275,Rogue,Subtlety,Deathstalker,DPS,EU,Voidscar Arena,11,1,1256.5,207199,0,308.0,2026-08-22,0,-1,,,,
50460,28864,Druid,Balance,Elune's Chosen,DPS,EU,Voidscar Arena,11,1,1256.5,202000,0,311.0,2026-08-22,0,-1,,,,
74344,20348,DeathKnight,Blood,San'layn,Tank,EU,Altar of Fangs,14,1,1690.6,173546,0,311.0,2026-08-21,0,-1,1757.0,2.4,,
74344,83720,Paladin,Holy,Herald of the Sun,Healer,EU,Altar of Fangs,14,1,1690.6,12725,3,304.0,2026-08-21,0,-1,1757.0,2.4,,
74344,20238,Mage,Arcane,Sunfury,DPS,EU,Altar of Fangs,14,1,1690.6,274686,0,308.0,2026-08-21,0,-1,1757.0,2.4,,
74344,68727,Warrior,Arms,Slayer,DPS,EU,Altar of Fangs,14,1,1690.6,240651,2,307.0,2026-08-21,0,-1,1757.0,2.4,,
74344,22592,DemonHunter,Devourer,Annihilator,DPS,EU,Altar of Fangs,14,1,1690.6,257098,0,304.0,2026-08-21,0,-1,1757.0,2.4,,
73257,28719,Druid,Guardian,Elune's Chosen,Tank,EU,Den of Nalorakk,14,1,1858.8,96649,0,307.0,2026-08-22,0,-1,,,,
73257,109305,Priest,Holy,Archon,Healer,EU,Den of Nalorakk,14,1,1858.8,12825,0,303.0,2026-08-22,0,-1,,,,
73257,28722,Priest,Shadow,Archon,DPS,EU,Den of Nalorakk,14,1,1858.8,177234,0,301.0,2026-08-22,0,-1,,,,
73257,21048,DeathKnight,Unholy,Rider of the Apocalypse,DPS,EU,Den of Nalorakk,14,1,1858.8,177035,0,302.0,2026-08-22,0,-1,,,,
73257,71363,Mage,Arcane,Sunfury,DPS,EU,Den of Nalorakk,14,1,1858.8,208822,1,303.0,2026-08-22,0,-1,,,,
31437,67611,Paladin,Protection,Lightsmith,Tank,EU,Ruby Life Pools,11,1,1077.2,109078,0,302.0,2026-08-21,0,-1,1083.0,35.5,,
31437,63351,Shaman,Restoration,Totemic,Healer,EU,Ruby Life Pools,11,1,1077.2,25403,1,308.0,2026-08-21,0,-1,1083.0,35.5,,
31437,67612,Rogue,Outlaw,Trickster,DPS,EU,Ruby Life Pools,11,1,1077.2,231314,0,296.0,2026-08-21,0,-1,1083.0,35.5,,
31437,67613,Mage,Arcane,Sunfury,DPS,EU,Ruby Life Pools,11,1,1077.2,255506,1,296.0,2026-08-21,0,-1,1083.0,35.5,,
31437,16738,Warrior,Arms,Slayer,DPS,EU,Ruby Life Pools,11,1,1077.2,238456,1,305.0,2026-08-21,0,-1,1083.0,35.5,,
45274,51954,Paladin,Protection,Lightsmith,Tank,EU,Ruby Life Pools,13,1,1528.3,101404,0,308.0,2026-08-22,0,-1,,,,
45274,79347,Shaman,Restoration,Totemic,Healer,EU,Ruby Life Pools,13,1,1528.3,33627,0,305.0,2026-08-22,0,-1,,,,
45274,95349,DeathKnight,Unholy,Rider of the Apocalypse,DPS,EU,Ruby Life Pools,13,1,1528.3,153023,0,306.0,2026-08-22,0,-1,,,,
45274,19526,Hunter,BeastMastery,Pack Leader,DPS,EU,Ruby Life Pools,13,1,1528.3,186847,0,307.0,2026-08-22,0,-1,,,,
45274,95350,Warrior,Arms,Slayer,DPS,EU,Ruby Life Pools,13,1,1528.3,213187,0,307.0,2026-08-22,0,-1,,,,
70544,14577,DeathKnight,Blood,San'layn,Tank,EU,Temple of Sethraliss,15,1,1603.3,143967,0,310.0,2026-08-23,0,-1,1624.0,15.4,,3144
70544,25228,Shaman,Restoration,Totemic,Healer,EU,Temple of Sethraliss,15,1,1603.3,29936,2,307.0,2026-08-23,0,-1,1624.0,15.4,,
70544,84370,DemonHunter,Devourer,Annihilator,DPS,EU,Temple of Sethraliss,15,1,1603.3,237744,0,311.0,2026-08-23,0,-1,1624.0,15.4,,
70544,20855,Paladin,Retribution,Herald of the Sun,DPS,EU,Temple of Sethraliss,15,1,1603.3,275667,0,311.0,2026-08-23,0,-1,1624.0,15.4,,
70544,67029,Mage,Arcane,Sunfury,DPS,EU,Temple of Sethraliss,15,1,1603.3,244642,0,309.0,2026-08-23,0,-1,1624.0,15.4,,
30897,47373,DeathKnight,Blood,San'layn,Tank,EU,The Blinding Vale,12,1,1448.5,112254,0,299.0,2026-08-21,0,-1,1485.0,17.5,,
30897,18549,Paladin,Holy,Herald of the Sun,Healer,EU,The Blinding Vale,12,1,1448.5,29600,1,306.0,2026-08-21,0,-1,1485.0,17.5,,
30897,66167,Shaman,Elemental,Farseer,DPS,EU,The Blinding Vale,12,1,1448.5,199650,0,296.0,2026-08-21,0,-1,1485.0,17.5,,
30897,39860,Warrior,Arms,Slayer,DPS,EU,The Blinding Vale,12,1,1448.5,235285,0,310.0,2026-08-21,0,-1,1485.0,17.5,,
30897,66168,Evoker,Devastation,Scalecommander,DPS,EU,The Blinding Vale,12,1,1448.5,191198,2,308.0,2026-08-21,0,-1,1485.0,17.5,,
169,225,DeathKnight,Blood,San'layn,Tank,US,Temple of Sethraliss,11,1,1712.5,74482,0,287.0,2026-08-18,0,-1,1734.0,9.7,,2544
169,762,Paladin,Holy,Lightsmith,Healer,US,Temple of Sethraliss,11,1,1712.5,7839,5,275.0,2026-08-18,0,-1,1734.0,9.7,,
169,763,DemonHunter,Devourer,Annihilator,DPS,US,Temple of Sethraliss,11,1,1712.5,195493,0,293.0,2026-08-18,0,-1,1734.0,9.7,,2784
169,228,Paladin,Retribution,Herald of the Sun,DPS,US,Temple of Sethraliss,11,1,1712.5,162809,0,292.0,2026-08-18,0,-1,1734.0,9.7,,2780
169,229,Mage,Arcane,Sunfury,DPS,US,Temple of Sethraliss,11,1,1712.5,168919,1,292.0,2026-08-18,0,-1,1734.0,9.7,,2831
30338,65239,Paladin,Protection,Templar,Tank,EU,Voidscar Arena,2,1,974.4,52505,0,293.0,2026-08-22,0,-1,,,,
30338,65240,Shaman,Restoration,Totemic,Healer,EU,Voidscar Arena,2,1,974.4,22068,0,262.0,2026-08-22,0,-1,,,,
30338,65241,Rogue,Subtlety,Deathstalker,DPS,EU,Voidscar Arena,2,1,974.4,102982,0,289.0,2026-08-22,0,-1,,,,
30338,65242,Mage,Arcane,Sunfury,DPS,EU,Voidscar Arena,2,1,974.4,103852,0,288.0,2026-08-22,0,-1,,,,
30338,65243,Warlock,Affliction,Soul Harvester,DPS,EU,Voidscar Arena,2,1,974.4,99451,0,301.0,2026-08-22,0,-1,,,,
1386,774,DeathKnight,Blood,Deathbringer,Tank,US,Murder Row,11,1,1787.8,108705,1,293.0,2026-08-19,0,-1,1834.0,10.1,,2676
1386,3721,Evoker,Preservation,Flameshaper,Healer,US,Murder Row,11,1,1787.8,18488,2,295.0,2026-08-19,0,-1,1834.0,10.1,,
1386,778,DeathKnight,Unholy,Rider of the Apocalypse,DPS,US,Murder Row,11,1,1787.8,194553,2,293.0,2026-08-19,0,-1,1834.0,10.1,,
1386,776,DemonHunter,Havoc,Fel-Scarred,DPS,US,Murder Row,11,1,1787.8,165403,3,290.0,2026-08-19,0,-1,1834.0,10.1,,
1386,777,Priest,Shadow,Voidweaver,DPS,US,Murder Row,11,1,1787.8,171580,3,292.0,2026-08-19,0,-1,1834.0,10.1,,
42646,19733,DeathKnight,Blood,Deathbringer,Tank,US,Murder Row,14,0,2029.4,110567,2,303.0,2026-08-22,0,-1,2156.0,-5.7,,
42646,19734,Paladin,Holy,Herald of the Sun,Healer,US,Murder Row,14,0,2029.4,5735,5,303.0,2026-08-22,0,-1,2156.0,-5.7,,
42646,19735,DemonHunter,Devourer,Void-Scarred,DPS,US,Murder Row,14,0,2029.4,182250,5,305.0,2026-08-22,0,-1,2156.0,-5.7,,
42646,71657,Warlock,Demonology,Diabolist,DPS,US,Murder Row,14,0,2029.4,198436,4,303.0,2026-08-22,0,-1,2156.0,-5.7,,
42646,19736,Mage,Arcane,Sunfury,DPS,US,Murder Row,14,0,2029.4,211031,4,310.0,2026-08-22,0,-1,2156.0,-5.7,,
56572,120255,DeathKnight,Blood,Deathbringer,Tank,US,Den of Nalorakk,2,1,1025.4,67973,0,293.0,2026-08-22,0,-1,,,,
56572,120256,Priest,Holy,Oracle,Healer,US,Den of Nalorakk,2,1,1025.4,11757,0,272.0,2026-08-22,0,-1,,,,
56572,120257,Mage,Arcane,Sunfury,DPS,US,Den of Nalorakk,2,1,1025.4,121713,0,299.0,2026-08-22,0,-1,,,,
56572,120258,Warlock,Demonology,Diabolist,DPS,US,Den of Nalorakk,2,1,1025.4,42875,0,281.0,2026-08-22,0,-1,,,,
56572,113613,Hunter,Marksmanship,Sentinel,DPS,US,Den of Nalorakk,2,1,1025.4,129157,0,303.0,2026-08-22,0,-1,,,,
72840,73972,Warrior,Protection,Mountain Thane,Tank,EU,Kings' Rest,2,1,1121.7,71447,0,305.0,2026-08-23,0,-1,,,,
72840,141997,Shaman,Restoration,Totemic,Healer,EU,Kings' Rest,2,1,1121.7,14246,0,285.0,2026-08-23,0,-1,,,,
72840,141998,Warrior,Arms,Slayer,DPS,EU,Kings' Rest,2,1,1121.7,85256,0,284.0,2026-08-23,0,-1,,,,
72840,141999,Hunter,BeastMastery,Pack Leader,DPS,EU,Kings' Rest,2,1,1121.7,76151,0,279.0,2026-08-23,0,-1,,,,
72840,142000,Mage,Frost,Frostfire,DPS,EU,Kings' Rest,2,1,1121.7,73044,0,290.0,2026-08-23,0,-1,,,,
55163,117014,Paladin,Protection,Lightsmith,Tank,US,Kings' Rest,2,1,1175.8,47143,0,283.0,2026-08-19,0,-1,,,,
55163,117015,Paladin,Holy,Herald of the Sun,Healer,US,Kings' Rest,2,1,1175.8,5762,0,266.0,2026-08-19,0,-1,,,,
55163,117016,Warlock,Demonology,Diabolist,DPS,US,Kings' Rest,2,1,1175.8,76183,0,284.0,2026-08-19,0,-1,,,,
55163,117017,Paladin,Retribution,Templar,DPS,US,Kings' Rest,2,1,1175.8,86082,0,289.0,2026-08-19,0,-1,,,,
55163,54342,Warrior,Arms,Slayer,DPS,US,Kings' Rest,2,1,1175.8,86575,0,287.0,2026-08-19,0,-1,,,,
42134,75496,DeathKnight,Blood,San'layn,Tank,US,Den of Nalorakk,14,1,1897.2,81802,0,299.0,2026-08-22,0,-1,1904.0,0.8,,
42134,89063,Shaman,Restoration,Totemic,Healer,US,Den of Nalorakk,14,1,1897.2,19566,0,308.0,2026-08-22,0,-1,1904.0,0.8,,
42134,75497,Rogue,Subtlety,Trickster,DPS,US,Den of Nalorakk,14,1,1897.2,183344,0,306.0,2026-08-22,0,-1,1904.0,0.8,,
42134,75498,Hunter,Marksmanship,Sentinel,DPS,US,Den of Nalorakk,14,1,1897.2,137038,1,303.0,2026-08-22,0,-1,1904.0,0.8,,
42134,6550,Warrior,Arms,Slayer,DPS,US,Den of Nalorakk,14,1,1897.2,201091,0,307.0,2026-08-22,0,-1,1904.0,0.8,,3300
15124,5579,Paladin,Protection,Templar,Tank,US,Altar of Fangs,2,1,968.4,63724,0,294.0,2026-08-19,0,-1,960.0,46.7,,
15124,31695,Priest,Discipline,Voidweaver,Healer,US,Altar of Fangs,2,1,968.4,14211,1,264.0,2026-08-19,0,-1,960.0,46.7,,
15124,5583,Warlock,Destruction,Diabolist,DPS,US,Altar of Fangs,2,1,968.4,118360,0,288.0,2026-08-19,0,-1,960.0,46.7,,
15124,5582,Druid,Balance,Elune's Chosen,DPS,US,Altar of Fangs,2,1,968.4,129679,0,296.0,2026-08-19,0,-1,960.0,46.7,,
15124,31696,Rogue,Subtlety,Trickster,DPS,US,Altar of Fangs,2,1,968.4,161894,0,294.0,2026-08-19,0,-1,960.0,46.7,,
8342,12858,DemonHunter,Vengeance,Annihilator,Tank,EU,Murder Row,11,1,1518.8,129605,0,297.0,2026-08-19,0,-1,1520.0,25.5,,
8342,17173,Paladin,Holy,Herald of the Sun,Healer,EU,Murder Row,11,1,1518.8,37858,1,289.0,2026-08-19,0,-1,1520.0,25.5,,
8342,12860,DeathKnight,Frost,Rider of the Apocalypse,DPS,EU,Murder Row,11,1,1518.8,189166,0,291.0,2026-08-19,0,-1,1520.0,25.5,,
8342,12861,Mage,Arcane,Sunfury,DPS,EU,Murder Row,11,1,1518.8,192232,1,294.0,2026-08-19,0,-1,1520.0,25.5,,
8342,17174,Mage,Arcane,Sunfury,DPS,EU,Murder Row,11,1,1518.8,198584,0,297.0,2026-08-19,0,-1,1520.0,25.5,,
41782,88462,Druid,Guardian,Elune's Chosen,Tank,EU,Kings' Rest,10,1,1224.3,71321,0,296.0,2026-08-20,0,-1,1226.0,38.1,,
41782,45172,Evoker,Preservation,Flameshaper,Healer,EU,Kings' Rest,10,1,1224.3,30489,0,302.0,2026-08-20,0,-1,1226.0,38.1,,
41782,66798,Druid,Balance,Elune's Chosen,DPS,EU,Kings' Rest,10,1,1224.3,174324,0,301.0,2026-08-20,0,-1,1226.0,38.1,,
41782,88463,Rogue,Assassination,Deathstalker,DPS,EU,Kings' Rest,10,1,1224.3,149511,2,293.0,2026-08-20,0,-1,1226.0,38.1,,
41782,20803,DemonHunter,Devourer,Annihilator,DPS,EU,Kings' Rest,10,1,1224.3,161742,0,301.0,2026-08-20,0,-1,1226.0,38.1,,
48084,19628,Druid,Guardian,Elune's Chosen,Tank,EU,Temple of Sethraliss,14,1,1798.5,112170,0,307.0,2026-08-22,0,-1,,,,
48084,98301,Shaman,Restoration,Totemic,Healer,EU,Temple of Sethraliss,14,1,1798.5,21663,0,303.0,2026-08-22,0,-1,,,,
48084,33071,Warrior,Arms,Slayer,DPS,EU,Temple of Sethraliss,14,1,1798.5,254724,1,313.0,2026-08-22,0,-1,,,,
48084,33070,Monk,Windwalker,Shado-Pan,DPS,EU,Temple of Sethraliss,14,1,1798.5,220510,1,312.0,2026-08-22,0,-1,,,,
48084,47780,DemonHunter,Devourer,Void-Scarred,DPS,EU,Temple of Sethraliss,14,1,1798.5,184576,3,300.0,2026-08-22,0,-1,,,,
66894,1957,DemonHunter,Vengeance,Annihilator,Tank,US,Den of Nalorakk,14,1,1733.2,109200,0,305.0,2026-08-21,0,-1,1784.0,7.1,,3158
66894,38901,Shaman,Restoration,Totemic,Healer,US,Den of Nalorakk,14,1,1733.2,30609,1,304.0,2026-08-21,0,-1,1784.0,7.1,,
66894,1958,Monk,Windwalker,Shado-Pan,DPS,US,Den of Nalorakk,14,1,1733.2,190876,0,311.0,2026-08-21,0,-1,1784.0,7.1,,2946
66894,1960,Paladin,Retribution,Templar,DPS,US,Den of Nalorakk,14,1,1733.2,197432,2,310.0,2026-08-21,0,-1,1784.0,7.1,,3205
66894,1959,Monk,Windwalker,Shado-Pan,DPS,US,Den of Nalorakk,14,1,1733.2,184531,1,301.0,2026-08-21,0,-1,1784.0,7.1,,3106
44988,94299,DeathKnight,Blood,San'layn,Tank,KR,Murder Row,10,1,1206.0,131076,0,309.0,2026-08-22,0,-1,,,,
44988,94300,Paladin,Holy,Lightsmith,Healer,KR,Murder Row,10,1,1206.0,49619,0,300.0,2026-08-22,0,-1,,,,
44988,91891,Rogue,Outlaw,Trickster,DPS,KR,Murder Row,10,1,1206.0,224567,0,301.0,2026-08-22,0,-1,,,,
44988,94676,Shaman,Elemental,Farseer,DPS,KR,Murder Row,10,1,1206.0,179065,0,306.0,2026-08-22,0,-1,,,,
44988,94677,Warlock,Demonology,Diabolist,DPS,KR,Murder Row,10,1,1206.0,222896,0,305.0,2026-08-22,0,-1,,,,
63027,135675,DemonHunter,Vengeance,Annihilator,Tank,US,Kings' Rest,5,1,1176.2,38245,0,260.0,2026-08-23,0,-1,1167.0,41.0,,
63027,135676,Priest,Holy,Oracle,Healer,US,Kings' Rest,5,1,1176.2,17056,0,294.0,2026-08-23,0,-1,1167.0,41.0,,
63027,135677,Warlock,Demonology,Diabolist,DPS,US,Kings' Rest,5,1,1176.2,109629,0,296.0,2026-08-23,0,-1,1167.0,41.0,,
63027,89837,Rogue,Assassination,Deathstalker,DPS,US,Kings' Rest,5,1,1176.2,122109,0,297.0,2026-08-23,0,-1,1167.0,41.0,,
63027,135678,Shaman,Elemental,Farseer,DPS,US,Kings' Rest,5,1,1176.2,76379,0,287.0,2026-08-23,0,-1,1167.0,41.0,,
13323,26242,Druid,Guardian,Elune's Chosen,Tank,EU,Murder Row,2,1,1186.0,55859,0,293.0,2026-08-19,0,-1,1178.0,42.3,,
13323,26243,Paladin,Holy,Herald of the Sun,Healer,EU,Murder Row,2,1,1186.0,16121,0,297.0,2026-08-19,0,-1,1178.0,42.3,,
13323,26244,DeathKnight,Unholy,San'layn,DPS,EU,Murder Row,2,1,1186.0,75834,0,293.0,2026-08-19,0,-1,1178.0,42.3,,
13323,26245,Warlock,Affliction,Soul Harvester,DPS,EU,Murder Row,2,1,1186.0,84980,0,292.0,2026-08-19,0,-1,1178.0,42.3,,
13323,26246,Shaman,Enhancement,Stormbringer,DPS,EU,Murder Row,2,1,1186.0,124434,0,294.0,2026-08-19,0,-1,1178.0,42.3,,
37717,58220,Paladin,Protection,Lightsmith,Tank,EU,Ruby Life Pools,11,1,1095.7,134004,0,301.0,2026-08-21,0,-1,1087.0,35.3,,
37717,72770,Shaman,Restoration,Totemic,Healer,EU,Ruby Life Pools,11,1,1095.7,43973,0,304.0,2026-08-21,0,-1,1087.0,35.3,,
37717,28851,Warlock,Demonology,Diabolist,DPS,EU,Ruby Life Pools,11,1,1095.7,234731,0,301.0,2026-08-21,0,-1,1087.0,35.3,,
37717,58221,Warrior,Arms,Slayer,DPS,EU,Ruby Life Pools,11,1,1095.7,246640,0,302.0,2026-08-21,0,-1,1087.0,35.3,,
37717,77815,DeathKnight,Unholy,San'layn,DPS,EU,Ruby Life Pools,11,1,1095.7,264154,0,309.0,2026-08-21,0,-1,1087.0,35.3,,
11554,6186,DeathKnight,Blood,San'layn,Tank,US,Murder Row,12,1,1816.1,80765,0,296.0,2026-08-19,0,-1,1852.0,9.2,,3206
11554,1714,Shaman,Restoration,Totemic,Healer,US,Murder Row,12,1,1816.1,21711,0,299.0,2026-08-19,0,-1,1852.0,9.2,,2871
11554,5296,DemonHunter,Devourer,Annihilator,DPS,US,Murder Row,12,1,1816.1,178627,2,302.0,2026-08-19,0,-1,1852.0,9.2,,
11554,1715,Warlock,Demonology,Diabolist,DPS,US,Murder Row,12,1,1816.1,211084,0,298.0,2026-08-19,0,-1,1852.0,9.2,,2858
11554,5225,Druid,Balance,Elune's Chosen,DPS,US,Murder Row,12,1,1816.1,150759,1,309.0,2026-08-19,0,-1,1852.0,9.2,,
23401,23478,DeathKnight,Blood,San'layn,Tank,EU,Den of Nalorakk,11,1,1547.7,95929,0,294.0,2026-08-19,0,-1,1560.0,18.8,,
23401,23479,Shaman,Restoration,Totemic,Healer,EU,Den of Nalorakk,11,1,1547.7,25618,1,295.0,2026-08-19,0,-1,1560.0,18.8,,
23401,23480,Hunter,BeastMastery,Pack Leader,DPS,EU,Den of Nalorakk,11,1,1547.7,138549,1,296.0,2026-08-19,0,-1,1560.0,18.8,,
23401,23482,DemonHunter,Havoc,Fel-Scarred,DPS,EU,Den of Nalorakk,11,1,1547.7,167998,1,295.0,2026-08-19,0,-1,1560.0,18.8,,
23401,23481,Paladin,Retribution,Templar,DPS,EU,Den of Nalorakk,11,1,1547.7,165582,1,299.0,2026-08-19,0,-1,1560.0,18.8,,
64433,22417,Druid,Guardian,Elune's Chosen,Tank,EU,Ruby Life Pools,13,1,1421.5,132945,1,304.0,2026-08-20,0,-1,1458.0,13.2,,
64433,36385,Shaman,Restoration,Totemic,Healer,EU,Ruby Life Pools,13,1,1421.5,27863,0,304.0,2026-08-20,0,-1,1458.0,13.2,,
64433,65324,Rogue,Assassination,Deathstalker,DPS,EU,Ruby Life Pools,13,1,1421.5,203380,1,304.0,2026-08-20,0,-1,1458.0,13.2,,
64433,65326,Warrior,Arms,Slayer,DPS,EU,Ruby Life Pools,13,1,1421.5,256579,0,305.0,2026-08-20,0,-1,1458.0,13.2,,
64433,65325,Monk,Windwalker,Shado-Pan,DPS,EU,Ruby Life Pools,13,1,1421.5,235881,1,293.0,2026-08-20,0,-1,1458.0,13.2,,
16680,36592,Paladin,Protection,Templar,Tank,US,Murder Row,2,1,1069.9,59248,0,291.0,2026-08-19,0,-1,1062.0,48.0,,
16680,36593,Priest,Discipline,Oracle,Healer,US,Murder Row,2,1,1069.9,10866,0,286.0,2026-08-19,0,-1,1062.0,48.0,,
16680,36594,Shaman,Elemental,Farseer,DPS,US,Murder Row,2,1,1069.9,124472,0,296.0,2026-08-19,0,-1,1062.0,48.0,,
16680,36595,Mage,Arcane,Spellslinger,DPS,US,Murder Row,2,1,1069.9,115058,0,298.0,2026-08-19,0,-1,1062.0,48.0,,
16680,36596,Mage,Arcane,Sunfury,DPS,US,Murder Row,2,1,1069.9,98998,0,281.0,2026-08-19,0,-1,1062.0,48.0,,
68008,138908,DeathKnight,Blood,San'layn,Tank,EU,Voidscar Arena,12,1,1376.0,102556,0,308.0,2026-08-23,0,-1,1382.0,23.2,,
68008,138909,Shaman,Restoration,Totemic,Healer,EU,Voidscar Arena,12,1,1376.0,32354,0,304.0,2026-08-23,0,-1,1382.0,23.2,,
68008,134992,DeathKnight,Unholy,San'layn,DPS,EU,Voidscar Arena,12,1,1376.0,233071,1,306.0,2026-08-23,0,-1,1382.0,23.2,,
68008,63592,DemonHunter,Devourer,Annihilator,DPS,EU,Voidscar Arena,12,1,1376.0,190125,0,303.0,2026-08-23,0,-1,1382.0,23.2,,
68008,138910,Druid,Balance,Elune's Chosen,DPS,EU,Voidscar Arena,12,1,1376.0,199251,0,306.0,2026-08-23,0,-1,1382.0,23.2,,
81014,79119,DeathKnight,Blood,San'layn,Tank,EU,Voidscar Arena,14,1,1532.9,127495,0,307.0,2026-08-23,0,-1,1570.0,12.8,,
81014,67226,Shaman,Restoration,Totemic,Healer,EU,Voidscar Arena,14,1,1532.9,34296,1,310.0,2026-08-23,0,-1,1570.0,12.8,,
81014,13086,Warrior,Arms,Slayer,DPS,EU,Voidscar Arena,14,1,1532.9,231960,2,303.0,2026-08-23,0,-1,1570.0,12.8,,
81014,73212,DemonHunter,Devourer,Annihilator,DPS,EU,Voidscar Arena,14,1,1532.9,230241,0,307.0,2026-08-23,0,-1,1570.0,12.8,,
81014,51704,Mage,Arcane,Sunfury,DPS,EU,Voidscar Arena,14,1,1532.9,204701,0,312.0,2026-08-23,0,-1,1570.0,12.8,,
80206,18119,DeathKnight,Blood,San'layn,Tank,EU,Den of Nalorakk,15,1,1834.9,116121,0,302.0,2026-08-22,0,-1,1857.0,3.3,,
80206,62257,Shaman,Restoration,Totemic,Healer,EU,Den of Nalorakk,15,1,1834.9,33329,0,307.0,2026-08-22,0,-1,1857.0,3.3,,
80206,67950,DemonHunter,Havoc,Fel-Scarred,DPS,EU,Den of Nalorakk,15,1,1834.9,182341,0,309.0,2026-08-22,0,-1,1857.0,3.3,,
80206,76861,Monk,Windwalker,Shado-Pan,DPS,EU,Den of Nalorakk,15,1,1834.9,181709,0,308.0,2026-08-22,0,-1,1857.0,3.3,,
80206,44742,Shaman,Elemental,Farseer,DPS,EU,Den of Nalorakk,15,1,1834.9,218880,2,308.0,2026-08-22,0,-1,1857.0,3.3,,
18521,41004,Paladin,Protection,Lightsmith,Tank,US,The Blinding Vale,4,1,1008.3,63871,0,289.0,2026-08-19,0,-1,999.0,44.5,,
18521,41005,Evoker,Preservation,Flameshaper,Healer,US,The Blinding Vale,4,1,1008.3,21560,0,291.0,2026-08-19,0,-1,999.0,44.5,,
18521,41006,Mage,Arcane,Sunfury,DPS,US,The Blinding Vale,4,1,1008.3,154344,0,293.0,2026-08-19,0,-1,999.0,44.5,,
18521,41007,Warlock,Demonology,Diabolist,DPS,US,The Blinding Vale,4,1,1008.3,125433,0,291.0,2026-08-19,0,-1,999.0,44.5,,
18521,41008,Paladin,Retribution,Templar,DPS,US,The Blinding Vale,4,1,1008.3,136067,0,289.0,2026-08-19,0,-1,999.0,44.5,,
200,880,Druid,Guardian,Elune's Chosen,Tank,US,Ruby Life Pools,11,1,1439.3,131082,0,298.0,2026-08-18,0,-1,1446.0,13.9,,3046
200,881,Shaman,Restoration,Totemic,Healer,US,Ruby Life Pools,11,1,1439.3,37976,1,295.0,2026-08-18,0,-1,1446.0,13.9,,
200,882,Warrior,Arms,Slayer,DPS,US,Ruby Life Pools,11,1,1439.3,148638,1,286.0,2026-08-18,0,-1,1446.0,13.9,,2811
200,883,DemonHunter,Devourer,Void-Scarred,DPS,US,Ruby Life Pools,11,1,1439.3,190490,1,295.0,2026-08-18,0,-1,1446.0,13.9,,
200,884,DemonHunter,Devourer,Annihilator,DPS,US,Ruby Life Pools,11,1,1439.3,165830,0,289.0,2026-08-18,0,-1,1446.0,13.9,,
6165,12525,DeathKnight,Blood,San'layn,Tank,US,Den of Nalorakk,11,1,1349.1,87368,0,298.0,2026-08-19,0,-1,1340.0,30.2,,
6165,5567,Shaman,Restoration,Totemic,Healer,US,Den of Nalorakk,11,1,1349.1,21324,0,297.0,2026-08-19,0,-1,1340.0,30.2,,
6165,12526,DemonHunter,Devourer,Void-Scarred,DPS,US,Den of Nalorakk,11,1,1349.1,209164,0,301.0,2026-08-19,0,-1,1340.0,30.2,,
6165,12527,Rogue,Subtlety,Deathstalker,DPS,US,Den of Nalorakk,11,1,1349.1,211705,0,299.0,2026-08-19,0,-1,1340.0,30.2,,
6165,12528,Warrior,Arms,Slayer,DPS,US,Den of Nalorakk,11,1,1349.1,185850,0,303.0,2026-08-19,0,-1,1340.0,30.2,,
8335,14841,Druid,Guardian,Unknown,Tank,EU,The Blinding Vale,11,1,1460.5,122258,0,293.0,2026-08-19,0,-1,1467.0,18.5,,
8335,14842,Evoker,Preservation,Unknown,Healer,EU,The Blinding Vale,11,1,1460.5,28678,0,296.0,2026-08-19,0,-1,1467.0,18.5,,2676
8335,14843,Mage,Arcane,Unknown,DPS,EU,The Blinding Vale,11,1,1460.5,211641,2,293.0,2026-08-19,0,-1,1467.0,18.5,,
8335,14844,DemonHunter,Devourer,Unknown,DPS,EU,The Blinding Vale,11,1,1460.5,281387,0,296.0,2026-08-19,0,-1,1467.0,18.5,,2798
8335,14845,Hunter,Marksmanship,Unknown,DPS,EU,The Blinding Vale,11,1,1460.5,224199,1,294.0,2026-08-19,0,-1,1467.0,18.5,,
51510,53483,DemonHunter,Vengeance,Annihilator,Tank,US,Voidscar Arena,9,1,927.4,165380,0,305.0,2026-08-22,0,-1,944.0,47.6,,
51510,109441,Evoker,Preservation,Flameshaper,Healer,US,Voidscar Arena,9,1,927.4,28076,2,298.0,2026-08-22,0,-1,944.0,47.6,,
51510,2878,DeathKnight,Unholy,Rider of the Apocalypse,DPS,US,Voidscar Arena,9,1,927.4,190336,1,301.0,2026-08-22,0,-1,944.0,47.6,,
51510,38505,Warrior,Fury,Slayer,DPS,US,Voidscar Arena,9,1,927.4,191866,1,303.0,2026-08-22,0,-1,944.0,47.6,,
51510,24835,Druid,Balance,Elune's Chosen,DPS,US,Voidscar Arena,9,1,927.4,174689,1,301.0,2026-08-22,0,-1,944.0,47.6,,
82161,79245,DeathKnight,Blood,San'layn,Tank,CN,Den of Nalorakk,14,1,1585.9,119242,1,307.0,2026-08-22,0,-1,1712.0,10.8,,
82161,47183,Shaman,Restoration,Totemic,Healer,CN,Den of Nalorakk,14,1,1585.9,28415,1,302.0,2026-08-22,0,-1,1712.0,10.8,,
82161,47186,Mage,Arcane,Sunfury,DPS,CN,Den of Nalorakk,14,1,1585.9,263507,1,307.0,2026-08-22,0,-1,1712.0,10.8,,
82161,47185,Rogue,Subtlety,Deathstalker,DPS,CN,Den of Nalorakk,14,1,1585.9,257062,2,306.0,2026-08-22,0,-1,1712.0,10.8,,
82161,103524,Warrior,Arms,Slayer,DPS,CN,Den of Nalorakk,14,1,1585.9,169539,4,304.0,2026-08-22,0,-1,1712.0,10.8,,
38041,12726,Paladin,Protection,Templar,Tank,EU,Kings' Rest,11,1,1364.7,94245,0,304.0,2026-08-21,0,-1,1361.0,31.3,,
38041,81822,Druid,Restoration,Wildstalker,Healer,EU,Kings' Rest,11,1,1364.7,18860,0,297.0,2026-08-21,0,-1,1361.0,31.3,,
38041,81823,Hunter,Marksmanship,Sentinel,DPS,EU,Kings' Rest,11,1,1364.7,177093,1,304.0,2026-08-21,0,-1,1361.0,31.3,,
38041,81824,Warrior,Arms,Slayer,DPS,EU,Kings' Rest,11,1,1364.7,135131,0,296.0,2026-08-21,0,-1,1361.0,31.3,,
38041,14276,Paladin,Retribution,Templar,DPS,EU,Kings' Rest,11,1,1364.7,165266,0,301.0,2026-08-21,0,-1,1361.0,31.3,,2716
29608,62973,DeathKnight,Blood,Deathbringer,Tank,KR,Ruby Life Pools,12,1,1378.0,98552,0,301.0,2026-08-22,0,-1,,,,
29608,64106,Shaman,Restoration,Totemic,Healer,KR,Ruby Life Pools,12,1,1378.0,26740,0,300.0,2026-08-22,0,-1,,,,
29608,53781,Shaman,Elemental,Farseer,DPS,KR,Ruby Life Pools,12,1,1378.0,203082,0,309.0,2026-08-22,0,-1,,,,
29608,53783,Priest,Shadow,Archon,DPS,KR,Ruby Life Pools,12,1,1378.0,186633,0,308.0,2026-08-22,0,-1,,,,
29608,64107,Rogue,Outlaw,Trickster,DPS,KR,Ruby Life Pools,12,1,1378.0,207487,0,297.0,2026-08-22,0,-1,,,,
56512,75452,Paladin,Protection,Lightsmith,Tank,EU,Altar of Fangs,12,1,1449.1,128185,0,306.0,2026-08-21,0,-1,,,,
56512,71069,Paladin,Holy,Herald of the Sun,Healer,EU,Altar of Fangs,12,1,1449.1,6096,1,307.0,2026-08-21,0,-1,,,,
56512,15992,Shaman,Elemental,Farseer,DPS,EU,Altar of Fangs,12,1,1449.1,235421,0,302.0,2026-08-21,0,-1,,,,
56512,45458,Mage,Arcane,Sunfury,DPS,EU,Altar of Fangs,12,1,1449.1,231969,0,303.0,2026-08-21,0,-1,,,,
56512,43055,DeathKnight,Unholy,San'layn,DPS,EU,Altar of Fangs,12,1,1449.1,273801,0,302.0,2026-08-21,0,-1,,,,
60460,54226,Paladin,Protection,Lightsmith,Tank,KR,Den of Nalorakk,10,1,1196.3,106141,0,309.0,2026-08-23,0,-1,1188.0,38.1,,
60460,128830,Shaman,Restoration,Totemic,Healer,KR,Den of Nalorakk,10,1,1196.3,25486,0,292.0,2026-08-23,0,-1,1188.0,38.1,,
60460,56993,Warlock,Demonology,Diabolist,DPS,KR,Den of Nalorakk,10,1,1196.3,223138,0,306.0,2026-08-23,0,-1,1188.0,38.1,,
60460,77868,Hunter,Marksmanship,Sentinel,DPS,KR,Den of Nalorakk,10,1,1196.3,187936,0,309.0,2026-08-23,0,-1,1188.0,38.1,,
60460,58950,Hunter,BeastMastery,Pack Leader,DPS,KR,Den of Nalorakk,10,1,1196.3,165150,0,307.0,2026-08-23,0,-1,1188.0,38.1,,
10443,20997,DeathKnight,Blood,San'layn,Tank,EU,Ruby Life Pools,11,1,1348.3,101374,0,287.0,2026-08-19,0,-1,1360.0,19.1,,
10443,20998,Monk,Mistweaver,Conduit of the Celestials,Healer,EU,Ruby Life Pools,11,1,1348.3,58207,1,290.0,2026-08-19,0,-1,1360.0,19.1,,
10443,20999,Mage,Arcane,Sunfury,DPS,EU,Ruby Life Pools,11,1,1348.3,171910,2,293.0,2026-08-19,0,-1,1360.0,19.1,,
10443,21000,Monk,Windwalker,Conduit of the Celestials,DPS,EU,Ruby Life Pools,11,1,1348.3,171838,1,293.0,2026-08-19,0,-1,1360.0,19.1,,
10443,15319,Priest,Shadow,Voidweaver,DPS,EU,Ruby Life Pools,11,1,1348.3,194984,0,294.0,2026-08-19,0,-1,1360.0,19.1,,
39617,8722,DeathKnight,Blood,San'layn,Tank,US,The Blinding Vale,13,1,1599.3,133411,0,306.0,2026-08-21,0,-1,1636.0,9.1,,
39617,84741,Priest,Holy,Oracle,Healer,US,The Blinding Vale,13,1,1599.3,20293,0,306.0,2026-08-21,0,-1,1636.0,9.1,,
39617,84742,Warrior,Arms,Slayer,DPS,US,The Blinding Vale,13,1,1599.3,180057,1,295.0,2026-08-21,0,-1,1636.0,9.1,,
39617,57548,Shaman,Elemental,Farseer,DPS,US,The Blinding Vale,13,1,1599.3,251904,1,311.0,2026-08-21,0,-1,1636.0,9.1,,
39617,84743,Mage,Arcane,Sunfury,DPS,US,The Blinding Vale,13,1,1599.3,230132,1,305.0,2026-08-21,0,-1,1636.0,9.1,,
63588,16912,DeathKnight,Blood,San'layn,Tank,EU,Den of Nalorakk,14,1,1800.9,122496,0,301.0,2026-08-22,0,-1,,,,
63588,16913,Shaman,Restoration,Totemic,Healer,EU,Den of Nalorakk,14,1,1800.9,28026,1,305.0,2026-08-22,0,-1,,,,
63588,136481,Druid,Balance,Elune's Chosen,DPS,EU,Den of Nalorakk,14,1,1800.9,151640,3,302.0,2026-08-22,0,-1,,,,
63588,48220,DemonHunter,Devourer,Void-Scarred,DPS,EU,Den of Nalorakk,14,1,1800.9,189871,1,305.0,2026-08-22,0,-1,,,,
63588,108462,DeathKnight,Unholy,San'layn,DPS,EU,Den of Nalorakk,14,1,1800.9,198237,0,302.0,2026-08-22,0,-1,,,,
69959,71420,Druid,Guardian,Elune's Chosen,Tank,CN,Voidscar Arena,12,1,1262.0,128681,0,303.0,2026-08-22,0,-1,1268.0,29.6,,
69959,109337,Priest,Holy,Oracle,Healer,CN,Voidscar Arena,12,1,1262.0,572,0,309.0,2026-08-22,0,-1,1268.0,29.6,,
69959,41585,Mage,Arcane,Sunfury,DPS,CN,Voidscar Arena,12,1,1262.0,308126,0,304.0,2026-08-22,0,-1,1268.0,29.6,,
69959,43524,Warrior,Arms,Slayer,DPS,CN,Voidscar Arena,12,1,1262.0,201623,0,312.0,2026-08-22,0,-1,1268.0,29.6,,
69959,105433,DemonHunter,Havoc,Fel-Scarred,DPS,CN,Voidscar Arena,12,1,1262.0,215237,0,302.0,2026-08-22,0,-1,1268.0,29.6,,
43890,12785,DeathKnight,Blood,Deathbringer,Tank,EU,Murder Row,11,1,1369.4,139018,0,302.0,2026-08-22,0,-1,,,,2768
43890,13101,Shaman,Restoration,Totemic,Healer,EU,Murder Row,11,1,1369.4,26504,0,301.0,2026-08-22,0,-1,,,,2953
43890,13102,Evoker,Devastation,Scalecommander,DPS,EU,Murder Row,11,1,1369.4,235999,0,307.0,2026-08-22,0,-1,,,,2968
43890,37361,Warrior,Arms,Slayer,DPS,EU,Murder Row,11,1,1369.4,174535,3,304.0,2026-08-22,0,-1,,,,
43890,91818,Mage,Fire,Sunfury,DPS,EU,Murder Row,11,1,1369.4,185865,0,299.0,2026-08-22,0,-1,,,,
72761,3824,Druid,Guardian,Elune's Chosen,Tank,US,Kings' Rest,15,1,1667.2,101472,0,310.0,2026-08-23,0,-1,1688.0,14.7,,
72761,22427,Shaman,Restoration,Totemic,Healer,US,Kings' Rest,15,1,1667.2,28119,0,304.0,2026-08-23,0,-1,1688.0,14.7,,
72761,1959,Monk,Windwalker,Shado-Pan,DPS,US,Kings' Rest,15,1,1667.2,196317,0,307.0,2026-08-23,0,-1,1688.0,14.7,,3106
72761,58623,Warrior,Arms,Slayer,DPS,US,Kings' Rest,15,1,1667.2,194846,2,307.0,2026-08-23,0,-1,1688.0,14.7,,
72761,7756,DeathKnight,Unholy,San'layn,DPS,US,Kings' Rest,15,1,1667.2,183550,0,308.0,2026-08-23,0,-1,1688.0,14.7,,
48195,81201,DeathKnight,Blood,San'layn,Tank,EU,Temple of Sethraliss,10,1,1139.1,92116,0,293.0,2026-08-22,0,-1,,,,
48195,81202,Paladin,Holy,Herald of the Sun,Healer,EU,Temple of Sethraliss,10,1,1139.1,11372,1,292.0,2026-08-22,0,-1,,,,
48195,101921,Shaman,Elemental,Farseer,DPS,EU,Temple of Sethraliss,10,1,1139.1,215557,1,305.0,2026-08-22,0,-1,,,,
48195,20968,Rogue,Subtlety,Trickster,DPS,EU,Temple of Sethraliss,10,1,1139.1,239574,0,304.0,2026-08-22,0,-1,,,,
48195,101922,DemonHunter,Devourer,Void-Scarred,DPS,EU,Temple of Sethraliss,10,1,1139.1,207396,0,304.0,2026-08-22,0,-1,,,,
58027,123515,Warrior,Protection,Mountain Thane,Tank,KR,Voidscar Arena,8,1,984.2,117166,0,297.0,2026-08-23,0,-1,981.0,45.5,,
58027,99022,Paladin,Holy,Herald of the Sun,Healer,KR,Voidscar Arena,8,1,984.2,11871,0,300.0,2026-08-23,0,-1,981.0,45.5,,
58027,123518,DeathKnight,Frost,Deathbringer,DPS,KR,Voidscar Arena,8,1,984.2,207274,0,300.0,2026-08-23,0,-1,981.0,45.5,,
58027,63179,Mage,Arcane,Sunfury,DPS,KR,Voidscar Arena,8,1,984.2,200160,0,306.0,2026-08-23,0,-1,981.0,45.5,,
58027,123718,Evoker,Devastation,Scalecommander,DPS,KR,Voidscar Arena,8,1,984.2,208962,1,302.0,2026-08-23,0,-1,981.0,45.5,,
52169,56016,DeathKnight,Blood,San'layn,Tank,EU,Altar of Fangs,10,1,1092.9,165750,0,300.0,2026-08-22,0,-1,,,,
52169,13518,Evoker,Preservation,Flameshaper,Healer,EU,Altar of Fangs,10,1,1092.9,51640,0,303.0,2026-08-22,0,-1,,,,
52169,109857,DeathKnight,Frost,Deathbringer,DPS,EU,Altar of Fangs,10,1,1092.9,220676,0,298.0,2026-08-22,0,-1,,,,
52169,13517,Druid,Balance,Elune's Chosen,DPS,EU,Altar of Fangs,10,1,1092.9,271275,0,307.0,2026-08-22,0,-1,,,,2711
52169,109856,Warrior,Arms,Slayer,DPS,EU,Altar of Fangs,10,1,1092.9,227131,0,296.0,2026-08-22,0,-1,,,,
11764,23478,DeathKnight,Blood,San'layn,Tank,EU,Voidscar Arena,11,1,1439.5,98629,0,294.0,2026-08-19,0,-1,1481.0,17.7,,
11764,23479,Shaman,Restoration,Totemic,Healer,EU,Voidscar Arena,11,1,1439.5,22637,3,295.0,2026-08-19,0,-1,1481.0,17.7,,
11764,23480,Hunter,BeastMastery,Pack Leader,DPS,EU,Voidscar Arena,11,1,1439.5,131832,6,293.0,2026-08-19,0,-1,1481.0,17.7,,
11764,23481,Paladin,Retribution,Templar,DPS,EU,Voidscar Arena,11,1,1439.5,185755,1,299.0,2026-08-19,0,-1,1481.0,17.7,,
11764,23482,DemonHunter,Havoc,Fel-Scarred,DPS,EU,Voidscar Arena,11,1,1439.5,194568,0,295.0,2026-08-19,0,-1,1481.0,17.7,,
26119,16524,Paladin,Protection,Lightsmith,Tank,EU,Altar of Fangs,13,1,1679.6,132136,1,303.0,2026-08-20,0,-1,1776.0,1.3,,
26119,16525,Paladin,Holy,Herald of the Sun,Healer,EU,Altar of Fangs,13,1,1679.6,52656,1,310.0,2026-08-20,0,-1,1776.0,1.3,,
26119,16527,Warrior,Arms,Slayer,DPS,EU,Altar of Fangs,13,1,1679.6,257241,2,307.0,2026-08-20,0,-1,1776.0,1.3,,
26119,23156,DemonHunter,Devourer,Void-Scarred,DPS,EU,Altar of Fangs,13,1,1679.6,207118,1,305.0,2026-08-20,0,-1,1776.0,1.3,,
26119,57940,Druid,Balance,Elune's Chosen,DPS,EU,Altar of Fangs,13,1,1679.6,232184,2,297.0,2026-08-20,0,-1,1776.0,1.3,,
23309,6603,DeathKnight,Blood,San'layn,Tank,US,Ruby Life Pools,10,1,1092.3,142518,2,299.0,2026-08-19,0,-1,1114.0,33.7,,2770
23309,10252,Shaman,Restoration,Totemic,Healer,US,Ruby Life Pools,10,1,1092.3,29230,1,295.0,2026-08-19,0,-1,1114.0,33.7,,2794
23309,15452,Hunter,Marksmanship,Sentinel,DPS,US,Ruby Life Pools,10,1,1092.3,212724,1,297.0,2026-08-19,0,-1,1114.0,33.7,,
23309,10253,Evoker,Devastation,Scalecommander,DPS,US,Ruby Life Pools,10,1,1092.3,237289,1,303.0,2026-08-19,0,-1,1114.0,33.7,,2675
23309,6605,Paladin,Retribution,Herald of the Sun,DPS,US,Ruby Life Pools,10,1,1092.3,249185,1,302.0,2026-08-19,0,-1,1114.0,33.7,,2748
85571,150906,DeathKnight,Blood,San'layn,Tank,EU,The Blinding Vale,10,1,953.7,140928,0,300.0,2026-08-23,0,-1,980.0,45.6,0,
85571,118720,Evoker,Preservation,Flameshaper,Healer,EU,The Blinding Vale,10,1,953.7,54364,2,298.0,2026-08-23,0,-1,980.0,45.6,0,
85571,15835,Druid,Balance,Elune's Chosen,DPS,EU,The Blinding Vale,10,1,953.7,226529,2,312.0,2026-08-23,0,-1,980.0,45.6,4,
85571,61733,Mage,Arcane,Sunfury,DPS,EU,The Blinding Vale,10,1,953.7,257075,0,309.0,2026-08-23,0,-1,980.0,45.6,4,
85571,118767,Rogue,Assassination,Deathstalker,DPS,EU,The Blinding Vale,10,1,953.7,233402,3,304.0,2026-08-23,0,-1,980.0,45.6,4,
41263,18920,DeathKnight,Blood,San'layn,Tank,EU,The Blinding Vale,13,1,1620.5,138165,0,302.0,2026-08-20,0,-1,1657.0,8.0,,
41263,18921,Paladin,Holy,Herald of the Sun,Healer,EU,The Blinding Vale,13,1,1620.5,21511,1,300.0,2026-08-20,0,-1,1657.0,8.0,,
41263,71389,DeathKnight,Unholy,Rider of the Apocalypse,DPS,EU,The Blinding Vale,13,1,1620.5,218604,0,301.0,2026-08-20,0,-1,1657.0,8.0,,
41263,87580,Rogue,Assassination,Deathstalker,DPS,EU,The Blinding Vale,13,1,1620.5,233938,1,306.0,2026-08-20,0,-1,1657.0,8.0,,
41263,43481,Shaman,Elemental,Farseer,DPS,EU,The Blinding Vale,13,1,1620.5,183379,1,299.0,2026-08-20,0,-1,1657.0,8.0,,
12110,1245,DemonHunter,Vengeance,Annihilator,Tank,US,Altar of Fangs,10,1,1162.3,123470,0,296.0,2026-08-19,0,-1,1154.0,35.9,,2686
12110,1246,Evoker,Preservation,Chronowarden,Healer,US,Altar of Fangs,10,1,1162.3,31780,0,297.0,2026-08-19,0,-1,1154.0,35.9,,2700
12110,17277,Warrior,Arms,Slayer,DPS,US,Altar of Fangs,10,1,1162.3,260836,0,304.0,2026-08-19,0,-1,1154.0,35.9,,2712
12110,5986,Rogue,Assassination,Deathstalker,DPS,US,Altar of Fangs,10,1,1162.3,227127,0,303.0,2026-08-19,0,-1,1154.0,35.9,,
12110,2054,Shaman,Elemental,Farseer,DPS,US,Altar of Fangs,10,1,1162.3,263096,0,300.0,2026-08-19,0,-1,1154.0,35.9,,2680
48467,102511,DemonHunter,Vengeance,Annihilator,Tank,EU,Ruby Life Pools,6,1,904.4,84766,0,281.0,2026-08-22,0,-1,,,,
48467,102512,Priest,Discipline,Oracle,Healer,EU,Ruby Life Pools,6,1,904.4,15001,0,295.0,2026-08-22,0,-1,,,,
48467,102513,Paladin,Retribution,Templar,DPS,EU,Ruby Life Pools,6,1,904.4,210829,1,305.0,2026-08-22,0,-1,,,,
48467,34643,Druid,Balance,Elune's Chosen,DPS,EU,Ruby Life Pools,6,1,904.4,160367,0,300.0,2026-08-22,0,-1,,,,
48467,102514,Shaman,Enhancement,Stormbringer,DPS,EU,Ruby Life Pools,6,1,904.4,147489,0,276.0,2026-08-22,0,-1,,,,
33482,40570,DeathKnight,Blood,San'layn,Tank,EU,Den of Nalorakk,11,1,1408.5,108908,0,302.0,2026-08-20,0,-1,1400.0,27.1,,
33482,40571,Paladin,Holy,Herald of the Sun,Healer,EU,Den of Nalorakk,11,1,1408.5,20405,0,305.0,2026-08-20,0,-1,1400.0,27.1,,
33482,72494,DemonHunter,Devourer,Annihilator,DPS,EU,Den of Nalorakk,11,1,1408.5,163117,0,290.0,2026-08-20,0,-1,1400.0,27.1,,
33482,25443,Mage,Arcane,Sunfury,DPS,EU,Den of Nalorakk,11,1,1408.5,156012,0,295.0,2026-08-20,0,-1,1400.0,27.1,,
33482,40573,Warrior,Arms,Slayer,DPS,EU,Den of Nalorakk,11,1,1408.5,196750,0,305.0,2026-08-20,0,-1,1400.0,27.1,,
31319,67279,Druid,Guardian,Elune's Chosen,Tank,US,Voidscar Arena,5,1,899.1,110247,0,300.0,2026-08-22,0,-1,890.0,50.5,,
31319,67280,Shaman,Restoration,Totemic,Healer,US,Voidscar Arena,5,1,899.1,27511,0,293.0,2026-08-22,0,-1,890.0,50.5,,
31319,67281,Warrior,Arms,Slayer,DPS,US,Voidscar Arena,5,1,899.1,137760,1,294.0,2026-08-22,0,-1,890.0,50.5,,
31319,67282,Rogue,Assassination,Deathstalker,DPS,US,Voidscar Arena,5,1,899.1,144247,0,293.0,2026-08-22,0,-1,890.0,50.5,,
31319,67283,DeathKnight,Unholy,Rider of the Apocalypse,DPS,US,Voidscar Arena,5,1,899.1,112091,0,293.0,2026-08-22,0,-1,890.0,50.5,,
38590,82786,Paladin,Protection,Unknown,Tank,US,Ruby Life Pools,8,1,931.1,105060,0,301.0,2026-08-20,0,-1,937.0,44.2,,
38590,82787,Monk,Mistweaver,Unknown,Healer,US,Ruby Life Pools,8,1,931.1,45853,1,288.0,2026-08-20,0,-1,937.0,44.2,,
38590,4357,Shaman,Elemental,Unknown,DPS,US,Ruby Life Pools,8,1,931.1,225336,1,297.0,2026-08-20,0,-1,937.0,44.2,,
38590,26386,Mage,Arcane,Unknown,DPS,US,Ruby Life Pools,8,1,931.1,215690,0,300.0,2026-08-20,0,-1,937.0,44.2,,
38590,82788,Hunter,BeastMastery,Unknown,DPS,US,Ruby Life Pools,8,1,931.1,185559,1,300.0,2026-08-20,0,-1,937.0,44.2,,
76232,30220,DeathKnight,Blood,San'layn,Tank,EU,Ruby Life Pools,13,1,1316.6,125552,0,312.0,2026-08-22,0,-1,1368.0,18.6,,
76232,50363,Shaman,Restoration,Totemic,Healer,EU,Ruby Life Pools,13,1,1316.6,27772,1,305.0,2026-08-22,0,-1,1368.0,18.6,,
76232,31452,Mage,Arcane,Sunfury,DPS,EU,Ruby Life Pools,13,1,1316.6,241403,2,309.0,2026-08-22,0,-1,1368.0,18.6,,
76232,140691,Hunter,BeastMastery,Pack Leader,DPS,EU,Ruby Life Pools,13,1,1316.6,213875,0,311.0,2026-08-22,0,-1,1368.0,18.6,,
76232,68895,Warrior,Arms,Slayer,DPS,EU,Ruby Life Pools,13,1,1316.6,207800,1,309.0,2026-08-22,0,-1,1368.0,18.6,,
75588,58205,Paladin,Protection,Lightsmith,Tank,US,Temple of Sethraliss,12,1,1394.0,119793,0,312.0,2026-08-22,0,-1,1416.0,26.3,,
75588,4627,Paladin,Holy,Herald of the Sun,Healer,US,Temple of Sethraliss,12,1,1394.0,11368,2,297.0,2026-08-22,0,-1,1416.0,26.3,,
75588,50248,Warrior,Arms,Slayer,DPS,US,Temple of Sethraliss,12,1,1394.0,238346,0,308.0,2026-08-22,0,-1,1416.0,26.3,,
75588,37116,Mage,Arcane,Sunfury,DPS,US,Temple of Sethraliss,12,1,1394.0,227054,0,305.0,2026-08-22,0,-1,1416.0,26.3,,
75588,7515,Shaman,Elemental,Farseer,DPS,US,Temple of Sethraliss,12,1,1394.0,184167,0,301.0,2026-08-22,0,-1,1416.0,26.3,,
47726,100869,DeathKnight,Blood,San'layn,Tank,EU,Altar of Fangs,10,1,1090.1,140722,0,295.0,2026-08-22,0,-1,,,,
47726,13472,Shaman,Restoration,Totemic,Healer,EU,Altar of Fangs,10,1,1090.1,49252,0,306.0,2026-08-22,0,-1,,,,2885
47726,71981,Evoker,Devastation,Scalecommander,DPS,EU,Altar of Fangs,10,1,1090.1,256062,1,307.0,2026-08-22,0,-1,,,,
47726,100870,Warlock,Demonology,Diabolist,DPS,EU,Altar of Fangs,10,1,1090.1,251708,0,308.0,2026-08-22,0,-1,,,,
47726,100871,Mage,Arcane,Sunfury,DPS,EU,Altar of Fangs,10,1,1090.1,260319,1,309.0,2026-08-22,0,-1,,,,
32997,60730,DeathKnight,Blood,San'layn,Tank,EU,Altar of Fangs,11,1,1299.4,133161,0,303.0,2026-08-21,0,-1,1296.0,28.0,,
32997,60731,Monk,Mistweaver,Conduit of the Celestials,Healer,EU,Altar of Fangs,11,1,1299.4,51556,0,306.0,2026-08-21,0,-1,1296.0,28.0,,
32997,60732,Shaman,Elemental,Farseer,DPS,EU,Altar of Fangs,11,1,1299.4,232386,0,303.0,2026-08-21,0,-1,1296.0,28.0,,
32997,60733,Warrior,Arms,Slayer,DPS,EU,Altar of Fangs,11,1,1299.4,265164,1,308.0,2026-08-21,0,-1,1296.0,28.0,,
32997,71394,Rogue,Assassination,Deathstalker,DPS,EU,Altar of Fangs,11,1,1299.4,212394,0,298.0,2026-08-21,0,-1,1296.0,28.0,,
1784,2889,Druid,Guardian,Elune's Chosen,Tank,US,Temple of Sethraliss,11,1,1571.9,96936,0,295.0,2026-08-19,0,-1,1579.0,17.8,,
1784,2890,Shaman,Restoration,Totemic,Healer,US,Temple of Sethraliss,11,1,1571.9,29918,1,297.0,2026-08-19,0,-1,1579.0,17.8,,
1784,2893,Warrior,Arms,Slayer,DPS,US,Temple of Sethraliss,11,1,1571.9,184572,2,292.0,2026-08-19,0,-1,1579.0,17.8,,
1784,2892,DeathKnight,Unholy,San'layn,DPS,US,Temple of Sethraliss,11,1,1571.9,166782,0,292.0,2026-08-19,0,-1,1579.0,17.8,,
1784,4682,Mage,Arcane,Sunfury,DPS,US,Temple of Sethraliss,11,1,1571.9,163947,0,288.0,2026-08-19,0,-1,1579.0,17.8,,
31667,23041,Paladin,Protection,Lightsmith,Tank,EU,Murder Row,10,1,1192.4,105527,0,305.0,2026-08-21,0,-1,1194.0,41.5,,
31667,21371,Shaman,Restoration,Totemic,Healer,EU,Murder Row,10,1,1192.4,22310,0,304.0,2026-08-21,0,-1,1194.0,41.5,,
31667,24606,Evoker,Devastation,Scalecommander,DPS,EU,Murder Row,10,1,1192.4,214602,1,305.0,2026-08-21,0,-1,1194.0,41.5,,
31667,68211,Hunter,Marksmanship,Sentinel,DPS,EU,Murder Row,10,1,1192.4,198910,0,301.0,2026-08-21,0,-1,1194.0,41.5,,
31667,19086,Mage,Arcane,Sunfury,DPS,EU,Murder Row,10,1,1192.4,252441,1,304.0,2026-08-21,0,-1,1194.0,41.5,,
74412,142911,Warrior,Protection,Mountain Thane,Tank,CN,Murder Row,12,1,1313.6,126636,0,288.0,2026-08-21,0,-1,1305.0,36.0,,
74412,142912,Paladin,Holy,Lightsmith,Healer,CN,Murder Row,12,1,1313.6,34535,0,293.0,2026-08-21,0,-1,1305.0,36.0,,
74412,77814,Shaman,Elemental,Farseer,DPS,CN,Murder Row,12,1,1313.6,241678,0,306.0,2026-08-21,0,-1,1305.0,36.0,,
74412,77812,Mage,Arcane,Sunfury,DPS,CN,Murder Row,12,1,1313.6,256341,0,306.0,2026-08-21,0,-1,1305.0,36.0,,
74412,142913,DemonHunter,Havoc,Fel-Scarred,DPS,CN,Murder Row,12,1,1313.6,250364,0,304.0,2026-08-21,0,-1,1305.0,36.0,,
26872,16204,Monk,Brewmaster,Master of Harmony,Tank,EU,Temple of Sethraliss,9,1,1158.9,102269,0,304.0,2026-08-20,0,-1,1175.0,38.8,,
26872,16205,Paladin,Holy,Lightsmith,Healer,EU,Temple of Sethraliss,9,1,1158.9,38952,1,300.0,2026-08-20,0,-1,1175.0,38.8,,
26872,16207,Warrior,Arms,Slayer,DPS,EU,Temple of Sethraliss,9,1,1158.9,198474,1,308.0,2026-08-20,0,-1,1175.0,38.8,,
26872,52370,Hunter,Marksmanship,Sentinel,DPS,EU,Temple of Sethraliss,9,1,1158.9,187996,2,297.0,2026-08-20,0,-1,1175.0,38.8,,
26872,52371,Shaman,Enhancement,Stormbringer,DPS,EU,Temple of Sethraliss,9,1,1158.9,175862,1,300.0,2026-08-20,0,-1,1175.0,38.8,,
29162,55442,DeathKnight,Blood,San'layn,Tank,EU,Voidscar Arena,10,1,1070.3,131965,0,298.0,2026-08-21,0,-1,1076.0,40.2,,
29162,59057,Priest,Holy,Oracle,Healer,EU,Voidscar Arena,10,1,1070.3,45307,0,292.0,2026-08-21,0,-1,1076.0,40.2,,
29162,15756,Hunter,Marksmanship,Sentinel,DPS,EU,Voidscar Arena,10,1,1070.3,234669,1,308.0,2026-08-21,0,-1,1076.0,40.2,,2709
29162,55445,Mage,Arcane,Sunfury,DPS,EU,Voidscar Arena,10,1,1070.3,246910,0,306.0,2026-08-21,0,-1,1076.0,40.2,,
29162,28145,Druid,Balance,Elune's Chosen,DPS,EU,Voidscar Arena,10,1,1070.3,183354,1,293.0,2026-08-21,0,-1,1076.0,40.2,,
66827,63026,DeathKnight,Blood,San'layn,Tank,CN,Temple of Sethraliss,15,1,1799.1,138483,0,302.0,2026-08-21,0,-1,1821.0,5.2,,
66827,63027,Paladin,Holy,Lightsmith,Healer,CN,Temple of Sethraliss,15,1,1799.1,32974,0,303.0,2026-08-21,0,-1,1821.0,5.2,,
66827,63029,Warrior,Arms,Slayer,DPS,CN,Temple of Sethraliss,15,1,1799.1,227766,1,306.0,2026-08-21,0,-1,1821.0,5.2,,
66827,63028,Mage,Arcane,Sunfury,DPS,CN,Temple of Sethraliss,15,1,1799.1,232970,1,300.0,2026-08-21,0,-1,1821.0,5.2,,
66827,63030,Shaman,Elemental,Farseer,DPS,CN,Temple of Sethraliss,15,1,1799.1,242316,0,305.0,2026-08-21,0,-1,1821.0,5.2,,
49153,104031,Paladin,Protection,Lightsmith,Tank,CN,Altar of Fangs,6,1,1064.9,107341,0,297.0,2026-08-22,0,-1,,,,
49153,104032,Priest,Holy,Oracle,Healer,CN,Altar of Fangs,6,1,1064.9,28067,0,302.0,2026-08-22,0,-1,,,,
49153,104033,Rogue,Assassination,Deathstalker,DPS,CN,Altar of Fangs,6,1,1064.9,186613,0,295.0,2026-08-22,0,-1,,,,
49153,104034,Shaman,Elemental,Farseer,DPS,CN,Altar of Fangs,6,1,1064.9,124427,0,271.0,2026-08-22,0,-1,,,,
49153,104035,Warrior,Arms,Slayer,DPS,CN,Altar of Fangs,6,1,1064.9,166290,0,292.0,2026-08-22,0,-1,,,,
33256,31267,Paladin,Protection,Unknown,Tank,EU,Den of Nalorakk,14,0,1968.8,93633,1,294.0,2026-08-20,0,-1,2080.0,-8.3,,
33256,31268,Shaman,Restoration,Unknown,Healer,EU,Den of Nalorakk,14,0,1968.8,26068,1,302.0,2026-08-20,0,-1,2080.0,-8.3,,
33256,66478,Paladin,Retribution,Unknown,DPS,EU,Den of Nalorakk,14,0,1968.8,203656,2,307.0,2026-08-20,0,-1,2080.0,-8.3,,
33256,71854,Druid,Balance,Unknown,DPS,EU,Den of Nalorakk,14,0,1968.8,159675,3,299.0,2026-08-20,0,-1,2080.0,-8.3,,
33256,31269,DeathKnight,Unholy,Unknown,DPS,EU,Den of Nalorakk,14,0,1968.8,182127,1,297.0,2026-08-20,0,-1,2080.0,-8.3,,
45044,94673,Paladin,Protection,Templar,Tank,EU,Kings' Rest,2,1,1109.9,47399,1,284.0,2026-08-21,0,-1,,,,
45044,58488,Priest,Discipline,Voidweaver,Healer,EU,Kings' Rest,2,1,1109.9,15300,1,295.0,2026-08-21,0,-1,,,,
45044,27897,Warlock,Demonology,Diabolist,DPS,EU,Kings' Rest,2,1,1109.9,110893,1,305.0,2026-08-21,0,-1,,,,
45044,94811,Warlock,Destruction,Diabolist,DPS,EU,Kings' Rest,2,1,1109.9,65746,2,293.0,2026-08-21,0,-1,,,,
45044,94812,Hunter,BeastMastery,Pack Leader,DPS,EU,Kings' Rest,2,1,1109.9,60760,3,293.0,2026-08-21,0,-1,,,,
262,287,Warrior,Protection,Unknown,Tank,US,Murder Row,10,1,1505.2,113452,0,294.0,2026-08-18,0,-1,1506.0,26.2,,
262,288,Paladin,Holy,Unknown,Healer,US,Murder Row,10,1,1505.2,18989,1,292.0,2026-08-18,0,-1,1506.0,26.2,,
262,289,Priest,Shadow,Unknown,DPS,US,Murder Row,10,1,1505.2,160947,0,296.0,2026-08-18,0,-1,1506.0,26.2,,3127
262,290,DeathKnight,Unholy,Unknown,DPS,US,Murder Row,10,1,1505.2,158566,1,295.0,2026-08-18,0,-1,1506.0,26.2,,
262,291,Mage,Arcane,Unknown,DPS,US,Murder Row,10,1,1505.2,164323,0,298.0,2026-08-18,0,-1,1506.0,26.2,,
28377,61936,Druid,Guardian,Elune's Chosen,Tank,EU,Temple of Sethraliss,10,1,1141.6,101702,0,297.0,2026-08-21,0,-1,1138.0,40.7,,
28377,23557,Evoker,Preservation,Flameshaper,Healer,EU,Temple of Sethraliss,10,1,1141.6,43323,0,303.0,2026-08-21,0,-1,1138.0,40.7,,
28377,61937,Warlock,Demonology,Diabolist,DPS,EU,Temple of Sethraliss,10,1,1141.6,196088,1,297.0,2026-08-21,0,-1,1138.0,40.7,,
28377,51816,Rogue,Subtlety,Deathstalker,DPS,EU,Temple of Sethraliss,10,1,1141.6,224905,0,300.0,2026-08-21,0,-1,1138.0,40.7,,
28377,61938,Warrior,Arms,Slayer,DPS,EU,Temple of Sethraliss,10,1,1141.6,223144,0,299.0,2026-08-21,0,-1,1138.0,40.7,,
31911,68525,DeathKnight,Blood,San'layn,Tank,EU,Temple of Sethraliss,13,1,1647.5,100543,0,304.0,2026-08-21,0,-1,1729.0,10.0,,
31911,68772,Monk,Mistweaver,Conduit of the Celestials,Healer,EU,Temple of Sethraliss,13,1,1647.5,34549,1,295.0,2026-08-21,0,-1,1729.0,10.0,,
31911,34589,Mage,Arcane,Sunfury,DPS,EU,Temple of Sethraliss,13,1,1647.5,221866,0,306.0,2026-08-21,0,-1,1729.0,10.0,,
31911,13877,Shaman,Elemental,Farseer,DPS,EU,Temple of Sethraliss,13,1,1647.5,193683,2,305.0,2026-08-21,0,-1,1729.0,10.0,,
31911,21711,Paladin,Retribution,Templar,DPS,EU,Temple of Sethraliss,13,1,1647.5,199531,3,306.0,2026-08-21,0,-1,1729.0,10.0,,
73800,90845,DeathKnight,Blood,San'layn,Tank,EU,Temple of Sethraliss,13,1,1464.7,151385,0,310.0,2026-08-23,0,-1,1471.0,23.4,,
73800,87111,Paladin,Holy,Herald of the Sun,Healer,EU,Temple of Sethraliss,13,1,1464.7,9137,0,309.0,2026-08-23,0,-1,1471.0,23.4,,
73800,58506,Mage,Arcane,Sunfury,DPS,EU,Temple of Sethraliss,13,1,1464.7,210444,0,302.0,2026-08-23,0,-1,1471.0,23.4,,
73800,89477,Hunter,BeastMastery,Pack Leader,DPS,EU,Temple of Sethraliss,13,1,1464.7,215754,1,308.0,2026-08-23,0,-1,1471.0,23.4,,
73800,67388,Druid,Balance,Elune's Chosen,DPS,EU,Temple of Sethraliss,13,1,1464.7,270634,0,310.0,2026-08-23,0,-1,1471.0,23.4,,
61606,107479,Paladin,Protection,Lightsmith,Tank,US,The Blinding Vale,6,1,1058.2,78985,0,304.0,2026-08-23,0,-1,1050.0,41.7,,
61606,132153,Paladin,Holy,Lightsmith,Healer,US,The Blinding Vale,6,1,1058.2,16564,0,297.0,2026-08-23,0,-1,1050.0,41.7,,
61606,44083,Rogue,Subtlety,Trickster,DPS,US,The Blinding Vale,6,1,1058.2,131806,0,299.0,2026-08-23,0,-1,1050.0,41.7,,
61606,74176,DemonHunter,Devourer,Annihilator,DPS,US,The Blinding Vale,6,1,1058.2,183887,0,293.0,2026-08-23,0,-1,1050.0,41.7,,
61606,132154,Mage,Arcane,Sunfury,DPS,US,The Blinding Vale,6,1,1058.2,150435,0,296.0,2026-08-23,0,-1,1050.0,41.7,,
21029,46784,DeathKnight,Blood,San'layn,Tank,EU,The Blinding Vale,11,1,1465.2,109740,0,299.0,2026-08-19,0,-1,1477.0,17.9,,
21029,46785,Priest,Holy,Oracle,Healer,EU,The Blinding Vale,11,1,1465.2,27990,0,286.0,2026-08-19,0,-1,1477.0,17.9,,
21029,46786,DeathKnight,Unholy,Rider of the Apocalypse,DPS,EU,The Blinding Vale,11,1,1465.2,202830,1,293.0,2026-08-19,0,-1,1477.0,17.9,,
21029,46787,Warrior,Arms,Slayer,DPS,EU,The Blinding Vale,11,1,1465.2,149831,2,282.0,2026-08-19,0,-1,1477.0,17.9,,
21029,46788,DemonHunter,Devourer,Annihilator,DPS,EU,The Blinding Vale,11,1,1465.2,240524,0,293.0,2026-08-19,0,-1,1477.0,17.9,,
27266,52648,Druid,Guardian,Elune's Chosen,Tank,EU,Voidscar Arena,10,1,918.9,115531,0,309.0,2026-08-20,0,-1,915.0,49.2,,
27266,50073,Paladin,Holy,Lightsmith,Healer,EU,Voidscar Arena,10,1,918.9,55498,0,306.0,2026-08-20,0,-1,915.0,49.2,,
27266,52649,Mage,Arcane,Sunfury,DPS,EU,Voidscar Arena,10,1,918.9,254403,0,304.0,2026-08-20,0,-1,915.0,49.2,,
27266,52650,Mage,Arcane,Sunfury,DPS,EU,Voidscar Arena,10,1,918.9,265318,1,308.0,2026-08-20,0,-1,915.0,49.2,,
27266,52651,Hunter,BeastMastery,Pack Leader,DPS,EU,Voidscar Arena,10,1,918.9,194186,0,304.0,2026-08-20,0,-1,915.0,49.2,,
22731,1877,Paladin,Protection,Lightsmith,Tank,US,The Blinding Vale,10,1,1222.6,139472,0,292.0,2026-08-19,0,-1,1234.0,31.4,,
22731,50434,Druid,Restoration,Wildstalker,Healer,US,The Blinding Vale,10,1,1222.6,4660,1,293.0,2026-08-19,0,-1,1234.0,31.4,,
22731,50435,Warrior,Arms,Slayer,DPS,US,The Blinding Vale,10,1,1222.6,184098,3,299.0,2026-08-19,0,-1,1234.0,31.4,,
22731,818,Mage,Arcane,Sunfury,DPS,US,The Blinding Vale,10,1,1222.6,234292,0,297.0,2026-08-19,0,-1,1234.0,31.4,,
22731,6541,DeathKnight,Unholy,Rider of the Apocalypse,DPS,US,The Blinding Vale,10,1,1222.6,236952,0,298.0,2026-08-19,0,-1,1234.0,31.4,,
60850,130356,Paladin,Protection,Templar,Tank,US,Den of Nalorakk,2,1,1035.6,34597,0,268.0,2026-08-23,0,-1,,,,
60850,130357,Paladin,Holy,Herald of the Sun,Healer,US,Den of Nalorakk,2,1,1035.6,9854,0,282.0,2026-08-23,0,-1,,,,
60850,36968,Shaman,Elemental,Farseer,DPS,US,Den of Nalorakk,2,1,1035.6,128378,0,307.0,2026-08-23,0,-1,,,,
60850,130358,Paladin,Retribution,Templar,DPS,US,Den of Nalorakk,2,1,1035.6,99602,0,297.0,2026-08-23,0,-1,,,,
60850,130359,Evoker,Devastation,Scalecommander,DPS,US,Den of Nalorakk,2,1,1035.6,82825,0,293.0,2026-08-23,0,-1,,,,
13370,26396,DeathKnight,Blood,Unknown,Tank,EU,Den of Nalorakk,9,1,1377.2,84658,0,293.0,2026-08-19,0,-1,1368.0,28.7,,
13370,26397,Monk,Mistweaver,Unknown,Healer,EU,Den of Nalorakk,9,1,1377.2,24784,0,291.0,2026-08-19,0,-1,1368.0,28.7,,
13370,26398,Mage,Arcane,Unknown,DPS,EU,Den of Nalorakk,9,1,1377.2,147316,0,295.0,2026-08-19,0,-1,1368.0,28.7,,
13370,26399,Warrior,Arms,Unknown,DPS,EU,Den of Nalorakk,9,1,1377.2,111906,0,293.0,2026-08-19,0,-1,1368.0,28.7,,
13370,15399,Warrior,Arms,Unknown,DPS,EU,Den of Nalorakk,9,1,1377.2,146612,0,300.0,2026-08-19,0,-1,1368.0,28.7,,
23675,19657,DeathKnight,Blood,San'layn,Tank,EU,Altar of Fangs,10,1,1084.7,157644,0,302.0,2026-08-22,0,-1,1081.0,39.9,,
23675,16027,Shaman,Restoration,Totemic,Healer,EU,Altar of Fangs,10,1,1084.7,53539,0,311.0,2026-08-22,0,-1,1081.0,39.9,,
23675,25807,DemonHunter,Devourer,Void-Scarred,DPS,EU,Altar of Fangs,10,1,1084.7,246354,0,309.0,2026-08-22,0,-1,1081.0,39.9,,
23675,52217,Warlock,Destruction,Diabolist,DPS,EU,Altar of Fangs,10,1,1084.7,280876,0,309.0,2026-08-22,0,-1,1081.0,39.9,,
23675,24445,Priest,Shadow,Voidweaver,DPS,EU,Altar of Fangs,10,1,1084.7,230100,1,303.0,2026-08-22,0,-1,1081.0,39.9,,
12067,19126,DeathKnight,Blood,San'layn,Tank,EU,Murder Row,11,1,1632.8,98565,1,292.0,2026-08-19,0,-1,1669.0,18.2,,
12067,19127,Monk,Mistweaver,Conduit of the Celestials,Healer,EU,Murder Row,11,1,1632.8,45494,2,294.0,2026-08-19,0,-1,1669.0,18.2,,
12067,19130,Warrior,Arms,Slayer,DPS,EU,Murder Row,11,1,1632.8,182484,2,292.0,2026-08-19,0,-1,1669.0,18.2,,
12067,19129,Shaman,Elemental,Farseer,DPS,EU,Murder Row,11,1,1632.8,185080,2,292.0,2026-08-19,0,-1,1669.0,18.2,,
12067,19128,Hunter,BeastMastery,Pack Leader,DPS,EU,Murder Row,11,1,1632.8,165700,2,296.0,2026-08-19,0,-1,1669.0,18.2,,
59429,127149,DeathKnight,Blood,San'layn,Tank,CN,Temple of Sethraliss,12,1,1485.5,119888,0,310.0,2026-08-23,0,-1,,,,
59429,57372,Paladin,Holy,Lightsmith,Healer,CN,Temple of Sethraliss,12,1,1485.5,36092,0,300.0,2026-08-23,0,-1,,,,
59429,127150,Priest,Shadow,Archon,DPS,CN,Temple of Sethraliss,12,1,1485.5,193986,0,299.0,2026-08-23,0,-1,,,,
59429,127151,Shaman,Elemental,Farseer,DPS,CN,Temple of Sethraliss,12,1,1485.5,240657,0,307.0,2026-08-23,0,-1,,,,
59429,127152,Druid,Balance,Elune's Chosen,DPS,CN,Temple of Sethraliss,12,1,1485.5,155492,1,302.0,2026-08-23,0,-1,,,,
6964,14902,Warrior,Protection,Mountain Thane,Tank,US,Altar of Fangs,10,1,1293.9,163025,0,297.0,2026-08-19,0,-1,1300.0,27.8,,
6964,4274,Evoker,Preservation,Flameshaper,Healer,US,Altar of Fangs,10,1,1293.9,26979,0,294.0,2026-08-19,0,-1,1300.0,27.8,,2702
6964,2828,Warlock,Affliction,Soul Harvester,DPS,US,Altar of Fangs,10,1,1293.9,205044,0,299.0,2026-08-19,0,-1,1300.0,27.8,,2753
6964,2013,Evoker,Devastation,Scalecommander,DPS,US,Altar of Fangs,10,1,1293.9,202136,1,296.0,2026-08-19,0,-1,1300.0,27.8,,2698
6964,2012,Shaman,Elemental,Farseer,DPS,US,Altar of Fangs,10,1,1293.9,226550,2,296.0,2026-08-19,0,-1,1300.0,27.8,,2774
37145,80029,DeathKnight,Blood,San'layn,Tank,CN,Kings' Rest,14,0,2106.6,85779,3,294.0,2026-08-21,0,-1,2233.0,-12.8,,
37145,72569,Paladin,Holy,Lightsmith,Healer,CN,Kings' Rest,14,0,2106.6,34861,1,297.0,2026-08-21,0,-1,2233.0,-12.8,,
37145,80030,Mage,Arcane,Sunfury,DPS,CN,Kings' Rest,14,0,2106.6,154574,2,299.0,2026-08-21,0,-1,2233.0,-12.8,,
37145,44003,Shaman,Elemental,Farseer,DPS,CN,Kings' Rest,14,0,2106.6,150382,4,306.0,2026-08-21,0,-1,2233.0,-12.8,,
37145,44005,Warrior,Arms,Slayer,DPS,CN,Kings' Rest,14,0,2106.6,158592,5,309.0,2026-08-21,0,-1,2233.0,-12.8,,
37979,62057,DeathKnight,Blood,San'layn,Tank,EU,The Blinding Vale,12,1,1408.2,135034,0,297.0,2026-08-21,0,-1,1444.0,19.8,,
37979,21572,Paladin,Holy,Herald of the Sun,Healer,EU,The Blinding Vale,12,1,1408.2,18279,1,295.0,2026-08-21,0,-1,1444.0,19.8,,
37979,14037,Warrior,Arms,Slayer,DPS,EU,The Blinding Vale,12,1,1408.2,247904,0,303.0,2026-08-21,0,-1,1444.0,19.8,,2996
37979,81719,Hunter,BeastMastery,Pack Leader,DPS,EU,The Blinding Vale,12,1,1408.2,213097,1,308.0,2026-08-21,0,-1,1444.0,19.8,,
37979,74500,Paladin,Retribution,Templar,DPS,EU,The Blinding Vale,12,1,1408.2,209760,1,305.0,2026-08-21,0,-1,1444.0,19.8,,
25698,57092,DeathKnight,Blood,Deathbringer,Tank,US,Den of Nalorakk,6,1,1121.8,74811,0,291.0,2026-08-21,0,-1,1118.0,41.7,,
25698,57093,Shaman,Restoration,Totemic,Healer,US,Den of Nalorakk,6,1,1121.8,16052,0,292.0,2026-08-21,0,-1,1118.0,41.7,,
25698,57094,Rogue,Subtlety,Deathstalker,DPS,US,Den of Nalorakk,6,1,1121.8,135460,0,293.0,2026-08-21,0,-1,1118.0,41.7,,
25698,57095,Druid,Feral,Druid of the Claw,DPS,US,Den of Nalorakk,6,1,1121.8,116464,1,299.0,2026-08-21,0,-1,1118.0,41.7,,
25698,57096,Warrior,Arms,Slayer,DPS,US,Den of Nalorakk,6,1,1121.8,120225,0,292.0,2026-08-21,0,-1,1118.0,41.7,,
63202,70097,Paladin,Protection,Lightsmith,Tank,EU,Altar of Fangs,12,1,1431.4,110096,1,293.0,2026-08-21,0,-1,1453.0,19.3,,
63202,70098,Monk,Mistweaver,Conduit of the Celestials,Healer,EU,Altar of Fangs,12,1,1431.4,48836,1,296.0,2026-08-21,0,-1,1453.0,19.3,,
63202,20255,DeathKnight,Unholy,Rider of the Apocalypse,DPS,EU,Altar of Fangs,12,1,1431.4,228751,0,301.0,2026-08-21,0,-1,1453.0,19.3,,
63202,20254,DemonHunter,Devourer,Void-Scarred,DPS,EU,Altar of Fangs,12,1,1431.4,249541,0,311.0,2026-08-21,0,-1,1453.0,19.3,,
63202,19805,Mage,Arcane,Sunfury,DPS,EU,Altar of Fangs,12,1,1431.4,240329,0,306.0,2026-08-21,0,-1,1453.0,19.3,,
77656,102702,DeathKnight,Blood,San'layn,Tank,EU,Altar of Fangs,14,1,1652.3,173565,0,304.0,2026-08-22,0,-1,1689.0,6.2,,
77656,77225,Shaman,Restoration,Totemic,Healer,EU,Altar of Fangs,14,1,1652.3,28152,0,302.0,2026-08-22,0,-1,1689.0,6.2,,
77656,53600,Rogue,Assassination,Deathstalker,DPS,EU,Altar of Fangs,14,1,1652.3,261011,1,300.0,2026-08-22,0,-1,1689.0,6.2,,
77656,23714,Hunter,Marksmanship,Sentinel,DPS,EU,Altar of Fangs,14,1,1652.3,215959,2,310.0,2026-08-22,0,-1,1689.0,6.2,,
77656,13986,Warrior,Arms,Slayer,DPS,EU,Altar of Fangs,14,1,1652.3,262183,0,309.0,2026-08-22,0,-1,1689.0,6.2,,
3115,6624,Paladin,Protection,Lightsmith,Tank,US,Murder Row,10,1,1580.2,76058,0,293.0,2026-08-18,0,-1,1571.0,23.0,,
3115,6625,Paladin,Holy,Herald of the Sun,Healer,US,Murder Row,10,1,1580.2,18687,0,293.0,2026-08-18,0,-1,1571.0,23.0,,
3115,6626,Hunter,BeastMastery,Pack Leader,DPS,US,Murder Row,10,1,1580.2,166322,0,294.0,2026-08-18,0,-1,1571.0,23.0,,
3115,6627,Mage,Arcane,Sunfury,DPS,US,Murder Row,10,1,1580.2,188953,0,294.0,2026-08-18,0,-1,1571.0,23.0,,
3115,6628,Paladin,Retribution,Templar,DPS,US,Murder Row,10,1,1580.2,147524,0,295.0,2026-08-18,0,-1,1571.0,23.0,,
5903,12211,Paladin,Protection,Lightsmith,Tank,US,Den of Nalorakk,11,1,1778.3,62398,0,295.0,2026-08-18,0,-1,1780.0,7.3,,
5903,10757,Paladin,Holy,Herald of the Sun,Healer,US,Den of Nalorakk,11,1,1778.3,17326,1,290.0,2026-08-18,0,-1,1780.0,7.3,,
5903,12212,Warrior,Arms,Slayer,DPS,US,Den of Nalorakk,11,1,1778.3,161822,0,295.0,2026-08-18,0,-1,1780.0,7.3,,
5903,12213,Monk,Windwalker,Shado-Pan,DPS,US,Den of Nalorakk,11,1,1778.3,115767,0,292.0,2026-08-18,0,-1,1780.0,7.3,,
5903,1942,Mage,Arcane,Sunfury,DPS,US,Den of Nalorakk,11,1,1778.3,145024,1,300.0,2026-08-18,0,-1,1780.0,7.3,,
52413,1592,Paladin,Protection,Lightsmith,Tank,US,Altar of Fangs,12,1,1451.6,129483,0,302.0,2026-08-22,0,-1,,,,2798
52413,111357,Monk,Mistweaver,Conduit of the Celestials,Healer,US,Altar of Fangs,12,1,1451.6,51216,2,297.0,2026-08-22,0,-1,,,,
52413,36929,Mage,Arcane,Sunfury,DPS,US,Altar of Fangs,12,1,1451.6,193760,1,300.0,2026-08-22,0,-1,,,,
52413,111358,Warrior,Arms,Slayer,DPS,US,Altar of Fangs,12,1,1451.6,243889,0,306.0,2026-08-22,0,-1,,,,
52413,5883,DeathKnight,Unholy,San'layn,DPS,US,Altar of Fangs,12,1,1451.6,248876,0,309.0,2026-08-22,0,-1,,,,
40599,86478,Paladin,Protection,Lightsmith,Tank,CN,Den of Nalorakk,10,1,1223.9,91266,0,306.0,2026-08-22,0,-1,1215.0,36.7,,
40599,86479,Evoker,Preservation,Flameshaper,Healer,CN,Den of Nalorakk,10,1,1223.9,44572,0,303.0,2026-08-22,0,-1,1215.0,36.7,,
40599,73121,Warrior,Arms,Slayer,DPS,CN,Den of Nalorakk,10,1,1223.9,184767,0,305.0,2026-08-22,0,-1,1215.0,36.7,,
40599,86480,Warrior,Arms,Slayer,DPS,CN,Den of Nalorakk,10,1,1223.9,159226,0,301.0,2026-08-22,0,-1,1215.0,36.7,,
40599,67310,Mage,Arcane,Sunfury,DPS,CN,Den of Nalorakk,10,1,1223.9,202244,0,309.0,2026-08-22,0,-1,1215.0,36.7,,
5853,9663,DeathKnight,Blood,San'layn,Tank,US,Murder Row,11,0,2247.1,72323,1,290.0,2026-08-18,0,-1,2284.0,-12.0,,2910
5853,10609,Shaman,Restoration,Totemic,Healer,US,Murder Row,11,0,2247.1,22158,3,283.0,2026-08-18,0,-1,2284.0,-12.0,,
5853,10610,Mage,Frost,Spellslinger,DPS,US,Murder Row,11,0,2247.1,156907,1,293.0,2026-08-18,0,-1,2284.0,-12.0,,
5853,10611,Druid,Balance,Elune's Chosen,DPS,US,Murder Row,11,0,2247.1,122418,2,291.0,2026-08-18,0,-1,2284.0,-12.0,,
5853,10893,Evoker,Augmentation,Scalecommander,DPS,US,Murder Row,11,0,2247.1,131304,2,295.0,2026-08-18,0,-1,2284.0,-12.0,,
58451,87730,Warrior,Protection,Mountain Thane,Tank,EU,Den of Nalorakk,10,1,1112.2,107278,0,308.0,2026-08-23,0,-1,1103.0,42.5,,
58451,13580,Monk,Mistweaver,Conduit of the Celestials,Healer,EU,Den of Nalorakk,10,1,1112.2,61072,0,313.0,2026-08-23,0,-1,1103.0,42.5,,
58451,21058,Mage,Arcane,Sunfury,DPS,EU,Den of Nalorakk,10,1,1112.2,204870,0,309.0,2026-08-23,0,-1,1103.0,42.5,,
58451,15755,Rogue,Assassination,Deathstalker,DPS,EU,Den of Nalorakk,10,1,1112.2,178173,0,306.0,2026-08-23,0,-1,1103.0,42.5,,2724
58451,13550,Druid,Balance,Elune's Chosen,DPS,EU,Den of Nalorakk,10,1,1112.2,193758,0,307.0,2026-08-23,0,-1,1103.0,42.5,,
9141,804,DeathKnight,Blood,San'layn,Tank,US,Voidscar Arena,10,1,1091.2,123445,0,306.0,2026-08-19,0,-1,1083.0,39.8,,2713
9141,805,Paladin,Holy,Herald of the Sun,Healer,US,Voidscar Arena,10,1,1091.2,16788,0,298.0,2026-08-19,0,-1,1083.0,39.8,,2675
9141,806,DeathKnight,Unholy,San'layn,DPS,US,Voidscar Arena,10,1,1091.2,244444,0,300.0,2026-08-19,0,-1,1083.0,39.8,,2681
9141,807,Paladin,Retribution,Templar,DPS,US,Voidscar Arena,10,1,1091.2,233684,0,300.0,2026-08-19,0,-1,1083.0,39.8,,2675
9141,808,Shaman,Elemental,Farseer,DPS,US,Voidscar Arena,10,1,1091.2,198819,0,293.0,2026-08-19,0,-1,1083.0,39.8,,2710
27310,59236,Druid,Guardian,Elune's Chosen,Tank,EU,Kings' Rest,10,1,1227.2,81486,0,294.0,2026-08-21,0,-1,1223.0,38.2,,
27310,23563,Monk,Mistweaver,Conduit of the Celestials,Healer,EU,Kings' Rest,10,1,1227.2,34443,0,290.0,2026-08-21,0,-1,1223.0,38.2,,
27310,18170,Rogue,Assassination,Fatebound,DPS,EU,Kings' Rest,10,1,1227.2,183319,0,300.0,2026-08-21,0,-1,1223.0,38.2,,
27310,59238,DemonHunter,Devourer,Annihilator,DPS,EU,Kings' Rest,10,1,1227.2,174735,0,297.0,2026-08-21,0,-1,1223.0,38.2,,
27310,60097,DeathKnight,Unholy,Rider of the Apocalypse,DPS,EU,Kings' Rest,10,1,1227.2,107993,1,292.0,2026-08-21,0,-1,1223.0,38.2,,
51303,57301,DemonHunter,Vengeance,Annihilator,Tank,EU,Altar of Fangs,11,1,1283.5,136503,0,305.0,2026-08-22,0,-1,,,,
51303,108993,Paladin,Holy,Herald of the Sun,Healer,EU,Altar of Fangs,11,1,1283.5,29355,0,304.0,2026-08-22,0,-1,,,,
51303,108994,Hunter,BeastMastery,Pack Leader,DPS,EU,Altar of Fangs,11,1,1283.5,202577,0,305.0,2026-08-22,0,-1,,,,
51303,57303,Rogue,Assassination,Deathstalker,DPS,EU,Altar of Fangs,11,1,1283.5,264533,0,301.0,2026-08-22,0,-1,,,,
51303,15438,Warrior,Arms,Slayer,DPS,EU,Altar of Fangs,11,1,1283.5,251238,0,306.0,2026-08-22,0,-1,,,,
75929,36922,Warrior,Protection,Mountain Thane,Tank,EU,Altar of Fangs,13,1,1540.5,147077,0,307.0,2026-08-22,0,-1,1532.0,14.9,,
75929,46071,Shaman,Restoration,Totemic,Healer,EU,Altar of Fangs,13,1,1540.5,38486,0,307.0,2026-08-22,0,-1,1532.0,14.9,,
75929,143716,DeathKnight,Frost,Deathbringer,DPS,EU,Altar of Fangs,13,1,1540.5,240157,0,309.0,2026-08-22,0,-1,1532.0,14.9,,
75929,46072,Druid,Feral,Druid of the Claw,DPS,EU,Altar of Fangs,13,1,1540.5,245141,0,302.0,2026-08-22,0,-1,1532.0,14.9,,
75929,143717,Warrior,Arms,Slayer,DPS,EU,Altar of Fangs,13,1,1540.5,217659,0,302.0,2026-08-22,0,-1,1532.0,14.9,,
11373,14863,DeathKnight,Blood,San'layn,Tank,EU,Temple of Sethraliss,11,1,1430.4,121223,0,293.0,2026-08-19,0,-1,1427.0,25.7,,
11373,19319,Shaman,Restoration,Totemic,Healer,EU,Temple of Sethraliss,11,1,1430.4,32265,1,294.0,2026-08-19,0,-1,1427.0,25.7,,3344
11373,22111,DemonHunter,Devourer,Annihilator,DPS,EU,Temple of Sethraliss,11,1,1430.4,171030,0,295.0,2026-08-19,0,-1,1427.0,25.7,,
11373,22110,Rogue,Subtlety,Deathstalker,DPS,EU,Temple of Sethraliss,11,1,1430.4,183315,0,294.0,2026-08-19,0,-1,1427.0,25.7,,
11373,16932,Warrior,Arms,Slayer,DPS,EU,Temple of Sethraliss,11,1,1430.4,184095,0,293.0,2026-08-19,0,-1,1427.0,25.7,,
18844,41671,DeathKnight,Blood,Deathbringer,Tank,US,Murder Row,2,1,998.7,82279,0,299.0,2026-08-20,0,-1,990.0,51.5,,
18844,41672,Monk,Mistweaver,Conduit of the Celestials,Healer,US,Murder Row,2,1,998.7,29319,0,292.0,2026-08-20,0,-1,990.0,51.5,,
18844,41673,Evoker,Devastation,Scalecommander,DPS,US,Murder Row,2,1,998.7,101878,0,292.0,2026-08-20,0,-1,990.0,51.5,,
18844,41674,Shaman,Elemental,Farseer,DPS,US,Murder Row,2,1,998.7,90295,0,292.0,2026-08-20,0,-1,990.0,51.5,,
18844,41675,Warrior,Arms,Slayer,DPS,US,Murder Row,2,1,998.7,107942,0,295.0,2026-08-20,0,-1,990.0,51.5,,
53331,14762,DeathKnight,Blood,San'layn,Tank,EU,Temple of Sethraliss,14,1,1801.4,149681,0,304.0,2026-08-22,0,-1,,,,
53331,14763,Evoker,Preservation,Flameshaper,Healer,EU,Temple of Sethraliss,14,1,1801.4,50529,0,301.0,2026-08-22,0,-1,,,,
53331,14765,DeathKnight,Unholy,Rider of the Apocalypse,DPS,EU,Temple of Sethraliss,14,1,1801.4,215949,1,306.0,2026-08-22,0,-1,,,,
53331,53307,Mage,Arcane,Sunfury,DPS,EU,Temple of Sethraliss,14,1,1801.4,163924,4,300.0,2026-08-22,0,-1,,,,
53331,14766,Rogue,Subtlety,Deathstalker,DPS,EU,Temple of Sethraliss,14,1,1801.4,195860,2,302.0,2026-08-22,0,-1,,,,
43850,92060,Druid,Guardian,Elune's Chosen,Tank,US,Altar of Fangs,12,1,1510.3,111950,0,308.0,2026-08-22,0,-1,,,,
43850,75080,Shaman,Restoration,Totemic,Healer,US,Altar of Fangs,12,1,1510.3,23883,0,306.0,2026-08-22,0,-1,,,,
43850,76682,Mage,Arcane,Sunfury,DPS,US,Altar of Fangs,12,1,1510.3,259008,0,300.0,2026-08-22,0,-1,,,,
43850,552,Druid,Balance,Elune's Chosen,DPS,US,Altar of Fangs,12,1,1510.3,251604,0,308.0,2026-08-22,0,-1,,,,2903
43850,92061,Warrior,Arms,Slayer,DPS,US,Altar of Fangs,12,1,1510.3,197500,0,304.0,2026-08-22,0,-1,,,,
18090,11707,Paladin,Protection,Templar,Tank,US,Murder Row,5,1,1110.5,97990,0,297.0,2026-08-19,0,-1,1102.0,46.0,,
18090,40105,Monk,Mistweaver,Conduit of the Celestials,Healer,US,Murder Row,5,1,1110.5,38311,0,292.0,2026-08-19,0,-1,1102.0,46.0,,
18090,40106,Druid,Balance,Elune's Chosen,DPS,US,Murder Row,5,1,1110.5,108242,0,289.0,2026-08-19,0,-1,1102.0,46.0,,
18090,11708,Rogue,Assassination,Fatebound,DPS,US,Murder Row,5,1,1110.5,156920,1,294.0,2026-08-19,0,-1,1102.0,46.0,,
18090,40107,Hunter,Marksmanship,Sentinel,DPS,US,Murder Row,5,1,1110.5,97950,0,290.0,2026-08-19,0,-1,1102.0,46.0,,
34248,74137,Paladin,Protection,Lightsmith,Tank,EU,Voidscar Arena,10,1,1044.3,97628,0,301.0,2026-08-21,0,-1,1041.0,42.2,,
34248,74138,Priest,Holy,Oracle,Healer,EU,Voidscar Arena,10,1,1044.3,38105,0,303.0,2026-08-21,0,-1,1041.0,42.2,,
34248,74139,Mage,Arcane,Sunfury,DPS,EU,Voidscar Arena,10,1,1044.3,236764,0,303.0,2026-08-21,0,-1,1041.0,42.2,,
34248,74140,Shaman,Elemental,Farseer,DPS,EU,Voidscar Arena,10,1,1044.3,206771,0,304.0,2026-08-21,0,-1,1041.0,42.2,,
34248,47953,DemonHunter,Devourer,Void-Scarred,DPS,EU,Voidscar Arena,10,1,1044.3,224422,1,304.0,2026-08-21,0,-1,1041.0,42.2,,
19486,37471,DemonHunter,Vengeance,Annihilator,Tank,EU,Kings' Rest,13,1,1797.9,98419,0,301.0,2026-08-19,0,-1,1820.0,8.1,,3074
19486,37472,Priest,Discipline,Oracle,Healer,EU,Kings' Rest,13,1,1797.9,17708,0,301.0,2026-08-19,0,-1,1820.0,8.1,,3107
19486,37473,Paladin,Retribution,Templar,DPS,EU,Kings' Rest,13,1,1797.9,142431,1,300.0,2026-08-19,0,-1,1820.0,8.1,,3020
19486,37475,Warrior,Arms,Slayer,DPS,EU,Kings' Rest,13,1,1797.9,157354,1,307.0,2026-08-19,0,-1,1820.0,8.1,,3107
19486,37474,Mage,Arcane,Sunfury,DPS,EU,Kings' Rest,13,1,1797.9,150286,0,297.0,2026-08-19,0,-1,1820.0,8.1,,3091
18053,39998,Warrior,Protection,Mountain Thane,Tank,US,The Blinding Vale,12,0,2045.7,108648,1,296.0,2026-08-19,0,-1,2098.0,-16.5,,
18053,39999,Paladin,Holy,Herald of the Sun,Healer,US,The Blinding Vale,12,0,2045.7,24745,1,304.0,2026-08-19,0,-1,2098.0,-16.5,,
18053,40000,Warlock,Destruction,Diabolist,DPS,US,The Blinding Vale,12,0,2045.7,183572,2,298.0,2026-08-19,0,-1,2098.0,-16.5,,
18053,40001,Druid,Balance,Elune's Chosen,DPS,US,The Blinding Vale,12,0,2045.7,137126,2,295.0,2026-08-19,0,-1,2098.0,-16.5,,
18053,9487,Hunter,BeastMastery,Pack Leader,DPS,US,The Blinding Vale,12,0,2045.7,149428,2,297.0,2026-08-19,0,-1,2098.0,-16.5,,
76524,8259,Paladin,Protection,Lightsmith,Tank,US,Den of Nalorakk,12,1,1386.2,91559,0,299.0,2026-08-21,0,-1,1377.0,28.3,,
76524,81238,Shaman,Restoration,Totemic,Healer,US,Den of Nalorakk,12,1,1386.2,23683,0,299.0,2026-08-21,0,-1,1377.0,28.3,,
76524,44405,DemonHunter,Devourer,Void-Scarred,DPS,US,Den of Nalorakk,12,1,1386.2,207557,0,310.0,2026-08-21,0,-1,1377.0,28.3,,
76524,89251,Warlock,Demonology,Diabolist,DPS,US,Den of Nalorakk,12,1,1386.2,182022,0,300.0,2026-08-21,0,-1,1377.0,28.3,,
76524,85578,DeathKnight,Unholy,Rider of the Apocalypse,DPS,US,Den of Nalorakk,12,1,1386.2,198512,0,308.0,2026-08-21,0,-1,1377.0,28.3,,
47907,101062,Warrior,Protection,Mountain Thane,Tank,CN,Murder Row,2,1,1057.6,75414,0,298.0,2026-08-22,0,-1,,,,
47907,101063,Evoker,Preservation,Flameshaper,Healer,CN,Murder Row,2,1,1057.6,7988,0,288.0,2026-08-22,0,-1,,,,
47907,101064,Warrior,Arms,Slayer,DPS,CN,Murder Row,2,1,1057.6,87593,0,295.0,2026-08-22,0,-1,,,,
47907,101065,Hunter,BeastMastery,Pack Leader,DPS,CN,Murder Row,2,1,1057.6,128387,0,290.0,2026-08-22,0,-1,,,,
47907,101066,Druid,Balance,Elune's Chosen,DPS,CN,Murder Row,2,1,1057.6,104457,0,299.0,2026-08-22,0,-1,,,,
64426,17594,Monk,Brewmaster,Master of Harmony,Tank,EU,Voidscar Arena,12,1,1249.1,95071,0,305.0,2026-08-21,0,-1,1286.0,28.6,,
64426,110713,Paladin,Holy,Herald of the Sun,Healer,EU,Voidscar Arena,12,1,1249.1,18746,0,304.0,2026-08-21,0,-1,1286.0,28.6,,
64426,13662,Warrior,Arms,Slayer,DPS,EU,Voidscar Arena,12,1,1249.1,198553,1,305.0,2026-08-21,0,-1,1286.0,28.6,,3006
64426,13661,Shaman,Enhancement,Stormbringer,DPS,EU,Voidscar Arena,12,1,1249.1,234263,1,307.0,2026-08-21,0,-1,1286.0,28.6,,2942
64426,94187,Paladin,Retribution,Herald of the Sun,DPS,EU,Voidscar Arena,12,1,1249.1,181051,1,301.0,2026-08-21,0,-1,1286.0,28.6,,
26299,55063,DemonHunter,Vengeance,Annihilator,Tank,EU,Voidscar Arena,10,1,1029.8,118500,0,310.0,2026-08-21,0,-1,1021.0,43.3,,
26299,55064,Paladin,Holy,Herald of the Sun,Healer,EU,Voidscar Arena,10,1,1029.8,11199,0,295.0,2026-08-21,0,-1,1021.0,43.3,,
26299,55067,Druid,Balance,Elune's Chosen,DPS,EU,Voidscar Arena,10,1,1029.8,215361,0,307.0,2026-08-21,0,-1,1021.0,43.3,,
26299,55065,Priest,Shadow,Archon,DPS,EU,Voidscar Arena,10,1,1029.8,242918,0,308.0,2026-08-21,0,-1,1021.0,43.3,,
26299,58274,Shaman,Enhancement,Stormbringer,DPS,EU,Voidscar Arena,10,1,1029.8,192630,0,300.0,2026-08-21,0,-1,1021.0,43.3,,
84386,148972,Warrior,Protection,Mountain Thane,Tank,US,Voidscar Arena,2,1,1003.6,69168,1,287.0,2026-08-23,0,-1,,,,
84386,148973,Paladin,Holy,Herald of the Sun,Healer,US,Voidscar Arena,2,1,1003.6,14515,1,291.0,2026-08-23,0,-1,,,0,
84386,79678,Warrior,Arms,Slayer,DPS,US,Voidscar Arena,2,1,1003.6,81297,4,299.0,2026-08-23,0,-1,,,2,
84386,110444,Priest,Shadow,Voidweaver,DPS,US,Voidscar Arena,2,1,1003.6,120304,1,287.0,2026-08-23,0,-1,,,0,
84386,148974,DeathKnight,Frost,Deathbringer,DPS,US,Voidscar Arena,2,1,1003.6,100370,1,290.0,2026-08-23,0,-1,,,2,
62420,99107,DeathKnight,Blood,San'layn,Tank,EU,Ruby Life Pools,5,1,834.2,104329,0,297.0,2026-08-23,0,-1,826.0,50.8,,
62420,99108,Priest,Holy,Oracle,Healer,EU,Ruby Life Pools,5,1,834.2,11625,0,294.0,2026-08-23,0,-1,826.0,50.8,,
62420,131470,Hunter,BeastMastery,Pack Leader,DPS,EU,Ruby Life Pools,5,1,834.2,165912,0,289.0,2026-08-23,0,-1,826.0,50.8,,
62420,123648,DemonHunter,Devourer,Void-Scarred,DPS,EU,Ruby Life Pools,5,1,834.2,160773,0,300.0,2026-08-23,0,-1,826.0,50.8,,
62420,99110,Warlock,Demonology,Diabolist,DPS,EU,Ruby Life Pools,5,1,834.2,162038,0,299.0,2026-08-23,0,-1,826.0,50.8,,
21495,47848,Paladin,Protection,Templar,Tank,US,The Blinding Vale,2,1,958.6,71579,0,293.0,2026-08-20,0,-1,950.0,47.2,,
21495,47849,Druid,Restoration,Wildstalker,Healer,US,The Blinding Vale,2,1,958.6,5637,0,294.0,2026-08-20,0,-1,950.0,47.2,,
21495,47850,DemonHunter,Devourer,Void-Scarred,DPS,US,The Blinding Vale,2,1,958.6,115105,0,295.0,2026-08-20,0,-1,950.0,47.2,,
21495,47851,Shaman,Elemental,Farseer,DPS,US,The Blinding Vale,2,1,958.6,149264,0,293.0,2026-08-20,0,-1,950.0,47.2,,
21495,47852,Druid,Balance,Elune's Chosen,DPS,US,The Blinding Vale,2,1,958.6,176427,0,303.0,2026-08-20,0,-1,950.0,47.2,,
1966,2020,Monk,Brewmaster,Master of Harmony,Tank,US,Kings' Rest,11,1,1835.3,78798,0,289.0,2026-08-18,0,-1,1882.0,5.0,,
1966,573,Paladin,Holy,Herald of the Sun,Healer,US,Kings' Rest,11,1,1835.3,19089,2,293.0,2026-08-18,0,-1,1882.0,5.0,,
1966,2024,DemonHunter,Devourer,Void-Scarred,DPS,US,Kings' Rest,11,1,1835.3,139311,2,294.0,2026-08-18,0,-1,1882.0,5.0,,
1966,2022,Rogue,Outlaw,Trickster,DPS,US,Kings' Rest,11,1,1835.3,88256,4,291.0,2026-08-18,0,-1,1882.0,5.0,,
1966,2021,Shaman,Elemental,Farseer,DPS,US,Kings' Rest,11,1,1835.3,119222,3,292.0,2026-08-18,0,-1,1882.0,5.0,,
83578,327,DeathKnight,Blood,San'layn,Tank,US,Altar of Fangs,10,1,1070.8,155133,0,307.0,2026-08-23,0,-1,1063.0,41.0,4,2688
83578,147617,Monk,Mistweaver,Conduit of the Celestials,Healer,US,Altar of Fangs,10,1,1070.8,41192,0,294.0,2026-08-23,0,-1,1063.0,41.0,0,
83578,147659,Mage,Arcane,Sunfury,DPS,US,Altar of Fangs,10,1,1070.8,272921,0,308.0,2026-08-23,0,-1,1063.0,41.0,4,
83578,147618,DemonHunter,Havoc,Fel-Scarred,DPS,US,Altar of Fangs,10,1,1070.8,230603,0,307.0,2026-08-23,0,-1,1063.0,41.0,4,
83578,110097,DeathKnight,Unholy,San'layn,DPS,US,Altar of Fangs,10,1,1070.8,258090,0,303.0,2026-08-23,0,-1,1063.0,41.0,4,
69692,60111,DeathKnight,Blood,San'layn,Tank,EU,Altar of Fangs,14,1,1692.4,115780,0,305.0,2026-08-21,0,-1,1714.0,4.8,,
69692,52165,Paladin,Holy,Herald of the Sun,Healer,EU,Altar of Fangs,14,1,1692.4,22916,0,311.0,2026-08-21,0,-1,1714.0,4.8,,
69692,86984,Warrior,Arms,Slayer,DPS,EU,Altar of Fangs,14,1,1692.4,219724,1,306.0,2026-08-21,0,-1,1714.0,4.8,,
69692,66535,Shaman,Elemental,Farseer,DPS,EU,Altar of Fangs,14,1,1692.4,246590,1,306.0,2026-08-21,0,-1,1714.0,4.8,,
69692,83326,Rogue,Assassination,Deathstalker,DPS,EU,Altar of Fangs,14,1,1692.4,289819,0,312.0,2026-08-21,0,-1,1714.0,4.8,,
36878,79460,DeathKnight,Blood,San'layn,Tank,US,Kings' Rest,10,1,1239.5,64555,0,296.0,2026-08-21,0,-1,1230.0,37.9,,
36878,7565,Priest,Holy,Oracle,Healer,US,Kings' Rest,10,1,1239.5,34258,0,297.0,2026-08-21,0,-1,1230.0,37.9,,
36878,1239,Paladin,Retribution,Templar,DPS,US,Kings' Rest,10,1,1239.5,174469,0,311.0,2026-08-21,0,-1,1230.0,37.9,,
36878,79461,Monk,Windwalker,Shado-Pan,DPS,US,Kings' Rest,10,1,1239.5,168790,0,301.0,2026-08-21,0,-1,1230.0,37.9,,
36878,79462,Mage,Arcane,Sunfury,DPS,US,Kings' Rest,10,1,1239.5,134672,0,300.0,2026-08-21,0,-1,1230.0,37.9,,
76937,68653,DeathKnight,Blood,San'layn,Tank,EU,Temple of Sethraliss,14,1,1679.1,130686,0,310.0,2026-08-22,0,-1,1715.0,10.7,,
76937,19319,Shaman,Restoration,Totemic,Healer,EU,Temple of Sethraliss,14,1,1679.1,41897,1,310.0,2026-08-22,0,-1,1715.0,10.7,,3344
76937,25276,Monk,Windwalker,Shado-Pan,DPS,EU,Temple of Sethraliss,14,1,1679.1,209343,1,311.0,2026-08-22,0,-1,1715.0,10.7,,
76937,43876,Rogue,Outlaw,Trickster,DPS,EU,Temple of Sethraliss,14,1,1679.1,222022,1,307.0,2026-08-22,0,-1,1715.0,10.7,,
76937,84070,Warrior,Arms,Slayer,DPS,EU,Temple of Sethraliss,14,1,1679.1,203479,0,307.0,2026-08-22,0,-1,1715.0,10.7,,
13490,26782,DeathKnight,Blood,San'layn,Tank,EU,Murder Row,4,1,1094.7,65806,0,289.0,2026-08-19,0,-1,1086.0,46.7,,
13490,26783,Paladin,Holy,Herald of the Sun,Healer,EU,Murder Row,4,1,1094.7,16078,0,287.0,2026-08-19,0,-1,1086.0,46.7,,
13490,26784,Rogue,Assassination,Fatebound,DPS,EU,Murder Row,4,1,1094.7,123538,0,282.0,2026-08-19,0,-1,1086.0,46.7,,
13490,26785,Priest,Shadow,Voidweaver,DPS,EU,Murder Row,4,1,1094.7,129382,0,293.0,2026-08-19,0,-1,1086.0,46.7,,
13490,26786,Hunter,BeastMastery,Pack Leader,DPS,EU,Murder Row,4,1,1094.7,129820,0,294.0,2026-08-19,0,-1,1086.0,46.7,,
37958,81669,Druid,Guardian,Elune's Chosen,Tank,CN,The Blinding Vale,9,1,1068.0,92117,0,291.0,2026-08-20,0,-1,1064.0,40.9,,
37958,81670,Shaman,Restoration,Totemic,Healer,CN,The Blinding Vale,9,1,1068.0,27612,0,296.0,2026-08-20,0,-1,1064.0,40.9,,
37958,81671,Hunter,Marksmanship,Sentinel,DPS,CN,The Blinding Vale,9,1,1068.0,219147,0,297.0,2026-08-20,0,-1,1064.0,40.9,,
37958,60738,Monk,Windwalker,Conduit of the Celestials,DPS,CN,The Blinding Vale,9,1,1068.0,208651,0,305.0,2026-08-20,0,-1,1064.0,40.9,,
37958,81672,Warrior,Arms,Slayer,DPS,CN,The Blinding Vale,9,1,1068.0,171853,1,297.0,2026-08-20,0,-1,1064.0,40.9,,
73517,43177,DeathKnight,Blood,San'layn,Tank,CN,Den of Nalorakk,18,1,1782.5,181108,0,312.0,2026-08-23,0,-1,1819.0,5.3,,
73517,43178,Monk,Mistweaver,Conduit of the Celestials,Healer,CN,Den of Nalorakk,18,1,1782.5,64167,0,310.0,2026-08-23,0,-1,1819.0,5.3,,
73517,43180,Shaman,Elemental,Farseer,DPS,CN,Den of Nalorakk,18,1,1782.5,276323,0,309.0,2026-08-23,0,-1,1819.0,5.3,,
73517,56398,DemonHunter,Devourer,Annihilator,DPS,CN,Den of Nalorakk,18,1,1782.5,257821,1,310.0,2026-08-23,0,-1,1819.0,5.3,,
73517,43179,Warrior,Arms,Slayer,DPS,CN,Den of Nalorakk,18,1,1782.5,254988,2,308.0,2026-08-23,0,-1,1819.0,5.3,,
23672,52205,Druid,Guardian,Elune's Chosen,Tank,CN,Voidscar Arena,11,1,1192.5,106129,0,295.0,2026-08-21,0,-1,1199.0,33.4,,
23672,52206,Shaman,Restoration,Totemic,Healer,CN,Voidscar Arena,11,1,1192.5,36983,1,303.0,2026-08-21,0,-1,1199.0,33.4,,
23672,52207,Evoker,Devastation,Scalecommander,DPS,CN,Voidscar Arena,11,1,1192.5,221048,0,307.0,2026-08-21,0,-1,1199.0,33.4,,
23672,52208,Shaman,Enhancement,Stormbringer,DPS,CN,Voidscar Arena,11,1,1192.5,253608,1,306.0,2026-08-21,0,-1,1199.0,33.4,,
23672,52209,DeathKnight,Unholy,San'layn,DPS,CN,Voidscar Arena,11,1,1192.5,202870,1,302.0,2026-08-21,0,-1,1199.0,33.4,,
45579,96097,DeathKnight,Blood,San'layn,Tank,EU,Voidscar Arena,2,1,877.3,57263,0,301.0,2026-08-22,0,-1,,,,
45579,96098,Paladin,Holy,Herald of the Sun,Healer,EU,Voidscar Arena,2,1,877.3,9208,0,281.0,2026-08-22,0,-1,,,,
45579,96099,Druid,Balance,Keeper of the Grove,DPS,EU,Voidscar Arena,2,1,877.3,123845,0,297.0,2026-08-22,0,-1,,,,
45579,96100,DemonHunter,Havoc,Fel-Scarred,DPS,EU,Voidscar Arena,2,1,877.3,131677,0,299.0,2026-08-22,0,-1,,,,
45579,96101,Paladin,Retribution,Templar,DPS,EU,Voidscar Arena,2,1,877.3,126103,0,302.0,2026-08-22,0,-1,,,,
19357,42585,DeathKnight,Blood,Deathbringer,Tank,US,Temple of Sethraliss,4,1,1083.5,68765,0,295.0,2026-08-20,0,-1,1075.0,44.0,,
19357,42586,Shaman,Restoration,Totemic,Healer,US,Temple of Sethraliss,4,1,1083.5,13527,0,296.0,2026-08-20,0,-1,1075.0,44.0,,
19357,42587,Mage,Arcane,Sunfury,DPS,US,Temple of Sethraliss,4,1,1083.5,112710,0,293.0,2026-08-20,0,-1,1075.0,44.0,,
19357,42588,Warrior,Arms,Slayer,DPS,US,Temple of Sethraliss,4,1,1083.5,124049,0,293.0,2026-08-20,0,-1,1075.0,44.0,,
19357,42589,Warlock,Demonology,Diabolist,DPS,US,Temple of Sethraliss,4,1,1083.5,133243,0,294.0,2026-08-20,0,-1,1075.0,44.0,,
70566,43256,DeathKnight,Blood,San'layn,Tank,US,Ruby Life Pools,14,1,1457.3,144031,0,309.0,2026-08-22,0,-1,1493.0,11.1,,
70566,8946,Paladin,Holy,Herald of the Sun,Healer,US,Ruby Life Pools,14,1,1457.3,10939,1,299.0,2026-08-22,0,-1,1493.0,11.1,,
70566,54731,Mage,Arcane,Sunfury,DPS,US,Ruby Life Pools,14,1,1457.3,258891,2,312.0,2026-08-22,0,-1,1493.0,11.1,,
70566,20790,Shaman,Enhancement,Stormbringer,DPS,US,Ruby Life Pools,14,1,1457.3,224230,0,307.0,2026-08-22,0,-1,1493.0,11.1,,
70566,592,Warrior,Arms,Slayer,DPS,US,Ruby Life Pools,14,1,1457.3,203911,0,304.0,2026-08-22,0,-1,1493.0,11.1,,
33535,72597,DeathKnight,Blood,San'layn,Tank,EU,Altar of Fangs,13,1,1680.3,105839,0,302.0,2026-08-20,0,-1,1731.0,3.8,,
33535,24459,Paladin,Holy,Lightsmith,Healer,EU,Altar of Fangs,13,1,1680.3,23299,0,305.0,2026-08-20,0,-1,1731.0,3.8,,
33535,45576,Shaman,Elemental,Farseer,DPS,EU,Altar of Fangs,13,1,1680.3,252089,1,299.0,2026-08-20,0,-1,1731.0,3.8,,
33535,72598,Rogue,Assassination,Deathstalker,DPS,EU,Altar of Fangs,13,1,1680.3,273057,0,300.0,2026-08-20,0,-1,1731.0,3.8,,
33535,72599,Warrior,Arms,Slayer,DPS,EU,Altar of Fangs,13,1,1680.3,223398,3,304.0,2026-08-20,0,-1,1731.0,3.8,,
30490,53188,Paladin,Protection,Lightsmith,Tank,EU,Voidscar Arena,10,1,1053.6,132002,0,300.0,2026-08-21,0,-1,,,,
30490,64343,Shaman,Restoration,Totemic,Healer,EU,Voidscar Arena,10,1,1053.6,27734,0,296.0,2026-08-21,0,-1,,,,
30490,12655,Mage,Arcane,Sunfury,DPS,EU,Voidscar Arena,10,1,1053.6,174248,1,291.0,2026-08-21,0,-1,,,,
30490,61816,Warrior,Arms,Slayer,DPS,EU,Voidscar Arena,10,1,1053.6,211051,0,299.0,2026-08-21,0,-1,,,,
30490,57248,Monk,Windwalker,Shado-Pan,DPS,EU,Voidscar Arena,10,1,1053.6,225992,0,306.0,2026-08-21,0,-1,,,,
73299,10904,Paladin,Protection,Lightsmith,Tank,US,Ruby Life Pools,14,1,1594.0,122119,0,311.0,2026-08-20,0,-1,1645.0,2.1,,3218
73299,10905,Shaman,Restoration,Totemic,Healer,US,Ruby Life Pools,14,1,1594.0,34848,0,309.0,2026-08-20,0,-1,1645.0,2.1,,3204
73299,3502,Paladin,Retribution,Templar,DPS,US,Ruby Life Pools,14,1,1594.0,197441,3,304.0,2026-08-20,0,-1,1645.0,2.1,,
73299,6335,DemonHunter,Devourer,Annihilator,DPS,US,Ruby Life Pools,14,1,1594.0,235810,0,304.0,2026-08-20,0,-1,1645.0,2.1,,3114
73299,8963,Warrior,Arms,Slayer,DPS,US,Ruby Life Pools,14,1,1594.0,221297,1,305.0,2026-08-20,0,-1,1645.0,2.1,,
23636,18637,Warrior,Protection,Mountain Thane,Tank,EU,Kings' Rest,10,1,1276.8,89531,0,295.0,2026-08-19,0,-1,1273.0,35.7,,2815
23636,18638,Druid,Restoration,Keeper of the Grove,Healer,EU,Kings' Rest,10,1,1276.8,51522,0,297.0,2026-08-19,0,-1,1273.0,35.7,,2734
23636,18639,Rogue,Assassination,Deathstalker,DPS,EU,Kings' Rest,10,1,1276.8,165373,0,300.0,2026-08-19,0,-1,1273.0,35.7,,2849
23636,19827,DeathKnight,Unholy,San'layn,DPS,EU,Kings' Rest,10,1,1276.8,154299,1,294.0,2026-08-19,0,-1,1273.0,35.7,,3028
23636,18641,Hunter,Marksmanship,Sentinel,DPS,EU,Kings' Rest,10,1,1276.8,131381,0,299.0,2026-08-19,0,-1,1273.0,35.7,,2774
70916,94971,DeathKnight,Blood,San'layn,Tank,CN,Ruby Life Pools,13,1,1443.1,153918,0,310.0,2026-08-23,0,-1,,,,
70916,137613,Shaman,Restoration,Totemic,Healer,CN,Ruby Life Pools,13,1,1443.1,26500,0,300.0,2026-08-23,0,-1,,,,
70916,140831,Mage,Arcane,Sunfury,DPS,CN,Ruby Life Pools,13,1,1443.1,220419,1,303.0,2026-08-23,0,-1,,,,
70916,140832,Hunter,BeastMastery,Pack Leader,DPS,CN,Ruby Life Pools,13,1,1443.1,222743,1,310.0,2026-08-23,0,-1,,,,
70916,140833,Warrior,Arms,Slayer,DPS,CN,Ruby Life Pools,13,1,1443.1,172269,2,300.0,2026-08-23,0,-1,,,,
26028,24151,Monk,Brewmaster,Master of Harmony,Tank,US,Ruby Life Pools,10,1,996.1,104232,0,299.0,2026-08-20,0,-1,987.0,41.2,,
26028,24152,Shaman,Restoration,Totemic,Healer,US,Ruby Life Pools,10,1,996.1,30292,0,306.0,2026-08-20,0,-1,987.0,41.2,,
26028,57777,Druid,Balance,Elune's Chosen,DPS,US,Ruby Life Pools,10,1,996.1,138985,0,298.0,2026-08-20,0,-1,987.0,41.2,,
26028,4205,Warrior,Arms,Slayer,DPS,US,Ruby Life Pools,10,1,996.1,254444,0,307.0,2026-08-20,0,-1,987.0,41.2,,
26028,531,Rogue,Outlaw,Trickster,DPS,US,Ruby Life Pools,10,1,996.1,245945,0,295.0,2026-08-20,0,-1,987.0,41.2,,
16509,35998,DeathKnight,Blood,San'layn,Tank,US,Murder Row,5,1,1231.3,63902,0,298.0,2026-08-19,0,-1,1222.0,40.1,,
16509,36120,Priest,Discipline,Oracle,Healer,US,Murder Row,5,1,1231.3,11955,1,280.0,2026-08-19,0,-1,1222.0,40.1,,
16509,8512,Warlock,Demonology,Diabolist,DPS,US,Murder Row,5,1,1231.3,143286,0,298.0,2026-08-19,0,-1,1222.0,40.1,,
16509,35999,Mage,Arcane,Sunfury,DPS,US,Murder Row,5,1,1231.3,130428,0,300.0,2026-08-19,0,-1,1222.0,40.1,,
16509,36000,DemonHunter,Devourer,Void-Scarred,DPS,US,Murder Row,5,1,1231.3,80877,0,290.0,2026-08-19,0,-1,1222.0,40.1,,
11985,3340,Paladin,Protection,Lightsmith,Tank,US,Altar of Fangs,11,1,1479.4,110346,0,294.0,2026-08-19,0,-1,1486.0,17.5,,2788
11985,6205,Monk,Mistweaver,Conduit of the Celestials,Healer,US,Altar of Fangs,11,1,1479.4,48145,0,297.0,2026-08-19,0,-1,1486.0,17.5,,
11985,11830,Druid,Balance,Elune's Chosen,DPS,US,Altar of Fangs,11,1,1479.4,176339,1,296.0,2026-08-19,0,-1,1486.0,17.5,,3103
11985,3342,Warrior,Arms,Slayer,DPS,US,Altar of Fangs,11,1,1479.4,211833,1,299.0,2026-08-19,0,-1,1486.0,17.5,,2783
11985,3272,Priest,Shadow,Archon,DPS,US,Altar of Fangs,11,1,1479.4,189874,1,297.0,2026-08-19,0,-1,1486.0,17.5,,2746
74436,67598,Druid,Guardian,Elune's Chosen,Tank,EU,Temple of Sethraliss,13,1,1485.0,114490,1,309.0,2026-08-22,0,-1,1522.0,20.7,,
74436,67599,Shaman,Restoration,Totemic,Healer,EU,Temple of Sethraliss,13,1,1485.0,23351,1,308.0,2026-08-22,0,-1,1522.0,20.7,,
74436,77953,Mage,Arcane,Sunfury,DPS,EU,Temple of Sethraliss,13,1,1485.0,235767,0,301.0,2026-08-22,0,-1,1522.0,20.7,,
74436,45030,Paladin,Retribution,Herald of the Sun,DPS,EU,Temple of Sethraliss,13,1,1485.0,219045,1,308.0,2026-08-22,0,-1,1522.0,20.7,,
74436,38125,Rogue,Subtlety,Deathstalker,DPS,EU,Temple of Sethraliss,13,1,1485.0,283195,0,305.0,2026-08-22,0,-1,1522.0,20.7,,
74970,18089,Monk,Brewmaster,Master of Harmony,Tank,EU,The Blinding Vale,13,1,1226.6,167619,0,311.0,2026-08-21,0,-1,1263.0,29.8,,3341
74970,23662,Shaman,Restoration,Totemic,Healer,EU,The Blinding Vale,13,1,1226.6,37799,0,304.0,2026-08-21,0,-1,1263.0,29.8,,
74970,17449,Druid,Feral,Druid of the Claw,DPS,EU,The Blinding Vale,13,1,1226.6,252102,2,302.0,2026-08-21,0,-1,1263.0,29.8,,
74970,18090,Rogue,Assassination,Deathstalker,DPS,EU,The Blinding Vale,13,1,1226.6,320944,0,303.0,2026-08-21,0,-1,1263.0,29.8,,3447
74970,143236,Rogue,Outlaw,Trickster,DPS,EU,The Blinding Vale,13,1,1226.6,269963,1,299.0,2026-08-21,0,-1,1263.0,29.8,,
86583,63832,Paladin,Protection,Lightsmith,Tank,EU,The Blinding Vale,12,1,1387.3,97753,0,312.0,2026-08-23,0,-1,1394.0,22.6,2,
86583,145608,Shaman,Restoration,Totemic,Healer,EU,The Blinding Vale,12,1,1387.3,36224,0,310.0,2026-08-23,0,-1,1394.0,22.6,2,
86583,144120,DemonHunter,Devourer,Annihilator,DPS,EU,The Blinding Vale,12,1,1387.3,293778,0,308.0,2026-08-23,0,-1,1394.0,22.6,4,
86583,152472,Mage,Arcane,Sunfury,DPS,EU,The Blinding Vale,12,1,1387.3,168091,1,306.0,2026-08-23,0,-1,1394.0,22.6,0,
86583,44209,Warrior,Fury,Slayer,DPS,EU,The Blinding Vale,12,1,1387.3,261236,0,305.0,2026-08-23,0,-1,1394.0,22.6,0,
52992,112567,DeathKnight,Blood,Deathbringer,Tank,EU,Altar of Fangs,7,1,1131.8,112902,0,292.0,2026-08-22,0,-1,,,,
52992,107205,Evoker,Preservation,Flameshaper,Healer,EU,Altar of Fangs,7,1,1131.8,58055,0,311.0,2026-08-22,0,-1,,,,
52992,112568,Warlock,Destruction,Diabolist,DPS,EU,Altar of Fangs,7,1,1131.8,230481,0,302.0,2026-08-22,0,-1,,,,
52992,34039,Mage,Arcane,Sunfury,DPS,EU,Altar of Fangs,7,1,1131.8,160793,1,300.0,2026-08-22,0,-1,,,,
52992,112569,Druid,Balance,Elune's Chosen,DPS,EU,Altar of Fangs,7,1,1131.8,190447,0,308.0,2026-08-22,0,-1,,,,
31876,68686,DemonHunter,Vengeance,Annihilator,Tank,EU,Kings' Rest,13,1,1717.1,70759,0,294.0,2026-08-20,0,-1,1724.0,12.9,,
31876,68687,Shaman,Restoration,Totemic,Healer,EU,Kings' Rest,13,1,1717.1,28363,0,306.0,2026-08-20,0,-1,1724.0,12.9,,
31876,68688,Monk,Windwalker,Shado-Pan,DPS,EU,Kings' Rest,13,1,1717.1,140696,0,304.0,2026-08-20,0,-1,1724.0,12.9,,
31876,68689,Warrior,Arms,Slayer,DPS,EU,Kings' Rest,13,1,1717.1,147528,1,309.0,2026-08-20,0,-1,1724.0,12.9,,
31876,24408,Druid,Feral,Wildstalker,DPS,EU,Kings' Rest,13,1,1717.1,170850,0,307.0,2026-08-20,0,-1,1724.0,12.9,,
64348,60346,DeathKnight,Blood,San'layn,Tank,EU,Ruby Life Pools,14,1,1351.0,196443,0,312.0,2026-08-22,0,-1,1358.0,19.2,,
64348,60347,Paladin,Holy,Herald of the Sun,Healer,EU,Ruby Life Pools,14,1,1351.0,27661,1,304.0,2026-08-22,0,-1,1358.0,19.2,,
64348,60349,Mage,Arcane,Sunfury,DPS,EU,Ruby Life Pools,14,1,1351.0,331602,0,312.0,2026-08-22,0,-1,1358.0,19.2,,
64348,57127,Warrior,Arms,Slayer,DPS,EU,Ruby Life Pools,14,1,1351.0,265828,0,307.0,2026-08-22,0,-1,1358.0,19.2,,
64348,13881,DemonHunter,Devourer,Void-Scarred,DPS,EU,Ruby Life Pools,14,1,1351.0,256647,0,305.0,2026-08-22,0,-1,1358.0,19.2,,
12549,9699,DemonHunter,Vengeance,Annihilator,Tank,US,The Blinding Vale,10,1,1267.3,104572,0,301.0,2026-08-19,0,-1,1264.0,29.8,,
12549,5612,Monk,Mistweaver,Conduit of the Celestials,Healer,US,The Blinding Vale,10,1,1267.3,50956,0,304.0,2026-08-19,0,-1,1264.0,29.8,,
12549,9701,Mage,Arcane,Sunfury,DPS,US,The Blinding Vale,10,1,1267.3,191258,0,299.0,2026-08-19,0,-1,1264.0,29.8,,
12549,11562,Paladin,Retribution,Templar,DPS,US,The Blinding Vale,10,1,1267.3,141341,0,293.0,2026-08-19,0,-1,1264.0,29.8,,
12549,9703,Warrior,Arms,Slayer,DPS,US,The Blinding Vale,10,1,1267.3,209379,1,307.0,2026-08-19,0,-1,1264.0,29.8,,
35675,69234,DeathKnight,Blood,Deathbringer,Tank,CN,The Blinding Vale,10,1,1039.2,134900,0,303.0,2026-08-21,0,-1,1056.0,41.3,,
35675,77060,Evoker,Preservation,Flameshaper,Healer,CN,The Blinding Vale,10,1,1039.2,7906,1,302.0,2026-08-21,0,-1,1056.0,41.3,,
35675,69236,Shaman,Elemental,Farseer,DPS,CN,The Blinding Vale,10,1,1039.2,256159,1,303.0,2026-08-21,0,-1,1056.0,41.3,,
35675,69238,DemonHunter,Devourer,Void-Scarred,DPS,CN,The Blinding Vale,10,1,1039.2,242656,1,306.0,2026-08-21,0,-1,1056.0,41.3,,
35675,77061,Warrior,Arms,Slayer,DPS,CN,The Blinding Vale,10,1,1039.2,237320,2,305.0,2026-08-21,0,-1,1056.0,41.3,,
79111,76523,Paladin,Protection,Lightsmith,Tank,EU,Ruby Life Pools,14,1,1601.8,123510,0,301.0,2026-08-22,0,-1,1593.0,5.2,,
79111,73300,Evoker,Preservation,Flameshaper,Healer,EU,Ruby Life Pools,14,1,1601.8,45908,0,307.0,2026-08-22,0,-1,1593.0,5.2,,
79111,49009,Shaman,Elemental,Farseer,DPS,EU,Ruby Life Pools,14,1,1601.8,197165,0,300.0,2026-08-22,0,-1,1593.0,5.2,,
79111,31052,DeathKnight,Unholy,Rider of the Apocalypse,DPS,EU,Ruby Life Pools,14,1,1601.8,231072,0,310.0,2026-08-22,0,-1,1593.0,5.2,,
79111,19008,Mage,Arcane,Sunfury,DPS,EU,Ruby Life Pools,14,1,1601.8,211393,0,301.0,2026-08-22,0,-1,1593.0,5.2,,
59462,127224,DeathKnight,Blood,Deathbringer,Tank,CN,Kings' Rest,12,1,1494.5,81038,0,307.0,2026-08-23,0,-1,,,,
59462,90773,Paladin,Holy,Lightsmith,Healer,CN,Kings' Rest,12,1,1494.5,54549,0,309.0,2026-08-23,0,-1,,,,
59462,127225,Mage,Arcane,Sunfury,DPS,CN,Kings' Rest,12,1,1494.5,151955,0,307.0,2026-08-23,0,-1,,,,
59462,90775,DemonHunter,Devourer,Annihilator,DPS,CN,Kings' Rest,12,1,1494.5,136520,1,313.0,2026-08-23,0,-1,,,,
59462,52475,Warlock,Demonology,Diabolist,DPS,CN,Kings' Rest,12,1,1494.5,174784,2,311.0,2026-08-23,0,-1,,,,
39834,21978,Druid,Guardian,Elune's Chosen,Tank,EU,Den of Nalorakk,12,1,1513.8,85592,0,307.0,2026-08-21,0,-1,1535.0,20.0,,
39834,21979,Monk,Mistweaver,Conduit of the Celestials,Healer,EU,Den of Nalorakk,12,1,1513.8,55986,0,308.0,2026-08-21,0,-1,1535.0,20.0,,
39834,21981,DeathKnight,Unholy,Rider of the Apocalypse,DPS,EU,Den of Nalorakk,12,1,1513.8,173796,1,295.0,2026-08-21,0,-1,1535.0,20.0,,
39834,85143,Shaman,Elemental,Farseer,DPS,EU,Den of Nalorakk,12,1,1513.8,210206,0,310.0,2026-08-21,0,-1,1535.0,20.0,,
39834,85144,Mage,Arcane,Sunfury,DPS,EU,Den of Nalorakk,12,1,1513.8,197840,1,308.0,2026-08-21,0,-1,1535.0,20.0,,
38256,82204,Paladin,Protection,Lightsmith,Tank,EU,The Blinding Vale,13,1,1635.8,89050,0,294.0,2026-08-21,0,-1,1657.0,7.9,,
38256,52953,Priest,Holy,Oracle,Healer,EU,The Blinding Vale,13,1,1635.8,17331,0,308.0,2026-08-21,0,-1,1657.0,7.9,,
38256,54270,Rogue,Assassination,Deathstalker,DPS,EU,The Blinding Vale,13,1,1635.8,253619,1,304.0,2026-08-21,0,-1,1657.0,7.9,,
38256,52954,Mage,Arcane,Sunfury,DPS,EU,The Blinding Vale,13,1,1635.8,233820,1,303.0,2026-08-21,0,-1,1657.0,7.9,,
38256,52956,DeathKnight,Unholy,Rider of the Apocalypse,DPS,EU,The Blinding Vale,13,1,1635.8,218443,0,303.0,2026-08-21,0,-1,1657.0,7.9,,
76314,22224,Druid,Guardian,Elune's Chosen,Tank,US,Voidscar Arena,15,1,1724.3,139702,0,312.0,2026-08-22,0,-1,1761.0,2.2,,
76314,923,Shaman,Restoration,Farseer,Healer,US,Voidscar Arena,15,1,1724.3,33460,1,303.0,2026-08-22,0,-1,1761.0,2.2,,3302
76314,20576,Paladin,Retribution,Templar,DPS,US,Voidscar Arena,15,1,1724.3,237665,0,311.0,2026-08-22,0,-1,1761.0,2.2,,
76314,53673,DemonHunter,Havoc,Fel-Scarred,DPS,US,Voidscar Arena,15,1,1724.3,214125,1,305.0,2026-08-22,0,-1,1761.0,2.2,,
76314,16472,Mage,Arcane,Sunfury,DPS,US,Voidscar Arena,15,1,1724.3,243867,1,309.0,2026-08-22,0,-1,1761.0,2.2,,
17127,37869,DeathKnight,Blood,San'layn,Tank,EU,Altar of Fangs,11,1,1553.9,131710,0,301.0,2026-08-19,0,-1,1550.0,13.9,,
17127,37870,Paladin,Holy,Herald of the Sun,Healer,EU,Altar of Fangs,11,1,1553.9,27808,0,296.0,2026-08-19,0,-1,1550.0,13.9,,
17127,37871,Shaman,Elemental,Farseer,DPS,EU,Altar of Fangs,11,1,1553.9,179109,0,291.0,2026-08-19,0,-1,1550.0,13.9,,
17127,37872,DemonHunter,Havoc,Fel-Scarred,DPS,EU,Altar of Fangs,11,1,1553.9,195281,0,299.0,2026-08-19,0,-1,1550.0,13.9,,
17127,19111,Warrior,Arms,Slayer,DPS,EU,Altar of Fangs,11,1,1553.9,217501,1,300.0,2026-08-19,0,-1,1550.0,13.9,,
76806,38814,Paladin,Protection,Lightsmith,Tank,EU,Ruby Life Pools,14,1,1550.1,99539,1,310.0,2026-08-21,0,-1,1572.0,6.5,,
76806,60437,Shaman,Restoration,Totemic,Healer,EU,Ruby Life Pools,14,1,1550.1,32219,0,304.0,2026-08-21,0,-1,1572.0,6.5,,
76806,48313,Mage,Arcane,Sunfury,DPS,EU,Ruby Life Pools,14,1,1550.1,253766,1,311.0,2026-08-21,0,-1,1572.0,6.5,,
76806,75148,Warrior,Arms,Slayer,DPS,EU,Ruby Life Pools,14,1,1550.1,227424,0,309.0,2026-08-21,0,-1,1572.0,6.5,,
76806,22478,DemonHunter,Devourer,Annihilator,DPS,EU,Ruby Life Pools,14,1,1550.1,229445,0,304.0,2026-08-21,0,-1,1572.0,6.5,,
85959,121511,Paladin,Protection,Lightsmith,Tank,US,Temple of Sethraliss,5,1,1154.4,111601,0,294.0,2026-08-23,0,-1,1146.0,40.3,2,
85959,151226,Evoker,Preservation,Flameshaper,Healer,US,Temple of Sethraliss,5,1,1154.4,32276,0,281.0,2026-08-23,0,-1,1146.0,40.3,0,
85959,151484,Druid,Feral,Wildstalker,DPS,US,Temple of Sethraliss,5,1,1154.4,121334,0,292.0,2026-08-23,0,-1,1146.0,40.3,0,
85959,151485,Mage,Arcane,Sunfury,DPS,US,Temple of Sethraliss,5,1,1154.4,105301,0,291.0,2026-08-23,0,-1,1146.0,40.3,0,
85959,151486,Hunter,Marksmanship,Sentinel,DPS,US,Temple of Sethraliss,5,1,1154.4,96766,0,293.0,2026-08-23,0,-1,1146.0,40.3,0,
33897,57767,DeathKnight,Blood,San'layn,Tank,EU,Ruby Life Pools,12,1,1375.4,150574,1,307.0,2026-08-21,0,-1,1382.0,17.8,,
33897,57768,Paladin,Holy,Herald of the Sun,Healer,EU,Ruby Life Pools,12,1,1375.4,18470,0,306.0,2026-08-21,0,-1,1382.0,17.8,,
33897,73394,Mage,Arcane,Sunfury,DPS,EU,Ruby Life Pools,12,1,1375.4,241094,0,305.0,2026-08-21,0,-1,1382.0,17.8,,
33897,73395,DemonHunter,Devourer,Annihilator,DPS,EU,Ruby Life Pools,12,1,1375.4,186020,0,303.0,2026-08-21,0,-1,1382.0,17.8,,
33897,73396,Warlock,Destruction,Diabolist,DPS,EU,Ruby Life Pools,12,1,1375.4,215230,0,303.0,2026-08-21,0,-1,1382.0,17.8,,
33695,58591,Paladin,Protection,Lightsmith,Tank,US,The Blinding Vale,6,1,1015.7,103121,0,291.0,2026-08-22,0,-1,1007.0,44.1,,
33695,72965,Paladin,Holy,Herald of the Sun,Healer,US,The Blinding Vale,6,1,1015.7,15048,0,298.0,2026-08-22,0,-1,1007.0,44.1,,
33695,72966,Rogue,Assassination,Deathstalker,DPS,US,The Blinding Vale,6,1,1015.7,177292,0,295.0,2026-08-22,0,-1,1007.0,44.1,,
33695,58595,Druid,Feral,Wildstalker,DPS,US,The Blinding Vale,6,1,1015.7,173081,0,294.0,2026-08-22,0,-1,1007.0,44.1,,
33695,69090,Hunter,BeastMastery,Pack Leader,DPS,US,The Blinding Vale,6,1,1015.7,134775,0,292.0,2026-08-22,0,-1,1007.0,44.1,,
49159,66776,DeathKnight,Blood,Unknown,Tank,EU,Ruby Life Pools,10,1,1057.4,123221,0,301.0,2026-08-22,0,-1,,,,
49159,104044,Paladin,Holy,Unknown,Healer,EU,Ruby Life Pools,10,1,1057.4,33707,1,288.0,2026-08-22,0,-1,,,,
49159,104045,Druid,Balance,Unknown,DPS,EU,Ruby Life Pools,10,1,1057.4,231774,0,304.0,2026-08-22,0,-1,,,,
49159,104046,Shaman,Elemental,Unknown,DPS,EU,Ruby Life Pools,10,1,1057.4,215298,0,302.0,2026-08-22,0,-1,,,,
49159,66779,Mage,Arcane,Unknown,DPS,EU,Ruby Life Pools,10,1,1057.4,251336,0,305.0,2026-08-22,0,-1,,,,
68459,111558,Paladin,Protection,Lightsmith,Tank,US,Ruby Life Pools,15,1,1549.2,113762,0,303.0,2026-08-23,0,-1,1556.0,7.4,,
68459,56560,Evoker,Preservation,Flameshaper,Healer,US,Ruby Life Pools,15,1,1549.2,48426,0,308.0,2026-08-23,0,-1,1556.0,7.4,,
68459,5356,Hunter,Marksmanship,Sentinel,DPS,US,Ruby Life Pools,15,1,1549.2,214402,1,308.0,2026-08-23,0,-1,1556.0,7.4,,
68459,122696,Mage,Arcane,Sunfury,DPS,US,Ruby Life Pools,15,1,1549.2,258722,0,308.0,2026-08-23,0,-1,1556.0,7.4,,
68459,3356,Warlock,Demonology,Diabolist,DPS,US,Ruby Life Pools,15,1,1549.2,292400,0,309.0,2026-08-23,0,-1,1556.0,7.4,,
1172,3653,Warrior,Protection,Mountain Thane,Tank,US,Altar of Fangs,11,0,2009.8,77625,2,292.0,2026-08-19,0,-1,2046.0,-13.7,,
1172,997,Priest,Discipline,Oracle,Healer,US,Altar of Fangs,11,0,2009.8,15998,3,296.0,2026-08-19,0,-1,2046.0,-13.7,,
1172,999,Hunter,Marksmanship,Sentinel,DPS,US,Altar of Fangs,11,0,2009.8,174700,3,294.0,2026-08-19,0,-1,2046.0,-13.7,,
1172,3654,Rogue,Assassination,Deathstalker,DPS,US,Altar of Fangs,11,0,2009.8,213320,2,295.0,2026-08-19,0,-1,2046.0,-13.7,,
1172,1000,Mage,Arcane,Sunfury,DPS,US,Altar of Fangs,11,0,2009.8,152410,3,299.0,2026-08-19,0,-1,2046.0,-13.7,,
1081,2803,Warrior,Protection,Mountain Thane,Tank,US,The Blinding Vale,10,1,1289.7,144817,1,295.0,2026-08-18,0,-1,1291.0,28.3,,2702
1081,2804,Paladin,Holy,Herald of the Sun,Healer,US,The Blinding Vale,10,1,1289.7,3528,1,293.0,2026-08-18,0,-1,1291.0,28.3,,2570
1081,2805,Warrior,Arms,Slayer,DPS,US,The Blinding Vale,10,1,1289.7,234495,0,295.0,2026-08-18,0,-1,1291.0,28.3,,2685
1081,2806,Hunter,Marksmanship,Sentinel,DPS,US,The Blinding Vale,10,1,1289.7,224622,0,292.0,2026-08-18,0,-1,1291.0,28.3,,2747
1081,2807,DemonHunter,Devourer,Annihilator,DPS,US,The Blinding Vale,10,1,1289.7,255709,0,295.0,2026-08-18,0,-1,1291.0,28.3,,2684
47643,67016,Paladin,Protection,Lightsmith,Tank,EU,The Blinding Vale,13,1,1630.8,113949,0,298.0,2026-08-22,0,-1,,,,
47643,74376,Priest,Discipline,Oracle,Healer,EU,The Blinding Vale,13,1,1630.8,18744,0,301.0,2026-08-22,0,-1,,,,
47643,74377,Shaman,Enhancement,Stormbringer,DPS,EU,The Blinding Vale,13,1,1630.8,217366,0,306.0,2026-08-22,0,-1,,,,
47643,100692,Monk,Windwalker,Shado-Pan,DPS,EU,The Blinding Vale,13,1,1630.8,217266,0,300.0,2026-08-22,0,-1,,,,
47643,89167,DeathKnight,Unholy,Rider of the Apocalypse,DPS,EU,The Blinding Vale,13,1,1630.8,192805,0,307.0,2026-08-22,0,-1,,,,
32678,41269,DeathKnight,Blood,Deathbringer,Tank,US,Voidscar Arena,13,1,1656.5,106761,0,307.0,2026-08-21,0,-1,1678.0,6.8,,
32678,51335,Paladin,Holy,Herald of the Sun,Healer,US,Voidscar Arena,13,1,1656.5,35179,0,307.0,2026-08-21,0,-1,1678.0,6.8,,
32678,22598,Paladin,Retribution,Templar,DPS,US,Voidscar Arena,13,1,1656.5,170240,0,313.0,2026-08-21,0,-1,1678.0,6.8,,
32678,15804,Mage,Arcane,Sunfury,DPS,US,Voidscar Arena,13,1,1656.5,213521,1,308.0,2026-08-21,0,-1,1678.0,6.8,,
32678,23066,Druid,Balance,Elune's Chosen,DPS,US,Voidscar Arena,13,1,1656.5,211749,1,311.0,2026-08-21,0,-1,1678.0,6.8,,
43976,23772,DemonHunter,Vengeance,Annihilator,Tank,EU,Kings' Rest,12,1,1565.5,98222,0,306.0,2026-08-22,0,-1,,,,
43976,75981,Paladin,Holy,Herald of the Sun,Healer,EU,Kings' Rest,12,1,1565.5,17082,0,299.0,2026-08-22,0,-1,,,,
43976,65788,Priest,Shadow,Voidweaver,DPS,EU,Kings' Rest,12,1,1565.5,149084,0,297.0,2026-08-22,0,-1,,,,
43976,22599,Shaman,Elemental,Farseer,DPS,EU,Kings' Rest,12,1,1565.5,151341,0,298.0,2026-08-22,0,-1,,,,
43976,85144,Mage,Arcane,Sunfury,DPS,EU,Kings' Rest,12,1,1565.5,150713,0,308.0,2026-08-22,0,-1,,,,
25184,55960,Druid,Guardian,Elune's Chosen,Tank,US,Altar of Fangs,13,1,1634.2,96004,0,307.0,2026-08-22,0,-1,1701.0,5.5,,
25184,23202,Priest,Holy,Oracle,Healer,US,Altar of Fangs,13,1,1634.2,41858,0,309.0,2026-08-22,0,-1,1701.0,5.5,,
25184,55961,Mage,Arcane,Sunfury,DPS,US,Altar of Fangs,13,1,1634.2,252251,1,306.0,2026-08-22,0,-1,1701.0,5.5,,
25184,55962,DemonHunter,Devourer,Void-Scarred,DPS,US,Altar of Fangs,13,1,1634.2,224218,2,304.0,2026-08-22,0,-1,1701.0,5.5,,
25184,28644,Paladin,Retribution,Herald of the Sun,DPS,US,Altar of Fangs,13,1,1634.2,198269,2,300.0,2026-08-22,0,-1,1701.0,5.5,,
68997,4092,Druid,Guardian,Elune's Chosen,Tank,US,Murder Row,17,1,1934.0,159876,1,311.0,2026-08-22,0,-1,2031.0,0.5,,3424
68997,2047,Priest,Holy,Oracle,Healer,US,Murder Row,17,1,1934.0,19615,1,312.0,2026-08-22,0,-1,2031.0,0.5,,3384
68997,2335,Mage,Arcane,Sunfury,DPS,US,Murder Row,17,1,1934.0,270334,2,308.0,2026-08-22,0,-1,2031.0,0.5,,3459
68997,1835,Monk,Windwalker,Conduit of the Celestials,DPS,US,Murder Row,17,1,1934.0,291294,1,310.0,2026-08-22,0,-1,2031.0,0.5,,
68997,3050,Warrior,Fury,Slayer,DPS,US,Murder Row,17,1,1934.0,279108,2,306.0,2026-08-22,0,-1,2031.0,0.5,,3424
78800,41841,DeathKnight,Blood,San'layn,Tank,EU,Ruby Life Pools,12,1,1181.1,197079,0,307.0,2026-08-21,0,-1,1187.0,29.3,,
78800,17165,Paladin,Holy,Herald of the Sun,Healer,EU,Ruby Life Pools,12,1,1181.1,24075,0,303.0,2026-08-21,0,-1,1187.0,29.3,,2997
78800,83090,Hunter,BeastMastery,Pack Leader,DPS,EU,Ruby Life Pools,12,1,1181.1,183328,0,306.0,2026-08-21,0,-1,1187.0,29.3,,
78800,83091,Druid,Balance,Elune's Chosen,DPS,EU,Ruby Life Pools,12,1,1181.1,209417,1,298.0,2026-08-21,0,-1,1187.0,29.3,,
78800,14887,Mage,Arcane,Sunfury,DPS,EU,Ruby Life Pools,12,1,1181.1,291401,0,306.0,2026-08-21,0,-1,1187.0,29.3,,2953
39297,67340,DeathKnight,Blood,San'layn,Tank,US,Temple of Sethraliss,11,1,1293.1,132764,0,306.0,2026-08-21,0,-1,1300.0,32.3,,
39297,67341,Monk,Mistweaver,Conduit of the Celestials,Healer,US,Temple of Sethraliss,11,1,1293.1,37264,0,300.0,2026-08-21,0,-1,1300.0,32.3,,
39297,34523,Warlock,Demonology,Diabolist,DPS,US,Temple of Sethraliss,11,1,1293.1,232853,2,304.0,2026-08-21,0,-1,1300.0,32.3,,
39297,84171,Hunter,Survival,Sentinel,DPS,US,Temple of Sethraliss,11,1,1293.1,153532,1,296.0,2026-08-21,0,-1,1300.0,32.3,,
39297,1292,Druid,Balance,Elune's Chosen,DPS,US,Temple of Sethraliss,11,1,1293.1,230631,0,310.0,2026-08-21,0,-1,1300.0,32.3,,
25946,57606,Monk,Brewmaster,Master of Harmony,Tank,US,The Blinding Vale,12,1,1481.6,78602,0,305.0,2026-08-22,0,-1,1488.0,17.3,,
25946,57607,Evoker,Preservation,Flameshaper,Healer,US,The Blinding Vale,12,1,1481.6,46852,0,312.0,2026-08-22,0,-1,1488.0,17.3,,
25946,57608,Mage,Arcane,Sunfury,DPS,US,The Blinding Vale,12,1,1481.6,251221,0,310.0,2026-08-22,0,-1,1488.0,17.3,,
25946,57609,Mage,Arcane,Sunfury,DPS,US,The Blinding Vale,12,1,1481.6,202152,0,300.0,2026-08-22,0,-1,1488.0,17.3,,
25946,57610,Hunter,Marksmanship,Sentinel,DPS,US,The Blinding Vale,12,1,1481.6,169419,1,306.0,2026-08-22,0,-1,1488.0,17.3,,
9757,13458,Paladin,Protection,Lightsmith,Tank,EU,Temple of Sethraliss,11,1,1485.9,124803,0,295.0,2026-08-19,0,-1,1493.0,22.3,,2666
9757,19246,Paladin,Holy,Herald of the Sun,Healer,EU,Temple of Sethraliss,11,1,1485.9,11475,1,293.0,2026-08-19,0,-1,1493.0,22.3,,
9757,19247,Paladin,Retribution,Templar,DPS,EU,Temple of Sethraliss,11,1,1485.9,168090,1,289.0,2026-08-19,0,-1,1493.0,22.3,,
9757,19248,Mage,Arcane,Sunfury,DPS,EU,Temple of Sethraliss,11,1,1485.9,122674,1,297.0,2026-08-19,0,-1,1493.0,22.3,,
9757,13421,Rogue,Assassination,Deathstalker,DPS,EU,Temple of Sethraliss,11,1,1485.9,253066,0,301.0,2026-08-19,0,-1,1493.0,22.3,,3210
28189,60421,DeathKnight,Blood,San'layn,Tank,US,Kings' Rest,10,1,1165.2,76264,0,307.0,2026-08-21,0,-1,1157.0,41.6,,
28189,60422,Monk,Mistweaver,Conduit of the Celestials,Healer,US,Kings' Rest,10,1,1165.2,41100,0,296.0,2026-08-21,0,-1,1157.0,41.6,,
28189,54667,Priest,Shadow,Archon,DPS,US,Kings' Rest,10,1,1165.2,157814,0,298.0,2026-08-21,0,-1,1157.0,41.6,,
28189,3447,Mage,Arcane,Sunfury,DPS,US,Kings' Rest,10,1,1165.2,188917,0,302.0,2026-08-21,0,-1,1157.0,41.6,,
28189,60424,Evoker,Devastation,Scalecommander,DPS,US,Kings' Rest,10,1,1165.2,164963,0,306.0,2026-08-21,0,-1,1157.0,41.6,,
58644,100702,DeathKnight,Blood,San'layn,Tank,CN,Den of Nalorakk,11,1,1271.0,121310,0,302.0,2026-08-23,0,-1,1268.0,34.0,,
58644,100703,Paladin,Holy,Lightsmith,Healer,CN,Den of Nalorakk,11,1,1271.0,67680,0,313.0,2026-08-23,0,-1,1268.0,34.0,,
58644,123277,Warrior,Arms,Slayer,DPS,CN,Den of Nalorakk,11,1,1271.0,228164,0,312.0,2026-08-23,0,-1,1268.0,34.0,,
58644,100704,DemonHunter,Devourer,Void-Scarred,DPS,CN,Den of Nalorakk,11,1,1271.0,141392,1,296.0,2026-08-23,0,-1,1268.0,34.0,,
58644,125186,Shaman,Elemental,Farseer,DPS,CN,Den of Nalorakk,11,1,1271.0,169767,0,304.0,2026-08-23,0,-1,1268.0,34.0,,
56226,12534,Druid,Guardian,Elune's Chosen,Tank,US,Ruby Life Pools,14,0,1557.3,124282,2,309.0,2026-08-23,0,-1,,,,
56226,119375,Shaman,Restoration,Totemic,Healer,US,Ruby Life Pools,14,0,1557.3,28925,3,297.0,2026-08-23,0,-1,,,,
56226,51102,Paladin,Retribution,Templar,DPS,US,Ruby Life Pools,14,0,1557.3,278642,3,312.0,2026-08-23,0,-1,,,,
56226,12477,Warrior,Arms,Slayer,DPS,US,Ruby Life Pools,14,0,1557.3,257542,4,310.0,2026-08-23,0,-1,,,,
56226,86012,Rogue,Outlaw,Trickster,DPS,US,Ruby Life Pools,14,0,1557.3,260238,2,299.0,2026-08-23,0,-1,,,,
42532,67763,Warrior,Protection,Mountain Thane,Tank,CN,Voidscar Arena,13,1,1643.3,123708,0,309.0,2026-08-22,0,-1,,,,
42532,67764,Paladin,Holy,Lightsmith,Healer,CN,Voidscar Arena,13,1,1643.3,65149,0,310.0,2026-08-22,0,-1,,,,
42532,77175,Shaman,Elemental,Farseer,DPS,CN,Voidscar Arena,13,1,1643.3,235645,0,309.0,2026-08-22,0,-1,,,,
42532,82200,Monk,Windwalker,Conduit of the Celestials,DPS,CN,Voidscar Arena,13,1,1643.3,109845,4,297.0,2026-08-22,0,-1,,,,
42532,86168,Priest,Shadow,Voidweaver,DPS,CN,Voidscar Arena,13,1,1643.3,200382,0,295.0,2026-08-22,0,-1,,,,
22700,6002,DeathKnight,Blood,Deathbringer,Tank,US,Altar of Fangs,11,1,1418.5,116916,0,297.0,2026-08-19,0,-1,1426.0,20.8,,3001
22700,21960,Shaman,Restoration,Totemic,Healer,US,Altar of Fangs,11,1,1418.5,25291,1,296.0,2026-08-19,0,-1,1426.0,20.8,,
22700,43919,Warrior,Arms,Slayer,DPS,US,Altar of Fangs,11,1,1418.5,220638,2,295.0,2026-08-19,0,-1,1426.0,20.8,,
22700,21959,DeathKnight,Unholy,Rider of the Apocalypse,DPS,US,Altar of Fangs,11,1,1418.5,237503,0,298.0,2026-08-19,0,-1,1426.0,20.8,,
22700,6005,DemonHunter,Devourer,Void-Scarred,DPS,US,Altar of Fangs,11,1,1418.5,203071,0,297.0,2026-08-19,0,-1,1426.0,20.8,,2960
31695,68260,Druid,Guardian,Elune's Chosen,Tank,EU,Den of Nalorakk,6,1,1153.7,77493,0,293.0,2026-08-20,0,-1,1150.0,40.1,,
31695,68261,Priest,Holy,Oracle,Healer,EU,Den of Nalorakk,6,1,1153.7,21867,0,294.0,2026-08-20,0,-1,1150.0,40.1,,
31695,32491,Hunter,BeastMastery,Pack Leader,DPS,EU,Den of Nalorakk,6,1,1153.7,117487,0,294.0,2026-08-20,0,-1,1150.0,40.1,,
31695,32490,Shaman,Elemental,Farseer,DPS,EU,Den of Nalorakk,6,1,1153.7,148066,0,297.0,2026-08-20,0,-1,1150.0,40.1,,
31695,68262,Druid,Balance,Elune's Chosen,DPS,EU,Den of Nalorakk,6,1,1153.7,105740,1,294.0,2026-08-20,0,-1,1150.0,40.1,,
6368,70,Paladin,Protection,Lightsmith,Tank,US,Altar of Fangs,11,1,1283.0,108773,0,300.0,2026-08-19,0,-1,1275.0,29.2,,3007
6368,2234,Priest,Discipline,Voidweaver,Healer,US,Altar of Fangs,11,1,1283.0,42946,0,301.0,2026-08-19,0,-1,1275.0,29.2,,2939
6368,2235,Rogue,Subtlety,Deathstalker,DPS,US,Altar of Fangs,11,1,1283.0,264200,0,302.0,2026-08-19,0,-1,1275.0,29.2,,2754
6368,72,Hunter,Marksmanship,Sentinel,DPS,US,Altar of Fangs,11,1,1283.0,228160,0,298.0,2026-08-19,0,-1,1275.0,29.2,,2981
6368,942,Paladin,Retribution,Herald of the Sun,DPS,US,Altar of Fangs,11,1,1283.0,257510,0,302.0,2026-08-19,0,-1,1275.0,29.2,,
15211,31989,Druid,Guardian,Elune's Chosen,Tank,EU,Temple of Sethraliss,9,1,1196.5,76293,0,298.0,2026-08-19,0,-1,1188.0,38.1,,
15211,31990,Paladin,Holy,Herald of the Sun,Healer,EU,Temple of Sethraliss,9,1,1196.5,18038,0,291.0,2026-08-19,0,-1,1188.0,38.1,,
15211,31991,Shaman,Elemental,Farseer,DPS,EU,Temple of Sethraliss,9,1,1196.5,221670,0,294.0,2026-08-19,0,-1,1188.0,38.1,,
15211,31992,Mage,Arcane,Sunfury,DPS,EU,Temple of Sethraliss,9,1,1196.5,188477,0,293.0,2026-08-19,0,-1,1188.0,38.1,,
15211,31993,Hunter,BeastMastery,Pack Leader,DPS,EU,Temple of Sethraliss,9,1,1196.5,173918,0,296.0,2026-08-19,0,-1,1188.0,38.1,,
1949,3168,Monk,Brewmaster,Master of Harmony,Tank,US,Temple of Sethraliss,10,1,1407.8,75866,0,293.0,2026-08-19,0,-1,1399.0,27.1,,
1949,3169,Paladin,Holy,Lightsmith,Healer,US,Temple of Sethraliss,10,1,1407.8,28748,0,297.0,2026-08-19,0,-1,1399.0,27.1,,
1949,3172,Evoker,Devastation,Scalecommander,DPS,US,Temple of Sethraliss,10,1,1407.8,178603,0,292.0,2026-08-19,0,-1,1399.0,27.1,,
1949,3170,DemonHunter,Devourer,Void-Scarred,DPS,US,Temple of Sethraliss,10,1,1407.8,173071,0,297.0,2026-08-19,0,-1,1399.0,27.1,,
1949,3171,Warrior,Arms,Slayer,DPS,US,Temple of Sethraliss,10,1,1407.8,172628,0,297.0,2026-08-19,0,-1,1399.0,27.1,,
32722,68263,DeathKnight,Blood,San'layn,Tank,CN,Murder Row,11,1,1177.9,153201,0,298.0,2026-08-21,0,-1,1170.0,42.7,,
32722,46509,Paladin,Holy,Lightsmith,Healer,CN,Murder Row,11,1,1177.9,63942,0,299.0,2026-08-21,0,-1,1170.0,42.7,,
32722,68264,Mage,Arcane,Sunfury,DPS,CN,Murder Row,11,1,1177.9,236623,0,307.0,2026-08-21,0,-1,1170.0,42.7,,
32722,46508,DemonHunter,Devourer,Void-Scarred,DPS,CN,Murder Row,11,1,1177.9,194718,0,295.0,2026-08-21,0,-1,1170.0,42.7,,
32722,47398,Mage,Arcane,Sunfury,DPS,CN,Murder Row,11,1,1177.9,236144,0,300.0,2026-08-21,0,-1,1170.0,42.7,,
7763,1076,DeathKnight,Blood,San'layn,Tank,US,Murder Row,12,1,1889.2,101308,1,296.0,2026-08-19,0,-1,1971.0,3.4,,2834
7763,1077,Paladin,Holy,Herald of the Sun,Healer,US,Murder Row,12,1,1889.2,14552,1,285.0,2026-08-19,0,-1,1971.0,3.4,,2735
7763,1080,DeathKnight,Unholy,Rider of the Apocalypse,DPS,US,Murder Row,12,1,1889.2,152458,1,299.0,2026-08-19,0,-1,1971.0,3.4,,2826
7763,13299,Warlock,Demonology,Diabolist,DPS,US,Murder Row,12,1,1889.2,191534,2,298.0,2026-08-19,0,-1,1971.0,3.4,,
7763,1079,Mage,Arcane,Sunfury,DPS,US,Murder Row,12,1,1889.2,180079,1,300.0,2026-08-19,0,-1,1971.0,3.4,,2837
46685,98640,Paladin,Protection,Templar,Tank,US,Voidscar Arena,2,1,1036.1,62290,0,298.0,2026-08-22,0,-1,,,,
46685,98641,Priest,Holy,Oracle,Healer,US,Voidscar Arena,2,1,1036.1,18947,0,262.0,2026-08-22,0,-1,,,,
46685,98642,DemonHunter,Devourer,Void-Scarred,DPS,US,Voidscar Arena,2,1,1036.1,84422,1,280.0,2026-08-22,0,-1,,,,
46685,98643,Hunter,BeastMastery,Pack Leader,DPS,US,Voidscar Arena,2,1,1036.1,79387,0,287.0,2026-08-22,0,-1,,,,
46685,98644,Mage,Arcane,Sunfury,DPS,US,Voidscar Arena,2,1,1036.1,105864,1,291.0,2026-08-22,0,-1,,,,
78426,67383,DeathKnight,Blood,San'layn,Tank,CN,Kings' Rest,14,1,1629.2,98091,1,306.0,2026-08-21,0,-1,1680.0,15.1,,
78426,67384,Paladin,Holy,Herald of the Sun,Healer,CN,Kings' Rest,14,1,1629.2,10184,0,304.0,2026-08-21,0,-1,1680.0,15.1,,
78426,79113,Shaman,Elemental,Farseer,DPS,CN,Kings' Rest,14,1,1629.2,190355,1,304.0,2026-08-21,0,-1,1680.0,15.1,,
78426,67386,Mage,Arcane,Sunfury,DPS,CN,Kings' Rest,14,1,1629.2,201191,1,307.0,2026-08-21,0,-1,1680.0,15.1,,
78426,71882,Druid,Feral,Druid of the Claw,DPS,CN,Kings' Rest,14,1,1629.2,169246,1,306.0,2026-08-21,0,-1,1680.0,15.1,,
64436,19590,DeathKnight,Blood,San'layn,Tank,EU,Murder Row,14,1,1864.8,115828,0,305.0,2026-08-21,0,-1,1886.0,7.5,,
64436,21101,Shaman,Restoration,Totemic,Healer,EU,Murder Row,14,1,1864.8,38590,0,303.0,2026-08-21,0,-1,1886.0,7.5,,
64436,13083,DemonHunter,Havoc,Aldrachi Reaver,DPS,EU,Murder Row,14,1,1864.8,169614,1,300.0,2026-08-21,0,-1,1886.0,7.5,,
64436,23250,DemonHunter,Devourer,Void-Scarred,DPS,EU,Murder Row,14,1,1864.8,238676,1,307.0,2026-08-21,0,-1,1886.0,7.5,,
64436,13087,Mage,Arcane,Sunfury,DPS,EU,Murder Row,14,1,1864.8,263313,0,307.0,2026-08-21,0,-1,1886.0,7.5,,
9905,19670,DeathKnight,Blood,San'layn,Tank,EU,The Blinding Vale,11,1,1471.7,151817,0,293.0,2026-08-19,0,-1,1478.0,17.9,,
9905,19671,Shaman,Restoration,Totemic,Healer,EU,The Blinding Vale,11,1,1471.7,17352,0,294.0,2026-08-19,0,-1,1478.0,17.9,,
9905,19672,Druid,Balance,Elune's Chosen,DPS,EU,The Blinding Vale,11,1,1471.7,164872,0,295.0,2026-08-19,0,-1,1478.0,17.9,,
9905,19673,Warlock,Demonology,Diabolist,DPS,EU,The Blinding Vale,11,1,1471.7,204964,1,292.0,2026-08-19,0,-1,1478.0,17.9,,
9905,19674,Priest,Shadow,Archon,DPS,EU,The Blinding Vale,11,1,1471.7,147371,2,291.0,2026-08-19,0,-1,1478.0,17.9,,
60273,19556,DeathKnight,Blood,San'layn,Tank,EU,Kings' Rest,6,1,1192.6,95772,0,307.0,2026-08-23,0,-1,1184.0,40.2,,
60273,126540,Paladin,Holy,Herald of the Sun,Healer,EU,Kings' Rest,6,1,1192.6,10490,0,287.0,2026-08-23,0,-1,1184.0,40.2,,
60273,129072,Shaman,Elemental,Farseer,DPS,EU,Kings' Rest,6,1,1192.6,91960,0,288.0,2026-08-23,0,-1,1184.0,40.2,,
60273,129073,Warrior,Arms,Slayer,DPS,EU,Kings' Rest,6,1,1192.6,81002,0,288.0,2026-08-23,0,-1,1184.0,40.2,,
60273,64822,Mage,Arcane,Sunfury,DPS,EU,Kings' Rest,6,1,1192.6,102622,0,301.0,2026-08-23,0,-1,1184.0,40.2,,
52798,52937,Warrior,Protection,Mountain Thane,Tank,US,Altar of Fangs,10,1,1017.0,169182,0,301.0,2026-08-22,0,-1,1009.0,44.0,,
52798,12018,Shaman,Restoration,Totemic,Healer,US,Altar of Fangs,10,1,1017.0,31807,0,301.0,2026-08-22,0,-1,1009.0,44.0,,
52798,52938,Mage,Arcane,Sunfury,DPS,US,Altar of Fangs,10,1,1017.0,277457,0,308.0,2026-08-22,0,-1,1009.0,44.0,,
52798,110854,Paladin,Retribution,Herald of the Sun,DPS,US,Altar of Fangs,10,1,1017.0,228735,0,311.0,2026-08-22,0,-1,1009.0,44.0,,
52798,21818,Monk,Windwalker,Conduit of the Celestials,DPS,US,Altar of Fangs,10,1,1017.0,307012,0,310.0,2026-08-22,0,-1,1009.0,44.0,,
84783,91145,DeathKnight,Blood,San'layn,Tank,EU,The Blinding Vale,14,1,1498.8,137394,0,311.0,2026-08-23,0,-1,1536.0,14.7,2,
84783,19391,Shaman,Restoration,Totemic,Healer,EU,The Blinding Vale,14,1,1498.8,27537,1,311.0,2026-08-23,0,-1,1536.0,14.7,,
84783,145159,Warrior,Arms,Slayer,DPS,EU,The Blinding Vale,14,1,1498.8,179046,1,304.0,2026-08-23,0,-1,1536.0,14.7,2,
84783,98358,Monk,Windwalker,Shado-Pan,DPS,EU,The Blinding Vale,14,1,1498.8,293094,0,311.0,2026-08-23,0,-1,1536.0,14.7,4,
84783,17655,Mage,Arcane,Sunfury,DPS,EU,The Blinding Vale,14,1,1498.8,263432,1,309.0,2026-08-23,0,-1,1536.0,14.7,2,
45289,95391,Paladin,Protection,Lightsmith,Tank,US,The Blinding Vale,6,1,950.8,67160,0,296.0,2026-08-22,0,-1,,,,
45289,95392,Shaman,Restoration,Totemic,Healer,US,The Blinding Vale,6,1,950.8,22850,0,292.0,2026-08-22,0,-1,,,,
45289,95393,DeathKnight,Unholy,Rider of the Apocalypse,DPS,US,The Blinding Vale,6,1,950.8,123992,0,294.0,2026-08-22,0,-1,,,,
45289,82,Rogue,Subtlety,Trickster,DPS,US,The Blinding Vale,6,1,950.8,199367,0,305.0,2026-08-22,0,-1,,,,
45289,5589,Monk,Windwalker,Shado-Pan,DPS,US,The Blinding Vale,6,1,950.8,190198,0,306.0,2026-08-22,0,-1,,,,
56138,119176,DeathKnight,Blood,San'layn,Tank,KR,Voidscar Arena,11,1,1220.4,87002,0,294.0,2026-08-23,0,-1,,,,
56138,119177,Shaman,Restoration,Totemic,Healer,KR,Voidscar Arena,11,1,1220.4,17262,1,303.0,2026-08-23,0,-1,,,,
56138,119178,DemonHunter,Devourer,Annihilator,DPS,KR,Voidscar Arena,11,1,1220.4,216526,0,305.0,2026-08-23,0,-1,,,,
56138,119179,Shaman,Elemental,Farseer,DPS,KR,Voidscar Arena,11,1,1220.4,222130,0,300.0,2026-08-23,0,-1,,,,
56138,119180,Mage,Arcane,Sunfury,DPS,KR,Voidscar Arena,11,1,1220.4,212718,0,307.0,2026-08-23,0,-1,,,,
18769,18730,DeathKnight,Blood,San'layn,Tank,EU,Altar of Fangs,11,1,1417.4,117180,0,296.0,2026-08-19,0,-1,1419.0,21.2,,
18769,18731,Paladin,Holy,Herald of the Sun,Healer,EU,Altar of Fangs,11,1,1417.4,19903,0,307.0,2026-08-19,0,-1,1419.0,21.2,,
18769,41532,Warlock,Destruction,Diabolist,DPS,EU,Altar of Fangs,11,1,1417.4,202447,1,299.0,2026-08-19,0,-1,1419.0,21.2,,
18769,21041,Mage,Arcane,Sunfury,DPS,EU,Altar of Fangs,11,1,1417.4,268785,1,303.0,2026-08-19,0,-1,1419.0,21.2,,
18769,18732,DemonHunter,Devourer,Annihilator,DPS,EU,Altar of Fangs,11,1,1417.4,235407,0,300.0,2026-08-19,0,-1,1419.0,21.2,,
47556,100497,Paladin,Protection,Templar,Tank,EU,Temple of Sethraliss,10,1,1127.5,111003,0,299.0,2026-08-22,0,-1,,,,
47556,100498,Druid,Restoration,Keeper of the Grove,Healer,EU,Temple of Sethraliss,10,1,1127.5,12709,0,301.0,2026-08-22,0,-1,,,,
47556,48050,DemonHunter,Havoc,Fel-Scarred,DPS,EU,Temple of Sethraliss,10,1,1127.5,248180,0,306.0,2026-08-22,0,-1,,,,
47556,72318,Hunter,Marksmanship,Sentinel,DPS,EU,Temple of Sethraliss,10,1,1127.5,211157,0,307.0,2026-08-22,0,-1,,,,
47556,22441,Paladin,Retribution,Templar,DPS,EU,Temple of Sethraliss,10,1,1127.5,232510,0,301.0,2026-08-22,0,-1,,,,
33949,73506,Paladin,Protection,Lightsmith,Tank,US,Ruby Life Pools,11,1,1185.0,129867,1,296.0,2026-08-22,0,-1,1196.0,28.8,,
33949,11258,Paladin,Holy,Herald of the Sun,Healer,US,Ruby Life Pools,11,1,1185.0,12754,1,293.0,2026-08-22,0,-1,1196.0,28.8,,
33949,45371,DeathKnight,Unholy,Rider of the Apocalypse,DPS,US,Ruby Life Pools,11,1,1185.0,291297,1,300.0,2026-08-22,0,-1,1196.0,28.8,,
33949,73507,Hunter,BeastMastery,Pack Leader,DPS,US,Ruby Life Pools,11,1,1185.0,206503,0,293.0,2026-08-22,0,-1,1196.0,28.8,,
33949,73508,DemonHunter,Devourer,Void-Scarred,DPS,US,Ruby Life Pools,11,1,1185.0,226619,1,301.0,2026-08-22,0,-1,1196.0,28.8,,
27422,25267,DeathKnight,Blood,Deathbringer,Tank,EU,Den of Nalorakk,12,1,1570.5,110386,0,299.0,2026-08-21,0,-1,1592.0,17.1,,
27422,25268,Paladin,Holy,Herald of the Sun,Healer,EU,Den of Nalorakk,12,1,1570.5,18897,0,305.0,2026-08-21,0,-1,1592.0,17.1,,
27422,25472,DemonHunter,Devourer,Void-Scarred,DPS,EU,Den of Nalorakk,12,1,1570.5,193208,0,311.0,2026-08-21,0,-1,1592.0,17.1,,
27422,25471,Mage,Arcane,Sunfury,DPS,EU,Den of Nalorakk,12,1,1570.5,193030,0,308.0,2026-08-21,0,-1,1592.0,17.1,,
27422,25270,Warrior,Arms,Slayer,DPS,EU,Den of Nalorakk,12,1,1570.5,171520,2,300.0,2026-08-21,0,-1,1592.0,17.1,,
69573,45874,Druid,Guardian,Elune's Chosen,Tank,EU,Murder Row,14,1,1763.9,107716,0,310.0,2026-08-23,0,-1,1771.0,13.2,,
69573,73638,Shaman,Restoration,Totemic,Healer,EU,Murder Row,14,1,1763.9,24312,0,305.0,2026-08-23,0,-1,1771.0,13.2,,
69573,45876,Warrior,Fury,Slayer,DPS,EU,Murder Row,14,1,1763.9,234935,0,312.0,2026-08-23,0,-1,1771.0,13.2,,
69573,139903,Mage,Arcane,Sunfury,DPS,EU,Murder Row,14,1,1763.9,187001,1,308.0,2026-08-23,0,-1,1771.0,13.2,,
69573,18676,DeathKnight,Unholy,Rider of the Apocalypse,DPS,EU,Murder Row,14,1,1763.9,251080,0,308.0,2026-08-23,0,-1,1771.0,13.2,,
67600,10140,Warrior,Protection,Mountain Thane,Tank,US,Voidscar Arena,12,1,1266.2,138719,0,307.0,2026-08-22,0,-1,1273.0,29.3,,
67600,11942,Shaman,Restoration,Totemic,Healer,US,Voidscar Arena,12,1,1266.2,34166,0,309.0,2026-08-22,0,-1,1273.0,29.3,,
67600,15583,Rogue,Subtlety,Deathstalker,DPS,US,Voidscar Arena,12,1,1266.2,245366,0,309.0,2026-08-22,0,-1,1273.0,29.3,,
67600,136866,Warrior,Arms,Slayer,DPS,US,Voidscar Arena,12,1,1266.2,154661,1,301.0,2026-08-22,0,-1,1273.0,29.3,,
67600,60016,Mage,Arcane,Sunfury,DPS,US,Voidscar Arena,12,1,1266.2,209241,0,310.0,2026-08-22,0,-1,1273.0,29.3,,
72156,53069,DeathKnight,Blood,San'layn,Tank,EU,Den of Nalorakk,14,1,1655.4,124058,0,312.0,2026-08-22,0,-1,1677.0,12.6,,
72156,50073,Paladin,Holy,Herald of the Sun,Healer,EU,Den of Nalorakk,14,1,1655.4,39408,0,312.0,2026-08-22,0,-1,1677.0,12.6,,
72156,52650,Mage,Arcane,Sunfury,DPS,EU,Den of Nalorakk,14,1,1655.4,232597,0,308.0,2026-08-22,0,-1,1677.0,12.6,,
72156,69308,Warrior,Arms,Slayer,DPS,EU,Den of Nalorakk,14,1,1655.4,195622,1,310.0,2026-08-22,0,-1,1677.0,12.6,,
72156,139736,Warlock,Destruction,Diabolist,DPS,EU,Den of Nalorakk,14,1,1655.4,151825,1,301.0,2026-08-22,0,-1,1677.0,12.6,,
60694,94311,DemonHunter,Vengeance,Annihilator,Tank,EU,Voidscar Arena,4,1,983.6,79783,0,295.0,2026-08-23,0,-1,,,,
60694,130016,Paladin,Holy,Herald of the Sun,Healer,EU,Voidscar Arena,4,1,983.6,25808,0,292.0,2026-08-23,0,-1,,,,
60694,94314,Mage,Arcane,Spellslinger,DPS,EU,Voidscar Arena,4,1,983.6,84273,0,288.0,2026-08-23,0,-1,,,,
60694,130017,Paladin,Retribution,Templar,DPS,EU,Voidscar Arena,4,1,983.6,143569,0,295.0,2026-08-23,0,-1,,,,
60694,107542,Druid,Feral,Druid of the Claw,DPS,EU,Voidscar Arena,4,1,983.6,107758,0,287.0,2026-08-23,0,-1,,,,
69092,55006,DeathKnight,Blood,San'layn,Tank,CN,Kings' Rest,13,1,1617.7,95599,0,312.0,2026-08-22,0,-1,,,,
69092,97990,Priest,Holy,Oracle,Healer,CN,Kings' Rest,13,1,1617.7,21888,1,309.0,2026-08-22,0,-1,,,,
69092,55008,Mage,Arcane,Sunfury,DPS,CN,Kings' Rest,13,1,1617.7,185906,1,309.0,2026-08-22,0,-1,,,,
69092,139524,Warlock,Demonology,Diabolist,DPS,CN,Kings' Rest,13,1,1617.7,154051,1,302.0,2026-08-22,0,-1,,,,
69092,139525,Shaman,Elemental,Farseer,DPS,CN,Kings' Rest,13,1,1617.7,144625,2,307.0,2026-08-22,0,-1,,,,
79958,21232,Paladin,Protection,Templar,Tank,EU,Ruby Life Pools,13,1,1350.2,111086,0,311.0,2026-08-23,0,-1,1372.0,18.4,,
79958,21576,Shaman,Restoration,Totemic,Healer,EU,Ruby Life Pools,13,1,1350.2,43042,0,309.0,2026-08-23,0,-1,1372.0,18.4,,
79958,28780,Paladin,Retribution,Herald of the Sun,DPS,EU,Ruby Life Pools,13,1,1350.2,242858,1,306.0,2026-08-23,0,-1,1372.0,18.4,,
79958,137417,DeathKnight,Unholy,Rider of the Apocalypse,DPS,EU,Ruby Life Pools,13,1,1350.2,167540,1,308.0,2026-08-23,0,-1,1372.0,18.4,,
79958,77847,Mage,Arcane,Sunfury,DPS,EU,Ruby Life Pools,13,1,1350.2,237988,0,309.0,2026-08-23,0,-1,1372.0,18.4,,
32689,12080,DeathKnight,Blood,San'layn,Tank,US,Kings' Rest,13,1,1677.6,79231,0,304.0,2026-08-21,0,-1,1714.0,13.4,,
32689,56483,Paladin,Holy,Herald of the Sun,Healer,US,Kings' Rest,13,1,1677.6,24137,1,311.0,2026-08-21,0,-1,1714.0,13.4,,
32689,10237,Shaman,Elemental,Farseer,DPS,US,Kings' Rest,13,1,1677.6,172474,0,304.0,2026-08-21,0,-1,1714.0,13.4,,
32689,9103,Priest,Shadow,Voidweaver,DPS,US,Kings' Rest,13,1,1677.6,146208,0,302.0,2026-08-21,0,-1,1714.0,13.4,,
32689,70607,Rogue,Assassination,Deathstalker,DPS,US,Kings' Rest,13,1,1677.6,166172,2,308.0,2026-08-21,0,-1,1714.0,13.4,,
80281,45331,DeathKnight,Blood,San'layn,Tank,US,Ruby Life Pools,12,1,1297.8,130577,0,307.0,2026-08-21,0,-1,1304.0,22.4,,
80281,11464,Monk,Mistweaver,Conduit of the Celestials,Healer,US,Ruby Life Pools,12,1,1297.8,41778,1,295.0,2026-08-21,0,-1,1304.0,22.4,,
80281,87296,DemonHunter,Havoc,Fel-Scarred,DPS,US,Ruby Life Pools,12,1,1297.8,186282,0,294.0,2026-08-21,0,-1,1304.0,22.4,,
80281,2276,Mage,Arcane,Sunfury,DPS,US,Ruby Life Pools,12,1,1297.8,289739,0,310.0,2026-08-21,0,-1,1304.0,22.4,,3071
80281,86202,Priest,Shadow,Archon,DPS,US,Ruby Life Pools,12,1,1297.8,166486,0,295.0,2026-08-21,0,-1,1304.0,22.4,,
48387,96413,Druid,Guardian,Elune's Chosen,Tank,CN,Temple of Sethraliss,2,1,1052.6,69162,0,291.0,2026-08-22,0,-1,,,,
48387,62815,Shaman,Restoration,Totemic,Healer,CN,Temple of Sethraliss,2,1,1052.6,3980,0,292.0,2026-08-22,0,-1,,,,
48387,102322,Paladin,Retribution,Templar,DPS,CN,Temple of Sethraliss,2,1,1052.6,115118,0,294.0,2026-08-22,0,-1,,,,
48387,102000,Shaman,Elemental,Farseer,DPS,CN,Temple of Sethraliss,2,1,1052.6,132458,0,309.0,2026-08-22,0,-1,,,,
48387,62817,Warrior,Arms,Slayer,DPS,CN,Temple of Sethraliss,2,1,1052.6,79944,0,281.0,2026-08-22,0,-1,,,,
77733,99927,Warrior,Protection,Mountain Thane,Tank,CN,Murder Row,12,1,1379.3,113418,0,308.0,2026-08-23,0,-1,1386.0,32.1,,
77733,99928,Paladin,Holy,Herald of the Sun,Healer,CN,Murder Row,12,1,1379.3,24109,1,310.0,2026-08-23,0,-1,1386.0,32.1,,
77733,97845,Rogue,Assassination,Deathstalker,DPS,CN,Murder Row,12,1,1379.3,223026,0,304.0,2026-08-23,0,-1,1386.0,32.1,,
77733,99931,Mage,Arcane,Sunfury,DPS,CN,Murder Row,12,1,1379.3,226185,0,305.0,2026-08-23,0,-1,1386.0,32.1,,
77733,99929,Shaman,Elemental,Farseer,DPS,CN,Murder Row,12,1,1379.3,254653,0,312.0,2026-08-23,0,-1,1386.0,32.1,,
10135,3659,Paladin,Protection,Templar,Tank,US,Kings' Rest,11,1,1492.2,87180,0,301.0,2026-08-19,0,-1,1484.0,25.1,,
10135,20308,Priest,Holy,Oracle,Healer,US,Kings' Rest,11,1,1492.2,22998,0,293.0,2026-08-19,0,-1,1484.0,25.1,,
10135,1100,Shaman,Elemental,Farseer,DPS,US,Kings' Rest,11,1,1492.2,155092,0,298.0,2026-08-19,0,-1,1484.0,25.1,,3075
10135,20309,Druid,Balance,Elune's Chosen,DPS,US,Kings' Rest,11,1,1492.2,126102,0,294.0,2026-08-19,0,-1,1484.0,25.1,,
10135,20310,Paladin,Retribution,Templar,DPS,US,Kings' Rest,11,1,1492.2,147474,0,296.0,2026-08-19,0,-1,1484.0,25.1,,
26999,33101,Paladin,Protection,Lightsmith,Tank,EU,Altar of Fangs,6,1,990.4,80334,0,296.0,2026-08-21,0,-1,982.0,45.5,,
26999,59382,Shaman,Restoration,Totemic,Healer,EU,Altar of Fangs,6,1,990.4,16695,0,290.0,2026-08-21,0,-1,982.0,45.5,,
26999,59383,Shaman,Elemental,Farseer,DPS,EU,Altar of Fangs,6,1,990.4,182045,0,287.0,2026-08-21,0,-1,982.0,45.5,,
26999,59544,Hunter,BeastMastery,Pack Leader,DPS,EU,Altar of Fangs,6,1,990.4,166307,0,291.0,2026-08-21,0,-1,982.0,45.5,,
26999,59545,Warlock,Demonology,Diabolist,DPS,EU,Altar of Fangs,6,1,990.4,189835,0,301.0,2026-08-21,0,-1,982.0,45.5,,
26715,59032,DeathKnight,Blood,San'layn,Tank,EU,The Blinding Vale,13,1,1595.7,114465,1,302.0,2026-08-21,0,-1,1707.0,5.2,,
26715,59033,Shaman,Restoration,Totemic,Healer,EU,The Blinding Vale,13,1,1595.7,34540,1,303.0,2026-08-21,0,-1,1707.0,5.2,,
26715,32507,Rogue,Subtlety,Deathstalker,DPS,EU,The Blinding Vale,13,1,1595.7,218705,2,306.0,2026-08-21,0,-1,1707.0,5.2,,
26715,59034,Mage,Arcane,Sunfury,DPS,EU,The Blinding Vale,13,1,1595.7,214720,2,306.0,2026-08-21,0,-1,1707.0,5.2,,
26715,59035,Warrior,Arms,Slayer,DPS,EU,The Blinding Vale,13,1,1595.7,199701,2,306.0,2026-08-21,0,-1,1707.0,5.2,,
21845,48600,Warrior,Protection,Mountain Thane,Tank,EU,Murder Row,5,1,1217.7,57153,1,293.0,2026-08-19,0,-1,1209.0,40.7,,
21845,48601,Shaman,Restoration,Totemic,Healer,EU,Murder Row,5,1,1217.7,14532,3,284.0,2026-08-19,0,-1,1209.0,40.7,,
21845,48602,DeathKnight,Unholy,Rider of the Apocalypse,DPS,EU,Murder Row,5,1,1217.7,114632,1,293.0,2026-08-19,0,-1,1209.0,40.7,,
21845,48603,Mage,Arcane,Sunfury,DPS,EU,Murder Row,5,1,1217.7,124225,2,295.0,2026-08-19,0,-1,1209.0,40.7,,
21845,48604,Rogue,Subtlety,Deathstalker,DPS,EU,Murder Row,5,1,1217.7,153166,1,293.0,2026-08-19,0,-1,1209.0,40.7,,
24545,20434,Monk,Brewmaster,Master of Harmony,Tank,EU,Temple of Sethraliss,11,1,1273.5,129102,0,300.0,2026-08-20,0,-1,1275.0,33.6,,
24545,23394,Shaman,Restoration,Totemic,Healer,EU,Temple of Sethraliss,11,1,1273.5,27284,1,304.0,2026-08-20,0,-1,1275.0,33.6,,
24545,54438,Warrior,Arms,Slayer,DPS,EU,Temple of Sethraliss,11,1,1273.5,199011,1,305.0,2026-08-20,0,-1,1275.0,33.6,,
24545,54439,Druid,Feral,Druid of the Claw,DPS,EU,Temple of Sethraliss,11,1,1273.5,240212,0,297.0,2026-08-20,0,-1,1275.0,33.6,,
24545,54440,Rogue,Outlaw,Trickster,DPS,EU,Temple of Sethraliss,11,1,1273.5,197642,0,301.0,2026-08-20,0,-1,1275.0,33.6,,
81826,112626,Paladin,Protection,Lightsmith,Tank,US,Kings' Rest,14,1,1710.4,86127,0,306.0,2026-08-23,0,-1,1777.0,10.2,,
81826,60657,Paladin,Holy,Herald of the Sun,Healer,US,Kings' Rest,14,1,1710.4,25138,0,307.0,2026-08-23,0,-1,1777.0,10.2,,
81826,2684,DemonHunter,Devourer,Annihilator,DPS,US,Kings' Rest,14,1,1710.4,169720,2,304.0,2026-08-23,0,-1,1777.0,10.2,,
81826,8769,Shaman,Enhancement,Stormbringer,DPS,US,Kings' Rest,14,1,1710.4,176156,1,310.0,2026-08-23,0,-1,1777.0,10.2,,
81826,76146,Warrior,Arms,Slayer,DPS,US,Kings' Rest,14,1,1710.4,162824,2,310.0,2026-08-23,0,-1,1777.0,10.2,,
58504,68382,DeathKnight,Blood,San'layn,Tank,EU,Den of Nalorakk,9,1,1195.9,95945,0,305.0,2026-08-23,0,-1,1188.0,38.1,,
58504,69064,Paladin,Holy,Herald of the Sun,Healer,EU,Den of Nalorakk,9,1,1195.9,21910,0,300.0,2026-08-23,0,-1,1188.0,38.1,,
58504,124747,Warrior,Arms,Slayer,DPS,EU,Den of Nalorakk,9,1,1195.9,215673,0,305.0,2026-08-23,0,-1,1188.0,38.1,,
58504,82856,Rogue,Assassination,Deathstalker,DPS,EU,Den of Nalorakk,9,1,1195.9,190120,0,286.0,2026-08-23,0,-1,1188.0,38.1,,
58504,124955,Mage,Arcane,Sunfury,DPS,EU,Den of Nalorakk,9,1,1195.9,165910,0,296.0,2026-08-23,0,-1,1188.0,38.1,,
58500,87812,Druid,Guardian,Elune's Chosen,Tank,EU,The Blinding Vale,2,1,1027.8,81119,0,297.0,2026-08-23,0,-1,,,,
58500,124951,Evoker,Preservation,Flameshaper,Healer,EU,The Blinding Vale,2,1,1027.8,14092,1,299.0,2026-08-23,0,-1,,,,
58500,124952,Warrior,Arms,Slayer,DPS,EU,The Blinding Vale,2,1,1027.8,80867,2,262.0,2026-08-23,0,-1,,,,
58500,87815,Priest,Shadow,Voidweaver,DPS,EU,The Blinding Vale,2,1,1027.8,113628,1,300.0,2026-08-23,0,-1,,,,
58500,87816,Hunter,BeastMastery,Pack Leader,DPS,EU,The Blinding Vale,2,1,1027.8,170908,0,299.0,2026-08-23,0,-1,,,,
87882,50944,DeathKnight,Blood,San'layn,Tank,CN,Altar of Fangs,13,1,1569.3,142283,0,310.0,2026-08-24,0,-1,1576.0,12.5,2,
87882,84823,Paladin,Holy,Lightsmith,Healer,CN,Altar of Fangs,13,1,1569.3,47679,0,309.0,2026-08-24,0,-1,1576.0,12.5,4,
87882,154594,Paladin,Retribution,Herald of the Sun,DPS,CN,Altar of Fangs,13,1,1569.3,219263,1,307.0,2026-08-24,0,-1,1576.0,12.5,2,
87882,50421,Mage,Arcane,Sunfury,DPS,CN,Altar of Fangs,13,1,1569.3,230921,0,309.0,2026-08-24,0,-1,1576.0,12.5,0,
87882,73056,Shaman,Elemental,Farseer,DPS,CN,Altar of Fangs,13,1,1569.3,258665,0,309.0,2026-08-24,0,-1,1576.0,12.5,2,
39062,43608,DeathKnight,Blood,Deathbringer,Tank,EU,Den of Nalorakk,2,1,1104.2,71436,0,303.0,2026-08-21,0,-1,1096.0,42.9,,
39062,83696,Druid,Restoration,Wildstalker,Healer,EU,Den of Nalorakk,2,1,1104.2,1957,1,284.0,2026-08-21,0,-1,1096.0,42.9,,
39062,83697,Rogue,Subtlety,Deathstalker,DPS,EU,Den of Nalorakk,2,1,1104.2,76019,0,292.0,2026-08-21,0,-1,1096.0,42.9,,
39062,83698,Hunter,Marksmanship,Sentinel,DPS,EU,Den of Nalorakk,2,1,1104.2,76352,1,274.0,2026-08-21,0,-1,1096.0,42.9,,
39062,83699,Mage,Arcane,Sunfury,DPS,EU,Den of Nalorakk,2,1,1104.2,120887,1,294.0,2026-08-21,0,-1,1096.0,42.9,,
75901,66392,Warrior,Protection,Mountain Thane,Tank,CN,Den of Nalorakk,15,1,1857.4,114437,0,300.0,2026-08-21,0,-1,1864.0,2.9,,
75901,66393,Paladin,Holy,Herald of the Sun,Healer,CN,Den of Nalorakk,15,1,1857.4,23657,0,301.0,2026-08-21,0,-1,1864.0,2.9,,
75901,70148,Shaman,Elemental,Farseer,DPS,CN,Den of Nalorakk,15,1,1857.4,212582,0,302.0,2026-08-21,0,-1,1864.0,2.9,,
75901,70147,DeathKnight,Unholy,San'layn,DPS,CN,Den of Nalorakk,15,1,1857.4,230989,1,299.0,2026-08-21,0,-1,1864.0,2.9,,
75901,66394,Mage,Arcane,Sunfury,DPS,CN,Den of Nalorakk,15,1,1857.4,178107,0,304.0,2026-08-21,0,-1,1864.0,2.9,,
24785,15479,Druid,Guardian,Elune's Chosen,Tank,EU,Temple of Sethraliss,14,0,1757.3,146063,2,305.0,2026-08-21,0,-1,2019.0,-5.2,,2894
24785,15480,Paladin,Holy,Herald of the Sun,Healer,EU,Temple of Sethraliss,14,0,1757.3,22402,4,299.0,2026-08-21,0,-1,2019.0,-5.2,,
24785,15482,Warrior,Arms,Slayer,DPS,EU,Temple of Sethraliss,14,0,1757.3,254731,3,311.0,2026-08-21,0,-1,2019.0,-5.2,,
24785,15483,Mage,Arcane,Sunfury,DPS,EU,Temple of Sethraliss,14,0,1757.3,244852,3,309.0,2026-08-21,0,-1,2019.0,-5.2,,
24785,39117,DeathKnight,Unholy,Rider of the Apocalypse,DPS,EU,Temple of Sethraliss,14,0,1757.3,180823,6,301.0,2026-08-21,0,-1,2019.0,-5.2,,
19716,43526,Druid,Guardian,Elune's Chosen,Tank,EU,Altar of Fangs,10,1,1298.3,121569,0,306.0,2026-08-20,0,-1,1295.0,28.0,,
19716,43527,Paladin,Holy,Lightsmith,Healer,EU,Altar of Fangs,10,1,1298.3,40804,0,291.0,2026-08-20,0,-1,1295.0,28.0,,
19716,43528,DemonHunter,Havoc,Fel-Scarred,DPS,EU,Altar of Fangs,10,1,1298.3,241158,0,295.0,2026-08-20,0,-1,1295.0,28.0,,
19716,43529,Mage,Arcane,Sunfury,DPS,EU,Altar of Fangs,10,1,1298.3,233774,1,300.0,2026-08-20,0,-1,1295.0,28.0,,
19716,43530,Mage,Arcane,Sunfury,DPS,EU,Altar of Fangs,10,1,1298.3,235591,0,299.0,2026-08-20,0,-1,1295.0,28.0,,
64297,55198,Paladin,Protection,Lightsmith,Tank,CN,Altar of Fangs,14,1,1544.1,144252,0,308.0,2026-08-23,0,-1,1611.0,10.5,,
64297,55199,Paladin,Holy,Lightsmith,Healer,CN,Altar of Fangs,14,1,1544.1,59429,1,306.0,2026-08-23,0,-1,1611.0,10.5,,
64297,137009,Shaman,Elemental,Farseer,DPS,CN,Altar of Fangs,14,1,1544.1,225727,3,308.0,2026-08-23,0,-1,1611.0,10.5,,
64297,55202,Warrior,Arms,Slayer,DPS,CN,Altar of Fangs,14,1,1544.1,278554,1,311.0,2026-08-23,0,-1,1611.0,10.5,,
64297,55200,Mage,Arcane,Sunfury,DPS,CN,Altar of Fangs,14,1,1544.1,300165,0,312.0,2026-08-23,0,-1,1611.0,10.5,,
65240,72394,DeathKnight,Blood,San'layn,Tank,CN,Kings' Rest,14,1,1721.2,96934,0,311.0,2026-08-22,0,-1,1758.0,11.2,,
65240,52922,Paladin,Holy,Lightsmith,Healer,CN,Kings' Rest,14,1,1721.2,46644,1,309.0,2026-08-22,0,-1,1758.0,11.2,,
65240,52924,Mage,Arcane,Sunfury,DPS,CN,Kings' Rest,14,1,1721.2,187457,0,306.0,2026-08-22,0,-1,1758.0,11.2,,
65240,52925,Warrior,Arms,Slayer,DPS,CN,Kings' Rest,14,1,1721.2,145377,1,312.0,2026-08-22,0,-1,1758.0,11.2,,
65240,136914,Shaman,Elemental,Farseer,DPS,CN,Kings' Rest,14,1,1721.2,147350,1,303.0,2026-08-22,0,-1,1758.0,11.2,,
62410,62161,DeathKnight,Blood,San'layn,Tank,CN,Murder Row,10,1,1113.3,136665,0,309.0,2026-08-23,0,-1,1104.0,45.9,,
62410,52819,Paladin,Holy,Lightsmith,Healer,CN,Murder Row,10,1,1113.3,52460,0,310.0,2026-08-23,0,-1,1104.0,45.9,,
62410,52822,Mage,Arcane,Sunfury,DPS,CN,Murder Row,10,1,1113.3,232259,0,307.0,2026-08-23,0,-1,1104.0,45.9,,
62410,52820,Priest,Shadow,Voidweaver,DPS,CN,Murder Row,10,1,1113.3,168360,0,310.0,2026-08-23,0,-1,1104.0,45.9,,
62410,52823,Hunter,Marksmanship,Sentinel,DPS,CN,Murder Row,10,1,1113.3,233882,0,310.0,2026-08-23,0,-1,1104.0,45.9,,
15937,34360,Druid,Guardian,Elune's Chosen,Tank,US,Voidscar Arena,7,1,1014.5,86417,0,294.0,2026-08-19,0,-1,1016.0,43.5,,
15937,34361,Shaman,Restoration,Totemic,Healer,US,Voidscar Arena,7,1,1014.5,25184,0,286.0,2026-08-19,0,-1,1016.0,43.5,,
15937,34362,Warrior,Arms,Slayer,DPS,US,Voidscar Arena,7,1,1014.5,158776,1,287.0,2026-08-19,0,-1,1016.0,43.5,,
15937,34363,Druid,Feral,Druid of the Claw,DPS,US,Voidscar Arena,7,1,1014.5,222704,1,294.0,2026-08-19,0,-1,1016.0,43.5,,
15937,34364,Mage,Arcane,Sunfury,DPS,US,Voidscar Arena,7,1,1014.5,155583,0,287.0,2026-08-19,0,-1,1016.0,43.5,,
30914,66216,DeathKnight,Blood,San'layn,Tank,CN,Altar of Fangs,12,1,1535.5,142052,0,306.0,2026-08-21,0,-1,1542.0,14.3,,
30914,66217,Shaman,Restoration,Totemic,Healer,CN,Altar of Fangs,12,1,1535.5,37793,0,307.0,2026-08-21,0,-1,1542.0,14.3,,
30914,66218,DemonHunter,Havoc,Fel-Scarred,DPS,CN,Altar of Fangs,12,1,1535.5,169977,1,301.0,2026-08-21,0,-1,1542.0,14.3,,
30914,66219,Paladin,Retribution,Herald of the Sun,DPS,CN,Altar of Fangs,12,1,1535.5,256340,0,304.0,2026-08-21,0,-1,1542.0,14.3,,
30914,66220,Druid,Balance,Elune's Chosen,DPS,CN,Altar of Fangs,12,1,1535.5,231645,0,306.0,2026-08-21,0,-1,1542.0,14.3,,
13964,13592,Monk,Brewmaster,Shado-Pan,Tank,US,Ruby Life Pools,9,1,1008.4,105076,0,296.0,2026-08-19,0,-1,1010.0,39.9,,
13964,13590,Paladin,Holy,Herald of the Sun,Healer,US,Ruby Life Pools,9,1,1008.4,27673,2,297.0,2026-08-19,0,-1,1010.0,39.9,,
13964,27552,Shaman,Elemental,Farseer,DPS,US,Ruby Life Pools,9,1,1008.4,157783,0,288.0,2026-08-19,0,-1,1010.0,39.9,,
13964,491,Warlock,Demonology,Diabolist,DPS,US,Ruby Life Pools,9,1,1008.4,232257,0,301.0,2026-08-19,0,-1,1010.0,39.9,,2815
13964,487,DemonHunter,Devourer,Void-Scarred,DPS,US,Ruby Life Pools,9,1,1008.4,262280,0,301.0,2026-08-19,0,-1,1010.0,39.9,,2752
83281,24402,Paladin,Protection,Lightsmith,Tank,EU,Kings' Rest,14,1,1713.1,84931,1,307.0,2026-08-23,0,-1,1720.0,13.1,0,
83281,13347,Paladin,Holy,Herald of the Sun,Healer,EU,Kings' Rest,14,1,1713.1,32540,0,313.0,2026-08-23,0,-1,1720.0,13.1,4,
83281,13346,Paladin,Retribution,Herald of the Sun,DPS,EU,Kings' Rest,14,1,1713.1,183470,0,313.0,2026-08-23,0,-1,1720.0,13.1,4,
83281,13349,Mage,Arcane,Sunfury,DPS,EU,Kings' Rest,14,1,1713.1,207008,0,308.0,2026-08-23,0,-1,1720.0,13.1,4,
83281,13348,Druid,Balance,Elune's Chosen,DPS,EU,Kings' Rest,14,1,1713.1,154664,0,311.0,2026-08-23,0,-1,1720.0,13.1,2,
87658,154220,DeathKnight,Blood,Deathbringer,Tank,EU,Murder Row,10,1,1230.5,100202,0,312.0,2026-08-24,0,-1,1222.0,40.1,2,
87658,41512,Shaman,Restoration,Totemic,Healer,EU,Murder Row,10,1,1230.5,26308,0,311.0,2026-08-24,0,-1,1222.0,40.1,3,
87658,41514,Mage,Arcane,Sunfury,DPS,EU,Murder Row,10,1,1230.5,202705,0,305.0,2026-08-24,0,-1,1222.0,40.1,4,
87658,14820,Monk,Windwalker,Shado-Pan,DPS,EU,Murder Row,10,1,1230.5,232930,0,308.0,2026-08-24,0,-1,1222.0,40.1,4,2700
87658,154221,Warlock,Demonology,Diabolist,DPS,EU,Murder Row,10,1,1230.5,182432,0,290.0,2026-08-24,0,-1,1222.0,40.1,0,
29893,12726,Paladin,Protection,Lightsmith,Tank,EU,Den of Nalorakk,10,1,1128.8,121262,0,300.0,2026-08-20,0,-1,1136.0,40.8,,
29893,14634,Evoker,Preservation,Flameshaper,Healer,EU,Den of Nalorakk,10,1,1128.8,44742,1,305.0,2026-08-20,0,-1,1136.0,40.8,,
29893,60816,DemonHunter,Devourer,Void-Scarred,DPS,EU,Den of Nalorakk,10,1,1128.8,209740,0,307.0,2026-08-20,0,-1,1136.0,40.8,,
29893,12729,Warrior,Arms,Slayer,DPS,EU,Den of Nalorakk,10,1,1128.8,186606,1,301.0,2026-08-20,0,-1,1136.0,40.8,,
29893,12728,Mage,Arcane,Sunfury,DPS,EU,Den of Nalorakk,10,1,1128.8,204984,1,308.0,2026-08-20,0,-1,1136.0,40.8,,
60915,98636,DemonHunter,Vengeance,Annihilator,Tank,EU,Altar of Fangs,11,1,1236.4,121447,0,296.0,2026-08-23,0,-1,1233.0,31.5,,
60915,70098,Monk,Mistweaver,Conduit of the Celestials,Healer,EU,Altar of Fangs,11,1,1236.4,53042,1,302.0,2026-08-23,0,-1,1233.0,31.5,,
60915,19805,Mage,Arcane,Sunfury,DPS,EU,Altar of Fangs,11,1,1236.4,273075,0,308.0,2026-08-23,0,-1,1233.0,31.5,,
60915,84924,Rogue,Assassination,Deathstalker,DPS,EU,Altar of Fangs,11,1,1236.4,272037,0,306.0,2026-08-23,0,-1,1233.0,31.5,,
60915,130524,DeathKnight,Unholy,Rider of the Apocalypse,DPS,EU,Altar of Fangs,11,1,1236.4,207810,0,292.0,2026-08-23,0,-1,1233.0,31.5,,
81098,146092,Monk,Brewmaster,Master of Harmony,Tank,EU,Temple of Sethraliss,12,1,1395.6,99118,0,292.0,2026-08-23,0,-1,1432.0,25.4,,
81098,146093,Shaman,Restoration,Totemic,Healer,EU,Temple of Sethraliss,12,1,1395.6,30158,0,303.0,2026-08-23,0,-1,1432.0,25.4,,
81098,146094,DeathKnight,Unholy,San'layn,DPS,EU,Temple of Sethraliss,12,1,1395.6,187339,3,304.0,2026-08-23,0,-1,1432.0,25.4,,
81098,67913,Warrior,Arms,Slayer,DPS,EU,Temple of Sethraliss,12,1,1395.6,244632,0,313.0,2026-08-23,0,-1,1432.0,25.4,,
81098,67914,Mage,Arcane,Sunfury,DPS,EU,Temple of Sethraliss,12,1,1395.6,250431,0,312.0,2026-08-23,0,-1,1432.0,25.4,,
6132,7535,Warrior,Protection,Colossus,Tank,US,Voidscar Arena,11,1,1710.4,113582,1,297.0,2026-08-18,0,-1,1782.0,1.0,,
6132,12493,Priest,Holy,Oracle,Healer,US,Voidscar Arena,11,1,1710.4,24823,1,293.0,2026-08-18,0,-1,1782.0,1.0,,
6132,12494,Monk,Windwalker,Conduit of the Celestials,DPS,US,Voidscar Arena,11,1,1710.4,157217,4,292.0,2026-08-18,0,-1,1782.0,1.0,,
6132,11135,Shaman,Elemental,Farseer,DPS,US,Voidscar Arena,11,1,1710.4,153485,5,291.0,2026-08-18,0,-1,1782.0,1.0,,
6132,8474,Warrior,Arms,Slayer,DPS,US,Voidscar Arena,11,1,1710.4,158836,4,296.0,2026-08-18,0,-1,1782.0,1.0,,
38766,74428,DeathKnight,Blood,Deathbringer,Tank,EU,Den of Nalorakk,11,1,1391.6,91820,0,293.0,2026-08-20,0,-1,1403.0,26.9,,
38766,47806,Paladin,Holy,Herald of the Sun,Healer,EU,Den of Nalorakk,11,1,1391.6,19301,1,291.0,2026-08-20,0,-1,1403.0,26.9,,
38766,69292,Shaman,Elemental,Farseer,DPS,EU,Den of Nalorakk,11,1,1391.6,168188,3,298.0,2026-08-20,0,-1,1403.0,26.9,,
38766,34375,Monk,Windwalker,Conduit of the Celestials,DPS,EU,Den of Nalorakk,11,1,1391.6,175580,0,298.0,2026-08-20,0,-1,1403.0,26.9,,
38766,48762,Warrior,Arms,Slayer,DPS,EU,Den of Nalorakk,11,1,1391.6,188332,0,293.0,2026-08-20,0,-1,1403.0,26.9,,
1775,4659,DeathKnight,Blood,Deathbringer,Tank,US,Murder Row,11,1,1586.5,96212,0,299.0,2026-08-19,0,-1,1578.0,22.6,,
1775,4660,Shaman,Restoration,Totemic,Healer,US,Murder Row,11,1,1586.5,14220,0,294.0,2026-08-19,0,-1,1578.0,22.6,,
1775,3867,Warlock,Demonology,Diabolist,DPS,US,Murder Row,11,1,1586.5,196444,0,295.0,2026-08-19,0,-1,1578.0,22.6,,
1775,4661,Mage,Arcane,Sunfury,DPS,US,Murder Row,11,1,1586.5,195699,0,295.0,2026-08-19,0,-1,1578.0,22.6,,
1775,4662,Hunter,Survival,Pack Leader,DPS,US,Murder Row,11,1,1586.5,171342,0,291.0,2026-08-19,0,-1,1578.0,22.6,,
13591,26865,Warrior,Protection,Mountain Thane,Tank,US,Den of Nalorakk,5,1,1090.8,96655,0,294.0,2026-08-19,0,-1,1082.0,43.6,,
13591,27112,Priest,Discipline,Oracle,Healer,US,Den of Nalorakk,5,1,1090.8,14432,0,298.0,2026-08-19,0,-1,1082.0,43.6,,
13591,26867,Rogue,Subtlety,Deathstalker,DPS,US,Den of Nalorakk,5,1,1090.8,118984,0,291.0,2026-08-19,0,-1,1082.0,43.6,,
13591,26868,Shaman,Elemental,Farseer,DPS,US,Den of Nalorakk,5,1,1090.8,111484,0,289.0,2026-08-19,0,-1,1082.0,43.6,,
13591,27113,Mage,Arcane,Sunfury,DPS,US,Den of Nalorakk,5,1,1090.8,82475,1,295.0,2026-08-19,0,-1,1082.0,43.6,,
64795,15412,Paladin,Protection,Lightsmith,Tank,EU,The Blinding Vale,14,1,1592.3,129424,0,302.0,2026-08-21,0,-1,1614.0,10.4,,3053
64795,44720,Shaman,Restoration,Totemic,Healer,EU,The Blinding Vale,14,1,1592.3,26646,1,296.0,2026-08-21,0,-1,1614.0,10.4,,
64795,15414,Paladin,Retribution,Templar,DPS,EU,The Blinding Vale,14,1,1592.3,247525,1,306.0,2026-08-21,0,-1,1614.0,10.4,,
64795,15415,Warrior,Arms,Slayer,DPS,EU,The Blinding Vale,14,1,1592.3,174981,0,292.0,2026-08-21,0,-1,1614.0,10.4,,
64795,15416,Rogue,Assassination,Deathstalker,DPS,EU,The Blinding Vale,14,1,1592.3,293077,0,302.0,2026-08-21,0,-1,1614.0,10.4,,3191
33263,30684,DeathKnight,Blood,San'layn,Tank,EU,Ruby Life Pools,11,1,1216.1,133332,0,306.0,2026-08-21,0,-1,1218.0,27.5,,
33263,72014,Paladin,Holy,Herald of the Sun,Healer,EU,Ruby Life Pools,11,1,1216.1,26293,0,301.0,2026-08-21,0,-1,1218.0,27.5,,
33263,72015,DeathKnight,Unholy,San'layn,DPS,EU,Ruby Life Pools,11,1,1216.1,244532,0,297.0,2026-08-21,0,-1,1218.0,27.5,,
33263,72016,Shaman,Enhancement,Stormbringer,DPS,EU,Ruby Life Pools,11,1,1216.1,221247,1,296.0,2026-08-21,0,-1,1218.0,27.5,,
33263,72017,Warrior,Arms,Slayer,DPS,EU,Ruby Life Pools,11,1,1216.1,191434,1,305.0,2026-08-21,0,-1,1218.0,27.5,,
82574,55006,DeathKnight,Blood,San'layn,Tank,CN,Voidscar Arena,12,1,1117.9,157314,0,313.0,2026-08-23,0,-1,1109.0,38.4,,
82574,124880,Evoker,Preservation,Flameshaper,Healer,CN,Voidscar Arena,12,1,1117.9,36132,0,304.0,2026-08-23,0,-1,1109.0,38.4,,
82574,55010,Warrior,Arms,Slayer,DPS,CN,Voidscar Arena,12,1,1117.9,239982,0,313.0,2026-08-23,0,-1,1109.0,38.4,,
82574,55008,Mage,Arcane,Sunfury,DPS,CN,Voidscar Arena,12,1,1117.9,250486,0,312.0,2026-08-23,0,-1,1109.0,38.4,,
82574,55009,Shaman,Elemental,Farseer,DPS,CN,Voidscar Arena,12,1,1117.9,269484,0,312.0,2026-08-23,0,-1,1109.0,38.4,,
82046,43497,Paladin,Protection,Lightsmith,Tank,EU,Voidscar Arena,14,1,1611.4,91334,0,306.0,2026-08-21,0,-1,1663.0,7.6,,
82046,104933,Monk,Mistweaver,Conduit of the Celestials,Healer,EU,Voidscar Arena,14,1,1611.4,52239,0,308.0,2026-08-21,0,-1,1663.0,7.6,,
82046,73488,Mage,Arcane,Sunfury,DPS,EU,Voidscar Arena,14,1,1611.4,168022,2,308.0,2026-08-21,0,-1,1663.0,7.6,,
82046,104934,Shaman,Elemental,Farseer,DPS,EU,Voidscar Arena,14,1,1611.4,191394,0,301.0,2026-08-21,0,-1,1663.0,7.6,,
82046,48737,Warrior,Arms,Slayer,DPS,EU,Voidscar Arena,14,1,1611.4,182324,2,304.0,2026-08-21,0,-1,1663.0,7.6,,
17330,38373,DeathKnight,Blood,San'layn,Tank,US,Den of Nalorakk,10,1,1384.4,81179,0,299.0,2026-08-20,0,-1,1376.0,28.3,,
17330,3090,Shaman,Restoration,Totemic,Healer,US,Den of Nalorakk,10,1,1384.4,35191,0,298.0,2026-08-20,0,-1,1376.0,28.3,,3206
17330,38374,Druid,Balance,Elune's Chosen,DPS,US,Den of Nalorakk,10,1,1384.4,165288,0,295.0,2026-08-20,0,-1,1376.0,28.3,,
17330,38375,Hunter,BeastMastery,Pack Leader,DPS,US,Den of Nalorakk,10,1,1384.4,168566,0,306.0,2026-08-20,0,-1,1376.0,28.3,,
17330,38376,Priest,Shadow,Voidweaver,DPS,US,Den of Nalorakk,10,1,1384.4,170007,0,300.0,2026-08-20,0,-1,1376.0,28.3,,
10925,21996,Paladin,Protection,Lightsmith,Tank,EU,Voidscar Arena,11,1,1481.2,75798,0,290.0,2026-08-19,0,-1,1483.0,17.6,,
10925,21997,Shaman,Restoration,Totemic,Healer,EU,Voidscar Arena,11,1,1481.2,22954,0,288.0,2026-08-19,0,-1,1483.0,17.6,,
10925,21998,Priest,Shadow,Voidweaver,DPS,EU,Voidscar Arena,11,1,1481.2,182158,1,294.0,2026-08-19,0,-1,1483.0,17.6,,
10925,21999,Evoker,Devastation,Scalecommander,DPS,EU,Voidscar Arena,11,1,1481.2,176677,1,296.0,2026-08-19,0,-1,1483.0,17.6,,
10925,22000,Mage,Arcane,Sunfury,DPS,EU,Voidscar Arena,11,1,1481.2,170560,0,292.0,2026-08-19,0,-1,1483.0,17.6,,
34685,75108,DeathKnight,Blood,San'layn,Tank,CN,The Blinding Vale,11,1,1310.6,171859,0,301.0,2026-08-21,0,-1,1312.0,27.1,,
34685,75109,Paladin,Holy,Herald of the Sun,Healer,CN,The Blinding Vale,11,1,1310.6,20975,1,300.0,2026-08-21,0,-1,1312.0,27.1,,
34685,75110,Shaman,Elemental,Farseer,DPS,CN,The Blinding Vale,11,1,1310.6,202039,0,294.0,2026-08-21,0,-1,1312.0,27.1,,
34685,75111,Warrior,Arms,Slayer,DPS,CN,The Blinding Vale,11,1,1310.6,199685,0,295.0,2026-08-21,0,-1,1312.0,27.1,,
34685,75112,Shaman,Elemental,Farseer,DPS,CN,The Blinding Vale,11,1,1310.6,218718,1,297.0,2026-08-21,0,-1,1312.0,27.1,,
70033,91314,DeathKnight,Blood,San'layn,Tank,CN,Den of Nalorakk,12,1,1374.5,140030,0,305.0,2026-08-21,0,-1,1366.0,28.9,,
70033,140243,Paladin,Holy,Lightsmith,Healer,CN,Den of Nalorakk,12,1,1374.5,42422,0,294.0,2026-08-21,0,-1,1366.0,28.9,,
70033,91316,DemonHunter,Devourer,Annihilator,DPS,CN,Den of Nalorakk,12,1,1374.5,189284,0,300.0,2026-08-21,0,-1,1366.0,28.9,,
70033,91317,Shaman,Elemental,Farseer,DPS,CN,Den of Nalorakk,12,1,1374.5,220066,0,305.0,2026-08-21,0,-1,1366.0,28.9,,
70033,77132,Mage,Arcane,Sunfury,DPS,CN,Den of Nalorakk,12,1,1374.5,176530,0,307.0,2026-08-21,0,-1,1366.0,28.9,,
7931,14327,DeathKnight,Blood,Deathbringer,Tank,EU,Temple of Sethraliss,12,1,1587.5,113404,0,296.0,2026-08-19,0,-1,1594.0,17.0,,
7931,14328,Shaman,Restoration,Totemic,Healer,EU,Temple of Sethraliss,12,1,1587.5,16682,0,294.0,2026-08-19,0,-1,1594.0,17.0,,
7931,14331,Shaman,Enhancement,Stormbringer,DPS,EU,Temple of Sethraliss,12,1,1587.5,222172,0,302.0,2026-08-19,0,-1,1594.0,17.0,,
7931,14330,Warrior,Arms,Slayer,DPS,EU,Temple of Sethraliss,12,1,1587.5,181100,0,295.0,2026-08-19,0,-1,1594.0,17.0,,
7931,14329,Hunter,Marksmanship,Sentinel,DPS,EU,Temple of Sethraliss,12,1,1587.5,162979,1,295.0,2026-08-19,0,-1,1594.0,17.0,,
68178,13960,DeathKnight,Blood,San'layn,Tank,EU,Kings' Rest,14,1,1619.1,112751,0,308.0,2026-08-22,0,-1,1746.0,11.8,,
68178,13961,Shaman,Restoration,Totemic,Healer,EU,Kings' Rest,14,1,1619.1,21493,3,303.0,2026-08-22,0,-1,1746.0,11.8,,
68178,56440,Warrior,Arms,Slayer,DPS,EU,Kings' Rest,14,1,1619.1,169870,3,314.0,2026-08-22,0,-1,1746.0,11.8,,
68178,53357,Monk,Windwalker,Conduit of the Celestials,DPS,EU,Kings' Rest,14,1,1619.1,164975,2,311.0,2026-08-22,0,-1,1746.0,11.8,,
68178,58637,Mage,Arcane,Sunfury,DPS,EU,Kings' Rest,14,1,1619.1,179370,1,308.0,2026-08-22,0,-1,1746.0,11.8,,
40644,21268,DeathKnight,Blood,San'layn,Tank,EU,Ruby Life Pools,10,1,1029.5,137655,0,304.0,2026-08-20,0,-1,1031.0,38.6,,
40644,26409,Druid,Restoration,Wildstalker,Healer,EU,Ruby Life Pools,10,1,1029.5,1849,0,303.0,2026-08-20,0,-1,1031.0,38.6,,
40644,21269,Paladin,Retribution,Templar,DPS,EU,Ruby Life Pools,10,1,1029.5,247476,1,303.0,2026-08-20,0,-1,1031.0,38.6,,
40644,86557,Shaman,Elemental,Farseer,DPS,EU,Ruby Life Pools,10,1,1029.5,221611,0,290.0,2026-08-20,0,-1,1031.0,38.6,,
40644,28213,Mage,Arcane,Sunfury,DPS,EU,Ruby Life Pools,10,1,1029.5,227850,1,301.0,2026-08-20,0,-1,1031.0,38.6,,
80384,23230,DeathKnight,Blood,San'layn,Tank,EU,Altar of Fangs,13,1,1565.9,142354,1,309.0,2026-08-22,0,-1,1602.0,11.0,,
80384,76568,Monk,Mistweaver,Conduit of the Celestials,Healer,EU,Altar of Fangs,13,1,1565.9,57290,0,304.0,2026-08-22,0,-1,1602.0,11.0,,
80384,31924,Mage,Arcane,Sunfury,DPS,EU,Altar of Fangs,13,1,1565.9,271143,1,308.0,2026-08-22,0,-1,1602.0,11.0,,
80384,85803,DeathKnight,Unholy,San'layn,DPS,EU,Altar of Fangs,13,1,1565.9,205920,0,299.0,2026-08-22,0,-1,1602.0,11.0,,
80384,70277,Warrior,Arms,Slayer,DPS,EU,Altar of Fangs,13,1,1565.9,222676,1,301.0,2026-08-22,0,-1,1602.0,11.0,,
21964,25969,DeathKnight,Blood,San'layn,Tank,US,Temple of Sethraliss,2,1,1073.4,45790,0,281.0,2026-08-20,0,-1,1065.0,44.5,,
21964,48854,Paladin,Holy,Herald of the Sun,Healer,US,Temple of Sethraliss,2,1,1073.4,10712,0,293.0,2026-08-20,0,-1,1065.0,44.5,,
21964,48855,DeathKnight,Unholy,Rider of the Apocalypse,DPS,US,Temple of Sethraliss,2,1,1073.4,99633,0,293.0,2026-08-20,0,-1,1065.0,44.5,,
21964,2591,Mage,Arcane,Sunfury,DPS,US,Temple of Sethraliss,2,1,1073.4,161528,0,300.0,2026-08-20,0,-1,1065.0,44.5,,3124
21964,48856,Warrior,Arms,Slayer,DPS,US,Temple of Sethraliss,2,1,1073.4,77592,0,294.0,2026-08-20,0,-1,1065.0,44.5,,
33131,6376,Paladin,Protection,Lightsmith,Tank,US,Temple of Sethraliss,10,1,1044.2,124345,0,310.0,2026-08-20,0,-1,1036.0,46.1,,3040
33131,6377,Shaman,Restoration,Totemic,Healer,US,Temple of Sethraliss,10,1,1044.2,22320,0,294.0,2026-08-20,0,-1,1036.0,46.1,,3029
33131,7227,Warrior,Arms,Slayer,DPS,US,Temple of Sethraliss,10,1,1044.2,237953,0,298.0,2026-08-20,0,-1,1036.0,46.1,,
33131,6380,Hunter,Marksmanship,Sentinel,DPS,US,Temple of Sethraliss,10,1,1044.2,213366,0,309.0,2026-08-20,0,-1,1036.0,46.1,,3029
33131,6121,Shaman,Elemental,Farseer,DPS,US,Temple of Sethraliss,10,1,1044.2,295741,0,309.0,2026-08-20,0,-1,1036.0,46.1,,
7028,14951,DeathKnight,Blood,Deathbringer,Tank,EU,Ruby Life Pools,10,1,1159.1,133691,0,295.0,2026-08-19,0,-1,1171.0,30.3,,
7028,14952,Paladin,Holy,Lightsmith,Healer,EU,Ruby Life Pools,10,1,1159.1,32240,0,293.0,2026-08-19,0,-1,1171.0,30.3,,
7028,14953,Druid,Balance,Elune's Chosen,DPS,EU,Ruby Life Pools,10,1,1159.1,214139,1,295.0,2026-08-19,0,-1,1171.0,30.3,,
7028,14954,Evoker,Augmentation,Scalecommander,DPS,EU,Ruby Life Pools,10,1,1159.1,176183,1,293.0,2026-08-19,0,-1,1171.0,30.3,,
7028,14955,Shaman,Elemental,Farseer,DPS,EU,Ruby Life Pools,10,1,1159.1,225632,2,295.0,2026-08-19,0,-1,1171.0,30.3,,
82674,117333,DeathKnight,Blood,San'layn,Tank,US,Ruby Life Pools,13,1,1425.7,102200,0,303.0,2026-08-23,0,-1,1448.0,13.8,,
82674,6187,Shaman,Restoration,Totemic,Healer,US,Ruby Life Pools,13,1,1425.7,18909,0,303.0,2026-08-23,0,-1,1448.0,13.8,,
82674,8678,Druid,Balance,Elune's Chosen,DPS,US,Ruby Life Pools,13,1,1425.7,203848,2,309.0,2026-08-23,0,-1,1448.0,13.8,,
82674,7909,DemonHunter,Devourer,Annihilator,DPS,US,Ruby Life Pools,13,1,1425.7,237994,0,313.0,2026-08-23,0,-1,1448.0,13.8,,
82674,139591,Mage,Arcane,Sunfury,DPS,US,Ruby Life Pools,13,1,1425.7,197971,0,309.0,2026-08-23,0,-1,1448.0,13.8,,
7772,16429,DemonHunter,Vengeance,Annihilator,Tank,US,The Blinding Vale,11,1,1339.6,132257,0,299.0,2026-08-19,0,-1,1336.0,25.8,,
7772,8628,Priest,Holy,Oracle,Healer,US,The Blinding Vale,11,1,1339.6,43153,0,294.0,2026-08-19,0,-1,1336.0,25.8,,2762
7772,102,Paladin,Retribution,Templar,DPS,US,The Blinding Vale,11,1,1339.6,199535,0,298.0,2026-08-19,0,-1,1336.0,25.8,,3234
7772,9530,Rogue,Outlaw,Trickster,DPS,US,The Blinding Vale,11,1,1339.6,231606,0,292.0,2026-08-19,0,-1,1336.0,25.8,,
7772,2402,Mage,Arcane,Sunfury,DPS,US,The Blinding Vale,11,1,1339.6,193572,1,297.0,2026-08-19,0,-1,1336.0,25.8,,
46795,98893,Warrior,Protection,Mountain Thane,Tank,EU,Altar of Fangs,13,1,1696.6,102409,0,299.0,2026-08-22,0,-1,,,,
46795,41820,Paladin,Holy,Lightsmith,Healer,EU,Altar of Fangs,13,1,1696.6,29924,0,304.0,2026-08-22,0,-1,,,,
46795,67777,DeathKnight,Unholy,Rider of the Apocalypse,DPS,EU,Altar of Fangs,13,1,1696.6,220376,0,308.0,2026-08-22,0,-1,,,,
46795,45317,DemonHunter,Devourer,Annihilator,DPS,EU,Altar of Fangs,13,1,1696.6,215556,0,304.0,2026-08-22,0,-1,,,,
46795,45319,Mage,Arcane,Sunfury,DPS,EU,Altar of Fangs,13,1,1696.6,249508,0,309.0,2026-08-22,0,-1,,,,
69642,14968,DeathKnight,Blood,San'layn,Tank,EU,Altar of Fangs,12,1,1306.7,130155,0,303.0,2026-08-23,0,-1,1344.0,25.4,,
69642,14969,Shaman,Restoration,Totemic,Healer,EU,Altar of Fangs,12,1,1306.7,29267,1,304.0,2026-08-23,0,-1,1344.0,25.4,,
69642,19158,Warrior,Arms,Slayer,DPS,EU,Altar of Fangs,12,1,1306.7,263187,1,305.0,2026-08-23,0,-1,1344.0,25.4,,
69642,21342,Monk,Windwalker,Shado-Pan,DPS,EU,Altar of Fangs,12,1,1306.7,229912,0,311.0,2026-08-23,0,-1,1344.0,25.4,,
69642,19159,Rogue,Assassination,Deathstalker,DPS,EU,Altar of Fangs,12,1,1306.7,291736,1,312.0,2026-08-23,0,-1,1344.0,25.4,,3259
17825,39503,DeathKnight,Blood,San'layn,Tank,CN,Voidscar Arena,2,1,816.2,89116,0,293.0,2026-08-20,0,-1,808.0,55.1,,
17825,39504,Paladin,Holy,Lightsmith,Healer,CN,Voidscar Arena,2,1,816.2,21219,0,286.0,2026-08-20,0,-1,808.0,55.1,,
17825,39505,Shaman,Elemental,Farseer,DPS,CN,Voidscar Arena,2,1,816.2,113768,0,287.0,2026-08-20,0,-1,808.0,55.1,,
17825,39506,Mage,Arcane,Sunfury,DPS,CN,Voidscar Arena,2,1,816.2,122078,0,288.0,2026-08-20,0,-1,808.0,55.1,,
17825,39507,Warrior,Arms,Slayer,DPS,CN,Voidscar Arena,2,1,816.2,144772,0,293.0,2026-08-20,0,-1,808.0,55.1,,
2585,2647,Monk,Brewmaster,Master of Harmony,Tank,US,Den of Nalorakk,10,1,1428.7,86770,0,296.0,2026-08-19,0,-1,1426.0,25.8,,3139
2585,5755,Paladin,Holy,Herald of the Sun,Healer,US,Den of Nalorakk,10,1,1428.7,20100,0,291.0,2026-08-19,0,-1,1426.0,25.8,,
2585,5465,Mage,Arcane,Sunfury,DPS,US,Den of Nalorakk,10,1,1428.7,159390,1,295.0,2026-08-19,0,-1,1426.0,25.8,,
2585,2649,Shaman,Enhancement,Stormbringer,DPS,US,Den of Nalorakk,10,1,1428.7,167045,0,291.0,2026-08-19,0,-1,1426.0,25.8,,2934
2585,2650,Druid,Feral,Druid of the Claw,DPS,US,Den of Nalorakk,10,1,1428.7,154031,0,293.0,2026-08-19,0,-1,1426.0,25.8,,2912
27655,60663,Druid,Guardian,Elune's Chosen,Tank,EU,Altar of Fangs,8,1,1119.0,108574,0,305.0,2026-08-21,0,-1,1111.0,38.3,,
27655,60664,Shaman,Restoration,Totemic,Healer,EU,Altar of Fangs,8,1,1119.0,22650,0,290.0,2026-08-21,0,-1,1111.0,38.3,,
27655,59064,Hunter,BeastMastery,Pack Leader,DPS,EU,Altar of Fangs,8,1,1119.0,184469,0,299.0,2026-08-21,0,-1,1111.0,38.3,,
27655,33069,Paladin,Retribution,Templar,DPS,EU,Altar of Fangs,8,1,1119.0,239924,0,303.0,2026-08-21,0,-1,1111.0,38.3,,
27655,59066,Mage,Arcane,Sunfury,DPS,EU,Altar of Fangs,8,1,1119.0,266601,0,310.0,2026-08-21,0,-1,1111.0,38.3,,
20318,1638,Warrior,Protection,Mountain Thane,Tank,US,The Blinding Vale,10,1,1252.9,119332,0,293.0,2026-08-19,0,-1,1250.0,30.6,,2791
20318,6396,Paladin,Holy,Herald of the Sun,Healer,US,The Blinding Vale,10,1,1252.9,29079,1,301.0,2026-08-19,0,-1,1250.0,30.6,,2766
20318,8589,Hunter,Marksmanship,Sentinel,DPS,US,The Blinding Vale,10,1,1252.9,210009,0,298.0,2026-08-19,0,-1,1250.0,30.6,,
20318,18699,Rogue,Subtlety,Deathstalker,DPS,US,The Blinding Vale,10,1,1252.9,205348,0,300.0,2026-08-19,0,-1,1250.0,30.6,,
20318,18700,Priest,Shadow,Voidweaver,DPS,US,The Blinding Vale,10,1,1252.9,193577,0,296.0,2026-08-19,0,-1,1250.0,30.6,,
82149,71940,DeathKnight,Blood,San'layn,Tank,CN,Ruby Life Pools,13,1,1377.2,141716,0,306.0,2026-08-21,0,-1,1398.0,16.8,,
82149,58158,Priest,Holy,Oracle,Healer,CN,Ruby Life Pools,13,1,1377.2,6387,0,308.0,2026-08-21,0,-1,1398.0,16.8,,
82149,70346,Shaman,Elemental,Farseer,DPS,CN,Ruby Life Pools,13,1,1377.2,236616,0,302.0,2026-08-21,0,-1,1398.0,16.8,,
82149,71943,Hunter,Marksmanship,Sentinel,DPS,CN,Ruby Life Pools,13,1,1377.2,206402,1,305.0,2026-08-21,0,-1,1398.0,16.8,,
82149,139821,Warrior,Arms,Slayer,DPS,CN,Ruby Life Pools,13,1,1377.2,223173,1,307.0,2026-08-21,0,-1,1398.0,16.8,,
43132,71201,DemonHunter,Vengeance,Annihilator,Tank,EU,Voidscar Arena,13,1,1634.1,92834,0,311.0,2026-08-21,0,-1,1640.0,8.9,,
43132,69173,Paladin,Holy,Herald of the Sun,Healer,EU,Voidscar Arena,13,1,1634.1,14024,1,299.0,2026-08-21,0,-1,1640.0,8.9,,
43132,71202,DemonHunter,Havoc,Fel-Scarred,DPS,EU,Voidscar Arena,13,1,1634.1,167645,0,304.0,2026-08-21,0,-1,1640.0,8.9,,
43132,47016,DeathKnight,Unholy,San'layn,DPS,EU,Voidscar Arena,13,1,1634.1,213071,0,305.0,2026-08-21,0,-1,1640.0,8.9,,
43132,46124,Mage,Arcane,Sunfury,DPS,EU,Voidscar Arena,13,1,1634.1,205042,0,301.0,2026-08-21,0,-1,1640.0,8.9,,
69883,25078,DeathKnight,Blood,San'layn,Tank,US,Temple of Sethraliss,14,1,1695.2,130023,0,307.0,2026-08-23,0,-1,1746.0,9.0,,
69883,10892,Shaman,Restoration,Totemic,Healer,US,Temple of Sethraliss,14,1,1695.2,17837,1,303.0,2026-08-23,0,-1,1746.0,9.0,,
69883,6274,Rogue,Subtlety,Trickster,DPS,US,Temple of Sethraliss,14,1,1695.2,234668,2,307.0,2026-08-23,0,-1,1746.0,9.0,,3164
69883,52273,Warrior,Arms,Slayer,DPS,US,Temple of Sethraliss,14,1,1695.2,216164,1,305.0,2026-08-23,0,-1,1746.0,9.0,,
69883,118464,DeathKnight,Unholy,Rider of the Apocalypse,DPS,US,Temple of Sethraliss,14,1,1695.2,198856,0,300.0,2026-08-23,0,-1,1746.0,9.0,,
36693,79075,Paladin,Protection,Lightsmith,Tank,EU,The Blinding Vale,3,1,906.1,102239,0,289.0,2026-08-21,0,-1,897.0,50.1,,
36693,79076,Shaman,Restoration,Totemic,Healer,EU,The Blinding Vale,3,1,906.1,14682,0,291.0,2026-08-21,0,-1,897.0,50.1,,
36693,79077,Warlock,Destruction,Hellcaller,DPS,EU,The Blinding Vale,3,1,906.1,144856,0,289.0,2026-08-21,0,-1,897.0,50.1,,
36693,79078,Warrior,Arms,Slayer,DPS,EU,The Blinding Vale,3,1,906.1,139707,0,285.0,2026-08-21,0,-1,897.0,50.1,,
36693,79079,Rogue,Assassination,Deathstalker,DPS,EU,The Blinding Vale,3,1,906.1,153079,0,304.0,2026-08-21,0,-1,897.0,50.1,,
3320,7315,DeathKnight,Blood,Deathbringer,Tank,US,Temple of Sethraliss,11,0,2262.4,89654,2,294.0,2026-08-19,0,-1,2319.0,-20.8,,
3320,7316,Shaman,Restoration,Totemic,Healer,US,Temple of Sethraliss,11,0,2262.4,15575,6,282.0,2026-08-19,0,-1,2319.0,-20.8,,
3320,7317,Hunter,Survival,Sentinel,DPS,US,Temple of Sethraliss,11,0,2262.4,103740,5,292.0,2026-08-19,0,-1,2319.0,-20.8,,
3320,7318,Paladin,Retribution,Templar,DPS,US,Temple of Sethraliss,11,0,2262.4,135130,2,291.0,2026-08-19,0,-1,2319.0,-20.8,,
3320,2549,Mage,Fire,Sunfury,DPS,US,Temple of Sethraliss,11,0,2262.4,148708,2,293.0,2026-08-19,0,-1,2319.0,-20.8,,
76853,43061,Paladin,Protection,Lightsmith,Tank,EU,Voidscar Arena,13,1,1544.1,113748,0,310.0,2026-08-21,0,-1,1551.0,13.8,,
76853,43062,Shaman,Restoration,Totemic,Healer,EU,Voidscar Arena,13,1,1544.1,29384,0,297.0,2026-08-21,0,-1,1551.0,13.8,,
76853,41601,Warrior,Arms,Slayer,DPS,EU,Voidscar Arena,13,1,1544.1,199280,1,302.0,2026-08-21,0,-1,1551.0,13.8,,
76853,72174,DeathKnight,Unholy,Rider of the Apocalypse,DPS,EU,Voidscar Arena,13,1,1544.1,196107,0,306.0,2026-08-21,0,-1,1551.0,13.8,,
76853,88142,Druid,Balance,Elune's Chosen,DPS,EU,Voidscar Arena,13,1,1544.1,182283,0,307.0,2026-08-21,0,-1,1551.0,13.8,,
46192,83076,DeathKnight,Blood,San'layn,Tank,EU,Altar of Fangs,9,1,1115.7,176820,0,304.0,2026-08-22,0,-1,,,,
46192,92960,Paladin,Holy,Herald of the Sun,Healer,EU,Altar of Fangs,9,1,1115.7,25875,1,299.0,2026-08-22,0,-1,,,,
46192,97488,Warrior,Arms,Slayer,DPS,EU,Altar of Fangs,9,1,1115.7,170701,1,292.0,2026-08-22,0,-1,,,,
46192,83077,Monk,Windwalker,Shado-Pan,DPS,EU,Altar of Fangs,9,1,1115.7,221801,0,312.0,2026-08-22,0,-1,,,,
46192,92961,Druid,Balance,Elune's Chosen,DPS,EU,Altar of Fangs,9,1,1115.7,227428,0,299.0,2026-08-22,0,-1,,,,
39658,84799,DeathKnight,Blood,San'layn,Tank,EU,Temple of Sethraliss,12,1,1515.0,107343,0,305.0,2026-08-21,0,-1,1521.0,20.8,,
39658,84800,Paladin,Holy,Herald of the Sun,Healer,EU,Temple of Sethraliss,12,1,1515.0,9711,0,303.0,2026-08-21,0,-1,1521.0,20.8,,
39658,84801,Rogue,Subtlety,Deathstalker,DPS,EU,Temple of Sethraliss,12,1,1515.0,178552,0,305.0,2026-08-21,0,-1,1521.0,20.8,,
39658,35064,DemonHunter,Devourer,Annihilator,DPS,EU,Temple of Sethraliss,12,1,1515.0,215945,1,303.0,2026-08-21,0,-1,1521.0,20.8,,
39658,84802,Mage,Arcane,Sunfury,DPS,EU,Temple of Sethraliss,12,1,1515.0,231698,0,306.0,2026-08-21,0,-1,1521.0,20.8,,
67423,138115,DeathKnight,Blood,Deathbringer,Tank,CN,Ruby Life Pools,15,1,1593.6,144544,0,301.0,2026-08-23,0,-1,1630.0,3.0,,
67423,82622,Monk,Mistweaver,Conduit of the Celestials,Healer,CN,Ruby Life Pools,15,1,1593.6,66950,0,315.0,2026-08-23,0,-1,1630.0,3.0,,
67423,109344,Warrior,Arms,Slayer,DPS,CN,Ruby Life Pools,15,1,1593.6,288836,0,305.0,2026-08-23,0,-1,1630.0,3.0,,
67423,138114,DeathKnight,Unholy,Rider of the Apocalypse,DPS,CN,Ruby Life Pools,15,1,1593.6,220588,0,312.0,2026-08-23,0,-1,1630.0,3.0,,
67423,61303,Shaman,Elemental,Farseer,DPS,CN,Ruby Life Pools,15,1,1593.6,238674,3,310.0,2026-08-23,0,-1,1630.0,3.0,,
12427,24146,Paladin,Protection,Lightsmith,Tank,EU,Ruby Life Pools,10,1,1136.7,119917,0,300.0,2026-08-19,0,-1,1138.0,32.3,,
12427,24147,Evoker,Preservation,Flameshaper,Healer,EU,Ruby Life Pools,10,1,1136.7,72729,0,298.0,2026-08-19,0,-1,1138.0,32.3,,
12427,24148,Warrior,Fury,Slayer,DPS,EU,Ruby Life Pools,10,1,1136.7,255542,0,303.0,2026-08-19,0,-1,1138.0,32.3,,
12427,24149,DeathKnight,Unholy,Rider of the Apocalypse,DPS,EU,Ruby Life Pools,10,1,1136.7,177104,0,298.0,2026-08-19,0,-1,1138.0,32.3,,
12427,24150,Druid,Balance,Elune's Chosen,DPS,EU,Ruby Life Pools,10,1,1136.7,158613,2,297.0,2026-08-19,0,-1,1138.0,32.3,,
59356,127002,Druid,Guardian,Elune's Chosen,Tank,EU,Murder Row,10,1,1149.7,94674,0,294.0,2026-08-23,0,-1,,,,
59356,58907,Priest,Holy,Oracle,Healer,EU,Murder Row,10,1,1149.7,23509,0,304.0,2026-08-23,0,-1,,,,
59356,123597,Warlock,Demonology,Diabolist,DPS,EU,Murder Row,10,1,1149.7,250954,0,306.0,2026-08-23,0,-1,,,,
59356,83064,Paladin,Retribution,Herald of the Sun,DPS,EU,Murder Row,10,1,1149.7,200125,1,307.0,2026-08-23,0,-1,,,,
59356,64102,Mage,Arcane,Sunfury,DPS,EU,Murder Row,10,1,1149.7,259038,0,311.0,2026-08-23,0,-1,,,,
80438,92857,DemonHunter,Vengeance,Unknown,Tank,CN,The Blinding Vale,12,1,1426.0,114021,0,300.0,2026-08-22,0,-1,,,,
80438,92858,Paladin,Holy,Unknown,Healer,CN,The Blinding Vale,12,1,1426.0,16952,1,297.0,2026-08-22,0,-1,,,,
80438,145448,Mage,Arcane,Unknown,DPS,CN,The Blinding Vale,12,1,1426.0,279584,0,308.0,2026-08-22,0,-1,,,,
80438,145783,Paladin,Retribution,Unknown,DPS,CN,The Blinding Vale,12,1,1426.0,184193,0,299.0,2026-08-22,0,-1,,,,
80438,145784,Warrior,Arms,Unknown,DPS,CN,The Blinding Vale,12,1,1426.0,198844,0,309.0,2026-08-22,0,-1,,,,
79378,103693,DeathKnight,Blood,Deathbringer,Tank,CN,Voidscar Arena,14,1,1678.1,119446,0,311.0,2026-08-23,0,-1,1730.0,3.9,,
79378,145360,Paladin,Holy,Herald of the Sun,Healer,CN,Voidscar Arena,14,1,1678.1,14922,1,304.0,2026-08-23,0,-1,1730.0,3.9,,
79378,103695,Paladin,Retribution,Herald of the Sun,DPS,CN,Voidscar Arena,14,1,1678.1,224294,0,309.0,2026-08-23,0,-1,1730.0,3.9,,
79378,103697,Mage,Arcane,Sunfury,DPS,CN,Voidscar Arena,14,1,1678.1,238211,2,302.0,2026-08-23,0,-1,1730.0,3.9,,
79378,103696,DemonHunter,Havoc,Fel-Scarred,DPS,CN,Voidscar Arena,14,1,1678.1,176868,1,300.0,2026-08-23,0,-1,1730.0,3.9,,
58296,98550,DemonHunter,Vengeance,Aldrachi Reaver,Tank,CN,Temple of Sethraliss,11,1,1246.3,87650,0,301.0,2026-08-23,0,-1,1243.0,35.3,,
58296,96940,Monk,Mistweaver,Conduit of the Celestials,Healer,CN,Temple of Sethraliss,11,1,1246.3,7184,1,306.0,2026-08-23,0,-1,1243.0,35.3,,
58296,96943,Druid,Balance,Elune's Chosen,DPS,CN,Temple of Sethraliss,11,1,1246.3,236263,0,308.0,2026-08-23,0,-1,1243.0,35.3,,
58296,124420,Druid,Balance,Elune's Chosen,DPS,CN,Temple of Sethraliss,11,1,1246.3,215360,0,304.0,2026-08-23,0,-1,1243.0,35.3,,
58296,96942,Mage,Arcane,Sunfury,DPS,CN,Temple of Sethraliss,11,1,1246.3,252596,0,312.0,2026-08-23,0,-1,1243.0,35.3,,
24838,55147,Druid,Guardian,Elune's Chosen,Tank,CN,Murder Row,11,1,1341.2,129280,0,307.0,2026-08-22,0,-1,1343.0,34.2,,
24838,55148,Shaman,Restoration,Totemic,Healer,CN,Murder Row,11,1,1341.2,37251,1,310.0,2026-08-22,0,-1,1343.0,34.2,,
24838,55149,DeathKnight,Frost,Deathbringer,DPS,CN,Murder Row,11,1,1341.2,202614,1,302.0,2026-08-22,0,-1,1343.0,34.2,,
24838,55150,Mage,Arcane,Sunfury,DPS,CN,Murder Row,11,1,1341.2,200159,0,304.0,2026-08-22,0,-1,1343.0,34.2,,
24838,55151,Rogue,Assassination,Deathstalker,DPS,CN,Murder Row,11,1,1341.2,219306,0,302.0,2026-08-22,0,-1,1343.0,34.2,,
84034,140568,Paladin,Protection,Lightsmith,Tank,EU,Voidscar Arena,13,1,1515.4,108744,0,302.0,2026-08-23,0,-1,1507.0,16.3,0,
84034,70095,Evoker,Preservation,Flameshaper,Healer,EU,Voidscar Arena,13,1,1515.4,46058,0,306.0,2026-08-23,0,-1,1507.0,16.3,2,
84034,143614,Shaman,Elemental,Farseer,DPS,EU,Voidscar Arena,13,1,1515.4,202617,0,305.0,2026-08-23,0,-1,1507.0,16.3,0,
84034,148407,Warrior,Arms,Slayer,DPS,EU,Voidscar Arena,13,1,1515.4,183324,0,312.0,2026-08-23,0,-1,1507.0,16.3,2,
84034,148408,Mage,Arcane,Sunfury,DPS,EU,Voidscar Arena,13,1,1515.4,180895,0,308.0,2026-08-23,0,-1,1507.0,16.3,2,
62079,133391,Paladin,Protection,Lightsmith,Tank,CN,The Blinding Vale,2,1,986.0,60939,0,280.0,2026-08-22,0,-1,,,,
62079,133392,Shaman,Restoration,Totemic,Healer,CN,The Blinding Vale,2,1,986.0,20533,0,279.0,2026-08-22,0,-1,,,,
62079,133393,Shaman,Elemental,Farseer,DPS,CN,The Blinding Vale,2,1,986.0,191497,0,303.0,2026-08-22,0,-1,,,,
62079,133394,Rogue,Subtlety,Deathstalker,DPS,CN,The Blinding Vale,2,1,986.0,178772,0,289.0,2026-08-22,0,-1,,,,
62079,133395,Mage,Arcane,Sunfury,DPS,CN,The Blinding Vale,2,1,986.0,31488,4,145.0,2026-08-22,0,-1,,,,
5579,3200,DeathKnight,Blood,Deathbringer,Tank,US,The Blinding Vale,10,1,1406.6,122528,0,293.0,2026-08-19,0,-1,1408.0,21.8,,2737
5579,3201,Priest,Discipline,Oracle,Healer,US,The Blinding Vale,10,1,1406.6,20083,1,295.0,2026-08-19,0,-1,1408.0,21.8,,2717
5579,11826,Mage,Arcane,Sunfury,DPS,US,The Blinding Vale,10,1,1406.6,191493,1,298.0,2026-08-19,0,-1,1408.0,21.8,,
5579,3203,Paladin,Retribution,Templar,DPS,US,The Blinding Vale,10,1,1406.6,190238,0,302.0,2026-08-19,0,-1,1408.0,21.8,,2730
5579,11827,Shaman,Elemental,Farseer,DPS,US,The Blinding Vale,10,1,1406.6,179919,0,291.0,2026-08-19,0,-1,1408.0,21.8,,
60054,128550,Druid,Guardian,Elune's Chosen,Tank,CN,Altar of Fangs,7,1,1099.2,120301,0,305.0,2026-08-23,0,-1,,,,
60054,128551,Shaman,Restoration,Totemic,Healer,CN,Altar of Fangs,7,1,1099.2,27122,2,306.0,2026-08-23,0,-1,,,,
60054,119624,Paladin,Retribution,Herald of the Sun,DPS,CN,Altar of Fangs,7,1,1099.2,288849,1,313.0,2026-08-23,0,-1,,,,
60054,128552,Mage,Arcane,Sunfury,DPS,CN,Altar of Fangs,7,1,1099.2,141692,2,296.0,2026-08-23,0,-1,,,,
60054,128553,Warrior,Arms,Slayer,DPS,CN,Altar of Fangs,7,1,1099.2,160207,1,294.0,2026-08-23,0,-1,,,,
52704,111953,Druid,Guardian,Elune's Chosen,Tank,EU,Ruby Life Pools,5,1,860.5,92892,2,284.0,2026-08-22,0,-1,,,,
52704,66595,Priest,Discipline,Oracle,Healer,EU,Ruby Life Pools,5,1,860.5,21241,1,303.0,2026-08-22,0,-1,,,,
52704,111318,Warrior,Arms,Slayer,DPS,EU,Ruby Life Pools,5,1,860.5,191346,3,301.0,2026-08-22,0,-1,,,,
52704,111319,Monk,Windwalker,Conduit of the Celestials,DPS,EU,Ruby Life Pools,5,1,860.5,73179,2,263.0,2026-08-22,0,-1,,,,
52704,73955,Hunter,BeastMastery,Pack Leader,DPS,EU,Ruby Life Pools,5,1,860.5,204387,1,297.0,2026-08-22,0,-1,,,,
42313,89349,DeathKnight,Blood,Deathbringer,Tank,US,Ruby Life Pools,5,1,946.3,102238,0,295.0,2026-08-21,0,-1,938.0,44.2,,
42313,89350,Priest,Discipline,Oracle,Healer,US,Ruby Life Pools,5,1,946.3,11821,0,292.0,2026-08-21,0,-1,938.0,44.2,,
42313,89351,Hunter,Survival,Pack Leader,DPS,US,Ruby Life Pools,5,1,946.3,140092,0,289.0,2026-08-21,0,-1,938.0,44.2,,
42313,89352,Druid,Balance,Elune's Chosen,DPS,US,Ruby Life Pools,5,1,946.3,112650,0,282.0,2026-08-21,0,-1,938.0,44.2,,
42313,89353,Monk,Windwalker,Shado-Pan,DPS,US,Ruby Life Pools,5,1,946.3,143904,0,286.0,2026-08-21,0,-1,938.0,44.2,,
59619,71701,Warrior,Protection,Mountain Thane,Tank,CN,Murder Row,10,1,1196.4,135022,0,309.0,2026-08-23,0,-1,1193.0,41.5,,
59619,127560,Evoker,Preservation,Flameshaper,Healer,CN,Murder Row,10,1,1196.4,36020,0,306.0,2026-08-23,0,-1,1193.0,41.5,,
59619,127561,Druid,Balance,Elune's Chosen,DPS,CN,Murder Row,10,1,1196.4,218144,0,306.0,2026-08-23,0,-1,1193.0,41.5,,
59619,123957,Warrior,Arms,Slayer,DPS,CN,Murder Row,10,1,1196.4,149259,1,311.0,2026-08-23,0,-1,1193.0,41.5,,
59619,123956,Mage,Arcane,Sunfury,DPS,CN,Murder Row,10,1,1196.4,249307,0,305.0,2026-08-23,0,-1,1193.0,41.5,,
55869,118563,Warrior,Protection,Mountain Thane,Tank,CN,Kings' Rest,4,1,1164.2,51960,1,299.0,2026-08-23,0,-1,,,,
55869,118564,Paladin,Holy,Herald of the Sun,Healer,CN,Kings' Rest,4,1,1164.2,12637,2,279.0,2026-08-23,0,-1,,,,
55869,118565,Hunter,BeastMastery,Pack Leader,DPS,CN,Kings' Rest,4,1,1164.2,95683,1,295.0,2026-08-23,0,-1,,,,
55869,92372,Mage,Arcane,Sunfury,DPS,CN,Kings' Rest,4,1,1164.2,128451,1,309.0,2026-08-23,0,-1,,,,
55869,118566,Monk,Windwalker,Shado-Pan,DPS,CN,Kings' Rest,4,1,1164.2,57321,2,282.0,2026-08-23,0,-1,,,,
25328,2037,DemonHunter,Vengeance,Aldrachi Reaver,Tank,US,Temple of Sethraliss,10,1,1037.0,102055,0,306.0,2026-08-21,0,-1,1034.0,46.2,,3015
25328,2041,Druid,Restoration,Wildstalker,Healer,US,Temple of Sethraliss,10,1,1037.0,11382,1,307.0,2026-08-21,0,-1,1034.0,46.2,,2747
25328,56263,Warrior,Arms,Slayer,DPS,US,Temple of Sethraliss,10,1,1037.0,224996,0,307.0,2026-08-21,0,-1,1034.0,46.2,,
25328,2040,Shaman,Elemental,Farseer,DPS,US,Temple of Sethraliss,10,1,1037.0,269260,0,310.0,2026-08-21,0,-1,1034.0,46.2,,3063
25328,52805,Mage,Arcane,Sunfury,DPS,US,Temple of Sethraliss,10,1,1037.0,246985,0,303.0,2026-08-21,0,-1,1034.0,46.2,,
17389,38495,DeathKnight,Blood,San'layn,Tank,US,Altar of Fangs,10,1,1264.4,109741,0,300.0,2026-08-19,0,-1,1266.0,29.7,,
17389,1185,Shaman,Restoration,Totemic,Healer,US,Altar of Fangs,10,1,1264.4,14707,0,299.0,2026-08-19,0,-1,1266.0,29.7,,
17389,1186,DemonHunter,Devourer,Annihilator,DPS,US,Altar of Fangs,10,1,1264.4,223233,1,301.0,2026-08-19,0,-1,1266.0,29.7,,3011
17389,1187,Paladin,Retribution,Templar,DPS,US,Altar of Fangs,10,1,1264.4,273723,1,307.0,2026-08-19,0,-1,1266.0,29.7,,3011
17389,1188,Warrior,Arms,Slayer,DPS,US,Altar of Fangs,10,1,1264.4,210091,0,301.0,2026-08-19,0,-1,1266.0,29.7,,3052
5258,10009,DeathKnight,Blood,Deathbringer,Tank,US,Temple of Sethraliss,10,1,1378.5,100101,0,291.0,2026-08-18,0,-1,1375.0,28.4,,
5258,7511,Priest,Holy,Oracle,Healer,US,Temple of Sethraliss,10,1,1378.5,12603,0,296.0,2026-08-18,0,-1,1375.0,28.4,,
5258,1173,DemonHunter,Devourer,Void-Scarred,DPS,US,Temple of Sethraliss,10,1,1378.5,199285,0,294.0,2026-08-18,0,-1,1375.0,28.4,,
5258,10010,Hunter,BeastMastery,Pack Leader,DPS,US,Temple of Sethraliss,10,1,1378.5,160313,0,291.0,2026-08-18,0,-1,1375.0,28.4,,
5258,8904,Mage,Arcane,Sunfury,DPS,US,Temple of Sethraliss,10,1,1378.5,199758,1,292.0,2026-08-18,0,-1,1375.0,28.4,,
47169,99339,Monk,Brewmaster,Master of Harmony,Tank,KR,Ruby Life Pools,11,1,1149.5,106355,0,303.0,2026-08-22,0,-1,1146.0,31.8,,
47169,91784,Monk,Mistweaver,Conduit of the Celestials,Healer,KR,Ruby Life Pools,11,1,1149.5,59558,0,293.0,2026-08-22,0,-1,1146.0,31.8,,
47169,99594,Paladin,Retribution,Templar,DPS,KR,Ruby Life Pools,11,1,1149.5,229045,0,301.0,2026-08-22,0,-1,1146.0,31.8,,
47169,99595,Hunter,Marksmanship,Sentinel,DPS,KR,Ruby Life Pools,11,1,1149.5,179781,0,298.0,2026-08-22,0,-1,1146.0,31.8,,
47169,91786,Mage,Arcane,Sunfury,DPS,KR,Ruby Life Pools,11,1,1149.5,260803,1,297.0,2026-08-22,0,-1,1146.0,31.8,,
14374,25584,Druid,Guardian,Elune's Chosen,Tank,EU,Murder Row,9,1,1335.0,76207,0,293.0,2026-08-19,0,-1,1346.0,34.0,,
14374,25585,Evoker,Preservation,Flameshaper,Healer,EU,Murder Row,9,1,1335.0,39073,1,294.0,2026-08-19,0,-1,1346.0,34.0,,
14374,26205,Warrior,Arms,Slayer,DPS,EU,Murder Row,9,1,1335.0,161696,0,298.0,2026-08-19,0,-1,1346.0,34.0,,
14374,29230,Warlock,Destruction,Diabolist,DPS,EU,Murder Row,9,1,1335.0,157385,1,291.0,2026-08-19,0,-1,1346.0,34.0,,
14374,25588,DeathKnight,Unholy,Rider of the Apocalypse,DPS,EU,Murder Row,9,1,1335.0,171564,2,292.0,2026-08-19,0,-1,1346.0,34.0,,
18700,41365,Warrior,Protection,Mountain Thane,Tank,US,Kings' Rest,5,1,1192.8,70421,0,296.0,2026-08-20,0,-1,1185.0,40.2,,
18700,41366,Priest,Holy,Oracle,Healer,US,Kings' Rest,5,1,1192.8,5345,0,296.0,2026-08-20,0,-1,1185.0,40.2,,
18700,41367,Warrior,Fury,Slayer,DPS,US,Kings' Rest,5,1,1192.8,93070,1,295.0,2026-08-20,0,-1,1185.0,40.2,,
18700,41368,Warlock,Demonology,Diabolist,DPS,US,Kings' Rest,5,1,1192.8,99197,0,291.0,2026-08-20,0,-1,1185.0,40.2,,
18700,41369,Paladin,Retribution,Templar,DPS,US,Kings' Rest,5,1,1192.8,88349,0,296.0,2026-08-20,0,-1,1185.0,40.2,,
87825,112626,Paladin,Protection,Lightsmith,Tank,US,Den of Nalorakk,14,1,1767.1,100140,0,309.0,2026-08-24,0,-1,1773.0,7.6,2,
87825,82312,Shaman,Restoration,Totemic,Healer,US,Den of Nalorakk,14,1,1767.1,35276,0,304.0,2026-08-24,0,-1,1773.0,7.6,4,
87825,5120,Hunter,BeastMastery,Pack Leader,DPS,US,Den of Nalorakk,14,1,1767.1,215668,0,312.0,2026-08-24,0,-1,1773.0,7.6,4,
87825,82714,Druid,Balance,Elune's Chosen,DPS,US,Den of Nalorakk,14,1,1767.1,165449,0,310.0,2026-08-24,0,-1,1773.0,7.6,,
87825,153533,DeathKnight,Frost,Deathbringer,DPS,US,Den of Nalorakk,14,1,1767.1,201793,1,309.0,2026-08-24,0,-1,1773.0,7.6,4,
76879,86649,Paladin,Protection,Lightsmith,Tank,EU,Voidscar Arena,14,1,1519.2,103651,0,311.0,2026-08-23,0,-1,1525.0,15.3,,
76879,22812,Shaman,Restoration,Totemic,Healer,EU,Voidscar Arena,14,1,1519.2,30445,0,308.0,2026-08-23,0,-1,1525.0,15.3,,
76879,75346,Warrior,Arms,Slayer,DPS,EU,Voidscar Arena,14,1,1519.2,235578,0,305.0,2026-08-23,0,-1,1525.0,15.3,,
76879,140306,Shaman,Enhancement,Stormbringer,DPS,EU,Voidscar Arena,14,1,1519.2,232151,1,302.0,2026-08-23,0,-1,1525.0,15.3,,
76879,20393,Druid,Balance,Elune's Chosen,DPS,EU,Voidscar Arena,14,1,1519.2,290068,0,312.0,2026-08-23,0,-1,1525.0,15.3,,
77070,51689,DeathKnight,Blood,San'layn,Tank,EU,Voidscar Arena,14,1,1699.8,153952,0,307.0,2026-08-22,0,-1,1721.0,4.4,,
77070,112787,Shaman,Restoration,Totemic,Healer,EU,Voidscar Arena,14,1,1699.8,22500,0,305.0,2026-08-22,0,-1,1721.0,4.4,,
77070,112788,Druid,Balance,Elune's Chosen,DPS,EU,Voidscar Arena,14,1,1699.8,181798,0,304.0,2026-08-22,0,-1,1721.0,4.4,,
77070,52149,Hunter,BeastMastery,Pack Leader,DPS,EU,Voidscar Arena,14,1,1699.8,218533,1,311.0,2026-08-22,0,-1,1721.0,4.4,,
77070,23428,Warrior,Arms,Slayer,DPS,EU,Voidscar Arena,14,1,1699.8,229191,1,311.0,2026-08-22,0,-1,1721.0,4.4,,
15328,32357,Paladin,Protection,Templar,Tank,EU,Temple of Sethraliss,2,1,1059.2,48592,0,293.0,2026-08-19,0,-1,1050.0,45.3,,
15328,32358,Shaman,Restoration,Farseer,Healer,EU,Temple of Sethraliss,2,1,1059.2,21560,0,291.0,2026-08-19,0,-1,1050.0,45.3,,
15328,32359,Hunter,BeastMastery,Pack Leader,DPS,EU,Temple of Sethraliss,2,1,1059.2,92361,0,294.0,2026-08-19,0,-1,1050.0,45.3,,
15328,32360,Shaman,Elemental,Farseer,DPS,EU,Temple of Sethraliss,2,1,1059.2,121364,0,295.0,2026-08-19,0,-1,1050.0,45.3,,
15328,32361,Warlock,Destruction,Diabolist,DPS,EU,Temple of Sethraliss,2,1,1059.2,97009,1,288.0,2026-08-19,0,-1,1050.0,45.3,,
40012,85447,Paladin,Protection,Lightsmith,Tank,EU,Den of Nalorakk,6,1,1139.8,73351,0,294.0,2026-08-20,0,-1,1131.0,41.1,,
40012,85448,Shaman,Restoration,Totemic,Healer,EU,Den of Nalorakk,6,1,1139.8,19518,0,292.0,2026-08-20,0,-1,1131.0,41.1,,
40012,85449,Monk,Windwalker,Shado-Pan,DPS,EU,Den of Nalorakk,6,1,1139.8,136948,0,292.0,2026-08-20,0,-1,1131.0,41.1,,
40012,85450,Warrior,Arms,Slayer,DPS,EU,Den of Nalorakk,6,1,1139.8,91135,0,271.0,2026-08-20,0,-1,1131.0,41.1,,
40012,85451,Mage,Arcane,Sunfury,DPS,EU,Den of Nalorakk,6,1,1139.8,153292,0,296.0,2026-08-20,0,-1,1131.0,41.1,,
73594,4092,Druid,Guardian,Elune's Chosen,Tank,US,Temple of Sethraliss,16,0,1929.4,151180,1,310.0,2026-08-22,0,-1,1996.0,-4.0,,3424
73594,8202,Shaman,Restoration,Totemic,Healer,US,Temple of Sethraliss,16,0,1929.4,18400,1,303.0,2026-08-22,0,-1,1996.0,-4.0,,
73594,7617,Priest,Shadow,Archon,DPS,US,Temple of Sethraliss,16,0,1929.4,232843,0,308.0,2026-08-22,0,-1,1996.0,-4.0,,
73594,7619,DeathKnight,Unholy,Rider of the Apocalypse,DPS,US,Temple of Sethraliss,16,0,1929.4,270057,1,306.0,2026-08-22,0,-1,1996.0,-4.0,,
73594,7618,Rogue,Subtlety,Deathstalker,DPS,US,Temple of Sethraliss,16,0,1929.4,197347,3,311.0,2026-08-22,0,-1,1996.0,-4.0,,
66918,138411,DeathKnight,Blood,San'layn,Tank,EU,Ruby Life Pools,10,1,1020.8,83255,0,291.0,2026-08-23,0,-1,1012.0,39.8,,
66918,89006,Shaman,Restoration,Totemic,Healer,EU,Ruby Life Pools,10,1,1020.8,26647,0,297.0,2026-08-23,0,-1,1012.0,39.8,,
66918,97454,Mage,Arcane,Sunfury,DPS,EU,Ruby Life Pools,10,1,1020.8,237460,0,302.0,2026-08-23,0,-1,1012.0,39.8,,
66918,138412,Rogue,Assassination,Deathstalker,DPS,EU,Ruby Life Pools,10,1,1020.8,248657,0,299.0,2026-08-23,0,-1,1012.0,39.8,,
66918,138413,Evoker,Devastation,Scalecommander,DPS,EU,Ruby Life Pools,10,1,1020.8,172151,0,303.0,2026-08-23,0,-1,1012.0,39.8,,
24126,53390,DeathKnight,Blood,Deathbringer,Tank,EU,Voidscar Arena,7,1,1045.2,78714,0,292.0,2026-08-21,0,-1,1037.0,42.4,,
24126,19616,Druid,Restoration,Keeper of the Grove,Healer,EU,Voidscar Arena,7,1,1045.2,15858,0,301.0,2026-08-21,0,-1,1037.0,42.4,,
24126,53391,Rogue,Assassination,Deathstalker,DPS,EU,Voidscar Arena,7,1,1045.2,191288,0,300.0,2026-08-21,0,-1,1037.0,42.4,,
24126,19617,Mage,Arcane,Sunfury,DPS,EU,Voidscar Arena,7,1,1045.2,212894,0,308.0,2026-08-21,0,-1,1037.0,42.4,,
24126,53392,Shaman,Elemental,Farseer,DPS,EU,Voidscar Arena,7,1,1045.2,170706,0,294.0,2026-08-21,0,-1,1037.0,42.4,,
17778,39380,Monk,Brewmaster,Master of Harmony,Tank,US,Ruby Life Pools,2,1,940.1,81597,0,292.0,2026-08-20,0,-1,931.0,44.6,,
17778,39381,Shaman,Restoration,Totemic,Healer,US,Ruby Life Pools,2,1,940.1,14048,0,267.0,2026-08-20,0,-1,931.0,44.6,,
17778,39382,Paladin,Retribution,Templar,DPS,US,Ruby Life Pools,2,1,940.1,86998,0,286.0,2026-08-20,0,-1,931.0,44.6,,
17778,39383,Hunter,Survival,Sentinel,DPS,US,Ruby Life Pools,2,1,940.1,129640,0,290.0,2026-08-20,0,-1,931.0,44.6,,
17778,39384,Druid,Feral,Druid of the Claw,DPS,US,Ruby Life Pools,2,1,940.1,125887,0,289.0,2026-08-20,0,-1,931.0,44.6,,
75988,143751,DeathKnight,Blood,Deathbringer,Tank,CN,Voidscar Arena,13,1,1515.8,111145,0,310.0,2026-08-23,0,-1,1522.0,15.4,,
75988,81471,Paladin,Holy,Lightsmith,Healer,CN,Voidscar Arena,13,1,1515.8,51049,0,309.0,2026-08-23,0,-1,1522.0,15.4,,
75988,134361,Warrior,Arms,Slayer,DPS,CN,Voidscar Arena,13,1,1515.8,174492,1,305.0,2026-08-23,0,-1,1522.0,15.4,,
75988,143752,Shaman,Elemental,Farseer,DPS,CN,Voidscar Arena,13,1,1515.8,170456,0,297.0,2026-08-23,0,-1,1522.0,15.4,,
75988,143753,Mage,Arcane,Sunfury,DPS,CN,Voidscar Arena,13,1,1515.8,196966,0,301.0,2026-08-23,0,-1,1522.0,15.4,,
23133,51209,DemonHunter,Vengeance,Annihilator,Tank,US,Ruby Life Pools,4,1,973.7,88664,0,297.0,2026-08-20,0,-1,965.0,42.5,,
23133,51210,Priest,Discipline,Oracle,Healer,US,Ruby Life Pools,4,1,973.7,16116,0,294.0,2026-08-20,0,-1,965.0,42.5,,
23133,51211,Paladin,Retribution,Templar,DPS,US,Ruby Life Pools,4,1,973.7,134389,0,298.0,2026-08-20,0,-1,965.0,42.5,,
23133,51212,Mage,Frost,Frostfire,DPS,US,Ruby Life Pools,4,1,973.7,81074,1,295.0,2026-08-20,0,-1,965.0,42.5,,
23133,51213,Shaman,Elemental,Farseer,DPS,US,Ruby Life Pools,4,1,973.7,128706,0,292.0,2026-08-20,0,-1,965.0,42.5,,
33008,52197,Paladin,Protection,Lightsmith,Tank,EU,Kings' Rest,11,1,1413.3,73779,0,297.0,2026-08-20,0,-1,1405.0,29.1,,
33008,60655,Shaman,Restoration,Totemic,Healer,EU,Kings' Rest,11,1,1413.3,36569,0,297.0,2026-08-20,0,-1,1405.0,29.1,,
33008,71428,Hunter,Survival,Sentinel,DPS,EU,Kings' Rest,11,1,1413.3,127312,0,300.0,2026-08-20,0,-1,1405.0,29.1,,
33008,71429,DemonHunter,Devourer,Annihilator,DPS,EU,Kings' Rest,11,1,1413.3,162473,0,301.0,2026-08-20,0,-1,1405.0,29.1,,
33008,13753,Warlock,Demonology,Diabolist,DPS,EU,Kings' Rest,11,1,1413.3,160148,0,300.0,2026-08-20,0,-1,1405.0,29.1,,
23093,4442,DeathKnight,Blood,San'layn,Tank,US,Den of Nalorakk,12,1,1669.5,90319,0,302.0,2026-08-19,0,-1,1706.0,11.2,,
23093,20134,Paladin,Holy,Lightsmith,Healer,US,Den of Nalorakk,12,1,1669.5,27806,0,297.0,2026-08-19,0,-1,1706.0,11.2,,
23093,51129,Priest,Shadow,Voidweaver,DPS,US,Den of Nalorakk,12,1,1669.5,100539,2,294.0,2026-08-19,0,-1,1706.0,11.2,,
23093,11830,Druid,Balance,Elune's Chosen,DPS,US,Den of Nalorakk,12,1,1669.5,185131,1,302.0,2026-08-19,0,-1,1706.0,11.2,,3103
23093,51130,Mage,Arcane,Sunfury,DPS,US,Den of Nalorakk,12,1,1669.5,213149,0,307.0,2026-08-19,0,-1,1706.0,11.2,,
43636,91580,Warrior,Protection,Mountain Thane,Tank,US,Temple of Sethraliss,2,1,795.2,78596,0,307.0,2026-08-22,0,-1,,,,
43636,91606,Druid,Restoration,Keeper of the Grove,Healer,US,Temple of Sethraliss,2,1,795.2,5489,0,296.0,2026-08-22,0,-1,,,,
43636,87341,Hunter,Survival,Sentinel,DPS,US,Temple of Sethraliss,2,1,795.2,181990,0,307.0,2026-08-22,0,-1,,,,
43636,81230,Druid,Feral,Druid of the Claw,DPS,US,Temple of Sethraliss,2,1,795.2,154658,0,291.0,2026-08-22,0,-1,,,,
43636,37930,Monk,Windwalker,Shado-Pan,DPS,US,Temple of Sethraliss,2,1,795.2,101032,0,296.0,2026-08-22,0,-1,,,,
27847,2515,DemonHunter,Vengeance,Annihilator,Tank,US,Voidscar Arena,9,1,1046.3,104272,0,297.0,2026-08-22,0,-1,1038.0,42.4,,
27847,61030,Priest,Holy,Oracle,Healer,US,Voidscar Arena,9,1,1046.3,16595,0,289.0,2026-08-22,0,-1,1038.0,42.4,,
27847,5616,Shaman,Enhancement,Stormbringer,DPS,US,Voidscar Arena,9,1,1046.3,208571,0,303.0,2026-08-22,0,-1,1038.0,42.4,,
27847,2517,Mage,Arcane,Sunfury,DPS,US,Voidscar Arena,9,1,1046.3,163887,0,301.0,2026-08-22,0,-1,1038.0,42.4,,
27847,2518,Druid,Balance,Elune's Chosen,DPS,US,Voidscar Arena,9,1,1046.3,200588,0,304.0,2026-08-22,0,-1,1038.0,42.4,,
35072,75832,DemonHunter,Vengeance,Annihilator,Tank,EU,Ruby Life Pools,11,1,1031.5,135442,0,303.0,2026-08-21,0,-1,1042.0,37.9,,
35072,75833,Shaman,Restoration,Totemic,Healer,EU,Ruby Life Pools,11,1,1031.5,26661,0,295.0,2026-08-21,0,-1,1042.0,37.9,,
35072,75834,Warrior,Arms,Slayer,DPS,EU,Ruby Life Pools,11,1,1031.5,229071,0,298.0,2026-08-21,0,-1,1042.0,37.9,,
35072,42676,Hunter,Marksmanship,Sentinel,DPS,EU,Ruby Life Pools,11,1,1031.5,218444,2,306.0,2026-08-21,0,-1,1042.0,37.9,,
35072,75835,Priest,Shadow,Voidweaver,DPS,EU,Ruby Life Pools,11,1,1031.5,238062,2,302.0,2026-08-21,0,-1,1042.0,37.9,,
53789,114140,DemonHunter,Vengeance,Annihilator,Tank,EU,The Blinding Vale,3,1,1047.2,79204,0,298.0,2026-08-22,0,-1,1039.0,42.3,,
53789,114141,Paladin,Holy,Herald of the Sun,Healer,EU,The Blinding Vale,3,1,1047.2,5442,0,280.0,2026-08-22,0,-1,1039.0,42.3,,
53789,114034,Mage,Arcane,Sunfury,DPS,EU,The Blinding Vale,3,1,1047.2,126807,0,287.0,2026-08-22,0,-1,1039.0,42.3,,
53789,114142,Druid,Feral,Druid of the Claw,DPS,EU,The Blinding Vale,3,1,1047.2,87797,0,279.0,2026-08-22,0,-1,1039.0,42.3,,
53789,108924,DemonHunter,Devourer,Void-Scarred,DPS,EU,The Blinding Vale,3,1,1047.2,152060,2,296.0,2026-08-22,0,-1,1039.0,42.3,,
25805,56396,DeathKnight,Blood,San'layn,Tank,CN,Ruby Life Pools,10,1,1062.2,122971,0,292.0,2026-08-20,0,-1,1063.0,36.7,,
25805,56397,Monk,Mistweaver,Conduit of the Celestials,Healer,CN,Ruby Life Pools,10,1,1062.2,49062,0,297.0,2026-08-20,0,-1,1063.0,36.7,,
25805,56398,DemonHunter,Devourer,Annihilator,DPS,CN,Ruby Life Pools,10,1,1062.2,228985,1,303.0,2026-08-20,0,-1,1063.0,36.7,,
25805,57328,Warlock,Demonology,Diabolist,DPS,CN,Ruby Life Pools,10,1,1062.2,222457,0,299.0,2026-08-20,0,-1,1063.0,36.7,,
25805,57329,Mage,Arcane,Sunfury,DPS,CN,Ruby Life Pools,10,1,1062.2,233382,1,300.0,2026-08-20,0,-1,1063.0,36.7,,
2765,5984,Paladin,Protection,Templar,Tank,US,Kings' Rest,11,1,1699.9,66222,0,293.0,2026-08-18,0,-1,1706.0,13.8,,
2765,5985,Paladin,Holy,Herald of the Sun,Healer,US,Kings' Rest,11,1,1699.9,16989,1,293.0,2026-08-18,0,-1,1706.0,13.8,,
2765,5986,Rogue,Assassination,Deathstalker,DPS,US,Kings' Rest,11,1,1699.9,118057,1,292.0,2026-08-18,0,-1,1706.0,13.8,,
2765,5987,Mage,Arcane,Sunfury,DPS,US,Kings' Rest,11,1,1699.9,145972,0,294.0,2026-08-18,0,-1,1706.0,13.8,,
2765,5988,Paladin,Retribution,Herald of the Sun,DPS,US,Kings' Rest,11,1,1699.9,133200,1,295.0,2026-08-18,0,-1,1706.0,13.8,,
43680,91687,DeathKnight,Blood,San'layn,Tank,EU,Altar of Fangs,10,1,1105.0,137775,0,303.0,2026-08-22,0,-1,,,,
43680,15705,Shaman,Restoration,Totemic,Healer,EU,Altar of Fangs,10,1,1105.0,38013,0,300.0,2026-08-22,0,-1,,,,
43680,91688,DeathKnight,Unholy,Rider of the Apocalypse,DPS,EU,Altar of Fangs,10,1,1105.0,255382,0,305.0,2026-08-22,0,-1,,,,
43680,15708,Druid,Balance,Elune's Chosen,DPS,EU,Altar of Fangs,10,1,1105.0,243766,0,307.0,2026-08-22,0,-1,,,,
43680,15707,Warrior,Arms,Slayer,DPS,EU,Altar of Fangs,10,1,1105.0,238043,0,303.0,2026-08-22,0,-1,,,,
64659,13209,DeathKnight,Blood,San'layn,Tank,EU,Temple of Sethraliss,14,1,1567.8,133552,0,311.0,2026-08-21,0,-1,1620.0,15.6,,
64659,38350,Paladin,Holy,Lightsmith,Healer,EU,Temple of Sethraliss,14,1,1567.8,37946,1,307.0,2026-08-21,0,-1,1620.0,15.6,,
64659,53859,Druid,Balance,Elune's Chosen,DPS,EU,Temple of Sethraliss,14,1,1567.8,202966,2,302.0,2026-08-21,0,-1,1620.0,15.6,,
64659,13211,Warlock,Demonology,Diabolist,DPS,EU,Temple of Sethraliss,14,1,1567.8,255770,1,304.0,2026-08-21,0,-1,1620.0,15.6,,
64659,13210,Priest,Shadow,Voidweaver,DPS,EU,Temple of Sethraliss,14,1,1567.8,243757,0,303.0,2026-08-21,0,-1,1620.0,15.6,,
65634,13446,Warrior,Protection,Mountain Thane,Tank,EU,The Blinding Vale,13,1,1392.8,161435,0,309.0,2026-08-22,0,-1,1474.0,18.1,,3009
65634,15440,Priest,Holy,Oracle,Healer,EU,The Blinding Vale,13,1,1392.8,28755,1,306.0,2026-08-22,0,-1,1474.0,18.1,,
65634,77853,DemonHunter,Devourer,Void-Scarred,DPS,EU,The Blinding Vale,13,1,1392.8,215856,3,307.0,2026-08-22,0,-1,1474.0,18.1,,
65634,13450,Rogue,Subtlety,Deathstalker,DPS,EU,The Blinding Vale,13,1,1392.8,203164,1,304.0,2026-08-22,0,-1,1474.0,18.1,,3021
65634,16031,Mage,Arcane,Sunfury,DPS,EU,The Blinding Vale,13,1,1392.8,250178,1,306.0,2026-08-22,0,-1,1474.0,18.1,,
83829,120389,DeathKnight,Blood,San'layn,Tank,US,Kings' Rest,5,1,1123.6,75542,0,299.0,2026-08-23,0,-1,1115.0,43.7,0,
83829,148016,Priest,Holy,Archon,Healer,US,Kings' Rest,5,1,1123.6,20350,0,273.0,2026-08-23,0,-1,1115.0,43.7,0,
83829,148017,Shaman,Enhancement,Stormbringer,DPS,US,Kings' Rest,5,1,1123.6,66915,0,273.0,2026-08-23,0,-1,1115.0,43.7,0,
83829,40389,Rogue,Subtlety,Deathstalker,DPS,US,Kings' Rest,5,1,1123.6,117891,0,292.0,2026-08-23,0,-1,1115.0,43.7,1,
83829,148018,Mage,Arcane,Sunfury,DPS,US,Kings' Rest,5,1,1123.6,89401,0,280.0,2026-08-23,0,-1,1115.0,43.7,,
66358,16524,Paladin,Protection,Lightsmith,Tank,EU,Altar of Fangs,14,1,1713.8,132655,0,304.0,2026-08-20,0,-1,1750.0,2.8,,
66358,16525,Paladin,Holy,Herald of the Sun,Healer,EU,Altar of Fangs,14,1,1713.8,48625,0,310.0,2026-08-20,0,-1,1750.0,2.8,,
66358,23156,DemonHunter,Devourer,Annihilator,DPS,EU,Altar of Fangs,14,1,1713.8,221728,1,305.0,2026-08-20,0,-1,1750.0,2.8,,
66358,57940,Druid,Balance,Elune's Chosen,DPS,EU,Altar of Fangs,14,1,1713.8,261439,1,301.0,2026-08-20,0,-1,1750.0,2.8,,
66358,16527,Warrior,Arms,Slayer,DPS,EU,Altar of Fangs,14,1,1713.8,246196,1,308.0,2026-08-20,0,-1,1750.0,2.8,,
27618,54094,DeathKnight,Blood,San'layn,Tank,US,Altar of Fangs,5,1,988.3,113852,0,297.0,2026-08-22,0,-1,979.0,45.6,,
27618,54095,Druid,Restoration,Wildstalker,Healer,US,Altar of Fangs,5,1,988.3,9563,0,294.0,2026-08-22,0,-1,979.0,45.6,,
27618,54098,Druid,Balance,Elune's Chosen,DPS,US,Altar of Fangs,5,1,988.3,194976,1,296.0,2026-08-22,0,-1,979.0,45.6,,
27618,54096,Hunter,BeastMastery,Pack Leader,DPS,US,Altar of Fangs,5,1,988.3,153385,1,291.0,2026-08-22,0,-1,979.0,45.6,,
27618,54097,Rogue,Assassination,Deathstalker,DPS,US,Altar of Fangs,5,1,988.3,155188,0,296.0,2026-08-22,0,-1,979.0,45.6,,
19660,43359,DeathKnight,Blood,San'layn,Tank,US,Temple of Sethraliss,10,1,1281.2,146438,0,302.0,2026-08-19,0,-1,1298.0,32.4,,
19660,4227,Evoker,Preservation,Flameshaper,Healer,US,Temple of Sethraliss,10,1,1281.2,42071,1,300.0,2026-08-19,0,-1,1298.0,32.4,,
19660,43360,DemonHunter,Devourer,Void-Scarred,DPS,US,Temple of Sethraliss,10,1,1281.2,188452,1,306.0,2026-08-19,0,-1,1298.0,32.4,,
19660,43361,Mage,Arcane,Sunfury,DPS,US,Temple of Sethraliss,10,1,1281.2,143002,2,287.0,2026-08-19,0,-1,1298.0,32.4,,
19660,43362,Warrior,Arms,Slayer,DPS,US,Temple of Sethraliss,10,1,1281.2,224981,1,304.0,2026-08-19,0,-1,1298.0,32.4,,
30546,61675,DeathKnight,Blood,San'layn,Tank,CN,Temple of Sethraliss,11,1,1283.3,139280,0,307.0,2026-08-22,0,-1,1285.0,33.1,,
30546,61676,Priest,Holy,Oracle,Healer,CN,Temple of Sethraliss,11,1,1283.3,22801,0,303.0,2026-08-22,0,-1,1285.0,33.1,,
30546,61678,Mage,Arcane,Sunfury,DPS,CN,Temple of Sethraliss,11,1,1283.3,178389,1,303.0,2026-08-22,0,-1,1285.0,33.1,,
30546,61677,Warrior,Arms,Slayer,DPS,CN,Temple of Sethraliss,11,1,1283.3,195888,1,305.0,2026-08-22,0,-1,1285.0,33.1,,
30546,61679,Shaman,Elemental,Farseer,DPS,CN,Temple of Sethraliss,11,1,1283.3,248064,0,310.0,2026-08-22,0,-1,1285.0,33.1,,
73836,70444,Paladin,Protection,Lightsmith,Tank,EU,Murder Row,13,1,1588.5,76114,0,305.0,2026-08-21,0,-1,1625.0,20.3,,
73836,70445,Monk,Mistweaver,Conduit of the Celestials,Healer,EU,Murder Row,13,1,1588.5,34019,0,304.0,2026-08-21,0,-1,1625.0,20.3,,
73836,19244,Rogue,Subtlety,Deathstalker,DPS,EU,Murder Row,13,1,1588.5,249899,1,300.0,2026-08-21,0,-1,1625.0,20.3,,
73836,49831,Shaman,Elemental,Farseer,DPS,EU,Murder Row,13,1,1588.5,234320,1,307.0,2026-08-21,0,-1,1625.0,20.3,,
73836,70446,DemonHunter,Havoc,Fel-Scarred,DPS,EU,Murder Row,13,1,1588.5,203262,1,305.0,2026-08-21,0,-1,1625.0,20.3,,
73708,142538,Druid,Guardian,Elune's Chosen,Tank,EU,The Blinding Vale,12,1,1395.4,101005,0,295.0,2026-08-22,0,-1,,,,
73708,76868,Shaman,Restoration,Totemic,Healer,EU,The Blinding Vale,12,1,1395.4,31719,2,305.0,2026-08-22,0,-1,,,,
73708,142539,DeathKnight,Unholy,San'layn,DPS,EU,The Blinding Vale,12,1,1395.4,208995,0,307.0,2026-08-22,0,-1,,,,
73708,23519,Mage,Arcane,Sunfury,DPS,EU,The Blinding Vale,12,1,1395.4,266496,0,303.0,2026-08-22,0,-1,,,,
73708,133716,DemonHunter,Devourer,Annihilator,DPS,EU,The Blinding Vale,12,1,1395.4,220043,1,303.0,2026-08-22,0,-1,,,,
55554,117797,Warrior,Protection,Mountain Thane,Tank,US,Kings' Rest,8,1,1041.5,82629,0,299.0,2026-08-23,0,-1,1033.0,47.8,,
55554,117814,Shaman,Restoration,Totemic,Healer,US,Kings' Rest,8,1,1041.5,23674,0,300.0,2026-08-23,0,-1,1033.0,47.8,,
55554,117799,Rogue,Subtlety,Deathstalker,DPS,US,Kings' Rest,8,1,1041.5,146480,0,305.0,2026-08-23,0,-1,1033.0,47.8,,
55554,117815,Druid,Balance,Elune's Chosen,DPS,US,Kings' Rest,8,1,1041.5,154501,0,302.0,2026-08-23,0,-1,1033.0,47.8,,
55554,103163,Warlock,Demonology,Diabolist,DPS,US,Kings' Rest,8,1,1041.5,179254,0,305.0,2026-08-23,0,-1,1033.0,47.8,,
4862,819,Paladin,Protection,Templar,Tank,US,Voidscar Arena,10,1,1159.0,87291,0,296.0,2026-08-18,0,-1,1155.0,35.8,,2878
4862,820,Priest,Holy,Oracle,Healer,US,Voidscar Arena,10,1,1159.0,19561,0,295.0,2026-08-18,0,-1,1155.0,35.8,,2955
4862,823,Evoker,Devastation,Scalecommander,DPS,US,Voidscar Arena,10,1,1159.0,208119,0,295.0,2026-08-18,0,-1,1155.0,35.8,,2834
4862,10295,Warrior,Arms,Slayer,DPS,US,Voidscar Arena,10,1,1159.0,205842,1,293.0,2026-08-18,0,-1,1155.0,35.8,,2825
4862,2437,Monk,Windwalker,Shado-Pan,DPS,US,Voidscar Arena,10,1,1159.0,136980,0,295.0,2026-08-18,0,-1,1155.0,35.8,,
29233,63463,Druid,Guardian,Elune's Chosen,Tank,EU,Altar of Fangs,10,1,1088.9,101524,0,297.0,2026-08-20,0,-1,1080.0,40.0,,
29233,16252,Paladin,Holy,Herald of the Sun,Healer,EU,Altar of Fangs,10,1,1088.9,23611,0,306.0,2026-08-20,0,-1,1080.0,40.0,,2809
29233,63464,Rogue,Assassination,Deathstalker,DPS,EU,Altar of Fangs,10,1,1088.9,317038,0,298.0,2026-08-20,0,-1,1080.0,40.0,,
29233,63465,DemonHunter,Devourer,Void-Scarred,DPS,EU,Altar of Fangs,10,1,1088.9,248902,0,300.0,2026-08-20,0,-1,1080.0,40.0,,
29233,63466,Evoker,Devastation,Scalecommander,DPS,EU,Altar of Fangs,10,1,1088.9,288535,0,297.0,2026-08-20,0,-1,1080.0,40.0,,
57520,109773,DeathKnight,Blood,Deathbringer,Tank,KR,Altar of Fangs,5,1,1025.0,71964,0,298.0,2026-08-23,0,-1,,,,
57520,122500,Paladin,Holy,Herald of the Sun,Healer,KR,Altar of Fangs,5,1,1025.0,11166,0,287.0,2026-08-23,0,-1,,,,
57520,122501,Warlock,Demonology,Diabolist,DPS,KR,Altar of Fangs,5,1,1025.0,151879,0,295.0,2026-08-23,0,-1,,,,
57520,122502,Rogue,Subtlety,Trickster,DPS,KR,Altar of Fangs,5,1,1025.0,182772,0,294.0,2026-08-23,0,-1,,,,
57520,65134,Mage,Arcane,Sunfury,DPS,KR,Altar of Fangs,5,1,1025.0,132519,0,293.0,2026-08-23,0,-1,,,,
44559,93799,DeathKnight,Blood,Deathbringer,Tank,CN,Ruby Life Pools,12,1,1362.6,137273,0,309.0,2026-08-22,0,-1,,,,
44559,93800,Paladin,Holy,Herald of the Sun,Healer,CN,Ruby Life Pools,12,1,1362.6,16963,1,308.0,2026-08-22,0,-1,,,,
44559,93801,Warrior,Arms,Slayer,DPS,CN,Ruby Life Pools,12,1,1362.6,180975,0,308.0,2026-08-22,0,-1,,,,
44559,71529,Mage,Arcane,Sunfury,DPS,CN,Ruby Life Pools,12,1,1362.6,207134,1,307.0,2026-08-22,0,-1,,,,
44559,93802,Rogue,Subtlety,Trickster,DPS,CN,Ruby Life Pools,12,1,1362.6,231497,0,302.0,2026-08-22,0,-1,,,,
59637,60435,DeathKnight,Blood,San'layn,Tank,EU,The Blinding Vale,10,1,1080.9,138117,0,312.0,2026-08-22,0,-1,1077.0,40.2,,
59637,14096,Paladin,Holy,Lightsmith,Healer,EU,The Blinding Vale,10,1,1080.9,55843,0,309.0,2026-08-22,0,-1,1077.0,40.2,,
59637,42719,Warlock,Demonology,Diabolist,DPS,EU,The Blinding Vale,10,1,1080.9,211539,1,309.0,2026-08-22,0,-1,1077.0,40.2,,
59637,18905,Evoker,Devastation,Scalecommander,DPS,EU,The Blinding Vale,10,1,1080.9,267902,0,309.0,2026-08-22,0,-1,1077.0,40.2,,
59637,127610,DeathKnight,Unholy,Rider of the Apocalypse,DPS,EU,The Blinding Vale,10,1,1080.9,190343,0,290.0,2026-08-22,0,-1,1077.0,40.2,,
38463,11284,DemonHunter,Vengeance,Annihilator,Tank,US,Ruby Life Pools,12,1,1224.2,129902,0,309.0,2026-08-20,0,-1,1231.0,26.7,,3067
38463,4285,Shaman,Restoration,Totemic,Healer,US,Ruby Life Pools,12,1,1224.2,30766,0,306.0,2026-08-20,0,-1,1231.0,26.7,,
38463,7423,Rogue,Outlaw,Trickster,DPS,US,Ruby Life Pools,12,1,1224.2,240045,0,304.0,2026-08-20,0,-1,1231.0,26.7,,3302
38463,120,Warrior,Fury,Slayer,DPS,US,Ruby Life Pools,12,1,1224.2,271359,0,305.0,2026-08-20,0,-1,1231.0,26.7,,3330
38463,9140,Hunter,Marksmanship,Sentinel,DPS,US,Ruby Life Pools,12,1,1224.2,221740,1,305.0,2026-08-20,0,-1,1231.0,26.7,,
12129,24034,Paladin,Protection,Lightsmith,Tank,EU,Ruby Life Pools,11,1,1388.1,101672,0,292.0,2026-08-19,0,-1,1380.0,17.9,,
12129,24035,Priest,Discipline,Oracle,Healer,EU,Ruby Life Pools,11,1,1388.1,17064,0,296.0,2026-08-19,0,-1,1380.0,17.9,,
12129,24036,Paladin,Retribution,Templar,DPS,EU,Ruby Life Pools,11,1,1388.1,183893,0,295.0,2026-08-19,0,-1,1380.0,17.9,,
12129,24037,DemonHunter,Devourer,Void-Scarred,DPS,EU,Ruby Life Pools,11,1,1388.1,154833,0,293.0,2026-08-19,0,-1,1380.0,17.9,,
12129,24038,Priest,Shadow,Voidweaver,DPS,EU,Ruby Life Pools,11,1,1388.1,188106,0,293.0,2026-08-19,0,-1,1380.0,17.9,,
39561,84642,DemonHunter,Vengeance,Annihilator,Tank,US,Temple of Sethraliss,2,1,1114.7,54115,0,287.0,2026-08-21,0,-1,1106.0,42.4,,
39561,84643,Paladin,Holy,Herald of the Sun,Healer,US,Temple of Sethraliss,2,1,1114.7,12068,1,249.0,2026-08-21,0,-1,1106.0,42.4,,
39561,81820,Hunter,BeastMastery,Pack Leader,DPS,US,Temple of Sethraliss,2,1,1114.7,130333,0,295.0,2026-08-21,0,-1,1106.0,42.4,,
39561,84644,Warrior,Arms,Slayer,DPS,US,Temple of Sethraliss,2,1,1114.7,92360,0,285.0,2026-08-21,0,-1,1106.0,42.4,,
39561,84645,Shaman,Elemental,Farseer,DPS,US,Temple of Sethraliss,2,1,1114.7,102843,0,281.0,2026-08-21,0,-1,1106.0,42.4,,
57524,61301,Druid,Guardian,Elune's Chosen,Tank,CN,The Blinding Vale,11,1,1239.1,106039,0,310.0,2026-08-23,0,-1,1245.0,30.8,,
57524,121974,Monk,Mistweaver,Conduit of the Celestials,Healer,CN,The Blinding Vale,11,1,1239.1,54821,0,300.0,2026-08-23,0,-1,1245.0,30.8,,
57524,122513,Shaman,Elemental,Farseer,DPS,CN,The Blinding Vale,11,1,1239.1,184077,2,298.0,2026-08-23,0,-1,1245.0,30.8,,
57524,61303,Shaman,Elemental,Farseer,DPS,CN,The Blinding Vale,11,1,1239.1,246463,0,309.0,2026-08-23,0,-1,1245.0,30.8,,
57524,122514,Mage,Arcane,Sunfury,DPS,CN,The Blinding Vale,11,1,1239.1,224579,1,304.0,2026-08-23,0,-1,1245.0,30.8,,
77438,48588,DeathKnight,Blood,Deathbringer,Tank,US,Altar of Fangs,12,1,1436.8,117334,0,307.0,2026-08-23,0,-1,1444.0,19.8,,
77438,78406,Shaman,Restoration,Totemic,Healer,US,Altar of Fangs,12,1,1436.8,37283,0,306.0,2026-08-23,0,-1,1444.0,19.8,,
77438,596,Rogue,Subtlety,Deathstalker,DPS,US,Altar of Fangs,12,1,1436.8,261650,0,311.0,2026-08-23,0,-1,1444.0,19.8,,
77438,105568,Paladin,Retribution,Templar,DPS,US,Altar of Fangs,12,1,1436.8,223199,1,308.0,2026-08-23,0,-1,1444.0,19.8,,
77438,562,DemonHunter,Devourer,Annihilator,DPS,US,Altar of Fangs,12,1,1436.8,234403,0,302.0,2026-08-23,0,-1,1444.0,19.8,,
29698,64243,DeathKnight,Blood,San'layn,Tank,EU,Den of Nalorakk,7,1,1130.3,112581,0,306.0,2026-08-20,0,-1,1122.0,41.6,,
29698,64244,Paladin,Holy,Herald of the Sun,Healer,EU,Den of Nalorakk,7,1,1130.3,9849,0,301.0,2026-08-20,0,-1,1122.0,41.6,,
29698,64245,Hunter,BeastMastery,Pack Leader,DPS,EU,Den of Nalorakk,7,1,1130.3,176409,0,301.0,2026-08-20,0,-1,1122.0,41.6,,
29698,64246,Mage,Arcane,Sunfury,DPS,EU,Den of Nalorakk,7,1,1130.3,192216,0,299.0,2026-08-20,0,-1,1122.0,41.6,,
29698,64247,DemonHunter,Devourer,Void-Scarred,DPS,EU,Den of Nalorakk,7,1,1130.3,129918,0,291.0,2026-08-20,0,-1,1122.0,41.6,,
25873,13531,Druid,Guardian,Elune's Chosen,Tank,EU,Voidscar Arena,11,1,1116.4,113340,0,302.0,2026-08-21,0,-1,1113.0,38.2,,
25873,12768,Shaman,Restoration,Totemic,Healer,EU,Voidscar Arena,11,1,1116.4,45652,0,306.0,2026-08-21,0,-1,1113.0,38.2,,3093
25873,12769,Evoker,Devastation,Scalecommander,DPS,EU,Voidscar Arena,11,1,1116.4,221207,0,308.0,2026-08-21,0,-1,1113.0,38.2,,2955
25873,57475,Mage,Arcane,Sunfury,DPS,EU,Voidscar Arena,11,1,1116.4,194063,1,296.0,2026-08-21,0,-1,1113.0,38.2,,
25873,12770,Warrior,Arms,Slayer,DPS,EU,Voidscar Arena,11,1,1116.4,238930,0,308.0,2026-08-21,0,-1,1113.0,38.2,,3048
87467,70325,DeathKnight,Blood,San'layn,Tank,EU,Voidscar Arena,14,1,1610.9,112998,0,311.0,2026-08-24,0,-1,1632.0,9.3,0,
87467,81829,Shaman,Restoration,Totemic,Healer,EU,Voidscar Arena,14,1,1610.9,25412,0,307.0,2026-08-24,0,-1,1632.0,9.3,4,
87467,12762,Warrior,Arms,Slayer,DPS,EU,Voidscar Arena,14,1,1610.9,195557,1,309.0,2026-08-24,0,-1,1632.0,9.3,4,
87467,56995,DeathKnight,Unholy,San'layn,DPS,EU,Voidscar Arena,14,1,1610.9,216891,0,305.0,2026-08-24,0,-1,1632.0,9.3,0,
87467,107077,Paladin,Retribution,Herald of the Sun,DPS,EU,Voidscar Arena,14,1,1610.9,197767,1,308.0,2026-08-24,0,-1,1632.0,9.3,4,
87034,7426,DeathKnight,Blood,San'layn,Tank,US,Temple of Sethraliss,14,1,1508.3,162427,1,315.0,2026-08-23,0,-1,1575.0,18.0,4,3194
87034,131366,Paladin,Holy,Lightsmith,Healer,US,Temple of Sethraliss,14,1,1508.3,32037,0,310.0,2026-08-23,0,-1,1575.0,18.0,,
87034,2375,Mage,Arcane,Sunfury,DPS,US,Temple of Sethraliss,14,1,1508.3,231722,1,311.0,2026-08-23,0,-1,1575.0,18.0,,3180
87034,7294,Priest,Shadow,Archon,DPS,US,Temple of Sethraliss,14,1,1508.3,267286,0,313.0,2026-08-23,0,-1,1575.0,18.0,4,3013
87034,153129,Warrior,Arms,Slayer,DPS,US,Temple of Sethraliss,14,1,1508.3,205489,3,304.0,2026-08-23,0,-1,1575.0,18.0,2,
60436,129423,Paladin,Protection,Lightsmith,Tank,EU,The Blinding Vale,13,1,1576.1,102565,0,311.0,2026-08-23,0,-1,,,,
60436,18674,Shaman,Restoration,Totemic,Healer,EU,The Blinding Vale,13,1,1576.1,34414,1,305.0,2026-08-23,0,-1,,,,
60436,129424,DemonHunter,Devourer,Annihilator,DPS,EU,The Blinding Vale,13,1,1576.1,223731,0,311.0,2026-08-23,0,-1,,,,
60436,129425,DeathKnight,Unholy,Rider of the Apocalypse,DPS,EU,The Blinding Vale,13,1,1576.1,193080,0,304.0,2026-08-23,0,-1,,,,
60436,18676,DeathKnight,Unholy,Rider of the Apocalypse,DPS,EU,The Blinding Vale,13,1,1576.1,230457,1,309.0,2026-08-23,0,-1,,,,
352,1456,DeathKnight,Blood,San'layn,Tank,US,Temple of Sethraliss,11,1,1664.3,100532,0,295.0,2026-08-19,0,-1,1676.0,12.7,,
352,1457,Shaman,Restoration,Totemic,Healer,US,Temple of Sethraliss,11,1,1664.3,20695,0,288.0,2026-08-19,0,-1,1676.0,12.7,,
352,1458,Evoker,Augmentation,Chronowarden,DPS,US,Temple of Sethraliss,11,1,1664.3,120535,3,293.0,2026-08-19,0,-1,1676.0,12.7,,
352,1459,DeathKnight,Unholy,Rider of the Apocalypse,DPS,US,Temple of Sethraliss,11,1,1664.3,166606,1,294.0,2026-08-19,0,-1,1676.0,12.7,,
352,1460,DeathKnight,Unholy,Rider of the Apocalypse,DPS,US,Temple of Sethraliss,11,1,1664.3,190588,0,294.0,2026-08-19,0,-1,1676.0,12.7,,
17603,3312,Paladin,Protection,Lightsmith,Tank,US,Temple of Sethraliss,11,1,1415.9,95920,0,299.0,2026-08-19,0,-1,1413.0,26.4,,3022
17603,3313,Priest,Holy,Oracle,Healer,US,Temple of Sethraliss,11,1,1415.9,16279,0,300.0,2026-08-19,0,-1,1413.0,26.4,,2983
17603,38974,DemonHunter,Havoc,Fel-Scarred,DPS,US,Temple of Sethraliss,11,1,1415.9,178888,0,300.0,2026-08-19,0,-1,1413.0,26.4,,
17603,15963,Monk,Windwalker,Shado-Pan,DPS,US,Temple of Sethraliss,11,1,1415.9,184867,1,295.0,2026-08-19,0,-1,1413.0,26.4,,
17603,3314,Mage,Arcane,Sunfury,DPS,US,Temple of Sethraliss,11,1,1415.9,210244,0,307.0,2026-08-19,0,-1,1413.0,26.4,,3219
44111,92667,DemonHunter,Vengeance,Annihilator,Tank,EU,Altar of Fangs,10,1,1055.5,126828,0,305.0,2026-08-22,0,-1,1047.0,41.8,,
44111,92668,Priest,Discipline,Oracle,Healer,EU,Altar of Fangs,10,1,1055.5,23459,0,302.0,2026-08-22,0,-1,1047.0,41.8,,
44111,90895,Shaman,Elemental,Farseer,DPS,EU,Altar of Fangs,10,1,1055.5,277942,0,303.0,2026-08-22,0,-1,1047.0,41.8,,
44111,92669,DemonHunter,Devourer,Annihilator,DPS,EU,Altar of Fangs,10,1,1055.5,249240,0,310.0,2026-08-22,0,-1,1047.0,41.8,,
44111,23728,Mage,Arcane,Sunfury,DPS,EU,Altar of Fangs,10,1,1055.5,304990,0,310.0,2026-08-22,0,-1,1047.0,41.8,,
57086,121489,DeathKnight,Blood,Deathbringer,Tank,US,Temple of Sethraliss,3,1,1148.5,38955,0,278.0,2026-08-22,0,-1,1140.0,40.6,,
57086,121490,Paladin,Holy,Herald of the Sun,Healer,US,Temple of Sethraliss,3,1,1148.5,6377,0,290.0,2026-08-22,0,-1,1140.0,40.6,,
57086,117003,Mage,Arcane,Sunfury,DPS,US,Temple of Sethraliss,3,1,1148.5,103656,0,293.0,2026-08-22,0,-1,1140.0,40.6,,
57086,121491,Warrior,Arms,Slayer,DPS,US,Temple of Sethraliss,3,1,1148.5,104612,0,286.0,2026-08-22,0,-1,1140.0,40.6,,
57086,121487,Warlock,Demonology,Diabolist,DPS,US,Temple of Sethraliss,3,1,1148.5,129301,0,299.0,2026-08-22,0,-1,1140.0,40.6,,
46212,96110,DeathKnight,Blood,San'layn,Tank,CN,The Blinding Vale,11,1,1193.4,187021,0,309.0,2026-08-22,0,-1,1250.0,30.6,,
46212,96111,Shaman,Restoration,Totemic,Healer,CN,The Blinding Vale,11,1,1193.4,9940,5,275.0,2026-08-22,0,-1,1250.0,30.6,,
46212,56090,Paladin,Retribution,Herald of the Sun,DPS,CN,The Blinding Vale,11,1,1193.4,246383,4,308.0,2026-08-22,0,-1,1250.0,30.6,,
46212,56092,Mage,Arcane,Sunfury,DPS,CN,The Blinding Vale,11,1,1193.4,227920,2,314.0,2026-08-22,0,-1,1250.0,30.6,,
46212,56091,Warrior,Arms,Slayer,DPS,CN,The Blinding Vale,11,1,1193.4,208258,2,310.0,2026-08-22,0,-1,1250.0,30.6,,
29487,32558,Warrior,Protection,Mountain Thane,Tank,EU,Temple of Sethraliss,5,1,1125.3,79005,0,293.0,2026-08-21,0,-1,1117.0,41.8,,
29487,63906,Druid,Restoration,Wildstalker,Healer,EU,Temple of Sethraliss,5,1,1125.3,7074,1,291.0,2026-08-21,0,-1,1117.0,41.8,,
29487,63907,DemonHunter,Havoc,Fel-Scarred,DPS,EU,Temple of Sethraliss,5,1,1125.3,130505,0,292.0,2026-08-21,0,-1,1117.0,41.8,,
29487,63908,DeathKnight,Unholy,Rider of the Apocalypse,DPS,EU,Temple of Sethraliss,5,1,1125.3,120689,0,297.0,2026-08-21,0,-1,1117.0,41.8,,
29487,63909,Warrior,Arms,Slayer,DPS,EU,Temple of Sethraliss,5,1,1125.3,116312,1,292.0,2026-08-21,0,-1,1117.0,41.8,,
81355,81328,DeathKnight,Blood,San'layn,Tank,EU,Voidscar Arena,14,1,1604.7,106018,0,308.0,2026-08-23,0,-1,1612.0,10.5,,
81355,89507,Paladin,Holy,Herald of the Sun,Healer,EU,Voidscar Arena,14,1,1604.7,25316,0,308.0,2026-08-23,0,-1,1612.0,10.5,,
81355,95417,Rogue,Subtlety,Deathstalker,DPS,EU,Voidscar Arena,14,1,1604.7,192709,0,310.0,2026-08-23,0,-1,1612.0,10.5,,
81355,40237,Shaman,Elemental,Farseer,DPS,EU,Voidscar Arena,14,1,1604.7,220340,0,305.0,2026-08-23,0,-1,1612.0,10.5,,
81355,82638,Warrior,Fury,Slayer,DPS,EU,Voidscar Arena,14,1,1604.7,197779,1,308.0,2026-08-23,0,-1,1612.0,10.5,,
86558,48487,DeathKnight,Blood,San'layn,Tank,US,Voidscar Arena,14,1,1612.9,117951,1,307.0,2026-08-23,0,-1,1665.0,7.5,2,
86558,39080,Shaman,Restoration,Totemic,Healer,US,Voidscar Arena,14,1,1612.9,22926,0,306.0,2026-08-23,0,-1,1665.0,7.5,2,
86558,58270,Warrior,Arms,Slayer,DPS,US,Voidscar Arena,14,1,1612.9,194533,2,312.0,2026-08-23,0,-1,1665.0,7.5,,
86558,8983,DemonHunter,Devourer,Annihilator,DPS,US,Voidscar Arena,14,1,1612.9,203009,1,304.0,2026-08-23,0,-1,1665.0,7.5,2,
86558,20949,Paladin,Retribution,Templar,DPS,US,Voidscar Arena,14,1,1612.9,232746,0,313.0,2026-08-23,0,-1,1665.0,7.5,5,
15242,32067,DeathKnight,Blood,San'layn,Tank,EU,Murder Row,3,1,958.4,81746,0,294.0,2026-08-19,0,-1,950.0,53.4,,
15242,32068,Paladin,Holy,Herald of the Sun,Healer,EU,Murder Row,3,1,958.4,15346,0,292.0,2026-08-19,0,-1,950.0,53.4,,
15242,32069,Mage,Arcane,Sunfury,DPS,EU,Murder Row,3,1,958.4,128577,0,290.0,2026-08-19,0,-1,950.0,53.4,,
15242,32070,Paladin,Retribution,Templar,DPS,EU,Murder Row,3,1,958.4,148294,0,295.0,2026-08-19,0,-1,950.0,53.4,,
15242,32071,Warrior,Arms,Slayer,DPS,EU,Murder Row,3,1,958.4,146320,0,295.0,2026-08-19,0,-1,950.0,53.4,,
69284,75813,Druid,Guardian,Elune's Chosen,Tank,EU,Den of Nalorakk,15,1,1635.3,116447,0,306.0,2026-08-23,0,-1,1641.0,14.5,,
69284,23281,Priest,Holy,Oracle,Healer,EU,Den of Nalorakk,15,1,1635.3,32569,0,308.0,2026-08-23,0,-1,1641.0,14.5,,
69284,94096,Shaman,Enhancement,Stormbringer,DPS,EU,Den of Nalorakk,15,1,1635.3,250748,1,304.0,2026-08-23,0,-1,1641.0,14.5,,
69284,72998,Warrior,Arms,Slayer,DPS,EU,Den of Nalorakk,15,1,1635.3,211663,0,312.0,2026-08-23,0,-1,1641.0,14.5,,
69284,23716,DemonHunter,Devourer,Annihilator,DPS,EU,Den of Nalorakk,15,1,1635.3,213715,0,311.0,2026-08-23,0,-1,1641.0,14.5,,
11093,13866,Warrior,Protection,Mountain Thane,Tank,EU,Voidscar Arena,11,1,1363.4,120397,0,292.0,2026-08-19,0,-1,1360.0,24.5,,
11093,22285,Shaman,Restoration,Totemic,Healer,EU,Voidscar Arena,11,1,1363.4,29126,0,289.0,2026-08-19,0,-1,1360.0,24.5,,
11093,13870,Monk,Windwalker,Shado-Pan,DPS,EU,Voidscar Arena,11,1,1363.4,192512,0,299.0,2026-08-19,0,-1,1360.0,24.5,,
11093,22286,Druid,Balance,Elune's Chosen,DPS,EU,Voidscar Arena,11,1,1363.4,171945,1,296.0,2026-08-19,0,-1,1360.0,24.5,,
11093,22287,DemonHunter,Devourer,Void-Scarred,DPS,EU,Voidscar Arena,11,1,1363.4,211656,0,302.0,2026-08-19,0,-1,1360.0,24.5,,
76077,143802,DeathKnight,Blood,San'layn,Tank,EU,Murder Row,9,1,1232.5,120880,0,301.0,2026-08-23,0,-1,1224.0,40.0,,
76077,70760,Monk,Mistweaver,Conduit of the Celestials,Healer,EU,Murder Row,9,1,1232.5,55124,0,297.0,2026-08-23,0,-1,1224.0,40.0,,
76077,143803,Paladin,Retribution,Templar,DPS,EU,Murder Row,9,1,1232.5,151582,0,294.0,2026-08-23,0,-1,1224.0,40.0,,
76077,38508,Mage,Arcane,Sunfury,DPS,EU,Murder Row,9,1,1232.5,213049,0,307.0,2026-08-23,0,-1,1224.0,40.0,,
76077,143804,DemonHunter,Havoc,Fel-Scarred,DPS,EU,Murder Row,9,1,1232.5,149963,0,296.0,2026-08-23,0,-1,1224.0,40.0,,
12036,8330,Paladin,Protection,Lightsmith,Tank,US,Kings' Rest,11,1,1556.4,58443,0,300.0,2026-08-19,0,-1,1548.0,21.8,,
12036,7014,Priest,Holy,Oracle,Healer,US,Kings' Rest,11,1,1556.4,30691,0,300.0,2026-08-19,0,-1,1548.0,21.8,,
12036,10156,DeathKnight,Unholy,San'layn,DPS,US,Kings' Rest,11,1,1556.4,129950,0,301.0,2026-08-19,0,-1,1548.0,21.8,,
12036,23893,Mage,Arcane,Sunfury,DPS,US,Kings' Rest,11,1,1556.4,162641,0,300.0,2026-08-19,0,-1,1548.0,21.8,,
12036,8333,DeathKnight,Unholy,San'layn,DPS,US,Kings' Rest,11,1,1556.4,129103,0,301.0,2026-08-19,0,-1,1548.0,21.8,,
41100,87271,DeathKnight,Blood,Deathbringer,Tank,CN,Ruby Life Pools,13,1,1480.8,113267,0,307.0,2026-08-21,0,-1,1502.0,10.6,,
41100,87272,Paladin,Holy,Lightsmith,Healer,CN,Ruby Life Pools,13,1,1480.8,41844,0,301.0,2026-08-21,0,-1,1502.0,10.6,,
41100,59595,Warrior,Arms,Slayer,DPS,CN,Ruby Life Pools,13,1,1480.8,203807,1,307.0,2026-08-21,0,-1,1502.0,10.6,,
41100,87273,Mage,Arcane,Sunfury,DPS,CN,Ruby Life Pools,13,1,1480.8,194306,1,306.0,2026-08-21,0,-1,1502.0,10.6,,
41100,52379,Shaman,Elemental,Farseer,DPS,CN,Ruby Life Pools,13,1,1480.8,237736,0,307.0,2026-08-21,0,-1,1502.0,10.6,,
39995,85409,DeathKnight,Blood,San'layn,Tank,CN,Voidscar Arena,11,1,1267.7,97249,0,307.0,2026-08-21,0,-1,1259.0,30.1,,
39995,85410,Paladin,Holy,Herald of the Sun,Healer,CN,Voidscar Arena,11,1,1267.7,42372,0,302.0,2026-08-21,0,-1,1259.0,30.1,,
39995,85411,Mage,Arcane,Sunfury,DPS,CN,Voidscar Arena,11,1,1267.7,173905,0,303.0,2026-08-21,0,-1,1259.0,30.1,,
39995,85412,Rogue,Outlaw,Trickster,DPS,CN,Voidscar Arena,11,1,1267.7,183131,0,296.0,2026-08-21,0,-1,1259.0,30.1,,
39995,85413,Paladin,Retribution,Herald of the Sun,DPS,CN,Voidscar Arena,11,1,1267.7,199589,0,305.0,2026-08-21,0,-1,1259.0,30.1,,
76933,4659,DeathKnight,Blood,Deathbringer,Tank,US,Voidscar Arena,12,1,1328.3,89751,0,309.0,2026-08-22,0,-1,1335.0,25.9,,
76933,23579,Paladin,Holy,Herald of the Sun,Healer,US,Voidscar Arena,12,1,1328.3,17408,0,306.0,2026-08-22,0,-1,1335.0,25.9,,
76933,33171,Warlock,Demonology,Diabolist,DPS,US,Voidscar Arena,12,1,1328.3,199014,1,301.0,2026-08-22,0,-1,1335.0,25.9,,
76933,2406,Shaman,Elemental,Farseer,DPS,US,Voidscar Arena,12,1,1328.3,262730,0,309.0,2026-08-22,0,-1,1335.0,25.9,,
76933,12232,Mage,Arcane,Sunfury,DPS,US,Voidscar Arena,12,1,1328.3,211520,0,306.0,2026-08-22,0,-1,1335.0,25.9,,
25376,56375,Paladin,Protection,Lightsmith,Tank,CN,Den of Nalorakk,8,1,1142.0,88967,0,291.0,2026-08-21,0,-1,1133.0,41.0,,
25376,56376,Priest,Holy,Oracle,Healer,CN,Den of Nalorakk,8,1,1142.0,26894,0,296.0,2026-08-21,0,-1,1133.0,41.0,,
25376,53088,Druid,Balance,Elune's Chosen,DPS,CN,Den of Nalorakk,8,1,1142.0,125959,0,302.0,2026-08-21,0,-1,1133.0,41.0,,
25376,56377,Shaman,Elemental,Farseer,DPS,CN,Den of Nalorakk,8,1,1142.0,154040,0,291.0,2026-08-21,0,-1,1133.0,41.0,,
25376,53087,Warrior,Arms,Slayer,DPS,CN,Den of Nalorakk,8,1,1142.0,191696,0,309.0,2026-08-21,0,-1,1133.0,41.0,,
56681,120501,Paladin,Protection,Lightsmith,Tank,US,Murder Row,2,1,1161.5,43687,0,273.0,2026-08-20,0,-1,,,,
56681,82405,Paladin,Holy,Herald of the Sun,Healer,US,Murder Row,2,1,1161.5,14945,0,295.0,2026-08-20,0,-1,,,,
56681,120502,Shaman,Enhancement,Stormbringer,DPS,US,Murder Row,2,1,1161.5,134254,0,296.0,2026-08-20,0,-1,,,,
56681,120503,Mage,Arcane,Sunfury,DPS,US,Murder Row,2,1,1161.5,104815,0,292.0,2026-08-20,0,-1,,,,
56681,120504,Mage,Frost,Spellslinger,DPS,US,Murder Row,2,1,1161.5,79550,0,296.0,2026-08-20,0,-1,,,,
48662,55654,DemonHunter,Vengeance,Annihilator,Tank,EU,Altar of Fangs,12,1,1465.0,153337,0,307.0,2026-08-22,0,-1,,,,
48662,22901,Shaman,Restoration,Totemic,Healer,EU,Altar of Fangs,12,1,1465.0,36151,1,299.0,2026-08-22,0,-1,,,,
48662,59482,Rogue,Outlaw,Trickster,DPS,EU,Altar of Fangs,12,1,1465.0,251071,1,307.0,2026-08-22,0,-1,,,,
48662,102943,Monk,Windwalker,Shado-Pan,DPS,EU,Altar of Fangs,12,1,1465.0,146819,1,288.0,2026-08-22,0,-1,,,,
48662,99519,Warrior,Fury,Mountain Thane,DPS,EU,Altar of Fangs,12,1,1465.0,252561,0,301.0,2026-08-22,0,-1,,,,
39158,3893,Druid,Guardian,Elune's Chosen,Tank,US,Voidscar Arena,12,1,1402.4,83280,0,303.0,2026-08-22,0,-1,1409.0,21.7,,
39158,83891,Shaman,Restoration,Totemic,Healer,US,Voidscar Arena,12,1,1402.4,21060,0,301.0,2026-08-22,0,-1,1409.0,21.7,,
39158,14387,Paladin,Retribution,Herald of the Sun,DPS,US,Voidscar Arena,12,1,1402.4,247513,0,309.0,2026-08-22,0,-1,1409.0,21.7,,
39158,6368,DemonHunter,Devourer,Void-Scarred,DPS,US,Voidscar Arena,12,1,1402.4,183262,1,305.0,2026-08-22,0,-1,1409.0,21.7,,
39158,83892,Warrior,Arms,Slayer,DPS,US,Voidscar Arena,12,1,1402.4,140578,0,290.0,2026-08-22,0,-1,1409.0,21.7,,
50933,108113,DeathKnight,Blood,Deathbringer,Tank,EU,Voidscar Arena,10,1,1076.5,111713,0,299.0,2026-08-22,0,-1,,,,
50933,15806,Paladin,Holy,Herald of the Sun,Healer,EU,Voidscar Arena,10,1,1076.5,34973,0,306.0,2026-08-22,0,-1,,,,
50933,22870,Shaman,Elemental,Farseer,DPS,EU,Voidscar Arena,10,1,1076.5,166559,0,300.0,2026-08-22,0,-1,,,,
50933,15808,Warrior,Arms,Slayer,DPS,EU,Voidscar Arena,10,1,1076.5,231397,0,306.0,2026-08-22,0,-1,,,,
50933,22869,Priest,Shadow,Archon,DPS,EU,Voidscar Arena,10,1,1076.5,176621,0,296.0,2026-08-22,0,-1,,,,
80241,104211,DeathKnight,Blood,San'layn,Tank,CN,Ruby Life Pools,15,0,1856.0,154504,1,314.0,2026-08-22,0,-1,1997.0,-18.9,,
80241,104212,Paladin,Holy,Herald of the Sun,Healer,CN,Ruby Life Pools,15,0,1856.0,34289,1,309.0,2026-08-22,0,-1,1997.0,-18.9,,
80241,104213,Shaman,Elemental,Farseer,DPS,CN,Ruby Life Pools,15,0,1856.0,255921,1,307.0,2026-08-22,0,-1,1997.0,-18.9,,
80241,104215,Warrior,Arms,Slayer,DPS,CN,Ruby Life Pools,15,0,1856.0,217415,5,306.0,2026-08-22,0,-1,1997.0,-18.9,,
80241,104214,Mage,Arcane,Sunfury,DPS,CN,Ruby Life Pools,15,0,1856.0,218330,2,306.0,2026-08-22,0,-1,1997.0,-18.9,,
67424,42876,DeathKnight,Blood,San'layn,Tank,EU,Ruby Life Pools,14,1,1427.9,170892,0,313.0,2026-08-22,0,-1,1450.0,13.7,,
67424,16174,Shaman,Restoration,Totemic,Healer,EU,Ruby Life Pools,14,1,1427.9,45438,0,308.0,2026-08-22,0,-1,1450.0,13.7,,
67424,24300,DeathKnight,Unholy,San'layn,DPS,EU,Ruby Life Pools,14,1,1427.9,276648,0,308.0,2026-08-22,0,-1,1450.0,13.7,,
67424,23087,Druid,Balance,Elune's Chosen,DPS,EU,Ruby Life Pools,14,1,1427.9,224553,1,309.0,2026-08-22,0,-1,1450.0,13.7,,
67424,16175,Warrior,Arms,Slayer,DPS,EU,Ruby Life Pools,14,1,1427.9,294566,1,308.0,2026-08-22,0,-1,1450.0,13.7,,
48622,65063,Druid,Guardian,Elune's Chosen,Tank,EU,Voidscar Arena,14,1,1619.9,104904,0,296.0,2026-08-22,0,-1,,,,
48622,15092,Paladin,Holy,Herald of the Sun,Healer,EU,Voidscar Arena,14,1,1619.9,23692,0,299.0,2026-08-22,0,-1,,,,
48622,15093,Warrior,Arms,Slayer,DPS,EU,Voidscar Arena,14,1,1619.9,171229,3,297.0,2026-08-22,0,-1,,,,
48622,15094,Hunter,BeastMastery,Pack Leader,DPS,EU,Voidscar Arena,14,1,1619.9,219576,2,305.0,2026-08-22,0,-1,,,,
48622,23362,Shaman,Enhancement,Stormbringer,DPS,EU,Voidscar Arena,14,1,1619.9,251090,0,307.0,2026-08-22,0,-1,,,,
1465,927,DeathKnight,Blood,Deathbringer,Tank,US,Kings' Rest,11,1,1665.9,90645,0,295.0,2026-08-18,0,-1,1673.0,15.5,,3022
1465,928,Evoker,Preservation,Flameshaper,Healer,US,Kings' Rest,11,1,1665.9,10716,2,290.0,2026-08-18,0,-1,1673.0,15.5,,
1465,930,Warlock,Demonology,Diabolist,DPS,US,Kings' Rest,11,1,1665.9,122874,1,294.0,2026-08-18,0,-1,1673.0,15.5,,2792
1465,931,Mage,Arcane,Sunfury,DPS,US,Kings' Rest,11,1,1665.9,132197,0,296.0,2026-08-18,0,-1,1673.0,15.5,,3237
1465,929,Mage,Arcane,Sunfury,DPS,US,Kings' Rest,11,1,1665.9,128847,0,292.0,2026-08-18,0,-1,1673.0,15.5,,
65789,205,Monk,Brewmaster,Master of Harmony,Tank,US,Ruby Life Pools,12,1,1280.8,103716,0,298.0,2026-08-21,0,-1,1303.0,22.5,,
65789,206,Shaman,Restoration,Totemic,Healer,US,Ruby Life Pools,12,1,1280.8,36699,1,302.0,2026-08-21,0,-1,1303.0,22.5,,
65789,207,Warlock,Destruction,Diabolist,DPS,US,Ruby Life Pools,12,1,1280.8,220948,0,305.0,2026-08-21,0,-1,1303.0,22.5,,3022
65789,5106,Shaman,Enhancement,Stormbringer,DPS,US,Ruby Life Pools,12,1,1280.8,220230,0,303.0,2026-08-21,0,-1,1303.0,22.5,,3048
65789,60205,Paladin,Retribution,Templar,DPS,US,Ruby Life Pools,12,1,1280.8,197218,1,296.0,2026-08-21,0,-1,1303.0,22.5,,
15144,31775,Paladin,Protection,Lightsmith,Tank,EU,Murder Row,5,1,1142.6,80316,0,290.0,2026-08-19,0,-1,1134.0,44.4,,
15144,31776,Shaman,Restoration,Farseer,Healer,EU,Murder Row,5,1,1142.6,12825,1,291.0,2026-08-19,0,-1,1134.0,44.4,,
15144,31777,Druid,Balance,Elune's Chosen,DPS,EU,Murder Row,5,1,1142.6,139665,0,295.0,2026-08-19,0,-1,1134.0,44.4,,
15144,31778,Hunter,Survival,Sentinel,DPS,EU,Murder Row,5,1,1142.6,120631,0,286.0,2026-08-19,0,-1,1134.0,44.4,,
15144,31779,Warrior,Fury,Slayer,DPS,EU,Murder Row,5,1,1142.6,173481,0,291.0,2026-08-19,0,-1,1134.0,44.4,,
40532,50194,DeathKnight,Blood,San'layn,Tank,US,The Blinding Vale,7,1,991.1,140671,0,299.0,2026-08-20,0,-1,987.0,45.2,,
40532,86368,Monk,Mistweaver,Master of Harmony,Healer,US,The Blinding Vale,7,1,991.1,38440,0,290.0,2026-08-20,0,-1,987.0,45.2,,
40532,10796,Paladin,Retribution,Templar,DPS,US,The Blinding Vale,7,1,991.1,139597,1,306.0,2026-08-20,0,-1,987.0,45.2,,
40532,11131,Warrior,Arms,Slayer,DPS,US,The Blinding Vale,7,1,991.1,202054,0,304.0,2026-08-20,0,-1,987.0,45.2,,
40532,86369,Shaman,Enhancement,Stormbringer,DPS,US,The Blinding Vale,7,1,991.1,170534,0,297.0,2026-08-20,0,-1,987.0,45.2,,
53128,112818,Paladin,Protection,Lightsmith,Tank,EU,Murder Row,10,1,1229.4,117211,0,302.0,2026-08-22,0,-1,,,,
53128,112819,Priest,Discipline,Oracle,Healer,EU,Murder Row,10,1,1229.4,21404,0,304.0,2026-08-22,0,-1,,,,
53128,69846,Rogue,Assassination,Deathstalker,DPS,EU,Murder Row,10,1,1229.4,250069,0,308.0,2026-08-22,0,-1,,,,
53128,69847,Warrior,Arms,Slayer,DPS,EU,Murder Row,10,1,1229.4,213540,0,311.0,2026-08-22,0,-1,,,,
53128,112820,Mage,Arcane,Sunfury,DPS,EU,Murder Row,10,1,1229.4,139159,0,280.0,2026-08-22,0,-1,,,,
32532,70246,Druid,Guardian,Elune's Chosen,Tank,EU,Voidscar Arena,11,1,1183.7,112904,0,306.0,2026-08-21,0,-1,1175.0,34.7,,
32532,28784,Paladin,Holy,Herald of the Sun,Healer,EU,Voidscar Arena,11,1,1183.7,5133,0,296.0,2026-08-21,0,-1,1175.0,34.7,,
32532,50956,DemonHunter,Devourer,Void-Scarred,DPS,EU,Voidscar Arena,11,1,1183.7,223337,0,304.0,2026-08-21,0,-1,1175.0,34.7,,
32532,49082,Warrior,Arms,Slayer,DPS,EU,Voidscar Arena,11,1,1183.7,213898,0,297.0,2026-08-21,0,-1,1175.0,34.7,,
32532,70247,Mage,Arcane,Sunfury,DPS,EU,Voidscar Arena,11,1,1183.7,224324,0,297.0,2026-08-21,0,-1,1175.0,34.7,,
45602,56611,Paladin,Protection,Lightsmith,Tank,CN,Ruby Life Pools,2,1,961.0,76793,0,286.0,2026-08-22,0,-1,,,,
45602,56612,Shaman,Restoration,Totemic,Healer,CN,Ruby Life Pools,2,1,961.0,33308,0,287.0,2026-08-22,0,-1,,,,
45602,96151,Mage,Arcane,Sunfury,DPS,CN,Ruby Life Pools,2,1,961.0,135263,0,289.0,2026-08-22,0,-1,,,,
45602,96152,DeathKnight,Frost,Deathbringer,DPS,CN,Ruby Life Pools,2,1,961.0,38972,1,251.0,2026-08-22,0,-1,,,,
45602,96153,Warlock,Demonology,Diabolist,DPS,CN,Ruby Life Pools,2,1,961.0,142122,0,296.0,2026-08-22,0,-1,,,,
53549,78155,DeathKnight,Blood,San'layn,Tank,EU,Ruby Life Pools,11,1,1068.8,232181,0,308.0,2026-08-22,0,-1,1075.0,36.0,,
53549,113633,Druid,Restoration,Wildstalker,Healer,EU,Ruby Life Pools,11,1,1068.8,29671,2,293.0,2026-08-22,0,-1,1075.0,36.0,,
53549,113634,Warrior,Arms,Slayer,DPS,EU,Ruby Life Pools,11,1,1068.8,307393,0,304.0,2026-08-22,0,-1,1075.0,36.0,,
53549,113635,Evoker,Augmentation,Scalecommander,DPS,EU,Ruby Life Pools,11,1,1068.8,217166,0,292.0,2026-08-22,0,-1,1075.0,36.0,,
53549,113636,Paladin,Retribution,Templar,DPS,EU,Ruby Life Pools,11,1,1068.8,204166,1,297.0,2026-08-22,0,-1,1075.0,36.0,,
78196,65630,DeathKnight,Blood,San'layn,Tank,US,Altar of Fangs,15,1,1736.0,148700,0,311.0,2026-08-23,0,-1,1757.0,2.4,,
78196,54576,Paladin,Holy,Herald of the Sun,Healer,US,Altar of Fangs,15,1,1736.0,21358,0,303.0,2026-08-23,0,-1,1757.0,2.4,,
78196,45913,Warrior,Arms,Slayer,DPS,US,Altar of Fangs,15,1,1736.0,277583,0,310.0,2026-08-23,0,-1,1757.0,2.4,,
78196,6404,Shaman,Enhancement,Stormbringer,DPS,US,Altar of Fangs,15,1,1736.0,247173,1,312.0,2026-08-23,0,-1,1757.0,2.4,,3242
78196,9115,Mage,Arcane,Sunfury,DPS,US,Altar of Fangs,15,1,1736.0,274862,1,307.0,2026-08-23,0,-1,1757.0,2.4,,
17014,2519,Monk,Brewmaster,Shado-Pan,Tank,US,Temple of Sethraliss,10,1,1252.2,94166,0,300.0,2026-08-19,0,-1,1244.0,35.2,,2665
17014,2520,Shaman,Restoration,Totemic,Healer,US,Temple of Sethraliss,10,1,1252.2,21590,0,304.0,2026-08-19,0,-1,1244.0,35.2,,2666
17014,37603,Priest,Shadow,Archon,DPS,US,Temple of Sethraliss,10,1,1252.2,168067,0,294.0,2026-08-19,0,-1,1244.0,35.2,,
17014,2523,Warlock,Demonology,Diabolist,DPS,US,Temple of Sethraliss,10,1,1252.2,195529,0,297.0,2026-08-19,0,-1,1244.0,35.2,,2668
17014,2522,Mage,Arcane,Sunfury,DPS,US,Temple of Sethraliss,10,1,1252.2,250618,0,307.0,2026-08-19,0,-1,1244.0,35.2,,2666
55955,118768,DeathKnight,Blood,San'layn,Tank,US,Murder Row,2,1,1006.5,49370,0,284.0,2026-08-23,0,-1,,,,
55955,118769,Paladin,Holy,Herald of the Sun,Healer,US,Murder Row,2,1,1006.5,12591,0,291.0,2026-08-23,0,-1,,,,
55955,118770,Monk,Windwalker,Shado-Pan,DPS,US,Murder Row,2,1,1006.5,122045,0,304.0,2026-08-23,0,-1,,,,
55955,118771,Warrior,Arms,Slayer,DPS,US,Murder Row,2,1,1006.5,130941,0,307.0,2026-08-23,0,-1,,,,
55955,118772,Rogue,Assassination,Fatebound,DPS,US,Murder Row,2,1,1006.5,94702,0,284.0,2026-08-23,0,-1,,,,
18361,40727,Monk,Brewmaster,Master of Harmony,Tank,EU,Den of Nalorakk,10,1,1339.8,95332,0,289.0,2026-08-19,0,-1,1336.0,30.4,,
18361,40728,Shaman,Restoration,Totemic,Healer,EU,Den of Nalorakk,10,1,1339.8,31558,0,303.0,2026-08-19,0,-1,1336.0,30.4,,
18361,40729,Warrior,Arms,Slayer,DPS,EU,Den of Nalorakk,10,1,1339.8,142891,1,292.0,2026-08-19,0,-1,1336.0,30.4,,
18361,40730,Rogue,Outlaw,Trickster,DPS,EU,Den of Nalorakk,10,1,1339.8,190340,0,289.0,2026-08-19,0,-1,1336.0,30.4,,
18361,40731,Druid,Feral,Druid of the Claw,DPS,EU,Den of Nalorakk,10,1,1339.8,193102,0,301.0,2026-08-19,0,-1,1336.0,30.4,,
28273,2468,DeathKnight,Blood,San'layn,Tank,US,Voidscar Arena,11,1,1198.0,130520,0,312.0,2026-08-21,0,-1,1189.0,33.9,,
28273,61756,Paladin,Holy,Herald of the Sun,Healer,US,Voidscar Arena,11,1,1198.0,11131,0,295.0,2026-08-21,0,-1,1189.0,33.9,,
28273,56949,Hunter,Marksmanship,Sentinel,DPS,US,Voidscar Arena,11,1,1198.0,199684,0,298.0,2026-08-21,0,-1,1189.0,33.9,,
28273,56267,Paladin,Retribution,Templar,DPS,US,Voidscar Arena,11,1,1198.0,182199,0,300.0,2026-08-21,0,-1,1189.0,33.9,,
28273,17616,Mage,Arcane,Sunfury,DPS,US,Voidscar Arena,11,1,1198.0,280142,0,307.0,2026-08-21,0,-1,1189.0,33.9,,
52446,98532,DeathKnight,Blood,Deathbringer,Tank,EU,Ruby Life Pools,6,1,957.2,126282,0,292.0,2026-08-22,0,-1,959.0,42.9,,
52446,111418,Druid,Restoration,Wildstalker,Healer,EU,Ruby Life Pools,6,1,957.2,16596,0,298.0,2026-08-22,0,-1,959.0,42.9,,
52446,111419,Paladin,Retribution,Templar,DPS,EU,Ruby Life Pools,6,1,957.2,116880,1,295.0,2026-08-22,0,-1,959.0,42.9,,
52446,111420,Druid,Balance,Elune's Chosen,DPS,EU,Ruby Life Pools,6,1,957.2,132658,1,296.0,2026-08-22,0,-1,959.0,42.9,,
52446,111421,Hunter,BeastMastery,Pack Leader,DPS,EU,Ruby Life Pools,6,1,957.2,160065,0,288.0,2026-08-22,0,-1,959.0,42.9,,
48197,78045,DeathKnight,Blood,San'layn,Tank,EU,Temple of Sethraliss,13,1,1646.1,127336,1,310.0,2026-08-22,0,-1,,,,
48197,24463,Paladin,Holy,Herald of the Sun,Healer,EU,Temple of Sethraliss,13,1,1646.1,32164,1,302.0,2026-08-22,0,-1,,,,
48197,57890,DemonHunter,Devourer,Annihilator,DPS,EU,Temple of Sethraliss,13,1,1646.1,196320,2,302.0,2026-08-22,0,-1,,,,
48197,99748,Mage,Arcane,Sunfury,DPS,EU,Temple of Sethraliss,13,1,1646.1,200720,1,307.0,2026-08-22,0,-1,,,,
48197,24464,Shaman,Elemental,Farseer,DPS,EU,Temple of Sethraliss,13,1,1646.1,205917,1,305.0,2026-08-22,0,-1,,,,
61919,92392,DeathKnight,Blood,San'layn,Tank,CN,Murder Row,10,1,1214.1,116478,0,313.0,2026-08-23,0,-1,1217.0,40.3,,
61919,65146,Paladin,Holy,Lightsmith,Healer,CN,Murder Row,10,1,1214.1,74740,1,312.0,2026-08-23,0,-1,1217.0,40.3,,
61919,132993,DeathKnight,Unholy,San'layn,DPS,CN,Murder Row,10,1,1214.1,196603,1,299.0,2026-08-23,0,-1,1217.0,40.3,,
61919,132994,Warrior,Arms,Slayer,DPS,CN,Murder Row,10,1,1214.1,207954,0,307.0,2026-08-23,0,-1,1217.0,40.3,,
61919,123293,DeathKnight,Unholy,San'layn,DPS,CN,Murder Row,10,1,1214.1,198336,0,309.0,2026-08-23,0,-1,1217.0,40.3,,
18672,41302,Paladin,Protection,Templar,Tank,KR,Den of Nalorakk,2,1,1141.3,73850,0,297.0,2026-08-20,0,-1,1133.0,41.0,,
18672,41303,Priest,Discipline,Oracle,Healer,KR,Den of Nalorakk,2,1,1141.3,13168,0,294.0,2026-08-20,0,-1,1133.0,41.0,,
18672,41304,Warlock,Destruction,Diabolist,DPS,KR,Den of Nalorakk,2,1,1141.3,74422,0,290.0,2026-08-20,0,-1,1133.0,41.0,,
18672,41305,Hunter,BeastMastery,Pack Leader,DPS,KR,Den of Nalorakk,2,1,1141.3,90590,0,296.0,2026-08-20,0,-1,1133.0,41.0,,
18672,41306,Mage,Arcane,Sunfury,DPS,KR,Den of Nalorakk,2,1,1141.3,97520,0,289.0,2026-08-20,0,-1,1133.0,41.0,,
9819,19438,Paladin,Protection,Lightsmith,Tank,EU,Ruby Life Pools,11,1,1355.0,103334,0,297.0,2026-08-19,0,-1,1371.0,18.4,,
9819,19439,Shaman,Restoration,Totemic,Healer,EU,Ruby Life Pools,11,1,1355.0,23212,2,288.0,2026-08-19,0,-1,1371.0,18.4,,
9819,19440,DemonHunter,Devourer,Void-Scarred,DPS,EU,Ruby Life Pools,11,1,1355.0,214382,0,297.0,2026-08-19,0,-1,1371.0,18.4,,
9819,19441,Paladin,Retribution,Templar,DPS,EU,Ruby Life Pools,11,1,1355.0,181437,1,293.0,2026-08-19,0,-1,1371.0,18.4,,
9819,19442,Hunter,BeastMastery,Pack Leader,DPS,EU,Ruby Life Pools,11,1,1355.0,173156,2,294.0,2026-08-19,0,-1,1371.0,18.4,,
83509,27882,DemonHunter,Vengeance,Annihilator,Tank,EU,Kings' Rest,15,1,1825.6,112974,0,312.0,2026-08-23,0,-1,1862.0,6.0,2,
83509,27743,Paladin,Holy,Herald of the Sun,Healer,EU,Kings' Rest,15,1,1825.6,24372,0,309.0,2026-08-23,0,-1,1862.0,6.0,4,
83509,27745,Monk,Windwalker,Shado-Pan,DPS,EU,Kings' Rest,15,1,1825.6,184891,0,310.0,2026-08-23,0,-1,1862.0,6.0,2,
83509,61125,Hunter,Marksmanship,Sentinel,DPS,EU,Kings' Rest,15,1,1825.6,174847,1,307.0,2026-08-23,0,-1,1862.0,6.0,4,
83509,27744,Warrior,Arms,Slayer,DPS,EU,Kings' Rest,15,1,1825.6,156396,2,304.0,2026-08-23,0,-1,1862.0,6.0,3,
12707,22260,DeathKnight,Blood,San'layn,Tank,US,Temple of Sethraliss,10,1,1232.3,102979,0,293.0,2026-08-19,0,-1,1229.0,36.0,,
12707,22261,Paladin,Holy,Herald of the Sun,Healer,US,Temple of Sethraliss,10,1,1232.3,31127,0,292.0,2026-08-19,0,-1,1229.0,36.0,,
12707,1318,Priest,Shadow,Archon,DPS,US,Temple of Sethraliss,10,1,1232.3,197468,0,295.0,2026-08-19,0,-1,1229.0,36.0,,
12707,22263,Warrior,Arms,Slayer,DPS,US,Temple of Sethraliss,10,1,1232.3,218369,1,296.0,2026-08-19,0,-1,1229.0,36.0,,
12707,22262,Mage,Arcane,Sunfury,DPS,US,Temple of Sethraliss,10,1,1232.3,161153,0,298.0,2026-08-19,0,-1,1229.0,36.0,,
4734,10527,DeathKnight,Blood,San'layn,Tank,US,Voidscar Arena,11,0,1826.4,102300,1,296.0,2026-08-19,0,-1,1868.0,-3.8,,
4734,10528,Paladin,Holy,Herald of the Sun,Healer,US,Voidscar Arena,11,0,1826.4,17970,2,293.0,2026-08-19,0,-1,1868.0,-3.8,,
4734,10531,Mage,Arcane,Sunfury,DPS,US,Voidscar Arena,11,0,1826.4,160650,1,297.0,2026-08-19,0,-1,1868.0,-3.8,,
4734,10529,Monk,Windwalker,Shado-Pan,DPS,US,Voidscar Arena,11,0,1826.4,104547,3,291.0,2026-08-19,0,-1,1868.0,-3.8,,
4734,10530,Warlock,Demonology,Diabolist,DPS,US,Voidscar Arena,11,0,1826.4,120078,4,292.0,2026-08-19,0,-1,1868.0,-3.8,,
49381,104551,Paladin,Protection,Templar,Tank,EU,Murder Row,9,1,1180.0,80351,0,291.0,2026-08-22,0,-1,,,,
49381,99475,Paladin,Holy,Herald of the Sun,Healer,EU,Murder Row,9,1,1180.0,31076,0,301.0,2026-08-22,0,-1,,,,
49381,99346,Mage,Arcane,Sunfury,DPS,EU,Murder Row,9,1,1180.0,190632,0,293.0,2026-08-22,0,-1,,,,
49381,82355,Rogue,Assassination,Deathstalker,DPS,EU,Murder Row,9,1,1180.0,229972,0,301.0,2026-08-22,0,-1,,,,
49381,104552,Evoker,Devastation,Scalecommander,DPS,EU,Murder Row,9,1,1180.0,169955,0,304.0,2026-08-22,0,-1,,,,
35052,9548,DemonHunter,Vengeance,Aldrachi Reaver,Tank,US,Murder Row,11,1,1240.5,73420,0,309.0,2026-08-22,0,-1,1232.0,39.6,,
35052,9925,Paladin,Holy,Herald of the Sun,Healer,US,Murder Row,11,1,1240.5,27680,0,302.0,2026-08-22,0,-1,1232.0,39.6,,
35052,9928,Warlock,Demonology,Diabolist,DPS,US,Murder Row,11,1,1240.5,232891,0,307.0,2026-08-22,0,-1,1232.0,39.6,,
35052,9929,Priest,Shadow,Archon,DPS,US,Murder Row,11,1,1240.5,220559,0,311.0,2026-08-22,0,-1,1232.0,39.6,,
35052,45155,Mage,Arcane,Sunfury,DPS,US,Murder Row,11,1,1240.5,258983,0,309.0,2026-08-22,0,-1,1232.0,39.6,,
10177,18961,DeathKnight,Blood,Deathbringer,Tank,EU,Kings' Rest,10,1,1254.0,88269,0,294.0,2026-08-19,0,-1,1251.0,36.8,,2695
10177,18962,Paladin,Holy,Herald of the Sun,Healer,EU,Kings' Rest,10,1,1254.0,28377,1,293.0,2026-08-19,0,-1,1251.0,36.8,,
10177,18964,DemonHunter,Devourer,Annihilator,DPS,EU,Kings' Rest,10,1,1254.0,157537,0,294.0,2026-08-19,0,-1,1251.0,36.8,,2737
10177,18963,Warlock,Destruction,Diabolist,DPS,EU,Kings' Rest,10,1,1254.0,138140,0,296.0,2026-08-19,0,-1,1251.0,36.8,,2776
10177,18965,Mage,Arcane,Sunfury,DPS,EU,Kings' Rest,10,1,1254.0,176687,0,295.0,2026-08-19,0,-1,1251.0,36.8,,2769
39620,23934,Druid,Guardian,Elune's Chosen,Tank,EU,Murder Row,10,1,1136.1,154424,0,308.0,2026-08-21,0,-1,1142.0,44.0,,
39620,22065,Priest,Discipline,Oracle,Healer,EU,Murder Row,10,1,1136.1,18650,0,300.0,2026-08-21,0,-1,1142.0,44.0,,
39620,24301,Mage,Arcane,Sunfury,DPS,EU,Murder Row,10,1,1136.1,231146,2,309.0,2026-08-21,0,-1,1142.0,44.0,,
39620,22701,Hunter,Marksmanship,Sentinel,DPS,EU,Murder Row,10,1,1136.1,228165,1,307.0,2026-08-21,0,-1,1142.0,44.0,,
39620,84751,Hunter,Marksmanship,Sentinel,DPS,EU,Murder Row,10,1,1136.1,208645,0,302.0,2026-08-21,0,-1,1142.0,44.0,,
34226,8310,DeathKnight,Blood,Deathbringer,Tank,US,Altar of Fangs,11,1,1198.9,114906,0,303.0,2026-08-22,0,-1,1190.0,33.9,,
34226,785,Shaman,Restoration,Totemic,Healer,US,Altar of Fangs,11,1,1198.9,36654,0,304.0,2026-08-22,0,-1,1190.0,33.9,,
34226,5763,DemonHunter,Devourer,Void-Scarred,DPS,US,Altar of Fangs,11,1,1198.9,260178,0,306.0,2026-08-22,0,-1,1190.0,33.9,,
34226,69379,Warlock,Demonology,Diabolist,DPS,US,Altar of Fangs,11,1,1198.9,290680,0,307.0,2026-08-22,0,-1,1190.0,33.9,,
34226,20030,DeathKnight,Frost,Deathbringer,DPS,US,Altar of Fangs,11,1,1198.9,231335,0,302.0,2026-08-22,0,-1,1190.0,33.9,,
27192,59899,DeathKnight,Blood,San'layn,Tank,EU,Kings' Rest,10,1,1162.8,92725,0,295.0,2026-08-20,0,-1,1155.0,41.7,,
27192,50200,Evoker,Preservation,Flameshaper,Healer,EU,Kings' Rest,10,1,1162.8,52505,0,295.0,2026-08-20,0,-1,1155.0,41.7,,
27192,59900,Rogue,Outlaw,Trickster,DPS,EU,Kings' Rest,10,1,1162.8,161692,0,295.0,2026-08-20,0,-1,1155.0,41.7,,
27192,14212,Warrior,Arms,Slayer,DPS,EU,Kings' Rest,10,1,1162.8,175856,0,302.0,2026-08-20,0,-1,1155.0,41.7,,
27192,59901,Hunter,BeastMastery,Pack Leader,DPS,EU,Kings' Rest,10,1,1162.8,136654,0,294.0,2026-08-20,0,-1,1155.0,41.7,,
36150,59115,DeathKnight,Blood,San'layn,Tank,US,Altar of Fangs,10,1,1087.5,121428,0,307.0,2026-08-21,0,-1,1079.0,40.0,,
36150,31579,Evoker,Preservation,Flameshaper,Healer,US,Altar of Fangs,10,1,1087.5,64022,0,311.0,2026-08-21,0,-1,1079.0,40.0,,
36150,31581,Warlock,Destruction,Diabolist,DPS,US,Altar of Fangs,10,1,1087.5,254935,0,309.0,2026-08-21,0,-1,1079.0,40.0,,
36150,64917,Warrior,Arms,Slayer,DPS,US,Altar of Fangs,10,1,1087.5,210473,0,296.0,2026-08-21,0,-1,1079.0,40.0,,
36150,31580,Mage,Arcane,Sunfury,DPS,US,Altar of Fangs,10,1,1087.5,267267,0,307.0,2026-08-21,0,-1,1079.0,40.0,,
54974,116587,DeathKnight,Blood,San'layn,Tank,US,Temple of Sethraliss,2,1,963.4,82910,0,301.0,2026-08-22,0,-1,,,,
54974,116588,Paladin,Holy,Herald of the Sun,Healer,US,Temple of Sethraliss,2,1,963.4,16756,0,278.0,2026-08-22,0,-1,,,,
54974,116589,Priest,Shadow,Voidweaver,DPS,US,Temple of Sethraliss,2,1,963.4,116324,0,295.0,2026-08-22,0,-1,,,,
54974,116590,Rogue,Subtlety,Deathstalker,DPS,US,Temple of Sethraliss,2,1,963.4,151231,1,303.0,2026-08-22,0,-1,,,,
54974,116591,Mage,Arcane,Sunfury,DPS,US,Temple of Sethraliss,2,1,963.4,79807,0,280.0,2026-08-22,0,-1,,,,
23887,52787,Paladin,Protection,Lightsmith,Tank,KR,Den of Nalorakk,11,1,1421.5,71717,0,293.0,2026-08-21,0,-1,1434.0,25.3,,
23887,52788,Shaman,Restoration,Totemic,Healer,KR,Den of Nalorakk,11,1,1421.5,8702,4,277.0,2026-08-21,0,-1,1434.0,25.3,,
23887,52789,Druid,Balance,Elune's Chosen,DPS,KR,Den of Nalorakk,11,1,1421.5,156327,0,302.0,2026-08-21,0,-1,1434.0,25.3,,
23887,52790,Mage,Arcane,Sunfury,DPS,KR,Den of Nalorakk,11,1,1421.5,204398,0,297.0,2026-08-21,0,-1,1434.0,25.3,,
23887,52791,Mage,Arcane,Sunfury,DPS,KR,Den of Nalorakk,11,1,1421.5,225732,0,305.0,2026-08-21,0,-1,1434.0,25.3,,
13079,25562,DeathKnight,Blood,San'layn,Tank,EU,The Blinding Vale,6,1,1067.5,102212,0,292.0,2026-08-19,0,-1,1059.0,41.2,,
13079,25563,Paladin,Holy,Herald of the Sun,Healer,EU,The Blinding Vale,6,1,1067.5,14927,0,294.0,2026-08-19,0,-1,1059.0,41.2,,
13079,25564,Mage,Arcane,Sunfury,DPS,EU,The Blinding Vale,6,1,1067.5,182102,0,294.0,2026-08-19,0,-1,1059.0,41.2,,
13079,25565,Warrior,Arms,Slayer,DPS,EU,The Blinding Vale,6,1,1067.5,129302,0,291.0,2026-08-19,0,-1,1059.0,41.2,,
13079,25566,Shaman,Elemental,Farseer,DPS,EU,The Blinding Vale,6,1,1067.5,129256,0,283.0,2026-08-19,0,-1,1059.0,41.2,,
70935,18404,Druid,Guardian,Elune's Chosen,Tank,US,Temple of Sethraliss,13,1,1588.1,117261,0,309.0,2026-08-23,0,-1,1610.0,16.2,,
70935,61153,Monk,Mistweaver,Conduit of the Celestials,Healer,US,Temple of Sethraliss,13,1,1588.1,58683,0,304.0,2026-08-23,0,-1,1610.0,16.2,,
70935,9553,Monk,Windwalker,Shado-Pan,DPS,US,Temple of Sethraliss,13,1,1588.1,159066,0,303.0,2026-08-23,0,-1,1610.0,16.2,,
70935,39695,Mage,Arcane,Sunfury,DPS,US,Temple of Sethraliss,13,1,1588.1,263336,0,310.0,2026-08-23,0,-1,1610.0,16.2,,
70935,7629,DemonHunter,Devourer,Void-Scarred,DPS,US,Temple of Sethraliss,13,1,1588.1,201763,2,307.0,2026-08-23,0,-1,1610.0,16.2,,
60820,92816,Paladin,Protection,Templar,Tank,EU,Voidscar Arena,2,1,870.9,68523,0,285.0,2026-08-23,0,-1,,,,
60820,130282,Shaman,Restoration,Farseer,Healer,EU,Voidscar Arena,2,1,870.9,9572,0,283.0,2026-08-23,0,-1,,,,
60820,130283,Hunter,BeastMastery,Pack Leader,DPS,EU,Voidscar Arena,2,1,870.9,127618,1,286.0,2026-08-23,0,-1,,,,
60820,130284,Paladin,Retribution,Templar,DPS,EU,Voidscar Arena,2,1,870.9,123384,0,292.0,2026-08-23,0,-1,,,,
60820,100279,Warlock,Demonology,Diabolist,DPS,EU,Voidscar Arena,2,1,870.9,127709,0,292.0,2026-08-23,0,-1,,,,
86331,142846,DeathKnight,Blood,San'layn,Tank,CN,Voidscar Arena,14,1,1442.1,121909,0,314.0,2026-08-23,0,-1,1494.0,17.0,,
86331,64152,Shaman,Restoration,Totemic,Healer,CN,Voidscar Arena,14,1,1442.1,26412,2,303.0,2026-08-23,0,-1,1494.0,17.0,3,
86331,148796,Mage,Arcane,Sunfury,DPS,CN,Voidscar Arena,14,1,1442.1,231400,0,312.0,2026-08-23,0,-1,1494.0,17.0,4,
86331,142847,Rogue,Subtlety,Deathstalker,DPS,CN,Voidscar Arena,14,1,1442.1,223757,1,305.0,2026-08-23,0,-1,1494.0,17.0,4,
86331,144275,Paladin,Retribution,Herald of the Sun,DPS,CN,Voidscar Arena,14,1,1442.1,207440,1,304.0,2026-08-23,0,-1,1494.0,17.0,0,
79808,42927,DeathKnight,Blood,San'layn,Tank,US,Den of Nalorakk,12,1,1402.5,100662,0,306.0,2026-08-21,0,-1,1409.0,26.6,,
79808,72862,Paladin,Holy,Lightsmith,Healer,US,Den of Nalorakk,12,1,1402.5,39768,0,306.0,2026-08-21,0,-1,1409.0,26.6,,
79808,24295,Paladin,Retribution,Templar,DPS,US,Den of Nalorakk,12,1,1402.5,170904,1,309.0,2026-08-21,0,-1,1409.0,26.6,,
79808,145528,Mage,Arcane,Sunfury,DPS,US,Den of Nalorakk,12,1,1402.5,216743,0,306.0,2026-08-21,0,-1,1409.0,26.6,,
79808,10988,Rogue,Subtlety,Deathstalker,DPS,US,Den of Nalorakk,12,1,1402.5,189330,0,306.0,2026-08-21,0,-1,1409.0,26.6,,
8699,17599,DeathKnight,Blood,San'layn,Tank,US,The Blinding Vale,11,1,1369.6,140082,0,298.0,2026-08-19,0,-1,1366.0,24.1,,
8699,17600,Paladin,Holy,Herald of the Sun,Healer,US,The Blinding Vale,11,1,1369.6,28012,1,304.0,2026-08-19,0,-1,1366.0,24.1,,
8699,17601,Shaman,Enhancement,Stormbringer,DPS,US,The Blinding Vale,11,1,1369.6,174268,0,298.0,2026-08-19,0,-1,1366.0,24.1,,
8699,17602,Mage,Frost,Spellslinger,DPS,US,The Blinding Vale,11,1,1369.6,196686,0,295.0,2026-08-19,0,-1,1366.0,24.1,,
8699,17603,Mage,Arcane,Sunfury,DPS,US,The Blinding Vale,11,1,1369.6,249606,0,298.0,2026-08-19,0,-1,1366.0,24.1,,
25483,56650,DeathKnight,Blood,Deathbringer,Tank,CN,Murder Row,12,1,1565.5,92450,0,304.0,2026-08-21,0,-1,1557.0,23.7,,
25483,56651,Paladin,Holy,Lightsmith,Healer,CN,Murder Row,12,1,1565.5,45165,0,296.0,2026-08-21,0,-1,1557.0,23.7,,
25483,56652,Mage,Arcane,Sunfury,DPS,CN,Murder Row,12,1,1565.5,209925,0,306.0,2026-08-21,0,-1,1557.0,23.7,,
25483,56653,Paladin,Retribution,Herald of the Sun,DPS,CN,Murder Row,12,1,1565.5,192702,0,303.0,2026-08-21,0,-1,1557.0,23.7,,
25483,56654,Shaman,Elemental,Farseer,DPS,CN,Murder Row,12,1,1565.5,211245,0,303.0,2026-08-21,0,-1,1557.0,23.7,,
39018,76362,DeathKnight,Blood,San'layn,Tank,EU,The Blinding Vale,11,1,1287.2,137509,0,306.0,2026-08-21,0,-1,1284.0,28.7,,
39018,30756,Priest,Holy,Oracle,Healer,EU,The Blinding Vale,11,1,1287.2,14752,0,306.0,2026-08-21,0,-1,1284.0,28.7,,
39018,83619,DeathKnight,Unholy,San'layn,DPS,EU,The Blinding Vale,11,1,1287.2,243476,0,293.0,2026-08-21,0,-1,1284.0,28.7,,
39018,76365,Druid,Feral,Druid of the Claw,DPS,EU,The Blinding Vale,11,1,1287.2,275331,0,303.0,2026-08-21,0,-1,1284.0,28.7,,
39018,83620,Hunter,BeastMastery,Pack Leader,DPS,EU,The Blinding Vale,11,1,1287.2,194882,1,293.0,2026-08-21,0,-1,1284.0,28.7,,
16548,36239,DeathKnight,Blood,San'layn,Tank,EU,Murder Row,7,1,1150.4,110144,1,293.0,2026-08-19,0,-1,1172.0,42.6,,
16548,15386,Priest,Discipline,Oracle,Healer,EU,Murder Row,7,1,1150.4,16903,1,293.0,2026-08-19,0,-1,1172.0,42.6,,
16548,36240,Druid,Balance,Elune's Chosen,DPS,EU,Murder Row,7,1,1150.4,168543,1,284.0,2026-08-19,0,-1,1172.0,42.6,,
16548,36241,Warrior,Arms,Slayer,DPS,EU,Murder Row,7,1,1150.4,194647,1,291.0,2026-08-19,0,-1,1172.0,42.6,,
16548,36242,Hunter,Survival,Pack Leader,DPS,EU,Murder Row,7,1,1150.4,168384,2,292.0,2026-08-19,0,-1,1172.0,42.6,,
49125,16369,Paladin,Protection,Templar,Tank,EU,The Blinding Vale,10,1,1092.8,94128,0,305.0,2026-08-22,0,-1,,,,
49125,100020,Paladin,Holy,Herald of the Sun,Healer,EU,The Blinding Vale,10,1,1092.8,22836,0,290.0,2026-08-22,0,-1,,,,
49125,87867,Mage,Arcane,Sunfury,DPS,EU,The Blinding Vale,10,1,1092.8,309979,0,312.0,2026-08-22,0,-1,,,,
49125,14137,DeathKnight,Frost,Deathbringer,DPS,EU,The Blinding Vale,10,1,1092.8,243017,0,310.0,2026-08-22,0,-1,,,,
49125,100022,Druid,Balance,Elune's Chosen,DPS,EU,The Blinding Vale,10,1,1092.8,172113,0,291.0,2026-08-22,0,-1,,,,
27250,38254,DeathKnight,Blood,San'layn,Tank,CN,Temple of Sethraliss,10,1,1143.8,130732,0,306.0,2026-08-21,0,-1,1140.0,40.6,,
27250,42413,Priest,Holy,Oracle,Healer,CN,Temple of Sethraliss,10,1,1143.8,5965,0,301.0,2026-08-21,0,-1,1140.0,40.6,,
27250,60003,Shaman,Elemental,Farseer,DPS,CN,Temple of Sethraliss,10,1,1143.8,231331,0,301.0,2026-08-21,0,-1,1140.0,40.6,,
27250,38257,Paladin,Retribution,Templar,DPS,CN,Temple of Sethraliss,10,1,1143.8,165101,0,296.0,2026-08-21,0,-1,1140.0,40.6,,
27250,38469,Mage,Arcane,Sunfury,DPS,CN,Temple of Sethraliss,10,1,1143.8,253805,0,308.0,2026-08-21,0,-1,1140.0,40.6,,
35890,18089,Monk,Brewmaster,Master of Harmony,Tank,EU,Voidscar Arena,16,1,1535.8,160729,1,308.0,2026-08-20,0,-1,1648.0,8.5,,3341
35890,23662,Shaman,Restoration,Totemic,Healer,EU,Voidscar Arena,16,1,1535.8,27133,2,300.0,2026-08-20,0,-1,1648.0,8.5,,
35890,18090,Rogue,Assassination,Deathstalker,DPS,EU,Voidscar Arena,16,1,1535.8,285846,3,302.0,2026-08-20,0,-1,1648.0,8.5,,3447
35890,70023,Warrior,Arms,Slayer,DPS,EU,Voidscar Arena,16,1,1535.8,273737,1,301.0,2026-08-20,0,-1,1648.0,8.5,,
35890,74436,Rogue,Outlaw,Trickster,DPS,EU,Voidscar Arena,16,1,1535.8,245648,1,294.0,2026-08-20,0,-1,1648.0,8.5,,
35169,14582,DeathKnight,Blood,San'layn,Tank,US,Kings' Rest,13,1,1701.4,96902,0,310.0,2026-08-21,0,-1,1783.0,10.0,,
35169,73775,Shaman,Restoration,Totemic,Healer,US,Kings' Rest,13,1,1701.4,25079,1,305.0,2026-08-21,0,-1,1783.0,10.0,,
35169,14585,Paladin,Retribution,Templar,DPS,US,Kings' Rest,13,1,1701.4,165965,1,302.0,2026-08-21,0,-1,1783.0,10.0,,
35169,10373,Mage,Arcane,Sunfury,DPS,US,Kings' Rest,13,1,1701.4,144147,3,304.0,2026-08-21,0,-1,1783.0,10.0,,
35169,22796,Druid,Balance,Elune's Chosen,DPS,US,Kings' Rest,13,1,1701.4,141524,1,308.0,2026-08-21,0,-1,1783.0,10.0,,
59265,52634,Paladin,Protection,Lightsmith,Tank,EU,Temple of Sethraliss,13,1,1616.7,120988,1,314.0,2026-08-23,0,-1,,,,
59265,96777,Shaman,Restoration,Totemic,Healer,EU,Temple of Sethraliss,13,1,1616.7,30090,2,299.0,2026-08-23,0,-1,,,,
59265,30375,Druid,Balance,Elune's Chosen,DPS,EU,Temple of Sethraliss,13,1,1616.7,186373,1,308.0,2026-08-23,0,-1,,,,
59265,59708,Mage,Arcane,Sunfury,DPS,EU,Temple of Sethraliss,13,1,1616.7,201965,0,312.0,2026-08-23,0,-1,,,,
59265,52637,DemonHunter,Devourer,Void-Scarred,DPS,EU,Temple of Sethraliss,13,1,1616.7,233405,0,311.0,2026-08-23,0,-1,,,,
83549,27751,DeathKnight,Blood,Unknown,Tank,EU,Den of Nalorakk,14,1,1620.6,124491,0,311.0,2026-08-23,0,-1,1627.0,15.2,,
83549,13648,Paladin,Holy,Unknown,Healer,EU,Den of Nalorakk,14,1,1620.6,32106,0,300.0,2026-08-23,0,-1,1627.0,15.2,,
83549,28918,Paladin,Retribution,Unknown,DPS,EU,Den of Nalorakk,14,1,1620.6,207706,0,312.0,2026-08-23,0,-1,1627.0,15.2,,
83549,27754,Mage,Arcane,Unknown,DPS,EU,Den of Nalorakk,14,1,1620.6,254936,0,309.0,2026-08-23,0,-1,1627.0,15.2,,
83549,27753,Hunter,BeastMastery,Unknown,DPS,EU,Den of Nalorakk,14,1,1620.6,164608,1,306.0,2026-08-23,0,-1,1627.0,15.2,,
82316,79618,Druid,Guardian,Elune's Chosen,Tank,CN,Kings' Rest,13,1,1619.2,87555,0,303.0,2026-08-22,0,-1,1656.0,16.4,,
82316,79619,Shaman,Restoration,Totemic,Healer,CN,Kings' Rest,13,1,1619.2,23545,2,300.0,2026-08-22,0,-1,1656.0,16.4,,
82316,79627,Warrior,Arms,Slayer,DPS,CN,Kings' Rest,13,1,1619.2,191184,0,309.0,2026-08-22,0,-1,1656.0,16.4,,
82316,79621,Mage,Arcane,Sunfury,DPS,CN,Kings' Rest,13,1,1619.2,158958,0,304.0,2026-08-22,0,-1,1656.0,16.4,,
82316,79620,Mage,Arcane,Sunfury,DPS,CN,Kings' Rest,13,1,1619.2,154419,1,296.0,2026-08-22,0,-1,1656.0,16.4,,
15254,32107,DeathKnight,Blood,San'layn,Tank,EU,Altar of Fangs,8,1,1243.0,126275,0,295.0,2026-08-19,0,-1,1234.0,31.4,,
15254,32108,Paladin,Holy,Herald of the Sun,Healer,EU,Altar of Fangs,8,1,1243.0,27361,0,291.0,2026-08-19,0,-1,1234.0,31.4,,
15254,32109,Shaman,Elemental,Farseer,DPS,EU,Altar of Fangs,8,1,1243.0,167540,0,291.0,2026-08-19,0,-1,1234.0,31.4,,
15254,32110,Mage,Arcane,Sunfury,DPS,EU,Altar of Fangs,8,1,1243.0,192623,0,289.0,2026-08-19,0,-1,1234.0,31.4,,
15254,32111,Rogue,Outlaw,Trickster,DPS,EU,Altar of Fangs,8,1,1243.0,205063,0,295.0,2026-08-19,0,-1,1234.0,31.4,,
35997,346,Monk,Brewmaster,Master of Harmony,Tank,US,Temple of Sethraliss,4,1,1070.4,88138,0,307.0,2026-08-21,0,-1,1062.0,44.7,,3073
35997,77675,Shaman,Restoration,Totemic,Healer,US,Temple of Sethraliss,4,1,1070.4,27707,0,292.0,2026-08-21,0,-1,1062.0,44.7,,
35997,77676,Paladin,Retribution,Templar,DPS,US,Temple of Sethraliss,4,1,1070.4,159983,0,293.0,2026-08-21,0,-1,1062.0,44.7,,
35997,77677,Priest,Shadow,Archon,DPS,US,Temple of Sethraliss,4,1,1070.4,95013,0,277.0,2026-08-21,0,-1,1062.0,44.7,,
35997,77678,DemonHunter,Devourer,Annihilator,DPS,US,Temple of Sethraliss,4,1,1070.4,90088,0,273.0,2026-08-21,0,-1,1062.0,44.7,,
38052,14113,Warrior,Protection,Colossus,Tank,EU,Altar of Fangs,10,1,1055.2,151422,0,304.0,2026-08-20,0,-1,1061.0,41.0,,2751
38052,79926,Evoker,Preservation,Chronowarden,Healer,EU,Altar of Fangs,10,1,1055.2,49477,1,302.0,2026-08-20,0,-1,1061.0,41.0,,
38052,14115,Hunter,Marksmanship,Sentinel,DPS,EU,Altar of Fangs,10,1,1055.2,267261,0,305.0,2026-08-20,0,-1,1061.0,41.0,,
38052,15660,Warlock,Destruction,Diabolist,DPS,EU,Altar of Fangs,10,1,1055.2,241052,2,294.0,2026-08-20,0,-1,1061.0,41.0,,
38052,14117,Mage,Arcane,Sunfury,DPS,EU,Altar of Fangs,10,1,1055.2,286882,0,303.0,2026-08-20,0,-1,1061.0,41.0,,
57513,122479,Paladin,Protection,Templar,Tank,US,Murder Row,2,1,931.3,104250,0,312.0,2026-08-23,0,-1,,,,
57513,122480,Druid,Restoration,Wildstalker,Healer,US,Murder Row,2,1,931.3,1443,1,263.0,2026-08-23,0,-1,,,,
57513,122481,Mage,Arcane,Sunfury,DPS,US,Murder Row,2,1,931.3,93815,1,284.0,2026-08-23,0,-1,,,,
57513,69730,Shaman,Elemental,Farseer,DPS,US,Murder Row,2,1,931.3,124043,1,300.0,2026-08-23,0,-1,,,,
57513,5842,Hunter,BeastMastery,Pack Leader,DPS,US,Murder Row,2,1,931.3,139287,2,308.0,2026-08-23,0,-1,,,,
28625,53300,Paladin,Protection,Lightsmith,Tank,EU,Altar of Fangs,10,1,1068.7,113242,1,305.0,2026-08-21,0,-1,1070.0,40.6,,
28625,53666,Monk,Mistweaver,Conduit of the Celestials,Healer,EU,Altar of Fangs,10,1,1068.7,50102,0,302.0,2026-08-21,0,-1,1070.0,40.6,,
28625,15845,Hunter,BeastMastery,Pack Leader,DPS,EU,Altar of Fangs,10,1,1068.7,237629,1,305.0,2026-08-21,0,-1,1070.0,40.6,,
28625,15844,Mage,Arcane,Sunfury,DPS,EU,Altar of Fangs,10,1,1068.7,313350,0,315.0,2026-08-21,0,-1,1070.0,40.6,,
28625,61781,Warlock,Demonology,Diabolist,DPS,EU,Altar of Fangs,10,1,1068.7,273621,0,303.0,2026-08-21,0,-1,1070.0,40.6,,
4153,989,DeathKnight,Blood,Deathbringer,Tank,US,Kings' Rest,11,1,1760.2,79009,1,294.0,2026-08-18,0,-1,1792.0,9.5,,
4153,9449,Paladin,Holy,Herald of the Sun,Healer,US,Kings' Rest,11,1,1760.2,13485,2,289.0,2026-08-18,0,-1,1792.0,9.5,,
4153,9450,Mage,Frost,Spellslinger,DPS,US,Kings' Rest,11,1,1760.2,109448,2,289.0,2026-08-18,0,-1,1792.0,9.5,,
4153,5103,DeathKnight,Unholy,San'layn,DPS,US,Kings' Rest,11,1,1760.2,127332,1,295.0,2026-08-18,0,-1,1792.0,9.5,,
4153,9451,Warrior,Arms,Slayer,DPS,US,Kings' Rest,11,1,1760.2,150487,2,297.0,2026-08-18,0,-1,1792.0,9.5,,
71678,76889,DeathKnight,Blood,San'layn,Tank,CN,Voidscar Arena,14,1,1625.8,155213,0,310.0,2026-08-23,0,-1,1678.0,6.8,,
71678,92370,Paladin,Holy,Lightsmith,Healer,CN,Voidscar Arena,14,1,1625.8,59896,2,308.0,2026-08-23,0,-1,1678.0,6.8,,
71678,99609,Shaman,Elemental,Farseer,DPS,CN,Voidscar Arena,14,1,1625.8,184649,0,301.0,2026-08-23,0,-1,1678.0,6.8,,
71678,99610,Druid,Balance,Elune's Chosen,DPS,CN,Voidscar Arena,14,1,1625.8,221166,0,301.0,2026-08-23,0,-1,1678.0,6.8,,
71678,76892,Warrior,Arms,Slayer,DPS,CN,Voidscar Arena,14,1,1625.8,256362,2,315.0,2026-08-23,0,-1,1678.0,6.8,,
9097,15861,Druid,Guardian,Elune's Chosen,Tank,EU,Kings' Rest,10,1,1399.1,76097,0,293.0,2026-08-19,0,-1,1395.0,29.5,,
9097,15862,Shaman,Restoration,Totemic,Healer,EU,Kings' Rest,10,1,1399.1,18382,0,292.0,2026-08-19,0,-1,1395.0,29.5,,
9097,15865,Warlock,Destruction,Diabolist,DPS,EU,Kings' Rest,10,1,1399.1,144190,0,296.0,2026-08-19,0,-1,1395.0,29.5,,
9097,15864,Warrior,Arms,Slayer,DPS,EU,Kings' Rest,10,1,1399.1,144905,1,294.0,2026-08-19,0,-1,1395.0,29.5,,
9097,15863,DeathKnight,Unholy,Rider of the Apocalypse,DPS,EU,Kings' Rest,10,1,1399.1,147663,0,293.0,2026-08-19,0,-1,1395.0,29.5,,
34694,75127,DeathKnight,Blood,San'layn,Tank,US,Temple of Sethraliss,11,1,1337.6,131491,0,294.0,2026-08-20,0,-1,1339.0,30.2,,
34694,69725,Evoker,Preservation,Flameshaper,Healer,US,Temple of Sethraliss,11,1,1337.6,42481,0,301.0,2026-08-20,0,-1,1339.0,30.2,,
34694,7465,Warrior,Arms,Slayer,DPS,US,Temple of Sethraliss,11,1,1337.6,237802,0,308.0,2026-08-20,0,-1,1339.0,30.2,,
34694,75128,Mage,Arcane,Sunfury,DPS,US,Temple of Sethraliss,11,1,1337.6,112610,2,273.0,2026-08-20,0,-1,1339.0,30.2,,
34694,52781,Shaman,Elemental,Farseer,DPS,US,Temple of Sethraliss,11,1,1337.6,227470,0,303.0,2026-08-20,0,-1,1339.0,30.2,,
1703,4566,DemonHunter,Vengeance,Annihilator,Tank,US,Den of Nalorakk,11,1,1849.8,93873,0,293.0,2026-08-19,0,-1,1871.0,2.5,,
1703,4567,Paladin,Holy,Herald of the Sun,Healer,US,Den of Nalorakk,11,1,1849.8,10297,1,287.0,2026-08-19,0,-1,1871.0,2.5,,
1703,4568,Mage,Arcane,Sunfury,DPS,US,Den of Nalorakk,11,1,1849.8,153823,1,293.0,2026-08-19,0,-1,1871.0,2.5,,
1703,4569,DeathKnight,Unholy,Rider of the Apocalypse,DPS,US,Den of Nalorakk,11,1,1849.8,139662,1,294.0,2026-08-19,0,-1,1871.0,2.5,,
1703,4570,Druid,Balance,Elune's Chosen,DPS,US,Den of Nalorakk,11,1,1849.8,142743,3,297.0,2026-08-19,0,-1,1871.0,2.5,,
85960,62765,DeathKnight,Blood,San'layn,Tank,US,Murder Row,10,1,1186.2,133146,0,313.0,2026-08-23,0,-1,1182.0,42.0,4,
85960,2444,Shaman,Restoration,Totemic,Healer,US,Murder Row,10,1,1186.2,30497,0,303.0,2026-08-23,0,-1,1182.0,42.0,0,
85960,151487,DemonHunter,Devourer,Void-Scarred,DPS,US,Murder Row,10,1,1186.2,187347,0,303.0,2026-08-23,0,-1,1182.0,42.0,4,
85960,4954,DemonHunter,Devourer,Void-Scarred,DPS,US,Murder Row,10,1,1186.2,215666,0,312.0,2026-08-23,0,-1,1182.0,42.0,2,
85960,62767,Warrior,Arms,Slayer,DPS,US,Murder Row,10,1,1186.2,232670,1,311.0,2026-08-23,0,-1,1182.0,42.0,4,
63549,13838,DeathKnight,Blood,San'layn,Tank,EU,Temple of Sethraliss,14,1,1505.5,154450,0,308.0,2026-08-20,0,-1,1527.0,20.5,,3302
63549,14069,Paladin,Holy,Lightsmith,Healer,EU,Temple of Sethraliss,14,1,1505.5,46453,0,303.0,2026-08-20,0,-1,1527.0,20.5,,2907
63549,13841,Mage,Arcane,Sunfury,DPS,EU,Temple of Sethraliss,14,1,1505.5,241709,1,309.0,2026-08-20,0,-1,1527.0,20.5,,3131
63549,50499,Warrior,Arms,Slayer,DPS,EU,Temple of Sethraliss,14,1,1505.5,235282,1,311.0,2026-08-20,0,-1,1527.0,20.5,,
63549,37981,Shaman,Enhancement,Stormbringer,DPS,EU,Temple of Sethraliss,14,1,1505.5,219541,0,304.0,2026-08-20,0,-1,1527.0,20.5,,
35689,20197,DeathKnight,Blood,Deathbringer,Tank,US,The Blinding Vale,12,1,1432.1,108804,0,309.0,2026-08-22,0,-1,1454.0,19.2,,
35689,12369,Shaman,Restoration,Totemic,Healer,US,The Blinding Vale,12,1,1432.1,24029,1,306.0,2026-08-22,0,-1,1454.0,19.2,,
35689,77089,Warrior,Arms,Slayer,DPS,US,The Blinding Vale,12,1,1432.1,212953,0,300.0,2026-08-22,0,-1,1454.0,19.2,,
35689,4665,Mage,Arcane,Sunfury,DPS,US,The Blinding Vale,12,1,1432.1,253648,0,305.0,2026-08-22,0,-1,1454.0,19.2,,2986
35689,77090,Paladin,Retribution,Herald of the Sun,DPS,US,The Blinding Vale,12,1,1432.1,198948,1,302.0,2026-08-22,0,-1,1454.0,19.2,,
24503,54339,DeathKnight,Blood,San'layn,Tank,US,Kings' Rest,6,1,1163.1,56520,0,292.0,2026-08-22,0,-1,1160.0,41.4,,
24503,54340,Priest,Holy,Oracle,Healer,US,Kings' Rest,6,1,1163.1,12179,0,291.0,2026-08-22,0,-1,1160.0,41.4,,
24503,54341,Hunter,BeastMastery,Pack Leader,DPS,US,Kings' Rest,6,1,1163.1,82962,1,294.0,2026-08-22,0,-1,1160.0,41.4,,
24503,54342,Warrior,Arms,Slayer,DPS,US,Kings' Rest,6,1,1163.1,116064,0,295.0,2026-08-22,0,-1,1160.0,41.4,,
24503,157,Shaman,Elemental,Farseer,DPS,US,Kings' Rest,6,1,1163.1,131671,0,307.0,2026-08-22,0,-1,1160.0,41.4,,
16348,10435,DemonHunter,Vengeance,Annihilator,Tank,US,Kings' Rest,7,1,1148.1,67286,0,283.0,2026-08-18,0,-1,1150.0,41.9,,2790
16348,9567,Shaman,Restoration,Totemic,Healer,US,Kings' Rest,7,1,1148.1,23953,2,292.0,2026-08-18,0,-1,1150.0,41.9,,2783
16348,9569,DeathKnight,Unholy,Rider of the Apocalypse,DPS,US,Kings' Rest,7,1,1148.1,135059,0,293.0,2026-08-18,0,-1,1150.0,41.9,,
16348,9570,Warrior,Arms,Slayer,DPS,US,Kings' Rest,7,1,1148.1,150652,0,292.0,2026-08-18,0,-1,1150.0,41.9,,2813
16348,9568,Druid,Balance,Elune's Chosen,DPS,US,Kings' Rest,7,1,1148.1,110668,0,293.0,2026-08-18,0,-1,1150.0,41.9,,2813
52271,110963,Paladin,Protection,Lightsmith,Tank,EU,Ruby Life Pools,2,1,784.6,92567,0,306.0,2026-08-22,0,-1,,,,
52271,110964,Priest,Discipline,Oracle,Healer,EU,Ruby Life Pools,2,1,784.6,21622,0,294.0,2026-08-22,0,-1,,,,
52271,110965,Monk,Windwalker,Shado-Pan,DPS,EU,Ruby Life Pools,2,1,784.6,113917,0,286.0,2026-08-22,0,-1,,,,
52271,110966,Mage,Arcane,Sunfury,DPS,EU,Ruby Life Pools,2,1,784.6,132049,0,289.0,2026-08-22,0,-1,,,,
52271,110967,Rogue,Outlaw,Trickster,DPS,EU,Ruby Life Pools,2,1,784.6,153031,0,297.0,2026-08-22,0,-1,,,,
28566,16796,DeathKnight,Blood,San'layn,Tank,EU,Den of Nalorakk,11,1,1299.7,107266,0,305.0,2026-08-21,0,-1,1291.0,32.7,,
28566,62254,Shaman,Restoration,Totemic,Healer,EU,Den of Nalorakk,11,1,1299.7,29894,0,299.0,2026-08-21,0,-1,1291.0,32.7,,
28566,62255,Druid,Balance,Elune's Chosen,DPS,EU,Den of Nalorakk,11,1,1299.7,174376,0,299.0,2026-08-21,0,-1,1291.0,32.7,,
28566,15883,Paladin,Retribution,Templar,DPS,EU,Den of Nalorakk,11,1,1299.7,192847,0,300.0,2026-08-21,0,-1,1291.0,32.7,,
28566,15885,Shaman,Elemental,Farseer,DPS,EU,Den of Nalorakk,11,1,1299.7,192487,0,305.0,2026-08-21,0,-1,1291.0,32.7,,
30091,57780,Warrior,Protection,Mountain Thane,Tank,US,Murder Row,5,1,1190.7,87138,2,299.0,2026-08-22,0,-1,1182.0,42.1,,
30091,57781,Shaman,Restoration,Totemic,Healer,US,Murder Row,5,1,1190.7,10631,0,300.0,2026-08-22,0,-1,1182.0,42.1,,
30091,54405,Priest,Shadow,Archon,DPS,US,Murder Row,5,1,1190.7,91594,0,296.0,2026-08-22,0,-1,1182.0,42.1,,
30091,57782,DeathKnight,Unholy,Rider of the Apocalypse,DPS,US,Murder Row,5,1,1190.7,114585,0,291.0,2026-08-22,0,-1,1182.0,42.1,,
30091,57783,Rogue,Assassination,Deathstalker,DPS,US,Murder Row,5,1,1190.7,139486,0,291.0,2026-08-22,0,-1,1182.0,42.1,,
30170,64974,DeathKnight,Blood,San'layn,Tank,EU,Temple of Sethraliss,11,1,1134.5,142390,0,305.0,2026-08-22,0,-1,1126.0,41.4,,
30170,64975,Shaman,Restoration,Totemic,Healer,EU,Temple of Sethraliss,11,1,1134.5,25492,0,300.0,2026-08-22,0,-1,1126.0,41.4,,
30170,15907,Warrior,Arms,Slayer,DPS,EU,Temple of Sethraliss,11,1,1134.5,216546,0,301.0,2026-08-22,0,-1,1126.0,41.4,,
30170,57217,Hunter,BeastMastery,Pack Leader,DPS,EU,Temple of Sethraliss,11,1,1134.5,241697,0,308.0,2026-08-22,0,-1,1126.0,41.4,,
30170,47244,Druid,Balance,Elune's Chosen,DPS,EU,Temple of Sethraliss,11,1,1134.5,264824,0,311.0,2026-08-22,0,-1,1126.0,41.4,,
15483,32852,DeathKnight,Blood,San'layn,Tank,US,Murder Row,2,1,1094.0,62805,0,292.0,2026-08-19,0,-1,1085.0,46.8,,
15483,32853,Shaman,Restoration,Totemic,Healer,US,Murder Row,2,1,1094.0,19759,0,292.0,2026-08-19,0,-1,1085.0,46.8,,
15483,32854,Shaman,Elemental,Farseer,DPS,US,Murder Row,2,1,1094.0,97549,0,290.0,2026-08-19,0,-1,1085.0,46.8,,
15483,32855,Shaman,Elemental,Farseer,DPS,US,Murder Row,2,1,1094.0,119028,0,301.0,2026-08-19,0,-1,1085.0,46.8,,
15483,32856,Hunter,Survival,Sentinel,DPS,US,Murder Row,2,1,1094.0,89141,0,295.0,2026-08-19,0,-1,1085.0,46.8,,
84633,75223,DeathKnight,Blood,San'layn,Tank,EU,The Blinding Vale,13,1,1462.3,156792,0,305.0,2026-08-23,0,-1,1469.0,18.4,3,
84633,142192,Paladin,Holy,Herald of the Sun,Healer,EU,The Blinding Vale,13,1,1462.3,23294,0,304.0,2026-08-23,0,-1,1469.0,18.4,2,
84633,149378,DemonHunter,Devourer,Annihilator,DPS,EU,The Blinding Vale,13,1,1462.3,204211,0,303.0,2026-08-23,0,-1,1469.0,18.4,4,
84633,133600,Warrior,Arms,Slayer,DPS,EU,The Blinding Vale,13,1,1462.3,242356,1,310.0,2026-08-23,0,-1,1469.0,18.4,4,
84633,72659,Mage,Arcane,Sunfury,DPS,EU,The Blinding Vale,13,1,1462.3,260290,0,311.0,2026-08-23,0,-1,1469.0,18.4,4,
55690,10458,DeathKnight,Blood,San'layn,Tank,US,Ruby Life Pools,13,1,1413.3,155042,0,308.0,2026-08-23,0,-1,,,,
55690,21240,Paladin,Holy,Herald of the Sun,Healer,US,Ruby Life Pools,13,1,1413.3,25425,2,305.0,2026-08-23,0,-1,,,,
55690,118115,Monk,Windwalker,Conduit of the Celestials,DPS,US,Ruby Life Pools,13,1,1413.3,224635,3,305.0,2026-08-23,0,-1,,,,
55690,77089,Warrior,Arms,Slayer,DPS,US,Ruby Life Pools,13,1,1413.3,209901,1,301.0,2026-08-23,0,-1,,,,
55690,41980,Shaman,Elemental,Farseer,DPS,US,Ruby Life Pools,13,1,1413.3,227646,1,307.0,2026-08-23,0,-1,,,,
75722,123130,Paladin,Protection,Lightsmith,Tank,CN,The Blinding Vale,13,1,1458.2,103452,1,307.0,2026-08-23,0,-1,1510.0,16.1,,
75722,92400,Shaman,Restoration,Totemic,Healer,CN,The Blinding Vale,13,1,1458.2,36094,1,309.0,2026-08-23,0,-1,1510.0,16.1,,
75722,123131,Warrior,Arms,Slayer,DPS,CN,The Blinding Vale,13,1,1458.2,180044,2,302.0,2026-08-23,0,-1,1510.0,16.1,,
75722,143627,Rogue,Assassination,Deathstalker,DPS,CN,The Blinding Vale,13,1,1458.2,263556,0,306.0,2026-08-23,0,-1,1510.0,16.1,,
75722,68174,Paladin,Retribution,Herald of the Sun,DPS,CN,The Blinding Vale,13,1,1458.2,266136,0,311.0,2026-08-23,0,-1,1510.0,16.1,,
39595,74879,Paladin,Protection,Lightsmith,Tank,US,Temple of Sethraliss,8,1,1111.0,83627,0,289.0,2026-08-21,0,-1,1103.0,42.6,,
39595,28304,Druid,Restoration,Keeper of the Grove,Healer,US,Temple of Sethraliss,8,1,1111.0,54906,0,304.0,2026-08-21,0,-1,1103.0,42.6,,
39595,64109,Shaman,Enhancement,Stormbringer,DPS,US,Temple of Sethraliss,8,1,1111.0,190017,0,308.0,2026-08-21,0,-1,1103.0,42.6,,
39595,74880,Mage,Arcane,Sunfury,DPS,US,Temple of Sethraliss,8,1,1111.0,164873,0,299.0,2026-08-21,0,-1,1103.0,42.6,,
39595,9377,Rogue,Subtlety,Deathstalker,DPS,US,Temple of Sethraliss,8,1,1111.0,171253,0,304.0,2026-08-21,0,-1,1103.0,42.6,,
64652,64242,DeathKnight,Blood,San'layn,Tank,EU,Den of Nalorakk,15,1,1790.4,117446,0,308.0,2026-08-23,0,-1,1826.0,4.9,,
64652,96131,Paladin,Holy,Herald of the Sun,Healer,EU,Den of Nalorakk,15,1,1790.4,16727,2,296.0,2026-08-23,0,-1,1826.0,4.9,,
64652,54413,Mage,Arcane,Sunfury,DPS,EU,Den of Nalorakk,15,1,1790.4,236664,0,314.0,2026-08-23,0,-1,1826.0,4.9,,
64652,54415,DemonHunter,Devourer,Annihilator,DPS,EU,Den of Nalorakk,15,1,1790.4,228642,0,308.0,2026-08-23,0,-1,1826.0,4.9,,
64652,45471,Druid,Balance,Elune's Chosen,DPS,EU,Den of Nalorakk,15,1,1790.4,201903,1,312.0,2026-08-23,0,-1,1826.0,4.9,,
23,110,DeathKnight,Blood,Deathbringer,Tank,US,Den of Nalorakk,10,1,1635.4,112404,1,291.0,2026-08-19,0,-1,1667.0,13.2,,
23,111,Shaman,Restoration,Totemic,Healer,US,Den of Nalorakk,10,1,1635.4,26827,1,296.0,2026-08-19,0,-1,1667.0,13.2,,
23,112,DemonHunter,Devourer,Annihilator,DPS,US,Den of Nalorakk,10,1,1635.4,122878,2,291.0,2026-08-19,0,-1,1667.0,13.2,,
23,113,Warrior,Arms,Slayer,DPS,US,Den of Nalorakk,10,1,1635.4,159839,3,291.0,2026-08-19,0,-1,1667.0,13.2,,
23,114,Druid,Balance,Elune's Chosen,DPS,US,Den of Nalorakk,10,1,1635.4,147640,1,294.0,2026-08-19,0,-1,1667.0,13.2,,
19995,44299,DeathKnight,Blood,San'layn,Tank,EU,Den of Nalorakk,6,1,1137.1,76445,0,295.0,2026-08-19,0,-1,1139.0,40.7,,
19995,44300,Shaman,Restoration,Farseer,Healer,EU,Den of Nalorakk,6,1,1137.1,19234,0,290.0,2026-08-19,0,-1,1139.0,40.7,,
19995,44301,Druid,Balance,Elune's Chosen,DPS,EU,Den of Nalorakk,6,1,1137.1,108757,0,294.0,2026-08-19,0,-1,1139.0,40.7,,
19995,44302,DemonHunter,Havoc,Fel-Scarred,DPS,EU,Den of Nalorakk,6,1,1137.1,112806,2,289.0,2026-08-19,0,-1,1139.0,40.7,,
19995,44303,Warlock,Demonology,Diabolist,DPS,EU,Den of Nalorakk,6,1,1137.1,120418,0,291.0,2026-08-19,0,-1,1139.0,40.7,,
84102,20365,DeathKnight,Blood,Unknown,Tank,EU,Temple of Sethraliss,10,1,1050.5,115773,0,303.0,2026-08-23,0,-1,1048.0,45.4,,
84102,148500,Monk,Mistweaver,Unknown,Healer,EU,Temple of Sethraliss,10,1,1050.5,53194,1,311.0,2026-08-23,0,-1,1048.0,45.4,,
84102,109197,Shaman,Elemental,Unknown,DPS,EU,Temple of Sethraliss,10,1,1050.5,244327,0,311.0,2026-08-23,0,-1,1048.0,45.4,,
84102,21754,DeathKnight,Unholy,Unknown,DPS,EU,Temple of Sethraliss,10,1,1050.5,206981,0,306.0,2026-08-23,0,-1,1048.0,45.4,,
84102,84745,Warlock,Demonology,Unknown,DPS,EU,Temple of Sethraliss,10,1,1050.5,225017,0,301.0,2026-08-23,0,-1,1048.0,45.4,,
40729,86683,DeathKnight,Blood,Deathbringer,Tank,EU,Kings' Rest,11,1,1383.8,95108,0,299.0,2026-08-20,0,-1,1400.0,29.3,,
40729,86684,Priest,Discipline,Oracle,Healer,EU,Kings' Rest,11,1,1383.8,20433,1,303.0,2026-08-20,0,-1,1400.0,29.3,,
40729,60120,Mage,Arcane,Sunfury,DPS,EU,Kings' Rest,11,1,1383.8,159976,2,297.0,2026-08-20,0,-1,1400.0,29.3,,
40729,13201,Hunter,BeastMastery,Pack Leader,DPS,EU,Kings' Rest,11,1,1383.8,167209,1,297.0,2026-08-20,0,-1,1400.0,29.3,,
40729,86685,Druid,Balance,Elune's Chosen,DPS,EU,Kings' Rest,11,1,1383.8,150283,1,303.0,2026-08-20,0,-1,1400.0,29.3,,
86540,152398,DeathKnight,Blood,San'layn,Tank,EU,Den of Nalorakk,10,1,1161.0,111672,0,305.0,2026-08-23,0,-1,1152.0,40.0,4,
86540,50091,Shaman,Restoration,Totemic,Healer,EU,Den of Nalorakk,10,1,1161.0,35620,0,307.0,2026-08-23,0,-1,1152.0,40.0,2,
86540,59093,Mage,Arcane,Sunfury,DPS,EU,Den of Nalorakk,10,1,1161.0,200974,0,304.0,2026-08-23,0,-1,1152.0,40.0,2,
86540,152399,Evoker,Devastation,Scalecommander,DPS,EU,Den of Nalorakk,10,1,1161.0,177309,0,307.0,2026-08-23,0,-1,1152.0,40.0,,
86540,53644,Rogue,Subtlety,Deathstalker,DPS,EU,Den of Nalorakk,10,1,1161.0,194765,0,310.0,2026-08-23,0,-1,1152.0,40.0,,
55306,80532,DeathKnight,Blood,San'layn,Tank,EU,Ruby Life Pools,11,1,1158.8,137889,0,305.0,2026-08-23,0,-1,1150.0,31.5,,
55306,117318,Paladin,Holy,Herald of the Sun,Healer,EU,Ruby Life Pools,11,1,1158.8,32310,0,287.0,2026-08-23,0,-1,1150.0,31.5,,
55306,117319,Mage,Arcane,Sunfury,DPS,EU,Ruby Life Pools,11,1,1158.8,146370,0,285.0,2026-08-23,0,-1,1150.0,31.5,,
55306,104408,DemonHunter,Devourer,Void-Scarred,DPS,EU,Ruby Life Pools,11,1,1158.8,238313,0,310.0,2026-08-23,0,-1,1150.0,31.5,,
55306,42857,Mage,Arcane,Sunfury,DPS,EU,Ruby Life Pools,11,1,1158.8,301803,0,313.0,2026-08-23,0,-1,1150.0,31.5,,
7579,16095,Druid,Guardian,Elune's Chosen,Tank,EU,Temple of Sethraliss,10,1,1341.4,81322,0,294.0,2026-08-19,0,-1,1333.0,30.6,,
7579,16018,Paladin,Holy,Herald of the Sun,Healer,EU,Temple of Sethraliss,10,1,1341.4,26788,0,293.0,2026-08-19,0,-1,1333.0,30.6,,
7579,16096,Shaman,Enhancement,Stormbringer,DPS,EU,Temple of Sethraliss,10,1,1341.4,193610,0,296.0,2026-08-19,0,-1,1333.0,30.6,,
7579,16097,Warrior,Arms,Slayer,DPS,EU,Temple of Sethraliss,10,1,1341.4,170929,0,294.0,2026-08-19,0,-1,1333.0,30.6,,
7579,16098,Rogue,Outlaw,Trickster,DPS,EU,Temple of Sethraliss,10,1,1341.4,210134,0,293.0,2026-08-19,0,-1,1333.0,30.6,,
46547,23423,Druid,Guardian,Elune's Chosen,Tank,EU,Den of Nalorakk,11,1,1302.1,103394,1,295.0,2026-08-22,0,-1,1329.0,30.8,,
46547,13937,Paladin,Holy,Herald of the Sun,Healer,EU,Den of Nalorakk,11,1,1302.1,26135,2,306.0,2026-08-22,0,-1,1329.0,30.8,,2793
46547,20255,DeathKnight,Unholy,San'layn,DPS,EU,Den of Nalorakk,11,1,1302.1,212427,1,301.0,2026-08-22,0,-1,1329.0,30.8,,
46547,13935,Hunter,Marksmanship,Sentinel,DPS,EU,Den of Nalorakk,11,1,1302.1,231308,1,310.0,2026-08-22,0,-1,1329.0,30.8,,2788
46547,19805,Mage,Arcane,Sunfury,DPS,EU,Den of Nalorakk,11,1,1302.1,210808,2,308.0,2026-08-22,0,-1,1329.0,30.8,,
8830,16058,Warrior,Protection,Mountain Thane,Tank,EU,Murder Row,12,0,2095.7,120926,3,296.0,2026-08-19,0,-1,2313.0,-13.4,,
8830,16059,Druid,Restoration,Wildstalker,Healer,EU,Murder Row,12,0,2095.7,13144,3,301.0,2026-08-19,0,-1,2313.0,-13.4,,
8830,17776,Warrior,Arms,Slayer,DPS,EU,Murder Row,12,0,2095.7,166637,5,289.0,2026-08-19,0,-1,2313.0,-13.4,,
8830,16062,Hunter,BeastMastery,Pack Leader,DPS,EU,Murder Row,12,0,2095.7,167195,2,295.0,2026-08-19,0,-1,2313.0,-13.4,,
8830,16061,Monk,Windwalker,Shado-Pan,DPS,EU,Murder Row,12,0,2095.7,114385,7,297.0,2026-08-19,0,-1,2313.0,-13.4,,
13830,27759,Druid,Guardian,Elune's Chosen,Tank,US,Den of Nalorakk,6,1,1159.7,65234,0,295.0,2026-08-19,0,-1,1152.0,40.0,,
13830,27760,Paladin,Holy,Herald of the Sun,Healer,US,Den of Nalorakk,6,1,1159.7,11634,0,276.0,2026-08-19,0,-1,1152.0,40.0,,
13830,27761,Mage,Arcane,Sunfury,DPS,US,Den of Nalorakk,6,1,1159.7,117220,0,292.0,2026-08-19,0,-1,1152.0,40.0,,
13830,27762,Warlock,Demonology,Diabolist,DPS,US,Den of Nalorakk,6,1,1159.7,128543,0,293.0,2026-08-19,0,-1,1152.0,40.0,,
13830,27763,Evoker,Devastation,Scalecommander,DPS,US,Den of Nalorakk,6,1,1159.7,125667,0,294.0,2026-08-19,0,-1,1152.0,40.0,,
64509,19926,DeathKnight,Blood,San'layn,Tank,EU,Voidscar Arena,15,1,1560.3,141166,0,309.0,2026-08-21,0,-1,1597.0,11.3,,
64509,19927,Paladin,Holy,Herald of the Sun,Healer,EU,Voidscar Arena,15,1,1560.3,25788,1,308.0,2026-08-21,0,-1,1597.0,11.3,,
64509,43635,Warrior,Arms,Slayer,DPS,EU,Voidscar Arena,15,1,1560.3,216432,2,303.0,2026-08-21,0,-1,1597.0,11.3,,
64509,19930,Shaman,Elemental,Farseer,DPS,EU,Voidscar Arena,15,1,1560.3,213722,0,308.0,2026-08-21,0,-1,1597.0,11.3,,
64509,19928,Mage,Arcane,Sunfury,DPS,EU,Voidscar Arena,15,1,1560.3,209708,0,308.0,2026-08-21,0,-1,1597.0,11.3,,
60439,115173,Warrior,Protection,Unknown,Tank,EU,Altar of Fangs,10,1,1081.2,127994,0,295.0,2026-08-23,0,-1,1073.0,40.4,,
60439,114372,Paladin,Holy,Unknown,Healer,EU,Altar of Fangs,10,1,1081.2,31252,0,299.0,2026-08-23,0,-1,1073.0,40.4,,
60439,44029,Shaman,Elemental,Unknown,DPS,EU,Altar of Fangs,10,1,1081.2,275384,0,309.0,2026-08-23,0,-1,1073.0,40.4,,
60439,54450,Mage,Fire,Unknown,DPS,EU,Altar of Fangs,10,1,1081.2,259996,0,301.0,2026-08-23,0,-1,1073.0,40.4,,
60439,129432,Evoker,Devastation,Unknown,DPS,EU,Altar of Fangs,10,1,1081.2,277277,0,296.0,2026-08-23,0,-1,1073.0,40.4,,
44195,82824,Warrior,Protection,Mountain Thane,Tank,EU,Temple of Sethraliss,10,1,1098.2,152535,0,306.0,2026-08-22,0,-1,,,,
44195,92867,Priest,Holy,Oracle,Healer,EU,Temple of Sethraliss,10,1,1098.2,41992,0,306.0,2026-08-22,0,-1,,,,
44195,92868,Hunter,BeastMastery,Pack Leader,DPS,EU,Temple of Sethraliss,10,1,1098.2,224774,0,297.0,2026-08-22,0,-1,,,,
44195,82826,Warlock,Demonology,Diabolist,DPS,EU,Temple of Sethraliss,10,1,1098.2,234614,0,310.0,2026-08-22,0,-1,,,,
44195,82825,Evoker,Augmentation,Scalecommander,DPS,EU,Temple of Sethraliss,10,1,1098.2,159033,0,307.0,2026-08-22,0,-1,,,,
16537,27788,DeathKnight,Blood,San'layn,Tank,EU,The Blinding Vale,6,1,1003.6,103975,0,292.0,2026-08-19,0,-1,1006.0,44.1,,
16537,27789,Priest,Discipline,Voidweaver,Healer,EU,The Blinding Vale,6,1,1003.6,25539,0,295.0,2026-08-19,0,-1,1006.0,44.1,,
16537,36204,Paladin,Retribution,Templar,DPS,EU,The Blinding Vale,6,1,1003.6,171623,0,297.0,2026-08-19,0,-1,1006.0,44.1,,
16537,36205,Shaman,Elemental,Farseer,DPS,EU,The Blinding Vale,6,1,1003.6,162123,0,291.0,2026-08-19,0,-1,1006.0,44.1,,
16537,36206,Mage,Arcane,Sunfury,DPS,EU,The Blinding Vale,6,1,1003.6,151483,2,288.0,2026-08-19,0,-1,1006.0,44.1,,
54563,1099,DeathKnight,Blood,San'layn,Tank,US,Voidscar Arena,12,1,1371.4,86693,0,304.0,2026-08-22,0,-1,,,,3108
54563,115753,Paladin,Holy,Lightsmith,Healer,US,Voidscar Arena,12,1,1371.4,20889,1,303.0,2026-08-22,0,-1,,,,
54563,39109,Mage,Arcane,Sunfury,DPS,US,Voidscar Arena,12,1,1371.4,152031,1,290.0,2026-08-22,0,-1,,,,
54563,1102,Warrior,Arms,Slayer,DPS,US,Voidscar Arena,12,1,1371.4,208340,0,305.0,2026-08-22,0,-1,,,,3082
54563,1100,Shaman,Elemental,Farseer,DPS,US,Voidscar Arena,12,1,1371.4,228272,0,311.0,2026-08-22,0,-1,,,,3075
11908,23664,Warrior,Protection,Mountain Thane,Tank,EU,Ruby Life Pools,10,1,1178.0,112188,0,295.0,2026-08-19,0,-1,1170.0,30.4,,
11908,20344,Paladin,Holy,Lightsmith,Healer,EU,Ruby Life Pools,10,1,1178.0,43036,0,295.0,2026-08-19,0,-1,1170.0,30.4,,
11908,23665,Shaman,Elemental,Farseer,DPS,EU,Ruby Life Pools,10,1,1178.0,212556,0,295.0,2026-08-19,0,-1,1170.0,30.4,,
11908,20345,DeathKnight,Unholy,Rider of the Apocalypse,DPS,EU,Ruby Life Pools,10,1,1178.0,162538,0,290.0,2026-08-19,0,-1,1170.0,30.4,,
11908,20347,Rogue,Assassination,Deathstalker,DPS,EU,Ruby Life Pools,10,1,1178.0,194990,0,295.0,2026-08-19,0,-1,1170.0,30.4,,
64293,4329,DemonHunter,Vengeance,Annihilator,Tank,US,The Blinding Vale,15,1,1751.7,160722,0,311.0,2026-08-23,0,-1,1773.0,1.5,,3208
64293,4330,Shaman,Restoration,Totemic,Healer,US,The Blinding Vale,15,1,1751.7,31846,0,310.0,2026-08-23,0,-1,1773.0,1.5,,
64293,4332,Warrior,Arms,Slayer,DPS,US,The Blinding Vale,15,1,1751.7,224971,1,309.0,2026-08-23,0,-1,1773.0,1.5,,3208
64293,4331,Hunter,Marksmanship,Sentinel,DPS,US,The Blinding Vale,15,1,1751.7,241093,0,310.0,2026-08-23,0,-1,1773.0,1.5,,3158
64293,4333,Hunter,Survival,Sentinel,DPS,US,The Blinding Vale,15,1,1751.7,223686,1,315.0,2026-08-23,0,-1,1773.0,1.5,,
