subset,composition,runs,strength,avg_key,avg_pct_under,best_pct_under,median_pct_under,key_slope,ref_key,best_time_s,best_dungeon,best_key,best_date,median_time_s,avg_deaths_per_run,timed_pct
all,T:Protection Paladin | H:Restoration Shaman | D:Feral Druid | D:Outlaw Rogue | D:Arms Warrior,4,32.61,13.0,9.6,24.9,14.3,-15.883,10.57,1441.0,Temple of Sethraliss,12,2026-08-19,1614.0,7.75,0.0
all,T:Protection Paladin | H:Restoration Shaman | D:Feral Druid | D:Subtlety Rogue | D:Arms Warrior,4,24.83,12.2,15.9,34.0,13.4,-15.883,10.57,1108.0,Ruby Life Pools,11,2026-08-18,1608.0,3.0,0.0
all,T:Blood DeathKnight | H:Mistweaver Monk | D:Devourer DemonHunter | D:Survival Hunter | D:Elemental Shaman,4,18.85,12.0,10.4,16.5,9.3,-15.883,10.57,1703.0,Murder Row,12,2026-08-19,1694.0,5.75,0.0
all,T:Protection Warrior | H:Holy Paladin | D:Unholy DeathKnight | D:Arcane Mage | D:Windwalker Monk,11,18.63,11.4,15.3,32.2,15.7,-15.883,10.57,1383.0,Murder Row,10,2026-08-18,1517.0,4.64,0.0
all,T:Protection Paladin | H:Preservation Evoker | D:Havoc DemonHunter | D:Subtlety Rogue | D:Elemental Shaman,4,17.04,11.8,14.3,28.7,11.4,-15.883,10.57,1411.0,Kings' Rest,11,2026-08-18,1594.0,1.5,0.0
all,T:Blood DeathKnight | H:Discipline Priest | D:Devourer DemonHunter | D:Devastation Evoker | D:Subtlety Rogue,3,14.96,12.0,7.9,10.8,7.6,-15.883,10.57,1712.0,Den of Nalorakk,12,2026-08-19,1774.0,5.0,0.0
all,T:Blood DeathKnight | H:Restoration Shaman | D:Retribution Paladin | D:Subtlety Rogue | D:Arms Warrior,6,14.86,11.3,16.4,25.1,17.2,-15.883,10.57,1347.0,Altar of Fangs,11,2026-08-18,1518.0,3.67,0.0
all,T:Guardian Druid | H:Mistweaver Monk | D:Balance Druid | D:Arcane Mage | D:Subtlety Rogue,5,14.3,11.6,9.3,28.5,12.3,-15.883,10.57,1459.0,Murder Row,11,2026-08-18,1700.0,6.0,0.0
all,T:Brewmaster Monk | H:Holy Priest | D:Marksmanship Hunter | D:Arcane Mage | D:Arms Warrior,3,13.19,11.7,13.8,26.5,12.7,-15.883,10.57,1412.0,Den of Nalorakk,11,2026-08-18,1571.0,2.67,0.0
all,T:Blood DeathKnight | H:Holy Paladin | D:Frost DeathKnight | D:Devourer DemonHunter | D:BeastMastery Hunter,6,13.09,11.3,13.2,22.5,11.1,-15.883,10.57,1396.0,The Blinding Vale,11,2026-08-18,1651.0,5.0,0.0
all,T:Protection Paladin | H:Restoration Shaman | D:Unholy DeathKnight | D:Devourer DemonHunter | D:Arcane Mage,6,12.08,11.3,11.3,23.1,8.4,-15.883,10.57,1384.0,The Blinding Vale,10,2026-08-18,1696.0,5.0,0.0
all,T:Brewmaster Monk | H:Restoration Shaman | D:Marksmanship Hunter | D:Arcane Mage | D:Assassination Rogue,1,11.89,13.0,7.6,7.6,7.6,-15.883,10.57,1663.0,The Blinding Vale,13,2026-08-18,1663.0,7.0,0.0
all,T:Brewmaster Monk | H:Holy Paladin | D:Survival Hunter | D:Subtlety Rogue | D:Arms Warrior,2,11.31,12.0,7.6,13.2,7.6,-15.883,10.57,1562.0,The Blinding Vale,12,2026-08-19,1780.0,6.5,0.0
all,T:Blood DeathKnight | H:Mistweaver Monk | D:Devourer DemonHunter | D:Balance Druid | D:Balance Druid,3,11.3,12.0,-1.9,24.3,-4.0,-15.883,10.57,1544.0,Murder Row,11,2026-08-18,1872.0,16.33,0.0
all,T:Brewmaster Monk | H:Restoration Shaman | D:Feral Druid | D:BeastMastery Hunter | D:Arms Warrior,2,11.09,12.0,6.8,8.9,6.8,-15.883,10.57,1749.0,Temple of Sethraliss,12,2026-08-19,1818.0,1.0,0.0
all,T:Vengeance DemonHunter | H:Mistweaver Monk | D:Unholy DeathKnight | D:BeastMastery Hunter | D:Elemental Shaman,2,11.06,12.0,6.7,16.7,6.7,-15.883,10.57,1650.0,Kings' Rest,12,2026-08-18,1754.0,3.5,0.0
all,T:Protection Paladin | H:Restoration Shaman | D:Feral Druid | D:Arcane Mage | D:Outlaw Rogue,3,11.05,11.3,18.6,27.6,22.8,-15.883,10.57,1390.0,Temple of Sethraliss,11,2026-08-18,1390.0,1.0,0.0
all,T:Blood DeathKnight | H:Holy Paladin | D:Arcane Mage | D:Subtlety Rogue | D:Fury Warrior,4,10.89,11.2,16.3,25.7,19.2,-15.883,10.57,1426.0,Den of Nalorakk,11,2026-08-18,1550.0,3.75,0.0
all,T:Protection Warrior | H:Holy Paladin | D:Devourer DemonHunter | D:Arcane Mage | D:Shadow Priest,5,10.59,11.2,14.6,21.6,16.4,-15.883,10.57,1411.0,The Blinding Vale,11,2026-08-19,1559.0,3.4,0.0
all,T:Guardian Druid | H:Mistweaver Monk | D:Devourer DemonHunter | D:BeastMastery Hunter | D:Outlaw Rogue,1,10.43,13.0,-1.2,-1.2,-1.2,-15.883,10.57,1821.0,Voidscar Arena,13,2026-08-19,1821.0,8.0,0.0
all,T:Blood DeathKnight | H:Mistweaver Monk | D:Havoc DemonHunter | D:Balance Druid | D:BeastMastery Hunter,3,9.69,11.0,25.6,29.7,24.0,-15.883,10.57,1349.0,Den of Nalorakk,11,2026-08-18,1459.0,5.33,0.0
all,T:Protection Paladin | H:Holy Paladin | D:Balance Druid | D:Arcane Mage | D:Subtlety Rogue,3,9.19,11.0,24.3,26.6,23.8,-15.883,10.57,1453.0,Kings' Rest,11,2026-08-19,1509.0,1.67,0.0
all,T:Protection Warrior | H:Holy Paladin | D:Unholy DeathKnight | D:Windwalker Monk | D:Elemental Shaman,3,9.0,11.3,13.2,21.7,16.9,-15.883,10.57,1550.0,Kings' Rest,11,2026-08-19,1550.0,3.33,0.0
all,T:Protection Paladin | H:Restoration Shaman | D:Feral Druid | D:Windwalker Monk | D:Subtlety Rogue,5,8.78,11.2,11.0,30.0,3.3,-15.883,10.57,1387.0,Kings' Rest,10,2026-08-18,1625.0,2.0,0.0
all,T:Blood DeathKnight | H:Holy Paladin | D:Unholy DeathKnight | D:Devastation Evoker | D:Arms Warrior,10,8.76,10.8,19.3,32.8,25.6,-15.883,10.57,1290.0,Temple of Sethraliss,10,2026-08-18,1365.0,7.4,0.0
all,T:Brewmaster Monk | H:Restoration Shaman | D:Feral Druid | D:Retribution Paladin | D:Arms Warrior,2,8.75,11.5,14.5,24.3,14.5,-15.883,10.57,1545.0,Murder Row,10,2026-08-19,1688.0,2.0,0.0
all,T:Protection Paladin | H:Mistweaver Monk | D:Windwalker Monk | D:Assassination Rogue | D:Arms Warrior,1,8.65,12.0,19.9,19.9,19.9,-15.883,10.57,1634.0,Murder Row,12,2026-08-18,1634.0,2.0,0.0
all,T:Guardian Druid | H:Restoration Shaman | D:Marksmanship Hunter | D:Arms Warrior | D:Arms Warrior,5,8.64,11.2,10.7,23.2,13.0,-15.883,10.57,1382.0,Altar of Fangs,10,2026-08-18,1490.0,9.2,0.0
all,T:Blood DeathKnight | H:Restoration Shaman | D:Balance Druid | D:BeastMastery Hunter | D:Subtlety Rogue,5,8.63,10.6,29.7,35.2,28.4,-15.883,10.57,1089.0,Ruby Life Pools,10,2026-08-18,1361.0,3.4,0.0
all,T:Blood DeathKnight | H:Restoration Shaman | D:Feral Druid | D:Assassination Rogue | D:Fury Warrior,1,8.47,12.0,18.8,18.8,18.8,-15.883,10.57,1364.0,Ruby Life Pools,12,2026-08-19,1364.0,2.0,0.0
all,T:Protection Warrior | H:Discipline Priest | D:Devourer DemonHunter | D:Arcane Mage | D:Shadow Priest,3,8.33,11.0,22.0,22.7,21.8,-15.883,10.57,1531.0,Kings' Rest,11,2026-08-18,1415.0,5.33,0.0
all,T:Protection Paladin | H:Restoration Shaman | D:Augmentation Evoker | D:Arcane Mage | D:Arms Warrior,3,8.31,11.0,21.9,25.3,21.2,-15.883,10.57,1479.0,Kings' Rest,11,2026-08-18,1479.0,1.33,0.0
all,T:Vengeance DemonHunter | H:Holy Paladin | D:Arcane Mage | D:Arms Warrior | D:Arms Warrior,4,8.26,10.5,34.2,36.7,34.2,-15.883,10.57,1063.0,Ruby Life Pools,10,2026-08-18,1244.0,2.75,0.0
all,T:Protection Paladin | H:Mistweaver Monk | D:Arcane Mage | D:Arcane Mage | D:Arcane Mage,4,8.24,11.0,18.3,26.3,17.6,-15.883,10.57,1416.0,Den of Nalorakk,11,2026-08-19,1596.0,3.75,0.0
all,T:Protection Paladin | H:Restoration Shaman | D:Devourer DemonHunter | D:Subtlety Rogue | D:Arms Warrior,3,8.12,11.3,10.8,16.7,9.1,-15.883,10.57,1650.0,Kings' Rest,11,2026-08-19,1650.0,5.0,0.0
all,T:Protection Paladin | H:Preservation Evoker | D:Havoc DemonHunter | D:Elemental Shaman | D:Elemental Shaman,1,8.02,12.0,16.1,16.1,16.1,-15.883,10.57,1712.0,Murder Row,12,2026-08-18,1712.0,0.0,0.0
all,T:Blood DeathKnight | H:Restoration Shaman | D:Devourer DemonHunter | D:Arcane Mage | D:Demonology Warlock,4,8.01,11.5,1.9,17.3,11.7,-15.883,10.57,1638.0,Kings' Rest,10,2026-08-19,1644.0,9.5,0.0
all,T:Vengeance DemonHunter | H:Restoration Druid | D:Arcane Mage | D:Retribution Paladin | D:Demonology Warlock,3,8.0,11.0,21.1,29.7,19.1,-15.883,10.57,1393.0,Kings' Rest,11,2026-08-19,1539.0,2.33,0.0
all,T:Blood DeathKnight | H:Discipline Priest | D:BeastMastery Hunter | D:Arcane Mage | D:Arcane Mage,5,7.9,11.2,9.2,20.7,9.6,-15.883,10.57,1570.0,Kings' Rest,11,2026-08-18,1570.0,14.4,0.0
all,T:Blood DeathKnight | H:Restoration Shaman | D:Frost DeathKnight | D:Devourer DemonHunter | D:Subtlety Rogue,1,7.88,12.0,15.3,15.3,15.3,-15.883,10.57,1525.0,Voidscar Arena,12,2026-08-19,1525.0,3.0,0.0
all,T:Protection Warrior | H:Restoration Shaman | D:Havoc DemonHunter | D:BeastMastery Hunter | D:Shadow Priest,3,7.83,11.0,20.6,26.7,18.9,-15.883,10.57,1320.0,The Blinding Vale,10,2026-08-19,1363.0,1.67,0.0
all,T:Blood DeathKnight | H:Discipline Priest | D:Marksmanship Hunter | D:Windwalker Monk | D:Arms Warrior,3,7.83,11.3,10.1,15.6,13.0,-15.883,10.57,1519.0,Voidscar Arena,11,2026-08-18,1566.0,6.0,0.0
all,T:Guardian Druid | H:Holy Paladin | D:Devourer DemonHunter | D:Frost Mage | D:Shadow Priest,1,7.78,12.0,14.7,14.7,14.7,-15.883,10.57,1535.0,Voidscar Arena,12,2026-08-19,1535.0,3.0,0.0
all,T:Guardian Druid | H:Holy Priest | D:Devourer DemonHunter | D:Arcane Mage | D:Arcane Mage,1,7.77,12.0,14.6,14.6,14.6,-15.883,10.57,1435.0,Ruby Life Pools,12,2026-08-18,1435.0,3.0,0.0
all,T:Blood DeathKnight | H:Holy Paladin | D:Augmentation Evoker | D:Enhancement Shaman | D:Fury Warrior,1,7.73,12.0,14.4,14.4,14.4,-15.883,10.57,1644.0,Den of Nalorakk,12,2026-08-19,1644.0,2.0,0.0
all,T:Blood DeathKnight | H:Holy Paladin | D:Balance Druid | D:Devastation Evoker | D:Arcane Mage,4,7.73,11.0,17.2,24.3,17.2,-15.883,10.57,1545.0,Murder Row,11,2026-08-19,1556.0,3.5,0.0
all,T:Blood DeathKnight | H:Mistweaver Monk | D:BeastMastery Hunter | D:Arcane Mage | D:Shadow Priest,1,7.67,12.0,14.0,14.0,14.0,-15.883,10.57,1755.0,Murder Row,12,2026-08-18,1755.0,2.0,0.0
all,T:Protection Paladin | H:Restoration Shaman | D:Balance Druid | D:Arcane Mage | D:Arms Warrior,9,7.64,11.0,11.6,30.0,16.4,-15.883,10.57,1176.0,Ruby Life Pools,10,2026-08-18,1646.0,5.22,0.0
all,T:Protection Warrior | H:Mistweaver Monk | D:Arcane Mage | D:Subtlety Rogue | D:Enhancement Shaman,1,7.57,12.0,13.4,13.4,13.4,-15.883,10.57,1766.0,Murder Row,12,2026-08-19,1766.0,3.0,0.0
all,T:Protection Warrior | H:Mistweaver Monk | D:BeastMastery Hunter | D:Outlaw Rogue | D:Elemental Shaman,1,7.55,12.0,13.3,13.3,13.3,-15.883,10.57,1560.0,Voidscar Arena,12,2026-08-18,1560.0,8.0,0.0
all,T:Protection Paladin | H:Restoration Shaman | D:Feral Druid | D:Outlaw Rogue | D:Subtlety Rogue,1,7.53,13.0,-18.6,-18.6,-18.6,-15.883,10.57,2419.0,Murder Row,13,2026-08-18,2419.0,17.0,0.0
all,T:Vengeance DemonHunter | H:Mistweaver Monk | D:Unholy DeathKnight | D:Balance Druid | D:Subtlety Rogue,1,7.52,12.0,13.1,13.1,13.1,-15.883,10.57,1564.0,The Blinding Vale,12,2026-08-18,1564.0,0.0,0.0
all,T:Blood DeathKnight | H:Mistweaver Monk | D:Arcane Mage | D:Enhancement Shaman | D:Arms Warrior,2,7.36,11.5,9.6,17.5,9.6,-15.883,10.57,1584.0,Den of Nalorakk,11,2026-08-19,1676.0,3.5,0.0
all,T:Protection Paladin | H:Holy Paladin | D:Devourer DemonHunter | D:Marksmanship Hunter | D:Arms Warrior,11,7.34,10.5,27.8,37.7,27.7,-15.883,10.57,1121.0,Voidscar Arena,10,2026-08-18,1342.0,3.55,0.0
all,T:Blood DeathKnight | H:Holy Paladin | D:Unholy DeathKnight | D:Augmentation Evoker | D:Arms Warrior,1,7.32,12.0,11.9,11.9,11.9,-15.883,10.57,1585.0,The Blinding Vale,12,2026-08-18,1585.0,6.0,0.0
all,T:Blood DeathKnight | H:Mistweaver Monk | D:Devourer DemonHunter | D:Balance Druid | D:Arcane Mage,3,7.32,11.3,8.7,19.6,13.6,-15.883,10.57,1447.0,Altar of Fangs,11,2026-08-18,1710.0,6.0,0.0
all,T:Vengeance DemonHunter | H:Mistweaver Monk | D:Balance Druid | D:Survival Hunter | D:Elemental Shaman,1,7.2,12.0,11.2,11.2,11.2,-15.883,10.57,1704.0,Den of Nalorakk,12,2026-08-18,1704.0,2.0,0.0
all,T:Vengeance DemonHunter | H:Holy Priest | D:Unholy DeathKnight | D:Arcane Mage | D:Assassination Rogue,2,7.18,11.0,24.9,25.4,24.9,-15.883,10.57,1342.0,Voidscar Arena,11,2026-08-19,1352.0,6.5,0.0
all,T:Protection Paladin | H:Restoration Druid | D:Devourer DemonHunter | D:Arcane Mage | D:Arcane Mage,2,7.17,11.0,24.8,28.7,24.8,-15.883,10.57,1369.0,Den of Nalorakk,11,2026-08-19,1396.0,5.5,0.0
all,T:Blood DeathKnight | H:Holy Paladin | D:Retribution Paladin | D:Arms Warrior | D:Arms Warrior,11,7.09,10.4,30.3,38.7,30.7,-15.883,10.57,1104.0,Voidscar Arena,10,2026-08-19,1284.0,1.73,0.0
all,T:Blood DeathKnight | H:Mistweaver Monk | D:Unholy DeathKnight | D:Devourer DemonHunter | D:Elemental Shaman,1,7.03,12.0,10.2,10.2,10.2,-15.883,10.57,1725.0,Temple of Sethraliss,12,2026-08-18,1725.0,5.0,0.0
all,T:Blood DeathKnight | H:Mistweaver Monk | D:Devourer DemonHunter | D:Balance Druid | D:Outlaw Rogue,2,7.03,11.5,8.5,22.3,8.5,-15.883,10.57,1585.0,Murder Row,11,2026-08-18,1804.0,7.0,0.0
all,T:Blood DeathKnight | H:Holy Priest | D:Unholy DeathKnight | D:Arcane Mage | D:Elemental Shaman,1,7.02,12.0,10.1,10.1,10.1,-15.883,10.57,1511.0,Ruby Life Pools,12,2026-08-18,1511.0,1.0,0.0
all,T:Guardian Druid | H:Restoration Druid | D:Feral Druid | D:Shadow Priest | D:Arms Warrior,1,6.97,12.0,9.8,9.8,9.8,-15.883,10.57,1732.0,Temple of Sethraliss,12,2026-08-18,1732.0,3.0,0.0
all,T:Protection Warrior | H:Mistweaver Monk | D:Retribution Paladin | D:Outlaw Rogue | D:Elemental Shaman,1,6.95,12.0,9.7,9.7,9.7,-15.883,10.57,1843.0,Murder Row,12,2026-08-18,1843.0,9.0,0.0
all,T:Blood DeathKnight | H:Restoration Shaman | D:Frost DeathKnight | D:Arcane Mage | D:Arms Warrior,4,6.94,11.5,-0.5,12.7,2.2,-15.883,10.57,1677.0,Den of Nalorakk,11,2026-08-19,1877.0,8.0,0.0
all,T:Blood DeathKnight | H:Restoration Shaman | D:Feral Druid | D:Retribution Paladin | D:Arms Warrior,3,6.89,11.0,18.1,31.3,15.2,-15.883,10.57,1401.0,Murder Row,11,2026-08-18,1527.0,2.0,0.0
all,T:Vengeance DemonHunter | H:Mistweaver Monk | D:Arcane Mage | D:Retribution Paladin | D:Shadow Priest,3,6.88,11.3,7.5,15.7,11.6,-15.883,10.57,1518.0,The Blinding Vale,11,2026-08-19,1518.0,2.0,0.0
all,T:Blood DeathKnight | H:Holy Priest | D:Marksmanship Hunter | D:Windwalker Monk | D:Fury Warrior,1,6.87,12.0,9.2,9.2,9.2,-15.883,10.57,1744.0,Temple of Sethraliss,12,2026-08-18,1744.0,3.0,0.0
all,T:Protection Paladin | H:Restoration Shaman | D:Unholy DeathKnight | D:Havoc DemonHunter | D:Devastation Evoker,1,6.83,12.0,9.0,9.0,9.0,-15.883,10.57,1637.0,The Blinding Vale,12,2026-08-18,1637.0,3.0,0.0
all,T:Guardian Druid | H:Restoration Shaman | D:Unholy DeathKnight | D:Arcane Mage | D:Arms Warrior,5,6.82,10.8,19.8,26.1,21.2,-15.883,10.57,1419.0,Temple of Sethraliss,10,2026-08-19,1508.0,3.6,0.0
all,T:Blood DeathKnight | H:Holy Priest | D:Devourer DemonHunter | D:Devastation Evoker | D:Outlaw Rogue,2,6.8,11.0,23.6,25.5,23.6,-15.883,10.57,1252.0,Ruby Life Pools,11,2026-08-19,1284.0,2.5,0.0
all,T:Guardian Druid | H:Restoration Shaman | D:Feral Druid | D:Shadow Priest | D:Arms Warrior,1,6.78,12.0,8.7,8.7,8.7,-15.883,10.57,1644.0,Voidscar Arena,12,2026-08-18,1644.0,11.0,0.0
all,T:Blood DeathKnight | H:Holy Paladin | D:Retribution Paladin | D:Elemental Shaman | D:Arms Warrior,7,6.77,11.0,11.4,27.6,11.4,-15.883,10.57,1390.0,Den of Nalorakk,10,2026-08-19,1734.0,3.14,0.0
all,T:Vengeance DemonHunter | H:Holy Priest | D:BeastMastery Hunter | D:Arcane Mage | D:Demonology Warlock,1,6.75,12.0,8.5,8.5,8.5,-15.883,10.57,1647.0,The Blinding Vale,12,2026-08-18,1647.0,5.0,0.0
all,T:Blood DeathKnight | H:Holy Paladin | D:Survival Hunter | D:Elemental Shaman | D:Arms Warrior,1,6.7,12.0,8.2,8.2,8.2,-15.883,10.57,1542.0,Ruby Life Pools,12,2026-08-18,1542.0,3.0,0.0
all,T:Blood DeathKnight | H:Holy Paladin | D:Balance Druid | D:Devastation Evoker | D:Enhancement Shaman,1,6.7,12.0,8.2,8.2,8.2,-15.883,10.57,1652.0,Voidscar Arena,12,2026-08-19,1652.0,6.0,0.0
all,T:Blood DeathKnight | H:Preservation Evoker | D:Arcane Mage | D:Retribution Paladin | D:Shadow Priest,2,6.68,11.0,23.2,24.2,23.2,-15.883,10.57,1456.0,Temple of Sethraliss,11,2026-08-18,1382.0,4.5,0.0
all,T:Vengeance DemonHunter | H:Restoration Shaman | D:Arms Warrior | D:Arms Warrior | D:Arms Warrior,1,6.67,11.0,39.8,39.8,39.8,-15.883,10.57,1011.0,Ruby Life Pools,11,2026-08-18,1011.0,1.0,0.0
all,T:Guardian Druid | H:Mistweaver Monk | D:Devourer DemonHunter | D:Assassination Rogue | D:Elemental Shaman,1,6.63,12.0,7.8,7.8,7.8,-15.883,10.57,1660.0,The Blinding Vale,12,2026-08-19,1660.0,12.0,0.0
all,T:Guardian Druid | H:Restoration Shaman | D:Havoc DemonHunter | D:BeastMastery Hunter | D:Arcane Mage,1,6.62,12.0,7.7,7.7,7.7,-15.883,10.57,1884.0,Murder Row,12,2026-08-19,1884.0,0.0,0.0
all,T:Protection Warrior | H:Preservation Evoker | D:Survival Hunter | D:Enhancement Shaman | D:Affliction Warlock,1,6.6,12.0,7.6,7.6,7.6,-15.883,10.57,1773.0,Temple of Sethraliss,12,2026-08-18,1773.0,4.0,0.0
all,T:Brewmaster Monk | H:Restoration Shaman | D:Retribution Paladin | D:Subtlety Rogue | D:Arms Warrior,1,6.58,12.0,7.5,7.5,7.5,-15.883,10.57,1775.0,Den of Nalorakk,12,2026-08-18,1775.0,5.0,0.0
all,T:Protection Paladin | H:Holy Priest | D:Arcane Mage | D:Shadow Priest | D:Demonology Warlock,3,6.54,11.0,17.2,21.6,17.6,-15.883,10.57,1553.0,Kings' Rest,11,2026-08-18,1553.0,3.67,0.0
all,T:Protection Warrior | H:Mistweaver Monk | D:BeastMastery Hunter | D:Outlaw Rogue | D:Enhancement Shaman,1,6.52,12.0,7.1,7.1,7.1,-15.883,10.57,1783.0,Temple of Sethraliss,12,2026-08-18,1783.0,8.0,0.0
all,T:Blood DeathKnight | H:Mistweaver Monk | D:Havoc DemonHunter | D:Arcane Mage | D:Shadow Priest,5,6.49,11.2,6.4,29.6,11.9,-15.883,10.57,1183.0,Ruby Life Pools,11,2026-08-19,1586.0,13.2,0.0
all,T:Protection Paladin | H:Holy Priest | D:Devastation Evoker | D:Shadow Priest | D:Arms Warrior,8,6.48,10.8,18.2,33.5,18.2,-15.883,10.57,1197.0,Voidscar Arena,10,2026-08-18,1522.0,2.38,0.0
all,T:Blood DeathKnight | H:Discipline Priest | D:BeastMastery Hunter | D:Elemental Shaman | D:Arms Warrior,1,6.46,11.0,38.5,38.5,38.5,-15.883,10.57,1255.0,Murder Row,11,2026-08-19,1255.0,0.0,0.0
all,T:Guardian Druid | H:Preservation Evoker | D:Frost DeathKnight | D:BeastMastery Hunter | D:Arms Warrior,2,6.45,11.0,22.4,26.2,22.4,-15.883,10.57,1504.0,Murder Row,11,2026-08-18,1486.0,2.0,0.0
all,T:Blood DeathKnight | H:Restoration Shaman | D:Windwalker Monk | D:Outlaw Rogue | D:Arms Warrior,7,6.44,11.0,10.8,21.5,16.3,-15.883,10.57,1413.0,The Blinding Vale,10,2026-08-18,1592.0,7.86,0.0
all,T:Blood DeathKnight | H:Holy Priest | D:BeastMastery Hunter | D:Shadow Priest | D:Destruction Warlock,3,6.43,11.3,6.3,11.9,7.0,-15.883,10.57,1480.0,Ruby Life Pools,11,2026-08-18,1785.0,5.33,0.0
all,T:Guardian Druid | H:Restoration Shaman | D:Frost DeathKnight | D:Arcane Mage | D:Windwalker Monk,1,6.43,12.0,6.6,6.6,6.6,-15.883,10.57,1905.0,Murder Row,12,2026-08-18,1905.0,2.0,0.0
all,T:Protection Paladin | H:Restoration Shaman | D:Frost DeathKnight | D:Marksmanship Hunter | D:Fury Warrior,2,6.42,11.5,6.4,10.5,6.4,-15.883,10.57,1504.0,Ruby Life Pools,11,2026-08-18,1750.0,5.5,0.0
all,T:Guardian Druid | H:Holy Paladin | D:BeastMastery Hunter | D:Affliction Warlock | D:Fury Warrior,1,6.35,12.0,6.1,6.1,6.1,-15.883,10.57,1802.0,Den of Nalorakk,12,2026-08-18,1802.0,1.0,0.0
all,T:Protection Paladin | H:Holy Priest | D:Arcane Mage | D:Demonology Warlock | D:Arms Warrior,2,6.32,11.0,21.9,29.9,21.9,-15.883,10.57,1346.0,Temple of Sethraliss,11,2026-08-18,1448.0,3.0,0.0
all,T:Blood DeathKnight | H:Preservation Evoker | D:Balance Druid | D:Windwalker Monk | D:Arms Warrior,2,6.32,11.5,6.0,15.8,6.0,-15.883,10.57,1516.0,The Blinding Vale,11,2026-08-18,1754.0,8.0,0.0
all,T:Blood DeathKnight | H:Holy Paladin | D:BeastMastery Hunter | D:Subtlety Rogue | D:Arms Warrior,1,6.3,12.0,5.8,5.8,5.8,-15.883,10.57,1582.0,Ruby Life Pools,12,2026-08-18,1582.0,7.0,0.0
all,T:Blood DeathKnight | H:Holy Paladin | D:BeastMastery Hunter | D:Assassination Rogue | D:Elemental Shaman,1,6.3,12.0,5.8,5.8,5.8,-15.883,10.57,1809.0,Temple of Sethraliss,12,2026-08-19,1809.0,5.0,0.0
all,T:Protection Paladin | H:Restoration Druid | D:Marksmanship Hunter | D:Arcane Mage | D:Enhancement Shaman,5,6.27,10.8,18.7,24.3,20.9,-15.883,10.57,1544.0,Murder Row,10,2026-08-18,1535.0,4.4,0.0
all,T:Protection Paladin | H:Restoration Shaman | D:Windwalker Monk | D:Assassination Rogue | D:Arms Warrior,2,6.27,11.0,21.7,24.0,21.7,-15.883,10.57,1369.0,Voidscar Arena,11,2026-08-18,1410.0,2.0,0.0
all,T:Brewmaster Monk | H:Restoration Shaman | D:Shadow Priest | D:Outlaw Rogue | D:Arms Warrior,1,6.27,11.0,37.4,37.4,37.4,-15.883,10.57,1052.0,Ruby Life Pools,11,2026-08-19,1052.0,2.0,0.0
all,T:Blood DeathKnight | H:Holy Paladin | D:Devourer DemonHunter | D:Frost Mage | D:Shadow Priest,1,6.25,12.0,5.5,5.5,5.5,-15.883,10.57,1702.0,The Blinding Vale,12,2026-08-18,1702.0,3.0,0.0
all,T:Guardian Druid | H:Discipline Priest | D:Outlaw Rogue | D:Elemental Shaman | D:Destruction Warlock,3,6.25,11.0,16.4,28.8,21.9,-15.883,10.57,1453.0,Murder Row,10,2026-08-18,1546.0,3.0,0.0
all,T:Blood DeathKnight | H:Holy Paladin | D:Devourer DemonHunter | D:Marksmanship Hunter | D:Arcane Mage,2,6.23,11.5,5.7,15.6,5.7,-15.883,10.57,1621.0,Den of Nalorakk,11,2026-08-19,1811.0,6.0,0.0
all,T:Blood DeathKnight | H:Restoration Shaman | D:BeastMastery Hunter | D:Arcane Mage | D:Elemental Shaman,3,6.23,11.0,16.4,22.1,19.7,-15.883,10.57,1495.0,Temple of Sethraliss,11,2026-08-18,1637.0,6.67,0.0
all,T:Blood DeathKnight | H:Holy Paladin | D:Devastation Evoker | D:Marksmanship Hunter | D:Arms Warrior,15,6.21,10.3,29.2,41.4,31.4,-15.883,10.57,1195.0,Murder Row,10,2026-08-19,1285.0,3.67,0.0
all,T:Protection Paladin | H:Restoration Shaman | D:Devourer DemonHunter | D:Arcane Mage | D:Arms Warrior,5,6.2,10.8,18.5,35.7,20.4,-15.883,10.57,1273.0,Kings' Rest,11,2026-08-19,1487.0,6.0,0.0
all,T:Guardian Druid | H:Mistweaver Monk | D:Unholy DeathKnight | D:Havoc DemonHunter | D:Demonology Warlock,1,6.15,12.0,4.9,4.9,4.9,-15.883,10.57,1712.0,The Blinding Vale,12,2026-08-19,1712.0,1.0,0.0
all,T:Protection Paladin | H:Mistweaver Monk | D:Unholy DeathKnight | D:Outlaw Rogue | D:Arms Warrior,1,6.14,11.0,36.6,36.6,36.6,-15.883,10.57,1141.0,The Blinding Vale,11,2026-08-18,1141.0,1.0,0.0
all,T:Guardian Druid | H:Restoration Shaman | D:Marksmanship Hunter | D:Arcane Mage | D:Subtlety Rogue,1,6.13,12.0,4.8,4.8,4.8,-15.883,10.57,1828.0,Den of Nalorakk,12,2026-08-18,1828.0,14.0,0.0
all,T:Guardian Druid | H:Mistweaver Monk | D:Assassination Rogue | D:Elemental Shaman | D:Fury Warrior,1,6.12,12.0,4.7,4.7,4.7,-15.883,10.57,1715.0,Altar of Fangs,12,2026-08-19,1715.0,11.0,0.0
all,T:Protection Paladin | H:Discipline Priest | D:Arcane Mage | D:Windwalker Monk | D:Arms Warrior,4,6.12,10.8,21.5,26.0,21.2,-15.883,10.57,1465.0,Kings' Rest,11,2026-08-18,1474.0,6.5,0.0
all,T:Brewmaster Monk | H:Restoration Shaman | D:Balance Druid | D:Elemental Shaman | D:Destruction Warlock,4,6.1,11.0,13.5,20.7,17.4,-15.883,10.57,1428.0,The Blinding Vale,11,2026-08-19,1488.0,6.0,0.0
all,T:Blood DeathKnight | H:Restoration Shaman | D:Devourer DemonHunter | D:Retribution Paladin | D:Enhancement Shaman,3,6.1,11.0,16.0,19.0,15.2,-15.883,10.57,1458.0,Voidscar Arena,11,2026-08-19,1526.0,1.33,0.0
all,T:Protection Warrior | H:Mistweaver Monk | D:BeastMastery Hunter | D:BeastMastery Hunter | D:Outlaw Rogue,1,6.1,12.0,4.6,4.6,4.6,-15.883,10.57,1718.0,The Blinding Vale,12,2026-08-18,1718.0,5.0,0.0
all,T:Blood DeathKnight | H:Restoration Druid | D:Devourer DemonHunter | D:Augmentation Evoker | D:Arms Warrior,1,6.08,12.0,4.5,4.5,4.5,-15.883,10.57,1718.0,Voidscar Arena,12,2026-08-19,1718.0,3.0,0.0
all,T:Blood DeathKnight | H:Restoration Shaman | D:Devourer DemonHunter | D:Windwalker Monk | D:Arms Warrior,3,6.07,11.3,5.4,24.0,8.3,-15.883,10.57,1368.0,Altar of Fangs,11,2026-08-19,1651.0,12.67,0.0
all,T:Guardian Druid | H:Restoration Shaman | D:Devourer DemonHunter | D:Retribution Paladin | D:Fury Warrior,1,6.05,12.0,4.3,4.3,4.3,-15.883,10.57,1723.0,The Blinding Vale,12,2026-08-18,1723.0,5.0,0.0
all,T:Blood DeathKnight | H:Restoration Shaman | D:Devastation Evoker | D:Arcane Mage | D:Subtlety Rogue,2,6.03,11.5,5.0,6.2,5.0,-15.883,10.57,1801.0,Den of Nalorakk,11,2026-08-18,1766.0,4.5,0.0
all,T:Protection Warrior | H:Discipline Priest | D:Balance Druid | D:Arcane Mage | D:Demonology Warlock,1,6.02,11.0,35.9,35.9,35.9,-15.883,10.57,1308.0,Murder Row,11,2026-08-19,1308.0,1.0,0.0
all,T:Guardian Druid | H:Holy Paladin | D:Windwalker Monk | D:Subtlety Rogue | D:Arms Warrior,2,6.02,11.0,20.8,24.4,20.8,-15.883,10.57,1361.0,Voidscar Arena,11,2026-08-18,1425.0,6.5,0.0
all,T:Guardian Druid | H:Holy Paladin | D:Frost DeathKnight | D:Elemental Shaman | D:Arms Warrior,1,6.0,12.0,4.0,4.0,4.0,-15.883,10.57,1613.0,Ruby Life Pools,12,2026-08-19,1613.0,3.0,0.0
all,T:Protection Warrior | H:Holy Paladin | D:Arcane Mage | D:Elemental Shaman | D:Arms Warrior,2,5.96,11.5,4.7,16.4,4.7,-15.883,10.57,1705.0,Murder Row,11,2026-08-18,1750.0,2.5,0.0
all,T:Blood DeathKnight | H:Holy Paladin | D:Devourer DemonHunter | D:Augmentation Evoker | D:BeastMastery Hunter,1,5.92,12.0,3.5,3.5,3.5,-15.883,10.57,1968.0,Murder Row,12,2026-08-19,1968.0,1.0,0.0
all,T:Blood DeathKnight | H:Holy Paladin | D:Balance Druid | D:Arcane Mage | D:Arcane Mage,6,5.92,10.7,21.2,36.0,21.4,-15.883,10.57,1228.0,Temple of Sethraliss,10,2026-08-18,1369.0,3.17,0.0
all,T:Vengeance DemonHunter | H:Restoration Shaman | D:Devourer DemonHunter | D:Balance Druid | D:Elemental Shaman,2,5.89,11.5,4.5,13.7,4.5,-15.883,10.57,1657.0,Temple of Sethraliss,11,2026-08-18,1771.0,4.0,0.0
all,T:Blood DeathKnight | H:Discipline Priest | D:BeastMastery Hunter | D:Windwalker Monk | D:Arms Warrior,5,5.89,10.4,30.6,38.4,37.3,-15.883,10.57,1219.0,Kings' Rest,10,2026-08-18,1241.0,3.6,0.0
all,T:Vengeance DemonHunter | H:Mistweaver Monk | D:Marksmanship Hunter | D:Retribution Paladin | D:Subtlety Rogue,1,5.88,12.0,3.3,3.3,3.3,-15.883,10.57,1973.0,Murder Row,12,2026-08-19,1973.0,7.0,0.0
all,T:Blood DeathKnight | H:Restoration Shaman | D:Unholy DeathKnight | D:Unholy DeathKnight | D:Arms Warrior,3,5.87,10.7,26.0,29.8,24.8,-15.883,10.57,1349.0,Temple of Sethraliss,11,2026-08-19,1353.0,5.67,0.0
all,T:Protection Paladin | H:Holy Paladin | D:Unholy DeathKnight | D:Balance Druid | D:Enhancement Shaman,1,5.85,12.0,3.1,3.1,3.1,-15.883,10.57,1920.0,Kings' Rest,12,2026-08-18,1920.0,4.0,0.0
all,T:Vengeance DemonHunter | H:Restoration Shaman | D:Arcane Mage | D:Shadow Priest | D:Destruction Warlock,2,5.74,11.0,19.8,21.4,19.8,-15.883,10.57,1556.0,Kings' Rest,11,2026-08-19,1514.0,1.0,0.0
all,T:Blood DeathKnight | H:Mistweaver Monk | D:Feral Druid | D:Outlaw Rogue | D:Enhancement Shaman,1,5.72,12.0,2.3,2.3,2.3,-15.883,10.57,1934.0,Kings' Rest,12,2026-08-19,1934.0,2.0,0.0
all,T:Guardian Druid | H:Restoration Shaman | D:Arcane Mage | D:Retribution Paladin | D:Elemental Shaman,5,5.69,10.8,17.5,23.4,19.2,-15.883,10.57,1470.0,Temple of Sethraliss,11,2026-08-18,1648.0,7.4,0.0
all,T:Blood DeathKnight | H:Holy Priest | D:Unholy DeathKnight | D:Devastation Evoker | D:Arcane Mage,2,5.67,11.0,19.6,33.0,19.6,-15.883,10.57,1125.0,Ruby Life Pools,10,2026-08-18,1463.0,3.0,0.0
all,T:Blood DeathKnight | H:Holy Paladin | D:Balance Druid | D:Arcane Mage | D:Arms Warrior,6,5.66,11.0,10.1,38.7,9.0,-15.883,10.57,1030.0,Ruby Life Pools,10,2026-08-18,1774.0,8.67,0.0
all,T:Blood DeathKnight | H:Mistweaver Monk | D:Retribution Paladin | D:Elemental Shaman | D:Arms Warrior,1,5.62,12.0,1.7,1.7,1.7,-15.883,10.57,1651.0,Ruby Life Pools,12,2026-08-19,1651.0,8.0,0.0
all,T:Protection Warrior | H:Restoration Druid | D:Unholy DeathKnight | D:Devourer DemonHunter | D:Marksmanship Hunter,1,5.62,12.0,1.7,1.7,1.7,-15.883,10.57,1946.0,Kings' Rest,12,2026-08-19,1946.0,6.0,0.0
all,T:Protection Warrior | H:Holy Paladin | D:BeastMastery Hunter | D:Arcane Mage | D:Arms Warrior,2,5.61,11.0,19.4,19.8,19.4,-15.883,10.57,1637.0,Murder Row,11,2026-08-18,1548.0,3.0,0.0
all,T:Protection Paladin | H:Preservation Evoker | D:Devourer DemonHunter | D:BeastMastery Hunter | D:Frost Mage,2,5.61,11.0,19.4,22.1,19.4,-15.883,10.57,1542.0,Kings' Rest,11,2026-08-19,1620.0,3.5,0.0
all,T:Blood DeathKnight | H:Holy Paladin | D:BeastMastery Hunter | D:Arms Warrior | D:Arms Warrior,3,5.6,11.0,14.7,24.7,24.3,-15.883,10.57,1446.0,Temple of Sethraliss,11,2026-08-18,1454.0,8.0,0.0
all,T:Blood DeathKnight | H:Restoration Shaman | D:Havoc DemonHunter | D:Arcane Mage | D:Demonology Warlock,1,5.6,12.0,1.6,1.6,1.6,-15.883,10.57,1890.0,Den of Nalorakk,12,2026-08-18,1890.0,2.0,0.0
all,T:Blood DeathKnight | H:Holy Paladin | D:Unholy DeathKnight | D:BeastMastery Hunter | D:Arms Warrior,1,5.6,12.0,1.6,1.6,1.6,-15.883,10.57,1890.0,Den of Nalorakk,12,2026-08-19,1890.0,3.0,0.0
all,T:Protection Paladin | H:Mistweaver Monk | D:Retribution Paladin | D:Elemental Shaman | D:Arms Warrior,1,5.58,12.0,1.5,1.5,1.5,-15.883,10.57,1891.0,Temple of Sethraliss,12,2026-08-18,1891.0,6.0,0.0
all,T:Blood DeathKnight | H:Restoration Shaman | D:Unholy DeathKnight | D:Arcane Mage | D:Arms Warrior,6,5.57,11.0,10.0,26.2,10.1,-15.883,10.57,1505.0,Murder Row,10,2026-08-19,1618.0,5.17,0.0
all,T:Vengeance DemonHunter | H:Holy Paladin | D:Devourer DemonHunter | D:Subtlety Rogue | D:Elemental Shaman,1,5.57,11.0,33.2,33.2,33.2,-15.883,10.57,1323.0,Kings' Rest,11,2026-08-18,1323.0,1.0,0.0
all,T:Vengeance DemonHunter | H:Holy Paladin | D:Frost DeathKnight | D:Arcane Mage | D:Arms Warrior,1,5.55,12.0,1.3,1.3,1.3,-15.883,10.57,1955.0,Kings' Rest,12,2026-08-19,1955.0,8.0,0.0
all,T:Vengeance DemonHunter | H:Preservation Evoker | D:Balance Druid | D:Arcane Mage | D:Subtlety Rogue,1,5.55,12.0,1.3,1.3,1.3,-15.883,10.57,1896.0,Temple of Sethraliss,12,2026-08-19,1896.0,10.0,0.0
all,T:Blood DeathKnight | H:Restoration Shaman | D:Unholy DeathKnight | D:Devourer DemonHunter | D:Arcane Mage,8,5.54,11.0,8.8,25.3,16.4,-15.883,10.57,1344.0,Voidscar Arena,10,2026-08-18,1584.0,9.0,0.0
all,T:Guardian Druid | H:Holy Paladin | D:Survival Hunter | D:Shadow Priest | D:Enhancement Shaman,4,5.53,10.8,20.2,25.3,23.1,-15.883,10.57,1479.0,Kings' Rest,11,2026-08-18,1542.0,3.25,0.0
all,T:Protection Paladin | H:Holy Priest | D:Devourer DemonHunter | D:Balance Druid | D:Devastation Evoker,1,5.52,12.0,1.1,1.1,1.1,-15.883,10.57,1780.0,Voidscar Arena,12,2026-08-18,1780.0,8.0,0.0
all,T:Brewmaster Monk | H:Restoration Shaman | D:Devourer DemonHunter | D:Shadow Priest | D:Outlaw Rogue,1,5.52,11.0,32.9,32.9,32.9,-15.883,10.57,1289.0,Temple of Sethraliss,11,2026-08-18,1289.0,2.0,0.0
all,T:Protection Warrior | H:Restoration Shaman | D:Balance Druid | D:Shadow Priest | D:Demonology Warlock,4,5.51,10.8,20.1,26.6,19.8,-15.883,10.57,1453.0,Kings' Rest,11,2026-08-18,1488.0,3.75,0.0
all,T:Blood DeathKnight | H:Mistweaver Monk | D:Unholy DeathKnight | D:Devourer DemonHunter | D:Arcane Mage,1,5.5,12.0,1.0,1.0,1.0,-15.883,10.57,2020.0,Murder Row,12,2026-08-19,2020.0,8.0,0.0
all,T:Guardian Druid | H:Restoration Shaman | D:Devourer DemonHunter | D:Arcane Mage | D:Retribution Paladin,4,5.46,11.0,12.0,18.8,11.0,-15.883,10.57,1658.0,Murder Row,11,2026-08-19,1728.0,5.25,0.0
all,T:Blood DeathKnight | H:Holy Priest | D:Unholy DeathKnight | D:Outlaw Rogue | D:Arms Warrior,1,5.44,11.0,32.4,32.4,32.4,-15.883,10.57,1338.0,Kings' Rest,11,2026-08-18,1338.0,5.0,0.0
all,T:Protection Paladin | H:Restoration Druid | D:Unholy DeathKnight | D:BeastMastery Hunter | D:Enhancement Shaman,3,5.44,11.0,14.3,15.2,14.0,-15.883,10.57,1629.0,Temple of Sethraliss,11,2026-08-18,1629.0,6.67,0.0
all,T:Protection Paladin | H:Discipline Priest | D:Arcane Mage | D:Affliction Warlock | D:Arms Warrior,4,5.43,10.8,19.9,29.3,17.4,-15.883,10.57,1188.0,Ruby Life Pools,10,2026-08-18,1461.0,5.0,0.0
all,T:Blood DeathKnight | H:Restoration Shaman | D:Shadow Priest | D:Elemental Shaman | D:Arms Warrior,5,5.42,10.8,17.0,32.5,25.8,-15.883,10.57,1296.0,Temple of Sethraliss,10,2026-08-18,1454.0,7.0,0.0
all,T:Brewmaster Monk | H:Restoration Shaman | D:Unholy DeathKnight | D:Subtlety Rogue | D:Arms Warrior,4,5.42,10.8,19.9,39.0,16.8,-15.883,10.57,1244.0,Murder Row,10,2026-08-18,1520.0,3.0,0.0
all,T:Protection Paladin | H:Holy Priest | D:Devourer DemonHunter | D:Havoc DemonHunter | D:Arcane Mage,2,5.41,11.5,2.8,11.1,2.8,-15.883,10.57,1601.0,The Blinding Vale,11,2026-08-18,1844.0,3.0,0.0
all,T:Guardian Druid | H:Restoration Shaman | D:Havoc DemonHunter | D:Balance Druid | D:Arcane Mage,1,5.41,11.0,32.2,32.2,32.2,-15.883,10.57,1302.0,Temple of Sethraliss,11,2026-08-19,1302.0,1.0,0.0
all,T:Protection Paladin | H:Mistweaver Monk | D:Devastation Evoker | D:BeastMastery Hunter | D:Windwalker Monk,1,5.4,12.0,0.4,0.4,0.4,-15.883,10.57,1912.0,Temple of Sethraliss,12,2026-08-18,1912.0,2.0,0.0
all,T:Blood DeathKnight | H:Preservation Evoker | D:Shadow Priest | D:Elemental Shaman | D:Destruction Warlock,2,5.38,11.0,18.6,18.6,18.6,-15.883,10.57,1465.0,The Blinding Vale,11,2026-08-19,1563.0,4.5,0.0
all,T:Protection Warrior | H:Restoration Shaman | D:Marksmanship Hunter | D:Retribution Paladin | D:Demonology Warlock,4,5.38,11.0,11.9,21.1,11.4,-15.883,10.57,1420.0,Voidscar Arena,11,2026-08-19,1650.0,10.25,0.0
all,T:Guardian Druid | H:Holy Paladin | D:Marksmanship Hunter | D:Destruction Warlock | D:Fury Warrior,1,5.35,12.0,0.1,0.1,0.1,-15.883,10.57,1799.0,The Blinding Vale,12,2026-08-19,1799.0,5.0,0.0
all,T:Vengeance DemonHunter | H:Holy Paladin | D:Devourer DemonHunter | D:Arcane Mage | D:Arms Warrior,3,5.35,10.3,35.2,42.3,35.0,-15.883,10.57,1177.0,Murder Row,10,2026-08-18,1326.0,2.33,0.0
all,T:Blood DeathKnight | H:Restoration Shaman | D:Unholy DeathKnight | D:Devourer DemonHunter | D:Subtlety Rogue,2,5.35,11.0,18.5,24.9,18.5,-15.883,10.57,1443.0,Temple of Sethraliss,11,2026-08-18,1460.0,6.5,0.0
all,T:Vengeance DemonHunter | H:Holy Priest | D:Arcane Mage | D:Shadow Priest | D:Assassination Rogue,6,5.35,11.0,9.6,22.9,13.0,-15.883,10.57,1572.0,Murder Row,11,2026-08-19,1628.0,5.83,0.0
all,T:Protection Paladin | H:Restoration Shaman | D:Outlaw Rogue | D:Arms Warrior | D:Arms Warrior,3,5.34,11.0,14.0,17.3,17.2,-15.883,10.57,1488.0,The Blinding Vale,11,2026-08-18,1666.0,6.33,0.0
all,T:Protection Paladin | H:Restoration Shaman | D:Unholy DeathKnight | D:Devourer DemonHunter | D:Retribution Paladin,2,5.34,11.0,18.4,19.5,18.4,-15.883,10.57,1449.0,Voidscar Arena,11,2026-08-19,1518.0,2.5,0.0
all,T:Blood DeathKnight | H:Restoration Shaman | D:Augmentation Evoker | D:Retribution Paladin | D:Arms Warrior,1,5.33,12.0,0.0,-0.0,-0.0,-15.883,10.57,1800.0,The Blinding Vale,12,2026-08-19,1800.0,7.0,0.0
all,T:Guardian Druid | H:Restoration Shaman | D:Arcane Mage | D:Shadow Priest | D:Arms Warrior,2,5.32,11.0,18.4,29.2,18.4,-15.883,10.57,1444.0,Murder Row,11,2026-08-19,1609.0,6.0,0.0
all,T:Vengeance DemonHunter | H:Holy Paladin | D:Fire Mage | D:Arms Warrior | D:Arms Warrior,1,5.32,11.0,31.7,31.7,31.7,-15.883,10.57,1230.0,The Blinding Vale,11,2026-08-18,1230.0,4.0,0.0
all,T:Blood DeathKnight | H:Holy Priest | D:Unholy DeathKnight | D:Devourer DemonHunter | D:Enhancement Shaman,2,5.3,11.0,18.3,34.5,18.3,-15.883,10.57,1258.0,Temple of Sethraliss,11,2026-08-19,1452.0,3.5,0.0
all,T:Blood DeathKnight | H:Restoration Shaman | D:Devastation Evoker | D:Arcane Mage | D:Arms Warrior,2,5.28,11.0,18.2,20.0,18.2,-15.883,10.57,1440.0,Altar of Fangs,11,2026-08-19,1422.0,3.0,0.0
all,T:Blood DeathKnight | H:Restoration Shaman | D:Augmentation Evoker | D:Retribution Paladin | D:Outlaw Rogue,2,5.28,11.5,2.4,3.7,2.4,-15.883,10.57,1906.0,Kings' Rest,12,2026-08-19,1844.0,6.5,0.0
all,T:Blood DeathKnight | H:Preservation Evoker | D:Augmentation Evoker | D:Survival Hunter | D:Elemental Shaman,1,5.28,12.0,-0.3,-0.3,-0.3,-15.883,10.57,1685.0,Ruby Life Pools,12,2026-08-19,1685.0,6.0,0.0
all,T:Blood DeathKnight | H:Holy Priest | D:Unholy DeathKnight | D:Marksmanship Hunter | D:Outlaw Rogue,1,5.26,11.0,31.3,31.3,31.3,-15.883,10.57,1154.0,Ruby Life Pools,11,2026-08-18,1154.0,1.0,0.0
all,T:Brewmaster Monk | H:Discipline Priest | D:Devastation Evoker | D:Outlaw Rogue | D:Demonology Warlock,2,5.22,11.5,2.2,6.7,2.2,-15.883,10.57,1904.0,Murder Row,11,2026-08-19,1935.0,7.5,0.0
all,T:Blood DeathKnight | H:Preservation Evoker | D:Outlaw Rogue | D:Elemental Shaman | D:Arms Warrior,3,5.2,11.3,3.0,6.5,3.3,-15.883,10.57,1851.0,Kings' Rest,11,2026-08-18,1851.0,11.33,0.0
all,T:Guardian Druid | H:Restoration Shaman | D:Devourer DemonHunter | D:BeastMastery Hunter | D:Retribution Paladin,2,5.18,11.0,17.9,31.0,17.9,-15.883,10.57,1324.0,Temple of Sethraliss,11,2026-08-18,1462.0,2.0,0.0
all,T:Guardian Druid | H:Holy Paladin | D:Arcane Mage | D:Frost Mage | D:Arms Warrior,1,5.17,11.0,30.8,30.8,30.8,-15.883,10.57,1162.0,Ruby Life Pools,11,2026-08-19,1162.0,0.0,0.0
all,T:Blood DeathKnight | H:Mistweaver Monk | D:Devourer DemonHunter | D:Elemental Shaman | D:Demonology Warlock,1,5.16,11.0,30.7,30.7,30.7,-15.883,10.57,1247.0,The Blinding Vale,11,2026-08-18,1247.0,2.0,0.0
all,T:Blood DeathKnight | H:Restoration Shaman | D:Frost DeathKnight | D:Unholy DeathKnight | D:Arms Warrior,2,5.15,11.0,17.8,31.9,17.8,-15.883,10.57,1144.0,Ruby Life Pools,10,2026-08-18,1526.0,4.0,0.0
all,T:Blood DeathKnight | H:Holy Paladin | D:Devourer DemonHunter | D:Devastation Evoker | D:Shadow Priest,1,5.1,12.0,-1.4,-1.4,-1.4,-15.883,10.57,1825.0,Altar of Fangs,12,2026-08-19,1825.0,8.0,0.0
all,T:Blood DeathKnight | H:Holy Paladin | D:Marksmanship Hunter | D:Demonology Warlock | D:Arms Warrior,2,5.09,11.5,1.7,2.2,1.7,-15.883,10.57,1642.0,Ruby Life Pools,12,2026-08-19,1828.0,7.0,0.0
all,T:Blood DeathKnight | H:Holy Paladin | D:Balance Druid | D:Arcane Mage | D:Demonology Warlock,2,5.07,11.0,17.5,26.2,17.5,-15.883,10.57,1461.0,Kings' Rest,11,2026-08-19,1660.0,7.5,0.0
all,T:Blood DeathKnight | H:Preservation Evoker | D:Devourer DemonHunter | D:Shadow Priest | D:Demonology Warlock,2,5.07,11.0,17.5,25.5,17.5,-15.883,10.57,1252.0,Ruby Life Pools,11,2026-08-18,1440.0,8.5,0.0
all,T:Blood DeathKnight | H:Mistweaver Monk | D:Devourer DemonHunter | D:Balance Druid | D:BeastMastery Hunter,2,5.07,11.0,17.5,30.4,17.5,-15.883,10.57,1420.0,Murder Row,11,2026-08-18,1655.0,5.0,0.0
all,T:Protection Warrior | H:Holy Priest | D:Devourer DemonHunter | D:Marksmanship Hunter | D:Windwalker Monk,1,5.05,12.0,-1.7,-1.7,-1.7,-15.883,10.57,1831.0,Altar of Fangs,12,2026-08-19,1831.0,4.0,0.0
all,T:Blood DeathKnight | H:Holy Paladin | D:Feral Druid | D:Arcane Mage | D:Arms Warrior,4,5.03,10.8,19.0,24.1,18.5,-15.883,10.57,1275.0,Ruby Life Pools,12,2026-08-19,1519.0,2.75,0.0
all,T:Protection Paladin | H:Restoration Shaman | D:BeastMastery Hunter | D:Assassination Rogue | D:Subtlety Rogue,1,4.99,11.0,29.7,29.7,29.7,-15.883,10.57,1181.0,Ruby Life Pools,11,2026-08-19,1181.0,0.0,0.0
all,T:Blood DeathKnight | H:Mistweaver Monk | D:Subtlety Rogue | D:Enhancement Shaman | D:Arms Warrior,1,4.94,11.0,29.4,29.4,29.4,-15.883,10.57,1272.0,Voidscar Arena,11,2026-08-19,1272.0,3.0,0.0
all,T:Guardian Druid | H:Restoration Shaman | D:Unholy DeathKnight | D:Affliction Warlock | D:Arms Warrior,1,4.92,12.0,-2.5,-2.5,-2.5,-15.883,10.57,1968.0,Temple of Sethraliss,12,2026-08-18,1968.0,8.0,0.0
all,T:Guardian Druid | H:Discipline Priest | D:Arcane Mage | D:Destruction Warlock | D:Arms Warrior,1,4.91,11.0,29.2,29.2,29.2,-15.883,10.57,1275.0,Voidscar Arena,11,2026-08-18,1275.0,4.0,0.0
all,T:Protection Warrior | H:Holy Paladin | D:Frost DeathKnight | D:Arcane Mage | D:Elemental Shaman,1,4.91,11.0,29.2,29.2,29.2,-15.883,10.57,1360.0,Temple of Sethraliss,11,2026-08-19,1360.0,2.0,0.0
all,T:Protection Paladin | H:Holy Paladin | D:Balance Druid | D:Arcane Mage | D:Demonology Warlock,4,4.91,11.2,2.9,22.5,6.8,-15.883,10.57,1487.0,Temple of Sethraliss,11,2026-08-18,1686.0,10.0,0.0
all,T:Blood DeathKnight | H:Restoration Shaman | D:Balance Druid | D:Outlaw Rogue | D:Arms Warrior,4,4.89,10.8,18.7,27.4,21.3,-15.883,10.57,1220.0,Ruby Life Pools,10,2026-08-18,1558.0,4.0,0.0
all,T:Blood DeathKnight | H:Preservation Evoker | D:Devourer DemonHunter | D:Shadow Priest | D:Destruction Warlock,2,4.89,11.5,1.0,1.4,1.0,-15.883,10.57,1893.0,Den of Nalorakk,11,2026-08-19,1960.0,11.0,0.0
all,T:Protection Warrior | H:Restoration Druid | D:BeastMastery Hunter | D:Shadow Priest | D:Elemental Shaman,2,4.89,11.5,1.0,13.2,1.0,-15.883,10.57,1718.0,Kings' Rest,11,2026-08-18,1794.0,8.5,0.0
all,T:Blood DeathKnight | H:Mistweaver Monk | D:BeastMastery Hunter | D:Destruction Warlock | D:Arms Warrior,1,4.86,11.0,28.9,28.9,28.9,-15.883,10.57,1279.0,Voidscar Arena,11,2026-08-19,1279.0,4.0,0.0
all,T:Vengeance DemonHunter | H:Restoration Shaman | D:Arcane Mage | D:Outlaw Rogue | D:Demonology Warlock,1,4.81,11.0,28.6,28.6,28.6,-15.883,10.57,1371.0,Temple of Sethraliss,11,2026-08-18,1371.0,3.0,0.0
all,T:Blood DeathKnight | H:Restoration Shaman | D:BeastMastery Hunter | D:Arcane Mage | D:Arms Warrior,8,4.8,10.8,15.5,26.3,17.6,-15.883,10.57,1414.0,Den of Nalorakk,10,2026-08-19,1594.0,7.88,0.0
all,T:Blood DeathKnight | H:Restoration Shaman | D:Unholy DeathKnight | D:Devourer DemonHunter | D:Elemental Shaman,3,4.79,11.0,12.5,22.1,19.5,-15.883,10.57,1403.0,Voidscar Arena,10,2026-08-19,1546.0,3.33,0.0
all,T:Protection Paladin | H:Restoration Shaman | D:Arcane Mage | D:Subtlety Rogue | D:Arms Warrior,6,4.79,10.7,19.1,33.2,18.2,-15.883,10.57,1363.0,Murder Row,10,2026-08-19,1540.0,2.5,0.0
all,T:Guardian Druid | H:Restoration Shaman | D:Arcane Mage | D:Retribution Paladin | D:Assassination Rogue,2,4.77,11.0,16.4,25.9,16.4,-15.883,10.57,1422.0,Temple of Sethraliss,11,2026-08-18,1548.0,4.0,0.0
all,T:Guardian Druid | H:Mistweaver Monk | D:Unholy DeathKnight | D:BeastMastery Hunter | D:Enhancement Shaman,1,4.77,12.0,-3.4,-3.4,-3.4,-15.883,10.57,1985.0,Den of Nalorakk,12,2026-08-18,1985.0,6.0,0.0
all,T:Vengeance DemonHunter | H:Mistweaver Monk | D:Marksmanship Hunter | D:Shadow Priest | D:Outlaw Rogue,1,4.76,11.0,28.3,28.3,28.3,-15.883,10.57,1420.0,Kings' Rest,11,2026-08-18,1420.0,2.0,0.0
all,T:Protection Paladin | H:Holy Priest | D:Unholy DeathKnight | D:Arcane Mage | D:Assassination Rogue,1,4.76,11.0,28.3,28.3,28.3,-15.883,10.57,1420.0,Kings' Rest,11,2026-08-18,1420.0,0.0,0.0
all,T:Blood DeathKnight | H:Preservation Evoker | D:Devastation Evoker | D:BeastMastery Hunter | D:Arcane Mage,1,4.75,12.0,-3.5,-3.5,-3.5,-15.883,10.57,1864.0,Voidscar Arena,12,2026-08-18,1864.0,11.0,0.0
all,T:Blood DeathKnight | H:Holy Paladin | D:Arcane Mage | D:Retribution Paladin | D:Shadow Priest,5,4.74,10.8,15.6,28.0,16.1,-15.883,10.57,1210.0,Ruby Life Pools,10,2026-08-18,1662.0,3.2,0.0
all,T:Brewmaster Monk | H:Discipline Priest | D:Arcane Mage | D:Subtlety Rogue | D:Enhancement Shaman,1,4.72,11.0,28.1,28.1,28.1,-15.883,10.57,1207.0,Ruby Life Pools,11,2026-08-19,1207.0,4.0,0.0
all,T:Blood DeathKnight | H:Holy Priest | D:Balance Druid | D:Arcane Mage | D:Windwalker Monk,6,4.72,10.5,24.3,32.9,24.0,-15.883,10.57,1288.0,Temple of Sethraliss,10,2026-08-19,1378.0,2.17,0.0
all,T:Guardian Druid | H:Restoration Shaman | D:Havoc DemonHunter | D:Outlaw Rogue | D:Arms Warrior,1,4.71,11.0,28.0,28.0,28.0,-15.883,10.57,1383.0,Temple of Sethraliss,11,2026-08-18,1383.0,1.0,0.0
all,T:Guardian Druid | H:Holy Priest | D:BeastMastery Hunter | D:Shadow Priest | D:Subtlety Rogue,7,4.71,10.1,35.1,41.4,37.0,-15.883,10.57,1054.0,Voidscar Arena,10,2026-08-18,1248.0,1.0,0.0
all,T:Blood DeathKnight | H:Restoration Shaman | D:Unholy DeathKnight | D:Subtlety Rogue | D:Arms Warrior,2,4.68,11.5,0.2,9.2,0.2,-15.883,10.57,1743.0,Temple of Sethraliss,12,2026-08-19,1850.0,13.0,0.0
all,T:Blood DeathKnight | H:Mistweaver Monk | D:Devourer DemonHunter | D:Arcane Mage | D:Arcane Mage,1,4.67,11.0,27.8,27.8,27.8,-15.883,10.57,1472.0,Murder Row,11,2026-08-18,1472.0,2.0,0.0
all,T:Protection Warrior | H:Holy Paladin | D:BeastMastery Hunter | D:Marksmanship Hunter | D:Arcane Mage,1,4.63,12.0,-4.2,-4.2,-4.2,-15.883,10.57,2000.0,Temple of Sethraliss,12,2026-08-19,2000.0,10.0,0.0
all,T:Vengeance DemonHunter | H:Holy Paladin | D:Unholy DeathKnight | D:Destruction Warlock | D:Arms Warrior,1,4.61,11.0,27.4,27.4,27.4,-15.883,10.57,1220.0,Ruby Life Pools,11,2026-08-18,1220.0,8.0,0.0
all,T:Guardian Druid | H:Holy Priest | D:Arcane Mage | D:Assassination Rogue | D:Arms Warrior,1,4.61,11.0,27.4,27.4,27.4,-15.883,10.57,1394.0,Den of Nalorakk,11,2026-08-19,1394.0,4.0,0.0
all,T:Protection Paladin | H:Holy Priest | D:Devastation Evoker | D:Arcane Mage | D:Retribution Paladin,2,4.6,11.0,15.8,20.4,15.8,-15.883,10.57,1529.0,Temple of Sethraliss,11,2026-08-19,1670.0,1.5,0.0
all,T:Blood DeathKnight | H:Restoration Druid | D:Balance Druid | D:Devastation Evoker | D:Arcane Mage,1,4.59,11.0,27.3,27.3,27.3,-15.883,10.57,1440.0,Kings' Rest,11,2026-08-19,1440.0,3.0,0.0
all,T:Protection Paladin | H:Restoration Shaman | D:Unholy DeathKnight | D:Balance Druid | D:Devastation Evoker,3,4.58,11.0,12.0,22.6,7.4,-15.883,10.57,1301.0,Ruby Life Pools,10,2026-08-19,1580.0,1.67,0.0
all,T:Blood DeathKnight | H:Discipline Priest | D:Arcane Mage | D:Shadow Priest | D:Arms Warrior,2,4.57,11.0,15.8,18.9,15.8,-15.883,10.57,1557.0,Den of Nalorakk,11,2026-08-18,1513.0,10.0,0.0
all,T:Blood DeathKnight | H:Restoration Shaman | D:Unholy DeathKnight | D:Devourer DemonHunter | D:Arms Warrior,2,4.54,11.0,15.6,22.4,15.6,-15.883,10.57,1489.0,Temple of Sethraliss,11,2026-08-18,1564.0,3.5,0.0
all,T:Protection Warrior | H:Holy Paladin | D:Retribution Paladin | D:Subtlety Rogue | D:Arms Warrior,4,4.53,10.2,33.8,39.9,34.5,-15.883,10.57,1009.0,Ruby Life Pools,10,2026-08-19,1220.0,2.0,0.0
all,T:Vengeance DemonHunter | H:Mistweaver Monk | D:Balance Druid | D:BeastMastery Hunter | D:Outlaw Rogue,1,4.51,11.0,26.8,26.8,26.8,-15.883,10.57,1494.0,Murder Row,11,2026-08-18,1494.0,1.0,0.0
all,T:Blood DeathKnight | H:Mistweaver Monk | D:Devourer DemonHunter | D:Arcane Mage | D:Demonology Warlock,2,4.5,10.5,31.4,36.7,31.4,-15.883,10.57,1140.0,The Blinding Vale,10,2026-08-19,1279.0,5.0,0.0
all,T:Blood DeathKnight | H:Holy Paladin | D:Frost DeathKnight | D:Arcane Mage | D:Retribution Paladin,6,4.48,10.8,13.3,26.0,18.0,-15.883,10.57,1332.0,The Blinding Vale,10,2026-08-18,1624.0,5.0,0.0
all,T:Blood DeathKnight | H:Restoration Shaman | D:Unholy DeathKnight | D:Havoc DemonHunter | D:Arcane Mage,1,4.47,12.0,-5.2,-5.2,-5.2,-15.883,10.57,2020.0,Temple of Sethraliss,12,2026-08-18,2020.0,10.0,0.0
all,T:Blood DeathKnight | H:Preservation Evoker | D:Unholy DeathKnight | D:Shadow Priest | D:Arms Warrior,1,4.46,11.0,26.5,26.5,26.5,-15.883,10.57,1235.0,Ruby Life Pools,11,2026-08-19,1235.0,3.0,0.0
all,T:Blood DeathKnight | H:Restoration Shaman | D:Arcane Mage | D:Outlaw Rogue | D:Fury Warrior,3,4.45,10.7,22.2,27.8,25.8,-15.883,10.57,1212.0,Ruby Life Pools,10,2026-08-19,1426.0,2.33,0.0
all,T:Protection Paladin | H:Restoration Shaman | D:Unholy DeathKnight | D:Marksmanship Hunter | D:Arms Warrior,2,4.42,11.0,15.2,16.9,15.2,-15.883,10.57,1595.0,Den of Nalorakk,11,2026-08-18,1575.0,2.5,0.0
all,T:Protection Warrior | H:Restoration Shaman | D:Balance Druid | D:BeastMastery Hunter | D:Subtlety Rogue,1,4.42,11.0,26.3,26.3,26.3,-15.883,10.57,1415.0,Temple of Sethraliss,11,2026-08-19,1415.0,1.0,0.0
all,T:Protection Paladin | H:Preservation Evoker | D:Outlaw Rogue | D:Elemental Shaman | D:Arms Warrior,2,4.41,10.5,31.1,33.8,31.1,-15.883,10.57,1191.0,Voidscar Arena,10,2026-08-18,1196.0,2.0,0.0
all,T:Protection Paladin | H:Restoration Shaman | D:Unholy DeathKnight | D:Devastation Evoker | D:BeastMastery Hunter,3,4.35,11.0,11.4,18.9,16.3,-15.883,10.57,1459.0,The Blinding Vale,11,2026-08-18,1607.0,3.33,0.0
all,T:Blood DeathKnight | H:Restoration Shaman | D:Devourer DemonHunter | D:Havoc DemonHunter | D:Arms Warrior,1,4.32,11.0,25.7,25.7,25.7,-15.883,10.57,1248.0,Ruby Life Pools,11,2026-08-18,1248.0,2.0,0.0
all,T:Blood DeathKnight | H:Preservation Evoker | D:Unholy DeathKnight | D:Havoc DemonHunter | D:Shadow Priest,5,4.32,10.8,14.8,23.3,17.5,-15.883,10.57,1518.0,Kings' Rest,10,2026-08-18,1583.0,6.8,0.0
all,T:Blood DeathKnight | H:Mistweaver Monk | D:Havoc DemonHunter | D:Windwalker Monk | D:Subtlety Rogue,1,4.31,11.0,25.6,25.6,25.6,-15.883,10.57,1250.0,Ruby Life Pools,11,2026-08-19,1250.0,3.0,0.0
all,T:Blood DeathKnight | H:Restoration Shaman | D:Havoc DemonHunter | D:Balance Druid | D:Arcane Mage,3,4.3,10.7,21.8,29.7,27.0,-15.883,10.57,1351.0,Temple of Sethraliss,11,2026-08-19,1401.0,3.0,0.0
all,T:Brewmaster Monk | H:Holy Paladin | D:Feral Druid | D:Enhancement Shaman | D:Fury Warrior,2,4.3,11.0,14.8,16.1,14.8,-15.883,10.57,1509.0,Voidscar Arena,11,2026-08-18,1585.0,2.0,0.0
all,T:Blood DeathKnight | H:Holy Paladin | D:Balance Druid | D:Arcane Mage | D:Elemental Shaman,14,4.28,10.8,12.4,24.8,15.3,-15.883,10.57,1443.0,Temple of Sethraliss,10,2026-08-19,1603.0,4.57,0.0
all,T:Blood DeathKnight | H:Restoration Shaman | D:BeastMastery Hunter | D:Subtlety Rogue | D:Fury Warrior,1,4.27,11.0,25.4,25.4,25.4,-15.883,10.57,1253.0,Ruby Life Pools,11,2026-08-18,1253.0,0.0,0.0
all,T:Blood DeathKnight | H:Mistweaver Monk | D:Retribution Paladin | D:Shadow Priest | D:Elemental Shaman,2,4.26,10.5,30.6,32.1,30.6,-15.883,10.57,1304.0,Temple of Sethraliss,11,2026-08-18,1290.0,1.5,0.0
all,T:Protection Paladin | H:Mistweaver Monk | D:BeastMastery Hunter | D:Retribution Paladin | D:Arms Warrior,3,4.25,10.7,21.7,36.6,21.0,-15.883,10.57,1140.0,Voidscar Arena,10,2026-08-19,1422.0,4.0,0.0
all,T:Protection Warrior | H:Holy Priest | D:Devourer DemonHunter | D:Devastation Evoker | D:Demonology Warlock,1,4.24,11.0,25.2,25.2,25.2,-15.883,10.57,1346.0,The Blinding Vale,11,2026-08-18,1346.0,1.0,0.0
all,T:Guardian Druid | H:Discipline Priest | D:Devourer DemonHunter | D:Arcane Mage | D:Elemental Shaman,1,4.24,11.0,25.2,25.2,25.2,-15.883,10.57,1347.0,Voidscar Arena,11,2026-08-19,1347.0,1.0,0.0
all,T:Blood DeathKnight | H:Mistweaver Monk | D:Arcane Mage | D:Arcane Mage | D:Arcane Mage,6,4.24,10.5,23.4,35.3,20.8,-15.883,10.57,1321.0,Murder Row,10,2026-08-18,1414.0,3.83,0.0
all,T:Brewmaster Monk | H:Holy Paladin | D:Survival Hunter | D:Arcane Mage | D:Outlaw Rogue,4,4.23,11.0,9.3,23.5,12.9,-15.883,10.57,1561.0,Murder Row,10,2026-08-18,1670.0,6.25,0.0
all,T:Guardian Druid | H:Holy Paladin | D:Windwalker Monk | D:Assassination Rogue | D:Demonology Warlock,4,4.23,10.5,25.2,34.2,26.5,-15.883,10.57,1106.0,Ruby Life Pools,10,2026-08-18,1406.0,2.25,0.0
all,T:Brewmaster Monk | H:Holy Paladin | D:Feral Druid | D:Elemental Shaman | D:Arms Warrior,1,4.21,11.0,25.0,25.0,25.0,-15.883,10.57,1351.0,Voidscar Arena,11,2026-08-18,1351.0,3.0,0.0
all,T:Vengeance DemonHunter | H:Discipline Priest | D:Balance Druid | D:Demonology Warlock | D:Demonology Warlock,1,4.19,11.0,24.9,24.9,24.9,-15.883,10.57,1532.0,Murder Row,11,2026-08-18,1532.0,2.0,0.0
all,T:Blood DeathKnight | H:Holy Paladin | D:Frost DeathKnight | D:Elemental Shaman | D:Enhancement Shaman,1,4.19,11.0,24.9,24.9,24.9,-15.883,10.57,1262.0,Ruby Life Pools,11,2026-08-19,1262.0,2.0,0.0
all,T:Protection Paladin | H:Holy Priest | D:Devourer DemonHunter | D:Arcane Mage | D:Subtlety Rogue,2,4.17,11.0,14.4,18.5,14.4,-15.883,10.57,1565.0,Den of Nalorakk,11,2026-08-18,1537.0,2.5,0.0
all,T:Blood DeathKnight | H:Restoration Druid | D:Arcane Mage | D:Shadow Priest | D:Arms Warrior,3,4.17,10.7,21.5,28.7,18.2,-15.883,10.57,1412.0,Kings' Rest,10,2026-08-19,1473.0,5.33,0.0
all,T:Guardian Druid | H:Discipline Priest | D:BeastMastery Hunter | D:BeastMastery Hunter | D:Arms Warrior,5,4.16,10.4,27.1,32.6,26.1,-15.883,10.57,1335.0,Kings' Rest,10,2026-08-18,1335.0,2.2,0.0
all,T:Protection Paladin | H:Holy Priest | D:BeastMastery Hunter | D:Arcane Mage | D:Shadow Priest,4,4.16,10.8,17.1,21.8,16.6,-15.883,10.57,1408.0,The Blinding Vale,10,2026-08-19,1604.0,1.25,0.0
all,T:Blood DeathKnight | H:Holy Priest | D:Unholy DeathKnight | D:Devourer DemonHunter | D:Elemental Shaman,1,4.14,11.0,24.6,24.6,24.6,-15.883,10.57,1537.0,Murder Row,11,2026-08-19,1537.0,3.0,0.0
all,T:Blood DeathKnight | H:Restoration Druid | D:Frost DeathKnight | D:BeastMastery Hunter | D:Arcane Mage,2,4.14,11.0,14.2,19.1,14.2,-15.883,10.57,1651.0,Murder Row,11,2026-08-19,1587.0,9.5,0.0
all,T:Protection Warrior | H:Holy Paladin | D:Balance Druid | D:Arcane Mage | D:Arms Warrior,1,4.14,11.0,24.6,24.6,24.6,-15.883,10.57,1447.0,Den of Nalorakk,11,2026-08-18,1447.0,2.0,0.0
all,T:Blood DeathKnight | H:Restoration Shaman | D:Retribution Paladin | D:Shadow Priest | D:Elemental Shaman,4,4.14,11.0,9.1,16.9,10.6,-15.883,10.57,1496.0,The Blinding Vale,10,2026-08-19,1699.0,5.25,0.0
all,T:Vengeance DemonHunter | H:Mistweaver Monk | D:Unholy DeathKnight | D:Enhancement Shaman | D:Arms Warrior,1,4.12,11.0,24.5,24.5,24.5,-15.883,10.57,1359.0,Voidscar Arena,11,2026-08-18,1359.0,5.0,0.0
all,T:Protection Paladin | H:Restoration Shaman | D:Devourer DemonHunter | D:Arcane Mage | D:Retribution Paladin,2,4.12,11.0,14.2,16.8,14.2,-15.883,10.57,1697.0,Murder Row,11,2026-08-18,1644.0,3.5,0.0
all,T:Blood DeathKnight | H:Holy Priest | D:Arcane Mage | D:Destruction Warlock | D:Fury Warrior,1,4.12,12.0,-7.3,-7.3,-7.3,-15.883,10.57,1802.0,Ruby Life Pools,12,2026-08-18,1802.0,11.0,0.0
all,T:Blood DeathKnight | H:Restoration Shaman | D:Havoc DemonHunter | D:Havoc DemonHunter | D:Shadow Priest,1,4.11,11.0,24.4,24.4,24.4,-15.883,10.57,1361.0,Voidscar Arena,11,2026-08-18,1361.0,3.0,0.0
all,T:Guardian Druid | H:Restoration Shaman | D:Unholy DeathKnight | D:Windwalker Monk | D:Outlaw Rogue,1,4.11,11.0,24.4,24.4,24.4,-15.883,10.57,1542.0,Murder Row,11,2026-08-19,1542.0,1.0,0.0
all,T:Blood DeathKnight | H:Preservation Evoker | D:Survival Hunter | D:Arcane Mage | D:Elemental Shaman,1,4.1,12.0,-7.4,-7.4,-7.4,-15.883,10.57,2191.0,Murder Row,12,2026-08-19,2191.0,14.0,0.0
all,T:Blood DeathKnight | H:Holy Paladin | D:Arcane Mage | D:Windwalker Monk | D:Arms Warrior,3,4.08,11.0,10.6,20.9,8.6,-15.883,10.57,1566.0,Kings' Rest,10,2026-08-18,1640.0,5.0,0.0
all,T:Blood DeathKnight | H:Restoration Shaman | D:Retribution Paladin | D:Outlaw Rogue | D:Arms Warrior,7,4.07,10.7,15.8,25.3,13.8,-15.883,10.57,1254.0,Ruby Life Pools,10,2026-08-19,1449.0,4.0,0.0
all,T:Protection Paladin | H:Preservation Evoker | D:Balance Druid | D:Retribution Paladin | D:Destruction Warlock,1,4.07,12.0,-7.6,-7.6,-7.6,-15.883,10.57,1937.0,Voidscar Arena,12,2026-08-19,1937.0,13.0,0.0
all,T:Brewmaster Monk | H:Holy Paladin | D:Feral Druid | D:Enhancement Shaman | D:Arms Warrior,4,4.07,10.8,16.9,21.1,16.2,-15.883,10.57,1515.0,Temple of Sethraliss,11,2026-08-18,1532.0,3.0,0.0
all,T:Vengeance DemonHunter | H:Discipline Priest | D:Balance Druid | D:Arcane Mage | D:Windwalker Monk,7,4.06,10.6,20.3,31.5,21.5,-15.883,10.57,1398.0,Murder Row,10,2026-08-18,1523.0,5.14,0.0
all,T:Guardian Druid | H:Restoration Shaman | D:Windwalker Monk | D:Outlaw Rogue | D:Arms Warrior,1,4.06,11.0,24.1,24.1,24.1,-15.883,10.57,1367.0,The Blinding Vale,11,2026-08-19,1367.0,3.0,0.0
all,T:Guardian Druid | H:Mistweaver Monk | D:Devourer DemonHunter | D:Balance Druid | D:Survival Hunter,3,4.03,10.7,21.1,22.7,21.7,-15.883,10.57,1530.0,Kings' Rest,11,2026-08-18,1530.0,3.33,0.0
all,T:Blood DeathKnight | H:Restoration Shaman | D:Frost DeathKnight | D:Devastation Evoker | D:Destruction Warlock,1,4.02,11.0,23.9,23.9,23.9,-15.883,10.57,1370.0,Voidscar Arena,11,2026-08-19,1370.0,3.0,0.0
all,T:Blood DeathKnight | H:Restoration Shaman | D:Arcane Mage | D:Windwalker Monk | D:Elemental Shaman,1,4.01,11.0,23.8,23.8,23.8,-15.883,10.57,1464.0,Temple of Sethraliss,11,2026-08-19,1464.0,0.0,0.0
all,T:Guardian Druid | H:Mistweaver Monk | D:Unholy DeathKnight | D:Affliction Warlock | D:Arms Warrior,1,3.99,11.0,23.7,23.7,23.7,-15.883,10.57,1374.0,Voidscar Arena,11,2026-08-18,1374.0,3.0,0.0
all,T:Vengeance DemonHunter | H:Discipline Priest | D:Balance Druid | D:Arcane Mage | D:Arms Warrior,7,3.98,10.7,15.7,23.0,20.8,-15.883,10.57,1386.0,Voidscar Arena,10,2026-08-18,1531.0,4.57,0.0
all,T:Protection Warrior | H:Holy Paladin | D:Devastation Evoker | D:Marksmanship Hunter | D:Arms Warrior,1,3.96,11.0,23.5,23.5,23.5,-15.883,10.57,1377.0,Voidscar Arena,11,2026-08-18,1377.0,5.0,0.0
all,T:Blood DeathKnight | H:Holy Paladin | D:Balance Druid | D:Arcane Mage | D:Subtlety Rogue,1,3.94,11.0,23.4,23.4,23.4,-15.883,10.57,1471.0,Temple of Sethraliss,11,2026-08-19,1471.0,2.0,0.0
all,T:Blood DeathKnight | H:Restoration Shaman | D:Windwalker Monk | D:Outlaw Rogue | D:Fury Warrior,1,3.92,11.0,23.3,23.3,23.3,-15.883,10.57,1472.0,Temple of Sethraliss,11,2026-08-19,1472.0,2.0,0.0
all,T:Protection Paladin | H:Restoration Shaman | D:Assassination Rogue | D:Elemental Shaman | D:Arms Warrior,1,3.92,11.0,23.3,23.3,23.3,-15.883,10.57,1288.0,Ruby Life Pools,11,2026-08-18,1288.0,1.0,0.0
all,T:Protection Paladin | H:Restoration Shaman | D:Devourer DemonHunter | D:Balance Druid | D:Retribution Paladin,4,3.92,10.8,16.5,20.6,16.7,-15.883,10.57,1619.0,Murder Row,10,2026-08-19,1600.0,2.0,0.0
all,T:Protection Paladin | H:Discipline Priest | D:Devourer DemonHunter | D:Arcane Mage | D:Outlaw Rogue,1,3.92,11.0,23.3,23.3,23.3,-15.883,10.57,1288.0,Ruby Life Pools,11,2026-08-19,1288.0,7.0,0.0
all,T:Vengeance DemonHunter | H:Holy Priest | D:Unholy DeathKnight | D:Arcane Mage | D:Subtlety Rogue,3,3.92,10.3,31.4,36.8,32.3,-15.883,10.57,1062.0,Ruby Life Pools,10,2026-08-19,1300.0,1.67,0.0
all,T:Protection Warrior | H:Discipline Priest | D:Augmentation Evoker | D:Enhancement Shaman | D:Arms Warrior,1,3.92,11.0,23.3,23.3,23.3,-15.883,10.57,1518.0,Kings' Rest,11,2026-08-18,1518.0,1.0,0.0
all,T:Guardian Druid | H:Mistweaver Monk | D:Arcane Mage | D:Retribution Paladin | D:Elemental Shaman,1,3.92,11.0,23.3,23.3,23.3,-15.883,10.57,1518.0,Kings' Rest,11,2026-08-18,1518.0,2.0,0.0
all,T:Brewmaster Monk | H:Holy Paladin | D:BeastMastery Hunter | D:Marksmanship Hunter | D:Demonology Warlock,1,3.91,11.0,23.2,23.2,23.2,-15.883,10.57,1522.0,Kings' Rest,11,2026-08-18,1522.0,2.0,0.0
all,T:Protection Paladin | H:Mistweaver Monk | D:Feral Druid | D:Shadow Priest | D:Arms Warrior,2,3.9,11.0,13.4,14.8,13.4,-15.883,10.57,1432.0,Ruby Life Pools,11,2026-08-18,1560.0,3.0,0.0
all,T:Blood DeathKnight | H:Mistweaver Monk | D:Devastation Evoker | D:Arcane Mage | D:Retribution Paladin,1,3.87,12.0,-8.8,-8.8,-8.8,-15.883,10.57,1959.0,The Blinding Vale,12,2026-08-19,1959.0,10.0,0.0
all,T:Vengeance DemonHunter | H:Holy Paladin | D:Windwalker Monk | D:Subtlety Rogue | D:Destruction Warlock,1,3.87,11.0,23.0,23.0,23.0,-15.883,10.57,1479.0,Temple of Sethraliss,11,2026-08-18,1479.0,3.0,0.0
all,T:Blood DeathKnight | H:Holy Paladin | D:Shadow Priest | D:Outlaw Rogue | D:Elemental Shaman,1,3.85,12.0,-8.9,-8.9,-8.9,-15.883,10.57,1960.0,The Blinding Vale,12,2026-08-19,1960.0,12.0,0.0
all,T:Blood DeathKnight | H:Restoration Shaman | D:Arcane Mage | D:Elemental Shaman | D:Fury Warrior,1,3.85,12.0,-8.9,-8.9,-8.9,-15.883,10.57,1960.0,The Blinding Vale,12,2026-08-19,1960.0,16.0,0.0
all,T:Guardian Druid | H:Mistweaver Monk | D:Devourer DemonHunter | D:Retribution Paladin | D:Elemental Shaman,1,3.84,11.0,22.8,22.8,22.8,-15.883,10.57,1389.0,Voidscar Arena,11,2026-08-19,1389.0,7.0,0.0
all,T:Blood DeathKnight | H:Restoration Shaman | D:Windwalker Monk | D:Retribution Paladin | D:Subtlety Rogue,1,3.84,11.0,22.8,22.8,22.8,-15.883,10.57,1389.0,Voidscar Arena,11,2026-08-19,1389.0,2.0,0.0
all,T:Vengeance DemonHunter | H:Restoration Shaman | D:Marksmanship Hunter | D:Survival Hunter | D:Arms Warrior,2,3.82,11.0,13.2,26.0,13.2,-15.883,10.57,1420.0,Temple of Sethraliss,10,2026-08-19,1727.0,4.5,0.0
all,T:Protection Paladin | H:Mistweaver Monk | D:Unholy DeathKnight | D:Elemental Shaman | D:Elemental Shaman,1,3.82,11.0,22.7,22.7,22.7,-15.883,10.57,1531.0,Kings' Rest,11,2026-08-18,1531.0,2.0,0.0
all,T:Blood DeathKnight | H:Mistweaver Monk | D:Arcane Mage | D:Shadow Priest | D:Arms Warrior,1,3.82,12.0,-9.1,-9.1,-9.1,-15.883,10.57,1964.0,Altar of Fangs,12,2026-08-18,1964.0,8.0,0.0
all,T:Guardian Druid | H:Mistweaver Monk | D:Havoc DemonHunter | D:Marksmanship Hunter | D:Subtlety Rogue,1,3.82,11.0,22.7,22.7,22.7,-15.883,10.57,1531.0,Kings' Rest,11,2026-08-19,1531.0,3.0,0.0
all,T:Blood DeathKnight | H:Holy Priest | D:Augmentation Evoker | D:Arcane Mage | D:Arms Warrior,6,3.81,10.8,12.0,25.1,11.8,-15.883,10.57,1438.0,Temple of Sethraliss,10,2026-08-19,1670.0,5.17,0.0
all,T:Blood DeathKnight | H:Restoration Shaman | D:Survival Hunter | D:Arcane Mage | D:Demonology Warlock,1,3.81,11.0,22.6,22.6,22.6,-15.883,10.57,1578.0,Murder Row,11,2026-08-19,1578.0,0.0,0.0
all,T:Guardian Druid | H:Restoration Shaman | D:Devourer DemonHunter | D:Assassination Rogue | D:Arms Warrior,1,3.79,11.0,22.5,22.5,22.5,-15.883,10.57,1489.0,Den of Nalorakk,11,2026-08-18,1489.0,1.0,0.0
all,T:Protection Warrior | H:Restoration Shaman | D:Balance Druid | D:Assassination Rogue | D:Destruction Warlock,1,3.79,11.0,22.5,22.5,22.5,-15.883,10.57,1489.0,Temple of Sethraliss,11,2026-08-18,1489.0,3.0,0.0
all,T:Guardian Druid | H:Restoration Shaman | D:Devourer DemonHunter | D:Shadow Priest | D:Elemental Shaman,1,3.78,12.0,-9.3,-9.3,-9.3,-15.883,10.57,2231.0,Murder Row,12,2026-08-19,2231.0,8.0,0.0
all,T:Vengeance DemonHunter | H:Mistweaver Monk | D:Devourer DemonHunter | D:Outlaw Rogue | D:Enhancement Shaman,2,3.78,11.0,13.0,13.8,13.0,-15.883,10.57,1551.0,Voidscar Arena,11,2026-08-18,1513.0,4.5,0.0
all,T:Brewmaster Monk | H:Restoration Shaman | D:Feral Druid | D:Outlaw Rogue | D:Arms Warrior,1,3.77,11.0,22.4,22.4,22.4,-15.883,10.57,1304.0,Ruby Life Pools,11,2026-08-18,1304.0,7.0,0.0
all,T:Protection Paladin | H:Restoration Shaman | D:Unholy DeathKnight | D:Demonology Warlock | D:Arms Warrior,6,3.77,10.3,27.8,35.1,27.4,-15.883,10.57,1090.0,Ruby Life Pools,10,2026-08-18,1416.0,2.17,0.0
all,T:Protection Paladin | H:Preservation Evoker | D:BeastMastery Hunter | D:Arcane Mage | D:Assassination Rogue,1,3.76,11.0,22.3,22.3,22.3,-15.883,10.57,1492.0,Den of Nalorakk,11,2026-08-19,1492.0,2.0,0.0
all,T:Protection Paladin | H:Restoration Shaman | D:Unholy DeathKnight | D:Assassination Rogue | D:Fury Warrior,1,3.76,11.0,22.3,22.3,22.3,-15.883,10.57,1585.0,Murder Row,11,2026-08-19,1585.0,0.0,0.0
all,T:Blood DeathKnight | H:Discipline Priest | D:Devourer DemonHunter | D:Survival Hunter | D:Arms Warrior,1,3.76,11.0,22.3,22.3,22.3,-15.883,10.57,1305.0,Ruby Life Pools,11,2026-08-19,1305.0,0.0,0.0
all,T:Blood DeathKnight | H:Restoration Shaman | D:Balance Druid | D:Windwalker Monk | D:Fury Warrior,3,3.76,11.0,9.8,28.6,3.7,-15.883,10.57,1286.0,Voidscar Arena,10,2026-08-19,1848.0,9.33,0.0
all,T:Protection Paladin | H:Restoration Shaman | D:BeastMastery Hunter | D:Assassination Rogue | D:Demonology Warlock,1,3.74,11.0,22.2,22.2,22.2,-15.883,10.57,1493.0,Temple of Sethraliss,11,2026-08-19,1493.0,3.0,0.0
all,T:Blood DeathKnight | H:Restoration Shaman | D:Devourer DemonHunter | D:Marksmanship Hunter | D:Demonology Warlock,2,3.74,11.0,12.8,17.3,12.8,-15.883,10.57,1488.0,The Blinding Vale,11,2026-08-19,1568.0,3.5,0.0
all,T:Protection Paladin | H:Restoration Shaman | D:Devourer DemonHunter | D:Balance Druid | D:Arcane Mage,2,3.73,10.5,28.7,30.4,28.7,-15.883,10.57,1170.0,Ruby Life Pools,11,2026-08-18,1330.0,1.5,0.0
all,T:Protection Warrior | H:Holy Paladin | D:Balance Druid | D:Shadow Priest | D:Arms Warrior,2,3.73,10.5,28.7,35.6,28.7,-15.883,10.57,1081.0,Ruby Life Pools,10,2026-08-18,1290.0,2.5,0.0
all,T:Blood DeathKnight | H:Restoration Shaman | D:Devourer DemonHunter | D:Windwalker Monk | D:Destruction Warlock,1,3.71,11.0,22.0,22.0,22.0,-15.883,10.57,1404.0,Voidscar Arena,11,2026-08-19,1404.0,2.0,0.0
all,T:Brewmaster Monk | H:Discipline Priest | D:Balance Druid | D:BeastMastery Hunter | D:Assassination Rogue,1,3.69,11.0,21.9,21.9,21.9,-15.883,10.57,1406.0,Voidscar Arena,11,2026-08-18,1406.0,11.0,0.0
all,T:Protection Warrior | H:Holy Paladin | D:Frost DeathKnight | D:Marksmanship Hunter | D:Elemental Shaman,1,3.69,11.0,21.9,21.9,21.9,-15.883,10.57,1312.0,Ruby Life Pools,11,2026-08-19,1312.0,2.0,0.0
all,T:Guardian Druid | H:Holy Paladin | D:BeastMastery Hunter | D:Arcane Mage | D:Outlaw Rogue,1,3.69,11.0,21.9,21.9,21.9,-15.883,10.57,1406.0,Voidscar Arena,11,2026-08-19,1406.0,3.0,0.0
all,T:Blood DeathKnight | H:Mistweaver Monk | D:BeastMastery Hunter | D:Elemental Shaman | D:Demonology Warlock,1,3.69,11.0,21.9,21.9,21.9,-15.883,10.57,1594.0,Murder Row,11,2026-08-18,1594.0,2.0,0.0
all,T:Guardian Druid | H:Discipline Priest | D:Devourer DemonHunter | D:Feral Druid | D:Arcane Mage,1,3.69,11.0,21.9,21.9,21.9,-15.883,10.57,1547.0,Kings' Rest,11,2026-08-18,1547.0,0.0,0.0
all,T:Protection Paladin | H:Holy Priest | D:Arcane Mage | D:Elemental Shaman | D:Elemental Shaman,1,3.67,11.0,21.8,21.8,21.8,-15.883,10.57,1501.0,Den of Nalorakk,11,2026-08-18,1501.0,1.0,0.0
all,T:Brewmaster Monk | H:Restoration Druid | D:Devourer DemonHunter | D:Retribution Paladin | D:Arms Warrior,1,3.67,11.0,21.8,21.8,21.8,-15.883,10.57,1501.0,Temple of Sethraliss,11,2026-08-19,1501.0,4.0,0.0
all,T:Protection Paladin | H:Restoration Druid | D:Marksmanship Hunter | D:Retribution Paladin | D:Enhancement Shaman,1,3.67,11.0,21.8,21.8,21.8,-15.883,10.57,1502.0,Temple of Sethraliss,11,2026-08-18,1502.0,1.0,0.0
all,T:Blood DeathKnight | H:Mistweaver Monk | D:Devourer DemonHunter | D:Affliction Warlock | D:Arms Warrior,2,3.65,11.0,12.5,19.4,12.5,-15.883,10.57,1547.0,Den of Nalorakk,11,2026-08-18,1680.0,8.0,0.0
all,T:Vengeance DemonHunter | H:Restoration Shaman | D:BeastMastery Hunter | D:Survival Hunter | D:Arms Warrior,1,3.64,11.0,21.6,21.6,21.6,-15.883,10.57,1552.0,Kings' Rest,11,2026-08-18,1552.0,3.0,0.0
all,T:Vengeance DemonHunter | H:Restoration Shaman | D:Arcane Mage | D:Retribution Paladin | D:Elemental Shaman,3,3.63,11.0,9.4,25.6,3.7,-15.883,10.57,1250.0,Ruby Life Pools,10,2026-08-18,1734.0,2.67,0.0
all,T:Blood DeathKnight | H:Mistweaver Monk | D:Outlaw Rogue | D:Enhancement Shaman | D:Arms Warrior,1,3.62,11.0,21.5,21.5,21.5,-15.883,10.57,1600.0,Murder Row,11,2026-08-18,1600.0,4.0,0.0
all,T:Protection Paladin | H:Restoration Shaman | D:Frost DeathKnight | D:Arcane Mage | D:Shadow Priest,1,3.62,11.0,21.5,21.5,21.5,-15.883,10.57,1554.0,Kings' Rest,11,2026-08-18,1554.0,6.0,0.0
all,T:Blood DeathKnight | H:Restoration Shaman | D:Devourer DemonHunter | D:Augmentation Evoker | D:Arms Warrior,6,3.62,10.7,17.0,34.7,16.7,-15.883,10.57,1098.0,Ruby Life Pools,10,2026-08-19,1521.0,4.67,0.0
all,T:Protection Paladin | H:Preservation Evoker | D:Devastation Evoker | D:BeastMastery Hunter | D:BeastMastery Hunter,2,3.62,11.0,12.4,16.7,12.4,-15.883,10.57,1500.0,Voidscar Arena,11,2026-08-18,1631.0,2.5,0.0
all,T:Blood DeathKnight | H:Holy Paladin | D:Unholy DeathKnight | D:Windwalker Monk | D:Elemental Shaman,5,3.62,11.0,7.0,18.7,8.6,-15.883,10.57,1464.0,Voidscar Arena,10,2026-08-18,1646.0,3.0,0.0
all,T:Guardian Druid | H:Preservation Evoker | D:Devourer DemonHunter | D:Balance Druid | D:Devastation Evoker,1,3.62,11.0,21.5,21.5,21.5,-15.883,10.57,1508.0,Den of Nalorakk,11,2026-08-18,1508.0,1.0,0.0
all,T:Blood DeathKnight | H:Restoration Shaman | D:Arcane Mage | D:Arcane Mage | D:Arms Warrior,1,3.61,11.0,21.4,21.4,21.4,-15.883,10.57,1414.0,Voidscar Arena,11,2026-08-18,1414.0,8.0,0.0
all,T:Guardian Druid | H:Mistweaver Monk | D:BeastMastery Hunter | D:Arms Warrior | D:Arms Warrior,1,3.61,11.0,21.4,21.4,21.4,-15.883,10.57,1604.0,Murder Row,11,2026-08-18,1604.0,7.0,0.0
all,T:Guardian Druid | H:Restoration Shaman | D:BeastMastery Hunter | D:Windwalker Monk | D:Subtlety Rogue,1,3.61,11.0,21.4,21.4,21.4,-15.883,10.57,1321.0,Ruby Life Pools,11,2026-08-19,1321.0,3.0,0.0
all,T:Blood DeathKnight | H:Holy Paladin | D:Havoc DemonHunter | D:Elemental Shaman | D:Arms Warrior,2,3.6,11.0,12.4,22.0,12.4,-15.883,10.57,1405.0,The Blinding Vale,11,2026-08-19,1636.0,3.5,0.0
all,T:Blood DeathKnight | H:Preservation Evoker | D:Devastation Evoker | D:BeastMastery Hunter | D:BeastMastery Hunter,8,3.6,10.8,13.6,25.8,15.0,-15.883,10.57,1469.0,Kings' Rest,10,2026-08-18,1580.0,4.5,0.0
all,T:Guardian Druid | H:Mistweaver Monk | D:Havoc DemonHunter | D:BeastMastery Hunter | D:Enhancement Shaman,1,3.59,11.0,21.3,21.3,21.3,-15.883,10.57,1559.0,Kings' Rest,11,2026-08-18,1559.0,5.0,0.0
all,T:Protection Paladin | H:Discipline Priest | D:Assassination Rogue | D:Elemental Shaman | D:Arms Warrior,1,3.59,11.0,21.3,21.3,21.3,-15.883,10.57,1322.0,Ruby Life Pools,11,2026-08-18,1322.0,7.0,0.0
all,T:Blood DeathKnight | H:Restoration Shaman | D:Devourer DemonHunter | D:Outlaw Rogue | D:Arms Warrior,2,3.58,11.0,12.3,17.8,12.3,-15.883,10.57,1579.0,Den of Nalorakk,11,2026-08-19,1628.0,8.0,0.0
all,T:Blood DeathKnight | H:Preservation Evoker | D:Balance Druid | D:BeastMastery Hunter | D:Demonology Warlock,4,3.58,10.5,23.7,33.8,29.8,-15.883,10.57,1351.0,Murder Row,10,2026-08-18,1388.0,4.0,0.0
all,T:Protection Paladin | H:Discipline Priest | D:Unholy DeathKnight | D:Subtlety Rogue | D:Elemental Shaman,1,3.57,11.0,21.2,21.2,21.2,-15.883,10.57,1514.0,Den of Nalorakk,11,2026-08-18,1514.0,1.0,0.0
all,T:Guardian Druid | H:Restoration Shaman | D:Unholy DeathKnight | D:Retribution Paladin | D:Assassination Rogue,1,3.57,11.0,21.2,21.2,21.2,-15.883,10.57,1560.0,Kings' Rest,11,2026-08-19,1560.0,7.0,0.0
all,T:Vengeance DemonHunter | H:Mistweaver Monk | D:Unholy DeathKnight | D:Frost Mage | D:Elemental Shaman,1,3.54,11.0,21.0,21.0,21.0,-15.883,10.57,1565.0,Kings' Rest,11,2026-08-18,1565.0,2.0,0.0
all,T:Protection Paladin | H:Restoration Shaman | D:Subtlety Rogue | D:Elemental Shaman | D:Arms Warrior,8,3.54,10.6,17.4,32.6,26.2,-15.883,10.57,1213.0,Voidscar Arena,10,2026-08-18,1348.0,5.0,0.0
all,T:Protection Warrior | H:Preservation Evoker | D:Marksmanship Hunter | D:Subtlety Rogue | D:Destruction Warlock,2,3.54,11.0,12.2,14.3,12.2,-15.883,10.57,1646.0,Temple of Sethraliss,11,2026-08-18,1634.0,7.5,0.0
all,T:Protection Warrior | H:Restoration Druid | D:Devastation Evoker | D:Shadow Priest | D:Elemental Shaman,1,3.54,11.0,21.0,21.0,21.0,-15.883,10.57,1517.0,Temple of Sethraliss,11,2026-08-18,1517.0,8.0,0.0
all,T:Vengeance DemonHunter | H:Restoration Shaman | D:Marksmanship Hunter | D:Retribution Paladin | D:Fury Warrior,1,3.54,11.0,21.0,21.0,21.0,-15.883,10.57,1422.0,Altar of Fangs,11,2026-08-19,1422.0,4.0,0.0
all,T:Blood DeathKnight | H:Restoration Shaman | D:Unholy DeathKnight | D:Windwalker Monk | D:Assassination Rogue,1,3.54,11.0,21.0,21.0,21.0,-15.883,10.57,1327.0,Ruby Life Pools,11,2026-08-19,1327.0,3.0,0.0
all,T:Blood DeathKnight | H:Restoration Shaman | D:Unholy DeathKnight | D:Balance Druid | D:Elemental Shaman,1,3.52,11.0,20.9,20.9,20.9,-15.883,10.57,1519.0,Temple of Sethraliss,11,2026-08-19,1519.0,0.0,0.0
all,T:Blood DeathKnight | H:Discipline Priest | D:Balance Druid | D:BeastMastery Hunter | D:Fury Warrior,1,3.51,11.0,20.8,20.8,20.8,-15.883,10.57,1520.0,Temple of Sethraliss,11,2026-08-19,1520.0,0.0,0.0
all,T:Blood DeathKnight | H:Restoration Shaman | D:Havoc DemonHunter | D:Windwalker Monk | D:Shadow Priest,1,3.5,12.0,-11.0,-11.0,-11.0,-15.883,10.57,2199.0,Kings' Rest,12,2026-08-18,2199.0,16.0,0.0
all,T:Protection Paladin | H:Restoration Shaman | D:Marksmanship Hunter | D:Arcane Mage | D:Subtlety Rogue,1,3.49,11.0,20.7,20.7,20.7,-15.883,10.57,1333.0,Ruby Life Pools,11,2026-08-19,1333.0,2.0,0.0
all,T:Protection Warrior | H:Holy Paladin | D:Devourer DemonHunter | D:Arcane Mage | D:Windwalker Monk,1,3.47,11.0,20.6,20.6,20.6,-15.883,10.57,1525.0,Temple of Sethraliss,11,2026-08-18,1525.0,1.0,0.0
all,T:Brewmaster Monk | H:Holy Paladin | D:Balance Druid | D:Assassination Rogue | D:Arms Warrior,1,3.47,11.0,20.6,20.6,20.6,-15.883,10.57,1524.0,Temple of Sethraliss,11,2026-08-19,1524.0,2.0,0.0
all,T:Blood DeathKnight | H:Restoration Shaman | D:Devourer DemonHunter | D:Marksmanship Hunter | D:Arms Warrior,1,3.46,11.0,20.5,20.5,20.5,-15.883,10.57,1622.0,Murder Row,11,2026-08-19,1622.0,4.0,0.0
all,T:Blood DeathKnight | H:Discipline Priest | D:Devastation Evoker | D:Arcane Mage | D:Assassination Rogue,3,3.46,11.0,9.0,16.9,8.6,-15.883,10.57,1595.0,Den of Nalorakk,11,2026-08-18,1809.0,6.33,0.0
all,T:Blood DeathKnight | H:Restoration Shaman | D:Frost DeathKnight | D:Retribution Paladin | D:Affliction Warlock,1,3.45,12.0,-11.3,-11.3,-11.3,-15.883,10.57,2271.0,Murder Row,12,2026-08-19,2271.0,1.0,0.0
all,T:Vengeance DemonHunter | H:Restoration Druid | D:Devourer DemonHunter | D:Arcane Mage | D:Arms Warrior,1,3.44,11.0,20.4,20.4,20.4,-15.883,10.57,1623.0,Murder Row,11,2026-08-18,1623.0,5.0,0.0
all,T:Protection Warrior | H:Mistweaver Monk | D:Retribution Paladin | D:Shadow Priest | D:Enhancement Shaman,1,3.44,11.0,20.4,20.4,20.4,-15.883,10.57,1528.0,Den of Nalorakk,11,2026-08-19,1528.0,2.0,0.0
all,T:Blood DeathKnight | H:Holy Paladin | D:Unholy DeathKnight | D:Unholy DeathKnight | D:Arms Warrior,1,3.44,11.0,20.4,20.4,20.4,-15.883,10.57,1337.0,Ruby Life Pools,11,2026-08-19,1337.0,2.0,0.0
all,T:Protection Warrior | H:Discipline Priest | D:Havoc DemonHunter | D:Marksmanship Hunter | D:Demonology Warlock,1,3.44,11.0,20.4,20.4,20.4,-15.883,10.57,1432.0,Voidscar Arena,11,2026-08-19,1432.0,6.0,0.0
all,T:Protection Paladin | H:Holy Paladin | D:Marksmanship Hunter | D:Destruction Warlock | D:Arms Warrior,1,3.44,11.0,20.4,20.4,20.4,-15.883,10.57,1338.0,Ruby Life Pools,11,2026-08-19,1338.0,3.0,0.0
all,T:Protection Paladin | H:Holy Paladin | D:Balance Druid | D:Arcane Mage | D:Retribution Paladin,1,3.44,11.0,20.4,20.4,20.4,-15.883,10.57,1528.0,Temple of Sethraliss,11,2026-08-19,1528.0,2.0,0.0
all,T:Guardian Druid | H:Restoration Shaman | D:Unholy DeathKnight | D:Windwalker Monk | D:Subtlety Rogue,1,3.44,11.0,20.4,20.4,20.4,-15.883,10.57,1576.0,Kings' Rest,11,2026-08-19,1576.0,7.0,0.0
all,T:Protection Warrior | H:Preservation Evoker | D:Windwalker Monk | D:Retribution Paladin | D:Shadow Priest,3,3.43,11.0,8.9,17.9,11.6,-15.883,10.57,1675.0,Murder Row,11,2026-08-19,1675.0,8.0,0.0
all,T:Blood DeathKnight | H:Restoration Shaman | D:Feral Druid | D:Marksmanship Hunter | D:Arms Warrior,1,3.42,11.0,20.3,20.3,20.3,-15.883,10.57,1531.0,Temple of Sethraliss,11,2026-08-18,1531.0,3.0,0.0
all,T:Guardian Druid | H:Mistweaver Monk | D:Unholy DeathKnight | D:Elemental Shaman | D:Demonology Warlock,1,3.42,11.0,20.3,20.3,20.3,-15.883,10.57,1435.0,Voidscar Arena,11,2026-08-18,1435.0,1.0,0.0
all,T:Vengeance DemonHunter | H:Preservation Evoker | D:Arcane Mage | D:Demonology Warlock | D:Arms Warrior,1,3.41,11.0,20.2,20.2,20.2,-15.883,10.57,1581.0,Kings' Rest,11,2026-08-18,1581.0,4.0,0.0
all,T:Blood DeathKnight | H:Preservation Evoker | D:Devastation Evoker | D:Outlaw Rogue | D:Elemental Shaman,1,3.41,11.0,20.2,20.2,20.2,-15.883,10.57,1436.0,Altar of Fangs,11,2026-08-19,1436.0,4.0,0.0
all,T:Blood DeathKnight | H:Holy Paladin | D:BeastMastery Hunter | D:Subtlety Rogue | D:Fury Warrior,2,3.41,10.5,27.6,27.6,27.6,-15.883,10.57,1390.0,Temple of Sethraliss,10,2026-08-19,1390.0,2.0,0.0
all,T:Protection Warrior | H:Holy Paladin | D:Devourer DemonHunter | D:Arcane Mage | D:Retribution Paladin,2,3.41,11.0,11.7,13.4,11.7,-15.883,10.57,1767.0,Murder Row,11,2026-08-19,1640.0,1.0,0.0
all,T:Guardian Druid | H:Holy Paladin | D:Arcane Mage | D:Elemental Shaman | D:Arms Warrior,3,3.4,10.7,19.4,23.1,20.4,-15.883,10.57,1477.0,Den of Nalorakk,10,2026-08-19,1477.0,2.0,0.0
all,T:Brewmaster Monk | H:Mistweaver Monk | D:Marksmanship Hunter | D:Arcane Mage | D:Subtlety Rogue,2,3.39,11.5,-4.2,10.0,-4.2,-15.883,10.57,1727.0,Temple of Sethraliss,11,2026-08-19,1859.0,9.0,0.0
all,T:Protection Paladin | H:Mistweaver Monk | D:BeastMastery Hunter | D:Arcane Mage | D:Subtlety Rogue,1,3.39,11.0,20.1,20.1,20.1,-15.883,10.57,1630.0,Murder Row,11,2026-08-19,1630.0,5.0,0.0
all,T:Brewmaster Monk | H:Holy Paladin | D:Devourer DemonHunter | D:Arcane Mage | D:Shadow Priest,3,3.38,11.0,8.8,14.5,7.4,-15.883,10.57,1641.0,Den of Nalorakk,11,2026-08-18,1641.0,8.0,0.0
all,T:Blood DeathKnight | H:Mistweaver Monk | D:Unholy DeathKnight | D:Balance Druid | D:Arcane Mage,1,3.37,11.0,20.0,20.0,20.0,-15.883,10.57,1441.0,Voidscar Arena,11,2026-08-18,1441.0,5.0,0.0
all,T:Guardian Druid | H:Restoration Shaman | D:Unholy DeathKnight | D:Balance Druid | D:Elemental Shaman,1,3.37,11.0,20.0,20.0,20.0,-15.883,10.57,1633.0,Murder Row,11,2026-08-18,1633.0,2.0,0.0
all,T:Guardian Druid | H:Restoration Shaman | D:Arcane Mage | D:Outlaw Rogue | D:Arms Warrior,1,3.37,11.0,20.0,20.0,20.0,-15.883,10.57,1440.0,The Blinding Vale,11,2026-08-18,1440.0,2.0,0.0
all,T:Guardian Druid | H:Restoration Shaman | D:Unholy DeathKnight | D:BeastMastery Hunter | D:Arcane Mage,1,3.36,11.0,19.9,19.9,19.9,-15.883,10.57,1443.0,The Blinding Vale,11,2026-08-19,1443.0,2.0,0.0
all,T:Vengeance DemonHunter | H:Holy Paladin | D:Arcane Mage | D:Elemental Shaman | D:Arms Warrior,3,3.35,11.3,-1.9,15.0,5.7,-15.883,10.57,1734.0,Murder Row,11,2026-08-18,1734.0,9.33,0.0
all,T:Blood DeathKnight | H:Restoration Shaman | D:Unholy DeathKnight | D:Devastation Evoker | D:Arms Warrior,2,3.34,11.0,11.4,12.5,11.4,-15.883,10.57,1680.0,Temple of Sethraliss,11,2026-08-18,1646.0,4.0,0.0
all,T:Blood DeathKnight | H:Holy Paladin | D:Frost DeathKnight | D:Balance Druid | D:Arcane Mage,2,3.34,11.0,11.4,15.0,11.4,-15.883,10.57,1530.0,The Blinding Vale,11,2026-08-18,1676.0,4.0,0.0
all,T:Guardian Druid | H:Restoration Shaman | D:Devourer DemonHunter | D:Arcane Mage | D:Shadow Priest,3,3.33,11.0,8.6,13.9,8.6,-15.883,10.57,1447.0,Ruby Life Pools,11,2026-08-19,1755.0,4.33,0.0
all,T:Brewmaster Monk | H:Preservation Evoker | D:Unholy DeathKnight | D:Balance Druid | D:Arcane Mage,3,3.33,11.0,8.6,24.3,10.9,-15.883,10.57,1453.0,Temple of Sethraliss,10,2026-08-18,1603.0,11.0,0.0
all,T:Protection Paladin | H:Mistweaver Monk | D:Unholy DeathKnight | D:Elemental Shaman | D:Arms Warrior,3,3.33,11.3,-1.9,17.7,-4.0,-15.883,10.57,1580.0,Den of Nalorakk,11,2026-08-19,2122.0,14.33,0.0
all,T:Vengeance DemonHunter | H:Holy Priest | D:Devastation Evoker | D:Survival Hunter | D:Demonology Warlock,1,3.32,11.0,19.7,19.7,19.7,-15.883,10.57,1639.0,Murder Row,11,2026-08-19,1639.0,1.0,0.0
all,T:Blood DeathKnight | H:Preservation Evoker | D:Arcane Mage | D:Elemental Shaman | D:Arms Warrior,1,3.32,11.0,19.7,19.7,19.7,-15.883,10.57,1589.0,Kings' Rest,11,2026-08-18,1589.0,9.0,0.0
all,T:Protection Paladin | H:Restoration Shaman | D:Balance Druid | D:Fire Mage | D:Arms Warrior,1,3.32,12.0,-12.1,-12.1,-12.1,-15.883,10.57,2018.0,Altar of Fangs,12,2026-08-18,2018.0,6.0,0.0
all,T:Brewmaster Monk | H:Restoration Druid | D:BeastMastery Hunter | D:Arcane Mage | D:Affliction Warlock,1,3.31,11.0,19.6,19.6,19.6,-15.883,10.57,1446.0,Voidscar Arena,11,2026-08-19,1446.0,6.0,0.0
all,T:Blood DeathKnight | H:Mistweaver Monk | D:Devourer DemonHunter | D:Feral Druid | D:Shadow Priest,1,3.31,11.0,19.6,19.6,19.6,-15.883,10.57,1591.0,Kings' Rest,11,2026-08-19,1591.0,2.0,0.0
all,T:Protection Paladin | H:Mistweaver Monk | D:Survival Hunter | D:Retribution Paladin | D:Enhancement Shaman,1,3.29,11.0,19.5,19.5,19.5,-15.883,10.57,1353.0,Ruby Life Pools,11,2026-08-19,1353.0,2.0,0.0
all,T:Protection Paladin | H:Preservation Evoker | D:Frost DeathKnight | D:Arcane Mage | D:Arms Warrior,2,3.27,11.0,11.2,14.6,11.2,-15.883,10.57,1536.0,The Blinding Vale,11,2026-08-18,1653.0,3.5,0.0
all,T:Protection Paladin | H:Holy Priest | D:Frost DeathKnight | D:Arcane Mage | D:Elemental Shaman,1,3.27,11.0,19.4,19.4,19.4,-15.883,10.57,1596.0,Kings' Rest,11,2026-08-19,1596.0,0.0,0.0
all,T:Guardian Druid | H:Restoration Shaman | D:Retribution Paladin | D:Shadow Priest | D:Arms Warrior,1,3.26,11.0,19.3,19.3,19.3,-15.883,10.57,1550.0,Den of Nalorakk,11,2026-08-19,1550.0,1.0,0.0
all,T:Guardian Druid | H:Restoration Shaman | D:Unholy DeathKnight | D:Outlaw Rogue | D:Arms Warrior,2,3.25,11.0,11.2,22.6,11.2,-15.883,10.57,1579.0,Murder Row,11,2026-08-18,1753.0,5.0,0.0
all,T:Blood DeathKnight | H:Discipline Priest | D:Devastation Evoker | D:Affliction Warlock | D:Arms Warrior,5,3.25,10.6,19.0,27.9,18.9,-15.883,10.57,1385.0,Den of Nalorakk,10,2026-08-18,1524.0,7.4,0.0
all,T:Guardian Druid | H:Discipline Priest | D:Devourer DemonHunter | D:Marksmanship Hunter | D:Arcane Mage,1,3.24,11.0,19.2,19.2,19.2,-15.883,10.57,1455.0,Voidscar Arena,11,2026-08-19,1455.0,4.0,0.0
all,T:Blood DeathKnight | H:Holy Paladin | D:Unholy DeathKnight | D:Devourer DemonHunter | D:Arcane Mage,6,3.23,10.8,11.0,25.2,9.3,-15.883,10.57,1526.0,Murder Row,10,2026-08-18,1663.0,6.5,0.0
all,T:Blood DeathKnight | H:Mistweaver Monk | D:Augmentation Evoker | D:Retribution Paladin | D:Elemental Shaman,2,3.22,11.0,11.0,11.8,11.0,-15.883,10.57,1588.0,Voidscar Arena,11,2026-08-18,1601.0,7.0,0.0
all,T:Blood DeathKnight | H:Mistweaver Monk | D:BeastMastery Hunter | D:Enhancement Shaman | D:Arms Warrior,1,3.22,11.0,19.1,19.1,19.1,-15.883,10.57,1455.0,Altar of Fangs,11,2026-08-18,1455.0,0.0,0.0
all,T:Blood DeathKnight | H:Restoration Shaman | D:Frost DeathKnight | D:Elemental Shaman | D:Demonology Warlock,2,3.22,11.0,11.0,13.4,11.0,-15.883,10.57,1766.0,Murder Row,11,2026-08-18,1787.0,7.0,0.0
all,T:Blood DeathKnight | H:Holy Priest | D:Arcane Mage | D:Shadow Priest | D:Subtlety Rogue,1,3.22,11.0,19.1,19.1,19.1,-15.883,10.57,1602.0,Kings' Rest,11,2026-08-19,1602.0,3.0,0.0
all,T:Protection Warrior | H:Mistweaver Monk | D:Unholy DeathKnight | D:Survival Hunter | D:Shadow Priest,1,3.21,11.0,19.0,19.0,19.0,-15.883,10.57,1361.0,Ruby Life Pools,11,2026-08-18,1361.0,8.0,0.0
all,T:Blood DeathKnight | H:Discipline Priest | D:Frost DeathKnight | D:Arcane Mage | D:Arms Warrior,3,3.21,11.0,8.3,13.7,5.8,-15.883,10.57,1709.0,Kings' Rest,11,2026-08-18,1709.0,1.67,0.0
all,T:Guardian Druid | H:Mistweaver Monk | D:Unholy DeathKnight | D:BeastMastery Hunter | D:Subtlety Rogue,1,3.21,11.0,19.0,19.0,19.0,-15.883,10.57,1361.0,Ruby Life Pools,11,2026-08-19,1361.0,7.0,0.0
all,T:Blood DeathKnight | H:Restoration Shaman | D:Enhancement Shaman | D:Demonology Warlock | D:Arms Warrior,3,3.2,11.0,8.3,13.8,11.1,-15.883,10.57,1551.0,The Blinding Vale,11,2026-08-19,1707.0,13.67,0.0
all,T:Protection Warrior | H:Holy Paladin | D:Devourer DemonHunter | D:Marksmanship Hunter | D:Arms Warrior,5,3.19,10.2,31.6,37.2,29.8,-15.883,10.57,1281.0,Murder Row,10,2026-08-18,1291.0,2.2,0.0
all,T:Blood DeathKnight | H:Preservation Evoker | D:Arcane Mage | D:Demonology Warlock | D:Arms Warrior,1,3.19,11.0,18.9,18.9,18.9,-15.883,10.57,1557.0,Temple of Sethraliss,11,2026-08-18,1557.0,7.0,0.0
all,T:Protection Warrior | H:Restoration Shaman | D:BeastMastery Hunter | D:Retribution Paladin | D:Demonology Warlock,1,3.19,11.0,18.9,18.9,18.9,-15.883,10.57,1556.0,Temple of Sethraliss,11,2026-08-19,1556.0,5.0,0.0
all,T:Blood DeathKnight | H:Preservation Evoker | D:Frost DeathKnight | D:BeastMastery Hunter | D:Arms Warrior,1,3.17,11.0,18.8,18.8,18.8,-15.883,10.57,1607.0,Kings' Rest,11,2026-08-18,1607.0,3.0,0.0
all,T:Guardian Druid | H:Restoration Shaman | D:Devastation Evoker | D:BeastMastery Hunter | D:Marksmanship Hunter,1,3.17,11.0,18.8,18.8,18.8,-15.883,10.57,1461.0,Altar of Fangs,11,2026-08-19,1461.0,1.0,0.0
all,T:Protection Paladin | H:Restoration Shaman | D:Windwalker Monk | D:Subtlety Rogue | D:Arms Warrior,1,3.17,11.0,18.8,18.8,18.8,-15.883,10.57,1559.0,Den of Nalorakk,11,2026-08-18,1559.0,1.0,0.0
all,T:Blood DeathKnight | H:Mistweaver Monk | D:BeastMastery Hunter | D:Arcane Mage | D:Retribution Paladin,1,3.17,11.0,18.8,18.8,18.8,-15.883,10.57,1462.0,Voidscar Arena,11,2026-08-19,1462.0,8.0,0.0
all,T:Protection Paladin | H:Restoration Druid | D:Frost DeathKnight | D:Arms Warrior | D:Fury Warrior,1,3.17,11.0,18.8,18.8,18.8,-15.883,10.57,1462.0,The Blinding Vale,11,2026-08-18,1462.0,3.0,0.0
all,T:Blood DeathKnight | H:Discipline Priest | D:Unholy DeathKnight | D:Devastation Evoker | D:Enhancement Shaman,1,3.16,11.0,18.7,18.7,18.7,-15.883,10.57,1561.0,Den of Nalorakk,11,2026-08-18,1561.0,2.0,0.0
all,T:Vengeance DemonHunter | H:Holy Paladin | D:Balance Druid | D:Elemental Shaman | D:Destruction Warlock,5,3.16,10.8,12.4,22.6,16.3,-15.883,10.57,1300.0,Ruby Life Pools,10,2026-08-19,1608.0,8.2,0.0
all,T:Blood DeathKnight | H:Holy Paladin | D:Windwalker Monk | D:Elemental Shaman | D:Demonology Warlock,1,3.16,11.0,18.7,18.7,18.7,-15.883,10.57,1658.0,Murder Row,11,2026-08-19,1658.0,2.0,0.0
all,T:Protection Paladin | H:Discipline Priest | D:Arcane Mage | D:Demonology Warlock | D:Arms Warrior,3,3.16,11.3,-2.4,12.4,5.1,-15.883,10.57,1681.0,Den of Nalorakk,11,2026-08-18,1708.0,12.33,0.0
all,T:Protection Paladin | H:Discipline Priest | D:Unholy DeathKnight | D:Marksmanship Hunter | D:Arms Warrior,5,3.15,10.6,18.8,24.2,21.3,-15.883,10.57,1547.0,Murder Row,11,2026-08-19,1547.0,4.0,0.0
all,T:Blood DeathKnight | H:Mistweaver Monk | D:Retribution Paladin | D:Elemental Shaman | D:Destruction Warlock,2,3.15,11.0,10.8,13.7,10.8,-15.883,10.57,1709.0,Kings' Rest,11,2026-08-18,1766.0,8.0,0.0
all,T:Protection Paladin | H:Preservation Evoker | D:Balance Druid | D:Retribution Paladin | D:Demonology Warlock,1,3.14,11.0,18.6,18.6,18.6,-15.883,10.57,1466.0,The Blinding Vale,11,2026-08-19,1466.0,0.0,0.0
all,T:Blood DeathKnight | H:Restoration Shaman | D:Unholy DeathKnight | D:Windwalker Monk | D:Subtlety Rogue,1,3.14,11.0,18.6,18.6,18.6,-15.883,10.57,1466.0,The Blinding Vale,11,2026-08-19,1466.0,4.0,0.0
all,T:Blood DeathKnight | H:Holy Paladin | D:Frost DeathKnight | D:Devourer DemonHunter | D:Enhancement Shaman,1,3.14,11.0,18.6,18.6,18.6,-15.883,10.57,1466.0,The Blinding Vale,11,2026-08-19,1466.0,7.0,0.0
all,T:Blood DeathKnight | H:Holy Paladin | D:Assassination Rogue | D:Enhancement Shaman | D:Arms Warrior,1,3.14,11.0,18.6,18.6,18.6,-15.883,10.57,1562.0,Temple of Sethraliss,11,2026-08-19,1562.0,8.0,0.0
all,T:Vengeance DemonHunter | H:Restoration Shaman | D:Marksmanship Hunter | D:Arcane Mage | D:Arms Warrior,1,3.14,11.0,18.6,18.6,18.6,-15.883,10.57,1465.0,Voidscar Arena,11,2026-08-18,1465.0,6.0,0.0
all,T:Blood DeathKnight | H:Holy Paladin | D:Marksmanship Hunter | D:Arcane Mage | D:Retribution Paladin,1,3.14,11.0,18.6,18.6,18.6,-15.883,10.57,1660.0,Murder Row,11,2026-08-19,1660.0,9.0,0.0
all,T:Guardian Druid | H:Mistweaver Monk | D:BeastMastery Hunter | D:Enhancement Shaman | D:Arms Warrior,1,3.14,11.0,18.6,18.6,18.6,-15.883,10.57,1367.0,Ruby Life Pools,11,2026-08-18,1367.0,10.0,0.0
all,T:Blood DeathKnight | H:Holy Paladin | D:Unholy DeathKnight | D:Devourer DemonHunter | D:Marksmanship Hunter,1,3.12,11.0,18.5,18.5,18.5,-15.883,10.57,1614.0,Kings' Rest,11,2026-08-18,1614.0,1.0,0.0
all,T:Vengeance DemonHunter | H:Mistweaver Monk | D:Unholy DeathKnight | D:Devourer DemonHunter | D:Subtlety Rogue,1,3.12,11.0,18.5,18.5,18.5,-15.883,10.57,1468.0,Voidscar Arena,11,2026-08-18,1468.0,8.0,0.0
all,T:Blood DeathKnight | H:Holy Paladin | D:BeastMastery Hunter | D:Arcane Mage | D:Destruction Warlock,1,3.11,11.0,18.4,18.4,18.4,-15.883,10.57,1371.0,Ruby Life Pools,11,2026-08-18,1371.0,5.0,0.0
all,T:Protection Paladin | H:Discipline Priest | D:Arcane Mage | D:Destruction Warlock | D:Arms Warrior,1,3.11,11.0,18.4,18.4,18.4,-15.883,10.57,1664.0,Murder Row,11,2026-08-18,1664.0,3.0,0.0
all,T:Blood DeathKnight | H:Restoration Shaman | D:Devourer DemonHunter | D:BeastMastery Hunter | D:Arcane Mage,1,3.11,11.0,18.4,18.4,18.4,-15.883,10.57,1371.0,Ruby Life Pools,11,2026-08-18,1371.0,5.0,0.0
all,T:Blood DeathKnight | H:Holy Priest | D:Unholy DeathKnight | D:Balance Druid | D:Arcane Mage,1,3.11,11.0,18.4,18.4,18.4,-15.883,10.57,1616.0,Kings' Rest,11,2026-08-18,1616.0,2.0,0.0
all,T:Vengeance DemonHunter | H:Preservation Evoker | D:Devourer DemonHunter | D:Arcane Mage | D:Arms Warrior,2,3.1,11.0,10.6,29.6,10.6,-15.883,10.57,1436.0,Murder Row,10,2026-08-18,1694.0,6.5,0.0
all,T:Guardian Druid | H:Discipline Priest | D:Devourer DemonHunter | D:Enhancement Shaman | D:Demonology Warlock,3,3.09,11.0,8.0,13.5,8.1,-15.883,10.57,1660.0,Den of Nalorakk,11,2026-08-19,1660.0,8.67,0.0
all,T:Brewmaster Monk | H:Restoration Druid | D:Devourer DemonHunter | D:Augmentation Evoker | D:Shadow Priest,1,3.09,11.0,18.3,18.3,18.3,-15.883,10.57,1570.0,Temple of Sethraliss,11,2026-08-18,1570.0,6.0,0.0
all,T:Guardian Druid | H:Restoration Druid | D:Unholy DeathKnight | D:Elemental Shaman | D:Demonology Warlock,1,3.09,11.0,18.3,18.3,18.3,-15.883,10.57,1569.0,Temple of Sethraliss,11,2026-08-18,1569.0,6.0,0.0
all,T:Blood DeathKnight | H:Restoration Druid | D:BeastMastery Hunter | D:Shadow Priest | D:Arms Warrior,1,3.09,11.0,18.3,18.3,18.3,-15.883,10.57,1568.0,Den of Nalorakk,11,2026-08-19,1568.0,2.0,0.0
all,T:Guardian Druid | H:Preservation Evoker | D:Devourer DemonHunter | D:Windwalker Monk | D:Shadow Priest,1,3.09,11.0,18.3,18.3,18.3,-15.883,10.57,1666.0,Murder Row,11,2026-08-18,1666.0,10.0,0.0
all,T:Blood DeathKnight | H:Discipline Priest | D:Devourer DemonHunter | D:Arcane Mage | D:Demonology Warlock,2,3.08,11.0,10.5,32.3,10.5,-15.883,10.57,1341.0,Kings' Rest,10,2026-08-18,1738.0,7.5,0.0
all,T:Blood DeathKnight | H:Holy Paladin | D:Unholy DeathKnight | D:Devourer DemonHunter | D:Devastation Evoker,2,3.07,11.0,10.5,11.4,10.5,-15.883,10.57,1701.0,Den of Nalorakk,11,2026-08-18,1718.0,7.0,0.0
all,T:Blood DeathKnight | H:Mistweaver Monk | D:Havoc DemonHunter | D:Retribution Paladin | D:Elemental Shaman,1,3.07,11.0,18.2,18.2,18.2,-15.883,10.57,1670.0,Murder Row,11,2026-08-19,1670.0,3.0,0.0
all,T:Protection Warrior | H:Restoration Shaman | D:Havoc DemonHunter | D:Outlaw Rogue | D:Arms Warrior,2,3.07,10.5,26.4,26.6,26.4,-15.883,10.57,1321.0,The Blinding Vale,10,2026-08-18,1413.0,3.5,0.0
all,T:Blood DeathKnight | H:Holy Paladin | D:Unholy DeathKnight | D:Balance Druid | D:Elemental Shaman,1,3.07,11.0,18.2,18.2,18.2,-15.883,10.57,1620.0,Kings' Rest,11,2026-08-19,1620.0,2.0,0.0
all,T:Brewmaster Monk | H:Restoration Shaman | D:Balance Druid | D:Assassination Rogue | D:Fury Warrior,1,3.06,11.0,18.1,18.1,18.1,-15.883,10.57,1622.0,Kings' Rest,11,2026-08-18,1622.0,1.0,0.0
all,T:Guardian Druid | H:Holy Paladin | D:Arcane Mage | D:Affliction Warlock | D:Demonology Warlock,1,3.06,11.0,18.1,18.1,18.1,-15.883,10.57,1670.0,Murder Row,11,2026-08-18,1670.0,2.0,0.0
all,T:Blood DeathKnight | H:Holy Priest | D:Balance Druid | D:Retribution Paladin | D:Demonology Warlock,1,3.06,11.0,18.1,18.1,18.1,-15.883,10.57,1573.0,Temple of Sethraliss,11,2026-08-18,1573.0,0.0,0.0
all,T:Blood DeathKnight | H:Preservation Evoker | D:Arcane Mage | D:Arcane Mage | D:Demonology Warlock,4,3.06,10.8,14.6,21.9,13.3,-15.883,10.57,1406.0,Voidscar Arena,10,2026-08-18,1701.0,7.5,0.0
all,T:Brewmaster Monk | H:Preservation Evoker | D:Balance Druid | D:Arcane Mage | D:Destruction Warlock,2,3.06,11.5,-5.4,13.1,-5.4,-15.883,10.57,1720.0,Kings' Rest,11,2026-08-18,2049.0,14.0,0.0
all,T:Vengeance DemonHunter | H:Holy Paladin | D:Havoc DemonHunter | D:Devastation Evoker | D:Elemental Shaman,1,3.06,11.0,18.1,18.1,18.1,-15.883,10.57,1473.0,Voidscar Arena,11,2026-08-18,1473.0,3.0,0.0
all,T:Blood DeathKnight | H:Restoration Shaman | D:Retribution Paladin | D:Assassination Rogue | D:Arms Warrior,1,3.06,11.0,18.1,18.1,18.1,-15.883,10.57,1475.0,The Blinding Vale,11,2026-08-18,1475.0,6.0,0.0
all,T:Blood DeathKnight | H:Holy Paladin | D:Devourer DemonHunter | D:Arcane Mage | D:Arms Warrior,13,3.05,10.7,13.8,28.4,19.1,-15.883,10.57,1375.0,Den of Nalorakk,10,2026-08-19,1483.0,5.69,0.0
all,T:Guardian Druid | H:Mistweaver Monk | D:Assassination Rogue | D:Elemental Shaman | D:Arms Warrior,1,3.04,11.0,18.0,18.0,18.0,-15.883,10.57,1476.0,Voidscar Arena,11,2026-08-18,1476.0,4.0,0.0
all,T:Brewmaster Monk | H:Restoration Shaman | D:Unholy DeathKnight | D:Marksmanship Hunter | D:Retribution Paladin,1,3.04,11.0,18.0,18.0,18.0,-15.883,10.57,1575.0,Den of Nalorakk,11,2026-08-19,1575.0,1.0,0.0
all,T:Protection Paladin | H:Holy Paladin | D:Devastation Evoker | D:Demonology Warlock | D:Arms Warrior,1,3.02,11.0,17.9,17.9,17.9,-15.883,10.57,1477.0,The Blinding Vale,11,2026-08-19,1477.0,0.0,0.0
all,T:Protection Paladin | H:Preservation Evoker | D:Arcane Mage | D:Demonology Warlock | D:Arms Warrior,1,3.01,11.0,17.8,17.8,17.8,-15.883,10.57,1628.0,Kings' Rest,11,2026-08-18,1628.0,3.0,0.0
all,T:Protection Paladin | H:Holy Priest | D:Arcane Mage | D:Elemental Shaman | D:Arms Warrior,1,3.01,11.0,17.8,17.8,17.8,-15.883,10.57,1480.0,The Blinding Vale,11,2026-08-19,1480.0,4.0,0.0
all,T:Vengeance DemonHunter | H:Holy Priest | D:Devastation Evoker | D:Arcane Mage | D:Retribution Paladin,1,3.01,11.0,17.8,17.8,17.8,-15.883,10.57,1676.0,Murder Row,11,2026-08-18,1676.0,2.0,0.0
all,T:Blood DeathKnight | H:Discipline Priest | D:Balance Druid | D:Arcane Mage | D:Arms Warrior,3,2.99,10.7,18.3,21.4,18.1,-15.883,10.57,1415.0,Altar of Fangs,10,2026-08-18,1520.0,1.33,0.0
all,T:Blood DeathKnight | H:Holy Paladin | D:Arcane Mage | D:Retribution Paladin | D:Assassination Rogue,1,2.99,11.0,17.7,17.7,17.7,-15.883,10.57,1382.0,Ruby Life Pools,11,2026-08-18,1382.0,6.0,0.0
all,T:Vengeance DemonHunter | H:Holy Paladin | D:Balance Druid | D:Arcane Mage | D:Arcane Mage,2,2.98,11.0,10.2,20.4,10.2,-15.883,10.57,1529.0,Temple of Sethraliss,11,2026-08-18,1604.0,4.5,0.0
all,T:Protection Paladin | H:Mistweaver Monk | D:Devourer DemonHunter | D:Arcane Mage | D:Shadow Priest,1,2.98,12.0,-14.1,-14.1,-14.1,-15.883,10.57,2054.0,The Blinding Vale,12,2026-08-19,2054.0,11.0,0.0
all,T:Protection Paladin | H:Mistweaver Monk | D:Frost DeathKnight | D:Arcane Mage | D:Arcane Mage,1,2.97,11.0,17.6,17.6,17.6,-15.883,10.57,1631.0,Kings' Rest,11,2026-08-18,1631.0,7.0,0.0
all,T:Blood DeathKnight | H:Restoration Shaman | D:Frost DeathKnight | D:Arcane Mage | D:Demonology Warlock,1,2.97,11.0,17.6,17.6,17.6,-15.883,10.57,1483.0,The Blinding Vale,11,2026-08-18,1483.0,1.0,0.0
all,T:Protection Warrior | H:Restoration Shaman | D:Unholy DeathKnight | D:Arcane Mage | D:Shadow Priest,2,2.97,10.5,26.0,35.3,26.0,-15.883,10.57,1087.0,Ruby Life Pools,10,2026-08-19,1292.0,1.5,0.0
all,T:Blood DeathKnight | H:Holy Paladin | D:Frost Mage | D:Windwalker Monk | D:Elemental Shaman,1,2.97,11.0,17.6,17.6,17.6,-15.883,10.57,1632.0,Kings' Rest,11,2026-08-18,1632.0,1.0,0.0
all,T:Guardian Druid | H:Restoration Shaman | D:BeastMastery Hunter | D:Shadow Priest | D:Arms Warrior,1,2.96,11.0,17.5,17.5,17.5,-15.883,10.57,1682.0,Murder Row,11,2026-08-18,1682.0,8.0,0.0
all,T:Guardian Druid | H:Mistweaver Monk | D:Devourer DemonHunter | D:Devastation Evoker | D:Windwalker Monk,3,2.96,10.3,28.8,33.8,29.4,-15.883,10.57,1270.0,Den of Nalorakk,10,2026-08-18,1380.0,3.33,0.0
all,T:Guardian Druid | H:Restoration Shaman | D:BeastMastery Hunter | D:Frost Mage | D:Arms Warrior,1,2.96,11.0,17.5,17.5,17.5,-15.883,10.57,1584.0,Temple of Sethraliss,11,2026-08-19,1584.0,15.0,0.0
all,T:Blood DeathKnight | H:Holy Paladin | D:Frost DeathKnight | D:Frost DeathKnight | D:Arms Warrior,1,2.96,11.0,17.5,17.5,17.5,-15.883,10.57,1385.0,Ruby Life Pools,11,2026-08-19,1385.0,2.0,0.0
all,T:Blood DeathKnight | H:Restoration Druid | D:Frost DeathKnight | D:Arcane Mage | D:Arms Warrior,9,2.96,10.2,29.1,37.9,31.7,-15.883,10.57,1043.0,Ruby Life Pools,10,2026-08-18,1321.0,3.78,0.0
all,T:Protection Paladin | H:Preservation Evoker | D:Devourer DemonHunter | D:Retribution Paladin | D:Elemental Shaman,1,2.96,11.0,17.5,17.5,17.5,-15.883,10.57,1584.0,Temple of Sethraliss,11,2026-08-18,1584.0,4.0,0.0
all,T:Blood DeathKnight | H:Holy Paladin | D:Marksmanship Hunter | D:Shadow Priest | D:Arms Warrior,1,2.96,11.0,17.5,17.5,17.5,-15.883,10.57,1682.0,Murder Row,11,2026-08-18,1682.0,4.0,0.0
all,T:Guardian Druid | H:Restoration Shaman | D:Retribution Paladin | D:Elemental Shaman | D:Demonology Warlock,2,2.95,11.0,10.1,15.4,10.1,-15.883,10.57,1524.0,Voidscar Arena,11,2026-08-19,1562.0,5.0,0.0
all,T:Vengeance DemonHunter | H:Mistweaver Monk | D:Unholy DeathKnight | D:Devastation Evoker | D:Retribution Paladin,1,2.94,11.0,17.4,17.4,17.4,-15.883,10.57,1635.0,Kings' Rest,11,2026-08-19,1635.0,4.0,0.0
all,T:Protection Paladin | H:Restoration Shaman | D:Marksmanship Hunter | D:Retribution Paladin | D:Demonology Warlock,1,2.94,11.0,17.4,17.4,17.4,-15.883,10.57,1586.0,Temple of Sethraliss,11,2026-08-18,1586.0,5.0,0.0
all,T:Blood DeathKnight | H:Restoration Shaman | D:Shadow Priest | D:Subtlety Rogue | D:Arms Warrior,3,2.94,10.7,18.2,26.3,15.3,-15.883,10.57,1327.0,Voidscar Arena,10,2026-08-19,1524.0,8.33,0.0
all,T:Protection Paladin | H:Restoration Shaman | D:Unholy DeathKnight | D:Arcane Mage | D:Arms Warrior,8,2.94,10.8,12.5,23.0,15.8,-15.883,10.57,1479.0,Temple of Sethraliss,10,2026-08-18,1536.0,6.5,0.0
all,T:Protection Paladin | H:Mistweaver Monk | D:Shadow Priest | D:Destruction Warlock | D:Arms Warrior,3,2.93,11.3,-3.0,7.5,4.1,-15.883,10.57,1554.0,Ruby Life Pools,11,2026-08-18,1841.0,10.0,0.0
all,T:Vengeance DemonHunter | H:Mistweaver Monk | D:Marksmanship Hunter | D:Shadow Priest | D:Arms Warrior,1,2.92,11.0,17.3,17.3,17.3,-15.883,10.57,1489.0,The Blinding Vale,11,2026-08-18,1489.0,13.0,0.0
all,T:Vengeance DemonHunter | H:Holy Priest | D:Marksmanship Hunter | D:Subtlety Rogue | D:Arms Warrior,1,2.92,11.0,17.3,17.3,17.3,-15.883,10.57,1638.0,Kings' Rest,11,2026-08-18,1638.0,2.0,0.0
all,T:Protection Warrior | H:Restoration Shaman | D:Balance Druid | D:Retribution Paladin | D:Subtlety Rogue,1,2.92,11.0,17.3,17.3,17.3,-15.883,10.57,1588.0,Temple of Sethraliss,11,2026-08-18,1588.0,4.0,0.0
all,T:Guardian Druid | H:Restoration Shaman | D:Unholy DeathKnight | D:Destruction Warlock | D:Arms Warrior,1,2.92,11.0,17.3,17.3,17.3,-15.883,10.57,1488.0,The Blinding Vale,11,2026-08-18,1488.0,12.0,0.0
all,T:Blood DeathKnight | H:Mistweaver Monk | D:BeastMastery Hunter | D:Arcane Mage | D:Elemental Shaman,1,2.91,11.0,17.2,17.2,17.2,-15.883,10.57,1490.0,Voidscar Arena,11,2026-08-19,1490.0,10.0,0.0
all,T:Brewmaster Monk | H:Restoration Shaman | D:Retribution Paladin | D:Shadow Priest | D:Outlaw Rogue,1,2.91,11.0,17.2,17.2,17.2,-15.883,10.57,1490.0,The Blinding Vale,11,2026-08-18,1490.0,0.0,0.0
all,T:Blood DeathKnight | H:Holy Paladin | D:Shadow Priest | D:Assassination Rogue | D:Elemental Shaman,1,2.91,11.0,17.2,17.2,17.2,-15.883,10.57,1490.0,Voidscar Arena,11,2026-08-19,1490.0,4.0,0.0
all,T:Guardian Druid | H:Holy Paladin | D:Frost DeathKnight | D:Devourer DemonHunter | D:Enhancement Shaman,1,2.91,11.0,17.2,17.2,17.2,-15.883,10.57,1491.0,The Blinding Vale,11,2026-08-19,1491.0,0.0,0.0
all,T:Blood DeathKnight | H:Holy Paladin | D:Devourer DemonHunter | D:Balance Druid | D:Enhancement Shaman,1,2.89,11.0,17.1,17.1,17.1,-15.883,10.57,1690.0,Murder Row,11,2026-08-19,1690.0,6.0,0.0
all,T:Blood DeathKnight | H:Holy Priest | D:Devastation Evoker | D:Arcane Mage | D:Retribution Paladin,1,2.89,11.0,17.1,17.1,17.1,-15.883,10.57,1591.0,Temple of Sethraliss,11,2026-08-18,1591.0,3.0,0.0
all,T:Protection Paladin | H:Holy Priest | D:Unholy DeathKnight | D:Enhancement Shaman | D:Demonology Warlock,1,2.89,11.0,17.1,17.1,17.1,-15.883,10.57,1592.0,Temple of Sethraliss,11,2026-08-19,1592.0,1.0,0.0
all,T:Brewmaster Monk | H:Restoration Shaman | D:Unholy DeathKnight | D:Balance Druid | D:Retribution Paladin,1,2.89,11.0,17.1,17.1,17.1,-15.883,10.57,1691.0,Murder Row,11,2026-08-19,1691.0,3.0,0.0
all,T:Protection Paladin | H:Restoration Shaman | D:Feral Druid | D:Assassination Rogue | D:Arms Warrior,3,2.89,10.7,18.1,28.2,21.4,-15.883,10.57,1207.0,Ruby Life Pools,10,2026-08-19,1509.0,2.67,0.0
all,T:Blood DeathKnight | H:Preservation Evoker | D:Balance Druid | D:Marksmanship Hunter | D:Assassination Rogue,2,2.88,10.0,41.6,43.7,41.6,-15.883,10.57,1013.0,The Blinding Vale,10,2026-08-19,1051.0,1.5,0.0
all,T:Brewmaster Monk | H:Restoration Shaman | D:Feral Druid | D:Subtlety Rogue | D:Arms Warrior,1,2.87,11.0,17.0,17.0,17.0,-15.883,10.57,1494.0,The Blinding Vale,11,2026-08-19,1494.0,3.0,0.0
all,T:Blood DeathKnight | H:Holy Paladin | D:Unholy DeathKnight | D:Balance Druid | D:BeastMastery Hunter,2,2.87,11.0,9.8,10.8,9.8,-15.883,10.57,1713.0,Den of Nalorakk,11,2026-08-19,1677.0,2.5,0.0
all,T:Blood DeathKnight | H:Preservation Evoker | D:Survival Hunter | D:Retribution Paladin | D:Elemental Shaman,1,2.87,11.0,17.0,17.0,17.0,-15.883,10.57,1494.0,The Blinding Vale,11,2026-08-19,1494.0,2.0,0.0
all,T:Blood DeathKnight | H:Restoration Shaman | D:Devourer DemonHunter | D:Arcane Mage | D:Assassination Rogue,1,2.87,11.0,17.0,17.0,17.0,-15.883,10.57,1493.0,Altar of Fangs,11,2026-08-18,1493.0,7.0,0.0
all,T:Guardian Druid | H:Mistweaver Monk | D:Unholy DeathKnight | D:Arcane Mage | D:Elemental Shaman,1,2.87,11.0,17.0,17.0,17.0,-15.883,10.57,1394.0,Ruby Life Pools,11,2026-08-18,1394.0,9.0,0.0
all,T:Blood DeathKnight | H:Restoration Shaman | D:Devourer DemonHunter | D:Frost Mage | D:Shadow Priest,1,2.87,11.0,17.0,17.0,17.0,-15.883,10.57,1642.0,Kings' Rest,11,2026-08-18,1642.0,6.0,0.0
all,T:Blood DeathKnight | H:Holy Paladin | D:Unholy DeathKnight | D:Arcane Mage | D:Destruction Warlock,1,2.87,11.0,17.0,17.0,17.0,-15.883,10.57,1593.0,Den of Nalorakk,11,2026-08-18,1593.0,0.0,0.0
all,T:Brewmaster Monk | H:Discipline Priest | D:Subtlety Rogue | D:Enhancement Shaman | D:Arms Warrior,3,2.86,10.3,28.6,34.7,34.1,-15.883,10.57,1097.0,Ruby Life Pools,10,2026-08-18,1187.0,7.0,0.0
all,T:Protection Paladin | H:Restoration Shaman | D:Unholy DeathKnight | D:Arcane Mage | D:Shadow Priest,1,2.86,11.0,16.9,16.9,16.9,-15.883,10.57,1496.0,Voidscar Arena,11,2026-08-18,1496.0,4.0,0.0
all,T:Blood DeathKnight | H:Discipline Priest | D:Devourer DemonHunter | D:Devourer DemonHunter | D:Demonology Warlock,1,2.86,11.0,16.9,16.9,16.9,-15.883,10.57,1496.0,The Blinding Vale,11,2026-08-18,1496.0,6.0,0.0
all,T:Guardian Druid | H:Restoration Shaman | D:Unholy DeathKnight | D:Balance Druid | D:Shadow Priest,1,2.86,11.0,16.9,16.9,16.9,-15.883,10.57,1595.0,Den of Nalorakk,11,2026-08-18,1595.0,1.0,0.0
all,T:Blood DeathKnight | H:Holy Paladin | D:Feral Druid | D:Elemental Shaman | D:Arms Warrior,2,2.84,10.5,25.6,29.0,25.6,-15.883,10.57,1363.0,Den of Nalorakk,10,2026-08-19,1382.0,3.5,0.0
all,T:Protection Paladin | H:Mistweaver Monk | D:Arcane Mage | D:Subtlety Rogue | D:Arms Warrior,1,2.84,11.0,16.8,16.8,16.8,-15.883,10.57,1647.0,Kings' Rest,11,2026-08-19,1647.0,1.0,0.0
all,T:Blood DeathKnight | H:Holy Paladin | D:Subtlety Rogue | D:Elemental Shaman | D:Arms Warrior,3,2.83,11.0,7.3,21.1,10.3,-15.883,10.57,1325.0,Ruby Life Pools,10,2026-08-18,1507.0,6.0,0.0
all,T:Blood DeathKnight | H:Holy Paladin | D:Arcane Mage | D:Arcane Mage | D:Demonology Warlock,1,2.82,11.0,16.7,16.7,16.7,-15.883,10.57,1600.0,Temple of Sethraliss,11,2026-08-18,1600.0,9.0,0.0
all,T:Protection Paladin | H:Restoration Shaman | D:Devastation Evoker | D:Windwalker Monk | D:Enhancement Shaman,3,2.82,10.7,17.9,29.5,16.7,-15.883,10.57,1354.0,Temple of Sethraliss,10,2026-08-18,1499.0,6.0,0.0
all,T:Blood DeathKnight | H:Restoration Druid | D:Unholy DeathKnight | D:BeastMastery Hunter | D:Elemental Shaman,1,2.82,11.0,16.7,16.7,16.7,-15.883,10.57,1598.0,Den of Nalorakk,11,2026-08-19,1598.0,5.0,0.0
all,T:Blood DeathKnight | H:Discipline Priest | D:Devastation Evoker | D:Subtlety Rogue | D:Elemental Shaman,1,2.82,11.0,16.7,16.7,16.7,-15.883,10.57,1599.0,Temple of Sethraliss,11,2026-08-18,1599.0,2.0,0.0
all,T:Protection Paladin | H:Preservation Evoker | D:Balance Druid | D:BeastMastery Hunter | D:Arms Warrior,1,2.82,11.0,16.7,16.7,16.7,-15.883,10.57,1598.0,Den of Nalorakk,11,2026-08-19,1598.0,2.0,0.0
all,T:Blood DeathKnight | H:Restoration Shaman | D:Unholy DeathKnight | D:BeastMastery Hunter | D:Windwalker Monk,1,2.82,11.0,16.7,16.7,16.7,-15.883,10.57,1650.0,Kings' Rest,11,2026-08-19,1650.0,3.0,0.0
all,T:Blood DeathKnight | H:Holy Paladin | D:Unholy DeathKnight | D:Arcane Mage | D:Demonology Warlock,4,2.82,10.8,14.0,29.1,12.8,-15.883,10.57,1276.0,Voidscar Arena,10,2026-08-18,1620.0,4.75,0.0
all,T:Vengeance DemonHunter | H:Holy Paladin | D:Devourer DemonHunter | D:Arcane Mage | D:Demonology Warlock,1,2.82,11.0,16.7,16.7,16.7,-15.883,10.57,1399.0,Ruby Life Pools,11,2026-08-18,1399.0,10.0,0.0
all,T:Protection Paladin | H:Restoration Druid | D:Frost DeathKnight | D:Balance Druid | D:Elemental Shaman,1,2.81,11.0,16.6,16.6,16.6,-15.883,10.57,1601.0,Temple of Sethraliss,11,2026-08-18,1601.0,5.0,0.0
all,T:Blood DeathKnight | H:Mistweaver Monk | D:Havoc DemonHunter | D:Affliction Warlock | D:Arms Warrior,1,2.81,11.0,16.6,16.6,16.6,-15.883,10.57,1601.0,Temple of Sethraliss,11,2026-08-18,1601.0,1.0,0.0
all,T:Blood DeathKnight | H:Discipline Priest | D:Arcane Mage | D:Destruction Warlock | D:Arms Warrior,1,2.81,11.0,16.6,16.6,16.6,-15.883,10.57,1651.0,Kings' Rest,11,2026-08-18,1651.0,4.0,0.0
all,T:Blood DeathKnight | H:Mistweaver Monk | D:Havoc DemonHunter | D:Shadow Priest | D:Elemental Shaman,3,2.81,10.3,28.4,35.2,28.2,-15.883,10.57,1167.0,Voidscar Arena,10,2026-08-18,1379.0,3.67,0.0
all,T:Protection Paladin | H:Restoration Shaman | D:Balance Druid | D:Subtlety Rogue | D:Destruction Warlock,1,2.81,11.0,16.6,16.6,16.6,-15.883,10.57,1501.0,The Blinding Vale,11,2026-08-18,1501.0,3.0,0.0
all,T:Vengeance DemonHunter | H:Restoration Shaman | D:Unholy DeathKnight | D:Balance Druid | D:Demonology Warlock,3,2.79,10.7,17.8,30.7,16.2,-15.883,10.57,1372.0,Kings' Rest,10,2026-08-18,1508.0,6.33,0.0
all,T:Guardian Druid | H:Mistweaver Monk | D:BeastMastery Hunter | D:Outlaw Rogue | D:Elemental Shaman,1,2.79,11.0,16.5,16.5,16.5,-15.883,10.57,1704.0,Murder Row,11,2026-08-19,1704.0,7.0,0.0
all,T:Blood DeathKnight | H:Holy Paladin | D:Retribution Paladin | D:Subtlety Rogue | D:Arms Warrior,1,2.79,11.0,16.5,16.5,16.5,-15.883,10.57,1703.0,Murder Row,11,2026-08-18,1703.0,7.0,0.0
all,T:Blood DeathKnight | H:Restoration Druid | D:Unholy DeathKnight | D:Arcane Mage | D:Elemental Shaman,1,2.79,11.0,16.5,16.5,16.5,-15.883,10.57,1503.0,The Blinding Vale,11,2026-08-19,1503.0,8.0,0.0
all,T:Blood DeathKnight | H:Holy Paladin | D:BeastMastery Hunter | D:Marksmanship Hunter | D:Subtlety Rogue,1,2.79,11.0,16.5,16.5,16.5,-15.883,10.57,1402.0,Ruby Life Pools,11,2026-08-18,1402.0,0.0,0.0
all,T:Brewmaster Monk | H:Holy Priest | D:Marksmanship Hunter | D:Arcane Mage | D:Fury Warrior,1,2.77,11.0,16.4,16.4,16.4,-15.883,10.57,1706.0,Murder Row,11,2026-08-18,1706.0,5.0,0.0
all,T:Blood DeathKnight | H:Restoration Shaman | D:Devourer DemonHunter | D:Feral Druid | D:Arms Warrior,1,2.77,11.0,16.4,16.4,16.4,-15.883,10.57,1605.0,Temple of Sethraliss,11,2026-08-18,1605.0,10.0,0.0
all,T:Blood DeathKnight | H:Holy Paladin | D:Feral Druid | D:Frost Mage | D:Elemental Shaman,1,2.77,11.0,16.4,16.4,16.4,-15.883,10.57,1505.0,Voidscar Arena,11,2026-08-19,1505.0,4.0,0.0
all,T:Blood DeathKnight | H:Restoration Shaman | D:Frost DeathKnight | D:Balance Druid | D:BeastMastery Hunter,1,2.76,11.0,16.3,16.3,16.3,-15.883,10.57,1606.0,Den of Nalorakk,11,2026-08-19,1606.0,0.0,0.0
all,T:Blood DeathKnight | H:Restoration Shaman | D:Balance Druid | D:Devastation Evoker | D:Outlaw Rogue,1,2.76,11.0,16.3,16.3,16.3,-15.883,10.57,1406.0,Ruby Life Pools,11,2026-08-18,1406.0,3.0,0.0
all,T:Guardian Druid | H:Restoration Shaman | D:Unholy DeathKnight | D:Marksmanship Hunter | D:Outlaw Rogue,1,2.76,11.0,16.3,16.3,16.3,-15.883,10.57,1407.0,Ruby Life Pools,11,2026-08-19,1407.0,1.0,0.0
all,T:Blood DeathKnight | H:Restoration Shaman | D:Marksmanship Hunter | D:Destruction Warlock | D:Arms Warrior,1,2.74,11.0,16.2,16.2,16.2,-15.883,10.57,1407.0,Ruby Life Pools,11,2026-08-18,1407.0,11.0,0.0
all,T:Protection Paladin | H:Holy Priest | D:Balance Druid | D:BeastMastery Hunter | D:Arms Warrior,1,2.74,11.0,16.2,16.2,16.2,-15.883,10.57,1660.0,Kings' Rest,11,2026-08-18,1660.0,3.0,0.0
all,T:Protection Paladin | H:Restoration Druid | D:BeastMastery Hunter | D:Marksmanship Hunter | D:Enhancement Shaman,3,2.73,10.7,17.6,25.2,15.8,-15.883,10.57,1257.0,Ruby Life Pools,10,2026-08-18,1586.0,4.33,0.0
all,T:Protection Warrior | H:Holy Paladin | D:Devourer DemonHunter | D:Frost Mage | D:Assassination Rogue,3,2.73,10.7,17.6,24.1,17.9,-15.883,10.57,1502.0,Kings' Rest,10,2026-08-18,1576.0,5.0,0.0
all,T:Vengeance DemonHunter | H:Preservation Evoker | D:Arcane Mage | D:Arcane Mage | D:Demonology Warlock,2,2.73,10.5,25.2,25.9,25.2,-15.883,10.57,1245.0,Ruby Life Pools,11,2026-08-18,1347.0,2.5,0.0
all,T:Blood DeathKnight | H:Mistweaver Monk | D:Unholy DeathKnight | D:Balance Druid | D:Elemental Shaman,1,2.72,11.0,16.1,16.1,16.1,-15.883,10.57,1610.0,Den of Nalorakk,11,2026-08-18,1610.0,4.0,0.0
all,T:Blood DeathKnight | H:Holy Paladin | D:Devourer DemonHunter | D:Augmentation Evoker | D:Arcane Mage,2,2.72,11.0,9.3,15.5,9.3,-15.883,10.57,1520.0,Voidscar Arena,11,2026-08-19,1690.0,5.0,0.0
all,T:Blood DeathKnight | H:Restoration Shaman | D:Unholy DeathKnight | D:Unholy DeathKnight | D:Subtlety Rogue,1,2.72,11.0,16.1,16.1,16.1,-15.883,10.57,1611.0,Den of Nalorakk,11,2026-08-19,1611.0,1.0,0.0
all,T:Protection Paladin | H:Restoration Shaman | D:Devourer DemonHunter | D:Devastation Evoker | D:Subtlety Rogue,1,2.71,11.0,16.0,16.0,16.0,-15.883,10.57,1512.0,The Blinding Vale,11,2026-08-18,1512.0,3.0,0.0
all,T:Protection Warrior | H:Restoration Shaman | D:Unholy DeathKnight | D:Marksmanship Hunter | D:Arms Warrior,1,2.71,11.0,16.0,16.0,16.0,-15.883,10.57,1612.0,Den of Nalorakk,11,2026-08-18,1612.0,4.0,0.0
all,T:Blood DeathKnight | H:Restoration Shaman | D:Balance Druid | D:Arcane Mage | D:Shadow Priest,1,2.71,11.0,16.0,16.0,16.0,-15.883,10.57,1663.0,Kings' Rest,11,2026-08-18,1663.0,9.0,0.0
all,T:Brewmaster Monk | H:Restoration Druid | D:BeastMastery Hunter | D:Arcane Mage | D:Destruction Warlock,2,2.7,10.5,25.1,28.0,25.1,-15.883,10.57,1295.0,The Blinding Vale,10,2026-08-18,1418.0,3.0,0.0
all,T:Brewmaster Monk | H:Discipline Priest | D:Devourer DemonHunter | D:Balance Druid | D:Devastation Evoker,1,2.69,11.0,15.9,15.9,15.9,-15.883,10.57,1666.0,Kings' Rest,11,2026-08-19,1666.0,0.0,0.0
all,T:Blood DeathKnight | H:Mistweaver Monk | D:Elemental Shaman | D:Destruction Warlock | D:Arms Warrior,1,2.69,11.0,15.9,15.9,15.9,-15.883,10.57,1413.0,Ruby Life Pools,11,2026-08-18,1413.0,2.0,0.0
all,T:Blood DeathKnight | H:Mistweaver Monk | D:Devastation Evoker | D:Subtlety Rogue | D:Arms Warrior,3,2.68,10.0,38.7,39.5,39.1,-15.883,10.57,1017.0,Ruby Life Pools,10,2026-08-18,1240.0,2.0,0.0
all,T:Guardian Druid | H:Restoration Shaman | D:BeastMastery Hunter | D:Retribution Paladin | D:Arms Warrior,2,2.68,11.0,9.2,14.3,9.2,-15.883,10.57,1440.0,Ruby Life Pools,11,2026-08-19,1584.0,8.5,0.0
all,T:Protection Warrior | H:Restoration Shaman | D:Devourer DemonHunter | D:Frost Mage | D:Subtlety Rogue,1,2.67,11.0,15.8,15.8,15.8,-15.883,10.57,1414.0,Ruby Life Pools,11,2026-08-18,1414.0,0.0,0.0
all,T:Guardian Druid | H:Holy Paladin | D:Devourer DemonHunter | D:Subtlety Rogue | D:Arms Warrior,1,2.67,11.0,15.8,15.8,15.8,-15.883,10.57,1616.0,Temple of Sethraliss,11,2026-08-19,1616.0,3.0,0.0
all,T:Guardian Druid | H:Holy Paladin | D:Devourer DemonHunter | D:Marksmanship Hunter | D:Demonology Warlock,1,2.67,11.0,15.8,15.8,15.8,-15.883,10.57,1668.0,Kings' Rest,11,2026-08-19,1668.0,11.0,0.0
all,T:Vengeance DemonHunter | H:Holy Priest | D:Balance Druid | D:Windwalker Monk | D:Elemental Shaman,1,2.67,11.0,15.8,15.8,15.8,-15.883,10.57,1616.0,Temple of Sethraliss,11,2026-08-19,1616.0,4.0,0.0
all,T:Protection Paladin | H:Mistweaver Monk | D:Arcane Mage | D:Retribution Paladin | D:Arms Warrior,1,2.66,11.0,15.7,15.7,15.7,-15.883,10.57,1720.0,Murder Row,11,2026-08-19,1720.0,2.0,0.0
all,T:Protection Paladin | H:Holy Paladin | D:Devourer DemonHunter | D:Marksmanship Hunter | D:Frost Mage,1,2.65,12.0,-16.1,-16.1,-16.1,-15.883,10.57,2228.0,Temple of Sethraliss,12,2026-08-18,2228.0,10.0,0.0
all,T:Guardian Druid | H:Preservation Evoker | D:Unholy DeathKnight | D:Arcane Mage | D:Retribution Paladin,4,2.65,11.2,-2.2,21.9,-4.8,-15.883,10.57,1406.0,The Blinding Vale,10,2026-08-19,1943.0,8.5,0.0
all,T:Guardian Druid | H:Restoration Shaman | D:Unholy DeathKnight | D:Retribution Paladin | D:Arms Warrior,2,2.65,11.0,9.0,18.0,9.0,-15.883,10.57,1673.0,Murder Row,11,2026-08-19,1796.0,6.0,0.0
all,T:Protection Warrior | H:Restoration Shaman | D:Havoc DemonHunter | D:Arms Warrior | D:Arms Warrior,4,2.65,10.2,29.6,35.2,33.1,-15.883,10.57,1244.0,Temple of Sethraliss,10,2026-08-18,1296.0,1.5,0.0
all,T:Blood DeathKnight | H:Holy Paladin | D:Devastation Evoker | D:Subtlety Rogue | D:Elemental Shaman,4,2.65,10.5,21.6,23.6,21.6,-15.883,10.57,1558.0,Murder Row,10,2026-08-18,1538.0,5.25,0.0
all,T:Protection Paladin | H:Restoration Shaman | D:Devourer DemonHunter | D:Arms Warrior | D:Arms Warrior,1,2.64,11.0,15.6,15.6,15.6,-15.883,10.57,1418.0,Ruby Life Pools,11,2026-08-18,1418.0,2.0,0.0
all,T:Protection Paladin | H:Discipline Priest | D:Balance Druid | D:Assassination Rogue | D:Enhancement Shaman,1,2.64,11.0,15.6,15.6,15.6,-15.883,10.57,1671.0,Kings' Rest,11,2026-08-19,1671.0,0.0,0.0
all,T:Blood DeathKnight | H:Restoration Shaman | D:Devourer DemonHunter | D:Windwalker Monk | D:Assassination Rogue,1,2.64,11.0,15.6,15.6,15.6,-15.883,10.57,1621.0,Den of Nalorakk,11,2026-08-19,1621.0,3.0,0.0
all,T:Blood DeathKnight | H:Discipline Priest | D:Unholy DeathKnight | D:BeastMastery Hunter | D:BeastMastery Hunter,1,2.64,11.0,15.6,15.6,15.6,-15.883,10.57,1620.0,Den of Nalorakk,11,2026-08-18,1620.0,1.0,0.0
all,T:Blood DeathKnight | H:Discipline Priest | D:Arcane Mage | D:Arcane Mage | D:Assassination Rogue,1,2.64,11.0,15.6,15.6,15.6,-15.883,10.57,1519.0,Voidscar Arena,11,2026-08-18,1519.0,5.0,0.0
all,T:Protection Paladin | H:Restoration Shaman | D:Unholy DeathKnight | D:Devourer DemonHunter | D:Subtlety Rogue,1,2.64,11.0,15.6,15.6,15.6,-15.883,10.57,1620.0,Temple of Sethraliss,11,2026-08-18,1620.0,3.0,0.0
all,T:Blood DeathKnight | H:Restoration Shaman | D:Retribution Paladin | D:Elemental Shaman | D:Arms Warrior,10,2.63,10.5,19.6,29.0,21.6,-15.883,10.57,1406.0,Kings' Rest,10,2026-08-19,1504.0,3.7,0.0
all,T:Protection Paladin | H:Restoration Shaman | D:Unholy DeathKnight | D:Destruction Warlock | D:Arms Warrior,1,2.62,11.0,15.5,15.5,15.5,-15.883,10.57,1521.0,The Blinding Vale,11,2026-08-18,1521.0,3.0,0.0
all,T:Protection Paladin | H:Mistweaver Monk | D:Frost DeathKnight | D:Havoc DemonHunter | D:Arcane Mage,1,2.62,11.0,15.5,15.5,15.5,-15.883,10.57,1520.0,The Blinding Vale,11,2026-08-18,1520.0,9.0,0.0
all,T:Protection Paladin | H:Preservation Evoker | D:Windwalker Monk | D:Shadow Priest | D:Assassination Rogue,1,2.62,11.0,15.5,15.5,15.5,-15.883,10.57,1420.0,Ruby Life Pools,11,2026-08-19,1420.0,5.0,0.0
all,T:Blood DeathKnight | H:Restoration Druid | D:Unholy DeathKnight | D:Havoc DemonHunter | D:Arms Warrior,1,2.62,11.0,15.5,15.5,15.5,-15.883,10.57,1520.0,The Blinding Vale,11,2026-08-18,1520.0,15.0,0.0
all,T:Protection Warrior | H:Restoration Shaman | D:Balance Druid | D:Arcane Mage | D:Arms Warrior,2,2.61,10.5,24.8,37.4,24.8,-15.883,10.57,1202.0,Temple of Sethraliss,10,2026-08-18,1391.0,1.5,0.0
all,T:Protection Paladin | H:Holy Priest | D:Subtlety Rogue | D:Subtlety Rogue | D:Destruction Warlock,2,2.61,11.0,8.9,11.0,8.9,-15.883,10.57,1496.0,Ruby Life Pools,11,2026-08-19,1642.0,2.0,0.0
all,T:Brewmaster Monk | H:Mistweaver Monk | D:Devourer DemonHunter | D:Balance Druid | D:Subtlety Rogue,1,2.61,11.0,15.4,15.4,15.4,-15.883,10.57,1625.0,Temple of Sethraliss,11,2026-08-18,1625.0,14.0,0.0
all,T:Protection Warrior | H:Restoration Shaman | D:Devastation Evoker | D:Arcane Mage | D:Demonology Warlock,1,2.61,11.0,15.4,15.4,15.4,-15.883,10.57,1727.0,Murder Row,11,2026-08-18,1727.0,9.0,0.0
all,T:Blood DeathKnight | H:Holy Paladin | D:Balance Druid | D:BeastMastery Hunter | D:Marksmanship Hunter,1,2.61,11.0,15.4,15.4,15.4,-15.883,10.57,1675.0,Kings' Rest,11,2026-08-19,1675.0,2.0,0.0
all,T:Protection Warrior | H:Restoration Shaman | D:Augmentation Evoker | D:Shadow Priest | D:Subtlety Rogue,4,2.6,10.2,29.4,34.3,30.2,-15.883,10.57,1341.0,Murder Row,10,2026-08-18,1344.0,1.75,0.0
all,T:Blood DeathKnight | H:Restoration Druid | D:Devastation Evoker | D:Subtlety Rogue | D:Elemental Shaman,1,2.59,11.0,15.3,15.3,15.3,-15.883,10.57,1626.0,Temple of Sethraliss,11,2026-08-18,1626.0,7.0,0.0
all,T:Protection Paladin | H:Mistweaver Monk | D:Frost DeathKnight | D:Arcane Mage | D:Shadow Priest,1,2.59,11.0,15.3,15.3,15.3,-15.883,10.57,1626.0,Temple of Sethraliss,11,2026-08-18,1626.0,3.0,0.0
all,T:Protection Paladin | H:Mistweaver Monk | D:Balance Druid | D:Arcane Mage | D:Retribution Paladin,1,2.59,11.0,15.3,15.3,15.3,-15.883,10.57,1524.0,Voidscar Arena,11,2026-08-19,1524.0,5.0,0.0
all,T:Vengeance DemonHunter | H:Restoration Shaman | D:Balance Druid | D:Fire Mage | D:Shadow Priest,1,2.59,11.0,15.3,15.3,15.3,-15.883,10.57,1677.0,Kings' Rest,11,2026-08-18,1677.0,1.0,0.0
all,T:Blood DeathKnight | H:Holy Paladin | D:Devourer DemonHunter | D:Retribution Paladin | D:Enhancement Shaman,1,2.59,11.0,15.3,15.3,15.3,-15.883,10.57,1525.0,Voidscar Arena,11,2026-08-19,1525.0,7.0,0.0
all,T:Blood DeathKnight | H:Holy Paladin | D:Feral Druid | D:BeastMastery Hunter | D:Subtlety Rogue,4,2.58,10.5,21.4,26.2,21.0,-15.883,10.57,1418.0,Temple of Sethraliss,11,2026-08-19,1502.0,2.75,0.0
all,T:Blood DeathKnight | H:Mistweaver Monk | D:Havoc DemonHunter | D:Destruction Warlock | D:Arms Warrior,5,2.58,10.6,17.6,25.5,18.9,-15.883,10.57,1475.0,Kings' Rest,10,2026-08-19,1528.0,3.2,0.0
all,T:Blood DeathKnight | H:Holy Paladin | D:Havoc DemonHunter | D:BeastMastery Hunter | D:Arcane Mage,1,2.57,11.0,15.2,15.2,15.2,-15.883,10.57,1627.0,Den of Nalorakk,11,2026-08-18,1627.0,3.0,0.0
all,T:Blood DeathKnight | H:Discipline Priest | D:Unholy DeathKnight | D:Survival Hunter | D:Arms Warrior,1,2.57,11.0,15.2,15.2,15.2,-15.883,10.57,1680.0,Kings' Rest,11,2026-08-18,1680.0,5.0,0.0
all,T:Blood DeathKnight | H:Restoration Shaman | D:Devourer DemonHunter | D:Elemental Shaman | D:Arms Warrior,1,2.57,11.0,15.2,15.2,15.2,-15.883,10.57,1629.0,Den of Nalorakk,11,2026-08-18,1629.0,3.0,0.0
all,T:Blood DeathKnight | H:Mistweaver Monk | D:Arcane Mage | D:Demonology Warlock | D:Arms Warrior,1,2.57,11.0,15.2,15.2,15.2,-15.883,10.57,1425.0,Ruby Life Pools,11,2026-08-19,1425.0,7.0,0.0
all,T:Guardian Druid | H:Preservation Evoker | D:Unholy DeathKnight | D:Elemental Shaman | D:Arms Warrior,1,2.57,11.0,15.2,15.2,15.2,-15.883,10.57,1729.0,Murder Row,11,2026-08-19,1729.0,13.0,0.0
all,T:Protection Paladin | H:Holy Priest | D:Arcane Mage | D:Enhancement Shaman | D:Affliction Warlock,1,2.57,11.0,15.2,15.2,15.2,-15.883,10.57,1679.0,Kings' Rest,11,2026-08-19,1679.0,6.0,0.0
all,T:Blood DeathKnight | H:Restoration Shaman | D:Balance Druid | D:Shadow Priest | D:Arms Warrior,1,2.56,11.0,15.1,15.1,15.1,-15.883,10.57,1529.0,Voidscar Arena,11,2026-08-18,1529.0,7.0,0.0
all,T:Blood DeathKnight | H:Mistweaver Monk | D:Devourer DemonHunter | D:BeastMastery Hunter | D:Arcane Mage,1,2.56,11.0,15.1,15.1,15.1,-15.883,10.57,1631.0,Den of Nalorakk,11,2026-08-19,1631.0,7.0,0.0
all,T:Blood DeathKnight | H:Restoration Shaman | D:Devourer DemonHunter | D:Marksmanship Hunter | D:Subtlety Rogue,2,2.56,10.0,40.5,41.9,40.5,-15.883,10.57,975.0,Ruby Life Pools,10,2026-08-19,1036.0,1.0,0.0
all,T:Protection Warrior | H:Restoration Shaman | D:Unholy DeathKnight | D:BeastMastery Hunter | D:Outlaw Rogue,1,2.56,11.0,15.1,15.1,15.1,-15.883,10.57,1529.0,Altar of Fangs,11,2026-08-18,1529.0,0.0,0.0
all,T:Brewmaster Monk | H:Preservation Evoker | D:Outlaw Rogue | D:Elemental Shaman | D:Arms Warrior,1,2.56,11.0,15.1,15.1,15.1,-15.883,10.57,1629.0,Den of Nalorakk,11,2026-08-19,1629.0,0.0,0.0
all,T:Protection Paladin | H:Restoration Druid | D:Windwalker Monk | D:Elemental Shaman | D:Arms Warrior,1,2.54,11.0,15.0,15.0,15.0,-15.883,10.57,1530.0,The Blinding Vale,11,2026-08-18,1530.0,4.0,0.0
all,T:Vengeance DemonHunter | H:Holy Priest | D:Fire Mage | D:Outlaw Rogue | D:Demonology Warlock,1,2.54,11.0,15.0,15.0,15.0,-15.883,10.57,1683.0,Kings' Rest,11,2026-08-18,1683.0,1.0,0.0
all,T:Protection Paladin | H:Discipline Priest | D:Devourer DemonHunter | D:Arcane Mage | D:Retribution Paladin,1,2.54,11.0,15.0,15.0,15.0,-15.883,10.57,1632.0,Temple of Sethraliss,11,2026-08-18,1632.0,3.0,0.0
all,T:Blood DeathKnight | H:Holy Priest | D:Unholy DeathKnight | D:Arcane Mage | D:Arms Warrior,1,2.54,11.0,15.0,15.0,15.0,-15.883,10.57,1429.0,Ruby Life Pools,11,2026-08-18,1429.0,2.0,0.0
all,T:Blood DeathKnight | H:Restoration Druid | D:Unholy DeathKnight | D:Devourer DemonHunter | D:Arms Warrior,1,2.54,11.0,15.0,15.0,15.0,-15.883,10.57,1530.0,The Blinding Vale,11,2026-08-19,1530.0,7.0,0.0
all,T:Blood DeathKnight | H:Restoration Shaman | D:Balance Druid | D:Augmentation Evoker | D:Shadow Priest,5,2.53,10.4,23.9,29.6,25.8,-15.883,10.57,1182.0,Ruby Life Pools,10,2026-08-18,1449.0,2.8,0.0
all,T:Vengeance DemonHunter | H:Preservation Evoker | D:Arcane Mage | D:Retribution Paladin | D:Destruction Warlock,1,2.52,11.0,14.9,14.9,14.9,-15.883,10.57,1633.0,Den of Nalorakk,11,2026-08-18,1633.0,1.0,0.0
all,T:Vengeance DemonHunter | H:Holy Paladin | D:Unholy DeathKnight | D:Augmentation Evoker | D:Devastation Evoker,1,2.52,11.0,14.9,14.9,14.9,-15.883,10.57,1531.0,Voidscar Arena,11,2026-08-18,1531.0,14.0,0.0
all,T:Blood DeathKnight | H:Discipline Priest | D:BeastMastery Hunter | D:Arcane Mage | D:Arms Warrior,3,2.52,10.3,27.7,32.4,28.6,-15.883,10.57,1380.0,Murder Row,10,2026-08-18,1380.0,3.33,0.0
all,T:Protection Warrior | H:Restoration Shaman | D:Havoc DemonHunter | D:Arcane Mage | D:Retribution Paladin,1,2.52,11.0,14.9,14.9,14.9,-15.883,10.57,1634.0,Den of Nalorakk,11,2026-08-19,1634.0,1.0,0.0
all,T:Vengeance DemonHunter | H:Holy Paladin | D:Balance Druid | D:Arcane Mage | D:Subtlety Rogue,1,2.52,11.0,14.9,14.9,14.9,-15.883,10.57,1531.0,Altar of Fangs,11,2026-08-19,1531.0,0.0,0.0
all,T:Blood DeathKnight | H:Holy Paladin | D:Devastation Evoker | D:Arcane Mage | D:Shadow Priest,1,2.51,11.0,14.8,14.8,14.8,-15.883,10.57,1688.0,Kings' Rest,11,2026-08-19,1688.0,3.0,0.0
all,T:Blood DeathKnight | H:Preservation Evoker | D:Unholy DeathKnight | D:Arcane Mage | D:Elemental Shaman,1,2.51,11.0,14.8,14.8,14.8,-15.883,10.57,1534.0,The Blinding Vale,11,2026-08-18,1534.0,6.0,0.0
all,T:Blood DeathKnight | H:Mistweaver Monk | D:Retribution Paladin | D:Shadow Priest | D:Enhancement Shaman,2,2.51,11.0,8.6,19.0,8.6,-15.883,10.57,1459.0,Altar of Fangs,11,2026-08-18,1768.0,9.0,0.0
all,T:Protection Paladin | H:Preservation Evoker | D:Augmentation Evoker | D:Retribution Paladin | D:Subtlety Rogue,1,2.5,12.0,-17.0,-17.0,-17.0,-15.883,10.57,2316.0,Kings' Rest,12,2026-08-18,2316.0,16.0,0.0
all,T:Blood DeathKnight | H:Mistweaver Monk | D:Devourer DemonHunter | D:Retribution Paladin | D:Elemental Shaman,1,2.5,12.0,-17.0,-17.0,-17.0,-15.883,10.57,2106.0,Altar of Fangs,12,2026-08-18,2106.0,14.0,0.0
all,T:Guardian Druid | H:Restoration Shaman | D:Balance Druid | D:Demonology Warlock | D:Arms Warrior,2,2.5,11.0,8.5,11.9,8.5,-15.883,10.57,1586.0,Altar of Fangs,11,2026-08-19,1761.0,5.0,0.0
all,T:Protection Warrior | H:Preservation Evoker | D:Marksmanship Hunter | D:Arcane Mage | D:Assassination Rogue,1,2.49,11.0,14.7,14.7,14.7,-15.883,10.57,1434.0,Ruby Life Pools,11,2026-08-18,1434.0,13.0,0.0
all,T:Protection Warrior | H:Holy Paladin | D:Arcane Mage | D:Retribution Paladin | D:Arms Warrior,1,2.49,11.0,14.7,14.7,14.7,-15.883,10.57,1740.0,Murder Row,11,2026-08-18,1740.0,15.0,0.0
all,T:Blood DeathKnight | H:Discipline Priest | D:Balance Druid | D:Elemental Shaman | D:Enhancement Shaman,1,2.49,11.0,14.7,14.7,14.7,-15.883,10.57,1690.0,Kings' Rest,11,2026-08-19,1690.0,5.0,0.0
all,T:Protection Paladin | H:Restoration Shaman | D:Arcane Mage | D:Outlaw Rogue | D:Arms Warrior,3,2.48,10.3,27.6,31.6,30.2,-15.883,10.57,1231.0,The Blinding Vale,10,2026-08-18,1423.0,2.0,0.0
all,T:Blood DeathKnight | H:Holy Paladin | D:Devourer DemonHunter | D:BeastMastery Hunter | D:Arcane Mage,2,2.48,11.5,-7.5,10.7,-7.5,-15.883,10.57,1715.0,Den of Nalorakk,11,2026-08-19,1988.0,15.0,0.0
all,T:Protection Warrior | H:Mistweaver Monk | D:Windwalker Monk | D:Outlaw Rogue | D:Elemental Shaman,1,2.47,11.0,14.6,14.6,14.6,-15.883,10.57,1640.0,Den of Nalorakk,11,2026-08-18,1640.0,7.0,0.0
all,T:Blood DeathKnight | H:Restoration Shaman | D:Marksmanship Hunter | D:Demonology Warlock | D:Arms Warrior,2,2.47,11.0,8.4,15.6,8.4,-15.883,10.57,1621.0,Temple of Sethraliss,11,2026-08-18,1700.0,9.0,0.0
all,T:Guardian Druid | H:Holy Priest | D:Outlaw Rogue | D:Elemental Shaman | D:Destruction Warlock,1,2.47,11.0,14.6,14.6,14.6,-15.883,10.57,1537.0,Voidscar Arena,11,2026-08-18,1537.0,11.0,0.0
all,T:Protection Paladin | H:Preservation Evoker | D:Balance Druid | D:Windwalker Monk | D:Demonology Warlock,1,2.47,11.0,14.6,14.6,14.6,-15.883,10.57,1743.0,Murder Row,11,2026-08-19,1743.0,3.0,0.0
all,T:Protection Paladin | H:Restoration Shaman | D:Devourer DemonHunter | D:Balance Druid | D:Elemental Shaman,1,2.46,11.0,14.5,14.5,14.5,-15.883,10.57,1540.0,Voidscar Arena,11,2026-08-19,1540.0,12.0,0.0
all,T:Blood DeathKnight | H:Holy Paladin | D:Unholy DeathKnight | D:Arms Warrior | D:Arms Warrior,2,2.46,10.5,24.2,26.7,24.2,-15.883,10.57,1408.0,Den of Nalorakk,10,2026-08-18,1454.0,1.5,0.0
all,T:Blood DeathKnight | H:Holy Priest | D:BeastMastery Hunter | D:Arcane Mage | D:Subtlety Rogue,1,2.46,11.0,14.5,14.5,14.5,-15.883,10.57,1642.0,Den of Nalorakk,11,2026-08-18,1642.0,2.0,0.0
all,T:Protection Paladin | H:Discipline Priest | D:Assassination Rogue | D:Elemental Shaman | D:Destruction Warlock,1,2.46,11.0,14.5,14.5,14.5,-15.883,10.57,1538.0,The Blinding Vale,11,2026-08-19,1538.0,3.0,0.0
all,T:Blood DeathKnight | H:Holy Paladin | D:Windwalker Monk | D:Shadow Priest | D:Elemental Shaman,2,2.45,11.5,-7.6,0.3,-7.6,-15.883,10.57,1914.0,Den of Nalorakk,11,2026-08-19,2100.0,7.0,0.0
all,T:Blood DeathKnight | H:Holy Priest | D:Devourer DemonHunter | D:Arcane Mage | D:Demonology Warlock,1,2.44,11.0,14.4,14.4,14.4,-15.883,10.57,1438.0,Ruby Life Pools,11,2026-08-19,1438.0,3.0,0.0
all,T:Blood DeathKnight | H:Preservation Evoker | D:Unholy DeathKnight | D:Elemental Shaman | D:Arms Warrior,1,2.44,11.0,14.4,14.4,14.4,-15.883,10.57,1644.0,Den of Nalorakk,11,2026-08-18,1644.0,4.0,0.0
all,T:Blood DeathKnight | H:Holy Paladin | D:Frost DeathKnight | D:Arcane Mage | D:Elemental Shaman,1,2.44,11.0,14.4,14.4,14.4,-15.883,10.57,1643.0,Temple of Sethraliss,11,2026-08-18,1643.0,2.0,0.0
all,T:Guardian Druid | H:Holy Paladin | D:Arcane Mage | D:Shadow Priest | D:Arms Warrior,1,2.44,11.0,14.4,14.4,14.4,-15.883,10.57,1542.0,Voidscar Arena,11,2026-08-18,1542.0,10.0,0.0
all,T:Protection Paladin | H:Holy Priest | D:Unholy DeathKnight | D:Devourer DemonHunter | D:Elemental Shaman,1,2.44,11.0,14.4,14.4,14.4,-15.883,10.57,1696.0,Kings' Rest,11,2026-08-19,1696.0,3.0,0.0
all,T:Guardian Druid | H:Restoration Shaman | D:Marksmanship Hunter | D:Subtlety Rogue | D:Elemental Shaman,1,2.44,11.0,14.4,14.4,14.4,-15.883,10.57,1644.0,Den of Nalorakk,11,2026-08-18,1644.0,1.0,0.0
all,T:Guardian Druid | H:Holy Paladin | D:Devourer DemonHunter | D:Devourer DemonHunter | D:Assassination Rogue,1,2.44,11.0,14.4,14.4,14.4,-15.883,10.57,1541.0,Voidscar Arena,11,2026-08-18,1541.0,6.0,0.0
all,T:Blood DeathKnight | H:Mistweaver Monk | D:Subtlety Rogue | D:Elemental Shaman | D:Demonology Warlock,1,2.44,11.0,14.4,14.4,14.4,-15.883,10.57,1438.0,Ruby Life Pools,11,2026-08-18,1438.0,6.0,0.0
all,T:Protection Paladin | H:Discipline Priest | D:Unholy DeathKnight | D:Arcane Mage | D:Subtlety Rogue,1,2.44,11.0,14.4,14.4,14.4,-15.883,10.57,1438.0,Ruby Life Pools,11,2026-08-19,1438.0,5.0,0.0
all,T:Protection Paladin | H:Restoration Shaman | D:Devourer DemonHunter | D:Arcane Mage | D:Fury Warrior,2,2.43,10.5,24.2,25.3,24.2,-15.883,10.57,1254.0,Ruby Life Pools,10,2026-08-18,1366.0,4.5,0.0
all,T:Protection Paladin | H:Discipline Priest | D:Devourer DemonHunter | D:Subtlety Rogue | D:Elemental Shaman,1,2.42,11.0,14.3,14.3,14.3,-15.883,10.57,1748.0,Murder Row,11,2026-08-19,1748.0,8.0,0.0
all,T:Brewmaster Monk | H:Holy Priest | D:Arcane Mage | D:Elemental Shaman | D:Arms Warrior,1,2.42,11.0,14.3,14.3,14.3,-15.883,10.57,1543.0,Voidscar Arena,11,2026-08-18,1543.0,19.0,0.0
all,T:Protection Warrior | H:Discipline Priest | D:Arcane Mage | D:Retribution Paladin | D:Assassination Rogue,1,2.42,11.0,14.3,14.3,14.3,-15.883,10.57,1440.0,Ruby Life Pools,11,2026-08-19,1440.0,1.0,0.0
all,T:Guardian Druid | H:Holy Paladin | D:Unholy DeathKnight | D:Arms Warrior | D:Fury Warrior,1,2.42,11.0,14.3,14.3,14.3,-15.883,10.57,1542.0,The Blinding Vale,11,2026-08-18,1542.0,4.0,0.0
all,T:Vengeance DemonHunter | H:Holy Priest | D:Balance Druid | D:Devastation Evoker | D:Arcane Mage,1,2.42,11.0,14.3,14.3,14.3,-15.883,10.57,1543.0,Voidscar Arena,11,2026-08-18,1543.0,8.0,0.0
all,T:Guardian Druid | H:Restoration Shaman | D:Unholy DeathKnight | D:Devourer DemonHunter | D:Demonology Warlock,1,2.42,11.0,14.3,14.3,14.3,-15.883,10.57,1439.0,Ruby Life Pools,11,2026-08-19,1439.0,3.0,0.0
all,T:Vengeance DemonHunter | H:Restoration Shaman | D:Arcane Mage | D:Outlaw Rogue | D:Destruction Warlock,2,2.42,10.0,40.0,43.3,40.0,-15.883,10.57,1156.0,Murder Row,10,2026-08-19,1204.0,1.0,0.0
all,T:Blood DeathKnight | H:Holy Paladin | D:Devourer DemonHunter | D:BeastMastery Hunter | D:Subtlety Rogue,1,2.42,11.0,14.3,14.3,14.3,-15.883,10.57,1440.0,Ruby Life Pools,11,2026-08-19,1440.0,10.0,0.0
all,T:Blood DeathKnight | H:Holy Priest | D:Devastation Evoker | D:Demonology Warlock | D:Arms Warrior,1,2.41,11.0,14.2,14.2,14.2,-15.883,10.57,1544.0,Altar of Fangs,11,2026-08-19,1544.0,5.0,0.0
all,T:Guardian Druid | H:Discipline Priest | D:Arcane Mage | D:Subtlety Rogue | D:Arms Warrior,1,2.41,11.0,14.2,14.2,14.2,-15.883,10.57,1442.0,Ruby Life Pools,11,2026-08-18,1442.0,13.0,0.0
all,T:Protection Paladin | H:Restoration Shaman | D:Devastation Evoker | D:Arcane Mage | D:Subtlety Rogue,1,2.41,11.0,14.2,14.2,14.2,-15.883,10.57,1545.0,The Blinding Vale,11,2026-08-19,1545.0,0.0,0.0
all,T:Guardian Druid | H:Holy Priest | D:Feral Druid | D:Shadow Priest | D:Arms Warrior,2,2.4,10.5,24.0,25.4,24.0,-15.883,10.57,1522.0,Murder Row,10,2026-08-18,1456.0,3.0,0.0
all,T:Protection Paladin | H:Restoration Druid | D:Unholy DeathKnight | D:Devourer DemonHunter | D:Enhancement Shaman,1,2.39,11.0,14.1,14.1,14.1,-15.883,10.57,1649.0,Den of Nalorakk,11,2026-08-18,1649.0,5.0,0.0
all,T:Vengeance DemonHunter | H:Holy Paladin | D:Unholy DeathKnight | D:Marksmanship Hunter | D:Windwalker Monk,1,2.39,11.0,14.1,14.1,14.1,-15.883,10.57,1649.0,Temple of Sethraliss,11,2026-08-18,1649.0,2.0,0.0
all,T:Protection Paladin | H:Restoration Shaman | D:Havoc DemonHunter | D:Balance Druid | D:Retribution Paladin,1,2.39,11.0,14.1,14.1,14.1,-15.883,10.57,1649.0,Temple of Sethraliss,11,2026-08-19,1649.0,6.0,0.0
all,T:Protection Paladin | H:Holy Paladin | D:Arcane Mage | D:Shadow Priest | D:Arms Warrior,3,2.38,10.7,16.7,28.5,11.2,-15.883,10.57,1458.0,Murder Row,10,2026-08-19,1506.0,1.33,0.0
all,T:Protection Warrior | H:Restoration Shaman | D:Fire Mage | D:Retribution Paladin | D:Elemental Shaman,1,2.37,11.0,14.0,14.0,14.0,-15.883,10.57,1650.0,Den of Nalorakk,11,2026-08-19,1650.0,2.0,0.0
all,T:Protection Paladin | H:Preservation Evoker | D:Unholy DeathKnight | D:Retribution Paladin | D:Arms Warrior,1,2.37,11.0,14.0,14.0,14.0,-15.883,10.57,1754.0,Murder Row,11,2026-08-18,1754.0,3.0,0.0
all,T:Guardian Druid | H:Holy Paladin | D:Unholy DeathKnight | D:Shadow Priest | D:Demonology Warlock,1,2.37,11.0,14.0,14.0,14.0,-15.883,10.57,1651.0,Den of Nalorakk,11,2026-08-19,1651.0,3.0,0.0
all,T:Protection Paladin | H:Holy Priest | D:Devourer DemonHunter | D:Elemental Shaman | D:Arms Warrior,7,2.37,10.1,31.1,39.4,30.4,-15.883,10.57,1092.0,The Blinding Vale,10,2026-08-18,1336.0,2.57,0.0
all,T:Blood DeathKnight | H:Discipline Priest | D:Devourer DemonHunter | D:Devastation Evoker | D:Retribution Paladin,2,2.37,10.5,24.0,34.3,24.0,-15.883,10.57,1104.0,Ruby Life Pools,10,2026-08-19,1330.0,6.0,0.0
all,T:Protection Paladin | H:Restoration Shaman | D:Feral Druid | D:Outlaw Rogue | D:Outlaw Rogue,1,2.37,12.0,-17.8,-17.8,-17.8,-15.883,10.57,2120.0,Voidscar Arena,12,2026-08-18,2120.0,17.0,0.0
all,T:Blood DeathKnight | H:Restoration Shaman | D:Survival Hunter | D:Demonology Warlock | D:Fury Warrior,1,2.37,11.0,14.0,14.0,14.0,-15.883,10.57,1652.0,Den of Nalorakk,11,2026-08-18,1652.0,7.0,0.0
all,T:Guardian Druid | H:Preservation Evoker | D:Retribution Paladin | D:Shadow Priest | D:Destruction Warlock,1,2.37,11.0,14.0,14.0,14.0,-15.883,10.57,1755.0,Murder Row,11,2026-08-19,1755.0,4.0,0.0
all,T:Brewmaster Monk | H:Holy Paladin | D:Marksmanship Hunter | D:Retribution Paladin | D:Demonology Warlock,2,2.37,10.5,24.0,24.9,24.0,-15.883,10.57,1352.0,Voidscar Arena,10,2026-08-19,1416.0,3.0,0.0
all,T:Blood DeathKnight | H:Restoration Shaman | D:BeastMastery Hunter | D:Retribution Paladin | D:Fury Warrior,1,2.37,11.0,14.0,14.0,14.0,-15.883,10.57,1651.0,Temple of Sethraliss,11,2026-08-19,1651.0,2.0,0.0
all,T:Blood DeathKnight | H:Restoration Druid | D:Frost DeathKnight | D:Arcane Mage | D:Fury Warrior,1,2.36,11.0,13.9,13.9,13.9,-15.883,10.57,1756.0,Murder Row,11,2026-08-19,1756.0,10.0,0.0
all,T:Protection Paladin | H:Restoration Shaman | D:Balance Druid | D:Retribution Paladin | D:Arms Warrior,2,2.36,10.5,23.9,27.3,23.9,-15.883,10.57,1395.0,Temple of Sethraliss,10,2026-08-18,1461.0,0.5,0.0
all,T:Blood DeathKnight | H:Restoration Druid | D:Unholy DeathKnight | D:Devourer DemonHunter | D:Devastation Evoker,2,2.35,11.0,8.0,14.5,8.0,-15.883,10.57,1642.0,Temple of Sethraliss,11,2026-08-18,1648.0,4.5,0.0
all,T:Protection Warrior | H:Holy Paladin | D:Arcane Mage | D:Retribution Paladin | D:Demonology Warlock,1,2.34,11.0,13.8,13.8,13.8,-15.883,10.57,1707.0,Kings' Rest,11,2026-08-18,1707.0,4.0,0.0
all,T:Guardian Druid | H:Restoration Shaman | D:Devourer DemonHunter | D:Windwalker Monk | D:Demonology Warlock,2,2.34,11.0,8.0,13.7,8.0,-15.883,10.57,1553.0,Altar of Fangs,11,2026-08-18,1716.0,11.0,0.0
all,T:Protection Paladin | H:Restoration Shaman | D:Devourer DemonHunter | D:Balance Druid | D:Devastation Evoker,1,2.34,11.0,13.8,13.8,13.8,-15.883,10.57,1551.0,The Blinding Vale,11,2026-08-18,1551.0,5.0,0.0
all,T:Protection Paladin | H:Holy Paladin | D:Arcane Mage | D:Retribution Paladin | D:Assassination Rogue,1,2.34,11.0,13.8,13.8,13.8,-15.883,10.57,1706.0,Kings' Rest,11,2026-08-18,1706.0,3.0,0.0
all,T:Protection Paladin | H:Discipline Priest | D:Arcane Mage | D:Elemental Shaman | D:Demonology Warlock,1,2.34,11.0,13.8,13.8,13.8,-15.883,10.57,1758.0,Murder Row,11,2026-08-18,1758.0,8.0,0.0
all,T:Protection Paladin | H:Restoration Shaman | D:BeastMastery Hunter | D:Arcane Mage | D:Elemental Shaman,1,2.34,11.0,13.8,13.8,13.8,-15.883,10.57,1551.0,The Blinding Vale,11,2026-08-19,1551.0,2.0,0.0
all,T:Brewmaster Monk | H:Restoration Druid | D:BeastMastery Hunter | D:Arcane Mage | D:Demonology Warlock,3,2.33,10.3,27.2,30.5,27.2,-15.883,10.57,1168.0,Ruby Life Pools,10,2026-08-19,1310.0,1.33,0.0
all,T:Blood DeathKnight | H:Holy Paladin | D:Devastation Evoker | D:Assassination Rogue | D:Demonology Warlock,3,2.32,10.7,16.5,26.4,14.6,-15.883,10.57,1458.0,Kings' Rest,10,2026-08-18,1645.0,4.0,0.0
all,T:Blood DeathKnight | H:Preservation Evoker | D:Shadow Priest | D:Destruction Warlock | D:Arms Warrior,1,2.32,11.0,13.7,13.7,13.7,-15.883,10.57,1709.0,Kings' Rest,11,2026-08-19,1709.0,8.0,0.0
all,T:Blood DeathKnight | H:Holy Priest | D:BeastMastery Hunter | D:Arms Warrior | D:Arms Warrior,1,2.32,11.0,13.7,13.7,13.7,-15.883,10.57,1553.0,The Blinding Vale,11,2026-08-18,1553.0,9.0,0.0
all,T:Blood DeathKnight | H:Holy Paladin | D:Elemental Shaman | D:Elemental Shaman | D:Arms Warrior,1,2.31,11.0,13.6,13.6,13.6,-15.883,10.57,1658.0,Den of Nalorakk,11,2026-08-19,1658.0,6.0,0.0
all,T:Blood DeathKnight | H:Restoration Shaman | D:Feral Druid | D:BeastMastery Hunter | D:Arms Warrior,3,2.31,11.3,-4.7,12.9,0.5,-15.883,10.57,1567.0,Voidscar Arena,11,2026-08-18,1969.0,13.0,0.0
all,T:Protection Paladin | H:Mistweaver Monk | D:BeastMastery Hunter | D:Enhancement Shaman | D:Arms Warrior,1,2.31,11.0,13.6,13.6,13.6,-15.883,10.57,1762.0,Murder Row,11,2026-08-19,1762.0,4.0,0.0
all,T:Brewmaster Monk | H:Restoration Shaman | D:Feral Druid | D:Elemental Shaman | D:Destruction Warlock,1,2.3,12.0,-18.2,-18.2,-18.2,-15.883,10.57,2412.0,Murder Row,12,2026-08-19,2412.0,21.0,0.0
all,T:Guardian Druid | H:Restoration Shaman | D:Subtlety Rogue | D:Enhancement Shaman | D:Fury Warrior,1,2.3,12.0,-18.2,-18.2,-18.2,-15.883,10.57,2411.0,Murder Row,12,2026-08-18,2411.0,13.0,0.0
all,T:Blood DeathKnight | H:Preservation Evoker | D:Devourer DemonHunter | D:Devastation Evoker | D:Enhancement Shaman,1,2.29,11.0,13.5,13.5,13.5,-15.883,10.57,1454.0,Ruby Life Pools,11,2026-08-19,1454.0,6.0,0.0
all,T:Blood DeathKnight | H:Holy Priest | D:Arcane Mage | D:Elemental Shaman | D:Arms Warrior,1,2.29,11.0,13.5,13.5,13.5,-15.883,10.57,1558.0,Voidscar Arena,11,2026-08-18,1558.0,2.0,0.0
all,T:Vengeance DemonHunter | H:Restoration Shaman | D:Unholy DeathKnight | D:Survival Hunter | D:Demonology Warlock,1,2.29,11.0,13.5,13.5,13.5,-15.883,10.57,1713.0,Kings' Rest,11,2026-08-18,1713.0,5.0,0.0
all,T:Vengeance DemonHunter | H:Restoration Shaman | D:Frost Mage | D:Elemental Shaman | D:Destruction Warlock,1,2.29,11.0,13.5,13.5,13.5,-15.883,10.57,1557.0,The Blinding Vale,11,2026-08-18,1557.0,6.0,0.0
all,T:Blood DeathKnight | H:Holy Paladin | D:Unholy DeathKnight | D:Devastation Evoker | D:Frost Mage,1,2.29,11.0,13.5,13.5,13.5,-15.883,10.57,1661.0,Temple of Sethraliss,11,2026-08-19,1661.0,3.0,0.0
all,T:Protection Paladin | H:Holy Priest | D:Marksmanship Hunter | D:Arcane Mage | D:Enhancement Shaman,1,2.29,11.0,13.5,13.5,13.5,-15.883,10.57,1662.0,Temple of Sethraliss,11,2026-08-19,1662.0,8.0,0.0
all,T:Blood DeathKnight | H:Preservation Evoker | D:Devourer DemonHunter | D:BeastMastery Hunter | D:Assassination Rogue,2,2.28,11.0,7.8,23.1,7.8,-15.883,10.57,1291.0,Ruby Life Pools,10,2026-08-18,1679.0,5.5,0.0
all,T:Protection Paladin | H:Restoration Shaman | D:Unholy DeathKnight | D:Feral Druid | D:Arms Warrior,1,2.27,11.0,13.4,13.4,13.4,-15.883,10.57,1558.0,Voidscar Arena,11,2026-08-19,1558.0,4.0,0.0
all,T:Protection Paladin | H:Holy Paladin | D:Unholy DeathKnight | D:Balance Druid | D:Arcane Mage,1,2.27,11.0,13.4,13.4,13.4,-15.883,10.57,1662.0,Temple of Sethraliss,11,2026-08-18,1662.0,6.0,0.0
all,T:Vengeance DemonHunter | H:Holy Paladin | D:Balance Druid | D:Arcane Mage | D:Destruction Warlock,2,2.27,10.5,23.6,27.1,23.6,-15.883,10.57,1312.0,The Blinding Vale,11,2026-08-18,1472.0,1.0,0.0
all,T:Blood DeathKnight | H:Restoration Shaman | D:Balance Druid | D:Marksmanship Hunter | D:Subtlety Rogue,5,2.27,10.0,36.1,37.9,37.2,-15.883,10.57,1118.0,Voidscar Arena,10,2026-08-18,1230.0,1.8,0.0
all,T:Protection Warrior | H:Mistweaver Monk | D:Survival Hunter | D:Windwalker Monk | D:Destruction Warlock,1,2.27,11.0,13.4,13.4,13.4,-15.883,10.57,1558.0,The Blinding Vale,11,2026-08-18,1558.0,7.0,0.0
all,T:Guardian Druid | H:Restoration Shaman | D:Arcane Mage | D:Retribution Paladin | D:Outlaw Rogue,1,2.26,11.0,13.3,13.3,13.3,-15.883,10.57,1560.0,Voidscar Arena,11,2026-08-19,1560.0,1.0,0.0
all,T:Brewmaster Monk | H:Restoration Shaman | D:Feral Druid | D:Survival Hunter | D:Arms Warrior,1,2.26,11.0,13.3,13.3,13.3,-15.883,10.57,1560.0,Altar of Fangs,11,2026-08-19,1560.0,9.0,0.0
all,T:Blood DeathKnight | H:Restoration Shaman | D:Devourer DemonHunter | D:Balance Druid | D:Retribution Paladin,2,2.26,10.5,23.5,26.7,23.5,-15.883,10.57,1452.0,Kings' Rest,10,2026-08-18,1394.0,2.5,0.0
all,T:Brewmaster Monk | H:Restoration Shaman | D:Shadow Priest | D:Elemental Shaman | D:Demonology Warlock,1,2.26,11.0,13.3,13.3,13.3,-15.883,10.57,1560.0,Altar of Fangs,11,2026-08-18,1560.0,1.0,0.0
all,T:Protection Paladin | H:Restoration Druid | D:Windwalker Monk | D:Elemental Shaman | D:Destruction Warlock,1,2.26,11.0,13.3,13.3,13.3,-15.883,10.57,1665.0,Temple of Sethraliss,11,2026-08-19,1665.0,0.0,0.0
all,T:Blood DeathKnight | H:Holy Paladin | D:Marksmanship Hunter | D:Arcane Mage | D:Elemental Shaman,3,2.26,11.0,5.8,15.3,1.6,-15.883,10.57,1677.0,Kings' Rest,11,2026-08-19,1772.0,7.67,0.0
all,T:Blood DeathKnight | H:Preservation Evoker | D:Marksmanship Hunter | D:Windwalker Monk | D:Windwalker Monk,1,2.24,11.0,13.2,13.2,13.2,-15.883,10.57,1718.0,Kings' Rest,11,2026-08-18,1718.0,4.0,0.0
all,T:Protection Paladin | H:Holy Priest | D:Balance Druid | D:Survival Hunter | D:Demonology Warlock,1,2.24,11.0,13.2,13.2,13.2,-15.883,10.57,1563.0,Voidscar Arena,11,2026-08-18,1563.0,6.0,0.0
all,T:Protection Warrior | H:Restoration Shaman | D:Unholy DeathKnight | D:Marksmanship Hunter | D:Destruction Warlock,1,2.24,11.0,13.2,13.2,13.2,-15.883,10.57,1563.0,Voidscar Arena,11,2026-08-18,1563.0,13.0,0.0
all,T:Blood DeathKnight | H:Restoration Shaman | D:BeastMastery Hunter | D:Elemental Shaman | D:Arms Warrior,1,2.22,11.0,13.1,13.1,13.1,-15.883,10.57,1564.0,Voidscar Arena,11,2026-08-18,1564.0,6.0,0.0
all,T:Vengeance DemonHunter | H:Holy Paladin | D:Survival Hunter | D:Arcane Mage | D:Arms Warrior,1,2.22,11.0,13.1,13.1,13.1,-15.883,10.57,1668.0,Temple of Sethraliss,11,2026-08-19,1668.0,4.0,0.0
all,T:Protection Paladin | H:Mistweaver Monk | D:Windwalker Monk | D:Retribution Paladin | D:Arms Warrior,1,2.22,11.0,13.1,13.1,13.1,-15.883,10.57,1721.0,Kings' Rest,11,2026-08-19,1721.0,5.0,0.0
all,T:Protection Paladin | H:Discipline Priest | D:Unholy DeathKnight | D:Elemental Shaman | D:Arms Warrior,1,2.22,11.0,13.1,13.1,13.1,-15.883,10.57,1668.0,Den of Nalorakk,11,2026-08-19,1668.0,4.0,0.0
all,T:Blood DeathKnight | H:Holy Priest | D:Devastation Evoker | D:Arcane Mage | D:Arms Warrior,1,2.22,11.0,13.1,13.1,13.1,-15.883,10.57,1669.0,Temple of Sethraliss,11,2026-08-18,1669.0,8.0,0.0
all,T:Protection Paladin | H:Preservation Evoker | D:Balance Druid | D:Shadow Priest | D:Subtlety Rogue,1,2.22,11.0,13.1,13.1,13.1,-15.883,10.57,1460.0,Ruby Life Pools,11,2026-08-18,1460.0,3.0,0.0
all,T:Vengeance DemonHunter | H:Holy Priest | D:Unholy DeathKnight | D:Balance Druid | D:Elemental Shaman,1,2.22,11.0,13.1,13.1,13.1,-15.883,10.57,1668.0,Den of Nalorakk,11,2026-08-18,1668.0,2.0,0.0
all,T:Blood DeathKnight | H:Restoration Shaman | D:BeastMastery Hunter | D:Enhancement Shaman | D:Arms Warrior,1,2.22,11.0,13.1,13.1,13.1,-15.883,10.57,1564.0,Voidscar Arena,11,2026-08-18,1564.0,10.0,0.0
all,T:Blood DeathKnight | H:Restoration Shaman | D:Havoc DemonHunter | D:Retribution Paladin | D:Arms Warrior,2,2.22,11.0,7.6,30.5,7.6,-15.883,10.57,1251.0,The Blinding Vale,10,2026-08-18,1802.0,7.0,0.0
all,T:Protection Warrior | H:Restoration Shaman | D:Marksmanship Hunter | D:Retribution Paladin | D:Destruction Warlock,2,2.22,11.0,7.6,7.6,7.6,-15.883,10.57,1664.0,Altar of Fangs,11,2026-08-18,1748.0,8.0,0.0
all,T:Protection Paladin | H:Holy Priest | D:Arcane Mage | D:Retribution Paladin | D:Arms Warrior,1,2.21,11.0,13.0,13.0,13.0,-15.883,10.57,1775.0,Murder Row,11,2026-08-19,1775.0,1.0,0.0
all,T:Vengeance DemonHunter | H:Holy Paladin | D:Feral Druid | D:Enhancement Shaman | D:Fury Warrior,1,2.21,11.0,13.0,13.0,13.0,-15.883,10.57,1671.0,Temple of Sethraliss,11,2026-08-19,1671.0,5.0,0.0
all,T:Blood DeathKnight | H:Mistweaver Monk | D:Arcane Mage | D:Outlaw Rogue | D:Arms Warrior,3,2.2,11.0,5.6,13.3,6.5,-15.883,10.57,1664.0,Temple of Sethraliss,11,2026-08-18,1907.0,7.0,0.0
all,T:Blood DeathKnight | H:Discipline Priest | D:Augmentation Evoker | D:Enhancement Shaman | D:Arms Warrior,1,2.19,11.0,12.9,12.9,12.9,-15.883,10.57,1671.0,Den of Nalorakk,11,2026-08-19,1671.0,8.0,0.0
all,T:Protection Paladin | H:Restoration Shaman | D:Devastation Evoker | D:Arcane Mage | D:Outlaw Rogue,1,2.19,11.0,12.9,12.9,12.9,-15.883,10.57,1777.0,Murder Row,11,2026-08-19,1777.0,0.0,0.0
all,T:Guardian Druid | H:Discipline Priest | D:Arcane Mage | D:Elemental Shaman | D:Elemental Shaman,1,2.19,11.0,12.9,12.9,12.9,-15.883,10.57,1463.0,Ruby Life Pools,11,2026-08-18,1463.0,2.0,0.0
all,T:Guardian Druid | H:Restoration Shaman | D:Havoc DemonHunter | D:Retribution Paladin | D:Demonology Warlock,1,2.19,11.0,12.9,12.9,12.9,-15.883,10.57,1725.0,Kings' Rest,11,2026-08-18,1725.0,3.0,0.0
all,T:Blood DeathKnight | H:Preservation Evoker | D:Unholy DeathKnight | D:Shadow Priest | D:Enhancement Shaman,3,2.18,11.0,5.6,9.9,4.3,-15.883,10.57,1729.0,Temple of Sethraliss,11,2026-08-19,1754.0,12.67,0.0
all,T:Guardian Druid | H:Discipline Priest | D:Devourer DemonHunter | D:Windwalker Monk | D:Demonology Warlock,1,2.18,12.0,-18.9,-18.9,-18.9,-15.883,10.57,2140.0,The Blinding Vale,12,2026-08-18,2140.0,23.0,0.0
all,T:Protection Warrior | H:Holy Paladin | D:BeastMastery Hunter | D:Arcane Mage | D:Shadow Priest,3,2.18,11.0,5.6,29.3,4.7,-15.883,10.57,1400.0,Kings' Rest,10,2026-08-18,1602.0,9.0,0.0
all,T:Protection Paladin | H:Holy Paladin | D:Unholy DeathKnight | D:Arcane Mage | D:Arms Warrior,6,2.18,10.7,14.4,21.6,14.4,-15.883,10.57,1505.0,Den of Nalorakk,10,2026-08-18,1591.0,4.83,0.0
all,T:Blood DeathKnight | H:Restoration Shaman | D:Balance Druid | D:Arcane Mage | D:Arcane Mage,3,2.17,10.7,16.1,23.8,18.1,-15.883,10.57,1508.0,Kings' Rest,10,2026-08-18,1671.0,2.67,0.0
all,T:Protection Paladin | H:Holy Priest | D:Survival Hunter | D:Enhancement Shaman | D:Arms Warrior,1,2.17,11.0,12.8,12.8,12.8,-15.883,10.57,1674.0,Temple of Sethraliss,11,2026-08-18,1674.0,0.0,0.0
all,T:Protection Paladin | H:Restoration Shaman | D:Devourer DemonHunter | D:Devastation Evoker | D:Arms Warrior,1,2.17,11.0,12.8,12.8,12.8,-15.883,10.57,1569.0,Altar of Fangs,11,2026-08-19,1569.0,3.0,0.0
all,T:Blood DeathKnight | H:Restoration Druid | D:Retribution Paladin | D:Elemental Shaman | D:Arms Warrior,1,2.17,11.0,12.8,12.8,12.8,-15.883,10.57,1779.0,Murder Row,11,2026-08-19,1779.0,5.0,0.0
all,T:Protection Paladin | H:Restoration Shaman | D:Devourer DemonHunter | D:Balance Druid | D:Destruction Warlock,1,2.17,11.0,12.8,12.8,12.8,-15.883,10.57,1674.0,Den of Nalorakk,11,2026-08-19,1674.0,6.0,0.0
all,T:Blood DeathKnight | H:Restoration Shaman | D:Unholy DeathKnight | D:Havoc DemonHunter | D:Retribution Paladin,1,2.17,11.0,12.8,12.8,12.8,-15.883,10.57,1726.0,Kings' Rest,11,2026-08-18,1726.0,4.0,0.0
all,T:Protection Warrior | H:Holy Paladin | D:Arcane Mage | D:Retribution Paladin | D:Destruction Warlock,1,2.17,11.0,12.8,12.8,12.8,-15.883,10.57,1465.0,Ruby Life Pools,11,2026-08-18,1465.0,2.0,0.0
all,T:Blood DeathKnight | H:Holy Paladin | D:Balance Druid | D:BeastMastery Hunter | D:Subtlety Rogue,1,2.17,11.0,12.8,12.8,12.8,-15.883,10.57,1727.0,Kings' Rest,11,2026-08-19,1727.0,12.0,0.0
all,T:Protection Paladin | H:Restoration Druid | D:Devourer DemonHunter | D:Frost Mage | D:Assassination Rogue,1,2.17,11.0,12.8,12.8,12.8,-15.883,10.57,1465.0,Ruby Life Pools,11,2026-08-19,1465.0,1.0,0.0
all,T:Blood DeathKnight | H:Restoration Shaman | D:Unholy DeathKnight | D:Unholy DeathKnight | D:Augmentation Evoker,1,2.16,11.0,12.7,12.7,12.7,-15.883,10.57,1676.0,Temple of Sethraliss,11,2026-08-19,1676.0,4.0,0.0
all,T:Blood DeathKnight | H:Restoration Shaman | D:Arcane Mage | D:Demonology Warlock | D:Arms Warrior,1,2.16,11.0,12.7,12.7,12.7,-15.883,10.57,1729.0,Kings' Rest,11,2026-08-19,1729.0,3.0,0.0
all,T:Guardian Druid | H:Holy Paladin | D:Arcane Mage | D:Windwalker Monk | D:Elemental Shaman,1,2.16,11.0,12.7,12.7,12.7,-15.883,10.57,1676.0,Temple of Sethraliss,11,2026-08-18,1676.0,4.0,0.0
all,T:Blood DeathKnight | H:Preservation Evoker | D:Devastation Evoker | D:BeastMastery Hunter | D:Subtlety Rogue,5,2.15,10.4,23.1,33.0,21.2,-15.883,10.57,1206.0,The Blinding Vale,10,2026-08-18,1491.0,2.8,0.0
all,T:Blood DeathKnight | H:Holy Paladin | D:Arcane Mage | D:Elemental Shaman | D:Arms Warrior,15,2.14,10.7,11.1,28.9,7.3,-15.883,10.57,1366.0,Temple of Sethraliss,11,2026-08-18,1669.0,7.8,0.0
all,T:Protection Warrior | H:Holy Priest | D:Devourer DemonHunter | D:Devastation Evoker | D:Arcane Mage,1,2.14,11.0,12.6,12.6,12.6,-15.883,10.57,1468.0,Ruby Life Pools,11,2026-08-18,1468.0,2.0,0.0
all,T:Blood DeathKnight | H:Restoration Shaman | D:Arcane Mage | D:Affliction Warlock | D:Arms Warrior,1,2.14,11.0,12.6,12.6,12.6,-15.883,10.57,1468.0,Ruby Life Pools,11,2026-08-19,1468.0,1.0,0.0
all,T:Brewmaster Monk | H:Restoration Shaman | D:Arcane Mage | D:Retribution Paladin | D:Enhancement Shaman,1,2.14,11.0,12.6,12.6,12.6,-15.883,10.57,1731.0,Kings' Rest,11,2026-08-19,1731.0,5.0,0.0
all,T:Protection Paladin | H:Restoration Shaman | D:Feral Druid | D:BeastMastery Hunter | D:Retribution Paladin,1,2.14,11.0,12.6,12.6,12.6,-15.883,10.57,1730.0,Kings' Rest,11,2026-08-18,1730.0,4.0,0.0
all,T:Protection Warrior | H:Restoration Shaman | D:Unholy DeathKnight | D:Elemental Shaman | D:Arms Warrior,3,2.14,11.0,5.5,10.5,5.7,-15.883,10.57,1719.0,Temple of Sethraliss,11,2026-08-18,1867.0,7.33,0.0
all,T:Protection Warrior | H:Restoration Shaman | D:Unholy DeathKnight | D:Devastation Evoker | D:Marksmanship Hunter,1,2.14,11.0,12.6,12.6,12.6,-15.883,10.57,1730.0,Kings' Rest,11,2026-08-18,1730.0,14.0,0.0
all,T:Guardian Druid | H:Restoration Shaman | D:Havoc DemonHunter | D:Arcane Mage | D:Arms Warrior,1,2.14,11.0,12.6,12.6,12.6,-15.883,10.57,1469.0,Ruby Life Pools,11,2026-08-19,1469.0,4.0,0.0
all,T:Blood DeathKnight | H:Holy Paladin | D:Frost DeathKnight | D:Marksmanship Hunter | D:Arms Warrior,1,2.14,11.0,12.6,12.6,12.6,-15.883,10.57,1679.0,Den of Nalorakk,11,2026-08-19,1679.0,3.0,0.0
all,T:Vengeance DemonHunter | H:Holy Paladin | D:BeastMastery Hunter | D:Retribution Paladin | D:Elemental Shaman,3,2.14,10.7,16.1,20.2,16.2,-15.883,10.57,1437.0,Voidscar Arena,10,2026-08-18,1482.0,1.0,0.0
all,T:Brewmaster Monk | H:Discipline Priest | D:Balance Druid | D:Augmentation Evoker | D:Arcane Mage,1,2.12,11.0,12.5,12.5,12.5,-15.883,10.57,1732.0,Kings' Rest,11,2026-08-18,1732.0,6.0,0.0
all,T:Blood DeathKnight | H:Preservation Evoker | D:Retribution Paladin | D:Subtlety Rogue | D:Elemental Shaman,1,2.12,11.0,12.5,12.5,12.5,-15.883,10.57,1679.0,Den of Nalorakk,11,2026-08-19,1679.0,3.0,0.0
all,T:Protection Warrior | H:Holy Paladin | D:Havoc DemonHunter | D:Arcane Mage | D:Elemental Shaman,1,2.12,11.0,12.5,12.5,12.5,-15.883,10.57,1680.0,Temple of Sethraliss,11,2026-08-18,1680.0,4.0,0.0
all,T:Blood DeathKnight | H:Discipline Priest | D:Unholy DeathKnight | D:Windwalker Monk | D:Assassination Rogue,1,2.12,11.0,12.5,12.5,12.5,-15.883,10.57,1681.0,Temple of Sethraliss,11,2026-08-18,1681.0,3.0,0.0
all,T:Blood DeathKnight | H:Preservation Evoker | D:Frost DeathKnight | D:Marksmanship Hunter | D:Subtlety Rogue,1,2.11,11.0,12.4,12.4,12.4,-15.883,10.57,1578.0,Voidscar Arena,11,2026-08-19,1578.0,14.0,0.0
all,T:Protection Paladin | H:Discipline Priest | D:BeastMastery Hunter | D:Enhancement Shaman | D:Arms Warrior,1,2.11,11.0,12.4,12.4,12.4,-15.883,10.57,1472.0,Ruby Life Pools,11,2026-08-19,1472.0,6.0,0.0
all,T:Blood DeathKnight | H:Restoration Shaman | D:Balance Druid | D:BeastMastery Hunter | D:Arms Warrior,1,2.11,11.0,12.4,12.4,12.4,-15.883,10.57,1682.0,Temple of Sethraliss,11,2026-08-18,1682.0,9.0,0.0
all,T:Protection Warrior | H:Restoration Shaman | D:BeastMastery Hunter | D:BeastMastery Hunter | D:Enhancement Shaman,1,2.11,11.0,12.4,12.4,12.4,-15.883,10.57,1682.0,Temple of Sethraliss,11,2026-08-19,1682.0,6.0,0.0
all,T:Protection Paladin | H:Holy Paladin | D:Balance Druid | D:Devastation Evoker | D:Arcane Mage,1,2.09,11.0,12.3,12.3,12.3,-15.883,10.57,1578.0,The Blinding Vale,11,2026-08-19,1578.0,8.0,0.0
all,T:Blood DeathKnight | H:Mistweaver Monk | D:Devourer DemonHunter | D:Destruction Warlock | D:Arms Warrior,1,2.09,11.0,12.3,12.3,12.3,-15.883,10.57,1578.0,Voidscar Arena,11,2026-08-18,1578.0,11.0,0.0
all,T:Protection Paladin | H:Restoration Shaman | D:Arcane Mage | D:Shadow Priest | D:Fury Warrior,3,2.08,10.3,26.5,36.3,24.1,-15.883,10.57,1300.0,Murder Row,10,2026-08-18,1367.0,1.33,0.0
all,T:Protection Paladin | H:Discipline Priest | D:Subtlety Rogue | D:Elemental Shaman | D:Arms Warrior,1,2.07,11.0,12.2,12.2,12.2,-15.883,10.57,1687.0,Den of Nalorakk,11,2026-08-18,1687.0,1.0,0.0
all,T:Protection Paladin | H:Restoration Shaman | D:Devourer DemonHunter | D:Devastation Evoker | D:Outlaw Rogue,1,2.07,11.0,12.2,12.2,12.2,-15.883,10.57,1739.0,Kings' Rest,11,2026-08-19,1739.0,1.0,0.0
all,T:Blood DeathKnight | H:Holy Paladin | D:Devourer DemonHunter | D:Arcane Mage | D:Arcane Mage,1,2.07,11.0,12.2,12.2,12.2,-15.883,10.57,1475.0,Ruby Life Pools,11,2026-08-19,1475.0,9.0,0.0
all,T:Protection Warrior | H:Restoration Shaman | D:Windwalker Monk | D:Shadow Priest | D:Subtlety Rogue,1,2.07,11.0,12.2,12.2,12.2,-15.883,10.57,1790.0,Murder Row,11,2026-08-18,1790.0,4.0,0.0
all,T:Guardian Druid | H:Holy Priest | D:Feral Druid | D:Elemental Shaman | D:Demonology Warlock,3,2.07,10.7,15.9,21.7,15.5,-15.883,10.57,1504.0,Temple of Sethraliss,10,2026-08-18,1521.0,3.33,0.0
all,T:Blood DeathKnight | H:Mistweaver Monk | D:Augmentation Evoker | D:Arcane Mage | D:Subtlety Rogue,1,2.07,11.0,12.2,12.2,12.2,-15.883,10.57,1791.0,Murder Row,11,2026-08-18,1791.0,1.0,0.0
all,T:Protection Warrior | H:Discipline Priest | D:BeastMastery Hunter | D:Arcane Mage | D:Shadow Priest,1,2.06,11.0,12.1,12.1,12.1,-15.883,10.57,1582.0,The Blinding Vale,11,2026-08-18,1582.0,10.0,0.0
all,T:Protection Warrior | H:Restoration Shaman | D:Unholy DeathKnight | D:Arcane Mage | D:Retribution Paladin,2,2.06,10.5,22.8,26.8,22.8,-15.883,10.57,1317.0,Voidscar Arena,10,2026-08-18,1437.0,1.5,0.0
all,T:Vengeance DemonHunter | H:Holy Paladin | D:Unholy DeathKnight | D:Augmentation Evoker | D:Elemental Shaman,1,2.06,11.0,12.1,12.1,12.1,-15.883,10.57,1792.0,Murder Row,11,2026-08-19,1792.0,3.0,0.0
all,T:Blood DeathKnight | H:Holy Paladin | D:Frost DeathKnight | D:Windwalker Monk | D:Retribution Paladin,1,2.06,11.0,12.1,12.1,12.1,-15.883,10.57,1476.0,Ruby Life Pools,11,2026-08-18,1476.0,5.0,0.0
all,T:Protection Warrior | H:Preservation Evoker | D:Devourer DemonHunter | D:Survival Hunter | D:Demonology Warlock,1,2.06,11.0,12.1,12.1,12.1,-15.883,10.57,1583.0,The Blinding Vale,11,2026-08-18,1583.0,7.0,0.0
all,T:Protection Paladin | H:Holy Paladin | D:Devourer DemonHunter | D:Arcane Mage | D:Elemental Shaman,3,2.05,10.3,26.4,28.7,27.9,-15.883,10.57,1368.0,Temple of Sethraliss,10,2026-08-18,1368.0,4.0,0.0
all,T:Protection Warrior | H:Restoration Shaman | D:Unholy DeathKnight | D:Devourer DemonHunter | D:Elemental Shaman,1,2.04,11.0,12.0,12.0,12.0,-15.883,10.57,1742.0,Kings' Rest,11,2026-08-18,1742.0,4.0,0.0
all,T:Protection Paladin | H:Restoration Shaman | D:Unholy DeathKnight | D:Retribution Paladin | D:Assassination Rogue,3,2.04,11.0,5.2,15.7,12.6,-15.883,10.57,1618.0,Den of Nalorakk,10,2026-08-19,1677.0,4.67,0.0
all,T:Brewmaster Monk | H:Holy Paladin | D:Devourer DemonHunter | D:Balance Druid | D:Feral Druid,1,2.02,11.0,11.9,11.9,11.9,-15.883,10.57,1585.0,The Blinding Vale,11,2026-08-18,1585.0,1.0,0.0
all,T:Guardian Druid | H:Restoration Shaman | D:Unholy DeathKnight | D:Survival Hunter | D:Arms Warrior,1,2.02,11.0,11.9,11.9,11.9,-15.883,10.57,1691.0,Temple of Sethraliss,11,2026-08-18,1691.0,5.0,0.0
all,T:Guardian Druid | H:Restoration Shaman | D:Arcane Mage | D:Elemental Shaman | D:Affliction Warlock,1,2.02,11.0,11.9,11.9,11.9,-15.883,10.57,1692.0,Temple of Sethraliss,11,2026-08-18,1692.0,3.0,0.0
all,T:Blood DeathKnight | H:Restoration Shaman | D:BeastMastery Hunter | D:Arcane Mage | D:Affliction Warlock,1,2.02,11.0,11.9,11.9,11.9,-15.883,10.57,1480.0,Ruby Life Pools,11,2026-08-18,1480.0,1.0,0.0
all,T:Blood DeathKnight | H:Discipline Priest | D:Unholy DeathKnight | D:Devourer DemonHunter | D:Elemental Shaman,1,2.02,11.0,11.9,11.9,11.9,-15.883,10.57,1480.0,Ruby Life Pools,11,2026-08-19,1480.0,2.0,0.0
all,T:Guardian Druid | H:Restoration Shaman | D:Arcane Mage | D:Arcane Mage | D:Arms Warrior,2,2.02,11.0,6.8,10.1,6.8,-15.883,10.57,1727.0,Den of Nalorakk,11,2026-08-19,1789.0,5.5,0.0
all,T:Guardian Druid | H:Restoration Shaman | D:Arcane Mage | D:Shadow Priest | D:Demonology Warlock,1,2.01,11.0,11.8,11.8,11.8,-15.883,10.57,1587.0,Voidscar Arena,11,2026-08-18,1587.0,12.0,0.0
all,T:Protection Paladin | H:Restoration Shaman | D:Arcane Mage | D:Assassination Rogue | D:Arms Warrior,2,2.01,10.5,22.7,23.9,22.7,-15.883,10.57,1507.0,Kings' Rest,10,2026-08-19,1460.0,0.5,0.0
all,T:Protection Paladin | H:Holy Paladin | D:Balance Druid | D:Windwalker Monk | D:Demonology Warlock,1,2.01,11.0,11.8,11.8,11.8,-15.883,10.57,1587.0,The Blinding Vale,11,2026-08-19,1587.0,4.0,0.0
all,T:Blood DeathKnight | H:Restoration Shaman | D:Devastation Evoker | D:Retribution Paladin | D:Arms Warrior,7,2.0,10.6,16.8,26.4,18.9,-15.883,10.57,1324.0,The Blinding Vale,10,2026-08-18,1506.0,4.57,0.0
all,T:Blood DeathKnight | H:Discipline Priest | D:BeastMastery Hunter | D:Arms Warrior | D:Arms Warrior,1,1.99,11.0,11.7,11.7,11.7,-15.883,10.57,1802.0,Murder Row,11,2026-08-18,1802.0,8.0,0.0
all,T:Vengeance DemonHunter | H:Restoration Shaman | D:BeastMastery Hunter | D:Windwalker Monk | D:Demonology Warlock,1,1.99,11.0,11.7,11.7,11.7,-15.883,10.57,1483.0,Ruby Life Pools,11,2026-08-18,1483.0,2.0,0.0
all,T:Protection Warrior | H:Restoration Shaman | D:Balance Druid | D:Shadow Priest | D:Arms Warrior,1,1.99,11.0,11.7,11.7,11.7,-15.883,10.57,1483.0,Ruby Life Pools,11,2026-08-19,1483.0,1.0,0.0
all,T:Blood DeathKnight | H:Restoration Shaman | D:Devourer DemonHunter | D:BeastMastery Hunter | D:Shadow Priest,1,1.99,11.0,11.7,11.7,11.7,-15.883,10.57,1696.0,Den of Nalorakk,11,2026-08-19,1696.0,7.0,0.0
all,T:Blood DeathKnight | H:Preservation Evoker | D:Unholy DeathKnight | D:Marksmanship Hunter | D:Windwalker Monk,1,1.99,11.0,11.7,11.7,11.7,-15.883,10.57,1483.0,Ruby Life Pools,11,2026-08-18,1483.0,3.0,0.0
all,T:Protection Paladin | H:Holy Paladin | D:Havoc DemonHunter | D:Devastation Evoker | D:Assassination Rogue,1,1.99,11.0,11.7,11.7,11.7,-15.883,10.57,1695.0,Temple of Sethraliss,11,2026-08-19,1695.0,4.0,0.0
all,T:Guardian Druid | H:Mistweaver Monk | D:Unholy DeathKnight | D:Demonology Warlock | D:Arms Warrior,1,1.99,11.0,11.7,11.7,11.7,-15.883,10.57,1695.0,Den of Nalorakk,11,2026-08-18,1695.0,6.0,0.0
all,T:Blood DeathKnight | H:Restoration Shaman | D:Devourer DemonHunter | D:Devastation Evoker | D:Arms Warrior,3,1.98,11.0,5.0,29.5,4.4,-15.883,10.57,1354.0,Temple of Sethraliss,10,2026-08-18,1836.0,8.0,0.0
all,T:Vengeance DemonHunter | H:Restoration Shaman | D:Balance Druid | D:Arcane Mage | D:Demonology Warlock,1,1.97,11.0,11.6,11.6,11.6,-15.883,10.57,1750.0,Kings' Rest,11,2026-08-18,1750.0,4.0,0.0
all,T:Protection Paladin | H:Restoration Druid | D:BeastMastery Hunter | D:Windwalker Monk | D:Elemental Shaman,1,1.97,11.0,11.6,11.6,11.6,-15.883,10.57,1804.0,Murder Row,11,2026-08-19,1804.0,2.0,0.0
all,T:Blood DeathKnight | H:Mistweaver Monk | D:Devourer DemonHunter | D:Arcane Mage | D:Retribution Paladin,2,1.97,10.5,22.6,23.6,22.6,-15.883,10.57,1559.0,Murder Row,10,2026-08-19,1534.0,4.0,0.0
all,T:Blood DeathKnight | H:Restoration Shaman | D:Windwalker Monk | D:Outlaw Rogue | D:Elemental Shaman,3,1.97,10.3,26.2,30.5,25.2,-15.883,10.57,1167.0,Ruby Life Pools,10,2026-08-18,1388.0,2.0,0.0
all,T:Blood DeathKnight | H:Discipline Priest | D:Devastation Evoker | D:Retribution Paladin | D:Enhancement Shaman,1,1.96,11.0,11.5,11.5,11.5,-15.883,10.57,1486.0,Ruby Life Pools,11,2026-08-18,1486.0,16.0,0.0
all,T:Blood DeathKnight | H:Mistweaver Monk | D:Arcane Mage | D:Arcane Mage | D:Destruction Warlock,1,1.96,11.0,11.5,11.5,11.5,-15.883,10.57,1805.0,Murder Row,11,2026-08-19,1805.0,2.0,0.0
all,T:Blood DeathKnight | H:Holy Paladin | D:BeastMastery Hunter | D:Windwalker Monk | D:Arms Warrior,1,1.96,10.0,43.3,43.3,43.3,-15.883,10.57,953.0,Ruby Life Pools,10,2026-08-19,953.0,4.0,0.0
all,T:Guardian Druid | H:Restoration Druid | D:Frost DeathKnight | D:Arcane Mage | D:Arms Warrior,1,1.94,11.0,11.4,11.4,11.4,-15.883,10.57,1594.0,Altar of Fangs,11,2026-08-19,1594.0,1.0,0.0
all,T:Blood DeathKnight | H:Mistweaver Monk | D:Balance Druid | D:Arcane Mage | D:Elemental Shaman,1,1.94,11.0,11.4,11.4,11.4,-15.883,10.57,1701.0,Temple of Sethraliss,11,2026-08-18,1701.0,5.0,0.0
all,T:Blood DeathKnight | H:Discipline Priest | D:Devastation Evoker | D:Elemental Shaman | D:Arms Warrior,2,1.94,10.5,22.5,34.7,22.5,-15.883,10.57,1332.0,Murder Row,10,2026-08-18,1528.0,5.5,0.0
all,T:Protection Paladin | H:Preservation Evoker | D:Frost DeathKnight | D:Subtlety Rogue | D:Destruction Warlock,1,1.94,11.0,11.4,11.4,11.4,-15.883,10.57,1595.0,The Blinding Vale,11,2026-08-18,1595.0,7.0,0.0
all,T:Protection Paladin | H:Holy Paladin | D:Augmentation Evoker | D:Marksmanship Hunter | D:Arms Warrior,1,1.94,11.0,11.4,11.4,11.4,-15.883,10.57,1754.0,Kings' Rest,11,2026-08-19,1754.0,1.0,0.0
all,T:Protection Paladin | H:Discipline Priest | D:Marksmanship Hunter | D:Subtlety Rogue | D:Enhancement Shaman,1,1.94,11.0,11.4,11.4,11.4,-15.883,10.57,1700.0,Temple of Sethraliss,11,2026-08-18,1700.0,10.0,0.0
all,T:Blood DeathKnight | H:Restoration Druid | D:Havoc DemonHunter | D:Balance Druid | D:BeastMastery Hunter,2,1.93,10.5,22.4,28.0,22.4,-15.883,10.57,1469.0,Murder Row,10,2026-08-18,1484.0,5.0,0.0
all,T:Protection Paladin | H:Holy Paladin | D:Frost DeathKnight | D:Retribution Paladin | D:Elemental Shaman,1,1.92,11.0,11.3,11.3,11.3,-15.883,10.57,1596.0,Altar of Fangs,11,2026-08-19,1596.0,3.0,0.0
all,T:Protection Paladin | H:Restoration Shaman | D:Balance Druid | D:Fire Mage | D:Elemental Shaman,1,1.92,12.0,-20.5,-20.5,-20.5,-15.883,10.57,2170.0,The Blinding Vale,12,2026-08-19,2170.0,13.0,0.0
all,T:Blood DeathKnight | H:Restoration Druid | D:Marksmanship Hunter | D:Arcane Mage | D:Demonology Warlock,1,1.92,11.0,11.3,11.3,11.3,-15.883,10.57,1703.0,Temple of Sethraliss,11,2026-08-18,1703.0,6.0,0.0
all,T:Protection Paladin | H:Preservation Evoker | D:BeastMastery Hunter | D:Elemental Shaman | D:Destruction Warlock,1,1.92,11.0,11.3,11.3,11.3,-15.883,10.57,1810.0,Murder Row,11,2026-08-19,1810.0,1.0,0.0
all,T:Protection Warrior | H:Holy Paladin | D:Unholy DeathKnight | D:Balance Druid | D:Marksmanship Hunter,1,1.92,11.0,11.3,11.3,11.3,-15.883,10.57,1597.0,The Blinding Vale,11,2026-08-18,1597.0,3.0,0.0
all,T:Blood DeathKnight | H:Mistweaver Monk | D:BeastMastery Hunter | D:BeastMastery Hunter | D:Arms Warrior,1,1.92,11.0,11.3,11.3,11.3,-15.883,10.57,1756.0,Kings' Rest,11,2026-08-19,1756.0,5.0,0.0
all,T:Protection Warrior | H:Holy Paladin | D:Balance Druid | D:Devastation Evoker | D:Elemental Shaman,1,1.92,11.0,11.3,11.3,11.3,-15.883,10.57,1491.0,Ruby Life Pools,11,2026-08-19,1491.0,1.0,0.0
all,T:Blood DeathKnight | H:Mistweaver Monk | D:Arcane Mage | D:Windwalker Monk | D:Retribution Paladin,1,1.92,11.0,11.3,11.3,11.3,-15.883,10.57,1809.0,Murder Row,11,2026-08-19,1809.0,4.0,0.0
all,T:Vengeance DemonHunter | H:Restoration Druid | D:Devastation Evoker | D:Arcane Mage | D:Retribution Paladin,1,1.92,11.0,11.3,11.3,11.3,-15.883,10.57,1596.0,Voidscar Arena,11,2026-08-18,1596.0,17.0,0.0
all,T:Blood DeathKnight | H:Holy Paladin | D:Frost DeathKnight | D:Destruction Warlock | D:Arms Warrior,1,1.92,11.0,11.3,11.3,11.3,-15.883,10.57,1597.0,The Blinding Vale,11,2026-08-18,1597.0,2.0,0.0
all,T:Guardian Druid | H:Discipline Priest | D:BeastMastery Hunter | D:Windwalker Monk | D:Elemental Shaman,1,1.91,11.0,11.2,11.2,11.2,-15.883,10.57,1598.0,Voidscar Arena,11,2026-08-18,1598.0,4.0,0.0
all,T:Brewmaster Monk | H:Restoration Shaman | D:Arcane Mage | D:Windwalker Monk | D:Retribution Paladin,1,1.91,11.0,11.2,11.2,11.2,-15.883,10.57,1599.0,Voidscar Arena,11,2026-08-18,1599.0,7.0,0.0
all,T:Protection Paladin | H:Restoration Shaman | D:Shadow Priest | D:Subtlety Rogue | D:Destruction Warlock,1,1.91,11.0,11.2,11.2,11.2,-15.883,10.57,1598.0,Voidscar Arena,11,2026-08-18,1598.0,3.0,0.0
all,T:Protection Paladin | H:Restoration Shaman | D:Unholy DeathKnight | D:Devourer DemonHunter | D:Destruction Warlock,6,1.91,11.2,-2.0,10.7,2.4,-15.883,10.57,1768.0,Kings' Rest,11,2026-08-19,1774.0,10.67,0.0
all,T:Blood DeathKnight | H:Restoration Shaman | D:Feral Druid | D:BeastMastery Hunter | D:Elemental Shaman,1,1.89,11.0,11.1,11.1,11.1,-15.883,10.57,1761.0,Kings' Rest,11,2026-08-18,1761.0,5.0,0.0
all,T:Protection Paladin | H:Holy Paladin | D:Unholy DeathKnight | D:Arcane Mage | D:Shadow Priest,2,1.88,11.0,6.4,15.6,6.4,-15.883,10.57,1620.0,Den of Nalorakk,11,2026-08-18,1829.0,6.0,0.0
all,T:Blood DeathKnight | H:Holy Priest | D:Survival Hunter | D:Windwalker Monk | D:Arms Warrior,2,1.88,11.0,6.4,8.4,6.4,-15.883,10.57,1648.0,The Blinding Vale,11,2026-08-19,1685.0,8.5,0.0
all,T:Blood DeathKnight | H:Holy Paladin | D:Balance Druid | D:Marksmanship Hunter | D:Destruction Warlock,1,1.87,11.0,11.0,11.0,11.0,-15.883,10.57,1496.0,Ruby Life Pools,11,2026-08-18,1496.0,9.0,0.0
all,T:Protection Paladin | H:Holy Priest | D:Arcane Mage | D:Arcane Mage | D:Destruction Warlock,6,1.87,10.7,13.8,22.0,16.2,-15.883,10.57,1311.0,Ruby Life Pools,11,2026-08-18,1630.0,3.67,0.0
all,T:Blood DeathKnight | H:Mistweaver Monk | D:Unholy DeathKnight | D:BeastMastery Hunter | D:Enhancement Shaman,2,1.87,10.5,22.2,23.4,22.2,-15.883,10.57,1286.0,Ruby Life Pools,10,2026-08-19,1426.0,2.5,0.0
all,T:Brewmaster Monk | H:Holy Paladin | D:Devastation Evoker | D:Outlaw Rogue | D:Elemental Shaman,1,1.87,11.0,11.0,11.0,11.0,-15.883,10.57,1815.0,Murder Row,11,2026-08-18,1815.0,2.0,0.0
all,T:Guardian Druid | H:Mistweaver Monk | D:Unholy DeathKnight | D:Devourer DemonHunter | D:BeastMastery Hunter,1,1.87,12.0,-20.8,-20.8,-20.8,-15.883,10.57,2174.0,Altar of Fangs,12,2026-08-19,2174.0,13.0,0.0
all,T:Guardian Druid | H:Discipline Priest | D:Balance Druid | D:Arcane Mage | D:Arms Warrior,1,1.86,11.0,10.9,10.9,10.9,-15.883,10.57,1818.0,Murder Row,11,2026-08-19,1818.0,12.0,0.0
all,T:Blood DeathKnight | H:Preservation Evoker | D:Elemental Shaman | D:Destruction Warlock | D:Arms Warrior,1,1.86,11.0,10.9,10.9,10.9,-15.883,10.57,1765.0,Kings' Rest,11,2026-08-18,1765.0,4.0,0.0
all,T:Blood DeathKnight | H:Holy Paladin | D:Shadow Priest | D:Elemental Shaman | D:Fury Warrior,1,1.86,11.0,10.9,10.9,10.9,-15.883,10.57,1818.0,Murder Row,11,2026-08-19,1818.0,4.0,0.0
all,T:Protection Paladin | H:Restoration Shaman | D:Unholy DeathKnight | D:Elemental Shaman | D:Destruction Warlock,1,1.86,11.0,10.9,10.9,10.9,-15.883,10.57,1603.0,Voidscar Arena,11,2026-08-18,1603.0,3.0,0.0
all,T:Protection Paladin | H:Restoration Shaman | D:BeastMastery Hunter | D:Windwalker Monk | D:Elemental Shaman,1,1.86,11.0,10.9,10.9,10.9,-15.883,10.57,1818.0,Murder Row,11,2026-08-19,1818.0,2.0,0.0
all,T:Blood DeathKnight | H:Restoration Shaman | D:Devourer DemonHunter | D:Feral Druid | D:Elemental Shaman,1,1.86,11.0,10.9,10.9,10.9,-15.883,10.57,1604.0,Altar of Fangs,11,2026-08-19,1604.0,6.0,0.0
all,T:Protection Paladin | H:Holy Paladin | D:Unholy DeathKnight | D:Devourer DemonHunter | D:Devastation Evoker,1,1.86,11.0,10.9,10.9,10.9,-15.883,10.57,1817.0,Murder Row,11,2026-08-19,1817.0,2.0,0.0
all,H:Restoration Shaman | D:Unholy DeathKnight | D:Balance Druid | D:Retribution Paladin | D:Arms Warrior,1,1.86,11.0,10.9,10.9,10.9,-15.883,10.57,1497.0,Ruby Life Pools,11,2026-08-18,1497.0,9.0,0.0
all,T:Guardian Druid | H:Holy Paladin | D:Devourer DemonHunter | D:Devourer DemonHunter | D:Arms Warrior,4,1.85,10.5,19.8,29.0,22.7,-15.883,10.57,1448.0,Murder Row,10,2026-08-18,1423.0,1.25,0.0
all,T:Blood DeathKnight | H:Holy Paladin | D:Feral Druid | D:Arcane Mage | D:Enhancement Shaman,3,1.85,10.7,15.3,23.8,13.9,-15.883,10.57,1371.0,The Blinding Vale,10,2026-08-18,1654.0,4.0,0.0
all,T:Protection Paladin | H:Restoration Druid | D:BeastMastery Hunter | D:Enhancement Shaman | D:Affliction Warlock,1,1.84,11.0,10.8,10.8,10.8,-15.883,10.57,1606.0,Voidscar Arena,11,2026-08-18,1606.0,5.0,0.0
all,T:Guardian Druid | H:Restoration Shaman | D:Unholy DeathKnight | D:Unholy DeathKnight | D:Retribution Paladin,1,1.84,11.0,10.8,10.8,10.8,-15.883,10.57,1767.0,Kings' Rest,11,2026-08-19,1767.0,3.0,0.0
all,T:Protection Paladin | H:Mistweaver Monk | D:Devastation Evoker | D:Shadow Priest | D:Subtlety Rogue,1,1.84,11.0,10.8,10.8,10.8,-15.883,10.57,1821.0,Murder Row,11,2026-08-18,1821.0,6.0,0.0
all,T:Blood DeathKnight | H:Discipline Priest | D:BeastMastery Hunter | D:Arcane Mage | D:Fury Warrior,1,1.84,11.0,10.8,10.8,10.8,-15.883,10.57,1819.0,Murder Row,11,2026-08-19,1819.0,1.0,0.0
all,T:Blood DeathKnight | H:Discipline Priest | D:Balance Druid | D:Marksmanship Hunter | D:Retribution Paladin,2,1.84,11.0,6.2,6.6,6.2,-15.883,10.57,1569.0,Ruby Life Pools,11,2026-08-18,1746.0,3.5,0.0
all,T:Brewmaster Monk | H:Mistweaver Monk | D:Balance Druid | D:Arcane Mage | D:Demonology Warlock,1,1.84,11.0,10.8,10.8,10.8,-15.883,10.57,1712.0,Den of Nalorakk,11,2026-08-18,1712.0,10.0,0.0
all,T:Vengeance DemonHunter | H:Restoration Shaman | D:Arcane Mage | D:Retribution Paladin | D:Arms Warrior,2,1.83,11.5,-9.7,1.6,-9.7,-15.883,10.57,1771.0,The Blinding Vale,11,2026-08-19,1974.0,16.0,0.0
all,T:Blood DeathKnight | H:Restoration Shaman | D:BeastMastery Hunter | D:BeastMastery Hunter | D:Destruction Warlock,1,1.82,11.0,10.7,10.7,10.7,-15.883,10.57,1822.0,Murder Row,11,2026-08-18,1822.0,7.0,0.0
all,T:Blood DeathKnight | H:Holy Priest | D:Devourer DemonHunter | D:Devastation Evoker | D:Marksmanship Hunter,1,1.82,11.0,10.7,10.7,10.7,-15.883,10.57,1501.0,Ruby Life Pools,11,2026-08-18,1501.0,4.0,0.0
all,T:Protection Paladin | H:Restoration Shaman | D:Feral Druid | D:Shadow Priest | D:Elemental Shaman,1,1.82,11.0,10.7,10.7,10.7,-15.883,10.57,1607.0,Voidscar Arena,11,2026-08-19,1607.0,8.0,0.0
all,T:Blood DeathKnight | H:Restoration Shaman | D:Marksmanship Hunter | D:Frost Mage | D:Outlaw Rogue,1,1.82,11.0,10.7,10.7,10.7,-15.883,10.57,1607.0,The Blinding Vale,11,2026-08-19,1607.0,2.0,0.0
all,T:Blood DeathKnight | H:Mistweaver Monk | D:Windwalker Monk | D:Shadow Priest | D:Arms Warrior,1,1.82,11.0,10.7,10.7,10.7,-15.883,10.57,1714.0,Den of Nalorakk,11,2026-08-19,1714.0,6.0,0.0
all,T:Guardian Druid | H:Restoration Druid | D:Unholy DeathKnight | D:Devourer DemonHunter | D:Havoc DemonHunter,1,1.82,11.0,10.7,10.7,10.7,-15.883,10.57,1822.0,Murder Row,11,2026-08-19,1822.0,5.0,0.0
all,T:Vengeance DemonHunter | H:Discipline Priest | D:Balance Druid | D:Retribution Paladin | D:Elemental Shaman,1,1.81,11.0,10.6,10.6,10.6,-15.883,10.57,1609.0,The Blinding Vale,11,2026-08-18,1609.0,6.0,0.0
all,T:Blood DeathKnight | H:Holy Paladin | D:Devourer DemonHunter | D:Shadow Priest | D:Elemental Shaman,1,1.81,11.0,10.6,10.6,10.6,-15.883,10.57,1770.0,Kings' Rest,11,2026-08-18,1770.0,3.0,0.0
all,T:Vengeance DemonHunter | H:Restoration Druid | D:Marksmanship Hunter | D:Windwalker Monk | D:Arms Warrior,1,1.81,11.0,10.6,10.6,10.6,-15.883,10.57,1716.0,Temple of Sethraliss,11,2026-08-19,1716.0,8.0,0.0
all,T:Brewmaster Monk | H:Holy Paladin | D:Marksmanship Hunter | D:Shadow Priest | D:Fury Warrior,1,1.81,11.0,10.6,10.6,10.6,-15.883,10.57,1502.0,Ruby Life Pools,11,2026-08-19,1502.0,6.0,0.0
all,T:Blood DeathKnight | H:Mistweaver Monk | D:Balance Druid | D:Arcane Mage | D:Arms Warrior,3,1.81,11.0,4.6,36.9,3.6,-15.883,10.57,1250.0,Kings' Rest,10,2026-08-18,1620.0,15.0,0.0
all,T:Protection Paladin | H:Restoration Druid | D:Augmentation Evoker | D:BeastMastery Hunter | D:Retribution Paladin,2,1.8,11.0,6.0,13.0,6.0,-15.883,10.57,1722.0,Kings' Rest,11,2026-08-19,1769.0,5.5,0.0
all,T:Blood DeathKnight | H:Restoration Shaman | D:Devastation Evoker | D:Retribution Paladin | D:Subtlety Rogue,3,1.8,10.7,15.2,21.6,14.6,-15.883,10.57,1411.0,The Blinding Vale,10,2026-08-19,1434.0,6.67,0.0
all,T:Blood DeathKnight | H:Holy Paladin | D:Devourer DemonHunter | D:Arcane Mage | D:Assassination Rogue,1,1.79,11.0,10.5,10.5,10.5,-15.883,10.57,1504.0,Ruby Life Pools,11,2026-08-18,1504.0,6.0,0.0
all,T:Blood DeathKnight | H:Restoration Druid | D:Devourer DemonHunter | D:Outlaw Rogue | D:Enhancement Shaman,1,1.79,11.0,10.5,10.5,10.5,-15.883,10.57,1504.0,Ruby Life Pools,11,2026-08-18,1504.0,5.0,0.0
all,T:Protection Paladin | H:Discipline Priest | D:Devourer DemonHunter | D:Elemental Shaman | D:Arms Warrior,2,1.79,10.0,37.8,39.6,37.8,-15.883,10.57,1086.0,Voidscar Arena,10,2026-08-18,1196.0,0.5,0.0
all,T:Protection Warrior | H:Restoration Shaman | D:Marksmanship Hunter | D:Windwalker Monk | D:Shadow Priest,1,1.79,11.0,10.5,10.5,10.5,-15.883,10.57,1827.0,Murder Row,11,2026-08-18,1827.0,0.0,0.0
all,T:Vengeance DemonHunter | H:Holy Paladin | D:Retribution Paladin | D:Subtlety Rogue | D:Enhancement Shaman,1,1.79,11.0,10.5,10.5,10.5,-15.883,10.57,1825.0,Murder Row,11,2026-08-18,1825.0,2.0,0.0
all,T:Protection Warrior | H:Discipline Priest | D:Devastation Evoker | D:Retribution Paladin | D:Arms Warrior,1,1.79,11.0,10.5,10.5,10.5,-15.883,10.57,1719.0,Temple of Sethraliss,11,2026-08-18,1719.0,8.0,0.0
all,T:Protection Paladin | H:Mistweaver Monk | D:Unholy DeathKnight | D:Arcane Mage | D:Arms Warrior,1,1.79,11.0,10.5,10.5,10.5,-15.883,10.57,1772.0,Kings' Rest,11,2026-08-18,1772.0,2.0,0.0
all,T:Protection Warrior | H:Restoration Shaman | D:Balance Druid | D:Assassination Rogue | D:Elemental Shaman,1,1.79,11.0,10.5,10.5,10.5,-15.883,10.57,1610.0,The Blinding Vale,11,2026-08-19,1610.0,4.0,0.0
all,T:Vengeance DemonHunter | H:Restoration Shaman | D:Retribution Paladin | D:Assassination Rogue | D:Enhancement Shaman,1,1.79,11.0,10.5,10.5,10.5,-15.883,10.57,1772.0,Kings' Rest,11,2026-08-18,1772.0,3.0,0.0
all,T:Guardian Druid | H:Restoration Druid | D:Devastation Evoker | D:Arcane Mage | D:Arms Warrior,2,1.78,10.0,37.8,39.8,37.8,-15.883,10.57,1228.0,Murder Row,10,2026-08-19,1231.0,1.0,0.0
all,T:Protection Warrior | H:Holy Paladin | D:Feral Druid | D:Windwalker Monk | D:Enhancement Shaman,1,1.77,11.0,10.4,10.4,10.4,-15.883,10.57,1774.0,Kings' Rest,11,2026-08-18,1774.0,7.0,0.0
all,T:Blood DeathKnight | H:Restoration Shaman | D:Retribution Paladin | D:Demonology Warlock | D:Arms Warrior,2,1.77,10.5,21.8,29.1,21.8,-15.883,10.57,1277.0,Altar of Fangs,10,2026-08-19,1458.0,5.0,0.0
all,T:Blood DeathKnight | H:Preservation Evoker | D:Marksmanship Hunter | D:Elemental Shaman | D:Demonology Warlock,2,1.77,11.0,6.0,10.4,6.0,-15.883,10.57,1720.0,Temple of Sethraliss,11,2026-08-19,1836.0,11.5,0.0
all,T:Brewmaster Monk | H:Restoration Shaman | D:Balance Druid | D:Retribution Paladin | D:Subtlety Rogue,5,1.76,10.8,9.6,19.2,12.0,-15.883,10.57,1552.0,Temple of Sethraliss,10,2026-08-19,1708.0,5.6,0.0
all,T:Protection Paladin | H:Restoration Druid | D:Marksmanship Hunter | D:Shadow Priest | D:Demonology Warlock,1,1.76,11.0,10.3,10.3,10.3,-15.883,10.57,1722.0,Den of Nalorakk,11,2026-08-19,1722.0,7.0,0.0
all,T:Protection Paladin | H:Restoration Shaman | D:Unholy DeathKnight | D:Balance Druid | D:Demonology Warlock,2,1.76,10.5,21.8,26.2,21.8,-15.883,10.57,1240.0,Ruby Life Pools,10,2026-08-18,1413.0,2.0,0.0
all,T:Protection Paladin | H:Discipline Priest | D:Marksmanship Hunter | D:Arcane Mage | D:Enhancement Shaman,4,1.75,10.8,11.6,18.9,10.4,-15.883,10.57,1460.0,The Blinding Vale,10,2026-08-19,1612.0,6.5,0.0
all,T:Blood DeathKnight | H:Restoration Shaman | D:Arcane Mage | D:Windwalker Monk | D:Subtlety Rogue,2,1.75,11.0,5.9,8.1,5.9,-15.883,10.57,1654.0,Voidscar Arena,11,2026-08-19,1781.0,7.5,0.0
all,T:Blood DeathKnight | H:Holy Paladin | D:Devourer DemonHunter | D:Marksmanship Hunter | D:Demonology Warlock,2,1.74,10.5,21.8,27.9,21.8,-15.883,10.57,1472.0,Murder Row,10,2026-08-18,1445.0,1.5,0.0
all,T:Blood DeathKnight | H:Restoration Shaman | D:Unholy DeathKnight | D:Devourer DemonHunter | D:Retribution Paladin,4,1.73,10.5,19.6,34.2,16.2,-15.883,10.57,1105.0,Ruby Life Pools,10,2026-08-18,1609.0,4.75,0.0
all,T:Blood DeathKnight | H:Restoration Shaman | D:Devourer DemonHunter | D:Arcane Mage | D:Arms Warrior,18,1.73,10.4,19.6,35.9,23.9,-15.883,10.57,1307.0,Murder Row,10,2026-08-19,1416.0,5.17,0.0
all,T:Blood DeathKnight | H:Holy Paladin | D:Frost DeathKnight | D:Elemental Shaman | D:Arms Warrior,2,1.73,10.5,21.7,26.3,21.7,-15.883,10.57,1238.0,Ruby Life Pools,11,2026-08-19,1415.0,4.5,0.0
all,T:Blood DeathKnight | H:Discipline Priest | D:Unholy DeathKnight | D:Elemental Shaman | D:Arms Warrior,2,1.73,10.5,21.7,28.9,21.7,-15.883,10.57,1194.0,Ruby Life Pools,10,2026-08-19,1366.0,2.0,0.0
all,T:Vengeance DemonHunter | H:Discipline Priest | D:Frost DeathKnight | D:Devourer DemonHunter | D:Feral Druid,1,1.72,11.0,10.1,10.1,10.1,-15.883,10.57,1618.0,Altar of Fangs,11,2026-08-18,1618.0,1.0,0.0
all,T:Protection Paladin | H:Preservation Evoker | D:Balance Druid | D:Devastation Evoker | D:Retribution Paladin,1,1.72,11.0,10.1,10.1,10.1,-15.883,10.57,1727.0,Den of Nalorakk,11,2026-08-18,1727.0,5.0,0.0
all,T:Guardian Druid | H:Holy Paladin | D:Shadow Priest | D:Enhancement Shaman | D:Destruction Warlock,1,1.72,11.0,10.1,10.1,10.1,-15.883,10.57,1510.0,Ruby Life Pools,11,2026-08-18,1510.0,5.0,0.0
all,T:Protection Paladin | H:Holy Paladin | D:Balance Druid | D:BeastMastery Hunter | D:Arms Warrior,3,1.72,10.7,14.9,20.4,19.4,-15.883,10.57,1433.0,Voidscar Arena,10,2026-08-19,1547.0,5.67,0.0
all,T:Protection Paladin | H:Holy Paladin | D:Devourer DemonHunter | D:Devastation Evoker | D:Elemental Shaman,1,1.72,11.0,10.1,10.1,10.1,-15.883,10.57,1618.0,Voidscar Arena,11,2026-08-19,1618.0,9.0,0.0
all,T:Vengeance DemonHunter | H:Holy Paladin | D:Arcane Mage | D:Destruction Warlock | D:Arms Warrior,1,1.71,10.0,41.8,41.8,41.8,-15.883,10.57,1187.0,Murder Row,10,2026-08-18,1187.0,0.0,0.0
all,T:Blood DeathKnight | H:Holy Priest | D:Unholy DeathKnight | D:Marksmanship Hunter | D:Survival Hunter,1,1.71,11.0,10.0,10.0,10.0,-15.883,10.57,1727.0,Temple of Sethraliss,11,2026-08-18,1727.0,6.0,0.0
all,T:Blood DeathKnight | H:Restoration Shaman | D:Retribution Paladin | D:Subtlety Rogue | D:Elemental Shaman,1,1.7,12.0,-21.8,-21.8,-21.8,-15.883,10.57,2338.0,Den of Nalorakk,12,2026-08-19,2338.0,14.0,0.0
all,T:Protection Paladin | H:Restoration Shaman | D:Devourer DemonHunter | D:BeastMastery Hunter | D:Demonology Warlock,2,1.69,10.5,21.5,21.7,21.5,-15.883,10.57,1410.0,Voidscar Arena,11,2026-08-18,1459.0,7.5,0.0
all,T:Guardian Druid | H:Restoration Shaman | D:Devourer DemonHunter | D:Subtlety Rogue | D:Arms Warrior,1,1.69,11.0,9.9,9.9,9.9,-15.883,10.57,1514.0,Ruby Life Pools,11,2026-08-18,1514.0,6.0,0.0
all,T:Protection Warrior | H:Restoration Druid | D:Devourer DemonHunter | D:Arcane Mage | D:Demonology Warlock,1,1.69,11.0,9.9,9.9,9.9,-15.883,10.57,1622.0,The Blinding Vale,11,2026-08-19,1622.0,6.0,0.0
all,T:Guardian Druid | H:Restoration Shaman | D:Unholy DeathKnight | D:Devourer DemonHunter | D:Arcane Mage,1,1.69,11.0,9.9,9.9,9.9,-15.883,10.57,1785.0,Kings' Rest,11,2026-08-19,1785.0,7.0,0.0
all,T:Protection Paladin | H:Restoration Shaman | D:Retribution Paladin | D:Destruction Warlock | D:Arms Warrior,1,1.69,11.0,9.9,9.9,9.9,-15.883,10.57,1622.0,The Blinding Vale,11,2026-08-19,1622.0,3.0,0.0
all,T:Blood DeathKnight | H:Preservation Evoker | D:Assassination Rogue | D:Enhancement Shaman | D:Arms Warrior,1,1.69,11.0,9.9,9.9,9.9,-15.883,10.57,1730.0,Den of Nalorakk,11,2026-08-18,1730.0,14.0,0.0
all,T:Guardian Druid | H:Holy Paladin | D:Marksmanship Hunter | D:Retribution Paladin | D:Elemental Shaman,2,1.69,10.0,37.4,38.9,37.4,-15.883,10.57,1174.0,Temple of Sethraliss,10,2026-08-19,1124.0,1.0,0.0
all,T:Guardian Druid | H:Holy Priest | D:Balance Druid | D:Devastation Evoker | D:Destruction Warlock,1,1.69,11.0,9.9,9.9,9.9,-15.883,10.57,1784.0,Kings' Rest,11,2026-08-19,1784.0,4.0,0.0
all,T:Protection Paladin | H:Preservation Evoker | D:Devourer DemonHunter | D:Balance Druid | D:Arcane Mage,2,1.68,11.5,-10.2,1.4,-10.2,-15.883,10.57,1952.0,Kings' Rest,12,2026-08-18,2073.0,14.0,0.0
all,T:Guardian Druid | H:Holy Paladin | D:Augmentation Evoker | D:Enhancement Shaman | D:Arms Warrior,1,1.67,11.0,9.8,9.8,9.8,-15.883,10.57,1516.0,Ruby Life Pools,11,2026-08-19,1516.0,3.0,0.0
all,T:Brewmaster Monk | H:Restoration Druid | D:Unholy DeathKnight | D:Arcane Mage | D:Arms Warrior,1,1.67,11.0,9.8,9.8,9.8,-15.883,10.57,1786.0,Kings' Rest,11,2026-08-19,1786.0,6.0,0.0
all,T:Protection Paladin | H:Mistweaver Monk | D:BeastMastery Hunter | D:Outlaw Rogue | D:Arms Warrior,1,1.67,11.0,9.8,9.8,9.8,-15.883,10.57,1786.0,Kings' Rest,11,2026-08-19,1786.0,11.0,0.0
all,T:Protection Paladin | H:Restoration Shaman | D:Devourer DemonHunter | D:BeastMastery Hunter | D:Arcane Mage,1,1.67,11.0,9.8,9.8,9.8,-15.883,10.57,1785.0,Kings' Rest,11,2026-08-19,1785.0,6.0,0.0
all,T:Protection Paladin | H:Preservation Evoker | D:Balance Druid | D:Arcane Mage | D:Enhancement Shaman,2,1.67,10.5,21.5,28.2,21.5,-15.883,10.57,1292.0,Voidscar Arena,10,2026-08-18,1413.0,12.0,0.0
all,T:Guardian Druid | H:Restoration Shaman | D:Unholy DeathKnight | D:Havoc DemonHunter | D:Destruction Warlock,1,1.67,11.0,9.8,9.8,9.8,-15.883,10.57,1733.0,Den of Nalorakk,11,2026-08-19,1733.0,6.0,0.0
all,T:Guardian Druid | H:Restoration Shaman | D:Survival Hunter | D:Arcane Mage | D:Arcane Mage,1,1.67,11.0,9.8,9.8,9.8,-15.883,10.57,1786.0,Kings' Rest,11,2026-08-18,1786.0,6.0,0.0
all,T:Guardian Druid | H:Restoration Shaman | D:BeastMastery Hunter | D:Subtlety Rogue | D:Arms Warrior,1,1.67,11.0,9.8,9.8,9.8,-15.883,10.57,1786.0,Kings' Rest,11,2026-08-19,1786.0,1.0,0.0
all,T:Protection Paladin | H:Restoration Shaman | D:BeastMastery Hunter | D:Subtlety Rogue | D:Arms Warrior,1,1.66,11.0,9.7,9.7,9.7,-15.883,10.57,1734.0,Temple of Sethraliss,11,2026-08-18,1734.0,9.0,0.0
all,T:Blood DeathKnight | H:Holy Priest | D:Marksmanship Hunter | D:Elemental Shaman | D:Demonology Warlock,1,1.66,11.0,9.7,9.7,9.7,-15.883,10.57,1626.0,The Blinding Vale,11,2026-08-18,1626.0,3.0,0.0
all,T:Vengeance DemonHunter | H:Holy Priest | D:Windwalker Monk | D:Shadow Priest | D:Elemental Shaman,2,1.65,11.0,5.6,7.7,5.6,-15.883,10.57,1662.0,Voidscar Arena,11,2026-08-18,1643.0,2.0,0.0
all,T:Protection Paladin | H:Restoration Shaman | D:Devastation Evoker | D:Frost Mage | D:Retribution Paladin,1,1.64,11.0,9.6,9.6,9.6,-15.883,10.57,1628.0,Altar of Fangs,11,2026-08-18,1628.0,0.0,0.0
all,T:Blood DeathKnight | H:Holy Paladin | D:Balance Druid | D:Marksmanship Hunter | D:Assassination Rogue,1,1.64,11.0,9.6,9.6,9.6,-15.883,10.57,1627.0,The Blinding Vale,11,2026-08-18,1627.0,4.0,0.0
all,T:Blood DeathKnight | H:Restoration Shaman | D:Balance Druid | D:Windwalker Monk | D:Elemental Shaman,1,1.64,11.0,9.6,9.6,9.6,-15.883,10.57,1519.0,Ruby Life Pools,11,2026-08-19,1519.0,1.0,0.0
all,T:Protection Paladin | H:Discipline Priest | D:Devourer DemonHunter | D:Arcane Mage | D:Elemental Shaman,2,1.64,11.0,5.5,9.8,5.5,-15.883,10.57,1732.0,Temple of Sethraliss,11,2026-08-19,1755.0,9.5,0.0
all,T:Protection Warrior | H:Restoration Shaman | D:Unholy DeathKnight | D:Subtlety Rogue | D:Elemental Shaman,1,1.64,11.0,9.6,9.6,9.6,-15.883,10.57,1628.0,The Blinding Vale,11,2026-08-18,1628.0,6.0,0.0
all,T:Blood DeathKnight | H:Mistweaver Monk | D:Subtlety Rogue | D:Elemental Shaman | D:Arms Warrior,2,1.64,10.5,21.4,21.4,21.4,-15.883,10.57,1508.0,Den of Nalorakk,10,2026-08-19,1556.0,1.5,0.0
all,T:Blood DeathKnight | H:Mistweaver Monk | D:Devourer DemonHunter | D:Arcane Mage | D:Arms Warrior,3,1.64,11.0,4.1,11.9,2.6,-15.883,10.57,1798.0,Murder Row,11,2026-08-18,1753.0,14.0,0.0
all,T:Protection Paladin | H:Restoration Shaman | D:Arcane Mage | D:Shadow Priest | D:Assassination Rogue,2,1.64,10.5,21.4,21.4,21.4,-15.883,10.57,1510.0,Den of Nalorakk,10,2026-08-18,1463.0,1.5,0.0
all,T:Protection Paladin | H:Mistweaver Monk | D:Arcane Mage | D:Shadow Priest | D:Demonology Warlock,1,1.64,11.0,9.6,9.6,9.6,-15.883,10.57,1736.0,Temple of Sethraliss,11,2026-08-19,1736.0,3.0,0.0
all,T:Vengeance DemonHunter | H:Holy Paladin | D:Augmentation Evoker | D:Windwalker Monk | D:Arms Warrior,1,1.64,11.0,9.6,9.6,9.6,-15.883,10.57,1518.0,Ruby Life Pools,11,2026-08-18,1518.0,9.0,0.0
all,T:Blood DeathKnight | H:Holy Paladin | D:Survival Hunter | D:Windwalker Monk | D:Arms Warrior,4,1.63,10.8,11.4,20.6,12.2,-15.883,10.57,1621.0,Murder Row,10,2026-08-19,1654.0,10.25,0.0
all,T:Brewmaster Monk | H:Restoration Druid | D:Frost DeathKnight | D:Arcane Mage | D:Arms Warrior,1,1.62,11.0,9.5,9.5,9.5,-15.883,10.57,1628.0,The Blinding Vale,11,2026-08-18,1628.0,2.0,0.0
all,T:Guardian Druid | H:Mistweaver Monk | D:Arcane Mage | D:Shadow Priest | D:Demonology Warlock,1,1.62,11.0,9.5,9.5,9.5,-15.883,10.57,1791.0,Kings' Rest,11,2026-08-18,1791.0,11.0,0.0
all,T:Blood DeathKnight | H:Holy Paladin | D:Survival Hunter | D:Arcane Mage | D:Demonology Warlock,1,1.62,11.0,9.5,9.5,9.5,-15.883,10.57,1630.0,The Blinding Vale,11,2026-08-18,1630.0,6.0,0.0
all,T:Blood DeathKnight | H:Restoration Shaman | D:Devourer DemonHunter | D:BeastMastery Hunter | D:Windwalker Monk,1,1.62,11.0,9.5,9.5,9.5,-15.883,10.57,1521.0,Ruby Life Pools,11,2026-08-19,1521.0,7.0,0.0
all,T:Protection Paladin | H:Restoration Shaman | D:Devourer DemonHunter | D:Shadow Priest | D:Elemental Shaman,1,1.62,11.0,9.5,9.5,9.5,-15.883,10.57,1737.0,Temple of Sethraliss,11,2026-08-18,1737.0,4.0,0.0
all,T:Brewmaster Monk | H:Holy Paladin | D:Unholy DeathKnight | D:Balance Druid | D:Survival Hunter,1,1.62,11.0,9.5,9.5,9.5,-15.883,10.57,1629.0,The Blinding Vale,11,2026-08-18,1629.0,1.0,0.0
all,T:Guardian Druid | H:Restoration Shaman | D:Unholy DeathKnight | D:Arcane Mage | D:Frost Mage,1,1.61,11.0,9.4,9.4,9.4,-15.883,10.57,1632.0,The Blinding Vale,11,2026-08-18,1632.0,11.0,0.0
all,T:Guardian Druid | H:Restoration Shaman | D:Feral Druid | D:Arcane Mage | D:Destruction Warlock,1,1.61,11.0,9.4,9.4,9.4,-15.883,10.57,1631.0,The Blinding Vale,11,2026-08-18,1631.0,2.0,0.0
all,T:Blood DeathKnight | H:Holy Paladin | D:Devastation Evoker | D:Shadow Priest | D:Assassination Rogue,1,1.61,11.0,9.4,9.4,9.4,-15.883,10.57,1631.0,Altar of Fangs,11,2026-08-19,1631.0,1.0,0.0
all,T:Protection Warrior | H:Restoration Shaman | D:Unholy DeathKnight | D:Devastation Evoker | D:Demonology Warlock,1,1.61,11.0,9.4,9.4,9.4,-15.883,10.57,1631.0,The Blinding Vale,11,2026-08-18,1631.0,9.0,0.0
all,T:Blood DeathKnight | H:Restoration Druid | D:Retribution Paladin | D:Retribution Paladin | D:Arms Warrior,2,1.6,10.5,21.2,25.7,21.2,-15.883,10.57,1516.0,Murder Row,10,2026-08-18,1557.0,5.0,0.0
all,T:Vengeance DemonHunter | H:Holy Paladin | D:BeastMastery Hunter | D:Arcane Mage | D:Windwalker Monk,1,1.59,11.0,9.3,9.3,9.3,-15.883,10.57,1850.0,Murder Row,11,2026-08-18,1850.0,4.0,0.0
all,T:Protection Warrior | H:Restoration Shaman | D:Windwalker Monk | D:Outlaw Rogue | D:Arms Warrior,1,1.59,11.0,9.3,9.3,9.3,-15.883,10.57,1632.0,Altar of Fangs,11,2026-08-18,1632.0,8.0,0.0
all,T:Protection Paladin | H:Mistweaver Monk | D:Retribution Paladin | D:Arms Warrior | D:Arms Warrior,4,1.59,10.5,19.2,25.7,23.2,-15.883,10.57,1426.0,Temple of Sethraliss,10,2026-08-19,1498.0,5.5,0.0
all,T:Guardian Druid | H:Restoration Shaman | D:Frost DeathKnight | D:Devourer DemonHunter | D:Arcane Mage,2,1.57,11.0,5.2,15.7,5.2,-15.883,10.57,1669.0,Kings' Rest,11,2026-08-19,1907.0,12.0,0.0
all,T:Protection Paladin | H:Restoration Shaman | D:Subtlety Rogue | D:Elemental Shaman | D:Destruction Warlock,1,1.57,11.0,9.2,9.2,9.2,-15.883,10.57,1525.0,Ruby Life Pools,11,2026-08-18,1525.0,1.0,0.0
all,T:Blood DeathKnight | H:Discipline Priest | D:Retribution Paladin | D:Elemental Shaman | D:Arms Warrior,1,1.57,11.0,9.2,9.2,9.2,-15.883,10.57,1634.0,The Blinding Vale,11,2026-08-18,1634.0,5.0,0.0
all,T:Blood DeathKnight | H:Restoration Shaman | D:Marksmanship Hunter | D:Windwalker Monk | D:Arms Warrior,1,1.56,11.0,9.1,9.1,9.1,-15.883,10.57,1637.0,Altar of Fangs,11,2026-08-18,1637.0,2.0,0.0
all,T:Protection Warrior | H:Restoration Shaman | D:Frost DeathKnight | D:BeastMastery Hunter | D:Demonology Warlock,2,1.56,10.5,21.1,26.8,21.1,-15.883,10.57,1317.0,Voidscar Arena,10,2026-08-18,1496.0,3.5,0.0
all,T:Blood DeathKnight | H:Restoration Druid | D:Fire Mage | D:Retribution Paladin | D:Arms Warrior,1,1.56,11.0,9.1,9.1,9.1,-15.883,10.57,1635.0,The Blinding Vale,11,2026-08-19,1635.0,13.0,0.0
all,T:Brewmaster Monk | H:Preservation Evoker | D:Frost DeathKnight | D:Havoc DemonHunter | D:Balance Druid,1,1.56,11.0,9.1,9.1,9.1,-15.883,10.57,1637.0,The Blinding Vale,11,2026-08-18,1637.0,8.0,0.0
all,T:Protection Paladin | H:Discipline Priest | D:Frost DeathKnight | D:Unholy DeathKnight | D:Balance Druid,1,1.56,11.0,9.1,9.1,9.1,-15.883,10.57,1636.0,Altar of Fangs,11,2026-08-19,1636.0,2.0,0.0
all,T:Protection Warrior | H:Holy Paladin | D:Devourer DemonHunter | D:Subtlety Rogue | D:Enhancement Shaman,1,1.54,11.0,9.0,9.0,9.0,-15.883,10.57,1528.0,Ruby Life Pools,11,2026-08-19,1528.0,5.0,0.0
all,T:Guardian Druid | H:Discipline Priest | D:Feral Druid | D:Shadow Priest | D:Elemental Shaman,1,1.54,11.0,9.0,9.0,9.0,-15.883,10.57,1528.0,Ruby Life Pools,11,2026-08-18,1528.0,10.0,0.0
all,T:Blood DeathKnight | H:Holy Paladin | D:Frost DeathKnight | D:BeastMastery Hunter | D:Retribution Paladin,1,1.54,11.0,9.0,9.0,9.0,-15.883,10.57,1747.0,Den of Nalorakk,11,2026-08-19,1747.0,1.0,0.0
all,T:Blood DeathKnight | H:Holy Paladin | D:Devourer DemonHunter | D:Shadow Priest | D:Arms Warrior,1,1.54,11.0,9.0,9.0,9.0,-15.883,10.57,1529.0,Ruby Life Pools,11,2026-08-19,1529.0,9.0,0.0
all,T:Blood DeathKnight | H:Holy Paladin | D:Arcane Mage | D:Shadow Priest | D:Destruction Warlock,1,1.54,11.0,9.0,9.0,9.0,-15.883,10.57,1638.0,Voidscar Arena,11,2026-08-18,1638.0,6.0,0.0
all,T:Guardian Druid | H:Restoration Shaman | D:Balance Druid | D:BeastMastery Hunter | D:Retribution Paladin,1,1.52,11.0,8.9,8.9,8.9,-15.883,10.57,1749.0,Den of Nalorakk,11,2026-08-19,1749.0,6.0,0.0
all,T:Blood DeathKnight | H:Holy Priest | D:Retribution Paladin | D:Demonology Warlock | D:Arms Warrior,1,1.52,11.0,8.9,8.9,8.9,-15.883,10.57,1805.0,Kings' Rest,11,2026-08-18,1805.0,0.0,0.0
all,T:Vengeance DemonHunter | H:Restoration Shaman | D:Unholy DeathKnight | D:Assassination Rogue | D:Arms Warrior,1,1.51,11.0,8.8,8.8,8.8,-15.883,10.57,1642.0,The Blinding Vale,11,2026-08-19,1642.0,5.0,0.0
all,T:Blood DeathKnight | H:Restoration Shaman | D:Devourer DemonHunter | D:Assassination Rogue | D:Arms Warrior,1,1.51,11.0,8.8,8.8,8.8,-15.883,10.57,1641.0,Altar of Fangs,11,2026-08-19,1641.0,3.0,0.0
all,T:Blood DeathKnight | H:Holy Paladin | D:Balance Druid | D:Devastation Evoker | D:Windwalker Monk,1,1.5,12.0,-23.0,-23.0,-23.0,-15.883,10.57,2435.0,Kings' Rest,12,2026-08-18,2435.0,21.0,0.0
all,T:Blood DeathKnight | H:Restoration Shaman | D:Unholy DeathKnight | D:Retribution Paladin | D:Enhancement Shaman,3,1.5,10.7,14.4,24.3,18.3,-15.883,10.57,1543.0,Murder Row,10,2026-08-19,1618.0,2.0,0.0
all,T:Protection Paladin | H:Restoration Shaman | D:Balance Druid | D:Marksmanship Hunter | D:Outlaw Rogue,1,1.49,11.0,8.7,8.7,8.7,-15.883,10.57,1534.0,Ruby Life Pools,11,2026-08-18,1534.0,4.0,0.0
all,T:Blood DeathKnight | H:Holy Priest | D:Balance Druid | D:Arcane Mage | D:Enhancement Shaman,1,1.49,11.0,8.7,8.7,8.7,-15.883,10.57,1643.0,Altar of Fangs,11,2026-08-19,1643.0,3.0,0.0
all,T:Vengeance DemonHunter | H:Holy Paladin | D:Elemental Shaman | D:Destruction Warlock | D:Arms Warrior,1,1.49,10.0,40.5,40.5,40.5,-15.883,10.57,1071.0,Voidscar Arena,10,2026-08-18,1071.0,1.0,0.0
all,T:Protection Warrior | H:Restoration Shaman | D:Devastation Evoker | D:BeastMastery Hunter | D:Marksmanship Hunter,1,1.49,11.0,8.7,8.7,8.7,-15.883,10.57,1644.0,Voidscar Arena,11,2026-08-18,1644.0,9.0,0.0
all,T:Protection Paladin | H:Holy Priest | D:Unholy DeathKnight | D:Arcane Mage | D:Arms Warrior,1,1.49,11.0,8.7,8.7,8.7,-15.883,10.57,1754.0,Temple of Sethraliss,11,2026-08-18,1754.0,1.0,0.0
all,T:Blood DeathKnight | H:Restoration Shaman | D:Unholy DeathKnight | D:BeastMastery Hunter | D:Demonology Warlock,1,1.49,11.0,8.7,8.7,8.7,-15.883,10.57,1862.0,Murder Row,11,2026-08-19,1862.0,4.0,0.0
all,T:Brewmaster Monk | H:Preservation Evoker | D:Devourer DemonHunter | D:Devastation Evoker | D:Enhancement Shaman,1,1.48,10.0,40.4,40.4,40.4,-15.883,10.57,1074.0,The Blinding Vale,10,2026-08-19,1074.0,3.0,0.0
all,T:Guardian Druid | H:Mistweaver Monk | D:Survival Hunter | D:Shadow Priest | D:Demonology Warlock,1,1.47,11.0,8.6,8.6,8.6,-15.883,10.57,1756.0,Temple of Sethraliss,11,2026-08-18,1756.0,4.0,0.0
all,T:Blood DeathKnight | H:Restoration Druid | D:Windwalker Monk | D:Enhancement Shaman | D:Demonology Warlock,1,1.47,11.0,8.6,8.6,8.6,-15.883,10.57,1535.0,Ruby Life Pools,11,2026-08-19,1535.0,12.0,0.0
all,T:Protection Paladin | H:Holy Paladin | D:Balance Druid | D:Marksmanship Hunter | D:Arms Warrior,1,1.47,11.0,8.6,8.6,8.6,-15.883,10.57,1535.0,Ruby Life Pools,11,2026-08-19,1535.0,7.0,0.0
all,T:Vengeance DemonHunter | H:Mistweaver Monk | D:Windwalker Monk | D:Enhancement Shaman | D:Arms Warrior,1,1.47,12.0,-23.2,-23.2,-23.2,-15.883,10.57,2366.0,Den of Nalorakk,12,2026-08-18,2366.0,28.0,0.0
all,T:Vengeance DemonHunter | H:Discipline Priest | D:BeastMastery Hunter | D:Marksmanship Hunter | D:Arcane Mage,1,1.46,11.0,8.5,8.5,8.5,-15.883,10.57,1867.0,Murder Row,11,2026-08-18,1867.0,6.0,0.0
all,T:Blood DeathKnight | H:Restoration Shaman | D:Unholy DeathKnight | D:Devourer DemonHunter | D:Fury Warrior,1,1.46,11.0,8.5,8.5,8.5,-15.883,10.57,1758.0,Temple of Sethraliss,11,2026-08-18,1758.0,1.0,0.0
all,T:Blood DeathKnight | H:Restoration Shaman | D:Balance Druid | D:Survival Hunter | D:Retribution Paladin,1,1.46,11.0,8.5,8.5,8.5,-15.883,10.57,1866.0,Murder Row,11,2026-08-18,1866.0,0.0,0.0
all,T:Vengeance DemonHunter | H:Holy Paladin | D:Balance Druid | D:Demonology Warlock | D:Arms Warrior,5,1.46,10.2,28.1,35.6,28.9,-15.883,10.57,1313.0,Murder Row,10,2026-08-19,1313.0,5.4,0.0
all,T:Protection Warrior | H:Holy Paladin | D:Balance Druid | D:BeastMastery Hunter | D:Arcane Mage,2,1.45,11.0,4.9,21.3,4.9,-15.883,10.57,1558.0,Kings' Rest,11,2026-08-18,1850.0,9.5,0.0
all,T:Blood DeathKnight | H:Discipline Priest | D:Balance Druid | D:Survival Hunter | D:Arcane Mage,1,1.44,11.0,8.4,8.4,8.4,-15.883,10.57,1758.0,Temple of Sethraliss,11,2026-08-19,1758.0,7.0,0.0
all,T:Blood DeathKnight | H:Holy Paladin | D:Unholy DeathKnight | D:Windwalker Monk | D:Enhancement Shaman,2,1.44,11.0,4.8,9.6,4.8,-15.883,10.57,1628.0,Voidscar Arena,11,2026-08-19,1714.0,6.5,0.0
all,T:Blood DeathKnight | H:Restoration Shaman | D:Balance Druid | D:Devastation Evoker | D:Arcane Mage,1,1.44,11.0,8.4,8.4,8.4,-15.883,10.57,1814.0,Kings' Rest,11,2026-08-18,1814.0,7.0,0.0
all,T:Protection Paladin | H:Restoration Druid | D:Unholy DeathKnight | D:Augmentation Evoker | D:Arms Warrior,1,1.42,11.0,8.3,8.3,8.3,-15.883,10.57,1760.0,Temple of Sethraliss,11,2026-08-18,1760.0,7.0,0.0
all,T:Protection Warrior | H:Restoration Shaman | D:Unholy DeathKnight | D:Retribution Paladin | D:Shadow Priest,1,1.42,11.0,8.3,8.3,8.3,-15.883,10.57,1762.0,Den of Nalorakk,11,2026-08-18,1762.0,7.0,0.0
all,T:Protection Warrior | H:Restoration Shaman | D:Frost DeathKnight | D:Marksmanship Hunter | D:Demonology Warlock,1,1.42,12.0,-23.5,-23.5,-23.5,-15.883,10.57,2371.0,Temple of Sethraliss,12,2026-08-18,2371.0,21.0,0.0
all,T:Vengeance DemonHunter | H:Restoration Shaman | D:Unholy DeathKnight | D:Arcane Mage | D:Elemental Shaman,1,1.42,11.0,8.3,8.3,8.3,-15.883,10.57,1816.0,Kings' Rest,11,2026-08-18,1816.0,2.0,0.0
all,T:Blood DeathKnight | H:Holy Paladin | D:Balance Druid | D:Windwalker Monk | D:Arms Warrior,1,1.42,11.0,8.3,8.3,8.3,-15.883,10.57,1816.0,Kings' Rest,11,2026-08-18,1816.0,3.0,0.0
all,T:Blood DeathKnight | H:Restoration Shaman | D:BeastMastery Hunter | D:Arcane Mage | D:Destruction Warlock,1,1.42,11.0,8.3,8.3,8.3,-15.883,10.57,1651.0,The Blinding Vale,11,2026-08-18,1651.0,8.0,0.0
all,T:Guardian Druid | H:Holy Paladin | D:Balance Druid | D:BeastMastery Hunter | D:Elemental Shaman,2,1.41,11.0,4.7,6.5,4.7,-15.883,10.57,1908.0,Murder Row,11,2026-08-19,1770.0,12.5,0.0
all,T:Guardian Druid | H:Discipline Priest | D:Subtlety Rogue | D:Elemental Shaman | D:Fury Warrior,2,1.41,10.0,36.4,38.0,36.4,-15.883,10.57,1265.0,Murder Row,10,2026-08-19,1218.0,0.5,0.0
all,T:Blood DeathKnight | H:Holy Paladin | D:Arcane Mage | D:Shadow Priest | D:Subtlety Rogue,3,1.39,10.7,14.1,18.1,13.0,-15.883,10.57,1623.0,Kings' Rest,10,2026-08-19,1623.0,0.67,0.0
all,T:Protection Paladin | H:Restoration Shaman | D:Marksmanship Hunter | D:Arcane Mage | D:Arms Warrior,1,1.39,11.0,8.1,8.1,8.1,-15.883,10.57,1765.0,Den of Nalorakk,11,2026-08-18,1765.0,1.0,0.0
all,T:Blood DeathKnight | H:Holy Paladin | D:Retribution Paladin | D:Assassination Rogue | D:Destruction Warlock,1,1.39,11.0,8.1,8.1,8.1,-15.883,10.57,1764.0,Temple of Sethraliss,11,2026-08-19,1764.0,3.0,0.0
all,T:Blood DeathKnight | H:Restoration Shaman | D:Augmentation Evoker | D:Marksmanship Hunter | D:Arms Warrior,1,1.37,11.0,8.0,8.0,8.0,-15.883,10.57,1767.0,Temple of Sethraliss,11,2026-08-18,1767.0,5.0,0.0
all,T:Protection Paladin | H:Restoration Shaman | D:Unholy DeathKnight | D:Fire Mage | D:Arms Warrior,1,1.37,11.0,8.0,8.0,8.0,-15.883,10.57,1766.0,Den of Nalorakk,11,2026-08-19,1766.0,10.0,0.0
all,T:Guardian Druid | H:Holy Paladin | D:Balance Druid | D:Destruction Warlock | D:Arms Warrior,1,1.37,11.0,8.0,8.0,8.0,-15.883,10.57,1656.0,Voidscar Arena,11,2026-08-18,1656.0,4.0,0.0
all,T:Blood DeathKnight | H:Holy Priest | D:Unholy DeathKnight | D:Balance Druid | D:Survival Hunter,1,1.37,11.0,8.0,8.0,8.0,-15.883,10.57,1545.0,Ruby Life Pools,11,2026-08-19,1545.0,1.0,0.0
all,T:Protection Paladin | H:Holy Paladin | D:Balance Druid | D:Marksmanship Hunter | D:Enhancement Shaman,1,1.37,11.0,8.0,8.0,8.0,-15.883,10.57,1546.0,Ruby Life Pools,11,2026-08-18,1546.0,11.0,0.0
all,T:Blood DeathKnight | H:Holy Paladin | D:Havoc DemonHunter | D:Arcane Mage | D:Enhancement Shaman,1,1.37,11.0,8.0,8.0,8.0,-15.883,10.57,1821.0,Kings' Rest,11,2026-08-18,1821.0,9.0,0.0
all,T:Protection Paladin | H:Restoration Druid | D:Windwalker Monk | D:Enhancement Shaman | D:Destruction Warlock,1,1.36,11.0,7.9,7.9,7.9,-15.883,10.57,1657.0,Voidscar Arena,11,2026-08-19,1657.0,7.0,0.0
all,T:Brewmaster Monk | H:Restoration Shaman | D:Unholy DeathKnight | D:Devourer DemonHunter | D:Shadow Priest,1,1.36,11.0,7.9,7.9,7.9,-15.883,10.57,1658.0,Altar of Fangs,11,2026-08-18,1658.0,11.0,0.0
all,T:Vengeance DemonHunter | H:Restoration Shaman | D:Unholy DeathKnight | D:Havoc DemonHunter | D:Retribution Paladin,3,1.35,10.7,14.0,22.2,13.0,-15.883,10.57,1400.0,Altar of Fangs,10,2026-08-19,1566.0,5.0,0.0
all,T:Protection Paladin | H:Restoration Shaman | D:BeastMastery Hunter | D:Windwalker Monk | D:Enhancement Shaman,1,1.34,11.0,7.8,7.8,7.8,-15.883,10.57,1659.0,Altar of Fangs,11,2026-08-19,1659.0,2.0,0.0
all,T:Brewmaster Monk | H:Restoration Druid | D:Frost DeathKnight | D:Devastation Evoker | D:Subtlety Rogue,6,1.34,10.3,23.4,31.4,26.0,-15.883,10.57,1236.0,The Blinding Vale,10,2026-08-18,1460.0,11.83,0.0
all,T:Blood DeathKnight | H:Discipline Priest | D:Arcane Mage | D:Demonology Warlock | D:Fury Warrior,1,1.34,11.0,7.8,7.8,7.8,-15.883,10.57,1770.0,Den of Nalorakk,11,2026-08-18,1770.0,6.0,0.0
all,T:Blood DeathKnight | H:Mistweaver Monk | D:Havoc DemonHunter | D:Fire Mage | D:Retribution Paladin,1,1.34,11.0,7.8,7.8,7.8,-15.883,10.57,1549.0,Ruby Life Pools,11,2026-08-19,1549.0,4.0,0.0
all,T:Brewmaster Monk | H:Holy Paladin | D:Devastation Evoker | D:Arcane Mage | D:Arcane Mage,1,1.34,11.0,7.8,7.8,7.8,-15.883,10.57,1659.0,Voidscar Arena,11,2026-08-19,1659.0,11.0,0.0
all,T:Vengeance DemonHunter | H:Holy Priest | D:Devourer DemonHunter | D:Arcane Mage | D:Arms Warrior,1,1.34,11.0,7.8,7.8,7.8,-15.883,10.57,1659.0,Voidscar Arena,11,2026-08-18,1659.0,9.0,0.0
all,T:Blood DeathKnight | H:Restoration Shaman | D:Balance Druid | D:Destruction Warlock | D:Arms Warrior,2,1.33,10.5,20.3,21.9,20.3,-15.883,10.57,1406.0,The Blinding Vale,11,2026-08-18,1386.0,4.0,0.0
all,T:Guardian Druid | H:Restoration Shaman | D:Arcane Mage | D:Retribution Paladin | D:Arms Warrior,5,1.33,10.0,34.2,40.3,34.1,-15.883,10.57,1074.0,Voidscar Arena,10,2026-08-18,1230.0,5.4,0.0
all,T:Blood DeathKnight | H:Restoration Shaman | D:Devourer DemonHunter | D:BeastMastery Hunter | D:Arms Warrior,2,1.33,10.5,20.3,29.0,20.3,-15.883,10.57,1193.0,Ruby Life Pools,10,2026-08-19,1392.0,4.0,0.0
all,T:Blood DeathKnight | H:Restoration Shaman | D:Arcane Mage | D:Arcane Mage | D:Demonology Warlock,1,1.32,11.0,7.7,7.7,7.7,-15.883,10.57,1827.0,Kings' Rest,11,2026-08-18,1827.0,11.0,0.0
all,T:Guardian Druid | H:Mistweaver Monk | D:Devourer DemonHunter | D:Devastation Evoker | D:BeastMastery Hunter,1,1.32,11.0,7.7,7.7,7.7,-15.883,10.57,1772.0,Temple of Sethraliss,11,2026-08-18,1772.0,7.0,0.0
all,T:Vengeance DemonHunter | H:Holy Paladin | D:Devourer DemonHunter | D:Balance Druid | D:Elemental Shaman,1,1.32,11.0,7.7,7.7,7.7,-15.883,10.57,1661.0,The Blinding Vale,11,2026-08-18,1661.0,10.0,0.0
all,T:Protection Paladin | H:Holy Paladin | D:Arcane Mage | D:Retribution Paladin | D:Affliction Warlock,1,1.32,11.0,7.7,7.7,7.7,-15.883,10.57,1828.0,Kings' Rest,11,2026-08-19,1828.0,7.0,0.0
all,T:Vengeance DemonHunter | H:Restoration Shaman | D:Balance Druid | D:Affliction Warlock | D:Arms Warrior,3,1.32,10.7,13.9,25.4,12.6,-15.883,10.57,1343.0,Voidscar Arena,10,2026-08-18,1679.0,5.33,0.0
all,T:Guardian Druid | H:Preservation Evoker | D:Unholy DeathKnight | D:Feral Druid | D:Elemental Shaman,1,1.31,11.0,7.6,7.6,7.6,-15.883,10.57,1885.0,Murder Row,11,2026-08-19,1885.0,7.0,0.0
all,T:Guardian Druid | H:Restoration Druid | D:Devastation Evoker | D:Arcane Mage | D:Demonology Warlock,1,1.31,10.0,39.4,39.4,39.4,-15.883,10.57,1090.0,Voidscar Arena,10,2026-08-18,1090.0,1.0,0.0
all,T:Guardian Druid | H:Restoration Shaman | D:Devourer DemonHunter | D:BeastMastery Hunter | D:Shadow Priest,2,1.31,11.0,4.4,4.4,4.4,-15.883,10.57,1606.0,Ruby Life Pools,11,2026-08-18,1778.0,8.0,0.0
all,T:Blood DeathKnight | H:Holy Paladin | D:Balance Druid | D:Marksmanship Hunter | D:Arms Warrior,1,1.31,11.0,7.6,7.6,7.6,-15.883,10.57,1774.0,Temple of Sethraliss,11,2026-08-19,1774.0,6.0,0.0
all,T:Protection Warrior | H:Restoration Shaman | D:Havoc DemonHunter | D:Balance Druid | D:Assassination Rogue,1,1.31,11.0,7.6,7.6,7.6,-15.883,10.57,1774.0,Den of Nalorakk,11,2026-08-19,1774.0,1.0,0.0
all,T:Protection Warrior | H:Holy Paladin | D:Devastation Evoker | D:Arcane Mage | D:Enhancement Shaman,1,1.31,11.0,7.6,7.6,7.6,-15.883,10.57,1773.0,Den of Nalorakk,11,2026-08-19,1773.0,6.0,0.0
all,T:Blood DeathKnight | H:Restoration Shaman | D:Unholy DeathKnight | D:Balance Druid | D:Subtlety Rogue,1,1.31,11.0,7.6,7.6,7.6,-15.883,10.57,1664.0,The Blinding Vale,11,2026-08-19,1664.0,17.0,0.0
all,T:Blood DeathKnight | H:Restoration Druid | D:Devastation Evoker | D:Subtlety Rogue | D:Arms Warrior,1,1.31,11.0,7.6,7.6,7.6,-15.883,10.57,1886.0,Murder Row,11,2026-08-18,1886.0,11.0,0.0
all,T:Blood DeathKnight | H:Discipline Priest | D:Devourer DemonHunter | D:Enhancement Shaman | D:Arms Warrior,1,1.31,11.0,7.6,7.6,7.6,-15.883,10.57,1664.0,The Blinding Vale,11,2026-08-19,1664.0,9.0,0.0
all,T:Protection Paladin | H:Preservation Evoker | D:Unholy DeathKnight | D:Balance Druid | D:Devastation Evoker,3,1.31,11.0,3.3,12.7,5.0,-15.883,10.57,1729.0,Kings' Rest,11,2026-08-18,1939.0,12.0,0.0
all,T:Blood DeathKnight | H:Holy Priest | D:Devourer DemonHunter | D:Devourer DemonHunter | D:Enhancement Shaman,2,1.3,10.5,20.2,28.0,20.2,-15.883,10.57,1296.0,The Blinding Vale,10,2026-08-18,1542.0,5.0,0.0
all,T:Protection Paladin | H:Discipline Priest | D:Devourer DemonHunter | D:Arcane Mage | D:Shadow Priest,2,1.29,10.5,20.2,24.8,20.2,-15.883,10.57,1354.0,The Blinding Vale,10,2026-08-18,1539.0,2.0,0.0
all,T:Vengeance DemonHunter | H:Restoration Shaman | D:Unholy DeathKnight | D:Devourer DemonHunter | D:Arcane Mage,3,1.29,11.0,3.2,8.4,2.3,-15.883,10.57,1869.0,Murder Row,11,2026-08-19,1869.0,6.0,0.0
all,T:Protection Paladin | H:Restoration Shaman | D:Marksmanship Hunter | D:Windwalker Monk | D:Arms Warrior,3,1.29,10.7,13.8,20.1,13.1,-15.883,10.57,1534.0,Den of Nalorakk,10,2026-08-18,1652.0,4.33,0.0
all,T:Protection Paladin | H:Restoration Shaman | D:Unholy DeathKnight | D:Balance Druid | D:Elemental Shaman,2,1.28,11.0,4.2,5.2,4.2,-15.883,10.57,1593.0,Ruby Life Pools,11,2026-08-18,1608.0,1.5,0.0
all,T:Protection Paladin | H:Restoration Shaman | D:Balance Druid | D:Elemental Shaman | D:Arms Warrior,3,1.27,10.3,24.3,30.8,30.3,-15.883,10.57,1162.0,Ruby Life Pools,10,2026-08-19,1421.0,1.0,0.0
all,T:Brewmaster Monk | H:Restoration Shaman | D:Balance Druid | D:Marksmanship Hunter | D:Windwalker Monk,1,1.27,11.0,7.4,7.4,7.4,-15.883,10.57,1833.0,Kings' Rest,11,2026-08-18,1833.0,8.0,0.0
all,T:Vengeance DemonHunter | H:Holy Paladin | D:Devourer DemonHunter | D:Balance Druid | D:Subtlety Rogue,1,1.27,11.0,7.4,7.4,7.4,-15.883,10.57,1555.0,Ruby Life Pools,11,2026-08-19,1555.0,1.0,0.0
all,T:Blood DeathKnight | H:Discipline Priest | D:Havoc DemonHunter | D:Arcane Mage | D:Enhancement Shaman,3,1.27,10.3,24.3,30.4,22.7,-15.883,10.57,1169.0,Ruby Life Pools,10,2026-08-19,1442.0,1.33,0.0
all,T:Blood DeathKnight | H:Restoration Shaman | D:Havoc DemonHunter | D:Windwalker Monk | D:Demonology Warlock,1,1.27,12.0,-24.4,-24.4,-24.4,-15.883,10.57,2388.0,Temple of Sethraliss,12,2026-08-19,2388.0,19.0,0.0
all,T:Vengeance DemonHunter | H:Restoration Shaman | D:Retribution Paladin | D:Retribution Paladin | D:Demonology Warlock,1,1.27,11.0,7.4,7.4,7.4,-15.883,10.57,1667.0,Voidscar Arena,11,2026-08-19,1667.0,7.0,0.0
all,T:Blood DeathKnight | H:Holy Paladin | D:Arcane Mage | D:Subtlety Rogue | D:Arms Warrior,7,1.26,10.4,20.1,36.3,18.2,-15.883,10.57,1070.0,Ruby Life Pools,10,2026-08-18,1382.0,4.14,0.0
all,T:Blood DeathKnight | H:Holy Paladin | D:Augmentation Evoker | D:Marksmanship Hunter | D:Windwalker Monk,4,1.26,10.5,18.5,28.6,17.3,-15.883,10.57,1284.0,The Blinding Vale,10,2026-08-18,1588.0,4.25,0.0
all,T:Blood DeathKnight | H:Holy Priest | D:Arcane Mage | D:Retribution Paladin | D:Elemental Shaman,1,1.26,11.0,7.3,7.3,7.3,-15.883,10.57,1558.0,Ruby Life Pools,11,2026-08-19,1558.0,2.0,0.0
all,T:Protection Paladin | H:Holy Paladin | D:Frost DeathKnight | D:Devourer DemonHunter | D:Arms Warrior,1,1.26,11.0,7.3,7.3,7.3,-15.883,10.57,1558.0,Ruby Life Pools,11,2026-08-18,1558.0,5.0,0.0
all,T:Protection Warrior | H:Discipline Priest | D:Frost DeathKnight | D:BeastMastery Hunter | D:Affliction Warlock,1,1.26,11.0,7.3,7.3,7.3,-15.883,10.57,1780.0,Den of Nalorakk,11,2026-08-18,1780.0,7.0,0.0
all,T:Protection Warrior | H:Restoration Druid | D:Devourer DemonHunter | D:Arcane Mage | D:Windwalker Monk,1,1.26,11.0,7.3,7.3,7.3,-15.883,10.57,1668.0,Voidscar Arena,11,2026-08-19,1668.0,10.0,0.0
all,T:Blood DeathKnight | H:Restoration Shaman | D:Devastation Evoker | D:Outlaw Rogue | D:Arms Warrior,1,1.26,11.0,7.3,7.3,7.3,-15.883,10.57,1669.0,Altar of Fangs,11,2026-08-18,1669.0,7.0,0.0
all,T:Blood DeathKnight | H:Discipline Priest | D:Devourer DemonHunter | D:Enhancement Shaman | D:Demonology Warlock,1,1.26,11.0,7.3,7.3,7.3,-15.883,10.57,1835.0,Kings' Rest,11,2026-08-19,1835.0,13.0,0.0
all,T:Protection Paladin | H:Holy Paladin | D:Arcane Mage | D:Windwalker Monk | D:Arms Warrior,1,1.26,11.0,7.3,7.3,7.3,-15.883,10.57,1780.0,Den of Nalorakk,11,2026-08-18,1780.0,2.0,0.0
all,T:Blood DeathKnight | H:Restoration Shaman | D:Unholy DeathKnight | D:Arcane Mage | D:Retribution Paladin,3,1.25,11.0,3.1,12.0,11.9,-15.883,10.57,1689.0,Den of Nalorakk,11,2026-08-18,1689.0,10.67,0.0
all,T:Protection Warrior | H:Discipline Priest | D:Balance Druid | D:BeastMastery Hunter | D:Arcane Mage,1,1.24,11.0,7.2,7.2,7.2,-15.883,10.57,1781.0,Den of Nalorakk,11,2026-08-18,1781.0,17.0,0.0
all,T:Blood DeathKnight | H:Discipline Priest | D:Windwalker Monk | D:Subtlety Rogue | D:Arms Warrior,1,1.24,11.0,7.2,7.2,7.2,-15.883,10.57,1781.0,Den of Nalorakk,11,2026-08-18,1781.0,8.0,0.0
all,T:Brewmaster Monk | H:Restoration Druid | D:Devourer DemonHunter | D:Balance Druid | D:Arcane Mage,1,1.24,11.0,7.2,7.2,7.2,-15.883,10.57,1671.0,Voidscar Arena,11,2026-08-18,1671.0,19.0,0.0
all,T:Blood DeathKnight | H:Discipline Priest | D:Unholy DeathKnight | D:BeastMastery Hunter | D:Arms Warrior,1,1.24,11.0,7.2,7.2,7.2,-15.883,10.57,1670.0,Voidscar Arena,11,2026-08-18,1670.0,19.0,0.0
all,T:Brewmaster Monk | H:Restoration Shaman | D:BeastMastery Hunter | D:Subtlety Rogue | D:Destruction Warlock,1,1.24,11.0,7.2,7.2,7.2,-15.883,10.57,1671.0,The Blinding Vale,11,2026-08-19,1671.0,15.0,0.0
all,T:Protection Paladin | H:Holy Paladin | D:Unholy DeathKnight | D:BeastMastery Hunter | D:Arms Warrior,2,1.23,10.5,20.0,28.7,20.0,-15.883,10.57,1454.0,Murder Row,10,2026-08-18,1473.0,2.5,0.0
all,T:Guardian Druid | H:Holy Paladin | D:Balance Druid | D:Frost Mage | D:Affliction Warlock,1,1.22,11.0,7.1,7.1,7.1,-15.883,10.57,1561.0,Ruby Life Pools,11,2026-08-18,1561.0,8.0,0.0
all,T:Protection Paladin | H:Restoration Shaman | D:Unholy DeathKnight | D:Balance Druid | D:Marksmanship Hunter,1,1.22,11.0,7.1,7.1,7.1,-15.883,10.57,1894.0,Murder Row,11,2026-08-18,1894.0,6.0,0.0
all,T:Vengeance DemonHunter | H:Preservation Evoker | D:Marksmanship Hunter | D:Arcane Mage | D:Elemental Shaman,1,1.22,11.0,7.1,7.1,7.1,-15.883,10.57,1839.0,Kings' Rest,11,2026-08-19,1839.0,5.0,0.0
all,T:Blood DeathKnight | H:Holy Paladin | D:Retribution Paladin | D:Assassination Rogue | D:Elemental Shaman,1,1.21,11.0,7.0,7.0,7.0,-15.883,10.57,1562.0,Ruby Life Pools,11,2026-08-18,1562.0,10.0,0.0
all,T:Brewmaster Monk | H:Discipline Priest | D:Unholy DeathKnight | D:Havoc DemonHunter | D:Devastation Evoker,1,1.21,11.0,7.0,7.0,7.0,-15.883,10.57,1674.0,Altar of Fangs,11,2026-08-18,1674.0,2.0,0.0
all,T:Guardian Druid | H:Holy Paladin | D:Arcane Mage | D:Outlaw Rogue | D:Demonology Warlock,1,1.21,11.0,7.0,7.0,7.0,-15.883,10.57,1563.0,Ruby Life Pools,11,2026-08-18,1563.0,2.0,0.0
all,T:Guardian Druid | H:Restoration Shaman | D:Balance Druid | D:Devastation Evoker | D:Arms Warrior,1,1.21,11.0,7.0,7.0,7.0,-15.883,10.57,1785.0,Temple of Sethraliss,11,2026-08-19,1785.0,6.0,0.0
all,T:Protection Paladin | H:Discipline Priest | D:Fire Mage | D:Shadow Priest | D:Arms Warrior,1,1.21,11.0,7.0,7.0,7.0,-15.883,10.57,1674.0,Voidscar Arena,11,2026-08-19,1674.0,13.0,0.0
all,T:Blood DeathKnight | H:Holy Paladin | D:Frost Mage | D:Elemental Shaman | D:Enhancement Shaman,1,1.21,11.0,7.0,7.0,7.0,-15.883,10.57,1562.0,Ruby Life Pools,11,2026-08-19,1562.0,3.0,0.0
all,T:Guardian Druid | H:Holy Priest | D:Devourer DemonHunter | D:Subtlety Rogue | D:Arms Warrior,2,1.21,10.5,19.9,21.9,19.9,-15.883,10.57,1406.0,Voidscar Arena,11,2026-08-18,1492.0,2.0,0.0
all,T:Blood DeathKnight | H:Holy Priest | D:Devastation Evoker | D:Retribution Paladin | D:Subtlety Rogue,1,1.21,11.0,7.0,7.0,7.0,-15.883,10.57,1785.0,Den of Nalorakk,11,2026-08-19,1785.0,2.0,0.0
all,T:Blood DeathKnight | H:Restoration Shaman | D:Havoc DemonHunter | D:Arcane Mage | D:Retribution Paladin,3,1.2,10.7,13.6,21.6,11.7,-15.883,10.57,1411.0,The Blinding Vale,10,2026-08-18,1555.0,4.67,0.0
all,T:Blood DeathKnight | H:Preservation Evoker | D:BeastMastery Hunter | D:Windwalker Monk | D:Arms Warrior,1,1.19,11.0,6.9,6.9,6.9,-15.883,10.57,1843.0,Kings' Rest,11,2026-08-19,1843.0,9.0,0.0
all,T:Blood DeathKnight | H:Holy Paladin | D:Devourer DemonHunter | D:Retribution Paladin | D:Arms Warrior,5,1.19,10.4,21.2,29.8,22.7,-15.883,10.57,1264.0,Voidscar Arena,10,2026-08-18,1392.0,5.6,0.0
all,T:Vengeance DemonHunter | H:Holy Paladin | D:Devourer DemonHunter | D:Arcane Mage | D:Shadow Priest,1,1.19,11.0,6.9,6.9,6.9,-15.883,10.57,1788.0,Temple of Sethraliss,11,2026-08-18,1788.0,11.0,0.0
all,T:Guardian Druid | H:Restoration Shaman | D:Unholy DeathKnight | D:Arcane Mage | D:Assassination Rogue,1,1.19,11.0,6.9,6.9,6.9,-15.883,10.57,1844.0,Kings' Rest,11,2026-08-18,1844.0,14.0,0.0
all,T:Blood DeathKnight | H:Discipline Priest | D:BeastMastery Hunter | D:Windwalker Monk | D:Subtlety Rogue,2,1.18,10.0,35.6,37.4,35.6,-15.883,10.57,1127.0,Voidscar Arena,10,2026-08-19,1158.0,1.5,0.0
all,T:Brewmaster Monk | H:Discipline Priest | D:Augmentation Evoker | D:BeastMastery Hunter | D:Elemental Shaman,1,1.17,11.0,6.8,6.8,6.8,-15.883,10.57,1678.0,The Blinding Vale,11,2026-08-19,1678.0,1.0,0.0
all,T:Protection Paladin | H:Preservation Evoker | D:Unholy DeathKnight | D:Balance Druid | D:Fury Warrior,1,1.17,11.0,6.8,6.8,6.8,-15.883,10.57,1845.0,Kings' Rest,11,2026-08-18,1845.0,10.0,0.0
all,T:Blood DeathKnight | H:Discipline Priest | D:Unholy DeathKnight | D:Arcane Mage | D:Arms Warrior,1,1.17,11.0,6.8,6.8,6.8,-15.883,10.57,1790.0,Temple of Sethraliss,11,2026-08-18,1790.0,12.0,0.0
all,T:Blood DeathKnight | H:Preservation Evoker | D:Devourer DemonHunter | D:Arcane Mage | D:Shadow Priest,1,1.17,11.0,6.8,6.8,6.8,-15.883,10.57,1902.0,Murder Row,11,2026-08-19,1902.0,5.0,0.0
all,T:Blood DeathKnight | H:Mistweaver Monk | D:Arcane Mage | D:Shadow Priest | D:Elemental Shaman,1,1.17,11.0,6.8,6.8,6.8,-15.883,10.57,1565.0,Ruby Life Pools,11,2026-08-18,1565.0,3.0,0.0
all,T:Protection Paladin | H:Holy Paladin | D:BeastMastery Hunter | D:Demonology Warlock | D:Arms Warrior,1,1.17,11.0,6.8,6.8,6.8,-15.883,10.57,1844.0,Kings' Rest,11,2026-08-18,1844.0,4.0,0.0
all,T:Vengeance DemonHunter | H:Mistweaver Monk | D:Arcane Mage | D:Arcane Mage | D:Retribution Paladin,2,1.17,10.5,19.8,26.9,19.8,-15.883,10.57,1491.0,Murder Row,10,2026-08-18,1480.0,9.5,0.0
all,T:Protection Paladin | H:Preservation Evoker | D:Arcane Mage | D:Shadow Priest | D:Subtlety Rogue,1,1.17,11.0,6.8,6.8,6.8,-15.883,10.57,1789.0,Den of Nalorakk,11,2026-08-19,1789.0,11.0,0.0
all,T:Vengeance DemonHunter | H:Mistweaver Monk | D:Unholy DeathKnight | D:Retribution Paladin | D:Subtlety Rogue,1,1.17,11.0,6.8,6.8,6.8,-15.883,10.57,1844.0,Kings' Rest,11,2026-08-18,1844.0,12.0,0.0
all,T:Brewmaster Monk | H:Restoration Shaman | D:Unholy DeathKnight | D:Windwalker Monk | D:Arms Warrior,2,1.17,10.5,19.8,25.9,19.8,-15.883,10.57,1245.0,Ruby Life Pools,10,2026-08-18,1504.0,7.5,0.0
all,T:Guardian Druid | H:Preservation Evoker | D:Balance Druid | D:Arcane Mage | D:Subtlety Rogue,2,1.16,10.0,35.6,36.5,35.6,-15.883,10.57,1143.0,The Blinding Vale,10,2026-08-19,1238.0,2.0,0.0
all,T:Blood DeathKnight | H:Restoration Shaman | D:Havoc DemonHunter | D:Outlaw Rogue | D:Arms Warrior,1,1.16,11.0,6.7,6.7,6.7,-15.883,10.57,1680.0,Voidscar Arena,11,2026-08-18,1680.0,5.0,0.0
all,T:Blood DeathKnight | H:Restoration Shaman | D:Unholy DeathKnight | D:BeastMastery Hunter | D:Retribution Paladin,4,1.16,10.5,18.2,32.6,18.0,-15.883,10.57,1212.0,Voidscar Arena,10,2026-08-18,1545.0,3.25,0.0
all,T:Guardian Druid | H:Holy Paladin | D:Unholy DeathKnight | D:Arcane Mage | D:Arms Warrior,4,1.16,10.8,10.3,20.4,12.6,-15.883,10.57,1338.0,Ruby Life Pools,10,2026-08-19,1654.0,2.25,0.0
all,T:Blood DeathKnight | H:Holy Paladin | D:Frost DeathKnight | D:Retribution Paladin | D:Arms Warrior,5,1.15,10.4,21.1,32.1,22.5,-15.883,10.57,1303.0,Temple of Sethraliss,10,2026-08-18,1426.0,6.2,0.0
all,T:Protection Paladin | H:Discipline Priest | D:Devastation Evoker | D:Subtlety Rogue | D:Arms Warrior,5,1.15,10.2,27.5,32.6,31.7,-15.883,10.57,1212.0,The Blinding Vale,10,2026-08-19,1312.0,4.0,0.0
all,T:Blood DeathKnight | H:Discipline Priest | D:BeastMastery Hunter | D:Arcane Mage | D:Shadow Priest,1,1.14,11.0,6.6,6.6,6.6,-15.883,10.57,1906.0,Murder Row,11,2026-08-19,1906.0,5.0,0.0
all,T:Protection Warrior | H:Discipline Priest | D:Frost DeathKnight | D:BeastMastery Hunter | D:Demonology Warlock,2,1.14,11.0,3.8,11.9,3.8,-15.883,10.57,1586.0,The Blinding Vale,11,2026-08-18,1858.0,9.0,0.0
all,T:Guardian Druid | H:Mistweaver Monk | D:Marksmanship Hunter | D:Retribution Paladin | D:Elemental Shaman,4,1.13,10.0,34.1,37.8,35.7,-15.883,10.57,1232.0,Kings' Rest,10,2026-08-19,1218.0,1.75,0.0
all,T:Vengeance DemonHunter | H:Restoration Shaman | D:Balance Druid | D:BeastMastery Hunter | D:Arms Warrior,1,1.12,11.0,6.5,6.5,6.5,-15.883,10.57,1795.0,Temple of Sethraliss,11,2026-08-18,1795.0,6.0,0.0
all,T:Blood DeathKnight | H:Preservation Evoker | D:Arcane Mage | D:Retribution Paladin | D:Arms Warrior,1,1.12,11.0,6.5,6.5,6.5,-15.883,10.57,1795.0,Den of Nalorakk,11,2026-08-18,1795.0,4.0,0.0
all,T:Protection Warrior | H:Restoration Shaman | D:Balance Druid | D:Arcane Mage | D:Enhancement Shaman,1,1.12,11.0,6.5,6.5,6.5,-15.883,10.57,1683.0,Voidscar Arena,11,2026-08-19,1683.0,9.0,0.0
all,T:Blood DeathKnight | H:Holy Paladin | D:Devourer DemonHunter | D:Devastation Evoker | D:Arcane Mage,6,1.12,10.0,33.6,40.8,34.9,-15.883,10.57,995.0,Ruby Life Pools,10,2026-08-18,1239.0,1.17,0.0
all,T:Guardian Druid | H:Preservation Evoker | D:Retribution Paladin | D:Retribution Paladin | D:Shadow Priest,4,1.11,10.5,18.2,27.3,17.6,-15.883,10.57,1222.0,Ruby Life Pools,10,2026-08-18,1528.0,2.75,0.0
all,T:Protection Warrior | H:Restoration Druid | D:Devourer DemonHunter | D:Devastation Evoker | D:Demonology Warlock,1,1.11,11.0,6.4,6.4,6.4,-15.883,10.57,1685.0,Altar of Fangs,11,2026-08-18,1685.0,11.0,0.0
all,T:Blood DeathKnight | H:Restoration Shaman | D:Unholy DeathKnight | D:Balance Druid | D:Fury Warrior,1,1.11,11.0,6.4,6.4,6.4,-15.883,10.57,1685.0,The Blinding Vale,11,2026-08-19,1685.0,9.0,0.0
all,T:Guardian Druid | H:Holy Priest | D:Devastation Evoker | D:Demonology Warlock | D:Arms Warrior,1,1.11,11.0,6.4,6.4,6.4,-15.883,10.57,1685.0,The Blinding Vale,11,2026-08-18,1685.0,1.0,0.0
all,T:Protection Paladin | H:Holy Paladin | D:Devourer DemonHunter | D:Augmentation Evoker | D:Arcane Mage,2,1.1,11.0,3.6,4.8,3.6,-15.883,10.57,1828.0,Temple of Sethraliss,11,2026-08-19,1880.0,3.0,0.0
all,T:Protection Paladin | H:Holy Paladin | D:Shadow Priest | D:Enhancement Shaman | D:Arms Warrior,1,1.1,12.0,-25.4,-25.4,-25.4,-15.883,10.57,2107.0,Ruby Life Pools,12,2026-08-18,2107.0,12.0,0.0
all,T:Blood DeathKnight | H:Restoration Shaman | D:BeastMastery Hunter | D:BeastMastery Hunter | D:Arms Warrior,1,1.09,11.0,6.3,6.3,6.3,-15.883,10.57,1912.0,Murder Row,11,2026-08-18,1912.0,3.0,0.0
all,T:Blood DeathKnight | H:Restoration Shaman | D:BeastMastery Hunter | D:Outlaw Rogue | D:Elemental Shaman,1,1.09,11.0,6.3,6.3,6.3,-15.883,10.57,1856.0,Kings' Rest,11,2026-08-18,1856.0,7.0,0.0
all,T:Blood DeathKnight | H:Holy Paladin | D:Arcane Mage | D:Arcane Mage | D:Arms Warrior,4,1.09,10.8,10.2,18.1,9.8,-15.883,10.57,1671.0,Murder Row,11,2026-08-18,1690.0,11.25,0.0
all,T:Blood DeathKnight | H:Discipline Priest | D:Devourer DemonHunter | D:Assassination Rogue | D:Elemental Shaman,1,1.09,11.0,6.3,6.3,6.3,-15.883,10.57,1686.0,The Blinding Vale,11,2026-08-19,1686.0,12.0,0.0
all,T:Blood DeathKnight | H:Restoration Shaman | D:Devourer DemonHunter | D:Arcane Mage | D:Destruction Warlock,2,1.08,11.0,3.6,3.7,3.6,-15.883,10.57,1964.0,Murder Row,11,2026-08-19,1909.0,9.0,0.0
all,T:Blood DeathKnight | H:Restoration Shaman | D:Arcane Mage | D:Enhancement Shaman | D:Arms Warrior,1,1.08,10.0,38.0,38.0,38.0,-15.883,10.57,1265.0,Murder Row,10,2026-08-19,1265.0,0.0,0.0
all,T:Blood DeathKnight | H:Restoration Shaman | D:Arcane Mage | D:Elemental Shaman | D:Arms Warrior,9,1.08,10.6,15.6,26.6,16.9,-15.883,10.57,1321.0,The Blinding Vale,10,2026-08-19,1553.0,4.78,0.0
all,T:Protection Warrior | H:Restoration Shaman | D:Balance Druid | D:Arcane Mage | D:Retribution Paladin,1,1.07,11.0,6.2,6.2,6.2,-15.883,10.57,1913.0,Murder Row,11,2026-08-18,1913.0,0.0,0.0
all,T:Blood DeathKnight | H:Restoration Shaman | D:Balance Druid | D:Elemental Shaman | D:Arms Warrior,5,1.07,10.2,27.3,31.8,28.2,-15.883,10.57,1145.0,Ruby Life Pools,10,2026-08-18,1400.0,1.0,0.0
all,T:Protection Paladin | H:Mistweaver Monk | D:Devourer DemonHunter | D:Devastation Evoker | D:Shadow Priest,1,1.07,11.0,6.2,6.2,6.2,-15.883,10.57,1801.0,Den of Nalorakk,11,2026-08-18,1801.0,7.0,0.0
all,T:Guardian Druid | H:Restoration Shaman | D:Devourer DemonHunter | D:Arcane Mage | D:Subtlety Rogue,1,1.07,11.0,6.2,6.2,6.2,-15.883,10.57,1914.0,Murder Row,11,2026-08-18,1914.0,8.0,0.0
all,T:Brewmaster Monk | H:Holy Priest | D:Devourer DemonHunter | D:Balance Druid | D:Arcane Mage,1,1.07,11.0,6.2,6.2,6.2,-15.883,10.57,1689.0,The Blinding Vale,11,2026-08-18,1689.0,4.0,0.0
all,T:Protection Paladin | H:Restoration Shaman | D:BeastMastery Hunter | D:Assassination Rogue | D:Arms Warrior,1,1.06,11.0,6.1,6.1,6.1,-15.883,10.57,1689.0,The Blinding Vale,11,2026-08-19,1689.0,13.0,0.0
all,T:Blood DeathKnight | H:Restoration Shaman | D:Devastation Evoker | D:Windwalker Monk | D:Demonology Warlock,1,1.06,11.0,6.1,6.1,6.1,-15.883,10.57,1690.0,Altar of Fangs,11,2026-08-19,1690.0,5.0,0.0
all,T:Blood DeathKnight | H:Holy Priest | D:Balance Druid | D:Devastation Evoker | D:Arcane Mage,1,1.06,11.0,6.1,6.1,6.1,-15.883,10.57,1690.0,Voidscar Arena,11,2026-08-18,1690.0,6.0,0.0
all,T:Guardian Druid | H:Holy Paladin | D:Havoc DemonHunter | D:Feral Druid | D:Shadow Priest,1,1.06,11.0,6.1,6.1,6.1,-15.883,10.57,1690.0,The Blinding Vale,11,2026-08-18,1690.0,5.0,0.0
all,T:Blood DeathKnight | H:Discipline Priest | D:Unholy DeathKnight | D:Balance Druid | D:Elemental Shaman,2,1.06,10.5,19.4,22.7,19.4,-15.883,10.57,1391.0,The Blinding Vale,10,2026-08-19,1452.0,4.0,0.0
all,T:Blood DeathKnight | H:Holy Paladin | D:Devastation Evoker | D:Shadow Priest | D:Elemental Shaman,1,1.06,11.0,6.1,6.1,6.1,-15.883,10.57,1691.0,Voidscar Arena,11,2026-08-19,1691.0,4.0,0.0
all,T:Protection Paladin | H:Restoration Druid | D:Windwalker Monk | D:Elemental Shaman | D:Demonology Warlock,1,1.06,11.0,6.1,6.1,6.1,-15.883,10.57,1690.0,The Blinding Vale,11,2026-08-18,1690.0,2.0,0.0
all,T:Blood DeathKnight | H:Mistweaver Monk | D:Devourer DemonHunter | D:Arcane Mage | D:Outlaw Rogue,1,1.06,11.0,6.1,6.1,6.1,-15.883,10.57,1858.0,Kings' Rest,11,2026-08-19,1858.0,11.0,0.0
all,T:Protection Paladin | H:Preservation Evoker | D:BeastMastery Hunter | D:Elemental Shaman | D:Enhancement Shaman,1,1.06,11.0,6.1,6.1,6.1,-15.883,10.57,1690.0,The Blinding Vale,11,2026-08-18,1690.0,15.0,0.0
all,T:Protection Paladin | H:Restoration Druid | D:Devourer DemonHunter | D:Arcane Mage | D:Shadow Priest,2,1.06,10.5,19.4,28.0,19.4,-15.883,10.57,1469.0,Murder Row,10,2026-08-19,1484.0,4.5,0.0
all,T:Blood DeathKnight | H:Holy Paladin | D:Unholy DeathKnight | D:Marksmanship Hunter | D:Retribution Paladin,3,1.05,10.7,13.2,20.6,17.9,-15.883,10.57,1429.0,Voidscar Arena,10,2026-08-18,1625.0,3.67,0.0
all,T:Blood DeathKnight | H:Discipline Priest | D:Arcane Mage | D:Retribution Paladin | D:Elemental Shaman,5,1.05,10.4,20.9,35.6,20.4,-15.883,10.57,1237.0,Temple of Sethraliss,10,2026-08-18,1528.0,3.6,0.0
all,T:Blood DeathKnight | H:Discipline Priest | D:Devastation Evoker | D:BeastMastery Hunter | D:Arms Warrior,3,1.05,10.3,23.7,26.8,25.2,-15.883,10.57,1492.0,Murder Row,10,2026-08-18,1492.0,4.33,0.0
all,T:Brewmaster Monk | H:Restoration Druid | D:Havoc DemonHunter | D:Arms Warrior | D:Fury Warrior,1,1.04,11.0,6.0,6.0,6.0,-15.883,10.57,1692.0,Voidscar Arena,11,2026-08-19,1692.0,7.0,0.0
all,T:Blood DeathKnight | H:Holy Paladin | D:Devourer DemonHunter | D:Marksmanship Hunter | D:Windwalker Monk,1,1.04,11.0,6.0,6.0,6.0,-15.883,10.57,1805.0,Temple of Sethraliss,11,2026-08-18,1805.0,12.0,0.0
all,T:Guardian Druid | H:Mistweaver Monk | D:BeastMastery Hunter | D:Frost Mage | D:Demonology Warlock,1,1.04,10.0,37.8,37.8,37.8,-15.883,10.57,1044.0,Ruby Life Pools,10,2026-08-19,1044.0,5.0,0.0
all,T:Protection Paladin | H:Holy Paladin | D:Unholy DeathKnight | D:Devourer DemonHunter | D:Arcane Mage,4,1.04,10.8,10.0,20.1,12.2,-15.883,10.57,1535.0,Den of Nalorakk,10,2026-08-19,1678.0,6.0,0.0
all,T:Protection Paladin | H:Holy Paladin | D:Unholy DeathKnight | D:BeastMastery Hunter | D:Elemental Shaman,2,1.04,10.5,19.3,23.2,19.3,-15.883,10.57,1475.0,Temple of Sethraliss,11,2026-08-18,1550.0,4.0,0.0
all,T:Blood DeathKnight | H:Holy Paladin | D:Arcane Mage | D:Retribution Paladin | D:Affliction Warlock,1,1.04,11.0,6.0,6.0,6.0,-15.883,10.57,1579.0,Ruby Life Pools,11,2026-08-18,1579.0,2.0,0.0
all,T:Blood DeathKnight | H:Restoration Shaman | D:Devourer DemonHunter | D:Arcane Mage | D:Windwalker Monk,2,1.03,10.5,19.2,25.8,19.2,-15.883,10.57,1513.0,Murder Row,10,2026-08-18,1620.0,2.5,0.0
all,T:Brewmaster Monk | H:Preservation Evoker | D:Devourer DemonHunter | D:Devastation Evoker | D:Elemental Shaman,3,1.03,10.3,23.7,38.7,23.1,-15.883,10.57,1251.0,Murder Row,10,2026-08-19,1385.0,9.33,0.0
all,T:Protection Warrior | H:Restoration Shaman | D:Unholy DeathKnight | D:Windwalker Monk | D:Subtlety Rogue,3,1.03,10.3,23.7,29.6,23.0,-15.883,10.57,1394.0,Kings' Rest,10,2026-08-18,1467.0,3.0,0.0
all,T:Protection Warrior | H:Restoration Shaman | D:BeastMastery Hunter | D:Elemental Shaman | D:Arms Warrior,2,1.03,10.5,19.2,22.3,19.2,-15.883,10.57,1399.0,Voidscar Arena,10,2026-08-18,1528.0,5.5,0.0
all,T:Blood DeathKnight | H:Mistweaver Monk | D:Marksmanship Hunter | D:Arcane Mage | D:Arcane Mage,1,1.02,11.0,5.9,5.9,5.9,-15.883,10.57,1693.0,The Blinding Vale,11,2026-08-19,1693.0,9.0,0.0
all,T:Protection Warrior | H:Holy Paladin | D:Havoc DemonHunter | D:Arcane Mage | D:Shadow Priest,1,1.02,11.0,5.9,5.9,5.9,-15.883,10.57,1807.0,Temple of Sethraliss,11,2026-08-18,1807.0,11.0,0.0
all,T:Protection Warrior | H:Restoration Shaman | D:BeastMastery Hunter | D:Windwalker Monk | D:Demonology Warlock,1,1.02,11.0,5.9,5.9,5.9,-15.883,10.57,1807.0,Den of Nalorakk,11,2026-08-18,1807.0,2.0,0.0
all,T:Blood DeathKnight | H:Holy Paladin | D:Feral Druid | D:BeastMastery Hunter | D:Shadow Priest,1,1.02,11.0,5.9,5.9,5.9,-15.883,10.57,1807.0,Temple of Sethraliss,11,2026-08-19,1807.0,7.0,0.0
all,T:Blood DeathKnight | H:Holy Paladin | D:Balance Druid | D:Devastation Evoker | D:Demonology Warlock,1,1.01,11.0,5.8,5.8,5.8,-15.883,10.57,1865.0,Kings' Rest,11,2026-08-19,1865.0,19.0,0.0
all,T:Protection Warrior | H:Holy Paladin | D:Subtlety Rogue | D:Subtlety Rogue | D:Destruction Warlock,1,1.01,11.0,5.8,5.8,5.8,-15.883,10.57,1808.0,Den of Nalorakk,11,2026-08-18,1808.0,3.0,0.0
all,T:Blood DeathKnight | H:Discipline Priest | D:Unholy DeathKnight | D:Subtlety Rogue | D:Elemental Shaman,1,1.01,11.0,5.8,5.8,5.8,-15.883,10.57,1922.0,Murder Row,11,2026-08-18,1922.0,8.0,0.0
all,T:Blood DeathKnight | H:Holy Paladin | D:Unholy DeathKnight | D:Survival Hunter | D:Demonology Warlock,1,1.01,11.0,5.8,5.8,5.8,-15.883,10.57,1696.0,Voidscar Arena,11,2026-08-18,1696.0,7.0,0.0
all,T:Brewmaster Monk | H:Discipline Priest | D:Arcane Mage | D:Elemental Shaman | D:Demonology Warlock,1,1.01,11.0,5.8,5.8,5.8,-15.883,10.57,1695.0,The Blinding Vale,11,2026-08-18,1695.0,10.0,0.0
all,T:Guardian Druid | H:Restoration Shaman | D:Arcane Mage | D:Retribution Paladin | D:Shadow Priest,1,0.99,10.0,37.5,37.5,37.5,-15.883,10.57,1050.0,Ruby Life Pools,10,2026-08-19,1050.0,0.0,0.0
all,T:Blood DeathKnight | H:Restoration Shaman | D:Havoc DemonHunter | D:Retribution Paladin | D:Demonology Warlock,1,0.99,11.0,5.7,5.7,5.7,-15.883,10.57,1698.0,The Blinding Vale,11,2026-08-19,1698.0,3.0,0.0
all,T:Protection Paladin | H:Holy Paladin | D:Arcane Mage | D:Affliction Warlock | D:Arms Warrior,1,0.99,11.0,5.7,5.7,5.7,-15.883,10.57,1698.0,The Blinding Vale,11,2026-08-18,1698.0,3.0,0.0
all,T:Protection Warrior | H:Holy Paladin | D:Devourer DemonHunter | D:Arcane Mage | D:Elemental Shaman,1,0.99,11.0,5.7,5.7,5.7,-15.883,10.57,1697.0,Voidscar Arena,11,2026-08-19,1697.0,7.0,0.0
all,T:Protection Paladin | H:Restoration Shaman | D:Frost DeathKnight | D:Havoc DemonHunter | D:Outlaw Rogue,1,0.99,11.0,5.7,5.7,5.7,-15.883,10.57,1698.0,Voidscar Arena,11,2026-08-19,1698.0,7.0,0.0
all,T:Protection Paladin | H:Holy Paladin | D:Survival Hunter | D:Elemental Shaman | D:Elemental Shaman,1,0.99,11.0,5.7,5.7,5.7,-15.883,10.57,1812.0,Temple of Sethraliss,11,2026-08-18,1812.0,10.0,0.0
all,T:Blood DeathKnight | H:Holy Priest | D:Havoc DemonHunter | D:Arcane Mage | D:Demonology Warlock,1,0.99,10.0,37.5,37.5,37.5,-15.883,10.57,1200.0,Temple of Sethraliss,10,2026-08-18,1200.0,0.0,0.0
all,T:Protection Paladin | H:Restoration Shaman | D:Devourer DemonHunter | D:Balance Druid | D:Demonology Warlock,1,0.99,11.0,5.7,5.7,5.7,-15.883,10.57,1868.0,Kings' Rest,11,2026-08-19,1868.0,7.0,0.0
all,T:Protection Paladin | H:Restoration Shaman | D:Unholy DeathKnight | D:Marksmanship Hunter | D:Elemental Shaman,1,0.99,11.0,5.7,5.7,5.7,-15.883,10.57,1697.0,Altar of Fangs,11,2026-08-19,1697.0,12.0,0.0
all,T:Protection Paladin | H:Holy Priest | D:Arcane Mage | D:Shadow Priest | D:Arms Warrior,3,0.98,10.3,23.6,26.4,24.1,-15.883,10.57,1501.0,Murder Row,10,2026-08-18,1501.0,3.0,0.0
all,T:Protection Paladin | H:Discipline Priest | D:Subtlety Rogue | D:Demonology Warlock | D:Arms Warrior,1,0.97,11.0,5.6,5.6,5.6,-15.883,10.57,1585.0,Ruby Life Pools,11,2026-08-19,1585.0,6.0,0.0
all,T:Protection Paladin | H:Mistweaver Monk | D:Unholy DeathKnight | D:Unholy DeathKnight | D:Enhancement Shaman,1,0.97,11.0,5.6,5.6,5.6,-15.883,10.57,1586.0,Ruby Life Pools,11,2026-08-19,1586.0,2.0,0.0
all,T:Protection Paladin | H:Restoration Shaman | D:BeastMastery Hunter | D:Arcane Mage | D:Windwalker Monk,1,0.97,11.0,5.6,5.6,5.6,-15.883,10.57,1812.0,Den of Nalorakk,11,2026-08-19,1812.0,8.0,0.0
all,T:Blood DeathKnight | H:Holy Priest | D:Devourer DemonHunter | D:BeastMastery Hunter | D:Windwalker Monk,1,0.97,11.0,5.6,5.6,5.6,-15.883,10.57,1698.0,The Blinding Vale,11,2026-08-18,1698.0,4.0,0.0
all,T:Blood DeathKnight | H:Restoration Shaman | D:Devastation Evoker | D:Affliction Warlock | D:Arms Warrior,1,0.97,11.0,5.6,5.6,5.6,-15.883,10.57,1925.0,Murder Row,11,2026-08-18,1925.0,9.0,0.0
all,T:Blood DeathKnight | H:Restoration Druid | D:Devourer DemonHunter | D:Havoc DemonHunter | D:BeastMastery Hunter,2,0.97,11.0,3.2,4.4,3.2,-15.883,10.57,1835.0,Temple of Sethraliss,11,2026-08-18,1800.0,7.5,0.0
all,T:Vengeance DemonHunter | H:Preservation Evoker | D:Marksmanship Hunter | D:Elemental Shaman | D:Enhancement Shaman,4,0.96,10.0,33.7,35.6,34.7,-15.883,10.57,1275.0,Kings' Rest,10,2026-08-19,1268.0,1.75,0.0
all,T:Vengeance DemonHunter | H:Restoration Shaman | D:Fire Mage | D:Shadow Priest | D:Demonology Warlock,1,0.96,10.0,37.3,37.3,37.3,-15.883,10.57,1278.0,Murder Row,10,2026-08-19,1278.0,2.0,0.0
all,T:Blood DeathKnight | H:Restoration Shaman | D:Elemental Shaman | D:Arms Warrior | D:Arms Warrior,2,0.96,10.5,19.0,25.2,19.0,-15.883,10.57,1256.0,Ruby Life Pools,10,2026-08-18,1492.0,8.5,0.0
all,T:Blood DeathKnight | H:Mistweaver Monk | D:Unholy DeathKnight | D:BeastMastery Hunter | D:Windwalker Monk,1,0.96,11.0,5.5,5.5,5.5,-15.883,10.57,1700.0,Altar of Fangs,11,2026-08-19,1700.0,4.0,0.0
all,T:Protection Paladin | H:Mistweaver Monk | D:Subtlety Rogue | D:Enhancement Shaman | D:Arms Warrior,2,0.95,11.0,3.1,8.2,3.1,-15.883,10.57,1652.0,Voidscar Arena,11,2026-08-19,1867.0,10.0,0.0
all,T:Protection Paladin | H:Holy Priest | D:Balance Druid | D:Elemental Shaman | D:Arms Warrior,2,0.94,10.5,19.0,27.8,19.0,-15.883,10.57,1387.0,Temple of Sethraliss,10,2026-08-18,1503.0,4.0,0.0
all,T:Guardian Druid | H:Restoration Druid | D:Marksmanship Hunter | D:Shadow Priest | D:Elemental Shaman,1,0.94,11.0,5.4,5.4,5.4,-15.883,10.57,1929.0,Murder Row,11,2026-08-18,1929.0,10.0,0.0
all,T:Protection Paladin | H:Mistweaver Monk | D:Balance Druid | D:Marksmanship Hunter | D:Arms Warrior,2,0.94,10.5,19.0,20.5,19.0,-15.883,10.57,1574.0,Kings' Rest,11,2026-08-19,1580.0,3.5,0.0
all,T:Protection Paladin | H:Holy Priest | D:Retribution Paladin | D:Subtlety Rogue | D:Elemental Shaman,2,0.93,10.5,18.9,23.3,18.9,-15.883,10.57,1288.0,Ruby Life Pools,10,2026-08-18,1413.0,1.0,0.0
all,T:Guardian Druid | H:Preservation Evoker | D:Devourer DemonHunter | D:Retribution Paladin | D:Arms Warrior,1,0.92,11.0,5.3,5.3,5.3,-15.883,10.57,1875.0,Kings' Rest,11,2026-08-18,1875.0,15.0,0.0
all,T:Blood DeathKnight | H:Holy Priest | D:Devourer DemonHunter | D:Devastation Evoker | D:Arcane Mage,3,0.92,10.3,23.4,26.9,22.8,-15.883,10.57,1315.0,Altar of Fangs,10,2026-08-19,1527.0,2.0,0.0
all,T:Blood DeathKnight | H:Restoration Druid | D:Unholy DeathKnight | D:Fire Mage | D:Subtlety Rogue,1,0.92,11.0,5.3,5.3,5.3,-15.883,10.57,1591.0,Ruby Life Pools,11,2026-08-19,1591.0,3.0,0.0
all,T:Protection Paladin | H:Discipline Priest | D:Marksmanship Hunter | D:Shadow Priest | D:Destruction Warlock,1,0.92,11.0,5.3,5.3,5.3,-15.883,10.57,1931.0,Murder Row,11,2026-08-19,1931.0,3.0,0.0
all,T:Blood DeathKnight | H:Restoration Shaman | D:Arcane Mage | D:Assassination Rogue | D:Destruction Warlock,1,0.92,11.0,5.3,5.3,5.3,-15.883,10.57,1819.0,Temple of Sethraliss,11,2026-08-18,1819.0,12.0,0.0
all,T:Blood DeathKnight | H:Holy Paladin | D:Elemental Shaman | D:Destruction Warlock | D:Arms Warrior,3,0.92,10.7,12.8,22.4,13.4,-15.883,10.57,1396.0,Voidscar Arena,10,2026-08-18,1456.0,3.0,0.0
all,T:Protection Warrior | H:Holy Priest | D:Frost Mage | D:Retribution Paladin | D:Enhancement Shaman,1,0.91,11.0,5.2,5.2,5.2,-15.883,10.57,1821.0,Den of Nalorakk,11,2026-08-18,1821.0,6.0,0.0
all,T:Brewmaster Monk | H:Restoration Druid | D:BeastMastery Hunter | D:Frost Mage | D:Affliction Warlock,1,0.91,11.0,5.2,5.2,5.2,-15.883,10.57,1934.0,Murder Row,11,2026-08-19,1934.0,3.0,0.0
all,T:Blood DeathKnight | H:Discipline Priest | D:Frost DeathKnight | D:Windwalker Monk | D:Elemental Shaman,1,0.91,11.0,5.2,5.2,5.2,-15.883,10.57,1820.0,Den of Nalorakk,11,2026-08-19,1820.0,6.0,0.0
all,T:Blood DeathKnight | H:Restoration Shaman | D:Windwalker Monk | D:Shadow Priest | D:Destruction Warlock,1,0.91,11.0,5.2,5.2,5.2,-15.883,10.57,1878.0,Kings' Rest,11,2026-08-19,1878.0,4.0,0.0
all,T:Protection Warrior | H:Preservation Evoker | D:Frost DeathKnight | D:Unholy DeathKnight | D:Feral Druid,1,0.91,11.0,5.2,5.2,5.2,-15.883,10.57,1821.0,Den of Nalorakk,11,2026-08-19,1821.0,11.0,0.0
all,T:Protection Paladin | H:Restoration Shaman | D:Unholy DeathKnight | D:Devourer DemonHunter | D:Fury Warrior,2,0.91,10.5,18.8,20.6,18.8,-15.883,10.57,1620.0,Murder Row,10,2026-08-19,1556.0,5.0,0.0
all,T:Protection Paladin | H:Mistweaver Monk | D:Havoc DemonHunter | D:Augmentation Evoker | D:Arcane Mage,1,0.91,11.0,5.2,5.2,5.2,-15.883,10.57,1878.0,Kings' Rest,11,2026-08-19,1878.0,8.0,0.0
all,T:Protection Paladin | H:Restoration Shaman | D:Retribution Paladin | D:Outlaw Rogue | D:Arms Warrior,2,0.91,10.5,18.8,24.8,18.8,-15.883,10.57,1444.0,Den of Nalorakk,10,2026-08-18,1454.0,4.5,0.0
all,T:Blood DeathKnight | H:Holy Paladin | D:Arcane Mage | D:Shadow Priest | D:Elemental Shaman,1,0.91,11.0,5.2,5.2,5.2,-15.883,10.57,1707.0,Altar of Fangs,11,2026-08-19,1707.0,6.0,0.0
all,T:Vengeance DemonHunter | H:Holy Priest | D:Devastation Evoker | D:Elemental Shaman | D:Arms Warrior,1,0.91,10.0,37.0,37.0,37.0,-15.883,10.57,1135.0,Voidscar Arena,10,2026-08-18,1135.0,3.0,0.0
all,T:Brewmaster Monk | H:Restoration Shaman | D:Unholy DeathKnight | D:Retribution Paladin | D:Arms Warrior,1,0.91,11.0,5.2,5.2,5.2,-15.883,10.57,1706.0,Altar of Fangs,11,2026-08-18,1706.0,3.0,0.0
all,T:Blood DeathKnight | H:Discipline Priest | D:Unholy DeathKnight | D:Balance Druid | D:Windwalker Monk,1,0.91,11.0,5.2,5.2,5.2,-15.883,10.57,1877.0,Kings' Rest,11,2026-08-18,1877.0,9.0,0.0
all,T:Protection Paladin | H:Holy Paladin | D:Balance Druid | D:BeastMastery Hunter | D:Arcane Mage,3,0.9,10.3,23.3,31.1,22.0,-15.883,10.57,1323.0,Temple of Sethraliss,10,2026-08-19,1403.0,2.0,0.0
all,T:Blood DeathKnight | H:Holy Paladin | D:Devastation Evoker | D:Enhancement Shaman | D:Arms Warrior,1,0.89,10.0,36.9,36.9,36.9,-15.883,10.57,1212.0,Temple of Sethraliss,10,2026-08-19,1212.0,0.0,0.0
all,T:Blood DeathKnight | H:Restoration Druid | D:Unholy DeathKnight | D:Windwalker Monk | D:Subtlety Rogue,1,0.89,11.0,5.1,5.1,5.1,-15.883,10.57,1595.0,Ruby Life Pools,11,2026-08-18,1595.0,16.0,0.0
all,T:Brewmaster Monk | H:Holy Paladin | D:Assassination Rogue | D:Outlaw Rogue | D:Elemental Shaman,1,0.89,11.0,5.1,5.1,5.1,-15.883,10.57,1879.0,Kings' Rest,11,2026-08-18,1879.0,6.0,0.0
all,T:Blood DeathKnight | H:Holy Paladin | D:Unholy DeathKnight | D:Augmentation Evoker | D:Elemental Shaman,1,0.89,11.0,5.1,5.1,5.1,-15.883,10.57,1709.0,The Blinding Vale,11,2026-08-18,1709.0,1.0,0.0
all,T:Blood DeathKnight | H:Preservation Evoker | D:BeastMastery Hunter | D:Assassination Rogue | D:Elemental Shaman,2,0.89,10.5,18.8,28.1,18.8,-15.883,10.57,1466.0,Murder Row,10,2026-08-18,1630.0,9.0,0.0
all,T:Guardian Druid | H:Holy Paladin | D:Unholy DeathKnight | D:Balance Druid | D:Retribution Paladin,1,0.89,11.0,5.1,5.1,5.1,-15.883,10.57,1935.0,Murder Row,11,2026-08-19,1935.0,8.0,0.0
all,T:Blood DeathKnight | H:Holy Priest | D:Devourer DemonHunter | D:Balance Druid | D:Arcane Mage,1,0.87,11.0,5.0,5.0,5.0,-15.883,10.57,1824.0,Temple of Sethraliss,11,2026-08-19,1824.0,10.0,0.0
all,T:Blood DeathKnight | H:Restoration Druid | D:Unholy DeathKnight | D:Windwalker Monk | D:Enhancement Shaman,1,0.87,11.0,5.0,5.0,5.0,-15.883,10.57,1710.0,Voidscar Arena,11,2026-08-18,1710.0,12.0,0.0
all,T:Protection Paladin | H:Preservation Evoker | D:Retribution Paladin | D:Elemental Shaman | D:Arms Warrior,1,0.87,11.0,5.0,5.0,5.0,-15.883,10.57,1709.0,Voidscar Arena,11,2026-08-18,1709.0,9.0,0.0
all,T:Brewmaster Monk | H:Mistweaver Monk | D:Balance Druid | D:Arcane Mage | D:Elemental Shaman,1,0.87,11.0,5.0,5.0,5.0,-15.883,10.57,1824.0,Temple of Sethraliss,11,2026-08-19,1824.0,13.0,0.0
all,T:Brewmaster Monk | H:Holy Paladin | D:Devourer DemonHunter | D:Outlaw Rogue | D:Elemental Shaman,1,0.87,11.0,5.0,5.0,5.0,-15.883,10.57,1882.0,Kings' Rest,11,2026-08-18,1882.0,11.0,0.0
all,T:Protection Paladin | H:Restoration Shaman | D:Feral Druid | D:Subtlety Rogue | D:Destruction Warlock,1,0.87,11.0,5.0,5.0,5.0,-15.883,10.57,1824.0,Temple of Sethraliss,11,2026-08-19,1824.0,6.0,0.0
all,T:Blood DeathKnight | H:Preservation Evoker | D:Devourer DemonHunter | D:BeastMastery Hunter | D:BeastMastery Hunter,1,0.87,11.0,5.0,5.0,5.0,-15.883,10.57,1711.0,Voidscar Arena,11,2026-08-18,1711.0,18.0,0.0
all,T:Brewmaster Monk | H:Holy Paladin | D:Havoc DemonHunter | D:Arcane Mage | D:Shadow Priest,1,0.87,11.0,5.0,5.0,5.0,-15.883,10.57,1824.0,Den of Nalorakk,11,2026-08-18,1824.0,8.0,0.0
all,T:Guardian Druid | H:Discipline Priest | D:Subtlety Rogue | D:Elemental Shaman | D:Elemental Shaman,1,0.86,10.0,36.7,36.7,36.7,-15.883,10.57,1139.0,Voidscar Arena,10,2026-08-19,1139.0,3.0,0.0
all,T:Guardian Druid | H:Mistweaver Monk | D:BeastMastery Hunter | D:Frost Mage | D:Arms Warrior,2,0.86,10.5,18.6,20.4,18.6,-15.883,10.57,1433.0,Voidscar Arena,10,2026-08-19,1540.0,13.5,0.0
all,T:Protection Paladin | H:Mistweaver Monk | D:Devastation Evoker | D:BeastMastery Hunter | D:Demonology Warlock,1,0.86,11.0,4.9,4.9,4.9,-15.883,10.57,1826.0,Den of Nalorakk,11,2026-08-18,1826.0,10.0,0.0
all,T:Protection Warrior | H:Restoration Shaman | D:Frost DeathKnight | D:Devourer DemonHunter | D:Arcane Mage,1,0.86,11.0,4.9,4.9,4.9,-15.883,10.57,1711.0,Altar of Fangs,11,2026-08-18,1711.0,8.0,0.0
all,T:Blood DeathKnight | H:Preservation Evoker | D:Survival Hunter | D:Outlaw Rogue | D:Elemental Shaman,1,0.86,11.0,4.9,4.9,4.9,-15.883,10.57,1712.0,The Blinding Vale,11,2026-08-19,1712.0,13.0,0.0
all,T:Blood DeathKnight | H:Holy Paladin | D:Balance Druid | D:Elemental Shaman | D:Elemental Shaman,2,0.85,11.5,-13.2,7.6,-13.2,-15.883,10.57,1829.0,Kings' Rest,11,2026-08-19,2200.0,6.5,0.0
all,T:Protection Paladin | H:Discipline Priest | D:Marksmanship Hunter | D:Retribution Paladin | D:Enhancement Shaman,1,0.84,11.0,4.8,4.8,4.8,-15.883,10.57,1599.0,Ruby Life Pools,11,2026-08-19,1599.0,17.0,0.0
all,T:Guardian Druid | H:Holy Paladin | D:Unholy DeathKnight | D:Windwalker Monk | D:Elemental Shaman,1,0.84,11.0,4.8,4.8,4.8,-15.883,10.57,1714.0,Voidscar Arena,11,2026-08-18,1714.0,3.0,0.0
all,T:Blood DeathKnight | H:Holy Priest | D:Augmentation Evoker | D:Devastation Evoker | D:Arms Warrior,3,0.84,11.0,2.0,16.5,13.7,-15.883,10.57,1502.0,Voidscar Arena,11,2026-08-18,1554.0,7.0,0.0
all,T:Blood DeathKnight | H:Mistweaver Monk | D:Frost DeathKnight | D:Arcane Mage | D:Arcane Mage,1,0.84,11.0,4.8,4.8,4.8,-15.883,10.57,1713.0,Altar of Fangs,11,2026-08-18,1713.0,8.0,0.0
all,T:Vengeance DemonHunter | H:Restoration Druid | D:Balance Druid | D:Arcane Mage | D:Subtlety Rogue,1,0.84,11.0,4.8,4.8,4.8,-15.883,10.57,1714.0,Voidscar Arena,11,2026-08-18,1714.0,14.0,0.0
all,T:Protection Paladin | H:Restoration Shaman | D:Marksmanship Hunter | D:Outlaw Rogue | D:Arms Warrior,6,0.84,10.0,33.1,36.7,34.2,-15.883,10.57,1140.0,Voidscar Arena,10,2026-08-19,1284.0,2.83,0.0
all,T:Vengeance DemonHunter | H:Holy Paladin | D:Balance Druid | D:Arcane Mage | D:Shadow Priest,7,0.84,10.3,23.9,34.1,24.7,-15.883,10.57,1187.0,Voidscar Arena,10,2026-08-18,1363.0,1.86,0.0
all,T:Guardian Druid | H:Preservation Evoker | D:Augmentation Evoker | D:Arcane Mage | D:Arms Warrior,1,0.83,10.0,36.5,36.5,36.5,-15.883,10.57,1219.0,Temple of Sethraliss,10,2026-08-19,1219.0,1.0,0.0
all,T:Protection Paladin | H:Mistweaver Monk | D:Balance Druid | D:Arcane Mage | D:Arms Warrior,1,0.83,10.0,36.5,36.5,36.5,-15.883,10.57,1144.0,Voidscar Arena,10,2026-08-18,1144.0,1.0,0.0
all,T:Vengeance DemonHunter | H:Holy Priest | D:Unholy DeathKnight | D:Arcane Mage | D:Outlaw Rogue,2,0.82,10.0,34.4,36.4,34.4,-15.883,10.57,1145.0,The Blinding Vale,10,2026-08-19,1242.0,1.5,0.0
all,T:Protection Paladin | H:Restoration Shaman | D:Arcane Mage | D:Retribution Paladin | D:Arms Warrior,2,0.82,11.0,2.7,9.8,2.7,-15.883,10.57,1732.0,Den of Nalorakk,11,2026-08-19,1870.0,15.0,0.0
all,T:Protection Paladin | H:Preservation Evoker | D:BeastMastery Hunter | D:Arcane Mage | D:Elemental Shaman,1,0.82,11.0,4.7,4.7,4.7,-15.883,10.57,1944.0,Murder Row,11,2026-08-18,1944.0,6.0,0.0
all,T:Blood DeathKnight | H:Holy Paladin | D:Devourer DemonHunter | D:Arcane Mage | D:Elemental Shaman,6,0.82,10.7,11.8,28.0,13.7,-15.883,10.57,1295.0,Voidscar Arena,10,2026-08-19,1550.0,8.5,0.0
all,T:Protection Paladin | H:Discipline Priest | D:Unholy DeathKnight | D:Arcane Mage | D:Windwalker Monk,1,0.82,11.0,4.7,4.7,4.7,-15.883,10.57,1944.0,Murder Row,11,2026-08-19,1944.0,5.0,0.0
all,T:Guardian Druid | H:Holy Paladin | D:Marksmanship Hunter | D:Elemental Shaman | D:Arms Warrior,1,0.82,11.0,4.7,4.7,4.7,-15.883,10.57,1716.0,The Blinding Vale,11,2026-08-19,1716.0,5.0,0.0
all,T:Blood DeathKnight | H:Preservation Evoker | D:Fire Mage | D:Retribution Paladin | D:Elemental Shaman,1,0.82,11.0,4.7,4.7,4.7,-15.883,10.57,1830.0,Temple of Sethraliss,11,2026-08-19,1830.0,5.0,0.0
all,T:Protection Warrior | H:Restoration Shaman | D:Balance Druid | D:Marksmanship Hunter | D:Arms Warrior,1,0.81,11.0,4.6,4.6,4.6,-15.883,10.57,1603.0,Ruby Life Pools,11,2026-08-18,1603.0,3.0,0.0
all,T:Protection Warrior | H:Holy Paladin | D:Frost DeathKnight | D:Frost Mage | D:Arms Warrior,1,0.81,11.0,4.6,4.6,4.6,-15.883,10.57,1602.0,Ruby Life Pools,11,2026-08-18,1602.0,8.0,0.0
all,T:Blood DeathKnight | H:Holy Paladin | D:Arcane Mage | D:Retribution Paladin | D:Enhancement Shaman,2,0.81,10.5,18.5,20.4,18.5,-15.883,10.57,1432.0,The Blinding Vale,10,2026-08-19,1541.0,1.5,0.0
all,T:Blood DeathKnight | H:Discipline Priest | D:Windwalker Monk | D:Outlaw Rogue | D:Arms Warrior,1,0.81,11.0,4.6,4.6,4.6,-15.883,10.57,1602.0,Ruby Life Pools,11,2026-08-19,1602.0,14.0,0.0
all,T:Blood DeathKnight | H:Restoration Shaman | D:Frost DeathKnight | D:Marksmanship Hunter | D:Shadow Priest,1,0.81,11.0,4.6,4.6,4.6,-15.883,10.57,1889.0,Kings' Rest,11,2026-08-18,1889.0,2.0,0.0
all,T:Vengeance DemonHunter | H:Restoration Shaman | D:Devourer DemonHunter | D:Elemental Shaman | D:Arms Warrior,1,0.81,11.0,4.6,4.6,4.6,-15.883,10.57,1832.0,Temple of Sethraliss,11,2026-08-18,1832.0,8.0,0.0
all,T:Blood DeathKnight | H:Mistweaver Monk | D:Fire Mage | D:Elemental Shaman | D:Demonology Warlock,1,0.81,10.0,36.4,36.4,36.4,-15.883,10.57,1144.0,Voidscar Arena,10,2026-08-19,1144.0,4.0,0.0
all,T:Guardian Druid | H:Restoration Druid | D:Devourer DemonHunter | D:Survival Hunter | D:Outlaw Rogue,2,0.81,10.5,18.5,26.1,18.5,-15.883,10.57,1507.0,Murder Row,10,2026-08-18,1556.0,6.5,0.0
all,T:Protection Warrior | H:Holy Paladin | D:Devastation Evoker | D:Retribution Paladin | D:Arms Warrior,3,0.8,10.0,33.7,38.0,33.7,-15.883,10.57,1265.0,Murder Row,10,2026-08-18,1265.0,1.33,0.0
all,T:Protection Paladin | H:Restoration Shaman | D:Arcane Mage | D:Shadow Priest | D:Arms Warrior,2,0.8,10.5,18.5,22.6,18.5,-15.883,10.57,1533.0,Kings' Rest,10,2026-08-19,1641.0,6.0,0.0
all,T:Blood DeathKnight | H:Restoration Shaman | D:Windwalker Monk | D:Retribution Paladin | D:Arms Warrior,4,0.8,10.5,17.4,29.0,25.6,-15.883,10.57,1405.0,Kings' Rest,10,2026-08-19,1492.0,3.25,0.0
all,T:Protection Paladin | H:Holy Paladin | D:Balance Druid | D:Retribution Paladin | D:Demonology Warlock,1,0.79,11.0,4.5,4.5,4.5,-15.883,10.57,1834.0,Den of Nalorakk,11,2026-08-18,1834.0,5.0,0.0
all,T:Brewmaster Monk | H:Holy Paladin | D:Arcane Mage | D:Enhancement Shaman | D:Arms Warrior,1,0.79,11.0,4.5,4.5,4.5,-15.883,10.57,1718.0,Altar of Fangs,11,2026-08-18,1718.0,10.0,0.0
all,T:Blood DeathKnight | H:Restoration Druid | D:Devourer DemonHunter | D:Frost Mage | D:Elemental Shaman,1,0.79,11.0,4.5,4.5,4.5,-15.883,10.57,1948.0,Murder Row,11,2026-08-18,1948.0,7.0,0.0
all,T:Blood DeathKnight | H:Holy Paladin | D:Unholy DeathKnight | D:Havoc DemonHunter | D:Shadow Priest,1,0.79,11.0,4.5,4.5,4.5,-15.883,10.57,1834.0,Den of Nalorakk,11,2026-08-19,1834.0,11.0,0.0
all,T:Blood DeathKnight | H:Discipline Priest | D:Augmentation Evoker | D:Frost Mage | D:Enhancement Shaman,3,0.79,10.7,12.5,18.6,11.3,-15.883,10.57,1465.0,The Blinding Vale,11,2026-08-19,1596.0,3.33,0.0
all,T:Blood DeathKnight | H:Restoration Shaman | D:Frost DeathKnight | D:Marksmanship Hunter | D:Arcane Mage,1,0.79,11.0,4.5,4.5,4.5,-15.883,10.57,1948.0,Murder Row,11,2026-08-19,1948.0,9.0,0.0
all,T:Protection Warrior | H:Holy Paladin | D:Unholy DeathKnight | D:Arcane Mage | D:Elemental Shaman,1,0.79,11.0,4.5,4.5,4.5,-15.883,10.57,1720.0,Altar of Fangs,11,2026-08-18,1720.0,2.0,0.0
all,T:Blood DeathKnight | H:Restoration Druid | D:Havoc DemonHunter | D:Marksmanship Hunter | D:Elemental Shaman,1,0.79,11.0,4.5,4.5,4.5,-15.883,10.57,1605.0,Ruby Life Pools,11,2026-08-18,1605.0,8.0,0.0
all,T:Blood DeathKnight | H:Holy Priest | D:BeastMastery Hunter | D:Frost Mage | D:Enhancement Shaman,1,0.79,11.0,4.5,4.5,4.5,-15.883,10.57,1604.0,Ruby Life Pools,11,2026-08-19,1604.0,11.0,0.0
all,T:Protection Paladin | H:Preservation Evoker | D:Devourer DemonHunter | D:Retribution Paladin | D:Arms Warrior,1,0.78,12.0,-27.3,-27.3,-27.3,-15.883,10.57,2292.0,Altar of Fangs,12,2026-08-18,2292.0,14.0,0.0
all,T:Blood DeathKnight | H:Discipline Priest | D:Marksmanship Hunter | D:Arcane Mage | D:Arms Warrior,2,0.77,10.5,18.4,25.4,18.4,-15.883,10.57,1254.0,Ruby Life Pools,10,2026-08-19,1478.0,5.0,0.0
all,T:Blood DeathKnight | H:Holy Paladin | D:Unholy DeathKnight | D:Feral Druid | D:BeastMastery Hunter,1,0.77,11.0,4.4,4.4,4.4,-15.883,10.57,1607.0,Ruby Life Pools,11,2026-08-19,1607.0,8.0,0.0
all,T:Guardian Druid | H:Restoration Shaman | D:Balance Druid | D:Frost Mage | D:Retribution Paladin,1,0.76,11.0,4.3,4.3,4.3,-15.883,10.57,1951.0,Murder Row,11,2026-08-19,1951.0,2.0,0.0
all,T:Blood DeathKnight | H:Restoration Shaman | D:BeastMastery Hunter | D:Survival Hunter | D:Retribution Paladin,1,0.76,11.0,4.3,4.3,4.3,-15.883,10.57,1838.0,Den of Nalorakk,11,2026-08-19,1838.0,0.0,0.0
all,T:Guardian Druid | H:Holy Paladin | D:Frost Mage | D:Windwalker Monk | D:Elemental Shaman,1,0.76,11.0,4.3,4.3,4.3,-15.883,10.57,1722.0,The Blinding Vale,11,2026-08-18,1722.0,3.0,0.0
all,T:Blood DeathKnight | H:Holy Priest | D:Survival Hunter | D:Retribution Paladin | D:Shadow Priest,2,0.76,10.5,18.3,25.0,18.3,-15.883,10.57,1350.0,The Blinding Vale,10,2026-08-18,1470.0,4.0,0.0
all,T:Blood DeathKnight | H:Holy Paladin | D:Unholy DeathKnight | D:Elemental Shaman | D:Arms Warrior,4,0.76,10.8,9.4,24.7,5.6,-15.883,10.57,1492.0,Kings' Rest,10,2026-08-19,1748.0,7.25,0.0
all,T:Blood DeathKnight | H:Restoration Druid | D:Balance Druid | D:Windwalker Monk | D:Shadow Priest,1,0.76,11.0,4.3,4.3,4.3,-15.883,10.57,1723.0,Voidscar Arena,11,2026-08-18,1723.0,5.0,0.0
all,T:Blood DeathKnight | H:Mistweaver Monk | D:Frost DeathKnight | D:Devourer DemonHunter | D:Arcane Mage,3,0.75,10.7,12.4,26.5,5.8,-15.883,10.57,1234.0,Ruby Life Pools,10,2026-08-19,1827.0,4.33,0.0
all,T:Protection Paladin | H:Restoration Shaman | D:Feral Druid | D:Elemental Shaman | D:Arms Warrior,1,0.74,10.0,36.0,36.0,36.0,-15.883,10.57,1153.0,Voidscar Arena,10,2026-08-18,1153.0,1.0,0.0
all,T:Brewmaster Monk | H:Restoration Shaman | D:Unholy DeathKnight | D:Arcane Mage | D:Subtlety Rogue,1,0.74,10.0,36.0,36.0,36.0,-15.883,10.57,1151.0,Voidscar Arena,10,2026-08-19,1151.0,3.0,0.0
all,T:Vengeance DemonHunter | H:Restoration Shaman | D:Arcane Mage | D:Shadow Priest | D:Demonology Warlock,1,0.74,11.0,4.2,4.2,4.2,-15.883,10.57,1955.0,Murder Row,11,2026-08-18,1955.0,8.0,0.0
all,T:Brewmaster Monk | H:Preservation Evoker | D:Balance Druid | D:Arcane Mage | D:Arcane Mage,1,0.74,11.0,4.2,4.2,4.2,-15.883,10.57,1954.0,Murder Row,11,2026-08-19,1954.0,20.0,0.0
all,T:Protection Paladin | H:Mistweaver Monk | D:Devourer DemonHunter | D:Arcane Mage | D:Arms Warrior,1,0.74,11.0,4.2,4.2,4.2,-15.883,10.57,1609.0,Ruby Life Pools,11,2026-08-19,1609.0,9.0,0.0
all,T:Protection Paladin | H:Restoration Druid | D:Devourer DemonHunter | D:Marksmanship Hunter | D:Subtlety Rogue,1,0.74,11.0,4.2,4.2,4.2,-15.883,10.57,1724.0,Altar of Fangs,11,2026-08-18,1724.0,1.0,0.0
all,T:Blood DeathKnight | H:Discipline Priest | D:BeastMastery Hunter | D:Outlaw Rogue | D:Arms Warrior,1,0.74,11.0,4.2,4.2,4.2,-15.883,10.57,1610.0,Ruby Life Pools,11,2026-08-18,1610.0,10.0,0.0
all,T:Guardian Druid | H:Preservation Evoker | D:Outlaw Rogue | D:Elemental Shaman | D:Arms Warrior,1,0.74,11.0,4.2,4.2,4.2,-15.883,10.57,1610.0,Ruby Life Pools,11,2026-08-18,1610.0,3.0,0.0
all,T:Protection Paladin | H:Discipline Priest | D:Devourer DemonHunter | D:Augmentation Evoker | D:Arcane Mage,2,0.73,10.0,34.1,36.3,34.1,-15.883,10.57,1300.0,Murder Row,10,2026-08-18,1263.0,1.5,0.0
all,T:Blood DeathKnight | H:Restoration Druid | D:Devourer DemonHunter | D:Devastation Evoker | D:Assassination Rogue,1,0.73,10.0,35.9,35.9,35.9,-15.883,10.57,1077.0,Ruby Life Pools,10,2026-08-18,1077.0,0.0,0.0
all,T:Protection Paladin | H:Restoration Shaman | D:BeastMastery Hunter | D:Arcane Mage | D:Demonology Warlock,2,0.72,11.0,2.3,10.5,2.3,-15.883,10.57,1719.0,Den of Nalorakk,11,2026-08-18,1812.0,9.5,0.0
all,T:Blood DeathKnight | H:Holy Paladin | D:Devourer DemonHunter | D:Windwalker Monk | D:Subtlety Rogue,1,0.72,11.0,4.1,4.1,4.1,-15.883,10.57,1726.0,Voidscar Arena,11,2026-08-18,1726.0,5.0,0.0
all,T:Blood DeathKnight | H:Discipline Priest | D:Unholy DeathKnight | D:Havoc DemonHunter | D:Retribution Paladin,1,0.72,11.0,4.1,4.1,4.1,-15.883,10.57,1841.0,Temple of Sethraliss,11,2026-08-19,1841.0,2.0,0.0
all,T:Protection Paladin | H:Discipline Priest | D:Frost DeathKnight | D:Arcane Mage | D:Arms Warrior,4,0.72,10.5,17.3,26.2,22.2,-15.883,10.57,1461.0,Kings' Rest,10,2026-08-18,1472.0,3.25,0.0
all,T:Vengeance DemonHunter | H:Restoration Druid | D:BeastMastery Hunter | D:Shadow Priest | D:Elemental Shaman,1,0.72,11.0,4.1,4.1,4.1,-15.883,10.57,1841.0,Temple of Sethraliss,11,2026-08-18,1841.0,12.0,0.0
all,T:Protection Paladin | H:Preservation Evoker | D:Balance Druid | D:Outlaw Rogue | D:Arms Warrior,1,0.72,11.0,4.1,4.1,4.1,-15.883,10.57,1726.0,Altar of Fangs,11,2026-08-19,1726.0,3.0,0.0
all,T:Blood DeathKnight | H:Holy Paladin | D:Frost DeathKnight | D:BeastMastery Hunter | D:Enhancement Shaman,7,0.72,10.6,14.6,26.5,17.9,-15.883,10.57,1500.0,Murder Row,10,2026-08-18,1547.0,4.86,0.0
all,T:Blood DeathKnight | H:Restoration Shaman | D:BeastMastery Hunter | D:Marksmanship Hunter | D:Retribution Paladin,1,0.71,11.0,4.0,4.0,4.0,-15.883,10.57,1729.0,Altar of Fangs,11,2026-08-18,1729.0,17.0,0.0
all,T:Vengeance DemonHunter | H:Restoration Druid | D:Balance Druid | D:Marksmanship Hunter | D:Destruction Warlock,1,0.71,11.0,4.0,4.0,4.0,-15.883,10.57,1959.0,Murder Row,11,2026-08-18,1959.0,15.0,0.0
all,T:Blood DeathKnight | H:Restoration Shaman | D:Subtlety Rogue | D:Arms Warrior | D:Arms Warrior,2,0.71,10.5,18.2,31.1,18.2,-15.883,10.57,1322.0,Temple of Sethraliss,10,2026-08-18,1572.0,7.0,0.0
all,T:Blood DeathKnight | H:Restoration Druid | D:Arcane Mage | D:Shadow Priest | D:Enhancement Shaman,1,0.71,11.0,4.0,4.0,4.0,-15.883,10.57,1728.0,Voidscar Arena,11,2026-08-19,1728.0,8.0,0.0
all,T:Blood DeathKnight | H:Restoration Druid | D:Devourer DemonHunter | D:Arcane Mage | D:Windwalker Monk,3,0.7,10.0,33.4,34.0,33.1,-15.883,10.57,1188.0,Voidscar Arena,10,2026-08-19,1188.0,2.0,0.0
all,T:Guardian Druid | H:Mistweaver Monk | D:Unholy DeathKnight | D:Arcane Mage | D:Arms Warrior,2,0.7,11.0,2.2,2.8,2.2,-15.883,10.57,1866.0,Den of Nalorakk,11,2026-08-18,1760.0,14.5,0.0
all,T:Guardian Druid | H:Restoration Shaman | D:Unholy DeathKnight | D:Retribution Paladin | D:Destruction Warlock,1,0.69,11.0,3.9,3.9,3.9,-15.883,10.57,1730.0,The Blinding Vale,11,2026-08-18,1730.0,3.0,0.0
all,T:Blood DeathKnight | H:Preservation Evoker | D:Devourer DemonHunter | D:Devastation Evoker | D:Elemental Shaman,1,0.69,11.0,3.9,3.9,3.9,-15.883,10.57,1960.0,Murder Row,11,2026-08-18,1960.0,9.0,0.0
all,T:Protection Warrior | H:Holy Paladin | D:Devourer DemonHunter | D:Devastation Evoker | D:Arms Warrior,1,0.69,11.0,3.9,3.9,3.9,-15.883,10.57,1846.0,Temple of Sethraliss,11,2026-08-19,1846.0,7.0,0.0
all,T:Blood DeathKnight | H:Restoration Shaman | D:Feral Druid | D:BeastMastery Hunter | D:Subtlety Rogue,1,0.69,11.0,3.9,3.9,3.9,-15.883,10.57,1730.0,Altar of Fangs,11,2026-08-18,1730.0,3.0,0.0
all,T:Protection Warrior | H:Holy Paladin | D:Devourer DemonHunter | D:Survival Hunter | D:Demonology Warlock,1,0.69,11.0,3.9,3.9,3.9,-15.883,10.57,1845.0,Den of Nalorakk,11,2026-08-19,1845.0,13.0,0.0
all,T:Guardian Druid | H:Restoration Shaman | D:Augmentation Evoker | D:Arcane Mage | D:Arms Warrior,1,0.68,10.0,35.6,35.6,35.6,-15.883,10.57,1081.0,Ruby Life Pools,10,2026-08-18,1081.0,0.0,0.0
all,T:Blood DeathKnight | H:Mistweaver Monk | D:Arcane Mage | D:Retribution Paladin | D:Demonology Warlock,3,0.68,10.3,22.8,26.8,22.0,-15.883,10.57,1318.0,Voidscar Arena,10,2026-08-18,1545.0,3.33,0.0
all,T:Protection Warrior | H:Mistweaver Monk | D:Unholy DeathKnight | D:Devourer DemonHunter | D:BeastMastery Hunter,1,0.67,11.0,3.8,3.8,3.8,-15.883,10.57,1731.0,The Blinding Vale,11,2026-08-19,1731.0,8.0,0.0
all,T:Protection Paladin | H:Holy Paladin | D:Unholy DeathKnight | D:BeastMastery Hunter | D:Fire Mage,1,0.67,11.0,3.8,3.8,3.8,-15.883,10.57,1732.0,Voidscar Arena,11,2026-08-18,1732.0,6.0,0.0
all,T:Brewmaster Monk | H:Holy Paladin | D:Devourer DemonHunter | D:Arcane Mage | D:Demonology Warlock,1,0.67,11.0,3.8,3.8,3.8,-15.883,10.57,1616.0,Ruby Life Pools,11,2026-08-19,1616.0,10.0,0.0
all,T:Protection Paladin | H:Restoration Shaman | D:Havoc DemonHunter | D:BeastMastery Hunter | D:Fury Warrior,1,0.66,11.0,3.7,3.7,3.7,-15.883,10.57,1907.0,Kings' Rest,11,2026-08-18,1907.0,9.0,0.0
all,T:Blood DeathKnight | H:Discipline Priest | D:Havoc DemonHunter | D:Arcane Mage | D:Demonology Warlock,3,0.66,10.3,22.7,32.7,25.0,-15.883,10.57,1373.0,Murder Row,10,2026-08-18,1440.0,4.33,0.0
all,T:Blood DeathKnight | H:Discipline Priest | D:Devourer DemonHunter | D:Marksmanship Hunter | D:Subtlety Rogue,2,0.66,10.5,18.0,19.6,18.0,-15.883,10.57,1448.0,The Blinding Vale,10,2026-08-18,1528.0,2.5,0.0
all,T:Protection Warrior | H:Restoration Druid | D:Unholy DeathKnight | D:BeastMastery Hunter | D:Arcane Mage,1,0.66,11.0,3.7,3.7,3.7,-15.883,10.57,1907.0,Kings' Rest,11,2026-08-18,1907.0,10.0,0.0
all,T:Protection Paladin | H:Restoration Shaman | D:BeastMastery Hunter | D:Outlaw Rogue | D:Arms Warrior,1,0.66,11.0,3.7,3.7,3.7,-15.883,10.57,1906.0,Kings' Rest,11,2026-08-18,1906.0,6.0,0.0
all,T:Protection Warrior | H:Restoration Shaman | D:Devourer DemonHunter | D:Marksmanship Hunter | D:Arms Warrior,3,0.65,10.0,33.3,35.4,34.6,-15.883,10.57,1240.0,Temple of Sethraliss,10,2026-08-18,1264.0,6.33,0.0
all,T:Protection Paladin | H:Discipline Priest | D:Arcane Mage | D:Shadow Priest | D:Affliction Warlock,1,0.64,11.0,3.6,3.6,3.6,-15.883,10.57,1966.0,Murder Row,11,2026-08-18,1966.0,10.0,0.0
all,T:Blood DeathKnight | H:Holy Paladin | D:BeastMastery Hunter | D:Survival Hunter | D:Arms Warrior,1,0.64,11.0,3.6,3.6,3.6,-15.883,10.57,1736.0,Altar of Fangs,11,2026-08-19,1736.0,3.0,0.0
all,T:Guardian Druid | H:Holy Paladin | D:Devourer DemonHunter | D:Arcane Mage | D:Elemental Shaman,1,0.64,11.0,3.6,3.6,3.6,-15.883,10.57,1619.0,Ruby Life Pools,11,2026-08-18,1619.0,6.0,0.0
all,T:Vengeance DemonHunter | H:Discipline Priest | D:Unholy DeathKnight | D:Arcane Mage | D:Shadow Priest,1,0.64,11.0,3.6,3.6,3.6,-15.883,10.57,1852.0,Temple of Sethraliss,11,2026-08-18,1852.0,14.0,0.0
all,T:Protection Paladin | H:Holy Paladin | D:BeastMastery Hunter | D:Arcane Mage | D:Demonology Warlock,1,0.64,11.0,3.6,3.6,3.6,-15.883,10.57,1966.0,Murder Row,11,2026-08-18,1966.0,4.0,0.0
all,T:Vengeance DemonHunter | H:Preservation Evoker | D:Devourer DemonHunter | D:Arcane Mage | D:Destruction Warlock,1,0.64,11.0,3.6,3.6,3.6,-15.883,10.57,1850.0,Temple of Sethraliss,11,2026-08-18,1850.0,12.0,0.0
all,T:Protection Warrior | H:Discipline Priest | D:Havoc DemonHunter | D:Elemental Shaman | D:Destruction Warlock,1,0.64,11.0,3.6,3.6,3.6,-15.883,10.57,1736.0,Altar of Fangs,11,2026-08-19,1736.0,9.0,0.0
all,T:Protection Paladin | H:Restoration Shaman | D:Unholy DeathKnight | D:Devastation Evoker | D:Windwalker Monk,1,0.64,11.0,3.6,3.6,3.6,-15.883,10.57,1850.0,Temple of Sethraliss,11,2026-08-19,1850.0,5.0,0.0
all,T:Protection Paladin | H:Holy Priest | D:Devastation Evoker | D:Windwalker Monk | D:Arms Warrior,2,0.63,10.0,33.8,35.8,33.8,-15.883,10.57,1155.0,Voidscar Arena,10,2026-08-18,1233.0,1.5,0.0
all,T:Blood DeathKnight | H:Restoration Shaman | D:BeastMastery Hunter | D:Arcane Mage | D:Arcane Mage,2,0.63,10.0,33.8,33.9,33.8,-15.883,10.57,1190.0,Voidscar Arena,10,2026-08-19,1272.0,4.0,0.0
all,T:Blood DeathKnight | H:Discipline Priest | D:Devastation Evoker | D:Arcane Mage | D:Retribution Paladin,2,0.63,10.5,17.8,20.6,17.8,-15.883,10.57,1429.0,Voidscar Arena,10,2026-08-18,1530.0,8.0,0.0
all,T:Protection Paladin | H:Preservation Evoker | D:Enhancement Shaman | D:Demonology Warlock | D:Arms Warrior,1,0.62,11.0,3.5,3.5,3.5,-15.883,10.57,1969.0,Murder Row,11,2026-08-18,1969.0,13.0,0.0
all,T:Blood DeathKnight | H:Restoration Shaman | D:Devourer DemonHunter | D:Arcane Mage | D:Outlaw Rogue,2,0.62,11.0,2.0,6.3,2.0,-15.883,10.57,1574.0,Ruby Life Pools,11,2026-08-18,1709.0,9.5,0.0
all,T:Blood DeathKnight | H:Holy Paladin | D:Devastation Evoker | D:Arcane Mage | D:Subtlety Rogue,1,0.62,11.0,3.5,3.5,3.5,-15.883,10.57,1738.0,Voidscar Arena,11,2026-08-19,1738.0,10.0,0.0
all,T:Vengeance DemonHunter | H:Restoration Shaman | D:Frost DeathKnight | D:Outlaw Rogue | D:Enhancement Shaman,1,0.62,11.0,3.5,3.5,3.5,-15.883,10.57,1853.0,Den of Nalorakk,11,2026-08-19,1853.0,13.0,0.0
all,T:Guardian Druid | H:Mistweaver Monk | D:Shadow Priest | D:Elemental Shaman | D:Destruction Warlock,1,0.62,11.0,3.5,3.5,3.5,-15.883,10.57,1853.0,Den of Nalorakk,11,2026-08-18,1853.0,4.0,0.0
all,T:Blood DeathKnight | H:Holy Paladin | D:Elemental Shaman | D:Demonology Warlock | D:Arms Warrior,1,0.62,11.0,3.5,3.5,3.5,-15.883,10.57,1621.0,Ruby Life Pools,11,2026-08-19,1621.0,2.0,0.0
all,T:Blood DeathKnight | H:Restoration Shaman | D:Frost DeathKnight | D:Shadow Priest | D:Elemental Shaman,1,0.62,12.0,-28.3,-28.3,-28.3,-15.883,10.57,2310.0,Altar of Fangs,12,2026-08-19,2310.0,17.0,0.0
all,T:Guardian Druid | H:Discipline Priest | D:Feral Druid | D:Marksmanship Hunter | D:Arcane Mage,1,0.62,11.0,3.5,3.5,3.5,-15.883,10.57,1852.0,Temple of Sethraliss,11,2026-08-18,1852.0,6.0,0.0
all,T:Protection Paladin | H:Preservation Evoker | D:Feral Druid | D:Subtlety Rogue | D:Elemental Shaman,1,0.62,11.0,3.5,3.5,3.5,-15.883,10.57,1853.0,Den of Nalorakk,11,2026-08-18,1853.0,7.0,0.0
all,T:Blood DeathKnight | H:Discipline Priest | D:Devourer DemonHunter | D:Elemental Shaman | D:Destruction Warlock,1,0.62,11.0,3.5,3.5,3.5,-15.883,10.57,1969.0,Murder Row,11,2026-08-19,1969.0,9.0,0.0
all,T:Blood DeathKnight | H:Holy Paladin | D:Frost DeathKnight | D:BeastMastery Hunter | D:Fire Mage,1,0.61,11.0,3.4,3.4,3.4,-15.883,10.57,1970.0,Murder Row,11,2026-08-19,1970.0,3.0,0.0
all,T:Guardian Druid | H:Holy Paladin | D:Unholy DeathKnight | D:Survival Hunter | D:Arcane Mage,1,0.61,11.0,3.4,3.4,3.4,-15.883,10.57,1854.0,Temple of Sethraliss,11,2026-08-18,1854.0,10.0,0.0
all,T:Guardian Druid | H:Restoration Shaman | D:Marksmanship Hunter | D:Windwalker Monk | D:Shadow Priest,2,0.61,11.0,1.9,2.9,1.9,-15.883,10.57,1865.0,Temple of Sethraliss,11,2026-08-18,1766.0,5.0,0.0
all,T:Protection Paladin | H:Restoration Shaman | D:Unholy DeathKnight | D:Unholy DeathKnight | D:Frost Mage,1,0.61,11.0,3.4,3.4,3.4,-15.883,10.57,1738.0,The Blinding Vale,11,2026-08-19,1738.0,9.0,0.0
all,T:Protection Paladin | H:Mistweaver Monk | D:Arcane Mage | D:Destruction Warlock | D:Arms Warrior,1,0.61,11.0,3.4,3.4,3.4,-15.883,10.57,1855.0,Den of Nalorakk,11,2026-08-18,1855.0,11.0,0.0
all,T:Blood DeathKnight | H:Restoration Shaman | D:Augmentation Evoker | D:Arcane Mage | D:Arms Warrior,1,0.61,11.0,3.4,3.4,3.4,-15.883,10.57,1739.0,Voidscar Arena,11,2026-08-18,1739.0,11.0,0.0
all,T:Protection Paladin | H:Restoration Shaman | D:BeastMastery Hunter | D:Assassination Rogue | D:Fury Warrior,1,0.61,10.0,35.2,35.2,35.2,-15.883,10.57,1167.0,Voidscar Arena,10,2026-08-18,1167.0,2.0,0.0
all,T:Protection Warrior | H:Holy Paladin | D:Arcane Mage | D:Subtlety Rogue | D:Elemental Shaman,1,0.61,11.0,3.4,3.4,3.4,-15.883,10.57,1854.0,Den of Nalorakk,11,2026-08-18,1854.0,4.0,0.0
all,T:Blood DeathKnight | H:Discipline Priest | D:BeastMastery Hunter | D:Arcane Mage | D:Demonology Warlock,3,0.61,11.0,1.4,13.8,13.6,-15.883,10.57,1758.0,Murder Row,11,2026-08-18,1758.0,10.33,0.0
all,T:Blood DeathKnight | H:Mistweaver Monk | D:Devourer DemonHunter | D:Balance Druid | D:Retribution Paladin,7,0.6,10.1,28.0,43.4,29.4,-15.883,10.57,1156.0,Murder Row,10,2026-08-19,1271.0,5.14,0.0
all,T:Protection Paladin | H:Holy Priest | D:Devastation Evoker | D:Windwalker Monk | D:Shadow Priest,2,0.6,10.5,17.8,23.4,17.8,-15.883,10.57,1517.0,Kings' Rest,10,2026-08-18,1496.0,2.0,0.0
all,T:Protection Paladin | H:Restoration Shaman | D:Frost DeathKnight | D:Balance Druid | D:Arms Warrior,2,0.6,10.5,17.8,21.5,17.8,-15.883,10.57,1508.0,Den of Nalorakk,10,2026-08-18,1580.0,3.5,0.0
all,T:Protection Paladin | H:Restoration Shaman | D:Frost DeathKnight | D:Devourer DemonHunter | D:Enhancement Shaman,1,0.59,11.0,3.3,3.3,3.3,-15.883,10.57,1741.0,Voidscar Arena,11,2026-08-19,1741.0,5.0,0.0
all,T:Brewmaster Monk | H:Preservation Evoker | D:Balance Druid | D:Arcane Mage | D:Demonology Warlock,2,0.59,10.5,17.7,19.2,17.7,-15.883,10.57,1358.0,Ruby Life Pools,11,2026-08-18,1433.0,2.5,0.0
all,T:Blood DeathKnight | H:Restoration Shaman | D:Devourer DemonHunter | D:Arcane Mage | D:Shadow Priest,1,0.59,11.0,3.3,3.3,3.3,-15.883,10.57,1740.0,Altar of Fangs,11,2026-08-19,1740.0,3.0,0.0
all,T:Blood DeathKnight | H:Holy Paladin | D:Balance Druid | D:Retribution Paladin | D:Elemental Shaman,3,0.59,10.7,11.9,18.4,13.7,-15.883,10.57,1616.0,Kings' Rest,10,2026-08-19,1618.0,3.33,0.0
all,T:Blood DeathKnight | H:Preservation Evoker | D:Devourer DemonHunter | D:Devastation Evoker | D:Arcane Mage,1,0.59,10.0,35.1,35.1,35.1,-15.883,10.57,1324.0,Murder Row,10,2026-08-19,1324.0,3.0,0.0
all,T:Guardian Druid | H:Restoration Shaman | D:Frost DeathKnight | D:Fire Mage | D:Assassination Rogue,1,0.59,11.0,3.3,3.3,3.3,-15.883,10.57,1741.0,The Blinding Vale,11,2026-08-18,1741.0,6.0,0.0
all,T:Guardian Druid | H:Discipline Priest | D:Arcane Mage | D:Arcane Mage | D:Demonology Warlock,1,0.59,10.0,35.1,35.1,35.1,-15.883,10.57,1323.0,Murder Row,10,2026-08-19,1323.0,4.0,0.0
all,T:Blood DeathKnight | H:Holy Priest | D:Devourer DemonHunter | D:BeastMastery Hunter | D:Elemental Shaman,3,0.58,11.0,1.3,13.6,11.1,-15.883,10.57,1556.0,Altar of Fangs,10,2026-08-19,1706.0,10.33,0.0
all,T:Blood DeathKnight | H:Restoration Shaman | D:Arcane Mage | D:Retribution Paladin | D:Arms Warrior,9,0.58,10.8,7.7,32.3,17.6,-15.883,10.57,1137.0,Ruby Life Pools,10,2026-08-18,1653.0,5.33,0.0
all,T:Protection Warrior | H:Restoration Shaman | D:Devourer DemonHunter | D:Feral Druid | D:Arms Warrior,2,0.58,10.0,33.6,33.6,33.6,-15.883,10.57,1116.0,Ruby Life Pools,10,2026-08-19,1216.0,1.0,0.0
all,T:Guardian Druid | H:Restoration Shaman | D:Unholy DeathKnight | D:Assassination Rogue | D:Arms Warrior,1,0.58,10.0,35.0,35.0,35.0,-15.883,10.57,1170.0,The Blinding Vale,10,2026-08-18,1170.0,2.0,0.0
all,T:Blood DeathKnight | H:Preservation Evoker | D:Shadow Priest | D:Assassination Rogue | D:Elemental Shaman,1,0.57,11.0,3.2,3.2,3.2,-15.883,10.57,1742.0,The Blinding Vale,11,2026-08-18,1742.0,10.0,0.0
all,T:Guardian Druid | H:Discipline Priest | D:Devastation Evoker | D:Shadow Priest | D:Subtlety Rogue,1,0.57,11.0,3.2,3.2,3.2,-15.883,10.57,1975.0,Murder Row,11,2026-08-18,1975.0,24.0,0.0
all,T:Blood DeathKnight | H:Restoration Shaman | D:Feral Druid | D:Shadow Priest | D:Arms Warrior,1,0.57,12.0,-28.6,-28.6,-28.6,-15.883,10.57,2624.0,Murder Row,12,2026-08-18,2624.0,18.0,0.0
all,T:Protection Paladin | H:Restoration Druid | D:Augmentation Evoker | D:Windwalker Monk | D:Elemental Shaman,1,0.57,11.0,3.2,3.2,3.2,-15.883,10.57,1743.0,The Blinding Vale,11,2026-08-18,1743.0,5.0,0.0
all,T:Blood DeathKnight | H:Restoration Shaman | D:Arcane Mage | D:Retribution Paladin | D:Affliction Warlock,1,0.57,11.0,3.2,3.2,3.2,-15.883,10.57,1743.0,Voidscar Arena,11,2026-08-19,1743.0,5.0,0.0
all,T:Blood DeathKnight | H:Restoration Shaman | D:Unholy DeathKnight | D:Retribution Paladin | D:Arms Warrior,5,0.56,10.6,13.6,24.0,18.2,-15.883,10.57,1459.0,Den of Nalorakk,10,2026-08-19,1570.0,7.4,0.0
all,T:Blood DeathKnight | H:Restoration Shaman | D:Retribution Paladin | D:Shadow Priest | D:Arms Warrior,1,0.56,10.0,34.9,34.9,34.9,-15.883,10.57,1329.0,Murder Row,10,2026-08-18,1329.0,2.0,0.0
all,T:Vengeance DemonHunter | H:Restoration Druid | D:Balance Druid | D:Devastation Evoker | D:Enhancement Shaman,3,0.56,10.3,22.4,31.7,26.0,-15.883,10.57,1393.0,Murder Row,10,2026-08-18,1393.0,4.33,0.0
all,T:Blood DeathKnight | H:Restoration Shaman | D:BeastMastery Hunter | D:Destruction Warlock | D:Arms Warrior,3,0.56,11.0,1.3,21.7,1.8,-15.883,10.57,1410.0,The Blinding Vale,10,2026-08-18,1886.0,12.0,0.0
all,T:Vengeance DemonHunter | H:Restoration Shaman | D:Arcane Mage | D:Assassination Rogue | D:Destruction Warlock,1,0.56,10.0,34.9,34.9,34.9,-15.883,10.57,1172.0,The Blinding Vale,10,2026-08-18,1172.0,3.0,0.0
all,T:Brewmaster Monk | H:Preservation Evoker | D:Unholy DeathKnight | D:BeastMastery Hunter | D:Demonology Warlock,3,0.55,10.3,22.4,24.7,21.9,-15.883,10.57,1446.0,Temple of Sethraliss,10,2026-08-18,1446.0,1.67,0.0
all,T:Blood DeathKnight | H:Restoration Shaman | D:Unholy DeathKnight | D:Balance Druid | D:BeastMastery Hunter,1,0.54,11.0,3.0,3.0,3.0,-15.883,10.57,1747.0,The Blinding Vale,11,2026-08-18,1747.0,8.0,0.0
all,T:Blood DeathKnight | H:Restoration Druid | D:Devourer DemonHunter | D:Frost Mage | D:Affliction Warlock,1,0.54,11.0,3.0,3.0,3.0,-15.883,10.57,1920.0,Kings' Rest,11,2026-08-18,1920.0,11.0,0.0
all,T:Blood DeathKnight | H:Restoration Shaman | D:Devastation Evoker | D:Shadow Priest | D:Subtlety Rogue,2,0.54,10.5,17.6,26.5,17.6,-15.883,10.57,1500.0,Murder Row,10,2026-08-18,1572.0,9.0,0.0
all,T:Blood DeathKnight | H:Restoration Shaman | D:Unholy DeathKnight | D:Windwalker Monk | D:Arms Warrior,2,0.54,10.5,17.6,27.4,17.6,-15.883,10.57,1308.0,The Blinding Vale,10,2026-08-19,1484.0,7.5,0.0
all,T:Blood DeathKnight | H:Restoration Shaman | D:Balance Druid | D:Marksmanship Hunter | D:Arms Warrior,1,0.54,11.0,3.0,3.0,3.0,-15.883,10.57,1863.0,Den of Nalorakk,11,2026-08-18,1863.0,5.0,0.0
all,T:Protection Paladin | H:Restoration Shaman | D:Marksmanship Hunter | D:Marksmanship Hunter | D:Destruction Warlock,1,0.54,11.0,3.0,3.0,3.0,-15.883,10.57,1921.0,Kings' Rest,11,2026-08-19,1921.0,8.0,0.0
all,T:Protection Warrior | H:Holy Priest | D:Arcane Mage | D:Affliction Warlock | D:Arms Warrior,1,0.54,11.0,3.0,3.0,3.0,-15.883,10.57,1863.0,Den of Nalorakk,11,2026-08-18,1863.0,3.0,0.0
all,T:Blood DeathKnight | H:Restoration Druid | D:Devourer DemonHunter | D:Retribution Paladin | D:Arms Warrior,1,0.54,11.0,3.0,3.0,3.0,-15.883,10.57,1630.0,Ruby Life Pools,11,2026-08-18,1630.0,24.0,0.0
all,T:Protection Warrior | H:Restoration Shaman | D:BeastMastery Hunter | D:Retribution Paladin | D:Arms Warrior,1,0.54,11.0,3.0,3.0,3.0,-15.883,10.57,1862.0,Temple of Sethraliss,11,2026-08-19,1862.0,4.0,0.0
all,T:Protection Paladin | H:Holy Paladin | D:Marksmanship Hunter | D:Subtlety Rogue | D:Fury Warrior,1,0.54,11.0,3.0,3.0,3.0,-15.883,10.57,1746.0,Voidscar Arena,11,2026-08-18,1746.0,5.0,0.0
all,T:Blood DeathKnight | H:Restoration Shaman | D:Augmentation Evoker | D:Windwalker Monk | D:Fury Warrior,1,0.54,11.0,3.0,3.0,3.0,-15.883,10.57,1863.0,Den of Nalorakk,11,2026-08-19,1863.0,12.0,0.0
all,T:Guardian Druid | H:Holy Paladin | D:Arcane Mage | D:Retribution Paladin | D:Arms Warrior,2,0.51,10.5,17.4,23.7,17.4,-15.883,10.57,1282.0,Ruby Life Pools,10,2026-08-18,1546.0,2.5,0.0
all,T:Protection Paladin | H:Discipline Priest | D:Frost DeathKnight | D:Survival Hunter | D:Arms Warrior,1,0.51,11.0,2.8,2.8,2.8,-15.883,10.57,1749.0,The Blinding Vale,11,2026-08-19,1749.0,9.0,0.0
all,T:Blood DeathKnight | H:Mistweaver Monk | D:Balance Druid | D:Marksmanship Hunter | D:Arcane Mage,2,0.51,10.0,33.3,36.4,33.3,-15.883,10.57,1145.0,Voidscar Arena,10,2026-08-18,1242.0,4.0,0.0
all,T:Blood DeathKnight | H:Restoration Shaman | D:Marksmanship Hunter | D:Arms Warrior | D:Arms Warrior,2,0.5,10.5,17.4,25.5,17.4,-15.883,10.57,1520.0,Murder Row,10,2026-08-18,1630.0,10.0,0.0
all,T:Protection Warrior | H:Holy Priest | D:BeastMastery Hunter | D:Outlaw Rogue | D:Enhancement Shaman,1,0.49,11.0,2.7,2.7,2.7,-15.883,10.57,1869.0,Temple of Sethraliss,11,2026-08-19,1869.0,5.0,0.0
all,T:Guardian Druid | H:Restoration Druid | D:Marksmanship Hunter | D:Marksmanship Hunter | D:Retribution Paladin,1,0.49,11.0,2.7,2.7,2.7,-15.883,10.57,1635.0,Ruby Life Pools,11,2026-08-18,1635.0,17.0,0.0
all,T:Blood DeathKnight | H:Restoration Shaman | D:Balance Druid | D:Elemental Shaman | D:Demonology Warlock,1,0.49,10.0,34.5,34.5,34.5,-15.883,10.57,1298.0,Kings' Rest,10,2026-08-19,1298.0,0.0,0.0
all,T:Blood DeathKnight | H:Restoration Shaman | D:Unholy DeathKnight | D:Devastation Evoker | D:Elemental Shaman,1,0.49,11.0,2.7,2.7,2.7,-15.883,10.57,1752.0,Voidscar Arena,11,2026-08-18,1752.0,5.0,0.0
all,T:Blood DeathKnight | H:Holy Paladin | D:Retribution Paladin | D:Assassination Rogue | D:Arms Warrior,1,0.49,10.0,34.5,34.5,34.5,-15.883,10.57,1180.0,The Blinding Vale,10,2026-08-18,1180.0,2.0,0.0
all,T:Blood DeathKnight | H:Holy Paladin | D:Frost DeathKnight | D:Arcane Mage | D:Arcane Mage,1,0.48,10.0,34.4,34.4,34.4,-15.883,10.57,1337.0,Murder Row,10,2026-08-18,1337.0,0.0,0.0
all,T:Blood DeathKnight | H:Holy Priest | D:BeastMastery Hunter | D:Arcane Mage | D:Demonology Warlock,3,0.48,10.7,11.6,21.3,10.3,-15.883,10.57,1558.0,Kings' Rest,10,2026-08-18,1615.0,8.33,0.0
all,T:Vengeance DemonHunter | H:Mistweaver Monk | D:Balance Druid | D:Marksmanship Hunter | D:Outlaw Rogue,1,0.47,11.0,2.6,2.6,2.6,-15.883,10.57,1929.0,Kings' Rest,11,2026-08-18,1929.0,13.0,0.0
all,T:Blood DeathKnight | H:Restoration Shaman | D:Arcane Mage | D:Retribution Paladin | D:Assassination Rogue,1,0.47,11.0,2.6,2.6,2.6,-15.883,10.57,1870.0,Den of Nalorakk,11,2026-08-19,1870.0,2.0,0.0
all,T:Blood DeathKnight | H:Restoration Druid | D:Devastation Evoker | D:BeastMastery Hunter | D:Elemental Shaman,1,0.47,11.0,2.6,2.6,2.6,-15.883,10.57,1929.0,Kings' Rest,11,2026-08-19,1929.0,15.0,0.0
all,T:Blood DeathKnight | H:Restoration Druid | D:Devastation Evoker | D:Frost Mage | D:Subtlety Rogue,1,0.47,11.0,2.6,2.6,2.6,-15.883,10.57,1753.0,Voidscar Arena,11,2026-08-19,1753.0,11.0,0.0
all,T:Blood DeathKnight | H:Discipline Priest | D:Havoc DemonHunter | D:Marksmanship Hunter | D:Demonology Warlock,2,0.47,11.0,1.4,1.6,1.4,-15.883,10.57,1771.0,Voidscar Arena,11,2026-08-18,1893.0,8.0,0.0
all,T:Protection Warrior | H:Holy Paladin | D:Marksmanship Hunter | D:Retribution Paladin | D:Arms Warrior,1,0.47,11.0,2.6,2.6,2.6,-15.883,10.57,1753.0,The Blinding Vale,11,2026-08-19,1753.0,5.0,0.0
all,T:Protection Paladin | H:Mistweaver Monk | D:Retribution Paladin | D:Enhancement Shaman | D:Arms Warrior,1,0.47,11.0,2.6,2.6,2.6,-15.883,10.57,1870.0,Den of Nalorakk,11,2026-08-19,1870.0,8.0,0.0
all,T:Guardian Druid | H:Mistweaver Monk | D:BeastMastery Hunter | D:Arcane Mage | D:Demonology Warlock,2,0.47,10.5,17.3,29.3,17.3,-15.883,10.57,1272.0,The Blinding Vale,10,2026-08-18,1545.0,10.0,0.0
all,T:Guardian Druid | H:Holy Paladin | D:Devourer DemonHunter | D:Balance Druid | D:Arcane Mage,1,0.47,11.0,2.6,2.6,2.6,-15.883,10.57,1987.0,Murder Row,11,2026-08-18,1987.0,7.0,0.0
all,T:Blood DeathKnight | H:Discipline Priest | D:Subtlety Rogue | D:Elemental Shaman | D:Affliction Warlock,1,0.47,11.0,2.6,2.6,2.6,-15.883,10.57,1869.0,Temple of Sethraliss,11,2026-08-19,1869.0,4.0,0.0
all,T:Protection Paladin | H:Restoration Shaman | D:Frost DeathKnight | D:Survival Hunter | D:Shadow Priest,1,0.46,11.0,2.5,2.5,2.5,-15.883,10.57,1637.0,Ruby Life Pools,11,2026-08-19,1637.0,3.0,0.0
all,T:Protection Paladin | H:Restoration Shaman | D:Devastation Evoker | D:Marksmanship Hunter | D:Windwalker Monk,2,0.46,10.0,33.2,33.3,33.2,-15.883,10.57,1282.0,Temple of Sethraliss,10,2026-08-19,1244.0,1.5,0.0
all,T:Protection Paladin | H:Restoration Shaman | D:Balance Druid | D:Arms Warrior | D:Arms Warrior,1,0.46,11.0,2.5,2.5,2.5,-15.883,10.57,1754.0,Voidscar Arena,11,2026-08-19,1754.0,10.0,0.0
all,T:Protection Paladin | H:Mistweaver Monk | D:Augmentation Evoker | D:Arcane Mage | D:Subtlety Rogue,1,0.46,11.0,2.5,2.5,2.5,-15.883,10.57,1872.0,Den of Nalorakk,11,2026-08-18,1872.0,7.0,0.0
all,T:Blood DeathKnight | H:Mistweaver Monk | D:Havoc DemonHunter | D:Assassination Rogue | D:Demonology Warlock,1,0.46,10.0,34.3,34.3,34.3,-15.883,10.57,1183.0,Voidscar Arena,10,2026-08-19,1183.0,3.0,0.0
all,T:Blood DeathKnight | H:Restoration Druid | D:Marksmanship Hunter | D:Shadow Priest | D:Arms Warrior,1,0.46,11.0,2.5,2.5,2.5,-15.883,10.57,1931.0,Kings' Rest,11,2026-08-18,1931.0,5.0,0.0
all,T:Blood DeathKnight | H:Discipline Priest | D:Windwalker Monk | D:Arms Warrior | D:Arms Warrior,1,0.46,11.0,2.5,2.5,2.5,-15.883,10.57,1930.0,Kings' Rest,11,2026-08-18,1930.0,7.0,0.0
all,T:Vengeance DemonHunter | H:Holy Paladin | D:Augmentation Evoker | D:Retribution Paladin | D:Destruction Warlock,3,0.45,10.7,11.6,21.3,7.8,-15.883,10.57,1558.0,Kings' Rest,10,2026-08-18,1699.0,4.0,0.0
all,T:Protection Paladin | H:Preservation Evoker | D:Unholy DeathKnight | D:Balance Druid | D:Shadow Priest,4,0.45,10.2,24.6,26.6,25.5,-15.883,10.57,1321.0,Voidscar Arena,10,2026-08-18,1390.0,2.5,0.0
all,T:Guardian Druid | H:Discipline Priest | D:Feral Druid | D:Shadow Priest | D:Enhancement Shaman,1,0.44,11.0,2.4,2.4,2.4,-15.883,10.57,1874.0,Temple of Sethraliss,11,2026-08-18,1874.0,9.0,0.0
all,T:Blood DeathKnight | H:Restoration Shaman | D:Unholy DeathKnight | D:Devourer DemonHunter | D:Enhancement Shaman,2,0.44,10.5,17.2,20.6,17.2,-15.883,10.57,1525.0,Den of Nalorakk,10,2026-08-19,1590.0,4.0,0.0
all,T:Blood DeathKnight | H:Holy Paladin | D:Windwalker Monk | D:Assassination Rogue | D:Elemental Shaman,1,0.44,11.0,2.4,2.4,2.4,-15.883,10.57,1756.0,The Blinding Vale,11,2026-08-18,1756.0,8.0,0.0
all,T:Guardian Druid | H:Mistweaver Monk | D:Shadow Priest | D:Elemental Shaman | D:Demonology Warlock,6,0.44,10.3,21.8,31.9,23.0,-15.883,10.57,1226.0,Voidscar Arena,10,2026-08-19,1478.0,2.5,0.0
all,T:Guardian Druid | H:Mistweaver Monk | D:Devourer DemonHunter | D:Elemental Shaman | D:Demonology Warlock,1,0.44,11.0,2.4,2.4,2.4,-15.883,10.57,1873.0,Temple of Sethraliss,11,2026-08-19,1873.0,9.0,0.0
all,T:Protection Paladin | H:Discipline Priest | D:Devourer DemonHunter | D:Retribution Paladin | D:Elemental Shaman,1,0.44,11.0,2.4,2.4,2.4,-15.883,10.57,1756.0,Voidscar Arena,11,2026-08-18,1756.0,4.0,0.0
all,T:Protection Paladin | H:Restoration Shaman | D:Unholy DeathKnight | D:Augmentation Evoker | D:Arcane Mage,1,0.44,11.0,2.4,2.4,2.4,-15.883,10.57,1874.0,Temple of Sethraliss,11,2026-08-18,1874.0,5.0,0.0
all,T:Blood DeathKnight | H:Mistweaver Monk | D:Devourer DemonHunter | D:Arcane Mage | D:Windwalker Monk,1,0.44,11.0,2.4,2.4,2.4,-15.883,10.57,1932.0,Kings' Rest,11,2026-08-18,1932.0,10.0,0.0
all,T:Blood DeathKnight | H:Restoration Shaman | D:Balance Druid | D:Feral Druid | D:Marksmanship Hunter,1,0.44,11.0,2.4,2.4,2.4,-15.883,10.57,1639.0,Ruby Life Pools,11,2026-08-18,1639.0,2.0,0.0
all,T:Blood DeathKnight | H:Discipline Priest | D:Devourer DemonHunter | D:Devastation Evoker | D:BeastMastery Hunter,2,0.43,10.5,17.2,31.0,17.2,-15.883,10.57,1408.0,Murder Row,10,2026-08-18,1574.0,8.5,0.0
all,T:Vengeance DemonHunter | H:Holy Paladin | D:Unholy DeathKnight | D:Retribution Paladin | D:Arms Warrior,1,0.42,11.0,2.3,2.3,2.3,-15.883,10.57,1758.0,The Blinding Vale,11,2026-08-18,1758.0,2.0,0.0
all,T:Brewmaster Monk | H:Restoration Shaman | D:Arcane Mage | D:Demonology Warlock | D:Arms Warrior,1,0.42,11.0,2.3,2.3,2.3,-15.883,10.57,1642.0,Ruby Life Pools,11,2026-08-19,1642.0,15.0,0.0
all,T:Vengeance DemonHunter | H:Preservation Evoker | D:Arcane Mage | D:Shadow Priest | D:Demonology Warlock,3,0.42,10.3,22.1,29.6,18.4,-15.883,10.57,1437.0,Murder Row,10,2026-08-19,1472.0,5.0,0.0
all,T:Protection Paladin | H:Holy Priest | D:Frost Mage | D:Shadow Priest | D:Demonology Warlock,1,0.42,11.0,2.3,2.3,2.3,-15.883,10.57,1875.0,Den of Nalorakk,11,2026-08-18,1875.0,16.0,0.0
all,T:Protection Paladin | H:Restoration Shaman | D:Frost DeathKnight | D:BeastMastery Hunter | D:Enhancement Shaman,1,0.42,11.0,2.3,2.3,2.3,-15.883,10.57,1758.0,The Blinding Vale,11,2026-08-19,1758.0,12.0,0.0
all,T:Blood DeathKnight | H:Holy Paladin | D:Havoc DemonHunter | D:BeastMastery Hunter | D:Destruction Warlock,1,0.41,11.0,2.2,2.2,2.2,-15.883,10.57,1644.0,Ruby Life Pools,11,2026-08-19,1644.0,8.0,0.0
all,T:Guardian Druid | H:Restoration Druid | D:Devourer DemonHunter | D:Arms Warrior | D:Arms Warrior,1,0.41,10.0,34.0,34.0,34.0,-15.883,10.57,1189.0,Voidscar Arena,10,2026-08-18,1189.0,3.0,0.0
all,T:Vengeance DemonHunter | H:Discipline Priest | D:Arcane Mage | D:Frost Mage | D:Destruction Warlock,1,0.41,10.0,34.0,34.0,34.0,-15.883,10.57,1347.0,Murder Row,10,2026-08-18,1347.0,1.0,0.0
all,T:Vengeance DemonHunter | H:Holy Paladin | D:Devastation Evoker | D:Arcane Mage | D:Shadow Priest,1,0.41,10.0,34.0,34.0,34.0,-15.883,10.57,1346.0,Murder Row,10,2026-08-19,1346.0,0.0,0.0
all,T:Blood DeathKnight | H:Restoration Shaman | D:Feral Druid | D:Devastation Evoker | D:Assassination Rogue,1,0.41,11.0,2.2,2.2,2.2,-15.883,10.57,1877.0,Den of Nalorakk,11,2026-08-19,1877.0,7.0,0.0
all,T:Blood DeathKnight | H:Restoration Druid | D:BeastMastery Hunter | D:Arcane Mage | D:Arms Warrior,2,0.4,10.5,17.0,25.8,17.0,-15.883,10.57,1425.0,Den of Nalorakk,10,2026-08-19,1594.0,4.5,0.0
all,T:Blood DeathKnight | H:Discipline Priest | D:Arcane Mage | D:Subtlety Rogue | D:Arms Warrior,4,0.39,10.8,8.6,18.5,12.9,-15.883,10.57,1467.0,The Blinding Vale,11,2026-08-18,1700.0,10.25,0.0
all,T:Vengeance DemonHunter | H:Restoration Druid | D:Unholy DeathKnight | D:Arcane Mage | D:Shadow Priest,1,0.39,11.0,2.1,2.1,2.1,-15.883,10.57,1996.0,Murder Row,11,2026-08-19,1996.0,5.0,0.0
all,T:Protection Paladin | H:Restoration Druid | D:BeastMastery Hunter | D:Shadow Priest | D:Demonology Warlock,2,0.39,10.5,17.0,22.5,17.0,-15.883,10.57,1582.0,Murder Row,10,2026-08-18,1694.0,3.5,0.0
all,T:Vengeance DemonHunter | H:Holy Paladin | D:Arcane Mage | D:Elemental Shaman | D:Demonology Warlock,1,0.39,11.0,2.1,2.1,2.1,-15.883,10.57,1763.0,Altar of Fangs,11,2026-08-18,1763.0,5.0,0.0
all,T:Protection Paladin | H:Preservation Evoker | D:Devourer DemonHunter | D:Feral Druid | D:Windwalker Monk,1,0.39,11.0,2.1,2.1,2.1,-15.883,10.57,1880.0,Temple of Sethraliss,11,2026-08-18,1880.0,12.0,0.0
all,T:Blood DeathKnight | H:Restoration Shaman | D:Arcane Mage | D:Subtlety Rogue | D:Destruction Warlock,1,0.39,11.0,2.1,2.1,2.1,-15.883,10.57,1880.0,Temple of Sethraliss,11,2026-08-18,1880.0,14.0,0.0
all,T:Protection Warrior | H:Restoration Shaman | D:Havoc DemonHunter | D:Elemental Shaman | D:Elemental Shaman,1,0.39,10.0,33.9,33.9,33.9,-15.883,10.57,1349.0,Murder Row,10,2026-08-19,1349.0,1.0,0.0
all,T:Protection Paladin | H:Restoration Druid | D:BeastMastery Hunter | D:Arcane Mage | D:Demonology Warlock,1,0.39,11.0,2.1,2.1,2.1,-15.883,10.57,1880.0,Temple of Sethraliss,11,2026-08-18,1880.0,10.0,0.0
all,T:Guardian Druid | H:Restoration Shaman | D:Unholy DeathKnight | D:Devourer DemonHunter | D:Retribution Paladin,1,0.39,11.0,2.1,2.1,2.1,-15.883,10.57,1645.0,Ruby Life Pools,11,2026-08-18,1645.0,6.0,0.0
all,T:Blood DeathKnight | H:Restoration Shaman | D:Unholy DeathKnight | D:Arcane Mage | D:Elemental Shaman,2,0.39,10.5,17.0,22.1,17.0,-15.883,10.57,1403.0,Voidscar Arena,10,2026-08-18,1547.0,2.0,0.0
all,T:Blood DeathKnight | H:Restoration Druid | D:Devastation Evoker | D:Shadow Priest | D:Subtlety Rogue,2,0.39,10.5,17.0,27.8,17.0,-15.883,10.57,1472.0,Murder Row,10,2026-08-18,1580.0,2.0,0.0
all,T:Protection Paladin | H:Preservation Evoker | D:Marksmanship Hunter | D:Arcane Mage | D:Arms Warrior,3,0.38,10.3,22.0,28.6,22.0,-15.883,10.57,1370.0,Temple of Sethraliss,10,2026-08-18,1404.0,7.67,0.0
all,T:Blood DeathKnight | H:Holy Paladin | D:Devastation Evoker | D:Elemental Shaman | D:Destruction Warlock,1,0.37,11.0,2.0,2.0,2.0,-15.883,10.57,1881.0,Den of Nalorakk,11,2026-08-18,1881.0,2.0,0.0
all,T:Vengeance DemonHunter | H:Holy Paladin | D:Feral Druid | D:Augmentation Evoker | D:Assassination Rogue,1,0.37,11.0,2.0,2.0,2.0,-15.883,10.57,1882.0,Den of Nalorakk,11,2026-08-19,1882.0,2.0,0.0
all,T:Vengeance DemonHunter | H:Discipline Priest | D:Unholy DeathKnight | D:BeastMastery Hunter | D:Enhancement Shaman,1,0.36,11.0,1.9,1.9,1.9,-15.883,10.57,1883.0,Den of Nalorakk,11,2026-08-19,1883.0,3.0,0.0
all,T:Vengeance DemonHunter | H:Holy Priest | D:Arcane Mage | D:Windwalker Monk | D:Arms Warrior,5,0.36,10.2,25.9,34.1,24.5,-15.883,10.57,1187.0,Voidscar Arena,10,2026-08-19,1449.0,4.4,0.0
all,T:Blood DeathKnight | H:Mistweaver Monk | D:Devourer DemonHunter | D:Devourer DemonHunter | D:Demonology Warlock,1,0.36,10.0,33.7,33.7,33.7,-15.883,10.57,1193.0,Voidscar Arena,10,2026-08-18,1193.0,0.0,0.0
all,T:Blood DeathKnight | H:Holy Paladin | D:Devourer DemonHunter | D:Windwalker Monk | D:Elemental Shaman,1,0.36,11.0,1.9,1.9,1.9,-15.883,10.57,1884.0,Den of Nalorakk,11,2026-08-19,1884.0,13.0,0.0
all,T:Protection Warrior | H:Holy Paladin | D:Retribution Paladin | D:Assassination Rogue | D:Enhancement Shaman,1,0.36,10.0,33.7,33.7,33.7,-15.883,10.57,1194.0,The Blinding Vale,10,2026-08-18,1194.0,0.0,0.0
all,T:Blood DeathKnight | H:Restoration Shaman | D:Balance Druid | D:Shadow Priest | D:Demonology Warlock,1,0.36,11.0,1.9,1.9,1.9,-15.883,10.57,1766.0,Altar of Fangs,11,2026-08-18,1766.0,3.0,0.0
all,T:Guardian Druid | H:Mistweaver Monk | D:Balance Druid | D:Arcane Mage | D:Outlaw Rogue,1,0.36,11.0,1.9,1.9,1.9,-15.883,10.57,2001.0,Murder Row,11,2026-08-19,2001.0,1.0,0.0
all,T:Vengeance DemonHunter | H:Mistweaver Monk | D:Unholy DeathKnight | D:Shadow Priest | D:Demonology Warlock,1,0.36,11.0,1.9,1.9,1.9,-15.883,10.57,1766.0,Voidscar Arena,11,2026-08-18,1766.0,9.0,0.0
all,T:Blood DeathKnight | H:Holy Priest | D:Devourer DemonHunter | D:Survival Hunter | D:Retribution Paladin,1,0.36,11.0,1.9,1.9,1.9,-15.883,10.57,2001.0,Murder Row,11,2026-08-19,2001.0,5.0,0.0
all,T:Guardian Druid | H:Restoration Shaman | D:Augmentation Evoker | D:Retribution Paladin | D:Demonology Warlock,1,0.36,10.0,33.7,33.7,33.7,-15.883,10.57,1194.0,Voidscar Arena,10,2026-08-18,1194.0,2.0,0.0
all,T:Blood DeathKnight | H:Discipline Priest | D:Arcane Mage | D:Elemental Shaman | D:Arms Warrior,1,0.36,11.0,1.9,1.9,1.9,-15.883,10.57,1648.0,Ruby Life Pools,11,2026-08-18,1648.0,20.0,0.0
all,T:Protection Paladin | H:Discipline Priest | D:Unholy DeathKnight | D:Feral Druid | D:Arcane Mage,1,0.36,11.0,1.9,1.9,1.9,-15.883,10.57,2001.0,Murder Row,11,2026-08-19,2001.0,8.0,0.0
all,T:Protection Paladin | H:Restoration Shaman | D:Havoc DemonHunter | D:Arcane Mage | D:Arms Warrior,5,0.35,10.4,19.5,24.5,21.9,-15.883,10.57,1360.0,Voidscar Arena,10,2026-08-18,1513.0,2.0,0.0
all,T:Protection Paladin | H:Discipline Priest | D:Devourer DemonHunter | D:Arcane Mage | D:Demonology Warlock,1,0.34,11.0,1.8,1.8,1.8,-15.883,10.57,1768.0,The Blinding Vale,11,2026-08-19,1768.0,8.0,0.0
all,T:Blood DeathKnight | H:Holy Paladin | D:Devourer DemonHunter | D:Devastation Evoker | D:Frost Mage,1,0.34,10.0,33.6,33.6,33.6,-15.883,10.57,1314.0,Kings' Rest,10,2026-08-18,1314.0,2.0,0.0
all,T:Vengeance DemonHunter | H:Holy Paladin | D:Balance Druid | D:Frost Mage | D:Demonology Warlock,1,0.34,10.0,33.6,33.6,33.6,-15.883,10.57,1275.0,Temple of Sethraliss,10,2026-08-18,1275.0,2.0,0.0
all,T:Blood DeathKnight | H:Holy Priest | D:Marksmanship Hunter | D:Arcane Mage | D:Arms Warrior,1,0.34,11.0,1.8,1.8,1.8,-15.883,10.57,2004.0,Murder Row,11,2026-08-19,2004.0,13.0,0.0
all,T:Blood DeathKnight | H:Discipline Priest | D:Havoc DemonHunter | D:Balance Druid | D:Retribution Paladin,2,0.34,10.5,16.8,17.9,16.8,-15.883,10.57,1478.0,Voidscar Arena,10,2026-08-19,1547.0,3.5,0.0
all,T:Protection Warrior | H:Restoration Shaman | D:Marksmanship Hunter | D:Survival Hunter | D:Elemental Shaman,2,0.33,10.5,16.8,28.3,16.8,-15.883,10.57,1291.0,The Blinding Vale,10,2026-08-18,1498.0,6.0,0.0
all,T:Protection Warrior | H:Preservation Evoker | D:Marksmanship Hunter | D:Subtlety Rogue | D:Arms Warrior,1,0.33,10.0,33.5,33.5,33.5,-15.883,10.57,1357.0,Murder Row,10,2026-08-19,1357.0,9.0,0.0
all,T:Guardian Druid | H:Restoration Druid | D:Devastation Evoker | D:Arcane Mage | D:Affliction Warlock,1,0.33,10.0,33.5,33.5,33.5,-15.883,10.57,1357.0,Murder Row,10,2026-08-18,1357.0,2.0,0.0
all,T:Brewmaster Monk | H:Restoration Druid | D:Demonology Warlock | D:Arms Warrior | D:Arms Warrior,1,0.32,11.0,1.7,1.7,1.7,-15.883,10.57,1947.0,Kings' Rest,11,2026-08-18,1947.0,22.0,0.0
all,T:Blood DeathKnight | H:Discipline Priest | D:Retribution Paladin | D:Elemental Shaman | D:Destruction Warlock,1,0.32,11.0,1.7,1.7,1.7,-15.883,10.57,1652.0,Ruby Life Pools,11,2026-08-18,1652.0,7.0,0.0
all,T:Blood DeathKnight | H:Holy Priest | D:Unholy DeathKnight | D:Arcane Mage | D:Retribution Paladin,1,0.32,11.0,1.7,1.7,1.7,-15.883,10.57,1651.0,Ruby Life Pools,11,2026-08-19,1651.0,5.0,0.0
all,T:Blood DeathKnight | H:Holy Priest | D:BeastMastery Hunter | D:Elemental Shaman | D:Arms Warrior,3,0.32,10.3,21.8,28.3,22.1,-15.883,10.57,1376.0,Temple of Sethraliss,10,2026-08-18,1402.0,1.67,0.0
all,T:Protection Warrior | H:Restoration Shaman | D:Windwalker Monk | D:Retribution Paladin | D:Subtlety Rogue,1,0.32,11.0,1.7,1.7,1.7,-15.883,10.57,1946.0,Kings' Rest,11,2026-08-18,1946.0,13.0,0.0
all,T:Guardian Druid | H:Holy Paladin | D:BeastMastery Hunter | D:Windwalker Monk | D:Enhancement Shaman,1,0.32,11.0,1.7,1.7,1.7,-15.883,10.57,1946.0,Kings' Rest,11,2026-08-19,1946.0,7.0,0.0
all,T:Protection Warrior | H:Restoration Shaman | D:BeastMastery Hunter | D:Windwalker Monk | D:Outlaw Rogue,1,0.32,11.0,1.7,1.7,1.7,-15.883,10.57,1888.0,Temple of Sethraliss,11,2026-08-18,1888.0,13.0,0.0
all,T:Protection Paladin | H:Restoration Shaman | D:Balance Druid | D:Devastation Evoker | D:Destruction Warlock,1,0.32,11.0,1.7,1.7,1.7,-15.883,10.57,1888.0,Den of Nalorakk,11,2026-08-18,1888.0,9.0,0.0
all,T:Brewmaster Monk | H:Restoration Shaman | D:Unholy DeathKnight | D:BeastMastery Hunter | D:Subtlety Rogue,3,0.31,10.3,21.8,30.3,24.3,-15.883,10.57,1170.0,Ruby Life Pools,10,2026-08-18,1363.0,0.0,0.0
all,T:Blood DeathKnight | H:Holy Paladin | D:Unholy DeathKnight | D:BeastMastery Hunter | D:Destruction Warlock,1,0.31,11.0,1.6,1.6,1.6,-15.883,10.57,1888.0,Den of Nalorakk,11,2026-08-18,1888.0,3.0,0.0
all,T:Vengeance DemonHunter | H:Holy Paladin | D:Balance Druid | D:Windwalker Monk | D:Assassination Rogue,1,0.31,10.0,33.4,33.4,33.4,-15.883,10.57,1198.0,Altar of Fangs,10,2026-08-19,1198.0,0.0,0.0
all,T:Protection Paladin | H:Preservation Evoker | D:Devourer DemonHunter | D:Marksmanship Hunter | D:Windwalker Monk,1,0.31,11.0,1.6,1.6,1.6,-15.883,10.57,1949.0,Kings' Rest,11,2026-08-19,1949.0,9.0,0.0
all,T:Protection Paladin | H:Mistweaver Monk | D:Devastation Evoker | D:Frost Mage | D:Windwalker Monk,1,0.31,11.0,1.6,1.6,1.6,-15.883,10.57,1653.0,Ruby Life Pools,11,2026-08-19,1653.0,4.0,0.0
all,T:Protection Warrior | H:Discipline Priest | D:Unholy DeathKnight | D:Arcane Mage | D:Demonology Warlock,1,0.31,10.0,33.4,33.4,33.4,-15.883,10.57,1359.0,Murder Row,10,2026-08-18,1359.0,0.0,0.0
all,T:Vengeance DemonHunter | H:Holy Paladin | D:Frost DeathKnight | D:Augmentation Evoker | D:Destruction Warlock,1,0.31,11.0,1.6,1.6,1.6,-15.883,10.57,1948.0,Kings' Rest,11,2026-08-18,1948.0,1.0,0.0
all,T:Protection Warrior | H:Mistweaver Monk | D:Unholy DeathKnight | D:BeastMastery Hunter | D:Elemental Shaman,1,0.31,10.0,33.4,33.4,33.4,-15.883,10.57,1318.0,Kings' Rest,10,2026-08-18,1318.0,2.0,0.0
all,T:Guardian Druid | H:Restoration Shaman | D:Retribution Paladin | D:Retribution Paladin | D:Arms Warrior,3,0.3,10.0,32.3,38.0,34.0,-15.883,10.57,1117.0,Voidscar Arena,10,2026-08-18,1267.0,2.33,0.0
all,T:Brewmaster Monk | H:Holy Paladin | D:Devourer DemonHunter | D:Devastation Evoker | D:Arms Warrior,4,0.29,10.8,8.4,27.1,14.0,-15.883,10.57,1399.0,Temple of Sethraliss,10,2026-08-19,1654.0,5.75,0.0
all,T:Blood DeathKnight | H:Holy Paladin | D:Devastation Evoker | D:Arcane Mage | D:Elemental Shaman,1,0.29,11.0,1.5,1.5,1.5,-15.883,10.57,1773.0,The Blinding Vale,11,2026-08-18,1773.0,16.0,0.0
all,T:Vengeance DemonHunter | H:Holy Paladin | D:Retribution Paladin | D:Elemental Shaman | D:Demonology Warlock,1,0.29,11.0,1.5,1.5,1.5,-15.883,10.57,1655.0,Ruby Life Pools,11,2026-08-19,1655.0,1.0,0.0
all,T:Protection Paladin | H:Mistweaver Monk | D:Unholy DeathKnight | D:Windwalker Monk | D:Elemental Shaman,2,0.29,10.5,16.6,22.9,16.6,-15.883,10.57,1296.0,Ruby Life Pools,10,2026-08-19,1454.0,2.0,0.0
all,T:Protection Paladin | H:Discipline Priest | D:Unholy DeathKnight | D:Arcane Mage | D:Retribution Paladin,1,0.29,11.0,1.5,1.5,1.5,-15.883,10.57,1773.0,Altar of Fangs,11,2026-08-19,1773.0,3.0,0.0
all,T:Blood DeathKnight | H:Discipline Priest | D:Unholy DeathKnight | D:Balance Druid | D:BeastMastery Hunter,2,0.29,10.5,16.6,25.5,16.6,-15.883,10.57,1251.0,Ruby Life Pools,10,2026-08-18,1510.0,5.5,0.0
all,T:Protection Paladin | H:Discipline Priest | D:Unholy DeathKnight | D:Devourer DemonHunter | D:Arms Warrior,7,0.29,10.3,23.0,31.9,21.1,-15.883,10.57,1307.0,Temple of Sethraliss,10,2026-08-18,1420.0,4.57,0.0
all,T:Protection Paladin | H:Restoration Shaman | D:Unholy DeathKnight | D:Retribution Paladin | D:Fury Warrior,1,0.29,10.0,33.3,33.3,33.3,-15.883,10.57,1120.0,Ruby Life Pools,10,2026-08-18,1120.0,0.0,0.0
all,T:Blood DeathKnight | H:Restoration Shaman | D:Frost DeathKnight | D:Devastation Evoker | D:Survival Hunter,1,0.29,11.0,1.5,1.5,1.5,-15.883,10.57,1654.0,Ruby Life Pools,11,2026-08-18,1654.0,3.0,0.0
all,T:Blood DeathKnight | H:Restoration Shaman | D:Devourer DemonHunter | D:Balance Druid | D:Marksmanship Hunter,3,0.28,10.7,11.1,15.3,15.1,-15.883,10.57,1676.0,Kings' Rest,11,2026-08-18,1676.0,14.33,0.0
all,T:Blood DeathKnight | H:Discipline Priest | D:Devastation Evoker | D:Subtlety Rogue | D:Demonology Warlock,1,0.27,11.0,1.4,1.4,1.4,-15.883,10.57,1776.0,The Blinding Vale,11,2026-08-18,1776.0,9.0,0.0
all,T:Protection Warrior | H:Preservation Evoker | D:Retribution Paladin | D:Subtlety Rogue | D:Elemental Shaman,1,0.27,11.0,1.4,1.4,1.4,-15.883,10.57,1774.0,Voidscar Arena,11,2026-08-18,1774.0,16.0,0.0
all,T:Protection Warrior | H:Restoration Shaman | D:BeastMastery Hunter | D:Arcane Mage | D:Arms Warrior,2,0.27,10.5,16.6,22.3,16.6,-15.883,10.57,1399.0,The Blinding Vale,10,2026-08-19,1502.0,4.0,0.0
all,T:Blood DeathKnight | H:Holy Paladin | D:Marksmanship Hunter | D:Shadow Priest | D:Demonology Warlock,2,0.27,10.5,16.6,21.5,16.6,-15.883,10.57,1507.0,Temple of Sethraliss,10,2026-08-18,1628.0,3.0,0.0
all,T:Protection Paladin | H:Restoration Shaman | D:Balance Druid | D:Marksmanship Hunter | D:Arms Warrior,1,0.27,11.0,1.4,1.4,1.4,-15.883,10.57,1893.0,Den of Nalorakk,11,2026-08-18,1893.0,6.0,0.0
all,T:Protection Paladin | H:Holy Paladin | D:Arcane Mage | D:Shadow Priest | D:Affliction Warlock,1,0.27,11.0,1.4,1.4,1.4,-15.883,10.57,1774.0,Altar of Fangs,11,2026-08-19,1774.0,3.0,0.0
all,T:Protection Warrior | H:Holy Paladin | D:Arcane Mage | D:Subtlety Rogue | D:Destruction Warlock,1,0.27,11.0,1.4,1.4,1.4,-15.883,10.57,1775.0,Altar of Fangs,11,2026-08-18,1775.0,2.0,0.0
all,T:Blood DeathKnight | H:Restoration Shaman | D:Retribution Paladin | D:Subtlety Rogue | D:Fury Warrior,1,0.26,11.0,1.3,1.3,1.3,-15.883,10.57,2013.0,Murder Row,11,2026-08-19,2013.0,2.0,0.0
all,T:Vengeance DemonHunter | H:Discipline Priest | D:Balance Druid | D:Windwalker Monk | D:Assassination Rogue,1,0.26,10.0,33.1,33.1,33.1,-15.883,10.57,1205.0,Voidscar Arena,10,2026-08-19,1205.0,0.0,0.0
all,T:Brewmaster Monk | H:Restoration Druid | D:Havoc DemonHunter | D:Arcane Mage | D:Arms Warrior,1,0.26,10.0,33.1,33.1,33.1,-15.883,10.57,1124.0,Ruby Life Pools,10,2026-08-19,1124.0,2.0,0.0
all,T:Guardian Druid | H:Restoration Shaman | D:Devourer DemonHunter | D:BeastMastery Hunter | D:Arms Warrior,1,0.26,11.0,1.3,1.3,1.3,-15.883,10.57,1776.0,Altar of Fangs,11,2026-08-18,1776.0,7.0,0.0
all,T:Protection Paladin | H:Mistweaver Monk | D:Unholy DeathKnight | D:Augmentation Evoker | D:Arms Warrior,1,0.26,11.0,1.3,1.3,1.3,-15.883,10.57,1954.0,Kings' Rest,11,2026-08-18,1954.0,11.0,0.0
all,T:Blood DeathKnight | H:Preservation Evoker | D:BeastMastery Hunter | D:Shadow Priest | D:Demonology Warlock,1,0.26,11.0,1.3,1.3,1.3,-15.883,10.57,1777.0,The Blinding Vale,11,2026-08-18,1777.0,10.0,0.0
all,T:Blood DeathKnight | H:Holy Paladin | D:Retribution Paladin | D:Outlaw Rogue | D:Arms Warrior,2,0.25,10.0,32.4,32.4,32.4,-15.883,10.57,1216.0,Voidscar Arena,10,2026-08-18,1278.0,4.5,0.0
all,T:Vengeance DemonHunter | H:Restoration Shaman | D:Arcane Mage | D:Subtlety Rogue | D:Destruction Warlock,2,0.25,10.0,32.4,32.4,32.4,-15.883,10.57,1298.0,Den of Nalorakk,10,2026-08-18,1216.0,2.0,0.0
all,T:Protection Paladin | H:Holy Priest | D:Devourer DemonHunter | D:Arcane Mage | D:Assassination Rogue,4,0.25,10.5,16.2,18.6,16.1,-15.883,10.57,1466.0,Voidscar Arena,10,2026-08-18,1507.0,2.5,0.0
all,T:Protection Warrior | H:Discipline Priest | D:Arcane Mage | D:Retribution Paladin | D:Demonology Warlock,2,0.25,11.5,-15.2,-0.8,-15.2,-15.883,10.57,1694.0,Ruby Life Pools,11,2026-08-18,2014.0,23.0,0.0
all,T:Blood DeathKnight | H:Holy Paladin | D:Feral Druid | D:Arcane Mage | D:Demonology Warlock,2,0.24,10.5,16.5,17.3,16.5,-15.883,10.57,1587.0,Temple of Sethraliss,11,2026-08-18,1602.0,2.0,0.0
all,T:Blood DeathKnight | H:Restoration Shaman | D:BeastMastery Hunter | D:Windwalker Monk | D:Arms Warrior,1,0.24,11.0,1.2,1.2,1.2,-15.883,10.57,1956.0,Kings' Rest,11,2026-08-19,1956.0,9.0,0.0
all,T:Brewmaster Monk | H:Preservation Evoker | D:Devourer DemonHunter | D:Augmentation Evoker | D:Retribution Paladin,1,0.24,11.0,1.2,1.2,1.2,-15.883,10.57,2016.0,Murder Row,11,2026-08-18,2016.0,8.0,0.0
all,T:Blood DeathKnight | H:Preservation Evoker | D:Havoc DemonHunter | D:Subtlety Rogue | D:Elemental Shaman,2,0.24,10.5,16.5,31.3,16.5,-15.883,10.57,1360.0,Kings' Rest,10,2026-08-19,1565.0,6.0,0.0
all,T:Blood DeathKnight | H:Holy Priest | D:Arcane Mage | D:Assassination Rogue | D:Arms Warrior,1,0.24,10.0,33.0,33.0,33.0,-15.883,10.57,1326.0,Kings' Rest,10,2026-08-19,1326.0,1.0,0.0
all,T:Brewmaster Monk | H:Holy Paladin | D:BeastMastery Hunter | D:Shadow Priest | D:Elemental Shaman,1,0.24,11.0,1.2,1.2,1.2,-15.883,10.57,1659.0,Ruby Life Pools,11,2026-08-18,1659.0,9.0,0.0
all,T:Guardian Druid | H:Holy Paladin | D:Frost DeathKnight | D:Devourer DemonHunter | D:Elemental Shaman,5,0.23,10.4,19.3,24.0,22.6,-15.883,10.57,1368.0,The Blinding Vale,10,2026-08-18,1478.0,2.6,0.0
all,T:Blood DeathKnight | H:Discipline Priest | D:Arcane Mage | D:Frost Mage | D:Arms Warrior,1,0.23,10.0,32.9,32.9,32.9,-15.883,10.57,1370.0,Murder Row,10,2026-08-19,1370.0,0.0,0.0
all,T:Blood DeathKnight | H:Holy Paladin | D:Devourer DemonHunter | D:Devastation Evoker | D:Elemental Shaman,2,0.23,10.5,16.4,28.8,16.4,-15.883,10.57,1452.0,Murder Row,10,2026-08-18,1647.0,7.0,0.0
all,T:Blood DeathKnight | H:Restoration Shaman | D:Devastation Evoker | D:BeastMastery Hunter | D:Arms Warrior,3,0.23,10.7,11.0,25.2,5.3,-15.883,10.57,1436.0,Temple of Sethraliss,10,2026-08-18,1756.0,7.33,0.0
all,T:Guardian Druid | H:Restoration Druid | D:BeastMastery Hunter | D:Elemental Shaman | D:Fury Warrior,1,0.22,11.0,1.1,1.1,1.1,-15.883,10.57,1780.0,Altar of Fangs,11,2026-08-18,1780.0,8.0,0.0
all,T:Protection Warrior | H:Mistweaver Monk | D:Devourer DemonHunter | D:Arcane Mage | D:Arms Warrior,1,0.22,11.0,1.1,1.1,1.1,-15.883,10.57,1899.0,Temple of Sethraliss,11,2026-08-18,1899.0,17.0,0.0
all,T:Vengeance DemonHunter | H:Restoration Shaman | D:Havoc DemonHunter | D:Devastation Evoker | D:Arcane Mage,1,0.22,11.0,1.1,1.1,1.1,-15.883,10.57,1781.0,The Blinding Vale,11,2026-08-18,1781.0,6.0,0.0
all,T:Protection Warrior | H:Holy Priest | D:Windwalker Monk | D:Elemental Shaman | D:Arms Warrior,1,0.21,11.0,1.0,1.0,1.0,-15.883,10.57,1782.0,Voidscar Arena,11,2026-08-18,1782.0,15.0,0.0
all,T:Blood DeathKnight | H:Holy Paladin | D:Windwalker Monk | D:Demonology Warlock | D:Arms Warrior,1,0.21,10.0,32.8,32.8,32.8,-15.883,10.57,1330.0,Kings' Rest,10,2026-08-18,1330.0,0.0,0.0
all,T:Guardian Druid | H:Holy Paladin | D:Frost Mage | D:Enhancement Shaman | D:Arms Warrior,1,0.21,11.0,1.0,1.0,1.0,-15.883,10.57,1781.0,Altar of Fangs,11,2026-08-18,1781.0,7.0,0.0
all,T:Protection Paladin | H:Discipline Priest | D:Devastation Evoker | D:BeastMastery Hunter | D:Elemental Shaman,1,0.21,11.0,1.0,1.0,1.0,-15.883,10.57,1662.0,Ruby Life Pools,11,2026-08-18,1662.0,10.0,0.0
all,T:Blood DeathKnight | H:Discipline Priest | D:Devourer DemonHunter | D:Elemental Shaman | D:Arms Warrior,5,0.2,10.4,19.2,35.4,18.4,-15.883,10.57,1162.0,Voidscar Arena,11,2026-08-19,1584.0,6.6,0.0
all,T:Guardian Druid | H:Holy Paladin | D:Devourer DemonHunter | D:BeastMastery Hunter | D:Arcane Mage,2,0.2,10.5,16.4,17.8,16.4,-15.883,10.57,1381.0,Ruby Life Pools,11,2026-08-19,1456.0,6.0,0.0
all,T:Blood DeathKnight | H:Holy Paladin | D:Arcane Mage | D:Retribution Paladin | D:Elemental Shaman,4,0.2,11.0,0.2,21.7,1.3,-15.883,10.57,1409.0,The Blinding Vale,10,2026-08-19,1924.0,5.25,0.0
all,T:Blood DeathKnight | H:Preservation Evoker | D:Devastation Evoker | D:BeastMastery Hunter | D:Shadow Priest,1,0.19,11.0,0.9,0.9,0.9,-15.883,10.57,1783.0,The Blinding Vale,11,2026-08-18,1783.0,6.0,0.0
all,T:Blood DeathKnight | H:Holy Paladin | D:Unholy DeathKnight | D:Frost Mage | D:Elemental Shaman,1,0.19,11.0,0.9,0.9,0.9,-15.883,10.57,1784.0,The Blinding Vale,11,2026-08-18,1784.0,1.0,0.0
all,T:Protection Paladin | H:Mistweaver Monk | D:Retribution Paladin | D:Shadow Priest | D:Arms Warrior,3,0.19,10.0,32.0,35.8,33.1,-15.883,10.57,1079.0,Ruby Life Pools,10,2026-08-19,1205.0,3.67,0.0
all,T:Blood DeathKnight | H:Holy Paladin | D:BeastMastery Hunter | D:Destruction Warlock | D:Arms Warrior,4,0.19,10.2,24.0,29.4,27.8,-15.883,10.57,1441.0,Murder Row,10,2026-08-19,1414.0,2.5,0.0
all,T:Protection Paladin | H:Discipline Priest | D:Devourer DemonHunter | D:BeastMastery Hunter | D:Destruction Warlock,1,0.19,11.0,0.9,0.9,0.9,-15.883,10.57,2021.0,Murder Row,11,2026-08-19,2021.0,7.0,0.0
all,T:Blood DeathKnight | H:Holy Priest | D:Unholy DeathKnight | D:Devastation Evoker | D:Enhancement Shaman,1,0.19,11.0,0.9,0.9,0.9,-15.883,10.57,2022.0,Murder Row,11,2026-08-18,2022.0,13.0,0.0
all,T:Blood DeathKnight | H:Holy Priest | D:Arcane Mage | D:Enhancement Shaman | D:Affliction Warlock,1,0.19,11.0,0.9,0.9,0.9,-15.883,10.57,2021.0,Murder Row,11,2026-08-18,2021.0,6.0,0.0
all,T:Blood DeathKnight | H:Restoration Shaman | D:Devourer DemonHunter | D:Arcane Mage | D:Affliction Warlock,1,0.18,10.0,32.6,32.6,32.6,-15.883,10.57,1133.0,Ruby Life Pools,10,2026-08-18,1133.0,2.0,0.0
all,T:Blood DeathKnight | H:Holy Paladin | D:Arcane Mage | D:Enhancement Shaman | D:Demonology Warlock,1,0.18,10.0,32.6,32.6,32.6,-15.883,10.57,1375.0,Murder Row,10,2026-08-19,1375.0,0.0,0.0
all,T:Guardian Druid | H:Holy Priest | D:Marksmanship Hunter | D:Shadow Priest | D:Subtlety Rogue,1,0.18,10.0,32.6,32.6,32.6,-15.883,10.57,1294.0,Temple of Sethraliss,10,2026-08-18,1294.0,1.0,0.0
all,T:Blood DeathKnight | H:Restoration Shaman | D:Unholy DeathKnight | D:BeastMastery Hunter | D:Shadow Priest,2,0.18,11.0,0.4,2.9,0.4,-15.883,10.57,1749.0,The Blinding Vale,11,2026-08-18,1793.0,7.5,0.0
all,T:Guardian Druid | H:Holy Paladin | D:Devourer DemonHunter | D:Frost Mage | D:Affliction Warlock,1,0.17,11.0,0.8,0.8,0.8,-15.883,10.57,1666.0,Ruby Life Pools,11,2026-08-19,1666.0,10.0,0.0
all,T:Brewmaster Monk | H:Holy Paladin | D:Retribution Paladin | D:Shadow Priest | D:Demonology Warlock,1,0.17,11.0,0.8,0.8,0.8,-15.883,10.57,1964.0,Kings' Rest,11,2026-08-19,1964.0,10.0,0.0
all,T:Blood DeathKnight | H:Holy Priest | D:BeastMastery Hunter | D:Windwalker Monk | D:Arms Warrior,2,0.17,10.5,16.2,25.1,16.2,-15.883,10.57,1258.0,Ruby Life Pools,10,2026-08-18,1574.0,1.5,0.0
all,T:Protection Paladin | H:Preservation Evoker | D:Unholy DeathKnight | D:Arms Warrior | D:Fury Warrior,1,0.17,11.0,0.8,0.8,0.8,-15.883,10.57,1906.0,Den of Nalorakk,11,2026-08-18,1906.0,15.0,0.0
all,T:Blood DeathKnight | H:Holy Paladin | D:Retribution Paladin | D:Enhancement Shaman | D:Arms Warrior,2,0.17,10.5,16.2,20.5,16.2,-15.883,10.57,1527.0,Temple of Sethraliss,10,2026-08-18,1634.0,6.0,0.0
all,T:Protection Paladin | H:Holy Priest | D:Survival Hunter | D:Arcane Mage | D:Arms Warrior,1,0.16,11.0,0.7,0.7,0.7,-15.883,10.57,2026.0,Murder Row,11,2026-08-18,2026.0,11.0,0.0
all,T:Blood DeathKnight | H:Mistweaver Monk | D:Feral Druid | D:Subtlety Rogue | D:Enhancement Shaman,1,0.16,11.0,0.7,0.7,0.7,-15.883,10.57,1966.0,Kings' Rest,11,2026-08-19,1966.0,12.0,0.0
all,T:Protection Warrior | H:Restoration Shaman | D:Balance Druid | D:Feral Druid | D:Arcane Mage,1,0.16,11.0,0.7,0.7,0.7,-15.883,10.57,1906.0,Temple of Sethraliss,11,2026-08-19,1906.0,7.0,0.0
all,T:Protection Paladin | H:Discipline Priest | D:Frost DeathKnight | D:Devourer DemonHunter | D:Retribution Paladin,1,0.16,11.0,0.7,0.7,0.7,-15.883,10.57,1668.0,Ruby Life Pools,11,2026-08-19,1668.0,11.0,0.0
all,T:Brewmaster Monk | H:Holy Paladin | D:Balance Druid | D:Feral Druid | D:Demonology Warlock,1,0.16,10.0,32.5,32.5,32.5,-15.883,10.57,1378.0,Murder Row,10,2026-08-19,1378.0,1.0,0.0
all,T:Blood DeathKnight | H:Discipline Priest | D:Unholy DeathKnight | D:Arcane Mage | D:Destruction Warlock,1,0.16,11.0,0.7,0.7,0.7,-15.883,10.57,1668.0,Ruby Life Pools,11,2026-08-18,1668.0,9.0,0.0
all,T:Guardian Druid | H:Restoration Shaman | D:Balance Druid | D:Windwalker Monk | D:Demonology Warlock,1,0.16,11.0,0.7,0.7,0.7,-15.883,10.57,1906.0,Temple of Sethraliss,11,2026-08-18,1906.0,5.0,0.0
all,T:Protection Paladin | H:Restoration Shaman | D:Devourer DemonHunter | D:Marksmanship Hunter | D:Destruction Warlock,2,0.15,10.0,32.0,32.7,32.0,-15.883,10.57,1130.0,Ruby Life Pools,10,2026-08-19,1183.0,2.0,0.0
all,T:Brewmaster Monk | H:Restoration Shaman | D:Unholy DeathKnight | D:Balance Druid | D:Arms Warrior,1,0.14,10.0,32.4,32.4,32.4,-15.883,10.57,1379.0,Murder Row,10,2026-08-19,1379.0,0.0,0.0
all,T:Protection Paladin | H:Mistweaver Monk | D:Frost DeathKnight | D:Balance Druid | D:Arms Warrior,1,0.14,11.0,0.6,0.6,0.6,-15.883,10.57,1789.0,The Blinding Vale,11,2026-08-18,1789.0,18.0,0.0
all,T:Blood DeathKnight | H:Mistweaver Monk | D:Havoc DemonHunter | D:BeastMastery Hunter | D:Windwalker Monk,1,0.14,11.0,0.6,0.6,0.6,-15.883,10.57,1789.0,Voidscar Arena,11,2026-08-19,1789.0,15.0,0.0
all,T:Blood DeathKnight | H:Holy Paladin | D:Devourer DemonHunter | D:Survival Hunter | D:Elemental Shaman,1,0.14,11.0,0.6,0.6,0.6,-15.883,10.57,1789.0,The Blinding Vale,11,2026-08-18,1789.0,13.0,0.0
all,T:Blood DeathKnight | H:Holy Paladin | D:Frost DeathKnight | D:Retribution Paladin | D:Elemental Shaman,5,0.13,10.2,25.4,36.1,26.0,-15.883,10.57,1073.0,Ruby Life Pools,10,2026-08-19,1421.0,1.8,0.0
all,T:Protection Paladin | H:Restoration Shaman | D:BeastMastery Hunter | D:Arcane Mage | D:Subtlety Rogue,3,0.13,10.7,10.7,19.6,7.5,-15.883,10.57,1640.0,Murder Row,10,2026-08-19,1665.0,3.67,0.0
all,T:Blood DeathKnight | H:Holy Paladin | D:Arcane Mage | D:Enhancement Shaman | D:Arms Warrior,2,0.12,10.0,32.0,32.2,32.0,-15.883,10.57,1220.0,Voidscar Arena,10,2026-08-18,1265.0,1.5,0.0
all,T:Protection Warrior | H:Discipline Priest | D:Frost DeathKnight | D:Survival Hunter | D:Destruction Warlock,1,0.12,11.0,0.5,0.5,0.5,-15.883,10.57,1671.0,Ruby Life Pools,11,2026-08-18,1671.0,18.0,0.0
all,T:Blood DeathKnight | H:Discipline Priest | D:Augmentation Evoker | D:Elemental Shaman | D:Affliction Warlock,1,0.12,11.0,0.5,0.5,0.5,-15.883,10.57,1791.0,The Blinding Vale,11,2026-08-18,1791.0,3.0,0.0
all,T:Blood DeathKnight | H:Restoration Shaman | D:BeastMastery Hunter | D:Shadow Priest | D:Elemental Shaman,3,0.12,10.7,10.7,17.6,9.4,-15.883,10.57,1384.0,Ruby Life Pools,10,2026-08-18,1632.0,7.0,0.0
all,T:Protection Paladin | H:Mistweaver Monk | D:Devourer DemonHunter | D:Elemental Shaman | D:Demonology Warlock,1,0.12,11.0,0.5,0.5,0.5,-15.883,10.57,1970.0,Kings' Rest,11,2026-08-18,1970.0,15.0,0.0
all,T:Guardian Druid | H:Preservation Evoker | D:BeastMastery Hunter | D:Retribution Paladin | D:Affliction Warlock,1,0.12,11.0,0.5,0.5,0.5,-15.883,10.57,1792.0,The Blinding Vale,11,2026-08-19,1792.0,4.0,0.0
all,T:Blood DeathKnight | H:Discipline Priest | D:Unholy DeathKnight | D:Retribution Paladin | D:Destruction Warlock,1,0.11,11.0,0.4,0.4,0.4,-15.883,10.57,1972.0,Kings' Rest,11,2026-08-19,1972.0,2.0,0.0
all,T:Guardian Druid | H:Discipline Priest | D:Unholy DeathKnight | D:Devastation Evoker | D:Arms Warrior,1,0.11,11.0,0.4,0.4,0.4,-15.883,10.57,1971.0,Kings' Rest,11,2026-08-19,1971.0,13.0,0.0
all,T:Blood DeathKnight | H:Preservation Evoker | D:Unholy DeathKnight | D:Assassination Rogue | D:Arms Warrior,4,0.11,10.8,8.0,25.5,14.9,-15.883,10.57,1251.0,Ruby Life Pools,10,2026-08-19,1626.0,11.5,0.0
all,T:Vengeance DemonHunter | H:Holy Paladin | D:Balance Druid | D:Arcane Mage | D:Demonology Warlock,2,0.11,10.0,31.9,32.8,31.9,-15.883,10.57,1370.0,Murder Row,10,2026-08-18,1348.0,1.0,0.0
all,T:Vengeance DemonHunter | H:Holy Priest | D:Arcane Mage | D:Assassination Rogue | D:Fury Warrior,1,0.11,10.0,32.2,32.2,32.2,-15.883,10.57,1220.0,The Blinding Vale,10,2026-08-18,1220.0,4.0,0.0
all,T:Blood DeathKnight | H:Holy Paladin | D:Augmentation Evoker | D:BeastMastery Hunter | D:Arms Warrior,1,0.11,11.0,0.4,0.4,0.4,-15.883,10.57,1792.0,The Blinding Vale,11,2026-08-18,1792.0,4.0,0.0
all,T:Protection Paladin | H:Restoration Druid | D:Marksmanship Hunter | D:Arcane Mage | D:Frost Mage,2,0.1,11.0,0.1,15.8,0.1,-15.883,10.57,1516.0,Voidscar Arena,11,2026-08-18,1938.0,15.5,0.0
all,T:Blood DeathKnight | H:Discipline Priest | D:Balance Druid | D:Arcane Mage | D:Retribution Paladin,1,0.09,11.0,0.3,0.3,0.3,-15.883,10.57,1795.0,Altar of Fangs,11,2026-08-19,1795.0,10.0,0.0
all,T:Vengeance DemonHunter | H:Mistweaver Monk | D:Shadow Priest | D:Subtlety Rogue | D:Elemental Shaman,1,0.09,11.0,0.3,0.3,0.3,-15.883,10.57,1915.0,Den of Nalorakk,11,2026-08-18,1915.0,8.0,0.0
all,T:Guardian Druid | H:Restoration Shaman | D:Havoc DemonHunter | D:Retribution Paladin | D:Shadow Priest,1,0.09,11.0,0.3,0.3,0.3,-15.883,10.57,1913.0,Den of Nalorakk,11,2026-08-18,1913.0,13.0,0.0
all,T:Guardian Druid | H:Preservation Evoker | D:Devastation Evoker | D:Arcane Mage | D:Arms Warrior,1,0.09,10.0,32.1,32.1,32.1,-15.883,10.57,1140.0,Ruby Life Pools,10,2026-08-19,1140.0,6.0,0.0
all,T:Guardian Druid | H:Mistweaver Monk | D:Survival Hunter | D:Arcane Mage | D:Elemental Shaman,1,0.09,11.0,0.3,0.3,0.3,-15.883,10.57,1794.0,Voidscar Arena,11,2026-08-19,1794.0,10.0,0.0
all,T:Blood DeathKnight | H:Preservation Evoker | D:Unholy DeathKnight | D:Subtlety Rogue | D:Elemental Shaman,1,0.09,11.0,0.3,0.3,0.3,-15.883,10.57,1914.0,Den of Nalorakk,11,2026-08-18,1914.0,12.0,0.0
all,T:Brewmaster Monk | H:Restoration Shaman | D:Devastation Evoker | D:Devastation Evoker | D:Arms Warrior,1,0.09,11.0,0.3,0.3,0.3,-15.883,10.57,2034.0,Murder Row,11,2026-08-18,2034.0,8.0,0.0
all,T:Blood DeathKnight | H:Restoration Shaman | D:Fire Mage | D:Outlaw Rogue | D:Arms Warrior,1,0.09,11.0,0.3,0.3,0.3,-15.883,10.57,2033.0,Murder Row,11,2026-08-19,2033.0,9.0,0.0
all,T:Brewmaster Monk | H:Holy Priest | D:Unholy DeathKnight | D:Arcane Mage | D:Subtlety Rogue,1,0.09,11.0,0.3,0.3,0.3,-15.883,10.57,1674.0,Ruby Life Pools,11,2026-08-19,1674.0,6.0,0.0
all,T:Guardian Druid | H:Restoration Shaman | D:Havoc DemonHunter | D:Frost Mage | D:Arms Warrior,2,0.09,10.0,31.8,32.5,31.8,-15.883,10.57,1377.0,Murder Row,10,2026-08-18,1308.0,1.0,0.0
all,T:Protection Paladin | H:Holy Paladin | D:Retribution Paladin | D:Shadow Priest | D:Arms Warrior,7,0.08,10.3,22.6,30.6,25.1,-15.883,10.57,1375.0,Kings' Rest,10,2026-08-19,1465.0,4.0,0.0
all,T:Blood DeathKnight | H:Discipline Priest | D:Marksmanship Hunter | D:Windwalker Monk | D:Elemental Shaman,1,0.08,10.0,32.0,32.0,32.0,-15.883,10.57,1223.0,Voidscar Arena,10,2026-08-19,1223.0,1.0,0.0
all,T:Protection Paladin | H:Restoration Shaman | D:BeastMastery Hunter | D:Arcane Mage | D:Arms Warrior,3,0.08,10.0,31.7,36.0,33.3,-15.883,10.57,1076.0,Ruby Life Pools,10,2026-08-19,1200.0,4.67,0.0
all,T:Blood DeathKnight | H:Holy Paladin | D:Unholy DeathKnight | D:Enhancement Shaman | D:Arms Warrior,2,0.07,11.0,0.0,0.4,0.0,-15.883,10.57,1673.0,Ruby Life Pools,11,2026-08-18,1801.0,8.0,0.0
all,T:Protection Paladin | H:Holy Paladin | D:Elemental Shaman | D:Affliction Warlock | D:Arms Warrior,1,0.07,11.0,0.2,0.2,0.2,-15.883,10.57,1797.0,Voidscar Arena,11,2026-08-19,1797.0,10.0,0.0
all,T:Guardian Druid | H:Restoration Shaman | D:Arcane Mage | D:Retribution Paladin | D:Enhancement Shaman,1,0.07,11.0,0.2,0.2,0.2,-15.883,10.57,1797.0,Voidscar Arena,11,2026-08-18,1797.0,10.0,0.0
all,T:Vengeance DemonHunter | H:Holy Paladin | D:Balance Druid | D:Windwalker Monk | D:Outlaw Rogue,1,0.06,10.0,31.9,31.9,31.9,-15.883,10.57,1308.0,Den of Nalorakk,10,2026-08-19,1308.0,1.0,0.0
all,T:Vengeance DemonHunter | H:Restoration Shaman | D:Balance Druid | D:Demonology Warlock | D:Arms Warrior,1,0.06,10.0,31.9,31.9,31.9,-15.883,10.57,1226.0,The Blinding Vale,10,2026-08-18,1226.0,2.0,0.0
all,T:Blood DeathKnight | H:Holy Priest | D:Unholy DeathKnight | D:Arcane Mage | D:Demonology Warlock,3,0.06,10.3,21.1,26.1,24.7,-15.883,10.57,1419.0,Den of Nalorakk,10,2026-08-18,1419.0,4.67,0.0
all,T:Blood DeathKnight | H:Restoration Druid | D:Devourer DemonHunter | D:Outlaw Rogue | D:Destruction Warlock,1,0.06,11.0,0.1,0.1,0.1,-15.883,10.57,1979.0,Kings' Rest,11,2026-08-19,1979.0,6.0,0.0
all,T:Blood DeathKnight | H:Holy Paladin | D:Arcane Mage | D:Windwalker Monk | D:Shadow Priest,2,0.05,11.0,-0.0,11.3,-0.0,-15.883,10.57,1490.0,Ruby Life Pools,11,2026-08-19,1681.0,13.5,0.0
all,T:Guardian Druid | H:Discipline Priest | D:Devastation Evoker | D:Demonology Warlock | D:Fury Warrior,2,0.05,11.0,-0.1,4.3,-0.1,-15.883,10.57,1722.0,The Blinding Vale,11,2026-08-18,1895.0,11.5,0.0
all,T:Blood DeathKnight | H:Restoration Shaman | D:Devourer DemonHunter | D:Devastation Evoker | D:Arcane Mage,1,0.04,10.0,31.8,31.8,31.8,-15.883,10.57,1227.0,Altar of Fangs,10,2026-08-19,1227.0,0.0,0.0
all,T:Protection Paladin | H:Restoration Shaman | D:Devourer DemonHunter | D:Arcane Mage | D:Enhancement Shaman,1,0.04,11.0,0.0,0.0,0.0,-15.883,10.57,2040.0,Murder Row,11,2026-08-18,2040.0,16.0,0.0
all,T:Blood DeathKnight | H:Restoration Shaman | D:Balance Druid | D:BeastMastery Hunter | D:Windwalker Monk,1,0.04,10.0,31.8,31.8,31.8,-15.883,10.57,1309.0,Den of Nalorakk,10,2026-08-19,1309.0,0.0,0.0
all,T:Protection Paladin | H:Mistweaver Monk | D:Arcane Mage | D:Elemental Shaman | D:Arms Warrior,1,0.04,10.0,31.8,31.8,31.8,-15.883,10.57,1146.0,Ruby Life Pools,10,2026-08-18,1146.0,1.0,0.0
all,T:Guardian Druid | H:Mistweaver Monk | D:Devourer DemonHunter | D:Shadow Priest | D:Elemental Shaman,1,0.04,10.0,31.8,31.8,31.8,-15.883,10.57,1146.0,Ruby Life Pools,10,2026-08-19,1146.0,1.0,0.0
all,T:Vengeance DemonHunter | H:Holy Paladin | D:Balance Druid | D:BeastMastery Hunter | D:Arcane Mage,3,0.04,10.7,10.5,20.0,7.1,-15.883,10.57,1441.0,The Blinding Vale,10,2026-08-19,1722.0,8.0,0.0
all,T:Protection Warrior | H:Restoration Shaman | D:BeastMastery Hunter | D:Arcane Mage | D:Outlaw Rogue,1,0.03,10.0,31.7,31.7,31.7,-15.883,10.57,1312.0,Temple of Sethraliss,10,2026-08-19,1312.0,0.0,0.0
all,T:Protection Paladin | H:Restoration Shaman | D:Devourer DemonHunter | D:BeastMastery Hunter | D:Assassination Rogue,1,0.02,11.0,-0.1,-0.1,-0.1,-15.883,10.57,1982.0,Kings' Rest,11,2026-08-19,1982.0,12.0,0.0
all,T:Protection Warrior | H:Holy Paladin | D:Feral Druid | D:Arcane Mage | D:Elemental Shaman,1,0.02,11.0,-0.1,-0.1,-0.1,-15.883,10.57,1922.0,Temple of Sethraliss,11,2026-08-18,1922.0,12.0,0.0
all,T:Brewmaster Monk | H:Mistweaver Monk | D:Unholy DeathKnight | D:Havoc DemonHunter | D:Devastation Evoker,2,0.01,10.5,15.7,22.2,15.7,-15.883,10.57,1588.0,Murder Row,10,2026-08-18,1666.0,11.5,0.0
all,T:Blood DeathKnight | H:Restoration Shaman | D:Devourer DemonHunter | D:Fire Mage | D:Arms Warrior,1,0.01,11.0,-0.2,-0.2,-0.2,-15.883,10.57,2043.0,Murder Row,11,2026-08-19,2043.0,6.0,0.0
all,T:Blood DeathKnight | H:Preservation Evoker | D:Frost DeathKnight | D:Unholy DeathKnight | D:Demonology Warlock,1,0.01,10.0,31.6,31.6,31.6,-15.883,10.57,1313.0,Temple of Sethraliss,10,2026-08-19,1313.0,1.0,0.0
all,T:Blood DeathKnight | H:Holy Paladin | D:Marksmanship Hunter | D:Retribution Paladin | D:Affliction Warlock,1,0.01,11.0,-0.2,-0.2,-0.2,-15.883,10.57,1804.0,Voidscar Arena,11,2026-08-18,1804.0,10.0,0.0
all,T:Blood DeathKnight | H:Holy Paladin | D:Devourer DemonHunter | D:Elemental Shaman | D:Destruction Warlock,4,0.01,10.8,7.7,18.1,8.2,-15.883,10.57,1572.0,Den of Nalorakk,10,2026-08-18,1596.0,5.0,0.0
all,T:Protection Paladin | H:Holy Priest | D:Augmentation Evoker | D:Devastation Evoker | D:Windwalker Monk,1,0.01,11.0,-0.2,-0.2,-0.2,-15.883,10.57,1804.0,Voidscar Arena,11,2026-08-18,1804.0,15.0,0.0
all,T:Protection Paladin | H:Holy Paladin | D:Devastation Evoker | D:BeastMastery Hunter | D:Windwalker Monk,2,0.01,10.5,15.7,16.1,15.7,-15.883,10.57,1611.0,Den of Nalorakk,10,2026-08-18,1619.0,3.0,0.0
all,T:Blood DeathKnight | H:Mistweaver Monk | D:Frost DeathKnight | D:Frost Mage | D:Demonology Warlock,1,0.01,10.0,31.6,31.6,31.6,-15.883,10.57,1231.0,The Blinding Vale,10,2026-08-19,1231.0,3.0,0.0
all,T:Blood DeathKnight | H:Discipline Priest | D:Devourer DemonHunter | D:Retribution Paladin | D:Elemental Shaman,3,0.0,10.7,10.4,18.1,10.9,-15.883,10.57,1475.0,The Blinding Vale,10,2026-08-18,1710.0,6.0,0.0
all,T:Blood DeathKnight | H:Holy Paladin | D:Devourer DemonHunter | D:BeastMastery Hunter | D:BeastMastery Hunter,2,-0.0,11.0,-0.2,0.5,-0.2,-15.883,10.57,1791.0,Voidscar Arena,11,2026-08-18,1926.0,11.5,0.0
all,T:Guardian Druid | H:Restoration Shaman | D:Windwalker Monk | D:Retribution Paladin | D:Shadow Priest,1,-0.01,11.0,-0.3,-0.3,-0.3,-15.883,10.57,1806.0,The Blinding Vale,11,2026-08-18,1806.0,8.0,0.0
all,T:Blood DeathKnight | H:Holy Paladin | D:Arcane Mage | D:Assassination Rogue | D:Enhancement Shaman,1,-0.01,11.0,-0.3,-0.3,-0.3,-15.883,10.57,1806.0,The Blinding Vale,11,2026-08-19,1806.0,9.0,0.0
all,T:Protection Warrior | H:Restoration Shaman | D:Devourer DemonHunter | D:BeastMastery Hunter | D:Arcane Mage,1,-0.01,11.0,-0.3,-0.3,-0.3,-15.883,10.57,1685.0,Ruby Life Pools,11,2026-08-18,1685.0,14.0,0.0
all,T:Blood DeathKnight | H:Restoration Druid | D:Unholy DeathKnight | D:Arcane Mage | D:Retribution Paladin,2,-0.01,10.5,15.6,29.4,15.6,-15.883,10.57,1398.0,Kings' Rest,10,2026-08-19,1671.0,3.5,0.0
all,T:Protection Paladin | H:Preservation Evoker | D:Devourer DemonHunter | D:Arcane Mage | D:Arms Warrior,1,-0.02,10.0,31.4,31.4,31.4,-15.883,10.57,1152.0,Ruby Life Pools,10,2026-08-18,1152.0,2.0,0.0
all,T:Protection Warrior | H:Holy Paladin | D:Devourer DemonHunter | D:Arcane Mage | D:Assassination Rogue,1,-0.02,10.0,31.4,31.4,31.4,-15.883,10.57,1153.0,Ruby Life Pools,10,2026-08-18,1153.0,0.0,0.0
all,T:Blood DeathKnight | H:Preservation Evoker | D:Havoc DemonHunter | D:Elemental Shaman | D:Arms Warrior,1,-0.02,10.0,31.4,31.4,31.4,-15.883,10.57,1152.0,Ruby Life Pools,10,2026-08-19,1152.0,2.0,0.0
all,T:Blood DeathKnight | H:Holy Paladin | D:Devourer DemonHunter | D:Elemental Shaman | D:Arms Warrior,9,-0.02,11.1,-3.8,27.5,-2.4,-15.883,10.57,1393.0,Den of Nalorakk,10,2026-08-18,1844.0,12.56,0.0
all,T:Protection Warrior | H:Mistweaver Monk | D:Feral Druid | D:Marksmanship Hunter | D:Subtlety Rogue,1,-0.02,10.0,31.4,31.4,31.4,-15.883,10.57,1235.0,The Blinding Vale,10,2026-08-18,1235.0,0.0,0.0
all,T:Vengeance DemonHunter | H:Holy Paladin | D:Arcane Mage | D:Shadow Priest | D:Elemental Shaman,3,-0.02,10.3,20.9,33.0,18.4,-15.883,10.57,1206.0,Voidscar Arena,10,2026-08-18,1372.0,5.0,0.0
all,T:Blood DeathKnight | H:Preservation Evoker | D:Arcane Mage | D:Retribution Paladin | D:Demonology Warlock,1,-0.02,10.0,31.4,31.4,31.4,-15.883,10.57,1317.0,Temple of Sethraliss,10,2026-08-19,1317.0,0.0,0.0
all,T:Blood DeathKnight | H:Restoration Shaman | D:Feral Druid | D:BeastMastery Hunter | D:Retribution Paladin,1,-0.03,11.0,-0.4,-0.4,-0.4,-15.883,10.57,1807.0,Voidscar Arena,11,2026-08-18,1807.0,20.0,0.0
all,T:Vengeance DemonHunter | H:Discipline Priest | D:Arcane Mage | D:Assassination Rogue | D:Destruction Warlock,1,-0.03,11.0,-0.4,-0.4,-0.4,-15.883,10.57,2049.0,Murder Row,11,2026-08-18,2049.0,14.0,0.0
all,T:Guardian Druid | H:Restoration Druid | D:Marksmanship Hunter | D:Outlaw Rogue | D:Destruction Warlock,2,-0.03,11.0,-0.4,2.5,-0.4,-15.883,10.57,1990.0,Murder Row,11,2026-08-18,1924.0,20.0,0.0
all,T:Vengeance DemonHunter | H:Holy Paladin | D:Augmentation Evoker | D:BeastMastery Hunter | D:Elemental Shaman,1,-0.04,11.0,-0.5,-0.5,-0.5,-15.883,10.57,1688.0,Ruby Life Pools,11,2026-08-19,1688.0,2.0,0.0
all,T:Blood DeathKnight | H:Mistweaver Monk | D:Devourer DemonHunter | D:Feral Druid | D:Arcane Mage,1,-0.04,11.0,-0.5,-0.5,-0.5,-15.883,10.57,1930.0,Temple of Sethraliss,11,2026-08-18,1930.0,7.0,0.0
all,T:Vengeance DemonHunter | H:Holy Paladin | D:Arcane Mage | D:Retribution Paladin | D:Assassination Rogue,1,-0.04,10.0,31.3,31.3,31.3,-15.883,10.57,1237.0,Voidscar Arena,10,2026-08-18,1237.0,0.0,0.0
all,T:Guardian Druid | H:Mistweaver Monk | D:BeastMastery Hunter | D:Windwalker Monk | D:Assassination Rogue,2,-0.04,10.5,15.5,25.0,15.5,-15.883,10.57,1485.0,Kings' Rest,10,2026-08-19,1532.0,1.5,0.0
all,T:Protection Paladin | H:Mistweaver Monk | D:Feral Druid | D:Frost Mage | D:Fury Warrior,1,-0.06,11.0,-0.6,-0.6,-0.6,-15.883,10.57,1810.0,The Blinding Vale,11,2026-08-18,1810.0,11.0,0.0
all,T:Blood DeathKnight | H:Mistweaver Monk | D:Devourer DemonHunter | D:Survival Hunter | D:Enhancement Shaman,1,-0.06,11.0,-0.6,-0.6,-0.6,-15.883,10.57,1931.0,Temple of Sethraliss,11,2026-08-19,1931.0,10.0,0.0
all,T:Vengeance DemonHunter | H:Restoration Shaman | D:Frost DeathKnight | D:Marksmanship Hunter | D:Destruction Warlock,1,-0.06,11.0,-0.6,-0.6,-0.6,-15.883,10.57,2052.0,Murder Row,11,2026-08-18,2052.0,8.0,0.0
all,T:Brewmaster Monk | H:Restoration Shaman | D:BeastMastery Hunter | D:Shadow Priest | D:Arms Warrior,3,-0.06,10.7,10.2,18.9,10.6,-15.883,10.57,1655.0,Murder Row,10,2026-08-18,1655.0,4.33,0.0
all,T:Guardian Druid | H:Preservation Evoker | D:Balance Druid | D:Arcane Mage | D:Arms Warrior,3,-0.06,10.0,31.4,38.8,34.0,-15.883,10.57,1102.0,The Blinding Vale,10,2026-08-19,1268.0,2.67,0.0
all,T:Blood DeathKnight | H:Restoration Shaman | D:Frost DeathKnight | D:Elemental Shaman | D:Arms Warrior,1,-0.06,10.0,31.2,31.2,31.2,-15.883,10.57,1320.0,Temple of Sethraliss,10,2026-08-19,1320.0,3.0,0.0
all,T:Protection Paladin | H:Discipline Priest | D:Balance Druid | D:Arcane Mage | D:Demonology Warlock,1,-0.06,11.0,-0.6,-0.6,-0.6,-15.883,10.57,1811.0,Altar of Fangs,11,2026-08-18,1811.0,5.0,0.0
all,T:Blood DeathKnight | H:Restoration Shaman | D:Shadow Priest | D:Shadow Priest | D:Elemental Shaman,2,-0.07,10.5,15.4,23.4,15.4,-15.883,10.57,1379.0,Voidscar Arena,10,2026-08-18,1634.0,4.0,0.0
all,T:Guardian Druid | H:Mistweaver Monk | D:Survival Hunter | D:Windwalker Monk | D:Destruction Warlock,1,-0.07,10.0,31.1,31.1,31.1,-15.883,10.57,1405.0,Murder Row,10,2026-08-18,1405.0,1.0,0.0
all,T:Protection Paladin | H:Holy Paladin | D:Arcane Mage | D:Assassination Rogue | D:Arms Warrior,1,-0.07,10.0,31.1,31.1,31.1,-15.883,10.57,1324.0,Den of Nalorakk,10,2026-08-19,1324.0,2.0,0.0
all,T:Protection Paladin | H:Restoration Shaman | D:Devourer DemonHunter | D:Augmentation Evoker | D:Fury Warrior,1,-0.07,10.0,31.1,31.1,31.1,-15.883,10.57,1365.0,Kings' Rest,10,2026-08-18,1365.0,1.0,0.0
all,T:Protection Paladin | H:Restoration Druid | D:Devourer DemonHunter | D:Elemental Shaman | D:Arms Warrior,1,-0.07,10.0,31.1,31.1,31.1,-15.883,10.57,1322.0,Temple of Sethraliss,10,2026-08-19,1322.0,1.0,0.0
all,T:Blood DeathKnight | H:Mistweaver Monk | D:Devourer DemonHunter | D:Devourer DemonHunter | D:Arcane Mage,4,-0.08,10.5,15.5,31.0,14.6,-15.883,10.57,1366.0,Kings' Rest,10,2026-08-18,1524.0,12.75,0.0
all,T:Protection Paladin | H:Holy Paladin | D:Arcane Mage | D:Arcane Mage | D:Elemental Shaman,4,-0.08,10.2,23.4,31.9,24.2,-15.883,10.57,1389.0,Murder Row,10,2026-08-19,1422.0,5.0,0.0
all,T:Blood DeathKnight | H:Restoration Shaman | D:BeastMastery Hunter | D:Shadow Priest | D:Enhancement Shaman,1,-0.09,10.0,31.0,31.0,31.0,-15.883,10.57,1243.0,Voidscar Arena,10,2026-08-19,1243.0,0.0,0.0
all,T:Blood DeathKnight | H:Restoration Shaman | D:Devourer DemonHunter | D:Devourer DemonHunter | D:Arms Warrior,1,-0.09,11.0,-0.8,-0.8,-0.8,-15.883,10.57,2057.0,Murder Row,11,2026-08-18,2057.0,18.0,0.0
all,T:Protection Warrior | H:Holy Priest | D:Balance Druid | D:Shadow Priest | D:Arms Warrior,1,-0.09,10.0,31.0,31.0,31.0,-15.883,10.57,1367.0,Kings' Rest,10,2026-08-18,1367.0,4.0,0.0
all,T:Blood DeathKnight | H:Holy Paladin | D:Balance Druid | D:BeastMastery Hunter | D:Windwalker Monk,1,-0.09,11.0,-0.8,-0.8,-0.8,-15.883,10.57,1815.0,Altar of Fangs,11,2026-08-19,1815.0,5.0,0.0
all,T:Protection Warrior | H:Holy Paladin | D:Devourer DemonHunter | D:BeastMastery Hunter | D:Arms Warrior,2,-0.09,10.0,31.2,34.1,31.2,-15.883,10.57,1266.0,Temple of Sethraliss,10,2026-08-18,1278.0,4.5,0.0
all,T:Blood DeathKnight | H:Restoration Druid | D:Balance Druid | D:Arcane Mage | D:Arcane Mage,3,-0.1,10.7,10.1,18.3,12.1,-15.883,10.57,1569.0,Den of Nalorakk,10,2026-08-18,1792.0,11.0,0.0
all,T:Blood DeathKnight | H:Restoration Druid | D:Unholy DeathKnight | D:Arcane Mage | D:Subtlety Rogue,3,-0.1,10.7,10.1,21.9,6.5,-15.883,10.57,1405.0,The Blinding Vale,10,2026-08-18,1766.0,9.67,0.0
all,T:Blood DeathKnight | H:Restoration Druid | D:Outlaw Rogue | D:Elemental Shaman | D:Arms Warrior,2,-0.1,10.5,15.3,21.8,15.3,-15.883,10.57,1549.0,Kings' Rest,10,2026-08-19,1595.0,8.5,0.0
all,T:Blood DeathKnight | H:Discipline Priest | D:Unholy DeathKnight | D:Balance Druid | D:Arcane Mage,2,-0.1,10.5,15.3,23.7,15.3,-15.883,10.57,1466.0,Temple of Sethraliss,10,2026-08-19,1571.0,2.0,0.0
all,T:Blood DeathKnight | H:Restoration Shaman | D:Frost DeathKnight | D:BeastMastery Hunter | D:Demonology Warlock,1,-0.11,11.0,-0.9,-0.9,-0.9,-15.883,10.57,1937.0,Den of Nalorakk,11,2026-08-18,1937.0,10.0,0.0
all,T:Blood DeathKnight | H:Holy Paladin | D:Balance Druid | D:Arcane Mage | D:Assassination Rogue,1,-0.11,11.0,-0.9,-0.9,-0.9,-15.883,10.57,2058.0,Murder Row,11,2026-08-19,2058.0,14.0,0.0
all,T:Vengeance DemonHunter | H:Restoration Shaman | D:Arcane Mage | D:Subtlety Rogue | D:Demonology Warlock,1,-0.11,10.0,30.9,30.9,30.9,-15.883,10.57,1244.0,Altar of Fangs,10,2026-08-18,1244.0,0.0,0.0
all,T:Protection Paladin | H:Restoration Shaman | D:Shadow Priest | D:Elemental Shaman | D:Enhancement Shaman,1,-0.11,11.0,-0.9,-0.9,-0.9,-15.883,10.57,1695.0,Ruby Life Pools,11,2026-08-18,1695.0,7.0,0.0
all,T:Protection Paladin | H:Discipline Priest | D:Unholy DeathKnight | D:Devourer DemonHunter | D:Survival Hunter,1,-0.11,11.0,-0.9,-0.9,-0.9,-15.883,10.57,2059.0,Murder Row,11,2026-08-18,2059.0,6.0,0.0
all,T:Blood DeathKnight | H:Holy Priest | D:Elemental Shaman | D:Demonology Warlock | D:Arms Warrior,1,-0.11,10.0,30.9,30.9,30.9,-15.883,10.57,1368.0,Kings' Rest,10,2026-08-18,1368.0,0.0,0.0
all,T:Protection Paladin | H:Holy Paladin | D:Enhancement Shaman | D:Demonology Warlock | D:Arms Warrior,1,-0.11,10.0,30.9,30.9,30.9,-15.883,10.57,1327.0,Den of Nalorakk,10,2026-08-19,1327.0,1.0,0.0
all,T:Protection Paladin | H:Mistweaver Monk | D:Arcane Mage | D:Elemental Shaman | D:Enhancement Shaman,2,-0.11,10.5,15.2,18.1,15.2,-15.883,10.57,1572.0,Den of Nalorakk,10,2026-08-19,1653.0,10.5,0.0
all,T:Protection Paladin | H:Holy Paladin | D:Balance Druid | D:Arcane Mage | D:Destruction Warlock,1,-0.11,11.0,-0.9,-0.9,-0.9,-15.883,10.57,1696.0,Ruby Life Pools,11,2026-08-18,1696.0,8.0,0.0
all,T:Blood DeathKnight | H:Restoration Druid | D:Devastation Evoker | D:Arcane Mage | D:Demonology Warlock,1,-0.11,10.0,30.9,30.9,30.9,-15.883,10.57,1409.0,Murder Row,10,2026-08-18,1409.0,5.0,0.0
all,T:Brewmaster Monk | H:Mistweaver Monk | D:Balance Druid | D:Arcane Mage | D:Retribution Paladin,1,-0.11,10.0,30.9,30.9,30.9,-15.883,10.57,1161.0,Ruby Life Pools,10,2026-08-18,1161.0,0.0,0.0
all,T:Guardian Druid | H:Discipline Priest | D:Arcane Mage | D:Destruction Warlock | D:Destruction Warlock,1,-0.11,10.0,30.9,30.9,30.9,-15.883,10.57,1327.0,Temple of Sethraliss,10,2026-08-18,1327.0,1.0,0.0
all,T:Blood DeathKnight | H:Restoration Druid | D:BeastMastery Hunter | D:Subtlety Rogue | D:Arms Warrior,2,-0.11,10.0,31.2,33.3,31.2,-15.883,10.57,1201.0,The Blinding Vale,10,2026-08-18,1324.0,4.0,0.0
all,T:Blood DeathKnight | H:Restoration Shaman | D:Arcane Mage | D:Shadow Priest | D:Arms Warrior,3,-0.12,10.3,20.6,23.0,22.2,-15.883,10.57,1572.0,Murder Row,10,2026-08-19,1499.0,1.67,0.0
all,T:Blood DeathKnight | H:Discipline Priest | D:Devourer DemonHunter | D:Arcane Mage | D:Elemental Shaman,3,-0.12,10.7,10.0,23.9,4.1,-15.883,10.57,1552.0,Murder Row,10,2026-08-18,1879.0,9.67,0.0
all,T:Blood DeathKnight | H:Restoration Shaman | D:Havoc DemonHunter | D:Devastation Evoker | D:Arms Warrior,1,-0.12,10.0,30.8,30.8,30.8,-15.883,10.57,1412.0,Murder Row,10,2026-08-18,1412.0,3.0,0.0
all,T:Brewmaster Monk | H:Restoration Druid | D:Devourer DemonHunter | D:Arcane Mage | D:Shadow Priest,1,-0.12,10.0,30.8,30.8,30.8,-15.883,10.57,1245.0,The Blinding Vale,10,2026-08-19,1245.0,1.0,0.0
all,T:Protection Paladin | H:Mistweaver Monk | D:Arcane Mage | D:Demonology Warlock | D:Arms Warrior,6,-0.12,10.5,15.4,28.0,23.8,-15.883,10.57,1295.0,The Blinding Vale,10,2026-08-18,1418.0,9.0,0.0
all,T:Protection Paladin | H:Discipline Priest | D:Frost DeathKnight | D:Devourer DemonHunter | D:Balance Druid,3,-0.13,10.7,10.0,14.5,13.0,-15.883,10.57,1538.0,Altar of Fangs,10,2026-08-19,1538.0,7.0,0.0
all,T:Vengeance DemonHunter | H:Holy Paladin | D:Retribution Paladin | D:Retribution Paladin | D:Elemental Shaman,2,-0.13,11.0,-0.7,0.3,-0.7,-15.883,10.57,1674.0,Ruby Life Pools,11,2026-08-18,1752.0,6.0,0.0
all,T:Guardian Druid | H:Mistweaver Monk | D:Havoc DemonHunter | D:Devastation Evoker | D:Arcane Mage,1,-0.14,11.0,-1.1,-1.1,-1.1,-15.883,10.57,1940.0,Temple of Sethraliss,11,2026-08-18,1940.0,8.0,0.0
all,T:Blood DeathKnight | H:Restoration Shaman | D:BeastMastery Hunter | D:Windwalker Monk | D:Assassination Rogue,1,-0.14,11.0,-1.1,-1.1,-1.1,-15.883,10.57,2062.0,Murder Row,11,2026-08-18,2062.0,15.0,0.0
all,T:Vengeance DemonHunter | H:Restoration Shaman | D:Devastation Evoker | D:Arms Warrior | D:Arms Warrior,1,-0.14,10.0,30.7,30.7,30.7,-15.883,10.57,1413.0,Murder Row,10,2026-08-18,1413.0,6.0,0.0
all,T:Protection Paladin | H:Restoration Druid | D:Arcane Mage | D:Shadow Priest | D:Enhancement Shaman,1,-0.14,10.0,30.7,30.7,30.7,-15.883,10.57,1248.0,Voidscar Arena,10,2026-08-19,1248.0,1.0,0.0
all,T:Brewmaster Monk | H:Restoration Shaman | D:Feral Druid | D:BeastMastery Hunter | D:Outlaw Rogue,4,-0.15,10.2,23.2,30.5,24.6,-15.883,10.57,1252.0,The Blinding Vale,10,2026-08-18,1428.0,4.5,0.0
all,T:Guardian Druid | H:Restoration Shaman | D:Devastation Evoker | D:Retribution Paladin | D:Demonology Warlock,7,-0.15,10.1,26.7,31.4,26.9,-15.883,10.57,1359.0,Kings' Rest,10,2026-08-18,1359.0,3.57,0.0
all,T:Vengeance DemonHunter | H:Holy Paladin | D:Unholy DeathKnight | D:Shadow Priest | D:Enhancement Shaman,1,-0.16,11.0,-1.2,-1.2,-1.2,-15.883,10.57,2065.0,Murder Row,11,2026-08-19,2065.0,11.0,0.0
all,T:Protection Paladin | H:Discipline Priest | D:Havoc DemonHunter | D:Arcane Mage | D:Arms Warrior,1,-0.16,10.0,30.6,30.6,30.6,-15.883,10.57,1249.0,Voidscar Arena,10,2026-08-18,1249.0,5.0,0.0
all,T:Blood DeathKnight | H:Holy Paladin | D:Unholy DeathKnight | D:Arcane Mage | D:Enhancement Shaman,1,-0.16,11.0,-1.2,-1.2,-1.2,-15.883,10.57,1943.0,Den of Nalorakk,11,2026-08-18,1943.0,7.0,0.0
all,T:Protection Warrior | H:Restoration Shaman | D:Devourer DemonHunter | D:Frost Mage | D:Arms Warrior,1,-0.16,10.0,30.6,30.6,30.6,-15.883,10.57,1417.0,Murder Row,10,2026-08-19,1417.0,10.0,0.0
all,T:Blood DeathKnight | H:Holy Paladin | D:Balance Druid | D:Elemental Shaman | D:Arms Warrior,15,-0.16,10.5,14.4,25.3,19.2,-15.883,10.57,1344.0,The Blinding Vale,10,2026-08-18,1511.0,4.13,0.0
all,T:Guardian Druid | H:Restoration Shaman | D:BeastMastery Hunter | D:Arcane Mage | D:Shadow Priest,3,-0.17,10.7,9.9,19.0,8.9,-15.883,10.57,1555.0,Den of Nalorakk,10,2026-08-19,1750.0,3.0,0.0
all,T:Blood DeathKnight | H:Discipline Priest | D:Retribution Paladin | D:Enhancement Shaman | D:Demonology Warlock,2,-0.17,10.5,15.0,25.9,15.0,-15.883,10.57,1334.0,The Blinding Vale,10,2026-08-19,1529.0,4.5,0.0
all,T:Blood DeathKnight | H:Restoration Druid | D:Devourer DemonHunter | D:Shadow Priest | D:Subtlety Rogue,1,-0.17,10.0,30.5,30.5,30.5,-15.883,10.57,1377.0,Kings' Rest,10,2026-08-19,1377.0,2.0,0.0
all,T:Protection Paladin | H:Restoration Shaman | D:Unholy DeathKnight | D:Arcane Mage | D:Retribution Paladin,1,-0.18,11.0,-1.3,-1.3,-1.3,-15.883,10.57,1702.0,Ruby Life Pools,11,2026-08-18,1702.0,14.0,0.0
all,T:Protection Paladin | H:Holy Priest | D:Unholy DeathKnight | D:Unholy DeathKnight | D:Arcane Mage,1,-0.18,11.0,-1.3,-1.3,-1.3,-15.883,10.57,1945.0,Temple of Sethraliss,11,2026-08-19,1945.0,11.0,0.0
all,T:Guardian Druid | H:Restoration Shaman | D:Unholy DeathKnight | D:Devourer DemonHunter | D:Arms Warrior,1,-0.18,11.0,-1.3,-1.3,-1.3,-15.883,10.57,1823.0,The Blinding Vale,11,2026-08-18,1823.0,5.0,0.0
all,T:Protection Warrior | H:Restoration Shaman | D:Devastation Evoker | D:BeastMastery Hunter | D:Shadow Priest,3,-0.18,10.7,9.9,18.2,8.1,-15.883,10.57,1570.0,Temple of Sethraliss,10,2026-08-19,1764.0,7.33,0.0
all,T:Guardian Druid | H:Restoration Shaman | D:Frost DeathKnight | D:Arcane Mage | D:Arms Warrior,2,-0.18,11.0,-0.8,23.8,-0.8,-15.883,10.57,1371.0,Altar of Fangs,10,2026-08-18,1816.0,12.0,0.0
all,T:Blood DeathKnight | H:Holy Paladin | D:Devastation Evoker | D:Elemental Shaman | D:Arms Warrior,9,-0.18,10.3,20.7,32.1,26.8,-15.883,10.57,1344.0,Kings' Rest,10,2026-08-18,1344.0,4.44,0.0
all,T:Protection Paladin | H:Holy Paladin | D:Windwalker Monk | D:Shadow Priest | D:Arms Warrior,1,-0.18,11.0,-1.3,-1.3,-1.3,-15.883,10.57,1824.0,The Blinding Vale,11,2026-08-18,1824.0,23.0,0.0
all,T:Vengeance DemonHunter | H:Mistweaver Monk | D:BeastMastery Hunter | D:Enhancement Shaman | D:Arms Warrior,1,-0.18,12.0,-33.1,-33.1,-33.1,-15.883,10.57,2716.0,Murder Row,12,2026-08-18,2716.0,26.0,0.0
all,T:Protection Paladin | H:Restoration Shaman | D:Feral Druid | D:Survival Hunter | D:Retribution Paladin,1,-0.18,11.0,-1.3,-1.3,-1.3,-15.883,10.57,2067.0,Murder Row,11,2026-08-19,2067.0,9.0,0.0
all,T:Protection Paladin | H:Discipline Priest | D:Unholy DeathKnight | D:Augmentation Evoker | D:Marksmanship Hunter,1,-0.18,11.0,-1.3,-1.3,-1.3,-15.883,10.57,1945.0,Den of Nalorakk,11,2026-08-19,1945.0,9.0,0.0
all,T:Brewmaster Monk | H:Holy Paladin | D:Unholy DeathKnight | D:Shadow Priest | D:Affliction Warlock,1,-0.18,11.0,-1.3,-1.3,-1.3,-15.883,10.57,1824.0,Voidscar Arena,11,2026-08-18,1824.0,6.0,0.0
all,T:Blood DeathKnight | H:Restoration Shaman | D:Retribution Paladin | D:Shadow Priest | D:Demonology Warlock,1,-0.19,11.0,-1.4,-1.4,-1.4,-15.883,10.57,1825.0,Voidscar Arena,11,2026-08-18,1825.0,10.0,0.0
all,T:Blood DeathKnight | H:Mistweaver Monk | D:Devourer DemonHunter | D:Augmentation Evoker | D:Demonology Warlock,1,-0.19,11.0,-1.4,-1.4,-1.4,-15.883,10.57,1826.0,Voidscar Arena,11,2026-08-18,1826.0,12.0,0.0
all,T:Protection Paladin | H:Preservation Evoker | D:Subtlety Rogue | D:Affliction Warlock | D:Arms Warrior,1,-0.19,11.0,-1.4,-1.4,-1.4,-15.883,10.57,1825.0,Altar of Fangs,11,2026-08-19,1825.0,5.0,0.0
all,T:Blood DeathKnight | H:Restoration Druid | D:Devastation Evoker | D:Frost Mage | D:Arms Warrior,1,-0.19,11.0,-1.4,-1.4,-1.4,-15.883,10.57,1825.0,Altar of Fangs,11,2026-08-18,1825.0,5.0,0.0
all,T:Vengeance DemonHunter | H:Holy Priest | D:Subtlety Rogue | D:Elemental Shaman | D:Arms Warrior,3,-0.2,10.0,31.0,36.9,34.7,-15.883,10.57,1135.0,The Blinding Vale,10,2026-08-19,1332.0,3.33,0.0
all,T:Protection Paladin | H:Holy Paladin | D:Unholy DeathKnight | D:Balance Druid | D:Elemental Shaman,5,-0.2,10.6,12.1,29.5,13.1,-15.883,10.57,1270.0,Voidscar Arena,10,2026-08-18,1669.0,1.4,0.0
all,T:Blood DeathKnight | H:Restoration Shaman | D:Havoc DemonHunter | D:Assassination Rogue | D:Enhancement Shaman,1,-0.21,10.0,30.3,30.3,30.3,-15.883,10.57,1255.0,The Blinding Vale,10,2026-08-19,1255.0,5.0,0.0
all,T:Blood DeathKnight | H:Holy Paladin | D:Unholy DeathKnight | D:Balance Druid | D:Shadow Priest,1,-0.21,10.0,30.3,30.3,30.3,-15.883,10.57,1255.0,Voidscar Arena,10,2026-08-19,1255.0,0.0,0.0
all,T:Protection Paladin | H:Holy Paladin | D:Balance Druid | D:Arcane Mage | D:Assassination Rogue,1,-0.21,10.0,30.3,30.3,30.3,-15.883,10.57,1255.0,Voidscar Arena,10,2026-08-18,1255.0,6.0,0.0
all,T:Blood DeathKnight | H:Discipline Priest | D:Arcane Mage | D:Demonology Warlock | D:Arms Warrior,1,-0.21,10.0,30.3,30.3,30.3,-15.883,10.57,1170.0,Ruby Life Pools,10,2026-08-18,1170.0,1.0,0.0
all,T:Protection Paladin | H:Restoration Druid | D:Arcane Mage | D:Shadow Priest | D:Elemental Shaman,1,-0.21,10.0,30.3,30.3,30.3,-15.883,10.57,1338.0,Den of Nalorakk,10,2026-08-18,1338.0,0.0,0.0
all,T:Blood DeathKnight | H:Restoration Shaman | D:BeastMastery Hunter | D:Arcane Mage | D:Demonology Warlock,2,-0.21,10.5,14.9,20.9,14.9,-15.883,10.57,1423.0,Voidscar Arena,10,2026-08-18,1476.0,7.0,0.0
all,T:Protection Warrior | H:Restoration Shaman | D:Balance Druid | D:Devastation Evoker | D:Arcane Mage,1,-0.21,10.0,30.3,30.3,30.3,-15.883,10.57,1381.0,Kings' Rest,10,2026-08-19,1381.0,0.0,0.0
all,T:Vengeance DemonHunter | H:Restoration Druid | D:Augmentation Evoker | D:BeastMastery Hunter | D:Arcane Mage,1,-0.21,11.0,-1.5,-1.5,-1.5,-15.883,10.57,2010.0,Kings' Rest,11,2026-08-19,2010.0,18.0,0.0
all,T:Blood DeathKnight | H:Restoration Shaman | D:Feral Druid | D:Assassination Rogue | D:Arms Warrior,1,-0.21,10.0,30.3,30.3,30.3,-15.883,10.57,1339.0,Den of Nalorakk,10,2026-08-19,1339.0,4.0,0.0
all,T:Vengeance DemonHunter | H:Restoration Shaman | D:Devourer DemonHunter | D:Havoc DemonHunter | D:Arcane Mage,1,-0.21,10.0,30.3,30.3,30.3,-15.883,10.57,1422.0,Murder Row,10,2026-08-19,1422.0,2.0,0.0
all,T:Protection Paladin | H:Restoration Shaman | D:BeastMastery Hunter | D:Retribution Paladin | D:Arms Warrior,1,-0.21,10.0,30.3,30.3,30.3,-15.883,10.57,1423.0,Murder Row,10,2026-08-19,1423.0,1.0,0.0
all,T:Protection Paladin | H:Restoration Shaman | D:Frost DeathKnight | D:Windwalker Monk | D:Arms Warrior,1,-0.21,10.0,30.3,30.3,30.3,-15.883,10.57,1255.0,Voidscar Arena,10,2026-08-18,1255.0,3.0,0.0
all,T:Blood DeathKnight | H:Restoration Shaman | D:Unholy DeathKnight | D:Devourer DemonHunter | D:Demonology Warlock,1,-0.21,11.0,-1.5,-1.5,-1.5,-15.883,10.57,1949.0,Den of Nalorakk,11,2026-08-18,1949.0,4.0,0.0
all,T:Guardian Druid | H:Restoration Druid | D:Havoc DemonHunter | D:Balance Druid | D:Arms Warrior,1,-0.22,10.0,30.2,30.2,30.2,-15.883,10.57,1256.0,Voidscar Arena,10,2026-08-19,1256.0,4.0,0.0
all,T:Vengeance DemonHunter | H:Restoration Shaman | D:Retribution Paladin | D:Assassination Rogue | D:Demonology Warlock,1,-0.23,11.0,-1.6,-1.6,-1.6,-15.883,10.57,1951.0,Den of Nalorakk,11,2026-08-18,1951.0,9.0,0.0
all,T:Protection Warrior | H:Restoration Shaman | D:Devastation Evoker | D:Retribution Paladin | D:Destruction Warlock,1,-0.23,11.0,-1.6,-1.6,-1.6,-15.883,10.57,1828.0,Voidscar Arena,11,2026-08-18,1828.0,13.0,0.0
all,T:Vengeance DemonHunter | H:Restoration Druid | D:Balance Druid | D:Arcane Mage | D:Demonology Warlock,2,-0.23,10.5,14.8,31.7,14.8,-15.883,10.57,1229.0,Voidscar Arena,10,2026-08-19,1532.0,10.0,0.0
all,T:Vengeance DemonHunter | H:Restoration Druid | D:Retribution Paladin | D:Shadow Priest | D:Subtlety Rogue,1,-0.24,11.0,-1.7,-1.7,-1.7,-15.883,10.57,1953.0,Temple of Sethraliss,11,2026-08-18,1953.0,4.0,0.0
all,T:Protection Paladin | H:Discipline Priest | D:Devourer DemonHunter | D:Subtlety Rogue | D:Demonology Warlock,1,-0.24,11.0,-1.7,-1.7,-1.7,-15.883,10.57,1952.0,Den of Nalorakk,11,2026-08-18,1952.0,20.0,0.0
all,T:Protection Paladin | H:Discipline Priest | D:Havoc DemonHunter | D:Enhancement Shaman | D:Arms Warrior,2,-0.24,10.5,14.8,17.0,14.8,-15.883,10.57,1594.0,Den of Nalorakk,10,2026-08-18,1689.0,3.5,0.0
all,T:Blood DeathKnight | H:Discipline Priest | D:Devourer DemonHunter | D:Windwalker Monk | D:Assassination Rogue,3,-0.24,10.0,30.9,31.4,30.8,-15.883,10.57,1235.0,Voidscar Arena,10,2026-08-19,1245.0,1.33,0.0
all,T:Vengeance DemonHunter | H:Restoration Shaman | D:Arcane Mage | D:Arcane Mage | D:Windwalker Monk,1,-0.24,11.0,-1.7,-1.7,-1.7,-15.883,10.57,1953.0,Den of Nalorakk,11,2026-08-18,1953.0,9.0,0.0
all,T:Protection Paladin | H:Discipline Priest | D:Balance Druid | D:Retribution Paladin | D:Elemental Shaman,7,-0.25,10.1,26.6,31.2,30.0,-15.883,10.57,1362.0,Kings' Rest,10,2026-08-18,1362.0,1.71,0.0
all,T:Protection Paladin | H:Restoration Druid | D:Unholy DeathKnight | D:Arcane Mage | D:Arms Warrior,1,-0.26,11.0,-1.8,-1.8,-1.8,-15.883,10.57,2016.0,Kings' Rest,11,2026-08-18,2016.0,9.0,0.0
all,T:Blood DeathKnight | H:Holy Paladin | D:Feral Druid | D:Windwalker Monk | D:Arms Warrior,1,-0.26,11.0,-1.8,-1.8,-1.8,-15.883,10.57,1833.0,Voidscar Arena,11,2026-08-18,1833.0,7.0,0.0
all,T:Guardian Druid | H:Preservation Evoker | D:Arcane Mage | D:Arcane Mage | D:Enhancement Shaman,1,-0.26,10.0,30.0,30.0,30.0,-15.883,10.57,1428.0,Murder Row,10,2026-08-18,1428.0,0.0,0.0
all,T:Brewmaster Monk | H:Preservation Evoker | D:Havoc DemonHunter | D:Balance Druid | D:Marksmanship Hunter,2,-0.26,10.5,14.8,21.9,14.8,-15.883,10.57,1594.0,Murder Row,10,2026-08-18,1684.0,3.0,0.0
all,T:Blood DeathKnight | H:Restoration Shaman | D:Havoc DemonHunter | D:Arcane Mage | D:Arcane Mage,1,-0.26,10.0,30.0,30.0,30.0,-15.883,10.57,1344.0,Den of Nalorakk,10,2026-08-19,1344.0,1.0,0.0
all,T:Blood DeathKnight | H:Restoration Shaman | D:Devastation Evoker | D:Shadow Priest | D:Destruction Warlock,1,-0.26,10.0,30.0,30.0,30.0,-15.883,10.57,1260.0,Voidscar Arena,10,2026-08-18,1260.0,1.0,0.0
all,T:Protection Paladin | H:Mistweaver Monk | D:Outlaw Rogue | D:Elemental Shaman | D:Arms Warrior,1,-0.26,11.0,-1.8,-1.8,-1.8,-15.883,10.57,1833.0,Voidscar Arena,11,2026-08-19,1833.0,7.0,0.0
all,T:Protection Paladin | H:Mistweaver Monk | D:Havoc DemonHunter | D:Subtlety Rogue | D:Demonology Warlock,1,-0.27,10.0,29.9,29.9,29.9,-15.883,10.57,1346.0,Temple of Sethraliss,10,2026-08-19,1346.0,1.0,0.0
all,T:Blood DeathKnight | H:Discipline Priest | D:Retribution Paladin | D:Subtlety Rogue | D:Elemental Shaman,1,-0.27,10.0,29.9,29.9,29.9,-15.883,10.57,1387.0,Kings' Rest,10,2026-08-19,1387.0,0.0,0.0
all,T:Blood DeathKnight | H:Holy Paladin | D:BeastMastery Hunter | D:Arcane Mage | D:Windwalker Monk,4,-0.27,10.8,7.1,30.8,12.2,-15.883,10.57,1411.0,Murder Row,10,2026-08-19,1627.0,9.25,0.0
all,T:Protection Warrior | H:Holy Paladin | D:Feral Druid | D:Marksmanship Hunter | D:Survival Hunter,2,-0.27,10.5,14.7,22.7,14.7,-15.883,10.57,1483.0,Den of Nalorakk,10,2026-08-18,1665.0,3.0,0.0
all,T:Vengeance DemonHunter | H:Mistweaver Monk | D:Balance Druid | D:Arcane Mage | D:Windwalker Monk,1,-0.27,10.0,29.9,29.9,29.9,-15.883,10.57,1178.0,Ruby Life Pools,10,2026-08-18,1178.0,2.0,0.0
all,T:Blood DeathKnight | H:Discipline Priest | D:Devourer DemonHunter | D:Devastation Evoker | D:Marksmanship Hunter,1,-0.27,10.0,29.9,29.9,29.9,-15.883,10.57,1177.0,Ruby Life Pools,10,2026-08-19,1177.0,1.0,0.0
all,T:Blood DeathKnight | H:Holy Priest | D:BeastMastery Hunter | D:Arcane Mage | D:Elemental Shaman,1,-0.27,10.0,29.9,29.9,29.9,-15.883,10.57,1387.0,Kings' Rest,10,2026-08-18,1387.0,2.0,0.0
all,T:Vengeance DemonHunter | H:Holy Paladin | D:Unholy DeathKnight | D:Arcane Mage | D:Demonology Warlock,1,-0.27,10.0,29.9,29.9,29.9,-15.883,10.57,1178.0,Ruby Life Pools,10,2026-08-18,1178.0,0.0,0.0
all,T:Brewmaster Monk | H:Preservation Evoker | D:Devastation Evoker | D:Marksmanship Hunter | D:Enhancement Shaman,4,-0.28,10.2,23.0,24.9,23.8,-15.883,10.57,1352.0,The Blinding Vale,10,2026-08-18,1520.0,7.75,0.0
all,T:Blood DeathKnight | H:Restoration Shaman | D:Windwalker Monk | D:Shadow Priest | D:Arms Warrior,2,-0.28,11.0,-1.2,7.4,-1.2,-15.883,10.57,1778.0,Den of Nalorakk,11,2026-08-18,1976.0,8.5,0.0
all,T:Blood DeathKnight | H:Discipline Priest | D:Havoc DemonHunter | D:Windwalker Monk | D:Assassination Rogue,1,-0.29,10.0,29.8,29.8,29.8,-15.883,10.57,1179.0,Ruby Life Pools,10,2026-08-19,1179.0,0.0,0.0
all,T:Guardian Druid | H:Preservation Evoker | D:Devourer DemonHunter | D:BeastMastery Hunter | D:Subtlety Rogue,2,-0.29,10.5,14.6,23.6,14.6,-15.883,10.57,1375.0,Voidscar Arena,10,2026-08-19,1536.0,2.0,0.0
all,T:Blood DeathKnight | H:Holy Paladin | D:Survival Hunter | D:Arcane Mage | D:Elemental Shaman,2,-0.29,10.5,14.6,19.2,14.6,-15.883,10.57,1600.0,Kings' Rest,11,2026-08-18,1609.0,5.5,0.0
all,T:Guardian Druid | H:Restoration Shaman | D:BeastMastery Hunter | D:Arms Warrior | D:Arms Warrior,1,-0.29,10.0,29.8,29.8,29.8,-15.883,10.57,1348.0,Den of Nalorakk,10,2026-08-18,1348.0,5.0,0.0
all,T:Blood DeathKnight | H:Holy Paladin | D:Devastation Evoker | D:Subtlety Rogue | D:Affliction Warlock,1,-0.29,10.0,29.8,29.8,29.8,-15.883,10.57,1263.0,Voidscar Arena,10,2026-08-18,1263.0,2.0,0.0
all,T:Protection Paladin | H:Holy Paladin | D:Survival Hunter | D:Arcane Mage | D:Shadow Priest,1,-0.29,10.0,29.8,29.8,29.8,-15.883,10.57,1432.0,Murder Row,10,2026-08-19,1432.0,1.0,0.0
all,T:Protection Warrior | H:Restoration Shaman | D:Balance Druid | D:Devastation Evoker | D:Outlaw Rogue,1,-0.29,10.0,29.8,29.8,29.8,-15.883,10.57,1348.0,Temple of Sethraliss,10,2026-08-19,1348.0,3.0,0.0
all,T:Protection Warrior | H:Restoration Shaman | D:BeastMastery Hunter | D:Survival Hunter | D:Elemental Shaman,1,-0.29,10.0,29.8,29.8,29.8,-15.883,10.57,1179.0,Ruby Life Pools,10,2026-08-18,1179.0,2.0,0.0
all,T:Guardian Druid | H:Restoration Shaman | D:Augmentation Evoker | D:Retribution Paladin | D:Elemental Shaman,1,-0.29,10.0,29.8,29.8,29.8,-15.883,10.57,1433.0,Murder Row,10,2026-08-19,1433.0,1.0,0.0
all,T:Guardian Druid | H:Restoration Shaman | D:Augmentation Evoker | D:Survival Hunter | D:Arms Warrior,1,-0.29,10.0,29.8,29.8,29.8,-15.883,10.57,1180.0,Ruby Life Pools,10,2026-08-18,1180.0,5.0,0.0
all,T:Blood DeathKnight | H:Discipline Priest | D:Devastation Evoker | D:Arcane Mage | D:Enhancement Shaman,2,-0.3,10.5,14.6,27.6,14.6,-15.883,10.57,1477.0,Murder Row,10,2026-08-18,1624.0,4.5,0.0
all,T:Blood DeathKnight | H:Holy Paladin | D:Unholy DeathKnight | D:Devourer DemonHunter | D:BeastMastery Hunter,2,-0.3,10.5,14.6,24.1,14.6,-15.883,10.57,1457.0,Temple of Sethraliss,10,2026-08-19,1640.0,4.0,0.0
all,T:Blood DeathKnight | H:Restoration Druid | D:Havoc DemonHunter | D:Balance Druid | D:Devastation Evoker,2,-0.3,10.5,14.6,19.6,14.6,-15.883,10.57,1446.0,Altar of Fangs,10,2026-08-18,1645.0,6.0,0.0
all,T:Guardian Druid | H:Restoration Shaman | D:Outlaw Rogue | D:Elemental Shaman | D:Destruction Warlock,1,-0.31,10.0,29.7,29.7,29.7,-15.883,10.57,1434.0,Murder Row,10,2026-08-19,1434.0,0.0,0.0
all,T:Blood DeathKnight | H:Restoration Shaman | D:Shadow Priest | D:Enhancement Shaman | D:Demonology Warlock,1,-0.31,11.0,-2.1,-2.1,-2.1,-15.883,10.57,2021.0,Kings' Rest,11,2026-08-18,2021.0,8.0,0.0
all,T:Guardian Druid | H:Restoration Shaman | D:Unholy DeathKnight | D:Shadow Priest | D:Destruction Warlock,1,-0.31,11.0,-2.1,-2.1,-2.1,-15.883,10.57,1838.0,The Blinding Vale,11,2026-08-18,1838.0,9.0,0.0
all,T:Vengeance DemonHunter | H:Discipline Priest | D:Arcane Mage | D:Arms Warrior | D:Arms Warrior,1,-0.31,10.0,29.7,29.7,29.7,-15.883,10.57,1265.0,Voidscar Arena,10,2026-08-19,1265.0,1.0,0.0
all,T:Blood DeathKnight | H:Holy Priest | D:Arcane Mage | D:Retribution Paladin | D:Arms Warrior,1,-0.31,11.0,-2.1,-2.1,-2.1,-15.883,10.57,1837.0,The Blinding Vale,11,2026-08-19,1837.0,6.0,0.0
all,T:Brewmaster Monk | H:Holy Paladin | D:Devourer DemonHunter | D:Windwalker Monk | D:Arms Warrior,1,-0.31,10.0,29.7,29.7,29.7,-15.883,10.57,1266.0,Voidscar Arena,10,2026-08-18,1266.0,0.0,0.0
all,T:Brewmaster Monk | H:Preservation Evoker | D:Frost DeathKnight | D:Retribution Paladin | D:Shadow Priest,1,-0.31,11.0,-2.1,-2.1,-2.1,-15.883,10.57,1961.0,Temple of Sethraliss,11,2026-08-18,1961.0,15.0,0.0
all,T:Guardian Druid | H:Discipline Priest | D:BeastMastery Hunter | D:Frost Mage | D:Arms Warrior,1,-0.32,10.0,29.6,29.6,29.6,-15.883,10.57,1437.0,Murder Row,10,2026-08-19,1437.0,0.0,0.0
all,T:Brewmaster Monk | H:Holy Paladin | D:Unholy DeathKnight | D:Arcane Mage | D:Retribution Paladin,1,-0.32,12.0,-33.9,-33.9,-33.9,-15.883,10.57,2571.0,Den of Nalorakk,12,2026-08-18,2571.0,15.0,0.0
all,T:Blood DeathKnight | H:Mistweaver Monk | D:Havoc DemonHunter | D:Arcane Mage | D:Retribution Paladin,2,-0.32,11.0,-1.3,18.5,-1.3,-15.883,10.57,1564.0,Temple of Sethraliss,11,2026-08-19,1800.0,7.0,0.0
all,T:Protection Paladin | H:Restoration Shaman | D:Devourer DemonHunter | D:Arcane Mage | D:Arcane Mage,1,-0.33,11.0,-2.2,-2.2,-2.2,-15.883,10.57,1840.0,The Blinding Vale,11,2026-08-18,1840.0,13.0,0.0
all,T:Protection Warrior | H:Restoration Shaman | D:Shadow Priest | D:Elemental Shaman | D:Arms Warrior,1,-0.34,11.0,-2.3,-2.3,-2.3,-15.883,10.57,1965.0,Temple of Sethraliss,11,2026-08-19,1965.0,6.0,0.0
all,T:Guardian Druid | H:Holy Paladin | D:Retribution Paladin | D:Elemental Shaman | D:Arms Warrior,2,-0.34,10.5,14.4,29.6,14.4,-15.883,10.57,1267.0,Voidscar Arena,10,2026-08-18,1540.0,5.0,0.0
all,T:Brewmaster Monk | H:Restoration Shaman | D:Devourer DemonHunter | D:Marksmanship Hunter | D:Arcane Mage,1,-0.34,10.0,29.5,29.5,29.5,-15.883,10.57,1354.0,Den of Nalorakk,10,2026-08-19,1354.0,2.0,0.0
all,T:Protection Warrior | H:Preservation Evoker | D:Augmentation Evoker | D:BeastMastery Hunter | D:Elemental Shaman,1,-0.34,11.0,-2.3,-2.3,-2.3,-15.883,10.57,1842.0,Voidscar Arena,11,2026-08-18,1842.0,25.0,0.0
all,T:Protection Paladin | H:Discipline Priest | D:Arcane Mage | D:Fire Mage | D:Shadow Priest,1,-0.34,11.0,-2.3,-2.3,-2.3,-15.883,10.57,1718.0,Ruby Life Pools,11,2026-08-18,1718.0,7.0,0.0
all,T:Guardian Druid | H:Holy Paladin | D:Marksmanship Hunter | D:Arcane Mage | D:Elemental Shaman,2,-0.35,10.0,30.3,30.8,30.3,-15.883,10.57,1370.0,Kings' Rest,10,2026-08-19,1359.0,1.5,0.0
all,T:Protection Paladin | H:Mistweaver Monk | D:Unholy DeathKnight | D:BeastMastery Hunter | D:Arms Warrior,2,-0.35,10.0,30.3,31.2,30.3,-15.883,10.57,1238.0,Voidscar Arena,10,2026-08-18,1318.0,1.0,0.0
all,T:Protection Paladin | H:Restoration Shaman | D:Unholy DeathKnight | D:Subtlety Rogue | D:Elemental Shaman,1,-0.36,11.0,-2.4,-2.4,-2.4,-15.883,10.57,2089.0,Murder Row,11,2026-08-18,2089.0,9.0,0.0
all,T:Blood DeathKnight | H:Restoration Druid | D:Windwalker Monk | D:Windwalker Monk | D:Subtlety Rogue,2,-0.36,11.0,-1.5,1.8,-1.5,-15.883,10.57,1886.0,Temple of Sethraliss,11,2026-08-18,1949.0,6.0,0.0
all,T:Protection Warrior | H:Restoration Shaman | D:Retribution Paladin | D:Assassination Rogue | D:Arms Warrior,1,-0.36,11.0,-2.4,-2.4,-2.4,-15.883,10.57,1843.0,Voidscar Arena,11,2026-08-19,1843.0,18.0,0.0
all,T:Vengeance DemonHunter | H:Mistweaver Monk | D:Balance Druid | D:Elemental Shaman | D:Arms Warrior,1,-0.37,10.0,29.3,29.3,29.3,-15.883,10.57,1400.0,Kings' Rest,10,2026-08-18,1400.0,2.0,0.0
all,T:Protection Warrior | H:Restoration Shaman | D:Marksmanship Hunter | D:Fire Mage | D:Demonology Warlock,1,-0.37,10.0,29.3,29.3,29.3,-15.883,10.57,1272.0,Voidscar Arena,10,2026-08-18,1272.0,3.0,0.0
all,T:Guardian Druid | H:Holy Paladin | D:Devourer DemonHunter | D:BeastMastery Hunter | D:Retribution Paladin,1,-0.37,10.0,29.3,29.3,29.3,-15.883,10.57,1273.0,Voidscar Arena,10,2026-08-19,1273.0,1.0,0.0
all,T:Blood DeathKnight | H:Discipline Priest | D:Marksmanship Hunter | D:Subtlety Rogue | D:Arms Warrior,2,-0.37,10.0,30.2,31.7,30.2,-15.883,10.57,1230.0,The Blinding Vale,10,2026-08-18,1299.0,1.0,0.0
all,T:Blood DeathKnight | H:Restoration Shaman | D:Balance Druid | D:Windwalker Monk | D:Retribution Paladin,1,-0.37,10.0,29.3,29.3,29.3,-15.883,10.57,1272.0,Voidscar Arena,10,2026-08-19,1272.0,2.0,0.0
all,T:Brewmaster Monk | H:Holy Paladin | D:Devourer DemonHunter | D:Marksmanship Hunter | D:Demonology Warlock,4,-0.38,10.2,22.7,25.7,23.7,-15.883,10.57,1470.0,Kings' Rest,10,2026-08-18,1500.0,5.25,0.0
all,T:Protection Warrior | H:Restoration Shaman | D:Unholy DeathKnight | D:Arcane Mage | D:Arms Warrior,4,-0.38,10.8,6.8,26.9,7.5,-15.883,10.57,1404.0,Den of Nalorakk,10,2026-08-18,1780.0,9.75,0.0
all,T:Guardian Druid | H:Restoration Shaman | D:Outlaw Rogue | D:Arms Warrior | D:Arms Warrior,1,-0.39,10.0,29.2,29.2,29.2,-15.883,10.57,1274.0,Voidscar Arena,10,2026-08-18,1274.0,2.0,0.0
all,T:Guardian Druid | H:Discipline Priest | D:Havoc DemonHunter | D:Balance Druid | D:Assassination Rogue,3,-0.39,10.3,19.9,27.4,20.2,-15.883,10.57,1306.0,Voidscar Arena,10,2026-08-18,1533.0,4.0,0.0
all,T:Blood DeathKnight | H:Restoration Druid | D:BeastMastery Hunter | D:Arcane Mage | D:Elemental Shaman,1,-0.39,10.0,29.2,29.2,29.2,-15.883,10.57,1444.0,Murder Row,10,2026-08-18,1444.0,0.0,0.0
all,T:Protection Warrior | H:Holy Paladin | D:Unholy DeathKnight | D:Arcane Mage | D:Destruction Warlock,2,-0.39,10.5,14.3,25.9,14.3,-15.883,10.57,1334.0,Voidscar Arena,10,2026-08-18,1543.0,4.0,0.0
all,T:Blood DeathKnight | H:Holy Paladin | D:Devastation Evoker | D:Arcane Mage | D:Demonology Warlock,1,-0.39,10.0,29.2,29.2,29.2,-15.883,10.57,1359.0,Temple of Sethraliss,10,2026-08-19,1359.0,4.0,0.0
all,T:Guardian Druid | H:Discipline Priest | D:Balance Druid | D:Devastation Evoker | D:Destruction Warlock,1,-0.41,11.0,-2.7,-2.7,-2.7,-15.883,10.57,1972.0,Temple of Sethraliss,11,2026-08-19,1972.0,9.0,0.0
all,T:Protection Paladin | H:Restoration Shaman | D:Havoc DemonHunter | D:Havoc DemonHunter | D:Shadow Priest,1,-0.41,10.0,29.1,29.1,29.1,-15.883,10.57,1277.0,The Blinding Vale,10,2026-08-18,1277.0,2.0,0.0
all,T:Guardian Druid | H:Mistweaver Monk | D:BeastMastery Hunter | D:Outlaw Rogue | D:Arms Warrior,2,-0.41,10.5,14.2,17.2,14.2,-15.883,10.57,1490.0,Altar of Fangs,10,2026-08-19,1491.0,6.5,0.0
all,T:Blood DeathKnight | H:Holy Paladin | D:Devastation Evoker | D:Arcane Mage | D:Arms Warrior,1,-0.41,11.0,-2.7,-2.7,-2.7,-15.883,10.57,1849.0,Altar of Fangs,11,2026-08-19,1849.0,3.0,0.0
all,T:Blood DeathKnight | H:Discipline Priest | D:Arcane Mage | D:Assassination Rogue | D:Elemental Shaman,1,-0.41,10.0,29.1,29.1,29.1,-15.883,10.57,1403.0,Kings' Rest,10,2026-08-18,1403.0,2.0,0.0
all,T:Vengeance DemonHunter | H:Restoration Shaman | D:Frost Mage | D:Elemental Shaman | D:Demonology Warlock,1,-0.41,10.0,29.1,29.1,29.1,-15.883,10.57,1276.0,Voidscar Arena,10,2026-08-18,1276.0,2.0,0.0
all,T:Protection Paladin | H:Restoration Shaman | D:Devourer DemonHunter | D:Devastation Evoker | D:Elemental Shaman,4,-0.42,11.0,-1.2,15.9,0.6,-15.883,10.57,1514.0,Altar of Fangs,10,2026-08-19,1910.0,6.0,0.0
all,T:Blood DeathKnight | H:Mistweaver Monk | D:Havoc DemonHunter | D:BeastMastery Hunter | D:Elemental Shaman,1,-0.42,10.0,29.0,29.0,29.0,-15.883,10.57,1364.0,Temple of Sethraliss,10,2026-08-19,1364.0,5.0,0.0
all,T:Protection Warrior | H:Holy Paladin | D:BeastMastery Hunter | D:Retribution Paladin | D:Arms Warrior,1,-0.42,10.0,29.0,29.0,29.0,-15.883,10.57,1363.0,Temple of Sethraliss,10,2026-08-18,1363.0,1.0,0.0
all,T:Blood DeathKnight | H:Mistweaver Monk | D:Assassination Rogue | D:Elemental Shaman | D:Arms Warrior,1,-0.42,10.0,29.0,29.0,29.0,-15.883,10.57,1278.0,Altar of Fangs,10,2026-08-19,1278.0,2.0,0.0
all,T:Protection Paladin | H:Holy Paladin | D:BeastMastery Hunter | D:Outlaw Rogue | D:Elemental Shaman,1,-0.42,10.0,29.0,29.0,29.0,-15.883,10.57,1192.0,Ruby Life Pools,10,2026-08-19,1192.0,3.0,0.0
all,T:Vengeance DemonHunter | H:Holy Paladin | D:Frost Mage | D:Shadow Priest | D:Elemental Shaman,1,-0.42,10.0,29.0,29.0,29.0,-15.883,10.57,1449.0,Murder Row,10,2026-08-18,1449.0,3.0,0.0
all,T:Blood DeathKnight | H:Holy Priest | D:Devastation Evoker | D:Retribution Paladin | D:Shadow Priest,6,-0.42,10.2,25.5,34.2,25.6,-15.883,10.57,1105.0,Ruby Life Pools,10,2026-08-18,1435.0,3.33,0.0
all,T:Protection Paladin | H:Holy Paladin | D:Balance Druid | D:Enhancement Shaman | D:Arms Warrior,1,-0.43,11.0,-2.8,-2.8,-2.8,-15.883,10.57,1851.0,Voidscar Arena,11,2026-08-19,1851.0,11.0,0.0
all,T:Blood DeathKnight | H:Holy Paladin | D:Arcane Mage | D:Frost Mage | D:Elemental Shaman,1,-0.43,11.0,-2.8,-2.8,-2.8,-15.883,10.57,1851.0,Altar of Fangs,11,2026-08-19,1851.0,15.0,0.0
all,T:Guardian Druid | H:Restoration Shaman | D:Balance Druid | D:Enhancement Shaman | D:Demonology Warlock,1,-0.43,11.0,-2.8,-2.8,-2.8,-15.883,10.57,1974.0,Temple of Sethraliss,11,2026-08-19,1974.0,15.0,0.0
all,T:Brewmaster Monk | H:Discipline Priest | D:Devourer DemonHunter | D:Windwalker Monk | D:Subtlety Rogue,5,-0.44,10.4,17.9,28.3,14.3,-15.883,10.57,1420.0,Kings' Rest,10,2026-08-19,1578.0,4.0,0.0
all,T:Guardian Druid | H:Restoration Shaman | D:Devourer DemonHunter | D:Arcane Mage | D:Windwalker Monk,1,-0.44,11.0,-2.9,-2.9,-2.9,-15.883,10.57,1975.0,Den of Nalorakk,11,2026-08-18,1975.0,6.0,0.0
all,T:Guardian Druid | H:Holy Paladin | D:BeastMastery Hunter | D:Demonology Warlock | D:Fury Warrior,1,-0.44,10.0,28.9,28.9,28.9,-15.883,10.57,1451.0,Murder Row,10,2026-08-18,1451.0,1.0,0.0
all,T:Protection Paladin | H:Mistweaver Monk | D:Arcane Mage | D:Windwalker Monk | D:Retribution Paladin,1,-0.44,11.0,-2.9,-2.9,-2.9,-15.883,10.57,1852.0,Altar of Fangs,11,2026-08-18,1852.0,13.0,0.0
all,T:Protection Paladin | H:Holy Priest | D:Subtlety Rogue | D:Elemental Shaman | D:Arms Warrior,3,-0.44,10.0,30.4,32.8,29.7,-15.883,10.57,1332.0,Kings' Rest,10,2026-08-18,1285.0,1.0,0.0
all,T:Protection Warrior | H:Discipline Priest | D:Unholy DeathKnight | D:Devourer DemonHunter | D:Balance Druid,1,-0.44,11.0,-2.9,-2.9,-2.9,-15.883,10.57,1852.0,Altar of Fangs,11,2026-08-18,1852.0,12.0,0.0
all,T:Guardian Druid | H:Restoration Shaman | D:Arcane Mage | D:Retribution Paladin | D:Retribution Paladin,1,-0.44,11.0,-2.9,-2.9,-2.9,-15.883,10.57,1852.0,Altar of Fangs,11,2026-08-19,1852.0,9.0,0.0
all,T:Protection Paladin | H:Discipline Priest | D:Balance Druid | D:Arcane Mage | D:Retribution Paladin,1,-0.44,11.0,-2.9,-2.9,-2.9,-15.883,10.57,1852.0,The Blinding Vale,11,2026-08-18,1852.0,10.0,0.0
all,T:Guardian Druid | H:Restoration Shaman | D:Devourer DemonHunter | D:Subtlety Rogue | D:Demonology Warlock,1,-0.44,10.0,28.9,28.9,28.9,-15.883,10.57,1407.0,Kings' Rest,10,2026-08-18,1407.0,0.0,0.0
all,T:Guardian Druid | H:Holy Paladin | D:Devastation Evoker | D:Devastation Evoker | D:Arcane Mage,1,-0.46,10.0,28.8,28.8,28.8,-15.883,10.57,1282.0,The Blinding Vale,10,2026-08-19,1282.0,0.0,0.0
all,T:Blood DeathKnight | H:Mistweaver Monk | D:Balance Druid | D:Arcane Mage | D:Assassination Rogue,1,-0.46,11.0,-3.0,-3.0,-3.0,-15.883,10.57,1854.0,Voidscar Arena,11,2026-08-18,1854.0,13.0,0.0
all,T:Vengeance DemonHunter | H:Holy Paladin | D:Elemental Shaman | D:Demonology Warlock | D:Arms Warrior,1,-0.46,10.0,28.8,28.8,28.8,-15.883,10.57,1453.0,Murder Row,10,2026-08-19,1453.0,0.0,0.0
all,T:Protection Paladin | H:Discipline Priest | D:Devastation Evoker | D:Arcane Mage | D:Subtlety Rogue,1,-0.46,11.0,-3.0,-3.0,-3.0,-15.883,10.57,1977.0,Den of Nalorakk,11,2026-08-18,1977.0,8.0,0.0
all,T:Protection Warrior | H:Holy Paladin | D:Unholy DeathKnight | D:Devourer DemonHunter | D:Enhancement Shaman,1,-0.46,10.0,28.8,28.8,28.8,-15.883,10.57,1410.0,Kings' Rest,10,2026-08-18,1410.0,4.0,0.0
all,T:Blood DeathKnight | H:Discipline Priest | D:Unholy DeathKnight | D:Devourer DemonHunter | D:Arms Warrior,1,-0.46,10.0,28.8,28.8,28.8,-15.883,10.57,1409.0,Kings' Rest,10,2026-08-18,1409.0,2.0,0.0
all,T:Blood DeathKnight | H:Restoration Shaman | D:Frost DeathKnight | D:Feral Druid | D:Arms Warrior,2,-0.46,10.5,14.0,28.3,14.0,-15.883,10.57,1290.0,Voidscar Arena,10,2026-08-19,1547.0,5.5,0.0
all,T:Blood DeathKnight | H:Mistweaver Monk | D:Devourer DemonHunter | D:Balance Druid | D:Subtlety Rogue,1,-0.47,10.0,28.7,28.7,28.7,-15.883,10.57,1284.0,The Blinding Vale,10,2026-08-19,1284.0,2.0,0.0
all,T:Protection Paladin | H:Restoration Shaman | D:Unholy DeathKnight | D:Havoc DemonHunter | D:Fury Warrior,2,-0.47,10.5,14.0,22.7,14.0,-15.883,10.57,1531.0,Kings' Rest,10,2026-08-19,1674.0,5.5,0.0
all,T:Guardian Druid | H:Holy Paladin | D:Devourer DemonHunter | D:Devastation Evoker | D:Devastation Evoker,1,-0.47,10.0,28.7,28.7,28.7,-15.883,10.57,1283.0,The Blinding Vale,10,2026-08-18,1283.0,2.0,0.0
all,T:Blood DeathKnight | H:Restoration Shaman | D:Arcane Mage | D:Windwalker Monk | D:Arms Warrior,5,-0.47,10.8,5.2,21.3,8.2,-15.883,10.57,1417.0,The Blinding Vale,10,2026-08-18,1808.0,10.8,0.0
all,T:Guardian Druid | H:Restoration Shaman | D:Unholy DeathKnight | D:Arcane Mage | D:Retribution Paladin,2,-0.47,10.5,14.0,17.8,14.0,-15.883,10.57,1479.0,Voidscar Arena,10,2026-08-19,1628.0,4.5,0.0
all,T:Blood DeathKnight | H:Restoration Shaman | D:Balance Druid | D:Shadow Priest | D:Elemental Shaman,1,-0.47,10.0,28.7,28.7,28.7,-15.883,10.57,1198.0,Ruby Life Pools,10,2026-08-18,1198.0,1.0,0.0
all,T:Protection Paladin | H:Preservation Evoker | D:Arcane Mage | D:Shadow Priest | D:Destruction Warlock,3,-0.47,10.3,19.7,23.8,21.3,-15.883,10.57,1280.0,Ruby Life Pools,10,2026-08-18,1558.0,3.0,0.0
all,T:Protection Paladin | H:Preservation Evoker | D:Balance Druid | D:Enhancement Shaman | D:Arms Warrior,1,-0.49,10.0,28.6,28.6,28.6,-15.883,10.57,1414.0,Kings' Rest,10,2026-08-18,1414.0,3.0,0.0
all,T:Blood DeathKnight | H:Holy Paladin | D:Devourer DemonHunter | D:Feral Druid | D:Elemental Shaman,2,-0.49,10.5,14.0,14.8,14.0,-15.883,10.57,1636.0,Den of Nalorakk,10,2026-08-19,1600.0,6.0,0.0
all,T:Blood DeathKnight | H:Mistweaver Monk | D:BeastMastery Hunter | D:Arcane Mage | D:Frost Mage,1,-0.49,11.0,-3.2,-3.2,-3.2,-15.883,10.57,1981.0,Den of Nalorakk,11,2026-08-18,1981.0,19.0,0.0
all,T:Blood DeathKnight | H:Restoration Druid | D:Frost DeathKnight | D:Devourer DemonHunter | D:Arcane Mage,2,-0.49,10.5,14.0,17.5,14.0,-15.883,10.57,1584.0,Temple of Sethraliss,10,2026-08-19,1652.0,6.0,0.0
all,T:Vengeance DemonHunter | H:Restoration Shaman | D:Balance Druid | D:Outlaw Rogue | D:Elemental Shaman,1,-0.51,11.0,-3.3,-3.3,-3.3,-15.883,10.57,1736.0,Ruby Life Pools,11,2026-08-19,1736.0,16.0,0.0
all,T:Guardian Druid | H:Restoration Shaman | D:Balance Druid | D:Arcane Mage | D:Demonology Warlock,2,-0.51,10.5,13.8,21.4,13.8,-15.883,10.57,1604.0,Murder Row,10,2026-08-18,1730.0,3.5,0.0
all,T:Blood DeathKnight | H:Restoration Shaman | D:Shadow Priest | D:Outlaw Rogue | D:Arms Warrior,4,-0.51,10.0,30.4,33.9,29.5,-15.883,10.57,1110.0,Ruby Life Pools,10,2026-08-18,1276.0,3.0,0.0
all,T:Vengeance DemonHunter | H:Discipline Priest | D:Arcane Mage | D:Arcane Mage | D:Affliction Warlock,2,-0.51,10.5,13.8,24.1,13.8,-15.883,10.57,1458.0,Den of Nalorakk,10,2026-08-18,1712.0,7.0,0.0
all,T:Protection Paladin | H:Holy Paladin | D:Frost DeathKnight | D:Arcane Mage | D:Assassination Rogue,1,-0.51,11.0,-3.3,-3.3,-3.3,-15.883,10.57,1860.0,Altar of Fangs,11,2026-08-19,1860.0,5.0,0.0
all,T:Brewmaster Monk | H:Holy Paladin | D:Devourer DemonHunter | D:Devourer DemonHunter | D:Arms Warrior,2,-0.51,10.0,29.8,31.1,29.8,-15.883,10.57,1240.0,Voidscar Arena,10,2026-08-18,1222.0,3.5,0.0
all,T:Vengeance DemonHunter | H:Restoration Shaman | D:Devastation Evoker | D:Arcane Mage | D:Destruction Warlock,1,-0.51,10.0,28.5,28.5,28.5,-15.883,10.57,1458.0,Murder Row,10,2026-08-19,1458.0,5.0,0.0
all,T:Blood DeathKnight | H:Holy Paladin | D:Devourer DemonHunter | D:Windwalker Monk | D:Shadow Priest,2,-0.51,10.5,13.8,21.6,13.8,-15.883,10.57,1318.0,Ruby Life Pools,10,2026-08-18,1504.0,4.0,0.0
all,T:Protection Paladin | H:Preservation Evoker | D:Arcane Mage | D:Shadow Priest | D:Arms Warrior,1,-0.52,10.0,28.4,28.4,28.4,-15.883,10.57,1375.0,Temple of Sethraliss,10,2026-08-19,1375.0,2.0,0.0
all,T:Blood DeathKnight | H:Mistweaver Monk | D:BeastMastery Hunter | D:Frost Mage | D:Windwalker Monk,1,-0.52,10.0,28.4,28.4,28.4,-15.883,10.57,1289.0,Voidscar Arena,10,2026-08-19,1289.0,10.0,0.0
all,T:Blood DeathKnight | H:Restoration Shaman | D:Unholy DeathKnight | D:Devourer DemonHunter | D:Balance Druid,1,-0.53,11.0,-3.4,-3.4,-3.4,-15.883,10.57,2110.0,Murder Row,11,2026-08-19,2110.0,13.0,0.0
all,T:Blood DeathKnight | H:Holy Paladin | D:Balance Druid | D:Assassination Rogue | D:Elemental Shaman,1,-0.53,11.0,-3.4,-3.4,-3.4,-15.883,10.57,1862.0,Altar of Fangs,11,2026-08-18,1862.0,7.0,0.0
all,T:Blood DeathKnight | H:Holy Paladin | D:BeastMastery Hunter | D:Elemental Shaman | D:Arms Warrior,2,-0.53,10.5,13.8,23.5,13.8,-15.883,10.57,1376.0,The Blinding Vale,10,2026-08-19,1551.0,5.5,0.0
all,T:Protection Paladin | H:Discipline Priest | D:Devastation Evoker | D:Marksmanship Hunter | D:Arcane Mage,3,-0.53,10.3,19.5,29.1,24.6,-15.883,10.57,1192.0,Ruby Life Pools,10,2026-08-19,1538.0,5.33,0.0
all,T:Blood DeathKnight | H:Discipline Priest | D:Unholy DeathKnight | D:Devourer DemonHunter | D:Arcane Mage,1,-0.53,11.0,-3.4,-3.4,-3.4,-15.883,10.57,1986.0,Den of Nalorakk,11,2026-08-18,1986.0,14.0,0.0
all,T:Protection Warrior | H:Discipline Priest | D:BeastMastery Hunter | D:BeastMastery Hunter | D:Arms Warrior,2,-0.54,10.5,13.8,25.3,13.8,-15.883,10.57,1478.0,Kings' Rest,10,2026-08-18,1678.0,4.0,0.0
all,T:Protection Paladin | H:Holy Paladin | D:Marksmanship Hunter | D:Arcane Mage | D:Windwalker Monk,2,-0.54,10.5,13.8,18.1,13.8,-15.883,10.57,1474.0,Altar of Fangs,10,2026-08-18,1552.0,9.5,0.0
all,T:Vengeance DemonHunter | H:Mistweaver Monk | D:Balance Druid | D:Survival Hunter | D:Demonology Warlock,2,-0.54,10.5,13.8,18.8,13.8,-15.883,10.57,1559.0,Temple of Sethraliss,10,2026-08-18,1656.0,4.5,0.0
all,T:Protection Paladin | H:Holy Paladin | D:Balance Druid | D:Devastation Evoker | D:Affliction Warlock,1,-0.54,11.0,-3.5,-3.5,-3.5,-15.883,10.57,1863.0,The Blinding Vale,11,2026-08-19,1863.0,2.0,0.0
all,T:Blood DeathKnight | H:Preservation Evoker | D:Retribution Paladin | D:Retribution Paladin | D:Destruction Warlock,3,-0.54,11.0,-1.7,4.0,2.9,-15.883,10.57,1612.0,Ruby Life Pools,11,2026-08-18,1748.0,13.33,0.0
all,T:Protection Paladin | H:Restoration Shaman | D:Arcane Mage | D:Elemental Shaman | D:Demonology Warlock,1,-0.54,11.0,-3.5,-3.5,-3.5,-15.883,10.57,1863.0,Altar of Fangs,11,2026-08-18,1863.0,7.0,0.0
all,T:Blood DeathKnight | H:Discipline Priest | D:Devourer DemonHunter | D:Arcane Mage | D:Shadow Priest,1,-0.54,11.0,-3.5,-3.5,-3.5,-15.883,10.57,1987.0,Temple of Sethraliss,11,2026-08-18,1987.0,14.0,0.0
all,T:Blood DeathKnight | H:Discipline Priest | D:BeastMastery Hunter | D:Subtlety Rogue | D:Arms Warrior,7,-0.55,10.1,26.0,30.7,28.6,-15.883,10.57,1247.0,Voidscar Arena,10,2026-08-19,1384.0,3.57,0.0
all,T:Guardian Druid | H:Mistweaver Monk | D:BeastMastery Hunter | D:Arcane Mage | D:Retribution Paladin,3,-0.55,10.3,19.5,28.2,20.0,-15.883,10.57,1422.0,Kings' Rest,10,2026-08-18,1537.0,4.0,0.0
all,T:Brewmaster Monk | H:Restoration Druid | D:Balance Druid | D:BeastMastery Hunter | D:Demonology Warlock,4,-0.56,10.0,30.3,34.8,30.6,-15.883,10.57,1174.0,Voidscar Arena,10,2026-08-19,1393.0,0.75,0.0
all,T:Blood DeathKnight | H:Mistweaver Monk | D:Windwalker Monk | D:Retribution Paladin | D:Elemental Shaman,1,-0.56,11.0,-3.6,-3.6,-3.6,-15.883,10.57,1865.0,Voidscar Arena,11,2026-08-18,1865.0,18.0,0.0
all,T:Protection Warrior | H:Preservation Evoker | D:Frost DeathKnight | D:Unholy DeathKnight | D:Arms Warrior,1,-0.56,11.0,-3.6,-3.6,-3.6,-15.883,10.57,1865.0,Voidscar Arena,11,2026-08-19,1865.0,17.0,0.0
all,T:Blood DeathKnight | H:Restoration Shaman | D:Marksmanship Hunter | D:Subtlety Rogue | D:Enhancement Shaman,1,-0.56,11.0,-3.6,-3.6,-3.6,-15.883,10.57,1865.0,Altar of Fangs,11,2026-08-18,1865.0,8.0,0.0
all,T:Blood DeathKnight | H:Holy Paladin | D:Retribution Paladin | D:Retribution Paladin | D:Shadow Priest,1,-0.56,10.0,28.2,28.2,28.2,-15.883,10.57,1465.0,Murder Row,10,2026-08-19,1465.0,2.0,0.0
all,T:Protection Warrior | H:Holy Paladin | D:Frost DeathKnight | D:Arcane Mage | D:Enhancement Shaman,1,-0.56,10.0,28.2,28.2,28.2,-15.883,10.57,1292.0,Voidscar Arena,10,2026-08-18,1292.0,6.0,0.0
all,T:Blood DeathKnight | H:Discipline Priest | D:Balance Druid | D:BeastMastery Hunter | D:Subtlety Rogue,1,-0.56,10.0,28.2,28.2,28.2,-15.883,10.57,1464.0,Murder Row,10,2026-08-19,1464.0,1.0,0.0
all,T:Blood DeathKnight | H:Discipline Priest | D:BeastMastery Hunter | D:Windwalker Monk | D:Retribution Paladin,1,-0.56,10.0,28.2,28.2,28.2,-15.883,10.57,1466.0,Murder Row,10,2026-08-19,1466.0,3.0,0.0
all,T:Blood DeathKnight | H:Restoration Shaman | D:Frost DeathKnight | D:BeastMastery Hunter | D:Windwalker Monk,3,-0.56,10.7,8.9,15.9,14.6,-15.883,10.57,1513.0,Voidscar Arena,11,2026-08-19,1640.0,5.67,0.0
all,T:Vengeance DemonHunter | H:Holy Paladin | D:Devourer DemonHunter | D:Arcane Mage | D:Elemental Shaman,1,-0.57,10.0,28.1,28.1,28.1,-15.883,10.57,1295.0,Voidscar Arena,10,2026-08-18,1295.0,1.0,0.0
all,T:Blood DeathKnight | H:Holy Paladin | D:Arcane Mage | D:Subtlety Rogue | D:Elemental Shaman,2,-0.57,10.5,13.6,18.8,13.6,-15.883,10.57,1461.0,Voidscar Arena,10,2026-08-19,1609.0,3.5,0.0
all,T:Blood DeathKnight | H:Holy Paladin | D:Arcane Mage | D:Windwalker Monk | D:Elemental Shaman,1,-0.57,10.0,28.1,28.1,28.1,-15.883,10.57,1468.0,Murder Row,10,2026-08-18,1468.0,0.0,0.0
all,T:Guardian Druid | H:Discipline Priest | D:Devourer DemonHunter | D:Frost Mage | D:Demonology Warlock,2,-0.58,11.0,-2.2,9.7,-2.2,-15.883,10.57,1735.0,Den of Nalorakk,11,2026-08-18,1896.0,11.0,0.0
all,T:Blood DeathKnight | H:Mistweaver Monk | D:BeastMastery Hunter | D:Arcane Mage | D:Arms Warrior,3,-0.58,10.7,8.8,28.5,1.0,-15.883,10.57,1416.0,Kings' Rest,10,2026-08-18,2019.0,11.33,0.0
all,T:Guardian Druid | H:Mistweaver Monk | D:Devourer DemonHunter | D:Marksmanship Hunter | D:Destruction Warlock,1,-0.58,11.0,-3.7,-3.7,-3.7,-15.883,10.57,1990.0,Den of Nalorakk,11,2026-08-19,1990.0,10.0,0.0
all,T:Blood DeathKnight | H:Restoration Shaman | D:Frost DeathKnight | D:Feral Druid | D:Elemental Shaman,1,-0.58,11.0,-3.7,-3.7,-3.7,-15.883,10.57,1990.0,Temple of Sethraliss,11,2026-08-18,1990.0,21.0,0.0
all,T:Vengeance DemonHunter | H:Holy Paladin | D:Unholy DeathKnight | D:Balance Druid | D:Arcane Mage,4,-0.59,10.5,14.3,24.9,15.0,-15.883,10.57,1262.0,Ruby Life Pools,10,2026-08-18,1604.0,7.25,0.0
all,T:Guardian Druid | H:Holy Paladin | D:Unholy DeathKnight | D:Subtlety Rogue | D:Arms Warrior,1,-0.59,10.0,28.0,28.0,28.0,-15.883,10.57,1468.0,Murder Row,10,2026-08-18,1468.0,1.0,0.0
all,T:Guardian Druid | H:Holy Paladin | D:Windwalker Monk | D:Assassination Rogue | D:Arms Warrior,4,-0.59,10.0,30.2,35.5,29.8,-15.883,10.57,1315.0,Murder Row,10,2026-08-18,1326.0,1.25,0.0
all,T:Brewmaster Monk | H:Discipline Priest | D:Balance Druid | D:Retribution Paladin | D:Enhancement Shaman,1,-0.59,11.0,-3.8,-3.8,-3.8,-15.883,10.57,1992.0,Temple of Sethraliss,11,2026-08-18,1992.0,16.0,0.0
all,T:Brewmaster Monk | H:Holy Priest | D:BeastMastery Hunter | D:Arcane Mage | D:Retribution Paladin,1,-0.59,10.0,28.0,28.0,28.0,-15.883,10.57,1426.0,Kings' Rest,10,2026-08-18,1426.0,0.0,0.0
all,T:Blood DeathKnight | H:Discipline Priest | D:Balance Druid | D:BeastMastery Hunter | D:Arms Warrior,2,-0.59,10.0,29.4,30.3,29.4,-15.883,10.57,1381.0,Kings' Rest,10,2026-08-19,1290.0,1.5,0.0
all,T:Protection Paladin | H:Mistweaver Monk | D:Feral Druid | D:Marksmanship Hunter | D:Elemental Shaman,1,-0.59,11.0,-3.8,-3.8,-3.8,-15.883,10.57,2056.0,Kings' Rest,11,2026-08-18,2056.0,12.0,0.0
all,T:Vengeance DemonHunter | H:Restoration Shaman | D:Survival Hunter | D:Retribution Paladin | D:Arms Warrior,2,-0.59,10.0,29.4,31.1,29.4,-15.883,10.57,1406.0,Murder Row,10,2026-08-18,1418.0,1.5,0.0
all,T:Brewmaster Monk | H:Discipline Priest | D:Balance Druid | D:Devastation Evoker | D:Marksmanship Hunter,2,-0.59,11.0,-2.3,20.3,-2.3,-15.883,10.57,1530.0,Temple of Sethraliss,11,2026-08-19,1964.0,12.5,0.0
all,T:Protection Paladin | H:Restoration Shaman | D:Devourer DemonHunter | D:Marksmanship Hunter | D:Affliction Warlock,1,-0.59,10.0,28.0,28.0,28.0,-15.883,10.57,1383.0,Temple of Sethraliss,10,2026-08-18,1383.0,1.0,0.0
all,T:Brewmaster Monk | H:Restoration Shaman | D:Frost DeathKnight | D:Unholy DeathKnight | D:BeastMastery Hunter,1,-0.59,11.0,-3.8,-3.8,-3.8,-15.883,10.57,1993.0,Temple of Sethraliss,11,2026-08-18,1993.0,15.0,0.0
all,T:Protection Paladin | H:Holy Paladin | D:Devourer DemonHunter | D:Devastation Evoker | D:BeastMastery Hunter,1,-0.61,11.0,-3.9,-3.9,-3.9,-15.883,10.57,2056.0,Kings' Rest,11,2026-08-18,2056.0,13.0,0.0
all,T:Blood DeathKnight | H:Restoration Shaman | D:Arcane Mage | D:Subtlety Rogue | D:Fury Warrior,5,-0.61,10.8,4.9,17.1,9.1,-15.883,10.57,1593.0,Den of Nalorakk,11,2026-08-19,1636.0,8.0,0.0
all,T:Protection Paladin | H:Restoration Druid | D:BeastMastery Hunter | D:Shadow Priest | D:Elemental Shaman,1,-0.61,10.0,27.9,27.9,27.9,-15.883,10.57,1384.0,Temple of Sethraliss,10,2026-08-18,1384.0,4.0,0.0
all,T:Blood DeathKnight | H:Holy Paladin | D:Arcane Mage | D:Assassination Rogue | D:Elemental Shaman,1,-0.61,10.0,27.9,27.9,27.9,-15.883,10.57,1472.0,Murder Row,10,2026-08-19,1472.0,0.0,0.0
all,T:Protection Warrior | H:Restoration Shaman | D:Unholy DeathKnight | D:Feral Druid | D:Augmentation Evoker,1,-0.61,11.0,-3.9,-3.9,-3.9,-15.883,10.57,1870.0,Altar of Fangs,11,2026-08-18,1870.0,11.0,0.0
all,T:Vengeance DemonHunter | H:Holy Paladin | D:Unholy DeathKnight | D:Arcane Mage | D:Shadow Priest,2,-0.62,10.0,29.4,32.7,29.4,-15.883,10.57,1373.0,Murder Row,10,2026-08-18,1352.0,1.0,0.0
all,T:Brewmaster Monk | H:Restoration Shaman | D:Shadow Priest | D:Subtlety Rogue | D:Arms Warrior,1,-0.62,10.0,27.8,27.8,27.8,-15.883,10.57,1473.0,Murder Row,10,2026-08-18,1473.0,0.0,0.0
all,T:Blood DeathKnight | H:Holy Paladin | D:Devourer DemonHunter | D:Arcane Mage | D:Subtlety Rogue,2,-0.62,10.0,29.4,29.5,29.4,-15.883,10.57,1185.0,Ruby Life Pools,10,2026-08-18,1230.0,1.5,0.0
all,T:Blood DeathKnight | H:Mistweaver Monk | D:Marksmanship Hunter | D:Retribution Paladin | D:Shadow Priest,1,-0.62,10.0,27.8,27.8,27.8,-15.883,10.57,1430.0,Kings' Rest,10,2026-08-18,1430.0,2.0,0.0
all,T:Blood DeathKnight | H:Discipline Priest | D:Subtlety Rogue | D:Elemental Shaman | D:Arms Warrior,8,-0.62,10.2,22.6,36.5,27.6,-15.883,10.57,1067.0,Ruby Life Pools,10,2026-08-19,1402.0,2.62,0.0
all,T:Blood DeathKnight | H:Holy Paladin | D:Augmentation Evoker | D:Arcane Mage | D:Subtlety Rogue,1,-0.63,11.0,-4.0,-4.0,-4.0,-15.883,10.57,1873.0,Voidscar Arena,11,2026-08-18,1873.0,8.0,0.0
all,T:Protection Paladin | H:Restoration Shaman | D:Frost DeathKnight | D:Augmentation Evoker | D:Subtlety Rogue,1,-0.63,11.0,-4.0,-4.0,-4.0,-15.883,10.57,1998.0,Den of Nalorakk,11,2026-08-18,1998.0,7.0,0.0
all,T:Protection Paladin | H:Mistweaver Monk | D:Unholy DeathKnight | D:Devastation Evoker | D:Arms Warrior,1,-0.63,11.0,-4.0,-4.0,-4.0,-15.883,10.57,2060.0,Kings' Rest,11,2026-08-18,2060.0,15.0,0.0
all,T:Vengeance DemonHunter | H:Restoration Shaman | D:Balance Druid | D:Windwalker Monk | D:Arms Warrior,1,-0.64,10.0,27.7,27.7,27.7,-15.883,10.57,1475.0,Murder Row,10,2026-08-19,1475.0,2.0,0.0
all,T:Vengeance DemonHunter | H:Holy Paladin | D:BeastMastery Hunter | D:BeastMastery Hunter | D:Elemental Shaman,3,-0.64,10.3,19.2,24.5,20.8,-15.883,10.57,1449.0,Temple of Sethraliss,10,2026-08-19,1569.0,3.67,0.0
all,T:Protection Paladin | H:Restoration Shaman | D:Havoc DemonHunter | D:Balance Druid | D:Elemental Shaman,1,-0.64,11.0,-4.1,-4.1,-4.1,-15.883,10.57,1749.0,Ruby Life Pools,11,2026-08-18,1749.0,12.0,0.0
all,T:Guardian Druid | H:Restoration Shaman | D:Devourer DemonHunter | D:Devourer DemonHunter | D:Arms Warrior,6,-0.64,10.5,14.5,25.5,14.4,-15.883,10.57,1341.0,The Blinding Vale,10,2026-08-18,1600.0,8.67,0.0
all,T:Blood DeathKnight | H:Holy Priest | D:Augmentation Evoker | D:Shadow Priest | D:Subtlety Rogue,1,-0.64,10.0,27.7,27.7,27.7,-15.883,10.57,1214.0,Ruby Life Pools,10,2026-08-19,1214.0,3.0,0.0
all,T:Protection Paladin | H:Restoration Druid | D:Feral Druid | D:Survival Hunter | D:Demonology Warlock,1,-0.64,11.0,-4.1,-4.1,-4.1,-15.883,10.57,2062.0,Kings' Rest,11,2026-08-19,2062.0,5.0,0.0
all,T:Protection Paladin | H:Discipline Priest | D:Devastation Evoker | D:BeastMastery Hunter | D:Arcane Mage,1,-0.64,11.0,-4.1,-4.1,-4.1,-15.883,10.57,2123.0,Murder Row,11,2026-08-18,2123.0,12.0,0.0
all,T:Protection Paladin | H:Restoration Shaman | D:Retribution Paladin | D:Elemental Shaman | D:Destruction Warlock,1,-0.64,10.0,27.7,27.7,27.7,-15.883,10.57,1475.0,Murder Row,10,2026-08-19,1475.0,1.0,0.0
all,T:Vengeance DemonHunter | H:Restoration Shaman | D:Devourer DemonHunter | D:Demonology Warlock | D:Arms Warrior,1,-0.64,10.0,27.7,27.7,27.7,-15.883,10.57,1302.0,Voidscar Arena,10,2026-08-18,1302.0,1.0,0.0
all,T:Blood DeathKnight | H:Holy Paladin | D:Frost Mage | D:Shadow Priest | D:Elemental Shaman,1,-0.66,10.0,27.6,27.6,27.6,-15.883,10.57,1216.0,Ruby Life Pools,10,2026-08-19,1216.0,1.0,0.0
all,T:Guardian Druid | H:Discipline Priest | D:Subtlety Rogue | D:Elemental Shaman | D:Arms Warrior,10,-0.66,10.3,21.0,36.4,25.2,-15.883,10.57,1068.0,Ruby Life Pools,10,2026-08-18,1358.0,4.4,0.0
all,T:Protection Warrior | H:Discipline Priest | D:Havoc DemonHunter | D:Arcane Mage | D:Demonology Warlock,1,-0.66,10.0,27.6,27.6,27.6,-15.883,10.57,1478.0,Murder Row,10,2026-08-18,1478.0,3.0,0.0
all,T:Guardian Druid | H:Holy Paladin | D:Marksmanship Hunter | D:Windwalker Monk | D:Elemental Shaman,2,-0.67,10.0,29.2,29.6,29.2,-15.883,10.57,1351.0,Den of Nalorakk,10,2026-08-18,1402.0,0.5,0.0
all,T:Protection Warrior | H:Restoration Shaman | D:Unholy DeathKnight | D:Devourer DemonHunter | D:Marksmanship Hunter,1,-0.67,10.0,27.5,27.5,27.5,-15.883,10.57,1391.0,Temple of Sethraliss,10,2026-08-19,1391.0,0.0,0.0
all,T:Guardian Druid | H:Restoration Shaman | D:Unholy DeathKnight | D:Marksmanship Hunter | D:Arms Warrior,1,-0.67,10.0,27.5,27.5,27.5,-15.883,10.57,1304.0,Voidscar Arena,10,2026-08-19,1304.0,3.0,0.0
all,T:Brewmaster Monk | H:Mistweaver Monk | D:Devastation Evoker | D:Demonology Warlock | D:Arms Warrior,1,-0.68,11.0,-4.3,-4.3,-4.3,-15.883,10.57,1752.0,Ruby Life Pools,11,2026-08-18,1752.0,9.0,0.0
all,T:Vengeance DemonHunter | H:Mistweaver Monk | D:Balance Druid | D:Enhancement Shaman | D:Arms Warrior,1,-0.68,11.0,-4.3,-4.3,-4.3,-15.883,10.57,1878.0,Altar of Fangs,11,2026-08-18,1878.0,18.0,0.0
all,T:Brewmaster Monk | H:Holy Paladin | D:Balance Druid | D:Augmentation Evoker | D:Arcane Mage,1,-0.68,11.0,-4.3,-4.3,-4.3,-15.883,10.57,1753.0,Ruby Life Pools,11,2026-08-18,1753.0,2.0,0.0
all,T:Blood DeathKnight | H:Holy Priest | D:Balance Druid | D:Devastation Evoker | D:Arms Warrior,1,-0.69,10.0,27.4,27.4,27.4,-15.883,10.57,1437.0,Kings' Rest,10,2026-08-19,1437.0,3.0,0.0
all,T:Blood DeathKnight | H:Holy Priest | D:BeastMastery Hunter | D:Retribution Paladin | D:Arms Warrior,1,-0.69,10.0,27.4,27.4,27.4,-15.883,10.57,1220.0,Ruby Life Pools,10,2026-08-19,1220.0,4.0,0.0
all,T:Blood DeathKnight | H:Holy Paladin | D:Feral Druid | D:Assassination Rogue | D:Enhancement Shaman,1,-0.69,10.0,27.4,27.4,27.4,-15.883,10.57,1219.0,Ruby Life Pools,10,2026-08-18,1219.0,0.0,0.0
all,T:Protection Paladin | H:Preservation Evoker | D:Devourer DemonHunter | D:Fire Mage | D:Subtlety Rogue,3,-0.69,10.0,29.7,31.1,29.7,-15.883,10.57,1240.0,The Blinding Vale,10,2026-08-18,1391.0,2.0,0.0
all,T:Blood DeathKnight | H:Restoration Shaman | D:Havoc DemonHunter | D:Balance Druid | D:Arms Warrior,1,-0.69,10.0,27.4,27.4,27.4,-15.883,10.57,1482.0,Murder Row,10,2026-08-18,1482.0,4.0,0.0
all,T:Blood DeathKnight | H:Restoration Shaman | D:Unholy DeathKnight | D:Retribution Paladin | D:Elemental Shaman,1,-0.69,11.0,-4.4,-4.4,-4.4,-15.883,10.57,1880.0,Altar of Fangs,11,2026-08-19,1880.0,11.0,0.0
all,T:Blood DeathKnight | H:Holy Paladin | D:Augmentation Evoker | D:Marksmanship Hunter | D:Arcane Mage,1,-0.69,10.0,27.4,27.4,27.4,-15.883,10.57,1438.0,Kings' Rest,10,2026-08-18,1438.0,1.0,0.0
all,T:Blood DeathKnight | H:Holy Priest | D:Devourer DemonHunter | D:Feral Druid | D:Elemental Shaman,1,-0.69,10.0,27.4,27.4,27.4,-15.883,10.57,1437.0,Kings' Rest,10,2026-08-19,1437.0,0.0,0.0
all,T:Blood DeathKnight | H:Holy Paladin | D:Havoc DemonHunter | D:BeastMastery Hunter | D:Arms Warrior,1,-0.69,10.0,27.4,27.4,27.4,-15.883,10.57,1306.0,Voidscar Arena,10,2026-08-19,1306.0,4.0,0.0
all,T:Blood DeathKnight | H:Holy Paladin | D:Marksmanship Hunter | D:Affliction Warlock | D:Arms Warrior,2,-0.7,10.5,13.2,15.7,13.2,-15.883,10.57,1619.0,Den of Nalorakk,10,2026-08-19,1614.0,3.5,0.0
all,T:Protection Paladin | H:Mistweaver Monk | D:BeastMastery Hunter | D:Arcane Mage | D:Arcane Mage,3,-0.7,10.0,29.7,32.8,30.1,-15.883,10.57,1371.0,Murder Row,10,2026-08-18,1371.0,0.67,0.0
all,T:Protection Warrior | H:Restoration Shaman | D:Devastation Evoker | D:Marksmanship Hunter | D:Subtlety Rogue,1,-0.71,10.0,27.3,27.3,27.3,-15.883,10.57,1483.0,Murder Row,10,2026-08-18,1483.0,6.0,0.0
all,T:Protection Paladin | H:Mistweaver Monk | D:Marksmanship Hunter | D:Subtlety Rogue | D:Arms Warrior,1,-0.71,11.0,-4.5,-4.5,-4.5,-15.883,10.57,1880.0,The Blinding Vale,11,2026-08-19,1880.0,11.0,0.0
all,T:Guardian Druid | H:Restoration Shaman | D:Unholy DeathKnight | D:BeastMastery Hunter | D:Arms Warrior,1,-0.71,10.0,27.3,27.3,27.3,-15.883,10.57,1308.0,The Blinding Vale,10,2026-08-19,1308.0,5.0,0.0
all,T:Blood DeathKnight | H:Restoration Druid | D:Devastation Evoker | D:Arcane Mage | D:Arms Warrior,1,-0.71,11.0,-4.5,-4.5,-4.5,-15.883,10.57,1756.0,Ruby Life Pools,11,2026-08-18,1756.0,14.0,0.0
all,T:Guardian Druid | H:Holy Paladin | D:Marksmanship Hunter | D:Shadow Priest | D:Elemental Shaman,1,-0.71,10.0,27.3,27.3,27.3,-15.883,10.57,1396.0,Temple of Sethraliss,10,2026-08-18,1396.0,1.0,0.0
all,T:Blood DeathKnight | H:Mistweaver Monk | D:Devourer DemonHunter | D:Windwalker Monk | D:Subtlety Rogue,1,-0.71,11.0,-4.5,-4.5,-4.5,-15.883,10.57,2068.0,Kings' Rest,11,2026-08-18,2068.0,10.0,0.0
all,T:Protection Paladin | H:Discipline Priest | D:Arcane Mage | D:Outlaw Rogue | D:Arms Warrior,1,-0.71,10.0,27.3,27.3,27.3,-15.883,10.57,1308.0,The Blinding Vale,10,2026-08-18,1308.0,1.0,0.0
all,T:Guardian Druid | H:Discipline Priest | D:Arcane Mage | D:Shadow Priest | D:Affliction Warlock,1,-0.72,10.0,27.2,27.2,27.2,-15.883,10.57,1223.0,Ruby Life Pools,10,2026-08-18,1223.0,4.0,0.0
all,T:Guardian Druid | H:Preservation Evoker | D:Windwalker Monk | D:Assassination Rogue | D:Arms Warrior,1,-0.72,10.0,27.2,27.2,27.2,-15.883,10.57,1311.0,Altar of Fangs,10,2026-08-19,1311.0,1.0,0.0
all,T:Protection Paladin | H:Discipline Priest | D:Balance Druid | D:Arcane Mage | D:Arms Warrior,1,-0.72,10.0,27.2,27.2,27.2,-15.883,10.57,1441.0,Kings' Rest,10,2026-08-19,1441.0,1.0,0.0
all,T:Guardian Druid | H:Holy Priest | D:Shadow Priest | D:Arms Warrior | D:Arms Warrior,1,-0.72,10.0,27.2,27.2,27.2,-15.883,10.57,1442.0,Kings' Rest,10,2026-08-19,1442.0,0.0,0.0
all,T:Guardian Druid | H:Holy Paladin | D:Unholy DeathKnight | D:Devourer DemonHunter | D:Arcane Mage,1,-0.72,10.0,27.2,27.2,27.2,-15.883,10.57,1310.0,Voidscar Arena,10,2026-08-19,1310.0,2.0,0.0
all,T:Blood DeathKnight | H:Holy Paladin | D:Survival Hunter | D:Arcane Mage | D:Arms Warrior,1,-0.72,10.0,27.2,27.2,27.2,-15.883,10.57,1223.0,Ruby Life Pools,10,2026-08-18,1223.0,8.0,0.0
all,T:Protection Warrior | H:Preservation Evoker | D:Havoc DemonHunter | D:Balance Druid | D:Destruction Warlock,1,-0.72,10.0,27.2,27.2,27.2,-15.883,10.57,1485.0,Murder Row,10,2026-08-19,1485.0,1.0,0.0
all,T:Guardian Druid | H:Mistweaver Monk | D:Devourer DemonHunter | D:Arcane Mage | D:Windwalker Monk,1,-0.72,10.0,27.2,27.2,27.2,-15.883,10.57,1224.0,Ruby Life Pools,10,2026-08-18,1224.0,1.0,0.0
all,T:Blood DeathKnight | H:Preservation Evoker | D:Retribution Paladin | D:Assassination Rogue | D:Arms Warrior,1,-0.72,10.0,27.2,27.2,27.2,-15.883,10.57,1398.0,Temple of Sethraliss,10,2026-08-19,1398.0,4.0,0.0
all,T:Protection Paladin | H:Restoration Shaman | D:Unholy DeathKnight | D:Windwalker Monk | D:Elemental Shaman,1,-0.73,11.0,-4.6,-4.6,-4.6,-15.883,10.57,1883.0,Voidscar Arena,11,2026-08-19,1883.0,17.0,0.0
all,T:Guardian Druid | H:Restoration Shaman | D:Unholy DeathKnight | D:Devastation Evoker | D:Demonology Warlock,2,-0.73,11.0,-2.8,2.8,-2.8,-15.883,10.57,1924.0,Kings' Rest,11,2026-08-19,2002.0,8.5,0.0
all,T:Blood DeathKnight | H:Holy Paladin | D:Retribution Paladin | D:Shadow Priest | D:Elemental Shaman,1,-0.73,11.0,-4.6,-4.6,-4.6,-15.883,10.57,2008.0,Temple of Sethraliss,11,2026-08-19,2008.0,21.0,0.0
all,T:Blood DeathKnight | H:Restoration Shaman | D:Devourer DemonHunter | D:Retribution Paladin | D:Arms Warrior,9,-0.73,10.4,16.3,27.4,19.6,-15.883,10.57,1308.0,Voidscar Arena,10,2026-08-18,1470.0,8.44,0.0
all,T:Brewmaster Monk | H:Restoration Druid | D:Arcane Mage | D:Outlaw Rogue | D:Elemental Shaman,1,-0.73,11.0,-4.6,-4.6,-4.6,-15.883,10.57,2009.0,Temple of Sethraliss,11,2026-08-18,2009.0,13.0,0.0
all,T:Protection Paladin | H:Discipline Priest | D:Frost DeathKnight | D:BeastMastery Hunter | D:Arms Warrior,1,-0.74,11.0,-4.7,-4.7,-4.7,-15.883,10.57,2010.0,Den of Nalorakk,11,2026-08-19,2010.0,4.0,0.0
all,T:Protection Warrior | H:Restoration Shaman | D:Arcane Mage | D:Arcane Mage | D:Assassination Rogue,1,-0.74,11.0,-4.7,-4.7,-4.7,-15.883,10.57,2135.0,Murder Row,11,2026-08-18,2135.0,20.0,0.0
all,T:Protection Warrior | H:Preservation Evoker | D:BeastMastery Hunter | D:Arcane Mage | D:Arms Warrior,1,-0.74,10.0,27.1,27.1,27.1,-15.883,10.57,1312.0,Altar of Fangs,10,2026-08-18,1312.0,2.0,0.0
all,T:Blood DeathKnight | H:Mistweaver Monk | D:Augmentation Evoker | D:BeastMastery Hunter | D:Arcane Mage,1,-0.74,10.0,27.1,27.1,27.1,-15.883,10.57,1312.0,The Blinding Vale,10,2026-08-18,1312.0,0.0,0.0
all,T:Protection Warrior | H:Holy Paladin | D:BeastMastery Hunter | D:Shadow Priest | D:Destruction Warlock,2,-0.74,10.5,13.0,18.4,13.0,-15.883,10.57,1566.0,Temple of Sethraliss,10,2026-08-18,1614.0,5.5,0.0
all,T:Protection Paladin | H:Mistweaver Monk | D:Arcane Mage | D:Windwalker Monk | D:Outlaw Rogue,1,-0.74,10.0,27.1,27.1,27.1,-15.883,10.57,1487.0,Murder Row,10,2026-08-19,1487.0,1.0,0.0
all,T:Protection Paladin | H:Restoration Shaman | D:Havoc DemonHunter | D:Windwalker Monk | D:Arms Warrior,1,-0.74,10.0,27.1,27.1,27.1,-15.883,10.57,1312.0,The Blinding Vale,10,2026-08-19,1312.0,0.0,0.0
all,T:Guardian Druid | H:Restoration Shaman | D:BeastMastery Hunter | D:Arcane Mage | D:Subtlety Rogue,1,-0.74,10.0,27.1,27.1,27.1,-15.883,10.57,1312.0,Voidscar Arena,10,2026-08-18,1312.0,6.0,0.0
all,T:Blood DeathKnight | H:Mistweaver Monk | D:Devourer DemonHunter | D:Enhancement Shaman | D:Arms Warrior,1,-0.74,10.0,27.1,27.1,27.1,-15.883,10.57,1312.0,The Blinding Vale,10,2026-08-18,1312.0,4.0,0.0
all,T:Blood DeathKnight | H:Mistweaver Monk | D:Shadow Priest | D:Elemental Shaman | D:Demonology Warlock,1,-0.74,10.0,27.1,27.1,27.1,-15.883,10.57,1444.0,Kings' Rest,10,2026-08-18,1444.0,0.0,0.0
all,T:Blood DeathKnight | H:Restoration Shaman | D:Survival Hunter | D:Shadow Priest | D:Elemental Shaman,1,-0.76,10.0,27.0,27.0,27.0,-15.883,10.57,1446.0,Kings' Rest,10,2026-08-19,1446.0,0.0,0.0
all,T:Blood DeathKnight | H:Restoration Shaman | D:Unholy DeathKnight | D:Devastation Evoker | D:Shadow Priest,1,-0.76,10.0,27.0,27.0,27.0,-15.883,10.57,1314.0,The Blinding Vale,10,2026-08-18,1314.0,5.0,0.0
all,T:Blood DeathKnight | H:Mistweaver Monk | D:Frost DeathKnight | D:Arcane Mage | D:Shadow Priest,1,-0.76,10.0,27.0,27.0,27.0,-15.883,10.57,1401.0,Den of Nalorakk,10,2026-08-18,1401.0,0.0,0.0
all,T:Protection Paladin | H:Mistweaver Monk | D:Havoc DemonHunter | D:Devastation Evoker | D:Arcane Mage,1,-0.77,10.0,26.9,26.9,26.9,-15.883,10.57,1229.0,Ruby Life Pools,10,2026-08-19,1229.0,2.0,0.0
all,T:Protection Paladin | H:Restoration Shaman | D:Arcane Mage | D:Shadow Priest | D:Subtlety Rogue,1,-0.77,10.0,26.9,26.9,26.9,-15.883,10.57,1316.0,The Blinding Vale,10,2026-08-19,1316.0,0.0,0.0
all,T:Blood DeathKnight | H:Holy Paladin | D:Arcane Mage | D:Elemental Shaman | D:Demonology Warlock,4,-0.77,10.8,6.0,24.5,5.2,-15.883,10.57,1359.0,The Blinding Vale,10,2026-08-19,1880.0,8.5,0.0
all,T:Blood DeathKnight | H:Holy Priest | D:Balance Druid | D:Outlaw Rogue | D:Elemental Shaman,1,-0.77,10.0,26.9,26.9,26.9,-15.883,10.57,1315.0,The Blinding Vale,10,2026-08-18,1315.0,1.0,0.0
all,T:Vengeance DemonHunter | H:Preservation Evoker | D:BeastMastery Hunter | D:Windwalker Monk | D:Shadow Priest,2,-0.77,10.5,13.0,18.8,13.0,-15.883,10.57,1657.0,Murder Row,10,2026-08-18,1664.0,4.0,0.0
all,T:Vengeance DemonHunter | H:Restoration Druid | D:Retribution Paladin | D:Shadow Priest | D:Destruction Warlock,1,-0.79,11.0,-5.0,-5.0,-5.0,-15.883,10.57,2017.0,Temple of Sethraliss,11,2026-08-19,2017.0,10.0,0.0
all,T:Blood DeathKnight | H:Holy Paladin | D:Devourer DemonHunter | D:BeastMastery Hunter | D:Frost Mage,1,-0.79,10.0,26.8,26.8,26.8,-15.883,10.57,1493.0,Murder Row,10,2026-08-19,1493.0,2.0,0.0
all,T:Protection Paladin | H:Holy Paladin | D:Devourer DemonHunter | D:Arcane Mage | D:Arms Warrior,4,-0.79,10.5,13.9,27.3,16.8,-15.883,10.57,1483.0,Murder Row,10,2026-08-18,1548.0,7.5,0.0
all,T:Blood DeathKnight | H:Holy Paladin | D:Arcane Mage | D:Elemental Shaman | D:Affliction Warlock,1,-0.79,10.0,26.8,26.8,26.8,-15.883,10.57,1406.0,Temple of Sethraliss,10,2026-08-19,1406.0,2.0,0.0
all,T:Protection Warrior | H:Restoration Shaman | D:Devourer DemonHunter | D:BeastMastery Hunter | D:Arms Warrior,1,-0.79,10.0,26.8,26.8,26.8,-15.883,10.57,1405.0,Den of Nalorakk,10,2026-08-19,1405.0,3.0,0.0
all,T:Brewmaster Monk | H:Preservation Evoker | D:Devourer DemonHunter | D:Balance Druid | D:Elemental Shaman,2,-0.79,10.5,12.9,22.2,12.9,-15.883,10.57,1401.0,Altar of Fangs,10,2026-08-18,1568.0,7.5,0.0
all,T:Blood DeathKnight | H:Holy Paladin | D:Unholy DeathKnight | D:Arcane Mage | D:Outlaw Rogue,1,-0.79,10.0,26.8,26.8,26.8,-15.883,10.57,1406.0,Den of Nalorakk,10,2026-08-18,1406.0,1.0,0.0
all,T:Blood DeathKnight | H:Restoration Shaman | D:BeastMastery Hunter | D:Arms Warrior | D:Arms Warrior,1,-0.79,11.0,-5.0,-5.0,-5.0,-15.883,10.57,1890.0,Altar of Fangs,11,2026-08-18,1890.0,18.0,0.0
all,T:Blood DeathKnight | H:Restoration Shaman | D:BeastMastery Hunter | D:Marksmanship Hunter | D:Subtlety Rogue,1,-0.79,10.0,26.8,26.8,26.8,-15.883,10.57,1318.0,Voidscar Arena,10,2026-08-19,1318.0,7.0,0.0
all,T:Blood DeathKnight | H:Holy Paladin | D:Balance Druid | D:BeastMastery Hunter | D:Demonology Warlock,2,-0.8,10.5,12.8,16.9,12.8,-15.883,10.57,1496.0,Voidscar Arena,10,2026-08-19,1650.0,4.0,0.0
all,T:Guardian Druid | H:Holy Paladin | D:Balance Druid | D:Arcane Mage | D:Demonology Warlock,1,-0.81,11.0,-5.1,-5.1,-5.1,-15.883,10.57,1765.0,Ruby Life Pools,11,2026-08-18,1765.0,17.0,0.0
all,T:Blood DeathKnight | H:Preservation Evoker | D:Balance Druid | D:BeastMastery Hunter | D:Arcane Mage,1,-0.81,10.0,26.7,26.7,26.7,-15.883,10.57,1408.0,Temple of Sethraliss,10,2026-08-18,1408.0,6.0,0.0
all,T:Protection Warrior | H:Discipline Priest | D:Feral Druid | D:Arcane Mage | D:Retribution Paladin,1,-0.81,10.0,26.7,26.7,26.7,-15.883,10.57,1320.0,Voidscar Arena,10,2026-08-19,1320.0,0.0,0.0
all,T:Protection Paladin | H:Holy Paladin | D:Unholy DeathKnight | D:Balance Druid | D:Devastation Evoker,2,-0.81,10.5,12.8,24.7,12.8,-15.883,10.57,1356.0,Voidscar Arena,10,2026-08-19,1629.0,8.0,0.0
all,T:Brewmaster Monk | H:Discipline Priest | D:Devourer DemonHunter | D:Arcane Mage | D:Frost Mage,1,-0.81,10.0,26.7,26.7,26.7,-15.883,10.57,1319.0,The Blinding Vale,10,2026-08-19,1319.0,3.0,0.0
all,T:Blood DeathKnight | H:Mistweaver Monk | D:BeastMastery Hunter | D:Windwalker Monk | D:Arms Warrior,2,-0.82,10.0,28.6,36.9,28.6,-15.883,10.57,1212.0,Temple of Sethraliss,10,2026-08-18,1322.0,5.5,0.0
all,T:Blood DeathKnight | H:Holy Paladin | D:Unholy DeathKnight | D:Retribution Paladin | D:Elemental Shaman,3,-0.82,10.0,29.3,33.5,31.7,-15.883,10.57,1197.0,Voidscar Arena,10,2026-08-19,1394.0,1.0,0.0
all,T:Blood DeathKnight | H:Restoration Druid | D:BeastMastery Hunter | D:Arcane Mage | D:Demonology Warlock,1,-0.82,10.0,26.6,26.6,26.6,-15.883,10.57,1453.0,Kings' Rest,10,2026-08-18,1453.0,2.0,0.0
all,T:Vengeance DemonHunter | H:Restoration Shaman | D:Devourer DemonHunter | D:Retribution Paladin | D:Arms Warrior,3,-0.82,10.7,8.2,26.4,13.7,-15.883,10.57,1237.0,Ruby Life Pools,10,2026-08-18,1657.0,5.33,0.0
all,T:Brewmaster Monk | H:Restoration Druid | D:Devourer DemonHunter | D:Marksmanship Hunter | D:Elemental Shaman,1,-0.82,10.0,26.6,26.6,26.6,-15.883,10.57,1497.0,Murder Row,10,2026-08-18,1497.0,1.0,0.0
all,T:Blood DeathKnight | H:Preservation Evoker | D:Frost DeathKnight | D:BeastMastery Hunter | D:Subtlety Rogue,1,-0.82,10.0,26.6,26.6,26.6,-15.883,10.57,1409.0,Temple of Sethraliss,10,2026-08-19,1409.0,5.0,0.0
all,T:Brewmaster Monk | H:Mistweaver Monk | D:Devourer DemonHunter | D:Windwalker Monk | D:Subtlety Rogue,1,-0.82,10.0,26.6,26.6,26.6,-15.883,10.57,1320.0,Voidscar Arena,10,2026-08-18,1320.0,8.0,0.0
all,T:Protection Paladin | H:Holy Paladin | D:Devourer DemonHunter | D:Arcane Mage | D:Windwalker Monk,2,-0.83,10.5,12.8,22.0,12.8,-15.883,10.57,1498.0,Temple of Sethraliss,10,2026-08-18,1704.0,8.0,0.0
all,T:Brewmaster Monk | H:Restoration Shaman | D:Unholy DeathKnight | D:Devastation Evoker | D:Affliction Warlock,1,-0.83,11.0,-5.2,-5.2,-5.2,-15.883,10.57,2147.0,Murder Row,11,2026-08-18,2147.0,9.0,0.0
all,T:Blood DeathKnight | H:Discipline Priest | D:Balance Druid | D:Retribution Paladin | D:Elemental Shaman,6,-0.84,10.3,19.4,29.1,25.6,-15.883,10.57,1446.0,Murder Row,10,2026-08-19,1454.0,3.33,0.0
all,T:Protection Paladin | H:Holy Paladin | D:Devourer DemonHunter | D:Arcane Mage | D:Demonology Warlock,1,-0.84,10.0,26.5,26.5,26.5,-15.883,10.57,1412.0,Temple of Sethraliss,10,2026-08-18,1412.0,1.0,0.0
all,T:Protection Warrior | H:Restoration Druid | D:Marksmanship Hunter | D:Frost Mage | D:Demonology Warlock,1,-0.84,10.0,26.5,26.5,26.5,-15.883,10.57,1499.0,Murder Row,10,2026-08-18,1499.0,1.0,0.0
all,T:Blood DeathKnight | H:Holy Paladin | D:Balance Druid | D:Marksmanship Hunter | D:Demonology Warlock,1,-0.84,11.0,-5.3,-5.3,-5.3,-15.883,10.57,1895.0,Voidscar Arena,11,2026-08-19,1895.0,19.0,0.0
all,T:Protection Paladin | H:Restoration Shaman | D:Unholy DeathKnight | D:Retribution Paladin | D:Subtlety Rogue,1,-0.84,10.0,26.5,26.5,26.5,-15.883,10.57,1411.0,Temple of Sethraliss,10,2026-08-19,1411.0,3.0,0.0
all,T:Guardian Druid | H:Restoration Shaman | D:Devastation Evoker | D:Arcane Mage | D:Arms Warrior,1,-0.84,10.0,26.5,26.5,26.5,-15.883,10.57,1324.0,Altar of Fangs,10,2026-08-19,1324.0,3.0,0.0
all,T:Guardian Druid | H:Holy Paladin | D:Arcane Mage | D:Retribution Paladin | D:Elemental Shaman,2,-0.84,10.5,12.7,18.3,12.7,-15.883,10.57,1471.0,Altar of Fangs,10,2026-08-19,1655.0,6.0,0.0
all,T:Blood DeathKnight | H:Restoration Shaman | D:Balance Druid | D:Subtlety Rogue | D:Arms Warrior,1,-0.84,10.0,26.5,26.5,26.5,-15.883,10.57,1322.0,Voidscar Arena,10,2026-08-19,1322.0,7.0,0.0
all,T:Blood DeathKnight | H:Mistweaver Monk | D:Unholy DeathKnight | D:Augmentation Evoker | D:Windwalker Monk,2,-0.84,10.0,28.6,29.4,28.6,-15.883,10.57,1270.0,The Blinding Vale,10,2026-08-18,1350.0,1.0,0.0
all,T:Blood DeathKnight | H:Mistweaver Monk | D:Shadow Priest | D:Outlaw Rogue | D:Arms Warrior,1,-0.84,10.0,26.5,26.5,26.5,-15.883,10.57,1456.0,Kings' Rest,10,2026-08-18,1456.0,0.0,0.0
all,T:Blood DeathKnight | H:Mistweaver Monk | D:Unholy DeathKnight | D:Devourer DemonHunter | D:BeastMastery Hunter,1,-0.86,11.0,-5.4,-5.4,-5.4,-15.883,10.57,2024.0,Temple of Sethraliss,11,2026-08-18,2024.0,12.0,0.0
all,T:Vengeance DemonHunter | H:Holy Paladin | D:Unholy DeathKnight | D:Arcane Mage | D:Arcane Mage,1,-0.86,10.0,26.4,26.4,26.4,-15.883,10.57,1501.0,Murder Row,10,2026-08-19,1501.0,2.0,0.0
all,T:Guardian Druid | H:Discipline Priest | D:Arcane Mage | D:Elemental Shaman | D:Demonology Warlock,2,-0.86,11.0,-3.2,0.8,-3.2,-15.883,10.57,2024.0,Murder Row,11,2026-08-18,1978.0,7.5,0.0
all,T:Protection Paladin | H:Discipline Priest | D:BeastMastery Hunter | D:Shadow Priest | D:Demonology Warlock,1,-0.86,10.0,26.4,26.4,26.4,-15.883,10.57,1325.0,The Blinding Vale,10,2026-08-19,1325.0,2.0,0.0
all,T:Guardian Druid | H:Mistweaver Monk | D:Frost DeathKnight | D:Shadow Priest | D:Subtlety Rogue,2,-0.86,10.5,12.6,26.6,12.6,-15.883,10.57,1409.0,Temple of Sethraliss,10,2026-08-18,1708.0,10.0,0.0
all,T:Guardian Druid | H:Restoration Shaman | D:Devourer DemonHunter | D:Augmentation Evoker | D:Retribution Paladin,1,-0.86,11.0,-5.4,-5.4,-5.4,-15.883,10.57,1898.0,The Blinding Vale,11,2026-08-18,1898.0,13.0,0.0
all,T:Guardian Druid | H:Mistweaver Monk | D:Unholy DeathKnight | D:Enhancement Shaman | D:Arms Warrior,1,-0.86,10.0,26.4,26.4,26.4,-15.883,10.57,1236.0,Ruby Life Pools,10,2026-08-19,1236.0,3.0,0.0
all,T:Blood DeathKnight | H:Discipline Priest | D:Devourer DemonHunter | D:Frost Mage | D:Demonology Warlock,1,-0.86,10.0,26.4,26.4,26.4,-15.883,10.57,1500.0,Murder Row,10,2026-08-18,1500.0,2.0,0.0
all,T:Vengeance DemonHunter | H:Mistweaver Monk | D:Unholy DeathKnight | D:Marksmanship Hunter | D:Retribution Paladin,1,-0.86,10.0,26.4,26.4,26.4,-15.883,10.57,1325.0,Voidscar Arena,10,2026-08-18,1325.0,8.0,0.0
all,T:Blood DeathKnight | H:Mistweaver Monk | D:Devourer DemonHunter | D:Balance Druid | D:Enhancement Shaman,1,-0.86,10.0,26.4,26.4,26.4,-15.883,10.57,1324.0,Voidscar Arena,10,2026-08-19,1324.0,2.0,0.0
all,T:Blood DeathKnight | H:Restoration Shaman | D:Survival Hunter | D:Frost Mage | D:Enhancement Shaman,1,-0.86,11.0,-5.4,-5.4,-5.4,-15.883,10.57,2024.0,Temple of Sethraliss,11,2026-08-18,2024.0,11.0,0.0
all,T:Vengeance DemonHunter | H:Restoration Shaman | D:Balance Druid | D:Retribution Paladin | D:Shadow Priest,2,-0.86,10.5,12.6,25.7,12.6,-15.883,10.57,1471.0,Kings' Rest,10,2026-08-19,1579.0,7.0,0.0
all,T:Protection Paladin | H:Preservation Evoker | D:Balance Druid | D:Arcane Mage | D:Demonology Warlock,1,-0.86,10.0,26.4,26.4,26.4,-15.883,10.57,1414.0,Den of Nalorakk,10,2026-08-19,1414.0,1.0,0.0
all,T:Blood DeathKnight | H:Preservation Evoker | D:Unholy DeathKnight | D:Devastation Evoker | D:Retribution Paladin,1,-0.86,10.0,26.4,26.4,26.4,-15.883,10.57,1325.0,Voidscar Arena,10,2026-08-19,1325.0,0.0,0.0
all,T:Blood DeathKnight | H:Restoration Shaman | D:Balance Druid | D:Demonology Warlock | D:Arms Warrior,5,-0.87,10.8,4.4,17.7,8.7,-15.883,10.57,1629.0,Kings' Rest,10,2026-08-18,1651.0,9.8,0.0
all,T:Guardian Druid | H:Restoration Shaman | D:Devourer DemonHunter | D:Frost Mage | D:Arms Warrior,1,-0.87,10.0,26.3,26.3,26.3,-15.883,10.57,1327.0,Altar of Fangs,10,2026-08-19,1327.0,0.0,0.0
all,T:Guardian Druid | H:Restoration Shaman | D:BeastMastery Hunter | D:BeastMastery Hunter | D:Arcane Mage,1,-0.87,10.0,26.3,26.3,26.3,-15.883,10.57,1459.0,Kings' Rest,10,2026-08-19,1459.0,1.0,0.0
all,T:Protection Paladin | H:Discipline Priest | D:Devourer DemonHunter | D:Arcane Mage | D:Arms Warrior,7,-0.87,10.3,21.0,30.2,25.2,-15.883,10.57,1257.0,The Blinding Vale,10,2026-08-18,1375.0,4.14,0.0
all,T:Protection Paladin | H:Holy Paladin | D:Unholy DeathKnight | D:Frost Mage | D:Demonology Warlock,2,-0.87,10.5,12.6,22.5,12.6,-15.883,10.57,1394.0,The Blinding Vale,10,2026-08-18,1573.0,3.0,0.0
all,T:Guardian Druid | H:Restoration Shaman | D:BeastMastery Hunter | D:Retribution Paladin | D:Shadow Priest,1,-0.87,10.0,26.3,26.3,26.3,-15.883,10.57,1415.0,Temple of Sethraliss,10,2026-08-18,1415.0,1.0,0.0
all,T:Blood DeathKnight | H:Restoration Shaman | D:Devourer DemonHunter | D:Survival Hunter | D:Arms Warrior,1,-0.87,10.0,26.3,26.3,26.3,-15.883,10.57,1460.0,Kings' Rest,10,2026-08-19,1460.0,6.0,0.0
all,T:Protection Warrior | H:Restoration Druid | D:Arcane Mage | D:Demonology Warlock | D:Destruction Warlock,1,-0.87,10.0,26.3,26.3,26.3,-15.883,10.57,1503.0,Murder Row,10,2026-08-19,1503.0,1.0,0.0
all,T:Blood DeathKnight | H:Restoration Shaman | D:Devastation Evoker | D:Subtlety Rogue | D:Demonology Warlock,1,-0.88,11.0,-5.5,-5.5,-5.5,-15.883,10.57,1900.0,Altar of Fangs,11,2026-08-18,1900.0,8.0,0.0
all,T:Protection Warrior | H:Preservation Evoker | D:Devourer DemonHunter | D:Devastation Evoker | D:Arcane Mage,1,-0.88,11.0,-5.5,-5.5,-5.5,-15.883,10.57,1898.0,Voidscar Arena,11,2026-08-18,1898.0,25.0,0.0
all,T:Blood DeathKnight | H:Preservation Evoker | D:Frost DeathKnight | D:Devourer DemonHunter | D:BeastMastery Hunter,1,-0.88,11.0,-5.5,-5.5,-5.5,-15.883,10.57,1773.0,Ruby Life Pools,11,2026-08-19,1773.0,13.0,0.0
all,T:Blood DeathKnight | H:Mistweaver Monk | D:Arcane Mage | D:Shadow Priest | D:Subtlety Rogue,1,-0.89,11.0,-5.6,-5.6,-5.6,-15.883,10.57,1901.0,Voidscar Arena,11,2026-08-18,1901.0,7.0,0.0
all,T:Blood DeathKnight | H:Holy Priest | D:Arcane Mage | D:Demonology Warlock | D:Fury Warrior,1,-0.89,10.0,26.2,26.2,26.2,-15.883,10.57,1329.0,The Blinding Vale,10,2026-08-18,1329.0,1.0,0.0
all,T:Vengeance DemonHunter | H:Restoration Shaman | D:Frost Mage | D:Outlaw Rogue | D:Destruction Warlock,1,-0.89,10.0,26.2,26.2,26.2,-15.883,10.57,1329.0,Voidscar Arena,10,2026-08-18,1329.0,6.0,0.0
all,T:Protection Paladin | H:Holy Paladin | D:Devastation Evoker | D:BeastMastery Hunter | D:Elemental Shaman,2,-0.89,10.0,28.4,30.5,28.4,-15.883,10.57,1334.0,Den of Nalorakk,10,2026-08-18,1330.0,3.0,0.0
all,T:Guardian Druid | H:Holy Priest | D:BeastMastery Hunter | D:Arcane Mage | D:Arms Warrior,1,-0.89,10.0,26.2,26.2,26.2,-15.883,10.57,1329.0,Altar of Fangs,10,2026-08-18,1329.0,5.0,0.0
all,T:Blood DeathKnight | H:Discipline Priest | D:Arcane Mage | D:Shadow Priest | D:Subtlety Rogue,1,-0.89,10.0,26.2,26.2,26.2,-15.883,10.57,1505.0,Murder Row,10,2026-08-19,1505.0,2.0,0.0
all,T:Protection Paladin | H:Holy Paladin | D:Feral Druid | D:Devastation Evoker | D:BeastMastery Hunter,1,-0.89,10.0,26.2,26.2,26.2,-15.883,10.57,1461.0,Kings' Rest,10,2026-08-18,1461.0,1.0,0.0
all,T:Vengeance DemonHunter | H:Mistweaver Monk | D:Outlaw Rogue | D:Arms Warrior | D:Arms Warrior,1,-0.89,10.0,26.2,26.2,26.2,-15.883,10.57,1328.0,The Blinding Vale,10,2026-08-19,1328.0,4.0,0.0
all,T:Protection Paladin | H:Mistweaver Monk | D:Frost DeathKnight | D:Balance Druid | D:Elemental Shaman,1,-0.89,10.0,26.2,26.2,26.2,-15.883,10.57,1418.0,Den of Nalorakk,10,2026-08-18,1418.0,0.0,0.0
all,T:Blood DeathKnight | H:Holy Paladin | D:BeastMastery Hunter | D:Subtlety Rogue | D:Elemental Shaman,2,-0.9,10.5,12.5,22.1,12.5,-15.883,10.57,1401.0,The Blinding Vale,10,2026-08-19,1574.0,2.0,0.0
all,T:Protection Warrior | H:Holy Paladin | D:Frost DeathKnight | D:Marksmanship Hunter | D:Arcane Mage,2,-0.9,10.5,12.5,24.9,12.5,-15.883,10.57,1261.0,Ruby Life Pools,10,2026-08-19,1530.0,7.0,0.0
all,T:Blood DeathKnight | H:Holy Paladin | D:Balance Druid | D:Arcane Mage | D:Outlaw Rogue,2,-0.9,10.5,12.5,16.6,12.5,-15.883,10.57,1502.0,The Blinding Vale,10,2026-08-18,1630.0,2.5,0.0
all,T:Protection Paladin | H:Holy Paladin | D:Arcane Mage | D:Retribution Paladin | D:Shadow Priest,1,-0.91,10.0,26.1,26.1,26.1,-15.883,10.57,1419.0,Den of Nalorakk,10,2026-08-19,1419.0,1.0,0.0
all,T:Vengeance DemonHunter | H:Holy Paladin | D:Unholy DeathKnight | D:Elemental Shaman | D:Arms Warrior,1,-0.91,11.0,-5.7,-5.7,-5.7,-15.883,10.57,2029.0,Den of Nalorakk,11,2026-08-18,2029.0,8.0,0.0
all,T:Vengeance DemonHunter | H:Mistweaver Monk | D:Unholy DeathKnight | D:Havoc DemonHunter | D:Subtlety Rogue,2,-0.91,10.0,28.4,31.8,28.4,-15.883,10.57,1309.0,Temple of Sethraliss,10,2026-08-18,1421.0,0.5,0.0
all,T:Blood DeathKnight | H:Restoration Shaman | D:Arcane Mage | D:Retribution Paladin | D:Shadow Priest,1,-0.91,11.0,-5.7,-5.7,-5.7,-15.883,10.57,2029.0,Den of Nalorakk,11,2026-08-19,2029.0,18.0,0.0
all,T:Protection Paladin | H:Restoration Shaman | D:Windwalker Monk | D:Retribution Paladin | D:Subtlety Rogue,1,-0.91,11.0,-5.7,-5.7,-5.7,-15.883,10.57,1903.0,Altar of Fangs,11,2026-08-19,1903.0,9.0,0.0
all,T:Brewmaster Monk | H:Holy Paladin | D:Arcane Mage | D:Shadow Priest | D:Arms Warrior,1,-0.91,10.0,26.1,26.1,26.1,-15.883,10.57,1329.0,Voidscar Arena,10,2026-08-19,1329.0,3.0,0.0
all,T:Guardian Druid | H:Holy Paladin | D:Devourer DemonHunter | D:Retribution Paladin | D:Elemental Shaman,1,-0.91,10.0,26.1,26.1,26.1,-15.883,10.57,1242.0,Ruby Life Pools,10,2026-08-18,1242.0,2.0,0.0
all,T:Blood DeathKnight | H:Mistweaver Monk | D:Unholy DeathKnight | D:Survival Hunter | D:Enhancement Shaman,1,-0.91,10.0,26.1,26.1,26.1,-15.883,10.57,1331.0,Voidscar Arena,10,2026-08-19,1331.0,8.0,0.0
all,T:Protection Paladin | H:Discipline Priest | D:Havoc DemonHunter | D:Windwalker Monk | D:Fury Warrior,1,-0.91,11.0,-5.7,-5.7,-5.7,-15.883,10.57,2156.0,Murder Row,11,2026-08-18,2156.0,13.0,0.0
all,T:Protection Warrior | H:Restoration Shaman | D:Balance Druid | D:Arcane Mage | D:Subtlety Rogue,1,-0.92,10.0,26.0,26.0,26.0,-15.883,10.57,1244.0,Ruby Life Pools,10,2026-08-19,1244.0,0.0,0.0
all,T:Protection Paladin | H:Holy Paladin | D:Devastation Evoker | D:Marksmanship Hunter | D:Windwalker Monk,1,-0.92,10.0,26.0,26.0,26.0,-15.883,10.57,1421.0,Temple of Sethraliss,10,2026-08-19,1421.0,1.0,0.0
all,T:Protection Paladin | H:Holy Paladin | D:Unholy DeathKnight | D:Balance Druid | D:Arms Warrior,2,-0.92,10.0,28.3,28.4,28.3,-15.883,10.57,1417.0,Kings' Rest,10,2026-08-18,1355.0,2.0,0.0
all,T:Blood DeathKnight | H:Preservation Evoker | D:Frost DeathKnight | D:BeastMastery Hunter | D:Frost Mage,1,-0.92,10.0,26.0,26.0,26.0,-15.883,10.57,1422.0,Temple of Sethraliss,10,2026-08-18,1422.0,1.0,0.0
all,T:Protection Warrior | H:Holy Priest | D:BeastMastery Hunter | D:Affliction Warlock | D:Arms Warrior,1,-0.92,10.0,26.0,26.0,26.0,-15.883,10.57,1244.0,Ruby Life Pools,10,2026-08-18,1244.0,3.0,0.0
all,T:Guardian Druid | H:Holy Priest | D:BeastMastery Hunter | D:Enhancement Shaman | D:Demonology Warlock,1,-0.92,12.0,-37.5,-37.5,-37.5,-15.883,10.57,2640.0,Temple of Sethraliss,12,2026-08-19,2640.0,21.0,0.0
all,T:Protection Warrior | H:Restoration Shaman | D:BeastMastery Hunter | D:Frost Mage | D:Windwalker Monk,3,-0.92,10.3,18.5,24.5,18.5,-15.883,10.57,1540.0,Murder Row,10,2026-08-18,1565.0,2.33,0.0
all,T:Blood DeathKnight | H:Holy Priest | D:Arcane Mage | D:Windwalker Monk | D:Subtlety Rogue,1,-0.93,11.0,-5.8,-5.8,-5.8,-15.883,10.57,2031.0,Temple of Sethraliss,11,2026-08-18,2031.0,15.0,0.0
all,T:Blood DeathKnight | H:Holy Paladin | D:Devourer DemonHunter | D:Arcane Mage | D:Demonology Warlock,1,-0.93,11.0,-5.8,-5.8,-5.8,-15.883,10.57,2031.0,Temple of Sethraliss,11,2026-08-18,2031.0,20.0,0.0
all,T:Protection Paladin | H:Restoration Shaman | D:Havoc DemonHunter | D:BeastMastery Hunter | D:Destruction Warlock,1,-0.93,11.0,-5.8,-5.8,-5.8,-15.883,10.57,1904.0,The Blinding Vale,11,2026-08-18,1904.0,13.0,0.0
all,T:Guardian Druid | H:Restoration Shaman | D:Frost Mage | D:Elemental Shaman | D:Affliction Warlock,1,-0.93,11.0,-5.8,-5.8,-5.8,-15.883,10.57,1778.0,Ruby Life Pools,11,2026-08-18,1778.0,9.0,0.0
all,T:Guardian Druid | H:Holy Priest | D:Balance Druid | D:Arcane Mage | D:Retribution Paladin,1,-0.93,11.0,-5.8,-5.8,-5.8,-15.883,10.57,1904.0,The Blinding Vale,11,2026-08-18,1904.0,14.0,0.0
all,T:Vengeance DemonHunter | H:Restoration Shaman | D:Arcane Mage | D:Elemental Shaman | D:Arms Warrior,2,-0.94,10.5,12.4,22.6,12.4,-15.883,10.57,1533.0,Kings' Rest,10,2026-08-18,1706.0,4.5,0.0
all,T:Protection Warrior | H:Holy Priest | D:Devourer DemonHunter | D:Devastation Evoker | D:Marksmanship Hunter,1,-0.94,11.0,-5.9,-5.9,-5.9,-15.883,10.57,1906.0,Voidscar Arena,11,2026-08-18,1906.0,15.0,0.0
all,T:Protection Warrior | H:Discipline Priest | D:Havoc DemonHunter | D:BeastMastery Hunter | D:Demonology Warlock,6,-0.94,10.3,19.2,32.6,22.3,-15.883,10.57,1213.0,Voidscar Arena,10,2026-08-18,1476.0,6.17,0.0
all,T:Protection Warrior | H:Restoration Shaman | D:Unholy DeathKnight | D:Devourer DemonHunter | D:Demonology Warlock,1,-0.94,10.0,25.9,25.9,25.9,-15.883,10.57,1333.0,Voidscar Arena,10,2026-08-18,1333.0,3.0,0.0
all,T:Blood DeathKnight | H:Restoration Shaman | D:Balance Druid | D:Marksmanship Hunter | D:Arcane Mage,1,-0.94,11.0,-5.9,-5.9,-5.9,-15.883,10.57,1906.0,The Blinding Vale,11,2026-08-18,1906.0,13.0,0.0
all,T:Guardian Druid | H:Mistweaver Monk | D:Devourer DemonHunter | D:Augmentation Evoker | D:Windwalker Monk,1,-0.94,10.0,25.9,25.9,25.9,-15.883,10.57,1422.0,Temple of Sethraliss,10,2026-08-18,1422.0,3.0,0.0
all,T:Blood DeathKnight | H:Discipline Priest | D:Devourer DemonHunter | D:Survival Hunter | D:Arcane Mage,1,-0.94,10.0,25.9,25.9,25.9,-15.883,10.57,1468.0,Kings' Rest,10,2026-08-18,1468.0,1.0,0.0
all,T:Protection Paladin | H:Restoration Druid | D:Unholy DeathKnight | D:Retribution Paladin | D:Elemental Shaman,1,-0.94,10.0,25.9,25.9,25.9,-15.883,10.57,1422.0,Temple of Sethraliss,10,2026-08-19,1422.0,4.0,0.0
all,T:Guardian Druid | H:Holy Paladin | D:Devourer DemonHunter | D:Devastation Evoker | D:Retribution Paladin,1,-0.94,10.0,25.9,25.9,25.9,-15.883,10.57,1422.0,Den of Nalorakk,10,2026-08-18,1422.0,3.0,0.0
all,T:Blood DeathKnight | H:Restoration Shaman | D:BeastMastery Hunter | D:Subtlety Rogue | D:Arms Warrior,3,-0.95,10.0,29.0,35.4,27.7,-15.883,10.57,1162.0,Voidscar Arena,10,2026-08-18,1279.0,1.33,0.0
all,T:Blood DeathKnight | H:Restoration Shaman | D:Devourer DemonHunter | D:BeastMastery Hunter | D:Retribution Paladin,3,-0.95,11.0,-2.8,2.4,-1.5,-15.883,10.57,1991.0,Murder Row,11,2026-08-19,1991.0,6.0,0.0
all,T:Protection Warrior | H:Restoration Shaman | D:Devastation Evoker | D:Marksmanship Hunter | D:Elemental Shaman,5,-0.95,10.2,23.3,26.0,24.5,-15.883,10.57,1332.0,Altar of Fangs,10,2026-08-19,1428.0,0.8,0.0
all,T:Guardian Druid | H:Discipline Priest | D:Havoc DemonHunter | D:Devastation Evoker | D:Elemental Shaman,1,-0.96,10.0,25.8,25.8,25.8,-15.883,10.57,1468.0,Kings' Rest,10,2026-08-18,1468.0,0.0,0.0
all,T:Protection Paladin | H:Discipline Priest | D:Devourer DemonHunter | D:Enhancement Shaman | D:Fury Warrior,1,-0.96,10.0,25.8,25.8,25.8,-15.883,10.57,1425.0,Temple of Sethraliss,10,2026-08-18,1425.0,2.0,0.0
all,T:Blood DeathKnight | H:Holy Paladin | D:Elemental Shaman | D:Affliction Warlock | D:Arms Warrior,1,-0.96,10.0,25.8,25.8,25.8,-15.883,10.57,1336.0,The Blinding Vale,10,2026-08-18,1336.0,0.0,0.0
all,T:Protection Paladin | H:Discipline Priest | D:Arcane Mage | D:Fire Mage | D:Arms Warrior,1,-0.96,10.0,25.8,25.8,25.8,-15.883,10.57,1425.0,Den of Nalorakk,10,2026-08-19,1425.0,1.0,0.0
all,T:Blood DeathKnight | H:Discipline Priest | D:Augmentation Evoker | D:Frost Mage | D:Arms Warrior,1,-0.97,10.0,25.7,25.7,25.7,-15.883,10.57,1516.0,Murder Row,10,2026-08-18,1516.0,1.0,0.0
all,T:Blood DeathKnight | H:Mistweaver Monk | D:Havoc DemonHunter | D:BeastMastery Hunter | D:Fury Warrior,3,-0.97,10.0,28.9,34.4,28.0,-15.883,10.57,1180.0,Voidscar Arena,10,2026-08-18,1210.0,3.33,0.0
all,T:Protection Paladin | H:Restoration Shaman | D:Feral Druid | D:Arcane Mage | D:Windwalker Monk,1,-0.97,10.0,25.7,25.7,25.7,-15.883,10.57,1515.0,Murder Row,10,2026-08-19,1515.0,2.0,0.0
all,T:Blood DeathKnight | H:Restoration Druid | D:Havoc DemonHunter | D:Arcane Mage | D:Arcane Mage,1,-0.97,10.0,25.7,25.7,25.7,-15.883,10.57,1515.0,Murder Row,10,2026-08-19,1515.0,1.0,0.0
all,T:Vengeance DemonHunter | H:Holy Paladin | D:Subtlety Rogue | D:Demonology Warlock | D:Destruction Warlock,1,-0.97,10.0,25.7,25.7,25.7,-15.883,10.57,1426.0,Den of Nalorakk,10,2026-08-18,1426.0,2.0,0.0
all,T:Protection Warrior | H:Restoration Shaman | D:BeastMastery Hunter | D:Arcane Mage | D:Destruction Warlock,1,-0.97,10.0,25.7,25.7,25.7,-15.883,10.57,1426.0,Temple of Sethraliss,10,2026-08-18,1426.0,2.0,0.0
all,T:Blood DeathKnight | H:Restoration Shaman | D:Devourer DemonHunter | D:Balance Druid | D:Demonology Warlock,3,-0.97,11.0,-2.8,7.8,3.7,-15.883,10.57,1659.0,Voidscar Arena,11,2026-08-19,1907.0,15.33,0.0
all,T:Guardian Druid | H:Preservation Evoker | D:Augmentation Evoker | D:BeastMastery Hunter | D:Elemental Shaman,1,-0.98,11.0,-6.1,-6.1,-6.1,-15.883,10.57,1782.0,Ruby Life Pools,11,2026-08-18,1782.0,14.0,0.0
all,T:Vengeance DemonHunter | H:Restoration Shaman | D:Balance Druid | D:Assassination Rogue | D:Elemental Shaman,1,-0.98,11.0,-6.1,-6.1,-6.1,-15.883,10.57,1909.0,The Blinding Vale,11,2026-08-18,1909.0,3.0,0.0
all,T:Vengeance DemonHunter | H:Holy Paladin | D:BeastMastery Hunter | D:Arcane Mage | D:Arms Warrior,1,-0.98,11.0,-6.1,-6.1,-6.1,-15.883,10.57,2164.0,Murder Row,11,2026-08-18,2164.0,17.0,0.0
all,T:Protection Paladin | H:Restoration Shaman | D:BeastMastery Hunter | D:Subtlety Rogue | D:Demonology Warlock,2,-0.98,10.0,28.1,34.4,28.1,-15.883,10.57,1102.0,Ruby Life Pools,10,2026-08-18,1348.0,0.5,0.0
all,T:Blood DeathKnight | H:Mistweaver Monk | D:Windwalker Monk | D:Retribution Paladin | D:Enhancement Shaman,1,-0.98,11.0,-6.1,-6.1,-6.1,-15.883,10.57,1910.0,Voidscar Arena,11,2026-08-18,1910.0,21.0,0.0
all,T:Protection Paladin | H:Holy Paladin | D:Arcane Mage | D:Windwalker Monk | D:Elemental Shaman,1,-0.98,11.0,-6.1,-6.1,-6.1,-15.883,10.57,2037.0,Den of Nalorakk,11,2026-08-19,2037.0,8.0,0.0
all,T:Guardian Druid | H:Holy Paladin | D:Shadow Priest | D:Elemental Shaman | D:Arms Warrior,4,-0.98,10.5,13.4,23.8,20.4,-15.883,10.57,1464.0,Temple of Sethraliss,10,2026-08-18,1600.0,4.5,0.0
all,T:Blood DeathKnight | H:Holy Paladin | D:Balance Druid | D:Survival Hunter | D:Fury Warrior,1,-0.98,11.0,-6.1,-6.1,-6.1,-15.883,10.57,2038.0,Temple of Sethraliss,11,2026-08-18,2038.0,6.0,0.0
all,T:Protection Warrior | H:Restoration Shaman | D:Unholy DeathKnight | D:BeastMastery Hunter | D:Shadow Priest,4,-0.98,10.2,21.4,25.9,24.1,-15.883,10.57,1422.0,Temple of Sethraliss,10,2026-08-19,1489.0,3.75,0.0
all,T:Protection Paladin | H:Restoration Shaman | D:Outlaw Rogue | D:Destruction Warlock | D:Arms Warrior,1,-0.99,10.0,25.6,25.6,25.6,-15.883,10.57,1338.0,Voidscar Arena,10,2026-08-18,1338.0,1.0,0.0
all,T:Blood DeathKnight | H:Holy Paladin | D:Arcane Mage | D:Arms Warrior | D:Fury Warrior,3,-0.99,10.3,18.3,24.5,15.8,-15.883,10.57,1449.0,Temple of Sethraliss,10,2026-08-18,1516.0,4.67,0.0
all,T:Brewmaster Monk | H:Restoration Shaman | D:Arcane Mage | D:Windwalker Monk | D:Arms Warrior,4,-0.99,10.0,29.3,36.0,28.5,-15.883,10.57,1076.0,Ruby Life Pools,10,2026-08-18,1352.0,4.75,0.0
all,T:Blood DeathKnight | H:Restoration Shaman | D:Unholy DeathKnight | D:Demonology Warlock | D:Arms Warrior,1,-0.99,10.0,25.6,25.6,25.6,-15.883,10.57,1518.0,Murder Row,10,2026-08-18,1518.0,2.0,0.0
all,T:Blood DeathKnight | H:Restoration Shaman | D:Arcane Mage | D:Assassination Rogue | D:Arms Warrior,7,-1.0,10.1,25.3,30.6,25.1,-15.883,10.57,1373.0,Kings' Rest,10,2026-08-18,1439.0,2.86,0.0
all,T:Guardian Druid | H:Holy Paladin | D:Arcane Mage | D:Shadow Priest | D:Demonology Warlock,2,-1.0,10.5,12.2,12.4,12.2,-15.883,10.57,1787.0,Murder Row,11,2026-08-18,1686.0,2.0,0.0
all,T:Blood DeathKnight | H:Preservation Evoker | D:Arcane Mage | D:Affliction Warlock | D:Arms Warrior,1,-1.01,10.0,25.5,25.5,25.5,-15.883,10.57,1340.0,The Blinding Vale,10,2026-08-18,1340.0,1.0,0.0
all,T:Blood DeathKnight | H:Preservation Evoker | D:Balance Druid | D:Marksmanship Hunter | D:Demonology Warlock,2,-1.01,10.0,28.0,29.4,28.0,-15.883,10.57,1270.0,Altar of Fangs,10,2026-08-18,1295.0,5.0,0.0
all,T:Guardian Druid | H:Holy Paladin | D:Unholy DeathKnight | D:Shadow Priest | D:Enhancement Shaman,1,-1.01,11.0,-6.3,-6.3,-6.3,-15.883,10.57,2042.0,Den of Nalorakk,11,2026-08-18,2042.0,17.0,0.0
all,T:Guardian Druid | H:Holy Paladin | D:Devourer DemonHunter | D:Havoc DemonHunter | D:Arms Warrior,1,-1.01,10.0,25.5,25.5,25.5,-15.883,10.57,1252.0,Ruby Life Pools,10,2026-08-18,1252.0,3.0,0.0
all,T:Brewmaster Monk | H:Restoration Shaman | D:Devourer DemonHunter | D:Balance Druid | D:Devastation Evoker,2,-1.01,10.5,12.1,22.0,12.1,-15.883,10.57,1498.0,Den of Nalorakk,10,2026-08-18,1688.0,3.5,0.0
all,T:Vengeance DemonHunter | H:Holy Priest | D:Devourer DemonHunter | D:Fire Mage | D:Arms Warrior,1,-1.01,10.0,25.5,25.5,25.5,-15.883,10.57,1520.0,Murder Row,10,2026-08-18,1520.0,2.0,0.0
all,T:Blood DeathKnight | H:Discipline Priest | D:Devourer DemonHunter | D:Arcane Mage | D:Arms Warrior,1,-1.01,11.0,-6.3,-6.3,-6.3,-15.883,10.57,2105.0,Kings' Rest,11,2026-08-18,2105.0,8.0,0.0
all,T:Protection Warrior | H:Restoration Shaman | D:Devourer DemonHunter | D:Balance Druid | D:Subtlety Rogue,1,-1.01,10.0,25.5,25.5,25.5,-15.883,10.57,1519.0,Murder Row,10,2026-08-18,1519.0,1.0,0.0
all,T:Brewmaster Monk | H:Holy Paladin | D:Devourer DemonHunter | D:Arcane Mage | D:Arms Warrior,1,-1.01,10.0,25.5,25.5,25.5,-15.883,10.57,1252.0,Ruby Life Pools,10,2026-08-19,1252.0,2.0,0.0
all,T:Protection Warrior | H:Holy Priest | D:Unholy DeathKnight | D:Devourer DemonHunter | D:Arcane Mage,1,-1.01,11.0,-6.3,-6.3,-6.3,-15.883,10.57,1914.0,Voidscar Arena,11,2026-08-18,1914.0,16.0,0.0
all,T:Protection Paladin | H:Restoration Shaman | D:Frost DeathKnight | D:Unholy DeathKnight | D:Elemental Shaman,1,-1.01,10.0,25.5,25.5,25.5,-15.883,10.57,1342.0,Altar of Fangs,10,2026-08-18,1342.0,2.0,0.0
all,T:Guardian Druid | H:Discipline Priest | D:BeastMastery Hunter | D:Marksmanship Hunter | D:Arms Warrior,1,-1.01,10.0,25.5,25.5,25.5,-15.883,10.57,1431.0,Temple of Sethraliss,10,2026-08-18,1431.0,3.0,0.0
all,T:Blood DeathKnight | H:Holy Paladin | D:Devastation Evoker | D:Subtlety Rogue | D:Demonology Warlock,1,-1.02,10.0,25.4,25.4,25.4,-15.883,10.57,1431.0,Temple of Sethraliss,10,2026-08-18,1431.0,0.0,0.0
all,T:Protection Warrior | H:Discipline Priest | D:Devourer DemonHunter | D:BeastMastery Hunter | D:Demonology Warlock,1,-1.02,10.0,25.4,25.4,25.4,-15.883,10.57,1433.0,Temple of Sethraliss,10,2026-08-19,1433.0,6.0,0.0
all,T:Blood DeathKnight | H:Mistweaver Monk | D:Devourer DemonHunter | D:BeastMastery Hunter | D:Elemental Shaman,3,-1.02,10.0,28.8,30.7,28.3,-15.883,10.57,1164.0,Ruby Life Pools,10,2026-08-18,1291.0,1.33,0.0
all,T:Vengeance DemonHunter | H:Preservation Evoker | D:Balance Druid | D:Balance Druid | D:Augmentation Evoker,1,-1.02,10.0,25.4,25.4,25.4,-15.883,10.57,1342.0,The Blinding Vale,10,2026-08-18,1342.0,2.0,0.0
all,T:Protection Warrior | H:Holy Priest | D:BeastMastery Hunter | D:Arcane Mage | D:Elemental Shaman,1,-1.03,11.0,-6.4,-6.4,-6.4,-15.883,10.57,2170.0,Murder Row,11,2026-08-18,2170.0,19.0,0.0
all,T:Blood DeathKnight | H:Restoration Druid | D:Frost Mage | D:Elemental Shaman | D:Affliction Warlock,2,-1.03,10.5,12.0,16.2,12.0,-15.883,10.57,1608.0,Den of Nalorakk,10,2026-08-19,1716.0,3.0,0.0
all,T:Protection Warrior | H:Holy Paladin | D:Shadow Priest | D:Outlaw Rogue | D:Elemental Shaman,1,-1.04,10.0,25.3,25.3,25.3,-15.883,10.57,1434.0,Den of Nalorakk,10,2026-08-18,1434.0,0.0,0.0
all,T:Guardian Druid | H:Mistweaver Monk | D:BeastMastery Hunter | D:Shadow Priest | D:Arms Warrior,1,-1.04,10.0,25.3,25.3,25.3,-15.883,10.57,1435.0,Den of Nalorakk,10,2026-08-19,1435.0,2.0,0.0
all,T:Blood DeathKnight | H:Holy Priest | D:Devourer DemonHunter | D:Arcane Mage | D:Enhancement Shaman,1,-1.04,11.0,-6.5,-6.5,-6.5,-15.883,10.57,1916.0,Voidscar Arena,11,2026-08-18,1916.0,6.0,0.0
all,T:Protection Paladin | H:Holy Paladin | D:Retribution Paladin | D:Shadow Priest | D:Enhancement Shaman,1,-1.04,11.0,-6.5,-6.5,-6.5,-15.883,10.57,1790.0,Ruby Life Pools,11,2026-08-18,1790.0,5.0,0.0
all,T:Protection Paladin | H:Holy Paladin | D:Feral Druid | D:Arcane Mage | D:Arms Warrior,1,-1.04,10.0,25.3,25.3,25.3,-15.883,10.57,1479.0,Kings' Rest,10,2026-08-18,1479.0,2.0,0.0
all,T:Vengeance DemonHunter | H:Discipline Priest | D:Arcane Mage | D:Arcane Mage | D:Destruction Warlock,2,-1.04,10.0,27.9,31.7,27.9,-15.883,10.57,1148.0,Ruby Life Pools,10,2026-08-18,1303.0,3.5,0.0
all,T:Brewmaster Monk | H:Holy Paladin | D:Devourer DemonHunter | D:BeastMastery Hunter | D:Demonology Warlock,2,-1.04,10.0,27.9,35.4,27.9,-15.883,10.57,1163.0,Voidscar Arena,10,2026-08-18,1298.0,2.5,0.0
all,T:Protection Warrior | H:Restoration Shaman | D:Feral Druid | D:Arcane Mage | D:Retribution Paladin,2,-1.04,10.0,27.9,28.3,27.9,-15.883,10.57,1462.0,Murder Row,10,2026-08-18,1340.0,0.5,0.0
all,T:Blood DeathKnight | H:Holy Paladin | D:Devourer DemonHunter | D:Arcane Mage | D:Affliction Warlock,1,-1.04,10.0,25.3,25.3,25.3,-15.883,10.57,1478.0,Kings' Rest,10,2026-08-19,1478.0,2.0,0.0
all,T:Protection Warrior | H:Restoration Shaman | D:Unholy DeathKnight | D:Unholy DeathKnight | D:Retribution Paladin,1,-1.04,10.0,25.3,25.3,25.3,-15.883,10.57,1344.0,The Blinding Vale,10,2026-08-18,1344.0,3.0,0.0
all,T:Blood DeathKnight | H:Holy Paladin | D:Enhancement Shaman | D:Arms Warrior | D:Arms Warrior,1,-1.04,10.0,25.3,25.3,25.3,-15.883,10.57,1344.0,Voidscar Arena,10,2026-08-19,1344.0,7.0,0.0
all,T:Protection Paladin | H:Restoration Shaman | D:Unholy DeathKnight | D:Balance Druid | D:Arcane Mage,4,-1.04,10.8,5.4,17.3,3.4,-15.883,10.57,1488.0,The Blinding Vale,10,2026-08-18,1734.0,6.5,0.0
all,T:Protection Warrior | H:Discipline Priest | D:Arcane Mage | D:Shadow Priest | D:Arms Warrior,1,-1.04,10.0,25.3,25.3,25.3,-15.883,10.57,1524.0,Murder Row,10,2026-08-18,1524.0,5.0,0.0
all,T:Blood DeathKnight | H:Holy Paladin | D:Marksmanship Hunter | D:Retribution Paladin | D:Subtlety Rogue,1,-1.04,10.0,25.3,25.3,25.3,-15.883,10.57,1435.0,Den of Nalorakk,10,2026-08-19,1435.0,1.0,0.0
all,T:Protection Paladin | H:Restoration Druid | D:Arcane Mage | D:Shadow Priest | D:Destruction Warlock,1,-1.04,10.0,25.3,25.3,25.3,-15.883,10.57,1479.0,Kings' Rest,10,2026-08-19,1479.0,4.0,0.0
all,T:Blood DeathKnight | H:Discipline Priest | D:Devourer DemonHunter | D:Marksmanship Hunter | D:Arms Warrior,1,-1.04,10.0,25.3,25.3,25.3,-15.883,10.57,1345.0,The Blinding Vale,10,2026-08-19,1345.0,2.0,0.0
all,T:Blood DeathKnight | H:Restoration Shaman | D:Unholy DeathKnight | D:Devourer DemonHunter | D:BeastMastery Hunter,5,-1.05,10.4,16.7,28.3,26.5,-15.883,10.57,1420.0,Kings' Rest,10,2026-08-19,1420.0,7.0,0.0
all,T:Blood DeathKnight | H:Restoration Shaman | D:Balance Druid | D:Arcane Mage | D:Fury Warrior,3,-1.05,10.3,18.1,25.1,24.0,-15.883,10.57,1348.0,The Blinding Vale,10,2026-08-19,1458.0,2.0,0.0
all,T:Vengeance DemonHunter | H:Discipline Priest | D:Devastation Evoker | D:Elemental Shaman | D:Arms Warrior,1,-1.06,10.0,25.2,25.2,25.2,-15.883,10.57,1346.0,Altar of Fangs,10,2026-08-18,1346.0,8.0,0.0
all,T:Protection Warrior | H:Preservation Evoker | D:Devourer DemonHunter | D:Arcane Mage | D:Demonology Warlock,1,-1.06,10.0,25.2,25.2,25.2,-15.883,10.57,1527.0,Murder Row,10,2026-08-18,1527.0,5.0,0.0
all,T:Guardian Druid | H:Restoration Shaman | D:Shadow Priest | D:Elemental Shaman | D:Destruction Warlock,1,-1.06,11.0,-6.6,-6.6,-6.6,-15.883,10.57,2046.0,Temple of Sethraliss,11,2026-08-18,2046.0,8.0,0.0
all,T:Blood DeathKnight | H:Holy Paladin | D:Frost DeathKnight | D:Devastation Evoker | D:Destruction Warlock,1,-1.06,10.0,25.2,25.2,25.2,-15.883,10.57,1256.0,Ruby Life Pools,10,2026-08-19,1256.0,3.0,0.0
all,T:Protection Paladin | H:Discipline Priest | D:Unholy DeathKnight | D:Arcane Mage | D:Elemental Shaman,1,-1.06,10.0,25.2,25.2,25.2,-15.883,10.57,1437.0,Den of Nalorakk,10,2026-08-18,1437.0,2.0,0.0
all,T:Blood DeathKnight | H:Restoration Shaman | D:Frost DeathKnight | D:Windwalker Monk | D:Arms Warrior,1,-1.06,11.0,-6.6,-6.6,-6.6,-15.883,10.57,1920.0,The Blinding Vale,11,2026-08-18,1920.0,23.0,0.0
all,T:Blood DeathKnight | H:Discipline Priest | D:Devourer DemonHunter | D:Arcane Mage | D:Affliction Warlock,1,-1.06,10.0,25.2,25.2,25.2,-15.883,10.57,1525.0,Murder Row,10,2026-08-18,1525.0,1.0,0.0
all,T:Brewmaster Monk | H:Restoration Druid | D:Havoc DemonHunter | D:Retribution Paladin | D:Arms Warrior,1,-1.07,10.0,25.1,25.1,25.1,-15.883,10.57,1438.0,Den of Nalorakk,10,2026-08-19,1438.0,0.0,0.0
all,T:Protection Warrior | H:Restoration Shaman | D:Devourer DemonHunter | D:Arcane Mage | D:Arms Warrior,3,-1.07,10.7,7.5,22.2,17.6,-15.883,10.57,1493.0,Den of Nalorakk,10,2026-08-18,1582.0,8.67,0.0
all,T:Guardian Druid | H:Preservation Evoker | D:Balance Druid | D:Arcane Mage | D:Outlaw Rogue,1,-1.07,10.0,25.1,25.1,25.1,-15.883,10.57,1349.0,Altar of Fangs,10,2026-08-19,1349.0,1.0,0.0
all,T:Vengeance DemonHunter | H:Discipline Priest | D:Arcane Mage | D:Subtlety Rogue | D:Destruction Warlock,1,-1.07,10.0,25.1,25.1,25.1,-15.883,10.57,1439.0,Temple of Sethraliss,10,2026-08-18,1439.0,2.0,0.0
all,T:Blood DeathKnight | H:Restoration Druid | D:Arcane Mage | D:Affliction Warlock | D:Arms Warrior,1,-1.08,11.0,-6.7,-6.7,-6.7,-15.883,10.57,1920.0,The Blinding Vale,11,2026-08-19,1920.0,22.0,0.0
all,T:Protection Paladin | H:Preservation Evoker | D:Unholy DeathKnight | D:BeastMastery Hunter | D:Fire Mage,1,-1.08,11.0,-6.7,-6.7,-6.7,-15.883,10.57,1920.0,Altar of Fangs,11,2026-08-19,1920.0,4.0,0.0
all,T:Blood DeathKnight | H:Preservation Evoker | D:Havoc DemonHunter | D:Arcane Mage | D:Arcane Mage,1,-1.08,11.0,-6.7,-6.7,-6.7,-15.883,10.57,2112.0,Kings' Rest,11,2026-08-18,2112.0,18.0,0.0
all,T:Protection Paladin | H:Restoration Shaman | D:Unholy DeathKnight | D:Survival Hunter | D:Retribution Paladin,1,-1.08,11.0,-6.7,-6.7,-6.7,-15.883,10.57,1921.0,Altar of Fangs,11,2026-08-18,1921.0,13.0,0.0
all,T:Protection Warrior | H:Preservation Evoker | D:Devastation Evoker | D:BeastMastery Hunter | D:Elemental Shaman,1,-1.09,10.0,25.0,25.0,25.0,-15.883,10.57,1440.0,Den of Nalorakk,10,2026-08-18,1440.0,1.0,0.0
all,T:Guardian Druid | H:Restoration Shaman | D:Havoc DemonHunter | D:Devastation Evoker | D:Arms Warrior,1,-1.09,10.0,25.0,25.0,25.0,-15.883,10.57,1260.0,Ruby Life Pools,10,2026-08-19,1260.0,4.0,0.0
all,T:Blood DeathKnight | H:Mistweaver Monk | D:Feral Druid | D:Subtlety Rogue | D:Elemental Shaman,1,-1.09,11.0,-6.8,-6.8,-6.8,-15.883,10.57,1923.0,Voidscar Arena,11,2026-08-18,1923.0,17.0,0.0
all,T:Blood DeathKnight | H:Restoration Shaman | D:Unholy DeathKnight | D:BeastMastery Hunter | D:Subtlety Rogue,2,-1.09,11.0,-4.1,10.5,-4.1,-15.883,10.57,1719.0,Den of Nalorakk,11,2026-08-18,2069.0,12.5,0.0
all,T:Guardian Druid | H:Restoration Druid | D:Balance Druid | D:Marksmanship Hunter | D:Shadow Priest,1,-1.09,11.0,-6.8,-6.8,-6.8,-15.883,10.57,2050.0,Temple of Sethraliss,11,2026-08-19,2050.0,12.0,0.0
all,T:Blood DeathKnight | H:Discipline Priest | D:Arcane Mage | D:Retribution Paladin | D:Arms Warrior,1,-1.09,10.0,25.0,25.0,25.0,-15.883,10.57,1350.0,The Blinding Vale,10,2026-08-19,1350.0,3.0,0.0
all,T:Protection Paladin | H:Restoration Shaman | D:Unholy DeathKnight | D:Devastation Evoker | D:Elemental Shaman,1,-1.09,10.0,25.0,25.0,25.0,-15.883,10.57,1531.0,Murder Row,10,2026-08-19,1531.0,2.0,0.0
all,T:Blood DeathKnight | H:Mistweaver Monk | D:Devastation Evoker | D:Arcane Mage | D:Windwalker Monk,1,-1.09,10.0,25.0,25.0,25.0,-15.883,10.57,1530.0,Murder Row,10,2026-08-18,1530.0,0.0,0.0
all,T:Blood DeathKnight | H:Mistweaver Monk | D:Arcane Mage | D:Elemental Shaman | D:Arms Warrior,1,-1.09,10.0,25.0,25.0,25.0,-15.883,10.57,1440.0,Temple of Sethraliss,10,2026-08-18,1440.0,5.0,0.0
all,T:Blood DeathKnight | H:Mistweaver Monk | D:Marksmanship Hunter | D:Retribution Paladin | D:Arms Warrior,1,-1.09,11.0,-6.8,-6.8,-6.8,-15.883,10.57,1923.0,The Blinding Vale,11,2026-08-19,1923.0,13.0,0.0
all,T:Protection Paladin | H:Restoration Shaman | D:Marksmanship Hunter | D:Assassination Rogue | D:Fury Warrior,1,-1.09,10.0,25.0,25.0,25.0,-15.883,10.57,1439.0,Temple of Sethraliss,10,2026-08-18,1439.0,2.0,0.0
all,T:Vengeance DemonHunter | H:Mistweaver Monk | D:BeastMastery Hunter | D:Elemental Shaman | D:Demonology Warlock,1,-1.09,10.0,25.0,25.0,25.0,-15.883,10.57,1350.0,Voidscar Arena,10,2026-08-18,1350.0,7.0,0.0
all,T:Blood DeathKnight | H:Restoration Druid | D:Augmentation Evoker | D:Shadow Priest | D:Arms Warrior,2,-1.1,10.5,11.8,17.9,11.8,-15.883,10.57,1626.0,Kings' Rest,10,2026-08-18,1662.0,11.0,0.0
all,T:Guardian Druid | H:Mistweaver Monk | D:Augmentation Evoker | D:Subtlety Rogue | D:Arms Warrior,2,-1.1,10.5,11.8,21.6,11.8,-15.883,10.57,1552.0,Kings' Rest,10,2026-08-18,1658.0,4.0,0.0
all,T:Protection Paladin | H:Restoration Druid | D:Balance Druid | D:BeastMastery Hunter | D:Assassination Rogue,2,-1.11,10.0,27.6,28.2,27.6,-15.883,10.57,1292.0,The Blinding Vale,10,2026-08-18,1346.0,1.5,0.0
all,T:Blood DeathKnight | H:Preservation Evoker | D:Enhancement Shaman | D:Arms Warrior | D:Fury Warrior,1,-1.11,11.0,-6.9,-6.9,-6.9,-15.883,10.57,1796.0,Ruby Life Pools,11,2026-08-18,1796.0,13.0,0.0
all,T:Protection Paladin | H:Restoration Shaman | D:Frost DeathKnight | D:Devastation Evoker | D:Shadow Priest,1,-1.11,11.0,-6.9,-6.9,-6.9,-15.883,10.57,1925.0,Altar of Fangs,11,2026-08-19,1925.0,13.0,0.0
all,T:Guardian Druid | H:Preservation Evoker | D:Devourer DemonHunter | D:Subtlety Rogue | D:Arms Warrior,1,-1.11,10.0,24.9,24.9,24.9,-15.883,10.57,1486.0,Kings' Rest,10,2026-08-19,1486.0,3.0,0.0
all,T:Protection Paladin | H:Restoration Druid | D:BeastMastery Hunter | D:Arcane Mage | D:Retribution Paladin,1,-1.11,11.0,-6.9,-6.9,-6.9,-15.883,10.57,2053.0,Den of Nalorakk,11,2026-08-18,2053.0,2.0,0.0
all,T:Blood DeathKnight | H:Discipline Priest | D:Feral Druid | D:Frost Mage | D:Arms Warrior,1,-1.11,10.0,24.9,24.9,24.9,-15.883,10.57,1486.0,Kings' Rest,10,2026-08-18,1486.0,2.0,0.0
all,T:Blood DeathKnight | H:Restoration Shaman | D:Devourer DemonHunter | D:Retribution Paladin | D:Elemental Shaman,1,-1.12,10.0,24.8,24.8,24.8,-15.883,10.57,1354.0,The Blinding Vale,10,2026-08-19,1354.0,4.0,0.0
all,T:Protection Paladin | H:Discipline Priest | D:Havoc DemonHunter | D:Enhancement Shaman | D:Demonology Warlock,1,-1.12,10.0,24.8,24.8,24.8,-15.883,10.57,1488.0,Kings' Rest,10,2026-08-19,1488.0,4.0,0.0
all,T:Blood DeathKnight | H:Mistweaver Monk | D:Havoc DemonHunter | D:Marksmanship Hunter | D:Fury Warrior,1,-1.12,10.0,24.8,24.8,24.8,-15.883,10.57,1534.0,Murder Row,10,2026-08-18,1534.0,3.0,0.0
all,T:Blood DeathKnight | H:Holy Paladin | D:BeastMastery Hunter | D:Elemental Shaman | D:Demonology Warlock,1,-1.12,10.0,24.8,24.8,24.8,-15.883,10.57,1263.0,Ruby Life Pools,10,2026-08-18,1263.0,0.0,0.0
all,T:Protection Warrior | H:Restoration Shaman | D:Balance Druid | D:Retribution Paladin | D:Retribution Paladin,1,-1.12,10.0,24.8,24.8,24.8,-15.883,10.57,1353.0,Altar of Fangs,10,2026-08-18,1353.0,1.0,0.0
all,T:Protection Paladin | H:Holy Paladin | D:Havoc DemonHunter | D:Enhancement Shaman | D:Destruction Warlock,1,-1.13,11.0,-7.0,-7.0,-7.0,-15.883,10.57,1926.0,Voidscar Arena,11,2026-08-18,1926.0,12.0,0.0
all,T:Vengeance DemonHunter | H:Restoration Shaman | D:Balance Druid | D:Devastation Evoker | D:Elemental Shaman,1,-1.13,11.0,-7.0,-7.0,-7.0,-15.883,10.57,1926.0,Voidscar Arena,11,2026-08-18,1926.0,7.0,0.0
all,T:Protection Warrior | H:Restoration Shaman | D:BeastMastery Hunter | D:Arcane Mage | D:Demonology Warlock,3,-1.13,10.3,17.9,20.8,20.3,-15.883,10.57,1426.0,Voidscar Arena,10,2026-08-18,1531.0,3.67,0.0
all,T:Brewmaster Monk | H:Holy Paladin | D:Retribution Paladin | D:Subtlety Rogue | D:Arms Warrior,1,-1.14,10.0,24.7,24.7,24.7,-15.883,10.57,1491.0,Kings' Rest,10,2026-08-19,1491.0,6.0,0.0
all,T:Brewmaster Monk | H:Holy Paladin | D:Survival Hunter | D:Shadow Priest | D:Elemental Shaman,2,-1.14,10.5,11.6,16.4,11.6,-15.883,10.57,1505.0,Voidscar Arena,10,2026-08-18,1534.0,0.5,0.0
all,T:Blood DeathKnight | H:Mistweaver Monk | D:BeastMastery Hunter | D:Retribution Paladin | D:Arms Warrior,1,-1.14,10.0,24.7,24.7,24.7,-15.883,10.57,1355.0,Voidscar Arena,10,2026-08-18,1355.0,8.0,0.0
all,T:Vengeance DemonHunter | H:Restoration Shaman | D:Unholy DeathKnight | D:BeastMastery Hunter | D:Shadow Priest,4,-1.14,10.2,21.0,25.8,21.0,-15.883,10.57,1469.0,Kings' Rest,10,2026-08-18,1462.0,2.0,0.0
all,T:Vengeance DemonHunter | H:Restoration Shaman | D:Balance Druid | D:Arcane Mage | D:Shadow Priest,2,-1.14,10.5,11.6,17.1,11.6,-15.883,10.57,1493.0,Voidscar Arena,10,2026-08-18,1646.0,7.0,0.0
all,T:Protection Warrior | H:Discipline Priest | D:Balance Druid | D:Augmentation Evoker | D:Elemental Shaman,1,-1.14,10.0,24.7,24.7,24.7,-15.883,10.57,1491.0,Kings' Rest,10,2026-08-18,1491.0,1.0,0.0
all,T:Blood DeathKnight | H:Restoration Shaman | D:Unholy DeathKnight | D:Subtlety Rogue | D:Fury Warrior,1,-1.14,10.0,24.7,24.7,24.7,-15.883,10.57,1356.0,Voidscar Arena,10,2026-08-18,1356.0,5.0,0.0
all,T:Protection Paladin | H:Discipline Priest | D:Devastation Evoker | D:Arcane Mage | D:Demonology Warlock,2,-1.16,10.5,11.6,21.5,11.6,-15.883,10.57,1506.0,Den of Nalorakk,10,2026-08-18,1578.0,6.0,0.0
all,T:Protection Paladin | H:Restoration Shaman | D:Unholy DeathKnight | D:Retribution Paladin | D:Demonology Warlock,1,-1.16,10.0,24.6,24.6,24.6,-15.883,10.57,1266.0,Ruby Life Pools,10,2026-08-18,1266.0,0.0,0.0
all,T:Guardian Druid | H:Mistweaver Monk | D:Frost Mage | D:Shadow Priest | D:Demonology Warlock,1,-1.16,10.0,24.6,24.6,24.6,-15.883,10.57,1266.0,Ruby Life Pools,10,2026-08-18,1266.0,1.0,0.0
all,T:Brewmaster Monk | H:Holy Priest | D:Devastation Evoker | D:Arcane Mage | D:Arms Warrior,1,-1.16,11.0,-7.2,-7.2,-7.2,-15.883,10.57,1930.0,The Blinding Vale,11,2026-08-18,1930.0,13.0,0.0
all,T:Brewmaster Monk | H:Holy Paladin | D:Feral Druid | D:Enhancement Shaman | D:Destruction Warlock,1,-1.16,10.0,24.6,24.6,24.6,-15.883,10.57,1267.0,Ruby Life Pools,10,2026-08-19,1267.0,1.0,0.0
all,T:Vengeance DemonHunter | H:Preservation Evoker | D:BeastMastery Hunter | D:Elemental Shaman | D:Enhancement Shaman,4,-1.17,10.2,21.0,28.2,20.7,-15.883,10.57,1206.0,Ruby Life Pools,10,2026-08-18,1474.0,3.75,0.0
all,T:Blood DeathKnight | H:Restoration Druid | D:Devastation Evoker | D:Subtlety Rogue | D:Enhancement Shaman,1,-1.17,10.0,24.5,24.5,24.5,-15.883,10.57,1539.0,Murder Row,10,2026-08-18,1539.0,1.0,0.0
all,T:Protection Paladin | H:Restoration Shaman | D:Havoc DemonHunter | D:BeastMastery Hunter | D:Windwalker Monk,1,-1.17,10.0,24.5,24.5,24.5,-15.883,10.57,1495.0,Kings' Rest,10,2026-08-19,1495.0,2.0,0.0
all,T:Blood DeathKnight | H:Holy Paladin | D:Unholy DeathKnight | D:Devourer DemonHunter | D:Retribution Paladin,3,-1.18,10.7,7.2,14.0,5.5,-15.883,10.57,1651.0,Den of Nalorakk,10,2026-08-18,1651.0,7.67,0.0
all,T:Blood DeathKnight | H:Holy Paladin | D:BeastMastery Hunter | D:Arcane Mage | D:Elemental Shaman,4,-1.18,10.2,20.9,25.6,22.5,-15.883,10.57,1518.0,Murder Row,10,2026-08-19,1471.0,2.5,0.0
all,T:Protection Paladin | H:Discipline Priest | D:Balance Druid | D:Subtlety Rogue | D:Enhancement Shaman,2,-1.19,10.5,11.5,13.6,11.5,-15.883,10.57,1660.0,Den of Nalorakk,10,2026-08-19,1646.0,3.5,0.0
all,T:Vengeance DemonHunter | H:Holy Priest | D:Arcane Mage | D:Destruction Warlock | D:Arms Warrior,1,-1.19,10.0,24.4,24.4,24.4,-15.883,10.57,1361.0,The Blinding Vale,10,2026-08-18,1361.0,3.0,0.0
all,T:Protection Warrior | H:Restoration Shaman | D:Havoc DemonHunter | D:Marksmanship Hunter | D:Arms Warrior,2,-1.19,10.0,27.4,32.3,27.4,-15.883,10.57,1218.0,The Blinding Vale,10,2026-08-19,1308.0,6.5,0.0
all,T:Protection Paladin | H:Restoration Shaman | D:Outlaw Rogue | D:Outlaw Rogue | D:Arms Warrior,1,-1.19,10.0,24.4,24.4,24.4,-15.883,10.57,1360.0,Voidscar Arena,10,2026-08-18,1360.0,0.0,0.0
all,T:Guardian Druid | H:Restoration Druid | D:Balance Druid | D:Devastation Evoker | D:Windwalker Monk,1,-1.19,11.0,-7.4,-7.4,-7.4,-15.883,10.57,1934.0,Altar of Fangs,11,2026-08-18,1934.0,19.0,0.0
all,T:Brewmaster Monk | H:Restoration Shaman | D:Feral Druid | D:Marksmanship Hunter | D:Outlaw Rogue,1,-1.19,10.0,24.4,24.4,24.4,-15.883,10.57,1361.0,Altar of Fangs,10,2026-08-18,1361.0,1.0,0.0
all,T:Guardian Druid | H:Holy Paladin | D:Arcane Mage | D:Assassination Rogue | D:Arms Warrior,1,-1.19,10.0,24.4,24.4,24.4,-15.883,10.57,1451.0,Temple of Sethraliss,10,2026-08-18,1451.0,3.0,0.0
all,T:Protection Paladin | H:Restoration Druid | D:Devourer DemonHunter | D:Balance Druid | D:Destruction Warlock,1,-1.19,10.0,24.4,24.4,24.4,-15.883,10.57,1361.0,Voidscar Arena,10,2026-08-18,1361.0,2.0,0.0
all,T:Guardian Druid | H:Holy Paladin | D:Havoc DemonHunter | D:Arcane Mage | D:Enhancement Shaman,1,-1.19,10.0,24.4,24.4,24.4,-15.883,10.57,1452.0,Den of Nalorakk,10,2026-08-18,1452.0,3.0,0.0
all,T:Blood DeathKnight | H:Preservation Evoker | D:Devastation Evoker | D:BeastMastery Hunter | D:Assassination Rogue,1,-1.19,10.0,24.4,24.4,24.4,-15.883,10.57,1270.0,Ruby Life Pools,10,2026-08-18,1270.0,10.0,0.0
all,T:Blood DeathKnight | H:Holy Paladin | D:Arcane Mage | D:Frost Mage | D:Arms Warrior,1,-1.19,10.0,24.4,24.4,24.4,-15.883,10.57,1451.0,Temple of Sethraliss,10,2026-08-18,1451.0,3.0,0.0
all,T:Blood DeathKnight | H:Holy Paladin | D:Arcane Mage | D:Shadow Priest | D:Demonology Warlock,2,-1.2,11.0,-4.4,-2.7,-4.4,-15.883,10.57,1971.0,Den of Nalorakk,11,2026-08-18,2070.0,7.5,0.0
all,T:Protection Paladin | H:Restoration Shaman | D:Devourer DemonHunter | D:Balance Druid | D:Windwalker Monk,6,-1.2,10.2,24.0,33.1,27.8,-15.883,10.57,1284.0,Temple of Sethraliss,10,2026-08-19,1392.0,2.17,0.0
all,T:Guardian Druid | H:Restoration Shaman | D:Subtlety Rogue | D:Elemental Shaman | D:Demonology Warlock,1,-1.21,10.0,24.3,24.3,24.3,-15.883,10.57,1454.0,Temple of Sethraliss,10,2026-08-18,1454.0,2.0,0.0
all,T:Blood DeathKnight | H:Mistweaver Monk | D:Balance Druid | D:BeastMastery Hunter | D:Arcane Mage,2,-1.21,10.5,11.4,22.3,11.4,-15.883,10.57,1399.0,The Blinding Vale,10,2026-08-18,1685.0,5.5,0.0
all,T:Blood DeathKnight | H:Discipline Priest | D:Devastation Evoker | D:Frost Mage | D:Enhancement Shaman,2,-1.21,10.5,11.4,20.7,11.4,-15.883,10.57,1618.0,Murder Row,10,2026-08-18,1631.0,6.5,0.0
all,T:Protection Warrior | H:Holy Paladin | D:Windwalker Monk | D:Outlaw Rogue | D:Elemental Shaman,1,-1.21,11.0,-7.5,-7.5,-7.5,-15.883,10.57,2129.0,Kings' Rest,11,2026-08-18,2129.0,21.0,0.0
all,T:Protection Warrior | H:Restoration Druid | D:BeastMastery Hunter | D:Assassination Rogue | D:Arms Warrior,1,-1.21,10.0,24.3,24.3,24.3,-15.883,10.57,1544.0,Murder Row,10,2026-08-18,1544.0,0.0,0.0
all,T:Protection Warrior | H:Restoration Shaman | D:Devourer DemonHunter | D:Enhancement Shaman | D:Destruction Warlock,1,-1.21,11.0,-7.5,-7.5,-7.5,-15.883,10.57,1935.0,Altar of Fangs,11,2026-08-19,1935.0,6.0,0.0
all,T:Vengeance DemonHunter | H:Discipline Priest | D:BeastMastery Hunter | D:Subtlety Rogue | D:Demonology Warlock,5,-1.21,10.2,22.8,31.5,25.8,-15.883,10.57,1356.0,Kings' Rest,10,2026-08-18,1356.0,3.4,0.0
all,T:Vengeance DemonHunter | H:Mistweaver Monk | D:Arcane Mage | D:Shadow Priest | D:Demonology Warlock,3,-1.21,10.7,7.1,18.0,8.2,-15.883,10.57,1574.0,Temple of Sethraliss,10,2026-08-18,1653.0,4.67,0.0
all,T:Blood DeathKnight | H:Holy Priest | D:Frost DeathKnight | D:BeastMastery Hunter | D:Arcane Mage,1,-1.21,10.0,24.3,24.3,24.3,-15.883,10.57,1363.0,Voidscar Arena,10,2026-08-19,1363.0,4.0,0.0
all,T:Guardian Druid | H:Holy Paladin | D:Devourer DemonHunter | D:Devourer DemonHunter | D:Elemental Shaman,1,-1.21,11.0,-7.5,-7.5,-7.5,-15.883,10.57,2064.0,Den of Nalorakk,11,2026-08-18,2064.0,5.0,0.0
all,T:Blood DeathKnight | H:Holy Priest | D:Devastation Evoker | D:BeastMastery Hunter | D:Arcane Mage,2,-1.21,10.0,27.3,31.0,27.3,-15.883,10.57,1160.0,Ruby Life Pools,10,2026-08-18,1336.0,4.5,0.0
all,T:Protection Paladin | H:Holy Paladin | D:Unholy DeathKnight | D:Arms Warrior | D:Fury Warrior,2,-1.22,10.0,27.2,27.7,27.2,-15.883,10.57,1301.0,Voidscar Arena,10,2026-08-18,1266.0,3.0,0.0
all,T:Brewmaster Monk | H:Restoration Druid | D:Feral Druid | D:Shadow Priest | D:Enhancement Shaman,1,-1.22,10.0,24.2,24.2,24.2,-15.883,10.57,1546.0,Murder Row,10,2026-08-18,1546.0,1.0,0.0
all,T:Blood DeathKnight | H:Discipline Priest | D:Windwalker Monk | D:Retribution Paladin | D:Elemental Shaman,1,-1.22,10.0,24.2,24.2,24.2,-15.883,10.57,1455.0,Den of Nalorakk,10,2026-08-19,1455.0,2.0,0.0
all,T:Blood DeathKnight | H:Holy Paladin | D:Devourer DemonHunter | D:Survival Hunter | D:Arcane Mage,1,-1.22,10.0,24.2,24.2,24.2,-15.883,10.57,1501.0,Kings' Rest,10,2026-08-18,1501.0,2.0,0.0
all,T:Vengeance DemonHunter | H:Holy Paladin | D:Balance Druid | D:Windwalker Monk | D:Elemental Shaman,1,-1.22,10.0,24.2,24.2,24.2,-15.883,10.57,1501.0,Kings' Rest,10,2026-08-18,1501.0,1.0,0.0
all,T:Blood DeathKnight | H:Holy Paladin | D:Balance Druid | D:Subtlety Rogue | D:Arms Warrior,1,-1.23,11.0,-7.6,-7.6,-7.6,-15.883,10.57,1808.0,Ruby Life Pools,11,2026-08-18,1808.0,25.0,0.0
all,T:Guardian Druid | H:Holy Paladin | D:Windwalker Monk | D:Shadow Priest | D:Destruction Warlock,1,-1.23,11.0,-7.6,-7.6,-7.6,-15.883,10.57,1937.0,Altar of Fangs,11,2026-08-19,1937.0,12.0,0.0
all,T:Protection Paladin | H:Discipline Priest | D:Unholy DeathKnight | D:BeastMastery Hunter | D:Arcane Mage,1,-1.23,11.0,-7.6,-7.6,-7.6,-15.883,10.57,1936.0,Altar of Fangs,11,2026-08-18,1936.0,13.0,0.0
all,T:Vengeance DemonHunter | H:Restoration Shaman | D:Marksmanship Hunter | D:Windwalker Monk | D:Enhancement Shaman,2,-1.24,10.0,27.2,28.8,27.2,-15.883,10.57,1281.0,Voidscar Arena,10,2026-08-19,1310.0,3.0,0.0
all,T:Blood DeathKnight | H:Restoration Shaman | D:Feral Druid | D:Enhancement Shaman | D:Arms Warrior,1,-1.24,10.0,24.1,24.1,24.1,-15.883,10.57,1502.0,Kings' Rest,10,2026-08-19,1502.0,3.0,0.0
all,T:Protection Warrior | H:Restoration Shaman | D:Devastation Evoker | D:BeastMastery Hunter | D:Arcane Mage,1,-1.24,11.0,-7.7,-7.7,-7.7,-15.883,10.57,1809.0,Ruby Life Pools,11,2026-08-18,1809.0,24.0,0.0
all,T:Protection Paladin | H:Restoration Shaman | D:Devourer DemonHunter | D:Survival Hunter | D:Arcane Mage,1,-1.24,11.0,-7.7,-7.7,-7.7,-15.883,10.57,1938.0,Voidscar Arena,11,2026-08-19,1938.0,12.0,0.0
all,T:Blood DeathKnight | H:Holy Paladin | D:Devourer DemonHunter | D:Balance Druid | D:Elemental Shaman,5,-1.24,10.4,16.3,24.2,19.1,-15.883,10.57,1547.0,Murder Row,10,2026-08-18,1628.0,4.2,0.0
all,T:Protection Paladin | H:Restoration Shaman | D:Devourer DemonHunter | D:Balance Druid | D:Affliction Warlock,1,-1.24,10.0,24.1,24.1,24.1,-15.883,10.57,1458.0,Temple of Sethraliss,10,2026-08-18,1458.0,1.0,0.0
all,T:Protection Paladin | H:Holy Priest | D:Devourer DemonHunter | D:Survival Hunter | D:Windwalker Monk,1,-1.24,10.0,24.1,24.1,24.1,-15.883,10.57,1366.0,The Blinding Vale,10,2026-08-19,1366.0,1.0,0.0
all,T:Blood DeathKnight | H:Restoration Druid | D:Devourer DemonHunter | D:Arcane Mage | D:Outlaw Rogue,1,-1.24,10.0,24.1,24.1,24.1,-15.883,10.57,1548.0,Murder Row,10,2026-08-19,1548.0,0.0,0.0
all,T:Protection Warrior | H:Holy Paladin | D:Devourer DemonHunter | D:Arcane Mage | D:Arms Warrior,2,-1.25,10.0,27.2,31.9,27.2,-15.883,10.57,1390.0,Murder Row,10,2026-08-19,1486.0,0.5,0.0
all,T:Blood DeathKnight | H:Holy Paladin | D:Frost Mage | D:Demonology Warlock | D:Arms Warrior,1,-1.26,10.0,24.0,24.0,24.0,-15.883,10.57,1368.0,Voidscar Arena,10,2026-08-19,1368.0,0.0,0.0
all,T:Blood DeathKnight | H:Mistweaver Monk | D:Frost DeathKnight | D:Devourer DemonHunter | D:Retribution Paladin,1,-1.26,11.0,-7.8,-7.8,-7.8,-15.883,10.57,2199.0,Murder Row,11,2026-08-18,2199.0,11.0,0.0
all,T:Protection Warrior | H:Restoration Shaman | D:Survival Hunter | D:Assassination Rogue | D:Arms Warrior,1,-1.26,11.0,-7.8,-7.8,-7.8,-15.883,10.57,1940.0,Altar of Fangs,11,2026-08-19,1940.0,11.0,0.0
all,T:Blood DeathKnight | H:Preservation Evoker | D:BeastMastery Hunter | D:BeastMastery Hunter | D:Retribution Paladin,2,-1.26,10.5,11.2,23.3,11.2,-15.883,10.57,1473.0,Temple of Sethraliss,10,2026-08-18,1583.0,6.5,0.0
all,T:Guardian Druid | H:Holy Paladin | D:Retribution Paladin | D:Enhancement Shaman | D:Demonology Warlock,2,-1.26,11.0,-4.6,2.5,-4.6,-15.883,10.57,1930.0,Kings' Rest,11,2026-08-18,2106.0,8.5,0.0
all,T:Blood DeathKnight | H:Preservation Evoker | D:Retribution Paladin | D:Elemental Shaman | D:Destruction Warlock,1,-1.26,10.0,24.0,24.0,24.0,-15.883,10.57,1550.0,Murder Row,10,2026-08-19,1550.0,3.0,0.0
all,T:Guardian Druid | H:Holy Paladin | D:Balance Druid | D:Arcane Mage | D:Shadow Priest,1,-1.26,11.0,-7.8,-7.8,-7.8,-15.883,10.57,2070.0,Temple of Sethraliss,11,2026-08-19,2070.0,20.0,0.0
all,T:Blood DeathKnight | H:Restoration Shaman | D:Balance Druid | D:Devastation Evoker | D:Arms Warrior,1,-1.26,10.0,24.0,24.0,24.0,-15.883,10.57,1460.0,Temple of Sethraliss,10,2026-08-18,1460.0,2.0,0.0
all,T:Guardian Druid | H:Discipline Priest | D:Devourer DemonHunter | D:Arcane Mage | D:Destruction Warlock,1,-1.26,10.0,24.0,24.0,24.0,-15.883,10.57,1504.0,Kings' Rest,10,2026-08-19,1504.0,3.0,0.0
all,T:Blood DeathKnight | H:Discipline Priest | D:Devourer DemonHunter | D:Balance Druid | D:Enhancement Shaman,1,-1.26,10.0,24.0,24.0,24.0,-15.883,10.57,1504.0,Kings' Rest,10,2026-08-18,1504.0,5.0,0.0
all,T:Protection Paladin | H:Restoration Shaman | D:Unholy DeathKnight | D:Devourer DemonHunter | D:Enhancement Shaman,1,-1.26,10.0,24.0,24.0,24.0,-15.883,10.57,1277.0,Ruby Life Pools,10,2026-08-18,1277.0,1.0,0.0
all,T:Blood DeathKnight | H:Holy Paladin | D:Frost DeathKnight | D:Marksmanship Hunter | D:Retribution Paladin,2,-1.27,10.5,11.2,11.6,11.2,-15.883,10.57,1592.0,Altar of Fangs,10,2026-08-18,1599.0,7.0,0.0
all,T:Protection Paladin | H:Restoration Shaman | D:Unholy DeathKnight | D:BeastMastery Hunter | D:Shadow Priest,1,-1.27,10.0,23.9,23.9,23.9,-15.883,10.57,1461.0,Den of Nalorakk,10,2026-08-19,1461.0,2.0,0.0
all,T:Vengeance DemonHunter | H:Holy Paladin | D:Unholy DeathKnight | D:Arcane Mage | D:Arms Warrior,2,-1.27,10.5,11.2,18.4,11.2,-15.883,10.57,1372.0,Ruby Life Pools,10,2026-08-19,1636.0,5.5,0.0
all,T:Protection Paladin | H:Discipline Priest | D:Devourer DemonHunter | D:Balance Druid | D:Enhancement Shaman,1,-1.27,10.0,23.9,23.9,23.9,-15.883,10.57,1461.0,Den of Nalorakk,10,2026-08-19,1461.0,0.0,0.0
all,T:Vengeance DemonHunter | H:Discipline Priest | D:Devourer DemonHunter | D:Augmentation Evoker | D:Retribution Paladin,1,-1.27,10.0,23.9,23.9,23.9,-15.883,10.57,1507.0,Kings' Rest,10,2026-08-19,1507.0,0.0,0.0
all,T:Brewmaster Monk | H:Holy Paladin | D:Devourer DemonHunter | D:Retribution Paladin | D:Arms Warrior,2,-1.27,10.0,27.1,30.2,27.1,-15.883,10.57,1257.0,Voidscar Arena,10,2026-08-18,1404.0,5.0,0.0
all,T:Blood DeathKnight | H:Mistweaver Monk | D:Devourer DemonHunter | D:Devourer DemonHunter | D:Fire Mage,4,-1.27,10.2,20.7,31.6,25.5,-15.883,10.57,1396.0,Murder Row,10,2026-08-18,1453.0,11.0,0.0
all,T:Protection Warrior | H:Restoration Druid | D:Windwalker Monk | D:Elemental Shaman | D:Arms Warrior,1,-1.27,10.0,23.9,23.9,23.9,-15.883,10.57,1461.0,Den of Nalorakk,10,2026-08-18,1461.0,3.0,0.0
all,T:Protection Warrior | H:Holy Priest | D:Devourer DemonHunter | D:Windwalker Monk | D:Elemental Shaman,1,-1.27,10.0,23.9,23.9,23.9,-15.883,10.57,1461.0,Temple of Sethraliss,10,2026-08-19,1461.0,6.0,0.0
all,T:Protection Warrior | H:Restoration Shaman | D:Devourer DemonHunter | D:Balance Druid | D:Arms Warrior,2,-1.28,10.0,27.0,32.2,27.0,-15.883,10.57,1382.0,Murder Row,10,2026-08-19,1394.0,0.5,0.0
all,T:Protection Paladin | H:Discipline Priest | D:Havoc DemonHunter | D:Destruction Warlock | D:Arms Warrior,1,-1.28,11.0,-7.9,-7.9,-7.9,-15.883,10.57,2200.0,Murder Row,11,2026-08-18,2200.0,3.0,0.0
all,T:Protection Paladin | H:Mistweaver Monk | D:Augmentation Evoker | D:Elemental Shaman | D:Arms Warrior,1,-1.28,11.0,-7.9,-7.9,-7.9,-15.883,10.57,1943.0,Altar of Fangs,11,2026-08-18,1943.0,10.0,0.0
all,T:Blood DeathKnight | H:Holy Paladin | D:Unholy DeathKnight | D:Arcane Mage | D:Arms Warrior,11,-1.28,10.5,12.3,23.6,18.2,-15.883,10.57,1284.0,Ruby Life Pools,10,2026-08-19,1514.0,5.18,0.0
all,T:Protection Warrior | H:Holy Paladin | D:Arcane Mage | D:Shadow Priest | D:Elemental Shaman,1,-1.28,11.0,-7.9,-7.9,-7.9,-15.883,10.57,2072.0,Temple of Sethraliss,11,2026-08-19,2072.0,8.0,0.0
all,T:Blood DeathKnight | H:Preservation Evoker | D:Devastation Evoker | D:Demonology Warlock | D:Arms Warrior,1,-1.29,10.0,23.8,23.8,23.8,-15.883,10.57,1509.0,Kings' Rest,10,2026-08-18,1509.0,6.0,0.0
all,T:Protection Paladin | H:Restoration Shaman | D:Frost DeathKnight | D:Unholy DeathKnight | D:Destruction Warlock,1,-1.29,11.0,-8.0,-8.0,-8.0,-15.883,10.57,2073.0,Den of Nalorakk,11,2026-08-18,2073.0,4.0,0.0
all,T:Guardian Druid | H:Preservation Evoker | D:Unholy DeathKnight | D:Arcane Mage | D:Enhancement Shaman,1,-1.29,10.0,23.8,23.8,23.8,-15.883,10.57,1555.0,Murder Row,10,2026-08-18,1555.0,8.0,0.0
all,T:Vengeance DemonHunter | H:Restoration Shaman | D:Arcane Mage | D:Retribution Paladin | D:Enhancement Shaman,1,-1.29,10.0,23.8,23.8,23.8,-15.883,10.57,1508.0,Kings' Rest,10,2026-08-18,1508.0,1.0,0.0
all,T:Guardian Druid | H:Preservation Evoker | D:BeastMastery Hunter | D:Shadow Priest | D:Elemental Shaman,1,-1.29,10.0,23.8,23.8,23.8,-15.883,10.57,1372.0,The Blinding Vale,10,2026-08-18,1372.0,3.0,0.0
all,T:Protection Warrior | H:Restoration Shaman | D:Arcane Mage | D:Retribution Paladin | D:Demonology Warlock,2,-1.29,10.0,27.0,27.7,27.0,-15.883,10.57,1388.0,Temple of Sethraliss,10,2026-08-19,1446.0,0.5,0.0
all,T:Blood DeathKnight | H:Holy Paladin | D:BeastMastery Hunter | D:Frost Mage | D:Arms Warrior,1,-1.29,10.0,23.8,23.8,23.8,-15.883,10.57,1508.0,Kings' Rest,10,2026-08-18,1508.0,2.0,0.0
all,T:Protection Paladin | H:Restoration Druid | D:Balance Druid | D:BeastMastery Hunter | D:Shadow Priest,1,-1.29,10.0,23.8,23.8,23.8,-15.883,10.57,1555.0,Murder Row,10,2026-08-18,1555.0,1.0,0.0
all,T:Blood DeathKnight | H:Restoration Shaman | D:Devourer DemonHunter | D:Arcane Mage | D:Fury Warrior,2,-1.29,10.0,27.0,27.1,27.0,-15.883,10.57,1487.0,Murder Row,10,2026-08-19,1489.0,1.0,0.0
all,T:Blood DeathKnight | H:Discipline Priest | D:Devastation Evoker | D:Retribution Paladin | D:Destruction Warlock,1,-1.29,10.0,23.8,23.8,23.8,-15.883,10.57,1509.0,Kings' Rest,10,2026-08-19,1509.0,0.0,0.0
all,T:Protection Paladin | H:Restoration Shaman | D:Survival Hunter | D:Arms Warrior | D:Arms Warrior,1,-1.29,10.0,23.8,23.8,23.8,-15.883,10.57,1463.0,Temple of Sethraliss,10,2026-08-18,1463.0,6.0,0.0
all,T:Protection Warrior | H:Restoration Shaman | D:Survival Hunter | D:Elemental Shaman | D:Demonology Warlock,4,-1.29,10.0,28.6,33.1,30.1,-15.883,10.57,1204.0,Altar of Fangs,10,2026-08-19,1406.0,3.25,0.0
all,T:Protection Paladin | H:Restoration Shaman | D:Devourer DemonHunter | D:Arcane Mage | D:Assassination Rogue,3,-1.3,10.3,17.5,23.5,21.8,-15.883,10.57,1469.0,Temple of Sethraliss,10,2026-08-19,1469.0,6.33,0.0
all,T:Blood DeathKnight | H:Holy Priest | D:Feral Druid | D:Destruction Warlock | D:Arms Warrior,2,-1.3,10.5,11.1,21.0,11.1,-15.883,10.57,1516.0,Temple of Sethraliss,10,2026-08-18,1648.0,7.0,0.0
all,T:Guardian Druid | H:Holy Paladin | D:Survival Hunter | D:Arcane Mage | D:Shadow Priest,3,-1.3,11.0,-3.7,7.2,-8.4,-15.883,10.57,1781.0,Temple of Sethraliss,11,2026-08-18,1951.0,7.67,0.0
all,T:Guardian Druid | H:Restoration Shaman | D:Augmentation Evoker | D:BeastMastery Hunter | D:Arms Warrior,1,-1.31,10.0,23.7,23.7,23.7,-15.883,10.57,1511.0,Kings' Rest,10,2026-08-18,1511.0,5.0,0.0
all,T:Blood DeathKnight | H:Mistweaver Monk | D:Augmentation Evoker | D:Elemental Shaman | D:Arms Warrior,2,-1.31,10.0,27.0,29.2,27.0,-15.883,10.57,1190.0,Ruby Life Pools,10,2026-08-18,1341.0,0.5,0.0
all,T:Guardian Druid | H:Holy Paladin | D:Unholy DeathKnight | D:Frost Mage | D:Enhancement Shaman,2,-1.31,10.0,27.0,29.3,27.0,-15.883,10.57,1272.0,Voidscar Arena,10,2026-08-18,1360.0,1.0,0.0
all,T:Protection Paladin | H:Restoration Shaman | D:Balance Druid | D:Marksmanship Hunter | D:Windwalker Monk,1,-1.31,10.0,23.7,23.7,23.7,-15.883,10.57,1511.0,Kings' Rest,10,2026-08-18,1511.0,2.0,0.0
all,T:Vengeance DemonHunter | H:Holy Priest | D:Windwalker Monk | D:Subtlety Rogue | D:Destruction Warlock,1,-1.31,10.0,23.7,23.7,23.7,-15.883,10.57,1464.0,Temple of Sethraliss,10,2026-08-18,1464.0,4.0,0.0
all,T:Brewmaster Monk | H:Holy Priest | D:Havoc DemonHunter | D:Arcane Mage | D:Destruction Warlock,1,-1.31,10.0,23.7,23.7,23.7,-15.883,10.57,1557.0,Murder Row,10,2026-08-18,1557.0,1.0,0.0
all,T:Brewmaster Monk | H:Mistweaver Monk | D:Balance Druid | D:Frost Mage | D:Windwalker Monk,1,-1.31,11.0,-8.1,-8.1,-8.1,-15.883,10.57,2205.0,Murder Row,11,2026-08-19,2205.0,13.0,0.0
all,T:Protection Paladin | H:Restoration Shaman | D:Devastation Evoker | D:BeastMastery Hunter | D:Arms Warrior,1,-1.31,11.0,-8.1,-8.1,-8.1,-15.883,10.57,2141.0,Kings' Rest,11,2026-08-18,2141.0,16.0,0.0
all,T:Protection Warrior | H:Preservation Evoker | D:Marksmanship Hunter | D:Arcane Mage | D:Arms Warrior,2,-1.31,10.0,27.0,31.9,27.0,-15.883,10.57,1388.0,Murder Row,10,2026-08-18,1350.0,11.0,0.0
all,T:Guardian Druid | H:Holy Priest | D:Devastation Evoker | D:BeastMastery Hunter | D:Elemental Shaman,2,-1.32,10.0,26.9,28.0,26.9,-15.883,10.57,1382.0,Den of Nalorakk,10,2026-08-18,1359.0,7.0,0.0
all,T:Protection Paladin | H:Preservation Evoker | D:Unholy DeathKnight | D:Subtlety Rogue | D:Destruction Warlock,1,-1.32,10.0,23.6,23.6,23.6,-15.883,10.57,1375.0,Altar of Fangs,10,2026-08-18,1375.0,2.0,0.0
all,T:Blood DeathKnight | H:Discipline Priest | D:Balance Druid | D:Augmentation Evoker | D:Shadow Priest,1,-1.32,10.0,23.6,23.6,23.6,-15.883,10.57,1284.0,Ruby Life Pools,10,2026-08-19,1284.0,7.0,0.0
all,T:Blood DeathKnight | H:Holy Priest | D:Devourer DemonHunter | D:Elemental Shaman | D:Demonology Warlock,1,-1.32,10.0,23.6,23.6,23.6,-15.883,10.57,1375.0,Voidscar Arena,10,2026-08-18,1375.0,2.0,0.0
all,T:Blood DeathKnight | H:Restoration Shaman | D:Windwalker Monk | D:Retribution Paladin | D:Assassination Rogue,1,-1.32,10.0,23.6,23.6,23.6,-15.883,10.57,1375.0,Voidscar Arena,10,2026-08-18,1375.0,1.0,0.0
all,T:Guardian Druid | H:Holy Paladin | D:BeastMastery Hunter | D:Arcane Mage | D:Elemental Shaman,5,-1.32,10.2,22.5,29.8,24.3,-15.883,10.57,1347.0,Temple of Sethraliss,10,2026-08-18,1398.0,2.2,0.0
all,T:Blood DeathKnight | H:Restoration Shaman | D:BeastMastery Hunter | D:Fire Mage | D:Demonology Warlock,1,-1.32,10.0,23.6,23.6,23.6,-15.883,10.57,1376.0,The Blinding Vale,10,2026-08-18,1376.0,0.0,0.0
all,T:Vengeance DemonHunter | H:Restoration Shaman | D:Balance Druid | D:Arcane Mage | D:Enhancement Shaman,1,-1.32,10.0,23.6,23.6,23.6,-15.883,10.57,1513.0,Kings' Rest,10,2026-08-19,1513.0,4.0,0.0
all,T:Blood DeathKnight | H:Restoration Druid | D:Devourer DemonHunter | D:Elemental Shaman | D:Arms Warrior,1,-1.32,10.0,23.6,23.6,23.6,-15.883,10.57,1558.0,Murder Row,10,2026-08-19,1558.0,5.0,0.0
all,T:Protection Paladin | H:Mistweaver Monk | D:BeastMastery Hunter | D:Arcane Mage | D:Affliction Warlock,1,-1.32,10.0,23.6,23.6,23.6,-15.883,10.57,1467.0,Den of Nalorakk,10,2026-08-19,1467.0,3.0,0.0
all,T:Protection Paladin | H:Restoration Shaman | D:Devastation Evoker | D:Arcane Mage | D:Arms Warrior,1,-1.32,10.0,23.6,23.6,23.6,-15.883,10.57,1375.0,The Blinding Vale,10,2026-08-19,1375.0,4.0,0.0
all,T:Blood DeathKnight | H:Restoration Druid | D:Devourer DemonHunter | D:Arcane Mage | D:Arms Warrior,6,-1.32,10.2,23.8,29.7,24.6,-15.883,10.57,1265.0,Voidscar Arena,10,2026-08-18,1422.0,5.5,0.0
all,T:Guardian Druid | H:Restoration Shaman | D:Retribution Paladin | D:Shadow Priest | D:Elemental Shaman,1,-1.32,10.0,23.6,23.6,23.6,-15.883,10.57,1376.0,The Blinding Vale,10,2026-08-18,1376.0,0.0,0.0
all,T:Protection Paladin | H:Restoration Shaman | D:Unholy DeathKnight | D:Havoc DemonHunter | D:Survival Hunter,1,-1.33,11.0,-8.2,-8.2,-8.2,-15.883,10.57,2077.0,Den of Nalorakk,11,2026-08-18,2077.0,13.0,0.0
all,T:Blood DeathKnight | H:Restoration Druid | D:Devourer DemonHunter | D:Devastation Evoker | D:Elemental Shaman,2,-1.34,10.5,11.0,17.7,11.0,-15.883,10.57,1630.0,Kings' Rest,10,2026-08-18,1735.0,2.0,0.0
all,T:Protection Warrior | H:Restoration Shaman | D:Devastation Evoker | D:Arcane Mage | D:Destruction Warlock,2,-1.34,10.5,11.0,22.6,11.0,-15.883,10.57,1300.0,Ruby Life Pools,10,2026-08-18,1556.0,5.5,0.0
all,T:Blood DeathKnight | H:Restoration Shaman | D:BeastMastery Hunter | D:Marksmanship Hunter | D:Arms Warrior,1,-1.34,10.0,23.5,23.5,23.5,-15.883,10.57,1378.0,Voidscar Arena,10,2026-08-19,1378.0,6.0,0.0
all,T:Guardian Druid | H:Mistweaver Monk | D:BeastMastery Hunter | D:Outlaw Rogue | D:Fury Warrior,1,-1.34,10.0,23.5,23.5,23.5,-15.883,10.57,1469.0,Den of Nalorakk,10,2026-08-19,1469.0,4.0,0.0
all,T:Guardian Druid | H:Restoration Shaman | D:Unholy DeathKnight | D:Balance Druid | D:Retribution Paladin,1,-1.34,10.0,23.5,23.5,23.5,-15.883,10.57,1561.0,Murder Row,10,2026-08-19,1561.0,5.0,0.0
all,T:Protection Paladin | H:Holy Priest | D:Unholy DeathKnight | D:Retribution Paladin | D:Demonology Warlock,1,-1.34,11.0,-8.3,-8.3,-8.3,-15.883,10.57,2080.0,Den of Nalorakk,11,2026-08-18,2080.0,5.0,0.0
all,T:Blood DeathKnight | H:Discipline Priest | D:BeastMastery Hunter | D:Arcane Mage | D:Elemental Shaman,9,-1.34,10.4,15.3,26.8,20.4,-15.883,10.57,1317.0,Voidscar Arena,10,2026-08-18,1585.0,5.89,0.0
all,T:Protection Warrior | H:Restoration Shaman | D:Devourer DemonHunter | D:Devastation Evoker | D:Assassination Rogue,1,-1.34,10.0,23.5,23.5,23.5,-15.883,10.57,1515.0,Kings' Rest,10,2026-08-18,1515.0,1.0,0.0
all,T:Protection Paladin | H:Holy Paladin | D:Arcane Mage | D:Elemental Shaman | D:Arms Warrior,1,-1.34,10.0,23.5,23.5,23.5,-15.883,10.57,1285.0,Ruby Life Pools,10,2026-08-19,1285.0,0.0,0.0
all,T:Protection Paladin | H:Restoration Shaman | D:Frost DeathKnight | D:Devourer DemonHunter | D:Arcane Mage,2,-1.34,10.5,11.0,23.4,11.0,-15.883,10.57,1379.0,Voidscar Arena,10,2026-08-18,1725.0,6.5,0.0
all,T:Guardian Druid | H:Holy Paladin | D:Elemental Shaman | D:Elemental Shaman | D:Arms Warrior,1,-1.34,10.0,23.5,23.5,23.5,-15.883,10.57,1377.0,Voidscar Arena,10,2026-08-18,1377.0,10.0,0.0
all,T:Protection Warrior | H:Discipline Priest | D:Arcane Mage | D:Subtlety Rogue | D:Demonology Warlock,1,-1.34,10.0,23.5,23.5,23.5,-15.883,10.57,1468.0,Den of Nalorakk,10,2026-08-18,1468.0,0.0,0.0
all,T:Blood DeathKnight | H:Restoration Shaman | D:Unholy DeathKnight | D:Balance Druid | D:Arcane Mage,1,-1.34,10.0,23.5,23.5,23.5,-15.883,10.57,1562.0,Murder Row,10,2026-08-19,1562.0,3.0,0.0
all,T:Blood DeathKnight | H:Restoration Shaman | D:Arcane Mage | D:Outlaw Rogue | D:Arms Warrior,1,-1.36,10.0,23.4,23.4,23.4,-15.883,10.57,1471.0,Temple of Sethraliss,10,2026-08-18,1471.0,2.0,0.0
all,T:Blood DeathKnight | H:Discipline Priest | D:Havoc DemonHunter | D:Elemental Shaman | D:Demonology Warlock,1,-1.36,10.0,23.4,23.4,23.4,-15.883,10.57,1470.0,Den of Nalorakk,10,2026-08-19,1470.0,0.0,0.0
all,T:Blood DeathKnight | H:Holy Paladin | D:Arcane Mage | D:Subtlety Rogue | D:Enhancement Shaman,1,-1.36,10.0,23.4,23.4,23.4,-15.883,10.57,1287.0,Ruby Life Pools,10,2026-08-18,1287.0,0.0,0.0
all,T:Blood DeathKnight | H:Holy Paladin | D:Assassination Rogue | D:Elemental Shaman | D:Arms Warrior,1,-1.36,10.0,23.4,23.4,23.4,-15.883,10.57,1516.0,Kings' Rest,10,2026-08-19,1516.0,0.0,0.0
all,T:Blood DeathKnight | H:Restoration Shaman | D:Marksmanship Hunter | D:Shadow Priest | D:Enhancement Shaman,1,-1.36,10.0,23.4,23.4,23.4,-15.883,10.57,1378.0,The Blinding Vale,10,2026-08-19,1378.0,3.0,0.0
all,T:Guardian Druid | H:Discipline Priest | D:BeastMastery Hunter | D:Retribution Paladin | D:Arms Warrior,1,-1.36,10.0,23.4,23.4,23.4,-15.883,10.57,1287.0,Ruby Life Pools,10,2026-08-19,1287.0,0.0,0.0
all,T:Vengeance DemonHunter | H:Restoration Druid | D:Arcane Mage | D:Windwalker Monk | D:Outlaw Rogue,1,-1.37,10.0,23.3,23.3,23.3,-15.883,10.57,1474.0,Temple of Sethraliss,10,2026-08-18,1474.0,7.0,0.0
all,T:Guardian Druid | H:Restoration Druid | D:Devourer DemonHunter | D:Havoc DemonHunter | D:BeastMastery Hunter,1,-1.37,10.0,23.3,23.3,23.3,-15.883,10.57,1288.0,Ruby Life Pools,10,2026-08-18,1288.0,1.0,0.0
all,T:Blood DeathKnight | H:Preservation Evoker | D:Unholy DeathKnight | D:Enhancement Shaman | D:Arms Warrior,1,-1.37,10.0,23.3,23.3,23.3,-15.883,10.57,1472.0,Temple of Sethraliss,10,2026-08-19,1472.0,3.0,0.0
all,T:Blood DeathKnight | H:Preservation Evoker | D:Balance Druid | D:Arcane Mage | D:Shadow Priest,3,-1.37,10.7,6.7,17.6,5.2,-15.883,10.57,1632.0,Kings' Rest,10,2026-08-19,1877.0,7.0,0.0
all,T:Protection Paladin | H:Holy Paladin | D:Survival Hunter | D:Retribution Paladin | D:Elemental Shaman,1,-1.37,10.0,23.3,23.3,23.3,-15.883,10.57,1519.0,Kings' Rest,10,2026-08-18,1519.0,0.0,0.0
all,T:Blood DeathKnight | H:Preservation Evoker | D:Devastation Evoker | D:BeastMastery Hunter | D:Outlaw Rogue,2,-1.37,10.0,26.8,28.8,26.8,-15.883,10.57,1366.0,Temple of Sethraliss,10,2026-08-18,1428.0,3.0,0.0
all,T:Blood DeathKnight | H:Holy Paladin | D:Feral Druid | D:Arcane Mage | D:Subtlety Rogue,1,-1.37,10.0,23.3,23.3,23.3,-15.883,10.57,1565.0,Murder Row,10,2026-08-19,1565.0,7.0,0.0
all,T:Protection Warrior | H:Restoration Shaman | D:Havoc DemonHunter | D:Feral Druid | D:Arms Warrior,7,-1.37,10.4,15.6,28.8,16.2,-15.883,10.57,1410.0,Kings' Rest,10,2026-08-19,1527.0,4.57,0.0
all,T:Guardian Druid | H:Holy Paladin | D:Windwalker Monk | D:Elemental Shaman | D:Arms Warrior,1,-1.37,10.0,23.3,23.3,23.3,-15.883,10.57,1518.0,Kings' Rest,10,2026-08-19,1518.0,4.0,0.0
all,T:Guardian Druid | H:Mistweaver Monk | D:BeastMastery Hunter | D:Arcane Mage | D:Shadow Priest,1,-1.37,10.0,23.3,23.3,23.3,-15.883,10.57,1380.0,The Blinding Vale,10,2026-08-18,1380.0,2.0,0.0
all,T:Vengeance DemonHunter | H:Mistweaver Monk | D:Windwalker Monk | D:Retribution Paladin | D:Enhancement Shaman,7,-1.38,10.1,24.6,28.2,26.1,-15.883,10.57,1422.0,Kings' Rest,10,2026-08-18,1422.0,5.57,0.0
all,T:Vengeance DemonHunter | H:Holy Paladin | D:Frost DeathKnight | D:Devastation Evoker | D:Affliction Warlock,1,-1.38,11.0,-8.5,-8.5,-8.5,-15.883,10.57,1953.0,Altar of Fangs,11,2026-08-18,1953.0,8.0,0.0
all,T:Blood DeathKnight | H:Restoration Shaman | D:Devourer DemonHunter | D:Arcane Mage | D:Retribution Paladin,2,-1.39,10.5,10.8,17.4,10.8,-15.883,10.57,1586.0,Temple of Sethraliss,10,2026-08-19,1655.0,5.0,0.0
all,T:Blood DeathKnight | H:Restoration Druid | D:Unholy DeathKnight | D:Devourer DemonHunter | D:Arcane Mage,1,-1.39,10.0,23.2,23.2,23.2,-15.883,10.57,1382.0,Voidscar Arena,10,2026-08-19,1382.0,4.0,0.0
all,T:Protection Warrior | H:Mistweaver Monk | D:Unholy DeathKnight | D:Elemental Shaman | D:Arms Warrior,1,-1.39,10.0,23.2,23.2,23.2,-15.883,10.57,1383.0,Altar of Fangs,10,2026-08-19,1383.0,0.0,0.0
all,T:Protection Warrior | H:Holy Priest | D:Balance Druid | D:Survival Hunter | D:Destruction Warlock,1,-1.39,10.0,23.2,23.2,23.2,-15.883,10.57,1474.0,Temple of Sethraliss,10,2026-08-19,1474.0,7.0,0.0
all,T:Protection Paladin | H:Mistweaver Monk | D:Havoc DemonHunter | D:Havoc DemonHunter | D:Arcane Mage,1,-1.39,11.0,-8.6,-8.6,-8.6,-15.883,10.57,2215.0,Murder Row,11,2026-08-19,2215.0,13.0,0.0
all,T:Protection Paladin | H:Restoration Shaman | D:Arcane Mage | D:Windwalker Monk | D:Retribution Paladin,1,-1.39,11.0,-8.6,-8.6,-8.6,-15.883,10.57,1955.0,Voidscar Arena,11,2026-08-19,1955.0,13.0,0.0
all,T:Guardian Druid | H:Mistweaver Monk | D:Devourer DemonHunter | D:Arcane Mage | D:Elemental Shaman,2,-1.39,10.5,10.8,20.0,10.8,-15.883,10.57,1440.0,Voidscar Arena,10,2026-08-18,1664.0,13.5,0.0
all,T:Protection Warrior | H:Restoration Druid | D:Havoc DemonHunter | D:Windwalker Monk | D:Destruction Warlock,1,-1.39,10.0,23.2,23.2,23.2,-15.883,10.57,1382.0,The Blinding Vale,10,2026-08-18,1382.0,0.0,0.0
all,T:Guardian Druid | H:Preservation Evoker | D:Devourer DemonHunter | D:BeastMastery Hunter | D:Arcane Mage,1,-1.39,10.0,23.2,23.2,23.2,-15.883,10.57,1475.0,Den of Nalorakk,10,2026-08-18,1475.0,2.0,0.0
all,T:Blood DeathKnight | H:Holy Paladin | D:Devourer DemonHunter | D:Balance Druid | D:Arcane Mage,14,-1.4,10.5,13.8,31.9,17.4,-15.883,10.57,1225.0,Voidscar Arena,10,2026-08-18,1557.0,6.5,0.0
all,T:Protection Warrior | H:Restoration Shaman | D:Unholy DeathKnight | D:BeastMastery Hunter | D:Fire Mage,1,-1.41,10.0,23.1,23.1,23.1,-15.883,10.57,1293.0,Ruby Life Pools,10,2026-08-18,1293.0,1.0,0.0
all,T:Protection Paladin | H:Restoration Shaman | D:Devourer DemonHunter | D:Devastation Evoker | D:Arcane Mage,1,-1.41,11.0,-8.7,-8.7,-8.7,-15.883,10.57,2153.0,Kings' Rest,11,2026-08-19,2153.0,20.0,0.0
all,T:Blood DeathKnight | H:Restoration Shaman | D:Unholy DeathKnight | D:Augmentation Evoker | D:Retribution Paladin,1,-1.41,10.0,23.1,23.1,23.1,-15.883,10.57,1291.0,Ruby Life Pools,10,2026-08-19,1291.0,1.0,0.0
all,T:Protection Warrior | H:Holy Paladin | D:Arcane Mage | D:Assassination Rogue | D:Elemental Shaman,1,-1.41,11.0,-8.7,-8.7,-8.7,-15.883,10.57,1956.0,Altar of Fangs,11,2026-08-18,1956.0,7.0,0.0
all,T:Blood DeathKnight | H:Preservation Evoker | D:Frost Mage | D:Subtlety Rogue | D:Elemental Shaman,1,-1.41,10.0,23.1,23.1,23.1,-15.883,10.57,1568.0,Murder Row,10,2026-08-19,1568.0,0.0,0.0
all,T:Protection Warrior | H:Holy Priest | D:BeastMastery Hunter | D:Arcane Mage | D:Windwalker Monk,1,-1.41,10.0,23.1,23.1,23.1,-15.883,10.57,1476.0,Temple of Sethraliss,10,2026-08-18,1476.0,1.0,0.0
all,T:Protection Paladin | H:Discipline Priest | D:Marksmanship Hunter | D:Retribution Paladin | D:Elemental Shaman,1,-1.41,10.0,23.1,23.1,23.1,-15.883,10.57,1522.0,Kings' Rest,10,2026-08-19,1522.0,0.0,0.0
all,T:Protection Paladin | H:Holy Paladin | D:Havoc DemonHunter | D:Devastation Evoker | D:Arms Warrior,1,-1.41,10.0,23.1,23.1,23.1,-15.883,10.57,1291.0,Ruby Life Pools,10,2026-08-19,1291.0,1.0,0.0
all,T:Blood DeathKnight | H:Discipline Priest | D:Arcane Mage | D:Assassination Rogue | D:Arms Warrior,1,-1.41,10.0,23.1,23.1,23.1,-15.883,10.57,1477.0,Den of Nalorakk,10,2026-08-18,1477.0,4.0,0.0
all,T:Blood DeathKnight | H:Restoration Druid | D:BeastMastery Hunter | D:Arcane Mage | D:Subtlety Rogue,2,-1.41,10.0,26.6,27.8,26.6,-15.883,10.57,1214.0,Ruby Life Pools,10,2026-08-18,1278.0,2.0,0.0
all,T:Blood DeathKnight | H:Preservation Evoker | D:Devastation Evoker | D:BeastMastery Hunter | D:Elemental Shaman,1,-1.42,10.0,23.0,23.0,23.0,-15.883,10.57,1478.0,Temple of Sethraliss,10,2026-08-18,1478.0,0.0,0.0
all,T:Protection Warrior | H:Discipline Priest | D:Balance Druid | D:Arcane Mage | D:Destruction Warlock,1,-1.42,10.0,23.0,23.0,23.0,-15.883,10.57,1386.0,Altar of Fangs,10,2026-08-19,1386.0,8.0,0.0
all,T:Protection Warrior | H:Holy Priest | D:Arcane Mage | D:Demonology Warlock | D:Arms Warrior,1,-1.42,10.0,23.0,23.0,23.0,-15.883,10.57,1479.0,Temple of Sethraliss,10,2026-08-18,1479.0,3.0,0.0
all,T:Blood DeathKnight | H:Holy Paladin | D:Balance Druid | D:Elemental Shaman | D:Fury Warrior,1,-1.42,10.0,23.0,23.0,23.0,-15.883,10.57,1479.0,Temple of Sethraliss,10,2026-08-19,1479.0,2.0,0.0
all,T:Protection Paladin | H:Preservation Evoker | D:Devourer DemonHunter | D:Survival Hunter | D:Elemental Shaman,1,-1.42,10.0,23.0,23.0,23.0,-15.883,10.57,1571.0,Murder Row,10,2026-08-19,1571.0,2.0,0.0
all,T:Protection Paladin | H:Holy Paladin | D:Devourer DemonHunter | D:BeastMastery Hunter | D:Demonology Warlock,1,-1.42,10.0,23.0,23.0,23.0,-15.883,10.57,1478.0,Temple of Sethraliss,10,2026-08-19,1478.0,6.0,0.0
all,T:Blood DeathKnight | H:Preservation Evoker | D:Marksmanship Hunter | D:Retribution Paladin | D:Arms Warrior,1,-1.43,11.0,-8.8,-8.8,-8.8,-15.883,10.57,2154.0,Kings' Rest,11,2026-08-19,2154.0,14.0,0.0
all,T:Blood DeathKnight | H:Discipline Priest | D:Arcane Mage | D:Arms Warrior | D:Fury Warrior,1,-1.43,11.0,-8.8,-8.8,-8.8,-15.883,10.57,2220.0,Murder Row,11,2026-08-18,2220.0,5.0,0.0
all,T:Blood DeathKnight | H:Preservation Evoker | D:Retribution Paladin | D:Shadow Priest | D:Arms Warrior,2,-1.43,11.0,-5.2,7.4,-5.2,-15.883,10.57,1890.0,Murder Row,11,2026-08-18,2006.0,11.0,0.0
all,T:Brewmaster Monk | H:Restoration Druid | D:Devourer DemonHunter | D:BeastMastery Hunter | D:Marksmanship Hunter,1,-1.43,11.0,-8.8,-8.8,-8.8,-15.883,10.57,2220.0,Murder Row,11,2026-08-18,2220.0,18.0,0.0
all,T:Blood DeathKnight | H:Holy Paladin | D:Devourer DemonHunter | D:Destruction Warlock | D:Arms Warrior,2,-1.43,11.0,-5.2,4.8,-5.2,-15.883,10.57,1941.0,Murder Row,11,2026-08-18,2008.0,4.5,0.0
all,T:Guardian Druid | H:Mistweaver Monk | D:Arcane Mage | D:Arcane Mage | D:Elemental Shaman,1,-1.44,10.0,22.9,22.9,22.9,-15.883,10.57,1388.0,The Blinding Vale,10,2026-08-19,1388.0,7.0,0.0
all,T:Blood DeathKnight | H:Holy Paladin | D:Balance Druid | D:Arms Warrior | D:Arms Warrior,1,-1.44,10.0,22.9,22.9,22.9,-15.883,10.57,1295.0,Ruby Life Pools,10,2026-08-19,1295.0,1.0,0.0
all,T:Vengeance DemonHunter | H:Restoration Shaman | D:Devourer DemonHunter | D:Arcane Mage | D:Demonology Warlock,1,-1.44,11.0,-8.9,-8.9,-8.9,-15.883,10.57,1960.0,Altar of Fangs,11,2026-08-18,1960.0,22.0,0.0
all,T:Vengeance DemonHunter | H:Restoration Shaman | D:BeastMastery Hunter | D:Windwalker Monk | D:Elemental Shaman,1,-1.44,10.0,22.9,22.9,22.9,-15.883,10.57,1479.0,Temple of Sethraliss,10,2026-08-19,1479.0,4.0,0.0
all,T:Blood DeathKnight | H:Holy Paladin | D:Devourer DemonHunter | D:Retribution Paladin | D:Elemental Shaman,2,-1.44,10.5,10.6,17.3,10.6,-15.883,10.57,1488.0,Voidscar Arena,10,2026-08-18,1696.0,7.0,0.0
all,T:Blood DeathKnight | H:Restoration Shaman | D:Unholy DeathKnight | D:Arcane Mage | D:Demonology Warlock,4,-1.44,10.2,20.4,24.4,21.8,-15.883,10.57,1270.0,Ruby Life Pools,10,2026-08-19,1475.0,4.0,0.0
all,T:Vengeance DemonHunter | H:Restoration Druid | D:Feral Druid | D:Arcane Mage | D:Arms Warrior,1,-1.44,10.0,22.9,22.9,22.9,-15.883,10.57,1388.0,Altar of Fangs,10,2026-08-19,1388.0,3.0,0.0
all,T:Protection Paladin | H:Discipline Priest | D:Devourer DemonHunter | D:BeastMastery Hunter | D:Subtlety Rogue,1,-1.44,10.0,22.9,22.9,22.9,-15.883,10.57,1480.0,Temple of Sethraliss,10,2026-08-18,1480.0,0.0,0.0
all,T:Blood DeathKnight | H:Mistweaver Monk | D:Devastation Evoker | D:Enhancement Shaman | D:Arms Warrior,1,-1.44,10.0,22.9,22.9,22.9,-15.883,10.57,1295.0,Ruby Life Pools,10,2026-08-18,1295.0,3.0,0.0
all,T:Blood DeathKnight | H:Holy Paladin | D:Arcane Mage | D:Subtlety Rogue | D:Destruction Warlock,1,-1.44,11.0,-8.9,-8.9,-8.9,-15.883,10.57,2092.0,Den of Nalorakk,11,2026-08-18,2092.0,4.0,0.0
all,T:Protection Paladin | H:Restoration Shaman | D:Devourer DemonHunter | D:Marksmanship Hunter | D:Demonology Warlock,2,-1.44,10.0,26.5,30.2,26.5,-15.883,10.57,1423.0,Murder Row,10,2026-08-19,1406.0,5.0,0.0
all,T:Blood DeathKnight | H:Restoration Shaman | D:Balance Druid | D:Survival Hunter | D:Shadow Priest,1,-1.46,10.0,22.8,22.8,22.8,-15.883,10.57,1528.0,Kings' Rest,10,2026-08-19,1528.0,3.0,0.0
all,T:Protection Paladin | H:Restoration Shaman | D:Devourer DemonHunter | D:Frost Mage | D:Arms Warrior,1,-1.46,10.0,22.8,22.8,22.8,-15.883,10.57,1390.0,Voidscar Arena,10,2026-08-18,1390.0,3.0,0.0
all,T:Blood DeathKnight | H:Restoration Shaman | D:Devourer DemonHunter | D:Retribution Paladin | D:Shadow Priest,1,-1.46,10.0,22.8,22.8,22.8,-15.883,10.57,1528.0,Kings' Rest,10,2026-08-19,1528.0,1.0,0.0
all,T:Vengeance DemonHunter | H:Restoration Shaman | D:Frost DeathKnight | D:Balance Druid | D:Arms Warrior,1,-1.46,10.0,22.8,22.8,22.8,-15.883,10.57,1297.0,Ruby Life Pools,10,2026-08-18,1297.0,1.0,0.0
all,T:Protection Warrior | H:Holy Paladin | D:Havoc DemonHunter | D:Arcane Mage | D:Arcane Mage,1,-1.46,10.0,22.8,22.8,22.8,-15.883,10.57,1574.0,Murder Row,10,2026-08-18,1574.0,2.0,0.0
all,T:Protection Paladin | H:Holy Paladin | D:Arcane Mage | D:Subtlety Rogue | D:Arms Warrior,1,-1.46,10.0,22.8,22.8,22.8,-15.883,10.57,1390.0,Voidscar Arena,10,2026-08-18,1390.0,7.0,0.0
all,T:Blood DeathKnight | H:Restoration Druid | D:Devastation Evoker | D:Demonology Warlock | D:Demonology Warlock,1,-1.46,11.0,-9.0,-9.0,-9.0,-15.883,10.57,1963.0,Altar of Fangs,11,2026-08-19,1963.0,13.0,0.0
all,T:Protection Paladin | H:Holy Paladin | D:Frost DeathKnight | D:Survival Hunter | D:Enhancement Shaman,1,-1.47,10.0,22.7,22.7,22.7,-15.883,10.57,1299.0,Ruby Life Pools,10,2026-08-18,1299.0,4.0,0.0
all,T:Blood DeathKnight | H:Holy Paladin | D:Arcane Mage | D:Affliction Warlock | D:Arms Warrior,1,-1.47,10.0,22.7,22.7,22.7,-15.883,10.57,1531.0,Kings' Rest,10,2026-08-18,1531.0,3.0,0.0
all,T:Brewmaster Monk | H:Holy Paladin | D:Unholy DeathKnight | D:BeastMastery Hunter | D:Subtlety Rogue,1,-1.47,10.0,22.7,22.7,22.7,-15.883,10.57,1484.0,Temple of Sethraliss,10,2026-08-18,1484.0,0.0,0.0
all,T:Protection Paladin | H:Holy Paladin | D:Arcane Mage | D:Shadow Priest | D:Elemental Shaman,1,-1.47,10.0,22.7,22.7,22.7,-15.883,10.57,1392.0,The Blinding Vale,10,2026-08-18,1392.0,2.0,0.0
all,T:Blood DeathKnight | H:Discipline Priest | D:Devourer DemonHunter | D:Outlaw Rogue | D:Enhancement Shaman,1,-1.47,10.0,22.7,22.7,22.7,-15.883,10.57,1392.0,The Blinding Vale,10,2026-08-18,1392.0,1.0,0.0
all,T:Blood DeathKnight | H:Restoration Shaman | D:BeastMastery Hunter | D:Affliction Warlock | D:Arms Warrior,1,-1.47,10.0,22.7,22.7,22.7,-15.883,10.57,1485.0,Den of Nalorakk,10,2026-08-18,1485.0,1.0,0.0
all,T:Guardian Druid | H:Holy Paladin | D:Devastation Evoker | D:BeastMastery Hunter | D:Arcane Mage,1,-1.47,10.0,22.7,22.7,22.7,-15.883,10.57,1392.0,Voidscar Arena,10,2026-08-19,1392.0,7.0,0.0
all,T:Vengeance DemonHunter | H:Discipline Priest | D:Balance Druid | D:Devastation Evoker | D:Demonology Warlock,1,-1.47,10.0,22.7,22.7,22.7,-15.883,10.57,1392.0,Voidscar Arena,10,2026-08-18,1392.0,15.0,0.0
all,T:Blood DeathKnight | H:Mistweaver Monk | D:Feral Druid | D:Arcane Mage | D:Elemental Shaman,1,-1.48,11.0,-9.1,-9.1,-9.1,-15.883,10.57,2094.0,Den of Nalorakk,11,2026-08-19,2094.0,13.0,0.0
all,T:Guardian Druid | H:Restoration Shaman | D:Balance Druid | D:Arcane Mage | D:Retribution Paladin,1,-1.48,11.0,-9.1,-9.1,-9.1,-15.883,10.57,2160.0,Kings' Rest,11,2026-08-19,2160.0,13.0,0.0
all,T:Protection Paladin | H:Restoration Shaman | D:Devourer DemonHunter | D:Augmentation Evoker | D:Arcane Mage,4,-1.48,10.2,20.2,32.7,18.8,-15.883,10.57,1212.0,Voidscar Arena,10,2026-08-18,1462.0,2.5,0.0
all,T:Guardian Druid | H:Holy Priest | D:Devourer DemonHunter | D:Augmentation Evoker | D:Destruction Warlock,1,-1.48,11.0,-9.1,-9.1,-9.1,-15.883,10.57,1832.0,Ruby Life Pools,11,2026-08-19,1832.0,7.0,0.0
all,T:Blood DeathKnight | H:Restoration Druid | D:Devourer DemonHunter | D:BeastMastery Hunter | D:Arcane Mage,1,-1.48,11.0,-9.1,-9.1,-9.1,-15.883,10.57,2094.0,Temple of Sethraliss,11,2026-08-18,2094.0,23.0,0.0
all,T:Guardian Druid | H:Preservation Evoker | D:Shadow Priest | D:Subtlety Rogue | D:Elemental Shaman,1,-1.49,11.0,-9.2,-9.2,-9.2,-15.883,10.57,2096.0,Temple of Sethraliss,11,2026-08-18,2096.0,5.0,0.0
all,T:Vengeance DemonHunter | H:Restoration Shaman | D:Retribution Paladin | D:Subtlety Rogue | D:Affliction Warlock,1,-1.49,10.0,22.6,22.6,22.6,-15.883,10.57,1486.0,Temple of Sethraliss,10,2026-08-18,1486.0,3.0,0.0
all,T:Protection Warrior | H:Restoration Shaman | D:Devourer DemonHunter | D:BeastMastery Hunter | D:Elemental Shaman,3,-1.49,10.3,17.0,27.7,18.9,-15.883,10.57,1302.0,The Blinding Vale,10,2026-08-19,1459.0,5.0,0.0
all,T:Protection Warrior | H:Holy Paladin | D:Devourer DemonHunter | D:Retribution Paladin | D:Subtlety Rogue,2,-1.49,10.0,26.3,28.4,26.3,-15.883,10.57,1289.0,Voidscar Arena,10,2026-08-18,1282.0,1.0,0.0
all,T:Protection Warrior | H:Holy Paladin | D:Unholy DeathKnight | D:Feral Druid | D:Windwalker Monk,1,-1.49,10.0,22.6,22.6,22.6,-15.883,10.57,1301.0,Ruby Life Pools,10,2026-08-18,1301.0,2.0,0.0
all,T:Protection Paladin | H:Restoration Shaman | D:Frost DeathKnight | D:Arms Warrior | D:Fury Warrior,1,-1.49,10.0,22.6,22.6,22.6,-15.883,10.57,1486.0,Den of Nalorakk,10,2026-08-19,1486.0,5.0,0.0
all,T:Protection Warrior | H:Preservation Evoker | D:Frost DeathKnight | D:BeastMastery Hunter | D:Retribution Paladin,1,-1.49,10.0,22.6,22.6,22.6,-15.883,10.57,1393.0,The Blinding Vale,10,2026-08-18,1393.0,1.0,0.0
all,T:Protection Paladin | H:Restoration Shaman | D:Balance Druid | D:Windwalker Monk | D:Assassination Rogue,1,-1.49,10.0,22.6,22.6,22.6,-15.883,10.57,1578.0,Murder Row,10,2026-08-18,1578.0,0.0,0.0
all,T:Blood DeathKnight | H:Holy Paladin | D:BeastMastery Hunter | D:Assassination Rogue | D:Demonology Warlock,1,-1.49,10.0,22.6,22.6,22.6,-15.883,10.57,1394.0,The Blinding Vale,10,2026-08-18,1394.0,8.0,0.0
all,T:Vengeance DemonHunter | H:Holy Priest | D:BeastMastery Hunter | D:Shadow Priest | D:Arms Warrior,1,-1.49,10.0,22.6,22.6,22.6,-15.883,10.57,1394.0,Voidscar Arena,10,2026-08-18,1394.0,5.0,0.0
all,T:Blood DeathKnight | H:Holy Paladin | D:Marksmanship Hunter | D:Elemental Shaman | D:Fury Warrior,2,-1.5,10.5,10.4,18.6,10.4,-15.883,10.57,1466.0,The Blinding Vale,10,2026-08-19,1731.0,3.0,0.0
all,T:Protection Paladin | H:Restoration Druid | D:Devourer DemonHunter | D:Outlaw Rogue | D:Destruction Warlock,2,-1.5,10.5,10.4,18.8,10.4,-15.883,10.57,1462.0,Voidscar Arena,10,2026-08-18,1730.0,3.5,0.0
all,T:Protection Paladin | H:Holy Paladin | D:Balance Druid | D:Subtlety Rogue | D:Elemental Shaman,1,-1.51,10.0,22.5,22.5,22.5,-15.883,10.57,1302.0,Ruby Life Pools,10,2026-08-19,1302.0,1.0,0.0
all,T:Blood DeathKnight | H:Preservation Evoker | D:Feral Druid | D:BeastMastery Hunter | D:Arcane Mage,1,-1.51,10.0,22.5,22.5,22.5,-15.883,10.57,1395.0,The Blinding Vale,10,2026-08-18,1395.0,0.0,0.0
all,T:Guardian Druid | H:Mistweaver Monk | D:BeastMastery Hunter | D:Affliction Warlock | D:Arms Warrior,1,-1.51,10.0,22.5,22.5,22.5,-15.883,10.57,1301.0,Ruby Life Pools,10,2026-08-19,1301.0,6.0,0.0
all,T:Brewmaster Monk | H:Restoration Druid | D:Devourer DemonHunter | D:Arcane Mage | D:Arms Warrior,1,-1.51,10.0,22.5,22.5,22.5,-15.883,10.57,1488.0,Temple of Sethraliss,10,2026-08-18,1488.0,5.0,0.0
all,T:Guardian Druid | H:Discipline Priest | D:Shadow Priest | D:Destruction Warlock | D:Arms Warrior,1,-1.51,10.0,22.5,22.5,22.5,-15.883,10.57,1302.0,Ruby Life Pools,10,2026-08-18,1302.0,4.0,0.0
all,T:Blood DeathKnight | H:Holy Paladin | D:Havoc DemonHunter | D:Arcane Mage | D:Arms Warrior,1,-1.51,10.0,22.5,22.5,22.5,-15.883,10.57,1582.0,Murder Row,10,2026-08-19,1582.0,2.0,0.0
all,T:Protection Warrior | H:Restoration Shaman | D:BeastMastery Hunter | D:Arcane Mage | D:Subtlety Rogue,1,-1.51,10.0,22.5,22.5,22.5,-15.883,10.57,1487.0,Temple of Sethraliss,10,2026-08-18,1487.0,3.0,0.0
all,T:Guardian Druid | H:Mistweaver Monk | D:Balance Druid | D:Devastation Evoker | D:Elemental Shaman,4,-1.51,10.2,20.2,25.9,18.8,-15.883,10.57,1467.0,Kings' Rest,10,2026-08-18,1477.0,2.5,0.0
all,T:Blood DeathKnight | H:Restoration Shaman | D:Survival Hunter | D:Retribution Paladin | D:Arms Warrior,1,-1.52,10.0,22.4,22.4,22.4,-15.883,10.57,1536.0,Kings' Rest,10,2026-08-19,1536.0,2.0,0.0
all,T:Guardian Druid | H:Holy Priest | D:Devourer DemonHunter | D:Windwalker Monk | D:Elemental Shaman,1,-1.52,10.0,22.4,22.4,22.4,-15.883,10.57,1584.0,Murder Row,10,2026-08-18,1584.0,5.0,0.0
all,T:Guardian Druid | H:Holy Priest | D:BeastMastery Hunter | D:BeastMastery Hunter | D:Arms Warrior,1,-1.52,10.0,22.4,22.4,22.4,-15.883,10.57,1584.0,Murder Row,10,2026-08-18,1584.0,6.0,0.0
all,T:Protection Warrior | H:Discipline Priest | D:BeastMastery Hunter | D:Arcane Mage | D:Windwalker Monk,1,-1.52,10.0,22.4,22.4,22.4,-15.883,10.57,1536.0,Kings' Rest,10,2026-08-19,1536.0,4.0,0.0
all,T:Protection Paladin | H:Discipline Priest | D:Arcane Mage | D:Enhancement Shaman | D:Fury Warrior,1,-1.52,10.0,22.4,22.4,22.4,-15.883,10.57,1583.0,Murder Row,10,2026-08-19,1583.0,5.0,0.0
all,T:Blood DeathKnight | H:Holy Priest | D:Balance Druid | D:Arcane Mage | D:Outlaw Rogue,1,-1.52,10.0,22.4,22.4,22.4,-15.883,10.57,1397.0,The Blinding Vale,10,2026-08-18,1397.0,0.0,0.0
all,T:Brewmaster Monk | H:Discipline Priest | D:Balance Druid | D:BeastMastery Hunter | D:Enhancement Shaman,1,-1.52,10.0,22.4,22.4,22.4,-15.883,10.57,1537.0,Kings' Rest,10,2026-08-18,1537.0,5.0,0.0
all,T:Guardian Druid | H:Holy Paladin | D:BeastMastery Hunter | D:Enhancement Shaman | D:Demonology Warlock,1,-1.52,10.0,22.4,22.4,22.4,-15.883,10.57,1397.0,Voidscar Arena,10,2026-08-18,1397.0,3.0,0.0
all,T:Guardian Druid | H:Holy Paladin | D:Survival Hunter | D:Enhancement Shaman | D:Arms Warrior,1,-1.52,10.0,22.4,22.4,22.4,-15.883,10.57,1396.0,The Blinding Vale,10,2026-08-19,1396.0,3.0,0.0
all,T:Protection Paladin | H:Mistweaver Monk | D:Feral Druid | D:Marksmanship Hunter | D:Frost Mage,1,-1.52,10.0,22.4,22.4,22.4,-15.883,10.57,1397.0,Altar of Fangs,10,2026-08-19,1397.0,2.0,0.0
all,T:Blood DeathKnight | H:Restoration Shaman | D:Balance Druid | D:BeastMastery Hunter | D:Demonology Warlock,1,-1.52,10.0,22.4,22.4,22.4,-15.883,10.57,1303.0,Ruby Life Pools,10,2026-08-19,1303.0,5.0,0.0
all,T:Brewmaster Monk | H:Restoration Shaman | D:Unholy DeathKnight | D:Arcane Mage | D:Retribution Paladin,1,-1.53,11.0,-9.4,-9.4,-9.4,-15.883,10.57,2101.0,Temple of Sethraliss,11,2026-08-19,2101.0,7.0,0.0
all,T:Blood DeathKnight | H:Holy Paladin | D:Marksmanship Hunter | D:Windwalker Monk | D:Affliction Warlock,1,-1.53,11.0,-9.4,-9.4,-9.4,-15.883,10.57,1968.0,The Blinding Vale,11,2026-08-18,1968.0,6.0,0.0
all,T:Blood DeathKnight | H:Mistweaver Monk | D:Arcane Mage | D:Retribution Paladin | D:Arms Warrior,4,-1.53,10.5,12.2,26.5,12.0,-15.883,10.57,1412.0,Temple of Sethraliss,10,2026-08-19,1566.0,5.0,0.0
all,T:Protection Paladin | H:Restoration Shaman | D:Devourer DemonHunter | D:Feral Druid | D:Shadow Priest,1,-1.53,11.0,-9.4,-9.4,-9.4,-15.883,10.57,2100.0,Temple of Sethraliss,11,2026-08-18,2100.0,12.0,0.0
all,T:Blood DeathKnight | H:Restoration Shaman | D:Devourer DemonHunter | D:Balance Druid | D:Assassination Rogue,1,-1.53,11.0,-9.4,-9.4,-9.4,-15.883,10.57,2101.0,Den of Nalorakk,11,2026-08-19,2101.0,16.0,0.0
all,T:Protection Paladin | H:Restoration Shaman | D:Marksmanship Hunter | D:Retribution Paladin | D:Affliction Warlock,1,-1.53,11.0,-9.4,-9.4,-9.4,-15.883,10.57,1970.0,Altar of Fangs,11,2026-08-19,1970.0,15.0,0.0
all,T:Brewmaster Monk | H:Holy Paladin | D:Devourer DemonHunter | D:Survival Hunter | D:Demonology Warlock,2,-1.54,10.5,10.2,21.7,10.2,-15.883,10.57,1503.0,Temple of Sethraliss,10,2026-08-18,1662.0,7.5,0.0
all,T:Protection Paladin | H:Holy Paladin | D:BeastMastery Hunter | D:Fire Mage | D:Arms Warrior,1,-1.54,10.0,22.3,22.3,22.3,-15.883,10.57,1539.0,Kings' Rest,10,2026-08-19,1539.0,1.0,0.0
all,T:Blood DeathKnight | H:Restoration Shaman | D:Devourer DemonHunter | D:Frost Mage | D:Destruction Warlock,1,-1.54,11.0,-9.5,-9.5,-9.5,-15.883,10.57,1971.0,Altar of Fangs,11,2026-08-19,1971.0,20.0,0.0
all,T:Protection Paladin | H:Preservation Evoker | D:Balance Druid | D:Marksmanship Hunter | D:Enhancement Shaman,1,-1.54,10.0,22.3,22.3,22.3,-15.883,10.57,1492.0,Temple of Sethraliss,10,2026-08-19,1492.0,0.0,0.0
all,T:Blood DeathKnight | H:Preservation Evoker | D:Unholy DeathKnight | D:Unholy DeathKnight | D:Demonology Warlock,2,-1.54,10.0,26.2,26.7,26.2,-15.883,10.57,1407.0,Den of Nalorakk,10,2026-08-18,1373.0,6.0,0.0
all,T:Protection Paladin | H:Restoration Shaman | D:Unholy DeathKnight | D:Subtlety Rogue | D:Arms Warrior,1,-1.54,10.0,22.3,22.3,22.3,-15.883,10.57,1586.0,Murder Row,10,2026-08-19,1586.0,5.0,0.0
all,T:Protection Warrior | H:Restoration Shaman | D:BeastMastery Hunter | D:Fire Mage | D:Outlaw Rogue,2,-1.54,10.0,26.2,28.9,26.2,-15.883,10.57,1450.0,Murder Row,10,2026-08-18,1483.0,1.0,0.0
all,T:Blood DeathKnight | H:Preservation Evoker | D:Devourer DemonHunter | D:Arcane Mage | D:Assassination Rogue,1,-1.54,10.0,22.3,22.3,22.3,-15.883,10.57,1398.0,The Blinding Vale,10,2026-08-18,1398.0,3.0,0.0
all,T:Protection Paladin | H:Restoration Shaman | D:Marksmanship Hunter | D:Subtlety Rogue | D:Demonology Warlock,1,-1.54,10.0,22.3,22.3,22.3,-15.883,10.57,1539.0,Kings' Rest,10,2026-08-18,1539.0,9.0,0.0
all,T:Blood DeathKnight | H:Restoration Shaman | D:Devastation Evoker | D:Arcane Mage | D:Demonology Warlock,1,-1.54,11.0,-9.5,-9.5,-9.5,-15.883,10.57,1971.0,Altar of Fangs,11,2026-08-18,1971.0,12.0,0.0
all,T:Protection Paladin | H:Restoration Shaman | D:Balance Druid | D:Subtlety Rogue | D:Elemental Shaman,1,-1.54,10.0,22.3,22.3,22.3,-15.883,10.57,1539.0,Kings' Rest,10,2026-08-18,1539.0,2.0,0.0
all,T:Vengeance DemonHunter | H:Mistweaver Monk | D:Unholy DeathKnight | D:Survival Hunter | D:Arms Warrior,1,-1.56,10.0,22.2,22.2,22.2,-15.883,10.57,1540.0,Kings' Rest,10,2026-08-18,1540.0,1.0,0.0
all,T:Protection Warrior | H:Restoration Shaman | D:Unholy DeathKnight | D:Marksmanship Hunter | D:Shadow Priest,1,-1.56,10.0,22.2,22.2,22.2,-15.883,10.57,1307.0,Ruby Life Pools,10,2026-08-19,1307.0,2.0,0.0
all,T:Vengeance DemonHunter | H:Holy Paladin | D:Arcane Mage | D:Retribution Paladin | D:Affliction Warlock,1,-1.56,10.0,22.2,22.2,22.2,-15.883,10.57,1306.0,Ruby Life Pools,10,2026-08-18,1306.0,1.0,0.0
all,T:Protection Paladin | H:Preservation Evoker | D:Balance Druid | D:BeastMastery Hunter | D:Subtlety Rogue,1,-1.56,11.0,-9.6,-9.6,-9.6,-15.883,10.57,2235.0,Murder Row,11,2026-08-18,2235.0,19.0,0.0
all,T:Protection Warrior | H:Restoration Shaman | D:Havoc DemonHunter | D:Balance Druid | D:Arms Warrior,1,-1.56,10.0,22.2,22.2,22.2,-15.883,10.57,1401.0,The Blinding Vale,10,2026-08-18,1401.0,5.0,0.0
all,T:Blood DeathKnight | H:Preservation Evoker | D:Havoc DemonHunter | D:Retribution Paladin | D:Elemental Shaman,1,-1.56,10.0,22.2,22.2,22.2,-15.883,10.57,1541.0,Kings' Rest,10,2026-08-19,1541.0,0.0,0.0
all,T:Blood DeathKnight | H:Restoration Shaman | D:Feral Druid | D:Devastation Evoker | D:Arms Warrior,1,-1.56,10.0,22.2,22.2,22.2,-15.883,10.57,1494.0,Temple of Sethraliss,10,2026-08-18,1494.0,10.0,0.0
all,T:Blood DeathKnight | H:Mistweaver Monk | D:Balance Druid | D:Retribution Paladin | D:Enhancement Shaman,1,-1.56,11.0,-9.6,-9.6,-9.6,-15.883,10.57,1842.0,Ruby Life Pools,11,2026-08-18,1842.0,16.0,0.0
all,T:Protection Paladin | H:Mistweaver Monk | D:Marksmanship Hunter | D:Retribution Paladin | D:Subtlety Rogue,1,-1.56,10.0,22.2,22.2,22.2,-15.883,10.57,1494.0,Den of Nalorakk,10,2026-08-18,1494.0,7.0,0.0
all,T:Blood DeathKnight | H:Restoration Shaman | D:Devourer DemonHunter | D:Havoc DemonHunter | D:Demonology Warlock,1,-1.56,11.0,-9.6,-9.6,-9.6,-15.883,10.57,2170.0,Kings' Rest,11,2026-08-18,2170.0,10.0,0.0
all,T:Guardian Druid | H:Holy Paladin | D:Unholy DeathKnight | D:Elemental Shaman | D:Arms Warrior,1,-1.56,11.0,-9.6,-9.6,-9.6,-15.883,10.57,1973.0,Altar of Fangs,11,2026-08-18,1973.0,17.0,0.0
all,T:Blood DeathKnight | H:Holy Paladin | D:Frost DeathKnight | D:BeastMastery Hunter | D:Arcane Mage,1,-1.56,10.0,22.2,22.2,22.2,-15.883,10.57,1307.0,Ruby Life Pools,10,2026-08-18,1307.0,6.0,0.0
all,T:Vengeance DemonHunter | H:Restoration Druid | D:Balance Druid | D:Arcane Mage | D:Affliction Warlock,1,-1.57,10.0,22.1,22.1,22.1,-15.883,10.57,1496.0,Temple of Sethraliss,10,2026-08-18,1496.0,2.0,0.0
all,T:Vengeance DemonHunter | H:Restoration Shaman | D:Frost DeathKnight | D:Devastation Evoker | D:Destruction Warlock,1,-1.57,10.0,22.1,22.1,22.1,-15.883,10.57,1309.0,Ruby Life Pools,10,2026-08-18,1309.0,10.0,0.0
all,T:Vengeance DemonHunter | H:Restoration Druid | D:Balance Druid | D:Arcane Mage | D:Outlaw Rogue,1,-1.57,10.0,22.1,22.1,22.1,-15.883,10.57,1496.0,Den of Nalorakk,10,2026-08-18,1496.0,6.0,0.0
all,T:Guardian Druid | H:Preservation Evoker | D:Unholy DeathKnight | D:Devourer DemonHunter | D:Demonology Warlock,1,-1.57,10.0,22.1,22.1,22.1,-15.883,10.57,1495.0,Den of Nalorakk,10,2026-08-18,1495.0,2.0,0.0
all,T:Protection Paladin | H:Holy Paladin | D:Assassination Rogue | D:Enhancement Shaman | D:Destruction Warlock,1,-1.57,10.0,22.1,22.1,22.1,-15.883,10.57,1542.0,Kings' Rest,10,2026-08-18,1542.0,1.0,0.0
all,T:Brewmaster Monk | H:Restoration Shaman | D:Frost DeathKnight | D:Subtlety Rogue | D:Arms Warrior,1,-1.57,10.0,22.1,22.1,22.1,-15.883,10.57,1402.0,The Blinding Vale,10,2026-08-18,1402.0,3.0,0.0
all,T:Guardian Druid | H:Discipline Priest | D:BeastMastery Hunter | D:Subtlety Rogue | D:Fury Warrior,1,-1.57,10.0,22.1,22.1,22.1,-15.883,10.57,1309.0,Ruby Life Pools,10,2026-08-19,1309.0,4.0,0.0
all,T:Vengeance DemonHunter | H:Discipline Priest | D:Unholy DeathKnight | D:Balance Druid | D:Arcane Mage,1,-1.57,10.0,22.1,22.1,22.1,-15.883,10.57,1589.0,Murder Row,10,2026-08-18,1589.0,5.0,0.0
all,T:Protection Paladin | H:Restoration Shaman | D:Frost DeathKnight | D:Arcane Mage | D:Arms Warrior,3,-1.57,10.3,16.8,24.5,19.5,-15.883,10.57,1360.0,The Blinding Vale,10,2026-08-18,1449.0,6.67,0.0
all,T:Vengeance DemonHunter | H:Holy Paladin | D:Unholy DeathKnight | D:Arcane Mage | D:Windwalker Monk,1,-1.57,10.0,22.1,22.1,22.1,-15.883,10.57,1403.0,The Blinding Vale,10,2026-08-19,1403.0,2.0,0.0
all,T:Blood DeathKnight | H:Discipline Priest | D:Frost DeathKnight | D:Marksmanship Hunter | D:Retribution Paladin,1,-1.57,10.0,22.1,22.1,22.1,-15.883,10.57,1542.0,Kings' Rest,10,2026-08-19,1542.0,3.0,0.0
all,T:Blood DeathKnight | H:Preservation Evoker | D:BeastMastery Hunter | D:Retribution Paladin | D:Destruction Warlock,1,-1.57,10.0,22.1,22.1,22.1,-15.883,10.57,1542.0,Kings' Rest,10,2026-08-19,1542.0,1.0,0.0
all,T:Blood DeathKnight | H:Discipline Priest | D:Arcane Mage | D:Affliction Warlock | D:Arms Warrior,1,-1.58,11.0,-9.7,-9.7,-9.7,-15.883,10.57,1842.0,Ruby Life Pools,11,2026-08-18,1842.0,26.0,0.0
all,T:Blood DeathKnight | H:Holy Paladin | D:BeastMastery Hunter | D:Shadow Priest | D:Arms Warrior,1,-1.58,11.0,-9.7,-9.7,-9.7,-15.883,10.57,2106.0,Den of Nalorakk,11,2026-08-19,2106.0,10.0,0.0
all,T:Protection Paladin | H:Restoration Shaman | D:Outlaw Rogue | D:Elemental Shaman | D:Arms Warrior,3,-1.58,10.7,6.1,20.8,10.5,-15.883,10.57,1616.0,Murder Row,10,2026-08-18,1616.0,6.33,0.0
all,T:Protection Warrior | H:Holy Paladin | D:Devourer DemonHunter | D:Arcane Mage | D:Affliction Warlock,1,-1.59,10.0,22.0,22.0,22.0,-15.883,10.57,1405.0,The Blinding Vale,10,2026-08-18,1405.0,2.0,0.0
all,T:Protection Paladin | H:Mistweaver Monk | D:Marksmanship Hunter | D:Arcane Mage | D:Elemental Shaman,1,-1.59,10.0,22.0,22.0,22.0,-15.883,10.57,1498.0,Temple of Sethraliss,10,2026-08-19,1498.0,2.0,0.0
all,T:Blood DeathKnight | H:Discipline Priest | D:Frost DeathKnight | D:Devourer DemonHunter | D:Balance Druid,1,-1.59,11.0,-9.8,-9.8,-9.8,-15.883,10.57,1977.0,Altar of Fangs,11,2026-08-18,1977.0,7.0,0.0
all,T:Blood DeathKnight | H:Discipline Priest | D:BeastMastery Hunter | D:Arcane Mage | D:Retribution Paladin,1,-1.59,11.0,-9.8,-9.8,-9.8,-15.883,10.57,2109.0,Den of Nalorakk,11,2026-08-18,2109.0,13.0,0.0
all,T:Brewmaster Monk | H:Discipline Priest | D:Frost Mage | D:Outlaw Rogue | D:Elemental Shaman,1,-1.59,10.0,22.0,22.0,22.0,-15.883,10.57,1545.0,Kings' Rest,10,2026-08-18,1545.0,1.0,0.0
all,T:Blood DeathKnight | H:Holy Paladin | D:Arcane Mage | D:Windwalker Monk | D:Assassination Rogue,1,-1.59,10.0,22.0,22.0,22.0,-15.883,10.57,1544.0,Kings' Rest,10,2026-08-18,1544.0,2.0,0.0
all,T:Blood DeathKnight | H:Discipline Priest | D:Arcane Mage | D:Subtlety Rogue | D:Demonology Warlock,1,-1.59,10.0,22.0,22.0,22.0,-15.883,10.57,1497.0,Temple of Sethraliss,10,2026-08-18,1497.0,1.0,0.0
all,T:Protection Paladin | H:Holy Paladin | D:Frost DeathKnight | D:Assassination Rogue | D:Elemental Shaman,1,-1.59,10.0,22.0,22.0,22.0,-15.883,10.57,1497.0,Den of Nalorakk,10,2026-08-18,1497.0,5.0,0.0
all,T:Vengeance DemonHunter | H:Holy Paladin | D:BeastMastery Hunter | D:Frost Mage | D:Arms Warrior,1,-1.59,10.0,22.0,22.0,22.0,-15.883,10.57,1311.0,Ruby Life Pools,10,2026-08-18,1311.0,1.0,0.0
all,T:Blood DeathKnight | H:Holy Priest | D:Arcane Mage | D:Subtlety Rogue | D:Arms Warrior,1,-1.59,10.0,22.0,22.0,22.0,-15.883,10.57,1404.0,Voidscar Arena,10,2026-08-18,1404.0,3.0,0.0
all,T:Blood DeathKnight | H:Restoration Druid | D:Frost DeathKnight | D:Devourer DemonHunter | D:Arms Warrior,1,-1.59,10.0,22.0,22.0,22.0,-15.883,10.57,1544.0,Kings' Rest,10,2026-08-18,1544.0,6.0,0.0
all,T:Blood DeathKnight | H:Restoration Druid | D:Devastation Evoker | D:Elemental Shaman | D:Arms Warrior,1,-1.61,10.0,21.9,21.9,21.9,-15.883,10.57,1545.0,Kings' Rest,10,2026-08-19,1545.0,7.0,0.0
all,T:Blood DeathKnight | H:Restoration Shaman | D:Demonology Warlock | D:Destruction Warlock | D:Arms Warrior,1,-1.61,10.0,21.9,21.9,21.9,-15.883,10.57,1593.0,Murder Row,10,2026-08-18,1593.0,6.0,0.0
all,T:Blood DeathKnight | H:Holy Paladin | D:Unholy DeathKnight | D:Marksmanship Hunter | D:Frost Mage,1,-1.61,10.0,21.9,21.9,21.9,-15.883,10.57,1500.0,Temple of Sethraliss,10,2026-08-19,1500.0,4.0,0.0
all,T:Protection Paladin | H:Holy Priest | D:Unholy DeathKnight | D:Devourer DemonHunter | D:Arcane Mage,1,-1.61,10.0,21.9,21.9,21.9,-15.883,10.57,1547.0,Kings' Rest,10,2026-08-18,1547.0,0.0,0.0
all,T:Guardian Druid | H:Holy Paladin | D:BeastMastery Hunter | D:Destruction Warlock | D:Fury Warrior,1,-1.61,10.0,21.9,21.9,21.9,-15.883,10.57,1405.0,Voidscar Arena,10,2026-08-18,1405.0,6.0,0.0
all,T:Protection Paladin | H:Preservation Evoker | D:Devourer DemonHunter | D:Devastation Evoker | D:Windwalker Monk,1,-1.61,10.0,21.9,21.9,21.9,-15.883,10.57,1407.0,Altar of Fangs,10,2026-08-19,1407.0,0.0,0.0
all,T:Guardian Druid | H:Holy Paladin | D:Havoc DemonHunter | D:Arcane Mage | D:Demonology Warlock,1,-1.61,10.0,21.9,21.9,21.9,-15.883,10.57,1313.0,Ruby Life Pools,10,2026-08-18,1313.0,6.0,0.0
all,T:Protection Paladin | H:Restoration Shaman | D:Frost DeathKnight | D:Havoc DemonHunter | D:Fury Warrior,1,-1.61,11.0,-9.9,-9.9,-9.9,-15.883,10.57,2111.0,Temple of Sethraliss,11,2026-08-19,2111.0,7.0,0.0
all,T:Protection Warrior | H:Discipline Priest | D:Augmentation Evoker | D:Arcane Mage | D:Fire Mage,2,-1.62,10.0,25.8,27.7,25.8,-15.883,10.57,1474.0,Murder Row,10,2026-08-18,1490.0,0.0,0.0
all,T:Blood DeathKnight | H:Mistweaver Monk | D:Balance Druid | D:Arcane Mage | D:Shadow Priest,2,-1.62,10.0,25.8,28.2,25.8,-15.883,10.57,1379.0,Den of Nalorakk,10,2026-08-19,1470.0,1.0,0.0
all,T:Protection Paladin | H:Discipline Priest | D:BeastMastery Hunter | D:Arcane Mage | D:Arms Warrior,1,-1.62,10.0,21.8,21.8,21.8,-15.883,10.57,1596.0,Murder Row,10,2026-08-19,1596.0,1.0,0.0
all,T:Blood DeathKnight | H:Discipline Priest | D:Devourer DemonHunter | D:Frost Mage | D:Enhancement Shaman,1,-1.62,10.0,21.8,21.8,21.8,-15.883,10.57,1408.0,Voidscar Arena,10,2026-08-18,1408.0,14.0,0.0
all,T:Vengeance DemonHunter | H:Discipline Priest | D:BeastMastery Hunter | D:Subtlety Rogue | D:Destruction Warlock,1,-1.62,10.0,21.8,21.8,21.8,-15.883,10.57,1407.0,The Blinding Vale,10,2026-08-18,1407.0,5.0,0.0
all,T:Vengeance DemonHunter | H:Restoration Druid | D:Devourer DemonHunter | D:Devourer DemonHunter | D:BeastMastery Hunter,1,-1.62,10.0,21.8,21.8,21.8,-15.883,10.57,1596.0,Murder Row,10,2026-08-19,1596.0,0.0,0.0
all,T:Vengeance DemonHunter | H:Restoration Shaman | D:BeastMastery Hunter | D:Arcane Mage | D:Elemental Shaman,1,-1.62,10.0,21.8,21.8,21.8,-15.883,10.57,1549.0,Kings' Rest,10,2026-08-18,1549.0,1.0,0.0
all,T:Protection Paladin | H:Restoration Shaman | D:Arcane Mage | D:Arcane Mage | D:Retribution Paladin,1,-1.62,10.0,21.8,21.8,21.8,-15.883,10.57,1314.0,Ruby Life Pools,10,2026-08-18,1314.0,1.0,0.0
all,T:Vengeance DemonHunter | H:Restoration Shaman | D:Unholy DeathKnight | D:Marksmanship Hunter | D:Arms Warrior,2,-1.63,10.5,10.0,21.9,10.0,-15.883,10.57,1500.0,Temple of Sethraliss,10,2026-08-19,1606.0,11.5,0.0
all,T:Blood DeathKnight | H:Discipline Priest | D:Unholy DeathKnight | D:Windwalker Monk | D:Shadow Priest,1,-1.63,11.0,-10.0,-10.0,-10.0,-15.883,10.57,2243.0,Murder Row,11,2026-08-19,2243.0,16.0,0.0
all,T:Protection Paladin | H:Restoration Shaman | D:Devourer DemonHunter | D:BeastMastery Hunter | D:Retribution Paladin,1,-1.63,11.0,-10.0,-10.0,-10.0,-15.883,10.57,1848.0,Ruby Life Pools,11,2026-08-19,1848.0,12.0,0.0
all,T:Protection Paladin | H:Restoration Druid | D:Balance Druid | D:Devastation Evoker | D:Destruction Warlock,1,-1.64,10.0,21.7,21.7,21.7,-15.883,10.57,1504.0,Temple of Sethraliss,10,2026-08-19,1504.0,4.0,0.0
all,T:Blood DeathKnight | H:Restoration Shaman | D:Marksmanship Hunter | D:Subtlety Rogue | D:Elemental Shaman,1,-1.64,10.0,21.7,21.7,21.7,-15.883,10.57,1597.0,Murder Row,10,2026-08-18,1597.0,1.0,0.0
all,T:Vengeance DemonHunter | H:Discipline Priest | D:BeastMastery Hunter | D:Elemental Shaman | D:Elemental Shaman,1,-1.64,10.0,21.7,21.7,21.7,-15.883,10.57,1598.0,Murder Row,10,2026-08-18,1598.0,1.0,0.0
all,T:Protection Paladin | H:Holy Paladin | D:Devastation Evoker | D:BeastMastery Hunter | D:Fire Mage,1,-1.64,10.0,21.7,21.7,21.7,-15.883,10.57,1504.0,Temple of Sethraliss,10,2026-08-19,1504.0,1.0,0.0
all,T:Blood DeathKnight | H:Holy Paladin | D:Augmentation Evoker | D:BeastMastery Hunter | D:Elemental Shaman,1,-1.64,10.0,21.7,21.7,21.7,-15.883,10.57,1503.0,Temple of Sethraliss,10,2026-08-19,1503.0,2.0,0.0
all,T:Blood DeathKnight | H:Restoration Shaman | D:Unholy DeathKnight | D:Elemental Shaman | D:Arms Warrior,10,-1.65,10.6,10.0,28.1,10.9,-15.883,10.57,1380.0,Temple of Sethraliss,10,2026-08-18,1604.0,9.1,0.0
all,T:Guardian Druid | H:Restoration Druid | D:Unholy DeathKnight | D:Arcane Mage | D:Arcane Mage,1,-1.66,11.0,-10.2,-10.2,-10.2,-15.883,10.57,1984.0,The Blinding Vale,11,2026-08-18,1984.0,20.0,0.0
all,T:Blood DeathKnight | H:Restoration Shaman | D:Balance Druid | D:Retribution Paladin | D:Subtlety Rogue,4,-1.66,10.2,19.8,23.2,22.2,-15.883,10.57,1382.0,Altar of Fangs,10,2026-08-19,1402.0,5.0,0.0
all,T:Blood DeathKnight | H:Preservation Evoker | D:Unholy DeathKnight | D:Marksmanship Hunter | D:Assassination Rogue,1,-1.66,10.0,21.6,21.6,21.6,-15.883,10.57,1411.0,Voidscar Arena,10,2026-08-18,1411.0,5.0,0.0
all,T:Guardian Druid | H:Preservation Evoker | D:Devastation Evoker | D:Arcane Mage | D:Fury Warrior,1,-1.66,10.0,21.6,21.6,21.6,-15.883,10.57,1412.0,Altar of Fangs,10,2026-08-19,1412.0,12.0,0.0
all,T:Brewmaster Monk | H:Restoration Shaman | D:Devastation Evoker | D:Arcane Mage | D:Elemental Shaman,1,-1.66,10.0,21.6,21.6,21.6,-15.883,10.57,1412.0,Voidscar Arena,10,2026-08-19,1412.0,9.0,0.0
all,T:Brewmaster Monk | H:Discipline Priest | D:Devourer DemonHunter | D:Frost Mage | D:Demonology Warlock,1,-1.66,10.0,21.6,21.6,21.6,-15.883,10.57,1411.0,Altar of Fangs,10,2026-08-19,1411.0,1.0,0.0
all,T:Blood DeathKnight | H:Restoration Shaman | D:Havoc DemonHunter | D:Arcane Mage | D:Shadow Priest,1,-1.66,11.0,-10.2,-10.2,-10.2,-15.883,10.57,2116.0,Den of Nalorakk,11,2026-08-18,2116.0,11.0,0.0
all,T:Guardian Druid | H:Restoration Shaman | D:Frost DeathKnight | D:Devourer DemonHunter | D:Fire Mage,1,-1.66,10.0,21.6,21.6,21.6,-15.883,10.57,1506.0,Temple of Sethraliss,10,2026-08-19,1506.0,5.0,0.0
all,T:Blood DeathKnight | H:Holy Paladin | D:Unholy DeathKnight | D:Devastation Evoker | D:Assassination Rogue,1,-1.66,10.0,21.6,21.6,21.6,-15.883,10.57,1411.0,Altar of Fangs,10,2026-08-18,1411.0,12.0,0.0
all,T:Guardian Druid | H:Holy Priest | D:Marksmanship Hunter | D:Subtlety Rogue | D:Enhancement Shaman,1,-1.66,10.0,21.6,21.6,21.6,-15.883,10.57,1505.0,Den of Nalorakk,10,2026-08-18,1505.0,3.0,0.0
all,T:Protection Paladin | H:Holy Priest | D:Devastation Evoker | D:Devastation Evoker | D:Elemental Shaman,1,-1.66,10.0,21.6,21.6,21.6,-15.883,10.57,1553.0,Kings' Rest,10,2026-08-18,1553.0,4.0,0.0
all,T:Blood DeathKnight | H:Restoration Shaman | D:Marksmanship Hunter | D:Arcane Mage | D:Outlaw Rogue,1,-1.66,10.0,21.6,21.6,21.6,-15.883,10.57,1553.0,Kings' Rest,10,2026-08-18,1553.0,9.0,0.0
all,T:Brewmaster Monk | H:Holy Paladin | D:Arcane Mage | D:Retribution Paladin | D:Arms Warrior,1,-1.66,10.0,21.6,21.6,21.6,-15.883,10.57,1317.0,Ruby Life Pools,10,2026-08-19,1317.0,1.0,0.0
all,T:Blood DeathKnight | H:Restoration Shaman | D:Arcane Mage | D:Subtlety Rogue | D:Demonology Warlock,1,-1.66,10.0,21.6,21.6,21.6,-15.883,10.57,1411.0,The Blinding Vale,10,2026-08-19,1411.0,0.0,0.0
all,T:Blood DeathKnight | H:Discipline Priest | D:Balance Druid | D:BeastMastery Hunter | D:Retribution Paladin,8,-1.67,10.2,20.9,27.9,21.9,-15.883,10.57,1212.0,Ruby Life Pools,10,2026-08-18,1516.0,5.5,0.0
all,T:Vengeance DemonHunter | H:Restoration Shaman | D:Unholy DeathKnight | D:Balance Druid | D:Arms Warrior,1,-1.67,10.0,21.5,21.5,21.5,-15.883,10.57,1508.0,Temple of Sethraliss,10,2026-08-18,1508.0,1.0,0.0
all,T:Protection Paladin | H:Restoration Shaman | D:Devourer DemonHunter | D:Windwalker Monk | D:Retribution Paladin,1,-1.67,10.0,21.5,21.5,21.5,-15.883,10.57,1555.0,Kings' Rest,10,2026-08-19,1555.0,4.0,0.0
all,T:Blood DeathKnight | H:Restoration Shaman | D:Feral Druid | D:Arcane Mage | D:Arms Warrior,2,-1.67,10.5,9.8,18.5,9.8,-15.883,10.57,1369.0,Ruby Life Pools,10,2026-08-18,1515.0,6.0,0.0
all,T:Blood DeathKnight | H:Restoration Shaman | D:Subtlety Rogue | D:Demonology Warlock | D:Arms Warrior,1,-1.67,10.0,21.5,21.5,21.5,-15.883,10.57,1508.0,Temple of Sethraliss,10,2026-08-18,1508.0,5.0,0.0
all,T:Brewmaster Monk | H:Restoration Shaman | D:Augmentation Evoker | D:Shadow Priest | D:Subtlety Rogue,4,-1.67,10.2,19.8,27.6,22.0,-15.883,10.57,1391.0,Temple of Sethraliss,10,2026-08-18,1452.0,3.25,0.0
all,T:Brewmaster Monk | H:Preservation Evoker | D:Windwalker Monk | D:Assassination Rogue | D:Demonology Warlock,1,-1.68,11.0,-10.3,-10.3,-10.3,-15.883,10.57,2117.0,Temple of Sethraliss,11,2026-08-18,2117.0,16.0,0.0
all,T:Blood DeathKnight | H:Preservation Evoker | D:BeastMastery Hunter | D:Arcane Mage | D:Destruction Warlock,1,-1.68,11.0,-10.3,-10.3,-10.3,-15.883,10.57,2250.0,Murder Row,11,2026-08-18,2250.0,19.0,0.0
all,T:Protection Warrior | H:Holy Priest | D:Devastation Evoker | D:BeastMastery Hunter | D:Arcane Mage,1,-1.68,11.0,-10.3,-10.3,-10.3,-15.883,10.57,2183.0,Kings' Rest,11,2026-08-18,2183.0,9.0,0.0
all,T:Protection Paladin | H:Restoration Druid | D:Marksmanship Hunter | D:Retribution Paladin | D:Destruction Warlock,1,-1.69,10.0,21.4,21.4,21.4,-15.883,10.57,1416.0,The Blinding Vale,10,2026-08-19,1416.0,2.0,0.0
all,T:Blood DeathKnight | H:Holy Paladin | D:Marksmanship Hunter | D:Windwalker Monk | D:Enhancement Shaman,1,-1.69,10.0,21.4,21.4,21.4,-15.883,10.57,1415.0,Voidscar Arena,10,2026-08-19,1415.0,5.0,0.0
all,T:Guardian Druid | H:Preservation Evoker | D:Unholy DeathKnight | D:Windwalker Monk | D:Arms Warrior,3,-1.69,11.0,-4.7,20.1,-14.3,-15.883,10.57,1534.0,Temple of Sethraliss,10,2026-08-19,1921.0,14.0,0.0
all,T:Blood DeathKnight | H:Mistweaver Monk | D:Shadow Priest | D:Elemental Shaman | D:Enhancement Shaman,1,-1.69,11.0,-10.4,-10.4,-10.4,-15.883,10.57,1855.0,Ruby Life Pools,11,2026-08-19,1855.0,22.0,0.0
all,T:Guardian Druid | H:Holy Priest | D:Devourer DemonHunter | D:Feral Druid | D:Arcane Mage,1,-1.69,10.0,21.4,21.4,21.4,-15.883,10.57,1604.0,Murder Row,10,2026-08-18,1604.0,2.0,0.0
all,T:Protection Paladin | H:Restoration Shaman | D:Frost DeathKnight | D:Outlaw Rogue | D:Arms Warrior,1,-1.69,10.0,21.4,21.4,21.4,-15.883,10.57,1414.0,Altar of Fangs,10,2026-08-19,1414.0,1.0,0.0
all,T:Protection Paladin | H:Discipline Priest | D:Frost Mage | D:Windwalker Monk | D:Fury Warrior,1,-1.69,10.0,21.4,21.4,21.4,-15.883,10.57,1556.0,Kings' Rest,10,2026-08-18,1556.0,1.0,0.0
all,T:Blood DeathKnight | H:Mistweaver Monk | D:Balance Druid | D:Arcane Mage | D:Fury Warrior,1,-1.69,10.0,21.4,21.4,21.4,-15.883,10.57,1556.0,Kings' Rest,10,2026-08-18,1556.0,9.0,0.0
all,T:Protection Warrior | H:Restoration Shaman | D:Marksmanship Hunter | D:Marksmanship Hunter | D:Destruction Warlock,1,-1.69,10.0,21.4,21.4,21.4,-15.883,10.57,1321.0,Ruby Life Pools,10,2026-08-18,1321.0,2.0,0.0
all,T:Blood DeathKnight | H:Discipline Priest | D:Unholy DeathKnight | D:Arcane Mage | D:Retribution Paladin,1,-1.69,10.0,21.4,21.4,21.4,-15.883,10.57,1321.0,Ruby Life Pools,10,2026-08-19,1321.0,2.0,0.0
all,T:Guardian Druid | H:Restoration Shaman | D:Augmentation Evoker | D:Windwalker Monk | D:Enhancement Shaman,1,-1.69,10.0,21.4,21.4,21.4,-15.883,10.57,1557.0,Kings' Rest,10,2026-08-18,1557.0,4.0,0.0
all,T:Protection Warrior | H:Restoration Shaman | D:Devourer DemonHunter | D:Marksmanship Hunter | D:Retribution Paladin,1,-1.69,10.0,21.4,21.4,21.4,-15.883,10.57,1556.0,Kings' Rest,10,2026-08-18,1556.0,2.0,0.0
all,T:Blood DeathKnight | H:Holy Paladin | D:BeastMastery Hunter | D:BeastMastery Hunter | D:Destruction Warlock,1,-1.69,10.0,21.4,21.4,21.4,-15.883,10.57,1509.0,Temple of Sethraliss,10,2026-08-18,1509.0,1.0,0.0
all,T:Protection Paladin | H:Restoration Shaman | D:Unholy DeathKnight | D:BeastMastery Hunter | D:Arms Warrior,4,-1.7,10.2,19.8,30.3,24.2,-15.883,10.57,1172.0,Ruby Life Pools,10,2026-08-19,1454.0,3.75,0.0
all,T:Blood DeathKnight | H:Preservation Evoker | D:Frost DeathKnight | D:Elemental Shaman | D:Arms Warrior,1,-1.71,10.0,21.3,21.3,21.3,-15.883,10.57,1323.0,Ruby Life Pools,10,2026-08-19,1323.0,5.0,0.0
all,T:Protection Warrior | H:Discipline Priest | D:Havoc DemonHunter | D:Marksmanship Hunter | D:Affliction Warlock,1,-1.71,10.0,21.3,21.3,21.3,-15.883,10.57,1606.0,Murder Row,10,2026-08-19,1606.0,2.0,0.0
all,T:Vengeance DemonHunter | H:Mistweaver Monk | D:Unholy DeathKnight | D:Arcane Mage | D:Fury Warrior,1,-1.71,10.0,21.3,21.3,21.3,-15.883,10.57,1417.0,The Blinding Vale,10,2026-08-18,1417.0,4.0,0.0
all,T:Protection Paladin | H:Holy Paladin | D:Unholy DeathKnight | D:Retribution Paladin | D:Arms Warrior,2,-1.71,10.5,9.6,19.1,9.6,-15.883,10.57,1602.0,Kings' Rest,10,2026-08-18,1819.0,6.5,0.0
all,T:Blood DeathKnight | H:Holy Paladin | D:Devastation Evoker | D:BeastMastery Hunter | D:Arcane Mage,1,-1.71,10.0,21.3,21.3,21.3,-15.883,10.57,1511.0,Temple of Sethraliss,10,2026-08-19,1511.0,2.0,0.0
all,T:Blood DeathKnight | H:Mistweaver Monk | D:Shadow Priest | D:Subtlety Rogue | D:Arms Warrior,1,-1.71,10.0,21.3,21.3,21.3,-15.883,10.57,1322.0,Ruby Life Pools,10,2026-08-18,1322.0,6.0,0.0
all,T:Blood DeathKnight | H:Restoration Shaman | D:Marksmanship Hunter | D:Arcane Mage | D:Arcane Mage,1,-1.71,10.0,21.3,21.3,21.3,-15.883,10.57,1417.0,Voidscar Arena,10,2026-08-19,1417.0,14.0,0.0
all,T:Blood DeathKnight | H:Discipline Priest | D:Windwalker Monk | D:Elemental Shaman | D:Arms Warrior,3,-1.71,10.7,5.8,18.7,8.2,-15.883,10.57,1609.0,Kings' Rest,10,2026-08-19,1653.0,10.0,0.0
all,T:Blood DeathKnight | H:Restoration Shaman | D:Balance Druid | D:Outlaw Rogue | D:Elemental Shaman,1,-1.71,10.0,21.3,21.3,21.3,-15.883,10.57,1511.0,Den of Nalorakk,10,2026-08-18,1511.0,2.0,0.0
all,T:Guardian Druid | H:Restoration Shaman | D:Balance Druid | D:Outlaw Rogue | D:Demonology Warlock,1,-1.72,10.0,21.2,21.2,21.2,-15.883,10.57,1608.0,Murder Row,10,2026-08-18,1608.0,0.0,0.0
all,T:Protection Warrior | H:Holy Paladin | D:Marksmanship Hunter | D:Arcane Mage | D:Elemental Shaman,1,-1.72,10.0,21.2,21.2,21.2,-15.883,10.57,1607.0,Murder Row,10,2026-08-19,1607.0,5.0,0.0
all,T:Protection Paladin | H:Holy Paladin | D:Havoc DemonHunter | D:Arcane Mage | D:Elemental Shaman,1,-1.72,10.0,21.2,21.2,21.2,-15.883,10.57,1513.0,Temple of Sethraliss,10,2026-08-19,1513.0,2.0,0.0
all,T:Guardian Druid | H:Restoration Shaman | D:Unholy DeathKnight | D:Enhancement Shaman | D:Arms Warrior,1,-1.72,10.0,21.2,21.2,21.2,-15.883,10.57,1418.0,The Blinding Vale,10,2026-08-19,1418.0,4.0,0.0
all,T:Guardian Druid | H:Restoration Shaman | D:Unholy DeathKnight | D:Windwalker Monk | D:Arms Warrior,1,-1.72,10.0,21.2,21.2,21.2,-15.883,10.57,1418.0,Voidscar Arena,10,2026-08-19,1418.0,4.0,0.0
all,T:Blood DeathKnight | H:Preservation Evoker | D:BeastMastery Hunter | D:Subtlety Rogue | D:Affliction Warlock,1,-1.72,10.0,21.2,21.2,21.2,-15.883,10.57,1561.0,Kings' Rest,10,2026-08-18,1561.0,6.0,0.0
all,T:Blood DeathKnight | H:Restoration Shaman | D:Unholy DeathKnight | D:Marksmanship Hunter | D:Windwalker Monk,1,-1.72,10.0,21.2,21.2,21.2,-15.883,10.57,1514.0,Temple of Sethraliss,10,2026-08-19,1514.0,2.0,0.0
all,T:Protection Warrior | H:Preservation Evoker | D:BeastMastery Hunter | D:Marksmanship Hunter | D:Destruction Warlock,1,-1.72,10.0,21.2,21.2,21.2,-15.883,10.57,1324.0,Ruby Life Pools,10,2026-08-19,1324.0,4.0,0.0
all,T:Blood DeathKnight | H:Holy Paladin | D:Devourer DemonHunter | D:BeastMastery Hunter | D:Elemental Shaman,1,-1.72,10.0,21.2,21.2,21.2,-15.883,10.57,1418.0,Voidscar Arena,10,2026-08-18,1418.0,8.0,0.0
all,T:Blood DeathKnight | H:Preservation Evoker | D:Frost DeathKnight | D:Havoc DemonHunter | D:Windwalker Monk,1,-1.72,10.0,21.2,21.2,21.2,-15.883,10.57,1513.0,Temple of Sethraliss,10,2026-08-18,1513.0,1.0,0.0
all,T:Blood DeathKnight | H:Restoration Shaman | D:Arcane Mage | D:Windwalker Monk | D:Fury Warrior,1,-1.72,10.0,21.2,21.2,21.2,-15.883,10.57,1607.0,Murder Row,10,2026-08-19,1607.0,3.0,0.0
all,T:Blood DeathKnight | H:Restoration Druid | D:BeastMastery Hunter | D:Demonology Warlock | D:Arms Warrior,1,-1.72,10.0,21.2,21.2,21.2,-15.883,10.57,1560.0,Kings' Rest,10,2026-08-18,1560.0,4.0,0.0
all,T:Blood DeathKnight | H:Restoration Shaman | D:Shadow Priest | D:Shadow Priest | D:Fury Warrior,1,-1.72,10.0,21.2,21.2,21.2,-15.883,10.57,1513.0,Temple of Sethraliss,10,2026-08-18,1513.0,3.0,0.0
all,T:Blood DeathKnight | H:Restoration Shaman | D:Unholy DeathKnight | D:Destruction Warlock | D:Arms Warrior,1,-1.72,10.0,21.2,21.2,21.2,-15.883,10.57,1323.0,Ruby Life Pools,10,2026-08-19,1323.0,1.0,0.0
all,T:Protection Paladin | H:Holy Paladin | D:Unholy DeathKnight | D:Havoc DemonHunter | D:Arcane Mage,2,-1.73,10.5,9.6,19.7,9.6,-15.883,10.57,1637.0,Murder Row,10,2026-08-18,1783.0,7.5,0.0
all,T:Protection Paladin | H:Restoration Shaman | D:Unholy DeathKnight | D:Balance Druid | D:Arms Warrior,6,-1.73,10.3,17.8,22.2,19.7,-15.883,10.57,1401.0,The Blinding Vale,10,2026-08-18,1566.0,3.83,0.0
all,T:Brewmaster Monk | H:Preservation Evoker | D:Marksmanship Hunter | D:Arcane Mage | D:Retribution Paladin,1,-1.73,11.0,-10.6,-10.6,-10.6,-15.883,10.57,1991.0,The Blinding Vale,11,2026-08-19,1991.0,21.0,0.0
all,T:Blood DeathKnight | H:Preservation Evoker | D:Augmentation Evoker | D:Arcane Mage | D:Arms Warrior,1,-1.73,11.0,-10.6,-10.6,-10.6,-15.883,10.57,1991.0,The Blinding Vale,11,2026-08-18,1991.0,30.0,0.0
all,T:Blood DeathKnight | H:Holy Paladin | D:Frost DeathKnight | D:Arms Warrior | D:Fury Warrior,2,-1.74,10.0,25.5,25.8,25.5,-15.883,10.57,1425.0,Temple of Sethraliss,10,2026-08-18,1386.0,1.5,0.0
all,T:Protection Paladin | H:Preservation Evoker | D:Unholy DeathKnight | D:Marksmanship Hunter | D:Arcane Mage,2,-1.74,10.5,9.6,19.3,9.6,-15.883,10.57,1452.0,Voidscar Arena,10,2026-08-18,1628.0,2.0,0.0
all,T:Blood DeathKnight | H:Discipline Priest | D:Devourer DemonHunter | D:Arcane Mage | D:Destruction Warlock,2,-1.74,10.5,9.6,19.3,9.6,-15.883,10.57,1646.0,Murder Row,10,2026-08-18,1725.0,6.5,0.0
all,T:Protection Paladin | H:Restoration Druid | D:Arcane Mage | D:Shadow Priest | D:Assassination Rogue,1,-1.74,10.0,21.1,21.1,21.1,-15.883,10.57,1421.0,Voidscar Arena,10,2026-08-19,1421.0,3.0,0.0
all,T:Protection Paladin | H:Holy Paladin | D:Havoc DemonHunter | D:Elemental Shaman | D:Arms Warrior,1,-1.74,10.0,21.1,21.1,21.1,-15.883,10.57,1420.0,Altar of Fangs,10,2026-08-19,1420.0,4.0,0.0
all,T:Brewmaster Monk | H:Preservation Evoker | D:Subtlety Rogue | D:Demonology Warlock | D:Demonology Warlock,1,-1.74,10.0,21.1,21.1,21.1,-15.883,10.57,1563.0,Kings' Rest,10,2026-08-19,1563.0,4.0,0.0
all,T:Guardian Druid | H:Preservation Evoker | D:Frost DeathKnight | D:Devourer DemonHunter | D:Arms Warrior,1,-1.74,10.0,21.1,21.1,21.1,-15.883,10.57,1420.0,Voidscar Arena,10,2026-08-19,1420.0,6.0,0.0
all,T:Blood DeathKnight | H:Holy Paladin | D:Devourer DemonHunter | D:Elemental Shaman | D:Demonology Warlock,1,-1.74,10.0,21.1,21.1,21.1,-15.883,10.57,1610.0,Murder Row,10,2026-08-18,1610.0,2.0,0.0
all,T:Blood DeathKnight | H:Restoration Shaman | D:Havoc DemonHunter | D:Retribution Paladin | D:Destruction Warlock,1,-1.74,11.0,-10.7,-10.7,-10.7,-15.883,10.57,2192.0,Kings' Rest,11,2026-08-18,2192.0,21.0,0.0
all,T:Blood DeathKnight | H:Mistweaver Monk | D:BeastMastery Hunter | D:Subtlety Rogue | D:Destruction Warlock,1,-1.74,10.0,21.1,21.1,21.1,-15.883,10.57,1326.0,Ruby Life Pools,10,2026-08-19,1326.0,3.0,0.0
all,T:Brewmaster Monk | H:Discipline Priest | D:Devourer DemonHunter | D:BeastMastery Hunter | D:Assassination Rogue,1,-1.74,10.0,21.1,21.1,21.1,-15.883,10.57,1515.0,Den of Nalorakk,10,2026-08-18,1515.0,3.0,0.0
all,T:Protection Paladin | H:Restoration Shaman | D:Windwalker Monk | D:Arms Warrior | D:Arms Warrior,1,-1.74,10.0,21.1,21.1,21.1,-15.883,10.57,1516.0,Den of Nalorakk,10,2026-08-19,1516.0,2.0,0.0
all,T:Blood DeathKnight | H:Restoration Shaman | D:Windwalker Monk | D:Shadow Priest | D:Subtlety Rogue,1,-1.74,11.0,-10.7,-10.7,-10.7,-15.883,10.57,1993.0,Altar of Fangs,11,2026-08-19,1993.0,5.0,0.0
all,T:Protection Paladin | H:Holy Priest | D:Arcane Mage | D:Outlaw Rogue | D:Arms Warrior,1,-1.74,10.0,21.1,21.1,21.1,-15.883,10.57,1609.0,Murder Row,10,2026-08-18,1609.0,3.0,0.0
all,T:Protection Paladin | H:Restoration Shaman | D:Unholy DeathKnight | D:Shadow Priest | D:Subtlety Rogue,1,-1.74,11.0,-10.7,-10.7,-10.7,-15.883,10.57,2257.0,Murder Row,11,2026-08-18,2257.0,5.0,0.0
all,T:Protection Paladin | H:Restoration Shaman | D:Unholy DeathKnight | D:Havoc DemonHunter | D:Subtlety Rogue,1,-1.74,10.0,21.1,21.1,21.1,-15.883,10.57,1562.0,Kings' Rest,10,2026-08-19,1562.0,0.0,0.0
all,T:Brewmaster Monk | H:Restoration Shaman | D:Elemental Shaman | D:Arms Warrior | D:Arms Warrior,1,-1.74,10.0,21.1,21.1,21.1,-15.883,10.57,1515.0,Den of Nalorakk,10,2026-08-18,1515.0,12.0,0.0
all,T:Blood DeathKnight | H:Mistweaver Monk | D:Havoc DemonHunter | D:Balance Druid | D:Elemental Shaman,1,-1.74,10.0,21.1,21.1,21.1,-15.883,10.57,1610.0,Murder Row,10,2026-08-18,1610.0,2.0,0.0
all,T:Protection Paladin | H:Preservation Evoker | D:Arcane Mage | D:Arcane Mage | D:Retribution Paladin,1,-1.74,10.0,21.1,21.1,21.1,-15.883,10.57,1515.0,Den of Nalorakk,10,2026-08-18,1515.0,3.0,0.0
all,T:Guardian Druid | H:Holy Paladin | D:Devourer DemonHunter | D:Devastation Evoker | D:Shadow Priest,1,-1.74,11.0,-10.7,-10.7,-10.7,-15.883,10.57,2125.0,Den of Nalorakk,11,2026-08-18,2125.0,15.0,0.0
all,T:Protection Paladin | H:Restoration Shaman | D:Marksmanship Hunter | D:Windwalker Monk | D:Subtlety Rogue,5,-1.75,10.0,28.0,33.8,27.8,-15.883,10.57,1192.0,Voidscar Arena,10,2026-08-18,1300.0,2.0,0.0
all,T:Protection Paladin | H:Holy Priest | D:Arcane Mage | D:Shadow Priest | D:Assassination Rogue,7,-1.75,10.3,19.5,28.2,18.4,-15.883,10.57,1378.0,Temple of Sethraliss,10,2026-08-18,1469.0,4.43,0.0
all,T:Guardian Druid | H:Holy Priest | D:Unholy DeathKnight | D:Devourer DemonHunter | D:Arcane Mage,1,-1.76,10.0,21.0,21.0,21.0,-15.883,10.57,1327.0,Ruby Life Pools,10,2026-08-18,1327.0,0.0,0.0
all,T:Blood DeathKnight | H:Preservation Evoker | D:Havoc DemonHunter | D:Windwalker Monk | D:Arms Warrior,6,-1.76,10.0,28.3,37.2,29.9,-15.883,10.57,1244.0,Kings' Rest,10,2026-08-18,1279.0,6.33,0.0
all,T:Blood DeathKnight | H:Holy Paladin | D:Balance Druid | D:Arcane Mage | D:Shadow Priest,1,-1.76,10.0,21.0,21.0,21.0,-15.883,10.57,1613.0,Murder Row,10,2026-08-18,1613.0,2.0,0.0
all,T:Blood DeathKnight | H:Preservation Evoker | D:Arcane Mage | D:Subtlety Rogue | D:Arms Warrior,2,-1.76,10.5,9.5,14.3,9.5,-15.883,10.57,1646.0,Den of Nalorakk,10,2026-08-18,1738.0,3.5,0.0
all,T:Protection Warrior | H:Holy Paladin | D:Frost DeathKnight | D:Devourer DemonHunter | D:Arcane Mage,1,-1.76,10.0,21.0,21.0,21.0,-15.883,10.57,1611.0,Murder Row,10,2026-08-18,1611.0,6.0,0.0
all,T:Protection Warrior | H:Restoration Shaman | D:Arcane Mage | D:Retribution Paladin | D:Arms Warrior,1,-1.76,10.0,21.0,21.0,21.0,-15.883,10.57,1421.0,Altar of Fangs,10,2026-08-19,1421.0,4.0,0.0
all,T:Blood DeathKnight | H:Discipline Priest | D:Havoc DemonHunter | D:Arcane Mage | D:Assassination Rogue,1,-1.76,10.0,21.0,21.0,21.0,-15.883,10.57,1612.0,Murder Row,10,2026-08-19,1612.0,1.0,0.0
all,T:Protection Warrior | H:Preservation Evoker | D:Augmentation Evoker | D:Arcane Mage | D:Demonology Warlock,1,-1.76,10.0,21.0,21.0,21.0,-15.883,10.57,1612.0,Murder Row,10,2026-08-18,1612.0,1.0,0.0
all,T:Blood DeathKnight | H:Holy Paladin | D:Unholy DeathKnight | D:Arcane Mage | D:Elemental Shaman,1,-1.76,10.0,21.0,21.0,21.0,-15.883,10.57,1517.0,Temple of Sethraliss,10,2026-08-18,1517.0,5.0,0.0
all,T:Protection Paladin | H:Restoration Shaman | D:Unholy DeathKnight | D:Havoc DemonHunter | D:Arms Warrior,1,-1.76,10.0,21.0,21.0,21.0,-15.883,10.57,1516.0,Temple of Sethraliss,10,2026-08-18,1516.0,2.0,0.0
all,T:Blood DeathKnight | H:Restoration Druid | D:Unholy DeathKnight | D:Balance Druid | D:Arcane Mage,1,-1.76,11.0,-10.8,-10.8,-10.8,-15.883,10.57,2260.0,Murder Row,11,2026-08-19,2260.0,12.0,0.0
all,T:Blood DeathKnight | H:Holy Paladin | D:Havoc DemonHunter | D:Devastation Evoker | D:Arcane Mage,1,-1.76,10.0,21.0,21.0,21.0,-15.883,10.57,1423.0,Voidscar Arena,10,2026-08-19,1423.0,2.0,0.0
all,T:Protection Paladin | H:Restoration Shaman | D:Unholy DeathKnight | D:Devourer DemonHunter | D:Havoc DemonHunter,1,-1.77,10.0,20.9,20.9,20.9,-15.883,10.57,1424.0,The Blinding Vale,10,2026-08-18,1424.0,1.0,0.0
all,T:Vengeance DemonHunter | H:Mistweaver Monk | D:Augmentation Evoker | D:BeastMastery Hunter | D:Arcane Mage,1,-1.77,10.0,20.9,20.9,20.9,-15.883,10.57,1424.0,The Blinding Vale,10,2026-08-18,1424.0,2.0,0.0
all,T:Guardian Druid | H:Preservation Evoker | D:Devourer DemonHunter | D:Havoc DemonHunter | D:BeastMastery Hunter,1,-1.77,10.0,20.9,20.9,20.9,-15.883,10.57,1613.0,Murder Row,10,2026-08-18,1613.0,4.0,0.0
all,T:Brewmaster Monk | H:Restoration Shaman | D:Shadow Priest | D:Subtlety Rogue | D:Demonology Warlock,1,-1.77,10.0,20.9,20.9,20.9,-15.883,10.57,1424.0,The Blinding Vale,10,2026-08-18,1424.0,0.0,0.0
all,T:Blood DeathKnight | H:Holy Paladin | D:Unholy DeathKnight | D:Devastation Evoker | D:Arcane Mage,2,-1.77,10.0,25.4,27.2,25.4,-15.883,10.57,1310.0,The Blinding Vale,10,2026-08-18,1298.0,0.5,0.0
all,T:Protection Paladin | H:Restoration Shaman | D:BeastMastery Hunter | D:Windwalker Monk | D:Destruction Warlock,1,-1.77,10.0,20.9,20.9,20.9,-15.883,10.57,1328.0,Ruby Life Pools,10,2026-08-19,1328.0,1.0,0.0
all,T:Protection Warrior | H:Holy Paladin | D:BeastMastery Hunter | D:BeastMastery Hunter | D:Outlaw Rogue,1,-1.78,11.0,-10.9,-10.9,-10.9,-15.883,10.57,2195.0,Kings' Rest,11,2026-08-18,2195.0,12.0,0.0
all,T:Blood DeathKnight | H:Holy Paladin | D:Frost DeathKnight | D:Havoc DemonHunter | D:BeastMastery Hunter,1,-1.78,11.0,-10.9,-10.9,-10.9,-15.883,10.57,1995.0,Voidscar Arena,11,2026-08-18,1995.0,17.0,0.0
all,T:Protection Paladin | H:Restoration Shaman | D:Devourer DemonHunter | D:Subtlety Rogue | D:Demonology Warlock,2,-1.78,10.0,25.3,28.4,25.3,-15.883,10.57,1203.0,Ruby Life Pools,10,2026-08-18,1302.0,2.0,0.0
all,T:Blood DeathKnight | H:Holy Paladin | D:Balance Druid | D:BeastMastery Hunter | D:Arms Warrior,2,-1.78,10.0,25.3,27.6,25.3,-15.883,10.57,1478.0,Murder Row,10,2026-08-19,1386.0,2.5,0.0
all,T:Blood DeathKnight | H:Discipline Priest | D:Devastation Evoker | D:Arcane Mage | D:Affliction Warlock,1,-1.78,11.0,-10.9,-10.9,-10.9,-15.883,10.57,2129.0,Temple of Sethraliss,11,2026-08-18,2129.0,4.0,0.0
all,T:Blood DeathKnight | H:Preservation Evoker | D:Frost DeathKnight | D:BeastMastery Hunter | D:Windwalker Monk,4,-1.78,10.0,27.5,32.5,27.0,-15.883,10.57,1134.0,Ruby Life Pools,10,2026-08-18,1386.0,2.0,0.0
all,T:Blood DeathKnight | H:Restoration Shaman | D:Unholy DeathKnight | D:Enhancement Shaman | D:Arms Warrior,2,-1.78,10.0,25.3,31.7,25.3,-15.883,10.57,1230.0,The Blinding Vale,10,2026-08-18,1344.0,6.5,0.0
all,T:Brewmaster Monk | H:Preservation Evoker | D:Marksmanship Hunter | D:Retribution Paladin | D:Demonology Warlock,2,-1.79,10.5,9.4,15.6,9.4,-15.883,10.57,1519.0,Altar of Fangs,10,2026-08-19,1631.0,5.0,0.0
all,T:Guardian Druid | H:Discipline Priest | D:Arcane Mage | D:Demonology Warlock | D:Destruction Warlock,1,-1.79,10.0,20.8,20.8,20.8,-15.883,10.57,1425.0,Voidscar Arena,10,2026-08-18,1425.0,2.0,0.0
all,T:Brewmaster Monk | H:Holy Priest | D:Arcane Mage | D:Subtlety Rogue | D:Destruction Warlock,1,-1.79,10.0,20.8,20.8,20.8,-15.883,10.57,1615.0,Murder Row,10,2026-08-19,1615.0,3.0,0.0
all,T:Blood DeathKnight | H:Restoration Shaman | D:BeastMastery Hunter | D:Retribution Paladin | D:Arms Warrior,1,-1.79,10.0,20.8,20.8,20.8,-15.883,10.57,1425.0,Altar of Fangs,10,2026-08-18,1425.0,1.0,0.0
all,T:Blood DeathKnight | H:Preservation Evoker | D:Devourer DemonHunter | D:Arcane Mage | D:Fury Warrior,1,-1.79,10.0,20.8,20.8,20.8,-15.883,10.57,1330.0,Ruby Life Pools,10,2026-08-19,1330.0,3.0,0.0
all,T:Protection Paladin | H:Restoration Shaman | D:Unholy DeathKnight | D:Fire Mage | D:Assassination Rogue,1,-1.79,10.0,20.8,20.8,20.8,-15.883,10.57,1331.0,Ruby Life Pools,10,2026-08-18,1331.0,16.0,0.0
all,T:Guardian Druid | H:Holy Paladin | D:Feral Druid | D:Arcane Mage | D:Shadow Priest,1,-1.79,11.0,-11.0,-11.0,-11.0,-15.883,10.57,1997.0,The Blinding Vale,11,2026-08-18,1997.0,20.0,0.0
all,T:Blood DeathKnight | H:Holy Paladin | D:Feral Druid | D:Arms Warrior | D:Arms Warrior,2,-1.8,10.5,9.4,18.9,9.4,-15.883,10.57,1557.0,Den of Nalorakk,10,2026-08-18,1680.0,6.5,0.0
all,T:Blood DeathKnight | H:Discipline Priest | D:Arcane Mage | D:Retribution Paladin | D:Affliction Warlock,1,-1.81,10.0,20.7,20.7,20.7,-15.883,10.57,1332.0,Ruby Life Pools,10,2026-08-19,1332.0,3.0,0.0
all,T:Vengeance DemonHunter | H:Holy Paladin | D:Balance Druid | D:Destruction Warlock | D:Arms Warrior,1,-1.81,11.0,-11.1,-11.1,-11.1,-15.883,10.57,2000.0,Altar of Fangs,11,2026-08-18,2000.0,8.0,0.0
all,T:Vengeance DemonHunter | H:Restoration Shaman | D:Unholy DeathKnight | D:Devourer DemonHunter | D:Retribution Paladin,1,-1.81,10.0,20.7,20.7,20.7,-15.883,10.57,1332.0,Ruby Life Pools,10,2026-08-19,1332.0,1.0,0.0
all,T:Vengeance DemonHunter | H:Restoration Shaman | D:Retribution Paladin | D:Subtlety Rogue | D:Arms Warrior,1,-1.81,10.0,20.7,20.7,20.7,-15.883,10.57,1332.0,Ruby Life Pools,10,2026-08-19,1332.0,2.0,0.0
all,T:Protection Paladin | H:Restoration Shaman | D:Marksmanship Hunter | D:Destruction Warlock | D:Arms Warrior,1,-1.81,10.0,20.7,20.7,20.7,-15.883,10.57,1428.0,Altar of Fangs,10,2026-08-19,1428.0,0.0,0.0
all,T:Blood DeathKnight | H:Holy Paladin | D:Devourer DemonHunter | D:Survival Hunter | D:Demonology Warlock,1,-1.81,11.0,-11.1,-11.1,-11.1,-15.883,10.57,2132.0,Den of Nalorakk,11,2026-08-19,2132.0,14.0,0.0
all,T:Protection Paladin | H:Restoration Druid | D:Marksmanship Hunter | D:Enhancement Shaman | D:Demonology Warlock,1,-1.82,10.0,20.6,20.6,20.6,-15.883,10.57,1430.0,Altar of Fangs,10,2026-08-19,1430.0,4.0,0.0
all,T:Blood DeathKnight | H:Restoration Shaman | D:Unholy DeathKnight | D:Devastation Evoker | D:Frost Mage,1,-1.82,10.0,20.6,20.6,20.6,-15.883,10.57,1429.0,Voidscar Arena,10,2026-08-19,1429.0,7.0,0.0
all,T:Protection Paladin | H:Preservation Evoker | D:Balance Druid | D:Elemental Shaman | D:Arms Warrior,1,-1.82,10.0,20.6,20.6,20.6,-15.883,10.57,1524.0,Temple of Sethraliss,10,2026-08-19,1524.0,7.0,0.0
all,T:Protection Paladin | H:Restoration Shaman | D:Balance Druid | D:Enhancement Shaman | D:Demonology Warlock,1,-1.82,10.0,20.6,20.6,20.6,-15.883,10.57,1573.0,Kings' Rest,10,2026-08-18,1573.0,2.0,0.0
all,T:Guardian Druid | H:Holy Paladin | D:Devourer DemonHunter | D:Devastation Evoker | D:Outlaw Rogue,1,-1.82,10.0,20.6,20.6,20.6,-15.883,10.57,1428.0,The Blinding Vale,10,2026-08-18,1428.0,11.0,0.0
all,T:Protection Warrior | H:Restoration Shaman | D:Balance Druid | D:Retribution Paladin | D:Demonology Warlock,1,-1.82,10.0,20.6,20.6,20.6,-15.883,10.57,1619.0,Murder Row,10,2026-08-19,1619.0,1.0,0.0
all,T:Vengeance DemonHunter | H:Preservation Evoker | D:Feral Druid | D:Fire Mage | D:Demonology Warlock,1,-1.82,10.0,20.6,20.6,20.6,-15.883,10.57,1571.0,Kings' Rest,10,2026-08-18,1571.0,5.0,0.0
all,T:Blood DeathKnight | H:Restoration Shaman | D:Devastation Evoker | D:Demonology Warlock | D:Arms Warrior,1,-1.82,10.0,20.6,20.6,20.6,-15.883,10.57,1524.0,Den of Nalorakk,10,2026-08-19,1524.0,3.0,0.0
all,T:Protection Warrior | H:Preservation Evoker | D:Devourer DemonHunter | D:Arcane Mage | D:Windwalker Monk,1,-1.83,11.0,-11.2,-11.2,-11.2,-15.883,10.57,2002.0,Voidscar Arena,11,2026-08-18,2002.0,25.0,0.0
all,T:Blood DeathKnight | H:Holy Paladin | D:BeastMastery Hunter | D:Demonology Warlock | D:Arms Warrior,1,-1.84,10.0,20.5,20.5,20.5,-15.883,10.57,1431.0,Altar of Fangs,10,2026-08-19,1431.0,2.0,0.0
all,T:Protection Warrior | H:Restoration Druid | D:Balance Druid | D:Shadow Priest | D:Enhancement Shaman,6,-1.84,10.7,7.0,26.8,4.8,-15.883,10.57,1317.0,Voidscar Arena,10,2026-08-18,1731.0,4.67,0.0
all,T:Guardian Druid | H:Restoration Shaman | D:Arcane Mage | D:Arcane Mage | D:Windwalker Monk,1,-1.84,10.0,20.5,20.5,20.5,-15.883,10.57,1527.0,Temple of Sethraliss,10,2026-08-19,1527.0,1.0,0.0
all,T:Vengeance DemonHunter | H:Mistweaver Monk | D:BeastMastery Hunter | D:Windwalker Monk | D:Shadow Priest,2,-1.84,10.0,25.1,26.4,25.1,-15.883,10.57,1502.0,Murder Row,10,2026-08-18,1391.0,2.0,0.0
all,T:Blood DeathKnight | H:Holy Paladin | D:Devourer DemonHunter | D:Enhancement Shaman | D:Arms Warrior,1,-1.84,11.0,-11.3,-11.3,-11.3,-15.883,10.57,2004.0,Altar of Fangs,11,2026-08-19,2004.0,13.0,0.0
all,T:Guardian Druid | H:Restoration Shaman | D:BeastMastery Hunter | D:Windwalker Monk | D:Retribution Paladin,1,-1.84,11.0,-11.3,-11.3,-11.3,-15.883,10.57,2004.0,Altar of Fangs,11,2026-08-19,2004.0,12.0,0.0
all,T:Blood DeathKnight | H:Holy Priest | D:Devourer DemonHunter | D:Subtlety Rogue | D:Elemental Shaman,1,-1.84,10.0,20.5,20.5,20.5,-15.883,10.57,1622.0,Murder Row,10,2026-08-19,1622.0,5.0,0.0
all,T:Protection Paladin | H:Holy Priest | D:BeastMastery Hunter | D:Arcane Mage | D:Arms Warrior,6,-1.84,10.5,12.3,28.5,13.5,-15.883,10.57,1286.0,Voidscar Arena,10,2026-08-19,1590.0,6.0,0.0
all,T:Protection Paladin | H:Restoration Druid | D:Unholy DeathKnight | D:Marksmanship Hunter | D:Arms Warrior,1,-1.84,10.0,20.5,20.5,20.5,-15.883,10.57,1336.0,Ruby Life Pools,10,2026-08-18,1336.0,9.0,0.0
all,T:Blood DeathKnight | H:Discipline Priest | D:Elemental Shaman | D:Elemental Shaman | D:Arms Warrior,1,-1.84,10.0,20.5,20.5,20.5,-15.883,10.57,1431.0,Voidscar Arena,10,2026-08-18,1431.0,8.0,0.0
all,T:Blood DeathKnight | H:Holy Paladin | D:Unholy DeathKnight | D:Arcane Mage | D:Shadow Priest,1,-1.84,10.0,20.5,20.5,20.5,-15.883,10.57,1526.0,Den of Nalorakk,10,2026-08-18,1526.0,2.0,0.0
all,T:Guardian Druid | H:Restoration Shaman | D:Arcane Mage | D:Shadow Priest | D:Elemental Shaman,1,-1.84,10.0,20.5,20.5,20.5,-15.883,10.57,1431.0,Altar of Fangs,10,2026-08-19,1431.0,1.0,0.0
all,T:Blood DeathKnight | H:Holy Paladin | D:Devourer DemonHunter | D:Arcane Mage | D:Retribution Paladin,8,-1.85,10.5,12.6,25.6,14.1,-15.883,10.57,1473.0,Kings' Rest,10,2026-08-18,1556.0,7.0,0.0
all,T:Protection Warrior | H:Holy Paladin | D:Havoc DemonHunter | D:Arcane Mage | D:Demonology Warlock,1,-1.86,11.0,-11.4,-11.4,-11.4,-15.883,10.57,2139.0,Den of Nalorakk,11,2026-08-18,2139.0,14.0,0.0
all,T:Vengeance DemonHunter | H:Restoration Shaman | D:Feral Druid | D:Marksmanship Hunter | D:Arms Warrior,1,-1.86,10.0,20.4,20.4,20.4,-15.883,10.57,1338.0,Ruby Life Pools,10,2026-08-19,1338.0,9.0,0.0
all,T:Guardian Druid | H:Holy Priest | D:Windwalker Monk | D:Shadow Priest | D:Elemental Shaman,4,-1.86,10.2,19.4,24.8,21.8,-15.883,10.57,1535.0,Murder Row,10,2026-08-18,1509.0,1.5,0.0
all,T:Protection Warrior | H:Holy Paladin | D:Frost DeathKnight | D:Devourer DemonHunter | D:Devastation Evoker,1,-1.86,10.0,20.4,20.4,20.4,-15.883,10.57,1433.0,Altar of Fangs,10,2026-08-18,1433.0,2.0,0.0
all,T:Guardian Druid | H:Restoration Shaman | D:Devastation Evoker | D:Elemental Shaman | D:Demonology Warlock,2,-1.86,10.5,9.2,9.8,9.2,-15.883,10.57,1731.0,Temple of Sethraliss,11,2026-08-18,1690.0,5.5,0.0
all,T:Protection Paladin | H:Restoration Shaman | D:Balance Druid | D:Windwalker Monk | D:Destruction Warlock,3,-1.86,10.0,26.6,29.5,27.6,-15.883,10.57,1353.0,Den of Nalorakk,10,2026-08-18,1394.0,0.67,0.0
all,T:Brewmaster Monk | H:Holy Paladin | D:Retribution Paladin | D:Assassination Rogue | D:Arms Warrior,1,-1.86,10.0,20.4,20.4,20.4,-15.883,10.57,1529.0,Den of Nalorakk,10,2026-08-19,1529.0,6.0,0.0
all,T:Guardian Druid | H:Preservation Evoker | D:Unholy DeathKnight | D:Devourer DemonHunter | D:Arms Warrior,1,-1.86,10.0,20.4,20.4,20.4,-15.883,10.57,1528.0,Temple of Sethraliss,10,2026-08-19,1528.0,8.0,0.0
all,T:Blood DeathKnight | H:Preservation Evoker | D:Balance Druid | D:Retribution Paladin | D:Elemental Shaman,1,-1.86,10.0,20.4,20.4,20.4,-15.883,10.57,1338.0,Ruby Life Pools,10,2026-08-18,1338.0,6.0,0.0
all,T:Guardian Druid | H:Holy Paladin | D:Arcane Mage | D:Demonology Warlock | D:Destruction Warlock,1,-1.86,10.0,20.4,20.4,20.4,-15.883,10.57,1528.0,Den of Nalorakk,10,2026-08-18,1528.0,1.0,0.0
all,T:Protection Paladin | H:Discipline Priest | D:Elemental Shaman | D:Destruction Warlock | D:Arms Warrior,1,-1.86,10.0,20.4,20.4,20.4,-15.883,10.57,1575.0,Kings' Rest,10,2026-08-18,1575.0,2.0,0.0
all,T:Blood DeathKnight | H:Holy Paladin | D:Balance Druid | D:Marksmanship Hunter | D:Shadow Priest,1,-1.86,10.0,20.4,20.4,20.4,-15.883,10.57,1527.0,Temple of Sethraliss,10,2026-08-18,1527.0,1.0,0.0
all,T:Guardian Druid | H:Holy Priest | D:Arcane Mage | D:Windwalker Monk | D:Demonology Warlock,1,-1.86,10.0,20.4,20.4,20.4,-15.883,10.57,1432.0,The Blinding Vale,10,2026-08-18,1432.0,7.0,0.0
all,T:Blood DeathKnight | H:Restoration Shaman | D:Devourer DemonHunter | D:Windwalker Monk | D:Subtlety Rogue,1,-1.86,10.0,20.4,20.4,20.4,-15.883,10.57,1338.0,Ruby Life Pools,10,2026-08-18,1338.0,4.0,0.0
all,T:Protection Paladin | H:Mistweaver Monk | D:Feral Druid | D:Arcane Mage | D:Arms Warrior,1,-1.86,11.0,-11.4,-11.4,-11.4,-15.883,10.57,1871.0,Ruby Life Pools,11,2026-08-18,1871.0,20.0,0.0
all,T:Protection Warrior | H:Preservation Evoker | D:Survival Hunter | D:Enhancement Shaman | D:Destruction Warlock,1,-1.86,10.0,20.4,20.4,20.4,-15.883,10.57,1338.0,Ruby Life Pools,10,2026-08-18,1338.0,9.0,0.0
all,T:Guardian Druid | H:Restoration Shaman | D:Devastation Evoker | D:Marksmanship Hunter | D:Windwalker Monk,2,-1.87,10.0,25.0,26.2,25.0,-15.883,10.57,1417.0,Den of Nalorakk,10,2026-08-18,1394.0,1.0,0.0
all,T:Vengeance DemonHunter | H:Restoration Shaman | D:Devourer DemonHunter | D:Arcane Mage | D:Arms Warrior,1,-1.87,10.0,20.3,20.3,20.3,-15.883,10.57,1530.0,Den of Nalorakk,10,2026-08-19,1530.0,3.0,0.0
all,T:Blood DeathKnight | H:Mistweaver Monk | D:Augmentation Evoker | D:Arcane Mage | D:Fire Mage,1,-1.87,10.0,20.3,20.3,20.3,-15.883,10.57,1339.0,Ruby Life Pools,10,2026-08-19,1339.0,5.0,0.0
all,T:Protection Paladin | H:Discipline Priest | D:Marksmanship Hunter | D:Arcane Mage | D:Windwalker Monk,2,-1.87,10.5,9.1,18.2,9.1,-15.883,10.57,1571.0,Den of Nalorakk,10,2026-08-18,1806.0,11.0,0.0
all,T:Blood DeathKnight | H:Discipline Priest | D:Devourer DemonHunter | D:Balance Druid | D:Arcane Mage,2,-1.87,10.0,25.0,27.3,25.0,-15.883,10.57,1395.0,Temple of Sethraliss,10,2026-08-19,1486.0,6.5,0.0
all,T:Vengeance DemonHunter | H:Restoration Shaman | D:Havoc DemonHunter | D:Balance Druid | D:Devastation Evoker,1,-1.87,10.0,20.3,20.3,20.3,-15.883,10.57,1529.0,Temple of Sethraliss,10,2026-08-19,1529.0,3.0,0.0
all,T:Blood DeathKnight | H:Restoration Shaman | D:Arcane Mage | D:Retribution Paladin | D:Demonology Warlock,2,-1.87,10.0,25.0,31.9,25.0,-15.883,10.57,1225.0,Voidscar Arena,10,2026-08-19,1300.0,4.5,0.0
all,T:Blood DeathKnight | H:Holy Paladin | D:Arcane Mage | D:Demonology Warlock | D:Arms Warrior,3,-1.87,10.7,5.4,11.0,9.4,-15.883,10.57,1601.0,Altar of Fangs,10,2026-08-19,1739.0,13.67,0.0
all,T:Blood DeathKnight | H:Restoration Shaman | D:Marksmanship Hunter | D:Windwalker Monk | D:Destruction Warlock,1,-1.88,11.0,-11.5,-11.5,-11.5,-15.883,10.57,2007.0,Voidscar Arena,11,2026-08-18,2007.0,14.0,0.0
all,T:Guardian Druid | H:Restoration Druid | D:Balance Druid | D:Outlaw Rogue | D:Destruction Warlock,3,-1.88,10.7,5.3,17.5,3.5,-15.883,10.57,1633.0,Kings' Rest,10,2026-08-18,1737.0,6.67,0.0
all,T:Protection Paladin | H:Restoration Druid | D:Devourer DemonHunter | D:Balance Druid | D:Balance Druid,1,-1.89,10.0,20.2,20.2,20.2,-15.883,10.57,1532.0,Temple of Sethraliss,10,2026-08-18,1532.0,4.0,0.0
all,T:Protection Paladin | H:Holy Paladin | D:Balance Druid | D:BeastMastery Hunter | D:Enhancement Shaman,1,-1.89,10.0,20.2,20.2,20.2,-15.883,10.57,1532.0,Temple of Sethraliss,10,2026-08-18,1532.0,3.0,0.0
all,T:Blood DeathKnight | H:Mistweaver Monk | D:Devourer DemonHunter | D:BeastMastery Hunter | D:Demonology Warlock,1,-1.89,10.0,20.2,20.2,20.2,-15.883,10.57,1532.0,Temple of Sethraliss,10,2026-08-19,1532.0,4.0,0.0
all,T:Blood DeathKnight | H:Discipline Priest | D:Unholy DeathKnight | D:Havoc DemonHunter | D:Fire Mage,1,-1.89,10.0,20.2,20.2,20.2,-15.883,10.57,1437.0,Voidscar Arena,10,2026-08-19,1437.0,8.0,0.0
all,T:Blood DeathKnight | H:Restoration Shaman | D:Frost DeathKnight | D:Unholy DeathKnight | D:Demonology Warlock,1,-1.89,10.0,20.2,20.2,20.2,-15.883,10.57,1581.0,Kings' Rest,10,2026-08-19,1581.0,6.0,0.0
all,T:Protection Warrior | H:Holy Paladin | D:Arcane Mage | D:Frost Mage | D:Demonology Warlock,1,-1.89,11.0,-11.6,-11.6,-11.6,-15.883,10.57,2008.0,Altar of Fangs,11,2026-08-18,2008.0,9.0,0.0
all,T:Protection Paladin | H:Holy Paladin | D:Retribution Paladin | D:Elemental Shaman | D:Arms Warrior,1,-1.89,10.0,20.2,20.2,20.2,-15.883,10.57,1532.0,Temple of Sethraliss,10,2026-08-19,1532.0,10.0,0.0
all,T:Guardian Druid | H:Mistweaver Monk | D:BeastMastery Hunter | D:Arcane Mage | D:Destruction Warlock,2,-1.89,10.0,24.9,33.4,24.9,-15.883,10.57,1359.0,Murder Row,10,2026-08-19,1432.0,9.5,0.0
all,T:Brewmaster Monk | H:Mistweaver Monk | D:Devastation Evoker | D:Marksmanship Hunter | D:Arms Warrior,2,-1.89,10.5,9.0,13.7,9.0,-15.883,10.57,1657.0,Den of Nalorakk,10,2026-08-18,1746.0,5.0,0.0
all,T:Brewmaster Monk | H:Restoration Shaman | D:Devourer DemonHunter | D:Retribution Paladin | D:Arms Warrior,1,-1.89,10.0,20.2,20.2,20.2,-15.883,10.57,1532.0,Temple of Sethraliss,10,2026-08-18,1532.0,9.0,0.0
all,T:Protection Paladin | H:Discipline Priest | D:Havoc DemonHunter | D:Elemental Shaman | D:Fury Warrior,2,-1.9,11.0,-6.9,-5.1,-6.9,-15.883,10.57,2017.0,Den of Nalorakk,11,2026-08-19,1922.0,8.5,0.0
all,T:Guardian Druid | H:Restoration Druid | D:BeastMastery Hunter | D:Windwalker Monk | D:Shadow Priest,1,-1.91,10.0,20.1,20.1,20.1,-15.883,10.57,1582.0,Kings' Rest,10,2026-08-18,1582.0,6.0,0.0
all,T:Blood DeathKnight | H:Holy Paladin | D:Arcane Mage | D:Fire Mage | D:Elemental Shaman,1,-1.91,10.0,20.1,20.1,20.1,-15.883,10.57,1343.0,Ruby Life Pools,10,2026-08-19,1343.0,2.0,0.0
all,T:Guardian Druid | H:Restoration Shaman | D:Retribution Paladin | D:Assassination Rogue | D:Destruction Warlock,1,-1.91,10.0,20.1,20.1,20.1,-15.883,10.57,1581.0,Kings' Rest,10,2026-08-18,1581.0,6.0,0.0
all,T:Brewmaster Monk | H:Restoration Shaman | D:Unholy DeathKnight | D:Devourer DemonHunter | D:Balance Druid,1,-1.91,11.0,-11.7,-11.7,-11.7,-15.883,10.57,2144.0,Den of Nalorakk,11,2026-08-18,2144.0,11.0,0.0
all,T:Blood DeathKnight | H:Holy Paladin | D:Windwalker Monk | D:Enhancement Shaman | D:Arms Warrior,1,-1.91,10.0,20.1,20.1,20.1,-15.883,10.57,1438.0,The Blinding Vale,10,2026-08-18,1438.0,2.0,0.0
all,T:Guardian Druid | H:Holy Priest | D:BeastMastery Hunter | D:Elemental Shaman | D:Destruction Warlock,1,-1.91,10.0,20.1,20.1,20.1,-15.883,10.57,1533.0,Temple of Sethraliss,10,2026-08-18,1533.0,1.0,0.0
all,T:Protection Warrior | H:Restoration Druid | D:Feral Druid | D:Retribution Paladin | D:Arms Warrior,1,-1.91,10.0,20.1,20.1,20.1,-15.883,10.57,1583.0,Kings' Rest,10,2026-08-18,1583.0,8.0,0.0
all,T:Protection Warrior | H:Holy Paladin | D:Frost DeathKnight | D:Arcane Mage | D:Arms Warrior,1,-1.91,10.0,20.1,20.1,20.1,-15.883,10.57,1581.0,Kings' Rest,10,2026-08-18,1581.0,4.0,0.0
all,T:Guardian Druid | H:Restoration Shaman | D:Devourer DemonHunter | D:Elemental Shaman | D:Demonology Warlock,1,-1.91,10.0,20.1,20.1,20.1,-15.883,10.57,1631.0,Murder Row,10,2026-08-18,1631.0,1.0,0.0
all,T:Protection Warrior | H:Restoration Shaman | D:Havoc DemonHunter | D:Arcane Mage | D:Shadow Priest,1,-1.91,10.0,20.1,20.1,20.1,-15.883,10.57,1342.0,Ruby Life Pools,10,2026-08-19,1342.0,1.0,0.0
all,T:Blood DeathKnight | H:Restoration Shaman | D:BeastMastery Hunter | D:Retribution Paladin | D:Outlaw Rogue,1,-1.91,10.0,20.1,20.1,20.1,-15.883,10.57,1438.0,Voidscar Arena,10,2026-08-19,1438.0,14.0,0.0
all,T:Protection Warrior | H:Restoration Shaman | D:Devourer DemonHunter | D:BeastMastery Hunter | D:Demonology Warlock,1,-1.92,10.0,20.0,20.0,20.0,-15.883,10.57,1345.0,Ruby Life Pools,10,2026-08-18,1345.0,2.0,0.0
all,T:Protection Warrior | H:Restoration Shaman | D:Devourer DemonHunter | D:BeastMastery Hunter | D:Frost Mage,1,-1.92,10.0,20.0,20.0,20.0,-15.883,10.57,1632.0,Murder Row,10,2026-08-19,1632.0,7.0,0.0
all,T:Blood DeathKnight | H:Preservation Evoker | D:Arcane Mage | D:Arms Warrior | D:Fury Warrior,1,-1.92,10.0,20.0,20.0,20.0,-15.883,10.57,1584.0,Kings' Rest,10,2026-08-19,1584.0,3.0,0.0
all,T:Protection Warrior | H:Restoration Shaman | D:BeastMastery Hunter | D:Elemental Shaman | D:Fury Warrior,1,-1.92,10.0,20.0,20.0,20.0,-15.883,10.57,1439.0,The Blinding Vale,10,2026-08-18,1439.0,10.0,0.0
all,T:Protection Paladin | H:Holy Priest | D:Unholy DeathKnight | D:Arcane Mage | D:Demonology Warlock,1,-1.92,10.0,20.0,20.0,20.0,-15.883,10.57,1441.0,The Blinding Vale,10,2026-08-18,1441.0,0.0,0.0
all,T:Protection Paladin | H:Restoration Shaman | D:Devourer DemonHunter | D:Balance Druid | D:Shadow Priest,1,-1.92,10.0,20.0,20.0,20.0,-15.883,10.57,1440.0,Altar of Fangs,10,2026-08-18,1440.0,1.0,0.0
all,T:Vengeance DemonHunter | H:Holy Paladin | D:Balance Druid | D:Marksmanship Hunter | D:Arcane Mage,1,-1.92,10.0,20.0,20.0,20.0,-15.883,10.57,1344.0,Ruby Life Pools,10,2026-08-18,1344.0,1.0,0.0
all,T:Protection Warrior | H:Discipline Priest | D:Devourer DemonHunter | D:Augmentation Evoker | D:Retribution Paladin,1,-1.92,10.0,20.0,20.0,20.0,-15.883,10.57,1535.0,Temple of Sethraliss,10,2026-08-19,1535.0,1.0,0.0
all,T:Guardian Druid | H:Discipline Priest | D:Frost DeathKnight | D:Havoc DemonHunter | D:Affliction Warlock,1,-1.93,11.0,-11.8,-11.8,-11.8,-15.883,10.57,2146.0,Temple of Sethraliss,11,2026-08-18,2146.0,10.0,0.0
all,T:Blood DeathKnight | H:Mistweaver Monk | D:Balance Druid | D:Devastation Evoker | D:Retribution Paladin,1,-1.93,11.0,-11.8,-11.8,-11.8,-15.883,10.57,2012.0,Voidscar Arena,11,2026-08-19,2012.0,18.0,0.0
all,T:Blood DeathKnight | H:Holy Paladin | D:Balance Druid | D:Arcane Mage | D:Retribution Paladin,2,-1.93,10.5,8.9,11.3,8.9,-15.883,10.57,1596.0,Altar of Fangs,10,2026-08-19,1640.0,10.5,0.0
all,T:Blood DeathKnight | H:Holy Paladin | D:Frost DeathKnight | D:Marksmanship Hunter | D:Assassination Rogue,1,-1.94,11.0,-11.9,-11.9,-11.9,-15.883,10.57,2148.0,Den of Nalorakk,11,2026-08-18,2148.0,16.0,0.0
all,T:Guardian Druid | H:Preservation Evoker | D:Havoc DemonHunter | D:Enhancement Shaman | D:Fury Warrior,1,-1.94,10.0,19.9,19.9,19.9,-15.883,10.57,1345.0,Ruby Life Pools,10,2026-08-19,1345.0,3.0,0.0
all,T:Brewmaster Monk | H:Discipline Priest | D:Frost DeathKnight | D:Devourer DemonHunter | D:Arms Warrior,1,-1.94,11.0,-11.9,-11.9,-11.9,-15.883,10.57,2014.0,The Blinding Vale,11,2026-08-19,2014.0,15.0,0.0
all,T:Protection Warrior | H:Discipline Priest | D:Arcane Mage | D:Retribution Paladin | D:Destruction Warlock,1,-1.94,10.0,19.9,19.9,19.9,-15.883,10.57,1442.0,The Blinding Vale,10,2026-08-18,1442.0,2.0,0.0
all,T:Vengeance DemonHunter | H:Restoration Shaman | D:Unholy DeathKnight | D:Arcane Mage | D:Demonology Warlock,1,-1.96,10.0,19.8,19.8,19.8,-15.883,10.57,1347.0,Ruby Life Pools,10,2026-08-19,1347.0,3.0,0.0
all,T:Guardian Druid | H:Restoration Druid | D:Devourer DemonHunter | D:Arcane Mage | D:Assassination Rogue,1,-1.96,10.0,19.8,19.8,19.8,-15.883,10.57,1588.0,Kings' Rest,10,2026-08-18,1588.0,3.0,0.0
all,T:Protection Paladin | H:Holy Paladin | D:Arcane Mage | D:Assassination Rogue | D:Elemental Shaman,1,-1.96,10.0,19.8,19.8,19.8,-15.883,10.57,1444.0,Voidscar Arena,10,2026-08-18,1444.0,3.0,0.0
all,T:Protection Paladin | H:Restoration Shaman | D:Unholy DeathKnight | D:Balance Druid | D:BeastMastery Hunter,1,-1.96,10.0,19.8,19.8,19.8,-15.883,10.57,1443.0,The Blinding Vale,10,2026-08-18,1443.0,1.0,0.0
all,T:Blood DeathKnight | H:Preservation Evoker | D:Frost DeathKnight | D:Arms Warrior | D:Arms Warrior,1,-1.96,10.0,19.8,19.8,19.8,-15.883,10.57,1443.0,Altar of Fangs,10,2026-08-19,1443.0,1.0,0.0
all,T:Blood DeathKnight | H:Restoration Shaman | D:Balance Druid | D:Augmentation Evoker | D:Frost Mage,1,-1.96,11.0,-12.0,-12.0,-12.0,-15.883,10.57,2284.0,Murder Row,11,2026-08-18,2284.0,9.0,0.0
all,T:Blood DeathKnight | H:Preservation Evoker | D:Feral Druid | D:BeastMastery Hunter | D:BeastMastery Hunter,1,-1.96,11.0,-12.0,-12.0,-12.0,-15.883,10.57,2217.0,Kings' Rest,11,2026-08-18,2217.0,10.0,0.0
all,T:Blood DeathKnight | H:Discipline Priest | D:Arcane Mage | D:Assassination Rogue | D:Assassination Rogue,1,-1.96,10.0,19.8,19.8,19.8,-15.883,10.57,1444.0,The Blinding Vale,10,2026-08-18,1444.0,3.0,0.0
all,T:Vengeance DemonHunter | H:Discipline Priest | D:Devastation Evoker | D:Arcane Mage | D:Retribution Paladin,1,-1.96,10.0,19.8,19.8,19.8,-15.883,10.57,1443.0,The Blinding Vale,10,2026-08-18,1443.0,2.0,0.0
all,T:Blood DeathKnight | H:Restoration Shaman | D:Devourer DemonHunter | D:Devourer DemonHunter | D:Subtlety Rogue,1,-1.96,10.0,19.8,19.8,19.8,-15.883,10.57,1443.0,The Blinding Vale,10,2026-08-19,1443.0,3.0,0.0
all,T:Protection Paladin | H:Preservation Evoker | D:Unholy DeathKnight | D:Augmentation Evoker | D:Retribution Paladin,1,-1.96,10.0,19.8,19.8,19.8,-15.883,10.57,1636.0,Murder Row,10,2026-08-18,1636.0,1.0,0.0
all,T:Guardian Druid | H:Holy Paladin | D:Devastation Evoker | D:Arcane Mage | D:Outlaw Rogue,1,-1.96,10.0,19.8,19.8,19.8,-15.883,10.57,1347.0,Ruby Life Pools,10,2026-08-19,1347.0,0.0,0.0
all,T:Protection Paladin | H:Preservation Evoker | D:Balance Druid | D:Devastation Evoker | D:Enhancement Shaman,1,-1.97,10.0,19.7,19.7,19.7,-15.883,10.57,1542.0,Temple of Sethraliss,10,2026-08-18,1542.0,4.0,0.0
all,T:Brewmaster Monk | H:Restoration Shaman | D:Feral Druid | D:Enhancement Shaman | D:Destruction Warlock,1,-1.97,10.0,19.7,19.7,19.7,-15.883,10.57,1446.0,The Blinding Vale,10,2026-08-19,1446.0,0.0,0.0
all,T:Vengeance DemonHunter | H:Discipline Priest | D:Frost DeathKnight | D:Outlaw Rogue | D:Arms Warrior,1,-1.97,10.0,19.7,19.7,19.7,-15.883,10.57,1445.0,Altar of Fangs,10,2026-08-19,1445.0,1.0,0.0
all,T:Blood DeathKnight | H:Mistweaver Monk | D:Havoc DemonHunter | D:BeastMastery Hunter | D:Retribution Paladin,1,-1.97,10.0,19.7,19.7,19.7,-15.883,10.57,1349.0,Ruby Life Pools,10,2026-08-18,1349.0,6.0,0.0
all,T:Protection Warrior | H:Holy Priest | D:Frost DeathKnight | D:Unholy DeathKnight | D:Havoc DemonHunter,1,-1.97,10.0,19.7,19.7,19.7,-15.883,10.57,1542.0,Temple of Sethraliss,10,2026-08-19,1542.0,2.0,0.0
all,T:Vengeance DemonHunter | H:Restoration Shaman | D:Devastation Evoker | D:Arcane Mage | D:Retribution Paladin,2,-1.97,10.0,24.6,24.8,24.6,-15.883,10.57,1443.0,Den of Nalorakk,10,2026-08-18,1356.0,1.5,0.0
all,T:Brewmaster Monk | H:Mistweaver Monk | D:Balance Druid | D:BeastMastery Hunter | D:Retribution Paladin,1,-1.97,10.0,19.7,19.7,19.7,-15.883,10.57,1589.0,Kings' Rest,10,2026-08-18,1589.0,3.0,0.0
all,T:Blood DeathKnight | H:Preservation Evoker | D:Frost Mage | D:Retribution Paladin | D:Fury Warrior,1,-1.97,10.0,19.7,19.7,19.7,-15.883,10.57,1348.0,Ruby Life Pools,10,2026-08-18,1348.0,5.0,0.0
all,T:Blood DeathKnight | H:Holy Paladin | D:Augmentation Evoker | D:BeastMastery Hunter | D:Retribution Paladin,1,-1.97,10.0,19.7,19.7,19.7,-15.883,10.57,1445.0,The Blinding Vale,10,2026-08-19,1445.0,0.0,0.0
all,T:Guardian Druid | H:Holy Priest | D:Windwalker Monk | D:Retribution Paladin | D:Affliction Warlock,1,-1.97,10.0,19.7,19.7,19.7,-15.883,10.57,1445.0,The Blinding Vale,10,2026-08-18,1445.0,0.0,0.0
all,T:Protection Paladin | H:Restoration Shaman | D:Devourer DemonHunter | D:BeastMastery Hunter | D:Frost Mage,1,-1.97,10.0,19.7,19.7,19.7,-15.883,10.57,1541.0,Temple of Sethraliss,10,2026-08-18,1541.0,0.0,0.0
all,T:Guardian Druid | H:Discipline Priest | D:Subtlety Rogue | D:Demonology Warlock | D:Arms Warrior,1,-1.97,10.0,19.7,19.7,19.7,-15.883,10.57,1639.0,Murder Row,10,2026-08-19,1639.0,1.0,0.0
all,T:Blood DeathKnight | H:Restoration Shaman | D:Havoc DemonHunter | D:Arcane Mage | D:Arms Warrior,1,-1.97,10.0,19.7,19.7,19.7,-15.883,10.57,1541.0,Temple of Sethraliss,10,2026-08-18,1541.0,4.0,0.0
all,T:Blood DeathKnight | H:Restoration Shaman | D:Devourer DemonHunter | D:Augmentation Evoker | D:Demonology Warlock,1,-1.97,10.0,19.7,19.7,19.7,-15.883,10.57,1542.0,Temple of Sethraliss,10,2026-08-18,1542.0,4.0,0.0
all,T:Brewmaster Monk | H:Discipline Priest | D:Devastation Evoker | D:Subtlety Rogue | D:Enhancement Shaman,2,-1.98,10.0,24.6,26.7,24.6,-15.883,10.57,1407.0,Temple of Sethraliss,10,2026-08-18,1447.0,4.0,0.0
all,T:Vengeance DemonHunter | H:Discipline Priest | D:BeastMastery Hunter | D:Marksmanship Hunter | D:Destruction Warlock,1,-1.98,11.0,-12.1,-12.1,-12.1,-15.883,10.57,2153.0,Temple of Sethraliss,11,2026-08-18,2153.0,11.0,0.0
all,T:Protection Paladin | H:Preservation Evoker | D:Elemental Shaman | D:Demonology Warlock | D:Arms Warrior,1,-1.99,10.0,19.6,19.6,19.6,-15.883,10.57,1639.0,Murder Row,10,2026-08-18,1639.0,3.0,0.0
all,T:Blood DeathKnight | H:Restoration Shaman | D:Arcane Mage | D:Arms Warrior | D:Arms Warrior,2,-1.99,10.5,8.7,18.9,8.7,-15.883,10.57,1556.0,Den of Nalorakk,10,2026-08-18,1692.0,13.5,0.0
all,T:Protection Paladin | H:Preservation Evoker | D:Balance Druid | D:Augmentation Evoker | D:Shadow Priest,1,-1.99,10.0,19.6,19.6,19.6,-15.883,10.57,1352.0,Ruby Life Pools,10,2026-08-19,1352.0,1.0,0.0
all,T:Protection Warrior | H:Discipline Priest | D:Balance Druid | D:Arcane Mage | D:Retribution Paladin,1,-1.99,10.0,19.6,19.6,19.6,-15.883,10.57,1448.0,Voidscar Arena,10,2026-08-19,1448.0,6.0,0.0
all,T:Brewmaster Monk | H:Restoration Shaman | D:Unholy DeathKnight | D:Devourer DemonHunter | D:Subtlety Rogue,1,-1.99,10.0,19.6,19.6,19.6,-15.883,10.57,1544.0,Temple of Sethraliss,10,2026-08-18,1544.0,5.0,0.0
all,T:Blood DeathKnight | H:Restoration Shaman | D:Frost DeathKnight | D:BeastMastery Hunter | D:Arms Warrior,1,-1.99,10.0,19.6,19.6,19.6,-15.883,10.57,1447.0,Altar of Fangs,10,2026-08-18,1447.0,2.0,0.0
all,T:Protection Warrior | H:Restoration Shaman | D:BeastMastery Hunter | D:Shadow Priest | D:Elemental Shaman,1,-1.99,11.0,-12.2,-12.2,-12.2,-15.883,10.57,2155.0,Den of Nalorakk,11,2026-08-18,2155.0,17.0,0.0
all,T:Blood DeathKnight | H:Mistweaver Monk | D:Arcane Mage | D:Assassination Rogue | D:Elemental Shaman,1,-1.99,10.0,19.6,19.6,19.6,-15.883,10.57,1640.0,Murder Row,10,2026-08-19,1640.0,5.0,0.0
all,T:Guardian Druid | H:Holy Priest | D:Frost Mage | D:Shadow Priest | D:Subtlety Rogue,1,-1.99,10.0,19.6,19.6,19.6,-15.883,10.57,1447.0,Voidscar Arena,10,2026-08-18,1447.0,2.0,0.0
all,T:Protection Paladin | H:Holy Priest | D:Balance Druid | D:Devastation Evoker | D:Marksmanship Hunter,1,-1.99,10.0,19.6,19.6,19.6,-15.883,10.57,1447.0,Altar of Fangs,10,2026-08-19,1447.0,1.0,0.0
all,T:Brewmaster Monk | H:Discipline Priest | D:Unholy DeathKnight | D:Devourer DemonHunter | D:Havoc DemonHunter,1,-2.01,10.0,19.5,19.5,19.5,-15.883,10.57,1449.0,Voidscar Arena,10,2026-08-19,1449.0,4.0,0.0
all,T:Blood DeathKnight | H:Restoration Shaman | D:Retribution Paladin | D:Enhancement Shaman | D:Demonology Warlock,2,-2.01,10.0,24.5,27.0,24.5,-15.883,10.57,1313.0,Altar of Fangs,10,2026-08-19,1358.0,6.0,0.0
all,T:Protection Paladin | H:Restoration Shaman | D:Feral Druid | D:Subtlety Rogue | D:Elemental Shaman,1,-2.01,10.0,19.5,19.5,19.5,-15.883,10.57,1643.0,Murder Row,10,2026-08-18,1643.0,1.0,0.0
all,T:Guardian Druid | H:Holy Paladin | D:Devourer DemonHunter | D:Shadow Priest | D:Elemental Shaman,1,-2.01,10.0,19.5,19.5,19.5,-15.883,10.57,1545.0,Temple of Sethraliss,10,2026-08-18,1545.0,2.0,0.0
all,T:Guardian Druid | H:Mistweaver Monk | D:Unholy DeathKnight | D:Devastation Evoker | D:Windwalker Monk,1,-2.01,11.0,-12.3,-12.3,-12.3,-15.883,10.57,1886.0,Ruby Life Pools,11,2026-08-18,1886.0,8.0,0.0
all,T:Protection Paladin | H:Restoration Shaman | D:Feral Druid | D:Arcane Mage | D:Demonology Warlock,1,-2.01,10.0,19.5,19.5,19.5,-15.883,10.57,1545.0,Temple of Sethraliss,10,2026-08-19,1545.0,1.0,0.0
all,T:Protection Warrior | H:Restoration Shaman | D:Unholy DeathKnight | D:Devastation Evoker | D:Elemental Shaman,1,-2.01,10.0,19.5,19.5,19.5,-15.883,10.57,1595.0,Kings' Rest,10,2026-08-18,1595.0,4.0,0.0
all,T:Blood DeathKnight | H:Restoration Druid | D:Devourer DemonHunter | D:Retribution Paladin | D:Assassination Rogue,1,-2.01,10.0,19.5,19.5,19.5,-15.883,10.57,1546.0,Temple of Sethraliss,10,2026-08-19,1546.0,5.0,0.0
all,T:Protection Paladin | H:Holy Paladin | D:Arcane Mage | D:Retribution Paladin | D:Arms Warrior,1,-2.01,10.0,19.5,19.5,19.5,-15.883,10.57,1352.0,Ruby Life Pools,10,2026-08-18,1352.0,1.0,0.0
all,T:Guardian Druid | H:Restoration Shaman | D:Elemental Shaman | D:Destruction Warlock | D:Arms Warrior,1,-2.01,10.0,19.5,19.5,19.5,-15.883,10.57,1352.0,Ruby Life Pools,10,2026-08-18,1352.0,2.0,0.0
all,T:Blood DeathKnight | H:Preservation Evoker | D:Arcane Mage | D:Retribution Paladin | D:Affliction Warlock,2,-2.01,10.5,8.6,18.6,8.6,-15.883,10.57,1465.0,Voidscar Arena,10,2026-08-18,1646.0,3.5,0.0
all,T:Blood DeathKnight | H:Restoration Druid | D:Arcane Mage | D:Demonology Warlock | D:Destruction Warlock,1,-2.02,10.0,19.4,19.4,19.4,-15.883,10.57,1643.0,Murder Row,10,2026-08-18,1643.0,0.0,0.0
all,T:Blood DeathKnight | H:Discipline Priest | D:Havoc DemonHunter | D:Retribution Paladin | D:Elemental Shaman,1,-2.02,10.0,19.4,19.4,19.4,-15.883,10.57,1597.0,Kings' Rest,10,2026-08-18,1597.0,4.0,0.0
all,T:Vengeance DemonHunter | H:Restoration Shaman | D:Devourer DemonHunter | D:Arcane Mage | D:Elemental Shaman,1,-2.02,10.0,19.4,19.4,19.4,-15.883,10.57,1644.0,Murder Row,10,2026-08-18,1644.0,6.0,0.0
all,T:Blood DeathKnight | H:Restoration Shaman | D:Balance Druid | D:Arcane Mage | D:Windwalker Monk,1,-2.02,10.0,19.4,19.4,19.4,-15.883,10.57,1451.0,The Blinding Vale,10,2026-08-19,1451.0,3.0,0.0
all,T:Blood DeathKnight | H:Mistweaver Monk | D:Devourer DemonHunter | D:Devastation Evoker | D:BeastMastery Hunter,1,-2.02,10.0,19.4,19.4,19.4,-15.883,10.57,1547.0,Temple of Sethraliss,10,2026-08-19,1547.0,6.0,0.0
all,T:Blood DeathKnight | H:Restoration Shaman | D:Elemental Shaman | D:Elemental Shaman | D:Demonology Warlock,1,-2.02,10.0,19.4,19.4,19.4,-15.883,10.57,1644.0,Murder Row,10,2026-08-19,1644.0,4.0,0.0
all,T:Brewmaster Monk | H:Discipline Priest | D:Augmentation Evoker | D:Retribution Paladin | D:Demonology Warlock,1,-2.02,10.0,19.4,19.4,19.4,-15.883,10.57,1450.0,The Blinding Vale,10,2026-08-19,1450.0,0.0,0.0
all,T:Protection Warrior | H:Preservation Evoker | D:Balance Druid | D:Retribution Paladin | D:Outlaw Rogue,1,-2.02,10.0,19.4,19.4,19.4,-15.883,10.57,1354.0,Ruby Life Pools,10,2026-08-18,1354.0,2.0,0.0
all,T:Vengeance DemonHunter | H:Preservation Evoker | D:Arcane Mage | D:Frost Mage | D:Demonology Warlock,1,-2.02,10.0,19.4,19.4,19.4,-15.883,10.57,1597.0,Kings' Rest,10,2026-08-18,1597.0,14.0,0.0
all,T:Brewmaster Monk | H:Holy Priest | D:Unholy DeathKnight | D:Arcane Mage | D:Arms Warrior,1,-2.02,10.0,19.4,19.4,19.4,-15.883,10.57,1643.0,Murder Row,10,2026-08-19,1643.0,4.0,0.0
all,T:Blood DeathKnight | H:Holy Paladin | D:Arcane Mage | D:Elemental Shaman | D:Fury Warrior,1,-2.03,11.0,-12.4,-12.4,-12.4,-15.883,10.57,2023.0,Voidscar Arena,11,2026-08-18,2023.0,17.0,0.0
all,T:Blood DeathKnight | H:Restoration Shaman | D:Balance Druid | D:Arcane Mage | D:Subtlety Rogue,2,-2.03,10.5,8.5,28.4,8.5,-15.883,10.57,1202.0,Ruby Life Pools,10,2026-08-19,1603.0,14.5,0.0
all,T:Guardian Druid | H:Discipline Priest | D:BeastMastery Hunter | D:Arcane Mage | D:Retribution Paladin,2,-2.03,10.5,8.6,14.9,8.6,-15.883,10.57,1634.0,Den of Nalorakk,10,2026-08-18,1697.0,7.5,0.0
all,T:Protection Paladin | H:Preservation Evoker | D:Devourer DemonHunter | D:Arcane Mage | D:Elemental Shaman,1,-2.04,10.0,19.3,19.3,19.3,-15.883,10.57,1549.0,Den of Nalorakk,10,2026-08-19,1549.0,3.0,0.0
all,T:Vengeance DemonHunter | H:Restoration Shaman | D:BeastMastery Hunter | D:Windwalker Monk | D:Enhancement Shaman,1,-2.04,10.0,19.3,19.3,19.3,-15.883,10.57,1598.0,Kings' Rest,10,2026-08-19,1598.0,11.0,0.0
all,T:Blood DeathKnight | H:Holy Paladin | D:Frost DeathKnight | D:Affliction Warlock | D:Arms Warrior,1,-2.04,10.0,19.3,19.3,19.3,-15.883,10.57,1452.0,Voidscar Arena,10,2026-08-18,1452.0,4.0,0.0
all,T:Brewmaster Monk | H:Discipline Priest | D:Feral Druid | D:Enhancement Shaman | D:Demonology Warlock,1,-2.04,10.0,19.3,19.3,19.3,-15.883,10.57,1550.0,Temple of Sethraliss,10,2026-08-18,1550.0,3.0,0.0
all,T:Blood DeathKnight | H:Holy Paladin | D:Balance Druid | D:Balance Druid | D:Elemental Shaman,1,-2.04,10.0,19.3,19.3,19.3,-15.883,10.57,1549.0,Den of Nalorakk,10,2026-08-19,1549.0,0.0,0.0
all,T:Blood DeathKnight | H:Holy Paladin | D:Havoc DemonHunter | D:BeastMastery Hunter | D:Elemental Shaman,1,-2.04,11.0,-12.5,-12.5,-12.5,-15.883,10.57,2227.0,Kings' Rest,11,2026-08-19,2227.0,22.0,0.0
all,T:Protection Warrior | H:Discipline Priest | D:Balance Druid | D:Devastation Evoker | D:Elemental Shaman,1,-2.04,10.0,19.3,19.3,19.3,-15.883,10.57,1452.0,The Blinding Vale,10,2026-08-18,1452.0,7.0,0.0
all,T:Vengeance DemonHunter | H:Restoration Druid | D:BeastMastery Hunter | D:Arcane Mage | D:Retribution Paladin,1,-2.04,10.0,19.3,19.3,19.3,-15.883,10.57,1452.0,Voidscar Arena,10,2026-08-18,1452.0,5.0,0.0
all,T:Protection Paladin | H:Holy Paladin | D:Devastation Evoker | D:Marksmanship Hunter | D:Elemental Shaman,2,-2.04,10.0,24.4,27.5,24.4,-15.883,10.57,1219.0,Ruby Life Pools,10,2026-08-18,1318.0,1.0,0.0
all,T:Protection Paladin | H:Preservation Evoker | D:Devourer DemonHunter | D:Balance Druid | D:BeastMastery Hunter,1,-2.04,10.0,19.3,19.3,19.3,-15.883,10.57,1550.0,Temple of Sethraliss,10,2026-08-18,1550.0,1.0,0.0
all,T:Vengeance DemonHunter | H:Discipline Priest | D:Marksmanship Hunter | D:Arcane Mage | D:Windwalker Monk,1,-2.04,11.0,-12.5,-12.5,-12.5,-15.883,10.57,2227.0,Kings' Rest,11,2026-08-19,2227.0,22.0,0.0
all,T:Guardian Druid | H:Preservation Evoker | D:BeastMastery Hunter | D:Shadow Priest | D:Subtlety Rogue,1,-2.04,11.0,-12.5,-12.5,-12.5,-15.883,10.57,2025.0,Altar of Fangs,11,2026-08-19,2025.0,10.0,0.0
all,T:Blood DeathKnight | H:Restoration Druid | D:Arcane Mage | D:Windwalker Monk | D:Arms Warrior,1,-2.04,11.0,-12.5,-12.5,-12.5,-15.883,10.57,1889.0,Ruby Life Pools,11,2026-08-18,1889.0,10.0,0.0
all,T:Protection Paladin | H:Holy Priest | D:Devourer DemonHunter | D:Balance Druid | D:Arcane Mage,2,-2.05,10.0,24.4,29.3,24.4,-15.883,10.57,1187.0,Ruby Life Pools,10,2026-08-18,1367.0,1.5,0.0
all,T:Blood DeathKnight | H:Discipline Priest | D:Devourer DemonHunter | D:BeastMastery Hunter | D:Elemental Shaman,3,-2.05,10.3,15.5,20.0,18.2,-15.883,10.57,1583.0,Kings' Rest,10,2026-08-18,1583.0,4.33,0.0
all,T:Brewmaster Monk | H:Preservation Evoker | D:Retribution Paladin | D:Subtlety Rogue | D:Demonology Warlock,1,-2.06,10.0,19.2,19.2,19.2,-15.883,10.57,1552.0,Temple of Sethraliss,10,2026-08-18,1552.0,4.0,0.0
all,T:Vengeance DemonHunter | H:Mistweaver Monk | D:Elemental Shaman | D:Demonology Warlock | D:Arms Warrior,1,-2.06,10.0,19.2,19.2,19.2,-15.883,10.57,1454.0,Altar of Fangs,10,2026-08-19,1454.0,3.0,0.0
all,T:Protection Warrior | H:Holy Paladin | D:Unholy DeathKnight | D:Devastation Evoker | D:Enhancement Shaman,1,-2.06,10.0,19.2,19.2,19.2,-15.883,10.57,1357.0,Ruby Life Pools,10,2026-08-19,1357.0,4.0,0.0
all,T:Protection Paladin | H:Restoration Shaman | D:Unholy DeathKnight | D:Marksmanship Hunter | D:Retribution Paladin,2,-2.06,10.5,8.4,26.2,8.4,-15.883,10.57,1461.0,Kings' Rest,10,2026-08-18,1780.0,2.5,0.0
all,T:Guardian Druid | H:Holy Paladin | D:Frost DeathKnight | D:Balance Druid | D:Arcane Mage,1,-2.06,10.0,19.2,19.2,19.2,-15.883,10.57,1551.0,Temple of Sethraliss,10,2026-08-18,1551.0,2.0,0.0
all,T:Guardian Druid | H:Restoration Shaman | D:Frost DeathKnight | D:Unholy DeathKnight | D:Elemental Shaman,1,-2.06,10.0,19.2,19.2,19.2,-15.883,10.57,1454.0,The Blinding Vale,10,2026-08-19,1454.0,2.0,0.0
all,T:Blood DeathKnight | H:Restoration Shaman | D:Balance Druid | D:Arcane Mage | D:Outlaw Rogue,1,-2.06,10.0,19.2,19.2,19.2,-15.883,10.57,1455.0,The Blinding Vale,10,2026-08-18,1455.0,3.0,0.0
all,T:Protection Paladin | H:Holy Paladin | D:Unholy DeathKnight | D:Arcane Mage | D:Windwalker Monk,1,-2.06,11.0,-12.6,-12.6,-12.6,-15.883,10.57,2163.0,Den of Nalorakk,11,2026-08-19,2163.0,10.0,0.0
all,T:Blood DeathKnight | H:Restoration Shaman | D:Devourer DemonHunter | D:Balance Druid | D:Devastation Evoker,1,-2.06,10.0,19.2,19.2,19.2,-15.883,10.57,1649.0,Murder Row,10,2026-08-18,1649.0,1.0,0.0
all,T:Brewmaster Monk | H:Discipline Priest | D:Unholy DeathKnight | D:Devastation Evoker | D:Subtlety Rogue,1,-2.06,11.0,-12.6,-12.6,-12.6,-15.883,10.57,2163.0,Den of Nalorakk,11,2026-08-18,2163.0,14.0,0.0
all,T:Blood DeathKnight | H:Restoration Shaman | D:Unholy DeathKnight | D:Fire Mage | D:Arms Warrior,1,-2.06,10.0,19.2,19.2,19.2,-15.883,10.57,1551.0,Temple of Sethraliss,10,2026-08-19,1551.0,1.0,0.0
all,T:Brewmaster Monk | H:Mistweaver Monk | D:Arcane Mage | D:Subtlety Rogue | D:Elemental Shaman,1,-2.07,10.0,19.1,19.1,19.1,-15.883,10.57,1651.0,Murder Row,10,2026-08-19,1651.0,4.0,0.0
all,T:Protection Paladin | H:Restoration Shaman | D:Balance Druid | D:Arcane Mage | D:Retribution Paladin,1,-2.07,10.0,19.1,19.1,19.1,-15.883,10.57,1650.0,Murder Row,10,2026-08-19,1650.0,0.0,0.0
all,T:Protection Paladin | H:Restoration Shaman | D:Arcane Mage | D:Retribution Paladin | D:Shadow Priest,6,-2.07,10.8,1.3,18.8,9.0,-15.883,10.57,1462.0,The Blinding Vale,10,2026-08-19,1580.0,8.5,0.0
all,T:Brewmaster Monk | H:Holy Paladin | D:Devastation Evoker | D:Marksmanship Hunter | D:Arcane Mage,2,-2.07,10.0,24.3,27.0,24.3,-15.883,10.57,1402.0,Temple of Sethraliss,10,2026-08-19,1407.0,1.5,0.0
all,T:Blood DeathKnight | H:Restoration Druid | D:Frost DeathKnight | D:Devastation Evoker | D:Arcane Mage,1,-2.07,10.0,19.1,19.1,19.1,-15.883,10.57,1603.0,Kings' Rest,10,2026-08-18,1603.0,0.0,0.0
all,T:Guardian Druid | H:Mistweaver Monk | D:Unholy DeathKnight | D:Marksmanship Hunter | D:Arms Warrior,1,-2.07,10.0,19.1,19.1,19.1,-15.883,10.57,1553.0,Den of Nalorakk,10,2026-08-19,1553.0,1.0,0.0
all,T:Protection Paladin | H:Holy Paladin | D:BeastMastery Hunter | D:Enhancement Shaman | D:Arms Warrior,1,-2.07,10.0,19.1,19.1,19.1,-15.883,10.57,1602.0,Kings' Rest,10,2026-08-19,1602.0,4.0,0.0
all,T:Guardian Druid | H:Mistweaver Monk | D:Unholy DeathKnight | D:Arcane Mage | D:Fury Warrior,1,-2.07,10.0,19.1,19.1,19.1,-15.883,10.57,1456.0,Voidscar Arena,10,2026-08-18,1456.0,5.0,0.0
all,T:Blood DeathKnight | H:Restoration Shaman | D:Unholy DeathKnight | D:Balance Druid | D:Frost Mage,1,-2.07,10.0,19.1,19.1,19.1,-15.883,10.57,1602.0,Kings' Rest,10,2026-08-18,1602.0,1.0,0.0
all,T:Protection Paladin | H:Holy Paladin | D:Assassination Rogue | D:Enhancement Shaman | D:Arms Warrior,1,-2.07,10.0,19.1,19.1,19.1,-15.883,10.57,1554.0,Den of Nalorakk,10,2026-08-19,1554.0,0.0,0.0
all,T:Blood DeathKnight | H:Discipline Priest | D:Unholy DeathKnight | D:Devastation Evoker | D:Demonology Warlock,2,-2.07,10.5,8.4,18.7,8.4,-15.883,10.57,1561.0,Temple of Sethraliss,10,2026-08-18,1758.0,10.0,0.0
all,T:Blood DeathKnight | H:Preservation Evoker | D:Frost DeathKnight | D:BeastMastery Hunter | D:BeastMastery Hunter,1,-2.07,10.0,19.1,19.1,19.1,-15.883,10.57,1602.0,Kings' Rest,10,2026-08-18,1602.0,3.0,0.0
all,T:Vengeance DemonHunter | H:Holy Paladin | D:Arcane Mage | D:Elemental Shaman | D:Destruction Warlock,1,-2.07,10.0,19.1,19.1,19.1,-15.883,10.57,1553.0,Den of Nalorakk,10,2026-08-19,1553.0,4.0,0.0
all,T:Guardian Druid | H:Holy Priest | D:Devourer DemonHunter | D:BeastMastery Hunter | D:BeastMastery Hunter,1,-2.08,11.0,-12.7,-12.7,-12.7,-15.883,10.57,2300.0,Murder Row,11,2026-08-19,2300.0,12.0,0.0
all,T:Brewmaster Monk | H:Restoration Shaman | D:Arcane Mage | D:Arcane Mage | D:Elemental Shaman,1,-2.08,11.0,-12.7,-12.7,-12.7,-15.883,10.57,2298.0,Murder Row,11,2026-08-18,2298.0,25.0,0.0
all,T:Blood DeathKnight | H:Restoration Shaman | D:Balance Druid | D:Arcane Mage | D:Arms Warrior,12,-2.08,10.6,10.0,31.7,15.4,-15.883,10.57,1394.0,Murder Row,10,2026-08-18,1646.0,10.33,0.0
all,T:Blood DeathKnight | H:Holy Paladin | D:Frost DeathKnight | D:Windwalker Monk | D:Elemental Shaman,1,-2.09,10.0,19.0,19.0,19.0,-15.883,10.57,1554.0,Temple of Sethraliss,10,2026-08-18,1554.0,4.0,0.0
all,T:Protection Paladin | H:Preservation Evoker | D:Unholy DeathKnight | D:Balance Druid | D:Arcane Mage,3,-2.09,11.0,-5.8,10.2,-6.5,-15.883,10.57,1616.0,Altar of Fangs,10,2026-08-18,2172.0,9.0,0.0
all,T:Protection Paladin | H:Holy Priest | D:BeastMastery Hunter | D:Elemental Shaman | D:Destruction Warlock,2,-2.09,10.5,8.4,21.7,8.4,-15.883,10.57,1409.0,Voidscar Arena,10,2026-08-19,1713.0,6.5,0.0
all,T:Vengeance DemonHunter | H:Discipline Priest | D:Arcane Mage | D:Outlaw Rogue | D:Elemental Shaman,1,-2.09,10.0,19.0,19.0,19.0,-15.883,10.57,1458.0,Altar of Fangs,10,2026-08-19,1458.0,4.0,0.0
all,T:Guardian Druid | H:Restoration Shaman | D:Havoc DemonHunter | D:Devastation Evoker | D:Marksmanship Hunter,1,-2.09,10.0,19.0,19.0,19.0,-15.883,10.57,1555.0,Den of Nalorakk,10,2026-08-18,1555.0,0.0,0.0
all,T:Blood DeathKnight | H:Discipline Priest | D:Devourer DemonHunter | D:Feral Druid | D:BeastMastery Hunter,1,-2.09,10.0,19.0,19.0,19.0,-15.883,10.57,1458.0,The Blinding Vale,10,2026-08-19,1458.0,13.0,0.0
all,T:Protection Paladin | H:Discipline Priest | D:Marksmanship Hunter | D:Subtlety Rogue | D:Destruction Warlock,1,-2.09,11.0,-12.8,-12.8,-12.8,-15.883,10.57,2301.0,Murder Row,11,2026-08-19,2301.0,11.0,0.0
all,T:Blood DeathKnight | H:Preservation Evoker | D:Devastation Evoker | D:Marksmanship Hunter | D:Retribution Paladin,1,-2.09,11.0,-12.8,-12.8,-12.8,-15.883,10.57,2233.0,Kings' Rest,11,2026-08-19,2233.0,26.0,0.0
all,T:Blood DeathKnight | H:Preservation Evoker | D:Shadow Priest | D:Elemental Shaman | D:Arms Warrior,1,-2.09,10.0,19.0,19.0,19.0,-15.883,10.57,1361.0,Ruby Life Pools,10,2026-08-18,1361.0,2.0,0.0
all,T:Protection Paladin | H:Preservation Evoker | D:Devourer DemonHunter | D:Balance Druid | D:Outlaw Rogue,4,-2.1,10.5,10.9,27.0,15.8,-15.883,10.57,1401.0,Den of Nalorakk,10,2026-08-18,1566.0,11.25,0.0
all,T:Blood DeathKnight | H:Holy Priest | D:Arcane Mage | D:Elemental Shaman | D:Destruction Warlock,1,-2.11,11.0,-12.9,-12.9,-12.9,-15.883,10.57,2032.0,Voidscar Arena,11,2026-08-18,2032.0,13.0,0.0
all,T:Blood DeathKnight | H:Restoration Shaman | D:Balance Druid | D:Arcane Mage | D:Demonology Warlock,1,-2.11,10.0,18.9,18.9,18.9,-15.883,10.57,1605.0,Kings' Rest,10,2026-08-18,1605.0,9.0,0.0
all,T:Protection Paladin | H:Holy Paladin | D:Feral Druid | D:BeastMastery Hunter | D:Assassination Rogue,1,-2.11,10.0,18.9,18.9,18.9,-15.883,10.57,1558.0,Temple of Sethraliss,10,2026-08-18,1558.0,2.0,0.0
all,T:Blood DeathKnight | H:Restoration Shaman | D:Frost DeathKnight | D:Subtlety Rogue | D:Arms Warrior,1,-2.11,10.0,18.9,18.9,18.9,-15.883,10.57,1654.0,Murder Row,10,2026-08-19,1654.0,4.0,0.0
all,T:Protection Warrior | H:Discipline Priest | D:Havoc DemonHunter | D:Elemental Shaman | D:Demonology Warlock,3,-2.11,10.7,4.7,19.8,16.1,-15.883,10.57,1540.0,Den of Nalorakk,10,2026-08-19,1661.0,11.33,0.0
all,T:Protection Warrior | H:Mistweaver Monk | D:Feral Druid | D:Devastation Evoker | D:Demonology Warlock,1,-2.11,10.0,18.9,18.9,18.9,-15.883,10.57,1460.0,The Blinding Vale,10,2026-08-18,1460.0,4.0,0.0
all,T:Protection Warrior | H:Discipline Priest | D:Balance Druid | D:Marksmanship Hunter | D:Retribution Paladin,1,-2.11,10.0,18.9,18.9,18.9,-15.883,10.57,1460.0,Voidscar Arena,10,2026-08-18,1460.0,3.0,0.0
all,T:Blood DeathKnight | H:Holy Priest | D:Devourer DemonHunter | D:Balance Druid | D:Enhancement Shaman,1,-2.11,10.0,18.9,18.9,18.9,-15.883,10.57,1459.0,Voidscar Arena,10,2026-08-18,1459.0,1.0,0.0
all,T:Blood DeathKnight | H:Restoration Shaman | D:Arcane Mage | D:Retribution Paladin | D:Outlaw Rogue,1,-2.11,10.0,18.9,18.9,18.9,-15.883,10.57,1556.0,Den of Nalorakk,10,2026-08-18,1556.0,0.0,0.0
all,T:Blood DeathKnight | H:Restoration Druid | D:Devastation Evoker | D:Arcane Mage | D:Fury Warrior,1,-2.11,10.0,18.9,18.9,18.9,-15.883,10.57,1459.0,The Blinding Vale,10,2026-08-18,1459.0,7.0,0.0
all,T:Blood DeathKnight | H:Restoration Druid | D:BeastMastery Hunter | D:Elemental Shaman | D:Arms Warrior,2,-2.11,10.5,8.2,29.8,8.2,-15.883,10.57,1347.0,Temple of Sethraliss,10,2026-08-19,1795.0,14.5,0.0
all,T:Guardian Druid | H:Restoration Druid | D:Devastation Evoker | D:Marksmanship Hunter | D:Windwalker Monk,1,-2.11,10.0,18.9,18.9,18.9,-15.883,10.57,1654.0,Murder Row,10,2026-08-18,1654.0,4.0,0.0
all,T:Guardian Druid | H:Restoration Druid | D:Unholy DeathKnight | D:Windwalker Monk | D:Outlaw Rogue,1,-2.11,10.0,18.9,18.9,18.9,-15.883,10.57,1605.0,Kings' Rest,10,2026-08-19,1605.0,6.0,0.0
all,T:Protection Paladin | H:Preservation Evoker | D:Frost DeathKnight | D:Unholy DeathKnight | D:Balance Druid,1,-2.11,10.0,18.9,18.9,18.9,-15.883,10.57,1557.0,Temple of Sethraliss,10,2026-08-19,1557.0,4.0,0.0
all,T:Protection Paladin | H:Preservation Evoker | D:Assassination Rogue | D:Elemental Shaman | D:Enhancement Shaman,2,-2.11,10.0,24.2,25.1,24.2,-15.883,10.57,1439.0,Den of Nalorakk,10,2026-08-18,1365.0,0.0,0.0
all,T:Protection Paladin | H:Preservation Evoker | D:Frost DeathKnight | D:Balance Druid | D:Elemental Shaman,1,-2.12,10.0,18.8,18.8,18.8,-15.883,10.57,1364.0,Ruby Life Pools,10,2026-08-18,1364.0,1.0,0.0
all,T:Blood DeathKnight | H:Mistweaver Monk | D:Unholy DeathKnight | D:BeastMastery Hunter | D:Elemental Shaman,1,-2.12,10.0,18.8,18.8,18.8,-15.883,10.57,1462.0,Voidscar Arena,10,2026-08-19,1462.0,8.0,0.0
all,T:Protection Warrior | H:Restoration Druid | D:Unholy DeathKnight | D:Unholy DeathKnight | D:Devastation Evoker,2,-2.12,10.0,24.1,27.7,24.1,-15.883,10.57,1301.0,Voidscar Arena,10,2026-08-18,1414.0,2.5,0.0
all,T:Brewmaster Monk | H:Restoration Shaman | D:Subtlety Rogue | D:Arms Warrior | D:Fury Warrior,1,-2.12,10.0,18.8,18.8,18.8,-15.883,10.57,1558.0,Den of Nalorakk,10,2026-08-18,1558.0,5.0,0.0
all,T:Blood DeathKnight | H:Restoration Shaman | D:Frost DeathKnight | D:Balance Druid | D:Subtlety Rogue,1,-2.12,10.0,18.8,18.8,18.8,-15.883,10.57,1608.0,Kings' Rest,10,2026-08-19,1608.0,1.0,0.0
all,T:Protection Paladin | H:Restoration Shaman | D:Survival Hunter | D:Elemental Shaman | D:Arms Warrior,2,-2.13,11.0,-7.7,23.6,-7.7,-15.883,10.57,1375.0,Voidscar Arena,11,2026-08-18,1938.0,13.0,0.0
all,T:Guardian Druid | H:Mistweaver Monk | D:Arcane Mage | D:Shadow Priest | D:Destruction Warlock,2,-2.13,11.0,-7.7,22.7,-7.7,-15.883,10.57,1578.0,Murder Row,10,2026-08-18,2032.0,13.0,0.0
all,T:Protection Warrior | H:Holy Paladin | D:Unholy DeathKnight | D:Windwalker Monk | D:Subtlety Rogue,3,-2.13,10.7,4.7,19.9,-0.2,-15.883,10.57,1538.0,Temple of Sethraliss,10,2026-08-18,1803.0,7.0,0.0
all,T:Brewmaster Monk | H:Holy Paladin | D:Fire Mage | D:Shadow Priest | D:Elemental Shaman,2,-2.13,10.5,8.2,9.6,8.2,-15.883,10.57,1627.0,Altar of Fangs,10,2026-08-18,1764.0,1.0,0.0
all,T:Protection Paladin | H:Preservation Evoker | D:Frost DeathKnight | D:Subtlety Rogue | D:Elemental Shaman,1,-2.14,10.0,18.7,18.7,18.7,-15.883,10.57,1463.0,The Blinding Vale,10,2026-08-18,1463.0,7.0,0.0
all,T:Blood DeathKnight | H:Restoration Shaman | D:Havoc DemonHunter | D:Augmentation Evoker | D:Windwalker Monk,1,-2.14,10.0,18.7,18.7,18.7,-15.883,10.57,1366.0,Ruby Life Pools,10,2026-08-19,1366.0,0.0,0.0
all,T:Blood DeathKnight | H:Restoration Shaman | D:Retribution Paladin | D:Destruction Warlock | D:Fury Warrior,1,-2.14,10.0,18.7,18.7,18.7,-15.883,10.57,1366.0,Ruby Life Pools,10,2026-08-19,1366.0,2.0,0.0
all,T:Blood DeathKnight | H:Discipline Priest | D:Marksmanship Hunter | D:Subtlety Rogue | D:Destruction Warlock,1,-2.14,10.0,18.7,18.7,18.7,-15.883,10.57,1463.0,Voidscar Arena,10,2026-08-18,1463.0,6.0,0.0
all,T:Protection Paladin | H:Restoration Shaman | D:Devourer DemonHunter | D:Survival Hunter | D:Windwalker Monk,1,-2.14,10.0,18.7,18.7,18.7,-15.883,10.57,1463.0,The Blinding Vale,10,2026-08-19,1463.0,1.0,0.0
all,T:Blood DeathKnight | H:Preservation Evoker | D:Balance Druid | D:Arcane Mage | D:Subtlety Rogue,1,-2.14,10.0,18.7,18.7,18.7,-15.883,10.57,1366.0,Ruby Life Pools,10,2026-08-18,1366.0,0.0,0.0
all,T:Protection Paladin | H:Holy Paladin | D:Balance Druid | D:Frost Mage | D:Arms Warrior,1,-2.14,10.0,18.7,18.7,18.7,-15.883,10.57,1658.0,Murder Row,10,2026-08-18,1658.0,3.0,0.0
all,T:Protection Paladin | H:Holy Paladin | D:Frost DeathKnight | D:Arcane Mage | D:Fury Warrior,1,-2.14,10.0,18.7,18.7,18.7,-15.883,10.57,1463.0,Voidscar Arena,10,2026-08-18,1463.0,3.0,0.0
all,T:Vengeance DemonHunter | H:Restoration Shaman | D:Unholy DeathKnight | D:Retribution Paladin | D:Enhancement Shaman,1,-2.14,11.0,-13.1,-13.1,-13.1,-15.883,10.57,2035.0,The Blinding Vale,11,2026-08-18,2035.0,21.0,0.0
all,T:Guardian Druid | H:Holy Paladin | D:Unholy DeathKnight | D:Windwalker Monk | D:Arms Warrior,1,-2.14,10.0,18.7,18.7,18.7,-15.883,10.57,1610.0,Kings' Rest,10,2026-08-19,1610.0,1.0,0.0
all,T:Blood DeathKnight | H:Holy Paladin | D:Feral Druid | D:Arcane Mage | D:Windwalker Monk,1,-2.14,10.0,18.7,18.7,18.7,-15.883,10.57,1561.0,Temple of Sethraliss,10,2026-08-18,1561.0,1.0,0.0
all,T:Vengeance DemonHunter | H:Preservation Evoker | D:Balance Druid | D:Balance Druid | D:Devastation Evoker,5,-2.15,10.0,27.2,30.4,27.5,-15.883,10.57,1420.0,Murder Row,10,2026-08-18,1386.0,4.2,0.0
all,T:Vengeance DemonHunter | H:Preservation Evoker | D:BeastMastery Hunter | D:Retribution Paladin | D:Enhancement Shaman,4,-2.15,10.5,10.8,22.1,15.8,-15.883,10.57,1403.0,Voidscar Arena,10,2026-08-18,1565.0,8.25,0.0
all,T:Blood DeathKnight | H:Restoration Shaman | D:Fire Mage | D:Shadow Priest | D:Demonology Warlock,1,-2.16,10.0,18.6,18.6,18.6,-15.883,10.57,1368.0,Ruby Life Pools,10,2026-08-19,1368.0,0.0,0.0
all,T:Protection Paladin | H:Holy Priest | D:Balance Druid | D:Arcane Mage | D:Retribution Paladin,1,-2.16,11.0,-13.2,-13.2,-13.2,-15.883,10.57,2038.0,The Blinding Vale,11,2026-08-18,2038.0,15.0,0.0
all,T:Protection Warrior | H:Mistweaver Monk | D:Arcane Mage | D:Windwalker Monk | D:Arms Warrior,1,-2.16,10.0,18.6,18.6,18.6,-15.883,10.57,1466.0,The Blinding Vale,10,2026-08-18,1466.0,9.0,0.0
all,T:Brewmaster Monk | H:Holy Paladin | D:Unholy DeathKnight | D:BeastMastery Hunter | D:Arms Warrior,1,-2.16,10.0,18.6,18.6,18.6,-15.883,10.57,1466.0,The Blinding Vale,10,2026-08-18,1466.0,3.0,0.0
all,T:Blood DeathKnight | H:Holy Paladin | D:Arcane Mage | D:Shadow Priest | D:Fury Warrior,1,-2.16,11.0,-13.2,-13.2,-13.2,-15.883,10.57,2037.0,The Blinding Vale,11,2026-08-19,2037.0,5.0,0.0
all,T:Blood DeathKnight | H:Mistweaver Monk | D:Balance Druid | D:Arcane Mage | D:Retribution Paladin,1,-2.16,10.0,18.6,18.6,18.6,-15.883,10.57,1563.0,Den of Nalorakk,10,2026-08-19,1563.0,5.0,0.0
all,T:Blood DeathKnight | H:Discipline Priest | D:Balance Druid | D:Arcane Mage | D:Elemental Shaman,2,-2.16,11.0,-7.8,-7.6,-7.8,-15.883,10.57,2195.0,Murder Row,11,2026-08-18,2134.0,19.5,0.0
all,T:Guardian Druid | H:Restoration Shaman | D:Subtlety Rogue | D:Affliction Warlock | D:Demonology Warlock,1,-2.17,10.0,18.5,18.5,18.5,-15.883,10.57,1468.0,Altar of Fangs,10,2026-08-18,1468.0,0.0,0.0
all,T:Blood DeathKnight | H:Discipline Priest | D:Unholy DeathKnight | D:BeastMastery Hunter | D:Marksmanship Hunter,1,-2.17,10.0,18.5,18.5,18.5,-15.883,10.57,1613.0,Kings' Rest,10,2026-08-18,1613.0,4.0,0.0
all,T:Brewmaster Monk | H:Restoration Shaman | D:Retribution Paladin | D:Elemental Shaman | D:Arms Warrior,1,-2.17,10.0,18.5,18.5,18.5,-15.883,10.57,1614.0,Kings' Rest,10,2026-08-19,1614.0,4.0,0.0
all,T:Protection Paladin | H:Holy Priest | D:BeastMastery Hunter | D:Retribution Paladin | D:Shadow Priest,1,-2.17,10.0,18.5,18.5,18.5,-15.883,10.57,1565.0,Temple of Sethraliss,10,2026-08-19,1565.0,1.0,0.0
all,T:Vengeance DemonHunter | H:Holy Priest | D:Augmentation Evoker | D:Arcane Mage | D:Retribution Paladin,1,-2.17,10.0,18.5,18.5,18.5,-15.883,10.57,1565.0,Temple of Sethraliss,10,2026-08-19,1565.0,2.0,0.0
all,T:Guardian Druid | H:Restoration Shaman | D:Arcane Mage | D:Assassination Rogue | D:Arms Warrior,2,-2.17,10.5,8.0,13.7,8.0,-15.883,10.57,1657.0,Den of Nalorakk,10,2026-08-19,1707.0,9.0,0.0
all,T:Vengeance DemonHunter | H:Holy Paladin | D:Unholy DeathKnight | D:Windwalker Monk | D:Demonology Warlock,2,-2.18,10.0,23.9,27.4,23.9,-15.883,10.57,1480.0,Murder Row,10,2026-08-18,1457.0,3.5,0.0
all,T:Protection Paladin | H:Restoration Shaman | D:Subtlety Rogue | D:Enhancement Shaman | D:Arms Warrior,1,-2.18,11.0,-13.3,-13.3,-13.3,-15.883,10.57,2039.0,Voidscar Arena,11,2026-08-19,2039.0,19.0,0.0
all,T:Protection Warrior | H:Holy Paladin | D:Devourer DemonHunter | D:Balance Druid | D:Assassination Rogue,2,-2.18,10.0,23.9,27.3,23.9,-15.883,10.57,1397.0,Temple of Sethraliss,10,2026-08-19,1462.0,0.5,0.0
all,T:Protection Warrior | H:Restoration Shaman | D:Devastation Evoker | D:Devastation Evoker | D:Arms Warrior,1,-2.19,10.0,18.4,18.4,18.4,-15.883,10.57,1566.0,Temple of Sethraliss,10,2026-08-18,1566.0,2.0,0.0
all,T:Blood DeathKnight | H:Restoration Shaman | D:Balance Druid | D:Arcane Mage | D:Enhancement Shaman,1,-2.19,10.0,18.4,18.4,18.4,-15.883,10.57,1616.0,Kings' Rest,10,2026-08-18,1616.0,6.0,0.0
all,T:Vengeance DemonHunter | H:Restoration Shaman | D:Devastation Evoker | D:Arcane Mage | D:Demonology Warlock,3,-2.19,10.0,25.7,29.5,24.0,-15.883,10.57,1395.0,Kings' Rest,10,2026-08-19,1395.0,5.67,0.0
all,T:Protection Paladin | H:Holy Paladin | D:Unholy DeathKnight | D:Survival Hunter | D:Windwalker Monk,1,-2.19,10.0,18.4,18.4,18.4,-15.883,10.57,1468.0,The Blinding Vale,10,2026-08-18,1468.0,2.0,0.0
all,T:Blood DeathKnight | H:Mistweaver Monk | D:Feral Druid | D:BeastMastery Hunter | D:Arms Warrior,1,-2.19,10.0,18.4,18.4,18.4,-15.883,10.57,1469.0,The Blinding Vale,10,2026-08-19,1469.0,1.0,0.0
all,T:Blood DeathKnight | H:Restoration Shaman | D:Unholy DeathKnight | D:Arcane Mage | D:Destruction Warlock,3,-2.19,10.3,15.1,18.6,17.2,-15.883,10.57,1465.0,Voidscar Arena,10,2026-08-18,1639.0,5.0,0.0
all,T:Brewmaster Monk | H:Discipline Priest | D:Unholy DeathKnight | D:Arcane Mage | D:Arcane Mage,1,-2.19,10.0,18.4,18.4,18.4,-15.883,10.57,1567.0,Temple of Sethraliss,10,2026-08-19,1567.0,4.0,0.0
all,T:Protection Paladin | H:Discipline Priest | D:Arcane Mage | D:Arcane Mage | D:Arms Warrior,1,-2.19,10.0,18.4,18.4,18.4,-15.883,10.57,1469.0,Altar of Fangs,10,2026-08-19,1469.0,0.0,0.0
all,T:Vengeance DemonHunter | H:Restoration Shaman | D:Balance Druid | D:Balance Druid | D:Affliction Warlock,1,-2.19,10.0,18.4,18.4,18.4,-15.883,10.57,1568.0,Den of Nalorakk,10,2026-08-18,1568.0,1.0,0.0
all,T:Blood DeathKnight | H:Holy Paladin | D:Balance Druid | D:Devastation Evoker | D:BeastMastery Hunter,4,-2.2,10.0,26.6,32.3,25.9,-15.883,10.57,1218.0,Voidscar Arena,10,2026-08-19,1432.0,3.0,0.0
all,T:Protection Warrior | H:Discipline Priest | D:Unholy DeathKnight | D:Demonology Warlock | D:Arms Warrior,2,-2.2,11.0,-8.0,0.1,-8.0,-15.883,10.57,2038.0,Murder Row,11,2026-08-19,2132.0,15.5,0.0
all,T:Blood DeathKnight | H:Restoration Shaman | D:Balance Druid | D:Windwalker Monk | D:Arms Warrior,3,-2.2,10.3,15.1,26.2,20.2,-15.883,10.57,1461.0,Kings' Rest,10,2026-08-19,1461.0,6.67,0.0
all,T:Blood DeathKnight | H:Restoration Shaman | D:Augmentation Evoker | D:Windwalker Monk | D:Assassination Rogue,1,-2.21,10.0,18.3,18.3,18.3,-15.883,10.57,1471.0,The Blinding Vale,10,2026-08-19,1471.0,2.0,0.0
all,T:Guardian Druid | H:Holy Priest | D:Unholy DeathKnight | D:Devourer DemonHunter | D:Enhancement Shaman,1,-2.21,10.0,18.3,18.3,18.3,-15.883,10.57,1568.0,Temple of Sethraliss,10,2026-08-18,1568.0,2.0,0.0
all,T:Protection Paladin | H:Holy Priest | D:Elemental Shaman | D:Arms Warrior | D:Arms Warrior,1,-2.21,11.0,-13.5,-13.5,-13.5,-15.883,10.57,2315.0,Murder Row,11,2026-08-19,2315.0,11.0,0.0
all,T:Blood DeathKnight | H:Holy Priest | D:Arcane Mage | D:Shadow Priest | D:Arms Warrior,5,-2.21,10.0,27.1,33.0,26.4,-15.883,10.57,1125.0,Ruby Life Pools,10,2026-08-19,1332.0,3.4,0.0
all,T:Blood DeathKnight | H:Holy Paladin | D:Feral Druid | D:BeastMastery Hunter | D:Arms Warrior,1,-2.21,10.0,18.3,18.3,18.3,-15.883,10.57,1373.0,Ruby Life Pools,10,2026-08-18,1373.0,4.0,0.0
all,T:Blood DeathKnight | H:Holy Paladin | D:Balance Druid | D:Arcane Mage | D:Destruction Warlock,1,-2.21,10.0,18.3,18.3,18.3,-15.883,10.57,1470.0,The Blinding Vale,10,2026-08-18,1470.0,1.0,0.0
all,T:Blood DeathKnight | H:Mistweaver Monk | D:Arcane Mage | D:Arcane Mage | D:Retribution Paladin,1,-2.21,11.0,-13.5,-13.5,-13.5,-15.883,10.57,1907.0,Ruby Life Pools,11,2026-08-19,1907.0,24.0,0.0
all,T:Protection Paladin | H:Holy Paladin | D:Devastation Evoker | D:Arcane Mage | D:Arms Warrior,1,-2.21,10.0,18.3,18.3,18.3,-15.883,10.57,1470.0,Voidscar Arena,10,2026-08-18,1470.0,1.0,0.0
all,T:Brewmaster Monk | H:Restoration Druid | D:Arcane Mage | D:Retribution Paladin | D:Subtlety Rogue,3,-2.21,10.7,4.5,14.6,6.6,-15.883,10.57,1639.0,Den of Nalorakk,10,2026-08-18,1793.0,6.0,0.0
all,T:Protection Warrior | H:Mistweaver Monk | D:Devastation Evoker | D:Arcane Mage | D:Assassination Rogue,1,-2.21,10.0,18.3,18.3,18.3,-15.883,10.57,1617.0,Kings' Rest,10,2026-08-18,1617.0,5.0,0.0
all,T:Brewmaster Monk | H:Preservation Evoker | D:Augmentation Evoker | D:Marksmanship Hunter | D:Enhancement Shaman,1,-2.22,10.0,18.2,18.2,18.2,-15.883,10.57,1570.0,Temple of Sethraliss,10,2026-08-18,1570.0,7.0,0.0
all,T:Guardian Druid | H:Restoration Shaman | D:Unholy DeathKnight | D:Havoc DemonHunter | D:Arms Warrior,1,-2.22,10.0,18.2,18.2,18.2,-15.883,10.57,1472.0,Voidscar Arena,10,2026-08-18,1472.0,13.0,0.0
all,T:Protection Paladin | H:Preservation Evoker | D:BeastMastery Hunter | D:Arcane Mage | D:Demonology Warlock,1,-2.22,10.0,18.2,18.2,18.2,-15.883,10.57,1374.0,Ruby Life Pools,10,2026-08-18,1374.0,7.0,0.0
all,T:Blood DeathKnight | H:Restoration Shaman | D:Arcane Mage | D:Subtlety Rogue | D:Arms Warrior,7,-2.22,10.6,9.6,25.1,17.9,-15.883,10.57,1482.0,Kings' Rest,10,2026-08-18,1602.0,8.0,0.0
all,T:Guardian Druid | H:Restoration Shaman | D:Balance Druid | D:BeastMastery Hunter | D:Windwalker Monk,1,-2.22,10.0,18.2,18.2,18.2,-15.883,10.57,1473.0,Voidscar Arena,10,2026-08-19,1473.0,16.0,0.0
all,T:Blood DeathKnight | H:Discipline Priest | D:Arcane Mage | D:Arcane Mage | D:Arms Warrior,1,-2.22,10.0,18.2,18.2,18.2,-15.883,10.57,1571.0,Den of Nalorakk,10,2026-08-19,1571.0,5.0,0.0
all,T:Blood DeathKnight | H:Holy Paladin | D:Frost DeathKnight | D:Marksmanship Hunter | D:Subtlety Rogue,2,-2.22,10.0,23.8,28.6,23.8,-15.883,10.57,1371.0,Temple of Sethraliss,10,2026-08-18,1512.0,4.0,0.0
all,T:Protection Warrior | H:Holy Paladin | D:Feral Druid | D:Fire Mage | D:Elemental Shaman,1,-2.22,10.0,18.2,18.2,18.2,-15.883,10.57,1571.0,Den of Nalorakk,10,2026-08-18,1571.0,3.0,0.0
all,T:Protection Warrior | H:Holy Priest | D:Devastation Evoker | D:Devastation Evoker | D:Arms Warrior,1,-2.22,10.0,18.2,18.2,18.2,-15.883,10.57,1373.0,Ruby Life Pools,10,2026-08-18,1373.0,2.0,0.0
all,T:Blood DeathKnight | H:Holy Paladin | D:Havoc DemonHunter | D:Retribution Paladin | D:Arms Warrior,1,-2.22,10.0,18.2,18.2,18.2,-15.883,10.57,1620.0,Kings' Rest,10,2026-08-19,1620.0,0.0,0.0
all,T:Vengeance DemonHunter | H:Holy Paladin | D:Unholy DeathKnight | D:Balance Druid | D:Marksmanship Hunter,1,-2.22,10.0,18.2,18.2,18.2,-15.883,10.57,1473.0,The Blinding Vale,10,2026-08-19,1473.0,1.0,0.0
all,T:Protection Paladin | H:Restoration Shaman | D:Balance Druid | D:Elemental Shaman | D:Enhancement Shaman,7,-2.22,10.1,23.2,36.4,24.5,-15.883,10.57,1298.0,Murder Row,10,2026-08-18,1434.0,4.43,0.0
all,T:Protection Warrior | H:Holy Paladin | D:BeastMastery Hunter | D:Shadow Priest | D:Elemental Shaman,1,-2.22,10.0,18.2,18.2,18.2,-15.883,10.57,1472.0,Altar of Fangs,10,2026-08-18,1472.0,1.0,0.0
all,T:Protection Paladin | H:Discipline Priest | D:Unholy DeathKnight | D:Devourer DemonHunter | D:BeastMastery Hunter,1,-2.23,11.0,-13.6,-13.6,-13.6,-15.883,10.57,2181.0,Temple of Sethraliss,11,2026-08-18,2181.0,16.0,0.0
all,T:Blood DeathKnight | H:Discipline Priest | D:Devastation Evoker | D:Affliction Warlock | D:Demonology Warlock,2,-2.23,10.5,7.8,16.6,7.8,-15.883,10.57,1602.0,Den of Nalorakk,10,2026-08-18,1648.0,12.0,0.0
all,T:Blood DeathKnight | H:Holy Paladin | D:Retribution Paladin | D:Subtlety Rogue | D:Elemental Shaman,1,-2.24,11.0,-13.7,-13.7,-13.7,-15.883,10.57,2046.0,Altar of Fangs,11,2026-08-19,2046.0,24.0,0.0
all,T:Blood DeathKnight | H:Mistweaver Monk | D:Frost DeathKnight | D:Devastation Evoker | D:Demonology Warlock,1,-2.24,10.0,18.1,18.1,18.1,-15.883,10.57,1375.0,Ruby Life Pools,10,2026-08-18,1375.0,4.0,0.0
all,T:Protection Paladin | H:Mistweaver Monk | D:Devastation Evoker | D:Marksmanship Hunter | D:Elemental Shaman,1,-2.24,10.0,18.1,18.1,18.1,-15.883,10.57,1572.0,Temple of Sethraliss,10,2026-08-19,1572.0,2.0,0.0
all,T:Protection Warrior | H:Holy Priest | D:BeastMastery Hunter | D:Subtlety Rogue | D:Elemental Shaman,1,-2.24,11.0,-13.7,-13.7,-13.7,-15.883,10.57,2046.0,Altar of Fangs,11,2026-08-18,2046.0,17.0,0.0
all,T:Protection Warrior | H:Discipline Priest | D:Marksmanship Hunter | D:Arcane Mage | D:Assassination Rogue,1,-2.24,11.0,-13.7,-13.7,-13.7,-15.883,10.57,2046.0,Altar of Fangs,11,2026-08-19,2046.0,13.0,0.0
all,T:Protection Paladin | H:Mistweaver Monk | D:BeastMastery Hunter | D:Windwalker Monk | D:Fury Warrior,1,-2.24,10.0,18.1,18.1,18.1,-15.883,10.57,1572.0,Den of Nalorakk,10,2026-08-19,1572.0,2.0,0.0
all,T:Brewmaster Monk | H:Holy Paladin | D:Unholy DeathKnight | D:Arcane Mage | D:Demonology Warlock,1,-2.24,10.0,18.1,18.1,18.1,-15.883,10.57,1375.0,Ruby Life Pools,10,2026-08-18,1375.0,2.0,0.0
all,T:Blood DeathKnight | H:Preservation Evoker | D:Unholy DeathKnight | D:Marksmanship Hunter | D:Arms Warrior,1,-2.24,10.0,18.1,18.1,18.1,-15.883,10.57,1474.0,Altar of Fangs,10,2026-08-18,1474.0,9.0,0.0
all,T:Protection Paladin | H:Restoration Shaman | D:Devourer DemonHunter | D:Outlaw Rogue | D:Enhancement Shaman,1,-2.24,10.0,18.1,18.1,18.1,-15.883,10.57,1376.0,Ruby Life Pools,10,2026-08-19,1376.0,1.0,0.0
all,T:Guardian Druid | H:Restoration Shaman | D:Subtlety Rogue | D:Demonology Warlock | D:Demonology Warlock,1,-2.24,10.0,18.1,18.1,18.1,-15.883,10.57,1474.0,The Blinding Vale,10,2026-08-18,1474.0,2.0,0.0
all,T:Vengeance DemonHunter | H:Holy Paladin | D:BeastMastery Hunter | D:Destruction Warlock | D:Arms Warrior,1,-2.24,10.0,18.1,18.1,18.1,-15.883,10.57,1573.0,Den of Nalorakk,10,2026-08-18,1573.0,2.0,0.0
all,T:Vengeance DemonHunter | H:Holy Paladin | D:Outlaw Rogue | D:Enhancement Shaman | D:Arms Warrior,1,-2.24,10.0,18.1,18.1,18.1,-15.883,10.57,1621.0,Kings' Rest,10,2026-08-18,1621.0,0.0,0.0
all,T:Blood DeathKnight | H:Restoration Shaman | D:Windwalker Monk | D:Assassination Rogue | D:Arms Warrior,1,-2.26,10.0,18.0,18.0,18.0,-15.883,10.57,1476.0,Voidscar Arena,10,2026-08-18,1476.0,6.0,0.0
all,T:Protection Warrior | H:Restoration Druid | D:Retribution Paladin | D:Retribution Paladin | D:Fury Warrior,1,-2.26,10.0,18.0,18.0,18.0,-15.883,10.57,1475.0,The Blinding Vale,10,2026-08-18,1475.0,2.0,0.0
all,T:Blood DeathKnight | H:Holy Paladin | D:Marksmanship Hunter | D:Demonology Warlock | D:Fury Warrior,1,-2.26,10.0,18.0,18.0,18.0,-15.883,10.57,1575.0,Den of Nalorakk,10,2026-08-19,1575.0,2.0,0.0
all,T:Protection Paladin | H:Mistweaver Monk | D:Arcane Mage | D:Retribution Paladin | D:Elemental Shaman,1,-2.26,10.0,18.0,18.0,18.0,-15.883,10.57,1476.0,Altar of Fangs,10,2026-08-19,1476.0,4.0,0.0
all,T:Brewmaster Monk | H:Restoration Shaman | D:Marksmanship Hunter | D:Shadow Priest | D:Subtlety Rogue,1,-2.26,10.0,18.0,18.0,18.0,-15.883,10.57,1574.0,Temple of Sethraliss,10,2026-08-18,1574.0,1.0,0.0
all,T:Brewmaster Monk | H:Restoration Shaman | D:Devastation Evoker | D:Outlaw Rogue | D:Elemental Shaman,1,-2.26,10.0,18.0,18.0,18.0,-15.883,10.57,1574.0,Den of Nalorakk,10,2026-08-18,1574.0,1.0,0.0
all,T:Protection Paladin | H:Restoration Shaman | D:Balance Druid | D:Subtlety Rogue | D:Arms Warrior,1,-2.26,10.0,18.0,18.0,18.0,-15.883,10.57,1476.0,The Blinding Vale,10,2026-08-19,1476.0,0.0,0.0
all,T:Blood DeathKnight | H:Restoration Shaman | D:Unholy DeathKnight | D:Unholy DeathKnight | D:Fury Warrior,1,-2.26,10.0,18.0,18.0,18.0,-15.883,10.57,1476.0,Voidscar Arena,10,2026-08-18,1476.0,5.0,0.0
all,T:Protection Warrior | H:Mistweaver Monk | D:BeastMastery Hunter | D:Windwalker Monk | D:Demonology Warlock,1,-2.26,10.0,18.0,18.0,18.0,-15.883,10.57,1623.0,Kings' Rest,10,2026-08-18,1623.0,11.0,0.0
all,T:Guardian Druid | H:Holy Paladin | D:Survival Hunter | D:Demonology Warlock | D:Arms Warrior,1,-2.26,10.0,18.0,18.0,18.0,-15.883,10.57,1623.0,Kings' Rest,10,2026-08-18,1623.0,0.0,0.0
all,T:Protection Paladin | H:Restoration Shaman | D:Unholy DeathKnight | D:Devastation Evoker | D:Arms Warrior,1,-2.26,11.0,-13.8,-13.8,-13.8,-15.883,10.57,2048.0,Voidscar Arena,11,2026-08-19,2048.0,14.0,0.0
all,T:Protection Paladin | H:Restoration Druid | D:Unholy DeathKnight | D:BeastMastery Hunter | D:Arms Warrior,1,-2.26,10.0,18.0,18.0,18.0,-15.883,10.57,1574.0,Den of Nalorakk,10,2026-08-18,1574.0,5.0,0.0
all,T:Vengeance DemonHunter | H:Discipline Priest | D:Arcane Mage | D:Subtlety Rogue | D:Arms Warrior,1,-2.26,10.0,18.0,18.0,18.0,-15.883,10.57,1476.0,Altar of Fangs,10,2026-08-19,1476.0,3.0,0.0
all,T:Blood DeathKnight | H:Discipline Priest | D:Unholy DeathKnight | D:Balance Druid | D:Arms Warrior,1,-2.26,10.0,18.0,18.0,18.0,-15.883,10.57,1477.0,Voidscar Arena,10,2026-08-18,1477.0,3.0,0.0
all,T:Blood DeathKnight | H:Discipline Priest | D:Frost Mage | D:Affliction Warlock | D:Arms Warrior,1,-2.26,10.0,18.0,18.0,18.0,-15.883,10.57,1575.0,Temple of Sethraliss,10,2026-08-18,1575.0,7.0,0.0
all,T:Vengeance DemonHunter | H:Restoration Shaman | D:Unholy DeathKnight | D:Survival Hunter | D:Arms Warrior,1,-2.26,10.0,18.0,18.0,18.0,-15.883,10.57,1476.0,The Blinding Vale,10,2026-08-18,1476.0,6.0,0.0
all,T:Blood DeathKnight | H:Restoration Shaman | D:Havoc DemonHunter | D:Balance Druid | D:Subtlety Rogue,1,-2.27,10.0,17.9,17.9,17.9,-15.883,10.57,1478.0,The Blinding Vale,10,2026-08-18,1478.0,2.0,0.0
all,T:Protection Paladin | H:Restoration Shaman | D:Balance Druid | D:Windwalker Monk | D:Outlaw Rogue,1,-2.27,10.0,17.9,17.9,17.9,-15.883,10.57,1478.0,Altar of Fangs,10,2026-08-18,1478.0,0.0,0.0
all,T:Protection Warrior | H:Restoration Druid | D:Windwalker Monk | D:Assassination Rogue | D:Elemental Shaman,1,-2.27,10.0,17.9,17.9,17.9,-15.883,10.57,1478.0,Voidscar Arena,10,2026-08-18,1478.0,4.0,0.0
all,T:Protection Paladin | H:Holy Paladin | D:Arcane Mage | D:Demonology Warlock | D:Arms Warrior,1,-2.27,10.0,17.9,17.9,17.9,-15.883,10.57,1577.0,Temple of Sethraliss,10,2026-08-18,1577.0,1.0,0.0
all,T:Protection Paladin | H:Discipline Priest | D:BeastMastery Hunter | D:Frost Mage | D:Windwalker Monk,1,-2.27,10.0,17.9,17.9,17.9,-15.883,10.57,1626.0,Kings' Rest,10,2026-08-19,1626.0,1.0,0.0
all,T:Guardian Druid | H:Mistweaver Monk | D:Balance Druid | D:BeastMastery Hunter | D:Arms Warrior,1,-2.27,10.0,17.9,17.9,17.9,-15.883,10.57,1577.0,Den of Nalorakk,10,2026-08-18,1577.0,2.0,0.0
all,T:Blood DeathKnight | H:Restoration Shaman | D:Unholy DeathKnight | D:BeastMastery Hunter | D:Arcane Mage,1,-2.28,11.0,-13.9,-13.9,-13.9,-15.883,10.57,2324.0,Murder Row,11,2026-08-18,2324.0,12.0,0.0
all,T:Guardian Druid | H:Restoration Shaman | D:Arcane Mage | D:Windwalker Monk | D:Arms Warrior,3,-2.28,10.7,4.3,15.0,6.8,-15.883,10.57,1631.0,Den of Nalorakk,10,2026-08-18,1901.0,7.67,0.0
all,T:Blood DeathKnight | H:Restoration Shaman | D:Balance Druid | D:Devastation Evoker | D:Shadow Priest,1,-2.28,11.0,-13.9,-13.9,-13.9,-15.883,10.57,1914.0,Ruby Life Pools,11,2026-08-19,1914.0,8.0,0.0
all,T:Blood DeathKnight | H:Preservation Evoker | D:Marksmanship Hunter | D:Windwalker Monk | D:Elemental Shaman,5,-2.28,10.2,20.6,24.0,23.5,-15.883,10.57,1550.0,Murder Row,10,2026-08-18,1480.0,3.4,0.0
all,T:Blood DeathKnight | H:Holy Priest | D:Balance Druid | D:Elemental Shaman | D:Demonology Warlock,1,-2.29,10.0,17.8,17.8,17.8,-15.883,10.57,1480.0,Voidscar Arena,10,2026-08-19,1480.0,4.0,0.0
all,T:Vengeance DemonHunter | H:Restoration Druid | D:Balance Druid | D:Marksmanship Hunter | D:Demonology Warlock,1,-2.29,10.0,17.8,17.8,17.8,-15.883,10.57,1380.0,Ruby Life Pools,10,2026-08-18,1380.0,2.0,0.0
all,T:Blood DeathKnight | H:Holy Paladin | D:Feral Druid | D:Assassination Rogue | D:Elemental Shaman,1,-2.29,10.0,17.8,17.8,17.8,-15.883,10.57,1480.0,Altar of Fangs,10,2026-08-18,1480.0,0.0,0.0
all,T:Blood DeathKnight | H:Restoration Shaman | D:Frost DeathKnight | D:Balance Druid | D:Arcane Mage,1,-2.29,10.0,17.8,17.8,17.8,-15.883,10.57,1381.0,Ruby Life Pools,10,2026-08-19,1381.0,2.0,0.0
all,T:Blood DeathKnight | H:Holy Paladin | D:Balance Druid | D:Survival Hunter | D:Arcane Mage,1,-2.29,10.0,17.8,17.8,17.8,-15.883,10.57,1380.0,Ruby Life Pools,10,2026-08-18,1380.0,0.0,0.0
all,T:Vengeance DemonHunter | H:Holy Paladin | D:Balance Druid | D:Retribution Paladin | D:Enhancement Shaman,1,-2.29,10.0,17.8,17.8,17.8,-15.883,10.57,1382.0,Ruby Life Pools,10,2026-08-19,1382.0,8.0,0.0
all,T:Vengeance DemonHunter | H:Holy Priest | D:Frost DeathKnight | D:Arms Warrior | D:Fury Warrior,1,-2.29,10.0,17.8,17.8,17.8,-15.883,10.57,1579.0,Temple of Sethraliss,10,2026-08-19,1579.0,2.0,0.0
all,T:Blood DeathKnight | H:Restoration Shaman | D:Marksmanship Hunter | D:Outlaw Rogue | D:Arms Warrior,3,-2.3,10.3,14.8,27.1,19.3,-15.883,10.57,1312.0,Voidscar Arena,10,2026-08-18,1550.0,3.67,0.0
all,T:Blood DeathKnight | H:Holy Paladin | D:Balance Druid | D:Arcane Mage | D:Windwalker Monk,6,-2.3,10.7,6.1,24.0,6.6,-15.883,10.57,1367.0,The Blinding Vale,10,2026-08-18,1736.0,9.17,0.0
all,T:Protection Paladin | H:Restoration Shaman | D:Arcane Mage | D:Assassination Rogue | D:Demonology Warlock,1,-2.31,10.0,17.7,17.7,17.7,-15.883,10.57,1481.0,The Blinding Vale,10,2026-08-19,1481.0,6.0,0.0
all,T:Blood DeathKnight | H:Restoration Druid | D:Balance Druid | D:Arcane Mage | D:Shadow Priest,1,-2.31,11.0,-14.1,-14.1,-14.1,-15.883,10.57,2328.0,Murder Row,11,2026-08-18,2328.0,17.0,0.0
all,T:Protection Paladin | H:Preservation Evoker | D:Devourer DemonHunter | D:Survival Hunter | D:Demonology Warlock,1,-2.31,10.0,17.7,17.7,17.7,-15.883,10.57,1579.0,Den of Nalorakk,10,2026-08-19,1579.0,4.0,0.0
all,T:Blood DeathKnight | H:Restoration Shaman | D:Arcane Mage | D:Arcane Mage | D:Destruction Warlock,1,-2.31,11.0,-14.1,-14.1,-14.1,-15.883,10.57,2258.0,Kings' Rest,11,2026-08-18,2258.0,23.0,0.0
all,T:Blood DeathKnight | H:Discipline Priest | D:Marksmanship Hunter | D:Outlaw Rogue | D:Enhancement Shaman,1,-2.31,10.0,17.7,17.7,17.7,-15.883,10.57,1482.0,Voidscar Arena,10,2026-08-18,1482.0,10.0,0.0
all,T:Guardian Druid | H:Holy Priest | D:Arcane Mage | D:Retribution Paladin | D:Arms Warrior,1,-2.31,10.0,17.7,17.7,17.7,-15.883,10.57,1481.0,Voidscar Arena,10,2026-08-19,1481.0,2.0,0.0
all,T:Brewmaster Monk | H:Holy Paladin | D:BeastMastery Hunter | D:Shadow Priest | D:Fury Warrior,1,-2.31,10.0,17.7,17.7,17.7,-15.883,10.57,1482.0,The Blinding Vale,10,2026-08-18,1482.0,0.0,0.0
all,T:Protection Warrior | H:Holy Paladin | D:Frost DeathKnight | D:Marksmanship Hunter | D:Frost Mage,1,-2.31,10.0,17.7,17.7,17.7,-15.883,10.57,1580.0,Temple of Sethraliss,10,2026-08-19,1580.0,9.0,0.0
all,T:Protection Warrior | H:Restoration Shaman | D:Devastation Evoker | D:Retribution Paladin | D:Demonology Warlock,1,-2.31,10.0,17.7,17.7,17.7,-15.883,10.57,1482.0,Altar of Fangs,10,2026-08-18,1482.0,3.0,0.0
all,T:Guardian Druid | H:Restoration Shaman | D:Unholy DeathKnight | D:Arcane Mage | D:Demonology Warlock,1,-2.31,10.0,17.7,17.7,17.7,-15.883,10.57,1580.0,Temple of Sethraliss,10,2026-08-19,1580.0,2.0,0.0
all,T:Blood DeathKnight | H:Discipline Priest | D:Devourer DemonHunter | D:Arcane Mage | D:Fury Warrior,1,-2.31,10.0,17.7,17.7,17.7,-15.883,10.57,1482.0,The Blinding Vale,10,2026-08-18,1482.0,3.0,0.0
all,T:Blood DeathKnight | H:Holy Paladin | D:Augmentation Evoker | D:Arcane Mage | D:Arms Warrior,1,-2.31,10.0,17.7,17.7,17.7,-15.883,10.57,1580.0,Den of Nalorakk,10,2026-08-18,1580.0,2.0,0.0
all,T:Blood DeathKnight | H:Mistweaver Monk | D:Retribution Paladin | D:Outlaw Rogue | D:Elemental Shaman,1,-2.32,10.0,17.6,17.6,17.6,-15.883,10.57,1483.0,Altar of Fangs,10,2026-08-19,1483.0,2.0,0.0
all,T:Protection Paladin | H:Holy Paladin | D:Balance Druid | D:Elemental Shaman | D:Arms Warrior,1,-2.32,10.0,17.6,17.6,17.6,-15.883,10.57,1484.0,Altar of Fangs,10,2026-08-19,1484.0,5.0,0.0
all,T:Blood DeathKnight | H:Restoration Druid | D:BeastMastery Hunter | D:Survival Hunter | D:Arcane Mage,1,-2.32,10.0,17.6,17.6,17.6,-15.883,10.57,1631.0,Kings' Rest,10,2026-08-19,1631.0,4.0,0.0
all,T:Blood DeathKnight | H:Mistweaver Monk | D:Devastation Evoker | D:Retribution Paladin | D:Demonology Warlock,1,-2.32,10.0,17.6,17.6,17.6,-15.883,10.57,1482.0,Altar of Fangs,10,2026-08-19,1482.0,4.0,0.0
all,T:Protection Warrior | H:Holy Paladin | D:Unholy DeathKnight | D:Retribution Paladin | D:Demonology Warlock,5,-2.32,10.8,1.5,21.7,4.2,-15.883,10.57,1503.0,Temple of Sethraliss,10,2026-08-18,1897.0,4.4,0.0
all,T:Protection Paladin | H:Holy Paladin | D:Frost DeathKnight | D:Devourer DemonHunter | D:Devastation Evoker,1,-2.32,10.0,17.6,17.6,17.6,-15.883,10.57,1483.0,Voidscar Arena,10,2026-08-18,1483.0,0.0,0.0
all,T:Blood DeathKnight | H:Holy Paladin | D:Unholy DeathKnight | D:Retribution Paladin | D:Retribution Paladin,1,-2.32,10.0,17.6,17.6,17.6,-15.883,10.57,1483.0,Altar of Fangs,10,2026-08-18,1483.0,2.0,0.0
all,T:Vengeance DemonHunter | H:Holy Paladin | D:BeastMastery Hunter | D:Subtlety Rogue | D:Destruction Warlock,1,-2.32,10.0,17.6,17.6,17.6,-15.883,10.57,1384.0,Ruby Life Pools,10,2026-08-18,1384.0,0.0,0.0
all,T:Blood DeathKnight | H:Discipline Priest | D:Balance Druid | D:Elemental Shaman | D:Arms Warrior,1,-2.33,11.0,-14.2,-14.2,-14.2,-15.883,10.57,2193.0,Den of Nalorakk,11,2026-08-19,2193.0,24.0,0.0
all,T:Blood DeathKnight | H:Holy Paladin | D:BeastMastery Hunter | D:Outlaw Rogue | D:Arms Warrior,1,-2.34,10.0,17.5,17.5,17.5,-15.883,10.57,1584.0,Temple of Sethraliss,10,2026-08-18,1584.0,4.0,0.0
all,T:Protection Paladin | H:Mistweaver Monk | D:Marksmanship Hunter | D:Elemental Shaman | D:Fury Warrior,2,-2.34,10.0,23.4,24.8,23.4,-15.883,10.57,1353.0,Altar of Fangs,10,2026-08-18,1473.0,0.0,0.0
all,T:Guardian Druid | H:Holy Priest | D:Devourer DemonHunter | D:Elemental Shaman | D:Destruction Warlock,1,-2.34,10.0,17.5,17.5,17.5,-15.883,10.57,1584.0,Den of Nalorakk,10,2026-08-19,1584.0,3.0,0.0
all,T:Protection Paladin | H:Holy Priest | D:Marksmanship Hunter | D:Retribution Paladin | D:Enhancement Shaman,3,-2.34,10.0,25.3,25.9,25.1,-15.883,10.57,1467.0,Kings' Rest,10,2026-08-18,1352.0,2.67,0.0
all,T:Blood DeathKnight | H:Restoration Shaman | D:Devourer DemonHunter | D:Balance Druid | D:Arms Warrior,6,-2.34,10.5,11.4,18.5,13.3,-15.883,10.57,1369.0,Ruby Life Pools,10,2026-08-18,1665.0,6.5,0.0
all,T:Blood DeathKnight | H:Preservation Evoker | D:Arcane Mage | D:Subtlety Rogue | D:Destruction Warlock,1,-2.34,11.0,-14.3,-14.3,-14.3,-15.883,10.57,2057.0,The Blinding Vale,11,2026-08-18,2057.0,15.0,0.0
all,T:Vengeance DemonHunter | H:Holy Paladin | D:Devourer DemonHunter | D:Retribution Paladin | D:Shadow Priest,1,-2.34,11.0,-14.3,-14.3,-14.3,-15.883,10.57,2332.0,Murder Row,11,2026-08-18,2332.0,17.0,0.0
all,T:Vengeance DemonHunter | H:Restoration Shaman | D:Shadow Priest | D:Elemental Shaman | D:Arms Warrior,1,-2.34,10.0,17.5,17.5,17.5,-15.883,10.57,1633.0,Kings' Rest,10,2026-08-18,1633.0,3.0,0.0
all,T:Vengeance DemonHunter | H:Restoration Shaman | D:Augmentation Evoker | D:Windwalker Monk | D:Arms Warrior,1,-2.34,10.0,17.5,17.5,17.5,-15.883,10.57,1484.0,Voidscar Arena,10,2026-08-19,1484.0,5.0,0.0
all,T:Protection Warrior | H:Holy Priest | D:Frost DeathKnight | D:Havoc DemonHunter | D:Elemental Shaman,1,-2.34,10.0,17.5,17.5,17.5,-15.883,10.57,1583.0,Den of Nalorakk,10,2026-08-19,1583.0,2.0,0.0
all,T:Blood DeathKnight | H:Holy Paladin | D:Devourer DemonHunter | D:Survival Hunter | D:Enhancement Shaman,1,-2.34,10.0,17.5,17.5,17.5,-15.883,10.57,1584.0,Den of Nalorakk,10,2026-08-18,1584.0,2.0,0.0
all,T:Protection Warrior | H:Preservation Evoker | D:Devourer DemonHunter | D:Balance Druid | D:Demonology Warlock,3,-2.35,10.3,14.7,21.2,20.8,-15.883,10.57,1419.0,The Blinding Vale,10,2026-08-19,1419.0,10.0,0.0
all,T:Blood DeathKnight | H:Holy Paladin | D:Havoc DemonHunter | D:BeastMastery Hunter | D:Windwalker Monk,3,-2.35,10.7,4.1,21.4,10.8,-15.883,10.57,1509.0,Temple of Sethraliss,10,2026-08-19,1509.0,12.33,0.0
all,T:Blood DeathKnight | H:Mistweaver Monk | D:Devourer DemonHunter | D:Devastation Evoker | D:Destruction Warlock,1,-2.36,10.0,17.4,17.4,17.4,-15.883,10.57,1487.0,The Blinding Vale,10,2026-08-19,1487.0,2.0,0.0
all,T:Guardian Druid | H:Restoration Shaman | D:BeastMastery Hunter | D:Marksmanship Hunter | D:Frost Mage,1,-2.36,10.0,17.4,17.4,17.4,-15.883,10.57,1487.0,The Blinding Vale,10,2026-08-18,1487.0,5.0,0.0
all,T:Protection Paladin | H:Holy Paladin | D:Unholy DeathKnight | D:Balance Druid | D:Marksmanship Hunter,1,-2.36,10.0,17.4,17.4,17.4,-15.883,10.57,1487.0,The Blinding Vale,10,2026-08-19,1487.0,7.0,0.0
all,T:Protection Paladin | H:Mistweaver Monk | D:Frost DeathKnight | D:Devourer DemonHunter | D:Arcane Mage,2,-2.36,11.0,-8.5,15.3,-8.5,-15.883,10.57,1524.0,Voidscar Arena,11,2026-08-18,2112.0,14.0,0.0
all,T:Guardian Druid | H:Holy Paladin | D:Shadow Priest | D:Subtlety Rogue | D:Enhancement Shaman,1,-2.36,11.0,-14.4,-14.4,-14.4,-15.883,10.57,2059.0,Voidscar Arena,11,2026-08-18,2059.0,15.0,0.0
all,T:Blood DeathKnight | H:Discipline Priest | D:Balance Druid | D:Arcane Mage | D:Subtlety Rogue,1,-2.37,10.0,17.3,17.3,17.3,-15.883,10.57,1588.0,Temple of Sethraliss,10,2026-08-18,1588.0,4.0,0.0
all,T:Blood DeathKnight | H:Restoration Shaman | D:Unholy DeathKnight | D:Windwalker Monk | D:Retribution Paladin,1,-2.37,10.0,17.3,17.3,17.3,-15.883,10.57,1488.0,Voidscar Arena,10,2026-08-18,1488.0,13.0,0.0
all,T:Brewmaster Monk | H:Preservation Evoker | D:Shadow Priest | D:Subtlety Rogue | D:Demonology Warlock,1,-2.37,10.0,17.3,17.3,17.3,-15.883,10.57,1588.0,Temple of Sethraliss,10,2026-08-18,1588.0,6.0,0.0
all,T:Blood DeathKnight | H:Mistweaver Monk | D:Frost DeathKnight | D:Devourer DemonHunter | D:Elemental Shaman,1,-2.37,10.0,17.3,17.3,17.3,-15.883,10.57,1588.0,Temple of Sethraliss,10,2026-08-18,1588.0,7.0,0.0
all,T:Blood DeathKnight | H:Preservation Evoker | D:BeastMastery Hunter | D:Destruction Warlock | D:Arms Warrior,1,-2.37,10.0,17.3,17.3,17.3,-15.883,10.57,1489.0,Voidscar Arena,10,2026-08-19,1489.0,9.0,0.0
all,T:Protection Warrior | H:Restoration Shaman | D:Devourer DemonHunter | D:Arcane Mage | D:Demonology Warlock,2,-2.37,10.0,23.2,26.4,23.2,-15.883,10.57,1457.0,Kings' Rest,10,2026-08-18,1543.0,0.5,0.0
all,T:Blood DeathKnight | H:Restoration Druid | D:Devastation Evoker | D:Arcane Mage | D:Windwalker Monk,1,-2.37,10.0,17.3,17.3,17.3,-15.883,10.57,1489.0,The Blinding Vale,10,2026-08-19,1489.0,7.0,0.0
all,T:Brewmaster Monk | H:Restoration Druid | D:Devourer DemonHunter | D:Retribution Paladin | D:Enhancement Shaman,2,-2.37,10.5,7.4,19.5,7.4,-15.883,10.57,1643.0,Murder Row,10,2026-08-19,1764.0,4.5,0.0
all,T:Blood DeathKnight | H:Restoration Shaman | D:Unholy DeathKnight | D:Marksmanship Hunter | D:Subtlety Rogue,1,-2.37,10.0,17.3,17.3,17.3,-15.883,10.57,1488.0,Voidscar Arena,10,2026-08-19,1488.0,5.0,0.0
all,T:Guardian Druid | H:Discipline Priest | D:Windwalker Monk | D:Retribution Paladin | D:Demonology Warlock,1,-2.37,10.0,17.3,17.3,17.3,-15.883,10.57,1587.0,Den of Nalorakk,10,2026-08-18,1587.0,0.0,0.0
all,T:Brewmaster Monk | H:Restoration Shaman | D:BeastMastery Hunter | D:BeastMastery Hunter | D:Arms Warrior,1,-2.37,10.0,17.3,17.3,17.3,-15.883,10.57,1489.0,Voidscar Arena,10,2026-08-18,1489.0,5.0,0.0
all,T:Vengeance DemonHunter | H:Restoration Shaman | D:BeastMastery Hunter | D:BeastMastery Hunter | D:Shadow Priest,1,-2.38,11.0,-14.5,-14.5,-14.5,-15.883,10.57,2061.0,Voidscar Arena,11,2026-08-18,2061.0,13.0,0.0
all,T:Blood DeathKnight | H:Restoration Shaman | D:Balance Druid | D:Retribution Paladin | D:Arms Warrior,3,-2.38,10.3,14.6,22.0,17.8,-15.883,10.57,1404.0,Voidscar Arena,10,2026-08-19,1577.0,4.33,0.0
all,T:Protection Warrior | H:Holy Paladin | D:Devastation Evoker | D:Arcane Mage | D:Retribution Paladin,2,-2.38,10.0,23.2,24.6,23.2,-15.883,10.57,1448.0,Temple of Sethraliss,10,2026-08-18,1428.0,1.5,0.0
all,T:Guardian Druid | H:Preservation Evoker | D:Unholy DeathKnight | D:Arcane Mage | D:Elemental Shaman,2,-2.38,10.0,23.2,27.5,23.2,-15.883,10.57,1393.0,Temple of Sethraliss,10,2026-08-19,1426.0,4.5,0.0
all,T:Blood DeathKnight | H:Preservation Evoker | D:BeastMastery Hunter | D:Enhancement Shaman | D:Affliction Warlock,1,-2.38,11.0,-14.5,-14.5,-14.5,-15.883,10.57,2198.0,Temple of Sethraliss,11,2026-08-19,2198.0,15.0,0.0
all,T:Blood DeathKnight | H:Mistweaver Monk | D:BeastMastery Hunter | D:Elemental Shaman | D:Arms Warrior,1,-2.38,11.0,-14.5,-14.5,-14.5,-15.883,10.57,2061.0,Voidscar Arena,11,2026-08-18,2061.0,22.0,0.0
all,T:Blood DeathKnight | H:Restoration Shaman | D:Devourer DemonHunter | D:Shadow Priest | D:Arms Warrior,2,-2.38,10.0,23.2,25.7,23.2,-15.883,10.57,1338.0,Voidscar Arena,10,2026-08-18,1478.0,8.5,0.0
all,T:Vengeance DemonHunter | H:Restoration Shaman | D:Unholy DeathKnight | D:Balance Druid | D:Elemental Shaman,1,-2.39,10.0,17.2,17.2,17.2,-15.883,10.57,1491.0,Voidscar Arena,10,2026-08-19,1491.0,2.0,0.0
all,T:Brewmaster Monk | H:Holy Paladin | D:Devourer DemonHunter | D:Elemental Shaman | D:Demonology Warlock,1,-2.39,10.0,17.2,17.2,17.2,-15.883,10.57,1639.0,Kings' Rest,10,2026-08-18,1639.0,4.0,0.0
all,T:Protection Warrior | H:Preservation Evoker | D:Balance Druid | D:Arcane Mage | D:Windwalker Monk,1,-2.39,11.0,-14.6,-14.6,-14.6,-15.883,10.57,2062.0,Altar of Fangs,11,2026-08-19,2062.0,13.0,0.0
all,T:Guardian Druid | H:Holy Paladin | D:Arcane Mage | D:Elemental Shaman | D:Demonology Warlock,1,-2.39,10.0,17.2,17.2,17.2,-15.883,10.57,1491.0,The Blinding Vale,10,2026-08-19,1491.0,0.0,0.0
all,T:Brewmaster Monk | H:Restoration Shaman | D:Unholy DeathKnight | D:BeastMastery Hunter | D:BeastMastery Hunter,1,-2.39,10.0,17.2,17.2,17.2,-15.883,10.57,1590.0,Temple of Sethraliss,10,2026-08-18,1590.0,4.0,0.0
all,T:Blood DeathKnight | H:Restoration Shaman | D:BeastMastery Hunter | D:Survival Hunter | D:Arms Warrior,1,-2.39,10.0,17.2,17.2,17.2,-15.883,10.57,1589.0,Temple of Sethraliss,10,2026-08-19,1589.0,5.0,0.0
all,T:Blood DeathKnight | H:Discipline Priest | D:Survival Hunter | D:Retribution Paladin | D:Assassination Rogue,1,-2.39,10.0,17.2,17.2,17.2,-15.883,10.57,1490.0,Voidscar Arena,10,2026-08-18,1490.0,4.0,0.0
all,T:Protection Paladin | H:Discipline Priest | D:Marksmanship Hunter | D:Retribution Paladin | D:Shadow Priest,1,-2.39,10.0,17.2,17.2,17.2,-15.883,10.57,1589.0,Temple of Sethraliss,10,2026-08-19,1589.0,4.0,0.0
all,T:Vengeance DemonHunter | H:Discipline Priest | D:Balance Druid | D:Windwalker Monk | D:Subtlety Rogue,2,-2.39,10.0,23.2,25.4,23.2,-15.883,10.57,1522.0,Murder Row,10,2026-08-19,1472.0,3.0,0.0
all,T:Blood DeathKnight | H:Preservation Evoker | D:Devastation Evoker | D:BeastMastery Hunter | D:Marksmanship Hunter,1,-2.39,10.0,17.2,17.2,17.2,-15.883,10.57,1589.0,Temple of Sethraliss,10,2026-08-18,1589.0,9.0,0.0
all,T:Blood DeathKnight | H:Holy Priest | D:Havoc DemonHunter | D:Marksmanship Hunter | D:Demonology Warlock,1,-2.39,10.0,17.2,17.2,17.2,-15.883,10.57,1491.0,The Blinding Vale,10,2026-08-18,1491.0,2.0,0.0
all,T:Blood DeathKnight | H:Preservation Evoker | D:Unholy DeathKnight | D:Marksmanship Hunter | D:Arcane Mage,2,-2.39,10.0,23.2,24.5,23.2,-15.883,10.57,1495.0,Kings' Rest,10,2026-08-18,1451.0,2.5,0.0
all,T:Guardian Druid | H:Mistweaver Monk | D:Unholy DeathKnight | D:BeastMastery Hunter | D:Outlaw Rogue,3,-2.39,11.0,-6.6,3.6,-3.5,-15.883,10.57,1852.0,Temple of Sethraliss,11,2026-08-18,1986.0,20.33,0.0
all,T:Blood DeathKnight | H:Holy Paladin | D:Windwalker Monk | D:Assassination Rogue | D:Enhancement Shaman,1,-2.39,10.0,17.2,17.2,17.2,-15.883,10.57,1491.0,The Blinding Vale,10,2026-08-19,1491.0,8.0,0.0
all,T:Protection Paladin | H:Holy Priest | D:Arcane Mage | D:Subtlety Rogue | D:Elemental Shaman,1,-2.41,10.0,17.1,17.1,17.1,-15.883,10.57,1642.0,Kings' Rest,10,2026-08-19,1642.0,1.0,0.0
all,T:Blood DeathKnight | H:Restoration Shaman | D:Balance Druid | D:Frost Mage | D:Arms Warrior,3,-2.41,11.0,-6.7,7.4,4.5,-15.883,10.57,1779.0,Temple of Sethraliss,11,2026-08-19,1892.0,9.33,0.0
all,T:Protection Paladin | H:Holy Priest | D:Marksmanship Hunter | D:Arcane Mage | D:Shadow Priest,1,-2.41,10.0,17.1,17.1,17.1,-15.883,10.57,1493.0,The Blinding Vale,10,2026-08-18,1493.0,0.0,0.0
all,T:Blood DeathKnight | H:Holy Paladin | D:Balance Druid | D:BeastMastery Hunter | D:Enhancement Shaman,1,-2.41,10.0,17.1,17.1,17.1,-15.883,10.57,1493.0,The Blinding Vale,10,2026-08-19,1493.0,3.0,0.0
all,T:Blood DeathKnight | H:Restoration Shaman | D:Balance Druid | D:Balance Druid | D:Arcane Mage,1,-2.41,10.0,17.1,17.1,17.1,-15.883,10.57,1493.0,Voidscar Arena,10,2026-08-18,1493.0,1.0,0.0
all,T:Guardian Druid | H:Restoration Shaman | D:BeastMastery Hunter | D:Windwalker Monk | D:Arms Warrior,1,-2.41,11.0,-14.7,-14.7,-14.7,-15.883,10.57,2064.0,Altar of Fangs,11,2026-08-19,2064.0,22.0,0.0
all,T:Protection Paladin | H:Restoration Druid | D:Frost DeathKnight | D:Unholy DeathKnight | D:Fury Warrior,1,-2.42,10.0,17.0,17.0,17.0,-15.883,10.57,1593.0,Temple of Sethraliss,10,2026-08-18,1593.0,1.0,0.0
all,T:Blood DeathKnight | H:Preservation Evoker | D:Balance Druid | D:Arcane Mage | D:Demonology Warlock,2,-2.42,10.0,23.0,25.1,23.0,-15.883,10.57,1529.0,Murder Row,10,2026-08-19,1428.0,1.0,0.0
all,T:Blood DeathKnight | H:Preservation Evoker | D:Retribution Paladin | D:Assassination Rogue | D:Fury Warrior,1,-2.42,10.0,17.0,17.0,17.0,-15.883,10.57,1494.0,Altar of Fangs,10,2026-08-19,1494.0,6.0,0.0
all,T:Blood DeathKnight | H:Holy Paladin | D:Frost DeathKnight | D:BeastMastery Hunter | D:Destruction Warlock,1,-2.42,10.0,17.0,17.0,17.0,-15.883,10.57,1494.0,The Blinding Vale,10,2026-08-18,1494.0,0.0,0.0
all,T:Protection Warrior | H:Preservation Evoker | D:Havoc DemonHunter | D:Arcane Mage | D:Enhancement Shaman,1,-2.42,10.0,17.0,17.0,17.0,-15.883,10.57,1494.0,The Blinding Vale,10,2026-08-18,1494.0,12.0,0.0
all,T:Blood DeathKnight | H:Holy Paladin | D:Havoc DemonHunter | D:Balance Druid | D:Arcane Mage,1,-2.42,10.0,17.0,17.0,17.0,-15.883,10.57,1495.0,The Blinding Vale,10,2026-08-19,1495.0,7.0,0.0
all,T:Protection Warrior | H:Holy Paladin | D:Devourer DemonHunter | D:Balance Druid | D:Elemental Shaman,3,-2.42,10.3,14.5,22.3,11.6,-15.883,10.57,1539.0,Kings' Rest,10,2026-08-18,1539.0,7.67,0.0
all,T:Blood DeathKnight | H:Restoration Shaman | D:Windwalker Monk | D:Elemental Shaman | D:Arms Warrior,2,-2.43,10.5,7.2,29.7,7.2,-15.883,10.57,1266.0,The Blinding Vale,10,2026-08-19,1672.0,8.0,0.0
all,T:Protection Paladin | H:Mistweaver Monk | D:Devastation Evoker | D:Retribution Paladin | D:Retribution Paladin,1,-2.43,11.0,-14.8,-14.8,-14.8,-15.883,10.57,2067.0,Voidscar Arena,11,2026-08-19,2067.0,26.0,0.0
all,T:Protection Warrior | H:Restoration Shaman | D:Frost DeathKnight | D:BeastMastery Hunter | D:Affliction Warlock,2,-2.44,10.0,23.0,25.9,23.0,-15.883,10.57,1467.0,Kings' Rest,10,2026-08-18,1548.0,1.0,0.0
all,T:Blood DeathKnight | H:Preservation Evoker | D:Devourer DemonHunter | D:Balance Druid | D:Arms Warrior,2,-2.44,10.0,23.0,25.2,23.0,-15.883,10.57,1481.0,Kings' Rest,10,2026-08-18,1454.0,4.0,0.0
all,T:Protection Warrior | H:Holy Paladin | D:Unholy DeathKnight | D:BeastMastery Hunter | D:Marksmanship Hunter,1,-2.44,10.0,16.9,16.9,16.9,-15.883,10.57,1495.0,Voidscar Arena,10,2026-08-18,1495.0,4.0,0.0
all,T:Protection Paladin | H:Mistweaver Monk | D:Frost DeathKnight | D:Devastation Evoker | D:Windwalker Monk,1,-2.44,11.0,-14.9,-14.9,-14.9,-15.883,10.57,2068.0,Altar of Fangs,11,2026-08-18,2068.0,13.0,0.0
all,T:Blood DeathKnight | H:Holy Paladin | D:Unholy DeathKnight | D:Arcane Mage | D:Subtlety Rogue,2,-2.44,10.5,7.1,18.5,7.1,-15.883,10.57,1467.0,The Blinding Vale,10,2026-08-18,1610.0,7.5,0.0
all,T:Guardian Druid | H:Discipline Priest | D:Enhancement Shaman | D:Arms Warrior | D:Arms Warrior,1,-2.44,11.0,-14.9,-14.9,-14.9,-15.883,10.57,2067.0,Voidscar Arena,11,2026-08-19,2067.0,17.0,0.0
all,T:Blood DeathKnight | H:Preservation Evoker | D:Devourer DemonHunter | D:Marksmanship Hunter | D:Demonology Warlock,1,-2.44,10.0,16.9,16.9,16.9,-15.883,10.57,1497.0,Voidscar Arena,10,2026-08-19,1497.0,8.0,0.0
all,T:Protection Paladin | H:Discipline Priest | D:Devourer DemonHunter | D:BeastMastery Hunter | D:Arcane Mage,1,-2.44,10.0,16.9,16.9,16.9,-15.883,10.57,1595.0,Den of Nalorakk,10,2026-08-19,1595.0,1.0,0.0
all,T:Protection Paladin | H:Restoration Druid | D:Unholy DeathKnight | D:BeastMastery Hunter | D:Arcane Mage,4,-2.45,10.2,18.1,22.9,20.9,-15.883,10.57,1387.0,Voidscar Arena,10,2026-08-19,1542.0,2.5,0.0
all,T:Protection Paladin | H:Restoration Shaman | D:Arcane Mage | D:Retribution Paladin | D:Demonology Warlock,3,-2.45,10.0,25.0,30.0,24.6,-15.883,10.57,1260.0,Voidscar Arena,10,2026-08-18,1267.0,1.0,0.0
all,T:Protection Paladin | H:Restoration Shaman | D:Devourer DemonHunter | D:Marksmanship Hunter | D:Retribution Paladin,2,-2.45,10.0,23.0,23.5,23.0,-15.883,10.57,1561.0,Murder Row,10,2026-08-18,1432.0,1.0,0.0
all,T:Blood DeathKnight | H:Holy Paladin | D:Devastation Evoker | D:BeastMastery Hunter | D:Arms Warrior,1,-2.46,10.0,16.8,16.8,16.8,-15.883,10.57,1498.0,The Blinding Vale,10,2026-08-18,1498.0,1.0,0.0
all,T:Guardian Druid | H:Restoration Druid | D:Devastation Evoker | D:BeastMastery Hunter | D:Elemental Shaman,1,-2.46,10.0,16.8,16.8,16.8,-15.883,10.57,1497.0,Voidscar Arena,10,2026-08-19,1497.0,9.0,0.0
all,T:Protection Warrior | H:Restoration Shaman | D:Unholy DeathKnight | D:Devourer DemonHunter | D:Arms Warrior,1,-2.46,10.0,16.8,16.8,16.8,-15.883,10.57,1497.0,The Blinding Vale,10,2026-08-19,1497.0,2.0,0.0
all,T:Guardian Druid | H:Mistweaver Monk | D:Devastation Evoker | D:Marksmanship Hunter | D:Frost Mage,1,-2.46,10.0,16.8,16.8,16.8,-15.883,10.57,1498.0,Voidscar Arena,10,2026-08-18,1498.0,7.0,0.0
all,T:Protection Paladin | H:Restoration Druid | D:Balance Druid | D:Arcane Mage | D:Shadow Priest,1,-2.47,10.0,16.7,16.7,16.7,-15.883,10.57,1500.0,Altar of Fangs,10,2026-08-19,1500.0,4.0,0.0
all,T:Protection Warrior | H:Holy Paladin | D:Devourer DemonHunter | D:Devastation Evoker | D:Arcane Mage,1,-2.47,10.0,16.7,16.7,16.7,-15.883,10.57,1500.0,Altar of Fangs,10,2026-08-18,1500.0,8.0,0.0
all,T:Protection Paladin | H:Restoration Shaman | D:Havoc DemonHunter | D:Balance Druid | D:Assassination Rogue,1,-2.47,10.0,16.7,16.7,16.7,-15.883,10.57,1599.0,Den of Nalorakk,10,2026-08-18,1599.0,2.0,0.0
all,T:Protection Paladin | H:Mistweaver Monk | D:Devourer DemonHunter | D:Balance Druid | D:Arcane Mage,1,-2.47,10.0,16.7,16.7,16.7,-15.883,10.57,1499.0,Altar of Fangs,10,2026-08-19,1499.0,4.0,0.0
all,T:Guardian Druid | H:Discipline Priest | D:Retribution Paladin | D:Elemental Shaman | D:Demonology Warlock,1,-2.47,10.0,16.7,16.7,16.7,-15.883,10.57,1500.0,The Blinding Vale,10,2026-08-19,1500.0,0.0,0.0
all,T:Blood DeathKnight | H:Holy Paladin | D:Balance Druid | D:Outlaw Rogue | D:Elemental Shaman,1,-2.49,10.0,16.6,16.6,16.6,-15.883,10.57,1501.0,Voidscar Arena,10,2026-08-19,1501.0,17.0,0.0
all,T:Vengeance DemonHunter | H:Restoration Shaman | D:Survival Hunter | D:Arcane Mage | D:Assassination Rogue,2,-2.49,10.5,7.0,23.2,7.0,-15.883,10.57,1383.0,Voidscar Arena,10,2026-08-18,1676.0,11.0,0.0
all,T:Protection Paladin | H:Preservation Evoker | D:Devourer DemonHunter | D:Devastation Evoker | D:Subtlety Rogue,2,-2.49,11.0,-9.0,-0.6,-9.0,-15.883,10.57,1812.0,The Blinding Vale,11,2026-08-19,1891.0,8.0,0.0
all,T:Blood DeathKnight | H:Preservation Evoker | D:Devourer DemonHunter | D:Balance Druid | D:Devastation Evoker,1,-2.49,10.0,16.6,16.6,16.6,-15.883,10.57,1502.0,Altar of Fangs,10,2026-08-18,1502.0,10.0,0.0
all,T:Blood DeathKnight | H:Preservation Evoker | D:Frost DeathKnight | D:BeastMastery Hunter | D:Arcane Mage,1,-2.49,10.0,16.6,16.6,16.6,-15.883,10.57,1500.0,Altar of Fangs,10,2026-08-18,1500.0,2.0,0.0
all,T:Protection Paladin | H:Mistweaver Monk | D:Unholy DeathKnight | D:Devourer DemonHunter | D:Arcane Mage,4,-2.49,10.8,2.1,25.8,4.7,-15.883,10.57,1336.0,The Blinding Vale,10,2026-08-18,1782.0,12.5,0.0
all,T:Protection Paladin | H:Holy Paladin | D:Balance Druid | D:Augmentation Evoker | D:Devastation Evoker,1,-2.49,10.0,16.6,16.6,16.6,-15.883,10.57,1602.0,Den of Nalorakk,10,2026-08-18,1602.0,1.0,0.0
all,T:Protection Warrior | H:Preservation Evoker | D:BeastMastery Hunter | D:Subtlety Rogue | D:Demonology Warlock,1,-2.49,10.0,16.6,16.6,16.6,-15.883,10.57,1600.0,Den of Nalorakk,10,2026-08-18,1600.0,5.0,0.0
all,T:Blood DeathKnight | H:Mistweaver Monk | D:Devourer DemonHunter | D:Shadow Priest | D:Subtlety Rogue,1,-2.49,11.0,-15.2,-15.2,-15.2,-15.883,10.57,2350.0,Murder Row,11,2026-08-19,2350.0,32.0,0.0
all,T:Guardian Druid | H:Preservation Evoker | D:Balance Druid | D:Elemental Shaman | D:Destruction Warlock,1,-2.49,11.0,-15.2,-15.2,-15.2,-15.883,10.57,2281.0,Kings' Rest,11,2026-08-18,2281.0,19.0,0.0
all,T:Protection Paladin | H:Holy Paladin | D:Frost DeathKnight | D:Elemental Shaman | D:Elemental Shaman,1,-2.49,11.0,-15.2,-15.2,-15.2,-15.883,10.57,2281.0,Kings' Rest,11,2026-08-18,2281.0,12.0,0.0
all,T:Blood DeathKnight | H:Holy Priest | D:Balance Druid | D:Arcane Mage | D:Arms Warrior,2,-2.49,10.5,7.0,16.0,7.0,-15.883,10.57,1513.0,The Blinding Vale,10,2026-08-19,1676.0,10.5,0.0
all,T:Blood DeathKnight | H:Restoration Shaman | D:Unholy DeathKnight | D:Retribution Paladin | D:Subtlety Rogue,1,-2.49,11.0,-15.2,-15.2,-15.2,-15.883,10.57,2350.0,Murder Row,11,2026-08-19,2350.0,12.0,0.0
all,T:Brewmaster Monk | H:Restoration Druid | D:Unholy DeathKnight | D:BeastMastery Hunter | D:Arms Warrior,2,-2.49,10.5,7.0,22.2,7.0,-15.883,10.57,1306.0,Ruby Life Pools,10,2026-08-19,1628.0,9.0,0.0
all,T:Blood DeathKnight | H:Holy Priest | D:Retribution Paladin | D:Retribution Paladin | D:Demonology Warlock,2,-2.5,10.5,6.9,19.9,6.9,-15.883,10.57,1346.0,Ruby Life Pools,10,2026-08-18,1628.0,5.5,0.0
all,T:Protection Warrior | H:Restoration Shaman | D:Unholy DeathKnight | D:Devastation Evoker | D:Arcane Mage,3,-2.5,10.3,14.3,18.6,18.2,-15.883,10.57,1464.0,The Blinding Vale,10,2026-08-18,1473.0,5.0,0.0
all,T:Brewmaster Monk | H:Holy Paladin | D:Balance Druid | D:Destruction Warlock | D:Arms Warrior,1,-2.51,10.0,16.5,16.5,16.5,-15.883,10.57,1504.0,The Blinding Vale,10,2026-08-18,1504.0,2.0,0.0
all,T:Protection Warrior | H:Holy Paladin | D:Retribution Paladin | D:Outlaw Rogue | D:Destruction Warlock,1,-2.51,10.0,16.5,16.5,16.5,-15.883,10.57,1602.0,Den of Nalorakk,10,2026-08-18,1602.0,2.0,0.0
all,T:Vengeance DemonHunter | H:Holy Paladin | D:Survival Hunter | D:Retribution Paladin | D:Elemental Shaman,1,-2.51,11.0,-15.3,-15.3,-15.3,-15.883,10.57,2284.0,Kings' Rest,11,2026-08-19,2284.0,19.0,0.0
all,T:Vengeance DemonHunter | H:Restoration Shaman | D:Balance Druid | D:BeastMastery Hunter | D:Arcane Mage,1,-2.51,10.0,16.5,16.5,16.5,-15.883,10.57,1503.0,The Blinding Vale,10,2026-08-18,1503.0,3.0,0.0
all,T:Protection Warrior | H:Discipline Priest | D:Devastation Evoker | D:Subtlety Rogue | D:Arms Warrior,1,-2.51,11.0,-15.3,-15.3,-15.3,-15.883,10.57,2215.0,Den of Nalorakk,11,2026-08-18,2215.0,23.0,0.0
all,T:Blood DeathKnight | H:Mistweaver Monk | D:Unholy DeathKnight | D:Arcane Mage | D:Demonology Warlock,7,-2.51,10.3,18.2,28.8,19.9,-15.883,10.57,1197.0,Ruby Life Pools,10,2026-08-19,1555.0,6.57,0.0
all,T:Protection Warrior | H:Mistweaver Monk | D:Windwalker Monk | D:Subtlety Rogue | D:Demonology Warlock,1,-2.51,10.0,16.5,16.5,16.5,-15.883,10.57,1603.0,Den of Nalorakk,10,2026-08-18,1603.0,2.0,0.0
all,T:Blood DeathKnight | H:Mistweaver Monk | D:Unholy DeathKnight | D:Augmentation Evoker | D:Elemental Shaman,1,-2.51,11.0,-15.3,-15.3,-15.3,-15.883,10.57,2076.0,Voidscar Arena,11,2026-08-18,2076.0,14.0,0.0
all,T:Protection Warrior | H:Restoration Shaman | D:Balance Druid | D:Augmentation Evoker | D:Elemental Shaman,1,-2.51,10.0,16.5,16.5,16.5,-15.883,10.57,1504.0,Voidscar Arena,10,2026-08-18,1504.0,12.0,0.0
all,T:Guardian Druid | H:Restoration Shaman | D:BeastMastery Hunter | D:Elemental Shaman | D:Demonology Warlock,1,-2.51,10.0,16.5,16.5,16.5,-15.883,10.57,1504.0,The Blinding Vale,10,2026-08-18,1504.0,1.0,0.0
all,T:Blood DeathKnight | H:Mistweaver Monk | D:Arcane Mage | D:Retribution Paladin | D:Elemental Shaman,1,-2.52,10.0,16.4,16.4,16.4,-15.883,10.57,1505.0,Altar of Fangs,10,2026-08-19,1505.0,8.0,0.0
all,T:Protection Paladin | H:Holy Paladin | D:Augmentation Evoker | D:Elemental Shaman | D:Arms Warrior,2,-2.52,10.0,22.7,26.1,22.7,-15.883,10.57,1508.0,Murder Row,10,2026-08-18,1432.0,3.5,0.0
all,T:Protection Warrior | H:Discipline Priest | D:Devourer DemonHunter | D:Balance Druid | D:Elemental Shaman,1,-2.52,10.0,16.4,16.4,16.4,-15.883,10.57,1505.0,Voidscar Arena,10,2026-08-18,1505.0,10.0,0.0
all,T:Protection Paladin | H:Restoration Druid | D:Devourer DemonHunter | D:Marksmanship Hunter | D:Elemental Shaman,1,-2.52,10.0,16.4,16.4,16.4,-15.883,10.57,1504.0,Voidscar Arena,10,2026-08-18,1504.0,7.0,0.0
all,T:Protection Paladin | H:Restoration Druid | D:Havoc DemonHunter | D:Frost Mage | D:Arms Warrior,2,-2.53,10.5,6.8,19.3,6.8,-15.883,10.57,1452.0,The Blinding Vale,10,2026-08-18,1772.0,11.0,0.0
all,T:Guardian Druid | H:Holy Paladin | D:BeastMastery Hunter | D:Arcane Mage | D:Retribution Paladin,1,-2.53,11.0,-15.4,-15.4,-15.4,-15.883,10.57,2077.0,The Blinding Vale,11,2026-08-18,2077.0,15.0,0.0
all,T:Protection Warrior | H:Preservation Evoker | D:Arcane Mage | D:Enhancement Shaman | D:Fury Warrior,1,-2.54,10.0,16.3,16.3,16.3,-15.883,10.57,1507.0,The Blinding Vale,10,2026-08-19,1507.0,4.0,0.0
all,T:Blood DeathKnight | H:Holy Priest | D:Balance Druid | D:Arcane Mage | D:Demonology Warlock,3,-2.54,10.3,14.2,21.6,18.3,-15.883,10.57,1506.0,Temple of Sethraliss,10,2026-08-18,1506.0,4.0,0.0
all,T:Blood DeathKnight | H:Mistweaver Monk | D:Frost DeathKnight | D:Windwalker Monk | D:Elemental Shaman,2,-2.54,10.0,22.6,24.4,22.6,-15.883,10.57,1452.0,Den of Nalorakk,10,2026-08-18,1438.0,1.0,0.0
all,T:Blood DeathKnight | H:Restoration Shaman | D:Windwalker Monk | D:Assassination Rogue | D:Elemental Shaman,1,-2.54,10.0,16.3,16.3,16.3,-15.883,10.57,1506.0,Voidscar Arena,10,2026-08-18,1506.0,7.0,0.0
all,T:Vengeance DemonHunter | H:Restoration Shaman | D:BeastMastery Hunter | D:Arcane Mage | D:Arms Warrior,5,-2.54,10.6,7.4,17.7,12.9,-15.883,10.57,1481.0,The Blinding Vale,10,2026-08-18,1542.0,10.2,0.0
all,T:Protection Paladin | H:Restoration Shaman | D:Devourer DemonHunter | D:Arcane Mage | D:Elemental Shaman,1,-2.54,10.0,16.3,16.3,16.3,-15.883,10.57,1507.0,Altar of Fangs,10,2026-08-19,1507.0,0.0,0.0
all,T:Guardian Druid | H:Preservation Evoker | D:Devourer DemonHunter | D:Devourer DemonHunter | D:Augmentation Evoker,2,-2.55,10.0,22.6,23.6,22.6,-15.883,10.57,1512.0,Kings' Rest,10,2026-08-19,1556.0,0.5,0.0
all,T:Brewmaster Monk | H:Restoration Druid | D:BeastMastery Hunter | D:Subtlety Rogue | D:Elemental Shaman,2,-2.55,10.0,22.6,27.3,22.6,-15.883,10.57,1309.0,Voidscar Arena,10,2026-08-18,1443.0,6.5,0.0
all,T:Protection Paladin | H:Discipline Priest | D:Retribution Paladin | D:Subtlety Rogue | D:Elemental Shaman,1,-2.56,10.0,16.2,16.2,16.2,-15.883,10.57,1509.0,The Blinding Vale,10,2026-08-18,1509.0,6.0,0.0
all,T:Guardian Druid | H:Holy Paladin | D:Devourer DemonHunter | D:Elemental Shaman | D:Arms Warrior,1,-2.56,10.0,16.2,16.2,16.2,-15.883,10.57,1609.0,Den of Nalorakk,10,2026-08-19,1609.0,1.0,0.0
all,T:Protection Paladin | H:Restoration Shaman | D:Devastation Evoker | D:BeastMastery Hunter | D:Destruction Warlock,1,-2.56,10.0,16.2,16.2,16.2,-15.883,10.57,1508.0,The Blinding Vale,10,2026-08-19,1508.0,5.0,0.0
all,T:Protection Paladin | H:Restoration Shaman | D:Assassination Rogue | D:Enhancement Shaman | D:Arms Warrior,1,-2.56,10.0,16.2,16.2,16.2,-15.883,10.57,1508.0,The Blinding Vale,10,2026-08-19,1508.0,5.0,0.0
all,T:Blood DeathKnight | H:Restoration Shaman | D:Frost DeathKnight | D:Subtlety Rogue | D:Demonology Warlock,2,-2.56,11.0,-9.2,0.9,-9.2,-15.883,10.57,1902.0,Den of Nalorakk,11,2026-08-19,2024.0,11.5,0.0
all,T:Guardian Druid | H:Mistweaver Monk | D:Arcane Mage | D:Outlaw Rogue | D:Elemental Shaman,1,-2.57,10.0,16.1,16.1,16.1,-15.883,10.57,1510.0,Altar of Fangs,10,2026-08-19,1510.0,1.0,0.0
all,T:Guardian Druid | H:Restoration Shaman | D:Balance Druid | D:Frost Mage | D:Subtlety Rogue,1,-2.57,10.0,16.1,16.1,16.1,-15.883,10.57,1510.0,The Blinding Vale,10,2026-08-19,1510.0,0.0,0.0
all,T:Blood DeathKnight | H:Holy Priest | D:Frost DeathKnight | D:BeastMastery Hunter | D:Marksmanship Hunter,2,-2.57,10.5,6.6,18.7,6.6,-15.883,10.57,1609.0,Kings' Rest,10,2026-08-19,1753.0,9.0,0.0
all,T:Blood DeathKnight | H:Holy Priest | D:Devourer DemonHunter | D:Balance Druid | D:Marksmanship Hunter,1,-2.57,10.0,16.1,16.1,16.1,-15.883,10.57,1510.0,Altar of Fangs,10,2026-08-19,1510.0,2.0,0.0
all,T:Guardian Druid | H:Discipline Priest | D:Frost DeathKnight | D:Havoc DemonHunter | D:Demonology Warlock,1,-2.58,11.0,-15.7,-15.7,-15.7,-15.883,10.57,2082.0,Voidscar Arena,11,2026-08-18,2082.0,20.0,0.0
all,T:Blood DeathKnight | H:Restoration Shaman | D:Frost DeathKnight | D:Retribution Paladin | D:Shadow Priest,1,-2.58,11.0,-15.7,-15.7,-15.7,-15.883,10.57,2082.0,Voidscar Arena,11,2026-08-18,2082.0,28.0,0.0
all,T:Brewmaster Monk | H:Preservation Evoker | D:Devourer DemonHunter | D:Retribution Paladin | D:Demonology Warlock,1,-2.58,11.0,-15.7,-15.7,-15.7,-15.883,10.57,2083.0,Altar of Fangs,11,2026-08-19,2083.0,28.0,0.0
all,T:Protection Warrior | H:Preservation Evoker | D:Devourer DemonHunter | D:Demonology Warlock | D:Demonology Warlock,1,-2.58,11.0,-15.7,-15.7,-15.7,-15.883,10.57,2222.0,Temple of Sethraliss,11,2026-08-18,2222.0,31.0,0.0
all,T:Blood DeathKnight | H:Holy Paladin | D:Unholy DeathKnight | D:BeastMastery Hunter | D:Shadow Priest,1,-2.59,10.0,16.0,16.0,16.0,-15.883,10.57,1512.0,The Blinding Vale,10,2026-08-18,1512.0,1.0,0.0
all,T:Blood DeathKnight | H:Mistweaver Monk | D:Balance Druid | D:Survival Hunter | D:Subtlety Rogue,2,-2.59,10.0,22.5,23.6,22.5,-15.883,10.57,1468.0,Den of Nalorakk,10,2026-08-19,1442.0,2.0,0.0
all,T:Protection Paladin | H:Preservation Evoker | D:Havoc DemonHunter | D:Arcane Mage | D:Enhancement Shaman,1,-2.59,11.0,-15.8,-15.8,-15.8,-15.883,10.57,1946.0,Ruby Life Pools,11,2026-08-18,1946.0,26.0,0.0
all,T:Blood DeathKnight | H:Discipline Priest | D:Havoc DemonHunter | D:Arcane Mage | D:Retribution Paladin,1,-2.59,10.0,16.0,16.0,16.0,-15.883,10.57,1512.0,Altar of Fangs,10,2026-08-19,1512.0,2.0,0.0
all,T:Protection Paladin | H:Holy Paladin | D:Devourer DemonHunter | D:BeastMastery Hunter | D:Affliction Warlock,1,-2.59,11.0,-15.8,-15.8,-15.8,-15.883,10.57,2085.0,The Blinding Vale,11,2026-08-19,2085.0,15.0,0.0
all,T:Protection Paladin | H:Holy Paladin | D:Devourer DemonHunter | D:BeastMastery Hunter | D:Enhancement Shaman,2,-2.59,10.0,22.5,23.1,22.5,-15.883,10.57,1522.0,Kings' Rest,10,2026-08-18,1512.0,5.0,0.0
all,T:Blood DeathKnight | H:Restoration Shaman | D:Marksmanship Hunter | D:Subtlety Rogue | D:Arms Warrior,3,-2.59,10.3,14.0,29.1,25.1,-15.883,10.57,1361.0,Den of Nalorakk,10,2026-08-19,1361.0,14.67,0.0
all,T:Protection Paladin | H:Restoration Shaman | D:Devourer DemonHunter | D:Augmentation Evoker | D:Arms Warrior,5,-2.59,10.0,26.4,31.0,24.9,-15.883,10.57,1159.0,Ruby Life Pools,10,2026-08-18,1441.0,2.2,0.0
all,T:Blood DeathKnight | H:Mistweaver Monk | D:Balance Druid | D:BeastMastery Hunter | D:Enhancement Shaman,2,-2.6,10.5,6.6,20.0,6.6,-15.883,10.57,1584.0,Kings' Rest,10,2026-08-19,1754.0,16.0,0.0
all,T:Protection Paladin | H:Holy Paladin | D:Arcane Mage | D:Outlaw Rogue | D:Arms Warrior,4,-2.61,10.2,17.7,22.5,16.8,-15.883,10.57,1488.0,Den of Nalorakk,10,2026-08-18,1510.0,3.0,0.0
all,T:Protection Paladin | H:Restoration Shaman | D:Feral Druid | D:BeastMastery Hunter | D:Arcane Mage,2,-2.61,10.5,6.5,17.9,6.5,-15.883,10.57,1478.0,The Blinding Vale,10,2026-08-19,1746.0,4.5,0.0
all,T:Protection Paladin | H:Mistweaver Monk | D:Windwalker Monk | D:Arms Warrior | D:Arms Warrior,1,-2.61,11.0,-15.9,-15.9,-15.9,-15.883,10.57,2087.0,Voidscar Arena,11,2026-08-18,2087.0,25.0,0.0
all,T:Blood DeathKnight | H:Restoration Shaman | D:Devourer DemonHunter | D:Augmentation Evoker | D:Fury Warrior,1,-2.61,10.0,15.9,15.9,15.9,-15.883,10.57,1615.0,Den of Nalorakk,10,2026-08-19,1615.0,2.0,0.0
all,T:Blood DeathKnight | H:Discipline Priest | D:Unholy DeathKnight | D:Elemental Shaman | D:Elemental Shaman,3,-2.61,11.0,-7.2,4.1,2.3,-15.883,10.57,1841.0,Temple of Sethraliss,11,2026-08-19,1993.0,6.33,0.0
all,T:Vengeance DemonHunter | H:Holy Paladin | D:Balance Druid | D:Devastation Evoker | D:Arcane Mage,1,-2.62,10.0,15.8,15.8,15.8,-15.883,10.57,1515.0,The Blinding Vale,10,2026-08-19,1515.0,3.0,0.0
all,T:Protection Paladin | H:Restoration Shaman | D:BeastMastery Hunter | D:Arcane Mage | D:Frost Mage,3,-2.62,10.0,24.5,26.0,25.8,-15.883,10.57,1244.0,Ruby Life Pools,10,2026-08-18,1335.0,1.67,0.0
all,T:Blood DeathKnight | H:Restoration Druid | D:Devourer DemonHunter | D:Affliction Warlock | D:Arms Warrior,1,-2.62,10.0,15.8,15.8,15.8,-15.883,10.57,1616.0,Den of Nalorakk,10,2026-08-18,1616.0,5.0,0.0
all,T:Protection Warrior | H:Holy Paladin | D:BeastMastery Hunter | D:Arcane Mage | D:Frost Mage,1,-2.63,11.0,-16.0,-16.0,-16.0,-15.883,10.57,2227.0,Den of Nalorakk,11,2026-08-18,2227.0,20.0,0.0
all,T:Blood DeathKnight | H:Mistweaver Monk | D:Devastation Evoker | D:Elemental Shaman | D:Arms Warrior,4,-2.64,10.2,17.7,22.6,17.5,-15.883,10.57,1394.0,The Blinding Vale,10,2026-08-18,1536.0,1.75,0.0
all,T:Blood DeathKnight | H:Mistweaver Monk | D:Balance Druid | D:BeastMastery Hunter | D:Windwalker Monk,2,-2.64,10.0,22.3,26.2,22.3,-15.883,10.57,1240.0,Ruby Life Pools,10,2026-08-19,1404.0,5.5,0.0
all,T:Brewmaster Monk | H:Preservation Evoker | D:Frost DeathKnight | D:Balance Druid | D:Retribution Paladin,2,-2.64,10.0,22.3,25.2,22.3,-15.883,10.57,1436.0,Temple of Sethraliss,10,2026-08-18,1443.0,6.0,0.0
all,T:Vengeance DemonHunter | H:Preservation Evoker | D:Feral Druid | D:Fire Mage | D:Affliction Warlock,1,-2.64,10.0,15.7,15.7,15.7,-15.883,10.57,1619.0,Den of Nalorakk,10,2026-08-18,1619.0,5.0,0.0
all,T:Vengeance DemonHunter | H:Restoration Druid | D:BeastMastery Hunter | D:Elemental Shaman | D:Destruction Warlock,1,-2.64,11.0,-16.1,-16.1,-16.1,-15.883,10.57,2089.0,The Blinding Vale,11,2026-08-18,2089.0,28.0,0.0
all,T:Protection Warrior | H:Preservation Evoker | D:Devastation Evoker | D:Arcane Mage | D:Elemental Shaman,1,-2.64,10.0,15.7,15.7,15.7,-15.883,10.57,1619.0,Den of Nalorakk,10,2026-08-18,1619.0,8.0,0.0
all,T:Blood DeathKnight | H:Preservation Evoker | D:Unholy DeathKnight | D:Retribution Paladin | D:Elemental Shaman,1,-2.64,11.0,-16.1,-16.1,-16.1,-15.883,10.57,2090.0,The Blinding Vale,11,2026-08-19,2090.0,16.0,0.0
all,T:Blood DeathKnight | H:Restoration Druid | D:Havoc DemonHunter | D:Balance Druid | D:Arcane Mage,1,-2.64,10.0,15.7,15.7,15.7,-15.883,10.57,1618.0,Den of Nalorakk,10,2026-08-18,1618.0,7.0,0.0
all,T:Vengeance DemonHunter | H:Restoration Druid | D:Balance Druid | D:Arcane Mage | D:Destruction Warlock,2,-2.65,10.0,22.2,23.7,22.2,-15.883,10.57,1557.0,Murder Row,10,2026-08-18,1491.0,1.0,0.0
all,T:Blood DeathKnight | H:Restoration Druid | D:Balance Druid | D:Retribution Paladin | D:Elemental Shaman,1,-2.66,11.0,-16.2,-16.2,-16.2,-15.883,10.57,2091.0,The Blinding Vale,11,2026-08-19,2091.0,22.0,0.0
all,T:Blood DeathKnight | H:Restoration Shaman | D:Devourer DemonHunter | D:Marksmanship Hunter | D:Elemental Shaman,1,-2.66,10.0,15.6,15.6,15.6,-15.883,10.57,1520.0,Altar of Fangs,10,2026-08-19,1520.0,4.0,0.0
all,T:Blood DeathKnight | H:Restoration Shaman | D:Devourer DemonHunter | D:Balance Druid | D:Arcane Mage,7,-2.66,10.7,4.3,21.5,9.1,-15.883,10.57,1601.0,Murder Row,11,2026-08-18,1644.0,11.71,0.0
all,T:Blood DeathKnight | H:Holy Paladin | D:Marksmanship Hunter | D:Arcane Mage | D:Outlaw Rogue,5,-2.66,10.2,19.9,25.3,20.8,-15.883,10.57,1255.0,Ruby Life Pools,10,2026-08-18,1522.0,3.0,0.0
all,T:Blood DeathKnight | H:Holy Paladin | D:Marksmanship Hunter | D:Windwalker Monk | D:Arms Warrior,1,-2.66,10.0,15.6,15.6,15.6,-15.883,10.57,1518.0,Altar of Fangs,10,2026-08-18,1518.0,2.0,0.0
all,T:Blood DeathKnight | H:Restoration Shaman | D:BeastMastery Hunter | D:Assassination Rogue | D:Arms Warrior,2,-2.68,10.0,22.2,25.1,22.2,-15.883,10.57,1259.0,Ruby Life Pools,10,2026-08-19,1357.0,0.5,0.0
all,T:Guardian Druid | H:Discipline Priest | D:Unholy DeathKnight | D:Destruction Warlock | D:Destruction Warlock,1,-2.68,11.0,-16.3,-16.3,-16.3,-15.883,10.57,2094.0,The Blinding Vale,11,2026-08-18,2094.0,9.0,0.0
all,T:Vengeance DemonHunter | H:Holy Paladin | D:Outlaw Rogue | D:Elemental Shaman | D:Arms Warrior,3,-2.68,10.7,3.2,18.6,1.8,-15.883,10.57,1563.0,Temple of Sethraliss,10,2026-08-19,1886.0,3.67,0.0
all,T:Blood DeathKnight | H:Holy Paladin | D:BeastMastery Hunter | D:Enhancement Shaman | D:Fury Warrior,2,-2.69,10.0,22.1,23.4,22.1,-15.883,10.57,1379.0,The Blinding Vale,10,2026-08-19,1450.0,3.5,0.0
all,T:Protection Paladin | H:Restoration Druid | D:Augmentation Evoker | D:Shadow Priest | D:Arms Warrior,1,-2.69,10.0,15.4,15.4,15.4,-15.883,10.57,1625.0,Den of Nalorakk,10,2026-08-18,1625.0,1.0,0.0
all,T:Protection Paladin | H:Mistweaver Monk | D:Unholy DeathKnight | D:Devastation Evoker | D:BeastMastery Hunter,1,-2.69,11.0,-16.4,-16.4,-16.4,-15.883,10.57,2095.0,Voidscar Arena,11,2026-08-18,2095.0,18.0,0.0
all,T:Blood DeathKnight | H:Restoration Shaman | D:Shadow Priest | D:Subtlety Rogue | D:Elemental Shaman,1,-2.69,10.0,15.4,15.4,15.4,-15.883,10.57,1523.0,Altar of Fangs,10,2026-08-18,1523.0,0.0,0.0
all,T:Protection Paladin | H:Holy Paladin | D:Augmentation Evoker | D:Shadow Priest | D:Subtlety Rogue,1,-2.69,10.0,15.4,15.4,15.4,-15.883,10.57,1625.0,Den of Nalorakk,10,2026-08-19,1625.0,1.0,0.0
all,T:Protection Paladin | H:Restoration Shaman | D:Marksmanship Hunter | D:Assassination Rogue | D:Demonology Warlock,2,-2.69,10.0,22.1,23.3,22.1,-15.883,10.57,1381.0,Voidscar Arena,10,2026-08-19,1402.0,6.0,0.0
all,T:Brewmaster Monk | H:Holy Paladin | D:Augmentation Evoker | D:Enhancement Shaman | D:Arms Warrior,2,-2.7,11.0,-9.7,-6.1,-9.7,-15.883,10.57,2037.0,Den of Nalorakk,11,2026-08-19,2174.0,12.0,0.0
all,T:Vengeance DemonHunter | H:Mistweaver Monk | D:Balance Druid | D:Arcane Mage | D:Destruction Warlock,1,-2.71,11.0,-16.5,-16.5,-16.5,-15.883,10.57,2236.0,Den of Nalorakk,11,2026-08-18,2236.0,19.0,0.0
all,T:Vengeance DemonHunter | H:Restoration Shaman | D:Balance Druid | D:Windwalker Monk | D:Shadow Priest,1,-2.71,10.0,15.3,15.3,15.3,-15.883,10.57,1626.0,Den of Nalorakk,10,2026-08-18,1626.0,1.0,0.0
all,T:Blood DeathKnight | H:Restoration Shaman | D:Balance Druid | D:Subtlety Rogue | D:Fury Warrior,1,-2.71,11.0,-16.5,-16.5,-16.5,-15.883,10.57,2096.0,The Blinding Vale,11,2026-08-18,2096.0,30.0,0.0
all,T:Protection Paladin | H:Holy Priest | D:Frost DeathKnight | D:Arcane Mage | D:Arms Warrior,2,-2.72,10.0,22.0,24.1,22.0,-15.883,10.57,1275.0,Ruby Life Pools,10,2026-08-18,1407.0,3.0,0.0
all,T:Protection Paladin | H:Holy Paladin | D:Balance Druid | D:Shadow Priest | D:Arms Warrior,4,-2.72,11.0,-6.4,24.2,-10.0,-15.883,10.57,1365.0,The Blinding Vale,10,2026-08-18,2142.0,9.0,0.0
all,T:Blood DeathKnight | H:Preservation Evoker | D:Unholy DeathKnight | D:Balance Druid | D:Elemental Shaman,1,-2.72,10.0,15.2,15.2,15.2,-15.883,10.57,1628.0,Den of Nalorakk,10,2026-08-18,1628.0,2.0,0.0
all,T:Blood DeathKnight | H:Holy Paladin | D:BeastMastery Hunter | D:Retribution Paladin | D:Elemental Shaman,3,-2.72,11.0,-7.5,6.7,-4.1,-15.883,10.57,1567.0,Ruby Life Pools,11,2026-08-19,1875.0,13.67,0.0
all,T:Blood DeathKnight | H:Restoration Shaman | D:BeastMastery Hunter | D:Arcane Mage | D:Retribution Paladin,1,-2.73,11.0,-16.6,-16.6,-16.6,-15.883,10.57,1959.0,Ruby Life Pools,11,2026-08-18,1959.0,18.0,0.0
all,T:Blood DeathKnight | H:Discipline Priest | D:Shadow Priest | D:Demonology Warlock | D:Fury Warrior,2,-2.74,11.5,-25.7,-18.7,-25.7,-15.883,10.57,1995.0,Ruby Life Pools,12,2026-08-18,2312.0,23.5,0.0
all,T:Blood DeathKnight | H:Holy Paladin | D:Devourer DemonHunter | D:Marksmanship Hunter | D:Subtlety Rogue,2,-2.74,10.0,22.0,25.3,22.0,-15.883,10.57,1345.0,Voidscar Arena,10,2026-08-19,1454.0,4.0,0.0
all,T:Guardian Druid | H:Restoration Shaman | D:Elemental Shaman | D:Demonology Warlock | D:Arms Warrior,2,-2.74,10.0,22.0,22.5,22.0,-15.883,10.57,1394.0,Voidscar Arena,10,2026-08-18,1404.0,3.5,0.0
all,T:Blood DeathKnight | H:Restoration Shaman | D:Arcane Mage | D:Outlaw Rogue | D:Demonology Warlock,1,-2.74,10.0,15.1,15.1,15.1,-15.883,10.57,1528.0,Altar of Fangs,10,2026-08-18,1528.0,7.0,0.0
all,T:Blood DeathKnight | H:Preservation Evoker | D:Devourer DemonHunter | D:Shadow Priest | D:Elemental Shaman,1,-2.74,10.0,15.1,15.1,15.1,-15.883,10.57,1529.0,Altar of Fangs,10,2026-08-19,1529.0,1.0,0.0
all,T:Blood DeathKnight | H:Mistweaver Monk | D:BeastMastery Hunter | D:Arcane Mage | D:Fury Warrior,1,-2.74,10.0,15.1,15.1,15.1,-15.883,10.57,1630.0,Den of Nalorakk,10,2026-08-19,1630.0,3.0,0.0
all,T:Protection Paladin | H:Holy Paladin | D:Marksmanship Hunter | D:Frost Mage | D:Elemental Shaman,1,-2.74,10.0,15.1,15.1,15.1,-15.883,10.57,1630.0,Den of Nalorakk,10,2026-08-19,1630.0,5.0,0.0
all,T:Protection Warrior | H:Restoration Shaman | D:Windwalker Monk | D:Retribution Paladin | D:Arms Warrior,2,-2.75,10.0,21.9,25.3,21.9,-15.883,10.57,1479.0,Kings' Rest,10,2026-08-18,1473.0,3.0,0.0
all,T:Blood DeathKnight | H:Holy Paladin | D:Frost Mage | D:Elemental Shaman | D:Elemental Shaman,2,-2.75,10.0,21.9,23.3,21.9,-15.883,10.57,1380.0,Voidscar Arena,10,2026-08-19,1502.0,2.0,0.0
all,T:Blood DeathKnight | H:Restoration Shaman | D:Devastation Evoker | D:Marksmanship Hunter | D:Frost Mage,1,-2.76,10.0,15.0,15.0,15.0,-15.883,10.57,1632.0,Den of Nalorakk,10,2026-08-19,1632.0,1.0,0.0
all,T:Protection Paladin | H:Discipline Priest | D:Havoc DemonHunter | D:BeastMastery Hunter | D:Arcane Mage,1,-2.76,10.0,15.0,15.0,15.0,-15.883,10.57,1631.0,Den of Nalorakk,10,2026-08-18,1631.0,6.0,0.0
all,T:Blood DeathKnight | H:Restoration Shaman | D:Arcane Mage | D:Windwalker Monk | D:Demonology Warlock,1,-2.76,10.0,15.0,15.0,15.0,-15.883,10.57,1633.0,Den of Nalorakk,10,2026-08-18,1633.0,3.0,0.0
all,T:Brewmaster Monk | H:Holy Paladin | D:Feral Druid | D:BeastMastery Hunter | D:Subtlety Rogue,1,-2.76,10.0,15.0,15.0,15.0,-15.883,10.57,1631.0,Den of Nalorakk,10,2026-08-19,1631.0,1.0,0.0
all,T:Blood DeathKnight | H:Holy Paladin | D:Frost Mage | D:Elemental Shaman | D:Arms Warrior,1,-2.76,10.0,15.0,15.0,15.0,-15.883,10.57,1632.0,Den of Nalorakk,10,2026-08-19,1632.0,1.0,0.0
all,T:Protection Warrior | H:Holy Priest | D:Unholy DeathKnight | D:BeastMastery Hunter | D:Subtlety Rogue,5,-2.76,10.0,26.0,31.0,24.6,-15.883,10.57,1366.0,Kings' Rest,10,2026-08-18,1376.0,3.0,0.0
all,T:Blood DeathKnight | H:Restoration Druid | D:Devourer DemonHunter | D:Arcane Mage | D:Demonology Warlock,1,-2.77,10.0,14.9,14.9,14.9,-15.883,10.57,1634.0,Den of Nalorakk,10,2026-08-18,1634.0,5.0,0.0
all,T:Protection Paladin | H:Holy Priest | D:Unholy DeathKnight | D:Elemental Shaman | D:Affliction Warlock,1,-2.77,10.0,14.9,14.9,14.9,-15.883,10.57,1633.0,Den of Nalorakk,10,2026-08-19,1633.0,2.0,0.0
all,T:Guardian Druid | H:Restoration Shaman | D:Devourer DemonHunter | D:Retribution Paladin | D:Elemental Shaman,2,-2.77,10.5,6.0,16.1,6.0,-15.883,10.57,1510.0,The Blinding Vale,10,2026-08-19,1692.0,9.5,0.0
all,T:Vengeance DemonHunter | H:Holy Paladin | D:Unholy DeathKnight | D:Devastation Evoker | D:Fire Mage,1,-2.77,10.0,14.9,14.9,14.9,-15.883,10.57,1634.0,Den of Nalorakk,10,2026-08-18,1634.0,6.0,0.0
all,T:Guardian Druid | H:Discipline Priest | D:Balance Druid | D:Marksmanship Hunter | D:Enhancement Shaman,1,-2.78,11.0,-16.9,-16.9,-16.9,-15.883,10.57,2105.0,Voidscar Arena,11,2026-08-18,2105.0,23.0,0.0
all,T:Blood DeathKnight | H:Holy Paladin | D:BeastMastery Hunter | D:Arcane Mage | D:Demonology Warlock,1,-2.78,11.0,-16.9,-16.9,-16.9,-15.883,10.57,2384.0,Murder Row,11,2026-08-19,2384.0,20.0,0.0
all,T:Blood DeathKnight | H:Holy Paladin | D:Frost DeathKnight | D:Arms Warrior | D:Arms Warrior,6,-2.78,10.5,10.6,25.3,11.1,-15.883,10.57,1524.0,Murder Row,10,2026-08-18,1600.0,5.67,0.0
all,T:Protection Warrior | H:Restoration Druid | D:Balance Druid | D:Arcane Mage | D:Subtlety Rogue,2,-2.78,10.0,21.8,26.7,21.8,-15.883,10.57,1496.0,Murder Row,10,2026-08-19,1496.0,1.5,0.0
all,T:Protection Paladin | H:Holy Paladin | D:BeastMastery Hunter | D:Arcane Mage | D:Retribution Paladin,2,-2.78,10.0,21.8,23.0,21.8,-15.883,10.57,1571.0,Murder Row,10,2026-08-18,1572.0,0.5,0.0
all,T:Brewmaster Monk | H:Preservation Evoker | D:Devourer DemonHunter | D:Devourer DemonHunter | D:Retribution Paladin,1,-2.78,11.0,-16.9,-16.9,-16.9,-15.883,10.57,2314.0,Kings' Rest,11,2026-08-19,2314.0,38.0,0.0
all,T:Protection Paladin | H:Restoration Shaman | D:Devastation Evoker | D:Elemental Shaman | D:Enhancement Shaman,1,-2.78,11.0,-16.9,-16.9,-16.9,-15.883,10.57,2245.0,Temple of Sethraliss,11,2026-08-18,2245.0,22.0,0.0
all,T:Vengeance DemonHunter | H:Restoration Shaman | D:Unholy DeathKnight | D:BeastMastery Hunter | D:Outlaw Rogue,1,-2.79,11.0,-17.0,-17.0,-17.0,-15.883,10.57,2106.0,The Blinding Vale,11,2026-08-18,2106.0,12.0,0.0
all,T:Guardian Druid | H:Discipline Priest | D:Balance Druid | D:Subtlety Rogue | D:Arms Warrior,3,-2.79,10.0,24.1,25.5,23.5,-15.883,10.57,1340.0,Voidscar Arena,10,2026-08-19,1473.0,3.0,0.0
all,T:Brewmaster Monk | H:Restoration Shaman | D:Arcane Mage | D:Retribution Paladin | D:Retribution Paladin,2,-2.79,10.0,21.8,25.1,21.8,-15.883,10.57,1349.0,The Blinding Vale,10,2026-08-19,1458.0,4.0,0.0
all,T:Blood DeathKnight | H:Discipline Priest | D:Augmentation Evoker | D:Elemental Shaman | D:Arms Warrior,2,-2.79,11.0,-10.0,12.2,-10.0,-15.883,10.57,1581.0,Voidscar Arena,11,2026-08-18,2060.0,17.5,0.0
all,T:Brewmaster Monk | H:Restoration Shaman | D:BeastMastery Hunter | D:Retribution Paladin | D:Destruction Warlock,1,-2.79,11.0,-17.0,-17.0,-17.0,-15.883,10.57,2107.0,Altar of Fangs,11,2026-08-19,2107.0,17.0,0.0
all,T:Vengeance DemonHunter | H:Holy Priest | D:Marksmanship Hunter | D:Arcane Mage | D:Subtlety Rogue,3,-2.8,10.3,13.5,21.7,16.6,-15.883,10.57,1550.0,Kings' Rest,10,2026-08-18,1550.0,5.67,0.0
all,T:Blood DeathKnight | H:Holy Paladin | D:BeastMastery Hunter | D:Retribution Paladin | D:Fury Warrior,1,-2.81,11.0,-17.1,-17.1,-17.1,-15.883,10.57,2319.0,Kings' Rest,11,2026-08-19,2319.0,29.0,0.0
all,T:Guardian Druid | H:Mistweaver Monk | D:Augmentation Evoker | D:Subtlety Rogue | D:Elemental Shaman,1,-2.81,11.0,-17.1,-17.1,-17.1,-15.883,10.57,2249.0,Temple of Sethraliss,11,2026-08-19,2249.0,22.0,0.0
all,T:Blood DeathKnight | H:Holy Paladin | D:Arcane Mage | D:Retribution Paladin | D:Demonology Warlock,1,-2.81,10.0,14.7,14.7,14.7,-15.883,10.57,1638.0,Den of Nalorakk,10,2026-08-18,1638.0,8.0,0.0
all,T:Blood DeathKnight | H:Mistweaver Monk | D:Frost DeathKnight | D:Havoc DemonHunter | D:Arcane Mage,1,-2.81,10.0,14.7,14.7,14.7,-15.883,10.57,1637.0,Den of Nalorakk,10,2026-08-19,1637.0,4.0,0.0
all,T:Protection Warrior | H:Restoration Shaman | D:Arcane Mage | D:Arcane Mage | D:Subtlety Rogue,1,-2.81,11.0,-17.1,-17.1,-17.1,-15.883,10.57,2108.0,Voidscar Arena,11,2026-08-19,2108.0,22.0,0.0
all,T:Brewmaster Monk | H:Restoration Shaman | D:Devourer DemonHunter | D:Survival Hunter | D:Demonology Warlock,1,-2.81,10.0,14.7,14.7,14.7,-15.883,10.57,1637.0,Den of Nalorakk,10,2026-08-18,1637.0,2.0,0.0
all,T:Vengeance DemonHunter | H:Holy Priest | D:Balance Druid | D:Arcane Mage | D:Retribution Paladin,1,-2.81,11.0,-17.1,-17.1,-17.1,-15.883,10.57,2108.0,Voidscar Arena,11,2026-08-19,2108.0,26.0,0.0
all,T:Vengeance DemonHunter | H:Restoration Druid | D:Arcane Mage | D:Affliction Warlock | D:Destruction Warlock,1,-2.81,11.0,-17.1,-17.1,-17.1,-15.883,10.57,1967.0,Ruby Life Pools,11,2026-08-19,1967.0,15.0,0.0
all,T:Protection Paladin | H:Mistweaver Monk | D:Devourer DemonHunter | D:Feral Druid | D:Arcane Mage,1,-2.81,11.0,-17.1,-17.1,-17.1,-15.883,10.57,2107.0,Voidscar Arena,11,2026-08-19,2107.0,25.0,0.0
all,T:Blood DeathKnight | H:Restoration Shaman | D:BeastMastery Hunter | D:Subtlety Rogue | D:Affliction Warlock,1,-2.82,10.0,14.6,14.6,14.6,-15.883,10.57,1640.0,Den of Nalorakk,10,2026-08-18,1640.0,4.0,0.0
all,T:Protection Warrior | H:Restoration Shaman | D:Unholy DeathKnight | D:Feral Druid | D:Demonology Warlock,1,-2.82,10.0,14.6,14.6,14.6,-15.883,10.57,1640.0,Den of Nalorakk,10,2026-08-18,1640.0,0.0,0.0
all,T:Brewmaster Monk | H:Holy Paladin | D:Balance Druid | D:Arcane Mage | D:Demonology Warlock,3,-2.82,10.7,2.8,20.2,-3.4,-15.883,10.57,1627.0,Murder Row,10,2026-08-18,1862.0,12.33,0.0
all,T:Blood DeathKnight | H:Restoration Shaman | D:Devastation Evoker | D:Elemental Shaman | D:Demonology Warlock,2,-2.82,10.0,21.6,22.5,21.6,-15.883,10.57,1395.0,Voidscar Arena,10,2026-08-19,1458.0,3.0,0.0
all,T:Blood DeathKnight | H:Preservation Evoker | D:Frost DeathKnight | D:Retribution Paladin | D:Demonology Warlock,1,-2.83,11.0,-17.2,-17.2,-17.2,-15.883,10.57,2109.0,Altar of Fangs,11,2026-08-19,2109.0,16.0,0.0
all,T:Brewmaster Monk | H:Mistweaver Monk | D:Arcane Mage | D:Enhancement Shaman | D:Arms Warrior,4,-2.83,10.5,9.3,29.4,17.4,-15.883,10.57,1441.0,Murder Row,10,2026-08-18,1566.0,9.0,0.0
all,T:Blood DeathKnight | H:Restoration Shaman | D:Arcane Mage | D:Windwalker Monk | D:Destruction Warlock,1,-2.83,11.0,-17.2,-17.2,-17.2,-15.883,10.57,2109.0,Altar of Fangs,11,2026-08-18,2109.0,10.0,0.0
all,T:Vengeance DemonHunter | H:Restoration Druid | D:Devourer DemonHunter | D:Devourer DemonHunter | D:Marksmanship Hunter,1,-2.83,11.0,-17.2,-17.2,-17.2,-15.883,10.57,2110.0,Altar of Fangs,11,2026-08-19,2110.0,17.0,0.0
all,T:Brewmaster Monk | H:Holy Paladin | D:Feral Druid | D:Arcane Mage | D:Enhancement Shaman,4,-2.84,10.0,25.2,29.1,26.0,-15.883,10.57,1404.0,Kings' Rest,10,2026-08-19,1415.0,2.0,0.0
all,T:Blood DeathKnight | H:Discipline Priest | D:Unholy DeathKnight | D:Devastation Evoker | D:Arms Warrior,1,-2.84,10.0,14.5,14.5,14.5,-15.883,10.57,1539.0,Altar of Fangs,10,2026-08-18,1539.0,8.0,0.0
all,T:Vengeance DemonHunter | H:Discipline Priest | D:BeastMastery Hunter | D:Arcane Mage | D:Enhancement Shaman,2,-2.85,10.0,21.6,24.6,21.6,-15.883,10.57,1357.0,Voidscar Arena,10,2026-08-19,1462.0,3.5,0.0
all,T:Protection Warrior | H:Restoration Druid | D:Devourer DemonHunter | D:Arcane Mage | D:Elemental Shaman,2,-2.85,10.0,21.6,34.0,21.6,-15.883,10.57,1188.0,Voidscar Arena,10,2026-08-19,1412.0,6.5,0.0
all,T:Blood DeathKnight | H:Restoration Druid | D:Arcane Mage | D:Enhancement Shaman | D:Arms Warrior,1,-2.86,10.0,14.4,14.4,14.4,-15.883,10.57,1644.0,Den of Nalorakk,10,2026-08-18,1644.0,10.0,0.0
all,T:Blood DeathKnight | H:Restoration Shaman | D:Devourer DemonHunter | D:Balance Druid | D:Windwalker Monk,1,-2.86,11.0,-17.4,-17.4,-17.4,-15.883,10.57,2254.0,Den of Nalorakk,11,2026-08-18,2254.0,14.0,0.0
all,T:Protection Paladin | H:Restoration Shaman | D:BeastMastery Hunter | D:Retribution Paladin | D:Assassination Rogue,1,-2.86,10.0,14.4,14.4,14.4,-15.883,10.57,1643.0,Den of Nalorakk,10,2026-08-18,1643.0,0.0,0.0
all,T:Blood DeathKnight | H:Restoration Shaman | D:Balance Druid | D:Enhancement Shaman | D:Arms Warrior,1,-2.86,11.0,-17.4,-17.4,-17.4,-15.883,10.57,2254.0,Den of Nalorakk,11,2026-08-19,2254.0,12.0,0.0
all,T:Protection Paladin | H:Discipline Priest | D:Arcane Mage | D:Arcane Mage | D:Arcane Mage,1,-2.86,10.0,14.4,14.4,14.4,-15.883,10.57,1643.0,Den of Nalorakk,10,2026-08-18,1643.0,5.0,0.0
all,T:Protection Warrior | H:Preservation Evoker | D:Unholy DeathKnight | D:Devourer DemonHunter | D:Demonology Warlock,1,-2.86,10.0,14.4,14.4,14.4,-15.883,10.57,1540.0,Altar of Fangs,10,2026-08-18,1540.0,6.0,0.0
all,T:Blood DeathKnight | H:Restoration Shaman | D:Marksmanship Hunter | D:Arcane Mage | D:Demonology Warlock,1,-2.87,10.0,14.3,14.3,14.3,-15.883,10.57,1543.0,Altar of Fangs,10,2026-08-18,1543.0,5.0,0.0
all,T:Protection Paladin | H:Mistweaver Monk | D:Devourer DemonHunter | D:Arcane Mage | D:Retribution Paladin,1,-2.87,10.0,14.3,14.3,14.3,-15.883,10.57,1645.0,Den of Nalorakk,10,2026-08-19,1645.0,1.0,0.0
all,T:Protection Paladin | H:Holy Priest | D:Frost Mage | D:Retribution Paladin | D:Enhancement Shaman,1,-2.87,10.0,14.3,14.3,14.3,-15.883,10.57,1646.0,Den of Nalorakk,10,2026-08-18,1646.0,1.0,0.0
all,T:Blood DeathKnight | H:Holy Priest | D:Havoc DemonHunter | D:BeastMastery Hunter | D:Windwalker Monk,2,-2.88,10.0,21.5,24.6,21.5,-15.883,10.57,1538.0,Murder Row,10,2026-08-19,1504.0,2.0,0.0
all,T:Vengeance DemonHunter | H:Preservation Evoker | D:Arcane Mage | D:Arcane Mage | D:Outlaw Rogue,1,-2.89,11.0,-17.6,-17.6,-17.6,-15.883,10.57,1975.0,Ruby Life Pools,11,2026-08-18,1975.0,26.0,0.0
all,T:Vengeance DemonHunter | H:Holy Priest | D:BeastMastery Hunter | D:BeastMastery Hunter | D:Elemental Shaman,1,-2.89,10.0,14.2,14.2,14.2,-15.883,10.57,1647.0,Den of Nalorakk,10,2026-08-19,1647.0,2.0,0.0
all,T:Protection Paladin | H:Mistweaver Monk | D:Devourer DemonHunter | D:Windwalker Monk | D:Subtlety Rogue,1,-2.89,11.0,-17.6,-17.6,-17.6,-15.883,10.57,2398.0,Murder Row,11,2026-08-18,2398.0,11.0,0.0
all,T:Protection Paladin | H:Restoration Druid | D:Enhancement Shaman | D:Affliction Warlock | D:Arms Warrior,1,-2.89,11.0,-17.6,-17.6,-17.6,-15.883,10.57,2116.0,Voidscar Arena,11,2026-08-19,2116.0,15.0,0.0
all,T:Protection Warrior | H:Discipline Priest | D:Unholy DeathKnight | D:Shadow Priest | D:Arms Warrior,3,-2.9,10.3,13.2,23.3,14.5,-15.883,10.57,1565.0,Murder Row,10,2026-08-18,1642.0,7.33,0.0
all,T:Protection Warrior | H:Preservation Evoker | D:Unholy DeathKnight | D:Balance Druid | D:Arcane Mage,2,-2.9,10.5,5.5,16.8,5.5,-15.883,10.57,1597.0,Den of Nalorakk,10,2026-08-18,1750.0,19.0,0.0
all,T:Blood DeathKnight | H:Holy Paladin | D:Arcane Mage | D:Outlaw Rogue | D:Elemental Shaman,2,-2.91,10.0,21.4,24.2,21.4,-15.883,10.57,1455.0,Temple of Sethraliss,10,2026-08-18,1460.0,4.0,0.0
all,T:Brewmaster Monk | H:Mistweaver Monk | D:Havoc DemonHunter | D:Arcane Mage | D:Demonology Warlock,1,-2.91,10.0,14.1,14.1,14.1,-15.883,10.57,1649.0,Den of Nalorakk,10,2026-08-19,1649.0,4.0,0.0
all,T:Blood DeathKnight | H:Holy Priest | D:Survival Hunter | D:Arcane Mage | D:Retribution Paladin,1,-2.91,10.0,14.1,14.1,14.1,-15.883,10.57,1546.0,Altar of Fangs,10,2026-08-19,1546.0,1.0,0.0
all,T:Blood DeathKnight | H:Discipline Priest | D:Augmentation Evoker | D:Marksmanship Hunter | D:Elemental Shaman,1,-2.91,10.0,14.1,14.1,14.1,-15.883,10.57,1546.0,Altar of Fangs,10,2026-08-19,1546.0,0.0,0.0
all,T:Blood DeathKnight | H:Holy Paladin | D:Marksmanship Hunter | D:Arcane Mage | D:Arms Warrior,2,-2.91,10.0,21.4,27.1,21.4,-15.883,10.57,1312.0,Voidscar Arena,10,2026-08-18,1466.0,2.5,0.0
all,T:Blood DeathKnight | H:Preservation Evoker | D:Arcane Mage | D:Windwalker Monk | D:Destruction Warlock,1,-2.91,10.0,14.1,14.1,14.1,-15.883,10.57,1648.0,Den of Nalorakk,10,2026-08-19,1648.0,4.0,0.0
all,T:Protection Warrior | H:Restoration Shaman | D:Balance Druid | D:Windwalker Monk | D:Arms Warrior,1,-2.91,11.0,-17.7,-17.7,-17.7,-15.883,10.57,2260.0,Den of Nalorakk,11,2026-08-18,2260.0,10.0,0.0
all,T:Brewmaster Monk | H:Holy Paladin | D:Arcane Mage | D:Elemental Shaman | D:Demonology Warlock,1,-2.92,10.0,14.0,14.0,14.0,-15.883,10.57,1651.0,Den of Nalorakk,10,2026-08-18,1651.0,6.0,0.0
all,T:Vengeance DemonHunter | H:Discipline Priest | D:Balance Druid | D:Devastation Evoker | D:Arms Warrior,1,-2.92,10.0,14.0,14.0,14.0,-15.883,10.57,1548.0,Altar of Fangs,10,2026-08-19,1548.0,6.0,0.0
all,T:Protection Paladin | H:Discipline Priest | D:Havoc DemonHunter | D:Enhancement Shaman | D:Fury Warrior,3,-2.92,10.0,23.7,28.4,24.8,-15.883,10.57,1288.0,Voidscar Arena,10,2026-08-18,1288.0,7.0,0.0
all,T:Protection Warrior | H:Preservation Evoker | D:Balance Druid | D:Survival Hunter | D:Arms Warrior,1,-2.93,11.0,-17.8,-17.8,-17.8,-15.883,10.57,2120.0,Voidscar Arena,11,2026-08-18,2120.0,33.0,0.0
all,T:Blood DeathKnight | H:Restoration Shaman | D:Devourer DemonHunter | D:Survival Hunter | D:Arcane Mage,1,-2.94,10.0,13.9,13.9,13.9,-15.883,10.57,1550.0,Altar of Fangs,10,2026-08-18,1550.0,0.0,0.0
all,T:Guardian Druid | H:Restoration Shaman | D:BeastMastery Hunter | D:Arcane Mage | D:Windwalker Monk,1,-2.94,10.0,13.9,13.9,13.9,-15.883,10.57,1550.0,Altar of Fangs,10,2026-08-18,1550.0,6.0,0.0
all,T:Protection Paladin | H:Discipline Priest | D:Balance Druid | D:Devastation Evoker | D:Assassination Rogue,2,-2.95,10.0,21.2,22.1,21.2,-15.883,10.57,1589.0,Murder Row,10,2026-08-19,1512.0,6.0,0.0
all,T:Protection Warrior | H:Restoration Druid | D:Devourer DemonHunter | D:Balance Druid | D:Devastation Evoker,2,-2.95,11.0,-10.6,-7.5,-10.6,-15.883,10.57,1936.0,The Blinding Vale,11,2026-08-18,2058.0,16.0,0.0
all,T:Blood DeathKnight | H:Holy Priest | D:Devourer DemonHunter | D:BeastMastery Hunter | D:Arcane Mage,2,-2.96,10.5,5.3,28.4,5.3,-15.883,10.57,1375.0,Temple of Sethraliss,10,2026-08-18,1818.0,7.5,0.0
all,T:Guardian Druid | H:Discipline Priest | D:Feral Druid | D:Marksmanship Hunter | D:Frost Mage,1,-2.96,10.0,13.8,13.8,13.8,-15.883,10.57,1656.0,Den of Nalorakk,10,2026-08-18,1656.0,3.0,0.0
all,T:Blood DeathKnight | H:Holy Priest | D:Devourer DemonHunter | D:Balance Druid | D:Retribution Paladin,1,-2.96,10.0,13.8,13.8,13.8,-15.883,10.57,1656.0,Den of Nalorakk,10,2026-08-18,1656.0,5.0,0.0
all,T:Protection Warrior | H:Holy Paladin | D:Feral Druid | D:Arcane Mage | D:Shadow Priest,1,-2.96,10.0,13.8,13.8,13.8,-15.883,10.57,1655.0,Den of Nalorakk,10,2026-08-18,1655.0,3.0,0.0
all,T:Guardian Druid | H:Preservation Evoker | D:Devastation Evoker | D:Elemental Shaman | D:Demonology Warlock,1,-2.96,10.0,13.8,13.8,13.8,-15.883,10.57,1654.0,Den of Nalorakk,10,2026-08-18,1654.0,4.0,0.0
all,T:Blood DeathKnight | H:Restoration Shaman | D:Havoc DemonHunter | D:Retribution Paladin | D:Assassination Rogue,1,-2.96,10.0,13.8,13.8,13.8,-15.883,10.57,1551.0,Altar of Fangs,10,2026-08-19,1551.0,0.0,0.0
all,T:Protection Paladin | H:Discipline Priest | D:Balance Druid | D:Devastation Evoker | D:Subtlety Rogue,3,-2.96,10.7,2.5,18.1,9.1,-15.883,10.57,1474.0,The Blinding Vale,10,2026-08-18,1526.0,8.33,0.0
all,T:Protection Paladin | H:Restoration Shaman | D:Survival Hunter | D:Arcane Mage | D:Outlaw Rogue,1,-2.96,11.0,-18.0,-18.0,-18.0,-15.883,10.57,2408.0,Murder Row,11,2026-08-19,2408.0,10.0,0.0
all,T:Protection Warrior | H:Holy Paladin | D:Unholy DeathKnight | D:Augmentation Evoker | D:Arms Warrior,1,-2.97,10.0,13.7,13.7,13.7,-15.883,10.57,1554.0,Altar of Fangs,10,2026-08-19,1554.0,2.0,0.0
all,T:Protection Paladin | H:Holy Priest | D:Arcane Mage | D:Retribution Paladin | D:Outlaw Rogue,1,-2.97,10.0,13.7,13.7,13.7,-15.883,10.57,1554.0,Altar of Fangs,10,2026-08-18,1554.0,3.0,0.0
all,T:Brewmaster Monk | H:Discipline Priest | D:Unholy DeathKnight | D:Arcane Mage | D:Elemental Shaman,1,-2.97,10.0,13.7,13.7,13.7,-15.883,10.57,1554.0,Altar of Fangs,10,2026-08-18,1554.0,2.0,0.0
all,T:Protection Paladin | H:Holy Paladin | D:Feral Druid | D:BeastMastery Hunter | D:Subtlety Rogue,1,-2.97,10.0,13.7,13.7,13.7,-15.883,10.57,1554.0,Altar of Fangs,10,2026-08-19,1554.0,2.0,0.0
all,T:Blood DeathKnight | H:Restoration Shaman | D:Survival Hunter | D:Arcane Mage | D:Retribution Paladin,1,-2.97,10.0,13.7,13.7,13.7,-15.883,10.57,1657.0,Den of Nalorakk,10,2026-08-18,1657.0,8.0,0.0
all,T:Guardian Druid | H:Restoration Shaman | D:Havoc DemonHunter | D:Marksmanship Hunter | D:Retribution Paladin,3,-3.0,10.0,23.5,31.8,20.2,-15.883,10.57,1227.0,Voidscar Arena,10,2026-08-18,1531.0,2.67,0.0
all,T:Blood DeathKnight | H:Preservation Evoker | D:Devourer DemonHunter | D:Elemental Shaman | D:Fury Warrior,2,-3.0,10.5,5.2,16.8,5.2,-15.883,10.57,1497.0,The Blinding Vale,10,2026-08-18,1772.0,10.0,0.0
all,T:Blood DeathKnight | H:Preservation Evoker | D:Devourer DemonHunter | D:BeastMastery Hunter | D:Outlaw Rogue,3,-3.0,10.3,12.9,18.5,16.0,-15.883,10.57,1614.0,Kings' Rest,10,2026-08-18,1614.0,2.0,0.0
all,T:Blood DeathKnight | H:Restoration Shaman | D:Arcane Mage | D:Windwalker Monk | D:Outlaw Rogue,2,-3.01,10.0,21.0,23.6,21.0,-15.883,10.57,1558.0,Murder Row,10,2026-08-19,1562.0,0.5,0.0
all,T:Blood DeathKnight | H:Restoration Shaman | D:Unholy DeathKnight | D:Arcane Mage | D:Arcane Mage,2,-3.01,10.5,5.1,8.5,5.1,-15.883,10.57,1647.0,Altar of Fangs,10,2026-08-19,1708.0,7.0,0.0
all,T:Guardian Druid | H:Restoration Shaman | D:Havoc DemonHunter | D:Elemental Shaman | D:Arms Warrior,1,-3.01,11.0,-18.3,-18.3,-18.3,-15.883,10.57,2130.0,Voidscar Arena,11,2026-08-19,2130.0,33.0,0.0
all,T:Vengeance DemonHunter | H:Mistweaver Monk | D:Arcane Mage | D:Retribution Paladin | D:Retribution Paladin,1,-3.01,10.0,13.5,13.5,13.5,-15.883,10.57,1558.0,Altar of Fangs,10,2026-08-18,1558.0,12.0,0.0
all,T:Vengeance DemonHunter | H:Holy Paladin | D:Devastation Evoker | D:Arcane Mage | D:Retribution Paladin,2,-3.02,10.0,21.0,25.1,21.0,-15.883,10.57,1529.0,Murder Row,10,2026-08-18,1513.0,5.0,0.0
all,T:Blood DeathKnight | H:Mistweaver Monk | D:BeastMastery Hunter | D:Windwalker Monk | D:Retribution Paladin,2,-3.02,10.0,21.0,23.8,21.0,-15.883,10.57,1509.0,Kings' Rest,10,2026-08-19,1442.0,1.5,0.0
all,T:Protection Warrior | H:Restoration Shaman | D:Frost DeathKnight | D:Arcane Mage | D:Windwalker Monk,1,-3.02,10.0,13.4,13.4,13.4,-15.883,10.57,1664.0,Den of Nalorakk,10,2026-08-18,1664.0,1.0,0.0
all,T:Protection Paladin | H:Discipline Priest | D:Devourer DemonHunter | D:Balance Druid | D:Arcane Mage,2,-3.03,10.5,5.1,25.3,5.1,-15.883,10.57,1524.0,Murder Row,10,2026-08-19,1799.0,13.5,0.0
all,T:Blood DeathKnight | H:Restoration Shaman | D:Devastation Evoker | D:Arcane Mage | D:Retribution Paladin,4,-3.03,10.2,16.8,24.4,16.8,-15.883,10.57,1543.0,Murder Row,10,2026-08-19,1590.0,4.25,0.0
all,T:Protection Paladin | H:Preservation Evoker | D:Balance Druid | D:Arcane Mage | D:Elemental Shaman,1,-3.03,11.0,-18.4,-18.4,-18.4,-15.883,10.57,2274.0,Den of Nalorakk,11,2026-08-19,2274.0,19.0,0.0
all,T:Protection Warrior | H:Holy Paladin | D:Feral Druid | D:Arcane Mage | D:Subtlety Rogue,1,-3.04,10.0,13.3,13.3,13.3,-15.883,10.57,1665.0,Den of Nalorakk,10,2026-08-19,1665.0,12.0,0.0
all,T:Blood DeathKnight | H:Mistweaver Monk | D:Havoc DemonHunter | D:Feral Druid | D:Arcane Mage,1,-3.04,10.0,13.3,13.3,13.3,-15.883,10.57,1666.0,Den of Nalorakk,10,2026-08-19,1666.0,8.0,0.0
all,T:Protection Warrior | H:Restoration Shaman | D:Balance Druid | D:Devastation Evoker | D:Elemental Shaman,1,-3.04,10.0,13.3,13.3,13.3,-15.883,10.57,1560.0,Altar of Fangs,10,2026-08-18,1560.0,8.0,0.0
all,T:Guardian Druid | H:Restoration Shaman | D:Feral Druid | D:Elemental Shaman | D:Demonology Warlock,2,-3.04,10.0,20.9,22.1,20.9,-15.883,10.57,1495.0,Den of Nalorakk,10,2026-08-19,1543.0,1.5,0.0
all,T:Protection Paladin | H:Discipline Priest | D:Unholy DeathKnight | D:Frost Mage | D:Shadow Priest,1,-3.04,11.0,-18.5,-18.5,-18.5,-15.883,10.57,1991.0,Ruby Life Pools,11,2026-08-19,1991.0,21.0,0.0
all,T:Blood DeathKnight | H:Restoration Druid | D:Devourer DemonHunter | D:Arcane Mage | D:Elemental Shaman,3,-3.04,10.0,23.4,28.3,21.1,-15.883,10.57,1419.0,Kings' Rest,10,2026-08-18,1420.0,1.67,0.0
all,T:Protection Paladin | H:Restoration Druid | D:Frost DeathKnight | D:Windwalker Monk | D:Enhancement Shaman,1,-3.04,10.0,13.3,13.3,13.3,-15.883,10.57,1665.0,Den of Nalorakk,10,2026-08-18,1665.0,6.0,0.0
all,T:Vengeance DemonHunter | H:Preservation Evoker | D:Arcane Mage | D:Enhancement Shaman | D:Arms Warrior,2,-3.05,10.0,20.8,23.1,20.8,-15.883,10.57,1291.0,Ruby Life Pools,10,2026-08-19,1378.0,9.0,0.0
all,T:Blood DeathKnight | H:Holy Priest | D:Arcane Mage | D:Windwalker Monk | D:Arms Warrior,9,-3.05,10.2,19.7,32.4,24.1,-15.883,10.57,1136.0,Ruby Life Pools,10,2026-08-18,1458.0,6.33,0.0
all,T:Guardian Druid | H:Restoration Shaman | D:Windwalker Monk | D:Shadow Priest | D:Affliction Warlock,2,-3.05,10.0,20.8,23.7,20.8,-15.883,10.57,1282.0,Ruby Life Pools,10,2026-08-18,1379.0,0.5,0.0
all,T:Protection Paladin | H:Restoration Shaman | D:Arcane Mage | D:Retribution Paladin | D:Assassination Rogue,1,-3.06,10.0,13.2,13.2,13.2,-15.883,10.57,1667.0,Den of Nalorakk,10,2026-08-18,1667.0,4.0,0.0
all,T:Vengeance DemonHunter | H:Mistweaver Monk | D:Arcane Mage | D:Outlaw Rogue | D:Arms Warrior,2,-3.07,10.0,20.8,26.0,20.8,-15.883,10.57,1243.0,Ruby Life Pools,10,2026-08-18,1380.0,4.0,0.0
all,T:Blood DeathKnight | H:Preservation Evoker | D:Unholy DeathKnight | D:Devourer DemonHunter | D:Arcane Mage,1,-3.07,10.0,13.1,13.1,13.1,-15.883,10.57,1565.0,Altar of Fangs,10,2026-08-18,1565.0,6.0,0.0
all,T:Blood DeathKnight | H:Holy Priest | D:Frost DeathKnight | D:Feral Druid | D:Marksmanship Hunter,1,-3.07,10.0,13.1,13.1,13.1,-15.883,10.57,1669.0,Den of Nalorakk,10,2026-08-18,1669.0,2.0,0.0
all,T:Brewmaster Monk | H:Holy Priest | D:Devourer DemonHunter | D:Outlaw Rogue | D:Destruction Warlock,1,-3.07,10.0,13.1,13.1,13.1,-15.883,10.57,1669.0,Den of Nalorakk,10,2026-08-19,1669.0,5.0,0.0
all,T:Blood DeathKnight | H:Restoration Shaman | D:Devourer DemonHunter | D:Augmentation Evoker | D:Arcane Mage,2,-3.08,10.0,20.8,24.5,20.8,-15.883,10.57,1449.0,Temple of Sethraliss,10,2026-08-18,1472.0,0.0,0.0
all,T:Blood DeathKnight | H:Restoration Shaman | D:Unholy DeathKnight | D:Devourer DemonHunter | D:Destruction Warlock,1,-3.08,11.0,-18.7,-18.7,-18.7,-15.883,10.57,2136.0,Voidscar Arena,11,2026-08-18,2136.0,20.0,0.0
all,T:Protection Paladin | H:Restoration Shaman | D:Balance Druid | D:BeastMastery Hunter | D:Windwalker Monk,3,-3.08,10.3,12.7,20.4,11.4,-15.883,10.57,1624.0,Murder Row,10,2026-08-19,1624.0,4.67,0.0
all,T:Protection Paladin | H:Restoration Shaman | D:Survival Hunter | D:Retribution Paladin | D:Arms Warrior,2,-3.08,10.0,20.8,23.5,20.8,-15.883,10.57,1561.0,Murder Row,10,2026-08-18,1518.0,8.0,0.0
all,T:Protection Warrior | H:Holy Paladin | D:Devourer DemonHunter | D:Balance Druid | D:Arcane Mage,2,-3.09,10.0,20.7,20.8,20.7,-15.883,10.57,1521.0,Den of Nalorakk,10,2026-08-18,1522.0,0.5,0.0
all,T:Brewmaster Monk | H:Holy Paladin | D:Balance Druid | D:Enhancement Shaman | D:Arms Warrior,1,-3.09,11.0,-18.8,-18.8,-18.8,-15.883,10.57,2281.0,Den of Nalorakk,11,2026-08-18,2281.0,23.0,0.0
all,T:Protection Paladin | H:Restoration Shaman | D:Balance Druid | D:Devastation Evoker | D:Windwalker Monk,1,-3.09,10.0,13.0,13.0,13.0,-15.883,10.57,1671.0,Den of Nalorakk,10,2026-08-19,1671.0,2.0,0.0
all,T:Vengeance DemonHunter | H:Preservation Evoker | D:Arcane Mage | D:Arcane Mage | D:Arms Warrior,2,-3.09,10.0,20.7,22.4,20.7,-15.883,10.57,1490.0,Den of Nalorakk,10,2026-08-18,1426.0,6.5,0.0
all,T:Protection Warrior | H:Restoration Shaman | D:Arcane Mage | D:Retribution Paladin | D:Shadow Priest,1,-3.09,11.0,-18.8,-18.8,-18.8,-15.883,10.57,2280.0,Temple of Sethraliss,11,2026-08-19,2280.0,21.0,0.0
all,T:Blood DeathKnight | H:Discipline Priest | D:Arcane Mage | D:Retribution Paladin | D:Subtlety Rogue,2,-3.1,10.5,4.8,21.1,4.8,-15.883,10.57,1609.0,Murder Row,10,2026-08-19,1876.0,12.5,0.0
all,T:Vengeance DemonHunter | H:Discipline Priest | D:Balance Druid | D:Destruction Warlock | D:Arms Warrior,1,-3.11,10.0,12.9,12.9,12.9,-15.883,10.57,1568.0,Altar of Fangs,10,2026-08-19,1568.0,11.0,0.0
all,T:Guardian Druid | H:Preservation Evoker | D:Retribution Paladin | D:Destruction Warlock | D:Arms Warrior,1,-3.11,10.0,12.9,12.9,12.9,-15.883,10.57,1568.0,Altar of Fangs,10,2026-08-18,1568.0,2.0,0.0
all,T:Blood DeathKnight | H:Restoration Shaman | D:Arcane Mage | D:Frost Mage | D:Windwalker Monk,1,-3.11,11.0,-18.9,-18.9,-18.9,-15.883,10.57,2282.0,Den of Nalorakk,11,2026-08-19,2282.0,12.0,0.0
all,T:Protection Paladin | H:Restoration Shaman | D:Devourer DemonHunter | D:Outlaw Rogue | D:Arms Warrior,1,-3.12,10.0,12.8,12.8,12.8,-15.883,10.57,1569.0,Altar of Fangs,10,2026-08-18,1569.0,2.0,0.0
all,T:Protection Paladin | H:Holy Paladin | D:Devastation Evoker | D:Shadow Priest | D:Demonology Warlock,2,-3.12,10.0,20.6,23.3,20.6,-15.883,10.57,1473.0,Temple of Sethraliss,10,2026-08-19,1475.0,4.0,0.0
all,T:Brewmaster Monk | H:Preservation Evoker | D:Balance Druid | D:Marksmanship Hunter | D:Retribution Paladin,1,-3.13,11.0,-19.0,-19.0,-19.0,-15.883,10.57,2142.0,Voidscar Arena,11,2026-08-19,2142.0,24.0,0.0
all,T:Protection Paladin | H:Restoration Shaman | D:Unholy DeathKnight | D:Elemental Shaman | D:Arms Warrior,4,-3.14,10.5,8.6,21.0,8.4,-15.883,10.57,1328.0,Ruby Life Pools,10,2026-08-19,1708.0,7.25,0.0
all,T:Protection Paladin | H:Restoration Shaman | D:Devastation Evoker | D:Retribution Paladin | D:Affliction Warlock,1,-3.14,10.0,12.7,12.7,12.7,-15.883,10.57,1571.0,Altar of Fangs,10,2026-08-18,1571.0,0.0,0.0
all,T:Guardian Druid | H:Holy Paladin | D:Unholy DeathKnight | D:Devourer DemonHunter | D:Elemental Shaman,1,-3.14,11.0,-19.1,-19.1,-19.1,-15.883,10.57,2144.0,Voidscar Arena,11,2026-08-18,2144.0,31.0,0.0
all,T:Blood DeathKnight | H:Holy Paladin | D:Marksmanship Hunter | D:Marksmanship Hunter | D:Arcane Mage,2,-3.15,10.0,20.5,20.6,20.5,-15.883,10.57,1525.0,Temple of Sethraliss,10,2026-08-19,1574.0,4.0,0.0
all,T:Protection Paladin | H:Restoration Druid | D:Survival Hunter | D:Arcane Mage | D:Elemental Shaman,1,-3.16,10.0,12.6,12.6,12.6,-15.883,10.57,1573.0,Altar of Fangs,10,2026-08-19,1573.0,2.0,0.0
all,T:Vengeance DemonHunter | H:Discipline Priest | D:Balance Druid | D:Arcane Mage | D:Elemental Shaman,1,-3.16,10.0,12.6,12.6,12.6,-15.883,10.57,1573.0,Altar of Fangs,10,2026-08-18,1573.0,2.0,0.0
all,T:Guardian Druid | H:Restoration Druid | D:Arcane Mage | D:Retribution Paladin | D:Arms Warrior,3,-3.17,10.3,12.5,19.6,18.7,-15.883,10.57,1543.0,Den of Nalorakk,10,2026-08-18,1543.0,5.67,0.0
all,T:Blood DeathKnight | H:Restoration Shaman | D:Balance Druid | D:Survival Hunter | D:Arcane Mage,2,-3.18,10.0,20.4,27.3,20.4,-15.883,10.57,1483.0,Murder Row,10,2026-08-18,1572.0,1.0,0.0
all,T:Blood DeathKnight | H:Holy Priest | D:Devourer DemonHunter | D:Devourer DemonHunter | D:Arms Warrior,1,-3.19,10.0,12.4,12.4,12.4,-15.883,10.57,1576.0,Altar of Fangs,10,2026-08-18,1576.0,4.0,0.0
all,T:Protection Paladin | H:Holy Priest | D:Devourer DemonHunter | D:Devastation Evoker | D:Arcane Mage,1,-3.19,11.0,-19.4,-19.4,-19.4,-15.883,10.57,2148.0,Altar of Fangs,11,2026-08-18,2148.0,12.0,0.0
all,T:Protection Warrior | H:Restoration Shaman | D:Unholy DeathKnight | D:Devourer DemonHunter | D:Feral Druid,1,-3.19,11.0,-19.4,-19.4,-19.4,-15.883,10.57,2150.0,The Blinding Vale,11,2026-08-18,2150.0,33.0,0.0
all,T:Guardian Druid | H:Discipline Priest | D:Arcane Mage | D:Shadow Priest | D:Destruction Warlock,3,-3.19,10.0,23.0,27.5,24.6,-15.883,10.57,1391.0,Den of Nalorakk,10,2026-08-18,1448.0,6.67,0.0
all,T:Protection Paladin | H:Restoration Shaman | D:Balance Druid | D:Feral Druid | D:Shadow Priest,2,-3.19,10.0,20.4,20.9,20.4,-15.883,10.57,1613.0,Murder Row,10,2026-08-19,1528.0,0.5,0.0
all,T:Protection Warrior | H:Holy Paladin | D:Unholy DeathKnight | D:Windwalker Monk | D:Arms Warrior,1,-3.19,11.0,-19.4,-19.4,-19.4,-15.883,10.57,2149.0,The Blinding Vale,11,2026-08-18,2149.0,15.0,0.0
all,T:Blood DeathKnight | H:Holy Paladin | D:Unholy DeathKnight | D:Windwalker Monk | D:Retribution Paladin,1,-3.19,10.0,12.4,12.4,12.4,-15.883,10.57,1577.0,Altar of Fangs,10,2026-08-18,1577.0,6.0,0.0
all,T:Brewmaster Monk | H:Preservation Evoker | D:Windwalker Monk | D:Elemental Shaman | D:Demonology Warlock,2,-3.2,11.0,-11.5,2.2,-11.5,-15.883,10.57,1877.0,Temple of Sethraliss,11,2026-08-18,2064.0,18.0,0.0
all,T:Guardian Druid | H:Restoration Shaman | D:Arcane Mage | D:Retribution Paladin | D:Demonology Warlock,2,-3.21,10.0,20.3,22.8,20.3,-15.883,10.57,1575.0,Murder Row,10,2026-08-18,1528.0,5.5,0.0
all,T:Blood DeathKnight | H:Restoration Shaman | D:Balance Druid | D:BeastMastery Hunter | D:Arcane Mage,1,-3.21,10.0,12.3,12.3,12.3,-15.883,10.57,1578.0,Altar of Fangs,10,2026-08-18,1578.0,5.0,0.0
all,T:Blood DeathKnight | H:Holy Paladin | D:Arcane Mage | D:Retribution Paladin | D:Subtlety Rogue,2,-3.21,10.0,20.3,20.6,20.3,-15.883,10.57,1430.0,Voidscar Arena,10,2026-08-18,1387.0,6.5,0.0
all,T:Guardian Druid | H:Restoration Shaman | D:Subtlety Rogue | D:Demonology Warlock | D:Destruction Warlock,1,-3.21,11.0,-19.5,-19.5,-19.5,-15.883,10.57,2439.0,Murder Row,11,2026-08-18,2439.0,26.0,0.0
all,T:Blood DeathKnight | H:Discipline Priest | D:Augmentation Evoker | D:BeastMastery Hunter | D:Arms Warrior,2,-3.21,10.5,4.4,22.4,4.4,-15.883,10.57,1536.0,Kings' Rest,10,2026-08-18,1859.0,9.0,0.0
all,T:Guardian Druid | H:Restoration Shaman | D:Marksmanship Hunter | D:Arcane Mage | D:Shadow Priest,2,-3.21,10.0,20.3,21.8,20.3,-15.883,10.57,1596.0,Murder Row,10,2026-08-18,1578.0,2.0,0.0
all,T:Protection Warrior | H:Holy Paladin | D:Arcane Mage | D:Retribution Paladin | D:Subtlety Rogue,2,-3.22,10.0,20.2,20.3,20.2,-15.883,10.57,1339.0,Ruby Life Pools,10,2026-08-18,1388.0,1.5,0.0
all,T:Brewmaster Monk | H:Restoration Shaman | D:Retribution Paladin | D:Shadow Priest | D:Arms Warrior,10,-3.22,10.2,20.4,32.9,22.1,-15.883,10.57,1328.0,Kings' Rest,10,2026-08-18,1454.0,4.6,0.0
all,T:Protection Warrior | H:Restoration Shaman | D:Feral Druid | D:BeastMastery Hunter | D:Subtlety Rogue,1,-3.22,10.0,12.2,12.2,12.2,-15.883,10.57,1580.0,Altar of Fangs,10,2026-08-18,1580.0,8.0,0.0
all,T:Protection Paladin | H:Preservation Evoker | D:Feral Druid | D:Assassination Rogue | D:Arms Warrior,2,-3.22,10.0,20.2,20.5,20.2,-15.883,10.57,1430.0,The Blinding Vale,10,2026-08-18,1508.0,2.0,0.0
all,T:Blood DeathKnight | H:Holy Priest | D:Havoc DemonHunter | D:Windwalker Monk | D:Fury Warrior,1,-3.22,10.0,12.2,12.2,12.2,-15.883,10.57,1581.0,Altar of Fangs,10,2026-08-18,1581.0,3.0,0.0
all,T:Protection Paladin | H:Mistweaver Monk | D:Devourer DemonHunter | D:Feral Druid | D:Arms Warrior,1,-3.24,10.0,12.1,12.1,12.1,-15.883,10.57,1582.0,Altar of Fangs,10,2026-08-18,1582.0,6.0,0.0
all,T:Blood DeathKnight | H:Holy Priest | D:Arcane Mage | D:Retribution Paladin | D:Destruction Warlock,1,-3.24,11.0,-19.7,-19.7,-19.7,-15.883,10.57,2011.0,Ruby Life Pools,11,2026-08-19,2011.0,16.0,0.0
all,T:Protection Warrior | H:Restoration Druid | D:Frost DeathKnight | D:BeastMastery Hunter | D:Arms Warrior,7,-3.26,10.0,25.9,31.5,27.6,-15.883,10.57,1397.0,Murder Row,10,2026-08-18,1397.0,2.86,0.0
all,T:Blood DeathKnight | H:Preservation Evoker | D:Balance Druid | D:Shadow Priest | D:Arms Warrior,1,-3.26,11.0,-19.8,-19.8,-19.8,-15.883,10.57,2445.0,Murder Row,11,2026-08-18,2445.0,20.0,0.0
all,T:Blood DeathKnight | H:Holy Paladin | D:BeastMastery Hunter | D:Arcane Mage | D:Subtlety Rogue,3,-3.26,10.0,22.8,27.9,20.6,-15.883,10.57,1384.0,Temple of Sethraliss,10,2026-08-19,1429.0,3.33,0.0
all,T:Protection Paladin | H:Holy Priest | D:Survival Hunter | D:Retribution Paladin | D:Elemental Shaman,2,-3.27,10.0,20.1,21.1,20.1,-15.883,10.57,1514.0,Temple of Sethraliss,10,2026-08-19,1558.0,2.5,0.0
all,T:Vengeance DemonHunter | H:Preservation Evoker | D:Balance Druid | D:Windwalker Monk | D:Shadow Priest,2,-3.28,11.0,-11.7,1.8,-11.7,-15.883,10.57,2003.0,Murder Row,11,2026-08-18,2128.0,15.0,0.0
all,T:Protection Warrior | H:Holy Paladin | D:Devastation Evoker | D:BeastMastery Hunter | D:Arms Warrior,1,-3.28,11.0,-19.9,-19.9,-19.9,-15.883,10.57,2015.0,Ruby Life Pools,11,2026-08-18,2015.0,29.0,0.0
all,T:Blood DeathKnight | H:Holy Paladin | D:Devourer DemonHunter | D:Balance Druid | D:BeastMastery Hunter,3,-3.29,10.0,22.8,30.1,19.6,-15.883,10.57,1174.0,Ruby Life Pools,10,2026-08-18,1351.0,8.0,0.0
all,T:Protection Warrior | H:Holy Paladin | D:Unholy DeathKnight | D:Devastation Evoker | D:Retribution Paladin,2,-3.29,10.0,20.0,20.8,20.0,-15.883,10.57,1425.0,The Blinding Vale,10,2026-08-18,1512.0,6.0,0.0
all,T:Blood DeathKnight | H:Restoration Druid | D:Augmentation Evoker | D:BeastMastery Hunter | D:Arms Warrior,2,-3.29,10.0,20.0,22.7,20.0,-15.883,10.57,1530.0,Kings' Rest,10,2026-08-18,1510.0,5.0,0.0
all,T:Blood DeathKnight | H:Holy Priest | D:Unholy DeathKnight | D:BeastMastery Hunter | D:Arms Warrior,1,-3.29,11.0,-20.0,-20.0,-20.0,-15.883,10.57,2376.0,Kings' Rest,11,2026-08-18,2376.0,22.0,0.0
all,T:Vengeance DemonHunter | H:Restoration Shaman | D:Devourer DemonHunter | D:Balance Druid | D:Marksmanship Hunter,2,-3.3,11.0,-11.8,6.9,-11.8,-15.883,10.57,1565.0,Ruby Life Pools,11,2026-08-18,1958.0,11.5,0.0
all,T:Brewmaster Monk | H:Discipline Priest | D:Unholy DeathKnight | D:Retribution Paladin | D:Enhancement Shaman,2,-3.31,10.0,20.0,23.4,20.0,-15.883,10.57,1287.0,Ruby Life Pools,10,2026-08-19,1395.0,0.5,0.0
all,T:Blood DeathKnight | H:Restoration Shaman | D:BeastMastery Hunter | D:Arcane Mage | D:Shadow Priest,2,-3.31,10.5,4.0,17.4,4.0,-15.883,10.57,1585.0,Temple of Sethraliss,10,2026-08-18,1907.0,7.0,0.0
all,T:Blood DeathKnight | H:Restoration Druid | D:Devourer DemonHunter | D:Frost Mage | D:Arms Warrior,1,-3.32,10.0,11.6,11.6,11.6,-15.883,10.57,1592.0,Altar of Fangs,10,2026-08-19,1592.0,5.0,0.0
all,T:Blood DeathKnight | H:Mistweaver Monk | D:Survival Hunter | D:Shadow Priest | D:Arms Warrior,2,-3.32,10.0,19.9,25.2,19.9,-15.883,10.57,1480.0,Kings' Rest,10,2026-08-18,1509.0,2.0,0.0
all,T:Guardian Druid | H:Holy Paladin | D:Frost Mage | D:Retribution Paladin | D:Arms Warrior,1,-3.33,11.0,-20.2,-20.2,-20.2,-15.883,10.57,2308.0,Temple of Sethraliss,11,2026-08-18,2308.0,15.0,0.0
all,T:Protection Warrior | H:Holy Paladin | D:BeastMastery Hunter | D:Arcane Mage | D:Demonology Warlock,2,-3.33,10.5,4.0,22.2,4.0,-15.883,10.57,1400.0,The Blinding Vale,10,2026-08-19,1728.0,12.5,0.0
all,T:Protection Paladin | H:Holy Paladin | D:Havoc DemonHunter | D:Balance Druid | D:Elemental Shaman,1,-3.34,10.0,11.5,11.5,11.5,-15.883,10.57,1593.0,Altar of Fangs,10,2026-08-18,1593.0,2.0,0.0
all,T:Guardian Druid | H:Holy Paladin | D:Subtlety Rogue | D:Elemental Shaman | D:Arms Warrior,2,-3.34,10.0,19.8,24.0,19.8,-15.883,10.57,1368.0,Voidscar Arena,10,2026-08-18,1494.0,4.5,0.0
all,T:Protection Paladin | H:Holy Paladin | D:Unholy DeathKnight | D:Devourer DemonHunter | D:Elemental Shaman,2,-3.34,10.5,3.9,21.7,3.9,-15.883,10.57,1409.0,Altar of Fangs,10,2026-08-19,1797.0,8.0,0.0
all,T:Blood DeathKnight | H:Restoration Druid | D:BeastMastery Hunter | D:Retribution Paladin | D:Arms Warrior,2,-3.35,10.0,19.8,20.4,19.8,-15.883,10.57,1528.0,Temple of Sethraliss,10,2026-08-18,1564.0,9.5,0.0
all,T:Blood DeathKnight | H:Discipline Priest | D:Unholy DeathKnight | D:Shadow Priest | D:Arms Warrior,3,-3.35,10.3,12.0,19.4,9.4,-15.883,10.57,1595.0,Kings' Rest,10,2026-08-18,1595.0,9.67,0.0
all,T:Blood DeathKnight | H:Holy Paladin | D:Devourer DemonHunter | D:Arcane Mage | D:Windwalker Monk,5,-3.35,10.4,12.1,32.7,17.8,-15.883,10.57,1293.0,Temple of Sethraliss,10,2026-08-19,1578.0,9.0,0.0
all,T:Protection Warrior | H:Holy Paladin | D:Devastation Evoker | D:Demonology Warlock | D:Arms Warrior,6,-3.35,10.2,20.1,30.5,20.6,-15.883,10.57,1251.0,Voidscar Arena,10,2026-08-18,1566.0,8.0,0.0
all,T:Blood DeathKnight | H:Preservation Evoker | D:Unholy DeathKnight | D:Arcane Mage | D:Retribution Paladin,4,-3.36,10.2,16.0,28.2,21.0,-15.883,10.57,1206.0,Ruby Life Pools,10,2026-08-18,1468.0,9.75,0.0
all,T:Blood DeathKnight | H:Holy Paladin | D:Balance Druid | D:Windwalker Monk | D:Elemental Shaman,3,-3.36,10.0,22.6,24.7,24.6,-15.883,10.57,1536.0,Murder Row,10,2026-08-18,1536.0,4.33,0.0
all,T:Blood DeathKnight | H:Preservation Evoker | D:Devastation Evoker | D:Arcane Mage | D:Elemental Shaman,1,-3.36,11.0,-20.4,-20.4,-20.4,-15.883,10.57,2168.0,The Blinding Vale,11,2026-08-18,2168.0,19.0,0.0
all,T:Blood DeathKnight | H:Discipline Priest | D:Arcane Mage | D:Assassination Rogue | D:Destruction Warlock,2,-3.36,11.0,-12.0,11.5,-12.0,-15.883,10.57,1593.0,Altar of Fangs,11,2026-08-19,2098.0,14.5,0.0
all,T:Protection Warrior | H:Holy Paladin | D:Feral Druid | D:Fire Mage | D:Subtlety Rogue,1,-3.36,10.0,11.4,11.4,11.4,-15.883,10.57,1594.0,Altar of Fangs,10,2026-08-18,1594.0,11.0,0.0
all,T:Protection Paladin | H:Holy Paladin | D:Devourer DemonHunter | D:Elemental Shaman | D:Arms Warrior,3,-3.37,10.3,12.0,18.9,14.3,-15.883,10.57,1556.0,Temple of Sethraliss,10,2026-08-18,1646.0,5.33,0.0
all,T:Blood DeathKnight | H:Holy Paladin | D:Unholy DeathKnight | D:Frost Mage | D:Arms Warrior,3,-3.37,10.7,1.4,18.4,9.5,-15.883,10.57,1616.0,Kings' Rest,10,2026-08-18,1792.0,11.0,0.0
all,T:Protection Warrior | H:Restoration Shaman | D:Marksmanship Hunter | D:Arms Warrior | D:Arms Warrior,2,-3.37,10.0,19.8,22.3,19.8,-15.883,10.57,1585.0,Murder Row,10,2026-08-18,1538.0,6.0,0.0
all,T:Guardian Druid | H:Discipline Priest | D:Frost DeathKnight | D:Arcane Mage | D:Retribution Paladin,1,-3.37,10.0,11.3,11.3,11.3,-15.883,10.57,1597.0,Altar of Fangs,10,2026-08-18,1597.0,0.0,0.0
all,T:Blood DeathKnight | H:Restoration Shaman | D:Marksmanship Hunter | D:Retribution Paladin | D:Enhancement Shaman,1,-3.38,11.0,-20.5,-20.5,-20.5,-15.883,10.57,2168.0,The Blinding Vale,11,2026-08-18,2168.0,14.0,0.0
all,T:Blood DeathKnight | H:Restoration Shaman | D:Devourer DemonHunter | D:Devastation Evoker | D:Demonology Warlock,2,-3.39,10.0,19.6,23.7,19.6,-15.883,10.57,1465.0,Temple of Sethraliss,10,2026-08-18,1492.0,4.0,0.0
all,T:Blood DeathKnight | H:Mistweaver Monk | D:Devourer DemonHunter | D:Devastation Evoker | D:Arcane Mage,2,-3.39,10.0,19.6,21.3,19.6,-15.883,10.57,1606.0,Murder Row,10,2026-08-19,1541.0,8.0,0.0
all,T:Blood DeathKnight | H:Mistweaver Monk | D:Retribution Paladin | D:Shadow Priest | D:Arms Warrior,1,-3.39,10.0,11.2,11.2,11.2,-15.883,10.57,1599.0,Altar of Fangs,10,2026-08-18,1599.0,2.0,0.0
all,T:Protection Paladin | H:Restoration Shaman | D:BeastMastery Hunter | D:BeastMastery Hunter | D:Arms Warrior,1,-3.39,10.0,11.2,11.2,11.2,-15.883,10.57,1599.0,Altar of Fangs,10,2026-08-18,1599.0,1.0,0.0
all,T:Brewmaster Monk | H:Restoration Shaman | D:Frost DeathKnight | D:Devastation Evoker | D:Enhancement Shaman,5,-3.4,10.0,24.7,29.6,26.1,-15.883,10.57,1351.0,Den of Nalorakk,10,2026-08-18,1351.0,4.8,0.0
all,T:Blood DeathKnight | H:Mistweaver Monk | D:Elemental Shaman | D:Demonology Warlock | D:Arms Warrior,3,-3.4,10.3,11.9,21.9,15.3,-15.883,10.57,1312.0,Ruby Life Pools,10,2026-08-18,1525.0,7.0,0.0
all,T:Vengeance DemonHunter | H:Restoration Druid | D:BeastMastery Hunter | D:Fire Mage | D:Retribution Paladin,1,-3.41,10.0,11.1,11.1,11.1,-15.883,10.57,1600.0,Altar of Fangs,10,2026-08-18,1600.0,3.0,0.0
all,T:Protection Warrior | H:Holy Priest | D:Havoc DemonHunter | D:Balance Druid | D:Destruction Warlock,4,-3.41,10.0,23.8,26.5,23.5,-15.883,10.57,1456.0,Kings' Rest,10,2026-08-19,1450.0,3.75,0.0
all,T:Blood DeathKnight | H:Discipline Priest | D:Havoc DemonHunter | D:Shadow Priest | D:Enhancement Shaman,2,-3.42,10.0,19.6,21.1,19.6,-15.883,10.57,1420.0,Voidscar Arena,10,2026-08-18,1498.0,0.0,0.0
all,T:Brewmaster Monk | H:Discipline Priest | D:Devastation Evoker | D:Arcane Mage | D:Demonology Warlock,1,-3.42,10.0,11.0,11.0,11.0,-15.883,10.57,1601.0,Altar of Fangs,10,2026-08-18,1601.0,3.0,0.0
all,T:Protection Paladin | H:Restoration Shaman | D:Arcane Mage | D:Windwalker Monk | D:Arms Warrior,2,-3.42,10.0,19.5,20.2,19.5,-15.883,10.57,1532.0,Temple of Sethraliss,10,2026-08-19,1448.0,3.5,0.0
all,T:Blood DeathKnight | H:Holy Paladin | D:Devourer DemonHunter | D:Arcane Mage | D:Fury Warrior,2,-3.42,10.0,19.5,19.9,19.5,-15.883,10.57,1345.0,Ruby Life Pools,10,2026-08-19,1448.0,2.5,0.0
all,T:Protection Warrior | H:Discipline Priest | D:BeastMastery Hunter | D:Arcane Mage | D:Destruction Warlock,4,-3.43,10.2,15.9,24.4,15.3,-15.883,10.57,1497.0,Kings' Rest,10,2026-08-18,1605.0,0.5,0.0
all,T:Protection Paladin | H:Preservation Evoker | D:Unholy DeathKnight | D:Windwalker Monk | D:Elemental Shaman,1,-3.43,11.0,-20.8,-20.8,-20.8,-15.883,10.57,2392.0,Kings' Rest,11,2026-08-19,2392.0,18.0,0.0
all,T:Blood DeathKnight | H:Restoration Shaman | D:Survival Hunter | D:Fire Mage | D:Retribution Paladin,1,-3.43,11.0,-20.8,-20.8,-20.8,-15.883,10.57,2319.0,Temple of Sethraliss,11,2026-08-19,2319.0,17.0,0.0
all,T:Brewmaster Monk | H:Restoration Shaman | D:Unholy DeathKnight | D:Subtlety Rogue | D:Destruction Warlock,1,-3.44,11.0,-20.9,-20.9,-20.9,-15.883,10.57,2176.0,The Blinding Vale,11,2026-08-18,2176.0,31.0,0.0
all,T:Guardian Druid | H:Discipline Priest | D:Frost DeathKnight | D:Unholy DeathKnight | D:Havoc DemonHunter,1,-3.44,11.0,-20.9,-20.9,-20.9,-15.883,10.57,2176.0,The Blinding Vale,11,2026-08-19,2176.0,18.0,0.0
all,T:Vengeance DemonHunter | H:Restoration Shaman | D:Balance Druid | D:Shadow Priest | D:Subtlety Rogue,1,-3.44,10.0,10.9,10.9,10.9,-15.883,10.57,1604.0,Altar of Fangs,10,2026-08-19,1604.0,5.0,0.0
all,T:Guardian Druid | H:Restoration Shaman | D:Havoc DemonHunter | D:Retribution Paladin | D:Destruction Warlock,2,-3.44,10.0,19.5,21.3,19.5,-15.883,10.57,1606.0,Murder Row,10,2026-08-19,1494.0,2.0,0.0
all,T:Blood DeathKnight | H:Restoration Shaman | D:Arcane Mage | D:Arcane Mage | D:Elemental Shaman,1,-3.44,11.0,-20.9,-20.9,-20.9,-15.883,10.57,2322.0,Temple of Sethraliss,11,2026-08-19,2322.0,23.0,0.0
all,T:Blood DeathKnight | H:Restoration Druid | D:Arcane Mage | D:Arcane Mage | D:Windwalker Monk,2,-3.45,10.0,19.4,20.0,19.4,-15.883,10.57,1441.0,The Blinding Vale,10,2026-08-18,1402.0,6.0,0.0
all,T:Blood DeathKnight | H:Restoration Shaman | D:BeastMastery Hunter | D:Shadow Priest | D:Assassination Rogue,4,-3.46,10.2,15.8,23.8,14.5,-15.883,10.57,1554.0,Murder Row,10,2026-08-18,1528.0,2.5,0.0
all,T:Blood DeathKnight | H:Holy Paladin | D:BeastMastery Hunter | D:Windwalker Monk | D:Assassination Rogue,1,-3.46,11.0,-21.0,-21.0,-21.0,-15.883,10.57,2033.0,Ruby Life Pools,11,2026-08-18,2033.0,16.0,0.0
all,T:Blood DeathKnight | H:Mistweaver Monk | D:Arcane Mage | D:Shadow Priest | D:Enhancement Shaman,1,-3.46,11.0,-21.0,-21.0,-21.0,-15.883,10.57,2032.0,Ruby Life Pools,11,2026-08-18,2032.0,23.0,0.0
all,T:Vengeance DemonHunter | H:Preservation Evoker | D:Devourer DemonHunter | D:Havoc DemonHunter | D:Demonology Warlock,2,-3.46,10.5,3.6,21.6,3.6,-15.883,10.57,1506.0,Temple of Sethraliss,10,2026-08-18,1784.0,20.0,0.0
all,T:Protection Paladin | H:Discipline Priest | D:Unholy DeathKnight | D:Windwalker Monk | D:Fury Warrior,2,-3.47,10.5,3.5,8.6,3.5,-15.883,10.57,1645.0,Altar of Fangs,10,2026-08-18,1828.0,10.5,0.0
all,T:Protection Warrior | H:Holy Paladin | D:Havoc DemonHunter | D:Marksmanship Hunter | D:Elemental Shaman,1,-3.47,10.0,10.7,10.7,10.7,-15.883,10.57,1607.0,Altar of Fangs,10,2026-08-18,1607.0,6.0,0.0
all,T:Guardian Druid | H:Restoration Shaman | D:Devourer DemonHunter | D:Windwalker Monk | D:Arms Warrior,1,-3.47,10.0,10.7,10.7,10.7,-15.883,10.57,1607.0,Altar of Fangs,10,2026-08-19,1607.0,8.0,0.0
all,T:Guardian Druid | H:Holy Paladin | D:Devourer DemonHunter | D:Windwalker Monk | D:Affliction Warlock,2,-3.48,10.0,19.4,22.4,19.4,-15.883,10.57,1396.0,Voidscar Arena,10,2026-08-19,1502.0,1.0,0.0
all,T:Blood DeathKnight | H:Restoration Shaman | D:Balance Druid | D:Marksmanship Hunter | D:Demonology Warlock,2,-3.48,10.0,19.4,19.8,19.4,-15.883,10.57,1588.0,Kings' Rest,10,2026-08-19,1475.0,2.5,0.0
all,T:Guardian Druid | H:Holy Paladin | D:Devourer DemonHunter | D:Devourer DemonHunter | D:Devastation Evoker,8,-3.48,10.1,21.9,30.3,25.8,-15.883,10.57,1255.0,Voidscar Arena,10,2026-08-18,1490.0,4.12,0.0
all,T:Protection Paladin | H:Restoration Shaman | D:Unholy DeathKnight | D:Windwalker Monk | D:Arms Warrior,2,-3.48,10.0,19.4,20.2,19.4,-15.883,10.57,1436.0,The Blinding Vale,10,2026-08-18,1500.0,4.5,0.0
all,T:Vengeance DemonHunter | H:Discipline Priest | D:Windwalker Monk | D:Subtlety Rogue | D:Destruction Warlock,5,-3.49,10.2,18.2,27.5,18.6,-15.883,10.57,1305.0,Voidscar Arena,10,2026-08-18,1520.0,7.0,0.0
all,T:Blood DeathKnight | H:Preservation Evoker | D:BeastMastery Hunter | D:Elemental Shaman | D:Arms Warrior,3,-3.5,10.0,22.2,23.7,23.7,-15.883,10.57,1558.0,Murder Row,10,2026-08-18,1454.0,8.0,0.0
all,T:Protection Paladin | H:Mistweaver Monk | D:Frost DeathKnight | D:Assassination Rogue | D:Destruction Warlock,1,-3.51,11.0,-21.3,-21.3,-21.3,-15.883,10.57,2184.0,The Blinding Vale,11,2026-08-18,2184.0,16.0,0.0
all,T:Protection Paladin | H:Holy Paladin | D:Windwalker Monk | D:Outlaw Rogue | D:Arms Warrior,1,-3.51,10.0,10.5,10.5,10.5,-15.883,10.57,1612.0,Altar of Fangs,10,2026-08-19,1612.0,3.0,0.0
all,T:Guardian Druid | H:Preservation Evoker | D:Arcane Mage | D:Demonology Warlock | D:Fury Warrior,1,-3.51,11.0,-21.3,-21.3,-21.3,-15.883,10.57,2475.0,Murder Row,11,2026-08-18,2475.0,27.0,0.0
all,T:Vengeance DemonHunter | H:Restoration Shaman | D:BeastMastery Hunter | D:Enhancement Shaman | D:Arms Warrior,2,-3.51,10.5,3.4,20.0,3.4,-15.883,10.57,1536.0,Den of Nalorakk,10,2026-08-18,1720.0,16.0,0.0
all,T:Blood DeathKnight | H:Holy Paladin | D:Arcane Mage | D:Windwalker Monk | D:Destruction Warlock,1,-3.52,10.0,10.4,10.4,10.4,-15.883,10.57,1612.0,Altar of Fangs,10,2026-08-18,1612.0,3.0,0.0
all,T:Vengeance DemonHunter | H:Mistweaver Monk | D:Balance Druid | D:Retribution Paladin | D:Arms Warrior,3,-3.52,10.0,22.1,23.9,22.5,-15.883,10.57,1370.0,Voidscar Arena,10,2026-08-19,1370.0,2.33,0.0
all,T:Blood DeathKnight | H:Holy Priest | D:Balance Druid | D:Marksmanship Hunter | D:Windwalker Monk,2,-3.52,10.0,19.2,20.4,19.2,-15.883,10.57,1528.0,Den of Nalorakk,10,2026-08-19,1576.0,2.0,0.0
all,T:Brewmaster Monk | H:Preservation Evoker | D:Balance Druid | D:Marksmanship Hunter | D:Destruction Warlock,1,-3.53,11.0,-21.4,-21.4,-21.4,-15.883,10.57,2330.0,Temple of Sethraliss,11,2026-08-18,2330.0,21.0,0.0
all,T:Blood DeathKnight | H:Restoration Shaman | D:Devourer DemonHunter | D:Destruction Warlock | D:Arms Warrior,3,-3.53,10.3,11.5,18.3,16.8,-15.883,10.57,1568.0,Den of Nalorakk,10,2026-08-18,1568.0,8.33,0.0
all,T:Blood DeathKnight | H:Preservation Evoker | D:BeastMastery Hunter | D:Elemental Shaman | D:Demonology Warlock,2,-3.53,10.5,3.3,24.7,3.3,-15.883,10.57,1265.0,Ruby Life Pools,10,2026-08-19,1696.0,17.5,0.0
all,T:Protection Warrior | H:Holy Paladin | D:Unholy DeathKnight | D:Arcane Mage | D:Shadow Priest,7,-3.55,10.1,20.9,26.2,20.6,-15.883,10.57,1506.0,Murder Row,10,2026-08-18,1481.0,2.43,0.0
all,T:Protection Paladin | H:Restoration Shaman | D:Balance Druid | D:Windwalker Monk | D:Demonology Warlock,2,-3.55,10.0,19.1,25.6,19.1,-15.883,10.57,1429.0,Temple of Sethraliss,10,2026-08-19,1501.0,1.0,0.0
all,T:Blood DeathKnight | H:Restoration Druid | D:Devastation Evoker | D:Arcane Mage | D:Arcane Mage,1,-3.56,10.0,10.2,10.2,10.2,-15.883,10.57,1617.0,Altar of Fangs,10,2026-08-18,1617.0,5.0,0.0
all,T:Vengeance DemonHunter | H:Restoration Shaman | D:Balance Druid | D:Retribution Paladin | D:Assassination Rogue,1,-3.57,10.0,10.1,10.1,10.1,-15.883,10.57,1618.0,Altar of Fangs,10,2026-08-18,1618.0,3.0,0.0
all,T:Blood DeathKnight | H:Mistweaver Monk | D:Devastation Evoker | D:BeastMastery Hunter | D:Arms Warrior,2,-3.57,10.0,19.0,19.7,19.0,-15.883,10.57,1349.0,Ruby Life Pools,10,2026-08-18,1458.0,5.5,0.0
all,T:Blood DeathKnight | H:Holy Paladin | D:Marksmanship Hunter | D:Destruction Warlock | D:Arms Warrior,2,-3.57,10.0,19.0,20.9,19.0,-15.883,10.57,1565.0,Kings' Rest,10,2026-08-19,1528.0,5.0,0.0
all,T:Vengeance DemonHunter | H:Mistweaver Monk | D:Unholy DeathKnight | D:Havoc DemonHunter | D:Balance Druid,3,-3.57,10.3,11.4,17.6,16.4,-15.883,10.57,1631.0,Kings' Rest,10,2026-08-19,1631.0,4.0,0.0
all,T:Brewmaster Monk | H:Restoration Druid | D:Devourer DemonHunter | D:Arcane Mage | D:Arcane Mage,2,-3.57,10.5,3.2,20.0,3.2,-15.883,10.57,1343.0,Ruby Life Pools,10,2026-08-19,1694.0,17.0,0.0
all,T:Blood DeathKnight | H:Holy Paladin | D:Arcane Mage | D:Windwalker Monk | D:Demonology Warlock,3,-3.57,11.0,-9.8,6.8,-3.8,-15.883,10.57,1678.0,Voidscar Arena,11,2026-08-19,1868.0,14.67,0.0
all,T:Protection Paladin | H:Restoration Shaman | D:Augmentation Evoker | D:BeastMastery Hunter | D:Destruction Warlock,1,-3.58,11.0,-21.7,-21.7,-21.7,-15.883,10.57,2337.0,Den of Nalorakk,11,2026-08-19,2337.0,23.0,0.0
all,T:Blood DeathKnight | H:Holy Paladin | D:Balance Druid | D:BeastMastery Hunter | D:Affliction Warlock,1,-3.58,11.0,-21.7,-21.7,-21.7,-15.883,10.57,2337.0,Den of Nalorakk,11,2026-08-18,2337.0,13.0,0.0
all,T:Blood DeathKnight | H:Restoration Shaman | D:Arcane Mage | D:Shadow Priest | D:Demonology Warlock,3,-3.59,10.0,22.0,24.0,23.9,-15.883,10.57,1460.0,Temple of Sethraliss,10,2026-08-18,1460.0,4.0,0.0
all,T:Protection Paladin | H:Holy Priest | D:Unholy DeathKnight | D:Balance Druid | D:Survival Hunter,1,-3.59,10.0,10.0,10.0,10.0,-15.883,10.57,1620.0,Altar of Fangs,10,2026-08-19,1620.0,6.0,0.0
all,T:Protection Warrior | H:Holy Paladin | D:Frost DeathKnight | D:Arcane Mage | D:Windwalker Monk,1,-3.61,10.0,9.9,9.9,9.9,-15.883,10.57,1622.0,Altar of Fangs,10,2026-08-18,1622.0,6.0,0.0
all,T:Guardian Druid | H:Restoration Shaman | D:Augmentation Evoker | D:Elemental Shaman | D:Demonology Warlock,2,-3.61,10.0,18.9,20.1,18.9,-15.883,10.57,1439.0,Voidscar Arena,10,2026-08-18,1460.0,2.5,0.0
all,T:Brewmaster Monk | H:Discipline Priest | D:BeastMastery Hunter | D:Windwalker Monk | D:Enhancement Shaman,1,-3.61,11.0,-21.9,-21.9,-21.9,-15.883,10.57,2048.0,Ruby Life Pools,11,2026-08-19,2048.0,17.0,0.0
all,T:Protection Warrior | H:Preservation Evoker | D:Arcane Mage | D:Shadow Priest | D:Arms Warrior,3,-3.61,10.7,0.7,19.9,7.0,-15.883,10.57,1633.0,Murder Row,10,2026-08-18,1841.0,11.67,0.0
all,T:Protection Paladin | H:Restoration Shaman | D:Havoc DemonHunter | D:Augmentation Evoker | D:Assassination Rogue,2,-3.61,10.0,18.9,19.9,18.9,-15.883,10.57,1538.0,Den of Nalorakk,10,2026-08-19,1508.0,1.0,0.0
all,T:Vengeance DemonHunter | H:Restoration Shaman | D:Windwalker Monk | D:Arms Warrior | D:Arms Warrior,1,-3.62,10.0,9.8,9.8,9.8,-15.883,10.57,1624.0,Altar of Fangs,10,2026-08-19,1624.0,6.0,0.0
all,T:Blood DeathKnight | H:Restoration Shaman | D:Feral Druid | D:Subtlety Rogue | D:Arms Warrior,2,-3.62,10.0,18.8,19.1,18.8,-15.883,10.57,1457.0,Voidscar Arena,10,2026-08-18,1534.0,6.5,0.0
all,T:Blood DeathKnight | H:Mistweaver Monk | D:Marksmanship Hunter | D:Outlaw Rogue | D:Demonology Warlock,1,-3.63,11.0,-22.0,-22.0,-22.0,-15.883,10.57,2343.0,Den of Nalorakk,11,2026-08-18,2343.0,23.0,0.0
all,T:Guardian Druid | H:Restoration Druid | D:Havoc DemonHunter | D:Marksmanship Hunter | D:Retribution Paladin,2,-3.63,11.0,-13.0,-6.1,-13.0,-15.883,10.57,1782.0,Ruby Life Pools,11,2026-08-18,1969.0,12.5,0.0
all,T:Brewmaster Monk | H:Holy Paladin | D:Devastation Evoker | D:Arcane Mage | D:Windwalker Monk,1,-3.63,11.0,-22.0,-22.0,-22.0,-15.883,10.57,2343.0,Den of Nalorakk,11,2026-08-18,2343.0,19.0,0.0
all,T:Blood DeathKnight | H:Restoration Shaman | D:Augmentation Evoker | D:Windwalker Monk | D:Arms Warrior,1,-3.64,11.0,-22.1,-22.1,-22.1,-15.883,10.57,2197.0,Voidscar Arena,11,2026-08-19,2197.0,15.0,0.0
all,T:Blood DeathKnight | H:Holy Paladin | D:Unholy DeathKnight | D:BeastMastery Hunter | D:Subtlety Rogue,1,-3.64,11.0,-22.1,-22.1,-22.1,-15.883,10.57,2345.0,Den of Nalorakk,11,2026-08-19,2345.0,19.0,0.0
all,T:Protection Warrior | H:Preservation Evoker | D:Frost DeathKnight | D:Devourer DemonHunter | D:Arms Warrior,4,-3.64,10.2,15.4,27.6,20.2,-15.883,10.57,1477.0,Murder Row,10,2026-08-18,1557.0,7.75,0.0
all,T:Blood DeathKnight | H:Holy Paladin | D:BeastMastery Hunter | D:Marksmanship Hunter | D:Demonology Warlock,1,-3.64,11.0,-22.1,-22.1,-22.1,-15.883,10.57,2418.0,Kings' Rest,11,2026-08-18,2418.0,19.0,0.0
all,T:Protection Paladin | H:Holy Paladin | D:Balance Druid | D:Outlaw Rogue | D:Elemental Shaman,1,-3.66,10.0,9.6,9.6,9.6,-15.883,10.57,1627.0,Altar of Fangs,10,2026-08-19,1627.0,1.0,0.0
all,T:Vengeance DemonHunter | H:Discipline Priest | D:BeastMastery Hunter | D:Arcane Mage | D:Arms Warrior,1,-3.66,10.0,9.6,9.6,9.6,-15.883,10.57,1628.0,Altar of Fangs,10,2026-08-18,1628.0,3.0,0.0
all,T:Blood DeathKnight | H:Holy Priest | D:Havoc DemonHunter | D:Survival Hunter | D:Retribution Paladin,1,-3.66,11.0,-22.2,-22.2,-22.2,-15.883,10.57,2492.0,Murder Row,11,2026-08-18,2492.0,28.0,0.0
all,T:Blood DeathKnight | H:Holy Paladin | D:Unholy DeathKnight | D:Balance Druid | D:Arcane Mage,7,-3.66,10.6,7.1,21.0,15.0,-15.883,10.57,1516.0,Temple of Sethraliss,11,2026-08-18,1632.0,6.86,0.0
all,T:Blood DeathKnight | H:Holy Priest | D:Affliction Warlock | D:Demonology Warlock | D:Fury Warrior,1,-3.66,10.0,9.6,9.6,9.6,-15.883,10.57,1626.0,Altar of Fangs,10,2026-08-18,1626.0,4.0,0.0
all,T:Protection Paladin | H:Holy Paladin | D:BeastMastery Hunter | D:Retribution Paladin | D:Arms Warrior,2,-3.67,10.0,18.7,19.4,18.7,-15.883,10.57,1596.0,Kings' Rest,10,2026-08-18,1536.0,7.5,0.0
all,T:Protection Paladin | H:Restoration Shaman | D:Frost DeathKnight | D:Devourer DemonHunter | D:Arms Warrior,1,-3.67,10.0,9.5,9.5,9.5,-15.883,10.57,1629.0,Altar of Fangs,10,2026-08-18,1629.0,9.0,0.0
all,T:Brewmaster Monk | H:Mistweaver Monk | D:BeastMastery Hunter | D:Shadow Priest | D:Elemental Shaman,1,-3.67,10.0,9.5,9.5,9.5,-15.883,10.57,1630.0,Altar of Fangs,10,2026-08-18,1630.0,0.0,0.0
all,T:Protection Paladin | H:Holy Paladin | D:BeastMastery Hunter | D:Arcane Mage | D:Arms Warrior,2,-3.68,10.0,18.6,21.0,18.6,-15.883,10.57,1611.0,Murder Row,10,2026-08-19,1559.0,1.5,0.0
all,T:Blood DeathKnight | H:Preservation Evoker | D:Shadow Priest | D:Affliction Warlock | D:Arms Warrior,1,-3.68,11.0,-22.3,-22.3,-22.3,-15.883,10.57,2348.0,Temple of Sethraliss,11,2026-08-18,2348.0,23.0,0.0
all,T:Protection Warrior | H:Holy Priest | D:BeastMastery Hunter | D:Elemental Shaman | D:Fury Warrior,2,-3.69,10.0,18.6,19.6,18.6,-15.883,10.57,1544.0,Temple of Sethraliss,10,2026-08-19,1562.0,3.0,0.0
all,T:Blood DeathKnight | H:Holy Paladin | D:Unholy DeathKnight | D:Devourer DemonHunter | D:Elemental Shaman,2,-3.69,10.5,2.8,22.8,2.8,-15.883,10.57,1390.0,Altar of Fangs,10,2026-08-18,1820.0,12.5,0.0
all,T:Blood DeathKnight | H:Holy Paladin | D:Feral Druid | D:Arcane Mage | D:Assassination Rogue,1,-3.69,10.0,9.4,9.4,9.4,-15.883,10.57,1630.0,Altar of Fangs,10,2026-08-19,1630.0,0.0,0.0
all,T:Protection Warrior | H:Restoration Druid | D:Retribution Paladin | D:Outlaw Rogue | D:Destruction Warlock,2,-3.7,10.5,2.7,11.2,2.7,-15.883,10.57,1598.0,Altar of Fangs,10,2026-08-18,1751.0,11.5,0.0
all,T:Blood DeathKnight | H:Restoration Shaman | D:BeastMastery Hunter | D:Fire Mage | D:Arms Warrior,2,-3.7,10.5,2.7,18.2,2.7,-15.883,10.57,1374.0,Ruby Life Pools,10,2026-08-18,1770.0,9.0,0.0
all,T:Blood DeathKnight | H:Restoration Shaman | D:BeastMastery Hunter | D:Outlaw Rogue | D:Arms Warrior,2,-3.7,11.0,-13.2,10.9,-13.2,-15.883,10.57,1712.0,Den of Nalorakk,11,2026-08-19,2174.0,12.0,0.0
all,T:Protection Warrior | H:Holy Paladin | D:Unholy DeathKnight | D:Arcane Mage | D:Demonology Warlock,3,-3.71,10.0,21.6,25.7,23.9,-15.883,10.57,1515.0,Murder Row,10,2026-08-18,1515.0,1.67,0.0
all,T:Protection Warrior | H:Holy Paladin | D:Unholy DeathKnight | D:Retribution Paladin | D:Destruction Warlock,2,-3.71,10.0,18.6,20.6,18.6,-15.883,10.57,1334.0,Ruby Life Pools,10,2026-08-18,1419.0,2.0,0.0
all,T:Blood DeathKnight | H:Preservation Evoker | D:Frost Mage | D:Retribution Paladin | D:Arms Warrior,1,-3.72,10.0,9.2,9.2,9.2,-15.883,10.57,1635.0,Altar of Fangs,10,2026-08-19,1635.0,2.0,0.0
all,T:Blood DeathKnight | H:Restoration Shaman | D:Arcane Mage | D:Retribution Paladin | D:Elemental Shaman,1,-3.72,10.0,9.2,9.2,9.2,-15.883,10.57,1635.0,Altar of Fangs,10,2026-08-18,1635.0,0.0,0.0
all,T:Protection Paladin | H:Restoration Druid | D:Devourer DemonHunter | D:BeastMastery Hunter | D:Elemental Shaman,3,-3.73,10.3,11.0,26.9,22.6,-15.883,10.57,1403.0,Temple of Sethraliss,10,2026-08-19,1578.0,8.33,0.0
all,T:Guardian Druid | H:Mistweaver Monk | D:Devourer DemonHunter | D:BeastMastery Hunter | D:Destruction Warlock,2,-3.73,10.5,2.6,17.5,2.6,-15.883,10.57,1584.0,Temple of Sethraliss,10,2026-08-18,1938.0,17.5,0.0
all,T:Protection Paladin | H:Discipline Priest | D:Balance Druid | D:Shadow Priest | D:Elemental Shaman,1,-3.73,11.0,-22.6,-22.6,-22.6,-15.883,10.57,2354.0,Den of Nalorakk,11,2026-08-19,2354.0,10.0,0.0
all,T:Blood DeathKnight | H:Restoration Shaman | D:Arcane Mage | D:Destruction Warlock | D:Fury Warrior,1,-3.74,10.0,9.1,9.1,9.1,-15.883,10.57,1637.0,Altar of Fangs,10,2026-08-19,1637.0,2.0,0.0
all,T:Protection Paladin | H:Preservation Evoker | D:Unholy DeathKnight | D:Devourer DemonHunter | D:Arcane Mage,2,-3.75,10.0,18.4,20.9,18.4,-15.883,10.57,1424.0,The Blinding Vale,10,2026-08-18,1468.0,5.0,0.0
all,T:Guardian Druid | H:Holy Priest | D:BeastMastery Hunter | D:Enhancement Shaman | D:Fury Warrior,1,-3.76,10.0,9.0,9.0,9.0,-15.883,10.57,1638.0,Altar of Fangs,10,2026-08-18,1638.0,2.0,0.0
all,T:Blood DeathKnight | H:Discipline Priest | D:Devourer DemonHunter | D:Devastation Evoker | D:Assassination Rogue,1,-3.77,10.0,8.9,8.9,8.9,-15.883,10.57,1639.0,Altar of Fangs,10,2026-08-18,1639.0,4.0,0.0
all,T:Guardian Druid | H:Restoration Shaman | D:Arcane Mage | D:Arcane Mage | D:Demonology Warlock,1,-3.78,11.0,-22.9,-22.9,-22.9,-15.883,10.57,2212.0,Altar of Fangs,11,2026-08-18,2212.0,18.0,0.0
all,T:Blood DeathKnight | H:Preservation Evoker | D:Retribution Paladin | D:Elemental Shaman | D:Arms Warrior,1,-3.78,11.0,-22.9,-22.9,-22.9,-15.883,10.57,2065.0,Ruby Life Pools,11,2026-08-19,2065.0,26.0,0.0
all,T:Vengeance DemonHunter | H:Discipline Priest | D:Arcane Mage | D:Shadow Priest | D:Enhancement Shaman,1,-3.79,11.0,-23.0,-23.0,-23.0,-15.883,10.57,2510.0,Murder Row,11,2026-08-18,2510.0,23.0,0.0
all,T:Blood DeathKnight | H:Holy Paladin | D:Augmentation Evoker | D:Shadow Priest | D:Enhancement Shaman,2,-3.81,10.0,18.2,18.7,18.2,-15.883,10.57,1659.0,Murder Row,10,2026-08-18,1619.0,3.0,0.0
all,T:Guardian Druid | H:Holy Priest | D:Havoc DemonHunter | D:Arcane Mage | D:Affliction Warlock,1,-3.81,11.0,-23.1,-23.1,-23.1,-15.883,10.57,2216.0,The Blinding Vale,11,2026-08-18,2216.0,17.0,0.0
all,T:Protection Paladin | H:Restoration Shaman | D:Subtlety Rogue | D:Subtlety Rogue | D:Arms Warrior,3,-3.85,10.0,21.3,22.4,21.9,-15.883,10.57,1583.0,Murder Row,10,2026-08-18,1583.0,1.33,0.0
all,T:Vengeance DemonHunter | H:Restoration Shaman | D:BeastMastery Hunter | D:Shadow Priest | D:Subtlety Rogue,1,-3.86,11.0,-23.4,-23.4,-23.4,-15.883,10.57,2517.0,Murder Row,11,2026-08-19,2517.0,16.0,0.0
all,T:Guardian Druid | H:Holy Paladin | D:Windwalker Monk | D:Enhancement Shaman | D:Demonology Warlock,1,-3.86,11.0,-23.4,-23.4,-23.4,-15.883,10.57,2370.0,Temple of Sethraliss,11,2026-08-18,2370.0,17.0,0.0
all,T:Protection Warrior | H:Discipline Priest | D:Augmentation Evoker | D:Arcane Mage | D:Arms Warrior,1,-3.86,11.0,-23.4,-23.4,-23.4,-15.883,10.57,2516.0,Murder Row,11,2026-08-18,2516.0,24.0,0.0
all,T:Protection Paladin | H:Holy Paladin | D:Frost DeathKnight | D:Arcane Mage | D:Arms Warrior,3,-3.87,10.7,0.0,17.6,-6.7,-15.883,10.57,1582.0,Temple of Sethraliss,10,2026-08-18,1921.0,8.0,0.0
all,T:Vengeance DemonHunter | H:Restoration Druid | D:Arcane Mage | D:Retribution Paladin | D:Outlaw Rogue,2,-3.87,10.0,18.0,18.7,18.0,-15.883,10.57,1463.0,Voidscar Arena,10,2026-08-18,1476.0,5.0,0.0
all,T:Protection Paladin | H:Preservation Evoker | D:Balance Druid | D:Arcane Mage | D:Arms Warrior,2,-3.87,10.0,18.0,19.1,18.0,-15.883,10.57,1359.0,Ruby Life Pools,10,2026-08-18,1478.0,3.0,0.0
all,T:Blood DeathKnight | H:Holy Paladin | D:Balance Druid | D:Shadow Priest | D:Elemental Shaman,1,-3.88,11.0,-23.5,-23.5,-23.5,-15.883,10.57,2223.0,Voidscar Arena,11,2026-08-18,2223.0,39.0,0.0
all,T:Protection Paladin | H:Preservation Evoker | D:Shadow Priest | D:Subtlety Rogue | D:Destruction Warlock,1,-3.89,11.0,-23.6,-23.6,-23.6,-15.883,10.57,2224.0,The Blinding Vale,11,2026-08-18,2224.0,11.0,0.0
all,T:Protection Paladin | H:Discipline Priest | D:Balance Druid | D:Augmentation Evoker | D:Assassination Rogue,2,-3.89,10.0,17.9,23.8,17.9,-15.883,10.57,1463.0,Den of Nalorakk,10,2026-08-18,1524.0,1.0,0.0
all,T:Blood DeathKnight | H:Holy Paladin | D:Arcane Mage | D:Arms Warrior | D:Arms Warrior,6,-3.89,10.5,8.5,25.6,13.8,-15.883,10.57,1518.0,Murder Row,11,2026-08-18,1600.0,9.5,0.0
all,T:Brewmaster Monk | H:Holy Priest | D:Balance Druid | D:Arcane Mage | D:Arcane Mage,1,-3.91,11.0,-23.7,-23.7,-23.7,-15.883,10.57,2226.0,The Blinding Vale,11,2026-08-19,2226.0,26.0,0.0
all,T:Blood DeathKnight | H:Holy Paladin | D:Unholy DeathKnight | D:Marksmanship Hunter | D:Arcane Mage,3,-3.92,10.0,21.1,27.9,25.3,-15.883,10.57,1471.0,Murder Row,10,2026-08-18,1471.0,2.67,0.0
all,T:Protection Warrior | H:Holy Paladin | D:Unholy DeathKnight | D:Elemental Shaman | D:Demonology Warlock,6,-3.92,10.2,19.0,32.7,20.0,-15.883,10.57,1292.0,Temple of Sethraliss,10,2026-08-18,1558.0,9.5,0.0
all,T:Blood DeathKnight | H:Restoration Shaman | D:BeastMastery Hunter | D:BeastMastery Hunter | D:Frost Mage,1,-3.94,11.0,-23.9,-23.9,-23.9,-15.883,10.57,2453.0,Kings' Rest,11,2026-08-18,2453.0,31.0,0.0
all,T:Protection Warrior | H:Preservation Evoker | D:Devourer DemonHunter | D:Balance Druid | D:Shadow Priest,1,-3.94,11.0,-23.9,-23.9,-23.9,-15.883,10.57,2231.0,Voidscar Arena,11,2026-08-18,2231.0,32.0,0.0
all,T:Protection Warrior | H:Restoration Druid | D:Unholy DeathKnight | D:Arcane Mage | D:Destruction Warlock,1,-3.94,11.0,-23.9,-23.9,-23.9,-15.883,10.57,2082.0,Ruby Life Pools,11,2026-08-18,2082.0,15.0,0.0
all,T:Blood DeathKnight | H:Holy Paladin | D:Havoc DemonHunter | D:Arcane Mage | D:Destruction Warlock,2,-3.94,10.0,17.8,19.1,17.8,-15.883,10.57,1456.0,Voidscar Arena,10,2026-08-18,1480.0,6.0,0.0
all,T:Vengeance DemonHunter | H:Restoration Shaman | D:Balance Druid | D:Arcane Mage | D:Arms Warrior,4,-3.96,10.0,22.6,26.8,23.4,-15.883,10.57,1450.0,Kings' Rest,10,2026-08-18,1480.0,2.0,0.0
all,T:Blood DeathKnight | H:Holy Paladin | D:Balance Druid | D:Retribution Paladin | D:Subtlety Rogue,4,-3.97,10.0,22.6,23.8,22.7,-15.883,10.57,1281.0,Ruby Life Pools,10,2026-08-18,1459.0,1.25,0.0
all,T:Blood DeathKnight | H:Holy Paladin | D:Havoc DemonHunter | D:Shadow Priest | D:Subtlety Rogue,1,-4.03,11.0,-24.4,-24.4,-24.4,-15.883,10.57,2239.0,Altar of Fangs,11,2026-08-19,2239.0,18.0,0.0
all,T:Blood DeathKnight | H:Restoration Druid | D:Devastation Evoker | D:Marksmanship Hunter | D:Outlaw Rogue,2,-4.06,11.0,-14.4,4.5,-14.4,-15.883,10.57,1834.0,Temple of Sethraliss,11,2026-08-18,2117.0,18.5,0.0
all,T:Blood DeathKnight | H:Holy Paladin | D:Augmentation Evoker | D:Elemental Shaman | D:Arms Warrior,2,-4.07,10.5,1.4,17.8,1.4,-15.883,10.57,1382.0,Ruby Life Pools,10,2026-08-18,1795.0,12.0,0.0
all,T:Guardian Druid | H:Holy Paladin | D:Devourer DemonHunter | D:Arcane Mage | D:Enhancement Shaman,2,-4.08,10.0,17.2,22.0,17.2,-15.883,10.57,1497.0,Temple of Sethraliss,10,2026-08-19,1536.0,4.0,0.0
all,T:Blood DeathKnight | H:Restoration Shaman | D:Arcane Mage | D:Destruction Warlock | D:Arms Warrior,2,-4.08,10.0,17.2,17.3,17.2,-15.883,10.57,1638.0,Kings' Rest,10,2026-08-18,1564.0,6.0,0.0
all,T:Protection Paladin | H:Restoration Shaman | D:Arcane Mage | D:Retribution Paladin | D:Elemental Shaman,1,-4.11,11.0,-24.9,-24.9,-24.9,-15.883,10.57,2397.0,Temple of Sethraliss,11,2026-08-18,2397.0,11.0,0.0
all,T:Blood DeathKnight | H:Holy Paladin | D:Balance Druid | D:Enhancement Shaman | D:Arms Warrior,4,-4.11,10.0,22.3,25.5,23.4,-15.883,10.57,1341.0,Voidscar Arena,10,2026-08-18,1424.0,0.75,0.0
all,T:Guardian Druid | H:Restoration Shaman | D:BeastMastery Hunter | D:Arcane Mage | D:Demonology Warlock,6,-4.12,10.2,18.7,24.1,18.6,-15.883,10.57,1548.0,Murder Row,10,2026-08-18,1545.0,5.0,0.0
all,T:Protection Paladin | H:Holy Paladin | D:Unholy DeathKnight | D:Devourer DemonHunter | D:Survival Hunter,1,-4.13,11.0,-25.0,-25.0,-25.0,-15.883,10.57,2400.0,Temple of Sethraliss,11,2026-08-18,2400.0,21.0,0.0
all,T:Protection Paladin | H:Mistweaver Monk | D:Arcane Mage | D:Windwalker Monk | D:Subtlety Rogue,1,-4.13,11.0,-25.0,-25.0,-25.0,-15.883,10.57,2551.0,Murder Row,11,2026-08-19,2551.0,20.0,0.0
all,T:Blood DeathKnight | H:Restoration Druid | D:Arcane Mage | D:Windwalker Monk | D:Demonology Warlock,4,-4.15,10.5,6.3,22.0,7.5,-15.883,10.57,1544.0,Kings' Rest,10,2026-08-18,1716.0,11.25,0.0
all,T:Protection Warrior | H:Holy Paladin | D:Devourer DemonHunter | D:Retribution Paladin | D:Assassination Rogue,1,-4.16,11.0,-25.2,-25.2,-25.2,-15.883,10.57,2254.0,Voidscar Arena,11,2026-08-19,2254.0,24.0,0.0
all,T:Blood DeathKnight | H:Restoration Shaman | D:Balance Druid | D:Augmentation Evoker | D:Retribution Paladin,1,-4.16,11.0,-25.2,-25.2,-25.2,-15.883,10.57,2404.0,Den of Nalorakk,11,2026-08-19,2404.0,13.0,0.0
all,T:Blood DeathKnight | H:Preservation Evoker | D:Balance Druid | D:Arcane Mage | D:Arms Warrior,1,-4.18,11.0,-25.3,-25.3,-25.3,-15.883,10.57,2255.0,Voidscar Arena,11,2026-08-18,2255.0,37.0,0.0
all,T:Blood DeathKnight | H:Restoration Shaman | D:Unholy DeathKnight | D:BeastMastery Hunter | D:Arms Warrior,4,-4.18,10.5,6.2,26.1,12.2,-15.883,10.57,1420.0,Den of Nalorakk,10,2026-08-19,1597.0,11.25,0.0
all,T:Protection Paladin | H:Restoration Druid | D:Arcane Mage | D:Subtlety Rogue | D:Demonology Warlock,1,-4.19,11.0,-25.4,-25.4,-25.4,-15.883,10.57,2482.0,Kings' Rest,11,2026-08-19,2482.0,34.0,0.0
all,T:Brewmaster Monk | H:Restoration Shaman | D:Unholy DeathKnight | D:Devastation Evoker | D:Arms Warrior,2,-4.19,10.0,16.8,24.4,16.8,-15.883,10.57,1451.0,Den of Nalorakk,10,2026-08-19,1542.0,5.0,0.0
all,T:Brewmaster Monk | H:Discipline Priest | D:Unholy DeathKnight | D:Unholy DeathKnight | D:Arcane Mage,1,-4.21,11.0,-25.5,-25.5,-25.5,-15.883,10.57,2258.0,Voidscar Arena,11,2026-08-18,2258.0,19.0,0.0
all,T:Blood DeathKnight | H:Preservation Evoker | D:Shadow Priest | D:Elemental Shaman | D:Fury Warrior,1,-4.23,11.0,-25.6,-25.6,-25.6,-15.883,10.57,2563.0,Murder Row,11,2026-08-18,2563.0,27.0,0.0
all,T:Protection Paladin | H:Restoration Druid | D:Devourer DemonHunter | D:Marksmanship Hunter | D:Retribution Paladin,1,-4.23,11.0,-25.6,-25.6,-25.6,-15.883,10.57,2561.0,Murder Row,11,2026-08-18,2561.0,24.0,0.0
all,T:Protection Paladin | H:Preservation Evoker | D:Unholy DeathKnight | D:Elemental Shaman | D:Arms Warrior,1,-4.23,11.0,-25.6,-25.6,-25.6,-15.883,10.57,2412.0,Den of Nalorakk,11,2026-08-18,2412.0,15.0,0.0
all,T:Protection Paladin | H:Restoration Shaman | D:BeastMastery Hunter | D:Windwalker Monk | D:Arms Warrior,4,-4.24,10.2,14.0,21.2,15.4,-15.883,10.57,1560.0,Kings' Rest,10,2026-08-19,1592.0,3.25,0.0
all,T:Blood DeathKnight | H:Holy Paladin | D:Arcane Mage | D:Arcane Mage | D:Elemental Shaman,3,-4.25,10.7,-1.0,23.4,-2.3,-15.883,10.57,1516.0,Kings' Rest,10,2026-08-19,1842.0,14.33,0.0
all,T:Blood DeathKnight | H:Discipline Priest | D:Balance Druid | D:Arcane Mage | D:Demonology Warlock,1,-4.26,11.0,-25.8,-25.8,-25.8,-15.883,10.57,2416.0,Den of Nalorakk,11,2026-08-18,2416.0,28.0,0.0
all,T:Protection Paladin | H:Discipline Priest | D:Frost DeathKnight | D:Devourer DemonHunter | D:BeastMastery Hunter,2,-4.27,10.5,0.7,17.9,0.7,-15.883,10.57,1625.0,Kings' Rest,10,2026-08-18,1930.0,11.0,0.0
all,T:Blood DeathKnight | H:Preservation Evoker | D:Retribution Paladin | D:Arms Warrior | D:Arms Warrior,1,-4.28,11.0,-25.9,-25.9,-25.9,-15.883,10.57,2267.0,Altar of Fangs,11,2026-08-18,2267.0,27.0,0.0
all,T:Blood DeathKnight | H:Preservation Evoker | D:Arcane Mage | D:Windwalker Monk | D:Demonology Warlock,6,-4.29,10.2,18.4,25.2,21.9,-15.883,10.57,1482.0,Kings' Rest,10,2026-08-18,1512.0,3.67,0.0
all,T:Blood DeathKnight | H:Holy Priest | D:Arcane Mage | D:Assassination Rogue | D:Destruction Warlock,1,-4.29,11.0,-26.0,-26.0,-26.0,-15.883,10.57,2571.0,Murder Row,11,2026-08-18,2571.0,26.0,0.0
all,T:Vengeance DemonHunter | H:Holy Priest | D:Arcane Mage | D:Windwalker Monk | D:Demonology Warlock,2,-4.31,10.5,0.5,24.4,0.5,-15.883,10.57,1451.0,Den of Nalorakk,10,2026-08-18,1910.0,16.0,0.0
all,T:Blood DeathKnight | H:Holy Paladin | D:Devourer DemonHunter | D:Devastation Evoker | D:Retribution Paladin,5,-4.32,10.0,22.9,28.0,26.5,-15.883,10.57,1383.0,Den of Nalorakk,10,2026-08-18,1383.0,4.6,0.0
all,T:Vengeance DemonHunter | H:Discipline Priest | D:Arcane Mage | D:Demonology Warlock | D:Arms Warrior,2,-4.32,10.0,16.4,18.6,16.4,-15.883,10.57,1465.0,Voidscar Arena,10,2026-08-19,1505.0,7.0,0.0
all,T:Protection Warrior | H:Restoration Shaman | D:Arcane Mage | D:Arcane Mage | D:Windwalker Monk,1,-4.33,11.0,-26.2,-26.2,-26.2,-15.883,10.57,2272.0,Altar of Fangs,11,2026-08-18,2272.0,30.0,0.0
all,T:Protection Warrior | H:Restoration Shaman | D:Windwalker Monk | D:Shadow Priest | D:Demonology Warlock,1,-4.33,11.0,-26.2,-26.2,-26.2,-15.883,10.57,2272.0,Altar of Fangs,11,2026-08-18,2272.0,21.0,0.0
all,T:Blood DeathKnight | H:Holy Paladin | D:BeastMastery Hunter | D:Arcane Mage | D:Arms Warrior,1,-4.33,11.0,-26.2,-26.2,-26.2,-15.883,10.57,2575.0,Murder Row,11,2026-08-18,2575.0,26.0,0.0
all,T:Blood DeathKnight | H:Holy Paladin | D:Devourer DemonHunter | D:Subtlety Rogue | D:Arms Warrior,2,-4.34,10.5,0.5,13.0,0.5,-15.883,10.57,1567.0,Altar of Fangs,10,2026-08-19,1792.0,11.0,0.0
all,T:Guardian Druid | H:Restoration Shaman | D:Frost DeathKnight | D:Devourer DemonHunter | D:Windwalker Monk,1,-4.34,11.0,-26.3,-26.3,-26.3,-15.883,10.57,2273.0,Voidscar Arena,11,2026-08-18,2273.0,16.0,0.0
all,T:Guardian Druid | H:Mistweaver Monk | D:Balance Druid | D:Devastation Evoker | D:Demonology Warlock,1,-4.36,11.0,-26.4,-26.4,-26.4,-15.883,10.57,2276.0,Altar of Fangs,11,2026-08-18,2276.0,28.0,0.0
all,T:Protection Warrior | H:Holy Paladin | D:Devastation Evoker | D:Arcane Mage | D:Subtlety Rogue,1,-4.36,11.0,-26.4,-26.4,-26.4,-15.883,10.57,2275.0,Altar of Fangs,11,2026-08-19,2275.0,30.0,0.0
all,T:Blood DeathKnight | H:Restoration Shaman | D:Frost DeathKnight | D:Havoc DemonHunter | D:Fury Warrior,3,-4.36,10.0,19.9,24.4,18.9,-15.883,10.57,1451.0,Temple of Sethraliss,10,2026-08-19,1460.0,1.67,0.0
all,T:Protection Paladin | H:Preservation Evoker | D:Balance Druid | D:Marksmanship Hunter | D:Elemental Shaman,2,-4.37,10.5,0.3,20.9,0.3,-15.883,10.57,1329.0,Ruby Life Pools,10,2026-08-18,1746.0,19.5,0.0
all,T:Protection Warrior | H:Restoration Shaman | D:Arcane Mage | D:Elemental Shaman | D:Demonology Warlock,7,-4.39,10.1,19.5,24.3,21.3,-15.883,10.57,1363.0,Voidscar Arena,10,2026-08-18,1514.0,2.57,0.0
all,T:Protection Paladin | H:Holy Paladin | D:Balance Druid | D:Arcane Mage | D:Arms Warrior,4,-4.4,10.0,21.6,23.9,22.4,-15.883,10.57,1370.0,The Blinding Vale,10,2026-08-19,1448.0,4.0,0.0
all,T:Vengeance DemonHunter | H:Holy Paladin | D:Shadow Priest | D:Elemental Shaman | D:Demonology Warlock,1,-4.41,11.0,-26.7,-26.7,-26.7,-15.883,10.57,2584.0,Murder Row,11,2026-08-18,2584.0,23.0,0.0
all,T:Blood DeathKnight | H:Restoration Shaman | D:Balance Druid | D:Arcane Mage | D:Retribution Paladin,2,-4.41,10.0,16.1,19.8,16.1,-15.883,10.57,1443.0,The Blinding Vale,10,2026-08-18,1510.0,1.0,0.0
all,T:Guardian Druid | H:Preservation Evoker | D:Arcane Mage | D:Elemental Shaman | D:Demonology Warlock,1,-4.41,11.0,-26.7,-26.7,-26.7,-15.883,10.57,2280.0,The Blinding Vale,11,2026-08-18,2280.0,31.0,0.0
all,T:Blood DeathKnight | H:Holy Paladin | D:Balance Druid | D:BeastMastery Hunter | D:Arcane Mage,4,-4.42,10.5,5.7,19.2,7.8,-15.883,10.57,1454.0,The Blinding Vale,10,2026-08-19,1714.0,4.75,0.0
all,T:Protection Paladin | H:Mistweaver Monk | D:Balance Druid | D:Windwalker Monk | D:Arms Warrior,1,-4.44,11.0,-26.9,-26.9,-26.9,-15.883,10.57,2285.0,Altar of Fangs,11,2026-08-18,2285.0,14.0,0.0
all,T:Guardian Druid | H:Holy Paladin | D:Unholy DeathKnight | D:Outlaw Rogue | D:Demonology Warlock,1,-4.44,11.0,-26.9,-26.9,-26.9,-15.883,10.57,2284.0,Altar of Fangs,11,2026-08-19,2284.0,16.0,0.0
all,T:Guardian Druid | H:Restoration Druid | D:Arcane Mage | D:Shadow Priest | D:Assassination Rogue,5,-4.45,10.2,16.3,23.6,17.0,-15.883,10.57,1513.0,Kings' Rest,10,2026-08-18,1553.0,4.0,0.0
all,T:Protection Paladin | H:Holy Priest | D:Marksmanship Hunter | D:Arcane Mage | D:Subtlety Rogue,2,-4.45,10.0,16.0,20.8,16.0,-15.883,10.57,1520.0,Den of Nalorakk,10,2026-08-19,1560.0,3.0,0.0
all,T:Protection Paladin | H:Restoration Shaman | D:Arcane Mage | D:Windwalker Monk | D:Elemental Shaman,4,-4.46,10.0,21.5,30.3,19.9,-15.883,10.57,1172.0,Ruby Life Pools,10,2026-08-18,1533.0,3.0,0.0
all,T:Blood DeathKnight | H:Holy Priest | D:Balance Druid | D:Devastation Evoker | D:Windwalker Monk,2,-4.48,10.0,15.8,18.5,15.8,-15.883,10.57,1564.0,Den of Nalorakk,10,2026-08-18,1564.0,2.0,0.0
all,T:Blood DeathKnight | H:Discipline Priest | D:Augmentation Evoker | D:Arcane Mage | D:Shadow Priest,3,-4.49,10.0,19.6,24.2,22.5,-15.883,10.57,1500.0,Kings' Rest,10,2026-08-19,1500.0,1.0,0.0
all,T:Guardian Druid | H:Restoration Druid | D:Demonology Warlock | D:Arms Warrior | D:Arms Warrior,2,-4.51,10.0,15.8,18.1,15.8,-15.883,10.57,1474.0,The Blinding Vale,10,2026-08-18,1568.0,10.0,0.0
all,T:Blood DeathKnight | H:Holy Paladin | D:BeastMastery Hunter | D:Arcane Mage | D:Shadow Priest,4,-4.52,10.5,5.5,24.6,8.2,-15.883,10.57,1492.0,Kings' Rest,10,2026-08-19,1595.0,10.5,0.0
all,T:Protection Warrior | H:Discipline Priest | D:Devourer DemonHunter | D:Arcane Mage | D:Retribution Paladin,2,-4.52,10.0,15.7,20.3,15.7,-15.883,10.57,1435.0,The Blinding Vale,10,2026-08-18,1518.0,3.0,0.0
all,T:Guardian Druid | H:Discipline Priest | D:Unholy DeathKnight | D:Arcane Mage | D:Subtlety Rogue,4,-4.53,10.0,21.4,25.3,20.8,-15.883,10.57,1478.0,Kings' Rest,10,2026-08-18,1521.0,3.0,0.0
all,T:Blood DeathKnight | H:Discipline Priest | D:Arcane Mage | D:Windwalker Monk | D:Arms Warrior,2,-4.54,10.5,-0.2,18.1,-0.2,-15.883,10.57,1375.0,Ruby Life Pools,10,2026-08-18,1754.0,19.5,0.0
all,T:Blood DeathKnight | H:Restoration Shaman | D:Frost DeathKnight | D:Arcane Mage | D:Retribution Paladin,1,-4.59,11.0,-27.8,-27.8,-27.8,-15.883,10.57,2530.0,Kings' Rest,11,2026-08-18,2530.0,23.0,0.0
all,T:Vengeance DemonHunter | H:Restoration Shaman | D:Retribution Paladin | D:Demonology Warlock | D:Fury Warrior,1,-4.61,11.0,-27.9,-27.9,-27.9,-15.883,10.57,2302.0,Voidscar Arena,11,2026-08-18,2302.0,16.0,0.0
all,T:Blood DeathKnight | H:Mistweaver Monk | D:BeastMastery Hunter | D:Arcane Mage | D:Subtlety Rogue,1,-4.63,11.0,-28.0,-28.0,-28.0,-15.883,10.57,2304.0,Altar of Fangs,11,2026-08-19,2304.0,23.0,0.0
all,T:Protection Warrior | H:Restoration Shaman | D:Devourer DemonHunter | D:Retribution Paladin | D:Shadow Priest,1,-4.63,11.0,-28.0,-28.0,-28.0,-15.883,10.57,2304.0,Altar of Fangs,11,2026-08-18,2304.0,21.0,0.0
all,T:Blood DeathKnight | H:Holy Paladin | D:Shadow Priest | D:Elemental Shaman | D:Arms Warrior,1,-4.63,11.0,-28.0,-28.0,-28.0,-15.883,10.57,2534.0,Kings' Rest,11,2026-08-19,2534.0,40.0,0.0
all,T:Blood DeathKnight | H:Holy Paladin | D:Arcane Mage | D:Elemental Shaman | D:Elemental Shaman,3,-4.65,10.0,19.1,25.0,20.5,-15.883,10.57,1484.0,Kings' Rest,10,2026-08-19,1526.0,0.67,0.0
all,T:Protection Paladin | H:Restoration Shaman | D:Balance Druid | D:Demonology Warlock | D:Arms Warrior,3,-4.66,10.0,19.1,22.5,17.6,-15.883,10.57,1303.0,Ruby Life Pools,10,2026-08-18,1582.0,2.33,0.0
all,T:Vengeance DemonHunter | H:Holy Priest | D:Arcane Mage | D:Windwalker Monk | D:Destruction Warlock,2,-4.69,10.0,15.1,18.2,15.1,-15.883,10.57,1374.0,Ruby Life Pools,10,2026-08-18,1479.0,6.0,0.0
all,T:Guardian Druid | H:Mistweaver Monk | D:Devourer DemonHunter | D:Arcane Mage | D:Destruction Warlock,2,-4.69,10.5,-0.8,24.8,-0.8,-15.883,10.57,1535.0,Murder Row,10,2026-08-19,1904.0,16.5,0.0
all,T:Protection Warrior | H:Discipline Priest | D:Arcane Mage | D:Windwalker Monk | D:Elemental Shaman,1,-4.73,11.0,-28.6,-28.6,-28.6,-15.883,10.57,2315.0,The Blinding Vale,11,2026-08-19,2315.0,22.0,0.0
all,T:Blood DeathKnight | H:Mistweaver Monk | D:Frost DeathKnight | D:Balance Druid | D:Frost Mage,3,-4.74,10.0,18.9,23.2,17.6,-15.883,10.57,1520.0,Kings' Rest,10,2026-08-18,1582.0,7.67,0.0
all,T:Protection Warrior | H:Preservation Evoker | D:Unholy DeathKnight | D:Arcane Mage | D:Arms Warrior,3,-4.74,10.0,18.9,25.5,19.9,-15.883,10.57,1430.0,Temple of Sethraliss,10,2026-08-18,1537.0,6.0,0.0
all,T:Protection Paladin | H:Preservation Evoker | D:Balance Druid | D:Devastation Evoker | D:Arcane Mage,3,-4.74,10.0,18.9,26.2,19.9,-15.883,10.57,1240.0,Ruby Life Pools,10,2026-08-19,1538.0,5.33,0.0
all,T:Blood DeathKnight | H:Holy Paladin | D:Arcane Mage | D:Shadow Priest | D:Arms Warrior,4,-4.75,10.5,4.9,20.3,7.4,-15.883,10.57,1339.0,Ruby Life Pools,10,2026-08-19,1728.0,6.25,0.0
all,T:Blood DeathKnight | H:Restoration Shaman | D:Unholy DeathKnight | D:Devourer DemonHunter | D:Outlaw Rogue,5,-4.75,10.0,22.0,27.1,21.4,-15.883,10.57,1400.0,Temple of Sethraliss,10,2026-08-18,1402.0,4.0,0.0
all,T:Protection Warrior | H:Restoration Druid | D:Unholy DeathKnight | D:Augmentation Evoker | D:Affliction Warlock,1,-4.76,11.0,-28.8,-28.8,-28.8,-15.883,10.57,2318.0,Voidscar Arena,11,2026-08-18,2318.0,22.0,0.0
all,T:Blood DeathKnight | H:Preservation Evoker | D:Balance Druid | D:Survival Hunter | D:Arms Warrior,1,-4.81,11.0,-29.1,-29.1,-29.1,-15.883,10.57,2169.0,Ruby Life Pools,11,2026-08-18,2169.0,38.0,0.0
all,T:Protection Paladin | H:Holy Paladin | D:BeastMastery Hunter | D:Windwalker Monk | D:Windwalker Monk,2,-4.81,10.0,14.7,18.6,14.7,-15.883,10.57,1367.0,Ruby Life Pools,10,2026-08-19,1486.0,2.0,0.0
all,T:Protection Paladin | H:Restoration Shaman | D:Unholy DeathKnight | D:Devourer DemonHunter | D:Survival Hunter,3,-4.81,10.7,-2.5,18.0,9.9,-15.883,10.57,1575.0,Den of Nalorakk,10,2026-08-18,1621.0,13.67,0.0
all,T:Guardian Druid | H:Restoration Shaman | D:Balance Druid | D:Balance Druid | D:Arcane Mage,1,-4.81,11.0,-29.1,-29.1,-29.1,-15.883,10.57,2323.0,Altar of Fangs,11,2026-08-18,2323.0,25.0,0.0
all,T:Brewmaster Monk | H:Preservation Evoker | D:Devourer DemonHunter | D:Shadow Priest | D:Subtlety Rogue,2,-4.82,10.0,14.6,19.5,14.6,-15.883,10.57,1448.0,The Blinding Vale,10,2026-08-18,1536.0,4.0,0.0
all,T:Protection Warrior | H:Holy Paladin | D:BeastMastery Hunter | D:Shadow Priest | D:Demonology Warlock,3,-4.82,10.0,18.7,25.5,17.7,-15.883,10.57,1474.0,Kings' Rest,10,2026-08-18,1474.0,1.67,0.0
all,T:Blood DeathKnight | H:Discipline Priest | D:Devourer DemonHunter | D:Arcane Mage | D:Retribution Paladin,2,-4.82,11.0,-17.1,-15.1,-17.1,-15.883,10.57,2348.0,Murder Row,11,2026-08-18,2246.0,15.5,0.0
all,T:Guardian Druid | H:Discipline Priest | D:Arcane Mage | D:Assassination Rogue | D:Assassination Rogue,1,-4.88,11.0,-29.5,-29.5,-29.5,-15.883,10.57,2641.0,Murder Row,11,2026-08-18,2641.0,23.0,0.0
all,T:Vengeance DemonHunter | H:Restoration Shaman | D:Outlaw Rogue | D:Enhancement Shaman | D:Arms Warrior,1,-4.88,11.0,-29.5,-29.5,-29.5,-15.883,10.57,2642.0,Murder Row,11,2026-08-18,2642.0,21.0,0.0
all,T:Blood DeathKnight | H:Restoration Druid | D:Havoc DemonHunter | D:Balance Druid | D:Arms Warrior,1,-4.89,11.0,-29.6,-29.6,-29.6,-15.883,10.57,2488.0,Den of Nalorakk,11,2026-08-18,2488.0,32.0,0.0
all,T:Blood DeathKnight | H:Mistweaver Monk | D:Balance Druid | D:BeastMastery Hunter | D:Arms Warrior,1,-4.91,11.0,-29.7,-29.7,-29.7,-15.883,10.57,2334.0,Voidscar Arena,11,2026-08-19,2334.0,37.0,0.0
all,T:Protection Warrior | H:Holy Paladin | D:Unholy DeathKnight | D:Devourer DemonHunter | D:Elemental Shaman,1,-4.91,11.0,-29.7,-29.7,-29.7,-15.883,10.57,2567.0,Kings' Rest,11,2026-08-19,2567.0,19.0,0.0
all,T:Protection Paladin | H:Restoration Shaman | D:Feral Druid | D:Arcane Mage | D:Arcane Mage,1,-4.93,11.0,-29.8,-29.8,-29.8,-15.883,10.57,2336.0,Voidscar Arena,11,2026-08-18,2336.0,18.0,0.0
all,T:Brewmaster Monk | H:Preservation Evoker | D:Balance Druid | D:Frost Mage | D:Shadow Priest,1,-4.94,11.0,-29.9,-29.9,-29.9,-15.883,10.57,2572.0,Kings' Rest,11,2026-08-19,2572.0,32.0,0.0
all,T:Brewmaster Monk | H:Holy Paladin | D:Feral Druid | D:Arcane Mage | D:Elemental Shaman,1,-4.98,11.0,-30.1,-30.1,-30.1,-15.883,10.57,2342.0,Altar of Fangs,11,2026-08-19,2342.0,27.0,0.0
all,T:Blood DeathKnight | H:Restoration Druid | D:Devastation Evoker | D:Assassination Rogue | D:Arms Warrior,4,-5.0,10.2,12.4,28.9,19.4,-15.883,10.57,1366.0,Temple of Sethraliss,10,2026-08-18,1594.0,9.0,0.0
all,T:Protection Paladin | H:Restoration Shaman | D:Balance Druid | D:Windwalker Monk | D:Retribution Paladin,3,-5.01,10.0,18.2,21.8,19.1,-15.883,10.57,1548.0,Kings' Rest,10,2026-08-18,1553.0,0.0,0.0
all,T:Vengeance DemonHunter | H:Holy Priest | D:Arcane Mage | D:Outlaw Rogue | D:Arms Warrior,1,-5.01,11.0,-30.3,-30.3,-30.3,-15.883,10.57,2658.0,Murder Row,11,2026-08-18,2658.0,21.0,0.0
all,T:Protection Paladin | H:Restoration Druid | D:Augmentation Evoker | D:Arcane Mage | D:Elemental Shaman,1,-5.01,11.0,-30.3,-30.3,-30.3,-15.883,10.57,2345.0,Voidscar Arena,11,2026-08-19,2345.0,24.0,0.0
all,T:Vengeance DemonHunter | H:Restoration Shaman | D:Balance Druid | D:Windwalker Monk | D:Outlaw Rogue,1,-5.06,11.0,-30.6,-30.6,-30.6,-15.883,10.57,2351.0,Voidscar Arena,11,2026-08-18,2351.0,23.0,0.0
all,T:Protection Warrior | H:Restoration Shaman | D:Arcane Mage | D:Subtlety Rogue | D:Affliction Warlock,1,-5.06,11.0,-30.6,-30.6,-30.6,-15.883,10.57,2507.0,Den of Nalorakk,11,2026-08-18,2507.0,18.0,0.0
all,T:Brewmaster Monk | H:Discipline Priest | D:Arcane Mage | D:Retribution Paladin | D:Destruction Warlock,1,-5.06,11.0,-30.6,-30.6,-30.6,-15.883,10.57,2585.0,Kings' Rest,11,2026-08-18,2585.0,31.0,0.0
all,T:Protection Paladin | H:Holy Paladin | D:Marksmanship Hunter | D:Elemental Shaman | D:Arms Warrior,1,-5.09,11.0,-30.8,-30.8,-30.8,-15.883,10.57,2355.0,Altar of Fangs,11,2026-08-18,2355.0,11.0,0.0
all,T:Vengeance DemonHunter | H:Restoration Druid | D:Shadow Priest | D:Elemental Shaman | D:Demonology Warlock,2,-5.1,10.5,-2.2,17.8,-2.2,-15.883,10.57,1579.0,Temple of Sethraliss,10,2026-08-18,1962.0,9.5,0.0
all,T:Blood DeathKnight | H:Restoration Druid | D:Unholy DeathKnight | D:Marksmanship Hunter | D:Arcane Mage,1,-5.11,11.0,-30.9,-30.9,-30.9,-15.883,10.57,2514.0,Temple of Sethraliss,11,2026-08-18,2514.0,31.0,0.0
all,T:Brewmaster Monk | H:Restoration Druid | D:Devastation Evoker | D:Subtlety Rogue | D:Arms Warrior,4,-5.11,10.2,12.1,26.4,15.0,-15.883,10.57,1413.0,Temple of Sethraliss,10,2026-08-18,1582.0,11.25,0.0
all,T:Brewmaster Monk | H:Restoration Druid | D:Retribution Paladin | D:Destruction Warlock | D:Arms Warrior,2,-5.13,10.5,-2.3,17.0,-2.3,-15.883,10.57,1594.0,Temple of Sethraliss,10,2026-08-18,1892.0,17.0,0.0
all,T:Protection Warrior | H:Mistweaver Monk | D:Unholy DeathKnight | D:Devastation Evoker | D:Outlaw Rogue,1,-5.14,11.0,-31.1,-31.1,-31.1,-15.883,10.57,2596.0,Kings' Rest,11,2026-08-19,2596.0,38.0,0.0
all,T:Guardian Druid | H:Restoration Shaman | D:Augmentation Evoker | D:Elemental Shaman | D:Arms Warrior,1,-5.14,11.0,-31.1,-31.1,-31.1,-15.883,10.57,2516.0,Den of Nalorakk,11,2026-08-19,2516.0,24.0,0.0
all,T:Protection Warrior | H:Discipline Priest | D:Devourer DemonHunter | D:Balance Druid | D:Enhancement Shaman,1,-5.16,11.0,-31.2,-31.2,-31.2,-15.883,10.57,2361.0,Altar of Fangs,11,2026-08-18,2361.0,27.0,0.0
all,T:Blood DeathKnight | H:Discipline Priest | D:Unholy DeathKnight | D:Marksmanship Hunter | D:Arms Warrior,1,-5.18,11.0,-31.3,-31.3,-31.3,-15.883,10.57,2678.0,Murder Row,11,2026-08-18,2678.0,25.0,0.0
all,T:Brewmaster Monk | H:Holy Paladin | D:Retribution Paladin | D:Outlaw Rogue | D:Arms Warrior,2,-5.19,10.0,13.4,18.3,13.4,-15.883,10.57,1618.0,Kings' Rest,10,2026-08-19,1634.0,3.5,0.0
all,T:Brewmaster Monk | H:Restoration Shaman | D:Devourer DemonHunter | D:Arcane Mage | D:Demonology Warlock,5,-5.19,10.0,21.2,27.5,20.9,-15.883,10.57,1219.0,Ruby Life Pools,10,2026-08-18,1474.0,2.4,0.0
all,T:Protection Paladin | H:Restoration Shaman | D:Frost DeathKnight | D:Augmentation Evoker | D:Frost Mage,1,-5.23,11.0,-31.6,-31.6,-31.6,-15.883,10.57,2606.0,Kings' Rest,11,2026-08-19,2606.0,17.0,0.0
all,T:Blood DeathKnight | H:Holy Paladin | D:BeastMastery Hunter | D:Retribution Paladin | D:Arms Warrior,4,-5.23,10.2,11.8,29.8,21.3,-15.883,10.57,1389.0,Kings' Rest,10,2026-08-18,1380.0,9.0,0.0
all,T:Blood DeathKnight | H:Holy Paladin | D:Arcane Mage | D:Retribution Paladin | D:Arms Warrior,6,-5.23,10.2,16.6,27.9,18.8,-15.883,10.57,1471.0,Murder Row,10,2026-08-19,1472.0,5.83,0.0
all,T:Protection Paladin | H:Holy Paladin | D:Devourer DemonHunter | D:Devourer DemonHunter | D:BeastMastery Hunter,1,-5.23,11.0,-31.6,-31.6,-31.6,-15.883,10.57,2368.0,Altar of Fangs,11,2026-08-19,2368.0,14.0,0.0
all,T:Protection Paladin | H:Holy Paladin | D:Marksmanship Hunter | D:Arcane Mage | D:Subtlety Rogue,1,-5.23,11.0,-31.6,-31.6,-31.6,-15.883,10.57,2212.0,Ruby Life Pools,11,2026-08-19,2212.0,20.0,0.0
all,T:Protection Paladin | H:Mistweaver Monk | D:Outlaw Rogue | D:Affliction Warlock | D:Arms Warrior,1,-5.24,11.0,-31.7,-31.7,-31.7,-15.883,10.57,2370.0,Voidscar Arena,11,2026-08-18,2370.0,19.0,0.0
all,T:Blood DeathKnight | H:Restoration Shaman | D:Windwalker Monk | D:Retribution Paladin | D:Demonology Warlock,1,-5.26,11.0,-31.8,-31.8,-31.8,-15.883,10.57,2372.0,Altar of Fangs,11,2026-08-19,2372.0,27.0,0.0
all,T:Vengeance DemonHunter | H:Restoration Druid | D:Augmentation Evoker | D:Arcane Mage | D:Retribution Paladin,6,-5.26,10.0,21.9,25.8,21.5,-15.883,10.57,1514.0,Murder Row,10,2026-08-18,1468.0,1.83,0.0
all,T:Blood DeathKnight | H:Preservation Evoker | D:Balance Druid | D:Survival Hunter | D:Arcane Mage,2,-5.27,10.5,-2.8,15.6,-2.8,-15.883,10.57,1620.0,Den of Nalorakk,10,2026-08-18,1900.0,16.0,0.0
all,T:Protection Warrior | H:Holy Paladin | D:Augmentation Evoker | D:BeastMastery Hunter | D:Arms Warrior,1,-5.29,11.0,-32.0,-32.0,-32.0,-15.883,10.57,2535.0,Den of Nalorakk,11,2026-08-18,2535.0,26.0,0.0
all,T:Guardian Druid | H:Restoration Druid | D:Devastation Evoker | D:Marksmanship Hunter | D:Elemental Shaman,3,-5.31,10.0,17.4,19.9,19.0,-15.883,10.57,1346.0,Ruby Life Pools,10,2026-08-19,1555.0,1.0,0.0
all,T:Protection Paladin | H:Restoration Shaman | D:Devourer DemonHunter | D:Frost Mage | D:Retribution Paladin,3,-5.32,10.0,17.3,19.3,18.4,-15.883,10.57,1550.0,Temple of Sethraliss,10,2026-08-19,1550.0,2.0,0.0
all,T:Blood DeathKnight | H:Preservation Evoker | D:Frost DeathKnight | D:Devourer DemonHunter | D:Subtlety Rogue,1,-5.34,11.0,-32.3,-32.3,-32.3,-15.883,10.57,2382.0,Voidscar Arena,11,2026-08-19,2382.0,29.0,0.0
all,T:Blood DeathKnight | H:Discipline Priest | D:Unholy DeathKnight | D:Arcane Mage | D:Frost Mage,3,-5.34,10.0,17.3,21.7,19.0,-15.883,10.57,1410.0,The Blinding Vale,10,2026-08-19,1598.0,2.33,0.0
all,T:Blood DeathKnight | H:Discipline Priest | D:Arcane Mage | D:Outlaw Rogue | D:Arms Warrior,2,-5.38,11.0,-19.0,-3.0,-19.0,-15.883,10.57,1731.0,Ruby Life Pools,11,2026-08-18,2244.0,18.5,0.0
all,T:Protection Paladin | H:Restoration Shaman | D:Devastation Evoker | D:Retribution Paladin | D:Shadow Priest,1,-5.38,11.0,-32.5,-32.5,-32.5,-15.883,10.57,2623.0,Kings' Rest,11,2026-08-19,2623.0,22.0,0.0
all,T:Blood DeathKnight | H:Holy Paladin | D:Frost DeathKnight | D:Shadow Priest | D:Elemental Shaman,1,-5.38,11.0,-32.5,-32.5,-32.5,-15.883,10.57,2544.0,Den of Nalorakk,11,2026-08-18,2544.0,21.0,0.0
all,T:Guardian Druid | H:Preservation Evoker | D:Devourer DemonHunter | D:Balance Druid | D:Elemental Shaman,1,-5.39,11.0,-32.6,-32.6,-32.6,-15.883,10.57,2387.0,Altar of Fangs,11,2026-08-19,2387.0,33.0,0.0
all,T:Brewmaster Monk | H:Restoration Shaman | D:Arcane Mage | D:Retribution Paladin | D:Arms Warrior,2,-5.42,11.0,-19.2,-8.0,-19.2,-15.883,10.57,2138.0,Kings' Rest,11,2026-08-18,2398.0,24.5,0.0
all,T:Protection Paladin | H:Restoration Druid | D:Unholy DeathKnight | D:Devourer DemonHunter | D:Arms Warrior,1,-5.44,11.0,-32.9,-32.9,-32.9,-15.883,10.57,2631.0,Kings' Rest,11,2026-08-18,2631.0,16.0,0.0
all,T:Protection Paladin | H:Discipline Priest | D:Devourer DemonHunter | D:BeastMastery Hunter | D:Shadow Priest,1,-5.46,11.0,-33.0,-33.0,-33.0,-15.883,10.57,2553.0,Den of Nalorakk,11,2026-08-19,2553.0,18.0,0.0
all,T:Blood DeathKnight | H:Holy Paladin | D:Balance Druid | D:Marksmanship Hunter | D:Arcane Mage,4,-5.46,10.0,19.2,21.8,20.5,-15.883,10.57,1596.0,Murder Row,10,2026-08-19,1608.0,2.0,0.0
all,T:Blood DeathKnight | H:Discipline Priest | D:Feral Druid | D:Retribution Paladin | D:Assassination Rogue,4,-5.48,10.0,19.2,20.6,19.0,-15.883,10.57,1334.0,Ruby Life Pools,10,2026-08-18,1469.0,3.75,0.0
all,T:Guardian Druid | H:Preservation Evoker | D:Windwalker Monk | D:Assassination Rogue | D:Demonology Warlock,1,-5.49,11.0,-33.2,-33.2,-33.2,-15.883,10.57,2557.0,Den of Nalorakk,11,2026-08-19,2557.0,19.0,0.0
all,T:Guardian Druid | H:Restoration Shaman | D:BeastMastery Hunter | D:Arcane Mage | D:Arms Warrior,1,-5.51,11.0,-33.3,-33.3,-33.3,-15.883,10.57,2559.0,Temple of Sethraliss,11,2026-08-19,2559.0,24.0,0.0
all,T:Blood DeathKnight | H:Holy Paladin | D:Frost DeathKnight | D:Devastation Evoker | D:Retribution Paladin,1,-5.56,11.0,-33.6,-33.6,-33.6,-15.883,10.57,2726.0,Murder Row,11,2026-08-18,2726.0,23.0,0.0
all,T:Protection Warrior | H:Restoration Shaman | D:BeastMastery Hunter | D:Arcane Mage | D:Affliction Warlock,3,-5.57,10.0,16.7,23.0,14.1,-15.883,10.57,1293.0,Ruby Life Pools,10,2026-08-18,1568.0,1.67,0.0
all,T:Blood DeathKnight | H:Restoration Shaman | D:BeastMastery Hunter | D:Subtlety Rogue | D:Subtlety Rogue,1,-5.59,11.0,-33.8,-33.8,-33.8,-15.883,10.57,2409.0,Altar of Fangs,11,2026-08-18,2409.0,22.0,0.0
all,T:Protection Paladin | H:Restoration Shaman | D:Devourer DemonHunter | D:BeastMastery Hunter | D:Arms Warrior,2,-5.6,11.0,-19.8,-3.0,-19.8,-15.883,10.57,1978.0,Den of Nalorakk,11,2026-08-18,2302.0,18.5,0.0
all,T:Guardian Druid | H:Restoration Shaman | D:Balance Druid | D:Destruction Warlock | D:Arms Warrior,1,-5.61,11.0,-33.9,-33.9,-33.9,-15.883,10.57,2410.0,Altar of Fangs,11,2026-08-19,2410.0,20.0,0.0
all,T:Blood DeathKnight | H:Restoration Shaman | D:Arcane Mage | D:Shadow Priest | D:Subtlety Rogue,3,-5.62,10.0,16.5,20.2,19.7,-15.883,10.57,1629.0,Murder Row,10,2026-08-18,1626.0,2.33,0.0
all,T:Guardian Druid | H:Holy Paladin | D:Devourer DemonHunter | D:Feral Druid | D:Windwalker Monk,1,-5.63,11.0,-34.0,-34.0,-34.0,-15.883,10.57,2251.0,Ruby Life Pools,11,2026-08-18,2251.0,22.0,0.0
all,T:Brewmaster Monk | H:Preservation Evoker | D:Arcane Mage | D:Elemental Shaman | D:Arms Warrior,1,-5.66,11.0,-34.2,-34.2,-34.2,-15.883,10.57,2739.0,Murder Row,11,2026-08-18,2739.0,31.0,0.0
all,T:Protection Warrior | H:Discipline Priest | D:Devourer DemonHunter | D:Marksmanship Hunter | D:Demonology Warlock,2,-5.67,10.5,-4.2,8.7,-4.2,-15.883,10.57,1644.0,Altar of Fangs,10,2026-08-19,1876.0,18.5,0.0
all,T:Blood DeathKnight | H:Holy Paladin | D:Balance Druid | D:Destruction Warlock | D:Arms Warrior,2,-5.68,10.0,11.6,14.4,11.6,-15.883,10.57,1643.0,Den of Nalorakk,10,2026-08-18,1641.0,2.0,0.0
all,T:Guardian Druid | H:Mistweaver Monk | D:Devourer DemonHunter | D:BeastMastery Hunter | D:Arms Warrior,1,-5.74,11.0,-34.7,-34.7,-34.7,-15.883,10.57,2586.0,Temple of Sethraliss,11,2026-08-18,2586.0,23.0,0.0
all,T:Protection Paladin | H:Holy Paladin | D:Devourer DemonHunter | D:Enhancement Shaman | D:Demonology Warlock,1,-5.76,11.0,-34.8,-34.8,-34.8,-15.883,10.57,2426.0,The Blinding Vale,11,2026-08-19,2426.0,36.0,0.0
all,T:Protection Warrior | H:Holy Paladin | D:Arcane Mage | D:Arcane Mage | D:Enhancement Shaman,1,-5.79,11.0,-35.0,-35.0,-35.0,-15.883,10.57,2430.0,Voidscar Arena,11,2026-08-19,2430.0,25.0,0.0
all,T:Protection Paladin | H:Restoration Shaman | D:Elemental Shaman | D:Enhancement Shaman | D:Demonology Warlock,1,-5.81,11.0,-35.1,-35.1,-35.1,-15.883,10.57,2431.0,The Blinding Vale,11,2026-08-19,2431.0,13.0,0.0
all,T:Protection Warrior | H:Holy Priest | D:Devourer DemonHunter | D:Arcane Mage | D:Arcane Mage,1,-5.81,11.0,-35.1,-35.1,-35.1,-15.883,10.57,2756.0,Murder Row,11,2026-08-18,2756.0,29.0,0.0
all,T:Protection Warrior | H:Holy Paladin | D:Havoc DemonHunter | D:Survival Hunter | D:Demonology Warlock,1,-5.83,11.0,-35.2,-35.2,-35.2,-15.883,10.57,2595.0,Den of Nalorakk,11,2026-08-19,2595.0,20.0,0.0
all,T:Protection Paladin | H:Restoration Shaman | D:Unholy DeathKnight | D:BeastMastery Hunter | D:Destruction Warlock,1,-5.86,11.0,-35.4,-35.4,-35.4,-15.883,10.57,2762.0,Murder Row,11,2026-08-18,2762.0,27.0,0.0
all,T:Blood DeathKnight | H:Restoration Shaman | D:Arcane Mage | D:Retribution Paladin | D:Subtlety Rogue,2,-5.89,10.5,-4.9,22.6,-4.9,-15.883,10.57,1393.0,Altar of Fangs,10,2026-08-19,2048.0,8.0,0.0
all,T:Blood DeathKnight | H:Holy Paladin | D:Devourer DemonHunter | D:Elemental Shaman | D:Elemental Shaman,1,-5.89,11.0,-35.6,-35.6,-35.6,-15.883,10.57,2441.0,Voidscar Arena,11,2026-08-19,2441.0,23.0,0.0
all,T:Blood DeathKnight | H:Discipline Priest | D:Unholy DeathKnight | D:Devourer DemonHunter | D:Demonology Warlock,1,-5.91,11.0,-35.7,-35.7,-35.7,-15.883,10.57,2606.0,Den of Nalorakk,11,2026-08-18,2606.0,19.0,0.0
all,T:Vengeance DemonHunter | H:Holy Paladin | D:Frost DeathKnight | D:BeastMastery Hunter | D:Windwalker Monk,1,-5.96,11.0,-36.0,-36.0,-36.0,-15.883,10.57,2693.0,Kings' Rest,11,2026-08-19,2693.0,25.0,0.0
all,T:Blood DeathKnight | H:Holy Paladin | D:Unholy DeathKnight | D:Arcane Mage | D:Retribution Paladin,8,-5.98,10.1,17.8,23.7,21.3,-15.883,10.57,1283.0,Ruby Life Pools,10,2026-08-18,1552.0,4.62,0.0
all,T:Blood DeathKnight | H:Preservation Evoker | D:BeastMastery Hunter | D:Arcane Mage | D:Elemental Shaman,1,-5.98,11.0,-36.1,-36.1,-36.1,-15.883,10.57,2449.0,Altar of Fangs,11,2026-08-18,2449.0,32.0,0.0
all,T:Blood DeathKnight | H:Restoration Shaman | D:Havoc DemonHunter | D:BeastMastery Hunter | D:Elemental Shaman,1,-6.08,11.0,-36.7,-36.7,-36.7,-15.883,10.57,2460.0,The Blinding Vale,11,2026-08-19,2460.0,23.0,0.0
all,T:Protection Warrior | H:Restoration Shaman | D:Unholy DeathKnight | D:Arcane Mage | D:Arcane Mage,1,-6.11,11.0,-36.9,-36.9,-36.9,-15.883,10.57,2464.0,Altar of Fangs,11,2026-08-19,2464.0,29.0,0.0
all,T:Protection Paladin | H:Preservation Evoker | D:Devourer DemonHunter | D:Balance Druid | D:Marksmanship Hunter,1,-6.14,11.0,-37.1,-37.1,-37.1,-15.883,10.57,2468.0,Voidscar Arena,11,2026-08-19,2468.0,44.0,0.0
all,T:Protection Warrior | H:Restoration Shaman | D:Devourer DemonHunter | D:Arcane Mage | D:Windwalker Monk,2,-6.16,10.5,-5.9,18.1,-5.9,-15.883,10.57,1621.0,Kings' Rest,10,2026-08-19,1980.0,13.0,0.0
all,T:Guardian Druid | H:Restoration Shaman | D:Balance Druid | D:BeastMastery Hunter | D:Arcane Mage,4,-6.19,10.0,17.6,21.7,19.6,-15.883,10.57,1503.0,Temple of Sethraliss,10,2026-08-19,1478.0,1.5,0.0
all,T:Blood DeathKnight | H:Discipline Priest | D:Arcane Mage | D:Windwalker Monk | D:Assassination Rogue,1,-6.21,11.0,-37.5,-37.5,-37.5,-15.883,10.57,2722.0,Kings' Rest,11,2026-08-19,2722.0,23.0,0.0
all,T:Vengeance DemonHunter | H:Restoration Shaman | D:Balance Druid | D:Marksmanship Hunter | D:Arms Warrior,1,-6.21,11.0,-37.5,-37.5,-37.5,-15.883,10.57,2475.0,Voidscar Arena,11,2026-08-19,2475.0,43.0,0.0
all,T:Blood DeathKnight | H:Holy Paladin | D:Devastation Evoker | D:BeastMastery Hunter | D:Outlaw Rogue,1,-6.28,11.0,-37.9,-37.9,-37.9,-15.883,10.57,2648.0,Den of Nalorakk,11,2026-08-18,2648.0,15.0,0.0
all,T:Protection Paladin | H:Restoration Shaman | D:Frost DeathKnight | D:Devastation Evoker | D:Destruction Warlock,1,-6.29,11.0,-38.0,-38.0,-38.0,-15.883,10.57,2484.0,Voidscar Arena,11,2026-08-18,2484.0,17.0,0.0
all,T:Brewmaster Monk | H:Preservation Evoker | D:Windwalker Monk | D:Elemental Shaman | D:Destruction Warlock,2,-6.33,10.5,-6.5,14.6,-6.5,-15.883,10.57,1640.0,Den of Nalorakk,10,2026-08-18,2121.0,14.5,0.0
all,T:Protection Paladin | H:Restoration Shaman | D:Marksmanship Hunter | D:Arcane Mage | D:Windwalker Monk,5,-6.37,10.4,6.1,22.3,19.5,-15.883,10.57,1399.0,Voidscar Arena,10,2026-08-18,1618.0,14.2,0.0
all,T:Blood DeathKnight | H:Restoration Shaman | D:Frost DeathKnight | D:Survival Hunter | D:Arcane Mage,1,-6.43,11.0,-38.8,-38.8,-38.8,-15.883,10.57,2749.0,Kings' Rest,11,2026-08-19,2749.0,31.0,0.0
all,T:Guardian Druid | H:Restoration Shaman | D:BeastMastery Hunter | D:Arcane Mage | D:Retribution Paladin,3,-6.44,10.3,3.8,19.5,18.6,-15.883,10.57,1643.0,Murder Row,10,2026-08-18,1643.0,7.67,0.0
all,T:Guardian Druid | H:Restoration Shaman | D:Devastation Evoker | D:BeastMastery Hunter | D:Retribution Paladin,1,-6.44,11.0,-38.9,-38.9,-38.9,-15.883,10.57,2500.0,Altar of Fangs,11,2026-08-18,2500.0,19.0,0.0
all,T:Protection Paladin | H:Preservation Evoker | D:Shadow Priest | D:Enhancement Shaman | D:Demonology Warlock,1,-6.44,11.0,-38.9,-38.9,-38.9,-15.883,10.57,2499.0,Voidscar Arena,11,2026-08-18,2499.0,30.0,0.0
all,T:Blood DeathKnight | H:Restoration Druid | D:Unholy DeathKnight | D:Retribution Paladin | D:Fury Warrior,1,-6.48,11.0,-39.1,-39.1,-39.1,-15.883,10.57,2672.0,Den of Nalorakk,11,2026-08-18,2672.0,36.0,0.0
all,T:Blood DeathKnight | H:Restoration Shaman | D:Arcane Mage | D:Enhancement Shaman | D:Demonology Warlock,2,-6.58,11.0,-23.2,-7.6,-23.2,-15.883,10.57,2131.0,Kings' Rest,11,2026-08-18,2398.0,19.5,0.0
all,T:Vengeance DemonHunter | H:Preservation Evoker | D:Devastation Evoker | D:BeastMastery Hunter | D:Demonology Warlock,4,-6.71,10.2,8.5,25.3,19.6,-15.883,10.57,1480.0,Kings' Rest,10,2026-08-19,1556.0,14.0,0.0
all,T:Blood DeathKnight | H:Holy Paladin | D:Devourer DemonHunter | D:Devastation Evoker | D:BeastMastery Hunter,3,-6.84,11.0,-18.5,-16.3,-17.4,-15.883,10.57,2093.0,Altar of Fangs,11,2026-08-19,2093.0,19.0,0.0
all,T:Blood DeathKnight | H:Mistweaver Monk | D:Devourer DemonHunter | D:BeastMastery Hunter | D:Arms Warrior,2,-6.93,11.0,-24.5,-20.9,-24.5,-15.883,10.57,2177.0,Altar of Fangs,11,2026-08-18,2164.0,27.5,0.0
all,T:Vengeance DemonHunter | H:Restoration Shaman | D:Unholy DeathKnight | D:BeastMastery Hunter | D:Arms Warrior,4,-7.04,10.2,7.8,19.8,18.0,-15.883,10.57,1444.0,The Blinding Vale,10,2026-08-18,1523.0,12.75,0.0
all,T:Guardian Druid | H:Holy Priest | D:Augmentation Evoker | D:Devastation Evoker | D:Arcane Mage,2,-7.05,11.0,-24.9,-16.4,-24.9,-15.883,10.57,2095.0,The Blinding Vale,11,2026-08-18,2328.0,14.5,0.0
all,T:Protection Paladin | H:Holy Paladin | D:Balance Druid | D:Arms Warrior | D:Arms Warrior,2,-7.09,10.5,-9.1,14.6,-9.1,-15.883,10.57,1640.0,Den of Nalorakk,10,2026-08-19,2016.0,14.0,0.0
all,T:Vengeance DemonHunter | H:Holy Paladin | D:Arcane Mage | D:Retribution Paladin | D:Arms Warrior,2,-7.1,10.5,-9.2,15.2,-9.2,-15.883,10.57,1628.0,Den of Nalorakk,10,2026-08-19,2016.0,11.0,0.0
all,T:Blood DeathKnight | H:Restoration Shaman | D:Frost DeathKnight | D:Assassination Rogue | D:Arms Warrior,6,-7.32,10.0,18.1,23.0,19.5,-15.883,10.57,1387.0,Voidscar Arena,10,2026-08-19,1541.0,3.83,0.0
all,T:Blood DeathKnight | H:Discipline Priest | D:Arcane Mage | D:Retribution Paladin | D:Demonology Warlock,3,-7.4,11.0,-20.0,7.6,-30.8,-15.883,10.57,1829.0,Kings' Rest,11,2026-08-19,2511.0,22.0,0.0
all,T:Brewmaster Monk | H:Restoration Shaman | D:Arcane Mage | D:Destruction Warlock | D:Arms Warrior,3,-7.41,10.7,-9.4,20.7,-22.5,-15.883,10.57,1617.0,Murder Row,10,2026-08-18,2276.0,16.67,0.0
