run_id,char_id,class,spec,hero_talent,role,region,dungeon,key_level,timed,duration_s,dps,deaths,item_level,date,reset_bucket,post_tuning,keystone_s,pct_under_timer
21820,7175,DemonHunter,Devourer,Unknown,DPS,US,Voidscar Arena,12,1,1333.4,244108,0,300.0,2026-08-19,0,-1,1370.0,23.9
21820,7031,Evoker,Devastation,Unknown,DPS,US,Voidscar Arena,12,1,1333.4,213165,2,304.0,2026-08-19,0,-1,1370.0,23.9
21820,42973,Paladin,Retribution,Unknown,DPS,US,Voidscar Arena,12,1,1333.4,235580,0,295.0,2026-08-19,0,-1,1370.0,23.9
21820,10526,Shaman,Restoration,Unknown,Healer,US,Voidscar Arena,12,1,1333.4,26250,0,292.0,2026-08-19,0,-1,1370.0,23.9
21820,7029,Druid,Guardian,Unknown,Tank,US,Voidscar Arena,12,1,1333.4,118826,1,299.0,2026-08-19,0,-1,1370.0,23.9
21827,48565,Rogue,Subtlety,Deathstalker,DPS,US,Kings' Rest,6,1,1077.3,104029,0,297.0,2026-08-19,0,-1,1068.0,46.0
21827,48566,Warrior,Arms,Slayer,DPS,US,Kings' Rest,6,1,1077.3,131400,0,297.0,2026-08-19,0,-1,1068.0,46.0
21827,48563,Druid,Guardian,Elune's Chosen,Tank,US,Kings' Rest,6,1,1077.3,55770,0,291.0,2026-08-19,0,-1,1068.0,46.0
21827,48564,Evoker,Preservation,Flameshaper,Healer,US,Kings' Rest,6,1,1077.3,30292,0,296.0,2026-08-19,0,-1,1068.0,46.0
21827,48567,Hunter,Survival,Pack Leader,DPS,US,Kings' Rest,6,1,1077.3,103938,0,290.0,2026-08-19,0,-1,1068.0,46.0
21828,48571,Mage,Frost,Spellslinger,DPS,US,Ruby Life Pools,2,1,851.8,138533,0,292.0,2026-08-19,0,-1,843.0,49.8
21828,48570,Hunter,BeastMastery,Pack Leader,DPS,US,Ruby Life Pools,2,1,851.8,130142,0,296.0,2026-08-19,0,-1,843.0,49.8
21828,48569,Druid,Restoration,Wildstalker,Healer,US,Ruby Life Pools,2,1,851.8,11194,0,296.0,2026-08-19,0,-1,843.0,49.8
21828,48568,DeathKnight,Blood,San'layn,Tank,US,Ruby Life Pools,2,1,851.8,76144,0,294.0,2026-08-19,0,-1,843.0,49.8
21828,48572,Priest,Shadow,Archon,DPS,US,Ruby Life Pools,2,1,851.8,110182,0,293.0,2026-08-19,0,-1,843.0,49.8
21832,47857,Paladin,Holy,Unknown,Healer,CN,The Blinding Vale,5,1,785.4,36246,0,293.0,2026-08-20,0,-1,776.0,56.9
21832,47856,Warrior,Protection,Unknown,Tank,CN,The Blinding Vale,5,1,785.4,113205,0,294.0,2026-08-20,0,-1,776.0,56.9
21832,47860,Hunter,BeastMastery,Unknown,DPS,CN,The Blinding Vale,5,1,785.4,178533,0,295.0,2026-08-20,0,-1,776.0,56.9
21832,47858,Mage,Arcane,Unknown,DPS,CN,The Blinding Vale,5,1,785.4,193902,0,291.0,2026-08-20,0,-1,776.0,56.9
21832,47859,Warlock,Demonology,Unknown,DPS,CN,The Blinding Vale,5,1,785.4,208674,0,293.0,2026-08-20,0,-1,776.0,56.9
21836,43821,Mage,Arcane,Sunfury,DPS,EU,Altar of Fangs,10,1,1163.3,264679,0,298.0,2026-08-19,0,-1,1155.0,35.9
21836,43822,Druid,Balance,Elune's Chosen,DPS,EU,Altar of Fangs,10,1,1163.3,232995,0,297.0,2026-08-19,0,-1,1155.0,35.9
21836,43820,DemonHunter,Devourer,Void-Scarred,DPS,EU,Altar of Fangs,10,1,1163.3,244922,0,296.0,2026-08-19,0,-1,1155.0,35.9
21836,43858,Priest,Holy,Oracle,Healer,EU,Altar of Fangs,10,1,1163.3,37673,0,292.0,2026-08-19,0,-1,1155.0,35.9
21836,43818,DeathKnight,Blood,San'layn,Tank,EU,Altar of Fangs,10,1,1163.3,141841,0,297.0,2026-08-19,0,-1,1155.0,35.9
21839,48586,Shaman,Elemental,Farseer,DPS,US,Altar of Fangs,11,1,1448.6,221391,0,296.0,2026-08-20,0,-1,1450.0,19.5
21839,48585,Paladin,Holy,Herald of the Sun,Healer,US,Altar of Fangs,11,1,1448.6,19083,2,298.0,2026-08-20,0,-1,1450.0,19.5
21839,16429,DemonHunter,Vengeance,Annihilator,Tank,US,Altar of Fangs,11,1,1448.6,150077,0,305.0,2026-08-20,0,-1,1450.0,19.5
21839,4417,DeathKnight,Frost,Deathbringer,DPS,US,Altar of Fangs,11,1,1448.6,181677,0,296.0,2026-08-20,0,-1,1450.0,19.5
21839,48587,Warrior,Arms,Slayer,DPS,US,Altar of Fangs,11,1,1448.6,196482,0,303.0,2026-08-20,0,-1,1450.0,19.5
21840,102,Paladin,Retribution,Templar,DPS,US,Murder Row,12,1,1640.3,197614,0,301.0,2026-08-20,0,-1,1632.0,20.0
21840,32702,Shaman,Restoration,Totemic,Healer,US,Murder Row,12,1,1640.3,26770,0,305.0,2026-08-20,0,-1,1632.0,20.0
21840,45073,Hunter,Marksmanship,Sentinel,DPS,US,Murder Row,12,1,1640.3,183639,0,305.0,2026-08-20,0,-1,1632.0,20.0
21840,45072,DeathKnight,Blood,Deathbringer,Tank,US,Murder Row,12,1,1640.3,86604,0,305.0,2026-08-20,0,-1,1632.0,20.0
21840,1273,Warrior,Arms,Slayer,DPS,US,Murder Row,12,1,1640.3,194790,0,298.0,2026-08-20,0,-1,1632.0,20.0
21844,48598,Paladin,Retribution,Templar,DPS,EU,Kings' Rest,5,1,1181.8,88511,0,292.0,2026-08-19,0,-1,1173.0,40.7
21844,48595,Paladin,Protection,Lightsmith,Tank,EU,Kings' Rest,5,1,1181.8,57507,0,284.0,2026-08-19,0,-1,1173.0,40.7
21844,48596,Monk,Mistweaver,Conduit of the Celestials,Healer,EU,Kings' Rest,5,1,1181.8,21676,1,289.0,2026-08-19,0,-1,1173.0,40.7
21844,48599,Druid,Feral,Druid of the Claw,DPS,EU,Kings' Rest,5,1,1181.8,84689,0,287.0,2026-08-19,0,-1,1173.0,40.7
21844,48597,DeathKnight,Frost,Deathbringer,DPS,EU,Kings' Rest,5,1,1181.8,111754,0,296.0,2026-08-19,0,-1,1173.0,40.7
21845,48603,Mage,Arcane,Sunfury,DPS,EU,Murder Row,5,1,1217.7,124225,2,295.0,2026-08-19,0,-1,1209.0,40.7
21845,48602,DeathKnight,Unholy,Rider of the Apocalypse,DPS,EU,Murder Row,5,1,1217.7,114632,1,293.0,2026-08-19,0,-1,1209.0,40.7
21845,48600,Warrior,Protection,Mountain Thane,Tank,EU,Murder Row,5,1,1217.7,57153,1,293.0,2026-08-19,0,-1,1209.0,40.7
21845,48601,Shaman,Restoration,Totemic,Healer,EU,Murder Row,5,1,1217.7,14532,3,284.0,2026-08-19,0,-1,1209.0,40.7
21845,48604,Rogue,Subtlety,Deathstalker,DPS,EU,Murder Row,5,1,1217.7,153166,1,293.0,2026-08-19,0,-1,1209.0,40.7
21856,48636,Hunter,BeastMastery,Pack Leader,DPS,US,Voidscar Arena,4,1,1000.4,119940,0,294.0,2026-08-19,0,-1,992.0,44.9
21856,48635,Rogue,Assassination,Deathstalker,DPS,US,Voidscar Arena,4,1,1000.4,152196,2,292.0,2026-08-19,0,-1,992.0,44.9
21856,48637,Shaman,Elemental,Farseer,DPS,US,Voidscar Arena,4,1,1000.4,85242,0,280.0,2026-08-19,0,-1,992.0,44.9
21856,48634,Priest,Holy,Oracle,Healer,US,Voidscar Arena,4,1,1000.4,13587,0,291.0,2026-08-19,0,-1,992.0,44.9
21856,48633,Monk,Brewmaster,Shado-Pan,Tank,US,Voidscar Arena,4,1,1000.4,45707,2,282.0,2026-08-19,0,-1,992.0,44.9
21859,48642,Monk,Windwalker,Unknown,DPS,US,Voidscar Arena,4,1,1052.3,114102,0,293.0,2026-08-20,0,-1,1044.0,42.0
21859,48638,Warrior,Protection,Unknown,Tank,US,Voidscar Arena,4,1,1052.3,65918,0,281.0,2026-08-20,0,-1,1044.0,42.0
21859,48639,Druid,Restoration,Unknown,Healer,US,Voidscar Arena,4,1,1052.3,4165,0,284.0,2026-08-20,0,-1,1044.0,42.0
21859,48640,Druid,Balance,Unknown,DPS,US,Voidscar Arena,4,1,1052.3,104767,1,284.0,2026-08-20,0,-1,1044.0,42.0
21859,48641,Mage,Arcane,Unknown,DPS,US,Voidscar Arena,4,1,1052.3,114720,1,292.0,2026-08-20,0,-1,1044.0,42.0
21862,48649,Rogue,Outlaw,Trickster,DPS,US,Altar of Fangs,5,1,1072.8,140429,0,288.0,2026-08-19,0,-1,1064.0,40.9
21862,48647,Druid,Restoration,Wildstalker,Healer,US,Altar of Fangs,5,1,1072.8,9528,0,290.0,2026-08-19,0,-1,1064.0,40.9
21862,48646,Warrior,Protection,Mountain Thane,Tank,US,Altar of Fangs,5,1,1072.8,95012,0,290.0,2026-08-19,0,-1,1064.0,40.9
21862,48650,Mage,Arcane,Sunfury,DPS,US,Altar of Fangs,5,1,1072.8,116574,1,294.0,2026-08-19,0,-1,1064.0,40.9
21862,48648,Hunter,Marksmanship,Sentinel,DPS,US,Altar of Fangs,5,1,1072.8,161552,0,295.0,2026-08-19,0,-1,1064.0,40.9
21865,48655,Shaman,Restoration,Totemic,Healer,US,Murder Row,6,1,1155.0,11889,0,294.0,2026-08-19,0,-1,1146.0,43.8
21865,48654,DeathKnight,Blood,San'layn,Tank,US,Murder Row,6,1,1155.0,105446,0,298.0,2026-08-19,0,-1,1146.0,43.8
21865,48657,Warrior,Arms,Slayer,DPS,US,Murder Row,6,1,1155.0,144054,0,293.0,2026-08-19,0,-1,1146.0,43.8
21865,48656,Hunter,BeastMastery,Pack Leader,DPS,US,Murder Row,6,1,1155.0,142869,0,297.0,2026-08-19,0,-1,1146.0,43.8
21865,48658,Mage,Arcane,Sunfury,DPS,US,Murder Row,6,1,1155.0,133509,0,295.0,2026-08-19,0,-1,1146.0,43.8
21870,23911,Warrior,Arms,Slayer,DPS,EU,Den of Nalorakk,11,1,1493.5,195258,4,293.0,2026-08-19,0,-1,1530.0,20.3
21870,23908,Shaman,Restoration,Totemic,Healer,EU,Den of Nalorakk,11,1,1493.5,20295,1,289.0,2026-08-19,0,-1,1530.0,20.3
21870,23910,Evoker,Devastation,Scalecommander,DPS,EU,Den of Nalorakk,11,1,1493.5,184501,2,295.0,2026-08-19,0,-1,1530.0,20.3
21870,46113,Paladin,Retribution,Templar,DPS,EU,Den of Nalorakk,11,1,1493.5,193817,1,295.0,2026-08-19,0,-1,1530.0,20.3
21870,23907,Monk,Brewmaster,Master of Harmony,Tank,EU,Den of Nalorakk,11,1,1493.5,99396,1,292.0,2026-08-19,0,-1,1530.0,20.3
21876,48684,Paladin,Holy,Herald of the Sun,Healer,US,Kings' Rest,2,1,1102.7,12555,0,275.0,2026-08-20,0,-1,1094.0,44.7
21876,48686,Shaman,Enhancement,Stormbringer,DPS,US,Kings' Rest,2,1,1102.7,66893,0,279.0,2026-08-20,0,-1,1094.0,44.7
21876,48685,Warrior,Fury,Mountain Thane,DPS,US,Kings' Rest,2,1,1102.7,101918,0,290.0,2026-08-20,0,-1,1094.0,44.7
21876,48683,Monk,Brewmaster,Shado-Pan,Tank,US,Kings' Rest,2,1,1102.7,70506,0,295.0,2026-08-20,0,-1,1094.0,44.7
21876,48687,Hunter,BeastMastery,Pack Leader,DPS,US,Kings' Rest,2,1,1102.7,76348,0,272.0,2026-08-20,0,-1,1094.0,44.7
21878,39701,DemonHunter,Devourer,Annihilator,DPS,US,Altar of Fangs,12,1,1583.9,194929,1,294.0,2026-08-19,0,-1,1665.0,7.5
21878,39698,Paladin,Holy,Herald of the Sun,Healer,US,Altar of Fangs,12,1,1583.9,18303,3,296.0,2026-08-19,0,-1,1665.0,7.5
21878,1302,Shaman,Elemental,Farseer,DPS,US,Altar of Fangs,12,1,1583.9,249613,1,302.0,2026-08-19,0,-1,1665.0,7.5
21878,7543,DeathKnight,Unholy,San'layn,DPS,US,Altar of Fangs,12,1,1583.9,251682,1,299.0,2026-08-19,0,-1,1665.0,7.5
21878,2398,DeathKnight,Blood,San'layn,Tank,US,Altar of Fangs,12,1,1583.9,105204,0,295.0,2026-08-19,0,-1,1665.0,7.5
21886,11536,Paladin,Retribution,Unknown,DPS,US,Temple of Sethraliss,2,1,994.8,110176,0,301.0,2026-08-19,0,-1,986.0,48.6
21886,37412,Monk,Mistweaver,Unknown,Healer,US,Temple of Sethraliss,2,1,994.8,20155,0,287.0,2026-08-19,0,-1,986.0,48.6
21886,48702,DemonHunter,Havoc,Unknown,DPS,US,Temple of Sethraliss,2,1,994.8,115824,0,297.0,2026-08-19,0,-1,986.0,48.6
21886,37414,Priest,Shadow,Unknown,DPS,US,Temple of Sethraliss,2,1,994.8,118128,0,296.0,2026-08-19,0,-1,986.0,48.6
21886,11537,DeathKnight,Blood,Unknown,Tank,US,Temple of Sethraliss,2,1,994.8,63186,0,297.0,2026-08-19,0,-1,986.0,48.6
21895,48717,DeathKnight,Blood,Deathbringer,Tank,US,Altar of Fangs,11,1,1441.5,152041,0,304.0,2026-08-20,0,-1,1443.0,19.8
21895,18825,Shaman,Restoration,Totemic,Healer,US,Altar of Fangs,11,1,1441.5,33675,0,303.0,2026-08-20,0,-1,1443.0,19.8
21895,28845,Warrior,Arms,Slayer,DPS,US,Altar of Fangs,11,1,1441.5,235179,0,297.0,2026-08-20,0,-1,1443.0,19.8
21895,43498,Hunter,Survival,Sentinel,DPS,US,Altar of Fangs,11,1,1441.5,176039,1,291.0,2026-08-20,0,-1,1443.0,19.8
21895,28842,Monk,Windwalker,Shado-Pan,DPS,US,Altar of Fangs,11,1,1441.5,197718,1,296.0,2026-08-20,0,-1,1443.0,19.8
21896,47811,DeathKnight,Blood,San'layn,Tank,US,The Blinding Vale,12,1,1595.9,107979,0,301.0,2026-08-20,0,-1,1602.0,11.0
21896,6517,Mage,Arcane,Sunfury,DPS,US,The Blinding Vale,12,1,1595.9,212846,0,301.0,2026-08-20,0,-1,1602.0,11.0
21896,6989,Paladin,Holy,Herald of the Sun,Healer,US,The Blinding Vale,12,1,1595.9,30412,1,301.0,2026-08-20,0,-1,1602.0,11.0
21896,48718,Paladin,Retribution,Templar,DPS,US,The Blinding Vale,12,1,1595.9,177945,0,302.0,2026-08-20,0,-1,1602.0,11.0
21896,47814,Hunter,BeastMastery,Pack Leader,DPS,US,The Blinding Vale,12,1,1595.9,191977,0,307.0,2026-08-20,0,-1,1602.0,11.0
21897,17862,Warlock,Demonology,Diabolist,DPS,EU,Ruby Life Pools,12,1,1512.1,205474,1,303.0,2026-08-19,0,-1,1578.0,6.0
21897,48719,Rogue,Subtlety,Deathstalker,DPS,EU,Ruby Life Pools,12,1,1512.1,201378,1,304.0,2026-08-19,0,-1,1578.0,6.0
21897,42782,Monk,Brewmaster,Master of Harmony,Tank,EU,Ruby Life Pools,12,1,1512.1,94963,1,293.0,2026-08-19,0,-1,1578.0,6.0
21897,13433,Shaman,Restoration,Totemic,Healer,EU,Ruby Life Pools,12,1,1512.1,35600,1,302.0,2026-08-19,0,-1,1578.0,6.0
21897,39093,Warrior,Arms,Slayer,DPS,EU,Ruby Life Pools,12,1,1512.1,236869,1,295.0,2026-08-19,0,-1,1578.0,6.0
21900,48726,DeathKnight,Blood,San'layn,Tank,EU,Altar of Fangs,11,1,1456.4,135434,0,296.0,2026-08-20,0,-1,1468.0,18.5
21900,31798,Warrior,Arms,Slayer,DPS,EU,Altar of Fangs,11,1,1456.4,193934,2,304.0,2026-08-20,0,-1,1468.0,18.5
21900,48728,DemonHunter,Devourer,Annihilator,DPS,EU,Altar of Fangs,11,1,1456.4,214817,1,301.0,2026-08-20,0,-1,1468.0,18.5
21900,28394,Warlock,Demonology,Diabolist,DPS,EU,Altar of Fangs,11,1,1456.4,229886,0,307.0,2026-08-20,0,-1,1468.0,18.5
21900,48727,Shaman,Restoration,Totemic,Healer,EU,Altar of Fangs,11,1,1456.4,23248,1,296.0,2026-08-20,0,-1,1468.0,18.5
21901,43273,DeathKnight,Blood,San'layn,Tank,CN,Kings' Rest,8,1,1232.0,61901,0,294.0,2026-08-20,0,-1,1223.0,38.2
21901,43276,Warrior,Arms,Slayer,DPS,CN,Kings' Rest,8,1,1232.0,110568,0,291.0,2026-08-20,0,-1,1223.0,38.2
21901,43277,Mage,Arcane,Sunfury,DPS,CN,Kings' Rest,8,1,1232.0,140343,0,295.0,2026-08-20,0,-1,1223.0,38.2
21901,43275,Monk,Windwalker,Shado-Pan,DPS,CN,Kings' Rest,8,1,1232.0,139899,0,296.0,2026-08-20,0,-1,1223.0,38.2
21901,43274,Monk,Mistweaver,Conduit of the Celestials,Healer,CN,Kings' Rest,8,1,1232.0,37277,0,290.0,2026-08-20,0,-1,1223.0,38.2
21904,48737,Warrior,Fury,Slayer,DPS,EU,Temple of Sethraliss,12,1,1705.2,151531,0,297.0,2026-08-19,0,-1,1756.0,8.5
21904,48734,DeathKnight,Blood,San'layn,Tank,EU,Temple of Sethraliss,12,1,1705.2,120003,0,301.0,2026-08-19,0,-1,1756.0,8.5
21904,20422,Shaman,Elemental,Farseer,DPS,EU,Temple of Sethraliss,12,1,1705.2,189399,2,298.0,2026-08-19,0,-1,1756.0,8.5
21904,48736,Druid,Feral,Druid of the Claw,DPS,EU,Temple of Sethraliss,12,1,1705.2,167682,2,295.0,2026-08-19,0,-1,1756.0,8.5
21904,48735,Paladin,Holy,Lightsmith,Healer,EU,Temple of Sethraliss,12,1,1705.2,27142,0,306.0,2026-08-19,0,-1,1756.0,8.5
21924,45513,Mage,Arcane,Sunfury,DPS,EU,Voidscar Arena,6,1,943.5,144438,0,293.0,2026-08-19,0,-1,940.0,47.8
21924,23594,DeathKnight,Blood,San'layn,Tank,EU,Voidscar Arena,6,1,943.5,92012,0,292.0,2026-08-19,0,-1,940.0,47.8
21924,48770,Shaman,Enhancement,Stormbringer,DPS,EU,Voidscar Arena,6,1,943.5,115661,0,278.0,2026-08-19,0,-1,940.0,47.8
21924,23596,Priest,Shadow,Voidweaver,DPS,EU,Voidscar Arena,6,1,943.5,177381,1,294.0,2026-08-19,0,-1,940.0,47.8
21924,23595,Evoker,Preservation,Flameshaper,Healer,EU,Voidscar Arena,6,1,943.5,28187,0,294.0,2026-08-19,0,-1,940.0,47.8
21927,47859,Warlock,Demonology,Unknown,DPS,CN,Altar of Fangs,8,1,1058.8,217245,1,293.0,2026-08-20,0,-1,1055.0,41.4
21927,47856,Warrior,Protection,Unknown,Tank,CN,Altar of Fangs,8,1,1058.8,129836,0,294.0,2026-08-20,0,-1,1055.0,41.4
21927,47858,Mage,Arcane,Unknown,DPS,CN,Altar of Fangs,8,1,1058.8,236082,0,291.0,2026-08-20,0,-1,1055.0,41.4
21927,47860,Hunter,BeastMastery,Unknown,DPS,CN,Altar of Fangs,8,1,1058.8,198322,0,295.0,2026-08-20,0,-1,1055.0,41.4
21927,47857,Paladin,Holy,Unknown,Healer,CN,Altar of Fangs,8,1,1058.8,48219,0,293.0,2026-08-20,0,-1,1055.0,41.4
21929,8730,DemonHunter,Havoc,Fel-Scarred,DPS,US,Murder Row,4,1,1130.9,121010,0,294.0,2026-08-19,0,-1,1123.0,45.0
21929,48775,Mage,Arcane,Sunfury,DPS,US,Murder Row,4,1,1130.9,104499,0,296.0,2026-08-19,0,-1,1123.0,45.0
21929,35483,DemonHunter,Vengeance,Annihilator,Tank,US,Murder Row,4,1,1130.9,52732,0,293.0,2026-08-19,0,-1,1123.0,45.0
21929,48774,Paladin,Holy,Herald of the Sun,Healer,US,Murder Row,4,1,1130.9,9062,0,260.0,2026-08-19,0,-1,1123.0,45.0
21929,26756,Shaman,Elemental,Farseer,DPS,US,Murder Row,4,1,1130.9,172155,0,296.0,2026-08-19,0,-1,1123.0,45.0
21931,10483,Mage,Arcane,Sunfury,DPS,US,Temple of Sethraliss,12,1,1504.2,176076,3,299.0,2026-08-19,0,-1,1601.0,16.6
21931,48776,Druid,Guardian,Elune's Chosen,Tank,US,Temple of Sethraliss,12,1,1504.2,97658,1,301.0,2026-08-19,0,-1,1601.0,16.6
21931,41100,DemonHunter,Devourer,Annihilator,DPS,US,Temple of Sethraliss,12,1,1504.2,192912,3,306.0,2026-08-19,0,-1,1601.0,16.6
21931,48777,DeathKnight,Unholy,San'layn,DPS,US,Temple of Sethraliss,12,1,1504.2,292118,0,305.0,2026-08-19,0,-1,1601.0,16.6
21931,6899,Monk,Mistweaver,Conduit of the Celestials,Healer,US,Temple of Sethraliss,12,1,1504.2,52018,0,303.0,2026-08-19,0,-1,1601.0,16.6
21937,48797,Shaman,Elemental,Farseer,DPS,EU,Temple of Sethraliss,11,1,1517.0,221396,0,304.0,2026-08-20,0,-1,1508.0,21.5
21937,21463,Druid,Guardian,Elune's Chosen,Tank,EU,Temple of Sethraliss,11,1,1517.0,102805,0,300.0,2026-08-20,0,-1,1508.0,21.5
21937,21464,Priest,Discipline,Oracle,Healer,EU,Temple of Sethraliss,11,1,1517.0,16973,0,300.0,2026-08-20,0,-1,1508.0,21.5
21937,23632,DeathKnight,Frost,Deathbringer,DPS,EU,Temple of Sethraliss,11,1,1517.0,206876,0,299.0,2026-08-20,0,-1,1508.0,21.5
21937,48796,Mage,Arcane,Sunfury,DPS,EU,Temple of Sethraliss,11,1,1517.0,124592,0,300.0,2026-08-20,0,-1,1508.0,21.5
21944,48814,Warrior,Arms,Slayer,DPS,EU,Ruby Life Pools,6,1,986.6,123308,1,282.0,2026-08-19,0,-1,988.0,41.2
21944,48813,Rogue,Assassination,Deathstalker,DPS,EU,Ruby Life Pools,6,1,986.6,135356,0,285.0,2026-08-19,0,-1,988.0,41.2
21944,48811,DeathKnight,Blood,San'layn,Tank,EU,Ruby Life Pools,6,1,986.6,111575,0,300.0,2026-08-19,0,-1,988.0,41.2
21944,48812,Shaman,Restoration,Totemic,Healer,EU,Ruby Life Pools,6,1,986.6,27341,1,294.0,2026-08-19,0,-1,988.0,41.2
21944,48815,Hunter,BeastMastery,Pack Leader,DPS,EU,Ruby Life Pools,6,1,986.6,174056,0,296.0,2026-08-19,0,-1,988.0,41.2
21945,46773,DeathKnight,Blood,San'layn,Tank,EU,Ruby Life Pools,11,1,1238.6,113495,0,294.0,2026-08-19,0,-1,1245.0,25.9
21945,15870,Shaman,Elemental,Farseer,DPS,EU,Ruby Life Pools,11,1,1238.6,235961,0,299.0,2026-08-19,0,-1,1245.0,25.9
21945,47727,Priest,Discipline,Oracle,Healer,EU,Ruby Life Pools,11,1,1238.6,20043,0,297.0,2026-08-19,0,-1,1245.0,25.9
21945,47729,DemonHunter,Devourer,Void-Scarred,DPS,EU,Ruby Life Pools,11,1,1238.6,203466,0,298.0,2026-08-19,0,-1,1245.0,25.9
21945,47728,Mage,Arcane,Sunfury,DPS,EU,Ruby Life Pools,11,1,1238.6,154705,3,291.0,2026-08-19,0,-1,1245.0,25.9
21950,40255,Paladin,Retribution,Templar,DPS,US,Voidscar Arena,12,1,1542.1,177711,2,298.0,2026-08-19,0,-1,1639.0,9.0
21950,3957,DemonHunter,Devourer,Annihilator,DPS,US,Voidscar Arena,12,1,1542.1,196464,3,302.0,2026-08-19,0,-1,1639.0,9.0
21950,9214,DeathKnight,Blood,San'layn,Tank,US,Voidscar Arena,12,1,1542.1,122164,0,304.0,2026-08-19,0,-1,1639.0,9.0
21950,43112,Hunter,BeastMastery,Pack Leader,DPS,US,Voidscar Arena,12,1,1542.1,127319,1,297.0,2026-08-19,0,-1,1639.0,9.0
21950,8191,Paladin,Holy,Herald of the Sun,Healer,US,Voidscar Arena,12,1,1542.1,6393,1,301.0,2026-08-19,0,-1,1639.0,9.0
21960,48848,Druid,Balance,Elune's Chosen,DPS,US,Temple of Sethraliss,12,1,1674.3,182499,1,297.0,2026-08-20,0,-1,1756.0,8.5
21960,11170,DeathKnight,Frost,Deathbringer,DPS,US,Temple of Sethraliss,12,1,1674.3,155591,1,299.0,2026-08-20,0,-1,1756.0,8.5
21960,11175,DeathKnight,Blood,San'layn,Tank,US,Temple of Sethraliss,12,1,1674.3,101954,0,301.0,2026-08-20,0,-1,1756.0,8.5
21960,11177,Evoker,Preservation,Flameshaper,Healer,US,Temple of Sethraliss,12,1,1674.3,54694,0,303.0,2026-08-20,0,-1,1756.0,8.5
21960,48849,Priest,Shadow,Voidweaver,DPS,US,Temple of Sethraliss,12,1,1674.3,170955,4,297.0,2026-08-20,0,-1,1756.0,8.5
21961,8814,Warrior,Arms,Slayer,DPS,US,Voidscar Arena,12,1,1578.4,171396,0,307.0,2026-08-19,0,-1,1570.0,12.8
21961,48850,Shaman,Elemental,Farseer,DPS,US,Voidscar Arena,12,1,1578.4,173603,0,302.0,2026-08-19,0,-1,1570.0,12.8
21961,46183,Paladin,Holy,Herald of the Sun,Healer,US,Voidscar Arena,12,1,1578.4,14607,0,297.0,2026-08-19,0,-1,1570.0,12.8
21961,9830,DeathKnight,Blood,San'layn,Tank,US,Voidscar Arena,12,1,1578.4,98671,0,293.0,2026-08-19,0,-1,1570.0,12.8
21961,8039,Rogue,Assassination,Deathstalker,DPS,US,Voidscar Arena,12,1,1578.4,207192,0,295.0,2026-08-19,0,-1,1570.0,12.8
21962,8734,Warrior,Arms,Slayer,DPS,US,Voidscar Arena,12,1,1361.3,229560,0,303.0,2026-08-19,0,-1,1382.0,23.2
21962,8111,Paladin,Protection,Lightsmith,Tank,US,Voidscar Arena,12,1,1361.3,107425,0,302.0,2026-08-19,0,-1,1382.0,23.2
21962,5291,Hunter,BeastMastery,Pack Leader,DPS,US,Voidscar Arena,12,1,1361.3,177079,2,298.0,2026-08-19,0,-1,1382.0,23.2
21962,47338,Shaman,Restoration,Totemic,Healer,US,Voidscar Arena,12,1,1361.3,21474,0,296.0,2026-08-19,0,-1,1382.0,23.2
21962,7220,Mage,Arcane,Sunfury,DPS,US,Voidscar Arena,12,1,1361.3,237478,0,299.0,2026-08-19,0,-1,1382.0,23.2
21964,48855,DeathKnight,Unholy,Rider of the Apocalypse,DPS,US,Temple of Sethraliss,2,1,1073.4,99633,0,293.0,2026-08-20,0,-1,1065.0,44.5
21964,25969,DeathKnight,Blood,San'layn,Tank,US,Temple of Sethraliss,2,1,1073.4,45790,0,281.0,2026-08-20,0,-1,1065.0,44.5
21964,48856,Warrior,Arms,Slayer,DPS,US,Temple of Sethraliss,2,1,1073.4,77592,0,294.0,2026-08-20,0,-1,1065.0,44.5
21964,48854,Paladin,Holy,Herald of the Sun,Healer,US,Temple of Sethraliss,2,1,1073.4,10712,0,293.0,2026-08-20,0,-1,1065.0,44.5
21964,2591,Mage,Arcane,Sunfury,DPS,US,Temple of Sethraliss,2,1,1073.4,161528,0,300.0,2026-08-20,0,-1,1065.0,44.5
21967,48858,Shaman,Restoration,Totemic,Healer,EU,Murder Row,10,1,1343.3,11032,0,294.0,2026-08-19,0,-1,1340.0,34.3
21967,48857,Monk,Brewmaster,Shado-Pan,Tank,EU,Murder Row,10,1,1343.3,98841,0,295.0,2026-08-19,0,-1,1340.0,34.3
21967,48859,Warrior,Arms,Slayer,DPS,EU,Murder Row,10,1,1343.3,184598,0,297.0,2026-08-19,0,-1,1340.0,34.3
21967,20071,Druid,Balance,Elune's Chosen,DPS,EU,Murder Row,10,1,1343.3,195884,1,297.0,2026-08-19,0,-1,1340.0,34.3
21967,20073,Mage,Arcane,Sunfury,DPS,EU,Murder Row,10,1,1343.3,189289,0,302.0,2026-08-19,0,-1,1340.0,34.3
21970,48866,Shaman,Elemental,Farseer,DPS,US,Murder Row,4,1,1212.8,117576,0,295.0,2026-08-19,0,-1,1205.0,41.0
21970,48862,DeathKnight,Blood,Deathbringer,Tank,US,Murder Row,4,1,1212.8,60372,0,295.0,2026-08-19,0,-1,1205.0,41.0
21970,48863,Evoker,Preservation,Flameshaper,Healer,US,Murder Row,4,1,1212.8,26516,0,292.0,2026-08-19,0,-1,1205.0,41.0
21970,48865,Warrior,Arms,Slayer,DPS,US,Murder Row,4,1,1212.8,85818,2,294.0,2026-08-19,0,-1,1205.0,41.0
21970,48864,Hunter,Marksmanship,Sentinel,DPS,US,Murder Row,4,1,1212.8,110007,0,294.0,2026-08-19,0,-1,1205.0,41.0
21976,48886,Druid,Balance,Elune's Chosen,DPS,EU,Voidscar Arena,6,1,1017.0,97382,2,290.0,2026-08-19,0,-1,1019.0,43.4
21976,48882,Paladin,Protection,Lightsmith,Tank,EU,Voidscar Arena,6,1,1017.0,103798,0,296.0,2026-08-19,0,-1,1019.0,43.4
21976,48883,Shaman,Restoration,Totemic,Healer,EU,Voidscar Arena,6,1,1017.0,20916,0,287.0,2026-08-19,0,-1,1019.0,43.4
21976,48885,Warrior,Arms,Slayer,DPS,EU,Voidscar Arena,6,1,1017.0,163881,0,293.0,2026-08-19,0,-1,1019.0,43.4
21976,48884,Priest,Shadow,Voidweaver,DPS,EU,Voidscar Arena,6,1,1017.0,145287,0,291.0,2026-08-19,0,-1,1019.0,43.4
21983,21798,Shaman,Restoration,Totemic,Healer,US,Ruby Life Pools,13,1,1595.5,16497,3,295.0,2026-08-19,0,-1,1677.0,0.2
21983,6642,Warlock,Destruction,Diabolist,DPS,US,Ruby Life Pools,13,1,1595.5,212932,0,303.0,2026-08-19,0,-1,1677.0,0.2
21983,33231,Mage,Arcane,Sunfury,DPS,US,Ruby Life Pools,13,1,1595.5,183890,2,297.0,2026-08-19,0,-1,1677.0,0.2
21983,7315,DeathKnight,Blood,Deathbringer,Tank,US,Ruby Life Pools,13,1,1595.5,134930,0,306.0,2026-08-19,0,-1,1677.0,0.2
21983,10147,Hunter,BeastMastery,Pack Leader,DPS,US,Ruby Life Pools,13,1,1595.5,168375,1,297.0,2026-08-19,0,-1,1677.0,0.2
21984,6293,Warrior,Arms,Slayer,DPS,US,Voidscar Arena,12,1,1409.4,198088,1,294.0,2026-08-19,0,-1,1431.0,20.5
21984,2617,Hunter,Marksmanship,Sentinel,DPS,US,Voidscar Arena,12,1,1409.4,206816,0,297.0,2026-08-19,0,-1,1431.0,20.5
21984,1224,Paladin,Holy,Herald of the Sun,Healer,US,Voidscar Arena,12,1,1409.4,25787,1,300.0,2026-08-19,0,-1,1431.0,20.5
21984,11404,DeathKnight,Blood,Deathbringer,Tank,US,Voidscar Arena,12,1,1409.4,112122,0,301.0,2026-08-19,0,-1,1431.0,20.5
21984,21207,Paladin,Retribution,Templar,DPS,US,Voidscar Arena,12,1,1409.4,218906,0,295.0,2026-08-19,0,-1,1431.0,20.5
21987,48901,Paladin,Holy,Herald of the Sun,Healer,US,Ruby Life Pools,11,1,1308.4,19006,1,295.0,2026-08-19,0,-1,1320.0,21.5
21987,41030,DeathKnight,Blood,Deathbringer,Tank,US,Ruby Life Pools,11,1,1308.4,142831,1,305.0,2026-08-19,0,-1,1320.0,21.5
21987,14776,Mage,Arcane,Sunfury,DPS,US,Ruby Life Pools,11,1,1308.4,206305,0,295.0,2026-08-19,0,-1,1320.0,21.5
21987,41032,Warrior,Arms,Slayer,DPS,US,Ruby Life Pools,11,1,1308.4,192749,2,296.0,2026-08-19,0,-1,1320.0,21.5
21987,3788,Rogue,Subtlety,Deathstalker,DPS,US,Ruby Life Pools,11,1,1308.4,199489,0,302.0,2026-08-19,0,-1,1320.0,21.5
21989,21463,Druid,Guardian,Elune's Chosen,Tank,EU,Kings' Rest,11,1,1401.5,75084,0,295.0,2026-08-19,0,-1,1392.0,29.7
21989,46402,DemonHunter,Devourer,Void-Scarred,DPS,EU,Kings' Rest,11,1,1401.5,149599,0,293.0,2026-08-19,0,-1,1392.0,29.7
21989,19240,Mage,Arcane,Sunfury,DPS,EU,Kings' Rest,11,1,1401.5,163278,0,294.0,2026-08-19,0,-1,1392.0,29.7
21989,24648,Priest,Shadow,Archon,DPS,EU,Kings' Rest,11,1,1401.5,171184,0,298.0,2026-08-19,0,-1,1392.0,29.7
21989,21464,Priest,Discipline,Oracle,Healer,EU,Kings' Rest,11,1,1401.5,18428,0,300.0,2026-08-19,0,-1,1392.0,29.7
21998,48931,Paladin,Retribution,Herald of the Sun,DPS,EU,Temple of Sethraliss,5,1,1149.2,87415,0,269.0,2026-08-19,0,-1,1141.0,40.6
21998,48928,Druid,Guardian,Elune's Chosen,Tank,EU,Temple of Sethraliss,5,1,1149.2,90236,0,292.0,2026-08-19,0,-1,1141.0,40.6
21998,48929,Monk,Mistweaver,Conduit of the Celestials,Healer,EU,Temple of Sethraliss,5,1,1149.2,44222,0,290.0,2026-08-19,0,-1,1141.0,40.6
21998,48930,DemonHunter,Havoc,Fel-Scarred,DPS,EU,Temple of Sethraliss,5,1,1149.2,98549,0,284.0,2026-08-19,0,-1,1141.0,40.6
21998,48932,Mage,Arcane,Sunfury,DPS,EU,Temple of Sethraliss,5,1,1149.2,146758,0,293.0,2026-08-19,0,-1,1141.0,40.6
22001,9104,Evoker,Preservation,Flameshaper,Healer,US,Temple of Sethraliss,12,0,1861.0,36176,2,298.0,2026-08-19,0,-1,2003.0,-4.3
22001,2184,Mage,Arcane,Sunfury,DPS,US,Temple of Sethraliss,12,0,1861.0,186069,2,305.0,2026-08-19,0,-1,2003.0,-4.3
22001,11498,Druid,Balance,Elune's Chosen,DPS,US,Temple of Sethraliss,12,0,1861.0,157620,2,299.0,2026-08-19,0,-1,2003.0,-4.3
22001,44942,Warrior,Arms,Slayer,DPS,US,Temple of Sethraliss,12,0,1861.0,172385,3,293.0,2026-08-19,0,-1,2003.0,-4.3
22001,2181,Paladin,Protection,Lightsmith,Tank,US,Temple of Sethraliss,12,0,1861.0,98976,1,295.0,2026-08-19,0,-1,2003.0,-4.3
22005,41173,Shaman,Elemental,Farseer,DPS,EU,Den of Nalorakk,11,1,1512.7,196548,0,295.0,2026-08-19,0,-1,1529.0,20.3
22005,46938,Mage,Arcane,Sunfury,DPS,EU,Den of Nalorakk,11,1,1512.7,181354,0,295.0,2026-08-19,0,-1,1529.0,20.3
22005,46936,Priest,Discipline,Oracle,Healer,EU,Den of Nalorakk,11,1,1512.7,17385,3,299.0,2026-08-19,0,-1,1529.0,20.3
22005,46937,Paladin,Retribution,Templar,DPS,EU,Den of Nalorakk,11,1,1512.7,118965,2,296.0,2026-08-19,0,-1,1529.0,20.3
22005,48940,DeathKnight,Blood,Deathbringer,Tank,EU,Den of Nalorakk,11,1,1512.7,75904,0,296.0,2026-08-19,0,-1,1529.0,20.3
22012,12397,Shaman,Elemental,Farseer,DPS,US,Kings' Rest,11,1,1464.9,157709,0,293.0,2026-08-19,0,-1,1466.0,26.0
22012,461,Rogue,Subtlety,Deathstalker,DPS,US,Kings' Rest,11,1,1464.9,146183,0,298.0,2026-08-19,0,-1,1466.0,26.0
22012,10777,Priest,Holy,Oracle,Healer,US,Kings' Rest,11,1,1464.9,20602,0,301.0,2026-08-19,0,-1,1466.0,26.0
22012,12398,Paladin,Retribution,Templar,DPS,US,Kings' Rest,11,1,1464.9,129656,2,294.0,2026-08-19,0,-1,1466.0,26.0
22012,8965,Monk,Brewmaster,Master of Harmony,Tank,US,Kings' Rest,11,1,1464.9,90322,0,303.0,2026-08-19,0,-1,1466.0,26.0
22013,48955,DeathKnight,Unholy,Rider of the Apocalypse,DPS,US,Voidscar Arena,9,1,1153.8,191985,0,291.0,2026-08-19,0,-1,1175.0,34.7
22013,48952,Monk,Mistweaver,Conduit of the Celestials,Healer,US,Voidscar Arena,9,1,1153.8,43066,2,299.0,2026-08-19,0,-1,1175.0,34.7
22013,48954,Warrior,Arms,Slayer,DPS,US,Voidscar Arena,9,1,1153.8,193283,2,299.0,2026-08-19,0,-1,1175.0,34.7
22013,48953,Hunter,BeastMastery,Pack Leader,DPS,US,Voidscar Arena,9,1,1153.8,167191,2,297.0,2026-08-19,0,-1,1175.0,34.7
22013,47748,Paladin,Protection,Lightsmith,Tank,US,Voidscar Arena,9,1,1153.8,87456,0,291.0,2026-08-19,0,-1,1175.0,34.7
22018,48963,DeathKnight,Blood,Deathbringer,Tank,CN,Murder Row,5,1,1064.0,92032,0,294.0,2026-08-20,0,-1,1056.0,48.3
22018,48966,DeathKnight,Unholy,San'layn,DPS,CN,Murder Row,5,1,1064.0,165634,0,294.0,2026-08-20,0,-1,1056.0,48.3
22018,48967,Paladin,Retribution,Herald of the Sun,DPS,CN,Murder Row,5,1,1064.0,154234,0,292.0,2026-08-20,0,-1,1056.0,48.3
22018,48964,Paladin,Holy,Lightsmith,Healer,CN,Murder Row,5,1,1064.0,37966,0,292.0,2026-08-20,0,-1,1056.0,48.3
22018,48965,Hunter,Marksmanship,Sentinel,DPS,CN,Murder Row,5,1,1064.0,121809,2,292.0,2026-08-20,0,-1,1056.0,48.3
22026,48985,Hunter,Survival,Pack Leader,DPS,EU,Ruby Life Pools,2,1,989.9,84251,1,290.0,2026-08-20,0,-1,981.0,41.6
22026,48986,Evoker,Devastation,Flameshaper,DPS,EU,Ruby Life Pools,2,1,989.9,136907,0,292.0,2026-08-20,0,-1,981.0,41.6
22026,48984,Hunter,BeastMastery,Pack Leader,DPS,EU,Ruby Life Pools,2,1,989.9,117171,0,295.0,2026-08-20,0,-1,981.0,41.6
22026,48982,Monk,Brewmaster,Master of Harmony,Tank,EU,Ruby Life Pools,2,1,989.9,55944,0,288.0,2026-08-20,0,-1,981.0,41.6
22026,48983,Priest,Holy,Archon,Healer,EU,Ruby Life Pools,2,1,989.9,3192,0,272.0,2026-08-20,0,-1,981.0,41.6
22027,48989,Monk,Windwalker,Shado-Pan,DPS,US,Ruby Life Pools,7,1,958.1,171621,0,289.0,2026-08-20,0,-1,949.0,43.5
22027,48990,Mage,Arcane,Sunfury,DPS,US,Ruby Life Pools,7,1,958.1,179757,0,292.0,2026-08-20,0,-1,949.0,43.5
22027,48987,Paladin,Holy,Herald of the Sun,Healer,US,Ruby Life Pools,7,1,958.1,18952,0,293.0,2026-08-20,0,-1,949.0,43.5
22027,8844,DeathKnight,Blood,San'layn,Tank,US,Ruby Life Pools,7,1,958.1,139213,0,305.0,2026-08-20,0,-1,949.0,43.5
22027,48988,Warrior,Arms,Slayer,DPS,US,Ruby Life Pools,7,1,958.1,190338,0,294.0,2026-08-20,0,-1,949.0,43.5
22030,920,Warrior,Arms,Slayer,DPS,US,Altar of Fangs,12,0,1754.5,197084,1,298.0,2026-08-20,0,-1,1836.0,-2.0
22030,32702,Shaman,Restoration,Totemic,Healer,US,Altar of Fangs,12,0,1754.5,27502,1,305.0,2026-08-20,0,-1,1836.0,-2.0
22030,45073,Hunter,Marksmanship,Sentinel,DPS,US,Altar of Fangs,12,0,1754.5,195768,2,306.0,2026-08-20,0,-1,1836.0,-2.0
22030,102,Paladin,Retribution,Templar,DPS,US,Altar of Fangs,12,0,1754.5,228035,1,301.0,2026-08-20,0,-1,1836.0,-2.0
22030,45072,DeathKnight,Blood,Deathbringer,Tank,US,Altar of Fangs,12,0,1754.5,97724,1,305.0,2026-08-20,0,-1,1836.0,-2.0
22034,49004,Paladin,Protection,Lightsmith,Tank,US,Den of Nalorakk,7,1,1239.6,64559,0,286.0,2026-08-19,0,-1,1231.0,35.9
22034,49005,Shaman,Restoration,Totemic,Healer,US,Den of Nalorakk,7,1,1239.6,22463,0,284.0,2026-08-19,0,-1,1231.0,35.9
22034,49006,Paladin,Retribution,Herald of the Sun,DPS,US,Den of Nalorakk,7,1,1239.6,146540,0,291.0,2026-08-19,0,-1,1231.0,35.9
22034,30401,Warrior,Arms,Slayer,DPS,US,Den of Nalorakk,7,1,1239.6,153211,0,301.0,2026-08-19,0,-1,1231.0,35.9
22034,7822,Druid,Balance,Elune's Chosen,DPS,US,Den of Nalorakk,7,1,1239.6,107537,0,288.0,2026-08-19,0,-1,1231.0,35.9
22036,9006,DeathKnight,Blood,San'layn,Tank,US,Kings' Rest,11,1,1474.1,64275,0,301.0,2026-08-20,0,-1,1486.0,25.0
22036,46711,Evoker,Preservation,Flameshaper,Healer,US,Kings' Rest,11,1,1474.1,34013,1,297.0,2026-08-20,0,-1,1486.0,25.0
22036,36365,DemonHunter,Havoc,Fel-Scarred,DPS,US,Kings' Rest,11,1,1474.1,101860,2,292.0,2026-08-20,0,-1,1486.0,25.0
22036,9576,Mage,Arcane,Sunfury,DPS,US,Kings' Rest,11,1,1474.1,172747,0,301.0,2026-08-20,0,-1,1486.0,25.0
22036,7269,Mage,Arcane,Sunfury,DPS,US,Kings' Rest,11,1,1474.1,173007,1,304.0,2026-08-20,0,-1,1486.0,25.0
22037,11401,Mage,Arcane,Sunfury,DPS,US,Murder Row,13,1,1698.2,207478,0,302.0,2026-08-20,0,-1,1705.0,16.4
22037,9533,Rogue,Assassination,Deathstalker,DPS,US,Murder Row,13,1,1698.2,206944,0,296.0,2026-08-20,0,-1,1705.0,16.4
22037,11399,Warrior,Protection,Mountain Thane,Tank,US,Murder Row,13,1,1698.2,122211,0,300.0,2026-08-20,0,-1,1705.0,16.4
22037,11402,Shaman,Enhancement,Stormbringer,DPS,US,Murder Row,13,1,1698.2,186687,1,301.0,2026-08-20,0,-1,1705.0,16.4
22037,11400,Monk,Mistweaver,Conduit of the Celestials,Healer,US,Murder Row,13,1,1698.2,52040,0,304.0,2026-08-20,0,-1,1705.0,16.4
22043,49017,Warrior,Arms,Slayer,DPS,EU,Voidscar Arena,7,1,1067.0,174886,1,291.0,2026-08-19,0,-1,1068.0,40.6
22043,49018,Warlock,Demonology,Diabolist,DPS,EU,Voidscar Arena,7,1,1067.0,155100,0,290.0,2026-08-19,0,-1,1068.0,40.6
22043,49016,Hunter,BeastMastery,Pack Leader,DPS,EU,Voidscar Arena,7,1,1067.0,160180,1,288.0,2026-08-19,0,-1,1068.0,40.6
22043,49014,DeathKnight,Blood,Deathbringer,Tank,EU,Voidscar Arena,7,1,1067.0,100438,0,293.0,2026-08-19,0,-1,1068.0,40.6
22043,49015,Shaman,Restoration,Totemic,Healer,EU,Voidscar Arena,7,1,1067.0,18906,0,292.0,2026-08-19,0,-1,1068.0,40.6
22046,49023,Druid,Guardian,Elune's Chosen,Tank,EU,Murder Row,11,1,1569.7,101811,0,303.0,2026-08-19,0,-1,1571.0,23.0
22046,49025,Warlock,Affliction,Soul Harvester,DPS,EU,Murder Row,11,1,1569.7,177957,1,302.0,2026-08-19,0,-1,1571.0,23.0
22046,49024,Shaman,Restoration,Totemic,Healer,EU,Murder Row,11,1,1569.7,37363,0,298.0,2026-08-19,0,-1,1571.0,23.0
22046,49026,Mage,Arcane,Sunfury,DPS,EU,Murder Row,11,1,1569.7,163395,1,293.0,2026-08-19,0,-1,1571.0,23.0
22046,49027,Rogue,Subtlety,Trickster,DPS,EU,Murder Row,11,1,1569.7,201233,0,302.0,2026-08-19,0,-1,1571.0,23.0
22048,49032,Mage,Arcane,Sunfury,DPS,US,Voidscar Arena,4,1,1052.7,112032,0,288.0,2026-08-19,0,-1,1044.0,42.0
22048,48798,Paladin,Holy,Herald of the Sun,Healer,US,Voidscar Arena,4,1,1052.7,9890,0,284.0,2026-08-19,0,-1,1044.0,42.0
22048,49033,Paladin,Retribution,Templar,DPS,US,Voidscar Arena,4,1,1052.7,106267,0,296.0,2026-08-19,0,-1,1044.0,42.0
22048,49031,DemonHunter,Vengeance,Annihilator,Tank,US,Voidscar Arena,4,1,1052.7,60887,0,281.0,2026-08-19,0,-1,1044.0,42.0
22048,48799,Shaman,Enhancement,Stormbringer,DPS,US,Voidscar Arena,4,1,1052.7,116009,0,281.0,2026-08-19,0,-1,1044.0,42.0
22060,20526,DeathKnight,Unholy,Rider of the Apocalypse,DPS,US,Den of Nalorakk,11,1,1369.4,159724,2,296.0,2026-08-19,0,-1,1376.0,28.3
22060,20527,Mage,Arcane,Sunfury,DPS,US,Den of Nalorakk,11,1,1369.4,209552,0,304.0,2026-08-19,0,-1,1376.0,28.3
22060,43956,Paladin,Retribution,Templar,DPS,US,Den of Nalorakk,11,1,1369.4,171886,1,297.0,2026-08-19,0,-1,1376.0,28.3
22060,20524,Monk,Brewmaster,Master of Harmony,Tank,US,Den of Nalorakk,11,1,1369.4,124592,0,304.0,2026-08-19,0,-1,1376.0,28.3
22060,20525,Evoker,Preservation,Flameshaper,Healer,US,Den of Nalorakk,11,1,1369.4,27363,0,301.0,2026-08-19,0,-1,1376.0,28.3
22065,47647,Evoker,Preservation,Unknown,Healer,CN,Den of Nalorakk,11,1,1440.5,30991,0,289.0,2026-08-20,0,-1,1432.0,25.4
22065,47648,Evoker,Augmentation,Unknown,DPS,CN,Den of Nalorakk,11,1,1440.5,168031,0,293.0,2026-08-20,0,-1,1432.0,25.4
22065,47649,Mage,Arcane,Unknown,DPS,CN,Den of Nalorakk,11,1,1440.5,174051,0,297.0,2026-08-20,0,-1,1432.0,25.4
22065,47646,DemonHunter,Vengeance,Unknown,Tank,CN,Den of Nalorakk,11,1,1440.5,116402,0,293.0,2026-08-20,0,-1,1432.0,25.4
22065,47650,Druid,Balance,Unknown,DPS,CN,Den of Nalorakk,11,1,1440.5,163140,0,290.0,2026-08-20,0,-1,1432.0,25.4
22069,6607,Warrior,Protection,Mountain Thane,Tank,US,Altar of Fangs,11,1,1352.2,167833,0,299.0,2026-08-20,0,-1,1354.0,24.8
22069,42936,Shaman,Restoration,Totemic,Healer,US,Altar of Fangs,11,1,1352.2,33210,1,292.0,2026-08-20,0,-1,1354.0,24.8
22069,6604,Paladin,Retribution,Templar,DPS,US,Altar of Fangs,11,1,1352.2,218183,0,300.0,2026-08-20,0,-1,1354.0,24.8
22069,42937,DeathKnight,Frost,Deathbringer,DPS,US,Altar of Fangs,11,1,1352.2,204394,1,292.0,2026-08-20,0,-1,1354.0,24.8
22069,6606,Warrior,Arms,Slayer,DPS,US,Altar of Fangs,11,1,1352.2,262868,0,300.0,2026-08-20,0,-1,1354.0,24.8
22073,46001,Mage,Arcane,Sunfury,DPS,CN,The Blinding Vale,2,1,796.2,149271,0,295.0,2026-08-20,0,-1,788.0,56.2
22073,45999,DeathKnight,Blood,San'layn,Tank,CN,The Blinding Vale,2,1,796.2,114452,0,294.0,2026-08-20,0,-1,788.0,56.2
22073,46002,Warrior,Arms,Slayer,DPS,CN,The Blinding Vale,2,1,796.2,149715,0,296.0,2026-08-20,0,-1,788.0,56.2
22073,43830,Shaman,Elemental,Farseer,DPS,CN,The Blinding Vale,2,1,796.2,100258,0,293.0,2026-08-20,0,-1,788.0,56.2
22073,46000,Druid,Restoration,Wildstalker,Healer,CN,The Blinding Vale,2,1,796.2,7071,0,292.0,2026-08-20,0,-1,788.0,56.2
22076,18638,Druid,Restoration,Unknown,Healer,EU,Voidscar Arena,10,1,1089.9,56224,0,297.0,2026-08-19,0,-1,1081.0,39.9
22076,18637,Warrior,Protection,Unknown,Tank,EU,Voidscar Arena,10,1,1089.9,105565,0,296.0,2026-08-19,0,-1,1081.0,39.9
22076,18641,Hunter,BeastMastery,Unknown,DPS,EU,Voidscar Arena,10,1,1089.9,187957,0,300.0,2026-08-19,0,-1,1081.0,39.9
22076,19827,DeathKnight,Frost,Unknown,DPS,EU,Voidscar Arena,10,1,1089.9,177572,0,292.0,2026-08-19,0,-1,1081.0,39.9
22076,18639,Rogue,Assassination,Unknown,DPS,EU,Voidscar Arena,10,1,1089.9,227644,0,300.0,2026-08-19,0,-1,1081.0,39.9
22077,49099,DemonHunter,Vengeance,Annihilator,Tank,EU,The Blinding Vale,12,1,1519.6,118546,0,293.0,2026-08-19,0,-1,1571.0,12.7
22077,32781,Mage,Arcane,Sunfury,DPS,EU,The Blinding Vale,12,1,1519.6,224565,2,303.0,2026-08-19,0,-1,1571.0,12.7
22077,49100,Paladin,Holy,Herald of the Sun,Healer,EU,The Blinding Vale,12,1,1519.6,12853,1,295.0,2026-08-19,0,-1,1571.0,12.7
22077,48146,Warrior,Arms,Slayer,DPS,EU,The Blinding Vale,12,1,1519.6,175530,0,304.0,2026-08-19,0,-1,1571.0,12.7
22077,32782,Warlock,Demonology,Diabolist,DPS,EU,The Blinding Vale,12,1,1519.6,226605,1,299.0,2026-08-19,0,-1,1571.0,12.7
22079,49108,Druid,Balance,Elune's Chosen,DPS,US,Den of Nalorakk,2,1,1068.2,63310,0,282.0,2026-08-19,0,-1,1060.0,44.8
22079,49106,Monk,Brewmaster,Master of Harmony,Tank,US,Den of Nalorakk,2,1,1068.2,49312,0,292.0,2026-08-19,0,-1,1060.0,44.8
22079,49107,Priest,Holy,Oracle,Healer,US,Den of Nalorakk,2,1,1068.2,17669,0,294.0,2026-08-19,0,-1,1060.0,44.8
22079,49109,Shaman,Enhancement,Totemic,DPS,US,Den of Nalorakk,2,1,1068.2,106434,0,293.0,2026-08-19,0,-1,1060.0,44.8
22079,49110,DemonHunter,Havoc,Fel-Scarred,DPS,US,Den of Nalorakk,2,1,1068.2,124065,0,298.0,2026-08-19,0,-1,1060.0,44.8
22085,10997,Paladin,Holy,Herald of the Sun,Healer,US,The Blinding Vale,11,1,1445.5,18393,0,301.0,2026-08-19,0,-1,1442.0,19.9
22085,10998,Druid,Balance,Elune's Chosen,DPS,US,The Blinding Vale,11,1,1445.5,210113,1,299.0,2026-08-19,0,-1,1442.0,19.9
22085,49124,DemonHunter,Devourer,Annihilator,DPS,US,The Blinding Vale,11,1,1445.5,229440,0,300.0,2026-08-19,0,-1,1442.0,19.9
22085,21115,DemonHunter,Vengeance,Annihilator,Tank,US,The Blinding Vale,11,1,1445.5,119225,0,297.0,2026-08-19,0,-1,1442.0,19.9
22085,49125,Mage,Arcane,Sunfury,DPS,US,The Blinding Vale,11,1,1445.5,221683,0,301.0,2026-08-19,0,-1,1442.0,19.9
22086,46811,Warlock,Demonology,Diabolist,DPS,CN,Den of Nalorakk,5,1,940.6,117787,0,292.0,2026-08-20,0,-1,932.0,51.5
22086,46810,Druid,Restoration,Wildstalker,Healer,CN,Den of Nalorakk,5,1,940.6,4896,0,293.0,2026-08-20,0,-1,932.0,51.5
22086,46809,DeathKnight,Blood,San'layn,Tank,CN,Den of Nalorakk,5,1,940.6,75690,0,292.0,2026-08-20,0,-1,932.0,51.5
22086,46813,Warlock,Affliction,Soul Harvester,DPS,CN,Den of Nalorakk,5,1,940.6,144973,0,294.0,2026-08-20,0,-1,932.0,51.5
22086,46812,Mage,Arcane,Sunfury,DPS,CN,Den of Nalorakk,5,1,940.6,157557,0,295.0,2026-08-20,0,-1,932.0,51.5
22087,49129,Priest,Shadow,Voidweaver,DPS,EU,Den of Nalorakk,3,1,1254.0,88388,1,287.0,2026-08-19,0,-1,1246.0,35.1
22087,49126,DemonHunter,Vengeance,Annihilator,Tank,EU,Den of Nalorakk,3,1,1254.0,48638,0,291.0,2026-08-19,0,-1,1246.0,35.1
22087,49130,Paladin,Retribution,Templar,DPS,EU,Den of Nalorakk,3,1,1254.0,109002,1,290.0,2026-08-19,0,-1,1246.0,35.1
22087,49127,Shaman,Restoration,Totemic,Healer,EU,Den of Nalorakk,3,1,1254.0,8104,1,290.0,2026-08-19,0,-1,1246.0,35.1
22087,49128,DeathKnight,Frost,Deathbringer,DPS,EU,Den of Nalorakk,3,1,1254.0,66868,1,292.0,2026-08-19,0,-1,1246.0,35.1
22089,21682,Evoker,Augmentation,Chronowarden,DPS,EU,Kings' Rest,11,1,1552.2,120292,0,295.0,2026-08-19,0,-1,1543.0,22.1
22089,21683,Rogue,Assassination,Deathstalker,DPS,EU,Kings' Rest,11,1,1552.2,152456,0,296.0,2026-08-19,0,-1,1543.0,22.1
22089,48740,Shaman,Restoration,Totemic,Healer,EU,Kings' Rest,11,1,1552.2,28860,0,300.0,2026-08-19,0,-1,1543.0,22.1
22089,49131,DeathKnight,Blood,San'layn,Tank,EU,Kings' Rest,11,1,1552.2,81002,0,293.0,2026-08-19,0,-1,1543.0,22.1
22089,22568,DeathKnight,Unholy,Rider of the Apocalypse,DPS,EU,Kings' Rest,11,1,1552.2,142995,0,294.0,2026-08-19,0,-1,1543.0,22.1
22092,6606,Warrior,Arms,Slayer,DPS,US,Temple of Sethraliss,11,1,1250.5,224533,0,301.0,2026-08-19,0,-1,1252.0,34.8
22092,6605,Paladin,Retribution,Herald of the Sun,DPS,US,Temple of Sethraliss,11,1,1250.5,218534,0,302.0,2026-08-19,0,-1,1252.0,34.8
22092,6607,Warrior,Protection,Mountain Thane,Tank,US,Temple of Sethraliss,11,1,1250.5,129316,0,297.0,2026-08-19,0,-1,1252.0,34.8
22092,6604,Paladin,Retribution,Templar,DPS,US,Temple of Sethraliss,11,1,1250.5,182765,0,299.0,2026-08-19,0,-1,1252.0,34.8
22092,11710,Priest,Holy,Oracle,Healer,US,Temple of Sethraliss,11,1,1250.5,35600,1,302.0,2026-08-19,0,-1,1252.0,34.8
22095,49147,Hunter,BeastMastery,Pack Leader,DPS,EU,Voidscar Arena,12,1,1647.5,157651,3,297.0,2026-08-19,0,-1,1789.0,0.6
22095,49148,Paladin,Retribution,Templar,DPS,EU,Voidscar Arena,12,1,1647.5,168468,1,294.0,2026-08-19,0,-1,1789.0,0.6
22095,42975,Priest,Holy,Oracle,Healer,EU,Voidscar Arena,12,1,1647.5,35751,1,307.0,2026-08-19,0,-1,1789.0,0.6
22095,18126,DemonHunter,Devourer,Void-Scarred,DPS,EU,Voidscar Arena,12,1,1647.5,193447,3,303.0,2026-08-19,0,-1,1789.0,0.6
22095,42974,DeathKnight,Blood,San'layn,Tank,EU,Voidscar Arena,12,1,1647.5,94788,2,299.0,2026-08-19,0,-1,1789.0,0.6
22097,6687,Paladin,Protection,Lightsmith,Tank,US,Den of Nalorakk,12,0,1855.4,103338,0,298.0,2026-08-20,0,-1,1922.0,-0.1
22097,7433,Priest,Discipline,Oracle,Healer,US,Den of Nalorakk,12,0,1855.4,14957,2,301.0,2026-08-20,0,-1,1922.0,-0.1
22097,6690,Priest,Shadow,Archon,DPS,US,Den of Nalorakk,12,0,1855.4,150794,1,296.0,2026-08-20,0,-1,1922.0,-0.1
22097,6689,Hunter,Marksmanship,Sentinel,DPS,US,Den of Nalorakk,12,0,1855.4,147698,1,302.0,2026-08-20,0,-1,1922.0,-0.1
22097,7435,DemonHunter,Devourer,Void-Scarred,DPS,US,Den of Nalorakk,12,0,1855.4,162026,1,299.0,2026-08-20,0,-1,1922.0,-0.1
22098,49154,Hunter,Marksmanship,Sentinel,DPS,KR,Kings' Rest,2,1,1028.9,73215,0,292.0,2026-08-20,0,-1,1021.0,48.5
22098,49153,Paladin,Retribution,Templar,DPS,KR,Kings' Rest,2,1,1028.9,71646,1,288.0,2026-08-20,0,-1,1021.0,48.5
22098,49151,DeathKnight,Blood,San'layn,Tank,KR,Kings' Rest,2,1,1028.9,58752,0,290.0,2026-08-20,0,-1,1021.0,48.5
22098,49152,Paladin,Holy,Lightsmith,Healer,KR,Kings' Rest,2,1,1028.9,33612,0,292.0,2026-08-20,0,-1,1021.0,48.5
22098,49155,Druid,Balance,Elune's Chosen,DPS,KR,Kings' Rest,2,1,1028.9,94432,1,293.0,2026-08-20,0,-1,1021.0,48.5
22099,4992,Mage,Arcane,Sunfury,DPS,US,Voidscar Arena,11,1,1291.4,210469,0,306.0,2026-08-19,0,-1,1293.0,28.2
22099,43976,Rogue,Outlaw,Trickster,DPS,US,Voidscar Arena,11,1,1291.4,218597,1,298.0,2026-08-19,0,-1,1293.0,28.2
22099,7004,Rogue,Subtlety,Deathstalker,DPS,US,Voidscar Arena,11,1,1291.4,200429,0,299.0,2026-08-19,0,-1,1293.0,28.2
22099,43975,Monk,Mistweaver,Conduit of the Celestials,Healer,US,Voidscar Arena,11,1,1291.4,36685,0,300.0,2026-08-19,0,-1,1293.0,28.2
22099,38121,Paladin,Protection,Lightsmith,Tank,US,Voidscar Arena,11,1,1291.4,101106,1,295.0,2026-08-19,0,-1,1293.0,28.2
22101,48169,Shaman,Restoration,Totemic,Healer,EU,Murder Row,7,1,1244.5,16074,0,297.0,2026-08-19,0,-1,1236.0,39.4
22101,40111,DemonHunter,Devourer,Void-Scarred,DPS,EU,Murder Row,7,1,1244.5,130768,0,298.0,2026-08-19,0,-1,1236.0,39.4
22101,49162,Shaman,Elemental,Farseer,DPS,EU,Murder Row,7,1,1244.5,164444,0,289.0,2026-08-19,0,-1,1236.0,39.4
22101,49161,DeathKnight,Blood,San'layn,Tank,EU,Murder Row,7,1,1244.5,89594,0,285.0,2026-08-19,0,-1,1236.0,39.4
22101,23063,Warrior,Arms,Slayer,DPS,EU,Murder Row,7,1,1244.5,189432,0,300.0,2026-08-19,0,-1,1236.0,39.4
22102,49165,Shaman,Enhancement,Stormbringer,DPS,EU,Den of Nalorakk,5,1,1108.8,142942,0,298.0,2026-08-19,0,-1,1101.0,42.7
22102,49164,Paladin,Holy,Herald of the Sun,Healer,EU,Den of Nalorakk,5,1,1108.8,14961,0,281.0,2026-08-19,0,-1,1101.0,42.7
22102,49167,Priest,Shadow,Archon,DPS,EU,Den of Nalorakk,5,1,1108.8,84772,0,289.0,2026-08-19,0,-1,1101.0,42.7
22102,49166,Hunter,BeastMastery,Pack Leader,DPS,EU,Den of Nalorakk,5,1,1108.8,110089,0,295.0,2026-08-19,0,-1,1101.0,42.7
22102,49163,Warrior,Protection,Colossus,Tank,EU,Den of Nalorakk,5,1,1108.8,64591,0,290.0,2026-08-19,0,-1,1101.0,42.7
22111,4155,DeathKnight,Unholy,Rider of the Apocalypse,DPS,US,The Blinding Vale,6,1,1066.0,155850,0,294.0,2026-08-19,0,-1,1058.0,41.2
22111,49186,Warrior,Arms,Slayer,DPS,US,The Blinding Vale,6,1,1066.0,121448,0,281.0,2026-08-19,0,-1,1058.0,41.2
22111,7392,Monk,Mistweaver,Conduit of the Celestials,Healer,US,The Blinding Vale,6,1,1066.0,34180,0,295.0,2026-08-19,0,-1,1058.0,41.2
22111,35593,Hunter,BeastMastery,Pack Leader,DPS,US,The Blinding Vale,6,1,1066.0,154128,0,295.0,2026-08-19,0,-1,1058.0,41.2
22111,4152,Druid,Guardian,Elune's Chosen,Tank,US,The Blinding Vale,6,1,1066.0,73656,0,296.0,2026-08-19,0,-1,1058.0,41.2
22116,49201,Hunter,Marksmanship,Sentinel,DPS,EU,Den of Nalorakk,11,1,1580.8,134107,2,294.0,2026-08-19,0,-1,1593.0,17.0
22116,49200,Shaman,Elemental,Farseer,DPS,EU,Den of Nalorakk,11,1,1580.8,164064,1,294.0,2026-08-19,0,-1,1593.0,17.0
22116,19883,Monk,Brewmaster,Master of Harmony,Tank,EU,Den of Nalorakk,11,1,1580.8,99597,0,294.0,2026-08-19,0,-1,1593.0,17.0
22116,19884,Shaman,Restoration,Totemic,Healer,EU,Den of Nalorakk,11,1,1580.8,17194,0,296.0,2026-08-19,0,-1,1593.0,17.0
22116,33253,Warrior,Arms,Slayer,DPS,EU,Den of Nalorakk,11,1,1580.8,160856,1,300.0,2026-08-19,0,-1,1593.0,17.0
22117,47599,DeathKnight,Blood,San'layn,Tank,US,Kings' Rest,2,1,1090.8,64964,0,297.0,2026-08-20,0,-1,1082.0,45.3
22117,47603,Warlock,Destruction,Hellcaller,DPS,US,Kings' Rest,2,1,1090.8,101962,0,293.0,2026-08-20,0,-1,1082.0,45.3
22117,47601,Druid,Balance,Elune's Chosen,DPS,US,Kings' Rest,2,1,1090.8,59758,0,281.0,2026-08-20,0,-1,1082.0,45.3
22117,47602,Paladin,Retribution,Templar,DPS,US,Kings' Rest,2,1,1090.8,91330,0,290.0,2026-08-20,0,-1,1082.0,45.3
22117,47600,Druid,Restoration,Wildstalker,Healer,US,Kings' Rest,2,1,1090.8,17634,0,294.0,2026-08-20,0,-1,1082.0,45.3
22122,21932,Hunter,BeastMastery,Unknown,DPS,US,Den of Nalorakk,11,1,1569.3,161480,0,303.0,2026-08-19,0,-1,1566.0,18.4
22122,49212,DemonHunter,Havoc,Unknown,DPS,US,Den of Nalorakk,11,1,1569.3,183220,0,293.0,2026-08-19,0,-1,1566.0,18.4
22122,1419,Paladin,Protection,Unknown,Tank,US,Den of Nalorakk,11,1,1569.3,89630,0,294.0,2026-08-19,0,-1,1566.0,18.4
22122,49213,DemonHunter,Devourer,Unknown,DPS,US,Den of Nalorakk,11,1,1569.3,148070,1,287.0,2026-08-19,0,-1,1566.0,18.4
22122,9045,Shaman,Restoration,Unknown,Healer,US,Den of Nalorakk,11,1,1569.3,29068,0,301.0,2026-08-19,0,-1,1566.0,18.4
22127,49222,Rogue,Assassination,Deathstalker,DPS,US,Den of Nalorakk,10,1,1344.1,159185,0,296.0,2026-08-19,0,-1,1335.0,30.4
22127,34429,DeathKnight,Blood,Deathbringer,Tank,US,Den of Nalorakk,10,1,1344.1,124794,0,299.0,2026-08-19,0,-1,1335.0,30.4
22127,49221,Shaman,Restoration,Totemic,Healer,US,Den of Nalorakk,10,1,1344.1,27864,0,294.0,2026-08-19,0,-1,1335.0,30.4
22127,49223,DemonHunter,Devourer,Annihilator,DPS,US,Den of Nalorakk,10,1,1344.1,190192,0,303.0,2026-08-19,0,-1,1335.0,30.4
22127,49224,Warrior,Arms,Slayer,DPS,US,Den of Nalorakk,10,1,1344.1,165629,0,303.0,2026-08-19,0,-1,1335.0,30.4
22128,49225,Hunter,BeastMastery,Pack Leader,DPS,EU,Altar of Fangs,12,1,1778.6,181271,0,295.0,2026-08-19,0,-1,1785.0,0.8
22128,23643,Monk,Brewmaster,Master of Harmony,Tank,EU,Altar of Fangs,12,1,1778.6,97077,0,298.0,2026-08-19,0,-1,1785.0,0.8
22128,49226,Druid,Balance,Elune's Chosen,DPS,EU,Altar of Fangs,12,1,1778.6,184184,1,294.0,2026-08-19,0,-1,1785.0,0.8
22128,23647,Warrior,Arms,Slayer,DPS,EU,Altar of Fangs,12,1,1778.6,218162,0,297.0,2026-08-19,0,-1,1785.0,0.8
22128,23644,Monk,Mistweaver,Conduit of the Celestials,Healer,EU,Altar of Fangs,12,1,1778.6,55226,0,291.0,2026-08-19,0,-1,1785.0,0.8
22132,370,Evoker,Devastation,Scalecommander,DPS,US,Den of Nalorakk,10,1,1122.9,204768,0,301.0,2026-08-19,0,-1,1114.0,42.0
22132,43851,DeathKnight,Blood,San'layn,Tank,US,Den of Nalorakk,10,1,1122.9,115364,0,308.0,2026-08-19,0,-1,1114.0,42.0
22132,43852,Druid,Balance,Elune's Chosen,DPS,US,Den of Nalorakk,10,1,1122.9,166934,0,292.0,2026-08-19,0,-1,1114.0,42.0
22132,371,Warrior,Arms,Slayer,DPS,US,Den of Nalorakk,10,1,1122.9,197668,0,298.0,2026-08-19,0,-1,1114.0,42.0
22132,40183,Shaman,Restoration,Totemic,Healer,US,Den of Nalorakk,10,1,1122.9,33426,0,299.0,2026-08-19,0,-1,1114.0,42.0
22135,2944,Hunter,BeastMastery,Pack Leader,DPS,US,Ruby Life Pools,12,1,1417.8,227533,0,307.0,2026-08-19,0,-1,1439.0,14.3
22135,10272,Druid,Guardian,Elune's Chosen,Tank,US,Ruby Life Pools,12,1,1417.8,91987,0,294.0,2026-08-19,0,-1,1439.0,14.3
22135,9987,Shaman,Restoration,Totemic,Healer,US,Ruby Life Pools,12,1,1417.8,39210,1,305.0,2026-08-19,0,-1,1439.0,14.3
22135,437,Mage,Fire,Sunfury,DPS,US,Ruby Life Pools,12,1,1417.8,224322,0,303.0,2026-08-19,0,-1,1439.0,14.3
22135,2943,DeathKnight,Unholy,Rider of the Apocalypse,DPS,US,Ruby Life Pools,12,1,1417.8,175855,1,295.0,2026-08-19,0,-1,1439.0,14.3
22137,3526,Rogue,Subtlety,Deathstalker,DPS,US,Murder Row,10,1,1138.4,234512,0,297.0,2026-08-20,0,-1,1128.0,44.7
22137,43602,Druid,Guardian,Elune's Chosen,Tank,US,Murder Row,10,1,1138.4,137818,0,303.0,2026-08-20,0,-1,1128.0,44.7
22137,43604,DemonHunter,Devourer,Void-Scarred,DPS,US,Murder Row,10,1,1138.4,219098,0,298.0,2026-08-20,0,-1,1128.0,44.7
22137,49233,Paladin,Holy,Herald of the Sun,Healer,US,Murder Row,10,1,1138.4,21690,0,292.0,2026-08-20,0,-1,1128.0,44.7
22137,49234,Hunter,Marksmanship,Sentinel,DPS,US,Murder Row,10,1,1138.4,185268,0,296.0,2026-08-20,0,-1,1128.0,44.7
22143,16984,Shaman,Elemental,Farseer,DPS,EU,Voidscar Arena,11,1,1337.3,218201,1,294.0,2026-08-19,0,-1,1349.0,25.1
22143,13513,DemonHunter,Devourer,Void-Scarred,DPS,EU,Voidscar Arena,11,1,1337.3,163077,1,298.0,2026-08-19,0,-1,1349.0,25.1
22143,45698,Druid,Balance,Elune's Chosen,DPS,EU,Voidscar Arena,11,1,1337.3,167788,1,293.0,2026-08-19,0,-1,1349.0,25.1
22143,45696,Paladin,Protection,Lightsmith,Tank,EU,Voidscar Arena,11,1,1337.3,115428,0,295.0,2026-08-19,0,-1,1349.0,25.1
22143,45697,Paladin,Holy,Herald of the Sun,Healer,EU,Voidscar Arena,11,1,1337.3,26279,1,292.0,2026-08-19,0,-1,1349.0,25.1
22152,227,Warrior,Protection,Mountain Thane,Tank,US,Kings' Rest,11,1,1290.5,84662,1,296.0,2026-08-20,0,-1,1297.0,34.5
22152,43520,Rogue,Outlaw,Trickster,DPS,US,Kings' Rest,11,1,1290.5,168137,1,292.0,2026-08-20,0,-1,1297.0,34.5
22152,763,DemonHunter,Devourer,Annihilator,DPS,US,Kings' Rest,11,1,1290.5,175082,1,297.0,2026-08-20,0,-1,1297.0,34.5
22152,228,Paladin,Retribution,Templar,DPS,US,Kings' Rest,11,1,1290.5,176557,0,302.0,2026-08-20,0,-1,1297.0,34.5
22152,226,Shaman,Restoration,Totemic,Healer,US,Kings' Rest,11,1,1290.5,39147,0,303.0,2026-08-20,0,-1,1297.0,34.5
22155,43609,Paladin,Holy,Herald of the Sun,Healer,EU,Den of Nalorakk,11,1,1411.9,22089,0,295.0,2026-08-19,0,-1,1413.0,26.4
22155,43608,DeathKnight,Blood,Deathbringer,Tank,EU,Den of Nalorakk,11,1,1411.9,90720,0,300.0,2026-08-19,0,-1,1413.0,26.4
22155,49251,Rogue,Subtlety,Deathstalker,DPS,EU,Den of Nalorakk,11,1,1411.9,185940,2,297.0,2026-08-19,0,-1,1413.0,26.4
22155,43612,Mage,Arcane,Sunfury,DPS,EU,Den of Nalorakk,11,1,1411.9,175129,0,301.0,2026-08-19,0,-1,1413.0,26.4
22155,45431,Warrior,Arms,Slayer,DPS,EU,Den of Nalorakk,11,1,1411.9,191081,0,296.0,2026-08-19,0,-1,1413.0,26.4
22156,49253,Shaman,Restoration,Totemic,Healer,EU,Den of Nalorakk,11,1,1557.7,19716,0,296.0,2026-08-19,0,-1,1549.0,19.3
22156,49252,Paladin,Protection,Lightsmith,Tank,EU,Den of Nalorakk,11,1,1557.7,78771,0,296.0,2026-08-19,0,-1,1549.0,19.3
22156,49256,DeathKnight,Unholy,San'layn,DPS,EU,Den of Nalorakk,11,1,1557.7,140578,0,295.0,2026-08-19,0,-1,1549.0,19.3
22156,49255,Mage,Arcane,Sunfury,DPS,EU,Den of Nalorakk,11,1,1557.7,195010,0,303.0,2026-08-19,0,-1,1549.0,19.3
22156,49254,Warrior,Arms,Slayer,DPS,EU,Den of Nalorakk,11,1,1557.7,170345,0,305.0,2026-08-19,0,-1,1549.0,19.3
22159,49262,DeathKnight,Blood,Deathbringer,Tank,US,Voidscar Arena,12,0,1698.1,82123,0,277.0,2026-08-20,0,-1,1825.0,-1.4
22159,894,Rogue,Subtlety,Deathstalker,DPS,US,Voidscar Arena,12,0,1698.1,163017,2,300.0,2026-08-20,0,-1,1825.0,-1.4
22159,7041,Priest,Shadow,Voidweaver,DPS,US,Voidscar Arena,12,0,1698.1,162256,3,298.0,2026-08-20,0,-1,1825.0,-1.4
22159,31964,Paladin,Retribution,Templar,DPS,US,Voidscar Arena,12,0,1698.1,140121,4,292.0,2026-08-20,0,-1,1825.0,-1.4
22159,49263,Shaman,Restoration,Totemic,Healer,US,Voidscar Arena,12,0,1698.1,17212,1,294.0,2026-08-20,0,-1,1825.0,-1.4
22161,49265,Druid,Guardian,Elune's Chosen,Tank,EU,Altar of Fangs,11,1,1430.6,78375,0,297.0,2026-08-19,0,-1,1436.0,20.2
22161,24135,Shaman,Elemental,Farseer,DPS,EU,Altar of Fangs,11,1,1430.6,227407,2,295.0,2026-08-19,0,-1,1436.0,20.2
22161,49266,DeathKnight,Unholy,San'layn,DPS,EU,Altar of Fangs,11,1,1430.6,193617,1,293.0,2026-08-19,0,-1,1436.0,20.2
22161,14684,Paladin,Holy,Lightsmith,Healer,EU,Altar of Fangs,11,1,1430.6,40165,0,298.0,2026-08-19,0,-1,1436.0,20.2
22161,14685,DemonHunter,Devourer,Annihilator,DPS,EU,Altar of Fangs,11,1,1430.6,214207,0,299.0,2026-08-19,0,-1,1436.0,20.2
22168,49275,Warrior,Arms,Slayer,DPS,EU,The Blinding Vale,5,1,1078.4,139298,0,292.0,2026-08-19,0,-1,1070.0,40.5
22168,49274,Shaman,Elemental,Farseer,DPS,EU,The Blinding Vale,5,1,1078.4,169316,0,289.0,2026-08-19,0,-1,1070.0,40.5
22168,49276,Mage,Arcane,Sunfury,DPS,EU,The Blinding Vale,5,1,1078.4,97853,2,292.0,2026-08-19,0,-1,1070.0,40.5
22168,49273,Paladin,Holy,Herald of the Sun,Healer,EU,The Blinding Vale,5,1,1078.4,11994,0,292.0,2026-08-19,0,-1,1070.0,40.5
22168,49272,DeathKnight,Blood,San'layn,Tank,EU,The Blinding Vale,5,1,1078.4,86146,0,293.0,2026-08-19,0,-1,1070.0,40.5
22169,30736,Priest,Shadow,Archon,DPS,US,Temple of Sethraliss,4,1,1160.2,124514,0,293.0,2026-08-19,0,-1,1152.0,40.0
22169,49278,Paladin,Holy,Herald of the Sun,Healer,US,Temple of Sethraliss,4,1,1160.2,11308,0,294.0,2026-08-19,0,-1,1152.0,40.0
22169,49280,Evoker,Devastation,Scalecommander,DPS,US,Temple of Sethraliss,4,1,1160.2,147219,0,294.0,2026-08-19,0,-1,1152.0,40.0
22169,49277,Druid,Guardian,Elune's Chosen,Tank,US,Temple of Sethraliss,4,1,1160.2,52546,0,293.0,2026-08-19,0,-1,1152.0,40.0
22169,49279,Paladin,Retribution,Templar,DPS,US,Temple of Sethraliss,4,1,1160.2,94690,1,295.0,2026-08-19,0,-1,1152.0,40.0
22171,47434,Warrior,Arms,Slayer,DPS,US,Den of Nalorakk,11,1,1502.8,154565,1,296.0,2026-08-19,0,-1,1514.0,21.1
22171,8638,Mage,Arcane,Sunfury,DPS,US,Den of Nalorakk,11,1,1502.8,162568,1,299.0,2026-08-19,0,-1,1514.0,21.1
22171,8650,DeathKnight,Blood,San'layn,Tank,US,Den of Nalorakk,11,1,1502.8,115898,0,302.0,2026-08-19,0,-1,1514.0,21.1
22171,8654,Warlock,Demonology,Diabolist,DPS,US,Den of Nalorakk,11,1,1502.8,158119,0,302.0,2026-08-19,0,-1,1514.0,21.1
22171,49284,Paladin,Holy,Herald of the Sun,Healer,US,Den of Nalorakk,11,1,1502.8,17016,2,297.0,2026-08-19,0,-1,1514.0,21.1
22172,49287,Warlock,Demonology,Diabolist,DPS,EU,Murder Row,11,1,1507.2,191971,0,302.0,2026-08-19,0,-1,1509.0,26.0
22172,49286,DemonHunter,Devourer,Void-Scarred,DPS,EU,Murder Row,11,1,1507.2,180434,2,306.0,2026-08-19,0,-1,1509.0,26.0
22172,49285,Druid,Guardian,Elune's Chosen,Tank,EU,Murder Row,11,1,1507.2,69123,0,296.0,2026-08-19,0,-1,1509.0,26.0
22172,19802,Evoker,Preservation,Flameshaper,Healer,EU,Murder Row,11,1,1507.2,47611,0,299.0,2026-08-19,0,-1,1509.0,26.0
22172,19805,Mage,Arcane,Sunfury,DPS,EU,Murder Row,11,1,1507.2,181531,0,297.0,2026-08-19,0,-1,1509.0,26.0
22173,49288,Paladin,Protection,Lightsmith,Tank,EU,Ruby Life Pools,6,1,976.1,102856,0,298.0,2026-08-19,0,-1,978.0,41.8
22173,49290,Hunter,BeastMastery,Pack Leader,DPS,EU,Ruby Life Pools,6,1,976.1,155355,1,293.0,2026-08-19,0,-1,978.0,41.8
22173,49289,Shaman,Restoration,Totemic,Healer,EU,Ruby Life Pools,6,1,976.1,15870,1,299.0,2026-08-19,0,-1,978.0,41.8
22173,49291,Hunter,BeastMastery,Pack Leader,DPS,EU,Ruby Life Pools,6,1,976.1,141097,0,288.0,2026-08-19,0,-1,978.0,41.8
22173,34446,Paladin,Retribution,Templar,DPS,EU,Ruby Life Pools,6,1,976.1,145689,0,293.0,2026-08-19,0,-1,978.0,41.8
22180,1222,Warrior,Arms,Slayer,DPS,US,Temple of Sethraliss,11,1,1341.5,218675,1,298.0,2026-08-19,0,-1,1343.0,30.1
22180,7450,Paladin,Holy,Herald of the Sun,Healer,US,Temple of Sethraliss,11,1,1341.5,8375,0,300.0,2026-08-19,0,-1,1343.0,30.1
22180,7451,Mage,Arcane,Sunfury,DPS,US,Temple of Sethraliss,11,1,1341.5,191666,0,298.0,2026-08-19,0,-1,1343.0,30.1
22180,7449,Druid,Guardian,Elune's Chosen,Tank,US,Temple of Sethraliss,11,1,1341.5,102059,0,294.0,2026-08-19,0,-1,1343.0,30.1
22180,4435,Priest,Shadow,Archon,DPS,US,Temple of Sethraliss,11,1,1341.5,188172,1,299.0,2026-08-19,0,-1,1343.0,30.1
22183,16465,DeathKnight,Blood,Deathbringer,Tank,EU,Temple of Sethraliss,12,1,1694.1,133673,0,294.0,2026-08-19,0,-1,1851.0,3.6
22183,15087,Shaman,Restoration,Totemic,Healer,EU,Temple of Sethraliss,12,1,1694.1,20339,3,304.0,2026-08-19,0,-1,1851.0,3.6
22183,49306,Druid,Feral,Druid of the Claw,DPS,EU,Temple of Sethraliss,12,1,1694.1,200970,3,301.0,2026-08-19,0,-1,1851.0,3.6
22183,38824,Mage,Arcane,Sunfury,DPS,EU,Temple of Sethraliss,12,1,1694.1,166694,1,293.0,2026-08-19,0,-1,1851.0,3.6
22183,45088,Warrior,Arms,Slayer,DPS,EU,Temple of Sethraliss,12,1,1694.1,173181,4,293.0,2026-08-19,0,-1,1851.0,3.6
22184,7145,DeathKnight,Blood,San'layn,Tank,US,Murder Row,12,0,1871.7,113594,2,297.0,2026-08-19,0,-1,2073.0,-1.6
22184,2648,Shaman,Restoration,Totemic,Healer,US,Murder Row,12,0,1871.7,24602,1,303.0,2026-08-19,0,-1,2073.0,-1.6
22184,5240,Warrior,Arms,Slayer,DPS,US,Murder Row,12,0,1871.7,147080,5,295.0,2026-08-19,0,-1,2073.0,-1.6
22184,45374,Mage,Arcane,Sunfury,DPS,US,Murder Row,12,0,1871.7,172496,4,302.0,2026-08-19,0,-1,2073.0,-1.6
22184,5242,DemonHunter,Devourer,Annihilator,DPS,US,Murder Row,12,0,1871.7,184472,2,301.0,2026-08-19,0,-1,2073.0,-1.6
22187,43013,DeathKnight,Blood,San'layn,Tank,EU,Temple of Sethraliss,2,1,1024.1,53572,0,287.0,2026-08-19,0,-1,1016.0,47.1
22187,43014,Shaman,Restoration,Totemic,Healer,EU,Temple of Sethraliss,2,1,1024.1,22435,0,275.0,2026-08-19,0,-1,1016.0,47.1
22187,43017,Hunter,BeastMastery,Pack Leader,DPS,EU,Temple of Sethraliss,2,1,1024.1,92381,0,297.0,2026-08-19,0,-1,1016.0,47.1
22187,49310,Druid,Feral,Wildstalker,DPS,EU,Temple of Sethraliss,2,1,1024.1,102720,0,297.0,2026-08-19,0,-1,1016.0,47.1
22187,43015,Rogue,Outlaw,Trickster,DPS,EU,Temple of Sethraliss,2,1,1024.1,149708,0,290.0,2026-08-19,0,-1,1016.0,47.1
22190,43393,Paladin,Retribution,Templar,DPS,EU,The Blinding Vale,11,1,1444.9,196176,1,297.0,2026-08-19,0,-1,1447.0,19.6
22190,25067,Shaman,Restoration,Totemic,Healer,EU,The Blinding Vale,11,1,1444.9,35840,0,304.0,2026-08-19,0,-1,1447.0,19.6
22190,43395,Shaman,Enhancement,Stormbringer,DPS,EU,The Blinding Vale,11,1,1444.9,214910,0,298.0,2026-08-19,0,-1,1447.0,19.6
22190,43392,Warrior,Protection,Mountain Thane,Tank,EU,The Blinding Vale,11,1,1444.9,110212,0,297.0,2026-08-19,0,-1,1447.0,19.6
22190,43394,Hunter,Marksmanship,Sentinel,DPS,EU,The Blinding Vale,11,1,1444.9,186608,1,297.0,2026-08-19,0,-1,1447.0,19.6
22191,49314,Shaman,Elemental,Farseer,DPS,US,The Blinding Vale,12,1,1551.8,272592,0,302.0,2026-08-20,0,-1,1588.0,11.8
22191,21847,Mage,Arcane,Sunfury,DPS,US,The Blinding Vale,12,1,1551.8,191392,2,299.0,2026-08-20,0,-1,1588.0,11.8
22191,23003,DeathKnight,Unholy,Rider of the Apocalypse,DPS,US,The Blinding Vale,12,1,1551.8,200867,0,301.0,2026-08-20,0,-1,1588.0,11.8
22191,49313,DeathKnight,Blood,San'layn,Tank,US,The Blinding Vale,12,1,1551.8,112163,0,305.0,2026-08-20,0,-1,1588.0,11.8
22191,7387,Paladin,Holy,Herald of the Sun,Healer,US,The Blinding Vale,12,1,1551.8,15444,1,302.0,2026-08-20,0,-1,1588.0,11.8
22195,49321,Shaman,Restoration,Totemic,Healer,US,Murder Row,9,1,1337.5,19899,0,297.0,2026-08-19,0,-1,1329.0,34.8
22195,40291,Warlock,Destruction,Diabolist,DPS,US,Murder Row,9,1,1337.5,196023,0,305.0,2026-08-19,0,-1,1329.0,34.8
22195,49323,Mage,Arcane,Sunfury,DPS,US,Murder Row,9,1,1337.5,128952,0,287.0,2026-08-19,0,-1,1329.0,34.8
22195,49320,DeathKnight,Blood,Deathbringer,Tank,US,Murder Row,9,1,1337.5,110048,0,297.0,2026-08-19,0,-1,1329.0,34.8
22195,49322,Shaman,Elemental,Stormbringer,DPS,US,Murder Row,9,1,1337.5,170657,0,294.0,2026-08-19,0,-1,1329.0,34.8
22201,41817,Warrior,Arms,Slayer,DPS,US,Kings' Rest,6,1,1156.8,116251,0,293.0,2026-08-19,0,-1,1148.0,42.0
22201,45772,Druid,Restoration,Wildstalker,Healer,US,Kings' Rest,6,1,1156.8,11570,0,292.0,2026-08-19,0,-1,1148.0,42.0
22201,38722,DemonHunter,Devourer,Void-Scarred,DPS,US,Kings' Rest,6,1,1156.8,110244,0,297.0,2026-08-19,0,-1,1148.0,42.0
22201,49330,DeathKnight,Blood,Deathbringer,Tank,US,Kings' Rest,6,1,1156.8,58268,0,289.0,2026-08-19,0,-1,1148.0,42.0
22201,38721,Mage,Arcane,Sunfury,DPS,US,Kings' Rest,6,1,1156.8,113857,0,291.0,2026-08-19,0,-1,1148.0,42.0
22205,49337,Monk,Windwalker,Conduit of the Celestials,DPS,EU,Altar of Fangs,12,1,1540.6,216480,0,301.0,2026-08-19,0,-1,1562.0,13.2
22205,43729,Shaman,Elemental,Farseer,DPS,EU,Altar of Fangs,12,1,1540.6,221060,0,302.0,2026-08-19,0,-1,1562.0,13.2
22205,22853,Druid,Guardian,Druid of the Claw,Tank,EU,Altar of Fangs,12,1,1540.6,126217,0,303.0,2026-08-19,0,-1,1562.0,13.2
22205,49336,Rogue,Outlaw,Trickster,DPS,EU,Altar of Fangs,12,1,1540.6,226810,1,296.0,2026-08-19,0,-1,1562.0,13.2
22205,41441,Paladin,Holy,Herald of the Sun,Healer,EU,Altar of Fangs,12,1,1540.6,11235,1,298.0,2026-08-19,0,-1,1562.0,13.2
22206,49338,Druid,Restoration,Keeper of the Grove,Healer,US,Den of Nalorakk,5,1,1066.7,5649,0,290.0,2026-08-20,0,-1,1058.0,44.9
22206,9986,DemonHunter,Vengeance,Annihilator,Tank,US,Den of Nalorakk,5,1,1066.7,66851,0,302.0,2026-08-20,0,-1,1058.0,44.9
22206,49340,Rogue,Outlaw,Trickster,DPS,US,Den of Nalorakk,5,1,1066.7,106608,0,290.0,2026-08-20,0,-1,1058.0,44.9
22206,32291,DemonHunter,Havoc,Fel-Scarred,DPS,US,Den of Nalorakk,5,1,1066.7,138869,0,297.0,2026-08-20,0,-1,1058.0,44.9
22206,49339,DemonHunter,Havoc,Fel-Scarred,DPS,US,Den of Nalorakk,5,1,1066.7,123291,1,300.0,2026-08-20,0,-1,1058.0,44.9
22211,20657,Warrior,Arms,Slayer,DPS,EU,Kings' Rest,14,1,1720.7,176790,0,302.0,2026-08-19,0,-1,1772.0,10.5
22211,20661,DeathKnight,Unholy,San'layn,DPS,EU,Kings' Rest,14,1,1720.7,177248,1,301.0,2026-08-19,0,-1,1772.0,10.5
22211,20606,Shaman,Elemental,Farseer,DPS,EU,Kings' Rest,14,1,1720.7,161719,2,295.0,2026-08-19,0,-1,1772.0,10.5
22211,43086,Priest,Discipline,Oracle,Healer,EU,Kings' Rest,14,1,1720.7,14196,1,298.0,2026-08-19,0,-1,1772.0,10.5
22211,13745,DeathKnight,Blood,San'layn,Tank,EU,Kings' Rest,14,1,1720.7,100913,0,303.0,2026-08-19,0,-1,1772.0,10.5
22214,49358,Paladin,Protection,Lightsmith,Tank,CN,Ruby Life Pools,2,1,944.6,86466,0,293.0,2026-08-20,0,-1,936.0,44.3
22214,49360,Paladin,Retribution,Herald of the Sun,DPS,CN,Ruby Life Pools,2,1,944.6,87829,0,282.0,2026-08-20,0,-1,936.0,44.3
22214,49362,Mage,Frost,Spellslinger,DPS,CN,Ruby Life Pools,2,1,944.6,103214,0,294.0,2026-08-20,0,-1,936.0,44.3
22214,49359,Shaman,Restoration,Totemic,Healer,CN,Ruby Life Pools,2,1,944.6,13920,0,275.0,2026-08-20,0,-1,936.0,44.3
22214,49361,Paladin,Retribution,Templar,DPS,CN,Ruby Life Pools,2,1,944.6,106416,0,292.0,2026-08-20,0,-1,936.0,44.3
22219,49374,Priest,Shadow,Voidweaver,DPS,US,Kings' Rest,6,1,1175.9,91436,0,292.0,2026-08-20,0,-1,1168.0,41.0
22219,49372,Warrior,Protection,Mountain Thane,Tank,US,Kings' Rest,6,1,1175.9,81708,0,294.0,2026-08-20,0,-1,1168.0,41.0
22219,49376,Shaman,Elemental,Farseer,DPS,US,Kings' Rest,6,1,1175.9,90260,0,284.0,2026-08-20,0,-1,1168.0,41.0
22219,49373,Paladin,Holy,Herald of the Sun,Healer,US,Kings' Rest,6,1,1175.9,10235,0,295.0,2026-08-20,0,-1,1168.0,41.0
22219,49375,Warrior,Arms,Slayer,DPS,US,Kings' Rest,6,1,1175.9,121772,0,295.0,2026-08-20,0,-1,1168.0,41.0
22222,49385,Druid,Balance,Elune's Chosen,DPS,US,Temple of Sethraliss,10,1,1283.5,156440,0,292.0,2026-08-19,0,-1,1275.0,33.6
22222,44786,DeathKnight,Unholy,San'layn,DPS,US,Temple of Sethraliss,10,1,1283.5,224403,0,299.0,2026-08-19,0,-1,1275.0,33.6
22222,10695,Warrior,Arms,Slayer,DPS,US,Temple of Sethraliss,10,1,1283.5,193084,0,297.0,2026-08-19,0,-1,1275.0,33.6
22222,49384,Shaman,Restoration,Totemic,Healer,US,Temple of Sethraliss,10,1,1283.5,26303,0,295.0,2026-08-19,0,-1,1275.0,33.6
22222,10691,DeathKnight,Blood,San'layn,Tank,US,Temple of Sethraliss,10,1,1283.5,105954,0,301.0,2026-08-19,0,-1,1275.0,33.6
22227,49399,Paladin,Holy,Herald of the Sun,Healer,US,Den of Nalorakk,5,1,1072.0,13021,0,287.0,2026-08-20,0,-1,1064.0,44.6
22227,49401,Shaman,Elemental,Farseer,DPS,US,Den of Nalorakk,5,1,1072.0,147433,0,292.0,2026-08-20,0,-1,1064.0,44.6
22227,49402,DeathKnight,Frost,Deathbringer,DPS,US,Den of Nalorakk,5,1,1072.0,118384,0,281.0,2026-08-20,0,-1,1064.0,44.6
22227,49398,Warrior,Protection,Mountain Thane,Tank,US,Den of Nalorakk,5,1,1072.0,69509,0,293.0,2026-08-20,0,-1,1064.0,44.6
22227,49400,Druid,Balance,Elune's Chosen,DPS,US,Den of Nalorakk,5,1,1072.0,82389,0,292.0,2026-08-20,0,-1,1064.0,44.6
22232,49413,DemonHunter,Vengeance,Annihilator,Tank,US,Kings' Rest,11,1,1408.5,116050,0,297.0,2026-08-19,0,-1,1410.0,28.8
22232,49417,Monk,Windwalker,Conduit of the Celestials,DPS,US,Kings' Rest,11,1,1408.5,151560,1,306.0,2026-08-19,0,-1,1410.0,28.8
22232,49414,Shaman,Restoration,Totemic,Healer,US,Kings' Rest,11,1,1408.5,24337,0,298.0,2026-08-19,0,-1,1410.0,28.8
22232,49415,Mage,Arcane,Sunfury,DPS,US,Kings' Rest,11,1,1408.5,136536,1,294.0,2026-08-19,0,-1,1410.0,28.8
22232,49416,Druid,Balance,Elune's Chosen,DPS,US,Kings' Rest,11,1,1408.5,149100,0,296.0,2026-08-19,0,-1,1410.0,28.8
22242,44981,Shaman,Restoration,Totemic,Healer,CN,Murder Row,5,1,1153.6,22399,0,296.0,2026-08-20,0,-1,1145.0,43.9
22242,44980,DeathKnight,Blood,San'layn,Tank,CN,Murder Row,5,1,1153.6,57837,0,287.0,2026-08-20,0,-1,1145.0,43.9
22242,44984,Shaman,Enhancement,Stormbringer,DPS,CN,Murder Row,5,1,1153.6,125246,0,288.0,2026-08-20,0,-1,1145.0,43.9
22242,44983,Rogue,Subtlety,Trickster,DPS,CN,Murder Row,5,1,1153.6,131536,0,290.0,2026-08-20,0,-1,1145.0,43.9
22242,44982,Rogue,Subtlety,Trickster,DPS,CN,Murder Row,5,1,1153.6,144110,0,292.0,2026-08-20,0,-1,1145.0,43.9
22244,6640,DemonHunter,Vengeance,Annihilator,Tank,US,Murder Row,11,1,1586.3,119182,0,302.0,2026-08-19,0,-1,1583.0,22.4
22244,4277,Hunter,BeastMastery,Pack Leader,DPS,US,Murder Row,11,1,1586.3,158440,1,293.0,2026-08-19,0,-1,1583.0,22.4
22244,49444,Monk,Windwalker,Shado-Pan,DPS,US,Murder Row,11,1,1586.3,163030,0,298.0,2026-08-19,0,-1,1583.0,22.4
22244,23579,Paladin,Holy,Herald of the Sun,Healer,US,Murder Row,11,1,1586.3,22503,0,298.0,2026-08-19,0,-1,1583.0,22.4
22244,49445,Druid,Feral,Druid of the Claw,DPS,US,Murder Row,11,1,1586.3,190578,0,296.0,2026-08-19,0,-1,1583.0,22.4
22251,47586,Paladin,Protection,Lightsmith,Tank,KR,Temple of Sethraliss,6,1,1139.2,75807,0,292.0,2026-08-20,0,-1,1131.0,41.1
22251,49456,Warrior,Arms,Slayer,DPS,KR,Temple of Sethraliss,6,1,1139.2,163936,0,292.0,2026-08-20,0,-1,1131.0,41.1
22251,49455,Monk,Mistweaver,Conduit of the Celestials,Healer,KR,Temple of Sethraliss,6,1,1139.2,25180,0,291.0,2026-08-20,0,-1,1131.0,41.1
22251,49458,Hunter,Marksmanship,Sentinel,DPS,KR,Temple of Sethraliss,6,1,1139.2,136534,0,292.0,2026-08-20,0,-1,1131.0,41.1
22251,49457,Mage,Arcane,Sunfury,DPS,KR,Temple of Sethraliss,6,1,1139.2,105570,0,291.0,2026-08-20,0,-1,1131.0,41.1
22253,24318,DeathKnight,Blood,San'layn,Tank,US,Kings' Rest,10,1,1296.6,74332,0,293.0,2026-08-19,0,-1,1298.0,34.5
22253,606,Shaman,Enhancement,Stormbringer,DPS,US,Kings' Rest,10,1,1296.6,179305,1,306.0,2026-08-19,0,-1,1298.0,34.5
22253,49464,Shaman,Restoration,Totemic,Healer,US,Kings' Rest,10,1,1296.6,14164,0,294.0,2026-08-19,0,-1,1298.0,34.5
22253,40545,DemonHunter,Devourer,Void-Scarred,DPS,US,Kings' Rest,10,1,1296.6,123069,1,297.0,2026-08-19,0,-1,1298.0,34.5
22253,24319,Rogue,Subtlety,Deathstalker,DPS,US,Kings' Rest,10,1,1296.6,170135,0,306.0,2026-08-19,0,-1,1298.0,34.5
22260,14852,DeathKnight,Unholy,Rider of the Apocalypse,DPS,EU,Temple of Sethraliss,12,1,1456.1,206164,1,294.0,2026-08-19,0,-1,1478.0,23.0
22260,22994,Shaman,Restoration,Totemic,Healer,EU,Temple of Sethraliss,12,1,1456.1,28870,0,291.0,2026-08-19,0,-1,1478.0,23.0
22260,14851,Warrior,Protection,Mountain Thane,Tank,EU,Temple of Sethraliss,12,1,1456.1,131373,0,295.0,2026-08-19,0,-1,1478.0,23.0
22260,14853,Warrior,Arms,Slayer,DPS,EU,Temple of Sethraliss,12,1,1456.1,207156,0,298.0,2026-08-19,0,-1,1478.0,23.0
22260,14854,Paladin,Retribution,Templar,DPS,EU,Temple of Sethraliss,12,1,1456.1,210007,1,296.0,2026-08-19,0,-1,1478.0,23.0
22266,15412,Paladin,Protection,Lightsmith,Tank,EU,Murder Row,10,1,1197.9,136478,0,299.0,2026-08-19,0,-1,1204.0,41.0
22266,15414,Paladin,Retribution,Templar,DPS,EU,Murder Row,10,1,1197.9,249129,0,301.0,2026-08-19,0,-1,1204.0,41.0
22266,16406,Shaman,Restoration,Totemic,Healer,EU,Murder Row,10,1,1197.9,28754,0,303.0,2026-08-19,0,-1,1204.0,41.0
22266,43674,Warrior,Arms,Slayer,DPS,EU,Murder Row,10,1,1197.9,194276,2,300.0,2026-08-19,0,-1,1204.0,41.0
22266,15416,Rogue,Assassination,Deathstalker,DPS,EU,Murder Row,10,1,1197.9,245662,1,300.0,2026-08-19,0,-1,1204.0,41.0
22275,18618,Warrior,Arms,Slayer,DPS,EU,The Blinding Vale,10,1,1213.2,237283,0,296.0,2026-08-19,0,-1,1210.0,32.8
22275,18617,Shaman,Restoration,Totemic,Healer,EU,The Blinding Vale,10,1,1213.2,32758,0,300.0,2026-08-19,0,-1,1210.0,32.8
22275,16810,Monk,Windwalker,Shado-Pan,DPS,EU,The Blinding Vale,10,1,1213.2,174795,0,294.0,2026-08-19,0,-1,1210.0,32.8
22275,18614,DeathKnight,Blood,Deathbringer,Tank,EU,The Blinding Vale,10,1,1213.2,105746,0,299.0,2026-08-19,0,-1,1210.0,32.8
22275,18616,Rogue,Outlaw,Trickster,DPS,EU,The Blinding Vale,10,1,1213.2,209265,1,294.0,2026-08-19,0,-1,1210.0,32.8
22278,21699,Paladin,Protection,Lightsmith,Tank,US,Den of Nalorakk,12,0,1938.8,69835,1,295.0,2026-08-20,0,-1,1992.0,-3.7
22278,36981,Hunter,BeastMastery,Pack Leader,DPS,US,Den of Nalorakk,12,0,1938.8,117832,1,296.0,2026-08-20,0,-1,1992.0,-3.7
22278,7482,Paladin,Holy,Herald of the Sun,Healer,US,Den of Nalorakk,12,0,1938.8,15998,0,302.0,2026-08-20,0,-1,1992.0,-3.7
22278,21701,Mage,Arcane,Sunfury,DPS,US,Den of Nalorakk,12,0,1938.8,171666,1,302.0,2026-08-20,0,-1,1992.0,-3.7
22278,21702,Paladin,Retribution,Templar,DPS,US,Den of Nalorakk,12,0,1938.8,141034,1,296.0,2026-08-20,0,-1,1992.0,-3.7
22283,227,Warrior,Protection,Mountain Thane,Tank,US,Altar of Fangs,12,1,1352.5,142638,0,296.0,2026-08-20,0,-1,1344.0,25.3
22283,228,Paladin,Retribution,Templar,DPS,US,Altar of Fangs,12,1,1352.5,246060,0,303.0,2026-08-20,0,-1,1344.0,25.3
22283,226,Shaman,Restoration,Totemic,Healer,US,Altar of Fangs,12,1,1352.5,48518,0,303.0,2026-08-20,0,-1,1344.0,25.3
22283,43520,Rogue,Outlaw,Trickster,DPS,US,Altar of Fangs,12,1,1352.5,240614,0,293.0,2026-08-20,0,-1,1344.0,25.3
22283,763,DemonHunter,Devourer,Annihilator,DPS,US,Altar of Fangs,12,1,1352.5,260871,0,297.0,2026-08-20,0,-1,1344.0,25.3
22289,7566,DeathKnight,Unholy,Rider of the Apocalypse,DPS,US,Den of Nalorakk,12,1,1733.8,140904,0,301.0,2026-08-20,0,-1,1770.0,7.8
22289,49522,DeathKnight,Unholy,San'layn,DPS,US,Den of Nalorakk,12,1,1733.8,130075,2,293.0,2026-08-20,0,-1,1770.0,7.8
22289,7565,Priest,Holy,Oracle,Healer,US,Den of Nalorakk,12,1,1733.8,38887,0,295.0,2026-08-20,0,-1,1770.0,7.8
22289,541,Shaman,Enhancement,Stormbringer,DPS,US,Den of Nalorakk,12,1,1733.8,195881,1,301.0,2026-08-20,0,-1,1770.0,7.8
22289,1688,Monk,Brewmaster,Master of Harmony,Tank,US,Den of Nalorakk,12,1,1733.8,91124,0,300.0,2026-08-20,0,-1,1770.0,7.8
22297,7081,Warrior,Arms,Slayer,DPS,US,Den of Nalorakk,10,1,1269.0,201200,0,301.0,2026-08-19,0,-1,1261.0,34.3
22297,49539,Hunter,BeastMastery,Pack Leader,DPS,US,Den of Nalorakk,10,1,1269.0,151629,0,296.0,2026-08-19,0,-1,1261.0,34.3
22297,7082,DeathKnight,Blood,San'layn,Tank,US,Den of Nalorakk,10,1,1269.0,132906,0,297.0,2026-08-19,0,-1,1261.0,34.3
22297,7080,Druid,Restoration,Wildstalker,Healer,US,Den of Nalorakk,10,1,1269.0,20915,0,304.0,2026-08-19,0,-1,1261.0,34.3
22297,7083,Mage,Arcane,Sunfury,DPS,US,Den of Nalorakk,10,1,1269.0,171735,0,297.0,2026-08-19,0,-1,1261.0,34.3
22303,49555,Priest,Shadow,Voidweaver,DPS,US,Ruby Life Pools,2,1,965.4,83910,0,298.0,2026-08-20,0,-1,957.0,43.0
22303,49557,Rogue,Assassination,Deathstalker,DPS,US,Ruby Life Pools,2,1,965.4,127538,1,298.0,2026-08-20,0,-1,957.0,43.0
22303,49556,Mage,Arcane,Sunfury,DPS,US,Ruby Life Pools,2,1,965.4,127522,1,292.0,2026-08-20,0,-1,957.0,43.0
22303,49553,Paladin,Protection,Lightsmith,Tank,US,Ruby Life Pools,2,1,965.4,36955,0,273.0,2026-08-20,0,-1,957.0,43.0
22303,49554,Druid,Restoration,Wildstalker,Healer,US,Ruby Life Pools,2,1,965.4,6657,0,279.0,2026-08-20,0,-1,957.0,43.0
22310,49418,Priest,Shadow,Archon,DPS,US,Altar of Fangs,12,0,1964.4,193531,3,294.0,2026-08-19,0,-1,2061.0,-14.5
22310,49568,Paladin,Retribution,Templar,DPS,US,Altar of Fangs,12,0,1964.4,169079,2,297.0,2026-08-19,0,-1,2061.0,-14.5
22310,7133,DeathKnight,Blood,San'layn,Tank,US,Altar of Fangs,12,0,1964.4,107800,0,298.0,2026-08-19,0,-1,2061.0,-14.5
22310,14770,Paladin,Holy,Herald of the Sun,Healer,US,Altar of Fangs,12,0,1964.4,14226,1,304.0,2026-08-19,0,-1,2061.0,-14.5
22310,49569,Mage,Arcane,Sunfury,DPS,US,Altar of Fangs,12,0,1964.4,163633,1,297.0,2026-08-19,0,-1,2061.0,-14.5
22311,26140,Warrior,Arms,Slayer,DPS,EU,Temple of Sethraliss,9,1,1240.6,181987,1,296.0,2026-08-19,0,-1,1242.0,35.3
22311,49571,Paladin,Holy,Herald of the Sun,Healer,EU,Temple of Sethraliss,9,1,1240.6,13772,0,290.0,2026-08-19,0,-1,1242.0,35.3
22311,34419,Priest,Shadow,Archon,DPS,EU,Temple of Sethraliss,9,1,1240.6,168464,1,301.0,2026-08-19,0,-1,1242.0,35.3
22311,49572,Shaman,Elemental,Farseer,DPS,EU,Temple of Sethraliss,9,1,1240.6,203667,0,293.0,2026-08-19,0,-1,1242.0,35.3
22311,49570,DeathKnight,Blood,San'layn,Tank,EU,Temple of Sethraliss,9,1,1240.6,93864,0,293.0,2026-08-19,0,-1,1242.0,35.3
22312,49573,Shaman,Restoration,Totemic,Healer,EU,Altar of Fangs,11,1,1438.2,30292,0,299.0,2026-08-19,0,-1,1434.0,20.3
22312,22259,DeathKnight,Unholy,Rider of the Apocalypse,DPS,EU,Altar of Fangs,11,1,1438.2,224523,0,296.0,2026-08-19,0,-1,1434.0,20.3
22312,23598,Druid,Balance,Elune's Chosen,DPS,EU,Altar of Fangs,11,1,1438.2,220406,1,301.0,2026-08-19,0,-1,1434.0,20.3
22312,49574,DeathKnight,Frost,Deathbringer,DPS,EU,Altar of Fangs,11,1,1438.2,210759,0,293.0,2026-08-19,0,-1,1434.0,20.3
22312,44140,Warrior,Protection,Mountain Thane,Tank,EU,Altar of Fangs,11,1,1438.2,134928,0,291.0,2026-08-19,0,-1,1434.0,20.3
22329,41556,DeathKnight,Blood,San'layn,Tank,EU,Den of Nalorakk,12,0,1734.2,108162,2,304.0,2026-08-19,0,-1,1920.0,-0.0
22329,19820,Mage,Arcane,Sunfury,DPS,EU,Den of Nalorakk,12,0,1734.2,226308,2,302.0,2026-08-19,0,-1,1920.0,-0.0
22329,22099,Paladin,Holy,Herald of the Sun,Healer,EU,Den of Nalorakk,12,0,1734.2,10815,2,306.0,2026-08-19,0,-1,1920.0,-0.0
22329,15038,Shaman,Elemental,Farseer,DPS,EU,Den of Nalorakk,12,0,1734.2,192874,3,291.0,2026-08-19,0,-1,1920.0,-0.0
22329,41628,DemonHunter,Devourer,Void-Scarred,DPS,EU,Den of Nalorakk,12,0,1734.2,138175,4,300.0,2026-08-19,0,-1,1920.0,-0.0
22331,49622,Paladin,Protection,Lightsmith,Tank,EU,Ruby Life Pools,5,1,971.8,75341,0,281.0,2026-08-19,0,-1,963.0,42.7
22331,49625,Hunter,Marksmanship,Sentinel,DPS,EU,Ruby Life Pools,5,1,971.8,163964,0,292.0,2026-08-19,0,-1,963.0,42.7
22331,49624,Warlock,Destruction,Diabolist,DPS,EU,Ruby Life Pools,5,1,971.8,99071,0,283.0,2026-08-19,0,-1,963.0,42.7
22331,49626,DeathKnight,Unholy,Rider of the Apocalypse,DPS,EU,Ruby Life Pools,5,1,971.8,128130,0,290.0,2026-08-19,0,-1,963.0,42.7
22331,49623,Shaman,Restoration,Totemic,Healer,EU,Ruby Life Pools,5,1,971.8,23435,0,293.0,2026-08-19,0,-1,963.0,42.7
22334,7363,DemonHunter,Vengeance,Annihilator,Tank,US,Temple of Sethraliss,11,1,1440.1,125351,0,303.0,2026-08-20,0,-1,1442.0,24.9
22334,47808,Paladin,Holy,Herald of the Sun,Healer,US,Temple of Sethraliss,11,1,1440.1,19772,1,291.0,2026-08-20,0,-1,1442.0,24.9
22334,6404,Shaman,Enhancement,Stormbringer,DPS,US,Temple of Sethraliss,11,1,1440.1,184737,1,308.0,2026-08-20,0,-1,1442.0,24.9
22334,18998,Monk,Windwalker,Shado-Pan,DPS,US,Temple of Sethraliss,11,1,1440.1,177992,0,307.0,2026-08-20,0,-1,1442.0,24.9
22334,43929,Warlock,Demonology,Diabolist,DPS,US,Temple of Sethraliss,11,1,1440.1,220619,0,301.0,2026-08-20,0,-1,1442.0,24.9
22340,46158,Paladin,Protection,Lightsmith,Tank,EU,Altar of Fangs,11,1,1469.4,150568,0,303.0,2026-08-19,0,-1,1461.0,18.8
22340,49639,Druid,Balance,Elune's Chosen,DPS,EU,Altar of Fangs,11,1,1469.4,179019,0,295.0,2026-08-19,0,-1,1461.0,18.8
22340,49638,Shaman,Restoration,Totemic,Healer,EU,Altar of Fangs,11,1,1469.4,39158,0,291.0,2026-08-19,0,-1,1461.0,18.8
22340,49641,Priest,Shadow,Voidweaver,DPS,EU,Altar of Fangs,11,1,1469.4,229843,0,297.0,2026-08-19,0,-1,1461.0,18.8
22340,49640,DeathKnight,Unholy,San'layn,DPS,EU,Altar of Fangs,11,1,1469.4,186917,0,297.0,2026-08-19,0,-1,1461.0,18.8
22341,46336,Druid,Balance,Elune's Chosen,DPS,US,Ruby Life Pools,2,1,629.5,120858,0,291.0,2026-08-20,0,-1,622.0,63.0
22341,49643,Priest,Holy,Oracle,Healer,US,Ruby Life Pools,2,1,629.5,27564,0,289.0,2026-08-20,0,-1,622.0,63.0
22341,46734,Priest,Shadow,Archon,DPS,US,Ruby Life Pools,2,1,629.5,144090,0,298.0,2026-08-20,0,-1,622.0,63.0
22341,49642,Paladin,Protection,Lightsmith,Tank,US,Ruby Life Pools,2,1,629.5,79964,0,291.0,2026-08-20,0,-1,622.0,63.0
22341,46334,Mage,Arcane,Sunfury,DPS,US,Ruby Life Pools,2,1,629.5,172063,0,295.0,2026-08-20,0,-1,622.0,63.0
22345,32480,DemonHunter,Devourer,Void-Scarred,DPS,EU,Voidscar Arena,6,1,1021.5,130965,0,293.0,2026-08-19,0,-1,1018.0,43.4
22345,49655,Warlock,Demonology,Diabolist,DPS,EU,Voidscar Arena,6,1,1021.5,153886,1,290.0,2026-08-19,0,-1,1018.0,43.4
22345,49653,Warrior,Protection,Mountain Thane,Tank,EU,Voidscar Arena,6,1,1021.5,97000,0,290.0,2026-08-19,0,-1,1018.0,43.4
22345,49654,Paladin,Holy,Herald of the Sun,Healer,EU,Voidscar Arena,6,1,1021.5,21126,0,286.0,2026-08-19,0,-1,1018.0,43.4
22345,49656,Mage,Arcane,Sunfury,DPS,EU,Voidscar Arena,6,1,1021.5,100126,0,273.0,2026-08-19,0,-1,1018.0,43.4
22346,46543,Druid,Guardian,Elune's Chosen,Tank,US,Kings' Rest,10,1,1133.3,62331,0,303.0,2026-08-19,0,-1,1125.0,43.2
22346,10418,Hunter,BeastMastery,Pack Leader,DPS,US,Kings' Rest,10,1,1133.3,153626,0,305.0,2026-08-19,0,-1,1125.0,43.2
22346,12742,Warrior,Arms,Slayer,DPS,US,Kings' Rest,10,1,1133.3,203846,0,308.0,2026-08-19,0,-1,1125.0,43.2
22346,8751,Shaman,Enhancement,Stormbringer,DPS,US,Kings' Rest,10,1,1133.3,185081,0,303.0,2026-08-19,0,-1,1125.0,43.2
22346,14510,Paladin,Holy,Herald of the Sun,Healer,US,Kings' Rest,10,1,1133.3,31695,0,297.0,2026-08-19,0,-1,1125.0,43.2
22348,10159,Druid,Balance,Elune's Chosen,DPS,US,The Blinding Vale,10,1,1219.7,181131,0,291.0,2026-08-20,0,-1,1221.0,32.1
22348,10335,DemonHunter,Havoc,Fel-Scarred,DPS,US,The Blinding Vale,10,1,1219.7,210355,0,295.0,2026-08-20,0,-1,1221.0,32.1
22348,8781,DeathKnight,Blood,San'layn,Tank,US,The Blinding Vale,10,1,1219.7,111258,0,299.0,2026-08-20,0,-1,1221.0,32.1
22348,43984,Mage,Arcane,Sunfury,DPS,US,The Blinding Vale,10,1,1219.7,212127,1,302.0,2026-08-20,0,-1,1221.0,32.1
22348,44007,Priest,Holy,Oracle,Healer,US,The Blinding Vale,10,1,1219.7,46083,0,297.0,2026-08-20,0,-1,1221.0,32.1
22351,49670,DemonHunter,Havoc,Fel-Scarred,DPS,US,Voidscar Arena,11,1,1397.6,177671,0,293.0,2026-08-19,0,-1,1400.0,22.2
22351,49669,Warrior,Arms,Slayer,DPS,US,Voidscar Arena,11,1,1397.6,176370,2,293.0,2026-08-19,0,-1,1400.0,22.2
22351,21565,Paladin,Protection,Lightsmith,Tank,US,Voidscar Arena,11,1,1397.6,101162,0,300.0,2026-08-19,0,-1,1400.0,22.2
22351,1782,Hunter,Marksmanship,Sentinel,DPS,US,Voidscar Arena,11,1,1397.6,239095,0,300.0,2026-08-19,0,-1,1400.0,22.2
22351,49668,Priest,Holy,Oracle,Healer,US,Voidscar Arena,11,1,1397.6,20449,0,299.0,2026-08-19,0,-1,1400.0,22.2
22352,49672,Evoker,Preservation,Flameshaper,Healer,KR,Den of Nalorakk,5,1,1063.0,29907,0,285.0,2026-08-20,0,-1,1055.0,45.1
22352,49674,Monk,Windwalker,Shado-Pan,DPS,KR,Den of Nalorakk,5,1,1063.0,101090,0,279.0,2026-08-20,0,-1,1055.0,45.1
22352,49675,DeathKnight,Frost,Deathbringer,DPS,KR,Den of Nalorakk,5,1,1063.0,128850,0,293.0,2026-08-20,0,-1,1055.0,45.1
22352,49671,Paladin,Protection,Lightsmith,Tank,KR,Den of Nalorakk,5,1,1063.0,79098,0,293.0,2026-08-20,0,-1,1055.0,45.1
22352,49673,Mage,Arcane,Sunfury,DPS,KR,Den of Nalorakk,5,1,1063.0,138330,0,289.0,2026-08-20,0,-1,1055.0,45.1
22357,49683,Evoker,Preservation,Flameshaper,Healer,US,Altar of Fangs,11,1,1550.2,27637,2,289.0,2026-08-19,0,-1,1552.0,13.8
22357,3162,Warrior,Arms,Slayer,DPS,US,Altar of Fangs,11,1,1550.2,199901,0,295.0,2026-08-19,0,-1,1552.0,13.8
22357,158,Paladin,Retribution,Templar,DPS,US,Altar of Fangs,11,1,1550.2,226067,0,301.0,2026-08-19,0,-1,1552.0,13.8
22357,23539,DeathKnight,Blood,San'layn,Tank,US,Altar of Fangs,11,1,1550.2,109538,0,294.0,2026-08-19,0,-1,1552.0,13.8
22357,32,Priest,Shadow,Archon,DPS,US,Altar of Fangs,11,1,1550.2,175888,0,298.0,2026-08-19,0,-1,1552.0,13.8
22360,49689,Paladin,Protection,Templar,Tank,US,Altar of Fangs,5,1,1060.1,86938,1,295.0,2026-08-20,0,-1,1051.0,41.6
22360,8899,Warrior,Arms,Slayer,DPS,US,Altar of Fangs,5,1,1060.1,191414,1,300.0,2026-08-20,0,-1,1051.0,41.6
22360,3858,Monk,Windwalker,Shado-Pan,DPS,US,Altar of Fangs,5,1,1060.1,142690,1,293.0,2026-08-20,0,-1,1051.0,41.6
22360,49690,Druid,Restoration,Wildstalker,Healer,US,Altar of Fangs,5,1,1060.1,12088,1,294.0,2026-08-20,0,-1,1051.0,41.6
22360,49691,Evoker,Augmentation,Scalecommander,DPS,US,Altar of Fangs,5,1,1060.1,126126,1,293.0,2026-08-20,0,-1,1051.0,41.6
22361,1516,Hunter,Marksmanship,Sentinel,DPS,US,Den of Nalorakk,10,1,1319.4,154153,0,301.0,2026-08-20,0,-1,1321.0,31.2
22361,49693,Shaman,Elemental,Farseer,DPS,US,Den of Nalorakk,10,1,1319.4,166500,1,295.0,2026-08-20,0,-1,1321.0,31.2
22361,49692,Paladin,Holy,Herald of the Sun,Healer,US,Den of Nalorakk,10,1,1319.4,17952,1,293.0,2026-08-20,0,-1,1321.0,31.2
22361,1517,Rogue,Subtlety,Deathstalker,DPS,US,Den of Nalorakk,10,1,1319.4,160096,0,298.0,2026-08-20,0,-1,1321.0,31.2
22361,1513,DemonHunter,Vengeance,Annihilator,Tank,US,Den of Nalorakk,10,1,1319.4,104405,0,300.0,2026-08-20,0,-1,1321.0,31.2
22362,49694,Warrior,Protection,Mountain Thane,Tank,CN,The Blinding Vale,5,1,958.9,101918,0,293.0,2026-08-20,0,-1,951.0,47.2
22362,49696,Warlock,Affliction,Soul Harvester,DPS,CN,The Blinding Vale,5,1,958.9,191696,0,294.0,2026-08-20,0,-1,951.0,47.2
22362,49698,Evoker,Devastation,Flameshaper,DPS,CN,The Blinding Vale,5,1,958.9,127319,0,293.0,2026-08-20,0,-1,951.0,47.2
22362,49695,Paladin,Holy,Lightsmith,Healer,CN,The Blinding Vale,5,1,958.9,30981,0,292.0,2026-08-20,0,-1,951.0,47.2
22362,49697,DemonHunter,Havoc,Fel-Scarred,DPS,CN,The Blinding Vale,5,1,958.9,124900,1,288.0,2026-08-20,0,-1,951.0,47.2
22364,49701,Paladin,Holy,Herald of the Sun,Healer,EU,Temple of Sethraliss,9,1,1252.3,18588,0,296.0,2026-08-19,0,-1,1249.0,34.9
22364,49702,Shaman,Elemental,Farseer,DPS,EU,Temple of Sethraliss,9,1,1252.3,191124,0,294.0,2026-08-19,0,-1,1249.0,34.9
22364,49700,Druid,Guardian,Elune's Chosen,Tank,EU,Temple of Sethraliss,9,1,1252.3,95422,0,305.0,2026-08-19,0,-1,1249.0,34.9
22364,49704,Warrior,Arms,Slayer,DPS,EU,Temple of Sethraliss,9,1,1252.3,201166,0,297.0,2026-08-19,0,-1,1249.0,34.9
22364,49703,Hunter,BeastMastery,Pack Leader,DPS,EU,Temple of Sethraliss,9,1,1252.3,166079,1,296.0,2026-08-19,0,-1,1249.0,34.9
22365,49706,Warrior,Arms,Unknown,DPS,US,Altar of Fangs,11,1,1426.1,220293,1,298.0,2026-08-19,0,-1,1448.0,19.6
22365,49705,Evoker,Preservation,Unknown,Healer,US,Altar of Fangs,11,1,1426.1,30568,2,305.0,2026-08-19,0,-1,1448.0,19.6
22365,18447,Warlock,Demonology,Unknown,DPS,US,Altar of Fangs,11,1,1426.1,214136,1,301.0,2026-08-19,0,-1,1448.0,19.6
22365,10153,DeathKnight,Blood,Unknown,Tank,US,Altar of Fangs,11,1,1426.1,130014,0,295.0,2026-08-19,0,-1,1448.0,19.6
22365,49707,Shaman,Elemental,Unknown,DPS,US,Altar of Fangs,11,1,1426.1,228881,2,296.0,2026-08-19,0,-1,1448.0,19.6
22370,7244,Evoker,Preservation,Chronowarden,Healer,US,Kings' Rest,12,1,1741.7,50254,2,300.0,2026-08-19,0,-1,1898.0,4.2
22370,44346,Mage,Arcane,Sunfury,DPS,US,Kings' Rest,12,1,1741.7,151902,3,304.0,2026-08-19,0,-1,1898.0,4.2
22370,47362,DemonHunter,Havoc,Fel-Scarred,DPS,US,Kings' Rest,12,1,1741.7,126155,2,287.0,2026-08-19,0,-1,1898.0,4.2
22370,9016,Shaman,Elemental,Farseer,DPS,US,Kings' Rest,12,1,1741.7,148622,2,301.0,2026-08-19,0,-1,1898.0,4.2
22370,12395,Paladin,Protection,Lightsmith,Tank,US,Kings' Rest,12,1,1741.7,66719,2,302.0,2026-08-19,0,-1,1898.0,4.2
22371,37232,Hunter,BeastMastery,Pack Leader,DPS,US,Kings' Rest,5,1,1079.6,115086,0,293.0,2026-08-19,0,-1,1071.0,45.9
22371,37228,DemonHunter,Vengeance,Annihilator,Tank,US,Kings' Rest,5,1,1079.6,56272,0,293.0,2026-08-19,0,-1,1071.0,45.9
22371,49720,Shaman,Restoration,Farseer,Healer,US,Kings' Rest,5,1,1079.6,24399,0,289.0,2026-08-19,0,-1,1071.0,45.9
22371,49721,Druid,Balance,Elune's Chosen,DPS,US,Kings' Rest,5,1,1079.6,93922,0,296.0,2026-08-19,0,-1,1071.0,45.9
22371,49722,Paladin,Retribution,Templar,DPS,US,Kings' Rest,5,1,1079.6,91146,0,289.0,2026-08-19,0,-1,1071.0,45.9
22378,43582,Shaman,Restoration,Totemic,Healer,CN,Ruby Life Pools,5,1,844.4,21659,0,295.0,2026-08-20,0,-1,836.0,50.2
22378,43584,Warrior,Arms,Slayer,DPS,CN,Ruby Life Pools,5,1,844.4,141610,1,291.0,2026-08-20,0,-1,836.0,50.2
22378,43585,Paladin,Retribution,Templar,DPS,CN,Ruby Life Pools,5,1,844.4,148021,0,292.0,2026-08-20,0,-1,836.0,50.2
22378,43581,DeathKnight,Blood,San'layn,Tank,CN,Ruby Life Pools,5,1,844.4,108323,0,293.0,2026-08-20,0,-1,836.0,50.2
22378,43583,Mage,Arcane,Sunfury,DPS,CN,Ruby Life Pools,5,1,844.4,148092,0,293.0,2026-08-20,0,-1,836.0,50.2
22380,49748,Druid,Restoration,Wildstalker,Healer,KR,Temple of Sethraliss,3,1,1097.0,3311,0,293.0,2026-08-20,0,-1,1089.0,43.3
22380,49749,Hunter,BeastMastery,Pack Leader,DPS,KR,Temple of Sethraliss,3,1,1097.0,125506,1,293.0,2026-08-20,0,-1,1089.0,43.3
22380,49750,DemonHunter,Devourer,Annihilator,DPS,KR,Temple of Sethraliss,3,1,1097.0,128958,0,292.0,2026-08-20,0,-1,1089.0,43.3
22380,49751,DeathKnight,Frost,Deathbringer,DPS,KR,Temple of Sethraliss,3,1,1097.0,81655,0,292.0,2026-08-20,0,-1,1089.0,43.3
22380,49747,DeathKnight,Blood,San'layn,Tank,KR,Temple of Sethraliss,3,1,1097.0,84952,0,292.0,2026-08-20,0,-1,1089.0,43.3
22382,49754,Warrior,Arms,Slayer,DPS,EU,Ruby Life Pools,10,1,1116.0,211773,0,294.0,2026-08-19,0,-1,1107.0,34.1
22382,16524,Paladin,Protection,Lightsmith,Tank,EU,Ruby Life Pools,10,1,1116.0,141373,0,296.0,2026-08-19,0,-1,1107.0,34.1
22382,49752,Paladin,Holy,Herald of the Sun,Healer,EU,Ruby Life Pools,10,1,1116.0,30286,0,295.0,2026-08-19,0,-1,1107.0,34.1
22382,49753,Shaman,Enhancement,Stormbringer,DPS,EU,Ruby Life Pools,10,1,1116.0,221467,0,291.0,2026-08-19,0,-1,1107.0,34.1
22382,16528,Hunter,BeastMastery,Pack Leader,DPS,EU,Ruby Life Pools,10,1,1116.0,233429,0,296.0,2026-08-19,0,-1,1107.0,34.1
22383,11543,Hunter,BeastMastery,Pack Leader,DPS,US,The Blinding Vale,10,1,1170.6,178422,0,308.0,2026-08-20,0,-1,1162.0,35.4
22383,10171,DeathKnight,Blood,San'layn,Tank,US,The Blinding Vale,10,1,1170.6,137578,0,301.0,2026-08-20,0,-1,1162.0,35.4
22383,45075,DeathKnight,Unholy,San'layn,DPS,US,The Blinding Vale,10,1,1170.6,240999,0,310.0,2026-08-20,0,-1,1162.0,35.4
22383,10172,Paladin,Holy,Lightsmith,Healer,US,The Blinding Vale,10,1,1170.6,57576,0,312.0,2026-08-20,0,-1,1162.0,35.4
22383,2991,Shaman,Elemental,Farseer,DPS,US,The Blinding Vale,10,1,1170.6,176017,0,299.0,2026-08-20,0,-1,1162.0,35.4
22387,49764,Mage,Arcane,Sunfury,DPS,EU,Voidscar Arena,11,1,1345.3,203306,0,296.0,2026-08-19,0,-1,1337.0,25.7
22387,49763,Druid,Balance,Elune's Chosen,DPS,EU,Voidscar Arena,11,1,1345.3,167037,0,292.0,2026-08-19,0,-1,1337.0,25.7
22387,49762,Paladin,Holy,Lightsmith,Healer,EU,Voidscar Arena,11,1,1345.3,45447,0,297.0,2026-08-19,0,-1,1337.0,25.7
22387,49765,Shaman,Elemental,Farseer,DPS,EU,Voidscar Arena,11,1,1345.3,199039,0,293.0,2026-08-19,0,-1,1337.0,25.7
22387,49761,DeathKnight,Blood,San'layn,Tank,EU,Voidscar Arena,11,1,1345.3,71143,0,293.0,2026-08-19,0,-1,1337.0,25.7
22390,1897,Warrior,Fury,Slayer,DPS,US,Kings' Rest,12,1,1650.1,136693,0,304.0,2026-08-19,0,-1,1641.0,17.1
22390,19037,DeathKnight,Blood,Deathbringer,Tank,US,Kings' Rest,12,1,1650.1,107267,0,306.0,2026-08-19,0,-1,1641.0,17.1
22390,5106,Shaman,Enhancement,Stormbringer,DPS,US,Kings' Rest,12,1,1650.1,147202,0,301.0,2026-08-19,0,-1,1641.0,17.1
22390,43211,Paladin,Holy,Herald of the Sun,Healer,US,Kings' Rest,12,1,1650.1,14022,0,304.0,2026-08-19,0,-1,1641.0,17.1
22390,49436,Hunter,BeastMastery,Pack Leader,DPS,US,Kings' Rest,12,1,1650.1,149279,0,307.0,2026-08-19,0,-1,1641.0,17.1
22394,39079,DeathKnight,Blood,San'layn,Tank,US,Temple of Sethraliss,12,1,1682.4,112683,1,299.0,2026-08-20,0,-1,1869.0,2.6
22394,49780,Paladin,Holy,Herald of the Sun,Healer,US,Temple of Sethraliss,12,1,1682.4,6429,5,301.0,2026-08-20,0,-1,1869.0,2.6
22394,42890,Mage,Arcane,Sunfury,DPS,US,Temple of Sethraliss,12,1,1682.4,185248,2,305.0,2026-08-20,0,-1,1869.0,2.6
22394,42891,Rogue,Subtlety,Deathstalker,DPS,US,Temple of Sethraliss,12,1,1682.4,178999,4,306.0,2026-08-20,0,-1,1869.0,2.6
22394,10592,Shaman,Elemental,Farseer,DPS,US,Temple of Sethraliss,12,1,1682.4,207652,1,296.0,2026-08-20,0,-1,1869.0,2.6
22402,49798,DeathKnight,Blood,San'layn,Tank,EU,Ruby Life Pools,5,1,737.4,102361,0,297.0,2026-08-19,0,-1,729.0,56.6
22402,49800,Hunter,Marksmanship,Sentinel,DPS,EU,Ruby Life Pools,5,1,737.4,160081,0,293.0,2026-08-19,0,-1,729.0,56.6
22402,49801,Hunter,BeastMastery,Pack Leader,DPS,EU,Ruby Life Pools,5,1,737.4,189191,0,292.0,2026-08-19,0,-1,729.0,56.6
22402,49799,Priest,Holy,Archon,Healer,EU,Ruby Life Pools,5,1,737.4,16284,0,295.0,2026-08-19,0,-1,729.0,56.6
22402,39610,Shaman,Elemental,Farseer,DPS,EU,Ruby Life Pools,5,1,737.4,212390,0,292.0,2026-08-19,0,-1,729.0,56.6
22403,37574,Mage,Arcane,Sunfury,DPS,US,Temple of Sethraliss,2,1,1082.2,126700,0,293.0,2026-08-19,0,-1,1074.0,44.1
22403,49802,DeathKnight,Blood,Deathbringer,Tank,US,Temple of Sethraliss,2,1,1082.2,77096,0,291.0,2026-08-19,0,-1,1074.0,44.1
22403,49804,Druid,Feral,Druid of the Claw,DPS,US,Temple of Sethraliss,2,1,1082.2,62848,0,272.0,2026-08-19,0,-1,1074.0,44.1
22403,49803,Paladin,Holy,Herald of the Sun,Healer,US,Temple of Sethraliss,2,1,1082.2,8796,0,292.0,2026-08-19,0,-1,1074.0,44.1
22403,49805,DemonHunter,Havoc,Fel-Scarred,DPS,US,Temple of Sethraliss,2,1,1082.2,118506,0,292.0,2026-08-19,0,-1,1074.0,44.1
22404,49806,Druid,Balance,Elune's Chosen,DPS,US,Temple of Sethraliss,10,1,1276.5,178483,0,295.0,2026-08-19,0,-1,1268.0,34.0
22404,21361,Rogue,Outlaw,Trickster,DPS,US,Temple of Sethraliss,10,1,1276.5,212410,0,294.0,2026-08-19,0,-1,1268.0,34.0
22404,8016,Mage,Arcane,Sunfury,DPS,US,Temple of Sethraliss,10,1,1276.5,207384,0,295.0,2026-08-19,0,-1,1268.0,34.0
22404,42893,Priest,Holy,Oracle,Healer,US,Temple of Sethraliss,10,1,1276.5,34087,0,291.0,2026-08-19,0,-1,1268.0,34.0
22404,34663,DeathKnight,Blood,San'layn,Tank,US,Temple of Sethraliss,10,1,1276.5,80756,0,288.0,2026-08-19,0,-1,1268.0,34.0
22417,7409,Priest,Shadow,Archon,DPS,US,Kings' Rest,13,1,1809.1,139987,4,296.0,2026-08-20,0,-1,1921.0,3.0
22417,6840,DemonHunter,Devourer,Annihilator,DPS,US,Kings' Rest,13,1,1809.1,153044,1,299.0,2026-08-20,0,-1,1921.0,3.0
22417,7407,Druid,Guardian,Elune's Chosen,Tank,US,Kings' Rest,13,1,1809.1,73734,1,299.0,2026-08-20,0,-1,1921.0,3.0
22417,49835,Shaman,Restoration,Totemic,Healer,US,Kings' Rest,13,1,1809.1,21217,1,293.0,2026-08-20,0,-1,1921.0,3.0
22417,346,Monk,Windwalker,Shado-Pan,DPS,US,Kings' Rest,13,1,1809.1,173860,1,304.0,2026-08-20,0,-1,1921.0,3.0
22432,49866,Shaman,Restoration,Totemic,Healer,US,Kings' Rest,2,1,1194.8,16794,0,295.0,2026-08-20,0,-1,1186.0,40.1
22432,49868,Mage,Frost,Frostfire,DPS,US,Kings' Rest,2,1,1194.8,71115,0,285.0,2026-08-20,0,-1,1186.0,40.1
22432,49867,Priest,Shadow,Archon,DPS,US,Kings' Rest,2,1,1194.8,92471,0,289.0,2026-08-20,0,-1,1186.0,40.1
22432,49869,Mage,Arcane,Sunfury,DPS,US,Kings' Rest,2,1,1194.8,80314,0,284.0,2026-08-20,0,-1,1186.0,40.1
22432,49865,Monk,Brewmaster,Shado-Pan,Tank,US,Kings' Rest,2,1,1194.8,47570,0,290.0,2026-08-20,0,-1,1186.0,40.1
22441,47648,Evoker,Augmentation,Scalecommander,DPS,CN,Den of Nalorakk,5,1,984.5,119631,0,290.0,2026-08-20,0,-1,976.0,49.2
22441,47649,Mage,Arcane,Sunfury,DPS,CN,Den of Nalorakk,5,1,984.5,132672,0,295.0,2026-08-20,0,-1,976.0,49.2
22441,47650,Druid,Balance,Elune's Chosen,DPS,CN,Den of Nalorakk,5,1,984.5,120083,0,290.0,2026-08-20,0,-1,976.0,49.2
22441,47647,Evoker,Preservation,Flameshaper,Healer,CN,Den of Nalorakk,5,1,984.5,32479,0,288.0,2026-08-20,0,-1,976.0,49.2
22441,47646,DemonHunter,Vengeance,Annihilator,Tank,CN,Den of Nalorakk,5,1,984.5,79920,0,293.0,2026-08-20,0,-1,976.0,49.2
22443,47743,Paladin,Retribution,Herald of the Sun,DPS,CN,Kings' Rest,11,1,1294.2,174326,0,296.0,2026-08-20,0,-1,1290.0,34.8
22443,47740,Paladin,Protection,Lightsmith,Tank,CN,Kings' Rest,11,1,1294.2,77519,0,287.0,2026-08-20,0,-1,1290.0,34.8
22443,47742,Mage,Arcane,Sunfury,DPS,CN,Kings' Rest,11,1,1294.2,150696,1,298.0,2026-08-20,0,-1,1290.0,34.8
22443,47741,Paladin,Holy,Lightsmith,Healer,CN,Kings' Rest,11,1,1294.2,24857,0,285.0,2026-08-20,0,-1,1290.0,34.8
22443,47744,Druid,Balance,Elune's Chosen,DPS,CN,Kings' Rest,11,1,1294.2,181068,0,294.0,2026-08-20,0,-1,1290.0,34.8
22448,45590,DeathKnight,Blood,San'layn,Tank,EU,Kings' Rest,10,1,1353.4,83500,0,309.0,2026-08-19,0,-1,1365.0,31.1
22448,22920,DemonHunter,Devourer,Void-Scarred,DPS,EU,Kings' Rest,10,1,1353.4,140459,1,305.0,2026-08-19,0,-1,1365.0,31.1
22448,49899,Priest,Discipline,Oracle,Healer,EU,Kings' Rest,10,1,1353.4,16481,1,296.0,2026-08-19,0,-1,1365.0,31.1
22448,45592,Warlock,Demonology,Diabolist,DPS,EU,Kings' Rest,10,1,1353.4,120537,2,296.0,2026-08-19,0,-1,1365.0,31.1
22448,22921,Mage,Arcane,Sunfury,DPS,EU,Kings' Rest,10,1,1353.4,195639,0,309.0,2026-08-19,0,-1,1365.0,31.1
22450,45184,Warrior,Protection,Mountain Thane,Tank,EU,Temple of Sethraliss,6,1,1062.4,102718,0,296.0,2026-08-19,0,-1,1054.0,45.1
22450,49905,Shaman,Restoration,Totemic,Healer,EU,Temple of Sethraliss,6,1,1062.4,8133,0,293.0,2026-08-19,0,-1,1054.0,45.1
22450,49907,Hunter,BeastMastery,Pack Leader,DPS,EU,Temple of Sethraliss,6,1,1062.4,112950,0,292.0,2026-08-19,0,-1,1054.0,45.1
22450,13312,Paladin,Retribution,Templar,DPS,EU,Temple of Sethraliss,6,1,1062.4,170277,0,298.0,2026-08-19,0,-1,1054.0,45.1
22450,49906,DemonHunter,Devourer,Annihilator,DPS,EU,Temple of Sethraliss,6,1,1062.4,152647,0,295.0,2026-08-19,0,-1,1054.0,45.1
22456,45885,DeathKnight,Unholy,Rider of the Apocalypse,DPS,EU,Voidscar Arena,11,1,1403.6,195959,1,292.0,2026-08-19,0,-1,1440.0,20.0
22456,45884,Warrior,Arms,Slayer,DPS,EU,Voidscar Arena,11,1,1403.6,144512,4,294.0,2026-08-19,0,-1,1440.0,20.0
22456,49922,Paladin,Retribution,Templar,DPS,EU,Voidscar Arena,11,1,1403.6,203367,2,294.0,2026-08-19,0,-1,1440.0,20.0
22456,45883,Shaman,Restoration,Totemic,Healer,EU,Voidscar Arena,11,1,1403.6,20073,1,292.0,2026-08-19,0,-1,1440.0,20.0
22456,49921,DeathKnight,Blood,San'layn,Tank,EU,Voidscar Arena,11,1,1403.6,122649,1,294.0,2026-08-19,0,-1,1440.0,20.0
22458,49925,DemonHunter,Devourer,Annihilator,DPS,US,Ruby Life Pools,12,1,1419.7,240078,0,298.0,2026-08-19,0,-1,1441.0,14.2
22458,49924,DeathKnight,Unholy,San'layn,DPS,US,Ruby Life Pools,12,1,1419.7,175863,1,296.0,2026-08-19,0,-1,1441.0,14.2
22458,50,Paladin,Protection,Lightsmith,Tank,US,Ruby Life Pools,12,1,1419.7,116799,0,299.0,2026-08-19,0,-1,1441.0,14.2
22458,51,Evoker,Preservation,Flameshaper,Healer,US,Ruby Life Pools,12,1,1419.7,61287,1,300.0,2026-08-19,0,-1,1441.0,14.2
22458,3193,Druid,Balance,Elune's Chosen,DPS,US,Ruby Life Pools,12,1,1419.7,242898,0,300.0,2026-08-19,0,-1,1441.0,14.2
22460,15192,Paladin,Protection,Lightsmith,Tank,EU,Temple of Sethraliss,12,1,1716.3,100085,0,303.0,2026-08-19,0,-1,1723.0,10.3
22460,49927,Mage,Arcane,Sunfury,DPS,EU,Temple of Sethraliss,12,1,1716.3,177397,0,293.0,2026-08-19,0,-1,1723.0,10.3
22460,24120,Paladin,Retribution,Herald of the Sun,DPS,EU,Temple of Sethraliss,12,1,1716.3,209610,1,299.0,2026-08-19,0,-1,1723.0,10.3
22460,49928,DemonHunter,Devourer,Annihilator,DPS,EU,Temple of Sethraliss,12,1,1716.3,192901,0,293.0,2026-08-19,0,-1,1723.0,10.3
22460,49926,Monk,Mistweaver,Conduit of the Celestials,Healer,EU,Temple of Sethraliss,12,1,1716.3,41996,0,294.0,2026-08-19,0,-1,1723.0,10.3
22465,49933,Paladin,Retribution,Templar,DPS,EU,Ruby Life Pools,2,1,833.8,93388,0,294.0,2026-08-20,0,-1,825.0,50.9
22465,49931,Paladin,Protection,Lightsmith,Tank,EU,Ruby Life Pools,2,1,833.8,82488,0,296.0,2026-08-20,0,-1,825.0,50.9
22465,49932,Evoker,Preservation,Flameshaper,Healer,EU,Ruby Life Pools,2,1,833.8,70855,0,290.0,2026-08-20,0,-1,825.0,50.9
22465,49934,Warrior,Arms,Slayer,DPS,EU,Ruby Life Pools,2,1,833.8,111209,0,287.0,2026-08-20,0,-1,825.0,50.9
22465,49935,Hunter,BeastMastery,Pack Leader,DPS,EU,Ruby Life Pools,2,1,833.8,110718,0,287.0,2026-08-20,0,-1,825.0,50.9
22468,46949,Druid,Balance,Elune's Chosen,DPS,EU,Voidscar Arena,12,1,1496.4,211713,0,302.0,2026-08-19,0,-1,1532.0,14.9
22468,49940,Shaman,Restoration,Totemic,Healer,EU,Voidscar Arena,12,1,1496.4,23136,0,296.0,2026-08-19,0,-1,1532.0,14.9
22468,44241,Paladin,Protection,Lightsmith,Tank,EU,Voidscar Arena,12,1,1496.4,96347,0,303.0,2026-08-19,0,-1,1532.0,14.9
22468,21569,Warrior,Arms,Slayer,DPS,EU,Voidscar Arena,12,1,1496.4,190244,1,299.0,2026-08-19,0,-1,1532.0,14.9
22468,44611,Shaman,Elemental,Farseer,DPS,EU,Voidscar Arena,12,1,1496.4,184411,2,297.0,2026-08-19,0,-1,1532.0,14.9
22469,24975,Rogue,Assassination,Unknown,DPS,EU,Temple of Sethraliss,10,1,1303.2,226375,0,300.0,2026-08-19,0,-1,1304.0,32.1
22469,23753,Warrior,Arms,Unknown,DPS,EU,Temple of Sethraliss,10,1,1303.2,189803,2,291.0,2026-08-19,0,-1,1304.0,32.1
22469,24974,Druid,Balance,Unknown,DPS,EU,Temple of Sethraliss,10,1,1303.2,154234,0,300.0,2026-08-19,0,-1,1304.0,32.1
22469,23751,Shaman,Restoration,Unknown,Healer,EU,Temple of Sethraliss,10,1,1303.2,26734,0,284.0,2026-08-19,0,-1,1304.0,32.1
22469,23750,DeathKnight,Blood,Unknown,Tank,EU,Temple of Sethraliss,10,1,1303.2,101288,0,289.0,2026-08-19,0,-1,1304.0,32.1
22484,9435,DeathKnight,Unholy,Rider of the Apocalypse,DPS,US,Den of Nalorakk,11,1,1562.9,147916,1,295.0,2026-08-19,0,-1,1579.0,17.8
22484,49960,Paladin,Protection,Lightsmith,Tank,US,Den of Nalorakk,11,1,1562.9,79406,1,300.0,2026-08-19,0,-1,1579.0,17.8
22484,49961,Warrior,Arms,Slayer,DPS,US,Den of Nalorakk,11,1,1562.9,178638,1,304.0,2026-08-19,0,-1,1579.0,17.8
22484,6414,Warrior,Arms,Slayer,DPS,US,Den of Nalorakk,11,1,1562.9,150799,1,298.0,2026-08-19,0,-1,1579.0,17.8
22484,8290,Evoker,Preservation,Flameshaper,Healer,US,Den of Nalorakk,11,1,1562.9,30281,1,298.0,2026-08-19,0,-1,1579.0,17.8
22485,7725,Rogue,Subtlety,Deathstalker,DPS,US,Temple of Sethraliss,11,1,1273.3,212620,0,294.0,2026-08-19,0,-1,1275.0,33.6
22485,2742,Paladin,Holy,Herald of the Sun,Healer,US,Temple of Sethraliss,11,1,1273.3,22533,1,303.0,2026-08-19,0,-1,1275.0,33.6
22485,8987,Shaman,Elemental,Farseer,DPS,US,Temple of Sethraliss,11,1,1273.3,210598,0,298.0,2026-08-19,0,-1,1275.0,33.6
22485,19621,Paladin,Retribution,Templar,DPS,US,Temple of Sethraliss,11,1,1273.3,178402,1,301.0,2026-08-19,0,-1,1275.0,33.6
22485,3432,Warrior,Protection,Mountain Thane,Tank,US,Temple of Sethraliss,11,1,1273.3,139959,0,299.0,2026-08-19,0,-1,1275.0,33.6
22489,45262,DeathKnight,Blood,San'layn,Tank,US,Den of Nalorakk,12,1,1800.4,88762,2,297.0,2026-08-19,0,-1,1897.0,1.2
22489,10887,DeathKnight,Unholy,Rider of the Apocalypse,DPS,US,Den of Nalorakk,12,1,1800.4,183632,2,292.0,2026-08-19,0,-1,1897.0,1.2
22489,45263,Rogue,Outlaw,Trickster,DPS,US,Den of Nalorakk,12,1,1800.4,134035,1,290.0,2026-08-19,0,-1,1897.0,1.2
22489,15202,Shaman,Restoration,Totemic,Healer,US,Den of Nalorakk,12,1,1800.4,28017,1,305.0,2026-08-19,0,-1,1897.0,1.2
22489,8484,Warrior,Arms,Slayer,DPS,US,Den of Nalorakk,12,1,1800.4,204301,1,307.0,2026-08-19,0,-1,1897.0,1.2
22490,3125,DeathKnight,Unholy,San'layn,DPS,US,Altar of Fangs,11,1,1484.6,234810,1,297.0,2026-08-19,0,-1,1506.0,16.3
22490,9267,Druid,Balance,Elune's Chosen,DPS,US,Altar of Fangs,11,1,1484.6,205472,1,302.0,2026-08-19,0,-1,1506.0,16.3
22490,49970,Mage,Arcane,Sunfury,DPS,US,Altar of Fangs,11,1,1484.6,193235,2,301.0,2026-08-19,0,-1,1506.0,16.3
22490,49969,Shaman,Restoration,Totemic,Healer,US,Altar of Fangs,11,1,1484.6,27786,1,296.0,2026-08-19,0,-1,1506.0,16.3
22490,2368,Warrior,Protection,Mountain Thane,Tank,US,Altar of Fangs,11,1,1484.6,98858,1,294.0,2026-08-19,0,-1,1506.0,16.3
22491,2866,Rogue,Subtlety,Deathstalker,DPS,US,Voidscar Arena,13,1,1674.0,157836,2,298.0,2026-08-19,0,-1,1710.0,5.0
22491,7942,DemonHunter,Devourer,Annihilator,DPS,US,Voidscar Arena,13,1,1674.0,202154,0,305.0,2026-08-19,0,-1,1710.0,5.0
22491,2865,Priest,Discipline,Oracle,Healer,US,Voidscar Arena,13,1,1674.0,16114,0,297.0,2026-08-19,0,-1,1710.0,5.0
22491,5866,DeathKnight,Blood,San'layn,Tank,US,Voidscar Arena,13,1,1674.0,86584,1,301.0,2026-08-19,0,-1,1710.0,5.0
22491,2867,Mage,Arcane,Sunfury,DPS,US,Voidscar Arena,13,1,1674.0,206321,0,301.0,2026-08-19,0,-1,1710.0,5.0
22495,37965,Warrior,Arms,Slayer,DPS,US,Temple of Sethraliss,12,1,1765.7,176354,1,305.0,2026-08-19,0,-1,1773.0,7.7
22495,2431,DeathKnight,Blood,San'layn,Tank,US,Temple of Sethraliss,12,1,1765.7,120967,0,306.0,2026-08-19,0,-1,1773.0,7.7
22495,2432,Paladin,Holy,Herald of the Sun,Healer,US,Temple of Sethraliss,12,1,1765.7,29934,0,301.0,2026-08-19,0,-1,1773.0,7.7
22495,2435,Mage,Arcane,Sunfury,DPS,US,Temple of Sethraliss,12,1,1765.7,205296,0,307.0,2026-08-19,0,-1,1773.0,7.7
22495,22598,Paladin,Retribution,Templar,DPS,US,Temple of Sethraliss,12,1,1765.7,157100,0,301.0,2026-08-19,0,-1,1773.0,7.7
22497,49975,Paladin,Holy,Herald of the Sun,Healer,US,Voidscar Arena,5,1,924.6,3459,0,293.0,2026-08-19,0,-1,917.0,49.1
22497,49667,Mage,Arcane,Sunfury,DPS,US,Voidscar Arena,5,1,924.6,116053,0,285.0,2026-08-19,0,-1,917.0,49.1
22497,49976,Rogue,Subtlety,Deathstalker,DPS,US,Voidscar Arena,5,1,924.6,124645,0,292.0,2026-08-19,0,-1,917.0,49.1
22497,18475,Rogue,Assassination,Deathstalker,DPS,US,Voidscar Arena,5,1,924.6,182894,0,297.0,2026-08-19,0,-1,917.0,49.1
22497,49666,DeathKnight,Blood,San'layn,Tank,US,Voidscar Arena,5,1,924.6,75102,0,295.0,2026-08-19,0,-1,917.0,49.1
22499,49983,Monk,Windwalker,Shado-Pan,DPS,EU,The Blinding Vale,11,1,1411.3,227515,1,304.0,2026-08-20,0,-1,1417.0,21.3
22499,49982,Hunter,BeastMastery,Pack Leader,DPS,EU,The Blinding Vale,11,1,1411.3,203312,0,300.0,2026-08-20,0,-1,1417.0,21.3
22499,49984,Rogue,Subtlety,Deathstalker,DPS,EU,The Blinding Vale,11,1,1411.3,190147,1,293.0,2026-08-20,0,-1,1417.0,21.3
22499,49980,Druid,Guardian,Elune's Chosen,Tank,EU,The Blinding Vale,11,1,1411.3,105586,0,298.0,2026-08-20,0,-1,1417.0,21.3
22499,49981,Priest,Holy,Oracle,Healer,EU,The Blinding Vale,11,1,1411.3,25003,0,301.0,2026-08-20,0,-1,1417.0,21.3
22501,7492,Mage,Arcane,Sunfury,DPS,US,Temple of Sethraliss,12,1,1670.2,178150,0,302.0,2026-08-19,0,-1,1710.0,10.9
22501,3761,Druid,Balance,Elune's Chosen,DPS,US,Temple of Sethraliss,12,1,1670.2,197056,1,296.0,2026-08-19,0,-1,1710.0,10.9
22501,7825,DemonHunter,Devourer,Annihilator,DPS,US,Temple of Sethraliss,12,1,1670.2,201455,1,300.0,2026-08-19,0,-1,1710.0,10.9
22501,8936,DemonHunter,Vengeance,Aldrachi Reaver,Tank,US,Temple of Sethraliss,12,1,1670.2,94210,0,293.0,2026-08-19,0,-1,1710.0,10.9
22501,20906,Paladin,Holy,Lightsmith,Healer,US,Temple of Sethraliss,12,1,1670.2,20626,1,295.0,2026-08-19,0,-1,1710.0,10.9
22504,49996,Druid,Restoration,Wildstalker,Healer,US,Temple of Sethraliss,12,0,1810.0,9849,1,292.0,2026-08-20,0,-1,1921.0,-0.1
22504,4631,DemonHunter,Havoc,Aldrachi Reaver,DPS,US,Temple of Sethraliss,12,0,1810.0,180669,3,300.0,2026-08-20,0,-1,1921.0,-0.1
22504,41828,Priest,Shadow,Voidweaver,DPS,US,Temple of Sethraliss,12,0,1810.0,210983,1,307.0,2026-08-20,0,-1,1921.0,-0.1
22504,49995,Paladin,Protection,Lightsmith,Tank,US,Temple of Sethraliss,12,0,1810.0,105427,1,295.0,2026-08-20,0,-1,1921.0,-0.1
22504,41829,Warrior,Arms,Slayer,DPS,US,Temple of Sethraliss,12,0,1810.0,144528,2,296.0,2026-08-20,0,-1,1921.0,-0.1
22509,50012,Paladin,Holy,Herald of the Sun,Healer,CN,Den of Nalorakk,12,0,1881.5,24510,0,294.0,2026-08-20,0,-1,1948.0,-1.4
22509,50014,DemonHunter,Devourer,Annihilator,DPS,CN,Den of Nalorakk,12,0,1881.5,162347,2,296.0,2026-08-20,0,-1,1948.0,-1.4
22509,50011,Druid,Guardian,Elune's Chosen,Tank,CN,Den of Nalorakk,12,0,1881.5,80373,0,294.0,2026-08-20,0,-1,1948.0,-1.4
22509,50013,Mage,Arcane,Sunfury,DPS,CN,Den of Nalorakk,12,0,1881.5,133820,1,291.0,2026-08-20,0,-1,1948.0,-1.4
22509,50015,Warrior,Arms,Slayer,DPS,CN,Den of Nalorakk,12,0,1881.5,167990,2,291.0,2026-08-20,0,-1,1948.0,-1.4
22511,4394,Druid,Feral,Druid of the Claw,DPS,US,Altar of Fangs,13,1,1553.6,264333,1,300.0,2026-08-19,0,-1,1605.0,10.8
22511,9824,Rogue,Outlaw,Trickster,DPS,US,Altar of Fangs,13,1,1553.6,236122,0,297.0,2026-08-19,0,-1,1605.0,10.8
22511,8410,Warrior,Arms,Slayer,DPS,US,Altar of Fangs,13,1,1553.6,205245,3,299.0,2026-08-19,0,-1,1605.0,10.8
22511,8409,Shaman,Restoration,Totemic,Healer,US,Altar of Fangs,13,1,1553.6,31761,0,296.0,2026-08-19,0,-1,1605.0,10.8
22511,8408,Paladin,Protection,Lightsmith,Tank,US,Altar of Fangs,13,1,1553.6,130999,0,300.0,2026-08-19,0,-1,1605.0,10.8
22513,43708,Druid,Balance,Elune's Chosen,DPS,US,Ruby Life Pools,10,1,1133.4,219670,0,297.0,2026-08-19,0,-1,1125.0,33.0
22513,50018,Rogue,Subtlety,Deathstalker,DPS,US,Ruby Life Pools,10,1,1133.4,157742,0,283.0,2026-08-19,0,-1,1125.0,33.0
22513,8718,Shaman,Restoration,Totemic,Healer,US,Ruby Life Pools,10,1,1133.4,33292,0,296.0,2026-08-19,0,-1,1125.0,33.0
22513,43707,DeathKnight,Blood,San'layn,Tank,US,Ruby Life Pools,10,1,1133.4,154313,0,300.0,2026-08-19,0,-1,1125.0,33.0
22513,8720,Mage,Arcane,Sunfury,DPS,US,Ruby Life Pools,10,1,1133.4,243253,0,303.0,2026-08-19,0,-1,1125.0,33.0
22522,44946,Evoker,Preservation,Flameshaper,Healer,EU,Den of Nalorakk,2,1,953.5,23767,0,293.0,2026-08-19,0,-1,945.0,50.8
22522,44949,Mage,Arcane,Sunfury,DPS,EU,Den of Nalorakk,2,1,953.5,88091,0,286.0,2026-08-19,0,-1,945.0,50.8
22522,44948,Priest,Shadow,Archon,DPS,EU,Den of Nalorakk,2,1,953.5,88131,0,301.0,2026-08-19,0,-1,945.0,50.8
22522,44945,Monk,Brewmaster,Master of Harmony,Tank,EU,Den of Nalorakk,2,1,953.5,66994,0,295.0,2026-08-19,0,-1,945.0,50.8
22522,44947,Warrior,Arms,Slayer,DPS,EU,Den of Nalorakk,2,1,953.5,107784,0,301.0,2026-08-19,0,-1,945.0,50.8
22523,38441,Mage,Arcane,Sunfury,DPS,EU,Murder Row,12,0,1841.7,217446,3,304.0,2026-08-19,0,-1,2088.0,-2.4
22523,40841,Shaman,Elemental,Farseer,DPS,EU,Murder Row,12,0,1841.7,169054,5,302.0,2026-08-19,0,-1,2088.0,-2.4
22523,15479,Druid,Balance,Elune's Chosen,DPS,EU,Murder Row,12,0,1841.7,197731,3,300.0,2026-08-19,0,-1,2088.0,-2.4
22523,50030,DeathKnight,Blood,San'layn,Tank,EU,Murder Row,12,0,1841.7,90514,2,302.0,2026-08-19,0,-1,2088.0,-2.4
22523,19912,Evoker,Preservation,Flameshaper,Healer,EU,Murder Row,12,0,1841.7,27717,4,297.0,2026-08-19,0,-1,2088.0,-2.4
22527,50043,Warrior,Arms,Slayer,DPS,EU,Murder Row,11,1,1590.5,177823,2,301.0,2026-08-20,0,-1,1592.0,22.0
22527,50040,Paladin,Protection,Lightsmith,Tank,EU,Murder Row,11,1,1590.5,92804,0,289.0,2026-08-20,0,-1,1592.0,22.0
22527,50041,Shaman,Restoration,Totemic,Healer,EU,Murder Row,11,1,1590.5,23468,0,296.0,2026-08-20,0,-1,1592.0,22.0
22527,50042,Warlock,Demonology,Diabolist,DPS,EU,Murder Row,11,1,1590.5,203161,0,294.0,2026-08-20,0,-1,1592.0,22.0
22527,48549,Mage,Arcane,Sunfury,DPS,EU,Murder Row,11,1,1590.5,178298,0,300.0,2026-08-20,0,-1,1592.0,22.0
22530,50046,Rogue,Subtlety,Deathstalker,DPS,US,Kings' Rest,11,1,1541.5,102816,2,290.0,2026-08-20,0,-1,1553.0,21.6
22530,7121,Warrior,Arms,Slayer,DPS,US,Kings' Rest,11,1,1541.5,134724,1,299.0,2026-08-20,0,-1,1553.0,21.6
22530,7272,Paladin,Holy,Herald of the Sun,Healer,US,Kings' Rest,11,1,1541.5,15588,0,299.0,2026-08-20,0,-1,1553.0,21.6
22530,5479,Mage,Arcane,Sunfury,DPS,US,Kings' Rest,11,1,1541.5,166750,1,299.0,2026-08-20,0,-1,1553.0,21.6
22530,7118,DeathKnight,Blood,San'layn,Tank,US,Kings' Rest,11,1,1541.5,96738,0,299.0,2026-08-20,0,-1,1553.0,21.6
22533,153,Mage,Arcane,Sunfury,DPS,US,Murder Row,11,1,1242.6,196381,0,301.0,2026-08-19,0,-1,1411.0,30.8
22533,19888,Rogue,Subtlety,Deathstalker,DPS,US,Murder Row,11,1,1242.6,221626,0,299.0,2026-08-19,0,-1,1411.0,30.8
22533,12504,Warrior,Arms,Slayer,DPS,US,Murder Row,11,1,1242.6,204716,0,298.0,2026-08-19,0,-1,1411.0,30.8
22533,9183,Shaman,Restoration,Totemic,Healer,US,Murder Row,11,1,1242.6,18923,0,296.0,2026-08-19,0,-1,1411.0,30.8
22533,24837,Paladin,Protection,Templar,Tank,US,Murder Row,11,1,1242.6,94425,0,299.0,2026-08-19,0,-1,1411.0,30.8
22537,7070,Paladin,Holy,Herald of the Sun,Healer,US,Ruby Life Pools,11,1,1068.5,25131,0,302.0,2026-08-19,0,-1,1060.0,36.9
22537,47223,DemonHunter,Havoc,Fel-Scarred,DPS,US,Ruby Life Pools,11,1,1068.5,227889,0,300.0,2026-08-19,0,-1,1060.0,36.9
22537,7073,Rogue,Subtlety,Deathstalker,DPS,US,Ruby Life Pools,11,1,1068.5,289998,0,304.0,2026-08-19,0,-1,1060.0,36.9
22537,7069,Druid,Guardian,Elune's Chosen,Tank,US,Ruby Life Pools,11,1,1068.5,122327,0,302.0,2026-08-19,0,-1,1060.0,36.9
22537,9762,Mage,Arcane,Sunfury,DPS,US,Ruby Life Pools,11,1,1068.5,249569,0,298.0,2026-08-19,0,-1,1060.0,36.9
22543,2850,Hunter,BeastMastery,Pack Leader,DPS,US,Den of Nalorakk,10,1,1349.7,161092,0,299.0,2026-08-19,0,-1,1346.0,29.9
22543,3400,DeathKnight,Blood,San'layn,Tank,US,Den of Nalorakk,10,1,1349.7,110411,0,307.0,2026-08-19,0,-1,1346.0,29.9
22543,50064,Priest,Shadow,Archon,DPS,US,Den of Nalorakk,10,1,1349.7,170499,0,298.0,2026-08-19,0,-1,1346.0,29.9
22543,50065,Warrior,Arms,Slayer,DPS,US,Den of Nalorakk,10,1,1349.7,163432,0,300.0,2026-08-19,0,-1,1346.0,29.9
22543,46727,Shaman,Restoration,Totemic,Healer,US,Den of Nalorakk,10,1,1349.7,17592,1,277.0,2026-08-19,0,-1,1346.0,29.9
22547,50076,Hunter,BeastMastery,Pack Leader,DPS,EU,Altar of Fangs,10,1,1197.9,242132,0,301.0,2026-08-19,0,-1,1189.0,33.9
22547,50075,DeathKnight,Frost,Deathbringer,DPS,EU,Altar of Fangs,10,1,1197.9,163267,0,285.0,2026-08-19,0,-1,1189.0,33.9
22547,50073,Paladin,Holy,Herald of the Sun,Healer,EU,Altar of Fangs,10,1,1197.9,52700,0,299.0,2026-08-19,0,-1,1189.0,33.9
22547,50074,Warrior,Arms,Slayer,DPS,EU,Altar of Fangs,10,1,1197.9,230521,0,294.0,2026-08-19,0,-1,1189.0,33.9
22547,50072,DemonHunter,Vengeance,Annihilator,Tank,EU,Altar of Fangs,10,1,1197.9,204072,0,305.0,2026-08-19,0,-1,1189.0,33.9
22552,44021,Mage,Arcane,Sunfury,DPS,US,Kings' Rest,11,1,1536.0,156506,1,295.0,2026-08-19,0,-1,1543.0,22.1
22552,44018,Paladin,Protection,Lightsmith,Tank,US,Kings' Rest,11,1,1536.0,90576,1,293.0,2026-08-19,0,-1,1543.0,22.1
22552,44020,Warlock,Destruction,Diabolist,DPS,US,Kings' Rest,11,1,1536.0,126150,1,297.0,2026-08-19,0,-1,1543.0,22.1
22552,44022,Priest,Shadow,Archon,DPS,US,Kings' Rest,11,1,1536.0,143430,0,294.0,2026-08-19,0,-1,1543.0,22.1
22552,44019,Paladin,Holy,Herald of the Sun,Healer,US,Kings' Rest,11,1,1536.0,21192,0,297.0,2026-08-19,0,-1,1543.0,22.1
22556,4058,Monk,Brewmaster,Shado-Pan,Tank,US,Voidscar Arena,12,1,1657.8,91544,2,295.0,2026-08-20,0,-1,1800.0,0.0
22556,2187,Shaman,Restoration,Totemic,Healer,US,Voidscar Arena,12,1,1657.8,27914,2,299.0,2026-08-20,0,-1,1800.0,0.0
22556,37399,Shaman,Elemental,Farseer,DPS,US,Voidscar Arena,12,1,1657.8,178869,2,304.0,2026-08-20,0,-1,1800.0,0.0
22556,2189,Evoker,Devastation,Scalecommander,DPS,US,Voidscar Arena,12,1,1657.8,175854,2,297.0,2026-08-20,0,-1,1800.0,0.0
22556,2190,Priest,Shadow,Voidweaver,DPS,US,Voidscar Arena,12,1,1657.8,163354,2,295.0,2026-08-20,0,-1,1800.0,0.0
22558,50093,Druid,Guardian,Druid of the Claw,Tank,US,Ruby Life Pools,2,1,888.8,51119,1,296.0,2026-08-20,0,-1,881.0,47.6
22558,50097,Warrior,Fury,Slayer,DPS,US,Ruby Life Pools,2,1,888.8,122740,0,295.0,2026-08-20,0,-1,881.0,47.6
22558,50094,Priest,Discipline,Oracle,Healer,US,Ruby Life Pools,2,1,888.8,18987,0,295.0,2026-08-20,0,-1,881.0,47.6
22558,50096,DeathKnight,Frost,Deathbringer,DPS,US,Ruby Life Pools,2,1,888.8,130919,1,295.0,2026-08-20,0,-1,881.0,47.6
22558,50095,Mage,Arcane,Sunfury,DPS,US,Ruby Life Pools,2,1,888.8,102939,1,292.0,2026-08-20,0,-1,881.0,47.6
22559,46348,Hunter,BeastMastery,Pack Leader,DPS,EU,Ruby Life Pools,11,1,1328.0,171706,2,295.0,2026-08-19,0,-1,1330.0,20.8
22559,37526,Paladin,Retribution,Herald of the Sun,DPS,EU,Ruby Life Pools,11,1,1328.0,220036,0,295.0,2026-08-19,0,-1,1330.0,20.8
22559,46105,Priest,Shadow,Voidweaver,DPS,EU,Ruby Life Pools,11,1,1328.0,186753,0,294.0,2026-08-19,0,-1,1330.0,20.8
22559,46106,Paladin,Holy,Herald of the Sun,Healer,EU,Ruby Life Pools,11,1,1328.0,24224,0,295.0,2026-08-19,0,-1,1330.0,20.8
22559,46347,Paladin,Protection,Templar,Tank,EU,Ruby Life Pools,11,1,1328.0,112158,0,294.0,2026-08-19,0,-1,1330.0,20.8
22562,43821,Mage,Arcane,Sunfury,DPS,EU,Ruby Life Pools,12,1,1290.0,214719,1,303.0,2026-08-19,0,-1,1402.0,16.6
22562,43822,Druid,Balance,Elune's Chosen,DPS,EU,Ruby Life Pools,12,1,1290.0,202495,2,299.0,2026-08-19,0,-1,1402.0,16.6
22562,50103,Shaman,Enhancement,Stormbringer,DPS,EU,Ruby Life Pools,12,1,1290.0,200131,2,293.0,2026-08-19,0,-1,1402.0,16.6
22562,43818,DeathKnight,Blood,San'layn,Tank,EU,Ruby Life Pools,12,1,1290.0,148009,2,301.0,2026-08-19,0,-1,1402.0,16.6
22562,43858,Priest,Holy,Oracle,Healer,EU,Ruby Life Pools,12,1,1290.0,35524,0,296.0,2026-08-19,0,-1,1402.0,16.6
22573,3328,Paladin,Holy,Herald of the Sun,Healer,US,The Blinding Vale,12,1,1728.8,22160,1,293.0,2026-08-19,0,-1,1765.0,1.9
22573,5306,DeathKnight,Blood,Deathbringer,Tank,US,The Blinding Vale,12,1,1728.8,101761,0,297.0,2026-08-19,0,-1,1765.0,1.9
22573,9362,Shaman,Elemental,Farseer,DPS,US,The Blinding Vale,12,1,1728.8,223506,1,293.0,2026-08-19,0,-1,1765.0,1.9
22573,37445,DeathKnight,Frost,Deathbringer,DPS,US,The Blinding Vale,12,1,1728.8,160625,1,294.0,2026-08-19,0,-1,1765.0,1.9
22573,37448,Warlock,Demonology,Diabolist,DPS,US,The Blinding Vale,12,1,1728.8,179370,0,295.0,2026-08-19,0,-1,1765.0,1.9
22575,50122,Paladin,Protection,Templar,Tank,US,Ruby Life Pools,5,1,979.9,64814,0,292.0,2026-08-19,0,-1,971.0,42.2
22575,50124,Warrior,Arms,Slayer,DPS,US,Ruby Life Pools,5,1,979.9,200267,1,292.0,2026-08-19,0,-1,971.0,42.2
22575,47238,Druid,Restoration,Wildstalker,Healer,US,Ruby Life Pools,5,1,979.9,2159,0,294.0,2026-08-19,0,-1,971.0,42.2
22575,50123,Monk,Windwalker,Shado-Pan,DPS,US,Ruby Life Pools,5,1,979.9,115682,0,293.0,2026-08-19,0,-1,971.0,42.2
22575,46629,Mage,Frost,Frostfire,DPS,US,Ruby Life Pools,5,1,979.9,119015,0,293.0,2026-08-19,0,-1,971.0,42.2
22577,50132,Hunter,BeastMastery,Pack Leader,DPS,EU,Voidscar Arena,7,1,1087.8,175373,0,294.0,2026-08-19,0,-1,1085.0,39.7
22577,50131,Mage,Arcane,Sunfury,DPS,EU,Voidscar Arena,7,1,1087.8,179810,0,292.0,2026-08-19,0,-1,1085.0,39.7
22577,50133,Druid,Balance,Elune's Chosen,DPS,EU,Voidscar Arena,7,1,1087.8,139754,0,291.0,2026-08-19,0,-1,1085.0,39.7
22577,50130,Shaman,Restoration,Farseer,Healer,EU,Voidscar Arena,7,1,1087.8,22893,1,292.0,2026-08-19,0,-1,1085.0,39.7
22577,37837,Warrior,Protection,Mountain Thane,Tank,EU,Voidscar Arena,7,1,1087.8,102948,0,292.0,2026-08-19,0,-1,1085.0,39.7
22581,3310,Mage,Arcane,Sunfury,DPS,US,Murder Row,10,1,1307.1,198472,0,300.0,2026-08-19,0,-1,1298.0,36.3
22581,50138,Warrior,Arms,Slayer,DPS,US,Murder Row,10,1,1307.1,175964,0,286.0,2026-08-19,0,-1,1298.0,36.3
22581,50137,Shaman,Restoration,Totemic,Healer,US,Murder Row,10,1,1307.1,39124,0,297.0,2026-08-19,0,-1,1298.0,36.3
22581,50136,DeathKnight,Blood,San'layn,Tank,US,Murder Row,10,1,1307.1,115397,0,300.0,2026-08-19,0,-1,1298.0,36.3
22581,50139,Priest,Shadow,Archon,DPS,US,Murder Row,10,1,1307.1,169275,0,297.0,2026-08-19,0,-1,1298.0,36.3
22582,50140,Warrior,Protection,Mountain Thane,Tank,EU,The Blinding Vale,5,1,1004.2,81786,0,290.0,2026-08-19,0,-1,995.0,44.7
22582,50143,Priest,Shadow,Archon,DPS,EU,The Blinding Vale,5,1,1004.2,150322,0,292.0,2026-08-19,0,-1,995.0,44.7
22582,50141,Priest,Holy,Oracle,Healer,EU,The Blinding Vale,5,1,1004.2,12720,0,291.0,2026-08-19,0,-1,995.0,44.7
22582,50142,Paladin,Retribution,Templar,DPS,EU,The Blinding Vale,5,1,1004.2,171287,0,299.0,2026-08-19,0,-1,995.0,44.7
22582,50144,Rogue,Assassination,Deathstalker,DPS,EU,The Blinding Vale,5,1,1004.2,153743,0,285.0,2026-08-19,0,-1,995.0,44.7
22584,50151,Mage,Arcane,Sunfury,DPS,US,Murder Row,9,1,1296.3,180607,0,297.0,2026-08-19,0,-1,1293.0,36.6
22584,50149,DemonHunter,Vengeance,Annihilator,Tank,US,Murder Row,9,1,1296.3,93199,0,298.0,2026-08-19,0,-1,1293.0,36.6
22584,41052,Warlock,Demonology,Diabolist,DPS,US,Murder Row,9,1,1296.3,163449,0,296.0,2026-08-19,0,-1,1293.0,36.6
22584,50150,Evoker,Preservation,Flameshaper,Healer,US,Murder Row,9,1,1296.3,26789,1,298.0,2026-08-19,0,-1,1293.0,36.6
22584,45784,Warrior,Arms,Slayer,DPS,US,Murder Row,9,1,1296.3,161181,0,304.0,2026-08-19,0,-1,1293.0,36.6
22588,6272,Paladin,Retribution,Templar,DPS,US,Murder Row,13,1,1760.2,189591,0,305.0,2026-08-20,0,-1,1752.0,14.1
22588,44069,DeathKnight,Blood,San'layn,Tank,US,Murder Row,13,1,1760.2,128834,0,308.0,2026-08-20,0,-1,1752.0,14.1
22588,50159,Shaman,Restoration,Totemic,Healer,US,Murder Row,13,1,1760.2,28046,0,305.0,2026-08-20,0,-1,1752.0,14.1
22588,24797,DeathKnight,Unholy,San'layn,DPS,US,Murder Row,13,1,1760.2,195200,0,300.0,2026-08-20,0,-1,1752.0,14.1
22588,10792,Hunter,BeastMastery,Pack Leader,DPS,US,Murder Row,13,1,1760.2,214719,0,304.0,2026-08-20,0,-1,1752.0,14.1
22597,19668,Monk,Mistweaver,Conduit of the Celestials,Healer,US,Ruby Life Pools,11,1,1099.7,45914,0,302.0,2026-08-19,0,-1,1101.0,34.5
22597,9611,Warrior,Arms,Slayer,DPS,US,Ruby Life Pools,11,1,1099.7,224789,0,303.0,2026-08-19,0,-1,1101.0,34.5
22597,43771,Warlock,Demonology,Diabolist,DPS,US,Ruby Life Pools,11,1,1099.7,181126,1,296.0,2026-08-19,0,-1,1101.0,34.5
22597,9609,DeathKnight,Blood,San'layn,Tank,US,Ruby Life Pools,11,1,1099.7,132569,0,297.0,2026-08-19,0,-1,1101.0,34.5
22597,19548,Mage,Arcane,Sunfury,DPS,US,Ruby Life Pools,11,1,1099.7,224164,1,302.0,2026-08-19,0,-1,1101.0,34.5
22601,50183,Warrior,Arms,Slayer,DPS,US,Murder Row,11,1,1305.3,194276,0,300.0,2026-08-20,0,-1,1297.0,36.4
22601,8987,Shaman,Elemental,Farseer,DPS,US,Murder Row,11,1,1305.3,219823,0,298.0,2026-08-20,0,-1,1297.0,36.4
22601,7725,Rogue,Subtlety,Deathstalker,DPS,US,Murder Row,11,1,1305.3,231823,0,295.0,2026-08-20,0,-1,1297.0,36.4
22601,3432,Warrior,Protection,Mountain Thane,Tank,US,Murder Row,11,1,1305.3,126439,0,300.0,2026-08-20,0,-1,1297.0,36.4
22601,11931,Shaman,Restoration,Totemic,Healer,US,Murder Row,11,1,1305.3,26503,0,298.0,2026-08-20,0,-1,1297.0,36.4
22604,50190,Paladin,Holy,Herald of the Sun,Healer,EU,Kings' Rest,12,1,1661.4,16986,0,304.0,2026-08-19,0,-1,1653.0,16.5
22604,50189,Warrior,Protection,Mountain Thane,Tank,EU,Kings' Rest,12,1,1661.4,87169,0,294.0,2026-08-19,0,-1,1653.0,16.5
22604,38783,Mage,Arcane,Sunfury,DPS,EU,Kings' Rest,12,1,1661.4,156408,0,302.0,2026-08-19,0,-1,1653.0,16.5
22604,23680,DeathKnight,Unholy,Rider of the Apocalypse,DPS,EU,Kings' Rest,12,1,1661.4,149052,0,303.0,2026-08-19,0,-1,1653.0,16.5
22604,23681,Priest,Shadow,Archon,DPS,EU,Kings' Rest,12,1,1661.4,135053,0,302.0,2026-08-19,0,-1,1653.0,16.5
22608,50193,DeathKnight,Blood,San'layn,Tank,EU,Voidscar Arena,11,1,1443.5,87516,1,287.0,2026-08-19,0,-1,1450.0,19.4
22608,46058,Druid,Balance,Elune's Chosen,DPS,EU,Voidscar Arena,11,1,1443.5,185547,2,296.0,2026-08-19,0,-1,1450.0,19.4
22608,41461,DemonHunter,Devourer,Void-Scarred,DPS,EU,Voidscar Arena,11,1,1443.5,220840,0,301.0,2026-08-19,0,-1,1450.0,19.4
22608,22218,Mage,Arcane,Sunfury,DPS,EU,Voidscar Arena,11,1,1443.5,161922,0,291.0,2026-08-19,0,-1,1450.0,19.4
22608,22217,Paladin,Holy,Herald of the Sun,Healer,EU,Voidscar Arena,11,1,1443.5,24572,0,296.0,2026-08-19,0,-1,1450.0,19.4
22615,43877,Evoker,Devastation,Scalecommander,DPS,EU,Den of Nalorakk,12,1,1656.5,160593,3,298.0,2026-08-19,0,-1,1768.0,7.9
22615,24955,Monk,Mistweaver,Conduit of the Celestials,Healer,EU,Den of Nalorakk,12,1,1656.5,33462,1,291.0,2026-08-19,0,-1,1768.0,7.9
22615,29999,Evoker,Augmentation,Scalecommander,DPS,EU,Den of Nalorakk,12,1,1656.5,139649,2,295.0,2026-08-19,0,-1,1768.0,7.9
22615,29996,DeathKnight,Blood,Deathbringer,Tank,EU,Den of Nalorakk,12,1,1656.5,91828,1,295.0,2026-08-19,0,-1,1768.0,7.9
22615,23837,Warrior,Arms,Slayer,DPS,EU,Den of Nalorakk,12,1,1656.5,162503,1,292.0,2026-08-19,0,-1,1768.0,7.9
22617,7069,Druid,Guardian,Elune's Chosen,Tank,US,Murder Row,10,1,1192.4,84844,0,302.0,2026-08-19,0,-1,1199.0,41.2
22617,7073,Rogue,Subtlety,Trickster,DPS,US,Murder Row,10,1,1192.4,245498,2,303.0,2026-08-19,0,-1,1199.0,41.2
22617,47223,DemonHunter,Havoc,Fel-Scarred,DPS,US,Murder Row,10,1,1192.4,181962,1,296.0,2026-08-19,0,-1,1199.0,41.2
22617,7070,Paladin,Holy,Herald of the Sun,Healer,US,Murder Row,10,1,1192.4,25270,0,301.0,2026-08-19,0,-1,1199.0,41.2
22617,9762,Mage,Arcane,Sunfury,DPS,US,Murder Row,10,1,1192.4,239556,0,296.0,2026-08-19,0,-1,1199.0,41.2
22621,48461,Paladin,Protection,Lightsmith,Tank,EU,Den of Nalorakk,5,1,963.9,63594,0,283.0,2026-08-19,0,-1,955.0,50.3
22621,48464,Mage,Arcane,Sunfury,DPS,EU,Den of Nalorakk,5,1,963.9,111331,0,290.0,2026-08-19,0,-1,955.0,50.3
22621,48465,DemonHunter,Havoc,Fel-Scarred,DPS,EU,Den of Nalorakk,5,1,963.9,173124,0,291.0,2026-08-19,0,-1,955.0,50.3
22621,50213,Paladin,Holy,Herald of the Sun,Healer,EU,Den of Nalorakk,5,1,963.9,14676,0,289.0,2026-08-19,0,-1,955.0,50.3
22621,50214,Hunter,Marksmanship,Sentinel,DPS,EU,Den of Nalorakk,5,1,963.9,142731,0,294.0,2026-08-19,0,-1,955.0,50.3
22626,44442,Warrior,Protection,Mountain Thane,Tank,EU,Murder Row,12,1,1838.4,101511,0,295.0,2026-08-19,0,-1,1875.0,8.1
22626,24131,Evoker,Devastation,Scalecommander,DPS,EU,Murder Row,12,1,1838.4,153382,2,303.0,2026-08-19,0,-1,1875.0,8.1
22626,50221,Priest,Discipline,Oracle,Healer,EU,Murder Row,12,1,1838.4,12805,0,296.0,2026-08-19,0,-1,1875.0,8.1
22626,18824,Mage,Arcane,Sunfury,DPS,EU,Murder Row,12,1,1838.4,187403,0,306.0,2026-08-19,0,-1,1875.0,8.1
22626,18822,Druid,Balance,Elune's Chosen,DPS,EU,Murder Row,12,1,1838.4,197109,1,299.0,2026-08-19,0,-1,1875.0,8.1
22632,49664,Priest,Discipline,Oracle,Healer,US,Temple of Sethraliss,2,1,1094.6,10522,0,292.0,2026-08-19,0,-1,1086.0,43.5
22632,50233,Warlock,Destruction,Diabolist,DPS,US,Temple of Sethraliss,2,1,1094.6,121493,0,296.0,2026-08-19,0,-1,1086.0,43.5
22632,42068,Paladin,Retribution,Templar,DPS,US,Temple of Sethraliss,2,1,1094.6,114319,0,292.0,2026-08-19,0,-1,1086.0,43.5
22632,42066,Paladin,Protection,Templar,Tank,US,Temple of Sethraliss,2,1,1094.6,25919,0,275.0,2026-08-19,0,-1,1086.0,43.5
22632,33711,DeathKnight,Unholy,Rider of the Apocalypse,DPS,US,Temple of Sethraliss,2,1,1094.6,116900,0,296.0,2026-08-19,0,-1,1086.0,43.5
22633,3601,DeathKnight,Blood,Deathbringer,Tank,US,Voidscar Arena,13,1,1463.5,104778,0,310.0,2026-08-20,0,-1,1470.0,18.3
22633,149,Rogue,Subtlety,Deathstalker,DPS,US,Voidscar Arena,13,1,1463.5,190895,0,305.0,2026-08-20,0,-1,1470.0,18.3
22633,3604,Shaman,Elemental,Farseer,DPS,US,Voidscar Arena,13,1,1463.5,185783,0,294.0,2026-08-20,0,-1,1470.0,18.3
22633,42119,DemonHunter,Devourer,Annihilator,DPS,US,Voidscar Arena,13,1,1463.5,171058,0,292.0,2026-08-20,0,-1,1470.0,18.3
22633,14133,Paladin,Holy,Herald of the Sun,Healer,US,Voidscar Arena,13,1,1463.5,40422,1,299.0,2026-08-20,0,-1,1470.0,18.3
22638,50241,DemonHunter,Devourer,Annihilator,DPS,US,Altar of Fangs,11,1,1440.1,195779,1,294.0,2026-08-20,0,-1,1456.0,19.1
22638,1492,Shaman,Elemental,Farseer,DPS,US,Altar of Fangs,11,1,1440.1,257419,1,302.0,2026-08-20,0,-1,1456.0,19.1
22638,10241,Paladin,Holy,Herald of the Sun,Healer,US,Altar of Fangs,11,1,1440.1,14176,3,290.0,2026-08-20,0,-1,1456.0,19.1
22638,8375,DeathKnight,Blood,San'layn,Tank,US,Altar of Fangs,11,1,1440.1,109336,0,302.0,2026-08-20,0,-1,1456.0,19.1
22638,1493,Warrior,Arms,Slayer,DPS,US,Altar of Fangs,11,1,1440.1,220199,0,304.0,2026-08-20,0,-1,1456.0,19.1
22641,50248,Warrior,Arms,Slayer,DPS,US,Murder Row,11,1,1447.2,202248,0,302.0,2026-08-19,0,-1,1439.0,29.5
22641,10904,Paladin,Protection,Lightsmith,Tank,US,Murder Row,11,1,1447.2,97452,0,306.0,2026-08-19,0,-1,1439.0,29.5
22641,10905,Shaman,Restoration,Totemic,Healer,US,Murder Row,11,1,1447.2,22644,0,301.0,2026-08-19,0,-1,1439.0,29.5
22641,3507,Mage,Arcane,Sunfury,DPS,US,Murder Row,11,1,1447.2,161653,0,300.0,2026-08-19,0,-1,1439.0,29.5
22641,18295,Rogue,Subtlety,Deathstalker,DPS,US,Murder Row,11,1,1447.2,220322,0,304.0,2026-08-19,0,-1,1439.0,29.5
22647,7407,Druid,Guardian,Elune's Chosen,Tank,US,Den of Nalorakk,11,1,1564.6,96320,0,299.0,2026-08-19,0,-1,1571.0,18.2
22647,795,Shaman,Restoration,Totemic,Healer,US,Den of Nalorakk,11,1,1564.6,20458,0,299.0,2026-08-19,0,-1,1571.0,18.2
22647,6840,DemonHunter,Devourer,Annihilator,DPS,US,Den of Nalorakk,11,1,1564.6,180239,0,299.0,2026-08-19,0,-1,1571.0,18.2
22647,50254,Warrior,Arms,Slayer,DPS,US,Den of Nalorakk,11,1,1564.6,157310,1,293.0,2026-08-19,0,-1,1571.0,18.2
22647,50253,Shaman,Elemental,Farseer,DPS,US,Den of Nalorakk,11,1,1564.6,136232,2,292.0,2026-08-19,0,-1,1571.0,18.2
22651,8149,Paladin,Protection,Lightsmith,Tank,US,The Blinding Vale,11,1,1432.7,114832,0,299.0,2026-08-19,0,-1,1424.0,20.9
22651,10080,Shaman,Elemental,Farseer,DPS,US,The Blinding Vale,11,1,1432.7,149620,0,302.0,2026-08-19,0,-1,1424.0,20.9
22651,11484,Rogue,Assassination,Fatebound,DPS,US,The Blinding Vale,11,1,1432.7,271282,0,301.0,2026-08-19,0,-1,1424.0,20.9
22651,46432,Priest,Shadow,Voidweaver,DPS,US,The Blinding Vale,11,1,1432.7,229110,0,298.0,2026-08-19,0,-1,1424.0,20.9
22651,46430,Priest,Holy,Oracle,Healer,US,The Blinding Vale,11,1,1432.7,24604,0,294.0,2026-08-19,0,-1,1424.0,20.9
22652,50266,Hunter,BeastMastery,Pack Leader,DPS,EU,Murder Row,12,1,1775.8,160661,1,294.0,2026-08-19,0,-1,1797.0,11.9
22652,13814,Paladin,Retribution,Herald of the Sun,DPS,EU,Murder Row,12,1,1775.8,193090,0,301.0,2026-08-19,0,-1,1797.0,11.9
22652,50264,DeathKnight,Blood,San'layn,Tank,EU,Murder Row,12,1,1775.8,110744,0,307.0,2026-08-19,0,-1,1797.0,11.9
22652,28315,Warrior,Arms,Slayer,DPS,EU,Murder Row,12,1,1775.8,170419,1,291.0,2026-08-19,0,-1,1797.0,11.9
22652,50265,Shaman,Restoration,Totemic,Healer,EU,Murder Row,12,1,1775.8,26067,0,301.0,2026-08-19,0,-1,1797.0,11.9
22660,50286,Paladin,Protection,Lightsmith,Tank,US,Ruby Life Pools,11,1,1228.2,104998,0,289.0,2026-08-20,0,-1,1225.0,27.1
22660,43211,Paladin,Holy,Herald of the Sun,Healer,US,Ruby Life Pools,11,1,1228.2,15344,0,305.0,2026-08-20,0,-1,1225.0,27.1
22660,50288,Shaman,Elemental,Farseer,DPS,US,Ruby Life Pools,11,1,1228.2,220758,0,302.0,2026-08-20,0,-1,1225.0,27.1
22660,15727,Shaman,Elemental,Farseer,DPS,US,Ruby Life Pools,11,1,1228.2,258573,0,296.0,2026-08-20,0,-1,1225.0,27.1
22660,50287,Warrior,Arms,Slayer,DPS,US,Ruby Life Pools,11,1,1228.2,201639,1,292.0,2026-08-20,0,-1,1225.0,27.1
22661,39241,Warrior,Arms,Slayer,DPS,EU,Kings' Rest,6,1,1177.2,106706,0,296.0,2026-08-19,0,-1,1168.0,41.0
22661,50292,Shaman,Elemental,Farseer,DPS,EU,Kings' Rest,6,1,1177.2,110591,0,296.0,2026-08-19,0,-1,1168.0,41.0
22661,50290,Paladin,Holy,Herald of the Sun,Healer,EU,Kings' Rest,6,1,1177.2,10918,0,293.0,2026-08-19,0,-1,1168.0,41.0
22661,50291,Druid,Balance,Elune's Chosen,DPS,EU,Kings' Rest,6,1,1177.2,105873,0,289.0,2026-08-19,0,-1,1168.0,41.0
22661,50289,DeathKnight,Blood,San'layn,Tank,EU,Kings' Rest,6,1,1177.2,65432,0,284.0,2026-08-19,0,-1,1168.0,41.0
22662,50295,Rogue,Assassination,Deathstalker,DPS,CN,The Blinding Vale,5,1,850.2,177832,0,288.0,2026-08-20,0,-1,842.0,53.2
22662,50294,Paladin,Holy,Lightsmith,Healer,CN,The Blinding Vale,5,1,850.2,28921,0,291.0,2026-08-20,0,-1,842.0,53.2
22662,50297,Warrior,Arms,Slayer,DPS,CN,The Blinding Vale,5,1,850.2,167987,1,291.0,2026-08-20,0,-1,842.0,53.2
22662,50293,Paladin,Protection,Lightsmith,Tank,CN,The Blinding Vale,5,1,850.2,97532,1,293.0,2026-08-20,0,-1,842.0,53.2
22662,50296,DemonHunter,Devourer,Annihilator,DPS,CN,The Blinding Vale,5,1,850.2,169486,0,294.0,2026-08-20,0,-1,842.0,53.2
22665,50301,Monk,Brewmaster,Shado-Pan,Tank,US,Ruby Life Pools,2,1,948.9,47252,0,282.0,2026-08-20,0,-1,940.0,44.0
22665,50305,Paladin,Retribution,Templar,DPS,US,Ruby Life Pools,2,1,948.9,124264,0,295.0,2026-08-20,0,-1,940.0,44.0
22665,50302,Evoker,Preservation,Flameshaper,Healer,US,Ruby Life Pools,2,1,948.9,32642,0,297.0,2026-08-20,0,-1,940.0,44.0
22665,50304,Mage,Arcane,Sunfury,DPS,US,Ruby Life Pools,2,1,948.9,98983,0,293.0,2026-08-20,0,-1,940.0,44.0
22665,50303,Warlock,Demonology,Diabolist,DPS,US,Ruby Life Pools,2,1,948.9,116050,0,293.0,2026-08-20,0,-1,940.0,44.0
22667,50308,Mage,Frost,Spellslinger,DPS,US,Ruby Life Pools,5,1,770.1,114722,0,277.0,2026-08-19,0,-1,761.0,54.7
22667,50307,Shaman,Restoration,Totemic,Healer,US,Ruby Life Pools,5,1,770.1,27435,0,290.0,2026-08-19,0,-1,761.0,54.7
22667,50306,DemonHunter,Vengeance,Annihilator,Tank,US,Ruby Life Pools,5,1,770.1,103582,0,292.0,2026-08-19,0,-1,761.0,54.7
22667,6295,Hunter,Marksmanship,Sentinel,DPS,US,Ruby Life Pools,5,1,770.1,184217,0,298.0,2026-08-19,0,-1,761.0,54.7
22667,40676,Warrior,Arms,Slayer,DPS,US,Ruby Life Pools,5,1,770.1,179956,0,302.0,2026-08-19,0,-1,761.0,54.7
22675,10252,Shaman,Restoration,Totemic,Healer,US,The Blinding Vale,10,1,1188.0,31614,0,294.0,2026-08-19,0,-1,1179.0,34.5
22675,6605,Paladin,Retribution,Herald of the Sun,DPS,US,The Blinding Vale,10,1,1188.0,217374,0,302.0,2026-08-19,0,-1,1179.0,34.5
22675,10253,Evoker,Devastation,Scalecommander,DPS,US,The Blinding Vale,10,1,1188.0,220039,0,303.0,2026-08-19,0,-1,1179.0,34.5
22675,6603,DeathKnight,Blood,San'layn,Tank,US,The Blinding Vale,10,1,1188.0,117285,0,298.0,2026-08-19,0,-1,1179.0,34.5
22675,15452,Hunter,Marksmanship,Sentinel,DPS,US,The Blinding Vale,10,1,1188.0,204556,0,297.0,2026-08-19,0,-1,1179.0,34.5
22676,41290,Warrior,Arms,Slayer,DPS,EU,Den of Nalorakk,4,1,1110.5,122434,2,288.0,2026-08-19,0,-1,1102.0,42.6
22676,50318,Monk,Windwalker,Shado-Pan,DPS,EU,Den of Nalorakk,4,1,1110.5,73396,2,282.0,2026-08-19,0,-1,1102.0,42.6
22676,38105,Hunter,BeastMastery,Pack Leader,DPS,EU,Den of Nalorakk,4,1,1110.5,96522,0,288.0,2026-08-19,0,-1,1102.0,42.6
22676,38103,Shaman,Restoration,Totemic,Healer,EU,Den of Nalorakk,4,1,1110.5,14795,1,292.0,2026-08-19,0,-1,1102.0,42.6
22676,38102,DemonHunter,Vengeance,Annihilator,Tank,EU,Den of Nalorakk,4,1,1110.5,64423,0,294.0,2026-08-19,0,-1,1102.0,42.6
22677,21202,Monk,Mistweaver,Conduit of the Celestials,Healer,EU,Voidscar Arena,11,1,1251.5,40830,0,296.0,2026-08-19,0,-1,1253.0,30.4
22677,25002,Warrior,Arms,Slayer,DPS,EU,Voidscar Arena,11,1,1251.5,202504,0,295.0,2026-08-19,0,-1,1253.0,30.4
22677,21204,Hunter,BeastMastery,Pack Leader,DPS,EU,Voidscar Arena,11,1,1251.5,174116,1,295.0,2026-08-19,0,-1,1253.0,30.4
22677,22747,Rogue,Subtlety,Deathstalker,DPS,EU,Voidscar Arena,11,1,1251.5,211250,1,295.0,2026-08-19,0,-1,1253.0,30.4
22677,21201,DeathKnight,Blood,San'layn,Tank,EU,Voidscar Arena,11,1,1251.5,113129,0,296.0,2026-08-19,0,-1,1253.0,30.4
22681,20254,DemonHunter,Devourer,Void-Scarred,DPS,EU,Voidscar Arena,11,1,1293.4,217855,0,306.0,2026-08-19,0,-1,1290.0,28.3
22681,45107,Druid,Balance,Elune's Chosen,DPS,EU,Voidscar Arena,11,1,1293.4,177744,1,298.0,2026-08-19,0,-1,1290.0,28.3
22681,50325,Mage,Arcane,Sunfury,DPS,EU,Voidscar Arena,11,1,1293.4,217083,0,298.0,2026-08-19,0,-1,1290.0,28.3
22681,50324,DemonHunter,Vengeance,Annihilator,Tank,EU,Voidscar Arena,11,1,1293.4,111970,0,292.0,2026-08-19,0,-1,1290.0,28.3
22681,24849,Paladin,Holy,Herald of the Sun,Healer,EU,Voidscar Arena,11,1,1293.4,19401,0,300.0,2026-08-19,0,-1,1290.0,28.3
22686,2604,Mage,Arcane,Sunfury,DPS,US,Voidscar Arena,12,1,1513.8,178287,0,298.0,2026-08-19,0,-1,1520.0,15.5
22686,50337,Warrior,Arms,Slayer,DPS,US,Voidscar Arena,12,1,1513.8,159642,0,299.0,2026-08-19,0,-1,1520.0,15.5
22686,38757,Warlock,Demonology,Diabolist,DPS,US,Voidscar Arena,12,1,1513.8,192460,0,298.0,2026-08-19,0,-1,1520.0,15.5
22686,9436,Shaman,Restoration,Totemic,Healer,US,Voidscar Arena,12,1,1513.8,21706,1,296.0,2026-08-19,0,-1,1520.0,15.5
22686,50336,Paladin,Protection,Lightsmith,Tank,US,Voidscar Arena,12,1,1513.8,90762,0,296.0,2026-08-19,0,-1,1520.0,15.5
22689,50344,Hunter,Marksmanship,Sentinel,DPS,US,Voidscar Arena,12,1,1616.8,141287,0,295.0,2026-08-20,0,-1,1608.0,10.7
22689,50345,Priest,Shadow,Voidweaver,DPS,US,Voidscar Arena,12,1,1616.8,153122,0,290.0,2026-08-20,0,-1,1608.0,10.7
22689,50343,Paladin,Holy,Herald of the Sun,Healer,US,Voidscar Arena,12,1,1616.8,32130,0,306.0,2026-08-20,0,-1,1608.0,10.7
22689,9100,Warrior,Protection,Mountain Thane,Tank,US,Voidscar Arena,12,1,1616.8,107069,0,302.0,2026-08-20,0,-1,1608.0,10.7
22689,9016,Shaman,Elemental,Farseer,DPS,US,Voidscar Arena,12,1,1616.8,210718,0,301.0,2026-08-20,0,-1,1608.0,10.7
22691,11931,Shaman,Restoration,Totemic,Healer,US,Murder Row,10,1,1218.7,19966,0,292.0,2026-08-19,0,-1,1215.0,40.4
22691,7725,Rogue,Subtlety,Deathstalker,DPS,US,Murder Row,10,1,1218.7,206872,1,293.0,2026-08-19,0,-1,1215.0,40.4
22691,3432,Warrior,Protection,Mountain Thane,Tank,US,Murder Row,10,1,1218.7,128622,0,300.0,2026-08-19,0,-1,1215.0,40.4
22691,8987,Shaman,Elemental,Farseer,DPS,US,Murder Row,10,1,1218.7,207996,0,298.0,2026-08-19,0,-1,1215.0,40.4
22691,2744,Priest,Shadow,Archon,DPS,US,Murder Row,10,1,1218.7,204879,0,300.0,2026-08-19,0,-1,1215.0,40.4
22694,14510,Paladin,Holy,Herald of the Sun,Healer,US,Ruby Life Pools,10,1,954.8,47725,0,297.0,2026-08-19,0,-1,947.0,43.6
22694,3758,Shaman,Elemental,Farseer,DPS,US,Ruby Life Pools,10,1,954.8,226737,0,292.0,2026-08-19,0,-1,947.0,43.6
22694,12742,Warrior,Arms,Slayer,DPS,US,Ruby Life Pools,10,1,954.8,287435,0,308.0,2026-08-19,0,-1,947.0,43.6
22694,10418,Hunter,BeastMastery,Pack Leader,DPS,US,Ruby Life Pools,10,1,954.8,213692,0,305.0,2026-08-19,0,-1,947.0,43.6
22694,11097,DeathKnight,Blood,San'layn,Tank,US,Ruby Life Pools,10,1,954.8,196756,0,303.0,2026-08-19,0,-1,947.0,43.6
22696,49500,Monk,Mistweaver,Conduit of the Celestials,Healer,US,Voidscar Arena,11,1,1280.5,43796,0,295.0,2026-08-20,0,-1,1277.0,29.1
22696,19370,Mage,Arcane,Sunfury,DPS,US,Voidscar Arena,11,1,1280.5,208525,0,303.0,2026-08-20,0,-1,1277.0,29.1
22696,19368,Warrior,Arms,Slayer,DPS,US,Voidscar Arena,11,1,1280.5,205032,1,309.0,2026-08-20,0,-1,1277.0,29.1
22696,19367,Paladin,Protection,Lightsmith,Tank,US,Voidscar Arena,11,1,1280.5,103611,0,297.0,2026-08-20,0,-1,1277.0,29.1
22696,31365,Warlock,Affliction,Soul Harvester,DPS,US,Voidscar Arena,11,1,1280.5,178632,0,306.0,2026-08-20,0,-1,1277.0,29.1
22699,39772,DemonHunter,Vengeance,Annihilator,Tank,EU,Ruby Life Pools,12,0,1597.8,68674,1,293.0,2026-08-19,0,-1,1694.0,-0.8
22699,50363,Shaman,Restoration,Totemic,Healer,EU,Ruby Life Pools,12,0,1597.8,23591,1,294.0,2026-08-19,0,-1,1694.0,-0.8
22699,50364,Paladin,Retribution,Templar,DPS,EU,Ruby Life Pools,12,0,1597.8,161866,1,302.0,2026-08-19,0,-1,1694.0,-0.8
22699,50365,Warlock,Destruction,Diabolist,DPS,EU,Ruby Life Pools,12,0,1597.8,171938,0,296.0,2026-08-19,0,-1,1694.0,-0.8
22699,20689,DemonHunter,Devourer,Void-Scarred,DPS,EU,Ruby Life Pools,12,0,1597.8,157063,4,299.0,2026-08-19,0,-1,1694.0,-0.8
22700,6002,DeathKnight,Blood,Deathbringer,Tank,US,Altar of Fangs,11,1,1418.5,116916,0,297.0,2026-08-19,0,-1,1426.0,20.8
22700,43919,Warrior,Arms,Slayer,DPS,US,Altar of Fangs,11,1,1418.5,220638,2,295.0,2026-08-19,0,-1,1426.0,20.8
22700,6005,DemonHunter,Devourer,Void-Scarred,DPS,US,Altar of Fangs,11,1,1418.5,203071,0,297.0,2026-08-19,0,-1,1426.0,20.8
22700,21959,DeathKnight,Unholy,Rider of the Apocalypse,DPS,US,Altar of Fangs,11,1,1418.5,237503,0,298.0,2026-08-19,0,-1,1426.0,20.8
22700,21960,Shaman,Restoration,Totemic,Healer,US,Altar of Fangs,11,1,1418.5,25291,1,296.0,2026-08-19,0,-1,1426.0,20.8
22705,23167,Shaman,Restoration,Totemic,Healer,EU,Kings' Rest,11,1,1353.0,23549,0,297.0,2026-08-19,0,-1,1350.0,31.8
22705,50370,DeathKnight,Blood,San'layn,Tank,EU,Kings' Rest,11,1,1353.0,93105,0,300.0,2026-08-19,0,-1,1350.0,31.8
22705,50371,Paladin,Retribution,Templar,DPS,EU,Kings' Rest,11,1,1353.0,161544,0,297.0,2026-08-19,0,-1,1350.0,31.8
22705,34837,Priest,Shadow,Voidweaver,DPS,EU,Kings' Rest,11,1,1353.0,141671,1,297.0,2026-08-19,0,-1,1350.0,31.8
22705,17163,Warrior,Arms,Slayer,DPS,EU,Kings' Rest,11,1,1353.0,168300,0,293.0,2026-08-19,0,-1,1350.0,31.8
22712,50388,Mage,Arcane,Sunfury,DPS,EU,Ruby Life Pools,6,1,960.7,164757,0,296.0,2026-08-19,0,-1,957.0,43.0
22712,50389,Rogue,Assassination,Deathstalker,DPS,EU,Ruby Life Pools,6,1,960.7,158968,0,289.0,2026-08-19,0,-1,957.0,43.0
22712,50390,Shaman,Elemental,Farseer,DPS,EU,Ruby Life Pools,6,1,960.7,132260,1,291.0,2026-08-19,0,-1,957.0,43.0
22712,50386,DeathKnight,Blood,Deathbringer,Tank,EU,Ruby Life Pools,6,1,960.7,67482,0,289.0,2026-08-19,0,-1,957.0,43.0
22712,50387,Paladin,Holy,Herald of the Sun,Healer,EU,Ruby Life Pools,6,1,960.7,17549,0,276.0,2026-08-19,0,-1,957.0,43.0
22716,50402,Mage,Fire,Sunfury,DPS,US,Altar of Fangs,4,1,1003.5,147438,0,296.0,2026-08-20,0,-1,995.0,44.7
22716,50401,Paladin,Retribution,Templar,DPS,US,Altar of Fangs,4,1,1003.5,125612,0,281.0,2026-08-20,0,-1,995.0,44.7
22716,50399,DeathKnight,Blood,San'layn,Tank,US,Altar of Fangs,4,1,1003.5,86320,0,292.0,2026-08-20,0,-1,995.0,44.7
22716,50400,Paladin,Holy,Herald of the Sun,Healer,US,Altar of Fangs,4,1,1003.5,21372,0,285.0,2026-08-20,0,-1,995.0,44.7
22716,44991,Monk,Windwalker,Shado-Pan,DPS,US,Altar of Fangs,4,1,1003.5,155079,1,290.0,2026-08-20,0,-1,995.0,44.7
22719,9444,Priest,Holy,Oracle,Healer,US,Ruby Life Pools,8,1,1008.3,32266,0,304.0,2026-08-20,0,-1,1005.0,40.2
22719,50404,DeathKnight,Unholy,Rider of the Apocalypse,DPS,US,Ruby Life Pools,8,1,1008.3,152462,1,286.0,2026-08-20,0,-1,1005.0,40.2
22719,49936,DeathKnight,Blood,San'layn,Tank,US,Ruby Life Pools,8,1,1008.3,113978,0,289.0,2026-08-20,0,-1,1005.0,40.2
22719,29862,Rogue,Assassination,Deathstalker,DPS,US,Ruby Life Pools,8,1,1008.3,199530,0,291.0,2026-08-20,0,-1,1005.0,40.2
22719,50405,Mage,Arcane,Sunfury,DPS,US,Ruby Life Pools,8,1,1008.3,186380,0,298.0,2026-08-20,0,-1,1005.0,40.2
22721,43916,Warrior,Arms,Slayer,DPS,US,Ruby Life Pools,9,1,1034.4,231524,1,295.0,2026-08-19,0,-1,1031.0,38.7
22721,7275,Monk,Brewmaster,Master of Harmony,Tank,US,Ruby Life Pools,9,1,1034.4,127752,0,293.0,2026-08-19,0,-1,1031.0,38.7
22721,43915,Monk,Mistweaver,Conduit of the Celestials,Healer,US,Ruby Life Pools,9,1,1034.4,47318,0,294.0,2026-08-19,0,-1,1031.0,38.7
22721,7277,Priest,Shadow,Voidweaver,DPS,US,Ruby Life Pools,9,1,1034.4,207838,0,294.0,2026-08-19,0,-1,1031.0,38.7
22721,50408,DemonHunter,Devourer,Annihilator,DPS,US,Ruby Life Pools,9,1,1034.4,192916,0,291.0,2026-08-19,0,-1,1031.0,38.7
22726,41032,Warrior,Arms,Slayer,DPS,US,Altar of Fangs,12,1,1718.5,197334,3,297.0,2026-08-19,0,-1,1770.0,1.7
22726,394,Shaman,Restoration,Totemic,Healer,US,Altar of Fangs,12,1,1718.5,25147,0,298.0,2026-08-19,0,-1,1770.0,1.7
22726,41030,DeathKnight,Blood,Deathbringer,Tank,US,Altar of Fangs,12,1,1718.5,125333,0,305.0,2026-08-19,0,-1,1770.0,1.7
22726,33397,Rogue,Subtlety,Trickster,DPS,US,Altar of Fangs,12,1,1718.5,181748,0,304.0,2026-08-19,0,-1,1770.0,1.7
22726,8593,Mage,Arcane,Sunfury,DPS,US,Altar of Fangs,12,1,1718.5,194103,1,296.0,2026-08-19,0,-1,1770.0,1.7
22727,50423,Warrior,Arms,Slayer,DPS,CN,Voidscar Arena,5,1,966.4,120346,0,296.0,2026-08-20,0,-1,958.0,46.8
22727,50419,Warrior,Protection,Mountain Thane,Tank,CN,Voidscar Arena,5,1,966.4,62777,0,293.0,2026-08-20,0,-1,958.0,46.8
22727,50420,Priest,Discipline,Oracle,Healer,CN,Voidscar Arena,5,1,966.4,12495,0,286.0,2026-08-20,0,-1,958.0,46.8
22727,50422,Paladin,Retribution,Templar,DPS,CN,Voidscar Arena,5,1,966.4,141225,0,295.0,2026-08-20,0,-1,958.0,46.8
22727,50421,Mage,Arcane,Sunfury,DPS,CN,Voidscar Arena,5,1,966.4,136060,0,293.0,2026-08-20,0,-1,958.0,46.8
22731,50434,Druid,Restoration,Wildstalker,Healer,US,The Blinding Vale,10,1,1222.6,4660,1,293.0,2026-08-19,0,-1,1234.0,31.4
22731,1877,Paladin,Protection,Lightsmith,Tank,US,The Blinding Vale,10,1,1222.6,139472,0,292.0,2026-08-19,0,-1,1234.0,31.4
22731,818,Mage,Arcane,Sunfury,DPS,US,The Blinding Vale,10,1,1222.6,234292,0,297.0,2026-08-19,0,-1,1234.0,31.4
22731,50435,Warrior,Arms,Slayer,DPS,US,The Blinding Vale,10,1,1222.6,184098,3,299.0,2026-08-19,0,-1,1234.0,31.4
22731,6541,DeathKnight,Unholy,Rider of the Apocalypse,DPS,US,The Blinding Vale,10,1,1222.6,236952,0,298.0,2026-08-19,0,-1,1234.0,31.4
22736,50446,DeathKnight,Blood,San'layn,Tank,EU,Voidscar Arena,11,1,1445.8,94061,0,296.0,2026-08-19,0,-1,1452.0,19.3
22736,50448,Mage,Arcane,Sunfury,DPS,EU,Voidscar Arena,11,1,1445.8,161585,0,290.0,2026-08-19,0,-1,1452.0,19.3
22736,50449,Warrior,Arms,Slayer,DPS,EU,Voidscar Arena,11,1,1445.8,146848,2,298.0,2026-08-19,0,-1,1452.0,19.3
22736,20048,DeathKnight,Unholy,Rider of the Apocalypse,DPS,EU,Voidscar Arena,11,1,1445.8,188875,0,298.0,2026-08-19,0,-1,1452.0,19.3
22736,50447,Shaman,Restoration,Totemic,Healer,EU,Voidscar Arena,11,1,1445.8,29642,1,298.0,2026-08-19,0,-1,1452.0,19.3
22742,7140,Mage,Arcane,Sunfury,DPS,US,Altar of Fangs,11,1,1562.0,242282,0,302.0,2026-08-19,0,-1,1563.0,13.2
22742,50471,Druid,Guardian,Elune's Chosen,Tank,US,Altar of Fangs,11,1,1562.0,90845,0,294.0,2026-08-19,0,-1,1563.0,13.2
22742,50473,DemonHunter,Devourer,Void-Scarred,DPS,US,Altar of Fangs,11,1,1562.0,187106,2,300.0,2026-08-19,0,-1,1563.0,13.2
22742,50472,Shaman,Restoration,Totemic,Healer,US,Altar of Fangs,11,1,1562.0,26973,0,290.0,2026-08-19,0,-1,1563.0,13.2
22742,50474,Priest,Shadow,Voidweaver,DPS,US,Altar of Fangs,11,1,1562.0,196656,0,292.0,2026-08-19,0,-1,1563.0,13.2
22743,13773,Warrior,Arms,Slayer,DPS,EU,Kings' Rest,11,1,1533.6,175330,0,299.0,2026-08-19,0,-1,1530.0,22.7
22743,50477,Druid,Balance,Elune's Chosen,DPS,EU,Kings' Rest,11,1,1533.6,140882,0,296.0,2026-08-19,0,-1,1530.0,22.7
22743,50475,Druid,Guardian,Elune's Chosen,Tank,EU,Kings' Rest,11,1,1533.6,63004,0,300.0,2026-08-19,0,-1,1530.0,22.7
22743,27130,Shaman,Restoration,Totemic,Healer,EU,Kings' Rest,11,1,1533.6,10713,0,297.0,2026-08-19,0,-1,1530.0,22.7
22743,50476,Warlock,Destruction,Diabolist,DPS,EU,Kings' Rest,11,1,1533.6,133371,1,294.0,2026-08-19,0,-1,1530.0,22.7
22746,3496,Shaman,Restoration,Totemic,Healer,US,Murder Row,13,1,1643.2,37954,2,305.0,2026-08-19,0,-1,1755.0,14.0
22746,7233,Monk,Brewmaster,Master of Harmony,Tank,US,Murder Row,13,1,1643.2,127476,1,294.0,2026-08-19,0,-1,1755.0,14.0
22746,2936,Warrior,Arms,Slayer,DPS,US,Murder Row,13,1,1643.2,191208,2,296.0,2026-08-19,0,-1,1755.0,14.0
22746,19039,Druid,Feral,Druid of the Claw,DPS,US,Murder Row,13,1,1643.2,247687,2,298.0,2026-08-19,0,-1,1755.0,14.0
22746,7236,Hunter,Survival,Pack Leader,DPS,US,Murder Row,13,1,1643.2,180843,1,292.0,2026-08-19,0,-1,1755.0,14.0
22750,47037,Warrior,Arms,Slayer,DPS,CN,The Blinding Vale,11,1,1413.8,169288,0,292.0,2026-08-20,0,-1,1411.0,21.6
22750,47036,Shaman,Elemental,Farseer,DPS,CN,The Blinding Vale,11,1,1413.8,203557,0,293.0,2026-08-20,0,-1,1411.0,21.6
22750,50492,Warrior,Arms,Slayer,DPS,CN,The Blinding Vale,11,1,1413.8,209675,0,293.0,2026-08-20,0,-1,1411.0,21.6
22750,47035,Paladin,Holy,Lightsmith,Healer,CN,The Blinding Vale,11,1,1413.8,17150,1,286.0,2026-08-20,0,-1,1411.0,21.6
22750,47034,Paladin,Protection,Lightsmith,Tank,CN,The Blinding Vale,11,1,1413.8,108494,0,294.0,2026-08-20,0,-1,1411.0,21.6
22751,50493,Hunter,Marksmanship,Sentinel,DPS,US,Temple of Sethraliss,12,0,1840.5,183138,1,296.0,2026-08-20,0,-1,1982.0,-3.2
22751,34427,Shaman,Restoration,Totemic,Healer,US,Temple of Sethraliss,12,0,1840.5,29971,3,297.0,2026-08-20,0,-1,1982.0,-3.2
22751,50494,Warlock,Demonology,Diabolist,DPS,US,Temple of Sethraliss,12,0,1840.5,171270,1,296.0,2026-08-20,0,-1,1982.0,-3.2
22751,24649,Paladin,Protection,Lightsmith,Tank,US,Temple of Sethraliss,12,0,1840.5,106996,1,296.0,2026-08-20,0,-1,1982.0,-3.2
22751,12425,Warrior,Arms,Slayer,DPS,US,Temple of Sethraliss,12,0,1840.5,156848,4,299.0,2026-08-20,0,-1,1982.0,-3.2
22763,3432,Warrior,Protection,Mountain Thane,Tank,US,Den of Nalorakk,11,1,1449.8,111829,0,300.0,2026-08-20,0,-1,1452.0,24.4
22763,11931,Shaman,Restoration,Totemic,Healer,US,Den of Nalorakk,11,1,1449.8,22992,0,298.0,2026-08-20,0,-1,1452.0,24.4
22763,8987,Shaman,Elemental,Farseer,DPS,US,Den of Nalorakk,11,1,1449.8,175825,1,298.0,2026-08-20,0,-1,1452.0,24.4
22763,50183,Warrior,Arms,Slayer,DPS,US,Den of Nalorakk,11,1,1449.8,163996,1,300.0,2026-08-20,0,-1,1452.0,24.4
22763,7725,Rogue,Subtlety,Deathstalker,DPS,US,Den of Nalorakk,11,1,1449.8,199752,0,295.0,2026-08-20,0,-1,1452.0,24.4
22768,50518,Warrior,Arms,Slayer,DPS,EU,Temple of Sethraliss,12,1,1786.6,202088,1,295.0,2026-08-19,0,-1,1822.0,5.1
22768,18011,Mage,Fire,Sunfury,DPS,EU,Temple of Sethraliss,12,1,1786.6,167847,0,301.0,2026-08-19,0,-1,1822.0,5.1
22768,24058,Priest,Holy,Oracle,Healer,EU,Temple of Sethraliss,12,1,1786.6,22948,0,292.0,2026-08-19,0,-1,1822.0,5.1
22768,50519,Monk,Windwalker,Shado-Pan,DPS,EU,Temple of Sethraliss,12,1,1786.6,122189,0,289.0,2026-08-19,0,-1,1822.0,5.1
22768,18119,DeathKnight,Blood,San'layn,Tank,EU,Temple of Sethraliss,12,1,1786.6,136207,0,291.0,2026-08-19,0,-1,1822.0,5.1
22770,42884,Mage,Frost,Spellslinger,DPS,CN,Altar of Fangs,12,0,1919.8,182910,1,292.0,2026-08-20,0,-1,1987.0,-10.4
22770,42882,Paladin,Holy,Lightsmith,Healer,CN,Altar of Fangs,12,0,1919.8,42861,3,289.0,2026-08-20,0,-1,1987.0,-10.4
22770,42885,Shaman,Elemental,Farseer,DPS,CN,Altar of Fangs,12,0,1919.8,163468,1,288.0,2026-08-20,0,-1,1987.0,-10.4
22770,42883,Warrior,Arms,Slayer,DPS,CN,Altar of Fangs,12,0,1919.8,168994,0,288.0,2026-08-20,0,-1,1987.0,-10.4
22770,42881,DeathKnight,Blood,San'layn,Tank,CN,Altar of Fangs,12,0,1919.8,122493,1,294.0,2026-08-20,0,-1,1987.0,-10.4
22773,50525,Druid,Balance,Elune's Chosen,DPS,EU,Voidscar Arena,11,1,1401.4,160420,0,295.0,2026-08-19,0,-1,1402.0,22.1
22773,22017,Mage,Arcane,Sunfury,DPS,EU,Voidscar Arena,11,1,1401.4,164352,2,294.0,2026-08-19,0,-1,1402.0,22.1
22773,50526,Paladin,Retribution,Herald of the Sun,DPS,EU,Voidscar Arena,11,1,1401.4,177182,0,295.0,2026-08-19,0,-1,1402.0,22.1
22773,40879,Shaman,Restoration,Totemic,Healer,EU,Voidscar Arena,11,1,1401.4,25710,0,291.0,2026-08-19,0,-1,1402.0,22.1
22773,50524,Warrior,Protection,Colossus,Tank,EU,Voidscar Arena,11,1,1401.4,96266,0,289.0,2026-08-19,0,-1,1402.0,22.1
22778,6896,Evoker,Devastation,Scalecommander,DPS,US,Ruby Life Pools,12,1,1451.5,212899,2,302.0,2026-08-19,0,-1,1562.0,7.0
22778,3126,DemonHunter,Devourer,Void-Scarred,DPS,US,Ruby Life Pools,12,1,1451.5,183565,1,299.0,2026-08-19,0,-1,1562.0,7.0
22778,5319,Priest,Discipline,Oracle,Healer,US,Ruby Life Pools,12,1,1451.5,17880,1,298.0,2026-08-19,0,-1,1562.0,7.0
22778,11046,DeathKnight,Blood,San'layn,Tank,US,Ruby Life Pools,12,1,1451.5,154782,0,301.0,2026-08-19,0,-1,1562.0,7.0
22778,46598,Rogue,Assassination,Fatebound,DPS,US,Ruby Life Pools,12,1,1451.5,215752,4,296.0,2026-08-19,0,-1,1562.0,7.0
22780,23290,Monk,Mistweaver,Conduit of the Celestials,Healer,EU,The Blinding Vale,12,1,1564.3,49296,0,303.0,2026-08-19,0,-1,1570.0,12.8
22780,50536,Druid,Guardian,Elune's Chosen,Tank,EU,The Blinding Vale,12,1,1564.3,100789,0,300.0,2026-08-19,0,-1,1570.0,12.8
22780,50537,Warrior,Arms,Slayer,DPS,EU,The Blinding Vale,12,1,1564.3,152934,1,297.0,2026-08-19,0,-1,1570.0,12.8
22780,50539,Mage,Arcane,Sunfury,DPS,EU,The Blinding Vale,12,1,1564.3,174792,0,298.0,2026-08-19,0,-1,1570.0,12.8
22780,50538,Rogue,Assassination,Deathstalker,DPS,EU,The Blinding Vale,12,1,1564.3,234336,0,300.0,2026-08-19,0,-1,1570.0,12.8
22781,9066,Shaman,Restoration,Totemic,Healer,US,Murder Row,12,0,2265.0,25414,2,299.0,2026-08-20,0,-1,2362.0,-15.8
22781,50540,Priest,Shadow,Voidweaver,DPS,US,Murder Row,12,0,2265.0,122619,3,292.0,2026-08-20,0,-1,2362.0,-15.8
22781,50541,Shaman,Elemental,Farseer,DPS,US,Murder Row,12,0,2265.0,161118,2,292.0,2026-08-20,0,-1,2362.0,-15.8
22781,9067,Warlock,Demonology,Diabolist,DPS,US,Murder Row,12,0,2265.0,147836,2,298.0,2026-08-20,0,-1,2362.0,-15.8
22781,9065,DeathKnight,Blood,San'layn,Tank,US,Murder Row,12,0,2265.0,97795,2,299.0,2026-08-20,0,-1,2362.0,-15.8
22784,5847,Shaman,Restoration,Totemic,Healer,US,Ruby Life Pools,12,0,1695.6,17044,4,301.0,2026-08-19,0,-1,1987.0,-18.2
22784,6714,Mage,Arcane,Sunfury,DPS,US,Ruby Life Pools,12,0,1695.6,156443,7,299.0,2026-08-19,0,-1,1987.0,-18.2
22784,5848,Warrior,Arms,Slayer,DPS,US,Ruby Life Pools,12,0,1695.6,191093,5,299.0,2026-08-19,0,-1,1987.0,-18.2
22784,43470,Shaman,Enhancement,Stormbringer,DPS,US,Ruby Life Pools,12,0,1695.6,203828,5,298.0,2026-08-19,0,-1,1987.0,-18.2
22784,6710,Monk,Brewmaster,Master of Harmony,Tank,US,Ruby Life Pools,12,0,1695.6,79530,4,293.0,2026-08-19,0,-1,1987.0,-18.2
22786,6982,Paladin,Retribution,Templar,DPS,US,Temple of Sethraliss,12,1,1586.6,202881,1,300.0,2026-08-19,0,-1,1593.0,17.0
22786,7954,Shaman,Elemental,Farseer,DPS,US,Temple of Sethraliss,12,1,1586.6,222768,0,301.0,2026-08-19,0,-1,1593.0,17.0
22786,6981,Priest,Shadow,Archon,DPS,US,Temple of Sethraliss,12,1,1586.6,178626,0,297.0,2026-08-19,0,-1,1593.0,17.0
22786,6979,Paladin,Protection,Templar,Tank,US,Temple of Sethraliss,12,1,1586.6,106282,0,304.0,2026-08-19,0,-1,1593.0,17.0
22786,8504,Monk,Mistweaver,Conduit of the Celestials,Healer,US,Temple of Sethraliss,12,1,1586.6,44341,0,302.0,2026-08-19,0,-1,1593.0,17.0
22788,20084,Paladin,Protection,Lightsmith,Tank,EU,Altar of Fangs,10,1,1255.9,112419,0,301.0,2026-08-19,0,-1,1252.0,30.4
22788,45172,Evoker,Preservation,Flameshaper,Healer,EU,Altar of Fangs,10,1,1255.9,36921,0,300.0,2026-08-19,0,-1,1252.0,30.4
22788,27540,Warrior,Arms,Slayer,DPS,EU,Altar of Fangs,10,1,1255.9,246176,0,302.0,2026-08-19,0,-1,1252.0,30.4
22788,44495,DeathKnight,Unholy,Rider of the Apocalypse,DPS,EU,Altar of Fangs,10,1,1255.9,241702,0,299.0,2026-08-19,0,-1,1252.0,30.4
22788,45173,DemonHunter,Devourer,Annihilator,DPS,EU,Altar of Fangs,10,1,1255.9,232705,1,300.0,2026-08-19,0,-1,1252.0,30.4
22789,49415,Mage,Arcane,Sunfury,DPS,US,The Blinding Vale,11,1,1415.7,198109,0,294.0,2026-08-19,0,-1,1417.0,21.3
22789,49414,Shaman,Restoration,Totemic,Healer,US,The Blinding Vale,11,1,1415.7,30065,0,298.0,2026-08-19,0,-1,1417.0,21.3
22789,50553,Warlock,Affliction,Soul Harvester,DPS,US,The Blinding Vale,11,1,1415.7,208491,1,299.0,2026-08-19,0,-1,1417.0,21.3
22789,49416,Druid,Balance,Elune's Chosen,DPS,US,The Blinding Vale,11,1,1415.7,231058,1,296.0,2026-08-19,0,-1,1417.0,21.3
22789,49413,DemonHunter,Vengeance,Annihilator,Tank,US,The Blinding Vale,11,1,1415.7,168823,0,297.0,2026-08-19,0,-1,1417.0,21.3
22798,30671,Hunter,Survival,Sentinel,DPS,EU,Altar of Fangs,11,1,1401.8,179922,2,295.0,2026-08-19,0,-1,1428.0,20.7
22798,30672,Rogue,Outlaw,Trickster,DPS,EU,Altar of Fangs,11,1,1401.8,241315,3,297.0,2026-08-19,0,-1,1428.0,20.7
22798,50567,Monk,Mistweaver,Conduit of the Celestials,Healer,EU,Altar of Fangs,11,1,1401.8,43110,1,281.0,2026-08-19,0,-1,1428.0,20.7
22798,30670,Shaman,Elemental,Farseer,DPS,EU,Altar of Fangs,11,1,1401.8,220755,1,295.0,2026-08-19,0,-1,1428.0,20.7
22798,30668,Druid,Guardian,Elune's Chosen,Tank,EU,Altar of Fangs,11,1,1401.8,116673,0,293.0,2026-08-19,0,-1,1428.0,20.7
22801,22440,Rogue,Assassination,Deathstalker,DPS,EU,Ruby Life Pools,11,1,1212.8,182170,1,289.0,2026-08-19,0,-1,1224.0,27.2
22801,50573,Priest,Discipline,Oracle,Healer,EU,Ruby Life Pools,11,1,1212.8,17375,2,295.0,2026-08-19,0,-1,1224.0,27.2
22801,22439,DemonHunter,Vengeance,Annihilator,Tank,EU,Ruby Life Pools,11,1,1212.8,151111,0,303.0,2026-08-19,0,-1,1224.0,27.2
22801,50574,Hunter,Marksmanship,Sentinel,DPS,EU,Ruby Life Pools,11,1,1212.8,215960,0,303.0,2026-08-19,0,-1,1224.0,27.2
22801,50575,Mage,Arcane,Sunfury,DPS,EU,Ruby Life Pools,11,1,1212.8,192167,1,294.0,2026-08-19,0,-1,1224.0,27.2
22803,14421,Shaman,Enhancement,Stormbringer,DPS,EU,Altar of Fangs,11,1,1463.5,216527,1,299.0,2026-08-19,0,-1,1495.0,17.0
22803,50579,Warrior,Arms,Slayer,DPS,EU,Altar of Fangs,11,1,1463.5,191187,1,293.0,2026-08-19,0,-1,1495.0,17.0
22803,50578,Monk,Mistweaver,Conduit of the Celestials,Healer,EU,Altar of Fangs,11,1,1463.5,50459,2,290.0,2026-08-19,0,-1,1495.0,17.0
22803,40347,Druid,Guardian,Elune's Chosen,Tank,EU,Altar of Fangs,11,1,1463.5,164883,0,304.0,2026-08-19,0,-1,1495.0,17.0
22803,29998,Warlock,Demonology,Diabolist,DPS,EU,Altar of Fangs,11,1,1463.5,164597,4,291.0,2026-08-19,0,-1,1495.0,17.0
22808,1175,DeathKnight,Blood,San'layn,Tank,US,Altar of Fangs,12,1,1648.8,113616,1,295.0,2026-08-19,0,-1,1745.0,3.1
22808,247,Rogue,Assassination,Deathstalker,DPS,US,Altar of Fangs,12,1,1648.8,224710,2,299.0,2026-08-19,0,-1,1745.0,3.1
22808,50585,Hunter,BeastMastery,Pack Leader,DPS,US,Altar of Fangs,12,1,1648.8,166693,1,298.0,2026-08-19,0,-1,1745.0,3.1
22808,4645,Shaman,Restoration,Totemic,Healer,US,Altar of Fangs,12,1,1648.8,27106,2,295.0,2026-08-19,0,-1,1745.0,3.1
22808,3106,Warrior,Fury,Slayer,DPS,US,Altar of Fangs,12,1,1648.8,282185,1,309.0,2026-08-19,0,-1,1745.0,3.1
22809,50586,DemonHunter,Vengeance,Annihilator,Tank,US,Altar of Fangs,11,1,1464.1,124366,0,289.0,2026-08-19,0,-1,1461.0,18.8
22809,50587,Shaman,Restoration,Totemic,Healer,US,Altar of Fangs,11,1,1464.1,20410,0,286.0,2026-08-19,0,-1,1461.0,18.8
22809,45039,DeathKnight,Unholy,Rider of the Apocalypse,DPS,US,Altar of Fangs,11,1,1464.1,252472,0,294.0,2026-08-19,0,-1,1461.0,18.8
22809,50588,Warrior,Arms,Slayer,DPS,US,Altar of Fangs,11,1,1464.1,220694,0,305.0,2026-08-19,0,-1,1461.0,18.8
22809,47198,Monk,Windwalker,Shado-Pan,DPS,US,Altar of Fangs,11,1,1464.1,181694,1,297.0,2026-08-19,0,-1,1461.0,18.8
22810,50591,Monk,Windwalker,Shado-Pan,DPS,EU,Voidscar Arena,4,1,891.4,112934,1,292.0,2026-08-19,0,-1,883.0,50.9
22810,50590,Druid,Balance,Elune's Chosen,DPS,EU,Voidscar Arena,4,1,891.4,135899,2,293.0,2026-08-19,0,-1,883.0,50.9
22810,50592,Hunter,BeastMastery,Pack Leader,DPS,EU,Voidscar Arena,4,1,891.4,143211,3,295.0,2026-08-19,0,-1,883.0,50.9
22810,46296,Shaman,Restoration,Totemic,Healer,EU,Voidscar Arena,4,1,891.4,28317,1,296.0,2026-08-19,0,-1,883.0,50.9
22810,50589,DeathKnight,Blood,Deathbringer,Tank,EU,Voidscar Arena,4,1,891.4,57845,0,294.0,2026-08-19,0,-1,883.0,50.9
22819,6949,Shaman,Restoration,Totemic,Healer,US,Kings' Rest,12,1,1601.0,31505,1,301.0,2026-08-19,0,-1,1638.0,17.3
22819,8739,DemonHunter,Devourer,Void-Scarred,DPS,US,Kings' Rest,12,1,1601.0,135548,0,305.0,2026-08-19,0,-1,1638.0,17.3
22819,5099,Mage,Arcane,Sunfury,DPS,US,Kings' Rest,12,1,1601.0,141811,1,297.0,2026-08-19,0,-1,1638.0,17.3
22819,10808,DeathKnight,Blood,San'layn,Tank,US,Kings' Rest,12,1,1601.0,79416,0,298.0,2026-08-19,0,-1,1638.0,17.3
22819,23607,Shaman,Enhancement,Stormbringer,DPS,US,Kings' Rest,12,1,1601.0,172605,1,306.0,2026-08-19,0,-1,1638.0,17.3
22822,20665,Warrior,Arms,Slayer,DPS,EU,The Blinding Vale,12,1,1600.2,177383,2,295.0,2026-08-19,0,-1,1636.0,9.1
22822,43692,Rogue,Outlaw,Trickster,DPS,EU,The Blinding Vale,12,1,1600.2,198896,1,295.0,2026-08-19,0,-1,1636.0,9.1
22822,20662,DeathKnight,Blood,San'layn,Tank,EU,The Blinding Vale,12,1,1600.2,118802,0,296.0,2026-08-19,0,-1,1636.0,9.1
22822,20663,Mage,Arcane,Sunfury,DPS,EU,The Blinding Vale,12,1,1600.2,214865,0,298.0,2026-08-19,0,-1,1636.0,9.1
22822,22490,Paladin,Holy,Herald of the Sun,Healer,EU,The Blinding Vale,12,1,1600.2,28516,0,297.0,2026-08-19,0,-1,1636.0,9.1
22827,21895,Monk,Brewmaster,Shado-Pan,Tank,US,Den of Nalorakk,10,1,1296.0,89211,1,299.0,2026-08-19,0,-1,1308.0,31.9
22827,15722,Shaman,Enhancement,Stormbringer,DPS,US,Den of Nalorakk,10,1,1296.0,204706,1,296.0,2026-08-19,0,-1,1308.0,31.9
22827,7785,DemonHunter,Havoc,Fel-Scarred,DPS,US,Den of Nalorakk,10,1,1296.0,181632,0,298.0,2026-08-19,0,-1,1308.0,31.9
22827,47364,Evoker,Preservation,Flameshaper,Healer,US,Den of Nalorakk,10,1,1296.0,26454,2,300.0,2026-08-19,0,-1,1308.0,31.9
22827,19760,Warrior,Arms,Slayer,DPS,US,Den of Nalorakk,10,1,1296.0,232208,0,303.0,2026-08-19,0,-1,1308.0,31.9
22829,41611,Evoker,Augmentation,Chronowarden,DPS,US,Ruby Life Pools,10,1,1145.7,172074,0,296.0,2026-08-20,0,-1,1137.0,32.3
22829,10617,DemonHunter,Devourer,Void-Scarred,DPS,US,Ruby Life Pools,10,1,1145.7,204861,0,299.0,2026-08-20,0,-1,1137.0,32.3
22829,50620,Shaman,Restoration,Totemic,Healer,US,Ruby Life Pools,10,1,1145.7,52750,0,298.0,2026-08-20,0,-1,1137.0,32.3
22829,2829,DemonHunter,Vengeance,Annihilator,Tank,US,Ruby Life Pools,10,1,1145.7,120410,0,300.0,2026-08-20,0,-1,1137.0,32.3
22829,36589,DeathKnight,Unholy,Rider of the Apocalypse,DPS,US,Ruby Life Pools,10,1,1145.7,192273,0,294.0,2026-08-20,0,-1,1137.0,32.3
22847,50660,Monk,Brewmaster,Master of Harmony,Tank,US,The Blinding Vale,3,1,1106.7,45004,0,290.0,2026-08-19,0,-1,1098.0,39.0
22847,39327,Rogue,Assassination,Deathstalker,DPS,US,The Blinding Vale,3,1,1106.7,126249,1,298.0,2026-08-19,0,-1,1098.0,39.0
22847,9603,Warlock,Demonology,Diabolist,DPS,US,The Blinding Vale,3,1,1106.7,152476,0,298.0,2026-08-19,0,-1,1098.0,39.0
22847,50661,Druid,Restoration,Wildstalker,Healer,US,The Blinding Vale,3,1,1106.7,994,1,294.0,2026-08-19,0,-1,1098.0,39.0
22847,50662,Warlock,Demonology,Diabolist,DPS,US,The Blinding Vale,3,1,1106.7,104593,1,296.0,2026-08-19,0,-1,1098.0,39.0
22848,44508,DemonHunter,Devourer,Annihilator,DPS,US,Altar of Fangs,11,1,1513.6,182696,2,303.0,2026-08-19,0,-1,1526.0,15.2
22848,3057,Druid,Guardian,Elune's Chosen,Tank,US,Altar of Fangs,11,1,1513.6,80687,0,298.0,2026-08-19,0,-1,1526.0,15.2
22848,10883,Shaman,Elemental,Farseer,DPS,US,Altar of Fangs,11,1,1513.6,243313,1,301.0,2026-08-19,0,-1,1526.0,15.2
22848,10881,Paladin,Holy,Herald of the Sun,Healer,US,Altar of Fangs,11,1,1513.6,18062,0,292.0,2026-08-19,0,-1,1526.0,15.2
22848,22519,Rogue,Assassination,Fatebound,DPS,US,Altar of Fangs,11,1,1513.6,213140,1,301.0,2026-08-19,0,-1,1526.0,15.2
22854,50682,DemonHunter,Vengeance,Annihilator,Tank,EU,Den of Nalorakk,5,1,1150.8,72588,0,293.0,2026-08-19,0,-1,1143.0,40.5
22854,50686,Mage,Frost,Spellslinger,DPS,EU,Den of Nalorakk,5,1,1150.8,111275,1,293.0,2026-08-19,0,-1,1143.0,40.5
22854,50685,DemonHunter,Havoc,Fel-Scarred,DPS,EU,Den of Nalorakk,5,1,1150.8,115433,0,290.0,2026-08-19,0,-1,1143.0,40.5
22854,50684,Evoker,Augmentation,Scalecommander,DPS,EU,Den of Nalorakk,5,1,1150.8,54665,0,274.0,2026-08-19,0,-1,1143.0,40.5
22854,50683,Shaman,Restoration,Totemic,Healer,EU,Den of Nalorakk,5,1,1150.8,22728,0,293.0,2026-08-19,0,-1,1143.0,40.5
22856,7082,DeathKnight,Frost,Unknown,DPS,US,Altar of Fangs,10,1,1221.7,246040,0,295.0,2026-08-19,0,-1,1219.0,32.3
22856,7079,DeathKnight,Blood,Unknown,Tank,US,Altar of Fangs,10,1,1221.7,112244,0,296.0,2026-08-19,0,-1,1219.0,32.3
22856,7080,Druid,Restoration,Unknown,Healer,US,Altar of Fangs,10,1,1221.7,23472,1,304.0,2026-08-19,0,-1,1219.0,32.3
22856,7081,Warrior,Arms,Unknown,DPS,US,Altar of Fangs,10,1,1221.7,249516,0,301.0,2026-08-19,0,-1,1219.0,32.3
22856,7083,Mage,Arcane,Unknown,DPS,US,Altar of Fangs,10,1,1221.7,220408,0,296.0,2026-08-19,0,-1,1219.0,32.3
22865,20906,Paladin,Holy,Lightsmith,Healer,US,Ruby Life Pools,11,1,1283.0,20115,0,295.0,2026-08-19,0,-1,1274.0,24.1
22865,5963,DemonHunter,Havoc,Fel-Scarred,DPS,US,Ruby Life Pools,11,1,1283.0,191515,0,293.0,2026-08-19,0,-1,1274.0,24.1
22865,21564,Druid,Balance,Elune's Chosen,DPS,US,Ruby Life Pools,11,1,1283.0,175261,0,292.0,2026-08-19,0,-1,1274.0,24.1
22865,8937,Shaman,Elemental,Farseer,DPS,US,Ruby Life Pools,11,1,1283.0,245236,0,298.0,2026-08-19,0,-1,1274.0,24.1
22865,8936,DemonHunter,Vengeance,Aldrachi Reaver,Tank,US,Ruby Life Pools,11,1,1283.0,112741,0,295.0,2026-08-19,0,-1,1274.0,24.1
22868,40879,Shaman,Restoration,Totemic,Healer,EU,Ruby Life Pools,12,1,1429.8,33676,1,298.0,2026-08-20,0,-1,1483.0,11.7
22868,18633,Paladin,Retribution,Templar,DPS,EU,Ruby Life Pools,12,1,1429.8,203201,2,300.0,2026-08-20,0,-1,1483.0,11.7
22868,24009,DemonHunter,Devourer,Annihilator,DPS,EU,Ruby Life Pools,12,1,1429.8,200447,1,301.0,2026-08-20,0,-1,1483.0,11.7
22868,18631,Druid,Guardian,Elune's Chosen,Tank,EU,Ruby Life Pools,12,1,1429.8,104211,0,304.0,2026-08-20,0,-1,1483.0,11.7
22868,50703,Rogue,Assassination,Deathstalker,DPS,EU,Ruby Life Pools,12,1,1429.8,218442,0,296.0,2026-08-20,0,-1,1483.0,11.7
22871,50706,Paladin,Retribution,Templar,DPS,EU,The Blinding Vale,12,1,1546.0,208308,0,302.0,2026-08-19,0,-1,1538.0,14.6
22871,50707,Rogue,Subtlety,Deathstalker,DPS,EU,The Blinding Vale,12,1,1546.0,206330,0,302.0,2026-08-19,0,-1,1538.0,14.6
22871,41513,DemonHunter,Devourer,Annihilator,DPS,EU,The Blinding Vale,12,1,1546.0,237351,0,305.0,2026-08-19,0,-1,1538.0,14.6
22871,18810,Druid,Guardian,Elune's Chosen,Tank,EU,The Blinding Vale,12,1,1546.0,111578,0,298.0,2026-08-19,0,-1,1538.0,14.6
22871,50705,Shaman,Restoration,Farseer,Healer,EU,The Blinding Vale,12,1,1546.0,10246,0,295.0,2026-08-19,0,-1,1538.0,14.6
22881,43503,Warrior,Arms,Slayer,DPS,CN,Altar of Fangs,8,1,1072.5,246485,0,293.0,2026-08-20,0,-1,1064.0,40.9
22881,43501,DeathKnight,Unholy,Rider of the Apocalypse,DPS,CN,Altar of Fangs,8,1,1072.5,232324,0,293.0,2026-08-20,0,-1,1064.0,40.9
22881,43500,Priest,Discipline,Oracle,Healer,CN,Altar of Fangs,8,1,1072.5,14882,0,293.0,2026-08-20,0,-1,1064.0,40.9
22881,43502,Shaman,Elemental,Farseer,DPS,CN,Altar of Fangs,8,1,1072.5,200547,0,291.0,2026-08-20,0,-1,1064.0,40.9
22881,43499,DeathKnight,Blood,San'layn,Tank,CN,Altar of Fangs,8,1,1072.5,138163,0,292.0,2026-08-20,0,-1,1064.0,40.9
22882,48421,Priest,Holy,Oracle,Healer,EU,Temple of Sethraliss,2,1,1059.9,11204,0,289.0,2026-08-20,0,-1,1052.0,45.2
22882,50735,Paladin,Protection,Lightsmith,Tank,EU,Temple of Sethraliss,2,1,1059.9,64562,0,289.0,2026-08-20,0,-1,1052.0,45.2
22882,50736,Monk,Windwalker,Conduit of the Celestials,DPS,EU,Temple of Sethraliss,2,1,1059.9,104048,0,279.0,2026-08-20,0,-1,1052.0,45.2
22882,50737,Hunter,BeastMastery,Pack Leader,DPS,EU,Temple of Sethraliss,2,1,1059.9,144285,0,296.0,2026-08-20,0,-1,1052.0,45.2
22882,50738,Mage,Frost,Frostfire,DPS,EU,Temple of Sethraliss,2,1,1059.9,79987,0,294.0,2026-08-20,0,-1,1052.0,45.2
22885,47561,Hunter,Marksmanship,Sentinel,DPS,CN,Murder Row,2,1,1081.9,96775,0,291.0,2026-08-20,0,-1,1073.0,47.4
22885,47560,Paladin,Retribution,Templar,DPS,CN,Murder Row,2,1,1081.9,116347,0,290.0,2026-08-20,0,-1,1073.0,47.4
22885,47558,DeathKnight,Blood,San'layn,Tank,CN,Murder Row,2,1,1081.9,61349,0,288.0,2026-08-20,0,-1,1073.0,47.4
22885,47562,Shaman,Elemental,Farseer,DPS,CN,Murder Row,2,1,1081.9,124760,0,278.0,2026-08-20,0,-1,1073.0,47.4
22885,47559,Paladin,Holy,Herald of the Sun,Healer,CN,Murder Row,2,1,1081.9,12659,0,290.0,2026-08-20,0,-1,1073.0,47.4
22888,50748,Hunter,BeastMastery,Pack Leader,DPS,US,The Blinding Vale,5,1,1047.2,124867,0,280.0,2026-08-20,0,-1,1038.0,42.3
22888,50749,Rogue,Subtlety,Deathstalker,DPS,US,The Blinding Vale,5,1,1047.2,165923,0,289.0,2026-08-20,0,-1,1038.0,42.3
22888,41310,Warrior,Protection,Mountain Thane,Tank,US,The Blinding Vale,5,1,1047.2,68430,0,281.0,2026-08-20,0,-1,1038.0,42.3
22888,50750,Shaman,Elemental,Farseer,DPS,US,The Blinding Vale,5,1,1047.2,169784,0,300.0,2026-08-20,0,-1,1038.0,42.3
22888,50747,Monk,Mistweaver,Conduit of the Celestials,Healer,US,The Blinding Vale,5,1,1047.2,35433,0,285.0,2026-08-20,0,-1,1038.0,42.3
22890,6631,Shaman,Restoration,Unknown,Healer,US,Voidscar Arena,11,1,1344.7,30874,0,301.0,2026-08-19,0,-1,1356.0,24.7
22890,41695,DemonHunter,Vengeance,Unknown,Tank,US,Voidscar Arena,11,1,1344.7,83217,0,294.0,2026-08-19,0,-1,1356.0,24.7
22890,6634,Hunter,Marksmanship,Unknown,DPS,US,Voidscar Arena,11,1,1344.7,170561,1,300.0,2026-08-19,0,-1,1356.0,24.7
22890,6633,Paladin,Retribution,Unknown,DPS,US,Voidscar Arena,11,1,1344.7,178910,1,298.0,2026-08-19,0,-1,1356.0,24.7
22890,6632,Warlock,Demonology,Unknown,DPS,US,Voidscar Arena,11,1,1344.7,186835,2,300.0,2026-08-19,0,-1,1356.0,24.7
22895,34001,Rogue,Outlaw,Trickster,DPS,EU,Altar of Fangs,7,1,1210.6,176261,0,294.0,2026-08-19,0,-1,1207.0,32.9
22895,50763,Monk,Mistweaver,Conduit of the Celestials,Healer,EU,Altar of Fangs,7,1,1210.6,40734,0,291.0,2026-08-19,0,-1,1207.0,32.9
22895,25156,Evoker,Devastation,Scalecommander,DPS,EU,Altar of Fangs,7,1,1210.6,176311,1,301.0,2026-08-19,0,-1,1207.0,32.9
22895,50764,Hunter,BeastMastery,Pack Leader,DPS,EU,Altar of Fangs,7,1,1210.6,179873,0,301.0,2026-08-19,0,-1,1207.0,32.9
22895,50762,DeathKnight,Blood,San'layn,Tank,EU,Altar of Fangs,7,1,1210.6,122841,0,289.0,2026-08-19,0,-1,1207.0,32.9
22902,20524,Monk,Brewmaster,Master of Harmony,Tank,US,Altar of Fangs,10,1,1154.2,153778,0,304.0,2026-08-20,0,-1,1156.0,35.8
22902,24859,Warrior,Arms,Slayer,DPS,US,Altar of Fangs,10,1,1154.2,226541,1,303.0,2026-08-20,0,-1,1156.0,35.8
22902,20525,Evoker,Preservation,Flameshaper,Healer,US,Altar of Fangs,10,1,1154.2,40844,1,301.0,2026-08-20,0,-1,1156.0,35.8
22902,43956,Paladin,Retribution,Templar,DPS,US,Altar of Fangs,10,1,1154.2,215071,0,299.0,2026-08-20,0,-1,1156.0,35.8
22902,20527,Mage,Arcane,Sunfury,DPS,US,Altar of Fangs,10,1,1154.2,264070,0,307.0,2026-08-20,0,-1,1156.0,35.8
22910,50788,DeathKnight,Frost,Deathbringer,DPS,EU,The Blinding Vale,5,1,1083.0,96376,0,286.0,2026-08-19,0,-1,1075.0,40.3
22910,50785,DeathKnight,Blood,San'layn,Tank,EU,The Blinding Vale,5,1,1083.0,105866,0,296.0,2026-08-19,0,-1,1075.0,40.3
22910,50789,DemonHunter,Devourer,Void-Scarred,DPS,EU,The Blinding Vale,5,1,1083.0,146648,1,293.0,2026-08-19,0,-1,1075.0,40.3
22910,50787,Mage,Frost,Spellslinger,DPS,EU,The Blinding Vale,5,1,1083.0,139853,0,300.0,2026-08-19,0,-1,1075.0,40.3
22910,50786,Monk,Mistweaver,Conduit of the Celestials,Healer,EU,The Blinding Vale,5,1,1083.0,26694,0,297.0,2026-08-19,0,-1,1075.0,40.3
22918,50813,Mage,Arcane,Sunfury,DPS,CN,Voidscar Arena,2,1,865.6,101690,0,281.0,2026-08-20,0,-1,856.0,52.4
22918,50814,Shaman,Elemental,Farseer,DPS,CN,Voidscar Arena,2,1,865.6,161116,0,295.0,2026-08-20,0,-1,856.0,52.4
22918,50810,DeathKnight,Blood,Deathbringer,Tank,CN,Voidscar Arena,2,1,865.6,59599,0,292.0,2026-08-20,0,-1,856.0,52.4
22918,50811,Shaman,Restoration,Totemic,Healer,CN,Voidscar Arena,2,1,865.6,19978,0,290.0,2026-08-20,0,-1,856.0,52.4
22918,50812,Druid,Balance,Elune's Chosen,DPS,CN,Voidscar Arena,2,1,865.6,120114,0,283.0,2026-08-20,0,-1,856.0,52.4
22921,50817,Paladin,Holy,Herald of the Sun,Healer,US,Den of Nalorakk,2,1,1150.8,7016,1,283.0,2026-08-19,0,-1,1143.0,40.5
22921,50818,Druid,Feral,Druid of the Claw,DPS,US,Den of Nalorakk,2,1,1150.8,107619,0,290.0,2026-08-19,0,-1,1143.0,40.5
22921,47046,Mage,Arcane,Sunfury,DPS,US,Den of Nalorakk,2,1,1150.8,107619,2,265.0,2026-08-19,0,-1,1143.0,40.5
22921,50816,Paladin,Protection,Lightsmith,Tank,US,Den of Nalorakk,2,1,1150.8,49012,0,277.0,2026-08-19,0,-1,1143.0,40.5
22921,50819,Paladin,Retribution,Templar,DPS,US,Den of Nalorakk,2,1,1150.8,59374,0,296.0,2026-08-19,0,-1,1143.0,40.5
22922,31898,Shaman,Elemental,Farseer,DPS,US,Temple of Sethraliss,10,1,1197.0,263112,1,298.0,2026-08-19,0,-1,1194.0,37.8
22922,50821,DeathKnight,Unholy,San'layn,DPS,US,Temple of Sethraliss,10,1,1197.0,183485,0,292.0,2026-08-19,0,-1,1194.0,37.8
22922,1939,Shaman,Restoration,Totemic,Healer,US,Temple of Sethraliss,10,1,1197.0,31973,0,299.0,2026-08-19,0,-1,1194.0,37.8
22922,50820,DemonHunter,Vengeance,Annihilator,Tank,US,Temple of Sethraliss,10,1,1197.0,93902,0,295.0,2026-08-19,0,-1,1194.0,37.8
22922,8314,Mage,Arcane,Sunfury,DPS,US,Temple of Sethraliss,10,1,1197.0,189781,0,297.0,2026-08-19,0,-1,1194.0,37.8
22932,50840,Paladin,Holy,Herald of the Sun,Healer,EU,The Blinding Vale,9,1,1155.0,10417,0,300.0,2026-08-20,0,-1,1151.0,36.1
22932,50841,Monk,Windwalker,Shado-Pan,DPS,EU,The Blinding Vale,9,1,1155.0,182054,0,295.0,2026-08-20,0,-1,1151.0,36.1
22932,33869,Warrior,Arms,Slayer,DPS,EU,The Blinding Vale,9,1,1155.0,173235,1,296.0,2026-08-20,0,-1,1151.0,36.1
22932,40201,Rogue,Subtlety,Deathstalker,DPS,EU,The Blinding Vale,9,1,1155.0,212036,0,297.0,2026-08-20,0,-1,1151.0,36.1
22932,50839,DeathKnight,Blood,San'layn,Tank,EU,The Blinding Vale,9,1,1155.0,117835,0,298.0,2026-08-20,0,-1,1151.0,36.1
22935,46098,Priest,Discipline,Oracle,Healer,US,Murder Row,5,1,1116.8,16835,0,296.0,2026-08-20,0,-1,1109.0,45.7
22935,46101,Shaman,Elemental,Farseer,DPS,US,Murder Row,5,1,1116.8,138922,0,293.0,2026-08-20,0,-1,1109.0,45.7
22935,50845,Hunter,BeastMastery,Pack Leader,DPS,US,Murder Row,5,1,1116.8,132530,0,297.0,2026-08-20,0,-1,1109.0,45.7
22935,10076,DeathKnight,Blood,San'layn,Tank,US,Murder Row,5,1,1116.8,84247,0,293.0,2026-08-20,0,-1,1109.0,45.7
22935,45183,Shaman,Elemental,Farseer,DPS,US,Murder Row,5,1,1116.8,115941,0,295.0,2026-08-20,0,-1,1109.0,45.7
22938,11374,Paladin,Retribution,Templar,DPS,US,Temple of Sethraliss,12,1,1722.7,194498,2,307.0,2026-08-20,0,-1,1909.0,0.6
22938,11371,Warrior,Protection,Mountain Thane,Tank,US,Temple of Sethraliss,12,1,1722.7,127261,1,307.0,2026-08-20,0,-1,1909.0,0.6
22938,9857,Mage,Arcane,Sunfury,DPS,US,Temple of Sethraliss,12,1,1722.7,133219,4,298.0,2026-08-20,0,-1,1909.0,0.6
22938,9854,Monk,Mistweaver,Conduit of the Celestials,Healer,US,Temple of Sethraliss,12,1,1722.7,45304,5,296.0,2026-08-20,0,-1,1909.0,0.6
22938,11373,DeathKnight,Unholy,Rider of the Apocalypse,DPS,US,Temple of Sethraliss,12,1,1722.7,168397,1,297.0,2026-08-20,0,-1,1909.0,0.6
22944,5623,DeathKnight,Blood,Deathbringer,Tank,US,Voidscar Arena,10,1,1181.9,114432,0,300.0,2026-08-19,0,-1,1179.0,34.5
22944,43025,Priest,Shadow,Voidweaver,DPS,US,Voidscar Arena,10,1,1181.9,204603,0,297.0,2026-08-19,0,-1,1179.0,34.5
22944,50858,Monk,Mistweaver,Conduit of the Celestials,Healer,US,Voidscar Arena,10,1,1181.9,38778,0,293.0,2026-08-19,0,-1,1179.0,34.5
22944,6802,Monk,Windwalker,Shado-Pan,DPS,US,Voidscar Arena,10,1,1181.9,232868,0,306.0,2026-08-19,0,-1,1179.0,34.5
22944,43024,Shaman,Elemental,Farseer,DPS,US,Voidscar Arena,10,1,1181.9,156134,1,293.0,2026-08-19,0,-1,1179.0,34.5
22948,50871,Shaman,Elemental,Farseer,DPS,US,The Blinding Vale,9,1,1152.3,211246,0,294.0,2026-08-19,0,-1,1144.0,36.4
22948,10480,DeathKnight,Blood,San'layn,Tank,US,The Blinding Vale,9,1,1152.3,106476,0,296.0,2026-08-19,0,-1,1144.0,36.4
22948,50870,Warlock,Demonology,Diabolist,DPS,US,The Blinding Vale,9,1,1152.3,201290,0,300.0,2026-08-19,0,-1,1144.0,36.4
22948,10482,Warrior,Arms,Slayer,DPS,US,The Blinding Vale,9,1,1152.3,169063,0,289.0,2026-08-19,0,-1,1144.0,36.4
22948,50869,Paladin,Holy,Herald of the Sun,Healer,US,The Blinding Vale,9,1,1152.3,16825,0,292.0,2026-08-19,0,-1,1144.0,36.4
22951,5701,Druid,Guardian,Elune's Chosen,Tank,US,Murder Row,11,1,1606.2,113881,0,296.0,2026-08-20,0,-1,1595.0,21.8
22951,50873,Priest,Shadow,Archon,DPS,US,Murder Row,11,1,1606.2,151046,0,293.0,2026-08-20,0,-1,1595.0,21.8
22951,33149,Hunter,Marksmanship,Sentinel,DPS,US,Murder Row,11,1,1606.2,206900,0,302.0,2026-08-20,0,-1,1595.0,21.8
22951,50872,Shaman,Restoration,Totemic,Healer,US,Murder Row,11,1,1606.2,29102,0,293.0,2026-08-20,0,-1,1595.0,21.8
22951,8742,Evoker,Devastation,Flameshaper,DPS,US,Murder Row,11,1,1606.2,178724,0,296.0,2026-08-20,0,-1,1595.0,21.8
22958,1217,Shaman,Elemental,Unknown,DPS,US,Den of Nalorakk,12,1,1766.8,149275,0,299.0,2026-08-19,0,-1,1758.0,8.4
22958,49925,DemonHunter,Devourer,Unknown,DPS,US,Den of Nalorakk,12,1,1766.8,146146,0,298.0,2026-08-19,0,-1,1758.0,8.4
22958,50886,Mage,Frost,Unknown,DPS,US,Den of Nalorakk,12,1,1766.8,155924,0,297.0,2026-08-19,0,-1,1758.0,8.4
22958,50885,Priest,Discipline,Unknown,Healer,US,Den of Nalorakk,12,1,1766.8,18392,0,299.0,2026-08-19,0,-1,1758.0,8.4
22958,9376,DeathKnight,Blood,Unknown,Tank,US,Den of Nalorakk,12,1,1766.8,86961,0,301.0,2026-08-19,0,-1,1758.0,8.4
22962,44262,Warlock,Demonology,Diabolist,DPS,EU,Den of Nalorakk,7,1,1264.5,146338,0,292.0,2026-08-19,0,-1,1256.0,34.6
22962,44263,Hunter,BeastMastery,Pack Leader,DPS,EU,Den of Nalorakk,7,1,1264.5,131081,0,294.0,2026-08-19,0,-1,1256.0,34.6
22962,44261,Shaman,Restoration,Totemic,Healer,EU,Den of Nalorakk,7,1,1264.5,18512,0,275.0,2026-08-19,0,-1,1256.0,34.6
22962,22921,Mage,Arcane,Sunfury,DPS,EU,Den of Nalorakk,7,1,1264.5,160723,0,297.0,2026-08-19,0,-1,1256.0,34.6
22962,44260,Druid,Guardian,Elune's Chosen,Tank,EU,Den of Nalorakk,7,1,1264.5,55224,0,290.0,2026-08-19,0,-1,1256.0,34.6
22966,19337,Paladin,Holy,Herald of the Sun,Healer,EU,Voidscar Arena,13,1,1380.9,34368,2,305.0,2026-08-19,0,-1,1432.0,20.4
22966,19340,Mage,Arcane,Sunfury,DPS,EU,Voidscar Arena,13,1,1380.9,234974,2,304.0,2026-08-19,0,-1,1432.0,20.4
22966,19407,DeathKnight,Blood,San'layn,Tank,EU,Voidscar Arena,13,1,1380.9,136421,0,309.0,2026-08-19,0,-1,1432.0,20.4
22966,19338,DeathKnight,Frost,Rider of the Apocalypse,DPS,EU,Voidscar Arena,13,1,1380.9,193770,0,302.0,2026-08-19,0,-1,1432.0,20.4
22966,19339,DemonHunter,Devourer,Void-Scarred,DPS,EU,Voidscar Arena,13,1,1380.9,222247,0,306.0,2026-08-19,0,-1,1432.0,20.4
22967,6466,Rogue,Outlaw,Unknown,DPS,US,The Blinding Vale,5,1,1053.2,179151,0,294.0,2026-08-20,0,-1,1045.0,41.9
22967,50907,Mage,Arcane,Unknown,DPS,US,The Blinding Vale,5,1,1053.2,127780,0,283.0,2026-08-20,0,-1,1045.0,41.9
22967,50906,Shaman,Restoration,Unknown,Healer,US,The Blinding Vale,5,1,1053.2,22036,0,289.0,2026-08-20,0,-1,1045.0,41.9
22967,50908,Hunter,BeastMastery,Unknown,DPS,US,The Blinding Vale,5,1,1053.2,142910,0,289.0,2026-08-20,0,-1,1045.0,41.9
22967,50905,Druid,Guardian,Unknown,Tank,US,The Blinding Vale,5,1,1053.2,72052,0,292.0,2026-08-20,0,-1,1045.0,41.9
22968,2618,Monk,Windwalker,Shado-Pan,DPS,US,Voidscar Arena,11,1,1263.7,218017,0,301.0,2026-08-19,0,-1,1255.0,30.3
22968,40675,Shaman,Restoration,Totemic,Healer,US,Voidscar Arena,11,1,1263.7,25369,0,293.0,2026-08-19,0,-1,1255.0,30.3
22968,40676,Warrior,Arms,Slayer,DPS,US,Voidscar Arena,11,1,1263.7,175397,0,301.0,2026-08-19,0,-1,1255.0,30.3
22968,6295,Hunter,Marksmanship,Sentinel,DPS,US,Voidscar Arena,11,1,1263.7,200812,0,298.0,2026-08-19,0,-1,1255.0,30.3
22968,2614,DeathKnight,Blood,San'layn,Tank,US,Voidscar Arena,11,1,1263.7,132045,0,299.0,2026-08-19,0,-1,1255.0,30.3
22972,50923,Mage,Arcane,Sunfury,DPS,EU,Murder Row,4,1,1117.2,137856,0,290.0,2026-08-19,0,-1,1109.0,45.6
22972,50921,Priest,Discipline,Oracle,Healer,EU,Murder Row,4,1,1117.2,9111,0,296.0,2026-08-19,0,-1,1109.0,45.6
22972,50920,Paladin,Protection,Templar,Tank,EU,Murder Row,4,1,1117.2,39496,0,284.0,2026-08-19,0,-1,1109.0,45.6
22972,50924,Warrior,Arms,Slayer,DPS,EU,Murder Row,4,1,1117.2,110797,0,293.0,2026-08-19,0,-1,1109.0,45.6
22972,50922,Druid,Feral,Druid of the Claw,DPS,EU,Murder Row,4,1,1117.2,136391,0,298.0,2026-08-19,0,-1,1109.0,45.6
22974,45518,DeathKnight,Blood,San'layn,Tank,CN,Ruby Life Pools,2,1,825.0,88862,0,296.0,2026-08-20,0,-1,817.0,51.4
22974,45522,Warrior,Arms,Slayer,DPS,CN,Ruby Life Pools,2,1,825.0,115891,0,283.0,2026-08-20,0,-1,817.0,51.4
22974,50925,DeathKnight,Unholy,Rider of the Apocalypse,DPS,CN,Ruby Life Pools,2,1,825.0,137552,0,290.0,2026-08-20,0,-1,817.0,51.4
22974,45519,Shaman,Restoration,Totemic,Healer,CN,Ruby Life Pools,2,1,825.0,20743,0,291.0,2026-08-20,0,-1,817.0,51.4
22974,50926,Hunter,Marksmanship,Sentinel,DPS,CN,Ruby Life Pools,2,1,825.0,125819,0,291.0,2026-08-20,0,-1,817.0,51.4
22976,50931,Druid,Guardian,Elune's Chosen,Tank,US,The Blinding Vale,5,1,979.1,82438,0,293.0,2026-08-20,0,-1,971.0,46.1
22976,48620,Hunter,Marksmanship,Sentinel,DPS,US,The Blinding Vale,5,1,979.1,163832,0,304.0,2026-08-20,0,-1,971.0,46.1
22976,48618,Paladin,Retribution,Templar,DPS,US,The Blinding Vale,5,1,979.1,114346,1,294.0,2026-08-20,0,-1,971.0,46.1
22976,48617,Shaman,Restoration,Totemic,Healer,US,The Blinding Vale,5,1,979.1,18152,0,298.0,2026-08-20,0,-1,971.0,46.1
22976,48619,DemonHunter,Devourer,Void-Scarred,DPS,US,The Blinding Vale,5,1,979.1,212813,0,303.0,2026-08-20,0,-1,971.0,46.1
22978,49674,Monk,Windwalker,Shado-Pan,DPS,KR,The Blinding Vale,2,1,823.7,124786,0,284.0,2026-08-20,0,-1,815.0,54.7
22978,49675,DeathKnight,Frost,Deathbringer,DPS,KR,The Blinding Vale,2,1,823.7,150664,0,293.0,2026-08-20,0,-1,815.0,54.7
22978,49672,Evoker,Preservation,Flameshaper,Healer,KR,The Blinding Vale,2,1,823.7,38942,0,285.0,2026-08-20,0,-1,815.0,54.7
22978,49671,Paladin,Protection,Lightsmith,Tank,KR,The Blinding Vale,2,1,823.7,90404,0,293.0,2026-08-20,0,-1,815.0,54.7
22978,49673,Mage,Arcane,Sunfury,DPS,KR,The Blinding Vale,2,1,823.7,172585,0,289.0,2026-08-20,0,-1,815.0,54.7
22979,8618,DemonHunter,Devourer,Annihilator,DPS,US,Kings' Rest,12,1,1842.5,138833,1,304.0,2026-08-20,0,-1,1864.0,5.9
22979,8617,DeathKnight,Frost,Deathbringer,DPS,US,Kings' Rest,12,1,1842.5,112947,0,296.0,2026-08-20,0,-1,1864.0,5.9
22979,8615,Paladin,Protection,Templar,Tank,US,Kings' Rest,12,1,1842.5,74543,0,303.0,2026-08-20,0,-1,1864.0,5.9
22979,9337,Priest,Shadow,Voidweaver,DPS,US,Kings' Rest,12,1,1842.5,146652,0,302.0,2026-08-20,0,-1,1864.0,5.9
22979,47617,Paladin,Holy,Herald of the Sun,Healer,US,Kings' Rest,12,1,1842.5,11781,1,294.0,2026-08-20,0,-1,1864.0,5.9
22980,2099,DemonHunter,Devourer,Annihilator,DPS,US,Ruby Life Pools,12,1,1592.4,178635,0,300.0,2026-08-19,0,-1,1659.0,1.3
22980,45371,DeathKnight,Blood,San'layn,Tank,US,Ruby Life Pools,12,1,1592.4,121630,0,295.0,2026-08-19,0,-1,1659.0,1.3
22980,50936,Shaman,Restoration,Totemic,Healer,US,Ruby Life Pools,12,1,1592.4,10027,0,293.0,2026-08-19,0,-1,1659.0,1.3
22980,242,Priest,Shadow,Archon,DPS,US,Ruby Life Pools,12,1,1592.4,155683,4,297.0,2026-08-19,0,-1,1659.0,1.3
22980,22410,Paladin,Retribution,Templar,DPS,US,Ruby Life Pools,12,1,1592.4,150831,1,302.0,2026-08-19,0,-1,1659.0,1.3
22988,47346,Mage,Arcane,Sunfury,DPS,CN,Temple of Sethraliss,5,1,1077.4,100644,0,290.0,2026-08-20,0,-1,1069.0,44.3
22988,47344,Paladin,Holy,Herald of the Sun,Healer,CN,Temple of Sethraliss,5,1,1077.4,17094,0,291.0,2026-08-20,0,-1,1069.0,44.3
22988,47343,Monk,Brewmaster,Shado-Pan,Tank,CN,Temple of Sethraliss,5,1,1077.4,56952,0,293.0,2026-08-20,0,-1,1069.0,44.3
22988,42439,Druid,Feral,Druid of the Claw,DPS,CN,Temple of Sethraliss,5,1,1077.4,152098,0,294.0,2026-08-20,0,-1,1069.0,44.3
22988,50949,Hunter,BeastMastery,Pack Leader,DPS,CN,Temple of Sethraliss,5,1,1077.4,147804,0,293.0,2026-08-20,0,-1,1069.0,44.3
22990,50956,DemonHunter,Devourer,Void-Scarred,DPS,EU,Temple of Sethraliss,11,1,1483.1,193602,1,299.0,2026-08-19,0,-1,1480.0,22.9
22990,50955,Warrior,Arms,Slayer,DPS,EU,Temple of Sethraliss,11,1,1483.1,194152,0,294.0,2026-08-19,0,-1,1480.0,22.9
22990,46974,Paladin,Protection,Lightsmith,Tank,EU,Temple of Sethraliss,11,1,1483.1,90237,0,296.0,2026-08-19,0,-1,1480.0,22.9
22990,46977,Paladin,Retribution,Templar,DPS,EU,Temple of Sethraliss,11,1,1483.1,189744,0,299.0,2026-08-19,0,-1,1480.0,22.9
22990,46975,Shaman,Restoration,Totemic,Healer,EU,Temple of Sethraliss,11,1,1483.1,22405,0,299.0,2026-08-19,0,-1,1480.0,22.9
22994,44657,Shaman,Elemental,Farseer,DPS,CN,The Blinding Vale,5,1,1022.3,180395,0,290.0,2026-08-20,0,-1,1014.0,43.7
22994,44655,Paladin,Retribution,Herald of the Sun,DPS,CN,The Blinding Vale,5,1,1022.3,140711,1,294.0,2026-08-20,0,-1,1014.0,43.7
22994,44656,Mage,Arcane,Sunfury,DPS,CN,The Blinding Vale,5,1,1022.3,133934,0,289.0,2026-08-20,0,-1,1014.0,43.7
22994,44654,Druid,Restoration,Wildstalker,Healer,CN,The Blinding Vale,5,1,1022.3,4216,0,292.0,2026-08-20,0,-1,1014.0,43.7
22994,44653,DeathKnight,Blood,Deathbringer,Tank,CN,The Blinding Vale,5,1,1022.3,90196,0,295.0,2026-08-20,0,-1,1014.0,43.7
22995,17244,Hunter,Marksmanship,Sentinel,DPS,EU,Murder Row,10,1,1253.2,201848,0,298.0,2026-08-19,0,-1,1245.0,39.0
22995,19410,Druid,Balance,Elune's Chosen,DPS,EU,Murder Row,10,1,1253.2,193306,0,300.0,2026-08-19,0,-1,1245.0,39.0
22995,21825,DeathKnight,Blood,San'layn,Tank,EU,Murder Row,10,1,1253.2,109036,0,296.0,2026-08-19,0,-1,1245.0,39.0
22995,21828,Shaman,Elemental,Farseer,DPS,EU,Murder Row,10,1,1253.2,227234,0,293.0,2026-08-19,0,-1,1245.0,39.0
22995,21826,Paladin,Holy,Herald of the Sun,Healer,EU,Murder Row,10,1,1253.2,15013,0,295.0,2026-08-19,0,-1,1245.0,39.0
22996,23974,Paladin,Retribution,Templar,DPS,EU,Voidscar Arena,12,1,1491.9,205691,2,296.0,2026-08-19,0,-1,1588.0,11.8
22996,50960,Shaman,Restoration,Totemic,Healer,EU,Voidscar Arena,12,1,1491.9,36267,1,308.0,2026-08-19,0,-1,1588.0,11.8
22996,17501,DeathKnight,Blood,San'layn,Tank,EU,Voidscar Arena,12,1,1491.9,116317,0,293.0,2026-08-19,0,-1,1588.0,11.8
22996,39770,Warrior,Arms,Slayer,DPS,EU,Voidscar Arena,12,1,1491.9,186487,2,293.0,2026-08-19,0,-1,1588.0,11.8
22996,50961,Mage,Arcane,Sunfury,DPS,EU,Voidscar Arena,12,1,1491.9,164151,2,294.0,2026-08-19,0,-1,1588.0,11.8
23007,50987,Hunter,BeastMastery,Pack Leader,DPS,US,Voidscar Arena,5,1,898.1,132401,0,293.0,2026-08-18,0,-1,890.0,50.6
23007,6541,DeathKnight,Unholy,Rider of the Apocalypse,DPS,US,Voidscar Arena,5,1,898.1,140178,0,292.0,2026-08-18,0,-1,890.0,50.6
23007,1722,Warrior,Arms,Slayer,DPS,US,Voidscar Arena,5,1,898.1,136332,0,292.0,2026-08-18,0,-1,890.0,50.6
23007,50986,Priest,Holy,Oracle,Healer,US,Voidscar Arena,5,1,898.1,13438,0,294.0,2026-08-18,0,-1,890.0,50.6
23007,50985,Paladin,Protection,Lightsmith,Tank,US,Voidscar Arena,5,1,898.1,74080,0,291.0,2026-08-18,0,-1,890.0,50.6
23008,50988,Priest,Holy,Oracle,Healer,CN,Temple of Sethraliss,4,1,1145.9,7093,0,291.0,2026-08-20,0,-1,1138.0,40.7
23008,45206,Shaman,Elemental,Stormbringer,DPS,CN,Temple of Sethraliss,4,1,1145.9,111664,0,291.0,2026-08-20,0,-1,1138.0,40.7
23008,45202,DeathKnight,Blood,Deathbringer,Tank,CN,Temple of Sethraliss,4,1,1145.9,70357,0,293.0,2026-08-20,0,-1,1138.0,40.7
23008,50989,Mage,Arcane,Sunfury,DPS,CN,Temple of Sethraliss,4,1,1145.9,124655,0,289.0,2026-08-20,0,-1,1138.0,40.7
23008,45205,Warlock,Destruction,Hellcaller,DPS,CN,Temple of Sethraliss,4,1,1145.9,107259,0,294.0,2026-08-20,0,-1,1138.0,40.7
23012,6834,DeathKnight,Blood,San'layn,Tank,US,Altar of Fangs,11,1,1419.8,189315,0,306.0,2026-08-19,0,-1,1426.0,20.8
23012,11172,Rogue,Subtlety,Deathstalker,DPS,US,Altar of Fangs,11,1,1419.8,206747,1,300.0,2026-08-19,0,-1,1426.0,20.8
23012,6836,Warrior,Arms,Slayer,DPS,US,Altar of Fangs,11,1,1419.8,197129,1,308.0,2026-08-19,0,-1,1426.0,20.8
23012,50996,Paladin,Holy,Herald of the Sun,Healer,US,Altar of Fangs,11,1,1419.8,18007,0,293.0,2026-08-19,0,-1,1426.0,20.8
23012,2367,Shaman,Elemental,Farseer,DPS,US,Altar of Fangs,11,1,1419.8,234741,1,301.0,2026-08-19,0,-1,1426.0,20.8
23017,51002,Paladin,Protection,Lightsmith,Tank,CN,Den of Nalorakk,2,1,1045.1,69745,0,289.0,2026-08-20,0,-1,1037.0,46.0
23017,51006,Warlock,Demonology,Diabolist,DPS,CN,Den of Nalorakk,2,1,1045.1,82339,0,291.0,2026-08-20,0,-1,1037.0,46.0
23017,51003,Paladin,Holy,Lightsmith,Healer,CN,Den of Nalorakk,2,1,1045.1,11884,0,221.0,2026-08-20,0,-1,1037.0,46.0
23017,51005,Shaman,Elemental,Farseer,DPS,CN,Den of Nalorakk,2,1,1045.1,105766,0,293.0,2026-08-20,0,-1,1037.0,46.0
23017,51004,DeathKnight,Unholy,Rider of the Apocalypse,DPS,CN,Den of Nalorakk,2,1,1045.1,106311,0,293.0,2026-08-20,0,-1,1037.0,46.0
23019,47354,DeathKnight,Unholy,San'layn,DPS,US,Temple of Sethraliss,5,1,1134.2,166330,0,293.0,2026-08-19,0,-1,1126.0,41.4
23019,51011,Shaman,Elemental,Stormbringer,DPS,US,Temple of Sethraliss,5,1,1134.2,88005,0,276.0,2026-08-19,0,-1,1126.0,41.4
23019,47350,Paladin,Protection,Templar,Tank,US,Temple of Sethraliss,5,1,1134.2,64668,1,281.0,2026-08-19,0,-1,1126.0,41.4
23019,47353,Mage,Frost,Spellslinger,DPS,US,Temple of Sethraliss,5,1,1134.2,151136,0,298.0,2026-08-19,0,-1,1126.0,41.4
23019,51010,Druid,Restoration,Wildstalker,Healer,US,Temple of Sethraliss,5,1,1134.2,2024,0,292.0,2026-08-19,0,-1,1126.0,41.4
23028,10235,Druid,Guardian,Elune's Chosen,Tank,US,Voidscar Arena,11,1,1353.6,95242,0,294.0,2026-08-19,0,-1,1355.0,24.7
23028,51027,DemonHunter,Devourer,Annihilator,DPS,US,Voidscar Arena,11,1,1353.6,149029,0,299.0,2026-08-19,0,-1,1355.0,24.7
23028,17415,Hunter,BeastMastery,Pack Leader,DPS,US,Voidscar Arena,11,1,1353.6,200444,1,304.0,2026-08-19,0,-1,1355.0,24.7
23028,4394,Druid,Feral,Druid of the Claw,DPS,US,Voidscar Arena,11,1,1353.6,199275,1,296.0,2026-08-19,0,-1,1355.0,24.7
23028,8408,Paladin,Holy,Herald of the Sun,Healer,US,Voidscar Arena,11,1,1353.6,19078,0,299.0,2026-08-19,0,-1,1355.0,24.7
23029,6652,Shaman,Enhancement,Stormbringer,DPS,US,Altar of Fangs,11,1,1534.0,220302,1,296.0,2026-08-19,0,-1,1550.0,13.9
23029,6649,Monk,Brewmaster,Master of Harmony,Tank,US,Altar of Fangs,11,1,1534.0,85406,1,292.0,2026-08-19,0,-1,1550.0,13.9
23029,6651,Druid,Feral,Druid of the Claw,DPS,US,Altar of Fangs,11,1,1534.0,213346,1,292.0,2026-08-19,0,-1,1550.0,13.9
23029,6653,Warrior,Arms,Slayer,DPS,US,Altar of Fangs,11,1,1534.0,199777,1,297.0,2026-08-19,0,-1,1550.0,13.9
23029,6650,Paladin,Holy,Herald of the Sun,Healer,US,Altar of Fangs,11,1,1534.0,23093,1,296.0,2026-08-19,0,-1,1550.0,13.9
23035,2535,DemonHunter,Devourer,Void-Scarred,DPS,US,Den of Nalorakk,11,1,1545.1,152360,0,302.0,2026-08-20,0,-1,1542.0,19.7
23035,5700,Shaman,Elemental,Farseer,DPS,US,Den of Nalorakk,11,1,1545.1,167041,1,296.0,2026-08-20,0,-1,1542.0,19.7
23035,5699,Monk,Windwalker,Shado-Pan,DPS,US,Den of Nalorakk,11,1,1545.1,149883,0,304.0,2026-08-20,0,-1,1542.0,19.7
23035,37025,Monk,Mistweaver,Conduit of the Celestials,Healer,US,Den of Nalorakk,11,1,1545.1,39962,0,295.0,2026-08-20,0,-1,1542.0,19.7
23035,5696,DeathKnight,Blood,San'layn,Tank,US,Den of Nalorakk,11,1,1545.1,97805,0,305.0,2026-08-20,0,-1,1542.0,19.7
23036,51034,Monk,Windwalker,Shado-Pan,DPS,US,Voidscar Arena,5,1,991.7,112090,0,284.0,2026-08-20,0,-1,984.0,45.4
23036,51033,Shaman,Elemental,Farseer,DPS,US,Voidscar Arena,5,1,991.7,130038,0,292.0,2026-08-20,0,-1,984.0,45.4
23036,51031,Evoker,Preservation,Chronowarden,Healer,US,Voidscar Arena,5,1,991.7,21478,1,299.0,2026-08-20,0,-1,984.0,45.4
23036,51030,Druid,Guardian,Elune's Chosen,Tank,US,Voidscar Arena,5,1,991.7,75089,0,298.0,2026-08-20,0,-1,984.0,45.4
23036,51032,Rogue,Assassination,Deathstalker,DPS,US,Voidscar Arena,5,1,991.7,178558,1,298.0,2026-08-20,0,-1,984.0,45.4
23039,51041,Druid,Guardian,Elune's Chosen,Tank,US,The Blinding Vale,3,1,1042.3,66254,2,302.0,2026-08-19,0,-1,1034.0,42.6
23039,43986,Priest,Holy,Archon,Healer,US,The Blinding Vale,3,1,1042.3,5874,0,297.0,2026-08-19,0,-1,1034.0,42.6
23039,51042,Hunter,BeastMastery,Pack Leader,DPS,US,The Blinding Vale,3,1,1042.3,131326,1,292.0,2026-08-19,0,-1,1034.0,42.6
23039,43987,Warrior,Arms,Slayer,DPS,US,The Blinding Vale,3,1,1042.3,138689,2,298.0,2026-08-19,0,-1,1034.0,42.6
23039,51043,Shaman,Elemental,Farseer,DPS,US,The Blinding Vale,3,1,1042.3,142920,1,297.0,2026-08-19,0,-1,1034.0,42.6
23043,20310,Paladin,Retribution,Templar,DPS,US,Kings' Rest,12,1,1910.5,134550,0,297.0,2026-08-19,0,-1,1932.0,2.4
23043,20308,Priest,Holy,Oracle,Healer,US,Kings' Rest,12,1,1910.5,21871,0,293.0,2026-08-19,0,-1,1932.0,2.4
23043,3659,Paladin,Protection,Templar,Tank,US,Kings' Rest,12,1,1910.5,76592,0,303.0,2026-08-19,0,-1,1932.0,2.4
23043,20309,Druid,Balance,Elune's Chosen,DPS,US,Kings' Rest,12,1,1910.5,124074,0,297.0,2026-08-19,0,-1,1932.0,2.4
23043,51049,Hunter,Marksmanship,Sentinel,DPS,US,Kings' Rest,12,1,1910.5,123257,1,290.0,2026-08-19,0,-1,1932.0,2.4
23048,51057,Paladin,Holy,Lightsmith,Healer,CN,Voidscar Arena,2,1,900.4,35354,0,290.0,2026-08-20,0,-1,892.0,50.5
23048,51060,Mage,Arcane,Sunfury,DPS,CN,Voidscar Arena,2,1,900.4,111400,0,294.0,2026-08-20,0,-1,892.0,50.5
23048,51056,Warrior,Protection,Mountain Thane,Tank,CN,Voidscar Arena,2,1,900.4,76209,0,292.0,2026-08-20,0,-1,892.0,50.5
23048,51058,Shaman,Elemental,Farseer,DPS,CN,Voidscar Arena,2,1,900.4,95452,0,282.0,2026-08-20,0,-1,892.0,50.5
23048,51059,Paladin,Retribution,Templar,DPS,CN,Voidscar Arena,2,1,900.4,98242,0,281.0,2026-08-20,0,-1,892.0,50.5
23053,10295,Warrior,Arms,Slayer,DPS,US,The Blinding Vale,10,1,1133.1,255890,0,307.0,2026-08-20,0,-1,1129.0,37.3
23053,8498,DeathKnight,Blood,San'layn,Tank,US,The Blinding Vale,10,1,1133.1,129476,0,295.0,2026-08-20,0,-1,1129.0,37.3
23053,822,Evoker,Devastation,Scalecommander,DPS,US,The Blinding Vale,10,1,1133.1,209203,0,297.0,2026-08-20,0,-1,1129.0,37.3
23053,47003,Druid,Restoration,Wildstalker,Healer,US,The Blinding Vale,10,1,1133.1,12899,1,293.0,2026-08-20,0,-1,1129.0,37.3
23053,42578,Warlock,Demonology,Diabolist,DPS,US,The Blinding Vale,10,1,1133.1,216866,0,298.0,2026-08-20,0,-1,1129.0,37.3
23055,2772,Paladin,Protection,Lightsmith,Tank,US,The Blinding Vale,11,1,1407.9,109197,1,293.0,2026-08-19,0,-1,1430.0,20.6
23055,66,Monk,Mistweaver,Conduit of the Celestials,Healer,US,The Blinding Vale,11,1,1407.9,54502,1,302.0,2026-08-19,0,-1,1430.0,20.6
23055,46368,Shaman,Elemental,Farseer,DPS,US,The Blinding Vale,11,1,1407.9,226667,2,293.0,2026-08-19,0,-1,1430.0,20.6
23055,51067,DemonHunter,Devourer,Annihilator,DPS,US,The Blinding Vale,11,1,1407.9,252074,1,298.0,2026-08-19,0,-1,1430.0,20.6
23055,4979,Monk,Windwalker,Shado-Pan,DPS,US,The Blinding Vale,11,1,1407.9,180449,1,296.0,2026-08-19,0,-1,1430.0,20.6
23059,41888,Warrior,Arms,Slayer,DPS,US,Voidscar Arena,10,1,1166.8,207921,0,306.0,2026-08-19,0,-1,1168.0,35.1
23059,51073,Paladin,Holy,Herald of the Sun,Healer,US,Voidscar Arena,10,1,1166.8,11109,0,299.0,2026-08-19,0,-1,1168.0,35.1
23059,23273,Paladin,Protection,Lightsmith,Tank,US,Voidscar Arena,10,1,1166.8,95835,0,293.0,2026-08-19,0,-1,1168.0,35.1
23059,51074,Hunter,BeastMastery,Pack Leader,DPS,US,Voidscar Arena,10,1,1166.8,165466,2,291.0,2026-08-19,0,-1,1168.0,35.1
23059,37233,Shaman,Elemental,Farseer,DPS,US,Voidscar Arena,10,1,1166.8,193989,0,295.0,2026-08-19,0,-1,1168.0,35.1
23060,18817,Warrior,Arms,Slayer,DPS,EU,Voidscar Arena,13,1,1661.0,185097,4,304.0,2026-08-19,0,-1,1743.0,3.2
23060,50568,DeathKnight,Blood,San'layn,Tank,EU,Voidscar Arena,13,1,1661.0,91410,1,300.0,2026-08-19,0,-1,1743.0,3.2
23060,50569,Shaman,Elemental,Farseer,DPS,EU,Voidscar Arena,13,1,1661.0,185963,0,302.0,2026-08-19,0,-1,1743.0,3.2
23060,24449,Rogue,Outlaw,Trickster,DPS,EU,Voidscar Arena,13,1,1661.0,199857,1,293.0,2026-08-19,0,-1,1743.0,3.2
23060,18816,Monk,Mistweaver,Conduit of the Celestials,Healer,EU,Voidscar Arena,13,1,1661.0,46480,0,304.0,2026-08-19,0,-1,1743.0,3.2
23061,51076,Mage,Arcane,Sunfury,DPS,EU,Temple of Sethraliss,12,1,1791.6,180783,1,302.0,2026-08-20,0,-1,1858.0,3.2
23061,20332,Paladin,Retribution,Templar,DPS,EU,Temple of Sethraliss,12,1,1791.6,213221,1,303.0,2026-08-20,0,-1,1858.0,3.2
23061,51077,DemonHunter,Devourer,Void-Scarred,DPS,EU,Temple of Sethraliss,12,1,1791.6,147892,2,298.0,2026-08-20,0,-1,1858.0,3.2
23061,51075,DeathKnight,Blood,San'layn,Tank,EU,Temple of Sethraliss,12,1,1791.6,91382,0,298.0,2026-08-20,0,-1,1858.0,3.2
23061,22349,Shaman,Restoration,Totemic,Healer,EU,Temple of Sethraliss,12,1,1791.6,23640,1,298.0,2026-08-20,0,-1,1858.0,3.2
23073,51102,Paladin,Retribution,Templar,DPS,US,Temple of Sethraliss,12,1,1535.1,221243,2,308.0,2026-08-20,0,-1,1572.0,18.1
23073,39,DeathKnight,Unholy,Rider of the Apocalypse,DPS,US,Temple of Sethraliss,12,1,1535.1,205830,1,303.0,2026-08-20,0,-1,1572.0,18.1
23073,5943,Druid,Guardian,Elune's Chosen,Tank,US,Temple of Sethraliss,12,1,1535.1,95438,0,295.0,2026-08-20,0,-1,1572.0,18.1
23073,3529,Paladin,Holy,Herald of the Sun,Healer,US,Temple of Sethraliss,12,1,1535.1,10486,0,303.0,2026-08-20,0,-1,1572.0,18.1
23073,5372,Shaman,Elemental,Farseer,DPS,US,Temple of Sethraliss,12,1,1535.1,181993,0,297.0,2026-08-20,0,-1,1572.0,18.1
23075,17077,Monk,Windwalker,Shado-Pan,DPS,EU,Ruby Life Pools,11,1,1338.5,167754,0,307.0,2026-08-19,0,-1,1335.0,20.5
23075,14417,Shaman,Elemental,Farseer,DPS,EU,Ruby Life Pools,11,1,1338.5,179324,0,298.0,2026-08-19,0,-1,1335.0,20.5
23075,14415,Paladin,Holy,Herald of the Sun,Healer,EU,Ruby Life Pools,11,1,1338.5,19849,1,297.0,2026-08-19,0,-1,1335.0,20.5
23075,14414,Warrior,Protection,Mountain Thane,Tank,EU,Ruby Life Pools,11,1,1338.5,142567,0,304.0,2026-08-19,0,-1,1335.0,20.5
23075,46647,Shaman,Enhancement,Stormbringer,DPS,EU,Ruby Life Pools,11,1,1338.5,180890,0,293.0,2026-08-19,0,-1,1335.0,20.5
23079,8085,DeathKnight,Unholy,San'layn,DPS,US,Ruby Life Pools,12,1,1228.6,238662,0,296.0,2026-08-19,0,-1,1220.0,27.4
23079,11446,Paladin,Retribution,Herald of the Sun,DPS,US,Ruby Life Pools,12,1,1228.6,251400,0,300.0,2026-08-19,0,-1,1220.0,27.4
23079,7621,DeathKnight,Blood,San'layn,Tank,US,Ruby Life Pools,12,1,1228.6,154535,0,306.0,2026-08-19,0,-1,1220.0,27.4
23079,8524,DemonHunter,Devourer,Annihilator,DPS,US,Ruby Life Pools,12,1,1228.6,265452,0,304.0,2026-08-19,0,-1,1220.0,27.4
23079,45731,Shaman,Restoration,Totemic,Healer,US,Ruby Life Pools,12,1,1228.6,48411,0,300.0,2026-08-19,0,-1,1220.0,27.4
23084,51113,Druid,Guardian,Elune's Chosen,Tank,US,Den of Nalorakk,12,1,1760.5,76686,0,297.0,2026-08-19,0,-1,1797.0,6.4
23084,5896,Shaman,Restoration,Totemic,Healer,US,Den of Nalorakk,12,1,1760.5,25164,2,297.0,2026-08-19,0,-1,1797.0,6.4
23084,51115,Warrior,Arms,Slayer,DPS,US,Den of Nalorakk,12,1,1760.5,149177,1,306.0,2026-08-19,0,-1,1797.0,6.4
23084,51114,Druid,Feral,Druid of the Claw,DPS,US,Den of Nalorakk,12,1,1760.5,168495,0,294.0,2026-08-19,0,-1,1797.0,6.4
23084,102,Paladin,Retribution,Templar,DPS,US,Den of Nalorakk,12,1,1760.5,177953,0,301.0,2026-08-19,0,-1,1797.0,6.4
23085,9740,Monk,Brewmaster,Master of Harmony,Tank,US,The Blinding Vale,10,1,1212.9,124321,1,300.0,2026-08-19,0,-1,1240.0,31.1
23085,7713,Rogue,Subtlety,Trickster,DPS,US,The Blinding Vale,10,1,1212.9,224889,2,302.0,2026-08-19,0,-1,1240.0,31.1
23085,9742,Monk,Windwalker,Shado-Pan,DPS,US,The Blinding Vale,10,1,1212.9,199426,1,306.0,2026-08-19,0,-1,1240.0,31.1
23085,8412,Mage,Arcane,Sunfury,DPS,US,The Blinding Vale,10,1,1212.9,213431,1,303.0,2026-08-19,0,-1,1240.0,31.1
23085,11360,Monk,Mistweaver,Conduit of the Celestials,Healer,US,The Blinding Vale,10,1,1212.9,47756,2,299.0,2026-08-19,0,-1,1240.0,31.1
23086,19917,DemonHunter,Devourer,Unknown,DPS,US,Den of Nalorakk,11,1,1500.6,169203,1,301.0,2026-08-19,0,-1,1497.0,22.0
23086,8633,Paladin,Retribution,Unknown,DPS,US,Den of Nalorakk,11,1,1500.6,163858,0,294.0,2026-08-19,0,-1,1497.0,22.0
23086,21108,Mage,Arcane,Unknown,DPS,US,Den of Nalorakk,11,1,1500.6,189521,0,297.0,2026-08-19,0,-1,1497.0,22.0
23086,22018,Paladin,Protection,Unknown,Tank,US,Den of Nalorakk,11,1,1500.6,70712,0,294.0,2026-08-19,0,-1,1497.0,22.0
23086,51116,Shaman,Restoration,Unknown,Healer,US,Den of Nalorakk,11,1,1500.6,27927,0,295.0,2026-08-19,0,-1,1497.0,22.0
23091,51128,Hunter,BeastMastery,Pack Leader,DPS,US,Ruby Life Pools,5,1,1015.3,142166,0,297.0,2026-08-20,0,-1,1007.0,40.1
23091,51126,Druid,Balance,Elune's Chosen,DPS,US,Ruby Life Pools,5,1,1015.3,132365,0,292.0,2026-08-20,0,-1,1007.0,40.1
23091,51125,Evoker,Preservation,Flameshaper,Healer,US,Ruby Life Pools,5,1,1015.3,38751,0,295.0,2026-08-20,0,-1,1007.0,40.1
23091,51127,Druid,Balance,Elune's Chosen,DPS,US,Ruby Life Pools,5,1,1015.3,134768,0,297.0,2026-08-20,0,-1,1007.0,40.1
23091,51124,DemonHunter,Vengeance,Annihilator,Tank,US,Ruby Life Pools,5,1,1015.3,76649,0,294.0,2026-08-20,0,-1,1007.0,40.1
23093,51130,Mage,Arcane,Sunfury,DPS,US,Den of Nalorakk,12,1,1669.5,213149,0,307.0,2026-08-19,0,-1,1706.0,11.2
23093,11830,Druid,Balance,Elune's Chosen,DPS,US,Den of Nalorakk,12,1,1669.5,185131,1,302.0,2026-08-19,0,-1,1706.0,11.2
23093,4442,DeathKnight,Blood,San'layn,Tank,US,Den of Nalorakk,12,1,1669.5,90319,0,302.0,2026-08-19,0,-1,1706.0,11.2
23093,20134,Paladin,Holy,Lightsmith,Healer,US,Den of Nalorakk,12,1,1669.5,27806,0,297.0,2026-08-19,0,-1,1706.0,11.2
23093,51129,Priest,Shadow,Voidweaver,DPS,US,Den of Nalorakk,12,1,1669.5,100539,2,294.0,2026-08-19,0,-1,1706.0,11.2
23108,51157,DeathKnight,Unholy,San'layn,DPS,US,Ruby Life Pools,7,1,1031.0,172273,0,289.0,2026-08-19,0,-1,1023.0,39.1
23108,51156,Warrior,Arms,Slayer,DPS,US,Ruby Life Pools,7,1,1031.0,167375,0,293.0,2026-08-19,0,-1,1023.0,39.1
23108,51154,Priest,Holy,Oracle,Healer,US,Ruby Life Pools,7,1,1031.0,35978,0,291.0,2026-08-19,0,-1,1023.0,39.1
23108,51155,Hunter,Marksmanship,Sentinel,DPS,US,Ruby Life Pools,7,1,1031.0,197901,0,293.0,2026-08-19,0,-1,1023.0,39.1
23108,51153,Paladin,Protection,Templar,Tank,US,Ruby Life Pools,7,1,1031.0,87682,0,291.0,2026-08-19,0,-1,1023.0,39.1
23109,15157,Mage,Arcane,Sunfury,DPS,US,Ruby Life Pools,10,1,1128.5,241967,1,300.0,2026-08-19,0,-1,1145.0,31.8
23109,23409,DeathKnight,Blood,San'layn,Tank,US,Ruby Life Pools,10,1,1128.5,125256,0,292.0,2026-08-19,0,-1,1145.0,31.8
23109,51158,Druid,Balance,Elune's Chosen,DPS,US,Ruby Life Pools,10,1,1128.5,171527,2,298.0,2026-08-19,0,-1,1145.0,31.8
23109,51159,Rogue,Assassination,Deathstalker,DPS,US,Ruby Life Pools,10,1,1128.5,193172,1,293.0,2026-08-19,0,-1,1145.0,31.8
23109,50379,Monk,Mistweaver,Master of Harmony,Healer,US,Ruby Life Pools,10,1,1128.5,45838,1,295.0,2026-08-19,0,-1,1145.0,31.8
23122,51183,DeathKnight,Unholy,San'layn,DPS,EU,Temple of Sethraliss,11,1,1319.4,228102,0,298.0,2026-08-20,0,-1,1326.0,30.9
23122,51184,Hunter,BeastMastery,Pack Leader,DPS,EU,Temple of Sethraliss,11,1,1319.4,181550,1,298.0,2026-08-20,0,-1,1326.0,30.9
23122,20529,Paladin,Protection,Lightsmith,Tank,EU,Temple of Sethraliss,11,1,1319.4,128905,0,300.0,2026-08-20,0,-1,1326.0,30.9
23122,51185,Warlock,Demonology,Diabolist,DPS,EU,Temple of Sethraliss,11,1,1319.4,245379,1,302.0,2026-08-20,0,-1,1326.0,30.9
23122,14385,Druid,Restoration,Wildstalker,Healer,EU,Temple of Sethraliss,11,1,1319.4,19364,1,300.0,2026-08-20,0,-1,1326.0,30.9
23124,2118,Warlock,Destruction,Diabolist,DPS,US,Den of Nalorakk,12,1,1520.5,177008,0,304.0,2026-08-19,0,-1,1526.0,20.5
23124,7997,Druid,Feral,Wildstalker,DPS,US,Den of Nalorakk,12,1,1520.5,155674,0,297.0,2026-08-19,0,-1,1526.0,20.5
23124,10486,Shaman,Restoration,Totemic,Healer,US,Den of Nalorakk,12,1,1520.5,31003,0,298.0,2026-08-19,0,-1,1526.0,20.5
23124,7994,DemonHunter,Vengeance,Annihilator,Tank,US,Den of Nalorakk,12,1,1520.5,93594,0,303.0,2026-08-19,0,-1,1526.0,20.5
23124,7996,Mage,Fire,Sunfury,DPS,US,Den of Nalorakk,12,1,1520.5,179089,1,300.0,2026-08-19,0,-1,1526.0,20.5
23133,51211,Paladin,Retribution,Templar,DPS,US,Ruby Life Pools,4,1,973.7,134389,0,298.0,2026-08-20,0,-1,965.0,42.5
23133,51210,Priest,Discipline,Oracle,Healer,US,Ruby Life Pools,4,1,973.7,16116,0,294.0,2026-08-20,0,-1,965.0,42.5
23133,51212,Mage,Frost,Frostfire,DPS,US,Ruby Life Pools,4,1,973.7,81074,1,295.0,2026-08-20,0,-1,965.0,42.5
23133,51213,Shaman,Elemental,Farseer,DPS,US,Ruby Life Pools,4,1,973.7,128706,0,292.0,2026-08-20,0,-1,965.0,42.5
23133,51209,DemonHunter,Vengeance,Annihilator,Tank,US,Ruby Life Pools,4,1,973.7,88664,0,297.0,2026-08-20,0,-1,965.0,42.5
23136,51214,DeathKnight,Blood,San'layn,Tank,EU,Voidscar Arena,11,1,1409.9,78705,0,299.0,2026-08-19,0,-1,1422.0,21.0
23136,51215,Mage,Frost,Spellslinger,DPS,EU,Voidscar Arena,11,1,1409.9,166984,1,294.0,2026-08-19,0,-1,1422.0,21.0
23136,24865,Monk,Mistweaver,Conduit of the Celestials,Healer,EU,Voidscar Arena,11,1,1409.9,40460,0,299.0,2026-08-19,0,-1,1422.0,21.0
23136,51216,DemonHunter,Devourer,Annihilator,DPS,EU,Voidscar Arena,11,1,1409.9,187553,2,301.0,2026-08-19,0,-1,1422.0,21.0
23136,21011,Warrior,Arms,Slayer,DPS,EU,Voidscar Arena,11,1,1409.9,204153,1,300.0,2026-08-19,0,-1,1422.0,21.0
23139,37530,Monk,Mistweaver,Conduit of the Celestials,Healer,CN,Den of Nalorakk,5,1,957.5,36902,1,293.0,2026-08-19,0,-1,949.0,50.6
23139,51223,Shaman,Elemental,Farseer,DPS,CN,Den of Nalorakk,5,1,957.5,178956,0,295.0,2026-08-19,0,-1,949.0,50.6
23139,51221,DeathKnight,Blood,Deathbringer,Tank,CN,Den of Nalorakk,5,1,957.5,87479,0,294.0,2026-08-19,0,-1,949.0,50.6
23139,51222,Mage,Arcane,Sunfury,DPS,CN,Den of Nalorakk,5,1,957.5,99686,1,293.0,2026-08-19,0,-1,949.0,50.6
23139,51224,Rogue,Subtlety,Trickster,DPS,CN,Den of Nalorakk,5,1,957.5,195890,0,294.0,2026-08-19,0,-1,949.0,50.6
23140,51225,Shaman,Restoration,Unknown,Healer,US,Murder Row,10,1,1290.2,16486,0,300.0,2026-08-19,0,-1,1287.0,36.9
23140,3370,Warrior,Arms,Unknown,DPS,US,Murder Row,10,1,1290.2,184876,1,300.0,2026-08-19,0,-1,1287.0,36.9
23140,43564,Druid,Balance,Unknown,DPS,US,Murder Row,10,1,1290.2,212584,0,296.0,2026-08-19,0,-1,1287.0,36.9
23140,2720,DeathKnight,Blood,Unknown,Tank,US,Murder Row,10,1,1290.2,137528,0,297.0,2026-08-19,0,-1,1287.0,36.9
23140,51226,Mage,Arcane,Unknown,DPS,US,Murder Row,10,1,1290.2,225811,0,304.0,2026-08-19,0,-1,1287.0,36.9
23142,51227,Warrior,Protection,Mountain Thane,Tank,US,Temple of Sethraliss,2,1,1042.2,60274,0,293.0,2026-08-20,0,-1,1034.0,46.2
23142,51229,Priest,Shadow,Archon,DPS,US,Temple of Sethraliss,2,1,1042.2,102540,0,294.0,2026-08-20,0,-1,1034.0,46.2
23142,51228,Paladin,Holy,Herald of the Sun,Healer,US,Temple of Sethraliss,2,1,1042.2,8253,0,286.0,2026-08-20,0,-1,1034.0,46.2
23142,51230,Mage,Frost,Spellslinger,DPS,US,Temple of Sethraliss,2,1,1042.2,120708,0,284.0,2026-08-20,0,-1,1034.0,46.2
23142,51231,Paladin,Retribution,Templar,DPS,US,Temple of Sethraliss,2,1,1042.2,103505,0,285.0,2026-08-20,0,-1,1034.0,46.2
23144,5686,Mage,Arcane,Sunfury,DPS,US,Kings' Rest,8,1,1178.1,148048,2,300.0,2026-08-19,0,-1,1215.0,38.6
23144,43915,Monk,Mistweaver,Conduit of the Celestials,Healer,US,Kings' Rest,8,1,1178.1,36359,1,298.0,2026-08-19,0,-1,1215.0,38.6
23144,7275,Monk,Brewmaster,Master of Harmony,Tank,US,Kings' Rest,8,1,1178.1,94654,1,297.0,2026-08-19,0,-1,1215.0,38.6
23144,51234,Rogue,Outlaw,Trickster,DPS,US,Kings' Rest,8,1,1178.1,125840,3,292.0,2026-08-19,0,-1,1215.0,38.6
23144,51235,Warrior,Arms,Slayer,DPS,US,Kings' Rest,8,1,1178.1,115739,2,297.0,2026-08-19,0,-1,1215.0,38.6
23147,9838,DeathKnight,Unholy,Rider of the Apocalypse,DPS,US,Voidscar Arena,11,1,1446.1,193016,0,294.0,2026-08-19,0,-1,1448.0,19.6
23147,30462,Warrior,Arms,Slayer,DPS,US,Voidscar Arena,11,1,1446.1,140525,2,299.0,2026-08-19,0,-1,1448.0,19.6
23147,51237,Mage,Frost,Spellslinger,DPS,US,Voidscar Arena,11,1,1446.1,188393,0,301.0,2026-08-19,0,-1,1448.0,19.6
23147,18825,Shaman,Restoration,Totemic,Healer,US,Voidscar Arena,11,1,1446.1,28721,0,303.0,2026-08-19,0,-1,1448.0,19.6
23147,6296,Paladin,Protection,Lightsmith,Tank,US,Voidscar Arena,11,1,1446.1,85234,0,294.0,2026-08-19,0,-1,1448.0,19.6
23149,51243,Shaman,Restoration,Totemic,Healer,US,Altar of Fangs,11,1,1433.1,18041,1,295.0,2026-08-20,0,-1,1440.0,20.0
23149,2602,Druid,Balance,Elune's Chosen,DPS,US,Altar of Fangs,11,1,1433.1,208317,1,301.0,2026-08-20,0,-1,1440.0,20.0
23149,2603,Warrior,Arms,Slayer,DPS,US,Altar of Fangs,11,1,1433.1,219948,0,298.0,2026-08-20,0,-1,1440.0,20.0
23149,2373,DeathKnight,Blood,San'layn,Tank,US,Altar of Fangs,11,1,1433.1,153722,0,299.0,2026-08-20,0,-1,1440.0,20.0
23149,51244,Monk,Windwalker,Shado-Pan,DPS,US,Altar of Fangs,11,1,1433.1,159525,1,298.0,2026-08-20,0,-1,1440.0,20.0
23150,40425,Monk,Mistweaver,Conduit of the Celestials,Healer,US,Voidscar Arena,12,0,1923.6,39111,3,295.0,2026-08-19,0,-1,2170.0,-20.6
23150,51245,DeathKnight,Blood,San'layn,Tank,US,Voidscar Arena,12,0,1923.6,99177,2,301.0,2026-08-19,0,-1,2170.0,-20.6
23150,40424,Monk,Windwalker,Shado-Pan,DPS,US,Voidscar Arena,12,0,1923.6,128666,4,295.0,2026-08-19,0,-1,2170.0,-20.6
23150,51246,DeathKnight,Unholy,San'layn,DPS,US,Voidscar Arena,12,0,1923.6,158267,4,294.0,2026-08-19,0,-1,2170.0,-20.6
23150,5671,Mage,Arcane,Sunfury,DPS,US,Voidscar Arena,12,0,1923.6,153022,6,300.0,2026-08-19,0,-1,2170.0,-20.6
23151,44972,Paladin,Holy,Herald of the Sun,Healer,US,Temple of Sethraliss,10,1,1140.0,27755,0,286.0,2026-08-20,0,-1,1147.0,40.3
23151,44974,Rogue,Outlaw,Trickster,DPS,US,Temple of Sethraliss,10,1,1140.0,192756,1,292.0,2026-08-20,0,-1,1147.0,40.3
23151,44971,DeathKnight,Blood,San'layn,Tank,US,Temple of Sethraliss,10,1,1140.0,153536,0,302.0,2026-08-20,0,-1,1147.0,40.3
23151,1318,Priest,Shadow,Archon,DPS,US,Temple of Sethraliss,10,1,1140.0,177985,1,295.0,2026-08-20,0,-1,1147.0,40.3
23151,45156,Shaman,Enhancement,Stormbringer,DPS,US,Temple of Sethraliss,10,1,1140.0,232196,1,295.0,2026-08-20,0,-1,1147.0,40.3
23155,51253,Hunter,BeastMastery,Pack Leader,DPS,US,Murder Row,11,1,1607.1,125703,2,298.0,2026-08-19,0,-1,1608.0,21.2
23155,3314,Mage,Arcane,Sunfury,DPS,US,Murder Row,11,1,1607.1,212650,0,305.0,2026-08-19,0,-1,1608.0,21.2
23155,51251,Warrior,Protection,Mountain Thane,Tank,US,Murder Row,11,1,1607.1,100752,0,298.0,2026-08-19,0,-1,1608.0,21.2
23155,5266,Priest,Holy,Oracle,Healer,US,Murder Row,11,1,1607.1,21909,0,293.0,2026-08-19,0,-1,1608.0,21.2
23155,51252,Paladin,Retribution,Herald of the Sun,DPS,US,Murder Row,11,1,1607.1,190272,0,304.0,2026-08-19,0,-1,1608.0,21.2
23158,48997,Shaman,Restoration,Totemic,Healer,EU,Ruby Life Pools,2,1,707.9,29480,0,291.0,2026-08-20,0,-1,700.0,58.4
23158,49000,Mage,Arcane,Sunfury,DPS,EU,Ruby Life Pools,2,1,707.9,120769,0,285.0,2026-08-20,0,-1,700.0,58.4
23158,48998,Warrior,Arms,Slayer,DPS,EU,Ruby Life Pools,2,1,707.9,140797,0,289.0,2026-08-20,0,-1,700.0,58.4
23158,48996,Warrior,Protection,Mountain Thane,Tank,EU,Ruby Life Pools,2,1,707.9,106325,0,292.0,2026-08-20,0,-1,700.0,58.4
23158,48999,DeathKnight,Unholy,Rider of the Apocalypse,DPS,EU,Ruby Life Pools,2,1,707.9,128035,0,289.0,2026-08-20,0,-1,700.0,58.4
23159,47744,Druid,Balance,Elune's Chosen,DPS,CN,Temple of Sethraliss,12,1,1584.5,205506,0,296.0,2026-08-20,0,-1,1591.0,17.1
23159,47740,Paladin,Protection,Lightsmith,Tank,CN,Temple of Sethraliss,12,1,1584.5,105521,0,288.0,2026-08-20,0,-1,1591.0,17.1
23159,47741,Paladin,Holy,Lightsmith,Healer,CN,Temple of Sethraliss,12,1,1584.5,23986,0,289.0,2026-08-20,0,-1,1591.0,17.1
23159,47742,Mage,Arcane,Sunfury,DPS,CN,Temple of Sethraliss,12,1,1584.5,164491,1,299.0,2026-08-20,0,-1,1591.0,17.1
23159,47743,Paladin,Retribution,Herald of the Sun,DPS,CN,Temple of Sethraliss,12,1,1584.5,217359,0,297.0,2026-08-20,0,-1,1591.0,17.1
23166,21652,Paladin,Retribution,Templar,DPS,US,The Blinding Vale,11,1,1313.0,256034,0,300.0,2026-08-20,0,-1,1309.0,27.3
23166,51266,Druid,Guardian,Elune's Chosen,Tank,US,The Blinding Vale,11,1,1313.0,96382,0,295.0,2026-08-20,0,-1,1309.0,27.3
23166,46035,Shaman,Restoration,Totemic,Healer,US,The Blinding Vale,11,1,1313.0,28364,0,297.0,2026-08-20,0,-1,1309.0,27.3
23166,51267,DeathKnight,Unholy,Rider of the Apocalypse,DPS,US,The Blinding Vale,11,1,1313.0,225523,0,292.0,2026-08-20,0,-1,1309.0,27.3
23166,21653,Rogue,Assassination,Deathstalker,DPS,US,The Blinding Vale,11,1,1313.0,249080,1,298.0,2026-08-20,0,-1,1309.0,27.3
23168,14707,DeathKnight,Blood,San'layn,Tank,EU,Altar of Fangs,10,1,1191.5,117677,1,296.0,2026-08-19,0,-1,1208.0,32.9
23168,14734,Warrior,Arms,Slayer,DPS,EU,Altar of Fangs,10,1,1191.5,264517,1,306.0,2026-08-19,0,-1,1208.0,32.9
23168,22369,Shaman,Elemental,Farseer,DPS,EU,Altar of Fangs,10,1,1191.5,185611,1,298.0,2026-08-19,0,-1,1208.0,32.9
23168,51268,Druid,Feral,Druid of the Claw,DPS,EU,Altar of Fangs,10,1,1191.5,256699,1,296.0,2026-08-19,0,-1,1208.0,32.9
23168,17774,Druid,Restoration,Wildstalker,Healer,EU,Altar of Fangs,10,1,1191.5,41902,1,294.0,2026-08-19,0,-1,1208.0,32.9
23172,349,DemonHunter,Devourer,Annihilator,DPS,US,Den of Nalorakk,10,1,1219.7,167787,0,297.0,2026-08-19,0,-1,1216.0,36.7
23172,1860,Warrior,Fury,Slayer,DPS,US,Den of Nalorakk,10,1,1219.7,180936,1,300.0,2026-08-19,0,-1,1216.0,36.7
23172,5546,Evoker,Devastation,Scalecommander,DPS,US,Den of Nalorakk,10,1,1219.7,237273,0,302.0,2026-08-19,0,-1,1216.0,36.7
23172,3549,Priest,Holy,Oracle,Healer,US,Den of Nalorakk,10,1,1219.7,30772,0,295.0,2026-08-19,0,-1,1216.0,36.7
23172,1858,Paladin,Protection,Lightsmith,Tank,US,Den of Nalorakk,10,1,1219.7,101831,0,302.0,2026-08-19,0,-1,1216.0,36.7
23173,51278,Paladin,Holy,Herald of the Sun,Healer,US,The Blinding Vale,9,1,1093.0,9666,0,295.0,2026-08-20,0,-1,1084.0,39.8
23173,51279,DemonHunter,Devourer,Annihilator,DPS,US,The Blinding Vale,9,1,1093.0,204347,0,292.0,2026-08-20,0,-1,1084.0,39.8
23173,51277,Druid,Guardian,Elune's Chosen,Tank,US,The Blinding Vale,9,1,1093.0,96207,0,301.0,2026-08-20,0,-1,1084.0,39.8
23173,9620,Mage,Arcane,Sunfury,DPS,US,The Blinding Vale,9,1,1093.0,233656,0,302.0,2026-08-20,0,-1,1084.0,39.8
23173,11440,Druid,Balance,Elune's Chosen,DPS,US,The Blinding Vale,9,1,1093.0,202310,0,298.0,2026-08-20,0,-1,1084.0,39.8
23176,22714,Shaman,Restoration,Totemic,Healer,EU,Altar of Fangs,12,1,1504.9,27108,0,286.0,2026-08-19,0,-1,1571.0,12.7
23176,22713,Monk,Brewmaster,Master of Harmony,Tank,EU,Altar of Fangs,12,1,1504.9,126585,0,292.0,2026-08-19,0,-1,1571.0,12.7
23176,22715,Warrior,Arms,Slayer,DPS,EU,Altar of Fangs,12,1,1504.9,253727,2,295.0,2026-08-19,0,-1,1571.0,12.7
23176,19141,Hunter,BeastMastery,Pack Leader,DPS,EU,Altar of Fangs,12,1,1504.9,207215,2,294.0,2026-08-19,0,-1,1571.0,12.7
23176,22716,Rogue,Outlaw,Trickster,DPS,EU,Altar of Fangs,12,1,1504.9,259185,1,294.0,2026-08-19,0,-1,1571.0,12.7
23177,43149,DeathKnight,Blood,Deathbringer,Tank,EU,Ruby Life Pools,8,1,965.3,121573,0,299.0,2026-08-20,0,-1,957.0,43.1
23177,43153,Paladin,Retribution,Templar,DPS,EU,Ruby Life Pools,8,1,965.3,209043,0,295.0,2026-08-20,0,-1,957.0,43.1
23177,43150,Paladin,Holy,Herald of the Sun,Healer,EU,Ruby Life Pools,8,1,965.3,11211,0,294.0,2026-08-20,0,-1,957.0,43.1
23177,43151,Mage,Arcane,Sunfury,DPS,EU,Ruby Life Pools,8,1,965.3,250240,0,296.0,2026-08-20,0,-1,957.0,43.1
23177,43152,Druid,Feral,Druid of the Claw,DPS,EU,Ruby Life Pools,8,1,965.3,158717,0,296.0,2026-08-20,0,-1,957.0,43.1
23179,51285,Mage,Arcane,Sunfury,DPS,US,Murder Row,4,1,1103.7,112090,0,291.0,2026-08-20,0,-1,1095.0,46.3
23179,32905,Paladin,Protection,Lightsmith,Tank,US,Murder Row,4,1,1103.7,73494,0,294.0,2026-08-20,0,-1,1095.0,46.3
23179,32906,Priest,Holy,Oracle,Healer,US,Murder Row,4,1,1103.7,15867,0,295.0,2026-08-20,0,-1,1095.0,46.3
23179,32909,Rogue,Outlaw,Trickster,DPS,US,Murder Row,4,1,1103.7,148873,0,293.0,2026-08-20,0,-1,1095.0,46.3
23179,51284,Mage,Arcane,Sunfury,DPS,US,Murder Row,4,1,1103.7,127950,0,292.0,2026-08-20,0,-1,1095.0,46.3
23187,3957,DemonHunter,Devourer,Annihilator,DPS,US,Kings' Rest,11,1,1432.5,172772,1,299.0,2026-08-19,0,-1,1439.0,27.3
23187,43112,Hunter,Marksmanship,Sentinel,DPS,US,Kings' Rest,11,1,1432.5,113256,1,296.0,2026-08-19,0,-1,1439.0,27.3
23187,40255,Paladin,Retribution,Templar,DPS,US,Kings' Rest,11,1,1432.5,159645,0,296.0,2026-08-19,0,-1,1439.0,27.3
23187,9214,DeathKnight,Blood,San'layn,Tank,US,Kings' Rest,11,1,1432.5,101700,0,303.0,2026-08-19,0,-1,1439.0,27.3
23187,8888,Paladin,Holy,Herald of the Sun,Healer,US,Kings' Rest,11,1,1432.5,10740,1,291.0,2026-08-19,0,-1,1439.0,27.3
23189,51299,Druid,Guardian,Elune's Chosen,Tank,US,The Blinding Vale,2,1,826.2,72326,0,292.0,2026-08-19,0,-1,818.0,54.6
23189,14347,DemonHunter,Devourer,Annihilator,DPS,US,The Blinding Vale,2,1,826.2,137647,0,292.0,2026-08-19,0,-1,818.0,54.6
23189,51300,Priest,Shadow,Voidweaver,DPS,US,The Blinding Vale,2,1,826.2,122600,0,285.0,2026-08-19,0,-1,818.0,54.6
23189,26155,Evoker,Preservation,Flameshaper,Healer,US,The Blinding Vale,2,1,826.2,45136,0,299.0,2026-08-19,0,-1,818.0,54.6
23189,51301,Warlock,Destruction,Hellcaller,DPS,US,The Blinding Vale,2,1,826.2,156010,0,297.0,2026-08-19,0,-1,818.0,54.6
23210,164,Mage,Arcane,Sunfury,DPS,US,Altar of Fangs,10,1,1213.7,214917,0,307.0,2026-08-20,0,-1,1205.0,33.1
23210,37273,Shaman,Elemental,Farseer,DPS,US,Altar of Fangs,10,1,1213.7,250214,0,300.0,2026-08-20,0,-1,1205.0,33.1
23210,160,DeathKnight,Blood,San'layn,Tank,US,Altar of Fangs,10,1,1213.7,159566,0,308.0,2026-08-20,0,-1,1205.0,33.1
23210,51340,Warlock,Destruction,Diabolist,DPS,US,Altar of Fangs,10,1,1213.7,192291,0,300.0,2026-08-20,0,-1,1205.0,33.1
23210,17847,Shaman,Restoration,Totemic,Healer,US,Altar of Fangs,10,1,1213.7,25216,0,300.0,2026-08-20,0,-1,1205.0,33.1
23217,51357,Paladin,Holy,Herald of the Sun,Healer,EU,Ruby Life Pools,2,1,841.9,23915,1,290.0,2026-08-19,0,-1,833.0,50.4
23217,41280,Shaman,Elemental,Farseer,DPS,EU,Ruby Life Pools,2,1,841.9,146882,0,292.0,2026-08-19,0,-1,833.0,50.4
23217,41279,DemonHunter,Havoc,Fel-Scarred,DPS,EU,Ruby Life Pools,2,1,841.9,114147,0,296.0,2026-08-19,0,-1,833.0,50.4
23217,51358,Druid,Balance,Keeper of the Grove,DPS,EU,Ruby Life Pools,2,1,841.9,84454,1,290.0,2026-08-19,0,-1,833.0,50.4
23217,41277,Warrior,Protection,Mountain Thane,Tank,EU,Ruby Life Pools,2,1,841.9,100894,0,292.0,2026-08-19,0,-1,833.0,50.4
23219,51359,Warrior,Protection,Unknown,Tank,CN,The Blinding Vale,5,1,835.1,123916,0,290.0,2026-08-20,0,-1,826.0,54.1
23219,51362,Warrior,Arms,Unknown,DPS,CN,The Blinding Vale,5,1,835.1,164520,0,294.0,2026-08-20,0,-1,826.0,54.1
23219,51360,Shaman,Restoration,Unknown,Healer,CN,The Blinding Vale,5,1,835.1,22041,0,292.0,2026-08-20,0,-1,826.0,54.1
23219,51363,DeathKnight,Unholy,Unknown,DPS,CN,The Blinding Vale,5,1,835.1,168979,0,293.0,2026-08-20,0,-1,826.0,54.1
23219,51361,Hunter,BeastMastery,Unknown,DPS,CN,The Blinding Vale,5,1,835.1,160628,0,291.0,2026-08-20,0,-1,826.0,54.1
23220,51364,DemonHunter,Vengeance,Annihilator,Tank,EU,Ruby Life Pools,7,1,978.8,116759,0,291.0,2026-08-19,0,-1,971.0,42.2
23220,51366,Hunter,BeastMastery,Pack Leader,DPS,EU,Ruby Life Pools,7,1,978.8,166648,0,289.0,2026-08-19,0,-1,971.0,42.2
23220,51367,Druid,Feral,Druid of the Claw,DPS,EU,Ruby Life Pools,7,1,978.8,180206,0,292.0,2026-08-19,0,-1,971.0,42.2
23220,42837,Warrior,Arms,Slayer,DPS,EU,Ruby Life Pools,7,1,978.8,167951,0,290.0,2026-08-19,0,-1,971.0,42.2
23220,51365,Monk,Mistweaver,Conduit of the Celestials,Healer,EU,Ruby Life Pools,7,1,978.8,46274,0,291.0,2026-08-19,0,-1,971.0,42.2
23222,47740,Paladin,Protection,Lightsmith,Tank,CN,Murder Row,12,1,1773.8,92600,1,288.0,2026-08-20,0,-1,1885.0,7.6
23222,47744,Druid,Balance,Elune's Chosen,DPS,CN,Murder Row,12,1,1773.8,228242,2,296.0,2026-08-20,0,-1,1885.0,7.6
23222,47742,Mage,Arcane,Sunfury,DPS,CN,Murder Row,12,1,1773.8,168812,1,299.0,2026-08-20,0,-1,1885.0,7.6
23222,47741,Paladin,Holy,Lightsmith,Healer,CN,Murder Row,12,1,1773.8,26119,2,287.0,2026-08-20,0,-1,1885.0,7.6
23222,47743,Paladin,Retribution,Herald of the Sun,DPS,CN,Murder Row,12,1,1773.8,189266,2,296.0,2026-08-20,0,-1,1885.0,7.6
23226,19162,Warrior,Arms,Slayer,DPS,EU,Murder Row,12,1,1844.1,166467,2,298.0,2026-08-19,0,-1,1956.0,4.1
23226,51375,Rogue,Outlaw,Trickster,DPS,EU,Murder Row,12,1,1844.1,125526,5,295.0,2026-08-19,0,-1,1956.0,4.1
23226,51374,Shaman,Restoration,Totemic,Healer,EU,Murder Row,12,1,1844.1,18164,1,294.0,2026-08-19,0,-1,1956.0,4.1
23226,21021,DeathKnight,Blood,San'layn,Tank,EU,Murder Row,12,1,1844.1,110942,0,305.0,2026-08-19,0,-1,1956.0,4.1
23226,25010,Paladin,Retribution,Templar,DPS,EU,Murder Row,12,1,1844.1,192453,0,301.0,2026-08-19,0,-1,1956.0,4.1
23227,5031,Shaman,Restoration,Totemic,Healer,US,Temple of Sethraliss,12,1,1600.8,14458,1,297.0,2026-08-19,0,-1,1637.0,14.8
23227,5233,Hunter,Marksmanship,Sentinel,DPS,US,Temple of Sethraliss,12,1,1600.8,165434,1,300.0,2026-08-19,0,-1,1637.0,14.8
23227,8734,Warrior,Arms,Slayer,DPS,US,Temple of Sethraliss,12,1,1600.8,215530,1,303.0,2026-08-19,0,-1,1637.0,14.8
23227,13387,DeathKnight,Blood,Deathbringer,Tank,US,Temple of Sethraliss,12,1,1600.8,112229,0,303.0,2026-08-19,0,-1,1637.0,14.8
23227,4900,Mage,Arcane,Sunfury,DPS,US,Temple of Sethraliss,12,1,1600.8,196998,0,309.0,2026-08-19,0,-1,1637.0,14.8
23244,5983,DemonHunter,Devourer,Annihilator,DPS,US,The Blinding Vale,11,1,1401.8,213981,1,298.0,2026-08-19,0,-1,1404.0,22.0
23244,11028,Shaman,Enhancement,Stormbringer,DPS,US,The Blinding Vale,11,1,1401.8,196074,1,297.0,2026-08-19,0,-1,1404.0,22.0
23244,4494,Priest,Holy,Oracle,Healer,US,The Blinding Vale,11,1,1401.8,35949,0,301.0,2026-08-19,0,-1,1404.0,22.0
23244,9220,DeathKnight,Blood,San'layn,Tank,US,The Blinding Vale,11,1,1401.8,94868,0,308.0,2026-08-19,0,-1,1404.0,22.0
23244,22766,Paladin,Retribution,Herald of the Sun,DPS,US,The Blinding Vale,11,1,1401.8,175213,0,301.0,2026-08-19,0,-1,1404.0,22.0
23245,51403,Priest,Discipline,Oracle,Healer,EU,Kings' Rest,4,1,1094.3,10084,0,298.0,2026-08-19,0,-1,1086.0,45.1
23245,51406,Rogue,Subtlety,Deathstalker,DPS,EU,Kings' Rest,4,1,1094.3,98343,0,295.0,2026-08-19,0,-1,1086.0,45.1
23245,51405,Mage,Arcane,Sunfury,DPS,EU,Kings' Rest,4,1,1094.3,111094,0,293.0,2026-08-19,0,-1,1086.0,45.1
23245,51404,Shaman,Elemental,Farseer,DPS,EU,Kings' Rest,4,1,1094.3,95873,0,291.0,2026-08-19,0,-1,1086.0,45.1
23245,51402,Paladin,Protection,Lightsmith,Tank,EU,Kings' Rest,4,1,1094.3,50530,0,291.0,2026-08-19,0,-1,1086.0,45.1
23247,51412,Warlock,Destruction,Diabolist,DPS,US,The Blinding Vale,2,1,1008.1,108330,0,298.0,2026-08-19,0,-1,1000.0,44.4
23247,51410,Mage,Arcane,Sunfury,DPS,US,The Blinding Vale,2,1,1008.1,101956,0,295.0,2026-08-19,0,-1,1000.0,44.4
23247,51408,Paladin,Protection,Templar,Tank,US,The Blinding Vale,2,1,1008.1,60666,0,300.0,2026-08-19,0,-1,1000.0,44.4
23247,51409,Shaman,Restoration,Totemic,Healer,US,The Blinding Vale,2,1,1008.1,17925,0,294.0,2026-08-19,0,-1,1000.0,44.4
23247,51411,DemonHunter,Devourer,Void-Scarred,DPS,US,The Blinding Vale,2,1,1008.1,135143,0,290.0,2026-08-19,0,-1,1000.0,44.4
23248,51413,DeathKnight,Blood,San'layn,Tank,US,Den of Nalorakk,2,1,1109.9,67652,0,288.0,2026-08-20,0,-1,1102.0,42.6
23248,51417,Hunter,Survival,Sentinel,DPS,US,Den of Nalorakk,2,1,1109.9,62801,0,273.0,2026-08-20,0,-1,1102.0,42.6
23248,51414,Shaman,Restoration,Totemic,Healer,US,Den of Nalorakk,2,1,1109.9,23970,0,296.0,2026-08-20,0,-1,1102.0,42.6
23248,51416,Mage,Arcane,Sunfury,DPS,US,Den of Nalorakk,2,1,1109.9,96489,0,291.0,2026-08-20,0,-1,1102.0,42.6
23248,51415,Paladin,Retribution,Templar,DPS,US,Den of Nalorakk,2,1,1109.9,104668,0,294.0,2026-08-20,0,-1,1102.0,42.6
23249,51422,Warlock,Demonology,Diabolist,DPS,EU,Voidscar Arena,11,1,1385.7,185619,3,296.0,2026-08-19,0,-1,1407.0,21.8
23249,51420,Druid,Balance,Elune's Chosen,DPS,EU,Voidscar Arena,11,1,1385.7,172266,2,294.0,2026-08-19,0,-1,1407.0,21.8
23249,51418,DeathKnight,Blood,San'layn,Tank,EU,Voidscar Arena,11,1,1385.7,98621,0,293.0,2026-08-19,0,-1,1407.0,21.8
23249,51419,Priest,Holy,Archon,Healer,EU,Voidscar Arena,11,1,1385.7,9075,0,295.0,2026-08-19,0,-1,1407.0,21.8
23249,51421,Mage,Arcane,Sunfury,DPS,EU,Voidscar Arena,11,1,1385.7,209996,0,297.0,2026-08-19,0,-1,1407.0,21.8
23250,4607,DeathKnight,Blood,San'layn,Tank,US,Den of Nalorakk,2,1,1039.5,74752,0,304.0,2026-08-19,0,-1,1031.0,46.3
23250,4610,Rogue,Subtlety,Deathstalker,DPS,US,Den of Nalorakk,2,1,1039.5,144945,0,305.0,2026-08-19,0,-1,1031.0,46.3
23250,51423,Rogue,Subtlety,Trickster,DPS,US,Den of Nalorakk,2,1,1039.5,83259,0,283.0,2026-08-19,0,-1,1031.0,46.3
23250,4609,Priest,Shadow,Voidweaver,DPS,US,Den of Nalorakk,2,1,1039.5,134674,0,301.0,2026-08-19,0,-1,1031.0,46.3
23250,4608,Paladin,Holy,Herald of the Sun,Healer,US,Den of Nalorakk,2,1,1039.5,24476,0,301.0,2026-08-19,0,-1,1031.0,46.3
23256,51443,Warlock,Affliction,Soul Harvester,DPS,EU,The Blinding Vale,6,1,1034.5,186565,0,294.0,2026-08-19,0,-1,1041.0,42.2
23256,51439,DemonHunter,Vengeance,Annihilator,Tank,EU,The Blinding Vale,6,1,1034.5,90232,0,293.0,2026-08-19,0,-1,1041.0,42.2
23256,51441,DeathKnight,Unholy,Rider of the Apocalypse,DPS,EU,The Blinding Vale,6,1,1034.5,170369,0,292.0,2026-08-19,0,-1,1041.0,42.2
23256,51442,Mage,Arcane,Sunfury,DPS,EU,The Blinding Vale,6,1,1034.5,160953,1,293.0,2026-08-19,0,-1,1041.0,42.2
23256,51440,Monk,Mistweaver,Conduit of the Celestials,Healer,EU,The Blinding Vale,6,1,1034.5,47271,2,285.0,2026-08-19,0,-1,1041.0,42.2
23257,7170,DeathKnight,Blood,San'layn,Tank,US,Murder Row,11,1,1564.9,127865,0,300.0,2026-08-19,0,-1,1586.0,22.3
23257,51444,Priest,Discipline,Voidweaver,Healer,US,Murder Row,11,1,1564.9,20486,1,294.0,2026-08-19,0,-1,1586.0,22.3
23257,51446,DemonHunter,Devourer,Annihilator,DPS,US,Murder Row,11,1,1564.9,157370,0,296.0,2026-08-19,0,-1,1586.0,22.3
23257,4745,Druid,Balance,Elune's Chosen,DPS,US,Murder Row,11,1,1564.9,171995,3,300.0,2026-08-19,0,-1,1586.0,22.3
23257,51445,Mage,Arcane,Sunfury,DPS,US,Murder Row,11,1,1564.9,186531,2,299.0,2026-08-19,0,-1,1586.0,22.3
23265,51466,Shaman,Restoration,Totemic,Healer,EU,Den of Nalorakk,9,1,1358.6,32624,0,300.0,2026-08-19,0,-1,1350.0,29.7
23265,47620,Paladin,Protection,Lightsmith,Tank,EU,Den of Nalorakk,9,1,1358.6,104271,0,294.0,2026-08-19,0,-1,1350.0,29.7
23265,29560,Warrior,Arms,Slayer,DPS,EU,Den of Nalorakk,9,1,1358.6,151653,0,296.0,2026-08-19,0,-1,1350.0,29.7
23265,51468,Rogue,Outlaw,Trickster,DPS,EU,Den of Nalorakk,9,1,1358.6,217031,0,294.0,2026-08-19,0,-1,1350.0,29.7
23265,51467,Mage,Arcane,Sunfury,DPS,EU,Den of Nalorakk,9,1,1358.6,152236,0,291.0,2026-08-19,0,-1,1350.0,29.7
23266,51469,Shaman,Restoration,Totemic,Healer,EU,Ruby Life Pools,12,1,1502.4,27934,1,297.0,2026-08-19,0,-1,1584.0,5.7
23266,44976,Druid,Feral,Druid of the Claw,DPS,EU,Ruby Life Pools,12,1,1502.4,152827,1,299.0,2026-08-19,0,-1,1584.0,5.7
23266,51081,Rogue,Subtlety,Deathstalker,DPS,EU,Ruby Life Pools,12,1,1502.4,211275,1,300.0,2026-08-19,0,-1,1584.0,5.7
23266,46619,Warrior,Arms,Slayer,DPS,EU,Ruby Life Pools,12,1,1502.4,219694,1,300.0,2026-08-19,0,-1,1584.0,5.7
23266,42761,Monk,Brewmaster,Shado-Pan,Tank,EU,Ruby Life Pools,12,1,1502.4,99037,2,302.0,2026-08-19,0,-1,1584.0,5.7
23267,44943,Warrior,Protection,Mountain Thane,Tank,EU,Ruby Life Pools,10,1,1140.5,126923,0,298.0,2026-08-19,0,-1,1142.0,32.0
23267,40674,Druid,Balance,Elune's Chosen,DPS,EU,Ruby Life Pools,10,1,1140.5,179309,1,296.0,2026-08-19,0,-1,1142.0,32.0
23267,40671,Shaman,Restoration,Totemic,Healer,EU,Ruby Life Pools,10,1,1140.5,21536,0,298.0,2026-08-19,0,-1,1142.0,32.0
23267,40672,Rogue,Subtlety,Deathstalker,DPS,EU,Ruby Life Pools,10,1,1140.5,212698,0,293.0,2026-08-19,0,-1,1142.0,32.0
23267,44944,Mage,Arcane,Sunfury,DPS,EU,Ruby Life Pools,10,1,1140.5,173564,1,296.0,2026-08-19,0,-1,1142.0,32.0
23274,47037,Warrior,Arms,Slayer,DPS,CN,Temple of Sethraliss,2,1,884.5,110395,0,290.0,2026-08-20,0,-1,876.0,54.4
23274,47034,Paladin,Protection,Lightsmith,Tank,CN,Temple of Sethraliss,2,1,884.5,85928,0,294.0,2026-08-20,0,-1,876.0,54.4
23274,47035,Paladin,Holy,Lightsmith,Healer,CN,Temple of Sethraliss,2,1,884.5,22701,0,286.0,2026-08-20,0,-1,876.0,54.4
23274,47036,Shaman,Elemental,Farseer,DPS,CN,Temple of Sethraliss,2,1,884.5,128429,0,291.0,2026-08-20,0,-1,876.0,54.4
23274,47038,DemonHunter,Devourer,Void-Scarred,DPS,CN,Temple of Sethraliss,2,1,884.5,116028,0,292.0,2026-08-20,0,-1,876.0,54.4
23280,35385,Rogue,Assassination,Deathstalker,DPS,US,Den of Nalorakk,12,1,1747.2,175800,1,304.0,2026-08-20,0,-1,1814.0,5.5
23280,39057,Mage,Arcane,Sunfury,DPS,US,Den of Nalorakk,12,1,1747.2,159389,0,302.0,2026-08-20,0,-1,1814.0,5.5
23280,17507,Druid,Restoration,Wildstalker,Healer,US,Den of Nalorakk,12,1,1747.2,11915,0,301.0,2026-08-20,0,-1,1814.0,5.5
23280,22347,Shaman,Enhancement,Stormbringer,DPS,US,Den of Nalorakk,12,1,1747.2,154411,4,305.0,2026-08-20,0,-1,1814.0,5.5
23280,11238,DeathKnight,Blood,San'layn,Tank,US,Den of Nalorakk,12,1,1747.2,80926,0,306.0,2026-08-20,0,-1,1814.0,5.5
23287,45855,Shaman,Elemental,Farseer,DPS,EU,Temple of Sethraliss,12,1,1638.1,159288,0,299.0,2026-08-19,0,-1,1645.0,14.3
23287,51507,Paladin,Holy,Herald of the Sun,Healer,EU,Temple of Sethraliss,12,1,1638.1,25402,1,298.0,2026-08-19,0,-1,1645.0,14.3
23287,51506,DeathKnight,Blood,San'layn,Tank,EU,Temple of Sethraliss,12,1,1638.1,133323,0,296.0,2026-08-19,0,-1,1645.0,14.3
23287,49475,Mage,Arcane,Sunfury,DPS,EU,Temple of Sethraliss,12,1,1638.1,186938,0,305.0,2026-08-19,0,-1,1645.0,14.3
23287,21942,Warrior,Arms,Slayer,DPS,EU,Temple of Sethraliss,12,1,1638.1,187698,0,302.0,2026-08-19,0,-1,1645.0,14.3
23288,51510,Shaman,Enhancement,Stormbringer,DPS,US,Voidscar Arena,4,1,1075.6,87286,0,287.0,2026-08-19,0,-1,1067.0,40.7
23288,51511,DemonHunter,Havoc,Fel-Scarred,DPS,US,Voidscar Arena,4,1,1075.6,124404,0,277.0,2026-08-19,0,-1,1067.0,40.7
23288,51512,Hunter,BeastMastery,Pack Leader,DPS,US,Voidscar Arena,4,1,1075.6,97696,1,272.0,2026-08-19,0,-1,1067.0,40.7
23288,51508,DeathKnight,Blood,Deathbringer,Tank,US,Voidscar Arena,4,1,1075.6,88531,0,295.0,2026-08-19,0,-1,1067.0,40.7
23288,51509,Priest,Discipline,Oracle,Healer,US,Voidscar Arena,4,1,1075.6,13666,0,297.0,2026-08-19,0,-1,1067.0,40.7
23289,44575,DeathKnight,Blood,San'layn,Tank,EU,Murder Row,10,1,1312.1,125019,0,299.0,2026-08-19,0,-1,1314.0,35.6
23289,44576,Priest,Discipline,Oracle,Healer,EU,Murder Row,10,1,1312.1,17847,0,293.0,2026-08-19,0,-1,1314.0,35.6
23289,48505,Hunter,Marksmanship,Sentinel,DPS,EU,Murder Row,10,1,1312.1,166480,1,297.0,2026-08-19,0,-1,1314.0,35.6
23289,44577,Warrior,Arms,Slayer,DPS,EU,Murder Row,10,1,1312.1,201339,1,300.0,2026-08-19,0,-1,1314.0,35.6
23289,44579,Paladin,Retribution,Herald of the Sun,DPS,EU,Murder Row,10,1,1312.1,203957,0,302.0,2026-08-19,0,-1,1314.0,35.6
23291,20116,Mage,Arcane,Sunfury,DPS,EU,Den of Nalorakk,10,1,1374.2,198965,0,300.0,2026-08-20,0,-1,1365.0,28.9
23291,51513,Warrior,Arms,Slayer,DPS,EU,Den of Nalorakk,10,1,1374.2,133445,0,303.0,2026-08-20,0,-1,1365.0,28.9
23291,36832,Hunter,Marksmanship,Sentinel,DPS,EU,Den of Nalorakk,10,1,1374.2,182036,0,300.0,2026-08-20,0,-1,1365.0,28.9
23291,50450,DeathKnight,Blood,San'layn,Tank,EU,Den of Nalorakk,10,1,1374.2,75126,0,292.0,2026-08-20,0,-1,1365.0,28.9
23291,49100,Paladin,Holy,Herald of the Sun,Healer,EU,Den of Nalorakk,10,1,1374.2,17945,0,296.0,2026-08-20,0,-1,1365.0,28.9
23293,51518,Druid,Balance,Elune's Chosen,DPS,US,Kings' Rest,5,1,1196.0,92897,0,290.0,2026-08-20,0,-1,1188.0,40.0
23293,51517,Priest,Holy,Oracle,Healer,US,Kings' Rest,5,1,1196.0,22962,0,295.0,2026-08-20,0,-1,1188.0,40.0
23293,51516,Paladin,Protection,Templar,Tank,US,Kings' Rest,5,1,1196.0,59889,0,293.0,2026-08-20,0,-1,1188.0,40.0
23293,38889,Rogue,Outlaw,Trickster,DPS,US,Kings' Rest,5,1,1196.0,116476,0,292.0,2026-08-20,0,-1,1188.0,40.0
23293,51519,Hunter,BeastMastery,Pack Leader,DPS,US,Kings' Rest,5,1,1196.0,62771,0,294.0,2026-08-20,0,-1,1188.0,40.0
23296,51525,Rogue,Assassination,Fatebound,DPS,EU,Kings' Rest,5,1,1028.5,136041,1,290.0,2026-08-19,0,-1,1020.0,48.5
23296,30171,Hunter,Marksmanship,Sentinel,DPS,EU,Kings' Rest,5,1,1028.5,122736,0,296.0,2026-08-19,0,-1,1020.0,48.5
23296,51526,DemonHunter,Havoc,Fel-Scarred,DPS,EU,Kings' Rest,5,1,1028.5,103935,0,288.0,2026-08-19,0,-1,1020.0,48.5
23296,43026,Paladin,Protection,Lightsmith,Tank,EU,Kings' Rest,5,1,1028.5,54871,0,290.0,2026-08-19,0,-1,1020.0,48.5
23296,43027,Paladin,Holy,Herald of the Sun,Healer,EU,Kings' Rest,5,1,1028.5,9658,0,291.0,2026-08-19,0,-1,1020.0,48.5
23301,45119,Priest,Holy,Oracle,Healer,US,Temple of Sethraliss,12,1,1486.3,25600,0,295.0,2026-08-20,0,-1,1508.0,21.5
23301,7435,DemonHunter,Devourer,Void-Scarred,DPS,US,Temple of Sethraliss,12,1,1486.3,183542,0,299.0,2026-08-20,0,-1,1508.0,21.5
23301,45120,Warrior,Arms,Slayer,DPS,US,Temple of Sethraliss,12,1,1486.3,174579,1,296.0,2026-08-20,0,-1,1508.0,21.5
23301,6687,Paladin,Protection,Lightsmith,Tank,US,Temple of Sethraliss,12,1,1486.3,124338,0,299.0,2026-08-20,0,-1,1508.0,21.5
23301,9415,Mage,Arcane,Sunfury,DPS,US,Temple of Sethraliss,12,1,1486.3,219999,1,299.0,2026-08-20,0,-1,1508.0,21.5
23303,18876,DemonHunter,Vengeance,Annihilator,Tank,EU,Voidscar Arena,12,1,1308.9,116386,0,302.0,2026-08-19,0,-1,1345.0,25.3
23303,18879,Druid,Balance,Elune's Chosen,DPS,EU,Voidscar Arena,12,1,1308.9,218604,0,301.0,2026-08-19,0,-1,1345.0,25.3
23303,18878,Mage,Arcane,Sunfury,DPS,EU,Voidscar Arena,12,1,1308.9,225232,3,309.0,2026-08-19,0,-1,1345.0,25.3
23303,18877,Shaman,Restoration,Totemic,Healer,EU,Voidscar Arena,12,1,1308.9,36059,0,302.0,2026-08-19,0,-1,1345.0,25.3
23303,18880,DeathKnight,Unholy,Rider of the Apocalypse,DPS,EU,Voidscar Arena,12,1,1308.9,218092,0,298.0,2026-08-19,0,-1,1345.0,25.3
23304,6521,Druid,Balance,Keeper of the Grove,DPS,US,Voidscar Arena,9,1,1116.0,142048,0,303.0,2026-08-19,0,-1,1108.0,38.5
23304,47163,Rogue,Assassination,Deathstalker,DPS,US,Voidscar Arena,9,1,1116.0,199747,0,294.0,2026-08-19,0,-1,1108.0,38.5
23304,47162,DeathKnight,Blood,San'layn,Tank,US,Voidscar Arena,9,1,1116.0,115579,0,297.0,2026-08-19,0,-1,1108.0,38.5
23304,10005,Monk,Mistweaver,Conduit of the Celestials,Healer,US,Voidscar Arena,9,1,1116.0,48219,0,293.0,2026-08-19,0,-1,1108.0,38.5
23304,6520,Shaman,Enhancement,Stormbringer,DPS,US,Voidscar Arena,9,1,1116.0,177250,0,298.0,2026-08-19,0,-1,1108.0,38.5
23307,51546,Warrior,Arms,Slayer,DPS,US,Altar of Fangs,2,1,1070.8,148336,2,295.0,2026-08-20,0,-1,1062.0,41.0
23307,51545,Warrior,Arms,Slayer,DPS,US,Altar of Fangs,2,1,1070.8,127971,1,295.0,2026-08-20,0,-1,1062.0,41.0
23307,46691,Monk,Mistweaver,Conduit of the Celestials,Healer,US,Altar of Fangs,2,1,1070.8,34476,1,295.0,2026-08-20,0,-1,1062.0,41.0
23307,51547,Warlock,Affliction,Soul Harvester,DPS,US,Altar of Fangs,2,1,1070.8,74438,1,282.0,2026-08-20,0,-1,1062.0,41.0
23307,51544,Paladin,Protection,Templar,Tank,US,Altar of Fangs,2,1,1070.8,59448,1,286.0,2026-08-20,0,-1,1062.0,41.0
23308,20665,Warrior,Arms,Slayer,DPS,EU,Temple of Sethraliss,13,1,1667.1,179533,1,302.0,2026-08-19,0,-1,1689.0,12.0
23308,48283,Rogue,Outlaw,Trickster,DPS,EU,Temple of Sethraliss,13,1,1667.1,247456,0,305.0,2026-08-19,0,-1,1689.0,12.0
23308,20663,Mage,Arcane,Sunfury,DPS,EU,Temple of Sethraliss,13,1,1667.1,184856,0,298.0,2026-08-19,0,-1,1689.0,12.0
23308,20662,DeathKnight,Blood,San'layn,Tank,EU,Temple of Sethraliss,13,1,1667.1,108136,0,298.0,2026-08-19,0,-1,1689.0,12.0
23308,24679,Monk,Mistweaver,Conduit of the Celestials,Healer,EU,Temple of Sethraliss,13,1,1667.1,43287,1,303.0,2026-08-19,0,-1,1689.0,12.0
23309,15452,Hunter,Marksmanship,Sentinel,DPS,US,Ruby Life Pools,10,1,1092.3,212724,1,297.0,2026-08-19,0,-1,1114.0,33.7
23309,6605,Paladin,Retribution,Herald of the Sun,DPS,US,Ruby Life Pools,10,1,1092.3,249185,1,302.0,2026-08-19,0,-1,1114.0,33.7
23309,10252,Shaman,Restoration,Totemic,Healer,US,Ruby Life Pools,10,1,1092.3,29230,1,295.0,2026-08-19,0,-1,1114.0,33.7
23309,10253,Evoker,Devastation,Scalecommander,DPS,US,Ruby Life Pools,10,1,1092.3,237289,1,303.0,2026-08-19,0,-1,1114.0,33.7
23309,6603,DeathKnight,Blood,San'layn,Tank,US,Ruby Life Pools,10,1,1092.3,142518,2,299.0,2026-08-19,0,-1,1114.0,33.7
23311,51549,Shaman,Restoration,Totemic,Healer,EU,Altar of Fangs,5,1,919.4,31282,0,290.0,2026-08-19,0,-1,911.0,49.4
23311,51548,Paladin,Protection,Templar,Tank,EU,Altar of Fangs,5,1,919.4,101777,0,294.0,2026-08-19,0,-1,911.0,49.4
23311,51550,Druid,Balance,Elune's Chosen,DPS,EU,Altar of Fangs,5,1,919.4,121376,0,293.0,2026-08-19,0,-1,911.0,49.4
23311,51551,Paladin,Retribution,Templar,DPS,EU,Altar of Fangs,5,1,919.4,154502,0,290.0,2026-08-19,0,-1,911.0,49.4
23311,51552,Rogue,Assassination,Deathstalker,DPS,EU,Altar of Fangs,5,1,919.4,224625,0,297.0,2026-08-19,0,-1,911.0,49.4
23328,51582,DeathKnight,Frost,Deathbringer,DPS,US,Temple of Sethraliss,11,1,1420.4,208151,2,297.0,2026-08-19,0,-1,1455.0,24.2
23328,51581,Warrior,Arms,Slayer,DPS,US,Temple of Sethraliss,11,1,1420.4,199921,2,292.0,2026-08-19,0,-1,1455.0,24.2
23328,51583,Rogue,Outlaw,Trickster,DPS,US,Temple of Sethraliss,11,1,1420.4,232741,1,294.0,2026-08-19,0,-1,1455.0,24.2
23328,19757,Shaman,Restoration,Totemic,Healer,US,Temple of Sethraliss,11,1,1420.4,19598,3,291.0,2026-08-19,0,-1,1455.0,24.2
23328,5701,Druid,Guardian,Elune's Chosen,Tank,US,Temple of Sethraliss,11,1,1420.4,107127,1,294.0,2026-08-19,0,-1,1455.0,24.2
23330,18802,DeathKnight,Blood,San'layn,Tank,EU,Altar of Fangs,10,1,1201.2,133757,0,301.0,2026-08-19,0,-1,1192.0,33.8
23330,18804,Druid,Balance,Elune's Chosen,DPS,EU,Altar of Fangs,10,1,1201.2,250199,0,301.0,2026-08-19,0,-1,1192.0,33.8
23330,18803,Evoker,Preservation,Flameshaper,Healer,EU,Altar of Fangs,10,1,1201.2,34496,0,301.0,2026-08-19,0,-1,1192.0,33.8
23330,18805,Hunter,Marksmanship,Sentinel,DPS,EU,Altar of Fangs,10,1,1201.2,199132,0,298.0,2026-08-19,0,-1,1192.0,33.8
23330,18806,Mage,Arcane,Sunfury,DPS,EU,Altar of Fangs,10,1,1201.2,262569,0,301.0,2026-08-19,0,-1,1192.0,33.8
23331,51589,Warlock,Demonology,Diabolist,DPS,US,Temple of Sethraliss,2,1,1139.7,89448,0,301.0,2026-08-19,0,-1,1131.0,41.1
23331,51587,Shaman,Restoration,Totemic,Healer,US,Temple of Sethraliss,2,1,1139.7,26503,0,293.0,2026-08-19,0,-1,1131.0,41.1
23331,51586,DeathKnight,Blood,San'layn,Tank,US,Temple of Sethraliss,2,1,1139.7,74908,0,289.0,2026-08-19,0,-1,1131.0,41.1
23331,51588,Hunter,Survival,Sentinel,DPS,US,Temple of Sethraliss,2,1,1139.7,95362,0,276.0,2026-08-19,0,-1,1131.0,41.1
23331,51590,Warrior,Arms,Slayer,DPS,US,Temple of Sethraliss,2,1,1139.7,105772,0,292.0,2026-08-19,0,-1,1131.0,41.1
23332,32012,Mage,Arcane,Sunfury,DPS,EU,Kings' Rest,11,1,1550.6,152345,0,294.0,2026-08-19,0,-1,1557.0,21.4
23332,32010,Priest,Holy,Oracle,Healer,EU,Kings' Rest,11,1,1550.6,23703,0,297.0,2026-08-19,0,-1,1557.0,21.4
23332,32013,Warlock,Demonology,Diabolist,DPS,EU,Kings' Rest,11,1,1550.6,138110,1,294.0,2026-08-19,0,-1,1557.0,21.4
23332,32009,Paladin,Protection,Lightsmith,Tank,EU,Kings' Rest,11,1,1550.6,74049,1,292.0,2026-08-19,0,-1,1557.0,21.4
23332,32011,Mage,Arcane,Sunfury,DPS,EU,Kings' Rest,11,1,1550.6,145464,1,298.0,2026-08-19,0,-1,1557.0,21.4
23333,35860,Paladin,Protection,Lightsmith,Tank,EU,Temple of Sethraliss,5,1,1147.1,76327,0,297.0,2026-08-19,0,-1,1138.0,40.7
23333,51592,Mage,Frost,Spellslinger,DPS,EU,Temple of Sethraliss,5,1,1147.1,84363,0,291.0,2026-08-19,0,-1,1138.0,40.7
23333,35862,Rogue,Assassination,Fatebound,DPS,EU,Temple of Sethraliss,5,1,1147.1,136630,0,292.0,2026-08-19,0,-1,1138.0,40.7
23333,35864,Warrior,Arms,Slayer,DPS,EU,Temple of Sethraliss,5,1,1147.1,153140,0,294.0,2026-08-19,0,-1,1138.0,40.7
23333,51591,Shaman,Restoration,Totemic,Healer,EU,Temple of Sethraliss,5,1,1147.1,17468,0,291.0,2026-08-19,0,-1,1138.0,40.7
23338,51607,Shaman,Restoration,Totemic,Healer,US,Voidscar Arena,4,1,907.8,8445,0,293.0,2026-08-20,0,-1,900.0,50.0
23338,50968,Paladin,Retribution,Templar,DPS,US,Voidscar Arena,4,1,907.8,90459,0,294.0,2026-08-20,0,-1,900.0,50.0
23338,12445,Warrior,Protection,Mountain Thane,Tank,US,Voidscar Arena,4,1,907.8,101179,0,300.0,2026-08-20,0,-1,900.0,50.0
23338,50966,Mage,Arcane,Sunfury,DPS,US,Voidscar Arena,4,1,907.8,162450,0,304.0,2026-08-20,0,-1,900.0,50.0
23338,51608,DemonHunter,Havoc,Fel-Scarred,DPS,US,Voidscar Arena,4,1,907.8,107536,0,293.0,2026-08-20,0,-1,900.0,50.0
23342,20663,Mage,Arcane,Sunfury,DPS,EU,Voidscar Arena,11,1,1363.8,182574,0,298.0,2026-08-19,0,-1,1375.0,23.6
23342,20665,Warrior,Arms,Slayer,DPS,EU,Voidscar Arena,11,1,1363.8,190666,1,300.0,2026-08-19,0,-1,1375.0,23.6
23342,20662,DeathKnight,Blood,San'layn,Tank,EU,Voidscar Arena,11,1,1363.8,103209,0,296.0,2026-08-19,0,-1,1375.0,23.6
23342,22490,Paladin,Holy,Herald of the Sun,Healer,EU,Voidscar Arena,11,1,1363.8,22770,2,298.0,2026-08-19,0,-1,1375.0,23.6
23342,43692,Rogue,Outlaw,Trickster,DPS,EU,Voidscar Arena,11,1,1363.8,197060,1,297.0,2026-08-19,0,-1,1375.0,23.6
23343,17330,Shaman,Restoration,Totemic,Healer,US,Temple of Sethraliss,11,1,1462.7,17945,0,292.0,2026-08-19,0,-1,1459.0,24.0
23343,4889,Paladin,Retribution,Templar,DPS,US,Temple of Sethraliss,11,1,1462.7,172621,0,298.0,2026-08-19,0,-1,1459.0,24.0
23343,10166,DeathKnight,Blood,San'layn,Tank,US,Temple of Sethraliss,11,1,1462.7,109332,0,301.0,2026-08-19,0,-1,1459.0,24.0
23343,5671,Mage,Arcane,Sunfury,DPS,US,Temple of Sethraliss,11,1,1462.7,179740,1,301.0,2026-08-19,0,-1,1459.0,24.0
23343,7289,Rogue,Subtlety,Deathstalker,DPS,US,Temple of Sethraliss,11,1,1462.7,198113,0,296.0,2026-08-19,0,-1,1459.0,24.0
23345,11015,DemonHunter,Devourer,Void-Scarred,DPS,US,The Blinding Vale,11,1,1468.5,197380,1,296.0,2026-08-19,0,-1,1465.0,18.6
23345,11016,Rogue,Subtlety,Deathstalker,DPS,US,The Blinding Vale,11,1,1468.5,158611,0,296.0,2026-08-19,0,-1,1465.0,18.6
23345,10476,Evoker,Devastation,Scalecommander,DPS,US,The Blinding Vale,11,1,1468.5,212876,0,298.0,2026-08-19,0,-1,1465.0,18.6
23345,51613,Paladin,Protection,Templar,Tank,US,The Blinding Vale,11,1,1468.5,78469,0,299.0,2026-08-19,0,-1,1465.0,18.6
23345,11014,Priest,Holy,Oracle,Healer,US,The Blinding Vale,11,1,1468.5,47392,0,302.0,2026-08-19,0,-1,1465.0,18.6
23353,42730,Hunter,Marksmanship,Dark Ranger,DPS,US,Ruby Life Pools,6,1,927.5,160213,0,293.0,2026-08-20,0,-1,924.0,45.0
23353,51624,Rogue,Outlaw,Trickster,DPS,US,Ruby Life Pools,6,1,927.5,169414,1,294.0,2026-08-20,0,-1,924.0,45.0
23353,51622,Monk,Brewmaster,Shado-Pan,Tank,US,Ruby Life Pools,6,1,927.5,64247,0,293.0,2026-08-20,0,-1,924.0,45.0
23353,42729,Paladin,Retribution,Templar,DPS,US,Ruby Life Pools,6,1,927.5,154973,0,295.0,2026-08-20,0,-1,924.0,45.0
23353,51623,Monk,Mistweaver,Conduit of the Celestials,Healer,US,Ruby Life Pools,6,1,927.5,43081,0,291.0,2026-08-20,0,-1,924.0,45.0
23356,12326,Paladin,Holy,Herald of the Sun,Healer,US,Murder Row,12,1,1847.3,9985,2,296.0,2026-08-19,0,-1,2004.0,1.8
23356,44661,Mage,Arcane,Sunfury,DPS,US,Murder Row,12,1,1847.3,178324,3,302.0,2026-08-19,0,-1,2004.0,1.8
23356,11051,Rogue,Subtlety,Deathstalker,DPS,US,Murder Row,12,1,1847.3,164320,2,296.0,2026-08-19,0,-1,2004.0,1.8
23356,7714,Warrior,Arms,Slayer,DPS,US,Murder Row,12,1,1847.3,193525,2,301.0,2026-08-19,0,-1,2004.0,1.8
23356,12325,DeathKnight,Blood,San'layn,Tank,US,Murder Row,12,1,1847.3,102742,2,302.0,2026-08-19,0,-1,2004.0,1.8
23359,51631,Shaman,Restoration,Totemic,Healer,US,Murder Row,12,1,1622.0,21365,1,289.0,2026-08-19,0,-1,1688.0,17.3
23359,628,Paladin,Retribution,Templar,DPS,US,Murder Row,12,1,1622.0,179815,1,303.0,2026-08-19,0,-1,1688.0,17.3
23359,4906,Mage,Arcane,Sunfury,DPS,US,Murder Row,12,1,1622.0,189128,1,307.0,2026-08-19,0,-1,1688.0,17.3
23359,4902,DeathKnight,Blood,San'layn,Tank,US,Murder Row,12,1,1622.0,143250,0,302.0,2026-08-19,0,-1,1688.0,17.3
23359,51632,Priest,Shadow,Archon,DPS,US,Murder Row,12,1,1622.0,182398,2,307.0,2026-08-19,0,-1,1688.0,17.3
23360,45940,Monk,Brewmaster,Master of Harmony,Tank,EU,Ruby Life Pools,10,1,1038.8,95443,0,302.0,2026-08-19,0,-1,1036.0,38.4
23360,45943,Rogue,Subtlety,Deathstalker,DPS,EU,Ruby Life Pools,10,1,1038.8,240782,0,310.0,2026-08-19,0,-1,1036.0,38.4
23360,45941,Priest,Discipline,Oracle,Healer,EU,Ruby Life Pools,10,1,1038.8,17443,1,303.0,2026-08-19,0,-1,1036.0,38.4
23360,45944,Hunter,Marksmanship,Sentinel,DPS,EU,Ruby Life Pools,10,1,1038.8,226326,0,306.0,2026-08-19,0,-1,1036.0,38.4
23360,45942,Warrior,Arms,Slayer,DPS,EU,Ruby Life Pools,10,1,1038.8,207069,0,299.0,2026-08-19,0,-1,1036.0,38.4
23366,51636,Druid,Restoration,Wildstalker,Healer,US,Temple of Sethraliss,2,1,1094.9,8479,1,273.0,2026-08-18,0,-1,1086.0,43.4
23366,43389,Shaman,Enhancement,Stormbringer,DPS,US,Temple of Sethraliss,2,1,1094.9,115381,1,293.0,2026-08-18,0,-1,1086.0,43.4
23366,51637,Mage,Frost,Spellslinger,DPS,US,Temple of Sethraliss,2,1,1094.9,101831,0,292.0,2026-08-18,0,-1,1086.0,43.4
23366,43387,DeathKnight,Blood,San'layn,Tank,US,Temple of Sethraliss,2,1,1094.9,74388,0,291.0,2026-08-18,0,-1,1086.0,43.4
23366,51638,Hunter,Marksmanship,Sentinel,DPS,US,Temple of Sethraliss,2,1,1094.9,79129,0,289.0,2026-08-18,0,-1,1086.0,43.4
23367,10982,Druid,Balance,Elune's Chosen,DPS,US,Den of Nalorakk,12,1,1618.3,194787,1,302.0,2026-08-19,0,-1,1670.0,13.0
23367,10981,Warrior,Arms,Slayer,DPS,US,Den of Nalorakk,12,1,1618.3,198800,0,302.0,2026-08-19,0,-1,1670.0,13.0
23367,9309,DemonHunter,Devourer,Void-Scarred,DPS,US,Den of Nalorakk,12,1,1618.3,144733,2,301.0,2026-08-19,0,-1,1670.0,13.0
23367,923,Shaman,Restoration,Farseer,Healer,US,Den of Nalorakk,12,1,1618.3,18201,1,302.0,2026-08-19,0,-1,1670.0,13.0
23367,6186,DeathKnight,Blood,San'layn,Tank,US,Den of Nalorakk,12,1,1618.3,88530,0,298.0,2026-08-19,0,-1,1670.0,13.0
23371,51648,Shaman,Elemental,Farseer,DPS,EU,Temple of Sethraliss,7,1,1172.0,179543,0,291.0,2026-08-19,0,-1,1164.0,39.4
23371,51649,Druid,Balance,Elune's Chosen,DPS,EU,Temple of Sethraliss,7,1,1172.0,187899,0,297.0,2026-08-19,0,-1,1164.0,39.4
23371,51647,DeathKnight,Frost,Deathbringer,DPS,EU,Temple of Sethraliss,7,1,1172.0,117414,0,293.0,2026-08-19,0,-1,1164.0,39.4
23371,51645,DeathKnight,Blood,Deathbringer,Tank,EU,Temple of Sethraliss,7,1,1172.0,87536,0,296.0,2026-08-19,0,-1,1164.0,39.4
23371,51646,Paladin,Holy,Herald of the Sun,Healer,EU,Temple of Sethraliss,7,1,1172.0,14178,0,291.0,2026-08-19,0,-1,1164.0,39.4
23375,2420,Paladin,Retribution,Templar,DPS,US,Temple of Sethraliss,11,1,1408.7,184180,0,298.0,2026-08-20,0,-1,1410.0,26.6
23375,8190,Shaman,Elemental,Farseer,DPS,US,Temple of Sethraliss,11,1,1408.7,191876,2,296.0,2026-08-20,0,-1,1410.0,26.6
23375,51658,Monk,Mistweaver,Conduit of the Celestials,Healer,US,Temple of Sethraliss,11,1,1408.7,40108,0,296.0,2026-08-20,0,-1,1410.0,26.6
23375,2421,Hunter,Marksmanship,Sentinel,DPS,US,Temple of Sethraliss,11,1,1408.7,191656,0,303.0,2026-08-20,0,-1,1410.0,26.6
23375,41098,DeathKnight,Blood,San'layn,Tank,US,Temple of Sethraliss,11,1,1408.7,94913,0,293.0,2026-08-20,0,-1,1410.0,26.6
23376,16816,Shaman,Restoration,Totemic,Healer,EU,Temple of Sethraliss,12,1,1802.8,16777,2,298.0,2026-08-20,0,-1,1870.0,2.6
23376,51659,DeathKnight,Blood,San'layn,Tank,EU,Temple of Sethraliss,12,1,1802.8,122954,0,303.0,2026-08-20,0,-1,1870.0,2.6
23376,45699,DemonHunter,Havoc,Fel-Scarred,DPS,EU,Temple of Sethraliss,12,1,1802.8,144071,1,300.0,2026-08-20,0,-1,1870.0,2.6
23376,51660,Druid,Balance,Elune's Chosen,DPS,EU,Temple of Sethraliss,12,1,1802.8,165743,2,299.0,2026-08-20,0,-1,1870.0,2.6
23376,15657,Paladin,Retribution,Templar,DPS,EU,Temple of Sethraliss,12,1,1802.8,192738,0,300.0,2026-08-20,0,-1,1870.0,2.6
23378,51345,DeathKnight,Blood,San'layn,Tank,US,Altar of Fangs,2,1,1048.6,80564,0,286.0,2026-08-20,0,-1,1040.0,42.2
23378,51348,Druid,Balance,Elune's Chosen,DPS,US,Altar of Fangs,2,1,1048.6,97867,0,288.0,2026-08-20,0,-1,1040.0,42.2
23378,51347,Shaman,Enhancement,Stormbringer,DPS,US,Altar of Fangs,2,1,1048.6,116770,1,290.0,2026-08-20,0,-1,1040.0,42.2
23378,43311,Hunter,BeastMastery,Pack Leader,DPS,US,Altar of Fangs,2,1,1048.6,138496,0,286.0,2026-08-20,0,-1,1040.0,42.2
23378,51661,Paladin,Holy,Herald of the Sun,Healer,US,Altar of Fangs,2,1,1048.6,10160,1,293.0,2026-08-20,0,-1,1040.0,42.2
23380,42878,DemonHunter,Devourer,Annihilator,DPS,EU,Voidscar Arena,13,1,1619.3,176716,1,297.0,2026-08-19,0,-1,1641.0,8.8
23380,21031,Shaman,Elemental,Farseer,DPS,EU,Voidscar Arena,13,1,1619.3,204493,1,299.0,2026-08-19,0,-1,1641.0,8.8
23380,50499,Warrior,Arms,Slayer,DPS,EU,Voidscar Arena,13,1,1619.3,196233,0,300.0,2026-08-19,0,-1,1641.0,8.8
23380,42876,DeathKnight,Blood,San'layn,Tank,EU,Voidscar Arena,13,1,1619.3,123514,0,304.0,2026-08-19,0,-1,1641.0,8.8
23380,19044,Priest,Discipline,Oracle,Healer,EU,Voidscar Arena,13,1,1619.3,18579,0,299.0,2026-08-19,0,-1,1641.0,8.8
23385,51674,Druid,Guardian,Elune's Chosen,Tank,EU,Temple of Sethraliss,9,1,1246.2,85479,1,298.0,2026-08-19,0,-1,1253.0,34.8
23385,34356,Mage,Arcane,Sunfury,DPS,EU,Temple of Sethraliss,9,1,1246.2,182355,1,299.0,2026-08-19,0,-1,1253.0,34.8
23385,34353,Paladin,Holy,Herald of the Sun,Healer,EU,Temple of Sethraliss,9,1,1246.2,18115,0,296.0,2026-08-19,0,-1,1253.0,34.8
23385,34355,Mage,Arcane,Sunfury,DPS,EU,Temple of Sethraliss,9,1,1246.2,176709,0,296.0,2026-08-19,0,-1,1253.0,34.8
23385,34354,DeathKnight,Unholy,San'layn,DPS,EU,Temple of Sethraliss,9,1,1246.2,190976,1,292.0,2026-08-19,0,-1,1253.0,34.8
23392,27428,Warrior,Arms,Slayer,DPS,US,Kings' Rest,6,1,1092.9,113827,1,295.0,2026-08-19,0,-1,1094.0,44.7
23392,48131,Shaman,Elemental,Farseer,DPS,US,Kings' Rest,6,1,1092.9,104411,0,294.0,2026-08-19,0,-1,1094.0,44.7
23392,48130,Monk,Mistweaver,Master of Harmony,Healer,US,Kings' Rest,6,1,1092.9,25144,0,295.0,2026-08-19,0,-1,1094.0,44.7
23392,51687,DeathKnight,Blood,San'layn,Tank,US,Kings' Rest,6,1,1092.9,64259,0,287.0,2026-08-19,0,-1,1094.0,44.7
23392,51688,DeathKnight,Frost,Deathbringer,DPS,US,Kings' Rest,6,1,1092.9,113992,1,300.0,2026-08-19,0,-1,1094.0,44.7
23393,21039,Warrior,Arms,Slayer,DPS,EU,Voidscar Arena,10,1,1117.6,206931,0,302.0,2026-08-19,0,-1,1108.0,38.4
23393,44878,Paladin,Holy,Herald of the Sun,Healer,EU,Voidscar Arena,10,1,1117.6,28763,0,291.0,2026-08-19,0,-1,1108.0,38.4
23393,21036,Druid,Guardian,Elune's Chosen,Tank,EU,Voidscar Arena,10,1,1117.6,120696,0,297.0,2026-08-19,0,-1,1108.0,38.4
23393,21038,Mage,Arcane,Sunfury,DPS,EU,Voidscar Arena,10,1,1117.6,208289,0,295.0,2026-08-19,0,-1,1108.0,38.4
23393,50478,Hunter,BeastMastery,Pack Leader,DPS,EU,Voidscar Arena,10,1,1117.6,202350,0,296.0,2026-08-19,0,-1,1108.0,38.4
23396,51694,Rogue,Assassination,Deathstalker,DPS,EU,Murder Row,4,1,1144.3,108053,0,287.0,2026-08-19,0,-1,1136.0,44.3
23396,51564,Druid,Balance,Elune's Chosen,DPS,EU,Murder Row,4,1,1144.3,123996,0,289.0,2026-08-19,0,-1,1136.0,44.3
23396,51695,Warrior,Arms,Slayer,DPS,EU,Murder Row,4,1,1144.3,111061,0,293.0,2026-08-19,0,-1,1136.0,44.3
23396,51693,Paladin,Protection,Templar,Tank,EU,Murder Row,4,1,1144.3,60427,0,295.0,2026-08-19,0,-1,1136.0,44.3
23396,51549,Shaman,Restoration,Totemic,Healer,EU,Murder Row,4,1,1144.3,29239,0,289.0,2026-08-19,0,-1,1136.0,44.3
23397,51696,DeathKnight,Blood,San'layn,Tank,US,Ruby Life Pools,10,1,1113.7,111121,0,295.0,2026-08-19,0,-1,1126.0,33.0
23397,414,Shaman,Restoration,Totemic,Healer,US,Ruby Life Pools,10,1,1113.7,33384,0,299.0,2026-08-19,0,-1,1126.0,33.0
23397,51698,Monk,Windwalker,Shado-Pan,DPS,US,Ruby Life Pools,10,1,1113.7,241276,0,300.0,2026-08-19,0,-1,1126.0,33.0
23397,51699,Rogue,Subtlety,Deathstalker,DPS,US,Ruby Life Pools,10,1,1113.7,202224,3,296.0,2026-08-19,0,-1,1126.0,33.0
23397,51697,Warrior,Arms,Slayer,DPS,US,Ruby Life Pools,10,1,1113.7,197925,1,291.0,2026-08-19,0,-1,1126.0,33.0
23399,19668,Monk,Mistweaver,Conduit of the Celestials,Healer,US,Voidscar Arena,12,1,1474.9,41843,1,304.0,2026-08-19,0,-1,1587.0,11.8
23399,9609,DeathKnight,Blood,San'layn,Tank,US,Voidscar Arena,12,1,1474.9,116944,1,299.0,2026-08-19,0,-1,1587.0,11.8
23399,9611,Warrior,Arms,Slayer,DPS,US,Voidscar Arena,12,1,1474.9,198968,1,303.0,2026-08-19,0,-1,1587.0,11.8
23399,7974,Warlock,Demonology,Diabolist,DPS,US,Voidscar Arena,12,1,1474.9,182059,2,301.0,2026-08-19,0,-1,1587.0,11.8
23399,21932,Hunter,BeastMastery,Pack Leader,DPS,US,Voidscar Arena,12,1,1474.9,178502,3,303.0,2026-08-19,0,-1,1587.0,11.8
23401,23479,Shaman,Restoration,Totemic,Healer,EU,Den of Nalorakk,11,1,1547.7,25618,1,295.0,2026-08-19,0,-1,1560.0,18.8
23401,23480,Hunter,BeastMastery,Pack Leader,DPS,EU,Den of Nalorakk,11,1,1547.7,138549,1,296.0,2026-08-19,0,-1,1560.0,18.8
23401,23482,DemonHunter,Havoc,Fel-Scarred,DPS,EU,Den of Nalorakk,11,1,1547.7,167998,1,295.0,2026-08-19,0,-1,1560.0,18.8
23401,23478,DeathKnight,Blood,San'layn,Tank,EU,Den of Nalorakk,11,1,1547.7,95929,0,294.0,2026-08-19,0,-1,1560.0,18.8
23401,23481,Paladin,Retribution,Templar,DPS,EU,Den of Nalorakk,11,1,1547.7,165582,1,299.0,2026-08-19,0,-1,1560.0,18.8
23405,51706,Paladin,Protection,Templar,Tank,EU,Voidscar Arena,7,1,1087.8,86709,0,294.0,2026-08-19,0,-1,1089.0,39.5
23405,51708,Warlock,Demonology,Diabolist,DPS,EU,Voidscar Arena,7,1,1087.8,178206,1,293.0,2026-08-19,0,-1,1089.0,39.5
23405,51709,Hunter,BeastMastery,Pack Leader,DPS,EU,Voidscar Arena,7,1,1087.8,170643,0,303.0,2026-08-19,0,-1,1089.0,39.5
23405,25400,Warrior,Arms,Slayer,DPS,EU,Voidscar Arena,7,1,1087.8,185469,0,295.0,2026-08-19,0,-1,1089.0,39.5
23405,51707,Shaman,Restoration,Totemic,Healer,EU,Voidscar Arena,7,1,1087.8,9310,1,292.0,2026-08-19,0,-1,1089.0,39.5
23407,35385,Rogue,Assassination,Deathstalker,DPS,US,Kings' Rest,12,1,1582.5,166038,0,304.0,2026-08-20,0,-1,1604.0,19.0
23407,3604,Shaman,Elemental,Farseer,DPS,US,Kings' Rest,12,1,1582.5,154391,0,294.0,2026-08-20,0,-1,1604.0,19.0
23407,42119,DemonHunter,Devourer,Annihilator,DPS,US,Kings' Rest,12,1,1582.5,120426,1,291.0,2026-08-20,0,-1,1604.0,19.0
23407,3601,DeathKnight,Blood,Deathbringer,Tank,US,Kings' Rest,12,1,1582.5,89466,0,308.0,2026-08-20,0,-1,1604.0,19.0
23407,1125,Paladin,Holy,Herald of the Sun,Healer,US,Kings' Rest,12,1,1582.5,19594,1,295.0,2026-08-20,0,-1,1604.0,19.0
23415,51732,Shaman,Enhancement,Stormbringer,DPS,US,Temple of Sethraliss,2,1,1017.5,107722,0,283.0,2026-08-20,0,-1,1009.0,47.5
23415,51733,Druid,Balance,Elune's Chosen,DPS,US,Temple of Sethraliss,2,1,1017.5,111134,0,291.0,2026-08-20,0,-1,1009.0,47.5
23415,51731,Warrior,Arms,Slayer,DPS,US,Temple of Sethraliss,2,1,1017.5,81277,0,290.0,2026-08-20,0,-1,1009.0,47.5
23415,51729,DeathKnight,Blood,San'layn,Tank,US,Temple of Sethraliss,2,1,1017.5,68630,0,295.0,2026-08-20,0,-1,1009.0,47.5
23415,51730,Paladin,Holy,Herald of the Sun,Healer,US,Temple of Sethraliss,2,1,1017.5,19983,0,282.0,2026-08-20,0,-1,1009.0,47.5
23416,19240,Mage,Arcane,Sunfury,DPS,EU,Murder Row,12,1,1567.7,226359,0,294.0,2026-08-19,0,-1,1589.0,22.1
23416,21464,Priest,Discipline,Oracle,Healer,EU,Murder Row,12,1,1567.7,19334,0,300.0,2026-08-19,0,-1,1589.0,22.1
23416,46402,DemonHunter,Devourer,Void-Scarred,DPS,EU,Murder Row,12,1,1567.7,157344,2,293.0,2026-08-19,0,-1,1589.0,22.1
23416,24648,Priest,Shadow,Archon,DPS,EU,Murder Row,12,1,1567.7,227149,0,298.0,2026-08-19,0,-1,1589.0,22.1
23416,21463,Druid,Guardian,Elune's Chosen,Tank,EU,Murder Row,12,1,1567.7,116126,0,300.0,2026-08-19,0,-1,1589.0,22.1
23422,51749,Hunter,BeastMastery,Pack Leader,DPS,US,Kings' Rest,9,1,1229.9,147081,0,299.0,2026-08-19,0,-1,1221.0,38.3
23422,51750,Shaman,Enhancement,Stormbringer,DPS,US,Kings' Rest,9,1,1229.9,109388,0,279.0,2026-08-19,0,-1,1221.0,38.3
23422,33233,Monk,Mistweaver,Conduit of the Celestials,Healer,US,Kings' Rest,9,1,1229.9,33683,0,291.0,2026-08-19,0,-1,1221.0,38.3
23422,51747,Warrior,Protection,Mountain Thane,Tank,US,Kings' Rest,9,1,1229.9,100153,0,292.0,2026-08-19,0,-1,1221.0,38.3
23422,51748,Rogue,Subtlety,Deathstalker,DPS,US,Kings' Rest,9,1,1229.9,140143,0,295.0,2026-08-19,0,-1,1221.0,38.3
23425,51756,Paladin,Holy,Herald of the Sun,Healer,EU,The Blinding Vale,9,1,1164.9,22174,0,284.0,2026-08-19,0,-1,1156.0,35.8
23425,51758,Shaman,Elemental,Farseer,DPS,EU,The Blinding Vale,9,1,1164.9,214093,0,294.0,2026-08-19,0,-1,1156.0,35.8
23425,15350,DeathKnight,Blood,San'layn,Tank,EU,The Blinding Vale,9,1,1164.9,135698,0,292.0,2026-08-19,0,-1,1156.0,35.8
23425,51757,Mage,Arcane,Sunfury,DPS,EU,The Blinding Vale,9,1,1164.9,196768,0,294.0,2026-08-19,0,-1,1156.0,35.8
23425,32365,Warrior,Arms,Slayer,DPS,EU,The Blinding Vale,9,1,1164.9,188067,0,286.0,2026-08-19,0,-1,1156.0,35.8
23426,47256,Warrior,Arms,Slayer,DPS,CN,Ruby Life Pools,11,1,1321.5,203292,0,293.0,2026-08-20,0,-1,1328.0,21.0
23426,47254,Monk,Windwalker,Conduit of the Celestials,DPS,CN,Ruby Life Pools,11,1,1321.5,187596,2,296.0,2026-08-20,0,-1,1328.0,21.0
23426,47252,DeathKnight,Blood,San'layn,Tank,CN,Ruby Life Pools,11,1,1321.5,144165,0,293.0,2026-08-20,0,-1,1328.0,21.0
23426,47255,DeathKnight,Unholy,Rider of the Apocalypse,DPS,CN,Ruby Life Pools,11,1,1321.5,208249,1,292.0,2026-08-20,0,-1,1328.0,21.0
23426,47253,Paladin,Holy,Herald of the Sun,Healer,CN,Ruby Life Pools,11,1,1321.5,16482,0,293.0,2026-08-20,0,-1,1328.0,21.0
23432,35549,Priest,Holy,Oracle,Healer,EU,Ruby Life Pools,6,1,1002.0,25411,0,296.0,2026-08-19,0,-1,993.0,40.9
23432,51767,Mage,Arcane,Sunfury,DPS,EU,Ruby Life Pools,6,1,1002.0,132016,0,288.0,2026-08-19,0,-1,993.0,40.9
23432,51766,Warlock,Demonology,Diabolist,DPS,EU,Ruby Life Pools,6,1,1002.0,133596,0,288.0,2026-08-19,0,-1,993.0,40.9
23432,51768,Shaman,Elemental,Farseer,DPS,EU,Ruby Life Pools,6,1,1002.0,141803,0,284.0,2026-08-19,0,-1,993.0,40.9
23432,35548,Paladin,Protection,Templar,Tank,EU,Ruby Life Pools,6,1,1002.0,79797,0,289.0,2026-08-19,0,-1,993.0,40.9
23438,1781,Monk,Windwalker,Shado-Pan,DPS,US,Voidscar Arena,10,1,1127.2,221750,0,308.0,2026-08-19,0,-1,1118.0,37.9
23438,1782,Hunter,Marksmanship,Sentinel,DPS,US,Voidscar Arena,10,1,1127.2,207564,0,300.0,2026-08-19,0,-1,1118.0,37.9
23438,49668,Priest,Holy,Oracle,Healer,US,Voidscar Arena,10,1,1127.2,17687,0,299.0,2026-08-19,0,-1,1118.0,37.9
23438,8548,Warlock,Destruction,Diabolist,DPS,US,Voidscar Arena,10,1,1127.2,198882,0,300.0,2026-08-19,0,-1,1118.0,37.9
23438,497,DeathKnight,Blood,Deathbringer,Tank,US,Voidscar Arena,10,1,1127.2,107124,0,300.0,2026-08-19,0,-1,1118.0,37.9
23440,51782,Shaman,Elemental,Farseer,DPS,US,Murder Row,12,1,1778.6,171223,1,297.0,2026-08-19,0,-1,1845.0,9.6
23440,51783,Warrior,Arms,Colossus,DPS,US,Murder Row,12,1,1778.6,149356,1,296.0,2026-08-19,0,-1,1845.0,9.6
23440,20795,DeathKnight,Blood,San'layn,Tank,US,Murder Row,12,1,1778.6,98625,0,294.0,2026-08-19,0,-1,1845.0,9.6
23440,4424,Paladin,Holy,Herald of the Sun,Healer,US,Murder Row,12,1,1778.6,23958,1,295.0,2026-08-19,0,-1,1845.0,9.6
23440,19806,Mage,Arcane,Sunfury,DPS,US,Murder Row,12,1,1778.6,219036,2,306.0,2026-08-19,0,-1,1845.0,9.6
23441,21031,Shaman,Elemental,Farseer,DPS,EU,Altar of Fangs,13,0,1789.2,251851,1,299.0,2026-08-19,0,-1,1871.0,-3.9
23441,42876,DeathKnight,Blood,San'layn,Tank,EU,Altar of Fangs,13,0,1789.2,139130,0,304.0,2026-08-19,0,-1,1871.0,-3.9
23441,19044,Priest,Discipline,Oracle,Healer,EU,Altar of Fangs,13,0,1789.2,18805,2,299.0,2026-08-19,0,-1,1871.0,-3.9
23441,50499,Warrior,Arms,Slayer,DPS,EU,Altar of Fangs,13,0,1789.2,230329,1,302.0,2026-08-19,0,-1,1871.0,-3.9
23441,42878,DemonHunter,Devourer,Annihilator,DPS,EU,Altar of Fangs,13,0,1789.2,172365,2,297.0,2026-08-19,0,-1,1871.0,-3.9
23444,51788,Hunter,Marksmanship,Sentinel,DPS,CN,Voidscar Arena,12,0,1934.8,70260,8,285.0,2026-08-20,0,-1,2152.0,-19.5
23444,48485,DemonHunter,Devourer,Annihilator,DPS,CN,Voidscar Arena,12,0,1934.8,179582,1,295.0,2026-08-20,0,-1,2152.0,-19.5
23444,43503,Warrior,Arms,Slayer,DPS,CN,Voidscar Arena,12,0,1934.8,179566,3,295.0,2026-08-20,0,-1,2152.0,-19.5
23444,48483,DeathKnight,Blood,San'layn,Tank,CN,Voidscar Arena,12,0,1934.8,100544,2,292.0,2026-08-20,0,-1,2152.0,-19.5
23444,48484,Paladin,Holy,Lightsmith,Healer,CN,Voidscar Arena,12,0,1934.8,28118,2,286.0,2026-08-20,0,-1,2152.0,-19.5
23445,51789,DeathKnight,Frost,Deathbringer,DPS,US,Voidscar Arena,7,1,1020.7,166361,0,299.0,2026-08-19,0,-1,1017.0,43.5
23445,7801,Druid,Guardian,Elune's Chosen,Tank,US,Voidscar Arena,7,1,1020.7,71839,0,295.0,2026-08-19,0,-1,1017.0,43.5
23445,7195,Mage,Arcane,Sunfury,DPS,US,Voidscar Arena,7,1,1020.7,202484,1,303.0,2026-08-19,0,-1,1017.0,43.5
23445,7802,Shaman,Restoration,Totemic,Healer,US,Voidscar Arena,7,1,1020.7,19055,0,296.0,2026-08-19,0,-1,1017.0,43.5
23445,51790,Hunter,Marksmanship,Sentinel,DPS,US,Voidscar Arena,7,1,1020.7,163710,0,292.0,2026-08-19,0,-1,1017.0,43.5
23446,51794,Warlock,Demonology,Diabolist,DPS,CN,Kings' Rest,2,1,978.4,91869,0,291.0,2026-08-20,0,-1,970.0,51.0
23446,51792,Shaman,Restoration,Totemic,Healer,CN,Kings' Rest,2,1,978.4,11004,0,286.0,2026-08-20,0,-1,970.0,51.0
23446,51795,Mage,Arcane,Sunfury,DPS,CN,Kings' Rest,2,1,978.4,115511,0,292.0,2026-08-20,0,-1,970.0,51.0
23446,51793,Warlock,Demonology,Diabolist,DPS,CN,Kings' Rest,2,1,978.4,107687,0,290.0,2026-08-20,0,-1,970.0,51.0
23446,51791,Monk,Brewmaster,Shado-Pan,Tank,CN,Kings' Rest,2,1,978.4,62218,0,293.0,2026-08-20,0,-1,970.0,51.0
23450,51806,Hunter,BeastMastery,Pack Leader,DPS,EU,Murder Row,9,1,1251.8,174126,0,294.0,2026-08-19,0,-1,1254.0,38.5
23450,36757,Druid,Restoration,Wildstalker,Healer,EU,Murder Row,9,1,1251.8,7836,0,291.0,2026-08-19,0,-1,1254.0,38.5
23450,51807,Warrior,Arms,Slayer,DPS,EU,Murder Row,9,1,1251.8,161217,2,294.0,2026-08-19,0,-1,1254.0,38.5
23450,36759,DeathKnight,Unholy,Rider of the Apocalypse,DPS,EU,Murder Row,9,1,1251.8,210610,0,297.0,2026-08-19,0,-1,1254.0,38.5
23450,36756,DemonHunter,Vengeance,Aldrachi Reaver,Tank,EU,Murder Row,9,1,1251.8,131628,0,296.0,2026-08-19,0,-1,1254.0,38.5
23457,980,DemonHunter,Vengeance,Annihilator,Tank,US,Kings' Rest,10,1,1238.8,103754,0,296.0,2026-08-19,0,-1,1260.0,36.4
23457,12144,Monk,Mistweaver,Conduit of the Celestials,Healer,US,Kings' Rest,10,1,1238.8,40109,1,298.0,2026-08-19,0,-1,1260.0,36.4
23457,983,Shaman,Elemental,Farseer,DPS,US,Kings' Rest,10,1,1238.8,166548,2,297.0,2026-08-19,0,-1,1260.0,36.4
23457,38411,Druid,Balance,Elune's Chosen,DPS,US,Kings' Rest,10,1,1238.8,156905,1,295.0,2026-08-19,0,-1,1260.0,36.4
23457,1942,Mage,Arcane,Sunfury,DPS,US,Kings' Rest,10,1,1238.8,139145,2,303.0,2026-08-19,0,-1,1260.0,36.4
23461,51824,Shaman,Restoration,Totemic,Healer,US,Ruby Life Pools,9,1,1071.2,26608,1,293.0,2026-08-20,0,-1,1068.0,36.4
23461,47511,DeathKnight,Blood,Deathbringer,Tank,US,Ruby Life Pools,9,1,1071.2,79059,0,285.0,2026-08-20,0,-1,1068.0,36.4
23461,5614,Paladin,Retribution,Templar,DPS,US,Ruby Life Pools,9,1,1071.2,204991,0,297.0,2026-08-20,0,-1,1068.0,36.4
23461,51825,Hunter,BeastMastery,Pack Leader,DPS,US,Ruby Life Pools,9,1,1071.2,211856,0,296.0,2026-08-20,0,-1,1068.0,36.4
23461,40406,Rogue,Assassination,Fatebound,DPS,US,Ruby Life Pools,9,1,1071.2,211114,0,295.0,2026-08-20,0,-1,1068.0,36.4
23466,51833,Priest,Shadow,Archon,DPS,EU,Voidscar Arena,12,1,1571.9,141719,3,292.0,2026-08-20,0,-1,1639.0,9.0
23466,20558,Paladin,Holy,Herald of the Sun,Healer,EU,Voidscar Arena,12,1,1571.9,13593,0,297.0,2026-08-20,0,-1,1639.0,9.0
23466,20559,Warrior,Fury,Slayer,DPS,EU,Voidscar Arena,12,1,1571.9,212555,0,301.0,2026-08-20,0,-1,1639.0,9.0
23466,22011,Mage,Arcane,Sunfury,DPS,EU,Voidscar Arena,12,1,1571.9,182763,2,299.0,2026-08-20,0,-1,1639.0,9.0
23466,18046,Monk,Brewmaster,Master of Harmony,Tank,EU,Voidscar Arena,12,1,1571.9,95806,0,297.0,2026-08-20,0,-1,1639.0,9.0
23467,23596,Priest,Shadow,Archon,DPS,EU,The Blinding Vale,5,1,851.5,191156,0,295.0,2026-08-19,0,-1,843.0,53.2
23467,23595,Evoker,Preservation,Flameshaper,Healer,EU,The Blinding Vale,5,1,851.5,37642,0,294.0,2026-08-19,0,-1,843.0,53.2
23467,48770,Shaman,Enhancement,Stormbringer,DPS,EU,The Blinding Vale,5,1,851.5,137241,0,278.0,2026-08-19,0,-1,843.0,53.2
23467,45513,Mage,Arcane,Sunfury,DPS,EU,The Blinding Vale,5,1,851.5,158061,0,293.0,2026-08-19,0,-1,843.0,53.2
23467,23594,DeathKnight,Blood,San'layn,Tank,EU,The Blinding Vale,5,1,851.5,102510,0,292.0,2026-08-19,0,-1,843.0,53.2
23468,51834,Mage,Frost,Spellslinger,DPS,EU,The Blinding Vale,11,1,1346.1,199015,2,293.0,2026-08-19,0,-1,1362.0,24.3
23468,40081,Paladin,Holy,Herald of the Sun,Healer,EU,The Blinding Vale,11,1,1346.1,14156,1,293.0,2026-08-19,0,-1,1362.0,24.3
23468,40080,DeathKnight,Blood,Deathbringer,Tank,EU,The Blinding Vale,11,1,1346.1,101863,0,293.0,2026-08-19,0,-1,1362.0,24.3
23468,40084,Rogue,Assassination,Deathstalker,DPS,EU,The Blinding Vale,11,1,1346.1,280380,0,293.0,2026-08-19,0,-1,1362.0,24.3
23468,44067,Warrior,Arms,Slayer,DPS,EU,The Blinding Vale,11,1,1346.1,238246,2,295.0,2026-08-19,0,-1,1362.0,24.3
23473,24707,Warrior,Protection,Mountain Thane,Tank,US,Den of Nalorakk,9,1,1337.6,92168,0,295.0,2026-08-19,0,-1,1329.0,30.8
23473,48373,Evoker,Preservation,Flameshaper,Healer,US,Den of Nalorakk,9,1,1337.6,43211,0,294.0,2026-08-19,0,-1,1329.0,30.8
23473,48374,DeathKnight,Frost,Deathbringer,DPS,US,Den of Nalorakk,9,1,1337.6,157420,0,300.0,2026-08-19,0,-1,1329.0,30.8
23473,48376,Shaman,Elemental,Farseer,DPS,US,Den of Nalorakk,9,1,1337.6,147269,0,294.0,2026-08-19,0,-1,1329.0,30.8
23473,48375,Rogue,Assassination,Deathstalker,DPS,US,Den of Nalorakk,9,1,1337.6,149024,0,301.0,2026-08-19,0,-1,1329.0,30.8
23474,51841,DeathKnight,Blood,San'layn,Tank,EU,Ruby Life Pools,10,1,1075.0,124568,0,295.0,2026-08-19,0,-1,1067.0,36.5
23474,51842,Hunter,BeastMastery,Pack Leader,DPS,EU,Ruby Life Pools,10,1,1075.0,246768,0,302.0,2026-08-19,0,-1,1067.0,36.5
23474,47679,Warrior,Arms,Slayer,DPS,EU,Ruby Life Pools,10,1,1075.0,212121,0,295.0,2026-08-19,0,-1,1067.0,36.5
23474,47678,Paladin,Holy,Herald of the Sun,Healer,EU,Ruby Life Pools,10,1,1075.0,27818,0,292.0,2026-08-19,0,-1,1067.0,36.5
23474,48660,DemonHunter,Devourer,Void-Scarred,DPS,EU,Ruby Life Pools,10,1,1075.0,249247,0,306.0,2026-08-19,0,-1,1067.0,36.5
23475,51845,Rogue,Outlaw,Trickster,DPS,US,Temple of Sethraliss,10,1,1262.3,193410,0,285.0,2026-08-20,0,-1,1254.0,34.7
23475,51843,Paladin,Holy,Herald of the Sun,Healer,US,Temple of Sethraliss,10,1,1262.3,11490,0,294.0,2026-08-20,0,-1,1254.0,34.7
23475,1713,Warrior,Protection,Mountain Thane,Tank,US,Temple of Sethraliss,10,1,1262.3,118787,0,305.0,2026-08-20,0,-1,1254.0,34.7
23475,51844,Shaman,Elemental,Farseer,DPS,US,Temple of Sethraliss,10,1,1262.3,148295,0,293.0,2026-08-20,0,-1,1254.0,34.7
23475,1715,Warlock,Demonology,Diabolist,DPS,US,Temple of Sethraliss,10,1,1262.3,250179,0,302.0,2026-08-20,0,-1,1254.0,34.7
23477,22493,DemonHunter,Devourer,Annihilator,DPS,EU,Kings' Rest,12,1,1696.7,145286,2,298.0,2026-08-19,0,-1,1749.0,11.7
23477,22492,Paladin,Holy,Lightsmith,Healer,EU,Kings' Rest,12,1,1696.7,29041,0,295.0,2026-08-19,0,-1,1749.0,11.7
23477,22494,Warrior,Arms,Slayer,DPS,EU,Kings' Rest,12,1,1696.7,127978,0,299.0,2026-08-19,0,-1,1749.0,11.7
23477,51690,Mage,Arcane,Sunfury,DPS,EU,Kings' Rest,12,1,1696.7,163385,1,296.0,2026-08-19,0,-1,1749.0,11.7
23477,51689,DeathKnight,Blood,San'layn,Tank,EU,Kings' Rest,12,1,1696.7,77012,1,295.0,2026-08-19,0,-1,1749.0,11.7
23480,19961,Evoker,Devastation,Scalecommander,DPS,EU,The Blinding Vale,11,1,1317.9,195035,3,299.0,2026-08-19,0,-1,1349.0,25.0
23480,19960,Shaman,Elemental,Farseer,DPS,EU,The Blinding Vale,11,1,1317.9,244283,1,295.0,2026-08-19,0,-1,1349.0,25.0
23480,17011,Mage,Arcane,Sunfury,DPS,EU,The Blinding Vale,11,1,1317.9,203439,2,293.0,2026-08-19,0,-1,1349.0,25.0
23480,19958,DeathKnight,Blood,San'layn,Tank,EU,The Blinding Vale,11,1,1317.9,108422,0,297.0,2026-08-19,0,-1,1349.0,25.0
23480,19959,Priest,Holy,Oracle,Healer,EU,The Blinding Vale,11,1,1317.9,29419,1,297.0,2026-08-19,0,-1,1349.0,25.0
23484,24482,Paladin,Protection,Lightsmith,Tank,EU,Murder Row,12,1,1892.6,81120,0,299.0,2026-08-19,0,-1,1944.0,4.7
23484,24483,Evoker,Preservation,Flameshaper,Healer,EU,Murder Row,12,1,1892.6,39094,0,296.0,2026-08-19,0,-1,1944.0,4.7
23484,16357,DemonHunter,Devourer,Void-Scarred,DPS,EU,Murder Row,12,1,1892.6,154105,2,295.0,2026-08-19,0,-1,1944.0,4.7
23484,36550,Warrior,Arms,Slayer,DPS,EU,Murder Row,12,1,1892.6,160280,2,299.0,2026-08-19,0,-1,1944.0,4.7
23484,36552,DeathKnight,Unholy,Rider of the Apocalypse,DPS,EU,Murder Row,12,1,1892.6,187694,0,307.0,2026-08-19,0,-1,1944.0,4.7
23496,51875,Warlock,Destruction,Diabolist,DPS,EU,Voidscar Arena,4,1,1075.7,70345,1,288.0,2026-08-19,0,-1,1067.0,40.7
23496,51876,DemonHunter,Havoc,Fel-Scarred,DPS,EU,Voidscar Arena,4,1,1075.7,100697,0,293.0,2026-08-19,0,-1,1067.0,40.7
23496,51874,Shaman,Restoration,Totemic,Healer,EU,Voidscar Arena,4,1,1075.7,28865,0,296.0,2026-08-19,0,-1,1067.0,40.7
23496,51877,Druid,Balance,Elune's Chosen,DPS,EU,Voidscar Arena,4,1,1075.7,141904,0,292.0,2026-08-19,0,-1,1067.0,40.7
23496,51873,Paladin,Protection,Lightsmith,Tank,EU,Voidscar Arena,4,1,1075.7,75116,0,292.0,2026-08-19,0,-1,1067.0,40.7
23498,465,Warrior,Arms,Slayer,DPS,US,The Blinding Vale,11,1,1433.6,195717,1,298.0,2026-08-19,0,-1,1435.0,20.3
23498,7193,Paladin,Holy,Herald of the Sun,Healer,US,The Blinding Vale,11,1,1433.6,16166,0,295.0,2026-08-19,0,-1,1435.0,20.3
23498,20245,Hunter,Marksmanship,Sentinel,DPS,US,The Blinding Vale,11,1,1433.6,201354,1,302.0,2026-08-19,0,-1,1435.0,20.3
23498,48664,Mage,Arcane,Sunfury,DPS,US,The Blinding Vale,11,1,1433.6,219048,0,296.0,2026-08-19,0,-1,1435.0,20.3
23498,462,DeathKnight,Blood,San'layn,Tank,US,The Blinding Vale,11,1,1433.6,104049,0,301.0,2026-08-19,0,-1,1435.0,20.3
23504,51903,Paladin,Retribution,Templar,DPS,US,The Blinding Vale,4,1,1081.2,145530,0,295.0,2026-08-19,0,-1,1072.0,40.4
23504,51902,Mage,Arcane,Sunfury,DPS,US,The Blinding Vale,4,1,1081.2,154318,0,292.0,2026-08-19,0,-1,1072.0,40.4
23504,51901,Warrior,Arms,Slayer,DPS,US,The Blinding Vale,4,1,1081.2,88076,0,289.0,2026-08-19,0,-1,1072.0,40.4
23504,49039,DemonHunter,Vengeance,Annihilator,Tank,US,The Blinding Vale,4,1,1081.2,73991,0,297.0,2026-08-19,0,-1,1072.0,40.4
23504,51900,Paladin,Holy,Herald of the Sun,Healer,US,The Blinding Vale,4,1,1081.2,22778,0,295.0,2026-08-19,0,-1,1072.0,40.4
23506,51843,Paladin,Holy,Herald of the Sun,Healer,US,Kings' Rest,10,1,1377.6,12138,0,294.0,2026-08-20,0,-1,1369.0,30.9
23506,1713,Warrior,Protection,Mountain Thane,Tank,US,Kings' Rest,10,1,1377.6,85285,0,305.0,2026-08-20,0,-1,1369.0,30.9
23506,51908,Mage,Frost,Spellslinger,DPS,US,Kings' Rest,10,1,1377.6,124824,0,300.0,2026-08-20,0,-1,1369.0,30.9
23506,51845,Rogue,Outlaw,Trickster,DPS,US,Kings' Rest,10,1,1377.6,126418,0,283.0,2026-08-20,0,-1,1369.0,30.9
23506,1715,Warlock,Demonology,Diabolist,DPS,US,Kings' Rest,10,1,1377.6,177031,0,302.0,2026-08-20,0,-1,1369.0,30.9
23508,42876,DeathKnight,Blood,San'layn,Tank,EU,The Blinding Vale,12,1,1505.9,128692,0,304.0,2026-08-20,0,-1,1572.0,12.7
23508,51912,Paladin,Holy,Herald of the Sun,Healer,EU,The Blinding Vale,12,1,1505.9,15571,2,296.0,2026-08-20,0,-1,1572.0,12.7
23508,32463,Druid,Feral,Druid of the Claw,DPS,EU,The Blinding Vale,12,1,1505.9,199342,1,298.0,2026-08-20,0,-1,1572.0,12.7
23508,51913,Shaman,Elemental,Farseer,DPS,EU,The Blinding Vale,12,1,1505.9,227762,1,294.0,2026-08-20,0,-1,1572.0,12.7
23508,42878,DemonHunter,Devourer,Annihilator,DPS,EU,The Blinding Vale,12,1,1505.9,204991,1,297.0,2026-08-20,0,-1,1572.0,12.7
23514,43976,Rogue,Outlaw,Trickster,DPS,US,The Blinding Vale,12,0,1913.5,180076,3,295.0,2026-08-19,0,-1,2100.0,-16.6
23514,7004,Rogue,Assassination,Deathstalker,DPS,US,The Blinding Vale,12,0,1913.5,176206,4,296.0,2026-08-19,0,-1,2100.0,-16.6
23514,38121,Paladin,Protection,Lightsmith,Tank,US,The Blinding Vale,12,0,1913.5,85522,2,295.0,2026-08-19,0,-1,2100.0,-16.6
23514,4992,Mage,Arcane,Sunfury,DPS,US,The Blinding Vale,12,0,1913.5,189414,4,306.0,2026-08-19,0,-1,2100.0,-16.6
23514,43975,Monk,Mistweaver,Conduit of the Celestials,Healer,US,The Blinding Vale,12,0,1913.5,36363,5,299.0,2026-08-19,0,-1,2100.0,-16.6
23516,51928,Mage,Arcane,Sunfury,DPS,US,Temple of Sethraliss,2,1,988.0,125718,0,294.0,2026-08-19,0,-1,979.0,49.0
23516,38194,Hunter,Marksmanship,Sentinel,DPS,US,Temple of Sethraliss,2,1,988.0,136525,0,292.0,2026-08-19,0,-1,979.0,49.0
23516,51927,Monk,Windwalker,Shado-Pan,DPS,US,Temple of Sethraliss,2,1,988.0,98416,0,287.0,2026-08-19,0,-1,979.0,49.0
23516,51926,Priest,Discipline,Oracle,Healer,US,Temple of Sethraliss,2,1,988.0,12109,0,290.0,2026-08-19,0,-1,979.0,49.0
23516,51925,Druid,Guardian,Elune's Chosen,Tank,US,Temple of Sethraliss,2,1,988.0,45715,0,274.0,2026-08-19,0,-1,979.0,49.0
23517,5403,Paladin,Holy,Unknown,Healer,US,Murder Row,11,1,1480.5,17058,1,299.0,2026-08-20,0,-1,1477.0,27.6
23517,5405,Mage,Arcane,Unknown,DPS,US,Murder Row,11,1,1480.5,176875,0,298.0,2026-08-20,0,-1,1477.0,27.6
23517,7480,Warrior,Arms,Unknown,DPS,US,Murder Row,11,1,1480.5,191200,0,301.0,2026-08-20,0,-1,1477.0,27.6
23517,6603,DeathKnight,Blood,Unknown,Tank,US,Murder Row,11,1,1480.5,134450,0,301.0,2026-08-20,0,-1,1477.0,27.6
23517,4761,Druid,Balance,Unknown,DPS,US,Murder Row,11,1,1480.5,181657,0,300.0,2026-08-20,0,-1,1477.0,27.6
23518,44547,DemonHunter,Devourer,Void-Scarred,DPS,US,Ruby Life Pools,11,1,1325.8,189759,1,304.0,2026-08-19,0,-1,1333.0,20.7
23518,8666,Priest,Holy,Oracle,Healer,US,Ruby Life Pools,11,1,1325.8,9338,1,301.0,2026-08-19,0,-1,1333.0,20.7
23518,51930,Monk,Windwalker,Shado-Pan,DPS,US,Ruby Life Pools,11,1,1325.8,183209,0,299.0,2026-08-19,0,-1,1333.0,20.7
23518,51929,Paladin,Protection,Lightsmith,Tank,US,Ruby Life Pools,11,1,1325.8,88585,0,295.0,2026-08-19,0,-1,1333.0,20.7
23518,51931,Warlock,Demonology,Diabolist,DPS,US,Ruby Life Pools,11,1,1325.8,201166,1,298.0,2026-08-19,0,-1,1333.0,20.7
23519,11931,Shaman,Restoration,Totemic,Healer,US,The Blinding Vale,11,1,1248.6,26867,0,293.0,2026-08-19,0,-1,1250.0,30.6
23519,7725,Rogue,Subtlety,Deathstalker,DPS,US,The Blinding Vale,11,1,1248.6,229303,0,293.0,2026-08-19,0,-1,1250.0,30.6
23519,8987,Shaman,Elemental,Farseer,DPS,US,The Blinding Vale,11,1,1248.6,245552,1,298.0,2026-08-19,0,-1,1250.0,30.6
23519,44269,DemonHunter,Devourer,Void-Scarred,DPS,US,The Blinding Vale,11,1,1248.6,207605,1,295.0,2026-08-19,0,-1,1250.0,30.6
23519,3432,Warrior,Protection,Mountain Thane,Tank,US,The Blinding Vale,11,1,1248.6,146101,0,301.0,2026-08-19,0,-1,1250.0,30.6
23521,11020,DeathKnight,Blood,San'layn,Tank,US,Den of Nalorakk,12,1,1622.4,98821,0,298.0,2026-08-19,0,-1,1630.0,15.1
23521,11023,Mage,Arcane,Sunfury,DPS,US,Den of Nalorakk,12,1,1622.4,178171,1,301.0,2026-08-19,0,-1,1630.0,15.1
23521,11022,Rogue,Subtlety,Deathstalker,DPS,US,Den of Nalorakk,12,1,1622.4,143191,0,299.0,2026-08-19,0,-1,1630.0,15.1
23521,271,Paladin,Holy,Herald of the Sun,Healer,US,Den of Nalorakk,12,1,1622.4,14372,0,301.0,2026-08-19,0,-1,1630.0,15.1
23521,24080,Warrior,Arms,Slayer,DPS,US,Den of Nalorakk,12,1,1622.4,193401,0,303.0,2026-08-19,0,-1,1630.0,15.1
23527,43681,Paladin,Holy,Herald of the Sun,Healer,KR,Temple of Sethraliss,9,1,1279.4,8294,0,291.0,2026-08-20,0,-1,1286.0,33.0
23527,43684,Shaman,Elemental,Farseer,DPS,KR,Temple of Sethraliss,9,1,1279.4,214720,0,294.0,2026-08-20,0,-1,1286.0,33.0
23527,43680,DeathKnight,Blood,San'layn,Tank,KR,Temple of Sethraliss,9,1,1279.4,117023,0,293.0,2026-08-20,0,-1,1286.0,33.0
23527,43682,Priest,Shadow,Archon,DPS,KR,Temple of Sethraliss,9,1,1279.4,150225,1,294.0,2026-08-20,0,-1,1286.0,33.0
23527,43683,Rogue,Subtlety,Deathstalker,DPS,KR,Temple of Sethraliss,9,1,1279.4,148475,2,293.0,2026-08-20,0,-1,1286.0,33.0
23532,51956,Mage,Fire,Sunfury,DPS,EU,Murder Row,5,1,1163.5,113954,0,291.0,2026-08-19,0,-1,1155.0,43.4
23532,51954,Paladin,Protection,Lightsmith,Tank,EU,Murder Row,5,1,1163.5,77554,0,299.0,2026-08-19,0,-1,1155.0,43.4
23532,51955,Monk,Mistweaver,Conduit of the Celestials,Healer,EU,Murder Row,5,1,1163.5,32144,0,294.0,2026-08-19,0,-1,1155.0,43.4
23532,51958,DeathKnight,Unholy,Rider of the Apocalypse,DPS,EU,Murder Row,5,1,1163.5,110200,0,290.0,2026-08-19,0,-1,1155.0,43.4
23532,51957,Warrior,Arms,Slayer,DPS,EU,Murder Row,5,1,1163.5,123667,0,292.0,2026-08-19,0,-1,1155.0,43.4
23533,34078,Monk,Windwalker,Shado-Pan,DPS,EU,Altar of Fangs,5,1,971.9,173474,0,290.0,2026-08-19,0,-1,963.0,46.5
23533,51959,Warrior,Arms,Slayer,DPS,EU,Altar of Fangs,5,1,971.9,153253,0,294.0,2026-08-19,0,-1,963.0,46.5
23533,34076,Druid,Feral,Druid of the Claw,DPS,EU,Altar of Fangs,5,1,971.9,182093,0,293.0,2026-08-19,0,-1,963.0,46.5
23533,34075,Shaman,Restoration,Totemic,Healer,EU,Altar of Fangs,5,1,971.9,26131,0,295.0,2026-08-19,0,-1,963.0,46.5
23533,33438,Paladin,Protection,Templar,Tank,EU,Altar of Fangs,5,1,971.9,81918,0,292.0,2026-08-19,0,-1,963.0,46.5
23534,22407,Warlock,Demonology,Diabolist,DPS,EU,Murder Row,10,1,1209.9,257903,0,296.0,2026-08-19,0,-1,1202.0,41.1
23534,40086,Warrior,Arms,Slayer,DPS,EU,Murder Row,10,1,1209.9,217258,0,301.0,2026-08-19,0,-1,1202.0,41.1
23534,22406,DeathKnight,Blood,San'layn,Tank,EU,Murder Row,10,1,1209.9,148517,0,302.0,2026-08-19,0,-1,1202.0,41.1
23534,19391,Shaman,Restoration,Totemic,Healer,EU,Murder Row,10,1,1209.9,23591,0,298.0,2026-08-19,0,-1,1202.0,41.1
23534,51960,Mage,Arcane,Sunfury,DPS,EU,Murder Row,10,1,1209.9,175435,0,291.0,2026-08-19,0,-1,1202.0,41.1
23537,43084,DemonHunter,Devourer,Annihilator,DPS,US,Altar of Fangs,12,0,1885.4,199559,2,296.0,2026-08-19,0,-1,1891.0,-5.1
23537,43083,Druid,Balance,Elune's Chosen,DPS,US,Altar of Fangs,12,0,1885.4,174792,0,298.0,2026-08-19,0,-1,1891.0,-5.1
23537,43085,Warrior,Arms,Slayer,DPS,US,Altar of Fangs,12,0,1885.4,172858,0,303.0,2026-08-19,0,-1,1891.0,-5.1
23537,43082,Paladin,Holy,Herald of the Sun,Healer,US,Altar of Fangs,12,0,1885.4,16690,0,299.0,2026-08-19,0,-1,1891.0,-5.1
23537,43081,Paladin,Protection,Lightsmith,Tank,US,Altar of Fangs,12,0,1885.4,112534,0,299.0,2026-08-19,0,-1,1891.0,-5.1
23538,45719,Mage,Arcane,Sunfury,DPS,US,Kings' Rest,5,1,1157.6,88004,0,285.0,2026-08-20,0,-1,1150.0,41.9
23538,51969,Priest,Discipline,Oracle,Healer,US,Kings' Rest,5,1,1157.6,11904,0,296.0,2026-08-20,0,-1,1150.0,41.9
23538,43136,Paladin,Protection,Templar,Tank,US,Kings' Rest,5,1,1157.6,67333,0,293.0,2026-08-20,0,-1,1150.0,41.9
23538,43138,Evoker,Augmentation,Scalecommander,DPS,US,Kings' Rest,5,1,1157.6,93933,0,298.0,2026-08-20,0,-1,1150.0,41.9
23538,51970,Warrior,Arms,Slayer,DPS,US,Kings' Rest,5,1,1157.6,102768,0,295.0,2026-08-20,0,-1,1150.0,41.9
23539,11534,Priest,Discipline,Oracle,Healer,US,Voidscar Arena,6,1,995.7,17329,0,302.0,2026-08-19,0,-1,992.0,44.9
23539,46722,Druid,Balance,Elune's Chosen,DPS,US,Voidscar Arena,6,1,995.7,155619,1,300.0,2026-08-19,0,-1,992.0,44.9
23539,51971,Paladin,Protection,Lightsmith,Tank,US,Voidscar Arena,6,1,995.7,66174,0,292.0,2026-08-19,0,-1,992.0,44.9
23539,51972,Mage,Arcane,Sunfury,DPS,US,Voidscar Arena,6,1,995.7,154290,0,288.0,2026-08-19,0,-1,992.0,44.9
23539,12184,Warlock,Destruction,Diabolist,DPS,US,Voidscar Arena,6,1,995.7,151155,0,301.0,2026-08-19,0,-1,992.0,44.9
23540,2604,Mage,Arcane,Sunfury,DPS,US,Temple of Sethraliss,12,1,1718.2,202826,2,298.0,2026-08-19,0,-1,1845.0,3.9
23540,42099,Paladin,Holy,Herald of the Sun,Healer,US,Temple of Sethraliss,12,1,1718.2,15172,4,300.0,2026-08-19,0,-1,1845.0,3.9
23540,1938,DeathKnight,Blood,San'layn,Tank,US,Temple of Sethraliss,12,1,1718.2,53621,1,296.0,2026-08-19,0,-1,1845.0,3.9
23540,5211,Rogue,Outlaw,Trickster,DPS,US,Temple of Sethraliss,12,1,1718.2,191519,1,300.0,2026-08-19,0,-1,1845.0,3.9
23540,38757,Warlock,Demonology,Diabolist,DPS,US,Temple of Sethraliss,12,1,1718.2,199703,1,298.0,2026-08-19,0,-1,1845.0,3.9
23553,51992,Mage,Frost,Frostfire,DPS,US,Murder Row,2,1,1067.6,75724,0,292.0,2026-08-20,0,-1,1059.0,48.1
23553,51990,Shaman,Elemental,Farseer,DPS,US,Murder Row,2,1,1067.6,130544,0,305.0,2026-08-20,0,-1,1059.0,48.1
23553,51991,DemonHunter,Havoc,Fel-Scarred,DPS,US,Murder Row,2,1,1067.6,142587,0,292.0,2026-08-20,0,-1,1059.0,48.1
23553,51989,Priest,Holy,Archon,Healer,US,Murder Row,2,1,1067.6,15287,0,286.0,2026-08-20,0,-1,1059.0,48.1
23553,51988,DeathKnight,Blood,San'layn,Tank,US,Murder Row,2,1,1067.6,50011,0,287.0,2026-08-20,0,-1,1059.0,48.1
23556,47227,Hunter,BeastMastery,Pack Leader,DPS,KR,Temple of Sethraliss,5,1,1029.1,136027,0,293.0,2026-08-19,0,-1,1021.0,46.8
23556,47225,Monk,Windwalker,Shado-Pan,DPS,KR,Temple of Sethraliss,5,1,1029.1,105025,0,293.0,2026-08-19,0,-1,1021.0,46.8
23556,47228,DemonHunter,Devourer,Annihilator,DPS,KR,Temple of Sethraliss,5,1,1029.1,146662,0,292.0,2026-08-19,0,-1,1021.0,46.8
23556,47224,DemonHunter,Vengeance,Annihilator,Tank,KR,Temple of Sethraliss,5,1,1029.1,98417,0,292.0,2026-08-19,0,-1,1021.0,46.8
23556,47226,Priest,Holy,Oracle,Healer,KR,Temple of Sethraliss,5,1,1029.1,15628,0,293.0,2026-08-19,0,-1,1021.0,46.8
23559,45339,Shaman,Restoration,Totemic,Healer,CN,Kings' Rest,5,1,1153.3,7232,0,288.0,2026-08-20,0,-1,1145.0,42.2
23559,45340,DeathKnight,Unholy,San'layn,DPS,CN,Kings' Rest,5,1,1153.3,126750,0,292.0,2026-08-20,0,-1,1145.0,42.2
23559,45342,Priest,Shadow,Archon,DPS,CN,Kings' Rest,5,1,1153.3,86268,0,291.0,2026-08-20,0,-1,1145.0,42.2
23559,45338,DeathKnight,Blood,San'layn,Tank,CN,Kings' Rest,5,1,1153.3,88151,0,292.0,2026-08-20,0,-1,1145.0,42.2
23559,45341,Druid,Balance,Elune's Chosen,DPS,CN,Kings' Rest,5,1,1153.3,109402,0,294.0,2026-08-20,0,-1,1145.0,42.2
23561,4046,Shaman,Elemental,Farseer,DPS,US,Temple of Sethraliss,11,1,1373.1,209686,0,301.0,2026-08-19,0,-1,1375.0,28.4
23561,11212,Warrior,Arms,Slayer,DPS,US,Temple of Sethraliss,11,1,1373.1,213373,1,299.0,2026-08-19,0,-1,1375.0,28.4
23561,5594,Paladin,Holy,Herald of the Sun,Healer,US,Temple of Sethraliss,11,1,1373.1,9411,1,293.0,2026-08-19,0,-1,1375.0,28.4
23561,52001,DeathKnight,Blood,San'layn,Tank,US,Temple of Sethraliss,11,1,1373.1,85180,0,306.0,2026-08-19,0,-1,1375.0,28.4
23561,6275,Warlock,Demonology,Diabolist,DPS,US,Temple of Sethraliss,11,1,1373.1,218080,0,300.0,2026-08-19,0,-1,1375.0,28.4
23567,52011,Mage,Arcane,Sunfury,DPS,US,Den of Nalorakk,3,1,1319.3,62196,1,290.0,2026-08-20,0,-1,1311.0,31.7
23567,52012,Warlock,Demonology,Diabolist,DPS,US,Den of Nalorakk,3,1,1319.3,109349,0,294.0,2026-08-20,0,-1,1311.0,31.7
23567,52008,DemonHunter,Vengeance,Annihilator,Tank,US,Den of Nalorakk,3,1,1319.3,43301,0,297.0,2026-08-20,0,-1,1311.0,31.7
23567,52010,Monk,Windwalker,Conduit of the Celestials,DPS,US,Den of Nalorakk,3,1,1319.3,91769,0,292.0,2026-08-20,0,-1,1311.0,31.7
23567,52009,Monk,Mistweaver,Conduit of the Celestials,Healer,US,Den of Nalorakk,3,1,1319.3,41096,0,295.0,2026-08-20,0,-1,1311.0,31.7
23569,15375,Paladin,Holy,Herald of the Sun,Healer,EU,Temple of Sethraliss,10,1,1284.7,22717,0,291.0,2026-08-19,0,-1,1277.0,33.5
23569,15374,Paladin,Protection,Lightsmith,Tank,EU,Temple of Sethraliss,10,1,1284.7,113980,0,295.0,2026-08-19,0,-1,1277.0,33.5
23569,52013,Shaman,Elemental,Farseer,DPS,EU,Temple of Sethraliss,10,1,1284.7,209642,0,301.0,2026-08-19,0,-1,1277.0,33.5
23569,15378,DemonHunter,Devourer,Annihilator,DPS,EU,Temple of Sethraliss,10,1,1284.7,235911,0,297.0,2026-08-19,0,-1,1277.0,33.5
23569,25388,Mage,Fire,Sunfury,DPS,EU,Temple of Sethraliss,10,1,1284.7,202922,0,302.0,2026-08-19,0,-1,1277.0,33.5
23571,52014,Priest,Discipline,Oracle,Healer,US,Den of Nalorakk,10,1,1252.8,19267,1,300.0,2026-08-19,0,-1,1250.0,34.9
23571,11079,Shaman,Elemental,Farseer,DPS,US,Den of Nalorakk,10,1,1252.8,204304,0,302.0,2026-08-19,0,-1,1250.0,34.9
23571,6431,Priest,Shadow,Voidweaver,DPS,US,Den of Nalorakk,10,1,1252.8,166375,0,299.0,2026-08-19,0,-1,1250.0,34.9
23571,52015,DemonHunter,Havoc,Fel-Scarred,DPS,US,Den of Nalorakk,10,1,1252.8,194852,0,300.0,2026-08-19,0,-1,1250.0,34.9
23571,6428,Paladin,Protection,Lightsmith,Tank,US,Den of Nalorakk,10,1,1252.8,97720,0,298.0,2026-08-19,0,-1,1250.0,34.9
23574,45875,Shaman,Restoration,Totemic,Healer,EU,The Blinding Vale,4,1,1084.2,19366,0,294.0,2026-08-19,0,-1,1076.0,40.2
23574,45876,Warrior,Fury,Slayer,DPS,EU,The Blinding Vale,4,1,1084.2,184879,0,292.0,2026-08-19,0,-1,1076.0,40.2
23574,52022,Warlock,Destruction,Hellcaller,DPS,EU,The Blinding Vale,4,1,1084.2,58454,1,280.0,2026-08-19,0,-1,1076.0,40.2
23574,52021,Mage,Fire,Sunfury,DPS,EU,The Blinding Vale,4,1,1084.2,162203,0,289.0,2026-08-19,0,-1,1076.0,40.2
23574,45874,Druid,Guardian,Elune's Chosen,Tank,EU,The Blinding Vale,4,1,1084.2,81044,0,294.0,2026-08-19,0,-1,1076.0,40.2
23577,49036,Shaman,Enhancement,Stormbringer,DPS,US,The Blinding Vale,2,1,1085.9,149940,0,285.0,2026-08-20,0,-1,1078.0,40.1
23577,52027,Paladin,Protection,Lightsmith,Tank,US,The Blinding Vale,2,1,1085.9,70793,0,294.0,2026-08-20,0,-1,1078.0,40.1
23577,52028,Priest,Discipline,Voidweaver,Healer,US,The Blinding Vale,2,1,1085.9,14006,0,282.0,2026-08-20,0,-1,1078.0,40.1
23577,52029,Druid,Balance,Keeper of the Grove,DPS,US,The Blinding Vale,2,1,1085.9,114053,0,290.0,2026-08-20,0,-1,1078.0,40.1
23577,52030,Druid,Balance,Elune's Chosen,DPS,US,The Blinding Vale,2,1,1085.9,110912,0,290.0,2026-08-20,0,-1,1078.0,40.1
23578,44495,DeathKnight,Unholy,Rider of the Apocalypse,DPS,EU,Murder Row,11,1,1527.6,216623,1,297.0,2026-08-19,0,-1,1534.0,24.8
23578,44494,Paladin,Holy,Herald of the Sun,Healer,EU,Murder Row,11,1,1527.6,15498,0,299.0,2026-08-19,0,-1,1534.0,24.8
23578,35041,DeathKnight,Blood,San'layn,Tank,EU,Murder Row,11,1,1527.6,92397,0,292.0,2026-08-19,0,-1,1534.0,24.8
23578,44493,Warrior,Arms,Slayer,DPS,EU,Murder Row,11,1,1527.6,166852,2,300.0,2026-08-19,0,-1,1534.0,24.8
23578,44496,Rogue,Subtlety,Deathstalker,DPS,EU,Murder Row,11,1,1527.6,181845,0,295.0,2026-08-19,0,-1,1534.0,24.8
23583,47244,Druid,Balance,Elune's Chosen,DPS,EU,Altar of Fangs,10,1,1279.1,228693,0,294.0,2026-08-19,0,-1,1270.0,29.4
23583,47242,Paladin,Holy,Herald of the Sun,Healer,EU,Altar of Fangs,10,1,1279.1,27943,0,294.0,2026-08-19,0,-1,1270.0,29.4
23583,47241,DeathKnight,Blood,San'layn,Tank,EU,Altar of Fangs,10,1,1279.1,105108,0,295.0,2026-08-19,0,-1,1270.0,29.4
23583,47243,Mage,Arcane,Sunfury,DPS,EU,Altar of Fangs,10,1,1279.1,221193,0,297.0,2026-08-19,0,-1,1270.0,29.4
23583,50618,Priest,Shadow,Voidweaver,DPS,EU,Altar of Fangs,10,1,1279.1,248940,0,298.0,2026-08-19,0,-1,1270.0,29.4
23584,19295,Druid,Restoration,Keeper of the Grove,Healer,EU,Altar of Fangs,11,1,1458.0,37372,2,300.0,2026-08-19,0,-1,1479.0,17.8
23584,49255,Mage,Arcane,Sunfury,DPS,EU,Altar of Fangs,11,1,1458.0,229312,1,303.0,2026-08-19,0,-1,1479.0,17.8
23584,19294,DeathKnight,Blood,San'layn,Tank,EU,Altar of Fangs,11,1,1458.0,126418,1,303.0,2026-08-19,0,-1,1479.0,17.8
23584,15228,Druid,Balance,Elune's Chosen,DPS,EU,Altar of Fangs,11,1,1458.0,198438,1,299.0,2026-08-19,0,-1,1479.0,17.8
23584,18795,Warrior,Arms,Slayer,DPS,EU,Altar of Fangs,11,1,1458.0,242666,1,296.0,2026-08-19,0,-1,1479.0,17.8
23588,52045,Paladin,Protection,Lightsmith,Tank,EU,Voidscar Arena,11,1,1380.7,69374,0,302.0,2026-08-19,0,-1,1372.0,23.8
23588,52048,DeathKnight,Unholy,Rider of the Apocalypse,DPS,EU,Voidscar Arena,11,1,1380.7,168811,0,294.0,2026-08-19,0,-1,1372.0,23.8
23588,52046,DemonHunter,Havoc,Fel-Scarred,DPS,EU,Voidscar Arena,11,1,1380.7,182172,0,298.0,2026-08-19,0,-1,1372.0,23.8
23588,22682,Monk,Mistweaver,Conduit of the Celestials,Healer,EU,Voidscar Arena,11,1,1380.7,43763,0,299.0,2026-08-19,0,-1,1372.0,23.8
23588,52047,Hunter,BeastMastery,Pack Leader,DPS,EU,Voidscar Arena,11,1,1380.7,165009,0,294.0,2026-08-19,0,-1,1372.0,23.8
23589,7236,Hunter,Survival,Pack Leader,DPS,US,The Blinding Vale,14,1,1655.5,190926,3,292.0,2026-08-20,0,-1,1797.0,0.2
23589,15202,Shaman,Restoration,Totemic,Healer,US,The Blinding Vale,14,1,1655.5,35422,0,305.0,2026-08-20,0,-1,1797.0,0.2
23589,2936,Warrior,Arms,Slayer,DPS,US,The Blinding Vale,14,1,1655.5,221538,6,296.0,2026-08-20,0,-1,1797.0,0.2
23589,7233,Monk,Brewmaster,Master of Harmony,Tank,US,The Blinding Vale,14,1,1655.5,143699,0,294.0,2026-08-20,0,-1,1797.0,0.2
23589,19039,Druid,Feral,Druid of the Claw,DPS,US,The Blinding Vale,14,1,1655.5,256539,1,298.0,2026-08-20,0,-1,1797.0,0.2
23593,45900,DeathKnight,Blood,Deathbringer,Tank,US,Kings' Rest,11,1,1457.5,74907,0,299.0,2026-08-19,0,-1,1464.0,26.1
23593,52054,Priest,Discipline,Oracle,Healer,US,Kings' Rest,11,1,1457.5,13925,1,296.0,2026-08-19,0,-1,1464.0,26.1
23593,45902,Paladin,Retribution,Herald of the Sun,DPS,US,Kings' Rest,11,1,1457.5,173713,2,300.0,2026-08-19,0,-1,1464.0,26.1
23593,23091,Rogue,Subtlety,Trickster,DPS,US,Kings' Rest,11,1,1457.5,142252,1,302.0,2026-08-19,0,-1,1464.0,26.1
23593,45903,Mage,Arcane,Sunfury,DPS,US,Kings' Rest,11,1,1457.5,142488,0,301.0,2026-08-19,0,-1,1464.0,26.1
23594,52056,Warlock,Demonology,Diabolist,DPS,US,The Blinding Vale,5,1,976.4,170513,0,284.0,2026-08-19,0,-1,968.0,46.2
23594,15716,Paladin,Protection,Lightsmith,Tank,US,The Blinding Vale,5,1,976.4,102235,0,295.0,2026-08-19,0,-1,968.0,46.2
23594,52058,Shaman,Enhancement,Stormbringer,DPS,US,The Blinding Vale,5,1,976.4,132481,0,283.0,2026-08-19,0,-1,968.0,46.2
23594,52055,Druid,Restoration,Keeper of the Grove,Healer,US,The Blinding Vale,5,1,976.4,36701,0,295.0,2026-08-19,0,-1,968.0,46.2
23594,52057,Warrior,Arms,Slayer,DPS,US,The Blinding Vale,5,1,976.4,120003,0,292.0,2026-08-19,0,-1,968.0,46.2
23597,51738,Warrior,Arms,Slayer,DPS,EU,The Blinding Vale,5,1,1000.0,118347,1,292.0,2026-08-19,0,-1,992.0,44.9
23597,51735,Shaman,Restoration,Totemic,Healer,EU,The Blinding Vale,5,1,1000.0,15051,0,268.0,2026-08-19,0,-1,992.0,44.9
23597,51736,Paladin,Retribution,Templar,DPS,EU,The Blinding Vale,5,1,1000.0,163860,0,297.0,2026-08-19,0,-1,992.0,44.9
23597,51734,Druid,Guardian,Elune's Chosen,Tank,EU,The Blinding Vale,5,1,1000.0,71471,0,295.0,2026-08-19,0,-1,992.0,44.9
23597,51737,Rogue,Assassination,Deathstalker,DPS,EU,The Blinding Vale,5,1,1000.0,162226,0,293.0,2026-08-19,0,-1,992.0,44.9
23599,52066,Warrior,Protection,Mountain Thane,Tank,US,Kings' Rest,4,1,1154.0,49232,1,284.0,2026-08-20,0,-1,1145.0,42.2
23599,52067,Paladin,Holy,Herald of the Sun,Healer,US,Kings' Rest,4,1,1154.0,7583,0,287.0,2026-08-20,0,-1,1145.0,42.2
23599,52068,Rogue,Assassination,Deathstalker,DPS,US,Kings' Rest,4,1,1154.0,126571,0,297.0,2026-08-20,0,-1,1145.0,42.2
23599,7552,DemonHunter,Havoc,Fel-Scarred,DPS,US,Kings' Rest,4,1,1154.0,93415,0,290.0,2026-08-20,0,-1,1145.0,42.2
23599,52069,Mage,Arcane,Spellslinger,DPS,US,Kings' Rest,4,1,1154.0,69717,0,287.0,2026-08-20,0,-1,1145.0,42.2
23605,52080,Paladin,Holy,Herald of the Sun,Healer,EU,Kings' Rest,7,1,1170.2,20289,0,294.0,2026-08-19,0,-1,1162.0,41.3
23605,52079,Monk,Brewmaster,Master of Harmony,Tank,EU,Kings' Rest,7,1,1170.2,65667,0,285.0,2026-08-19,0,-1,1162.0,41.3
23605,52081,Shaman,Elemental,Farseer,DPS,EU,Kings' Rest,7,1,1170.2,145924,0,296.0,2026-08-19,0,-1,1162.0,41.3
23605,52082,Paladin,Retribution,Templar,DPS,EU,Kings' Rest,7,1,1170.2,128143,0,294.0,2026-08-19,0,-1,1162.0,41.3
23605,52083,Warlock,Destruction,Hellcaller,DPS,EU,Kings' Rest,7,1,1170.2,116268,0,293.0,2026-08-19,0,-1,1162.0,41.3
23609,20480,DemonHunter,Devourer,Annihilator,DPS,EU,The Blinding Vale,12,1,1391.4,261396,0,297.0,2026-08-19,0,-1,1398.0,22.3
23609,42976,Shaman,Elemental,Farseer,DPS,EU,The Blinding Vale,12,1,1391.4,246349,0,300.0,2026-08-19,0,-1,1398.0,22.3
23609,33217,Rogue,Subtlety,Deathstalker,DPS,EU,The Blinding Vale,12,1,1391.4,254306,0,303.0,2026-08-19,0,-1,1398.0,22.3
23609,37990,Paladin,Holy,Herald of the Sun,Healer,EU,The Blinding Vale,12,1,1391.4,17283,1,300.0,2026-08-19,0,-1,1398.0,22.3
23609,24442,DeathKnight,Blood,San'layn,Tank,EU,The Blinding Vale,12,1,1391.4,143670,0,297.0,2026-08-19,0,-1,1398.0,22.3
23614,46223,Warlock,Demonology,Diabolist,DPS,EU,Temple of Sethraliss,2,1,965.3,119738,0,295.0,2026-08-19,0,-1,957.0,50.2
23614,46222,Shaman,Elemental,Farseer,DPS,EU,Temple of Sethraliss,2,1,965.3,94200,0,298.0,2026-08-19,0,-1,957.0,50.2
23614,46224,Rogue,Assassination,Deathstalker,DPS,EU,Temple of Sethraliss,2,1,965.3,130984,0,292.0,2026-08-19,0,-1,957.0,50.2
23614,46220,DeathKnight,Blood,San'layn,Tank,EU,Temple of Sethraliss,2,1,965.3,40066,0,295.0,2026-08-19,0,-1,957.0,50.2
23614,46221,Monk,Mistweaver,Master of Harmony,Healer,EU,Temple of Sethraliss,2,1,965.3,35014,0,295.0,2026-08-19,0,-1,957.0,50.2
23620,52101,Shaman,Elemental,Farseer,DPS,EU,Kings' Rest,4,1,1193.4,110472,0,286.0,2026-08-19,0,-1,1185.0,40.1
23620,52100,DemonHunter,Devourer,Annihilator,DPS,EU,Kings' Rest,4,1,1193.4,59096,0,280.0,2026-08-19,0,-1,1185.0,40.1
23620,52099,Warlock,Affliction,Soul Harvester,DPS,EU,Kings' Rest,4,1,1193.4,91555,0,291.0,2026-08-19,0,-1,1185.0,40.1
23620,52097,Druid,Guardian,Druid of the Claw,Tank,EU,Kings' Rest,4,1,1193.4,41415,0,293.0,2026-08-19,0,-1,1185.0,40.1
23620,52098,Evoker,Preservation,Flameshaper,Healer,EU,Kings' Rest,4,1,1193.4,24713,1,293.0,2026-08-19,0,-1,1185.0,40.1
23621,49540,Priest,Discipline,Oracle,Healer,US,The Blinding Vale,11,1,1401.4,18472,1,295.0,2026-08-20,0,-1,1403.0,22.0
23621,2828,Warlock,Demonology,Diabolist,DPS,US,The Blinding Vale,11,1,1401.4,213964,1,299.0,2026-08-20,0,-1,1403.0,22.0
23621,41612,Mage,Arcane,Sunfury,DPS,US,The Blinding Vale,11,1,1401.4,209621,0,299.0,2026-08-20,0,-1,1403.0,22.0
23621,2826,Monk,Brewmaster,Master of Harmony,Tank,US,The Blinding Vale,11,1,1401.4,112874,0,301.0,2026-08-20,0,-1,1403.0,22.0
23621,49541,Rogue,Subtlety,Deathstalker,DPS,US,The Blinding Vale,11,1,1401.4,180655,0,294.0,2026-08-20,0,-1,1403.0,22.0
23623,4172,Warrior,Arms,Slayer,DPS,US,Altar of Fangs,12,1,1443.4,242438,0,305.0,2026-08-19,0,-1,1450.0,19.4
23623,26543,Monk,Windwalker,Shado-Pan,DPS,US,Altar of Fangs,12,1,1443.4,195994,0,303.0,2026-08-19,0,-1,1450.0,19.4
23623,48616,Evoker,Preservation,Flameshaper,Healer,US,Altar of Fangs,12,1,1443.4,40265,1,297.0,2026-08-19,0,-1,1450.0,19.4
23623,23065,Rogue,Outlaw,Trickster,DPS,US,Altar of Fangs,12,1,1443.4,218954,0,299.0,2026-08-19,0,-1,1450.0,19.4
23623,24563,DeathKnight,Blood,San'layn,Tank,US,Altar of Fangs,12,1,1443.4,153652,0,299.0,2026-08-19,0,-1,1450.0,19.4
23627,19196,DemonHunter,Vengeance,Annihilator,Tank,EU,Den of Nalorakk,11,1,1392.4,96634,0,299.0,2026-08-19,0,-1,1383.0,28.0
23627,18811,Monk,Mistweaver,Conduit of the Celestials,Healer,EU,Den of Nalorakk,11,1,1392.4,38720,0,297.0,2026-08-19,0,-1,1383.0,28.0
23627,44609,Druid,Balance,Elune's Chosen,DPS,EU,Den of Nalorakk,11,1,1392.4,167191,0,297.0,2026-08-19,0,-1,1383.0,28.0
23627,12925,Hunter,Marksmanship,Sentinel,DPS,EU,Den of Nalorakk,11,1,1392.4,196399,0,300.0,2026-08-19,0,-1,1383.0,28.0
23627,50020,Warlock,Destruction,Diabolist,DPS,EU,Den of Nalorakk,11,1,1392.4,185567,0,300.0,2026-08-19,0,-1,1383.0,28.0
23629,47855,Paladin,Retribution,Templar,DPS,US,Voidscar Arena,11,1,1347.5,184660,3,297.0,2026-08-20,0,-1,1374.0,23.6
23629,47853,DeathKnight,Blood,Deathbringer,Tank,US,Voidscar Arena,11,1,1347.5,105952,1,302.0,2026-08-20,0,-1,1374.0,23.6
23629,47854,Paladin,Holy,Herald of the Sun,Healer,US,Voidscar Arena,11,1,1347.5,18713,1,291.0,2026-08-20,0,-1,1374.0,23.6
23629,23208,Warrior,Arms,Slayer,DPS,US,Voidscar Arena,11,1,1347.5,213284,1,309.0,2026-08-20,0,-1,1374.0,23.6
23629,3130,Shaman,Elemental,Farseer,DPS,US,Voidscar Arena,11,1,1347.5,183500,1,302.0,2026-08-20,0,-1,1374.0,23.6
23630,4902,DeathKnight,Blood,San'layn,Tank,US,Murder Row,11,1,1294.4,157476,0,302.0,2026-08-19,0,-1,1296.0,36.5
23630,7636,Paladin,Retribution,Herald of the Sun,DPS,US,Murder Row,11,1,1294.4,202082,1,299.0,2026-08-19,0,-1,1296.0,36.5
23630,4906,Mage,Arcane,Sunfury,DPS,US,Murder Row,11,1,1294.4,220089,0,308.0,2026-08-19,0,-1,1296.0,36.5
23630,6375,DemonHunter,Devourer,Void-Scarred,DPS,US,Murder Row,11,1,1294.4,209550,1,302.0,2026-08-19,0,-1,1296.0,36.5
23630,52107,Shaman,Restoration,Totemic,Healer,US,Murder Row,11,1,1294.4,15026,0,288.0,2026-08-19,0,-1,1296.0,36.5
23632,52111,Shaman,Elemental,Farseer,DPS,EU,Ruby Life Pools,11,1,1290.4,198707,0,296.0,2026-08-19,0,-1,1282.0,23.7
23632,52112,Paladin,Retribution,Templar,DPS,EU,Ruby Life Pools,11,1,1290.4,229537,0,295.0,2026-08-19,0,-1,1282.0,23.7
23632,22674,Druid,Balance,Elune's Chosen,DPS,EU,Ruby Life Pools,11,1,1290.4,192471,0,295.0,2026-08-19,0,-1,1282.0,23.7
23632,17848,Paladin,Holy,Herald of the Sun,Healer,EU,Ruby Life Pools,11,1,1290.4,20893,0,301.0,2026-08-19,0,-1,1282.0,23.7
23632,52110,Warrior,Protection,Mountain Thane,Tank,EU,Ruby Life Pools,11,1,1290.4,113250,0,301.0,2026-08-19,0,-1,1282.0,23.7
23633,52113,Mage,Arcane,Sunfury,DPS,EU,Murder Row,10,1,1282.0,143175,0,301.0,2026-08-20,0,-1,1279.0,37.3
23633,48120,Paladin,Holy,Herald of the Sun,Healer,EU,Murder Row,10,1,1282.0,23428,0,293.0,2026-08-20,0,-1,1279.0,37.3
23633,48121,Shaman,Elemental,Farseer,DPS,EU,Murder Row,10,1,1282.0,222881,0,294.0,2026-08-20,0,-1,1279.0,37.3
23633,21972,DeathKnight,Blood,Deathbringer,Tank,EU,Murder Row,10,1,1282.0,131558,0,299.0,2026-08-20,0,-1,1279.0,37.3
23633,49012,Monk,Windwalker,Conduit of the Celestials,DPS,EU,Murder Row,10,1,1282.0,221769,1,306.0,2026-08-20,0,-1,1279.0,37.3
23636,18637,Warrior,Protection,Mountain Thane,Tank,EU,Kings' Rest,10,1,1276.8,89531,0,295.0,2026-08-19,0,-1,1273.0,35.7
23636,19827,DeathKnight,Unholy,San'layn,DPS,EU,Kings' Rest,10,1,1276.8,154299,1,294.0,2026-08-19,0,-1,1273.0,35.7
23636,18639,Rogue,Assassination,Deathstalker,DPS,EU,Kings' Rest,10,1,1276.8,165373,0,300.0,2026-08-19,0,-1,1273.0,35.7
23636,18641,Hunter,Marksmanship,Sentinel,DPS,EU,Kings' Rest,10,1,1276.8,131381,0,299.0,2026-08-19,0,-1,1273.0,35.7
23636,18638,Druid,Restoration,Keeper of the Grove,Healer,EU,Kings' Rest,10,1,1276.8,51522,0,297.0,2026-08-19,0,-1,1273.0,35.7
23638,3637,Paladin,Protection,Lightsmith,Tank,US,Murder Row,12,1,1734.4,113398,2,305.0,2026-08-20,0,-1,1816.0,11.0
23638,5837,Mage,Arcane,Sunfury,DPS,US,Murder Row,12,1,1734.4,204201,0,299.0,2026-08-20,0,-1,1816.0,11.0
23638,3636,Warlock,Demonology,Diabolist,DPS,US,Murder Row,12,1,1734.4,191418,1,302.0,2026-08-20,0,-1,1816.0,11.0
23638,52117,DemonHunter,Devourer,Void-Scarred,DPS,US,Murder Row,12,1,1734.4,168528,0,295.0,2026-08-20,0,-1,1816.0,11.0
23638,3635,Priest,Holy,Oracle,Healer,US,Murder Row,12,1,1734.4,23054,3,305.0,2026-08-20,0,-1,1816.0,11.0
23641,52123,Paladin,Holy,Herald of the Sun,Healer,US,Ruby Life Pools,2,1,842.2,18887,0,291.0,2026-08-20,0,-1,833.0,50.4
23641,52124,Shaman,Elemental,Farseer,DPS,US,Ruby Life Pools,2,1,842.2,171937,0,294.0,2026-08-20,0,-1,833.0,50.4
23641,52125,Rogue,Outlaw,Trickster,DPS,US,Ruby Life Pools,2,1,842.2,103997,0,286.0,2026-08-20,0,-1,833.0,50.4
23641,46887,DeathKnight,Blood,San'layn,Tank,US,Ruby Life Pools,2,1,842.2,84744,0,294.0,2026-08-20,0,-1,833.0,50.4
23641,46889,Mage,Arcane,Sunfury,DPS,US,Ruby Life Pools,2,1,842.2,95290,0,278.0,2026-08-20,0,-1,833.0,50.4
23642,2999,DemonHunter,Devourer,Annihilator,DPS,US,The Blinding Vale,11,1,1339.0,229990,1,299.0,2026-08-19,0,-1,1340.0,25.6
23642,39573,Druid,Balance,Elune's Chosen,DPS,US,The Blinding Vale,11,1,1339.0,187705,0,295.0,2026-08-19,0,-1,1340.0,25.6
23642,52127,Mage,Arcane,Sunfury,DPS,US,The Blinding Vale,11,1,1339.0,230940,1,304.0,2026-08-19,0,-1,1340.0,25.6
23642,52126,DeathKnight,Blood,San'layn,Tank,US,The Blinding Vale,11,1,1339.0,79628,0,290.0,2026-08-19,0,-1,1340.0,25.6
23642,7758,Paladin,Holy,Herald of the Sun,Healer,US,The Blinding Vale,11,1,1339.0,18513,0,299.0,2026-08-19,0,-1,1340.0,25.6
23644,7713,Rogue,Subtlety,Trickster,DPS,US,Kings' Rest,10,1,1228.9,155590,0,302.0,2026-08-19,0,-1,1220.0,38.4
23644,10891,Paladin,Protection,Lightsmith,Tank,US,Kings' Rest,10,1,1228.9,83850,0,288.0,2026-08-19,0,-1,1220.0,38.4
23644,11360,Monk,Mistweaver,Conduit of the Celestials,Healer,US,Kings' Rest,10,1,1228.9,37421,0,299.0,2026-08-19,0,-1,1220.0,38.4
23644,8412,Mage,Arcane,Sunfury,DPS,US,Kings' Rest,10,1,1228.9,172970,0,303.0,2026-08-19,0,-1,1220.0,38.4
23644,9742,Monk,Windwalker,Shado-Pan,DPS,US,Kings' Rest,10,1,1228.9,145796,0,306.0,2026-08-19,0,-1,1220.0,38.4
23646,41923,Monk,Brewmaster,Master of Harmony,Tank,US,Murder Row,12,1,1867.4,103702,0,298.0,2026-08-19,0,-1,1949.0,4.4
23646,12303,Paladin,Retribution,Templar,DPS,US,Murder Row,12,1,1867.4,148403,1,293.0,2026-08-19,0,-1,1949.0,4.4
23646,52131,Warrior,Arms,Slayer,DPS,US,Murder Row,12,1,1867.4,156293,4,300.0,2026-08-19,0,-1,1949.0,4.4
23646,52132,Hunter,BeastMastery,Pack Leader,DPS,US,Murder Row,12,1,1867.4,188262,1,297.0,2026-08-19,0,-1,1949.0,4.4
23646,52130,Shaman,Restoration,Totemic,Healer,US,Murder Row,12,1,1867.4,27244,0,293.0,2026-08-19,0,-1,1949.0,4.4
23647,47176,Hunter,BeastMastery,Pack Leader,DPS,CN,The Blinding Vale,2,1,800.7,118125,2,276.0,2026-08-20,0,-1,792.0,56.0
23647,47178,Shaman,Enhancement,Stormbringer,DPS,CN,The Blinding Vale,2,1,800.7,180868,1,292.0,2026-08-20,0,-1,792.0,56.0
23647,47175,Paladin,Holy,Lightsmith,Healer,CN,The Blinding Vale,2,1,800.7,24847,1,288.0,2026-08-20,0,-1,792.0,56.0
23647,47177,DemonHunter,Havoc,Fel-Scarred,DPS,CN,The Blinding Vale,2,1,800.7,166675,1,291.0,2026-08-20,0,-1,792.0,56.0
23647,47174,DemonHunter,Vengeance,Annihilator,Tank,CN,The Blinding Vale,2,1,800.7,106625,1,291.0,2026-08-20,0,-1,792.0,56.0
23648,52135,Monk,Windwalker,Shado-Pan,DPS,EU,Temple of Sethraliss,9,1,1272.6,154295,1,301.0,2026-08-19,0,-1,1269.0,33.9
23648,52134,Priest,Discipline,Oracle,Healer,EU,Temple of Sethraliss,9,1,1272.6,13472,0,297.0,2026-08-19,0,-1,1269.0,33.9
23648,23707,Mage,Arcane,Sunfury,DPS,EU,Temple of Sethraliss,9,1,1272.6,218616,0,295.0,2026-08-19,0,-1,1269.0,33.9
23648,52136,Druid,Balance,Elune's Chosen,DPS,EU,Temple of Sethraliss,9,1,1272.6,165830,0,299.0,2026-08-19,0,-1,1269.0,33.9
23648,52133,DemonHunter,Vengeance,Annihilator,Tank,EU,Temple of Sethraliss,9,1,1272.6,96658,0,291.0,2026-08-19,0,-1,1269.0,33.9
23653,52142,Druid,Guardian,Elune's Chosen,Tank,EU,Murder Row,6,1,1216.7,66193,0,297.0,2026-08-20,0,-1,1208.0,40.8
23653,52143,Paladin,Holy,Herald of the Sun,Healer,EU,Murder Row,6,1,1216.7,22758,0,290.0,2026-08-20,0,-1,1208.0,40.8
23653,52146,Mage,Arcane,Sunfury,DPS,EU,Murder Row,6,1,1216.7,144450,0,278.0,2026-08-20,0,-1,1208.0,40.8
23653,52145,Paladin,Retribution,Templar,DPS,EU,Murder Row,6,1,1216.7,135210,0,293.0,2026-08-20,0,-1,1208.0,40.8
23653,52144,DeathKnight,Unholy,Rider of the Apocalypse,DPS,EU,Murder Row,6,1,1216.7,130192,0,293.0,2026-08-20,0,-1,1208.0,40.8
23656,52152,Rogue,Assassination,Deathstalker,DPS,US,The Blinding Vale,10,1,1051.4,237769,0,309.0,2026-08-22,0,-1,1043.0,42.1
23656,16945,Shaman,Elemental,Farseer,DPS,US,The Blinding Vale,10,1,1051.4,210728,0,299.0,2026-08-22,0,-1,1043.0,42.1
23656,52151,Evoker,Preservation,Flameshaper,Healer,US,The Blinding Vale,10,1,1051.4,40815,0,301.0,2026-08-22,0,-1,1043.0,42.1
23656,2087,Mage,Arcane,Sunfury,DPS,US,The Blinding Vale,10,1,1051.4,249954,0,304.0,2026-08-22,0,-1,1043.0,42.1
23656,52150,DeathKnight,Blood,San'layn,Tank,US,The Blinding Vale,10,1,1051.4,146448,0,304.0,2026-08-22,0,-1,1043.0,42.1
23658,52154,Warrior,Fury,Slayer,DPS,EU,Ruby Life Pools,8,1,989.5,204361,0,304.0,2026-08-21,0,-1,981.0,41.6
23658,52153,Paladin,Holy,Herald of the Sun,Healer,EU,Ruby Life Pools,8,1,989.5,10453,0,300.0,2026-08-21,0,-1,981.0,41.6
23658,52155,Shaman,Elemental,Farseer,DPS,EU,Ruby Life Pools,8,1,989.5,192416,0,292.0,2026-08-21,0,-1,981.0,41.6
23658,52156,Mage,Frost,Spellslinger,DPS,EU,Ruby Life Pools,8,1,989.5,142361,0,296.0,2026-08-21,0,-1,981.0,41.6
23658,31803,DeathKnight,Blood,San'layn,Tank,EU,Ruby Life Pools,8,1,989.5,130899,0,307.0,2026-08-21,0,-1,981.0,41.6
23667,52193,DeathKnight,Unholy,Rider of the Apocalypse,DPS,US,Kings' Rest,10,1,1228.0,141801,0,301.0,2026-08-21,0,-1,1234.0,37.7
23667,23286,Priest,Holy,Oracle,Healer,US,Kings' Rest,10,1,1228.0,30914,1,300.0,2026-08-21,0,-1,1234.0,37.7
23667,52191,DeathKnight,Blood,San'layn,Tank,US,Kings' Rest,10,1,1228.0,100033,0,307.0,2026-08-21,0,-1,1234.0,37.7
23667,52192,DeathKnight,Unholy,Rider of the Apocalypse,DPS,US,Kings' Rest,10,1,1228.0,147406,1,300.0,2026-08-21,0,-1,1234.0,37.7
23667,52194,Warlock,Destruction,Hellcaller,DPS,US,Kings' Rest,10,1,1228.0,160929,0,308.0,2026-08-21,0,-1,1234.0,37.7
23670,52203,Shaman,Enhancement,Stormbringer,DPS,EU,Kings' Rest,12,1,1591.8,152874,0,304.0,2026-08-21,0,-1,1583.0,20.0
23670,52201,Paladin,Holy,Herald of the Sun,Healer,EU,Kings' Rest,12,1,1591.8,10286,0,294.0,2026-08-21,0,-1,1583.0,20.0
23670,52202,Warrior,Arms,Slayer,DPS,EU,Kings' Rest,12,1,1591.8,161422,0,295.0,2026-08-21,0,-1,1583.0,20.0
23670,52200,Paladin,Protection,Lightsmith,Tank,EU,Kings' Rest,12,1,1591.8,70422,0,300.0,2026-08-21,0,-1,1583.0,20.0
23670,19629,Rogue,Subtlety,Deathstalker,DPS,EU,Kings' Rest,12,1,1591.8,152819,0,303.0,2026-08-21,0,-1,1583.0,20.0
23672,52208,Shaman,Enhancement,Stormbringer,DPS,CN,Voidscar Arena,11,1,1192.5,253608,1,306.0,2026-08-21,0,-1,1199.0,33.4
23672,52209,DeathKnight,Unholy,San'layn,DPS,CN,Voidscar Arena,11,1,1192.5,202870,1,302.0,2026-08-21,0,-1,1199.0,33.4
23672,52206,Shaman,Restoration,Totemic,Healer,CN,Voidscar Arena,11,1,1192.5,36983,1,303.0,2026-08-21,0,-1,1199.0,33.4
23672,52207,Evoker,Devastation,Scalecommander,DPS,CN,Voidscar Arena,11,1,1192.5,221048,0,307.0,2026-08-21,0,-1,1199.0,33.4
23672,52205,Druid,Guardian,Elune's Chosen,Tank,CN,Voidscar Arena,11,1,1192.5,106129,0,295.0,2026-08-21,0,-1,1199.0,33.4
23675,19657,DeathKnight,Blood,San'layn,Tank,EU,Altar of Fangs,10,1,1084.7,157644,0,302.0,2026-08-22,0,-1,1081.0,39.9
23675,24445,Priest,Shadow,Voidweaver,DPS,EU,Altar of Fangs,10,1,1084.7,230100,1,303.0,2026-08-22,0,-1,1081.0,39.9
23675,52217,Warlock,Destruction,Diabolist,DPS,EU,Altar of Fangs,10,1,1084.7,280876,0,309.0,2026-08-22,0,-1,1081.0,39.9
23675,16027,Shaman,Restoration,Totemic,Healer,EU,Altar of Fangs,10,1,1084.7,53539,0,311.0,2026-08-22,0,-1,1081.0,39.9
23675,25807,DemonHunter,Devourer,Void-Scarred,DPS,EU,Altar of Fangs,10,1,1084.7,246354,0,309.0,2026-08-22,0,-1,1081.0,39.9
23678,52229,Warlock,Demonology,Diabolist,DPS,CN,Murder Row,9,1,1221.5,217661,0,298.0,2026-08-21,0,-1,1213.0,40.5
23678,52227,Paladin,Holy,Lightsmith,Healer,CN,Murder Row,9,1,1221.5,47597,0,299.0,2026-08-21,0,-1,1213.0,40.5
23678,52226,DeathKnight,Blood,San'layn,Tank,CN,Murder Row,9,1,1221.5,113570,0,301.0,2026-08-21,0,-1,1213.0,40.5
23678,52228,Warrior,Arms,Slayer,DPS,CN,Murder Row,9,1,1221.5,121820,0,286.0,2026-08-21,0,-1,1213.0,40.5
23678,52230,Mage,Arcane,Sunfury,DPS,CN,Murder Row,9,1,1221.5,193343,0,299.0,2026-08-21,0,-1,1213.0,40.5
23684,52253,Monk,Brewmaster,Master of Harmony,Tank,EU,Ruby Life Pools,10,1,954.3,117120,2,293.0,2026-08-21,0,-1,971.0,42.2
23684,52254,Priest,Holy,Oracle,Healer,EU,Ruby Life Pools,10,1,954.3,33073,0,297.0,2026-08-21,0,-1,971.0,42.2
23684,52256,Mage,Arcane,Sunfury,DPS,EU,Ruby Life Pools,10,1,954.3,264852,1,302.0,2026-08-21,0,-1,971.0,42.2
23684,13524,Hunter,Marksmanship,Sentinel,DPS,EU,Ruby Life Pools,10,1,954.3,219908,1,303.0,2026-08-21,0,-1,971.0,42.2
23684,52255,Rogue,Subtlety,Deathstalker,DPS,EU,Ruby Life Pools,10,1,954.3,241027,1,300.0,2026-08-21,0,-1,971.0,42.2
23686,3541,DemonHunter,Devourer,Annihilator,DPS,US,Murder Row,13,1,1856.7,190893,1,303.0,2026-08-20,0,-1,1893.0,7.2
23686,3538,DeathKnight,Blood,San'layn,Tank,US,Murder Row,13,1,1856.7,114071,1,308.0,2026-08-20,0,-1,1893.0,7.2
23686,3539,Paladin,Holy,Herald of the Sun,Healer,US,Murder Row,13,1,1856.7,26897,0,302.0,2026-08-20,0,-1,1893.0,7.2
23686,20489,Mage,Arcane,Sunfury,DPS,US,Murder Row,13,1,1856.7,197307,0,302.0,2026-08-20,0,-1,1893.0,7.2
23686,3542,Druid,Balance,Elune's Chosen,DPS,US,Murder Row,13,1,1856.7,176470,1,306.0,2026-08-20,0,-1,1893.0,7.2
23688,14198,Rogue,Subtlety,Deathstalker,DPS,EU,The Blinding Vale,10,1,1099.3,238170,0,294.0,2026-08-20,0,-1,1096.0,39.1
23688,52260,Warrior,Arms,Slayer,DPS,EU,The Blinding Vale,10,1,1099.3,235245,0,295.0,2026-08-20,0,-1,1096.0,39.1
23688,27197,Hunter,BeastMastery,Pack Leader,DPS,EU,The Blinding Vale,10,1,1099.3,198279,0,295.0,2026-08-20,0,-1,1096.0,39.1
23688,14197,Druid,Restoration,Wildstalker,Healer,EU,The Blinding Vale,10,1,1099.3,10918,1,294.0,2026-08-20,0,-1,1096.0,39.1
23688,52259,Warrior,Protection,Mountain Thane,Tank,EU,The Blinding Vale,10,1,1099.3,158348,0,295.0,2026-08-20,0,-1,1096.0,39.1
23696,52277,DemonHunter,Devourer,Void-Scarred,DPS,US,Altar of Fangs,13,1,1668.2,225870,0,303.0,2026-08-22,0,-1,1674.0,7.0
23696,52276,Mage,Arcane,Sunfury,DPS,US,Altar of Fangs,13,1,1668.2,230320,0,301.0,2026-08-22,0,-1,1674.0,7.0
23696,52275,Shaman,Restoration,Totemic,Healer,US,Altar of Fangs,13,1,1668.2,39532,0,307.0,2026-08-22,0,-1,1674.0,7.0
23696,52278,Warlock,Demonology,Diabolist,DPS,US,Altar of Fangs,13,1,1668.2,271905,0,303.0,2026-08-22,0,-1,1674.0,7.0
23696,52274,Paladin,Protection,Lightsmith,Tank,US,Altar of Fangs,13,1,1668.2,107077,1,300.0,2026-08-22,0,-1,1674.0,7.0
23698,52282,Hunter,Marksmanship,Sentinel,DPS,EU,Voidscar Arena,10,1,986.3,178438,1,295.0,2026-08-21,0,-1,988.0,45.1
23698,52281,Hunter,Survival,Sentinel,DPS,EU,Voidscar Arena,10,1,986.3,150086,1,302.0,2026-08-21,0,-1,988.0,45.1
23698,37657,Warrior,Protection,Mountain Thane,Tank,EU,Voidscar Arena,10,1,986.3,162002,0,298.0,2026-08-21,0,-1,988.0,45.1
23698,24264,Shaman,Enhancement,Stormbringer,DPS,EU,Voidscar Arena,10,1,986.3,244559,0,306.0,2026-08-21,0,-1,988.0,45.1
23698,20014,Monk,Mistweaver,Conduit of the Celestials,Healer,EU,Voidscar Arena,10,1,986.3,36151,0,295.0,2026-08-21,0,-1,988.0,45.1
23702,52294,Mage,Arcane,Sunfury,DPS,US,Temple of Sethraliss,5,1,1030.4,128361,0,291.0,2026-08-21,0,-1,1022.0,46.8
23702,52296,Warlock,Affliction,Soul Harvester,DPS,US,Temple of Sethraliss,5,1,1030.4,140076,0,297.0,2026-08-21,0,-1,1022.0,46.8
23702,52295,Mage,Arcane,Sunfury,DPS,US,Temple of Sethraliss,5,1,1030.4,147691,0,297.0,2026-08-21,0,-1,1022.0,46.8
23702,40010,Paladin,Protection,Templar,Tank,US,Temple of Sethraliss,5,1,1030.4,71347,0,298.0,2026-08-21,0,-1,1022.0,46.8
23702,52293,Druid,Restoration,Wildstalker,Healer,US,Temple of Sethraliss,5,1,1030.4,10508,0,301.0,2026-08-21,0,-1,1022.0,46.8
23710,52321,Paladin,Retribution,Herald of the Sun,DPS,US,Murder Row,12,1,1588.1,210312,1,308.0,2026-08-21,0,-1,1594.0,21.9
23710,52320,DeathKnight,Unholy,San'layn,DPS,US,Murder Row,12,1,1588.1,226419,0,297.0,2026-08-21,0,-1,1594.0,21.9
23710,6178,Warrior,Arms,Slayer,DPS,US,Murder Row,12,1,1588.1,203938,0,307.0,2026-08-21,0,-1,1594.0,21.9
23710,13155,Druid,Guardian,Elune's Chosen,Tank,US,Murder Row,12,1,1588.1,95913,0,299.0,2026-08-21,0,-1,1594.0,21.9
23710,13156,Shaman,Restoration,Totemic,Healer,US,Murder Row,12,1,1588.1,18388,0,296.0,2026-08-21,0,-1,1594.0,21.9
23711,52322,Paladin,Protection,Lightsmith,Tank,US,Altar of Fangs,9,1,1131.0,106916,0,290.0,2026-08-20,0,-1,1123.0,37.6
23711,52323,Shaman,Restoration,Totemic,Healer,US,Altar of Fangs,9,1,1131.0,31873,0,301.0,2026-08-20,0,-1,1123.0,37.6
23711,32792,Rogue,Assassination,Deathstalker,DPS,US,Altar of Fangs,9,1,1131.0,318614,0,304.0,2026-08-20,0,-1,1123.0,37.6
23711,21257,Priest,Shadow,Archon,DPS,US,Altar of Fangs,9,1,1131.0,196607,0,295.0,2026-08-20,0,-1,1123.0,37.6
23711,52324,DeathKnight,Unholy,Rider of the Apocalypse,DPS,US,Altar of Fangs,9,1,1131.0,209478,0,300.0,2026-08-20,0,-1,1123.0,37.6
23713,22578,Shaman,Elemental,Farseer,DPS,US,The Blinding Vale,13,1,1601.2,264926,0,302.0,2026-08-21,0,-1,1623.0,9.9
23713,12450,Warrior,Arms,Slayer,DPS,US,The Blinding Vale,13,1,1601.2,214569,1,304.0,2026-08-21,0,-1,1623.0,9.9
23713,7431,Druid,Guardian,Druid of the Claw,Tank,US,The Blinding Vale,13,1,1601.2,94529,1,293.0,2026-08-21,0,-1,1623.0,9.9
23713,1372,Monk,Windwalker,Shado-Pan,DPS,US,The Blinding Vale,13,1,1601.2,224078,0,300.0,2026-08-21,0,-1,1623.0,9.9
23713,1370,Paladin,Holy,Lightsmith,Healer,US,The Blinding Vale,13,1,1601.2,45660,0,298.0,2026-08-21,0,-1,1623.0,9.9
23718,18309,Hunter,BeastMastery,Pack Leader,DPS,EU,The Blinding Vale,11,1,1274.3,233377,0,300.0,2026-08-21,0,-1,1271.0,29.4
23718,16583,Druid,Feral,Druid of the Claw,DPS,EU,The Blinding Vale,11,1,1274.3,262370,0,308.0,2026-08-21,0,-1,1271.0,29.4
23718,18308,Shaman,Restoration,Totemic,Healer,EU,The Blinding Vale,11,1,1274.3,36249,0,292.0,2026-08-21,0,-1,1271.0,29.4
23718,18307,Monk,Brewmaster,Master of Harmony,Tank,EU,The Blinding Vale,11,1,1274.3,142005,0,299.0,2026-08-21,0,-1,1271.0,29.4
23718,18311,Warrior,Arms,Slayer,DPS,EU,The Blinding Vale,11,1,1274.3,198864,1,290.0,2026-08-21,0,-1,1271.0,29.4
23719,50074,Warrior,Arms,Slayer,DPS,EU,Altar of Fangs,10,1,1098.3,260226,0,297.0,2026-08-20,0,-1,1090.0,39.5
23719,52339,Evoker,Preservation,Flameshaper,Healer,EU,Altar of Fangs,10,1,1098.3,51293,0,302.0,2026-08-20,0,-1,1090.0,39.5
23719,52341,Shaman,Enhancement,Stormbringer,DPS,EU,Altar of Fangs,10,1,1098.3,301377,0,303.0,2026-08-20,0,-1,1090.0,39.5
23719,52340,Monk,Windwalker,Shado-Pan,DPS,EU,Altar of Fangs,10,1,1098.3,208346,0,293.0,2026-08-20,0,-1,1090.0,39.5
23719,52338,Druid,Guardian,Elune's Chosen,Tank,EU,Altar of Fangs,10,1,1098.3,156013,0,294.0,2026-08-20,0,-1,1090.0,39.5
23720,52342,DeathKnight,Blood,San'layn,Tank,EU,Temple of Sethraliss,10,1,1138.6,132584,0,309.0,2026-08-21,0,-1,1134.0,40.9
23720,52346,Warlock,Destruction,Diabolist,DPS,EU,Temple of Sethraliss,10,1,1138.6,258757,0,309.0,2026-08-21,0,-1,1134.0,40.9
23720,52344,Hunter,Marksmanship,Sentinel,DPS,EU,Temple of Sethraliss,10,1,1138.6,205614,0,305.0,2026-08-21,0,-1,1134.0,40.9
23720,52345,Hunter,Marksmanship,Sentinel,DPS,EU,Temple of Sethraliss,10,1,1138.6,188706,0,307.0,2026-08-21,0,-1,1134.0,40.9
23720,52343,Priest,Holy,Oracle,Healer,EU,Temple of Sethraliss,10,1,1138.6,16071,0,303.0,2026-08-21,0,-1,1134.0,40.9
23722,52351,Shaman,Restoration,Totemic,Healer,EU,The Blinding Vale,9,1,1046.8,22915,1,293.0,2026-08-21,0,-1,1048.0,41.8
23722,52354,Hunter,BeastMastery,Pack Leader,DPS,EU,The Blinding Vale,9,1,1046.8,215192,0,295.0,2026-08-21,0,-1,1048.0,41.8
23722,52352,Shaman,Elemental,Farseer,DPS,EU,The Blinding Vale,9,1,1046.8,215182,0,293.0,2026-08-21,0,-1,1048.0,41.8
23722,52350,Monk,Brewmaster,Shado-Pan,Tank,EU,The Blinding Vale,9,1,1046.8,111684,0,304.0,2026-08-21,0,-1,1048.0,41.8
23722,52353,Druid,Feral,Druid of the Claw,DPS,EU,The Blinding Vale,9,1,1046.8,197437,1,291.0,2026-08-21,0,-1,1048.0,41.8
23723,52356,Shaman,Restoration,Totemic,Healer,KR,Kings' Rest,11,1,1398.6,37510,0,295.0,2026-08-22,0,-1,1395.0,29.5
23723,52357,Warlock,Demonology,Diabolist,DPS,KR,Kings' Rest,11,1,1398.6,162673,0,300.0,2026-08-22,0,-1,1395.0,29.5
23723,41940,DeathKnight,Unholy,Rider of the Apocalypse,DPS,KR,Kings' Rest,11,1,1398.6,151986,0,304.0,2026-08-22,0,-1,1395.0,29.5
23723,52358,DemonHunter,Devourer,Void-Scarred,DPS,KR,Kings' Rest,11,1,1398.6,171428,0,302.0,2026-08-22,0,-1,1395.0,29.5
23723,52355,Druid,Guardian,Elune's Chosen,Tank,KR,Kings' Rest,11,1,1398.6,60758,1,292.0,2026-08-22,0,-1,1395.0,29.5
23724,52360,Mage,Arcane,Sunfury,DPS,EU,Altar of Fangs,14,1,1787.7,217252,0,306.0,2026-08-21,0,-1,1794.0,0.3
23724,52359,Warlock,Demonology,Diabolist,DPS,EU,Altar of Fangs,14,1,1787.7,238725,1,305.0,2026-08-21,0,-1,1794.0,0.3
23724,38637,Paladin,Holy,Herald of the Sun,Healer,EU,Altar of Fangs,14,1,1787.7,25577,0,301.0,2026-08-21,0,-1,1794.0,0.3
23724,20661,DeathKnight,Unholy,San'layn,DPS,EU,Altar of Fangs,14,1,1787.7,276504,0,305.0,2026-08-21,0,-1,1794.0,0.3
23724,39836,DeathKnight,Blood,San'layn,Tank,EU,Altar of Fangs,14,1,1787.7,124758,0,305.0,2026-08-21,0,-1,1794.0,0.3
23725,45523,DeathKnight,Blood,San'layn,Tank,EU,The Blinding Vale,7,1,1000.0,132219,0,294.0,2026-08-19,0,-1,1001.0,44.4
23725,45525,Shaman,Enhancement,Stormbringer,DPS,EU,The Blinding Vale,7,1,1000.0,187760,1,294.0,2026-08-19,0,-1,1001.0,44.4
23725,52361,Paladin,Holy,Herald of the Sun,Healer,EU,The Blinding Vale,7,1,1000.0,6779,0,295.0,2026-08-19,0,-1,1001.0,44.4
23725,47564,Mage,Arcane,Sunfury,DPS,EU,The Blinding Vale,7,1,1000.0,201974,1,297.0,2026-08-19,0,-1,1001.0,44.4
23725,45526,DemonHunter,Devourer,Annihilator,DPS,EU,The Blinding Vale,7,1,1000.0,214333,0,293.0,2026-08-19,0,-1,1001.0,44.4
23726,21885,Shaman,Enhancement,Stormbringer,DPS,EU,Den of Nalorakk,12,1,1539.5,209343,0,311.0,2026-08-21,0,-1,1531.0,20.3
23726,52362,Paladin,Holy,Herald of the Sun,Healer,EU,Den of Nalorakk,12,1,1539.5,22613,0,294.0,2026-08-21,0,-1,1531.0,20.3
23726,52364,DemonHunter,Devourer,Annihilator,DPS,EU,Den of Nalorakk,12,1,1539.5,152330,0,297.0,2026-08-21,0,-1,1531.0,20.3
23726,52363,Druid,Feral,Druid of the Claw,DPS,EU,Den of Nalorakk,12,1,1539.5,203172,0,311.0,2026-08-21,0,-1,1531.0,20.3
23726,29121,Warrior,Protection,Mountain Thane,Tank,EU,Den of Nalorakk,12,1,1539.5,83966,0,308.0,2026-08-21,0,-1,1531.0,20.3
23727,52367,Mage,Arcane,Sunfury,DPS,EU,Altar of Fangs,5,1,1039.9,151308,0,295.0,2026-08-21,0,-1,1031.0,42.7
23727,52369,Paladin,Retribution,Templar,DPS,EU,Altar of Fangs,5,1,1039.9,150664,0,298.0,2026-08-21,0,-1,1031.0,42.7
23727,52368,Druid,Balance,Elune's Chosen,DPS,EU,Altar of Fangs,5,1,1039.9,153853,0,300.0,2026-08-21,0,-1,1031.0,42.7
23727,52366,Druid,Restoration,Wildstalker,Healer,EU,Altar of Fangs,5,1,1039.9,2676,0,292.0,2026-08-21,0,-1,1031.0,42.7
23727,52365,DeathKnight,Blood,San'layn,Tank,EU,Altar of Fangs,5,1,1039.9,104170,0,302.0,2026-08-21,0,-1,1031.0,42.7
23737,52405,Evoker,Devastation,Scalecommander,DPS,EU,Den of Nalorakk,10,1,1244.0,159054,0,293.0,2026-08-20,0,-1,1235.0,35.7
23737,52403,DeathKnight,Blood,San'layn,Tank,EU,Den of Nalorakk,10,1,1244.0,97324,0,307.0,2026-08-20,0,-1,1235.0,35.7
23737,52404,Monk,Mistweaver,Conduit of the Celestials,Healer,EU,Den of Nalorakk,10,1,1244.0,32517,0,300.0,2026-08-20,0,-1,1235.0,35.7
23737,14066,Hunter,Marksmanship,Sentinel,DPS,EU,Den of Nalorakk,10,1,1244.0,168120,0,303.0,2026-08-20,0,-1,1235.0,35.7
23737,17815,Rogue,Subtlety,Deathstalker,DPS,EU,Den of Nalorakk,10,1,1244.0,178068,0,295.0,2026-08-20,0,-1,1235.0,35.7
23738,52406,Shaman,Restoration,Totemic,Healer,EU,Altar of Fangs,10,1,1019.2,25091,0,294.0,2026-08-21,0,-1,1011.0,43.8
23738,16956,Hunter,BeastMastery,Pack Leader,DPS,EU,Altar of Fangs,10,1,1019.2,278956,0,305.0,2026-08-21,0,-1,1011.0,43.8
23738,15100,Rogue,Outlaw,Trickster,DPS,EU,Altar of Fangs,10,1,1019.2,320202,0,306.0,2026-08-21,0,-1,1011.0,43.8
23738,48867,Paladin,Protection,Lightsmith,Tank,EU,Altar of Fangs,10,1,1019.2,156322,0,299.0,2026-08-21,0,-1,1011.0,43.8
23738,15098,Warrior,Arms,Slayer,DPS,EU,Altar of Fangs,10,1,1019.2,243340,0,304.0,2026-08-21,0,-1,1011.0,43.8
23740,52409,DemonHunter,Devourer,Void-Scarred,DPS,US,Altar of Fangs,13,1,1617.2,213742,0,303.0,2026-08-22,0,-1,1638.0,9.0
23740,19358,DeathKnight,Blood,San'layn,Tank,US,Altar of Fangs,13,1,1617.2,155234,0,310.0,2026-08-22,0,-1,1638.0,9.0
23740,19359,Paladin,Holy,Lightsmith,Healer,US,Altar of Fangs,13,1,1617.2,34079,1,306.0,2026-08-22,0,-1,1638.0,9.0
23740,52410,Shaman,Elemental,Farseer,DPS,US,Altar of Fangs,13,1,1617.2,235377,0,309.0,2026-08-22,0,-1,1638.0,9.0
23740,766,Mage,Arcane,Sunfury,DPS,US,Altar of Fangs,13,1,1617.2,223828,1,303.0,2026-08-22,0,-1,1638.0,9.0
23742,52419,Warrior,Arms,Slayer,DPS,EU,Kings' Rest,13,1,1719.3,141780,2,297.0,2026-08-21,0,-1,1830.0,7.6
23742,52417,Shaman,Restoration,Totemic,Healer,EU,Kings' Rest,13,1,1719.3,30378,2,299.0,2026-08-21,0,-1,1830.0,7.6
23742,22414,Warlock,Demonology,Diabolist,DPS,EU,Kings' Rest,13,1,1719.3,162703,2,303.0,2026-08-21,0,-1,1830.0,7.6
23742,52416,DeathKnight,Blood,San'layn,Tank,EU,Kings' Rest,13,1,1719.3,80210,0,302.0,2026-08-21,0,-1,1830.0,7.6
23742,52418,Paladin,Retribution,Templar,DPS,EU,Kings' Rest,13,1,1719.3,165211,2,306.0,2026-08-21,0,-1,1830.0,7.6
23753,52448,Monk,Windwalker,Shado-Pan,DPS,EU,Voidscar Arena,12,1,1409.2,187668,0,305.0,2026-08-21,0,-1,1431.0,20.5
23753,23761,DeathKnight,Blood,San'layn,Tank,EU,Voidscar Arena,12,1,1409.2,111506,0,302.0,2026-08-21,0,-1,1431.0,20.5
23753,17157,Shaman,Restoration,Totemic,Healer,EU,Voidscar Arena,12,1,1409.2,22371,1,306.0,2026-08-21,0,-1,1431.0,20.5
23753,52447,Mage,Arcane,Sunfury,DPS,EU,Voidscar Arena,12,1,1409.2,195604,1,304.0,2026-08-21,0,-1,1431.0,20.5
23753,52446,Warrior,Arms,Slayer,DPS,EU,Voidscar Arena,12,1,1409.2,223276,0,311.0,2026-08-21,0,-1,1431.0,20.5
23756,46427,Mage,Arcane,Sunfury,DPS,EU,The Blinding Vale,11,1,1245.8,234249,2,303.0,2026-08-21,0,-1,1268.0,29.6
23756,52360,Mage,Arcane,Sunfury,DPS,EU,The Blinding Vale,11,1,1245.8,204946,1,306.0,2026-08-21,0,-1,1268.0,29.6
23756,52456,DeathKnight,Blood,San'layn,Tank,EU,The Blinding Vale,11,1,1245.8,128334,0,306.0,2026-08-21,0,-1,1268.0,29.6
23756,52359,Warlock,Demonology,Diabolist,DPS,EU,The Blinding Vale,11,1,1245.8,219316,3,305.0,2026-08-21,0,-1,1268.0,29.6
23756,52457,Shaman,Restoration,Totemic,Healer,EU,The Blinding Vale,11,1,1245.8,20678,0,296.0,2026-08-21,0,-1,1268.0,29.6
23759,15700,Druid,Restoration,Wildstalker,Healer,EU,Temple of Sethraliss,10,1,1101.2,14115,0,303.0,2026-08-21,0,-1,1093.0,43.1
23759,12873,Hunter,BeastMastery,Pack Leader,DPS,EU,Temple of Sethraliss,10,1,1101.2,179024,0,302.0,2026-08-21,0,-1,1093.0,43.1
23759,12869,Druid,Guardian,Elune's Chosen,Tank,EU,Temple of Sethraliss,10,1,1101.2,97064,0,297.0,2026-08-21,0,-1,1093.0,43.1
23759,12872,DemonHunter,Devourer,Void-Scarred,DPS,EU,Temple of Sethraliss,10,1,1101.2,258042,0,310.0,2026-08-21,0,-1,1093.0,43.1
23759,15699,DeathKnight,Unholy,San'layn,DPS,EU,Temple of Sethraliss,10,1,1101.2,270897,0,305.0,2026-08-21,0,-1,1093.0,43.1
23762,52363,Druid,Feral,Druid of the Claw,DPS,EU,Murder Row,14,1,1858.6,217892,0,311.0,2026-08-21,0,-1,1955.0,4.2
23762,52473,Warrior,Arms,Slayer,DPS,EU,Murder Row,14,1,1858.6,176962,3,299.0,2026-08-21,0,-1,1955.0,4.2
23762,13328,Paladin,Holy,Herald of the Sun,Healer,EU,Murder Row,14,1,1858.6,25506,2,309.0,2026-08-21,0,-1,1955.0,4.2
23762,13331,Shaman,Elemental,Farseer,DPS,EU,Murder Row,14,1,1858.6,196188,2,307.0,2026-08-21,0,-1,1955.0,4.2
23762,13327,DeathKnight,Blood,San'layn,Tank,EU,Murder Row,14,1,1858.6,133821,0,312.0,2026-08-21,0,-1,1955.0,4.2
23763,38150,Mage,Arcane,Sunfury,DPS,CN,Voidscar Arena,10,1,1082.7,259569,0,306.0,2026-08-21,0,-1,1079.0,40.1
23763,52475,Warlock,Demonology,Diabolist,DPS,CN,Voidscar Arena,10,1,1082.7,221298,0,303.0,2026-08-21,0,-1,1079.0,40.1
23763,41118,Druid,Guardian,Elune's Chosen,Tank,CN,Voidscar Arena,10,1,1082.7,85355,1,304.0,2026-08-21,0,-1,1079.0,40.1
23763,52474,Evoker,Preservation,Flameshaper,Healer,CN,Voidscar Arena,10,1,1082.7,42193,0,300.0,2026-08-21,0,-1,1079.0,40.1
23763,38147,DeathKnight,Unholy,San'layn,DPS,CN,Voidscar Arena,10,1,1082.7,206401,0,302.0,2026-08-21,0,-1,1079.0,40.1
23764,4208,DeathKnight,Blood,Deathbringer,Tank,US,Temple of Sethraliss,11,1,1323.6,119574,0,303.0,2026-08-20,0,-1,1345.0,29.9
23764,52477,Rogue,Outlaw,Trickster,DPS,US,Temple of Sethraliss,11,1,1323.6,228248,2,294.0,2026-08-20,0,-1,1345.0,29.9
23764,52476,Hunter,Marksmanship,Sentinel,DPS,US,Temple of Sethraliss,11,1,1323.6,159683,3,292.0,2026-08-20,0,-1,1345.0,29.9
23764,13806,Druid,Restoration,Wildstalker,Healer,US,Temple of Sethraliss,11,1,1323.6,10726,1,296.0,2026-08-20,0,-1,1345.0,29.9
23764,4354,Warrior,Arms,Slayer,DPS,US,Temple of Sethraliss,11,1,1323.6,241215,0,303.0,2026-08-20,0,-1,1345.0,29.9
23769,52485,Warrior,Protection,Mountain Thane,Tank,EU,Temple of Sethraliss,4,1,1090.3,77683,0,291.0,2026-08-21,0,-1,1082.0,43.7
23769,52487,Warlock,Destruction,Diabolist,DPS,EU,Temple of Sethraliss,4,1,1090.3,103257,0,287.0,2026-08-21,0,-1,1082.0,43.7
23769,52486,Paladin,Holy,Herald of the Sun,Healer,EU,Temple of Sethraliss,4,1,1090.3,2174,0,299.0,2026-08-21,0,-1,1082.0,43.7
23769,52489,Mage,Arcane,Sunfury,DPS,EU,Temple of Sethraliss,4,1,1090.3,143797,0,302.0,2026-08-21,0,-1,1082.0,43.7
23769,52488,Paladin,Retribution,Templar,DPS,EU,Temple of Sethraliss,4,1,1090.3,98979,1,290.0,2026-08-21,0,-1,1082.0,43.7
23770,52492,Priest,Shadow,Voidweaver,DPS,US,Kings' Rest,11,1,1410.2,172432,0,300.0,2026-08-21,0,-1,1411.0,28.7
23770,78,DemonHunter,Devourer,Void-Scarred,DPS,US,Kings' Rest,11,1,1410.2,153415,1,300.0,2026-08-21,0,-1,1411.0,28.7
23770,52490,Paladin,Protection,Lightsmith,Tank,US,Kings' Rest,11,1,1410.2,78887,0,307.0,2026-08-21,0,-1,1411.0,28.7
23770,52493,Mage,Arcane,Sunfury,DPS,US,Kings' Rest,11,1,1410.2,186565,0,302.0,2026-08-21,0,-1,1411.0,28.7
23770,52491,Shaman,Restoration,Totemic,Healer,US,Kings' Rest,11,1,1410.2,15330,1,290.0,2026-08-21,0,-1,1411.0,28.7
23773,52501,Shaman,Elemental,Farseer,DPS,US,Voidscar Arena,10,1,1066.4,211450,0,298.0,2026-08-20,0,-1,1068.0,40.7
23773,52500,Monk,Brewmaster,Master of Harmony,Tank,US,Voidscar Arena,10,1,1066.4,99557,0,291.0,2026-08-20,0,-1,1068.0,40.7
23773,1054,Priest,Shadow,Archon,DPS,US,Voidscar Arena,10,1,1066.4,247194,1,304.0,2026-08-20,0,-1,1068.0,40.7
23773,8863,Mage,Arcane,Sunfury,DPS,US,Voidscar Arena,10,1,1066.4,245708,0,307.0,2026-08-20,0,-1,1068.0,40.7
23773,18575,Druid,Restoration,Wildstalker,Healer,US,Voidscar Arena,10,1,1066.4,18283,1,299.0,2026-08-20,0,-1,1068.0,40.7
23786,52524,Paladin,Protection,Lightsmith,Tank,US,Ruby Life Pools,5,1,854.8,70202,0,295.0,2026-08-22,0,-1,846.0,49.6
23786,52527,DeathKnight,Unholy,Rider of the Apocalypse,DPS,US,Ruby Life Pools,5,1,854.8,145937,0,297.0,2026-08-22,0,-1,846.0,49.6
23786,52526,Hunter,BeastMastery,Pack Leader,DPS,US,Ruby Life Pools,5,1,854.8,143795,0,295.0,2026-08-22,0,-1,846.0,49.6
23786,52528,DemonHunter,Havoc,Fel-Scarred,DPS,US,Ruby Life Pools,5,1,854.8,181127,0,293.0,2026-08-22,0,-1,846.0,49.6
23786,52525,Priest,Discipline,Oracle,Healer,US,Ruby Life Pools,5,1,854.8,20226,0,296.0,2026-08-22,0,-1,846.0,49.6
23788,52533,Evoker,Devastation,Scalecommander,DPS,EU,Temple of Sethraliss,4,1,1068.6,133706,0,295.0,2026-08-21,0,-1,1060.0,44.8
23788,52531,Shaman,Restoration,Totemic,Healer,EU,Temple of Sethraliss,4,1,1068.6,10970,0,304.0,2026-08-21,0,-1,1060.0,44.8
23788,52532,Paladin,Retribution,Templar,DPS,EU,Temple of Sethraliss,4,1,1068.6,123324,0,293.0,2026-08-21,0,-1,1060.0,44.8
23788,52530,DeathKnight,Blood,San'layn,Tank,EU,Temple of Sethraliss,4,1,1068.6,79138,0,296.0,2026-08-21,0,-1,1060.0,44.8
23788,52534,Rogue,Subtlety,Trickster,DPS,EU,Temple of Sethraliss,4,1,1068.6,130466,0,290.0,2026-08-21,0,-1,1060.0,44.8
23790,52544,Warrior,Fury,Unknown,DPS,EU,Kings' Rest,3,1,1013.5,99803,0,293.0,2026-08-19,0,-1,1005.0,49.2
23790,52542,Hunter,BeastMastery,Unknown,DPS,EU,Kings' Rest,3,1,1013.5,107269,0,293.0,2026-08-19,0,-1,1005.0,49.2
23790,52543,Rogue,Subtlety,Unknown,DPS,EU,Kings' Rest,3,1,1013.5,78410,0,297.0,2026-08-19,0,-1,1005.0,49.2
23790,52541,Paladin,Holy,Unknown,Healer,EU,Kings' Rest,3,1,1013.5,21794,0,293.0,2026-08-19,0,-1,1005.0,49.2
23790,52540,DeathKnight,Blood,Unknown,Tank,EU,Kings' Rest,3,1,1013.5,56430,0,294.0,2026-08-19,0,-1,1005.0,49.2
23793,52555,Druid,Guardian,Elune's Chosen,Tank,US,Ruby Life Pools,12,1,1364.3,67882,0,296.0,2026-08-22,0,-1,1371.0,18.4
23793,6760,Shaman,Restoration,Totemic,Healer,US,Ruby Life Pools,12,1,1364.3,33397,0,309.0,2026-08-22,0,-1,1371.0,18.4
23793,52556,Warlock,Destruction,Diabolist,DPS,US,Ruby Life Pools,12,1,1364.3,218596,0,306.0,2026-08-22,0,-1,1371.0,18.4
23793,52557,Paladin,Retribution,Herald of the Sun,DPS,US,Ruby Life Pools,12,1,1364.3,206959,0,302.0,2026-08-22,0,-1,1371.0,18.4
23793,52558,Mage,Arcane,Sunfury,DPS,US,Ruby Life Pools,12,1,1364.3,247280,1,310.0,2026-08-22,0,-1,1371.0,18.4
23797,52564,Mage,Arcane,Sunfury,DPS,US,Den of Nalorakk,12,1,1562.6,223598,0,309.0,2026-08-21,0,-1,1584.0,17.5
23797,9233,Monk,Brewmaster,Shado-Pan,Tank,US,Den of Nalorakk,12,1,1562.6,83954,1,304.0,2026-08-21,0,-1,1584.0,17.5
23797,3007,DeathKnight,Unholy,San'layn,DPS,US,Den of Nalorakk,12,1,1562.6,143903,1,304.0,2026-08-21,0,-1,1584.0,17.5
23797,52565,Hunter,BeastMastery,Pack Leader,DPS,US,Den of Nalorakk,12,1,1562.6,169146,0,305.0,2026-08-21,0,-1,1584.0,17.5
23797,52563,Priest,Holy,Oracle,Healer,US,Den of Nalorakk,12,1,1562.6,27432,0,301.0,2026-08-21,0,-1,1584.0,17.5
23799,2694,Druid,Balance,Elune's Chosen,DPS,US,Murder Row,10,1,1145.7,204069,1,311.0,2026-08-21,0,-1,1147.0,43.8
23799,2693,Mage,Arcane,Sunfury,DPS,US,Murder Row,10,1,1145.7,215797,0,307.0,2026-08-21,0,-1,1147.0,43.8
23799,12649,DemonHunter,Devourer,Void-Scarred,DPS,US,Murder Row,10,1,1145.7,212220,1,308.0,2026-08-21,0,-1,1147.0,43.8
23799,10605,Monk,Mistweaver,Conduit of the Celestials,Healer,US,Murder Row,10,1,1145.7,34319,0,294.0,2026-08-21,0,-1,1147.0,43.8
23799,10604,DemonHunter,Vengeance,Annihilator,Tank,US,Murder Row,10,1,1145.7,115053,0,299.0,2026-08-21,0,-1,1147.0,43.8
23803,5884,Warrior,Arms,Slayer,DPS,US,The Blinding Vale,9,1,1097.0,220538,0,304.0,2026-08-20,0,-1,1093.0,39.3
23803,52579,Rogue,Subtlety,Deathstalker,DPS,US,The Blinding Vale,9,1,1097.0,178844,1,294.0,2026-08-20,0,-1,1093.0,39.3
23803,5883,DeathKnight,Unholy,Rider of the Apocalypse,DPS,US,The Blinding Vale,9,1,1097.0,230839,0,301.0,2026-08-20,0,-1,1093.0,39.3
23803,52578,Shaman,Restoration,Totemic,Healer,US,The Blinding Vale,9,1,1097.0,29497,0,291.0,2026-08-20,0,-1,1093.0,39.3
23803,5881,Warrior,Protection,Mountain Thane,Tank,US,The Blinding Vale,9,1,1097.0,125629,0,302.0,2026-08-20,0,-1,1093.0,39.3
23805,52313,Shaman,Enhancement,Stormbringer,DPS,EU,Murder Row,12,1,1570.7,173427,1,304.0,2026-08-21,0,-1,1607.0,21.2
23805,52311,DeathKnight,Blood,San'layn,Tank,EU,Murder Row,12,1,1570.7,106915,0,302.0,2026-08-21,0,-1,1607.0,21.2
23805,52585,Warrior,Arms,Slayer,DPS,EU,Murder Row,12,1,1570.7,171726,2,303.0,2026-08-21,0,-1,1607.0,21.2
23805,52586,Mage,Arcane,Sunfury,DPS,EU,Murder Row,12,1,1570.7,250587,0,308.0,2026-08-21,0,-1,1607.0,21.2
23805,52312,Shaman,Restoration,Totemic,Healer,EU,Murder Row,12,1,1570.7,22101,0,300.0,2026-08-21,0,-1,1607.0,21.2
23807,15487,DemonHunter,Vengeance,Annihilator,Tank,EU,Murder Row,14,0,1938.1,114057,3,310.0,2026-08-21,0,-1,2155.0,-5.6
23807,15488,Mage,Arcane,Sunfury,DPS,EU,Murder Row,14,0,1938.1,250631,1,312.0,2026-08-21,0,-1,2155.0,-5.6
23807,52589,Paladin,Retribution,Templar,DPS,EU,Murder Row,14,0,1938.1,194778,4,308.0,2026-08-21,0,-1,2155.0,-5.6
23807,15484,DeathKnight,Unholy,Rider of the Apocalypse,DPS,EU,Murder Row,14,0,1938.1,199667,2,310.0,2026-08-21,0,-1,2155.0,-5.6
23807,52588,Priest,Holy,Oracle,Healer,EU,Murder Row,14,0,1938.1,13735,3,309.0,2026-08-21,0,-1,2155.0,-5.6
23811,41761,Shaman,Restoration,Farseer,Healer,US,Ruby Life Pools,8,1,947.6,22048,0,292.0,2026-08-18,0,-1,940.0,44.1
23811,17663,DeathKnight,Blood,San'layn,Tank,US,Ruby Life Pools,8,1,947.6,126000,0,292.0,2026-08-18,0,-1,940.0,44.1
23811,17666,DemonHunter,Devourer,Void-Scarred,DPS,US,Ruby Life Pools,8,1,947.6,199008,0,292.0,2026-08-18,0,-1,940.0,44.1
23811,17665,Hunter,BeastMastery,Pack Leader,DPS,US,Ruby Life Pools,8,1,947.6,211586,0,296.0,2026-08-18,0,-1,940.0,44.1
23811,14386,Evoker,Augmentation,Chronowarden,DPS,US,Ruby Life Pools,8,1,947.6,149194,0,292.0,2026-08-18,0,-1,940.0,44.1
23814,52598,Warrior,Arms,Slayer,DPS,EU,Kings' Rest,10,1,1207.3,142207,0,298.0,2026-08-21,0,-1,1199.0,39.4
23814,13726,Priest,Shadow,Voidweaver,DPS,EU,Kings' Rest,10,1,1207.3,168707,0,302.0,2026-08-21,0,-1,1199.0,39.4
23814,13724,DeathKnight,Blood,San'layn,Tank,EU,Kings' Rest,10,1,1207.3,102999,0,308.0,2026-08-21,0,-1,1199.0,39.4
23814,52597,Shaman,Enhancement,Stormbringer,DPS,EU,Kings' Rest,10,1,1207.3,136482,0,296.0,2026-08-21,0,-1,1199.0,39.4
23814,13725,Evoker,Preservation,Flameshaper,Healer,EU,Kings' Rest,10,1,1207.3,56222,0,308.0,2026-08-21,0,-1,1199.0,39.4
23818,19668,Monk,Mistweaver,Conduit of the Celestials,Healer,US,Murder Row,11,1,1129.6,43372,1,303.0,2026-08-21,0,-1,1136.0,44.3
23818,52615,Mage,Arcane,Sunfury,DPS,US,Murder Row,11,1,1129.6,224086,2,303.0,2026-08-21,0,-1,1136.0,44.3
23818,52614,Druid,Guardian,Elune's Chosen,Tank,US,Murder Row,11,1,1129.6,126365,0,299.0,2026-08-21,0,-1,1136.0,44.3
23818,606,Shaman,Enhancement,Stormbringer,DPS,US,Murder Row,11,1,1129.6,240103,0,308.0,2026-08-21,0,-1,1136.0,44.3
23818,24319,Rogue,Subtlety,Deathstalker,DPS,US,Murder Row,11,1,1129.6,264098,0,308.0,2026-08-21,0,-1,1136.0,44.3
23824,16203,Rogue,Subtlety,Deathstalker,DPS,EU,Temple of Sethraliss,10,1,1117.3,210475,1,309.0,2026-08-21,0,-1,1124.0,41.5
23824,16226,Warrior,Protection,Mountain Thane,Tank,EU,Temple of Sethraliss,10,1,1117.3,151845,0,296.0,2026-08-21,0,-1,1124.0,41.5
23824,16201,Mage,Arcane,Sunfury,DPS,EU,Temple of Sethraliss,10,1,1117.3,217767,0,309.0,2026-08-21,0,-1,1124.0,41.5
23824,52272,Monk,Mistweaver,Conduit of the Celestials,Healer,EU,Temple of Sethraliss,10,1,1117.3,40878,1,298.0,2026-08-21,0,-1,1124.0,41.5
23824,16202,Warlock,Destruction,Diabolist,DPS,EU,Temple of Sethraliss,10,1,1117.3,218664,1,309.0,2026-08-21,0,-1,1124.0,41.5
23828,20050,Rogue,Subtlety,Deathstalker,DPS,EU,Murder Row,10,1,1178.5,195527,0,303.0,2026-08-21,0,-1,1170.0,42.6
23828,14295,Hunter,Marksmanship,Sentinel,DPS,EU,Murder Row,10,1,1178.5,189268,0,302.0,2026-08-21,0,-1,1170.0,42.6
23828,14294,Shaman,Restoration,Totemic,Healer,EU,Murder Row,10,1,1178.5,43980,0,304.0,2026-08-21,0,-1,1170.0,42.6
23828,14297,Priest,Shadow,Voidweaver,DPS,EU,Murder Row,10,1,1178.5,244308,0,308.0,2026-08-21,0,-1,1170.0,42.6
23828,14293,Paladin,Protection,Templar,Tank,EU,Murder Row,10,1,1178.5,109365,0,301.0,2026-08-21,0,-1,1170.0,42.6
23829,52644,DemonHunter,Havoc,Fel-Scarred,DPS,US,Kings' Rest,2,1,960.7,91639,0,293.0,2026-08-22,0,-1,952.0,51.9
23829,52642,Shaman,Enhancement,Stormbringer,DPS,US,Kings' Rest,2,1,960.7,86424,0,291.0,2026-08-22,0,-1,952.0,51.9
23829,52643,Mage,Arcane,Sunfury,DPS,US,Kings' Rest,2,1,960.7,100814,0,299.0,2026-08-22,0,-1,952.0,51.9
23829,52640,DeathKnight,Blood,San'layn,Tank,US,Kings' Rest,2,1,960.7,67708,0,290.0,2026-08-22,0,-1,952.0,51.9
23829,52641,Priest,Holy,Archon,Healer,US,Kings' Rest,2,1,960.7,7125,0,289.0,2026-08-22,0,-1,952.0,51.9
23837,19304,Paladin,Retribution,Herald of the Sun,DPS,EU,Altar of Fangs,12,1,1460.0,259251,1,311.0,2026-08-21,0,-1,1496.0,16.9
23837,52668,DeathKnight,Blood,San'layn,Tank,EU,Altar of Fangs,12,1,1460.0,151782,0,307.0,2026-08-21,0,-1,1496.0,16.9
23837,27257,Druid,Restoration,Wildstalker,Healer,EU,Altar of Fangs,12,1,1460.0,5217,1,308.0,2026-08-21,0,-1,1496.0,16.9
23837,27259,Hunter,BeastMastery,Pack Leader,DPS,EU,Altar of Fangs,12,1,1460.0,228504,0,308.0,2026-08-21,0,-1,1496.0,16.9
23837,52669,Shaman,Elemental,Farseer,DPS,EU,Altar of Fangs,12,1,1460.0,229100,1,298.0,2026-08-21,0,-1,1496.0,16.9
23840,22976,Paladin,Protection,Templar,Tank,EU,The Blinding Vale,10,1,1119.2,104838,0,307.0,2026-08-20,0,-1,1110.0,38.3
23840,52675,Priest,Discipline,Oracle,Healer,EU,The Blinding Vale,10,1,1119.2,16977,0,306.0,2026-08-20,0,-1,1110.0,38.3
23840,52676,Monk,Windwalker,Shado-Pan,DPS,EU,The Blinding Vale,10,1,1119.2,221055,0,302.0,2026-08-20,0,-1,1110.0,38.3
23840,22944,Warrior,Fury,Slayer,DPS,EU,The Blinding Vale,10,1,1119.2,266441,0,303.0,2026-08-20,0,-1,1110.0,38.3
23840,22946,Hunter,Marksmanship,Sentinel,DPS,EU,The Blinding Vale,10,1,1119.2,203638,0,306.0,2026-08-20,0,-1,1110.0,38.3
23841,26476,Druid,Restoration,Wildstalker,Healer,EU,Voidscar Arena,12,1,1362.4,15190,0,306.0,2026-08-21,0,-1,1399.0,22.3
23841,19832,Shaman,Enhancement,Stormbringer,DPS,EU,Voidscar Arena,12,1,1362.4,261060,0,311.0,2026-08-21,0,-1,1399.0,22.3
23841,52677,DemonHunter,Devourer,Annihilator,DPS,EU,Voidscar Arena,12,1,1362.4,183545,2,299.0,2026-08-21,0,-1,1399.0,22.3
23841,22965,Mage,Arcane,Sunfury,DPS,EU,Voidscar Arena,12,1,1362.4,195308,1,303.0,2026-08-21,0,-1,1399.0,22.3
23841,26393,Paladin,Protection,Lightsmith,Tank,EU,Voidscar Arena,12,1,1362.4,120944,0,299.0,2026-08-21,0,-1,1399.0,22.3
23852,9381,Warrior,Arms,Slayer,DPS,US,Kings' Rest,11,1,1384.1,155241,1,309.0,2026-08-22,0,-1,1386.0,30.0
23852,52704,Hunter,BeastMastery,Pack Leader,DPS,US,Kings' Rest,11,1,1384.1,154030,0,301.0,2026-08-22,0,-1,1386.0,30.0
23852,52703,Mage,Arcane,Sunfury,DPS,US,Kings' Rest,11,1,1384.1,190210,1,304.0,2026-08-22,0,-1,1386.0,30.0
23852,9380,Paladin,Holy,Herald of the Sun,Healer,US,Kings' Rest,11,1,1384.1,6244,0,298.0,2026-08-22,0,-1,1386.0,30.0
23852,9379,DemonHunter,Vengeance,Annihilator,Tank,US,Kings' Rest,11,1,1384.1,83934,0,311.0,2026-08-22,0,-1,1386.0,30.0
23856,27685,Mage,Arcane,Sunfury,DPS,EU,Murder Row,10,1,1219.9,181533,1,300.0,2026-08-21,0,-1,1216.0,40.4
23856,27684,Druid,Restoration,Wildstalker,Healer,EU,Murder Row,10,1,1219.9,14825,0,305.0,2026-08-21,0,-1,1216.0,40.4
23856,14495,DemonHunter,Havoc,Fel-Scarred,DPS,EU,Murder Row,10,1,1219.9,230899,0,308.0,2026-08-21,0,-1,1216.0,40.4
23856,15638,Rogue,Assassination,Deathstalker,DPS,EU,Murder Row,10,1,1219.9,246326,0,307.0,2026-08-21,0,-1,1216.0,40.4
23856,52713,Paladin,Protection,Lightsmith,Tank,EU,Murder Row,10,1,1219.9,94514,0,293.0,2026-08-21,0,-1,1216.0,40.4
23858,52719,Paladin,Protection,Unknown,Tank,KR,Murder Row,6,1,1227.9,59501,0,295.0,2026-08-22,0,-1,1220.0,40.2
23858,52723,Mage,Arcane,Unknown,DPS,KR,Murder Row,6,1,1227.9,165547,0,306.0,2026-08-22,0,-1,1220.0,40.2
23858,52720,Druid,Restoration,Unknown,Healer,KR,Murder Row,6,1,1227.9,9170,0,287.0,2026-08-22,0,-1,1220.0,40.2
23858,52721,Warrior,Arms,Unknown,DPS,KR,Murder Row,6,1,1227.9,147708,0,295.0,2026-08-22,0,-1,1220.0,40.2
23858,52722,Rogue,Subtlety,Unknown,DPS,KR,Murder Row,6,1,1227.9,96237,0,276.0,2026-08-22,0,-1,1220.0,40.2
23861,4472,Druid,Balance,Elune's Chosen,DPS,US,The Blinding Vale,10,1,1096.0,250933,0,309.0,2026-08-21,0,-1,1103.0,38.7
23861,16457,Evoker,Devastation,Scalecommander,DPS,US,The Blinding Vale,10,1,1096.0,254438,1,306.0,2026-08-21,0,-1,1103.0,38.7
23861,52725,DeathKnight,Blood,San'layn,Tank,US,The Blinding Vale,10,1,1096.0,125008,0,306.0,2026-08-21,0,-1,1103.0,38.7
23861,14503,DemonHunter,Devourer,Void-Scarred,DPS,US,The Blinding Vale,10,1,1096.0,204872,2,299.0,2026-08-21,0,-1,1103.0,38.7
23861,52726,Paladin,Holy,Herald of the Sun,Healer,US,The Blinding Vale,10,1,1096.0,20281,0,300.0,2026-08-21,0,-1,1103.0,38.7
23870,20656,Druid,Balance,Elune's Chosen,DPS,US,Ruby Life Pools,13,1,1539.3,198278,0,302.0,2026-08-22,0,-1,1576.0,6.2
23870,52739,Paladin,Holy,Herald of the Sun,Healer,US,Ruby Life Pools,13,1,1539.3,18321,0,310.0,2026-08-22,0,-1,1576.0,6.2
23870,8546,DeathKnight,Blood,San'layn,Tank,US,Ruby Life Pools,13,1,1539.3,140730,0,310.0,2026-08-22,0,-1,1576.0,6.2
23870,6601,Shaman,Elemental,Farseer,DPS,US,Ruby Life Pools,13,1,1539.3,206333,1,303.0,2026-08-22,0,-1,1576.0,6.2
23870,39550,Warrior,Arms,Slayer,DPS,US,Ruby Life Pools,13,1,1539.3,212900,2,308.0,2026-08-22,0,-1,1576.0,6.2
23873,52749,Paladin,Retribution,Templar,DPS,CN,Voidscar Arena,2,1,963.2,104962,0,286.0,2026-08-22,0,-1,954.0,47.0
23873,52750,Warrior,Arms,Slayer,DPS,CN,Voidscar Arena,2,1,963.2,110489,0,287.0,2026-08-22,0,-1,954.0,47.0
23873,52747,Paladin,Protection,Templar,Tank,CN,Voidscar Arena,2,1,963.2,43960,0,286.0,2026-08-22,0,-1,954.0,47.0
23873,52751,Shaman,Elemental,Farseer,DPS,CN,Voidscar Arena,2,1,963.2,136774,0,293.0,2026-08-22,0,-1,954.0,47.0
23873,52748,Priest,Discipline,Oracle,Healer,CN,Voidscar Arena,2,1,963.2,9004,0,290.0,2026-08-22,0,-1,954.0,47.0
23875,52756,Warrior,Arms,Slayer,DPS,EU,Altar of Fangs,7,1,1117.5,203039,0,299.0,2026-08-21,0,-1,1114.0,38.1
23875,52757,Mage,Fire,Sunfury,DPS,EU,Altar of Fangs,7,1,1117.5,172002,0,289.0,2026-08-21,0,-1,1114.0,38.1
23875,52758,Hunter,BeastMastery,Pack Leader,DPS,EU,Altar of Fangs,7,1,1117.5,191720,0,301.0,2026-08-21,0,-1,1114.0,38.1
23875,52755,Shaman,Restoration,Totemic,Healer,EU,Altar of Fangs,7,1,1117.5,24921,1,290.0,2026-08-21,0,-1,1114.0,38.1
23875,52754,Paladin,Protection,Lightsmith,Tank,EU,Altar of Fangs,7,1,1117.5,107803,0,301.0,2026-08-21,0,-1,1114.0,38.1
23876,52759,Warrior,Protection,Mountain Thane,Tank,EU,Temple of Sethraliss,10,1,1106.1,121619,0,305.0,2026-08-20,0,-1,1097.0,42.8
23876,52316,Shaman,Restoration,Totemic,Healer,EU,Temple of Sethraliss,10,1,1106.1,26454,0,299.0,2026-08-20,0,-1,1097.0,42.8
23876,52761,Hunter,Marksmanship,Sentinel,DPS,EU,Temple of Sethraliss,10,1,1106.1,210602,0,302.0,2026-08-20,0,-1,1097.0,42.8
23876,16899,Shaman,Elemental,Farseer,DPS,EU,Temple of Sethraliss,10,1,1106.1,237725,0,308.0,2026-08-20,0,-1,1097.0,42.8
23876,52760,Evoker,Devastation,Scalecommander,DPS,EU,Temple of Sethraliss,10,1,1106.1,221852,0,304.0,2026-08-20,0,-1,1097.0,42.8
23878,52440,Mage,Arcane,Sunfury,DPS,US,Murder Row,10,1,1152.4,237486,0,303.0,2026-08-21,0,-1,1144.0,43.9
23878,52766,Paladin,Holy,Herald of the Sun,Healer,US,Murder Row,10,1,1152.4,28318,0,304.0,2026-08-21,0,-1,1144.0,43.9
23878,52767,Mage,Frost,Spellslinger,DPS,US,Murder Row,10,1,1152.4,185736,0,299.0,2026-08-21,0,-1,1144.0,43.9
23878,1313,DemonHunter,Vengeance,Annihilator,Tank,US,Murder Row,10,1,1152.4,123169,0,312.0,2026-08-21,0,-1,1144.0,43.9
23878,4426,Mage,Arcane,Sunfury,DPS,US,Murder Row,10,1,1152.4,240471,0,304.0,2026-08-21,0,-1,1144.0,43.9
23880,52770,Druid,Guardian,Elune's Chosen,Tank,US,The Blinding Vale,10,1,1060.7,103422,0,300.0,2026-08-21,0,-1,1057.0,41.3
23880,3008,Shaman,Elemental,Farseer,DPS,US,The Blinding Vale,10,1,1060.7,223592,1,313.0,2026-08-21,0,-1,1057.0,41.3
23880,52771,Rogue,Subtlety,Deathstalker,DPS,US,The Blinding Vale,10,1,1060.7,306819,0,305.0,2026-08-21,0,-1,1057.0,41.3
23880,20536,Warrior,Arms,Slayer,DPS,US,The Blinding Vale,10,1,1060.7,214046,0,308.0,2026-08-21,0,-1,1057.0,41.3
23880,9234,Shaman,Restoration,Totemic,Healer,US,The Blinding Vale,10,1,1060.7,41162,0,312.0,2026-08-21,0,-1,1057.0,41.3
23882,52775,Hunter,Marksmanship,Sentinel,DPS,US,Kings' Rest,9,1,1131.7,147594,1,298.0,2026-08-21,0,-1,1128.0,43.0
23882,4689,Priest,Discipline,Voidweaver,Healer,US,Kings' Rest,9,1,1131.7,35447,0,307.0,2026-08-21,0,-1,1128.0,43.0
23882,52772,Warrior,Protection,Mountain Thane,Tank,US,Kings' Rest,9,1,1131.7,109618,0,294.0,2026-08-21,0,-1,1128.0,43.0
23882,52774,Mage,Arcane,Sunfury,DPS,US,Kings' Rest,9,1,1131.7,181260,0,309.0,2026-08-21,0,-1,1128.0,43.0
23882,52773,Mage,Arcane,Sunfury,DPS,US,Kings' Rest,9,1,1131.7,148968,0,297.0,2026-08-21,0,-1,1128.0,43.0
23884,15124,DeathKnight,Unholy,San'layn,DPS,EU,Ruby Life Pools,12,1,1367.4,228460,0,296.0,2026-08-20,0,-1,1374.0,18.2
23884,52779,Evoker,Preservation,Chronowarden,Healer,EU,Ruby Life Pools,12,1,1367.4,32617,0,290.0,2026-08-20,0,-1,1374.0,18.2
23884,23804,Warrior,Arms,Slayer,DPS,EU,Ruby Life Pools,12,1,1367.4,211895,1,298.0,2026-08-20,0,-1,1374.0,18.2
23884,15120,Paladin,Protection,Lightsmith,Tank,EU,Ruby Life Pools,12,1,1367.4,124710,0,302.0,2026-08-20,0,-1,1374.0,18.2
23884,18588,DemonHunter,Havoc,Fel-Scarred,DPS,EU,Ruby Life Pools,12,1,1367.4,197695,0,297.0,2026-08-20,0,-1,1374.0,18.2
23887,52788,Shaman,Restoration,Totemic,Healer,KR,Den of Nalorakk,11,1,1421.5,8702,4,277.0,2026-08-21,0,-1,1434.0,25.3
23887,52791,Mage,Arcane,Sunfury,DPS,KR,Den of Nalorakk,11,1,1421.5,225732,0,305.0,2026-08-21,0,-1,1434.0,25.3
23887,52790,Mage,Arcane,Sunfury,DPS,KR,Den of Nalorakk,11,1,1421.5,204398,0,297.0,2026-08-21,0,-1,1434.0,25.3
23887,52789,Druid,Balance,Elune's Chosen,DPS,KR,Den of Nalorakk,11,1,1421.5,156327,0,302.0,2026-08-21,0,-1,1434.0,25.3
23887,52787,Paladin,Protection,Lightsmith,Tank,KR,Den of Nalorakk,11,1,1421.5,71717,0,293.0,2026-08-21,0,-1,1434.0,25.3
23893,4094,Evoker,Devastation,Scalecommander,DPS,US,The Blinding Vale,11,1,1171.7,242588,0,304.0,2026-08-20,0,-1,1174.0,34.8
23893,3512,Mage,Arcane,Sunfury,DPS,US,The Blinding Vale,11,1,1171.7,236672,0,302.0,2026-08-20,0,-1,1174.0,34.8
23893,52809,Rogue,Assassination,Deathstalker,DPS,US,The Blinding Vale,11,1,1171.7,234232,2,295.0,2026-08-20,0,-1,1174.0,34.8
23893,52808,Monk,Mistweaver,Conduit of the Celestials,Healer,US,The Blinding Vale,11,1,1171.7,48202,0,292.0,2026-08-20,0,-1,1174.0,34.8
23893,52807,DemonHunter,Vengeance,Annihilator,Tank,US,The Blinding Vale,11,1,1171.7,98460,0,297.0,2026-08-20,0,-1,1174.0,34.8
23895,52815,Monk,Windwalker,Shado-Pan,DPS,KR,Den of Nalorakk,3,1,1146.8,80620,0,281.0,2026-08-20,0,-1,1138.0,40.7
23895,52811,Paladin,Protection,Lightsmith,Tank,KR,Den of Nalorakk,3,1,1146.8,61310,0,294.0,2026-08-20,0,-1,1138.0,40.7
23895,52812,Shaman,Restoration,Totemic,Healer,KR,Den of Nalorakk,3,1,1146.8,16040,0,292.0,2026-08-20,0,-1,1138.0,40.7
23895,52814,Warlock,Destruction,Hellcaller,DPS,KR,Den of Nalorakk,3,1,1146.8,75839,0,290.0,2026-08-20,0,-1,1138.0,40.7
23895,52813,Hunter,BeastMastery,Dark Ranger,DPS,KR,Den of Nalorakk,3,1,1146.8,120520,0,290.0,2026-08-20,0,-1,1138.0,40.7
23898,52820,Priest,Holy,Oracle,Healer,CN,The Blinding Vale,10,1,1065.6,23122,1,307.0,2026-08-22,0,-1,1107.0,38.5
23898,52822,Mage,Arcane,Sunfury,DPS,CN,The Blinding Vale,10,1,1065.6,254903,3,304.0,2026-08-22,0,-1,1107.0,38.5
23898,52819,Paladin,Protection,Lightsmith,Tank,CN,The Blinding Vale,10,1,1065.6,103720,2,306.0,2026-08-22,0,-1,1107.0,38.5
23898,52821,Warrior,Arms,Slayer,DPS,CN,The Blinding Vale,10,1,1065.6,269475,2,303.0,2026-08-22,0,-1,1107.0,38.5
23898,52823,Hunter,Marksmanship,Sentinel,DPS,CN,The Blinding Vale,10,1,1065.6,221252,1,305.0,2026-08-22,0,-1,1107.0,38.5
23904,37568,Paladin,Holy,Herald of the Sun,Healer,CN,Den of Nalorakk,10,1,1208.3,7439,0,307.0,2026-08-21,0,-1,1199.0,37.5
23904,52833,Mage,Arcane,Sunfury,DPS,CN,Den of Nalorakk,10,1,1208.3,179806,0,304.0,2026-08-21,0,-1,1199.0,37.5
23904,37569,Mage,Arcane,Sunfury,DPS,CN,Den of Nalorakk,10,1,1208.3,206749,0,307.0,2026-08-21,0,-1,1199.0,37.5
23904,37567,DeathKnight,Blood,Deathbringer,Tank,CN,Den of Nalorakk,10,1,1208.3,85279,0,306.0,2026-08-21,0,-1,1199.0,37.5
23904,52834,Rogue,Assassination,Deathstalker,DPS,CN,Den of Nalorakk,10,1,1208.3,236183,0,301.0,2026-08-21,0,-1,1199.0,37.5
23907,15336,Hunter,BeastMastery,Pack Leader,DPS,EU,Kings' Rest,12,1,1585.2,132462,0,302.0,2026-08-20,0,-1,1576.0,20.4
23907,43062,Shaman,Restoration,Totemic,Healer,EU,Kings' Rest,12,1,1585.2,33078,0,291.0,2026-08-20,0,-1,1576.0,20.4
23907,52837,DemonHunter,Havoc,Fel-Scarred,DPS,EU,Kings' Rest,12,1,1585.2,145650,0,305.0,2026-08-20,0,-1,1576.0,20.4
23907,52838,Druid,Balance,Elune's Chosen,DPS,EU,Kings' Rest,12,1,1585.2,156628,0,303.0,2026-08-20,0,-1,1576.0,20.4
23907,43061,Paladin,Protection,Lightsmith,Tank,EU,Kings' Rest,12,1,1585.2,99310,0,305.0,2026-08-20,0,-1,1576.0,20.4
23909,52348,Warrior,Protection,Mountain Thane,Tank,US,The Blinding Vale,10,1,1064.1,135743,0,311.0,2026-08-22,0,-1,1066.0,40.8
23909,21490,Rogue,Subtlety,Deathstalker,DPS,US,The Blinding Vale,10,1,1064.1,261809,0,309.0,2026-08-22,0,-1,1066.0,40.8
23909,25796,Druid,Balance,Elune's Chosen,DPS,US,The Blinding Vale,10,1,1064.1,198368,0,308.0,2026-08-22,0,-1,1066.0,40.8
23909,49340,Rogue,Outlaw,Trickster,DPS,US,The Blinding Vale,10,1,1064.1,203123,2,293.0,2026-08-22,0,-1,1066.0,40.8
23909,52840,Monk,Mistweaver,Conduit of the Celestials,Healer,US,The Blinding Vale,10,1,1064.1,51250,0,313.0,2026-08-22,0,-1,1066.0,40.8
23910,12818,Mage,Arcane,Sunfury,DPS,EU,Voidscar Arena,11,1,1239.5,203870,0,301.0,2026-08-20,0,-1,1231.0,31.6
23910,52842,Druid,Balance,Elune's Chosen,DPS,EU,Voidscar Arena,11,1,1239.5,214989,0,293.0,2026-08-20,0,-1,1231.0,31.6
23910,52841,Paladin,Holy,Herald of the Sun,Healer,EU,Voidscar Arena,11,1,1239.5,27007,0,291.0,2026-08-20,0,-1,1231.0,31.6
23910,12815,Warrior,Protection,Mountain Thane,Tank,EU,Voidscar Arena,11,1,1239.5,120563,0,294.0,2026-08-20,0,-1,1231.0,31.6
23910,12819,Shaman,Enhancement,Stormbringer,DPS,EU,Voidscar Arena,11,1,1239.5,219800,0,306.0,2026-08-20,0,-1,1231.0,31.6
23917,52872,Warrior,Arms,Slayer,DPS,US,Altar of Fangs,5,1,1050.5,94411,1,271.0,2026-08-22,0,-1,1042.0,42.1
23917,52869,Paladin,Holy,Herald of the Sun,Healer,US,Altar of Fangs,5,1,1050.5,19054,1,290.0,2026-08-22,0,-1,1042.0,42.1
23917,52868,DeathKnight,Blood,Deathbringer,Tank,US,Altar of Fangs,5,1,1050.5,123843,0,299.0,2026-08-22,0,-1,1042.0,42.1
23917,52871,Hunter,BeastMastery,Pack Leader,DPS,US,Altar of Fangs,5,1,1050.5,162670,0,295.0,2026-08-22,0,-1,1042.0,42.1
23917,52870,Mage,Arcane,Sunfury,DPS,US,Altar of Fangs,5,1,1050.5,145219,0,292.0,2026-08-22,0,-1,1042.0,42.1
23918,781,Warrior,Protection,Mountain Thane,Tank,US,Temple of Sethraliss,13,1,1716.3,134021,0,308.0,2026-08-22,0,-1,1737.0,9.5
23918,52873,Priest,Shadow,Archon,DPS,US,Temple of Sethraliss,13,1,1716.3,175311,0,300.0,2026-08-22,0,-1,1737.0,9.5
23918,1813,Warlock,Demonology,Diabolist,DPS,US,Temple of Sethraliss,13,1,1716.3,193440,0,302.0,2026-08-22,0,-1,1737.0,9.5
23918,783,Warlock,Demonology,Diabolist,DPS,US,Temple of Sethraliss,13,1,1716.3,211034,2,306.0,2026-08-22,0,-1,1737.0,9.5
23918,3466,Paladin,Holy,Herald of the Sun,Healer,US,Temple of Sethraliss,13,1,1716.3,10530,0,304.0,2026-08-22,0,-1,1737.0,9.5
23920,52879,Druid,Balance,Elune's Chosen,DPS,KR,Den of Nalorakk,6,1,1160.7,95213,0,290.0,2026-08-20,0,-1,1152.0,40.0
23920,52877,Warrior,Protection,Mountain Thane,Tank,KR,Den of Nalorakk,6,1,1160.7,73768,0,295.0,2026-08-20,0,-1,1152.0,40.0
23920,52880,Warrior,Arms,Slayer,DPS,KR,Den of Nalorakk,6,1,1160.7,108692,0,295.0,2026-08-20,0,-1,1152.0,40.0
23920,52878,Paladin,Holy,Lightsmith,Healer,KR,Den of Nalorakk,6,1,1160.7,56866,0,293.0,2026-08-20,0,-1,1152.0,40.0
23920,52881,Mage,Arcane,Sunfury,DPS,KR,Den of Nalorakk,6,1,1160.7,119966,0,292.0,2026-08-20,0,-1,1152.0,40.0
23927,52902,Druid,Balance,Elune's Chosen,DPS,EU,Altar of Fangs,10,1,1123.4,255727,0,299.0,2026-08-21,0,-1,1125.0,37.5
23927,52901,Shaman,Elemental,Farseer,DPS,EU,Altar of Fangs,10,1,1123.4,267903,0,300.0,2026-08-21,0,-1,1125.0,37.5
23927,52900,DemonHunter,Devourer,Void-Scarred,DPS,EU,Altar of Fangs,10,1,1123.4,246830,2,303.0,2026-08-21,0,-1,1125.0,37.5
23927,52899,Monk,Mistweaver,Conduit of the Celestials,Healer,EU,Altar of Fangs,10,1,1123.4,55006,0,295.0,2026-08-21,0,-1,1125.0,37.5
23927,52898,Paladin,Protection,Lightsmith,Tank,EU,Altar of Fangs,10,1,1123.4,111580,0,300.0,2026-08-21,0,-1,1125.0,37.5
23929,42803,Shaman,Restoration,Totemic,Healer,US,Murder Row,2,1,1228.1,13473,0,299.0,2026-08-22,0,-1,1220.0,40.2
23929,52906,Warrior,Arms,Colossus,DPS,US,Murder Row,2,1,1228.1,74082,0,292.0,2026-08-22,0,-1,1220.0,40.2
23929,52903,DeathKnight,Blood,San'layn,Tank,US,Murder Row,2,1,1228.1,50086,0,285.0,2026-08-22,0,-1,1220.0,40.2
23929,52904,Priest,Shadow,Archon,DPS,US,Murder Row,2,1,1228.1,99171,1,283.0,2026-08-22,0,-1,1220.0,40.2
23929,52905,DeathKnight,Unholy,Rider of the Apocalypse,DPS,US,Murder Row,2,1,1228.1,137912,0,300.0,2026-08-22,0,-1,1220.0,40.2
23930,52907,Shaman,Restoration,Totemic,Healer,US,Den of Nalorakk,12,1,1551.1,29958,0,300.0,2026-08-21,0,-1,1542.0,19.7
23930,52908,DeathKnight,Unholy,San'layn,DPS,US,Den of Nalorakk,12,1,1551.1,206218,0,303.0,2026-08-21,0,-1,1542.0,19.7
23930,26632,Monk,Brewmaster,Master of Harmony,Tank,US,Den of Nalorakk,12,1,1551.1,97331,0,308.0,2026-08-21,0,-1,1542.0,19.7
23930,1298,Warrior,Arms,Slayer,DPS,US,Den of Nalorakk,12,1,1551.1,209443,0,308.0,2026-08-21,0,-1,1542.0,19.7
23930,52909,Druid,Balance,Elune's Chosen,DPS,US,Den of Nalorakk,12,1,1551.1,150396,0,301.0,2026-08-21,0,-1,1542.0,19.7
23933,17752,Monk,Mistweaver,Conduit of the Celestials,Healer,EU,Murder Row,12,1,1507.2,48073,0,295.0,2026-08-21,0,-1,1558.0,23.6
23933,17754,Mage,Arcane,Sunfury,DPS,EU,Murder Row,12,1,1507.2,204506,1,303.0,2026-08-21,0,-1,1558.0,23.6
23933,52915,DeathKnight,Blood,San'layn,Tank,EU,Murder Row,12,1,1507.2,91702,1,312.0,2026-08-21,0,-1,1558.0,23.6
23933,17753,Warrior,Arms,Slayer,DPS,EU,Murder Row,12,1,1507.2,223738,0,298.0,2026-08-21,0,-1,1558.0,23.6
23933,17755,Paladin,Retribution,Herald of the Sun,DPS,EU,Murder Row,12,1,1507.2,195371,2,301.0,2026-08-21,0,-1,1558.0,23.6
23944,52949,DemonHunter,Devourer,Annihilator,DPS,CN,Altar of Fangs,13,1,1596.0,248808,1,304.0,2026-08-22,0,-1,1678.0,6.8
23944,52950,Mage,Arcane,Sunfury,DPS,CN,Altar of Fangs,13,1,1596.0,197109,1,299.0,2026-08-22,0,-1,1678.0,6.8
23944,52951,Druid,Balance,Elune's Chosen,DPS,CN,Altar of Fangs,13,1,1596.0,255602,1,303.0,2026-08-22,0,-1,1678.0,6.8
23944,52948,Evoker,Preservation,Flameshaper,Healer,CN,Altar of Fangs,13,1,1596.0,58987,3,304.0,2026-08-22,0,-1,1678.0,6.8
23944,52947,DeathKnight,Blood,San'layn,Tank,CN,Altar of Fangs,13,1,1596.0,165133,0,308.0,2026-08-22,0,-1,1678.0,6.8
23948,38237,Paladin,Retribution,Templar,DPS,EU,Murder Row,9,1,1198.0,137327,1,293.0,2026-08-21,0,-1,1195.0,41.4
23948,52964,DemonHunter,Devourer,Annihilator,DPS,EU,Murder Row,9,1,1198.0,175338,0,295.0,2026-08-21,0,-1,1195.0,41.4
23948,38236,Monk,Mistweaver,Conduit of the Celestials,Healer,EU,Murder Row,9,1,1198.0,35573,0,294.0,2026-08-21,0,-1,1195.0,41.4
23948,51541,Mage,Arcane,Sunfury,DPS,EU,Murder Row,9,1,1198.0,228869,0,307.0,2026-08-21,0,-1,1195.0,41.4
23948,38235,DeathKnight,Blood,San'layn,Tank,EU,Murder Row,9,1,1198.0,114771,0,300.0,2026-08-21,0,-1,1195.0,41.4
23950,52970,Evoker,Preservation,Flameshaper,Healer,US,Ruby Life Pools,12,1,1210.8,32127,1,305.0,2026-08-20,0,-1,1218.0,27.5
23950,52972,DeathKnight,Frost,Deathbringer,DPS,US,Ruby Life Pools,12,1,1210.8,253684,0,307.0,2026-08-20,0,-1,1218.0,27.5
23950,52971,Shaman,Elemental,Farseer,DPS,US,Ruby Life Pools,12,1,1210.8,225895,0,303.0,2026-08-20,0,-1,1218.0,27.5
23950,14783,DeathKnight,Blood,Deathbringer,Tank,US,Ruby Life Pools,12,1,1210.8,128014,0,303.0,2026-08-20,0,-1,1218.0,27.5
23950,14784,Warrior,Arms,Slayer,DPS,US,Ruby Life Pools,12,1,1210.8,256373,0,296.0,2026-08-20,0,-1,1218.0,27.5
23959,52997,Priest,Holy,Oracle,Healer,EU,The Blinding Vale,10,1,1115.7,31990,0,301.0,2026-08-21,0,-1,1122.0,37.6
23959,52996,Paladin,Protection,Lightsmith,Tank,EU,The Blinding Vale,10,1,1115.7,81088,0,293.0,2026-08-21,0,-1,1122.0,37.6
23959,41354,Shaman,Elemental,Farseer,DPS,EU,The Blinding Vale,10,1,1115.7,225662,1,300.0,2026-08-21,0,-1,1122.0,37.6
23959,16707,Rogue,Subtlety,Deathstalker,DPS,EU,The Blinding Vale,10,1,1115.7,227408,1,303.0,2026-08-21,0,-1,1122.0,37.6
23959,12807,Rogue,Assassination,Deathstalker,DPS,EU,The Blinding Vale,10,1,1115.7,288248,1,308.0,2026-08-21,0,-1,1122.0,37.6
23960,53002,Mage,Arcane,Sunfury,DPS,CN,Den of Nalorakk,11,1,1374.8,182090,0,302.0,2026-08-21,0,-1,1372.0,28.6
23960,52999,Paladin,Holy,Lightsmith,Healer,CN,Den of Nalorakk,11,1,1374.8,44531,0,309.0,2026-08-21,0,-1,1372.0,28.6
23960,53001,Shaman,Elemental,Farseer,DPS,CN,Den of Nalorakk,11,1,1374.8,178115,1,301.0,2026-08-21,0,-1,1372.0,28.6
23960,52998,DeathKnight,Blood,San'layn,Tank,CN,Den of Nalorakk,11,1,1374.8,104592,0,305.0,2026-08-21,0,-1,1372.0,28.6
23960,53000,Warrior,Arms,Slayer,DPS,CN,Den of Nalorakk,11,1,1374.8,139015,0,302.0,2026-08-21,0,-1,1372.0,28.6
23961,15114,Hunter,BeastMastery,Pack Leader,DPS,EU,Temple of Sethraliss,10,1,1153.3,237015,0,310.0,2026-08-21,0,-1,1149.0,40.1
23961,53006,Shaman,Enhancement,Stormbringer,DPS,EU,Temple of Sethraliss,10,1,1153.3,209217,0,306.0,2026-08-21,0,-1,1149.0,40.1
23961,53005,Hunter,BeastMastery,Pack Leader,DPS,EU,Temple of Sethraliss,10,1,1153.3,205978,0,305.0,2026-08-21,0,-1,1149.0,40.1
23961,53003,Paladin,Protection,Lightsmith,Tank,EU,Temple of Sethraliss,10,1,1153.3,90338,0,308.0,2026-08-21,0,-1,1149.0,40.1
23961,53004,Monk,Mistweaver,Conduit of the Celestials,Healer,EU,Temple of Sethraliss,10,1,1153.3,36790,1,296.0,2026-08-21,0,-1,1149.0,40.1
23963,26804,Shaman,Enhancement,Stormbringer,DPS,EU,The Blinding Vale,10,1,1099.5,229585,2,311.0,2026-08-20,0,-1,1116.0,38.0
23963,26802,DeathKnight,Blood,San'layn,Tank,EU,The Blinding Vale,10,1,1099.5,120078,0,305.0,2026-08-20,0,-1,1116.0,38.0
23963,26806,Warlock,Demonology,Diabolist,DPS,EU,The Blinding Vale,10,1,1099.5,218732,2,302.0,2026-08-20,0,-1,1116.0,38.0
23963,26805,Mage,Arcane,Sunfury,DPS,EU,The Blinding Vale,10,1,1099.5,273850,0,309.0,2026-08-20,0,-1,1116.0,38.0
23963,26803,Shaman,Restoration,Totemic,Healer,EU,The Blinding Vale,10,1,1099.5,27172,1,300.0,2026-08-20,0,-1,1116.0,38.0
23964,16326,Mage,Arcane,Sunfury,DPS,EU,Kings' Rest,12,1,1568.1,169754,0,306.0,2026-08-21,0,-1,1560.0,21.2
23964,53012,Paladin,Protection,Lightsmith,Tank,EU,Kings' Rest,12,1,1568.1,91471,0,305.0,2026-08-21,0,-1,1560.0,21.2
23964,53014,DeathKnight,Unholy,San'layn,DPS,EU,Kings' Rest,12,1,1568.1,139711,0,300.0,2026-08-21,0,-1,1560.0,21.2
23964,53013,Druid,Balance,Elune's Chosen,DPS,EU,Kings' Rest,12,1,1568.1,132519,0,300.0,2026-08-21,0,-1,1560.0,21.2
23964,24388,Shaman,Restoration,Totemic,Healer,EU,Kings' Rest,12,1,1568.1,29897,0,300.0,2026-08-21,0,-1,1560.0,21.2
23968,12960,Paladin,Retribution,Herald of the Sun,DPS,EU,Altar of Fangs,10,1,1123.2,180941,0,300.0,2026-08-21,0,-1,1115.0,38.1
23968,18500,Priest,Shadow,Archon,DPS,EU,Altar of Fangs,10,1,1123.2,257466,0,305.0,2026-08-21,0,-1,1115.0,38.1
23968,53025,Monk,Mistweaver,Conduit of the Celestials,Healer,EU,Altar of Fangs,10,1,1123.2,45843,0,296.0,2026-08-21,0,-1,1115.0,38.1
23968,14867,Mage,Arcane,Sunfury,DPS,EU,Altar of Fangs,10,1,1123.2,233941,0,303.0,2026-08-21,0,-1,1115.0,38.1
23968,12957,Warrior,Protection,Mountain Thane,Tank,EU,Altar of Fangs,10,1,1123.2,153923,0,303.0,2026-08-21,0,-1,1115.0,38.1
23978,53044,Rogue,Assassination,Deathstalker,DPS,US,Voidscar Arena,11,1,1256.9,229755,0,303.0,2026-08-21,0,-1,1249.0,30.6
23978,53043,Paladin,Holy,Herald of the Sun,Healer,US,Voidscar Arena,11,1,1256.9,3049,0,301.0,2026-08-21,0,-1,1249.0,30.6
23978,315,Warlock,Demonology,Diabolist,DPS,US,Voidscar Arena,11,1,1256.9,233097,0,301.0,2026-08-21,0,-1,1249.0,30.6
23978,53042,DemonHunter,Vengeance,Annihilator,Tank,US,Voidscar Arena,11,1,1256.9,92134,0,295.0,2026-08-21,0,-1,1249.0,30.6
23978,13538,Mage,Arcane,Sunfury,DPS,US,Voidscar Arena,11,1,1256.9,224468,0,304.0,2026-08-21,0,-1,1249.0,30.6
23980,13820,Hunter,Marksmanship,Sentinel,DPS,EU,Altar of Fangs,10,1,1114.8,283930,0,309.0,2026-08-21,0,-1,1111.0,38.3
23980,53048,Warlock,Demonology,Diabolist,DPS,EU,Altar of Fangs,10,1,1114.8,299932,0,301.0,2026-08-21,0,-1,1111.0,38.3
23980,13817,Priest,Holy,Oracle,Healer,EU,Altar of Fangs,10,1,1114.8,42824,0,307.0,2026-08-21,0,-1,1111.0,38.3
23980,15923,DeathKnight,Unholy,San'layn,DPS,EU,Altar of Fangs,10,1,1114.8,206879,1,299.0,2026-08-21,0,-1,1111.0,38.3
23980,13816,Druid,Guardian,Elune's Chosen,Tank,EU,Altar of Fangs,10,1,1114.8,110771,0,302.0,2026-08-21,0,-1,1111.0,38.3
23982,14005,Shaman,Restoration,Totemic,Healer,EU,Temple of Sethraliss,12,1,1533.4,32785,0,298.0,2026-08-20,0,-1,1525.0,20.6
23982,14008,DemonHunter,Devourer,Annihilator,DPS,EU,Temple of Sethraliss,12,1,1533.4,204761,0,299.0,2026-08-20,0,-1,1525.0,20.6
23982,14004,DeathKnight,Blood,San'layn,Tank,EU,Temple of Sethraliss,12,1,1533.4,110721,0,305.0,2026-08-20,0,-1,1525.0,20.6
23982,53052,Warlock,Demonology,Diabolist,DPS,EU,Temple of Sethraliss,12,1,1533.4,197681,0,296.0,2026-08-20,0,-1,1525.0,20.6
23982,14006,Rogue,Subtlety,Deathstalker,DPS,EU,Temple of Sethraliss,12,1,1533.4,205772,0,306.0,2026-08-20,0,-1,1525.0,20.6
23985,21550,Paladin,Retribution,Templar,DPS,EU,Altar of Fangs,11,1,1223.0,242092,0,295.0,2026-08-21,0,-1,1215.0,32.5
23985,21546,DeathKnight,Blood,San'layn,Tank,EU,Altar of Fangs,11,1,1223.0,137027,0,305.0,2026-08-21,0,-1,1215.0,32.5
23985,53053,Monk,Mistweaver,Conduit of the Celestials,Healer,EU,Altar of Fangs,11,1,1223.0,53510,0,296.0,2026-08-21,0,-1,1215.0,32.5
23985,21549,Warlock,Demonology,Diabolist,DPS,EU,Altar of Fangs,11,1,1223.0,284894,0,296.0,2026-08-21,0,-1,1215.0,32.5
23985,53054,Shaman,Elemental,Farseer,DPS,EU,Altar of Fangs,11,1,1223.0,266940,0,304.0,2026-08-21,0,-1,1215.0,32.5
23989,14610,Priest,Shadow,Archon,DPS,EU,Murder Row,10,1,1197.7,228313,0,305.0,2026-08-21,0,-1,1195.0,41.4
23989,14608,DemonHunter,Vengeance,Annihilator,Tank,EU,Murder Row,10,1,1197.7,120084,0,311.0,2026-08-21,0,-1,1195.0,41.4
23989,14609,Shaman,Restoration,Totemic,Healer,EU,Murder Row,10,1,1197.7,16426,0,304.0,2026-08-21,0,-1,1195.0,41.4
23989,14612,Paladin,Retribution,Templar,DPS,EU,Murder Row,10,1,1197.7,197567,1,313.0,2026-08-21,0,-1,1195.0,41.4
23989,14611,Mage,Arcane,Sunfury,DPS,EU,Murder Row,10,1,1197.7,264801,0,313.0,2026-08-21,0,-1,1195.0,41.4
23991,53071,Hunter,BeastMastery,Pack Leader,DPS,EU,Ruby Life Pools,12,1,1329.0,193279,2,301.0,2026-08-20,0,-1,1365.0,18.7
23991,53070,Shaman,Restoration,Totemic,Healer,EU,Ruby Life Pools,12,1,1329.0,29720,0,298.0,2026-08-20,0,-1,1365.0,18.7
23991,53072,Druid,Balance,Elune's Chosen,DPS,EU,Ruby Life Pools,12,1,1329.0,175188,1,301.0,2026-08-20,0,-1,1365.0,18.7
23991,18072,DeathKnight,Unholy,Rider of the Apocalypse,DPS,EU,Ruby Life Pools,12,1,1329.0,225136,0,302.0,2026-08-20,0,-1,1365.0,18.7
23991,53069,DeathKnight,Blood,San'layn,Tank,EU,Ruby Life Pools,12,1,1329.0,135262,0,302.0,2026-08-20,0,-1,1365.0,18.7
23996,3964,Monk,Mistweaver,Conduit of the Celestials,Healer,US,Kings' Rest,11,1,1379.7,44980,0,304.0,2026-08-21,0,-1,1386.0,30.0
23996,53080,Rogue,Subtlety,Deathstalker,DPS,US,Kings' Rest,11,1,1379.7,184292,0,306.0,2026-08-21,0,-1,1386.0,30.0
23996,53081,Shaman,Elemental,Farseer,DPS,US,Kings' Rest,11,1,1379.7,138529,1,300.0,2026-08-21,0,-1,1386.0,30.0
23996,14943,Warrior,Fury,Slayer,DPS,US,Kings' Rest,11,1,1379.7,149898,1,304.0,2026-08-21,0,-1,1386.0,30.0
23996,14942,Paladin,Protection,Lightsmith,Tank,US,Kings' Rest,11,1,1379.7,73196,1,298.0,2026-08-21,0,-1,1386.0,30.0
23997,53082,Monk,Windwalker,Shado-Pan,DPS,US,The Blinding Vale,5,1,1036.3,150724,0,283.0,2026-08-19,0,-1,1028.0,42.9
23997,53083,Hunter,BeastMastery,Pack Leader,DPS,US,The Blinding Vale,5,1,1036.3,168673,0,299.0,2026-08-19,0,-1,1028.0,42.9
23997,52513,Paladin,Holy,Herald of the Sun,Healer,US,The Blinding Vale,5,1,1036.3,17587,0,295.0,2026-08-19,0,-1,1028.0,42.9
23997,47074,Druid,Guardian,Elune's Chosen,Tank,US,The Blinding Vale,5,1,1036.3,74742,0,291.0,2026-08-19,0,-1,1028.0,42.9
23997,52514,Rogue,Assassination,Fatebound,DPS,US,The Blinding Vale,5,1,1036.3,183545,0,297.0,2026-08-19,0,-1,1028.0,42.9
24001,854,DeathKnight,Unholy,San'layn,DPS,US,Murder Row,11,1,1200.3,223436,0,309.0,2026-08-22,0,-1,1197.0,41.3
24001,53098,DeathKnight,Blood,San'layn,Tank,US,Murder Row,11,1,1200.3,123988,0,297.0,2026-08-22,0,-1,1197.0,41.3
24001,1403,Mage,Arcane,Sunfury,DPS,US,Murder Row,11,1,1200.3,233453,0,303.0,2026-08-22,0,-1,1197.0,41.3
24001,853,Warlock,Demonology,Diabolist,DPS,US,Murder Row,11,1,1200.3,213114,1,310.0,2026-08-22,0,-1,1197.0,41.3
24001,851,Shaman,Restoration,Totemic,Healer,US,Murder Row,11,1,1200.3,31119,0,303.0,2026-08-22,0,-1,1197.0,41.3
24002,2445,Monk,Brewmaster,Shado-Pan,Tank,US,Altar of Fangs,10,1,1106.8,120298,1,304.0,2026-08-21,0,-1,1108.0,38.4
24002,6935,DemonHunter,Devourer,Annihilator,DPS,US,Altar of Fangs,10,1,1106.8,231675,1,297.0,2026-08-21,0,-1,1108.0,38.4
24002,16363,Shaman,Elemental,Farseer,DPS,US,Altar of Fangs,10,1,1106.8,248501,0,294.0,2026-08-21,0,-1,1108.0,38.4
24002,48897,Mage,Arcane,Sunfury,DPS,US,Altar of Fangs,10,1,1106.8,270933,0,300.0,2026-08-21,0,-1,1108.0,38.4
24002,6933,Monk,Mistweaver,Conduit of the Celestials,Healer,US,Altar of Fangs,10,1,1106.8,53841,0,291.0,2026-08-21,0,-1,1108.0,38.4
24003,53099,Warrior,Arms,Slayer,DPS,US,Kings' Rest,10,1,1226.2,162772,0,305.0,2026-08-20,0,-1,1233.0,37.7
24003,4077,Warlock,Destruction,Diabolist,DPS,US,Kings' Rest,10,1,1226.2,125442,1,306.0,2026-08-20,0,-1,1233.0,37.7
24003,5661,Shaman,Restoration,Totemic,Healer,US,Kings' Rest,10,1,1226.2,30956,2,303.0,2026-08-20,0,-1,1233.0,37.7
24003,628,Paladin,Retribution,Herald of the Sun,DPS,US,Kings' Rest,10,1,1226.2,179918,0,307.0,2026-08-20,0,-1,1233.0,37.7
24003,624,DeathKnight,Blood,San'layn,Tank,US,Kings' Rest,10,1,1226.2,96520,0,313.0,2026-08-20,0,-1,1233.0,37.7
24007,53107,Shaman,Enhancement,Stormbringer,DPS,EU,Altar of Fangs,9,1,1116.9,308658,0,308.0,2026-08-20,0,-1,1108.0,38.4
24007,53106,Paladin,Holy,Herald of the Sun,Healer,EU,Altar of Fangs,9,1,1116.9,25882,0,287.0,2026-08-20,0,-1,1108.0,38.4
24007,20037,Druid,Guardian,Elune's Chosen,Tank,EU,Altar of Fangs,9,1,1116.9,121035,0,303.0,2026-08-20,0,-1,1108.0,38.4
24007,53108,Mage,Arcane,Sunfury,DPS,EU,Altar of Fangs,9,1,1116.9,222817,0,298.0,2026-08-20,0,-1,1108.0,38.4
24007,20040,Rogue,Outlaw,Trickster,DPS,EU,Altar of Fangs,9,1,1116.9,194206,0,299.0,2026-08-20,0,-1,1108.0,38.4
24009,15762,Druid,Restoration,Wildstalker,Healer,US,Voidscar Arena,12,1,1402.1,15356,1,301.0,2026-08-20,0,-1,1408.0,21.8
24009,52460,Warrior,Arms,Slayer,DPS,US,Voidscar Arena,12,1,1402.1,222417,0,306.0,2026-08-20,0,-1,1408.0,21.8
24009,53114,Monk,Brewmaster,Master of Harmony,Tank,US,Voidscar Arena,12,1,1402.1,98396,0,296.0,2026-08-20,0,-1,1408.0,21.8
24009,53115,Shaman,Elemental,Farseer,DPS,US,Voidscar Arena,12,1,1402.1,173267,0,298.0,2026-08-20,0,-1,1408.0,21.8
24009,52461,Rogue,Outlaw,Trickster,DPS,US,Voidscar Arena,12,1,1402.1,204450,0,303.0,2026-08-20,0,-1,1408.0,21.8
24011,39592,Hunter,Marksmanship,Sentinel,DPS,EU,Ruby Life Pools,11,1,1206.8,217688,0,301.0,2026-08-20,0,-1,1209.0,28.1
24011,39588,Druid,Guardian,Elune's Chosen,Tank,EU,Ruby Life Pools,11,1,1206.8,105086,0,298.0,2026-08-20,0,-1,1209.0,28.1
24011,39589,Paladin,Holy,Herald of the Sun,Healer,EU,Ruby Life Pools,11,1,1206.8,27172,2,296.0,2026-08-20,0,-1,1209.0,28.1
24011,39591,Warrior,Arms,Slayer,DPS,EU,Ruby Life Pools,11,1,1206.8,239947,0,301.0,2026-08-20,0,-1,1209.0,28.1
24011,27068,DemonHunter,Devourer,Annihilator,DPS,EU,Ruby Life Pools,11,1,1206.8,191603,0,300.0,2026-08-20,0,-1,1209.0,28.1
24020,23839,Paladin,Retribution,Templar,DPS,EU,Kings' Rest,11,1,1412.7,130853,1,304.0,2026-08-20,0,-1,1409.0,28.8
24020,25313,Rogue,Subtlety,Deathstalker,DPS,EU,Kings' Rest,11,1,1412.7,135784,0,292.0,2026-08-20,0,-1,1409.0,28.8
24020,25311,Shaman,Restoration,Totemic,Healer,EU,Kings' Rest,11,1,1412.7,23401,0,296.0,2026-08-20,0,-1,1409.0,28.8
24020,23838,Monk,Brewmaster,Master of Harmony,Tank,EU,Kings' Rest,11,1,1412.7,105181,0,300.0,2026-08-20,0,-1,1409.0,28.8
24020,25314,Warrior,Arms,Slayer,DPS,EU,Kings' Rest,11,1,1412.7,161635,0,295.0,2026-08-20,0,-1,1409.0,28.8
24023,15897,Shaman,Restoration,Totemic,Healer,EU,The Blinding Vale,10,1,1026.0,50931,0,308.0,2026-08-21,0,-1,1018.0,43.5
24023,14127,Evoker,Devastation,Scalecommander,DPS,EU,The Blinding Vale,10,1,1026.0,215813,0,305.0,2026-08-21,0,-1,1018.0,43.5
24023,53147,Druid,Balance,Elune's Chosen,DPS,EU,The Blinding Vale,10,1,1026.0,189042,0,304.0,2026-08-21,0,-1,1018.0,43.5
24023,22648,Rogue,Subtlety,Deathstalker,DPS,EU,The Blinding Vale,10,1,1026.0,264794,0,312.0,2026-08-21,0,-1,1018.0,43.5
24023,53146,Paladin,Protection,Lightsmith,Tank,EU,The Blinding Vale,10,1,1026.0,130858,0,307.0,2026-08-21,0,-1,1018.0,43.5
24029,53159,Hunter,BeastMastery,Pack Leader,DPS,EU,Temple of Sethraliss,11,1,1308.5,203854,2,307.0,2026-08-21,0,-1,1330.0,30.7
24029,53158,Mage,Arcane,Sunfury,DPS,EU,Temple of Sethraliss,11,1,1308.5,206962,1,301.0,2026-08-21,0,-1,1330.0,30.7
24029,53160,Druid,Balance,Elune's Chosen,DPS,EU,Temple of Sethraliss,11,1,1308.5,172946,2,302.0,2026-08-21,0,-1,1330.0,30.7
24029,13251,DeathKnight,Blood,San'layn,Tank,EU,Temple of Sethraliss,11,1,1308.5,168297,1,307.0,2026-08-21,0,-1,1330.0,30.7
24029,53157,Shaman,Restoration,Totemic,Healer,EU,Temple of Sethraliss,11,1,1308.5,20833,0,295.0,2026-08-21,0,-1,1330.0,30.7
24032,53170,Priest,Shadow,Archon,DPS,EU,The Blinding Vale,10,1,1097.3,219820,0,300.0,2026-08-20,0,-1,1089.0,39.5
24032,13819,Paladin,Retribution,Herald of the Sun,DPS,EU,The Blinding Vale,10,1,1097.3,264590,0,307.0,2026-08-20,0,-1,1089.0,39.5
24032,13817,Priest,Holy,Oracle,Healer,EU,The Blinding Vale,10,1,1097.3,38956,0,305.0,2026-08-20,0,-1,1089.0,39.5
24032,18553,Evoker,Devastation,Scalecommander,DPS,EU,The Blinding Vale,10,1,1097.3,192876,0,302.0,2026-08-20,0,-1,1089.0,39.5
24032,53169,Monk,Brewmaster,Master of Harmony,Tank,EU,The Blinding Vale,10,1,1097.3,100204,0,292.0,2026-08-20,0,-1,1089.0,39.5
24036,10727,Monk,Brewmaster,Master of Harmony,Tank,US,Kings' Rest,13,1,1697.2,86716,0,296.0,2026-08-22,0,-1,1749.0,11.7
24036,45536,Hunter,Marksmanship,Sentinel,DPS,US,Kings' Rest,13,1,1697.2,124520,1,294.0,2026-08-22,0,-1,1749.0,11.7
24036,53182,Shaman,Restoration,Totemic,Healer,US,Kings' Rest,13,1,1697.2,24251,0,305.0,2026-08-22,0,-1,1749.0,11.7
24036,7601,Warrior,Arms,Slayer,DPS,US,Kings' Rest,13,1,1697.2,186081,2,308.0,2026-08-22,0,-1,1749.0,11.7
24036,45535,Paladin,Retribution,Templar,DPS,US,Kings' Rest,13,1,1697.2,154008,1,296.0,2026-08-22,0,-1,1749.0,11.7
24041,53201,Mage,Arcane,Sunfury,DPS,CN,Murder Row,11,1,1350.9,201828,0,301.0,2026-08-20,0,-1,1347.0,34.0
24041,53198,Evoker,Preservation,Flameshaper,Healer,CN,Murder Row,11,1,1350.9,45145,0,296.0,2026-08-20,0,-1,1347.0,34.0
24041,53199,DeathKnight,Unholy,San'layn,DPS,CN,Murder Row,11,1,1350.9,258842,0,303.0,2026-08-20,0,-1,1347.0,34.0
24041,53197,Paladin,Protection,Lightsmith,Tank,CN,Murder Row,11,1,1350.9,103530,0,294.0,2026-08-20,0,-1,1347.0,34.0
24041,53200,DemonHunter,Devourer,Annihilator,DPS,CN,Murder Row,11,1,1350.9,178930,1,297.0,2026-08-20,0,-1,1347.0,34.0
24046,53208,Shaman,Enhancement,Stormbringer,DPS,EU,Kings' Rest,5,1,1045.5,80780,0,281.0,2026-08-21,0,-1,1037.0,47.6
24046,53207,Priest,Discipline,Oracle,Healer,EU,Kings' Rest,5,1,1045.5,9451,1,299.0,2026-08-21,0,-1,1037.0,47.6
24046,50030,DeathKnight,Blood,San'layn,Tank,EU,Kings' Rest,5,1,1045.5,69263,0,307.0,2026-08-21,0,-1,1037.0,47.6
24046,53210,Warlock,Demonology,Diabolist,DPS,EU,Kings' Rest,5,1,1045.5,119553,0,291.0,2026-08-21,0,-1,1037.0,47.6
24046,53209,Warrior,Arms,Slayer,DPS,EU,Kings' Rest,5,1,1045.5,112666,0,290.0,2026-08-21,0,-1,1037.0,47.6
24054,53227,Warrior,Arms,Slayer,DPS,EU,Voidscar Arena,10,1,1034.7,236811,0,308.0,2026-08-21,0,-1,1026.0,43.0
24054,53226,Paladin,Protection,Lightsmith,Tank,EU,Voidscar Arena,10,1,1034.7,96811,0,304.0,2026-08-21,0,-1,1026.0,43.0
24054,12591,Druid,Restoration,Wildstalker,Healer,EU,Voidscar Arena,10,1,1034.7,13156,0,300.0,2026-08-21,0,-1,1026.0,43.0
24054,24994,DemonHunter,Devourer,Void-Scarred,DPS,EU,Voidscar Arena,10,1,1034.7,212443,0,307.0,2026-08-21,0,-1,1026.0,43.0
24054,53228,Evoker,Devastation,Scalecommander,DPS,EU,Voidscar Arena,10,1,1034.7,196826,0,292.0,2026-08-21,0,-1,1026.0,43.0
24055,53230,Rogue,Subtlety,Unknown,DPS,US,Kings' Rest,12,1,1537.5,141256,0,304.0,2026-08-21,0,-1,1559.0,21.3
24055,1435,Druid,Guardian,Unknown,Tank,US,Kings' Rest,12,1,1537.5,75960,0,305.0,2026-08-21,0,-1,1559.0,21.3
24055,1437,Mage,Arcane,Unknown,DPS,US,Kings' Rest,12,1,1537.5,183094,1,305.0,2026-08-21,0,-1,1559.0,21.3
24055,1438,Priest,Shadow,Unknown,DPS,US,Kings' Rest,12,1,1537.5,150129,0,304.0,2026-08-21,0,-1,1559.0,21.3
24055,53229,Priest,Holy,Unknown,Healer,US,Kings' Rest,12,1,1537.5,20525,0,294.0,2026-08-21,0,-1,1559.0,21.3
24065,53245,Warrior,Arms,Slayer,DPS,US,Altar of Fangs,10,1,1119.9,220172,0,295.0,2026-08-22,0,-1,1111.0,38.3
24065,2948,Monk,Brewmaster,Shado-Pan,Tank,US,Altar of Fangs,10,1,1119.9,118668,0,308.0,2026-08-22,0,-1,1111.0,38.3
24065,53244,Shaman,Enhancement,Stormbringer,DPS,US,Altar of Fangs,10,1,1119.9,265961,0,299.0,2026-08-22,0,-1,1111.0,38.3
24065,2949,Evoker,Preservation,Flameshaper,Healer,US,Altar of Fangs,10,1,1119.9,42112,0,310.0,2026-08-22,0,-1,1111.0,38.3
24065,4775,Warlock,Demonology,Diabolist,DPS,US,Altar of Fangs,10,1,1119.9,240020,0,305.0,2026-08-22,0,-1,1111.0,38.3
24070,53255,Paladin,Protection,Lightsmith,Tank,US,The Blinding Vale,5,1,931.7,122792,0,300.0,2026-08-22,0,-1,923.0,48.7
24070,53256,Paladin,Holy,Herald of the Sun,Healer,US,The Blinding Vale,5,1,931.7,17691,0,295.0,2026-08-22,0,-1,923.0,48.7
24070,53257,Mage,Arcane,Sunfury,DPS,US,The Blinding Vale,5,1,931.7,190178,0,301.0,2026-08-22,0,-1,923.0,48.7
24070,53259,Paladin,Retribution,Herald of the Sun,DPS,US,The Blinding Vale,5,1,931.7,123211,1,298.0,2026-08-22,0,-1,923.0,48.7
24070,53258,Shaman,Elemental,Farseer,DPS,US,The Blinding Vale,5,1,931.7,164993,0,293.0,2026-08-22,0,-1,923.0,48.7
24072,53263,Paladin,Holy,Unknown,Healer,CN,Murder Row,12,1,1560.6,36633,0,299.0,2026-08-21,0,-1,1552.0,23.9
24072,53262,DeathKnight,Blood,Unknown,Tank,CN,Murder Row,12,1,1560.6,116016,0,308.0,2026-08-21,0,-1,1552.0,23.9
24072,53264,Shaman,Elemental,Unknown,DPS,CN,Murder Row,12,1,1560.6,201089,0,307.0,2026-08-21,0,-1,1552.0,23.9
24072,53265,Mage,Arcane,Unknown,DPS,CN,Murder Row,12,1,1560.6,198178,0,303.0,2026-08-21,0,-1,1552.0,23.9
24072,53266,Warrior,Arms,Unknown,DPS,CN,Murder Row,12,1,1560.6,187901,0,302.0,2026-08-21,0,-1,1552.0,23.9
24073,53267,DeathKnight,Blood,Deathbringer,Tank,CN,Ruby Life Pools,13,1,1556.9,114044,0,303.0,2026-08-21,0,-1,1578.0,6.0
24073,53270,Warrior,Arms,Slayer,DPS,CN,Ruby Life Pools,13,1,1556.9,182603,1,301.0,2026-08-21,0,-1,1578.0,6.0
24073,53269,Shaman,Elemental,Farseer,DPS,CN,Ruby Life Pools,13,1,1556.9,213107,0,303.0,2026-08-21,0,-1,1578.0,6.0
24073,53271,Mage,Arcane,Sunfury,DPS,CN,Ruby Life Pools,13,1,1556.9,229497,0,311.0,2026-08-21,0,-1,1578.0,6.0
24073,53268,Paladin,Holy,Herald of the Sun,Healer,CN,Ruby Life Pools,13,1,1556.9,26110,1,303.0,2026-08-21,0,-1,1578.0,6.0
24075,4178,Priest,Discipline,Voidweaver,Healer,US,Altar of Fangs,13,1,1534.8,48577,0,308.0,2026-08-20,0,-1,1526.0,15.2
24075,894,Rogue,Subtlety,Deathstalker,DPS,US,Altar of Fangs,13,1,1534.8,234049,0,303.0,2026-08-20,0,-1,1526.0,15.2
24075,6551,Warrior,Arms,Slayer,DPS,US,Altar of Fangs,13,1,1534.8,254538,0,300.0,2026-08-20,0,-1,1526.0,15.2
24075,7039,DeathKnight,Blood,San'layn,Tank,US,Altar of Fangs,13,1,1534.8,137899,0,310.0,2026-08-20,0,-1,1526.0,15.2
24075,893,Shaman,Elemental,Farseer,DPS,US,Altar of Fangs,13,1,1534.8,229763,0,303.0,2026-08-20,0,-1,1526.0,15.2
24076,53276,DeathKnight,Blood,San'layn,Tank,US,Ruby Life Pools,10,1,1015.1,115357,0,307.0,2026-08-21,0,-1,1007.0,40.1
24076,27843,Mage,Arcane,Sunfury,DPS,US,Ruby Life Pools,10,1,1015.1,239647,0,301.0,2026-08-21,0,-1,1007.0,40.1
24076,27844,Monk,Windwalker,Conduit of the Celestials,DPS,US,Ruby Life Pools,10,1,1015.1,179445,0,303.0,2026-08-21,0,-1,1007.0,40.1
24076,53278,Warrior,Arms,Slayer,DPS,US,Ruby Life Pools,10,1,1015.1,240284,0,302.0,2026-08-21,0,-1,1007.0,40.1
24076,53277,Shaman,Restoration,Totemic,Healer,US,Ruby Life Pools,10,1,1015.1,21718,0,296.0,2026-08-21,0,-1,1007.0,40.1
24116,53373,Shaman,Elemental,Farseer,DPS,EU,The Blinding Vale,11,1,1111.4,290568,0,300.0,2026-08-21,0,-1,1113.0,38.2
24116,24499,Warrior,Arms,Slayer,DPS,EU,The Blinding Vale,11,1,1111.4,295596,2,304.0,2026-08-21,0,-1,1113.0,38.2
24116,21017,Priest,Holy,Oracle,Healer,EU,The Blinding Vale,11,1,1111.4,37067,0,311.0,2026-08-21,0,-1,1113.0,38.2
24116,21016,Monk,Brewmaster,Master of Harmony,Tank,EU,The Blinding Vale,11,1,1111.4,129303,0,307.0,2026-08-21,0,-1,1113.0,38.2
24116,24560,Mage,Arcane,Sunfury,DPS,EU,The Blinding Vale,11,1,1111.4,208802,0,306.0,2026-08-21,0,-1,1113.0,38.2
24122,53381,Rogue,Subtlety,Deathstalker,DPS,EU,Altar of Fangs,4,1,975.7,126325,0,290.0,2026-08-21,0,-1,968.0,46.2
24122,53378,Shaman,Restoration,Totemic,Healer,EU,Altar of Fangs,4,1,975.7,22033,0,290.0,2026-08-21,0,-1,968.0,46.2
24122,53379,Warrior,Arms,Slayer,DPS,EU,Altar of Fangs,4,1,975.7,152310,0,295.0,2026-08-21,0,-1,968.0,46.2
24122,53380,Warlock,Demonology,Diabolist,DPS,EU,Altar of Fangs,4,1,975.7,160698,0,293.0,2026-08-21,0,-1,968.0,46.2
24122,53377,Warrior,Protection,Mountain Thane,Tank,EU,Altar of Fangs,4,1,975.7,96198,0,291.0,2026-08-21,0,-1,968.0,46.2
24125,21294,DeathKnight,Blood,Unknown,Tank,EU,Voidscar Arena,12,1,1414.8,111846,0,305.0,2026-08-20,0,-1,1436.0,20.2
24125,41494,Priest,Shadow,Unknown,DPS,EU,Voidscar Arena,12,1,1414.8,187546,1,297.0,2026-08-20,0,-1,1436.0,20.2
24125,41491,Paladin,Holy,Unknown,Healer,EU,Voidscar Arena,12,1,1414.8,23031,1,298.0,2026-08-20,0,-1,1436.0,20.2
24125,41493,Hunter,BeastMastery,Unknown,DPS,EU,Voidscar Arena,12,1,1414.8,203419,0,304.0,2026-08-20,0,-1,1436.0,20.2
24125,41492,Shaman,Elemental,Unknown,DPS,EU,Voidscar Arena,12,1,1414.8,208522,0,293.0,2026-08-20,0,-1,1436.0,20.2
24126,19616,Druid,Restoration,Keeper of the Grove,Healer,EU,Voidscar Arena,7,1,1045.2,15858,0,301.0,2026-08-21,0,-1,1037.0,42.4
24126,53390,DeathKnight,Blood,Deathbringer,Tank,EU,Voidscar Arena,7,1,1045.2,78714,0,292.0,2026-08-21,0,-1,1037.0,42.4
24126,19617,Mage,Arcane,Sunfury,DPS,EU,Voidscar Arena,7,1,1045.2,212894,0,308.0,2026-08-21,0,-1,1037.0,42.4
24126,53392,Shaman,Elemental,Farseer,DPS,EU,Voidscar Arena,7,1,1045.2,170706,0,294.0,2026-08-21,0,-1,1037.0,42.4
24126,53391,Rogue,Assassination,Deathstalker,DPS,EU,Voidscar Arena,7,1,1045.2,191288,0,300.0,2026-08-21,0,-1,1037.0,42.4
24136,23156,DemonHunter,Devourer,Void-Scarred,DPS,EU,Voidscar Arena,11,1,1127.2,237385,0,310.0,2026-08-21,0,-1,1123.0,37.6
24136,15235,Shaman,Enhancement,Stormbringer,DPS,EU,Voidscar Arena,11,1,1127.2,220501,1,300.0,2026-08-21,0,-1,1123.0,37.6
24136,13121,Mage,Arcane,Sunfury,DPS,EU,Voidscar Arena,11,1,1127.2,253940,0,310.0,2026-08-21,0,-1,1123.0,37.6
24136,53421,Druid,Restoration,Wildstalker,Healer,EU,Voidscar Arena,11,1,1127.2,5166,0,301.0,2026-08-21,0,-1,1123.0,37.6
24136,53420,Paladin,Protection,Lightsmith,Tank,EU,Voidscar Arena,11,1,1127.2,126278,0,303.0,2026-08-21,0,-1,1123.0,37.6
24141,53435,DeathKnight,Unholy,San'layn,DPS,CN,Murder Row,10,1,1179.3,231187,0,296.0,2026-08-21,0,-1,1181.0,42.1
24141,52550,DeathKnight,Blood,San'layn,Tank,CN,Murder Row,10,1,1179.3,136800,0,305.0,2026-08-21,0,-1,1181.0,42.1
24141,53434,Priest,Holy,Oracle,Healer,CN,Murder Row,10,1,1179.3,19135,0,283.0,2026-08-21,0,-1,1181.0,42.1
24141,52552,Mage,Arcane,Sunfury,DPS,CN,Murder Row,10,1,1179.3,260334,0,308.0,2026-08-21,0,-1,1181.0,42.1
24141,53436,Warrior,Arms,Slayer,DPS,CN,Murder Row,10,1,1179.3,143841,2,294.0,2026-08-21,0,-1,1181.0,42.1
24144,20542,Warrior,Protection,Mountain Thane,Tank,EU,Voidscar Arena,13,1,1602.8,87210,0,303.0,2026-08-21,0,-1,1625.0,9.7
24144,53446,Hunter,BeastMastery,Pack Leader,DPS,EU,Voidscar Arena,13,1,1602.8,189706,1,298.0,2026-08-21,0,-1,1625.0,9.7
24144,14864,Paladin,Holy,Herald of the Sun,Healer,EU,Voidscar Arena,13,1,1602.8,20129,0,306.0,2026-08-21,0,-1,1625.0,9.7
24144,53444,Monk,Windwalker,Shado-Pan,DPS,EU,Voidscar Arena,13,1,1602.8,186727,0,301.0,2026-08-21,0,-1,1625.0,9.7
24144,53445,Shaman,Elemental,Farseer,DPS,EU,Voidscar Arena,13,1,1602.8,164246,1,306.0,2026-08-21,0,-1,1625.0,9.7
24147,53453,Shaman,Restoration,Totemic,Healer,EU,Den of Nalorakk,14,0,1908.4,27602,0,300.0,2026-08-21,0,-1,1930.0,-0.5
24147,15395,Hunter,BeastMastery,Pack Leader,DPS,EU,Den of Nalorakk,14,0,1908.4,132435,1,305.0,2026-08-21,0,-1,1930.0,-0.5
24147,53454,Rogue,Assassination,Deathstalker,DPS,EU,Den of Nalorakk,14,0,1908.4,168565,1,307.0,2026-08-21,0,-1,1930.0,-0.5
24147,15396,Warrior,Arms,Slayer,DPS,EU,Den of Nalorakk,14,0,1908.4,192610,0,305.0,2026-08-21,0,-1,1930.0,-0.5
24147,15392,DeathKnight,Blood,San'layn,Tank,EU,Den of Nalorakk,14,0,1908.4,108923,0,304.0,2026-08-21,0,-1,1930.0,-0.5
24152,13748,DemonHunter,Devourer,Annihilator,DPS,EU,Voidscar Arena,12,1,1357.1,217921,0,301.0,2026-08-21,0,-1,1394.0,22.6
24152,13749,Mage,Arcane,Sunfury,DPS,EU,Voidscar Arena,12,1,1357.1,223596,0,301.0,2026-08-21,0,-1,1394.0,22.6
24152,13746,Monk,Mistweaver,Conduit of the Celestials,Healer,EU,Voidscar Arena,12,1,1357.1,39781,1,300.0,2026-08-21,0,-1,1394.0,22.6
24152,13745,DeathKnight,Blood,San'layn,Tank,EU,Voidscar Arena,12,1,1357.1,124429,0,309.0,2026-08-21,0,-1,1394.0,22.6
24152,53464,Warlock,Demonology,Diabolist,DPS,EU,Voidscar Arena,12,1,1357.1,189789,2,293.0,2026-08-21,0,-1,1394.0,22.6
24154,48418,Druid,Guardian,Elune's Chosen,Tank,EU,Voidscar Arena,11,1,1251.6,99653,0,295.0,2026-08-21,0,-1,1253.0,30.4
24154,53467,Shaman,Elemental,Farseer,DPS,EU,Voidscar Arena,11,1,1251.6,229572,0,305.0,2026-08-21,0,-1,1253.0,30.4
24154,20699,Hunter,Marksmanship,Sentinel,DPS,EU,Voidscar Arena,11,1,1251.6,201073,0,306.0,2026-08-21,0,-1,1253.0,30.4
24154,25089,Paladin,Holy,Herald of the Sun,Healer,EU,Voidscar Arena,11,1,1251.6,26148,1,299.0,2026-08-21,0,-1,1253.0,30.4
24154,14418,DemonHunter,Devourer,Void-Scarred,DPS,EU,Voidscar Arena,11,1,1251.6,174722,1,307.0,2026-08-21,0,-1,1253.0,30.4
24155,14564,Rogue,Outlaw,Trickster,DPS,EU,The Blinding Vale,10,1,1018.6,323152,0,301.0,2026-08-20,0,-1,1010.0,43.9
24155,52437,DemonHunter,Devourer,Void-Scarred,DPS,EU,The Blinding Vale,10,1,1018.6,231497,0,308.0,2026-08-20,0,-1,1010.0,43.9
24155,43143,Warrior,Arms,Slayer,DPS,EU,The Blinding Vale,10,1,1018.6,216838,0,299.0,2026-08-20,0,-1,1010.0,43.9
24155,43141,Monk,Brewmaster,Master of Harmony,Tank,EU,The Blinding Vale,10,1,1018.6,116292,0,301.0,2026-08-20,0,-1,1010.0,43.9
24155,43142,Shaman,Restoration,Totemic,Healer,EU,The Blinding Vale,10,1,1018.6,24764,0,304.0,2026-08-20,0,-1,1010.0,43.9
24162,14636,Druid,Restoration,Wildstalker,Healer,US,The Blinding Vale,11,1,1248.5,7575,0,301.0,2026-08-21,0,-1,1245.0,30.8
24162,53485,Shaman,Elemental,Farseer,DPS,US,The Blinding Vale,11,1,1248.5,243916,0,295.0,2026-08-21,0,-1,1245.0,30.8
24162,2294,DemonHunter,Devourer,Void-Scarred,DPS,US,The Blinding Vale,11,1,1248.5,267855,1,307.0,2026-08-21,0,-1,1245.0,30.8
24162,53483,DemonHunter,Vengeance,Annihilator,Tank,US,The Blinding Vale,11,1,1248.5,167488,0,302.0,2026-08-21,0,-1,1245.0,30.8
24162,53484,Hunter,Survival,Sentinel,DPS,US,The Blinding Vale,11,1,1248.5,184585,0,296.0,2026-08-21,0,-1,1245.0,30.8
24165,53491,Warlock,Affliction,Unknown,DPS,US,Murder Row,10,1,1221.7,216526,0,298.0,2026-08-21,0,-1,1213.0,40.5
24165,52336,Warrior,Arms,Unknown,DPS,US,Murder Row,10,1,1221.7,212473,0,306.0,2026-08-21,0,-1,1213.0,40.5
24165,199,Mage,Arcane,Unknown,DPS,US,Murder Row,10,1,1221.7,253562,0,310.0,2026-08-21,0,-1,1213.0,40.5
24165,53490,Paladin,Protection,Unknown,Tank,US,Murder Row,10,1,1221.7,65928,0,284.0,2026-08-21,0,-1,1213.0,40.5
24165,3064,Monk,Mistweaver,Unknown,Healer,US,Murder Row,10,1,1221.7,48856,0,304.0,2026-08-21,0,-1,1213.0,40.5
24167,53497,Warrior,Arms,Slayer,DPS,EU,Altar of Fangs,11,1,1276.7,185236,0,305.0,2026-08-21,0,-1,1268.0,29.6
24167,38439,Warlock,Demonology,Diabolist,DPS,EU,Altar of Fangs,11,1,1276.7,270366,0,303.0,2026-08-21,0,-1,1268.0,29.6
24167,16573,Monk,Mistweaver,Conduit of the Celestials,Healer,EU,Altar of Fangs,11,1,1276.7,50054,0,303.0,2026-08-21,0,-1,1268.0,29.6
24167,53498,Shaman,Elemental,Farseer,DPS,EU,Altar of Fangs,11,1,1276.7,244286,0,303.0,2026-08-21,0,-1,1268.0,29.6
24167,38437,DeathKnight,Blood,Deathbringer,Tank,EU,Altar of Fangs,11,1,1276.7,149621,0,299.0,2026-08-21,0,-1,1268.0,29.6
24170,13626,Druid,Guardian,Elune's Chosen,Tank,EU,Altar of Fangs,10,1,1086.2,151512,0,307.0,2026-08-21,0,-1,1082.0,39.9
24170,13629,Shaman,Elemental,Farseer,DPS,EU,Altar of Fangs,10,1,1086.2,247696,0,306.0,2026-08-21,0,-1,1082.0,39.9
24170,13630,DemonHunter,Devourer,Annihilator,DPS,EU,Altar of Fangs,10,1,1086.2,278792,0,309.0,2026-08-21,0,-1,1082.0,39.9
24170,13627,Monk,Mistweaver,Conduit of the Celestials,Healer,EU,Altar of Fangs,10,1,1086.2,45390,1,295.0,2026-08-21,0,-1,1082.0,39.9
24170,24444,Hunter,Marksmanship,Sentinel,DPS,EU,Altar of Fangs,10,1,1086.2,226900,0,306.0,2026-08-21,0,-1,1082.0,39.9
24171,53505,Mage,Arcane,Sunfury,DPS,US,Den of Nalorakk,4,1,1105.4,110253,0,289.0,2026-08-21,0,-1,1097.0,42.8
24171,53504,Shaman,Restoration,Totemic,Healer,US,Den of Nalorakk,4,1,1105.4,14135,0,297.0,2026-08-21,0,-1,1097.0,42.8
24171,53506,Hunter,BeastMastery,Pack Leader,DPS,US,Den of Nalorakk,4,1,1105.4,130903,0,294.0,2026-08-21,0,-1,1097.0,42.8
24171,53507,Warrior,Arms,Slayer,DPS,US,Den of Nalorakk,4,1,1105.4,100432,0,282.0,2026-08-21,0,-1,1097.0,42.8
24171,53503,DeathKnight,Blood,San'layn,Tank,US,Den of Nalorakk,4,1,1105.4,66032,0,296.0,2026-08-21,0,-1,1097.0,42.8
24174,53512,DeathKnight,Blood,San'layn,Tank,US,Altar of Fangs,10,1,1059.1,148828,0,308.0,2026-08-22,0,-1,1061.0,41.1
24174,2805,Warrior,Arms,Slayer,DPS,US,Altar of Fangs,10,1,1059.1,289134,0,306.0,2026-08-22,0,-1,1061.0,41.1
24174,2803,Warrior,Arms,Slayer,DPS,US,Altar of Fangs,10,1,1059.1,274615,0,309.0,2026-08-22,0,-1,1061.0,41.1
24174,53513,Shaman,Restoration,Totemic,Healer,US,Altar of Fangs,10,1,1059.1,29691,1,304.0,2026-08-22,0,-1,1061.0,41.1
24174,53514,Warrior,Arms,Slayer,DPS,US,Altar of Fangs,10,1,1059.1,234822,1,294.0,2026-08-22,0,-1,1061.0,41.1
24175,53516,Paladin,Holy,Herald of the Sun,Healer,EU,Kings' Rest,11,1,1315.2,20954,0,299.0,2026-08-21,0,-1,1307.0,34.0
24175,53518,Shaman,Enhancement,Stormbringer,DPS,EU,Kings' Rest,11,1,1315.2,131169,0,291.0,2026-08-21,0,-1,1307.0,34.0
24175,53519,DeathKnight,Unholy,San'layn,DPS,EU,Kings' Rest,11,1,1315.2,173402,0,302.0,2026-08-21,0,-1,1307.0,34.0
24175,53517,Mage,Arcane,Sunfury,DPS,EU,Kings' Rest,11,1,1315.2,190991,0,303.0,2026-08-21,0,-1,1307.0,34.0
24175,53515,DeathKnight,Blood,San'layn,Tank,EU,Kings' Rest,11,1,1315.2,94558,0,294.0,2026-08-21,0,-1,1307.0,34.0
24177,53525,Priest,Holy,Oracle,Healer,US,Voidscar Arena,3,1,1080.8,10772,1,306.0,2026-08-22,0,-1,1073.0,40.4
24177,53524,DemonHunter,Vengeance,Annihilator,Tank,US,Voidscar Arena,3,1,1080.8,37858,2,263.0,2026-08-22,0,-1,1073.0,40.4
24177,53526,Warrior,Arms,Slayer,DPS,US,Voidscar Arena,3,1,1080.8,99796,2,295.0,2026-08-22,0,-1,1073.0,40.4
24177,53527,Rogue,Assassination,Fatebound,DPS,US,Voidscar Arena,3,1,1080.8,54246,2,291.0,2026-08-22,0,-1,1073.0,40.4
24177,9014,Mage,Arcane,Sunfury,DPS,US,Voidscar Arena,3,1,1080.8,155653,3,309.0,2026-08-22,0,-1,1073.0,40.4
24192,53557,Evoker,Preservation,Flameshaper,Healer,EU,Kings' Rest,10,1,1198.7,35269,0,300.0,2026-08-21,0,-1,1195.0,39.6
24192,53558,Mage,Arcane,Sunfury,DPS,EU,Kings' Rest,10,1,1198.7,146325,0,305.0,2026-08-21,0,-1,1195.0,39.6
24192,21999,Evoker,Devastation,Scalecommander,DPS,EU,Kings' Rest,10,1,1198.7,159467,0,308.0,2026-08-21,0,-1,1195.0,39.6
24192,53559,Warrior,Fury,Slayer,DPS,EU,Kings' Rest,10,1,1198.7,165261,1,307.0,2026-08-21,0,-1,1195.0,39.6
24192,53556,Monk,Brewmaster,Master of Harmony,Tank,EU,Kings' Rest,10,1,1198.7,101172,0,314.0,2026-08-21,0,-1,1195.0,39.6
24195,53569,Mage,Arcane,Sunfury,DPS,US,Murder Row,13,1,1857.2,198180,0,301.0,2026-08-20,0,-1,1893.0,7.2
24195,552,Druid,Balance,Elune's Chosen,DPS,US,Murder Row,13,1,1857.2,197832,1,306.0,2026-08-20,0,-1,1893.0,7.2
24195,53570,DemonHunter,Devourer,Annihilator,DPS,US,Murder Row,13,1,1857.2,176525,1,298.0,2026-08-20,0,-1,1893.0,7.2
24195,53567,Warrior,Protection,Mountain Thane,Tank,US,Murder Row,13,1,1857.2,92440,1,304.0,2026-08-20,0,-1,1893.0,7.2
24195,53568,Paladin,Holy,Herald of the Sun,Healer,US,Murder Row,13,1,1857.2,13513,0,301.0,2026-08-20,0,-1,1893.0,7.2
24197,53574,Shaman,Enhancement,Unknown,DPS,US,The Blinding Vale,2,1,1080.9,115327,2,284.0,2026-08-22,0,-1,1072.0,40.4
24197,53572,Paladin,Protection,Unknown,Tank,US,The Blinding Vale,2,1,1080.9,84608,0,289.0,2026-08-22,0,-1,1072.0,40.4
24197,53575,DemonHunter,Havoc,Unknown,DPS,US,The Blinding Vale,2,1,1080.9,80350,0,274.0,2026-08-22,0,-1,1072.0,40.4
24197,53573,Paladin,Holy,Unknown,Healer,US,The Blinding Vale,2,1,1080.9,4164,1,279.0,2026-08-22,0,-1,1072.0,40.4
24197,53576,Warlock,Destruction,Unknown,DPS,US,The Blinding Vale,2,1,1080.9,126006,1,289.0,2026-08-22,0,-1,1072.0,40.4
24198,53578,Paladin,Holy,Herald of the Sun,Healer,CN,Den of Nalorakk,12,1,1556.4,20667,0,302.0,2026-08-21,0,-1,1548.0,19.4
24198,53579,Shaman,Elemental,Farseer,DPS,CN,Den of Nalorakk,12,1,1556.4,188951,0,304.0,2026-08-21,0,-1,1548.0,19.4
24198,53577,DeathKnight,Blood,San'layn,Tank,CN,Den of Nalorakk,12,1,1556.4,113380,0,306.0,2026-08-21,0,-1,1548.0,19.4
24198,53580,Warrior,Arms,Slayer,DPS,CN,Den of Nalorakk,12,1,1556.4,199412,0,308.0,2026-08-21,0,-1,1548.0,19.4
24198,53581,DemonHunter,Havoc,Fel-Scarred,DPS,CN,Den of Nalorakk,12,1,1556.4,189906,0,300.0,2026-08-21,0,-1,1548.0,19.4
24201,3532,Warrior,Arms,Unknown,DPS,US,Ruby Life Pools,12,1,1328.1,217293,2,299.0,2026-08-20,0,-1,1395.0,17.0
24201,53591,Warrior,Arms,Unknown,DPS,US,Ruby Life Pools,12,1,1328.1,210232,2,298.0,2026-08-20,0,-1,1395.0,17.0
24201,1280,DeathKnight,Blood,Unknown,Tank,US,Ruby Life Pools,12,1,1328.1,156124,0,298.0,2026-08-20,0,-1,1395.0,17.0
24201,53589,Shaman,Restoration,Unknown,Healer,US,Ruby Life Pools,12,1,1328.1,25128,0,288.0,2026-08-20,0,-1,1395.0,17.0
24201,53590,Mage,Arcane,Unknown,DPS,US,Ruby Life Pools,12,1,1328.1,191418,1,298.0,2026-08-20,0,-1,1395.0,17.0
24204,53593,DemonHunter,Vengeance,Annihilator,Tank,EU,Voidscar Arena,10,1,989.4,168768,0,310.0,2026-08-21,0,-1,981.0,45.5
24204,53596,Monk,Windwalker,Shado-Pan,DPS,EU,Voidscar Arena,10,1,989.4,216576,0,295.0,2026-08-21,0,-1,981.0,45.5
24204,53595,Mage,Arcane,Sunfury,DPS,EU,Voidscar Arena,10,1,989.4,298602,0,306.0,2026-08-21,0,-1,981.0,45.5
24204,53594,Paladin,Holy,Herald of the Sun,Healer,EU,Voidscar Arena,10,1,989.4,37719,0,289.0,2026-08-21,0,-1,981.0,45.5
24204,53597,Hunter,Marksmanship,Sentinel,DPS,EU,Voidscar Arena,10,1,989.4,284022,0,308.0,2026-08-21,0,-1,981.0,45.5
24208,53603,Mage,Arcane,Sunfury,DPS,US,Murder Row,13,1,1808.7,176956,0,306.0,2026-08-22,0,-1,1800.0,11.8
24208,53602,Warlock,Demonology,Diabolist,DPS,US,Murder Row,13,1,1808.7,208106,0,308.0,2026-08-22,0,-1,1800.0,11.8
24208,23207,DeathKnight,Blood,Deathbringer,Tank,US,Murder Row,13,1,1808.7,99330,0,306.0,2026-08-22,0,-1,1800.0,11.8
24208,2999,DemonHunter,Devourer,Annihilator,DPS,US,Murder Row,13,1,1808.7,212913,0,304.0,2026-08-22,0,-1,1800.0,11.8
24208,1224,Paladin,Holy,Herald of the Sun,Healer,US,Murder Row,13,1,1808.7,22949,0,308.0,2026-08-22,0,-1,1800.0,11.8
24212,53616,Paladin,Holy,Herald of the Sun,Healer,EU,Altar of Fangs,10,1,1093.2,46394,0,303.0,2026-08-21,0,-1,1090.0,39.5
24212,48105,DemonHunter,Vengeance,Annihilator,Tank,EU,Altar of Fangs,10,1,1093.2,132762,0,305.0,2026-08-21,0,-1,1090.0,39.5
24212,18093,Warrior,Arms,Slayer,DPS,EU,Altar of Fangs,10,1,1093.2,252633,0,304.0,2026-08-21,0,-1,1090.0,39.5
24212,13758,Rogue,Assassination,Deathstalker,DPS,EU,Altar of Fangs,10,1,1093.2,330206,0,311.0,2026-08-21,0,-1,1090.0,39.5
24212,53617,Priest,Shadow,Archon,DPS,EU,Altar of Fangs,10,1,1093.2,209358,1,293.0,2026-08-21,0,-1,1090.0,39.5
24217,53629,Paladin,Protection,Lightsmith,Tank,EU,Murder Row,3,1,1065.5,75225,0,295.0,2026-08-21,0,-1,1057.0,48.2
24217,53632,Hunter,BeastMastery,Pack Leader,DPS,EU,Murder Row,3,1,1065.5,102434,0,290.0,2026-08-21,0,-1,1057.0,48.2
24217,53630,Priest,Holy,Oracle,Healer,EU,Murder Row,3,1,1065.5,22830,0,292.0,2026-08-21,0,-1,1057.0,48.2
24217,53633,DeathKnight,Unholy,Rider of the Apocalypse,DPS,EU,Murder Row,3,1,1065.5,88014,0,300.0,2026-08-21,0,-1,1057.0,48.2
24217,53631,Evoker,Devastation,Scalecommander,DPS,EU,Murder Row,3,1,1065.5,130105,0,294.0,2026-08-21,0,-1,1057.0,48.2
24218,137,Evoker,Preservation,Flameshaper,Healer,US,The Blinding Vale,12,1,1404.1,35277,0,298.0,2026-08-20,0,-1,1426.0,20.8
24218,8456,Warrior,Arms,Slayer,DPS,US,The Blinding Vale,12,1,1404.1,231274,1,299.0,2026-08-20,0,-1,1426.0,20.8
24218,8458,Paladin,Retribution,Templar,DPS,US,The Blinding Vale,12,1,1404.1,173133,1,301.0,2026-08-20,0,-1,1426.0,20.8
24218,135,DeathKnight,Blood,San'layn,Tank,US,The Blinding Vale,12,1,1404.1,132678,0,298.0,2026-08-20,0,-1,1426.0,20.8
24218,8457,Rogue,Assassination,Deathstalker,DPS,US,The Blinding Vale,12,1,1404.1,236118,0,303.0,2026-08-20,0,-1,1426.0,20.8
24222,53640,Warrior,Arms,Slayer,DPS,EU,The Blinding Vale,13,1,1547.0,196661,2,302.0,2026-08-21,0,-1,1598.0,11.2
24222,13256,Druid,Guardian,Elune's Chosen,Tank,EU,The Blinding Vale,13,1,1547.0,109398,0,301.0,2026-08-21,0,-1,1598.0,11.2
24222,13259,Mage,Arcane,Sunfury,DPS,EU,The Blinding Vale,13,1,1547.0,245056,2,307.0,2026-08-21,0,-1,1598.0,11.2
24222,18072,DeathKnight,Unholy,Rider of the Apocalypse,DPS,EU,The Blinding Vale,13,1,1547.0,217379,0,304.0,2026-08-21,0,-1,1598.0,11.2
24222,53639,Shaman,Restoration,Totemic,Healer,EU,The Blinding Vale,13,1,1547.0,27432,0,297.0,2026-08-21,0,-1,1598.0,11.2
24225,53650,Druid,Guardian,Elune's Chosen,Tank,EU,Murder Row,6,1,1075.6,113329,0,305.0,2026-08-22,0,-1,1067.0,47.7
24225,53653,Mage,Arcane,Sunfury,DPS,EU,Murder Row,6,1,1075.6,182834,0,301.0,2026-08-22,0,-1,1067.0,47.7
24225,53652,Monk,Windwalker,Shado-Pan,DPS,EU,Murder Row,6,1,1075.6,151605,0,305.0,2026-08-22,0,-1,1067.0,47.7
24225,53651,Paladin,Holy,Herald of the Sun,Healer,EU,Murder Row,6,1,1075.6,8280,0,301.0,2026-08-22,0,-1,1067.0,47.7
24225,53654,DemonHunter,Devourer,Annihilator,DPS,EU,Murder Row,6,1,1075.6,135464,0,300.0,2026-08-22,0,-1,1067.0,47.7
24229,17157,Shaman,Restoration,Totemic,Healer,EU,Murder Row,10,1,1195.4,26475,0,303.0,2026-08-21,0,-1,1192.0,41.6
24229,53662,Warrior,Arms,Slayer,DPS,EU,Murder Row,10,1,1195.4,209182,0,301.0,2026-08-21,0,-1,1192.0,41.6
24229,53660,DemonHunter,Havoc,Fel-Scarred,DPS,EU,Murder Row,10,1,1195.4,211838,0,304.0,2026-08-21,0,-1,1192.0,41.6
24229,53659,Warrior,Protection,Mountain Thane,Tank,EU,Murder Row,10,1,1195.4,107641,0,295.0,2026-08-21,0,-1,1192.0,41.6
24229,53661,DeathKnight,Unholy,San'layn,DPS,EU,Murder Row,10,1,1195.4,221923,1,301.0,2026-08-21,0,-1,1192.0,41.6
24230,53663,Monk,Windwalker,Shado-Pan,DPS,EU,Murder Row,13,1,1820.8,198688,1,306.0,2026-08-21,0,-1,1902.0,6.8
24230,17032,Rogue,Assassination,Deathstalker,DPS,EU,Murder Row,13,1,1820.8,215199,2,307.0,2026-08-21,0,-1,1902.0,6.8
24230,15973,DeathKnight,Blood,San'layn,Tank,EU,Murder Row,13,1,1820.8,110817,1,304.0,2026-08-21,0,-1,1902.0,6.8
24230,23336,Mage,Frost,Spellslinger,DPS,EU,Murder Row,13,1,1820.8,185684,1,305.0,2026-08-21,0,-1,1902.0,6.8
24230,24776,Shaman,Restoration,Totemic,Healer,EU,Murder Row,13,1,1820.8,24997,1,303.0,2026-08-21,0,-1,1902.0,6.8
24233,53669,Monk,Mistweaver,Conduit of the Celestials,Healer,US,Altar of Fangs,12,1,1515.6,54516,0,299.0,2026-08-20,0,-1,1522.0,15.4
24233,11768,Druid,Feral,Druid of the Claw,DPS,US,Altar of Fangs,12,1,1515.6,220187,0,308.0,2026-08-20,0,-1,1522.0,15.4
24233,13302,Hunter,BeastMastery,Pack Leader,DPS,US,Altar of Fangs,12,1,1515.6,236466,0,308.0,2026-08-20,0,-1,1522.0,15.4
24233,45128,Warrior,Protection,Mountain Thane,Tank,US,Altar of Fangs,12,1,1515.6,116224,0,300.0,2026-08-20,0,-1,1522.0,15.4
24233,12354,Paladin,Retribution,Templar,DPS,US,Altar of Fangs,12,1,1515.6,214187,1,306.0,2026-08-20,0,-1,1522.0,15.4
24234,14198,Rogue,Subtlety,Deathstalker,DPS,EU,Den of Nalorakk,11,1,1392.1,172716,2,294.0,2026-08-20,0,-1,1428.0,25.6
24234,27197,Hunter,BeastMastery,Pack Leader,DPS,EU,Den of Nalorakk,11,1,1392.1,155852,2,295.0,2026-08-20,0,-1,1428.0,25.6
24234,52259,Warrior,Protection,Mountain Thane,Tank,EU,Den of Nalorakk,11,1,1392.1,117950,2,294.0,2026-08-20,0,-1,1428.0,25.6
24234,52260,Warrior,Arms,Slayer,DPS,EU,Den of Nalorakk,11,1,1392.1,189455,1,293.0,2026-08-20,0,-1,1428.0,25.6
24234,14197,Druid,Restoration,Wildstalker,Healer,EU,Den of Nalorakk,11,1,1392.1,15225,2,294.0,2026-08-20,0,-1,1428.0,25.6
24241,5711,Hunter,Marksmanship,Unknown,DPS,US,Altar of Fangs,13,0,1787.1,199186,0,308.0,2026-08-22,0,-1,1809.0,-0.5
24241,5707,DeathKnight,Blood,Unknown,Tank,US,Altar of Fangs,13,0,1787.1,134316,0,312.0,2026-08-22,0,-1,1809.0,-0.5
24241,53685,DemonHunter,Devourer,Unknown,DPS,US,Altar of Fangs,13,0,1787.1,176984,2,305.0,2026-08-22,0,-1,1809.0,-0.5
24241,53684,Evoker,Devastation,Unknown,DPS,US,Altar of Fangs,13,0,1787.1,212748,0,301.0,2026-08-22,0,-1,1809.0,-0.5
24241,53683,Shaman,Restoration,Unknown,Healer,US,Altar of Fangs,13,0,1787.1,29774,0,306.0,2026-08-22,0,-1,1809.0,-0.5
24244,53688,Warrior,Protection,Mountain Thane,Tank,US,Ruby Life Pools,5,1,751.1,113513,0,291.0,2026-08-22,0,-1,743.0,55.8
24244,53692,Shaman,Elemental,Farseer,DPS,US,Ruby Life Pools,5,1,751.1,204251,0,298.0,2026-08-22,0,-1,743.0,55.8
24244,53690,Mage,Frost,Spellslinger,DPS,US,Ruby Life Pools,5,1,751.1,149554,0,291.0,2026-08-22,0,-1,743.0,55.8
24244,53689,Paladin,Holy,Herald of the Sun,Healer,US,Ruby Life Pools,5,1,751.1,19716,0,297.0,2026-08-22,0,-1,743.0,55.8
24244,53691,Priest,Shadow,Archon,DPS,US,Ruby Life Pools,5,1,751.1,138347,0,292.0,2026-08-22,0,-1,743.0,55.8
24245,53695,Rogue,Assassination,Deathstalker,DPS,EU,Temple of Sethraliss,9,1,1110.4,230571,1,295.0,2026-08-21,0,-1,1107.0,42.3
24245,53694,Mage,Arcane,Sunfury,DPS,EU,Temple of Sethraliss,9,1,1110.4,175813,0,291.0,2026-08-21,0,-1,1107.0,42.3
24245,53693,Paladin,Holy,Herald of the Sun,Healer,EU,Temple of Sethraliss,9,1,1110.4,8790,0,297.0,2026-08-21,0,-1,1107.0,42.3
24245,37045,Paladin,Protection,Lightsmith,Tank,EU,Temple of Sethraliss,9,1,1110.4,108839,0,291.0,2026-08-21,0,-1,1107.0,42.3
24245,53696,Hunter,BeastMastery,Pack Leader,DPS,EU,Temple of Sethraliss,9,1,1110.4,192059,0,300.0,2026-08-21,0,-1,1107.0,42.3
24246,53697,DeathKnight,Blood,San'layn,Tank,US,Ruby Life Pools,6,1,866.2,83365,0,281.0,2026-08-21,0,-1,872.0,48.1
24246,53701,Shaman,Enhancement,Stormbringer,DPS,US,Ruby Life Pools,6,1,866.2,189313,2,292.0,2026-08-21,0,-1,872.0,48.1
24246,53698,Shaman,Restoration,Totemic,Healer,US,Ruby Life Pools,6,1,866.2,52304,0,297.0,2026-08-21,0,-1,872.0,48.1
24246,53699,Monk,Windwalker,Shado-Pan,DPS,US,Ruby Life Pools,6,1,866.2,124166,0,289.0,2026-08-21,0,-1,872.0,48.1
24246,53700,Warrior,Fury,Slayer,DPS,US,Ruby Life Pools,6,1,866.2,199960,1,296.0,2026-08-21,0,-1,872.0,48.1
24252,2013,Evoker,Devastation,Scalecommander,DPS,US,The Blinding Vale,10,1,1104.8,226177,0,305.0,2026-08-21,0,-1,1102.0,38.8
24252,52828,Paladin,Retribution,Templar,DPS,US,The Blinding Vale,10,1,1104.8,146126,1,293.0,2026-08-21,0,-1,1102.0,38.8
24252,14902,Warrior,Protection,Mountain Thane,Tank,US,The Blinding Vale,10,1,1104.8,161408,0,302.0,2026-08-21,0,-1,1102.0,38.8
24252,2830,Hunter,Marksmanship,Sentinel,DPS,US,The Blinding Vale,10,1,1104.8,230923,0,307.0,2026-08-21,0,-1,1102.0,38.8
24252,3246,Monk,Mistweaver,Conduit of the Celestials,Healer,US,The Blinding Vale,10,1,1104.8,57837,0,301.0,2026-08-21,0,-1,1102.0,38.8
24257,53729,Shaman,Restoration,Totemic,Healer,US,Kings' Rest,3,1,932.1,29963,0,305.0,2026-08-22,0,-1,923.0,53.4
24257,39818,Rogue,Assassination,Deathstalker,DPS,US,Kings' Rest,3,1,932.1,103160,0,297.0,2026-08-22,0,-1,923.0,53.4
24257,53728,Paladin,Protection,Templar,Tank,US,Kings' Rest,3,1,932.1,48830,0,281.0,2026-08-22,0,-1,923.0,53.4
24257,39815,Paladin,Retribution,Templar,DPS,US,Kings' Rest,3,1,932.1,110137,0,294.0,2026-08-22,0,-1,923.0,53.4
24257,53730,Shaman,Enhancement,Stormbringer,DPS,US,Kings' Rest,3,1,932.1,89305,0,286.0,2026-08-22,0,-1,923.0,53.4
24258,52341,Shaman,Enhancement,Stormbringer,DPS,EU,The Blinding Vale,10,1,1107.5,243811,1,303.0,2026-08-20,0,-1,1109.0,38.4
24258,50074,Warrior,Arms,Slayer,DPS,EU,The Blinding Vale,10,1,1107.5,203019,1,297.0,2026-08-20,0,-1,1109.0,38.4
24258,52338,Druid,Guardian,Elune's Chosen,Tank,EU,The Blinding Vale,10,1,1107.5,130435,0,293.0,2026-08-20,0,-1,1109.0,38.4
24258,50076,Hunter,Marksmanship,Sentinel,DPS,EU,The Blinding Vale,10,1,1107.5,246033,0,308.0,2026-08-20,0,-1,1109.0,38.4
24258,52339,Evoker,Preservation,Flameshaper,Healer,EU,The Blinding Vale,10,1,1107.5,47971,0,301.0,2026-08-20,0,-1,1109.0,38.4
24262,14231,Mage,Arcane,Sunfury,DPS,EU,Voidscar Arena,10,1,1032.7,218200,0,306.0,2026-08-21,0,-1,1029.0,42.8
24262,14230,Warrior,Arms,Slayer,DPS,EU,Voidscar Arena,10,1,1032.7,209747,1,307.0,2026-08-21,0,-1,1029.0,42.8
24262,14229,Shaman,Restoration,Totemic,Healer,EU,Voidscar Arena,10,1,1032.7,42298,0,297.0,2026-08-21,0,-1,1029.0,42.8
24262,53739,DemonHunter,Devourer,Annihilator,DPS,EU,Voidscar Arena,10,1,1032.7,189074,0,294.0,2026-08-21,0,-1,1029.0,42.8
24262,14228,DeathKnight,Blood,San'layn,Tank,EU,Voidscar Arena,10,1,1032.7,118572,0,302.0,2026-08-21,0,-1,1029.0,42.8
24269,53749,Shaman,Restoration,Totemic,Healer,CN,Temple of Sethraliss,4,1,1141.2,19064,0,294.0,2026-08-22,0,-1,1132.0,41.0
24269,53751,DeathKnight,Frost,Deathbringer,DPS,CN,Temple of Sethraliss,4,1,1141.2,109382,0,292.0,2026-08-22,0,-1,1132.0,41.0
24269,53748,DeathKnight,Blood,San'layn,Tank,CN,Temple of Sethraliss,4,1,1141.2,61634,0,281.0,2026-08-22,0,-1,1132.0,41.0
24269,53750,Mage,Arcane,Sunfury,DPS,CN,Temple of Sethraliss,4,1,1141.2,97796,1,286.0,2026-08-22,0,-1,1132.0,41.0
24269,53752,Shaman,Elemental,Farseer,DPS,CN,Temple of Sethraliss,4,1,1141.2,146100,0,295.0,2026-08-22,0,-1,1132.0,41.0
24274,53765,DemonHunter,Devourer,Void-Scarred,DPS,EU,Den of Nalorakk,10,1,1257.6,145348,0,303.0,2026-08-21,0,-1,1249.0,34.9
24274,13112,Rogue,Subtlety,Deathstalker,DPS,EU,Den of Nalorakk,10,1,1257.6,254368,0,309.0,2026-08-21,0,-1,1249.0,34.9
24274,13109,Priest,Shadow,Archon,DPS,EU,Den of Nalorakk,10,1,1257.6,194310,0,308.0,2026-08-21,0,-1,1249.0,34.9
24274,53764,Monk,Mistweaver,Conduit of the Celestials,Healer,EU,Den of Nalorakk,10,1,1257.6,38821,0,297.0,2026-08-21,0,-1,1249.0,34.9
24274,53763,DeathKnight,Blood,San'layn,Tank,EU,Den of Nalorakk,10,1,1257.6,107448,0,307.0,2026-08-21,0,-1,1249.0,34.9
24289,53805,Monk,Windwalker,Shado-Pan,DPS,EU,The Blinding Vale,10,1,1118.3,222218,0,308.0,2026-08-20,0,-1,1115.0,38.1
24289,12807,Rogue,Assassination,Deathstalker,DPS,EU,The Blinding Vale,10,1,1118.3,284371,0,304.0,2026-08-20,0,-1,1115.0,38.1
24289,53804,Druid,Restoration,Wildstalker,Healer,EU,The Blinding Vale,10,1,1118.3,15926,1,296.0,2026-08-20,0,-1,1115.0,38.1
24289,53806,Shaman,Elemental,Farseer,DPS,EU,The Blinding Vale,10,1,1118.3,214200,0,297.0,2026-08-20,0,-1,1115.0,38.1
24289,53803,DeathKnight,Blood,San'layn,Tank,EU,The Blinding Vale,10,1,1118.3,113767,0,293.0,2026-08-20,0,-1,1115.0,38.1
24295,665,Shaman,Restoration,Totemic,Healer,US,Voidscar Arena,11,1,1198.1,30298,0,306.0,2026-08-20,0,-1,1190.0,33.9
24295,39566,DeathKnight,Frost,Deathbringer,DPS,US,Voidscar Arena,11,1,1198.1,219146,0,309.0,2026-08-20,0,-1,1190.0,33.9
24295,664,DeathKnight,Blood,San'layn,Tank,US,Voidscar Arena,11,1,1198.1,144724,0,306.0,2026-08-20,0,-1,1190.0,33.9
24295,667,Shaman,Elemental,Farseer,DPS,US,Voidscar Arena,11,1,1198.1,212540,0,302.0,2026-08-20,0,-1,1190.0,33.9
24295,668,Mage,Arcane,Sunfury,DPS,US,Voidscar Arena,11,1,1198.1,195267,0,297.0,2026-08-20,0,-1,1190.0,33.9
24301,53828,DemonHunter,Devourer,Void-Scarred,DPS,CN,Altar of Fangs,11,1,1130.6,249602,0,305.0,2026-08-22,0,-1,1128.0,37.4
24301,53826,Shaman,Elemental,Farseer,DPS,CN,Altar of Fangs,11,1,1130.6,279618,1,307.0,2026-08-22,0,-1,1128.0,37.4
24301,53827,Warrior,Arms,Slayer,DPS,CN,Altar of Fangs,11,1,1130.6,269650,0,310.0,2026-08-22,0,-1,1128.0,37.4
24301,53824,DeathKnight,Blood,San'layn,Tank,CN,Altar of Fangs,11,1,1130.6,183172,0,305.0,2026-08-22,0,-1,1128.0,37.4
24301,53825,Paladin,Holy,Lightsmith,Healer,CN,Altar of Fangs,11,1,1130.6,61655,0,301.0,2026-08-22,0,-1,1128.0,37.4
24304,53835,Paladin,Holy,Herald of the Sun,Healer,KR,Murder Row,2,1,1171.3,5299,0,293.0,2026-08-22,0,-1,1163.0,43.0
24304,53838,Mage,Arcane,Sunfury,DPS,KR,Murder Row,2,1,1171.3,110784,0,294.0,2026-08-22,0,-1,1163.0,43.0
24304,53837,Rogue,Assassination,Fatebound,DPS,KR,Murder Row,2,1,1171.3,71959,0,283.0,2026-08-22,0,-1,1163.0,43.0
24304,53834,DeathKnight,Blood,Deathbringer,Tank,KR,Murder Row,2,1,1171.3,65870,0,298.0,2026-08-22,0,-1,1163.0,43.0
24304,53836,Warrior,Arms,Slayer,DPS,KR,Murder Row,2,1,1171.3,133356,0,301.0,2026-08-22,0,-1,1163.0,43.0
24310,53856,Shaman,Elemental,Farseer,DPS,US,Murder Row,8,1,1163.2,139892,0,289.0,2026-08-22,0,-1,1160.0,43.1
24310,53854,Warrior,Protection,Mountain Thane,Tank,US,Murder Row,8,1,1163.2,133672,0,296.0,2026-08-22,0,-1,1160.0,43.1
24310,53855,Evoker,Preservation,Flameshaper,Healer,US,Murder Row,8,1,1163.2,23224,0,293.0,2026-08-22,0,-1,1160.0,43.1
24310,44277,Rogue,Subtlety,Deathstalker,DPS,US,Murder Row,8,1,1163.2,244313,0,305.0,2026-08-22,0,-1,1160.0,43.1
24310,53857,Hunter,Survival,Sentinel,DPS,US,Murder Row,8,1,1163.2,127614,1,294.0,2026-08-22,0,-1,1160.0,43.1
24312,53860,DeathKnight,Blood,San'layn,Tank,EU,Den of Nalorakk,7,1,1247.3,74322,0,300.0,2026-08-20,0,-1,1239.0,35.5
24312,53864,Paladin,Retribution,Templar,DPS,EU,Den of Nalorakk,7,1,1247.3,123977,0,298.0,2026-08-20,0,-1,1239.0,35.5
24312,53863,Druid,Feral,Druid of the Claw,DPS,EU,Den of Nalorakk,7,1,1247.3,135543,0,294.0,2026-08-20,0,-1,1239.0,35.5
24312,53862,Shaman,Elemental,Farseer,DPS,EU,Den of Nalorakk,7,1,1247.3,137613,0,294.0,2026-08-20,0,-1,1239.0,35.5
24312,53861,Paladin,Holy,Herald of the Sun,Healer,EU,Den of Nalorakk,7,1,1247.3,14982,0,296.0,2026-08-20,0,-1,1239.0,35.5
24313,26824,Shaman,Restoration,Totemic,Healer,EU,Kings' Rest,13,1,1759.4,28073,1,303.0,2026-08-21,0,-1,1841.0,7.0
24313,26825,Druid,Balance,Elune's Chosen,DPS,EU,Kings' Rest,13,1,1759.4,163760,0,307.0,2026-08-21,0,-1,1841.0,7.0
24313,53865,DemonHunter,Devourer,Annihilator,DPS,EU,Kings' Rest,13,1,1759.4,138541,2,298.0,2026-08-21,0,-1,1841.0,7.0
24313,19027,Monk,Windwalker,Shado-Pan,DPS,EU,Kings' Rest,13,1,1759.4,150576,3,307.0,2026-08-21,0,-1,1841.0,7.0
24313,26823,DeathKnight,Blood,San'layn,Tank,EU,Kings' Rest,13,1,1759.4,92836,0,307.0,2026-08-21,0,-1,1841.0,7.0
24317,1767,Shaman,Enhancement,Stormbringer,DPS,US,Ruby Life Pools,10,1,962.3,251885,0,310.0,2026-08-22,0,-1,954.0,43.2
24317,1766,Hunter,BeastMastery,Pack Leader,DPS,US,Ruby Life Pools,10,1,962.3,196459,0,304.0,2026-08-22,0,-1,954.0,43.2
24317,53875,Shaman,Elemental,Farseer,DPS,US,Ruby Life Pools,10,1,962.3,186344,0,302.0,2026-08-22,0,-1,954.0,43.2
24317,5641,DeathKnight,Blood,San'layn,Tank,US,Ruby Life Pools,10,1,962.3,152446,0,312.0,2026-08-22,0,-1,954.0,43.2
24317,14408,Paladin,Holy,Herald of the Sun,Healer,US,Ruby Life Pools,10,1,962.3,45992,0,304.0,2026-08-22,0,-1,954.0,43.2
24331,53898,Warrior,Arms,Slayer,DPS,EU,Den of Nalorakk,13,1,1666.2,184162,2,305.0,2026-08-21,0,-1,1748.0,9.0
24331,53899,Shaman,Enhancement,Stormbringer,DPS,EU,Den of Nalorakk,13,1,1666.2,194117,0,301.0,2026-08-21,0,-1,1748.0,9.0
24331,53896,DeathKnight,Blood,San'layn,Tank,EU,Den of Nalorakk,13,1,1666.2,109570,0,308.0,2026-08-21,0,-1,1748.0,9.0
24331,53900,DemonHunter,Havoc,Fel-Scarred,DPS,EU,Den of Nalorakk,13,1,1666.2,180611,1,307.0,2026-08-21,0,-1,1748.0,9.0
24331,53897,Priest,Holy,Oracle,Healer,EU,Den of Nalorakk,13,1,1666.2,25942,1,300.0,2026-08-21,0,-1,1748.0,9.0
24342,4729,Warrior,Arms,Slayer,DPS,US,Ruby Life Pools,10,1,1006.1,234695,0,308.0,2026-08-21,0,-1,998.0,40.6
24342,4726,DemonHunter,Vengeance,Annihilator,Tank,US,Ruby Life Pools,10,1,1006.1,126494,0,294.0,2026-08-21,0,-1,998.0,40.6
24342,53933,Paladin,Retribution,Templar,DPS,US,Ruby Life Pools,10,1,1006.1,177059,0,301.0,2026-08-21,0,-1,998.0,40.6
24342,21356,Shaman,Restoration,Totemic,Healer,US,Ruby Life Pools,10,1,1006.1,35167,0,302.0,2026-08-21,0,-1,998.0,40.6
24342,4728,Warrior,Arms,Slayer,DPS,US,Ruby Life Pools,10,1,1006.1,205299,0,299.0,2026-08-21,0,-1,998.0,40.6
24355,53978,Hunter,BeastMastery,Pack Leader,DPS,EU,Kings' Rest,10,1,1234.5,155590,1,305.0,2026-08-21,0,-1,1236.0,37.6
24355,53976,Monk,Brewmaster,Master of Harmony,Tank,EU,Kings' Rest,10,1,1234.5,85213,0,308.0,2026-08-21,0,-1,1236.0,37.6
24355,53980,Paladin,Retribution,Templar,DPS,EU,Kings' Rest,10,1,1234.5,156545,0,301.0,2026-08-21,0,-1,1236.0,37.6
24355,53979,Rogue,Assassination,Deathstalker,DPS,EU,Kings' Rest,10,1,1234.5,161692,1,300.0,2026-08-21,0,-1,1236.0,37.6
24355,53977,Paladin,Holy,Herald of the Sun,Healer,EU,Kings' Rest,10,1,1234.5,18432,0,303.0,2026-08-21,0,-1,1236.0,37.6
24358,14965,Hunter,BeastMastery,Pack Leader,DPS,EU,Ruby Life Pools,11,1,1204.3,186280,3,301.0,2026-08-21,0,-1,1231.0,26.7
24358,14962,Warrior,Protection,Mountain Thane,Tank,EU,Ruby Life Pools,11,1,1204.3,151536,0,305.0,2026-08-21,0,-1,1231.0,26.7
24358,53988,Druid,Restoration,Wildstalker,Healer,EU,Ruby Life Pools,11,1,1204.3,11746,0,304.0,2026-08-21,0,-1,1231.0,26.7
24358,53989,Mage,Arcane,Sunfury,DPS,EU,Ruby Life Pools,11,1,1204.3,205552,3,299.0,2026-08-21,0,-1,1231.0,26.7
24358,53990,DemonHunter,Devourer,Annihilator,DPS,EU,Ruby Life Pools,11,1,1204.3,251350,1,301.0,2026-08-21,0,-1,1231.0,26.7
24359,53993,Warlock,Affliction,Soul Harvester,DPS,EU,Altar of Fangs,8,1,1039.5,239839,0,309.0,2026-08-21,0,-1,1031.0,42.7
24359,53994,Warlock,Demonology,Diabolist,DPS,EU,Altar of Fangs,8,1,1039.5,232228,0,307.0,2026-08-21,0,-1,1031.0,42.7
24359,53992,Paladin,Holy,Herald of the Sun,Healer,EU,Altar of Fangs,8,1,1039.5,16194,0,295.0,2026-08-21,0,-1,1031.0,42.7
24359,53991,DeathKnight,Blood,San'layn,Tank,EU,Altar of Fangs,8,1,1039.5,108888,0,307.0,2026-08-21,0,-1,1031.0,42.7
24359,53995,Mage,Arcane,Sunfury,DPS,EU,Altar of Fangs,8,1,1039.5,251034,0,306.0,2026-08-21,0,-1,1031.0,42.7
24363,54001,Paladin,Protection,Lightsmith,Tank,US,Temple of Sethraliss,9,1,1224.1,124866,1,306.0,2026-08-22,0,-1,1225.0,36.2
24363,25208,Shaman,Enhancement,Stormbringer,DPS,US,Temple of Sethraliss,9,1,1224.1,200766,0,303.0,2026-08-22,0,-1,1225.0,36.2
24363,54003,Hunter,BeastMastery,Pack Leader,DPS,US,Temple of Sethraliss,9,1,1224.1,169894,0,304.0,2026-08-22,0,-1,1225.0,36.2
24363,54004,Warlock,Demonology,Diabolist,DPS,US,Temple of Sethraliss,9,1,1224.1,165016,0,296.0,2026-08-22,0,-1,1225.0,36.2
24363,54002,Druid,Restoration,Wildstalker,Healer,US,Temple of Sethraliss,9,1,1224.1,2285,1,299.0,2026-08-22,0,-1,1225.0,36.2
24366,54007,Warrior,Arms,Slayer,DPS,EU,The Blinding Vale,13,1,1597.9,204226,3,293.0,2026-08-21,0,-1,1694.0,5.9
24366,22994,Shaman,Restoration,Totemic,Healer,EU,The Blinding Vale,13,1,1597.9,33984,0,294.0,2026-08-21,0,-1,1694.0,5.9
24366,25597,Mage,Arcane,Sunfury,DPS,EU,The Blinding Vale,13,1,1597.9,206775,2,298.0,2026-08-21,0,-1,1694.0,5.9
24366,25596,Warrior,Arms,Slayer,DPS,EU,The Blinding Vale,13,1,1597.9,241850,2,309.0,2026-08-21,0,-1,1694.0,5.9
24366,22993,Paladin,Protection,Templar,Tank,EU,The Blinding Vale,13,1,1597.9,138240,0,306.0,2026-08-21,0,-1,1694.0,5.9
24369,54008,Warlock,Demonology,Diabolist,DPS,US,The Blinding Vale,14,1,1617.6,229243,2,298.0,2026-08-20,0,-1,1654.0,8.1
24369,2301,Paladin,Holy,Herald of the Sun,Healer,US,The Blinding Vale,14,1,1617.6,20308,0,299.0,2026-08-20,0,-1,1654.0,8.1
24369,15180,DemonHunter,Devourer,Annihilator,DPS,US,The Blinding Vale,14,1,1617.6,245695,1,300.0,2026-08-20,0,-1,1654.0,8.1
24369,2300,DeathKnight,Blood,San'layn,Tank,US,The Blinding Vale,14,1,1617.6,151187,0,302.0,2026-08-20,0,-1,1654.0,8.1
24369,2302,Shaman,Enhancement,Stormbringer,DPS,US,The Blinding Vale,14,1,1617.6,223326,0,299.0,2026-08-20,0,-1,1654.0,8.1
24372,13409,Shaman,Elemental,Stormbringer,DPS,EU,Temple of Sethraliss,10,1,1020.8,173559,0,308.0,2026-08-21,0,-1,1018.0,47.0
24372,14702,Hunter,Marksmanship,Sentinel,DPS,EU,Temple of Sethraliss,10,1,1020.8,249378,0,307.0,2026-08-21,0,-1,1018.0,47.0
24372,14699,Priest,Holy,Archon,Healer,EU,Temple of Sethraliss,10,1,1020.8,8661,0,305.0,2026-08-21,0,-1,1018.0,47.0
24372,13408,Warrior,Protection,Mountain Thane,Tank,EU,Temple of Sethraliss,10,1,1020.8,147757,1,308.0,2026-08-21,0,-1,1018.0,47.0
24372,20156,Paladin,Retribution,Templar,DPS,EU,Temple of Sethraliss,10,1,1020.8,258540,0,304.0,2026-08-21,0,-1,1018.0,47.0
24373,54015,Paladin,Protection,Lightsmith,Tank,EU,Voidscar Arena,10,1,1026.4,98029,0,281.0,2026-08-20,0,-1,1028.0,42.9
24373,53048,Warlock,Demonology,Diabolist,DPS,EU,Voidscar Arena,10,1,1026.4,231540,0,299.0,2026-08-20,0,-1,1028.0,42.9
24373,13820,Hunter,Marksmanship,Sentinel,DPS,EU,Voidscar Arena,10,1,1026.4,208110,0,308.0,2026-08-20,0,-1,1028.0,42.9
24373,53170,Priest,Shadow,Archon,DPS,EU,Voidscar Arena,10,1,1026.4,212875,1,301.0,2026-08-20,0,-1,1028.0,42.9
24373,13817,Priest,Holy,Oracle,Healer,EU,Voidscar Arena,10,1,1026.4,20230,1,305.0,2026-08-20,0,-1,1028.0,42.9
24381,12713,Rogue,Assassination,Deathstalker,DPS,EU,Altar of Fangs,13,1,1746.8,214830,0,300.0,2026-08-20,0,-1,1753.0,2.6
24381,37427,Shaman,Restoration,Totemic,Healer,EU,Altar of Fangs,13,1,1746.8,41223,0,302.0,2026-08-20,0,-1,1753.0,2.6
24381,54027,DeathKnight,Blood,Deathbringer,Tank,EU,Altar of Fangs,13,1,1746.8,105999,0,298.0,2026-08-20,0,-1,1753.0,2.6
24381,12711,DemonHunter,Havoc,Aldrachi Reaver,DPS,EU,Altar of Fangs,13,1,1746.8,164054,0,303.0,2026-08-20,0,-1,1753.0,2.6
24381,22022,Mage,Frost,Frostfire,DPS,EU,Altar of Fangs,13,1,1746.8,223975,1,302.0,2026-08-20,0,-1,1753.0,2.6
24384,4462,Druid,Balance,Elune's Chosen,DPS,US,Altar of Fangs,9,1,1061.2,264377,0,305.0,2026-08-21,0,-1,1073.0,40.4
24384,54037,Shaman,Elemental,Farseer,DPS,US,Altar of Fangs,9,1,1061.2,234045,0,299.0,2026-08-21,0,-1,1073.0,40.4
24384,54036,Mage,Arcane,Sunfury,DPS,US,Altar of Fangs,9,1,1061.2,250988,1,306.0,2026-08-21,0,-1,1073.0,40.4
24384,54035,Priest,Discipline,Oracle,Healer,US,Altar of Fangs,9,1,1061.2,13827,3,284.0,2026-08-21,0,-1,1073.0,40.4
24384,54034,DeathKnight,Blood,San'layn,Tank,US,Altar of Fangs,9,1,1061.2,134967,0,298.0,2026-08-21,0,-1,1073.0,40.4
24385,3359,Evoker,Preservation,Flameshaper,Healer,US,Kings' Rest,2,1,865.7,26344,0,301.0,2026-08-22,0,-1,857.0,56.7
24385,54039,DemonHunter,Devourer,Void-Scarred,DPS,US,Kings' Rest,2,1,865.7,95724,0,302.0,2026-08-22,0,-1,857.0,56.7
24385,21937,Mage,Arcane,Sunfury,DPS,US,Kings' Rest,2,1,865.7,115109,0,304.0,2026-08-22,0,-1,857.0,56.7
24385,54038,DeathKnight,Blood,San'layn,Tank,US,Kings' Rest,2,1,865.7,42261,1,305.0,2026-08-22,0,-1,857.0,56.7
24385,54040,Warlock,Demonology,Diabolist,DPS,US,Kings' Rest,2,1,865.7,105374,0,302.0,2026-08-22,0,-1,857.0,56.7
24386,54044,Warlock,Demonology,Diabolist,DPS,KR,Voidscar Arena,11,1,1279.3,269815,0,298.0,2026-08-21,0,-1,1270.0,29.4
24386,54042,Hunter,Marksmanship,Sentinel,DPS,KR,Voidscar Arena,11,1,1279.3,166328,0,293.0,2026-08-21,0,-1,1270.0,29.4
24386,54041,Paladin,Protection,Lightsmith,Tank,KR,Voidscar Arena,11,1,1279.3,133896,0,306.0,2026-08-21,0,-1,1270.0,29.4
24386,54043,Mage,Arcane,Sunfury,DPS,KR,Voidscar Arena,11,1,1279.3,211290,0,292.0,2026-08-21,0,-1,1270.0,29.4
24386,37544,Priest,Holy,Oracle,Healer,KR,Voidscar Arena,11,1,1279.3,18110,0,306.0,2026-08-21,0,-1,1270.0,29.4
24390,54054,Paladin,Retribution,Templar,DPS,CN,Ruby Life Pools,6,1,998.5,133719,0,291.0,2026-08-21,0,-1,990.0,41.1
24390,54055,Hunter,BeastMastery,Pack Leader,DPS,CN,Ruby Life Pools,6,1,998.5,177477,0,292.0,2026-08-21,0,-1,990.0,41.1
24390,54052,Monk,Mistweaver,Conduit of the Celestials,Healer,CN,Ruby Life Pools,6,1,998.5,38924,0,290.0,2026-08-21,0,-1,990.0,41.1
24390,54051,Paladin,Protection,Lightsmith,Tank,CN,Ruby Life Pools,6,1,998.5,79367,0,293.0,2026-08-21,0,-1,990.0,41.1
24390,54053,Mage,Arcane,Sunfury,DPS,CN,Ruby Life Pools,6,1,998.5,125702,0,289.0,2026-08-21,0,-1,990.0,41.1
24398,14372,DeathKnight,Unholy,San'layn,DPS,EU,Temple of Sethraliss,10,1,978.6,278079,0,307.0,2026-08-21,0,-1,985.0,48.7
24398,14369,Evoker,Preservation,Flameshaper,Healer,EU,Temple of Sethraliss,10,1,978.6,47290,0,310.0,2026-08-21,0,-1,985.0,48.7
24398,14368,Paladin,Protection,Lightsmith,Tank,EU,Temple of Sethraliss,10,1,978.6,142127,0,307.0,2026-08-21,0,-1,985.0,48.7
24398,54067,Warrior,Arms,Slayer,DPS,EU,Temple of Sethraliss,10,1,978.6,251348,1,306.0,2026-08-21,0,-1,985.0,48.7
24398,54068,Warlock,Destruction,Diabolist,DPS,EU,Temple of Sethraliss,10,1,978.6,194719,2,294.0,2026-08-21,0,-1,985.0,48.7
24405,54084,DemonHunter,Vengeance,Annihilator,Tank,EU,The Blinding Vale,6,1,1002.9,110019,0,295.0,2026-08-21,0,-1,1004.0,44.2
24405,54087,Shaman,Enhancement,Stormbringer,DPS,EU,The Blinding Vale,6,1,1002.9,142012,1,290.0,2026-08-21,0,-1,1004.0,44.2
24405,54086,Mage,Arcane,Sunfury,DPS,EU,The Blinding Vale,6,1,1002.9,139035,1,288.0,2026-08-21,0,-1,1004.0,44.2
24405,54085,Paladin,Holy,Herald of the Sun,Healer,EU,The Blinding Vale,6,1,1002.9,21510,0,294.0,2026-08-21,0,-1,1004.0,44.2
24405,26140,Warrior,Arms,Slayer,DPS,EU,The Blinding Vale,6,1,1002.9,163360,0,299.0,2026-08-21,0,-1,1004.0,44.2
24409,54097,Rogue,Assassination,Deathstalker,DPS,US,Den of Nalorakk,2,1,965.8,99587,0,296.0,2026-08-22,0,-1,957.0,50.2
24409,54094,DeathKnight,Blood,San'layn,Tank,US,Den of Nalorakk,2,1,965.8,63861,0,297.0,2026-08-22,0,-1,957.0,50.2
24409,54096,Hunter,BeastMastery,Pack Leader,DPS,US,Den of Nalorakk,2,1,965.8,99154,0,291.0,2026-08-22,0,-1,957.0,50.2
24409,54095,Druid,Restoration,Wildstalker,Healer,US,Den of Nalorakk,2,1,965.8,9827,0,294.0,2026-08-22,0,-1,957.0,50.2
24409,54098,Druid,Balance,Elune's Chosen,DPS,US,Den of Nalorakk,2,1,965.8,139741,0,296.0,2026-08-22,0,-1,957.0,50.2
24428,54146,DeathKnight,Blood,San'layn,Tank,EU,Voidscar Arena,12,1,1332.2,115004,0,305.0,2026-08-21,0,-1,1398.0,22.3
24428,54148,DeathKnight,Unholy,San'layn,DPS,EU,Voidscar Arena,12,1,1332.2,223371,1,309.0,2026-08-21,0,-1,1398.0,22.3
24428,54149,Paladin,Retribution,Templar,DPS,EU,Voidscar Arena,12,1,1332.2,187773,0,305.0,2026-08-21,0,-1,1398.0,22.3
24428,45854,Warrior,Arms,Slayer,DPS,EU,Voidscar Arena,12,1,1332.2,181885,2,309.0,2026-08-21,0,-1,1398.0,22.3
24428,54147,Shaman,Restoration,Totemic,Healer,EU,Voidscar Arena,12,1,1332.2,5934,2,301.0,2026-08-21,0,-1,1398.0,22.3
24431,21497,Monk,Brewmaster,Master of Harmony,Tank,EU,Kings' Rest,12,1,1545.0,74951,0,297.0,2026-08-20,0,-1,1551.0,21.7
24431,54151,Rogue,Assassination,Deathstalker,DPS,EU,Kings' Rest,12,1,1545.0,156370,0,297.0,2026-08-20,0,-1,1551.0,21.7
24431,23485,Priest,Shadow,Voidweaver,DPS,EU,Kings' Rest,12,1,1545.0,154079,0,298.0,2026-08-20,0,-1,1551.0,21.7
24431,12948,Evoker,Preservation,Flameshaper,Healer,EU,Kings' Rest,12,1,1545.0,39151,1,301.0,2026-08-20,0,-1,1551.0,21.7
24431,40748,Warrior,Arms,Slayer,DPS,EU,Kings' Rest,12,1,1545.0,124951,0,298.0,2026-08-20,0,-1,1551.0,21.7
24443,54176,Paladin,Protection,Templar,Tank,EU,Den of Nalorakk,8,1,1176.2,95186,0,296.0,2026-08-21,0,-1,1168.0,39.2
24443,54178,Priest,Shadow,Archon,DPS,EU,Den of Nalorakk,8,1,1176.2,127910,0,298.0,2026-08-21,0,-1,1168.0,39.2
24443,31836,Shaman,Elemental,Farseer,DPS,EU,Den of Nalorakk,8,1,1176.2,187531,0,294.0,2026-08-21,0,-1,1168.0,39.2
24443,54177,Paladin,Holy,Herald of the Sun,Healer,EU,Den of Nalorakk,8,1,1176.2,28248,0,305.0,2026-08-21,0,-1,1168.0,39.2
24443,31832,Druid,Balance,Keeper of the Grove,DPS,EU,Den of Nalorakk,8,1,1176.2,166254,0,303.0,2026-08-21,0,-1,1168.0,39.2
24446,47444,Mage,Arcane,Sunfury,DPS,US,Murder Row,11,1,1354.9,247729,1,307.0,2026-08-22,0,-1,1356.0,33.5
24446,54186,Evoker,Devastation,Scalecommander,DPS,US,Murder Row,11,1,1354.9,183852,1,305.0,2026-08-22,0,-1,1356.0,33.5
24446,43969,Druid,Restoration,Wildstalker,Healer,US,Murder Row,11,1,1354.9,17775,0,310.0,2026-08-22,0,-1,1356.0,33.5
24446,54185,DemonHunter,Vengeance,Annihilator,Tank,US,Murder Row,11,1,1354.9,144502,0,311.0,2026-08-22,0,-1,1356.0,33.5
24446,48226,Hunter,Marksmanship,Sentinel,DPS,US,Murder Row,11,1,1354.9,241804,0,304.0,2026-08-22,0,-1,1356.0,33.5
24447,54191,Paladin,Retribution,Templar,DPS,US,Ruby Life Pools,2,1,902.6,82194,0,281.0,2026-08-22,0,-1,894.0,46.8
24447,54189,Shaman,Elemental,Farseer,DPS,US,Ruby Life Pools,2,1,902.6,166073,0,293.0,2026-08-22,0,-1,894.0,46.8
24447,54187,DeathKnight,Blood,Deathbringer,Tank,US,Ruby Life Pools,2,1,902.6,80444,0,288.0,2026-08-22,0,-1,894.0,46.8
24447,54190,Hunter,Marksmanship,Sentinel,DPS,US,Ruby Life Pools,2,1,902.6,103050,0,292.0,2026-08-22,0,-1,894.0,46.8
24447,54188,Druid,Restoration,Wildstalker,Healer,US,Ruby Life Pools,2,1,902.6,2730,0,295.0,2026-08-22,0,-1,894.0,46.8
24448,13137,Rogue,Subtlety,Deathstalker,DPS,EU,Voidscar Arena,10,1,1035.0,211146,0,304.0,2026-08-20,0,-1,1047.0,41.8
24448,13135,DemonHunter,Vengeance,Annihilator,Tank,EU,Voidscar Arena,10,1,1035.0,142089,0,307.0,2026-08-20,0,-1,1047.0,41.8
24448,14618,DemonHunter,Devourer,Void-Scarred,DPS,EU,Voidscar Arena,10,1,1035.0,200106,1,306.0,2026-08-20,0,-1,1047.0,41.8
24448,14808,Evoker,Preservation,Flameshaper,Healer,EU,Voidscar Arena,10,1,1035.0,38516,2,299.0,2026-08-20,0,-1,1047.0,41.8
24448,14616,Shaman,Elemental,Farseer,DPS,EU,Voidscar Arena,10,1,1035.0,229609,1,301.0,2026-08-20,0,-1,1047.0,41.8
24450,54195,Priest,Discipline,Oracle,Healer,EU,Kings' Rest,11,1,1286.7,25310,0,307.0,2026-08-21,0,-1,1278.0,35.5
24450,39461,DemonHunter,Devourer,Annihilator,DPS,EU,Kings' Rest,11,1,1286.7,189567,0,302.0,2026-08-21,0,-1,1278.0,35.5
24450,39462,Mage,Arcane,Sunfury,DPS,EU,Kings' Rest,11,1,1286.7,168836,0,306.0,2026-08-21,0,-1,1278.0,35.5
24450,39459,Druid,Guardian,Elune's Chosen,Tank,EU,Kings' Rest,11,1,1286.7,91072,0,301.0,2026-08-21,0,-1,1278.0,35.5
24450,54196,Shaman,Elemental,Farseer,DPS,EU,Kings' Rest,11,1,1286.7,138316,0,305.0,2026-08-21,0,-1,1278.0,35.5
24454,14424,Monk,Mistweaver,Unknown,Healer,US,Ruby Life Pools,11,1,1154.2,55284,1,306.0,2026-08-20,0,-1,1156.0,31.2
24454,12207,Paladin,Retribution,Unknown,DPS,US,Ruby Life Pools,11,1,1154.2,206635,0,299.0,2026-08-20,0,-1,1156.0,31.2
24454,54208,Mage,Arcane,Unknown,DPS,US,Ruby Life Pools,11,1,1154.2,191212,1,297.0,2026-08-20,0,-1,1156.0,31.2
24454,54207,DeathKnight,Blood,Unknown,Tank,US,Ruby Life Pools,11,1,1154.2,154338,0,295.0,2026-08-20,0,-1,1156.0,31.2
24454,54209,Rogue,Assassination,Unknown,DPS,US,Ruby Life Pools,11,1,1154.2,243549,0,294.0,2026-08-20,0,-1,1156.0,31.2
24466,54239,Priest,Holy,Oracle,Healer,US,Kings' Rest,11,1,1274.6,21991,0,299.0,2026-08-20,0,-1,1271.0,35.8
24466,16987,Druid,Guardian,Elune's Chosen,Tank,US,Kings' Rest,11,1,1274.6,101661,0,302.0,2026-08-20,0,-1,1271.0,35.8
24466,4271,DemonHunter,Devourer,Annihilator,DPS,US,Kings' Rest,11,1,1274.6,188254,1,300.0,2026-08-20,0,-1,1271.0,35.8
24466,54240,Paladin,Retribution,Herald of the Sun,DPS,US,Kings' Rest,11,1,1274.6,136655,0,293.0,2026-08-20,0,-1,1271.0,35.8
24466,54241,Hunter,Marksmanship,Sentinel,DPS,US,Kings' Rest,11,1,1274.6,176619,0,305.0,2026-08-20,0,-1,1271.0,35.8
24470,54252,Paladin,Protection,Lightsmith,Tank,EU,Altar of Fangs,7,1,1013.5,127215,2,305.0,2026-08-21,0,-1,1040.0,42.2
24470,54256,Druid,Balance,Elune's Chosen,DPS,EU,Altar of Fangs,7,1,1013.5,219636,1,309.0,2026-08-21,0,-1,1040.0,42.2
24470,54253,Evoker,Preservation,Flameshaper,Healer,EU,Altar of Fangs,7,1,1013.5,33066,1,297.0,2026-08-21,0,-1,1040.0,42.2
24470,54255,Warrior,Arms,Slayer,DPS,EU,Altar of Fangs,7,1,1013.5,216996,2,307.0,2026-08-21,0,-1,1040.0,42.2
24470,54254,Druid,Feral,Druid of the Claw,DPS,EU,Altar of Fangs,7,1,1013.5,308203,1,307.0,2026-08-21,0,-1,1040.0,42.2
24471,54257,DeathKnight,Blood,San'layn,Tank,EU,The Blinding Vale,6,1,827.0,69005,0,282.0,2026-08-21,0,-1,818.0,54.5
24471,19206,Priest,Holy,Oracle,Healer,EU,The Blinding Vale,6,1,827.0,35765,0,311.0,2026-08-21,0,-1,818.0,54.5
24471,54260,Evoker,Devastation,Scalecommander,DPS,EU,The Blinding Vale,6,1,827.0,194368,0,302.0,2026-08-21,0,-1,818.0,54.5
24471,54259,Monk,Windwalker,Shado-Pan,DPS,EU,The Blinding Vale,6,1,827.0,172347,0,307.0,2026-08-21,0,-1,818.0,54.5
24471,54258,Druid,Balance,Elune's Chosen,DPS,EU,The Blinding Vale,6,1,827.0,237469,0,308.0,2026-08-21,0,-1,818.0,54.5
24474,16291,Druid,Balance,Elune's Chosen,DPS,EU,Kings' Rest,13,1,1712.7,175240,2,309.0,2026-08-21,0,-1,1809.0,8.6
24474,54268,Paladin,Holy,Herald of the Sun,Healer,EU,Kings' Rest,13,1,1712.7,27896,2,300.0,2026-08-21,0,-1,1809.0,8.6
24474,54270,Rogue,Assassination,Deathstalker,DPS,EU,Kings' Rest,13,1,1712.7,169688,2,306.0,2026-08-21,0,-1,1809.0,8.6
24474,54267,DeathKnight,Blood,San'layn,Tank,EU,Kings' Rest,13,1,1712.7,71298,0,301.0,2026-08-21,0,-1,1809.0,8.6
24474,54269,Mage,Arcane,Sunfury,DPS,EU,Kings' Rest,13,1,1712.7,134420,1,302.0,2026-08-21,0,-1,1809.0,8.6
24476,4526,Paladin,Protection,Lightsmith,Tank,US,Murder Row,11,1,1369.0,121432,0,303.0,2026-08-21,0,-1,1366.0,33.0
24476,5442,DemonHunter,Devourer,Void-Scarred,DPS,US,Murder Row,11,1,1369.0,200681,1,309.0,2026-08-21,0,-1,1366.0,33.0
24476,24174,Priest,Shadow,Archon,DPS,US,Murder Row,11,1,1369.0,200405,0,306.0,2026-08-21,0,-1,1366.0,33.0
24476,52737,Druid,Balance,Elune's Chosen,DPS,US,Murder Row,11,1,1369.0,214700,0,299.0,2026-08-21,0,-1,1366.0,33.0
24476,54273,Shaman,Restoration,Totemic,Healer,US,Murder Row,11,1,1369.0,15714,0,292.0,2026-08-21,0,-1,1366.0,33.0
24477,28959,Druid,Guardian,Elune's Chosen,Tank,EU,Kings' Rest,12,1,1548.4,62543,0,306.0,2026-08-21,0,-1,1600.0,19.2
24477,28960,Paladin,Holy,Herald of the Sun,Healer,EU,Kings' Rest,12,1,1548.4,27599,0,301.0,2026-08-21,0,-1,1600.0,19.2
24477,28962,DeathKnight,Unholy,Rider of the Apocalypse,DPS,EU,Kings' Rest,12,1,1548.4,159921,1,310.0,2026-08-21,0,-1,1600.0,19.2
24477,54274,Mage,Arcane,Sunfury,DPS,EU,Kings' Rest,12,1,1548.4,178329,2,305.0,2026-08-21,0,-1,1600.0,19.2
24477,54275,Warrior,Arms,Slayer,DPS,EU,Kings' Rest,12,1,1548.4,141889,1,305.0,2026-08-21,0,-1,1600.0,19.2
24481,54284,Hunter,BeastMastery,Pack Leader,DPS,EU,Den of Nalorakk,6,1,1146.9,119613,1,294.0,2026-08-21,0,-1,1148.0,40.2
24481,53166,DemonHunter,Devourer,Void-Scarred,DPS,EU,Den of Nalorakk,6,1,1146.9,115422,1,292.0,2026-08-21,0,-1,1148.0,40.2
24481,28462,Priest,Holy,Oracle,Healer,EU,Den of Nalorakk,6,1,1146.9,7377,0,297.0,2026-08-21,0,-1,1148.0,40.2
24481,28461,Paladin,Protection,Lightsmith,Tank,EU,Den of Nalorakk,6,1,1146.9,70518,0,300.0,2026-08-21,0,-1,1148.0,40.2
24481,54285,Rogue,Assassination,Fatebound,DPS,EU,Den of Nalorakk,6,1,1146.9,144786,0,293.0,2026-08-21,0,-1,1148.0,40.2
24489,14702,Hunter,Marksmanship,Sentinel,DPS,EU,Altar of Fangs,10,1,1079.7,299625,1,307.0,2026-08-21,0,-1,1076.0,40.2
24489,54304,DeathKnight,Unholy,San'layn,DPS,EU,Altar of Fangs,10,1,1079.7,284340,0,303.0,2026-08-21,0,-1,1076.0,40.2
24489,14699,Priest,Holy,Archon,Healer,EU,Altar of Fangs,10,1,1079.7,9580,0,305.0,2026-08-21,0,-1,1076.0,40.2
24489,14698,Paladin,Protection,Lightsmith,Tank,EU,Altar of Fangs,10,1,1079.7,135865,0,310.0,2026-08-21,0,-1,1076.0,40.2
24489,13408,Warrior,Arms,Slayer,DPS,EU,Altar of Fangs,10,1,1079.7,263239,0,307.0,2026-08-21,0,-1,1076.0,40.2
24493,54312,Priest,Holy,Oracle,Healer,US,Altar of Fangs,2,1,961.9,5278,0,283.0,2026-08-22,0,-1,953.0,47.0
24493,54315,Warlock,Demonology,Diabolist,DPS,US,Altar of Fangs,2,1,961.9,91821,1,293.0,2026-08-22,0,-1,953.0,47.0
24493,54313,Paladin,Retribution,Templar,DPS,US,Altar of Fangs,2,1,961.9,154469,0,303.0,2026-08-22,0,-1,953.0,47.0
24493,54314,DemonHunter,Devourer,Void-Scarred,DPS,US,Altar of Fangs,2,1,961.9,103454,0,290.0,2026-08-22,0,-1,953.0,47.0
24493,54311,Paladin,Protection,Lightsmith,Tank,US,Altar of Fangs,2,1,961.9,106122,0,307.0,2026-08-22,0,-1,953.0,47.0
24494,54318,DeathKnight,Unholy,San'layn,DPS,CN,Den of Nalorakk,13,1,1718.1,198697,0,303.0,2026-08-21,0,-1,1770.0,7.8
24494,54320,Shaman,Elemental,Farseer,DPS,CN,Den of Nalorakk,13,1,1718.1,175701,0,309.0,2026-08-21,0,-1,1770.0,7.8
24494,54319,Warrior,Arms,Slayer,DPS,CN,Den of Nalorakk,13,1,1718.1,168716,3,306.0,2026-08-21,0,-1,1770.0,7.8
24494,54316,Paladin,Protection,Lightsmith,Tank,CN,Den of Nalorakk,13,1,1718.1,85834,0,295.0,2026-08-21,0,-1,1770.0,7.8
24494,54317,Monk,Mistweaver,Master of Harmony,Healer,CN,Den of Nalorakk,13,1,1718.1,35953,1,292.0,2026-08-21,0,-1,1770.0,7.8
24500,54334,Paladin,Holy,Herald of the Sun,Healer,US,Murder Row,5,1,1178.2,8642,0,286.0,2026-08-18,0,-1,1170.0,42.6
24500,54336,Evoker,Devastation,Scalecommander,DPS,US,Murder Row,5,1,1178.2,127280,0,293.0,2026-08-18,0,-1,1170.0,42.6
24500,54335,Evoker,Augmentation,Scalecommander,DPS,US,Murder Row,5,1,1178.2,98509,0,290.0,2026-08-18,0,-1,1170.0,42.6
24500,16814,Monk,Windwalker,Shado-Pan,DPS,US,Murder Row,5,1,1178.2,132826,0,293.0,2026-08-18,0,-1,1170.0,42.6
24500,54333,Paladin,Protection,Lightsmith,Tank,US,Murder Row,5,1,1178.2,63330,0,290.0,2026-08-18,0,-1,1170.0,42.6
24503,54341,Hunter,BeastMastery,Pack Leader,DPS,US,Kings' Rest,6,1,1163.1,82962,1,294.0,2026-08-22,0,-1,1160.0,41.4
24503,54339,DeathKnight,Blood,San'layn,Tank,US,Kings' Rest,6,1,1163.1,56520,0,292.0,2026-08-22,0,-1,1160.0,41.4
24503,54342,Warrior,Arms,Slayer,DPS,US,Kings' Rest,6,1,1163.1,116064,0,295.0,2026-08-22,0,-1,1160.0,41.4
24503,157,Shaman,Elemental,Farseer,DPS,US,Kings' Rest,6,1,1163.1,131671,0,307.0,2026-08-22,0,-1,1160.0,41.4
24503,54340,Priest,Holy,Oracle,Healer,US,Kings' Rest,6,1,1163.1,12179,0,291.0,2026-08-22,0,-1,1160.0,41.4
24504,54344,Druid,Restoration,Wildstalker,Healer,EU,Ruby Life Pools,3,1,851.9,869,0,283.0,2026-08-20,0,-1,844.0,49.8
24504,54343,DeathKnight,Blood,San'layn,Tank,EU,Ruby Life Pools,3,1,851.9,97110,0,291.0,2026-08-20,0,-1,844.0,49.8
24504,54347,Evoker,Augmentation,Scalecommander,DPS,EU,Ruby Life Pools,3,1,851.9,103150,0,288.0,2026-08-20,0,-1,844.0,49.8
24504,54345,Priest,Shadow,Archon,DPS,EU,Ruby Life Pools,3,1,851.9,165087,0,297.0,2026-08-20,0,-1,844.0,49.8
24504,54346,Paladin,Retribution,Templar,DPS,EU,Ruby Life Pools,3,1,851.9,122055,0,292.0,2026-08-20,0,-1,844.0,49.8
24506,21252,Evoker,Preservation,Flameshaper,Healer,EU,Voidscar Arena,11,1,1211.9,17277,1,295.0,2026-08-21,0,-1,1208.0,32.9
24506,21253,Mage,Arcane,Sunfury,DPS,EU,Voidscar Arena,11,1,1211.9,205817,0,303.0,2026-08-21,0,-1,1208.0,32.9
24506,20849,Rogue,Assassination,Deathstalker,DPS,EU,Voidscar Arena,11,1,1211.9,226006,0,301.0,2026-08-21,0,-1,1208.0,32.9
24506,54233,Shaman,Elemental,Farseer,DPS,EU,Voidscar Arena,11,1,1211.9,223422,0,308.0,2026-08-21,0,-1,1208.0,32.9
24506,18944,Monk,Brewmaster,Master of Harmony,Tank,EU,Voidscar Arena,11,1,1211.9,102769,0,300.0,2026-08-21,0,-1,1208.0,32.9
24507,54351,Priest,Holy,Oracle,Healer,US,Kings' Rest,10,1,1128.0,22912,0,294.0,2026-08-21,0,-1,1140.0,42.4
24507,52388,Paladin,Protection,Lightsmith,Tank,US,Kings' Rest,10,1,1128.0,107141,0,307.0,2026-08-21,0,-1,1140.0,42.4
24507,54352,Warrior,Fury,Slayer,DPS,US,Kings' Rest,10,1,1128.0,142419,2,303.0,2026-08-21,0,-1,1140.0,42.4
24507,54353,Warrior,Fury,Slayer,DPS,US,Kings' Rest,10,1,1128.0,189388,0,302.0,2026-08-21,0,-1,1140.0,42.4
24507,52391,Mage,Arcane,Sunfury,DPS,US,Kings' Rest,10,1,1128.0,189107,2,305.0,2026-08-21,0,-1,1140.0,42.4
24509,54360,Priest,Shadow,Voidweaver,DPS,CN,Altar of Fangs,13,1,1723.5,198483,1,296.0,2026-08-21,0,-1,1730.0,3.9
24509,54357,Warrior,Protection,Mountain Thane,Tank,CN,Altar of Fangs,13,1,1723.5,127300,0,303.0,2026-08-21,0,-1,1730.0,3.9
24509,54358,Shaman,Restoration,Totemic,Healer,CN,Altar of Fangs,13,1,1723.5,30869,0,304.0,2026-08-21,0,-1,1730.0,3.9
24509,54359,Warlock,Destruction,Diabolist,DPS,CN,Altar of Fangs,13,1,1723.5,221581,0,299.0,2026-08-21,0,-1,1730.0,3.9
24509,53271,Mage,Arcane,Sunfury,DPS,CN,Altar of Fangs,13,1,1723.5,248171,0,310.0,2026-08-21,0,-1,1730.0,3.9
24515,38799,DeathKnight,Blood,San'layn,Tank,CN,Kings' Rest,13,1,1657.2,94450,0,301.0,2026-08-20,0,-1,1664.0,16.0
24515,38803,Shaman,Elemental,Farseer,DPS,CN,Kings' Rest,13,1,1657.2,159946,0,303.0,2026-08-20,0,-1,1664.0,16.0
24515,38801,Warrior,Arms,Slayer,DPS,CN,Kings' Rest,13,1,1657.2,150567,1,300.0,2026-08-20,0,-1,1664.0,16.0
24515,38800,Paladin,Holy,Herald of the Sun,Healer,CN,Kings' Rest,13,1,1657.2,28455,0,289.0,2026-08-20,0,-1,1664.0,16.0
24515,38802,Mage,Arcane,Sunfury,DPS,CN,Kings' Rest,13,1,1657.2,152147,0,295.0,2026-08-20,0,-1,1664.0,16.0
24518,12697,Druid,Balance,Elune's Chosen,DPS,EU,Ruby Life Pools,10,1,1040.2,214614,0,300.0,2026-08-21,0,-1,1032.0,38.6
24518,54371,Rogue,Subtlety,Deathstalker,DPS,EU,Ruby Life Pools,10,1,1040.2,199304,0,299.0,2026-08-21,0,-1,1032.0,38.6
24518,54372,Warrior,Arms,Slayer,DPS,EU,Ruby Life Pools,10,1,1040.2,251616,0,294.0,2026-08-21,0,-1,1032.0,38.6
24518,54370,DemonHunter,Vengeance,Annihilator,Tank,EU,Ruby Life Pools,10,1,1040.2,131942,0,292.0,2026-08-21,0,-1,1032.0,38.6
24518,14753,Shaman,Restoration,Totemic,Healer,EU,Ruby Life Pools,10,1,1040.2,41524,0,308.0,2026-08-21,0,-1,1032.0,38.6
24520,54376,DeathKnight,Blood,San'layn,Tank,EU,Murder Row,8,1,1130.2,87200,0,290.0,2026-08-20,0,-1,1132.0,44.5
24520,15492,Shaman,Elemental,Farseer,DPS,EU,Murder Row,8,1,1130.2,218453,1,306.0,2026-08-20,0,-1,1132.0,44.5
24520,54378,Druid,Balance,Elune's Chosen,DPS,EU,Murder Row,8,1,1130.2,119894,1,292.0,2026-08-20,0,-1,1132.0,44.5
24520,54377,Paladin,Holy,Herald of the Sun,Healer,EU,Murder Row,8,1,1130.2,16352,0,297.0,2026-08-20,0,-1,1132.0,44.5
24520,15494,Rogue,Assassination,Deathstalker,DPS,EU,Murder Row,8,1,1130.2,229821,0,307.0,2026-08-20,0,-1,1132.0,44.5
24526,54394,Shaman,Restoration,Totemic,Healer,EU,Kings' Rest,10,1,1156.5,27879,0,301.0,2026-08-20,0,-1,1148.0,42.0
24526,53901,DeathKnight,Blood,San'layn,Tank,EU,Kings' Rest,10,1,1156.5,103848,0,293.0,2026-08-20,0,-1,1148.0,42.0
24526,13023,Hunter,Marksmanship,Sentinel,DPS,EU,Kings' Rest,10,1,1156.5,166014,0,301.0,2026-08-20,0,-1,1148.0,42.0
24526,12792,Druid,Feral,Druid of the Claw,DPS,EU,Kings' Rest,10,1,1156.5,158263,0,301.0,2026-08-20,0,-1,1148.0,42.0
24526,12793,Warrior,Arms,Slayer,DPS,EU,Kings' Rest,10,1,1156.5,175955,0,300.0,2026-08-20,0,-1,1148.0,42.0
24536,11348,DemonHunter,Devourer,Void-Scarred,DPS,US,Temple of Sethraliss,13,1,1693.3,178462,2,305.0,2026-08-22,0,-1,1745.0,9.1
24536,4996,Shaman,Restoration,Totemic,Healer,US,Temple of Sethraliss,13,1,1693.3,31556,0,305.0,2026-08-22,0,-1,1745.0,9.1
24536,53893,Paladin,Retribution,Templar,DPS,US,Temple of Sethraliss,13,1,1693.3,218931,1,302.0,2026-08-22,0,-1,1745.0,9.1
24536,14028,Warrior,Arms,Slayer,DPS,US,Temple of Sethraliss,13,1,1693.3,213259,1,306.0,2026-08-22,0,-1,1745.0,9.1
24536,11346,Warrior,Protection,Mountain Thane,Tank,US,Temple of Sethraliss,13,1,1693.3,103206,0,304.0,2026-08-22,0,-1,1745.0,9.1
24539,54418,Paladin,Protection,Templar,Tank,US,Murder Row,8,1,1108.1,63717,0,300.0,2026-08-22,0,-1,1100.0,46.1
24539,6033,Warrior,Arms,Slayer,DPS,US,Murder Row,8,1,1108.1,208108,0,306.0,2026-08-22,0,-1,1100.0,46.1
24539,3310,Mage,Arcane,Sunfury,DPS,US,Murder Row,8,1,1108.1,247048,0,312.0,2026-08-22,0,-1,1100.0,46.1
24539,54419,Monk,Mistweaver,Conduit of the Celestials,Healer,US,Murder Row,8,1,1108.1,27958,0,301.0,2026-08-22,0,-1,1100.0,46.1
24539,54420,Mage,Arcane,Sunfury,DPS,US,Murder Row,8,1,1108.1,186123,0,309.0,2026-08-22,0,-1,1100.0,46.1
24543,17887,Warlock,Destruction,Hellcaller,DPS,EU,Den of Nalorakk,10,1,1185.5,186278,0,304.0,2026-08-20,0,-1,1192.0,37.9
24543,54436,Priest,Shadow,Archon,DPS,EU,Den of Nalorakk,10,1,1185.5,202277,2,304.0,2026-08-20,0,-1,1192.0,37.9
24543,54433,DemonHunter,Vengeance,Annihilator,Tank,EU,Den of Nalorakk,10,1,1185.5,139652,0,309.0,2026-08-20,0,-1,1192.0,37.9
24543,54435,Warrior,Arms,Slayer,DPS,EU,Den of Nalorakk,10,1,1185.5,171709,0,292.0,2026-08-20,0,-1,1192.0,37.9
24543,54434,Druid,Restoration,Wildstalker,Healer,EU,Den of Nalorakk,10,1,1185.5,9565,1,302.0,2026-08-20,0,-1,1192.0,37.9
24545,23394,Shaman,Restoration,Totemic,Healer,EU,Temple of Sethraliss,11,1,1273.5,27284,1,304.0,2026-08-20,0,-1,1275.0,33.6
24545,54438,Warrior,Arms,Slayer,DPS,EU,Temple of Sethraliss,11,1,1273.5,199011,1,305.0,2026-08-20,0,-1,1275.0,33.6
24545,20434,Monk,Brewmaster,Master of Harmony,Tank,EU,Temple of Sethraliss,11,1,1273.5,129102,0,300.0,2026-08-20,0,-1,1275.0,33.6
24545,54439,Druid,Feral,Druid of the Claw,DPS,EU,Temple of Sethraliss,11,1,1273.5,240212,0,297.0,2026-08-20,0,-1,1275.0,33.6
24545,54440,Rogue,Outlaw,Trickster,DPS,EU,Temple of Sethraliss,11,1,1273.5,197642,0,301.0,2026-08-20,0,-1,1275.0,33.6
24549,52462,Hunter,BeastMastery,Pack Leader,DPS,US,Temple of Sethraliss,13,1,1711.5,163375,3,294.0,2026-08-19,0,-1,1763.0,8.2
24549,53418,Monk,Mistweaver,Conduit of the Celestials,Healer,US,Temple of Sethraliss,13,1,1711.5,40016,0,302.0,2026-08-19,0,-1,1763.0,8.2
24549,52460,Warrior,Arms,Slayer,DPS,US,Temple of Sethraliss,13,1,1711.5,184176,1,292.0,2026-08-19,0,-1,1763.0,8.2
24549,52458,Warrior,Protection,Mountain Thane,Tank,US,Temple of Sethraliss,13,1,1711.5,129525,0,297.0,2026-08-19,0,-1,1763.0,8.2
24549,52461,Rogue,Subtlety,Deathstalker,DPS,US,Temple of Sethraliss,13,1,1711.5,199501,0,297.0,2026-08-19,0,-1,1763.0,8.2
24551,54447,Warrior,Arms,Slayer,DPS,US,Den of Nalorakk,10,1,1087.1,208986,0,306.0,2026-08-22,0,-1,1089.0,43.3
24551,54445,DemonHunter,Vengeance,Annihilator,Tank,US,Den of Nalorakk,10,1,1087.1,117634,0,304.0,2026-08-22,0,-1,1089.0,43.3
24551,3158,Shaman,Restoration,Totemic,Healer,US,Den of Nalorakk,10,1,1087.1,42682,0,307.0,2026-08-22,0,-1,1089.0,43.3
24551,54446,Hunter,Marksmanship,Sentinel,DPS,US,Den of Nalorakk,10,1,1087.1,160288,1,299.0,2026-08-22,0,-1,1089.0,43.3
24551,8028,Hunter,Marksmanship,Sentinel,DPS,US,Den of Nalorakk,10,1,1087.1,213256,1,302.0,2026-08-22,0,-1,1089.0,43.3
24553,54451,Mage,Arcane,Sunfury,DPS,EU,Murder Row,11,1,1205.5,245657,1,303.0,2026-08-21,0,-1,1207.0,40.8
24553,54448,Paladin,Holy,Lightsmith,Healer,EU,Murder Row,11,1,1205.5,47416,0,298.0,2026-08-21,0,-1,1207.0,40.8
24553,16227,Druid,Guardian,Elune's Chosen,Tank,EU,Murder Row,11,1,1205.5,137990,1,303.0,2026-08-21,0,-1,1207.0,40.8
24553,54450,Mage,Arcane,Sunfury,DPS,EU,Murder Row,11,1,1205.5,219823,0,300.0,2026-08-21,0,-1,1207.0,40.8
24553,54449,Warlock,Demonology,Diabolist,DPS,EU,Murder Row,11,1,1205.5,214965,0,304.0,2026-08-21,0,-1,1207.0,40.8
24554,18988,Monk,Windwalker,Shado-Pan,DPS,EU,Den of Nalorakk,10,1,1160.4,174148,0,305.0,2026-08-21,0,-1,1152.0,40.0
24554,54153,Warrior,Protection,Mountain Thane,Tank,EU,Den of Nalorakk,10,1,1160.4,114269,0,292.0,2026-08-21,0,-1,1152.0,40.0
24554,54154,Shaman,Elemental,Farseer,DPS,EU,Den of Nalorakk,10,1,1160.4,174643,0,291.0,2026-08-21,0,-1,1152.0,40.0
24554,18987,Priest,Discipline,Oracle,Healer,EU,Den of Nalorakk,10,1,1160.4,13320,0,303.0,2026-08-21,0,-1,1152.0,40.0
24554,24685,Rogue,Subtlety,Deathstalker,DPS,EU,Den of Nalorakk,10,1,1160.4,213566,0,304.0,2026-08-21,0,-1,1152.0,40.0
24557,4096,Shaman,Restoration,Totemic,Healer,US,The Blinding Vale,14,0,1932.0,35556,3,305.0,2026-08-21,0,-1,2059.0,-14.4
24557,4098,Warrior,Arms,Slayer,DPS,US,The Blinding Vale,14,0,1932.0,220332,2,309.0,2026-08-21,0,-1,2059.0,-14.4
24557,755,Paladin,Retribution,Templar,DPS,US,The Blinding Vale,14,0,1932.0,219027,2,304.0,2026-08-21,0,-1,2059.0,-14.4
24557,24545,DeathKnight,Unholy,Rider of the Apocalypse,DPS,US,The Blinding Vale,14,0,1932.0,248682,1,301.0,2026-08-21,0,-1,2059.0,-14.4
24557,14014,Paladin,Protection,Lightsmith,Tank,US,The Blinding Vale,14,0,1932.0,134761,1,307.0,2026-08-21,0,-1,2059.0,-14.4
24564,16552,Paladin,Holy,Herald of the Sun,Healer,EU,Altar of Fangs,13,1,1639.1,26180,0,301.0,2026-08-21,0,-1,1631.0,9.4
24564,33070,Monk,Windwalker,Shado-Pan,DPS,EU,Altar of Fangs,13,1,1639.1,221184,0,310.0,2026-08-21,0,-1,1631.0,9.4
24564,47329,Mage,Arcane,Sunfury,DPS,EU,Altar of Fangs,13,1,1639.1,250304,0,305.0,2026-08-21,0,-1,1631.0,9.4
24564,16551,DemonHunter,Vengeance,Annihilator,Tank,EU,Altar of Fangs,13,1,1639.1,127402,0,305.0,2026-08-21,0,-1,1631.0,9.4
24564,16555,Warrior,Arms,Slayer,DPS,EU,Altar of Fangs,13,1,1639.1,229158,0,301.0,2026-08-21,0,-1,1631.0,9.4
24575,10471,DeathKnight,Blood,San'layn,Tank,US,The Blinding Vale,12,1,1474.8,141055,0,305.0,2026-08-20,0,-1,1467.0,18.5
24575,54482,Paladin,Holy,Herald of the Sun,Healer,US,The Blinding Vale,12,1,1474.8,16782,0,295.0,2026-08-20,0,-1,1467.0,18.5
24575,8943,Warlock,Destruction,Diabolist,DPS,US,The Blinding Vale,12,1,1474.8,188488,0,294.0,2026-08-20,0,-1,1467.0,18.5
24575,20517,DeathKnight,Unholy,Rider of the Apocalypse,DPS,US,The Blinding Vale,12,1,1474.8,191001,0,304.0,2026-08-20,0,-1,1467.0,18.5
24575,11199,Shaman,Elemental,Farseer,DPS,US,The Blinding Vale,12,1,1474.8,212654,0,300.0,2026-08-20,0,-1,1467.0,18.5
24577,54490,Monk,Windwalker,Shado-Pan,DPS,EU,The Blinding Vale,14,0,2039.9,148337,3,307.0,2026-08-21,0,-1,2181.0,-21.2
24577,54488,DeathKnight,Blood,San'layn,Tank,EU,The Blinding Vale,14,0,2039.9,124642,0,304.0,2026-08-21,0,-1,2181.0,-21.2
24577,20657,Warrior,Arms,Slayer,DPS,EU,The Blinding Vale,14,0,2039.9,232861,4,303.0,2026-08-21,0,-1,2181.0,-21.2
24577,54489,Shaman,Restoration,Totemic,Healer,EU,The Blinding Vale,14,0,2039.9,40317,2,300.0,2026-08-21,0,-1,2181.0,-21.2
24577,24950,Shaman,Elemental,Farseer,DPS,EU,The Blinding Vale,14,0,2039.9,191999,3,300.0,2026-08-21,0,-1,2181.0,-21.2
24581,54497,DemonHunter,Devourer,Annihilator,DPS,EU,Altar of Fangs,11,1,1320.0,233205,0,293.0,2026-08-21,0,-1,1315.0,26.9
24581,44576,Priest,Discipline,Oracle,Healer,EU,Altar of Fangs,11,1,1320.0,22282,0,306.0,2026-08-21,0,-1,1315.0,26.9
24581,13216,Mage,Arcane,Sunfury,DPS,EU,Altar of Fangs,11,1,1320.0,279361,0,300.0,2026-08-21,0,-1,1315.0,26.9
24581,54498,Warrior,Arms,Slayer,DPS,EU,Altar of Fangs,11,1,1320.0,224162,1,292.0,2026-08-21,0,-1,1315.0,26.9
24581,54496,Druid,Guardian,Elune's Chosen,Tank,EU,Altar of Fangs,11,1,1320.0,113732,0,298.0,2026-08-21,0,-1,1315.0,26.9
24582,54499,DeathKnight,Blood,San'layn,Tank,EU,The Blinding Vale,12,1,1451.0,93359,0,301.0,2026-08-21,0,-1,1443.0,19.8
24582,54501,Mage,Arcane,Sunfury,DPS,EU,The Blinding Vale,12,1,1451.0,238405,0,310.0,2026-08-21,0,-1,1443.0,19.8
24582,54500,DemonHunter,Devourer,Void-Scarred,DPS,EU,The Blinding Vale,12,1,1451.0,201482,0,307.0,2026-08-21,0,-1,1443.0,19.8
24582,47342,Shaman,Elemental,Farseer,DPS,EU,The Blinding Vale,12,1,1451.0,230629,0,304.0,2026-08-21,0,-1,1443.0,19.8
24582,23312,Paladin,Holy,Herald of the Sun,Healer,EU,The Blinding Vale,12,1,1451.0,14998,0,305.0,2026-08-21,0,-1,1443.0,19.8
24583,52371,Shaman,Enhancement,Stormbringer,DPS,EU,Den of Nalorakk,10,1,1218.6,156692,0,306.0,2026-08-21,0,-1,1220.0,36.5
24583,54502,DemonHunter,Vengeance,Annihilator,Tank,EU,Den of Nalorakk,10,1,1218.6,83067,0,303.0,2026-08-21,0,-1,1220.0,36.5
24583,16205,Paladin,Holy,Lightsmith,Healer,EU,Den of Nalorakk,10,1,1218.6,46230,1,304.0,2026-08-21,0,-1,1220.0,36.5
24583,16208,Druid,Balance,Elune's Chosen,DPS,EU,Den of Nalorakk,10,1,1218.6,181918,1,307.0,2026-08-21,0,-1,1220.0,36.5
24583,16206,Mage,Arcane,Sunfury,DPS,EU,Den of Nalorakk,10,1,1218.6,185559,0,303.0,2026-08-21,0,-1,1220.0,36.5
24594,16997,Druid,Guardian,Elune's Chosen,Tank,EU,Den of Nalorakk,10,1,1257.7,84130,0,296.0,2026-08-20,0,-1,1250.0,34.9
24594,54520,Shaman,Elemental,Farseer,DPS,EU,Den of Nalorakk,10,1,1257.7,193076,0,294.0,2026-08-20,0,-1,1250.0,34.9
24594,16998,Priest,Discipline,Voidweaver,Healer,EU,Den of Nalorakk,10,1,1257.7,28676,0,301.0,2026-08-20,0,-1,1250.0,34.9
24594,16999,DeathKnight,Unholy,Rider of the Apocalypse,DPS,EU,Den of Nalorakk,10,1,1257.7,142402,0,299.0,2026-08-20,0,-1,1250.0,34.9
24594,17000,Evoker,Devastation,Scalecommander,DPS,EU,Den of Nalorakk,10,1,1257.7,183603,0,299.0,2026-08-20,0,-1,1250.0,34.9
24598,54534,Rogue,Subtlety,Trickster,DPS,US,Ruby Life Pools,5,1,871.2,160335,0,289.0,2026-08-22,0,-1,862.0,48.7
24598,54535,Warrior,Fury,Slayer,DPS,US,Ruby Life Pools,5,1,871.2,139417,0,292.0,2026-08-22,0,-1,862.0,48.7
24598,54531,DeathKnight,Blood,Deathbringer,Tank,US,Ruby Life Pools,5,1,871.2,94577,0,286.0,2026-08-22,0,-1,862.0,48.7
24598,54533,Mage,Arcane,Sunfury,DPS,US,Ruby Life Pools,5,1,871.2,139028,0,295.0,2026-08-22,0,-1,862.0,48.7
24598,54532,Shaman,Restoration,Totemic,Healer,US,Ruby Life Pools,5,1,871.2,30246,0,289.0,2026-08-22,0,-1,862.0,48.7
24605,42485,DeathKnight,Blood,San'layn,Tank,EU,The Blinding Vale,11,1,1111.0,154792,0,299.0,2026-08-20,0,-1,1127.0,37.4
24605,54548,Priest,Holy,Oracle,Healer,EU,The Blinding Vale,11,1,1111.0,26655,0,291.0,2026-08-20,0,-1,1127.0,37.4
24605,54549,DemonHunter,Devourer,Annihilator,DPS,EU,The Blinding Vale,11,1,1111.0,223255,2,293.0,2026-08-20,0,-1,1127.0,37.4
24605,54550,Rogue,Subtlety,Trickster,DPS,EU,The Blinding Vale,11,1,1111.0,227304,1,287.0,2026-08-20,0,-1,1127.0,37.4
24605,53738,Evoker,Devastation,Scalecommander,DPS,EU,The Blinding Vale,11,1,1111.0,308661,1,308.0,2026-08-20,0,-1,1127.0,37.4
24610,54558,Shaman,Enhancement,Stormbringer,DPS,EU,Den of Nalorakk,10,1,1104.2,184339,1,292.0,2026-08-21,0,-1,1100.0,42.7
24610,54557,Monk,Mistweaver,Conduit of the Celestials,Healer,EU,Den of Nalorakk,10,1,1104.2,50698,0,305.0,2026-08-21,0,-1,1100.0,42.7
24610,53667,Mage,Arcane,Sunfury,DPS,EU,Den of Nalorakk,10,1,1104.2,228412,0,312.0,2026-08-21,0,-1,1100.0,42.7
24610,16642,Warrior,Arms,Slayer,DPS,EU,Den of Nalorakk,10,1,1104.2,222255,0,306.0,2026-08-21,0,-1,1100.0,42.7
24610,19907,DeathKnight,Blood,San'layn,Tank,EU,Den of Nalorakk,10,1,1104.2,124890,0,309.0,2026-08-21,0,-1,1100.0,42.7
24613,54570,Warlock,Demonology,Diabolist,DPS,EU,Murder Row,11,1,1354.5,177484,0,301.0,2026-08-21,0,-1,1346.0,34.0
24613,54569,Shaman,Restoration,Totemic,Healer,EU,Murder Row,11,1,1354.5,27736,0,298.0,2026-08-21,0,-1,1346.0,34.0
24613,19706,Rogue,Subtlety,Deathstalker,DPS,EU,Murder Row,11,1,1354.5,210824,0,301.0,2026-08-21,0,-1,1346.0,34.0
24613,15578,Priest,Shadow,Archon,DPS,EU,Murder Row,11,1,1354.5,240721,0,307.0,2026-08-21,0,-1,1346.0,34.0
24613,38308,DemonHunter,Vengeance,Annihilator,Tank,EU,Murder Row,11,1,1354.5,95855,0,304.0,2026-08-21,0,-1,1346.0,34.0
24623,54587,Priest,Holy,Oracle,Healer,EU,Murder Row,11,1,1368.9,40422,0,306.0,2026-08-21,0,-1,1370.0,32.8
24623,54586,DeathKnight,Blood,San'layn,Tank,EU,Murder Row,11,1,1368.9,123443,0,301.0,2026-08-21,0,-1,1370.0,32.8
24623,54590,Warrior,Arms,Slayer,DPS,EU,Murder Row,11,1,1368.9,186656,1,301.0,2026-08-21,0,-1,1370.0,32.8
24623,54589,Evoker,Devastation,Scalecommander,DPS,EU,Murder Row,11,1,1368.9,219990,1,298.0,2026-08-21,0,-1,1370.0,32.8
24623,54588,DemonHunter,Devourer,Void-Scarred,DPS,EU,Murder Row,11,1,1368.9,174314,0,303.0,2026-08-21,0,-1,1370.0,32.8
24624,54593,Warrior,Arms,Slayer,DPS,EU,The Blinding Vale,11,1,1266.6,201448,3,300.0,2026-08-21,0,-1,1288.0,28.5
24624,54591,Evoker,Preservation,Flameshaper,Healer,EU,The Blinding Vale,11,1,1266.6,56684,1,302.0,2026-08-21,0,-1,1288.0,28.5
24624,54592,Hunter,BeastMastery,Pack Leader,DPS,EU,The Blinding Vale,11,1,1266.6,152794,2,294.0,2026-08-21,0,-1,1288.0,28.5
24624,54594,Rogue,Assassination,Deathstalker,DPS,EU,The Blinding Vale,11,1,1266.6,262334,0,294.0,2026-08-21,0,-1,1288.0,28.5
24624,42699,DeathKnight,Blood,San'layn,Tank,EU,The Blinding Vale,11,1,1266.6,143015,0,301.0,2026-08-21,0,-1,1288.0,28.5
24633,54622,Paladin,Protection,Templar,Tank,EU,Voidscar Arena,4,1,863.8,84806,0,292.0,2026-08-21,0,-1,855.0,52.5
24633,54623,Paladin,Retribution,Templar,DPS,EU,Voidscar Arena,4,1,863.8,149592,0,304.0,2026-08-21,0,-1,855.0,52.5
24633,54624,DeathKnight,Unholy,San'layn,DPS,EU,Voidscar Arena,4,1,863.8,165426,0,297.0,2026-08-21,0,-1,855.0,52.5
24633,36357,Warrior,Arms,Slayer,DPS,EU,Voidscar Arena,4,1,863.8,136267,0,295.0,2026-08-21,0,-1,855.0,52.5
24633,36355,Shaman,Restoration,Totemic,Healer,EU,Voidscar Arena,4,1,863.8,19142,0,286.0,2026-08-21,0,-1,855.0,52.5
24637,1094,Paladin,Protection,Templar,Tank,US,Temple of Sethraliss,11,1,1295.1,95886,0,303.0,2026-08-21,0,-1,1287.0,33.0
24637,17479,Paladin,Holy,Herald of the Sun,Healer,US,Temple of Sethraliss,11,1,1295.1,18649,0,301.0,2026-08-21,0,-1,1287.0,33.0
24637,1098,Mage,Arcane,Sunfury,DPS,US,Temple of Sethraliss,11,1,1295.1,241937,0,310.0,2026-08-21,0,-1,1287.0,33.0
24637,118,Priest,Shadow,Archon,DPS,US,Temple of Sethraliss,11,1,1295.1,235179,0,305.0,2026-08-21,0,-1,1287.0,33.0
24637,54634,Hunter,Marksmanship,Sentinel,DPS,US,Temple of Sethraliss,11,1,1295.1,180799,0,293.0,2026-08-21,0,-1,1287.0,33.0
24639,12615,Paladin,Holy,Herald of the Sun,Healer,EU,Voidscar Arena,12,1,1326.2,17729,2,303.0,2026-08-20,0,-1,1437.0,20.1
24639,12618,Shaman,Elemental,Farseer,DPS,EU,Voidscar Arena,12,1,1326.2,215985,2,309.0,2026-08-20,0,-1,1437.0,20.1
24639,12614,DeathKnight,Blood,Deathbringer,Tank,EU,Voidscar Arena,12,1,1326.2,120598,0,305.0,2026-08-20,0,-1,1437.0,20.1
24639,12616,Rogue,Assassination,Deathstalker,DPS,EU,Voidscar Arena,12,1,1326.2,230432,1,307.0,2026-08-20,0,-1,1437.0,20.1
24639,12617,Warrior,Arms,Slayer,DPS,EU,Voidscar Arena,12,1,1326.2,203213,3,301.0,2026-08-20,0,-1,1437.0,20.1
24640,2280,Shaman,Enhancement,Stormbringer,DPS,US,Murder Row,10,1,1141.5,217140,1,306.0,2026-08-21,0,-1,1148.0,43.7
24640,2551,Evoker,Preservation,Flameshaper,Healer,US,Murder Row,10,1,1141.5,40170,0,300.0,2026-08-21,0,-1,1148.0,43.7
24640,1312,Warlock,Demonology,Diabolist,DPS,US,Murder Row,10,1,1141.5,253289,1,304.0,2026-08-21,0,-1,1148.0,43.7
24640,1204,Mage,Arcane,Sunfury,DPS,US,Murder Row,10,1,1141.5,239809,0,302.0,2026-08-21,0,-1,1148.0,43.7
24640,2281,Druid,Guardian,Elune's Chosen,Tank,US,Murder Row,10,1,1141.5,78511,1,304.0,2026-08-21,0,-1,1148.0,43.7
24656,26805,Mage,Arcane,Sunfury,DPS,EU,Temple of Sethraliss,10,1,1048.1,226743,0,310.0,2026-08-21,0,-1,1050.0,45.3
24656,26802,DeathKnight,Blood,San'layn,Tank,EU,Temple of Sethraliss,10,1,1048.1,135838,0,311.0,2026-08-21,0,-1,1050.0,45.3
24656,26804,Shaman,Enhancement,Stormbringer,DPS,EU,Temple of Sethraliss,10,1,1048.1,246266,1,311.0,2026-08-21,0,-1,1050.0,45.3
24656,26806,Warlock,Demonology,Diabolist,DPS,EU,Temple of Sethraliss,10,1,1048.1,223800,0,309.0,2026-08-21,0,-1,1050.0,45.3
24656,54686,Shaman,Restoration,Totemic,Healer,EU,Temple of Sethraliss,10,1,1048.1,19319,1,303.0,2026-08-21,0,-1,1050.0,45.3
24658,1212,Paladin,Holy,Herald of the Sun,Healer,US,Den of Nalorakk,13,1,1685.3,18489,1,307.0,2026-08-21,0,-1,1736.0,9.6
24658,54693,DeathKnight,Unholy,Rider of the Apocalypse,DPS,US,Den of Nalorakk,13,1,1685.3,147139,0,302.0,2026-08-21,0,-1,1736.0,9.6
24658,54692,Mage,Arcane,Sunfury,DPS,US,Den of Nalorakk,13,1,1685.3,200779,0,306.0,2026-08-21,0,-1,1736.0,9.6
24658,54694,Rogue,Assassination,Deathstalker,DPS,US,Den of Nalorakk,13,1,1685.3,175619,3,301.0,2026-08-21,0,-1,1736.0,9.6
24658,54691,DeathKnight,Blood,San'layn,Tank,US,Den of Nalorakk,13,1,1685.3,109353,0,305.0,2026-08-21,0,-1,1736.0,9.6
24663,54699,Paladin,Holy,Lightsmith,Healer,US,Murder Row,10,1,1097.7,41539,0,304.0,2026-08-22,0,-1,1090.0,46.6
24663,2054,Shaman,Elemental,Farseer,DPS,US,Murder Row,10,1,1097.7,252902,0,308.0,2026-08-22,0,-1,1090.0,46.6
24663,54700,Paladin,Retribution,Herald of the Sun,DPS,US,Murder Row,10,1,1097.7,235310,0,302.0,2026-08-22,0,-1,1090.0,46.6
24663,2874,DeathKnight,Blood,Deathbringer,Tank,US,Murder Row,10,1,1097.7,117293,0,307.0,2026-08-22,0,-1,1090.0,46.6
24663,14313,Druid,Balance,Elune's Chosen,DPS,US,Murder Row,10,1,1097.7,203369,0,302.0,2026-08-22,0,-1,1090.0,46.6
24664,648,Mage,Arcane,Sunfury,DPS,US,The Blinding Vale,13,1,1555.3,261520,1,309.0,2026-08-21,0,-1,1592.0,11.5
24664,53341,Druid,Balance,Elune's Chosen,DPS,US,The Blinding Vale,13,1,1555.3,197371,2,306.0,2026-08-21,0,-1,1592.0,11.5
24664,53339,Priest,Discipline,Oracle,Healer,US,The Blinding Vale,13,1,1555.3,21419,0,301.0,2026-08-21,0,-1,1592.0,11.5
24664,53340,Hunter,BeastMastery,Pack Leader,DPS,US,The Blinding Vale,13,1,1555.3,198335,0,302.0,2026-08-21,0,-1,1592.0,11.5
24664,4481,DeathKnight,Blood,San'layn,Tank,US,The Blinding Vale,13,1,1555.3,191158,0,305.0,2026-08-21,0,-1,1592.0,11.5
24665,54701,DeathKnight,Blood,San'layn,Tank,EU,The Blinding Vale,12,1,1455.1,132753,0,312.0,2026-08-21,0,-1,1461.0,18.8
24665,21094,Priest,Shadow,Archon,DPS,EU,The Blinding Vale,12,1,1455.1,159497,0,308.0,2026-08-21,0,-1,1461.0,18.8
24665,54704,Warlock,Demonology,Diabolist,DPS,EU,The Blinding Vale,12,1,1455.1,222345,0,306.0,2026-08-21,0,-1,1461.0,18.8
24665,54702,Monk,Mistweaver,Conduit of the Celestials,Healer,EU,The Blinding Vale,12,1,1455.1,46411,0,309.0,2026-08-21,0,-1,1461.0,18.8
24665,54703,Shaman,Enhancement,Stormbringer,DPS,EU,The Blinding Vale,12,1,1455.1,202302,1,305.0,2026-08-21,0,-1,1461.0,18.8
24671,18662,Mage,Arcane,Sunfury,DPS,US,Murder Row,11,1,1305.9,230578,1,307.0,2026-08-21,0,-1,1322.0,35.2
24671,54712,Shaman,Restoration,Totemic,Healer,US,Murder Row,11,1,1305.9,16383,1,293.0,2026-08-21,0,-1,1322.0,35.2
24671,40026,Rogue,Assassination,Deathstalker,DPS,US,Murder Row,11,1,1305.9,273638,1,303.0,2026-08-21,0,-1,1322.0,35.2
24671,32451,Warrior,Arms,Slayer,DPS,US,Murder Row,11,1,1305.9,170004,1,304.0,2026-08-21,0,-1,1322.0,35.2
24671,18857,DeathKnight,Blood,San'layn,Tank,US,Murder Row,11,1,1305.9,166770,1,306.0,2026-08-21,0,-1,1322.0,35.2
24676,3649,DemonHunter,Vengeance,Annihilator,Tank,US,The Blinding Vale,11,1,1200.7,162877,0,310.0,2026-08-21,0,-1,1198.0,33.5
24676,54724,Paladin,Holy,Herald of the Sun,Healer,US,The Blinding Vale,11,1,1200.7,13976,0,301.0,2026-08-21,0,-1,1198.0,33.5
24676,52941,Warrior,Arms,Slayer,DPS,US,The Blinding Vale,11,1,1200.7,211873,1,302.0,2026-08-21,0,-1,1198.0,33.5
24676,54725,Mage,Arcane,Sunfury,DPS,US,The Blinding Vale,11,1,1200.7,220757,0,303.0,2026-08-21,0,-1,1198.0,33.5
24676,3036,Druid,Feral,Druid of the Claw,DPS,US,The Blinding Vale,11,1,1200.7,204407,0,310.0,2026-08-21,0,-1,1198.0,33.5
24677,54726,DeathKnight,Blood,Deathbringer,Tank,EU,Altar of Fangs,5,1,1028.2,115864,0,290.0,2026-08-20,0,-1,1019.0,43.4
24677,54728,Shaman,Enhancement,Stormbringer,DPS,EU,Altar of Fangs,5,1,1028.2,153467,0,297.0,2026-08-20,0,-1,1019.0,43.4
24677,54730,Warrior,Fury,Slayer,DPS,EU,Altar of Fangs,5,1,1028.2,116542,0,296.0,2026-08-20,0,-1,1019.0,43.4
24677,54727,Shaman,Restoration,Totemic,Healer,EU,Altar of Fangs,5,1,1028.2,15767,0,290.0,2026-08-20,0,-1,1019.0,43.4
24677,54729,Warlock,Affliction,Soul Harvester,DPS,EU,Altar of Fangs,5,1,1028.2,154562,0,297.0,2026-08-20,0,-1,1019.0,43.4
24679,54735,Warlock,Destruction,Diabolist,DPS,EU,Temple of Sethraliss,10,1,1071.8,262838,0,306.0,2026-08-20,0,-1,1073.0,44.1
24679,54736,Rogue,Subtlety,Deathstalker,DPS,EU,Temple of Sethraliss,10,1,1071.8,254878,2,303.0,2026-08-20,0,-1,1073.0,44.1
24679,14541,Priest,Holy,Oracle,Healer,EU,Temple of Sethraliss,10,1,1071.8,8146,0,302.0,2026-08-20,0,-1,1073.0,44.1
24679,54734,Mage,Arcane,Sunfury,DPS,EU,Temple of Sethraliss,10,1,1071.8,193815,0,299.0,2026-08-20,0,-1,1073.0,44.1
24679,14543,DeathKnight,Blood,Deathbringer,Tank,EU,Temple of Sethraliss,10,1,1071.8,137630,0,303.0,2026-08-20,0,-1,1073.0,44.1
24687,54752,Warrior,Protection,Mountain Thane,Tank,US,Den of Nalorakk,6,1,1131.2,87062,0,295.0,2026-08-22,0,-1,1123.0,41.5
24687,54754,Evoker,Devastation,Scalecommander,DPS,US,Den of Nalorakk,6,1,1131.2,108824,0,300.0,2026-08-22,0,-1,1123.0,41.5
24687,54756,Hunter,BeastMastery,Pack Leader,DPS,US,Den of Nalorakk,6,1,1131.2,147964,0,302.0,2026-08-22,0,-1,1123.0,41.5
24687,54755,Paladin,Retribution,Herald of the Sun,DPS,US,Den of Nalorakk,6,1,1131.2,110877,0,297.0,2026-08-22,0,-1,1123.0,41.5
24687,54753,Paladin,Holy,Herald of the Sun,Healer,US,Den of Nalorakk,6,1,1131.2,27327,0,296.0,2026-08-22,0,-1,1123.0,41.5
24689,13906,Rogue,Subtlety,Deathstalker,DPS,EU,The Blinding Vale,10,1,1005.6,264348,0,305.0,2026-08-21,0,-1,997.0,44.6
24689,15597,Hunter,Marksmanship,Sentinel,DPS,EU,The Blinding Vale,10,1,1005.6,250686,0,306.0,2026-08-21,0,-1,997.0,44.6
24689,15599,Warrior,Protection,Mountain Thane,Tank,EU,The Blinding Vale,10,1,1005.6,159197,0,301.0,2026-08-21,0,-1,997.0,44.6
24689,15596,Monk,Mistweaver,Conduit of the Celestials,Healer,EU,The Blinding Vale,10,1,1005.6,71606,0,308.0,2026-08-21,0,-1,997.0,44.6
24689,28545,Priest,Shadow,Archon,DPS,EU,The Blinding Vale,10,1,1005.6,187369,0,307.0,2026-08-21,0,-1,997.0,44.6
24692,54763,DeathKnight,Blood,San'layn,Tank,EU,Altar of Fangs,13,1,1596.2,148956,0,311.0,2026-08-21,0,-1,1632.0,9.3
24692,54765,Paladin,Retribution,Templar,DPS,EU,Altar of Fangs,13,1,1596.2,228842,1,304.0,2026-08-21,0,-1,1632.0,9.3
24692,13684,Evoker,Preservation,Flameshaper,Healer,EU,Altar of Fangs,13,1,1596.2,49981,1,305.0,2026-08-21,0,-1,1632.0,9.3
24692,49855,Warrior,Arms,Slayer,DPS,EU,Altar of Fangs,13,1,1596.2,226523,0,304.0,2026-08-21,0,-1,1632.0,9.3
24692,54764,Hunter,BeastMastery,Pack Leader,DPS,EU,Altar of Fangs,13,1,1596.2,222890,1,310.0,2026-08-21,0,-1,1632.0,9.3
24693,54769,Paladin,Retribution,Templar,DPS,EU,Murder Row,7,1,1213.0,156566,0,294.0,2026-08-20,0,-1,1210.0,40.7
24693,54770,Hunter,BeastMastery,Pack Leader,DPS,EU,Murder Row,7,1,1213.0,173788,0,295.0,2026-08-20,0,-1,1210.0,40.7
24693,54767,Shaman,Restoration,Totemic,Healer,EU,Murder Row,7,1,1213.0,19703,0,295.0,2026-08-20,0,-1,1210.0,40.7
24693,54766,DemonHunter,Vengeance,Annihilator,Tank,EU,Murder Row,7,1,1213.0,106374,0,298.0,2026-08-20,0,-1,1210.0,40.7
24693,54768,Shaman,Enhancement,Stormbringer,DPS,EU,Murder Row,7,1,1213.0,152207,1,292.0,2026-08-20,0,-1,1210.0,40.7
24694,2647,Monk,Brewmaster,Master of Harmony,Tank,US,Altar of Fangs,11,1,1264.3,130418,0,310.0,2026-08-22,0,-1,1285.0,28.6
24694,2650,Druid,Feral,Druid of the Claw,DPS,US,Altar of Fangs,11,1,1264.3,272084,0,308.0,2026-08-22,0,-1,1285.0,28.6
24694,2649,Shaman,Enhancement,Stormbringer,DPS,US,Altar of Fangs,11,1,1264.3,263755,1,301.0,2026-08-22,0,-1,1285.0,28.6
24694,54772,Priest,Shadow,Archon,DPS,US,Altar of Fangs,11,1,1264.3,206250,2,297.0,2026-08-22,0,-1,1285.0,28.6
24694,54771,Priest,Holy,Oracle,Healer,US,Altar of Fangs,11,1,1264.3,49517,2,304.0,2026-08-22,0,-1,1285.0,28.6
24695,50076,Hunter,Marksmanship,Sentinel,DPS,EU,Temple of Sethraliss,10,1,1072.9,255523,0,308.0,2026-08-20,0,-1,1070.0,44.3
24695,52341,Shaman,Enhancement,Stormbringer,DPS,EU,Temple of Sethraliss,10,1,1072.9,239455,0,302.0,2026-08-20,0,-1,1070.0,44.3
24695,52338,Druid,Guardian,Elune's Chosen,Tank,EU,Temple of Sethraliss,10,1,1072.9,127544,0,293.0,2026-08-20,0,-1,1070.0,44.3
24695,52339,Evoker,Preservation,Flameshaper,Healer,EU,Temple of Sethraliss,10,1,1072.9,45803,1,301.0,2026-08-20,0,-1,1070.0,44.3
24695,50074,Warrior,Arms,Slayer,DPS,EU,Temple of Sethraliss,10,1,1072.9,218666,0,297.0,2026-08-20,0,-1,1070.0,44.3
24696,42538,Priest,Discipline,Oracle,Healer,US,Kings' Rest,11,1,1379.7,14239,2,296.0,2026-08-20,0,-1,1412.0,28.7
24696,850,Paladin,Protection,Lightsmith,Tank,US,Kings' Rest,11,1,1379.7,88794,1,299.0,2026-08-20,0,-1,1412.0,28.7
24696,816,Mage,Arcane,Sunfury,DPS,US,Kings' Rest,11,1,1379.7,173898,3,299.0,2026-08-20,0,-1,1412.0,28.7
24696,37419,Rogue,Subtlety,Deathstalker,DPS,US,Kings' Rest,11,1,1379.7,166640,1,305.0,2026-08-20,0,-1,1412.0,28.7
24696,54773,Paladin,Retribution,Herald of the Sun,DPS,US,Kings' Rest,11,1,1379.7,159968,1,303.0,2026-08-20,0,-1,1412.0,28.7
24697,48916,Shaman,Elemental,Farseer,DPS,US,The Blinding Vale,13,1,1661.2,200695,0,303.0,2026-08-21,0,-1,1652.0,8.2
24697,54774,Paladin,Protection,Lightsmith,Tank,US,The Blinding Vale,13,1,1661.2,109992,0,307.0,2026-08-21,0,-1,1652.0,8.2
24697,48729,Shaman,Restoration,Totemic,Healer,US,The Blinding Vale,13,1,1661.2,36741,0,309.0,2026-08-21,0,-1,1652.0,8.2
24697,5603,Druid,Balance,Elune's Chosen,DPS,US,The Blinding Vale,13,1,1661.2,176293,0,298.0,2026-08-21,0,-1,1652.0,8.2
24697,35375,Warrior,Fury,Slayer,DPS,US,The Blinding Vale,13,1,1661.2,244943,0,304.0,2026-08-21,0,-1,1652.0,8.2
24701,8460,Paladin,Holy,Herald of the Sun,Healer,US,Temple of Sethraliss,10,1,1123.6,22586,0,301.0,2026-08-20,0,-1,1130.0,41.1
24701,54790,Paladin,Retribution,Templar,DPS,US,Temple of Sethraliss,10,1,1123.6,215071,0,303.0,2026-08-20,0,-1,1130.0,41.1
24701,54789,Mage,Arcane,Sunfury,DPS,US,Temple of Sethraliss,10,1,1123.6,169454,2,299.0,2026-08-20,0,-1,1130.0,41.1
24701,10983,Shaman,Elemental,Farseer,DPS,US,Temple of Sethraliss,10,1,1123.6,209182,1,302.0,2026-08-20,0,-1,1130.0,41.1
24701,10981,Warrior,Protection,Mountain Thane,Tank,US,Temple of Sethraliss,10,1,1123.6,174154,0,305.0,2026-08-20,0,-1,1130.0,41.1
24702,54791,Rogue,Subtlety,Deathstalker,DPS,EU,Kings' Rest,10,1,1238.6,122039,0,303.0,2026-08-21,0,-1,1235.0,37.6
24702,13222,DeathKnight,Blood,San'layn,Tank,EU,Kings' Rest,10,1,1238.6,107102,0,306.0,2026-08-21,0,-1,1235.0,37.6
24702,13221,Mage,Arcane,Sunfury,DPS,EU,Kings' Rest,10,1,1238.6,144167,1,303.0,2026-08-21,0,-1,1235.0,37.6
24702,37585,Mage,Arcane,Sunfury,DPS,EU,Kings' Rest,10,1,1238.6,205827,0,309.0,2026-08-21,0,-1,1235.0,37.6
24702,13223,Priest,Discipline,Voidweaver,Healer,EU,Kings' Rest,10,1,1238.6,37251,0,308.0,2026-08-21,0,-1,1235.0,37.6
24703,20001,Hunter,Marksmanship,Sentinel,DPS,EU,Ruby Life Pools,13,1,1505.3,220200,2,305.0,2026-08-20,0,-1,1633.0,2.8
24703,54793,Warrior,Arms,Slayer,DPS,EU,Ruby Life Pools,13,1,1505.3,208476,4,302.0,2026-08-20,0,-1,1633.0,2.8
24703,39104,DeathKnight,Blood,Deathbringer,Tank,EU,Ruby Life Pools,13,1,1505.3,119356,0,309.0,2026-08-20,0,-1,1633.0,2.8
24703,39105,Priest,Holy,Oracle,Healer,EU,Ruby Life Pools,13,1,1505.3,20048,1,306.0,2026-08-20,0,-1,1633.0,2.8
24703,54792,Monk,Windwalker,Shado-Pan,DPS,EU,Ruby Life Pools,13,1,1505.3,162013,2,305.0,2026-08-20,0,-1,1633.0,2.8
24704,54795,Paladin,Holy,Herald of the Sun,Healer,EU,Altar of Fangs,6,1,1021.9,17291,0,286.0,2026-08-21,0,-1,1013.0,43.7
24704,54796,Paladin,Retribution,Templar,DPS,EU,Altar of Fangs,6,1,1021.9,130807,0,298.0,2026-08-21,0,-1,1013.0,43.7
24704,18526,Warlock,Destruction,Diabolist,DPS,EU,Altar of Fangs,6,1,1021.9,227664,0,303.0,2026-08-21,0,-1,1013.0,43.7
24704,54794,Paladin,Protection,Lightsmith,Tank,EU,Altar of Fangs,6,1,1021.9,80588,0,297.0,2026-08-21,0,-1,1013.0,43.7
24704,54797,Hunter,BeastMastery,Pack Leader,DPS,EU,Altar of Fangs,6,1,1021.9,169738,0,293.0,2026-08-21,0,-1,1013.0,43.7
24709,20397,Warrior,Protection,Colossus,Tank,US,Den of Nalorakk,8,1,1195.7,129094,0,301.0,2026-08-20,0,-1,1187.0,38.2
24709,20398,Shaman,Restoration,Totemic,Healer,US,Den of Nalorakk,8,1,1195.7,19180,0,300.0,2026-08-20,0,-1,1187.0,38.2
24709,54812,DeathKnight,Frost,Rider of the Apocalypse,DPS,US,Den of Nalorakk,8,1,1195.7,141681,0,296.0,2026-08-20,0,-1,1187.0,38.2
24709,8554,Druid,Balance,Elune's Chosen,DPS,US,Den of Nalorakk,8,1,1195.7,158662,0,298.0,2026-08-20,0,-1,1187.0,38.2
24709,54811,Mage,Arcane,Sunfury,DPS,US,Den of Nalorakk,8,1,1195.7,164501,0,301.0,2026-08-20,0,-1,1187.0,38.2
24710,54816,Warrior,Arms,Slayer,DPS,EU,Voidscar Arena,11,1,1257.2,194738,1,293.0,2026-08-21,0,-1,1259.0,30.1
24710,54814,Paladin,Holy,Lightsmith,Healer,EU,Voidscar Arena,11,1,1257.2,32444,0,305.0,2026-08-21,0,-1,1259.0,30.1
24710,54813,Druid,Guardian,Elune's Chosen,Tank,EU,Voidscar Arena,11,1,1257.2,98604,0,298.0,2026-08-21,0,-1,1259.0,30.1
24710,54815,Shaman,Enhancement,Stormbringer,DPS,EU,Voidscar Arena,11,1,1257.2,195604,1,297.0,2026-08-21,0,-1,1259.0,30.1
24710,54817,Mage,Arcane,Sunfury,DPS,EU,Voidscar Arena,11,1,1257.2,216202,0,304.0,2026-08-21,0,-1,1259.0,30.1
24718,54838,Druid,Feral,Druid of the Claw,DPS,EU,Altar of Fangs,5,1,1031.8,191472,0,299.0,2026-08-21,0,-1,1023.0,43.1
24718,54836,DemonHunter,Havoc,Fel-Scarred,DPS,EU,Altar of Fangs,5,1,1031.8,117849,0,298.0,2026-08-21,0,-1,1023.0,43.1
24718,54835,Shaman,Restoration,Totemic,Healer,EU,Altar of Fangs,5,1,1031.8,19442,0,300.0,2026-08-21,0,-1,1023.0,43.1
24718,54834,Druid,Guardian,Elune's Chosen,Tank,EU,Altar of Fangs,5,1,1031.8,83463,0,297.0,2026-08-21,0,-1,1023.0,43.1
24718,54837,Hunter,Marksmanship,Sentinel,DPS,EU,Altar of Fangs,5,1,1031.8,133142,0,305.0,2026-08-21,0,-1,1023.0,43.1
24729,850,Paladin,Protection,Lightsmith,Tank,US,The Blinding Vale,11,1,1192.1,121807,0,299.0,2026-08-20,0,-1,1184.0,34.2
24729,37419,Rogue,Subtlety,Deathstalker,DPS,US,The Blinding Vale,11,1,1192.1,248448,0,304.0,2026-08-20,0,-1,1184.0,34.2
24729,54773,Paladin,Retribution,Herald of the Sun,DPS,US,The Blinding Vale,11,1,1192.1,230956,0,303.0,2026-08-20,0,-1,1184.0,34.2
24729,1401,Priest,Holy,Oracle,Healer,US,The Blinding Vale,11,1,1192.1,31612,0,297.0,2026-08-20,0,-1,1184.0,34.2
24729,816,Mage,Arcane,Sunfury,DPS,US,The Blinding Vale,11,1,1192.1,273489,0,299.0,2026-08-20,0,-1,1184.0,34.2
24733,15445,Paladin,Retribution,Templar,DPS,EU,Kings' Rest,12,1,1567.4,170389,0,307.0,2026-08-21,0,-1,1574.0,20.5
24733,15446,Shaman,Elemental,Farseer,DPS,EU,Kings' Rest,12,1,1567.4,183760,0,310.0,2026-08-21,0,-1,1574.0,20.5
24733,15444,DemonHunter,Devourer,Void-Scarred,DPS,EU,Kings' Rest,12,1,1567.4,118367,1,305.0,2026-08-21,0,-1,1574.0,20.5
24733,15442,Druid,Guardian,Elune's Chosen,Tank,EU,Kings' Rest,12,1,1567.4,87852,0,305.0,2026-08-21,0,-1,1574.0,20.5
24733,31048,Paladin,Holy,Herald of the Sun,Healer,EU,Kings' Rest,12,1,1567.4,10586,0,307.0,2026-08-21,0,-1,1574.0,20.5
24734,54877,DeathKnight,Blood,San'layn,Tank,EU,The Blinding Vale,10,1,991.3,148886,1,305.0,2026-08-21,0,-1,993.0,44.8
24734,54879,Warlock,Demonology,Diabolist,DPS,EU,The Blinding Vale,10,1,991.3,263678,0,307.0,2026-08-21,0,-1,993.0,44.8
24734,54880,Evoker,Devastation,Scalecommander,DPS,EU,The Blinding Vale,10,1,991.3,231251,0,307.0,2026-08-21,0,-1,993.0,44.8
24734,54878,Evoker,Preservation,Flameshaper,Healer,EU,The Blinding Vale,10,1,991.3,37613,0,300.0,2026-08-21,0,-1,993.0,44.8
24734,19778,Warrior,Arms,Slayer,DPS,EU,The Blinding Vale,10,1,991.3,218377,1,304.0,2026-08-21,0,-1,993.0,44.8
24737,15959,Monk,Mistweaver,Conduit of the Celestials,Healer,US,Murder Row,12,1,1528.3,45376,0,311.0,2026-08-22,0,-1,1534.0,24.8
24737,10825,Druid,Guardian,Elune's Chosen,Tank,US,Murder Row,12,1,1528.3,113154,0,301.0,2026-08-22,0,-1,1534.0,24.8
24737,54884,Mage,Arcane,Sunfury,DPS,US,Murder Row,12,1,1528.3,150847,1,284.0,2026-08-22,0,-1,1534.0,24.8
24737,54883,Priest,Shadow,Archon,DPS,US,Murder Row,12,1,1528.3,208869,0,299.0,2026-08-22,0,-1,1534.0,24.8
24737,54882,Warlock,Demonology,Diabolist,DPS,US,Murder Row,12,1,1528.3,232686,0,304.0,2026-08-22,0,-1,1534.0,24.8
24741,18247,Shaman,Restoration,Totemic,Healer,EU,Altar of Fangs,13,1,1656.2,31590,0,303.0,2026-08-20,0,-1,1677.0,6.8
24741,18248,Warrior,Arms,Slayer,DPS,EU,Altar of Fangs,13,1,1656.2,233335,0,304.0,2026-08-20,0,-1,1677.0,6.8
24741,18249,Druid,Balance,Elune's Chosen,DPS,EU,Altar of Fangs,13,1,1656.2,216953,0,307.0,2026-08-20,0,-1,1677.0,6.8
24741,18246,DeathKnight,Blood,San'layn,Tank,EU,Altar of Fangs,13,1,1656.2,163437,0,308.0,2026-08-20,0,-1,1677.0,6.8
24741,54894,Evoker,Devastation,Scalecommander,DPS,EU,Altar of Fangs,13,1,1656.2,179298,2,298.0,2026-08-20,0,-1,1677.0,6.8
24746,52280,Shaman,Restoration,Totemic,Healer,US,Altar of Fangs,10,1,1063.1,27443,0,279.0,2026-08-22,0,-1,1055.0,41.4
24746,54906,DeathKnight,Blood,San'layn,Tank,US,Altar of Fangs,10,1,1063.1,148552,0,302.0,2026-08-22,0,-1,1055.0,41.4
24746,18057,Warrior,Fury,Slayer,DPS,US,Altar of Fangs,10,1,1063.1,308993,0,306.0,2026-08-22,0,-1,1055.0,41.4
24746,4271,DemonHunter,Devourer,Annihilator,DPS,US,Altar of Fangs,10,1,1063.1,237572,0,303.0,2026-08-22,0,-1,1055.0,41.4
24746,18056,Hunter,BeastMastery,Pack Leader,DPS,US,Altar of Fangs,10,1,1063.1,218325,0,304.0,2026-08-22,0,-1,1055.0,41.4
24751,54914,Shaman,Restoration,Totemic,Healer,US,Den of Nalorakk,7,1,1160.9,31374,0,300.0,2026-08-22,0,-1,1153.0,40.0
24751,54917,Rogue,Outlaw,Trickster,DPS,US,Den of Nalorakk,7,1,1160.9,130907,0,285.0,2026-08-22,0,-1,1153.0,40.0
24751,54915,Warrior,Arms,Slayer,DPS,US,Den of Nalorakk,7,1,1160.9,145162,0,295.0,2026-08-22,0,-1,1153.0,40.0
24751,54916,Shaman,Elemental,Farseer,DPS,US,Den of Nalorakk,7,1,1160.9,168193,0,293.0,2026-08-22,0,-1,1153.0,40.0
24751,54913,DeathKnight,Blood,San'layn,Tank,US,Den of Nalorakk,7,1,1160.9,75970,0,289.0,2026-08-22,0,-1,1153.0,40.0
24756,208,Druid,Restoration,Wildstalker,Healer,US,Ruby Life Pools,13,1,1558.7,7086,1,299.0,2026-08-21,0,-1,1610.0,4.2
24756,15760,Warrior,Arms,Slayer,DPS,US,Ruby Life Pools,13,1,1558.7,193107,3,301.0,2026-08-21,0,-1,1610.0,4.2
24756,4481,DeathKnight,Blood,San'layn,Tank,US,Ruby Life Pools,13,1,1558.7,151698,0,305.0,2026-08-21,0,-1,1610.0,4.2
24756,16978,Monk,Windwalker,Shado-Pan,DPS,US,Ruby Life Pools,13,1,1558.7,168135,0,298.0,2026-08-21,0,-1,1610.0,4.2
24756,15759,Shaman,Elemental,Farseer,DPS,US,Ruby Life Pools,13,1,1558.7,218702,0,305.0,2026-08-21,0,-1,1610.0,4.2
24764,54955,Shaman,Elemental,Farseer,DPS,EU,Voidscar Arena,7,1,1082.6,136212,0,295.0,2026-08-21,0,-1,1079.0,40.0
24764,54953,Paladin,Retribution,Templar,DPS,EU,Voidscar Arena,7,1,1082.6,165550,0,293.0,2026-08-21,0,-1,1079.0,40.0
24764,54954,Rogue,Outlaw,Trickster,DPS,EU,Voidscar Arena,7,1,1082.6,197042,0,298.0,2026-08-21,0,-1,1079.0,40.0
24764,54951,Paladin,Protection,Lightsmith,Tank,EU,Voidscar Arena,7,1,1082.6,64956,0,285.0,2026-08-21,0,-1,1079.0,40.0
24764,54952,Priest,Discipline,Oracle,Healer,EU,Voidscar Arena,7,1,1082.6,14156,1,289.0,2026-08-21,0,-1,1079.0,40.0
24766,54960,Shaman,Elemental,Farseer,DPS,US,Voidscar Arena,3,1,1028.4,98941,0,269.0,2026-08-20,0,-1,1020.0,43.3
24766,54958,Priest,Discipline,Oracle,Healer,US,Voidscar Arena,3,1,1028.4,13152,0,279.0,2026-08-20,0,-1,1020.0,43.3
24766,54957,Warrior,Protection,Mountain Thane,Tank,US,Voidscar Arena,3,1,1028.4,75398,0,284.0,2026-08-20,0,-1,1020.0,43.3
24766,54961,Mage,Arcane,Sunfury,DPS,US,Voidscar Arena,3,1,1028.4,99718,0,271.0,2026-08-20,0,-1,1020.0,43.3
24766,54959,Warlock,Destruction,Diabolist,DPS,US,Voidscar Arena,3,1,1028.4,116478,1,289.0,2026-08-20,0,-1,1020.0,43.3
24772,54971,DeathKnight,Unholy,Rider of the Apocalypse,DPS,CN,Voidscar Arena,7,1,1079.7,178932,0,291.0,2026-08-20,0,-1,1076.0,40.2
24772,54970,Paladin,Retribution,Templar,DPS,CN,Voidscar Arena,7,1,1079.7,160248,0,291.0,2026-08-20,0,-1,1076.0,40.2
24772,54969,DemonHunter,Havoc,Fel-Scarred,DPS,CN,Voidscar Arena,7,1,1079.7,185663,0,300.0,2026-08-20,0,-1,1076.0,40.2
24772,54968,Shaman,Restoration,Totemic,Healer,CN,Voidscar Arena,7,1,1079.7,12485,1,293.0,2026-08-20,0,-1,1076.0,40.2
24772,54967,Warrior,Protection,Mountain Thane,Tank,CN,Voidscar Arena,7,1,1079.7,95245,0,298.0,2026-08-20,0,-1,1076.0,40.2
24775,54976,DeathKnight,Blood,Deathbringer,Tank,EU,Murder Row,5,1,1175.9,75190,0,297.0,2026-08-21,0,-1,1167.0,42.8
24775,54980,Paladin,Retribution,Templar,DPS,EU,Murder Row,5,1,1175.9,101264,0,290.0,2026-08-21,0,-1,1167.0,42.8
24775,54979,DeathKnight,Frost,Deathbringer,DPS,EU,Murder Row,5,1,1175.9,162703,0,298.0,2026-08-21,0,-1,1167.0,42.8
24775,54978,Paladin,Retribution,Templar,DPS,EU,Murder Row,5,1,1175.9,117495,0,303.0,2026-08-21,0,-1,1167.0,42.8
24775,54977,Druid,Restoration,Wildstalker,Healer,EU,Murder Row,5,1,1175.9,5785,0,292.0,2026-08-21,0,-1,1167.0,42.8
24778,54988,Warrior,Arms,Slayer,DPS,US,Murder Row,13,1,1710.5,218978,1,312.0,2026-08-21,0,-1,1792.0,12.2
24778,54989,Mage,Arcane,Sunfury,DPS,US,Murder Row,13,1,1710.5,204115,1,306.0,2026-08-21,0,-1,1792.0,12.2
24778,54987,DeathKnight,Blood,San'layn,Tank,US,Murder Row,13,1,1710.5,127397,1,310.0,2026-08-21,0,-1,1792.0,12.2
24778,49426,Shaman,Elemental,Farseer,DPS,US,Murder Row,13,1,1710.5,183482,1,307.0,2026-08-21,0,-1,1792.0,12.2
24778,2696,Paladin,Holy,Herald of the Sun,Healer,US,Murder Row,13,1,1710.5,13107,2,310.0,2026-08-21,0,-1,1792.0,12.2
24783,14884,Warrior,Arms,Slayer,DPS,EU,Kings' Rest,10,1,1238.3,155441,0,301.0,2026-08-20,0,-1,1235.0,37.6
24783,14882,Hunter,BeastMastery,Pack Leader,DPS,EU,Kings' Rest,10,1,1238.3,169997,1,309.0,2026-08-20,0,-1,1235.0,37.6
24783,14883,Rogue,Subtlety,Deathstalker,DPS,EU,Kings' Rest,10,1,1238.3,147024,0,300.0,2026-08-20,0,-1,1235.0,37.6
24783,14881,Priest,Discipline,Oracle,Healer,EU,Kings' Rest,10,1,1238.3,19493,0,304.0,2026-08-20,0,-1,1235.0,37.6
24783,14880,DeathKnight,Blood,San'layn,Tank,EU,Kings' Rest,10,1,1238.3,86685,0,305.0,2026-08-20,0,-1,1235.0,37.6
24785,39117,DeathKnight,Unholy,Rider of the Apocalypse,DPS,EU,Temple of Sethraliss,14,0,1757.3,180823,6,301.0,2026-08-21,0,-1,2019.0,-5.2
24785,15483,Mage,Arcane,Sunfury,DPS,EU,Temple of Sethraliss,14,0,1757.3,244852,3,309.0,2026-08-21,0,-1,2019.0,-5.2
24785,15480,Paladin,Holy,Herald of the Sun,Healer,EU,Temple of Sethraliss,14,0,1757.3,22402,4,299.0,2026-08-21,0,-1,2019.0,-5.2
24785,15482,Warrior,Arms,Slayer,DPS,EU,Temple of Sethraliss,14,0,1757.3,254731,3,311.0,2026-08-21,0,-1,2019.0,-5.2
24785,15479,Druid,Guardian,Elune's Chosen,Tank,EU,Temple of Sethraliss,14,0,1757.3,146063,2,305.0,2026-08-21,0,-1,2019.0,-5.2
24786,55005,Hunter,BeastMastery,Pack Leader,DPS,US,Temple of Sethraliss,10,1,1110.5,184479,1,295.0,2026-08-20,0,-1,1107.0,42.3
24786,805,Paladin,Holy,Herald of the Sun,Healer,US,Temple of Sethraliss,10,1,1110.5,16916,0,301.0,2026-08-20,0,-1,1107.0,42.3
24786,807,Paladin,Retribution,Templar,DPS,US,Temple of Sethraliss,10,1,1110.5,220003,0,306.0,2026-08-20,0,-1,1107.0,42.3
24786,806,DeathKnight,Unholy,San'layn,DPS,US,Temple of Sethraliss,10,1,1110.5,265448,0,305.0,2026-08-20,0,-1,1107.0,42.3
24786,804,DeathKnight,Blood,San'layn,Tank,US,Temple of Sethraliss,10,1,1110.5,140888,0,312.0,2026-08-20,0,-1,1107.0,42.3
24788,14618,DemonHunter,Devourer,Annihilator,DPS,EU,Voidscar Arena,10,1,975.1,226175,0,302.0,2026-08-20,0,-1,972.0,46.0
24788,16415,Paladin,Protection,Lightsmith,Tank,EU,Voidscar Arena,10,1,975.1,101165,1,289.0,2026-08-20,0,-1,972.0,46.0
24788,14616,Shaman,Elemental,Farseer,DPS,EU,Voidscar Arena,10,1,975.1,238824,0,299.0,2026-08-20,0,-1,972.0,46.0
24788,13137,Rogue,Subtlety,Deathstalker,DPS,EU,Voidscar Arena,10,1,975.1,237940,0,305.0,2026-08-20,0,-1,972.0,46.0
24788,14615,Evoker,Preservation,Flameshaper,Healer,EU,Voidscar Arena,10,1,975.1,43668,0,300.0,2026-08-20,0,-1,972.0,46.0
24789,55006,DeathKnight,Blood,San'layn,Tank,CN,Temple of Sethraliss,14,1,1559.8,146639,0,303.0,2026-08-20,0,-1,1567.0,18.4
24789,55007,Paladin,Holy,Lightsmith,Healer,CN,Temple of Sethraliss,14,1,1559.8,33951,1,298.0,2026-08-20,0,-1,1567.0,18.4
24789,55009,Shaman,Elemental,Farseer,DPS,CN,Temple of Sethraliss,14,1,1559.8,255231,0,301.0,2026-08-20,0,-1,1567.0,18.4
24789,55010,Warrior,Arms,Slayer,DPS,CN,Temple of Sethraliss,14,1,1559.8,195005,0,304.0,2026-08-20,0,-1,1567.0,18.4
24789,55008,Mage,Arcane,Sunfury,DPS,CN,Temple of Sethraliss,14,1,1559.8,248763,0,305.0,2026-08-20,0,-1,1567.0,18.4
24791,55020,Shaman,Elemental,Farseer,DPS,US,Kings' Rest,11,1,1406.3,153553,0,300.0,2026-08-21,0,-1,1397.0,29.4
24791,55019,DemonHunter,Havoc,Fel-Scarred,DPS,US,Kings' Rest,11,1,1406.3,138230,0,302.0,2026-08-21,0,-1,1397.0,29.4
24791,55018,Paladin,Retribution,Templar,DPS,US,Kings' Rest,11,1,1406.3,139782,0,295.0,2026-08-21,0,-1,1397.0,29.4
24791,55017,Monk,Mistweaver,Conduit of the Celestials,Healer,US,Kings' Rest,11,1,1406.3,35739,0,294.0,2026-08-21,0,-1,1397.0,29.4
24791,55016,DeathKnight,Blood,San'layn,Tank,US,Kings' Rest,11,1,1406.3,92122,0,302.0,2026-08-21,0,-1,1397.0,29.4
24794,33698,Druid,Feral,Druid of the Claw,DPS,EU,Voidscar Arena,13,1,1609.5,204983,0,295.0,2026-08-21,0,-1,1691.0,6.1
24794,13341,Monk,Brewmaster,Master of Harmony,Tank,EU,Voidscar Arena,13,1,1609.5,113388,0,305.0,2026-08-21,0,-1,1691.0,6.1
24794,13344,Mage,Arcane,Sunfury,DPS,EU,Voidscar Arena,13,1,1609.5,181346,2,307.0,2026-08-21,0,-1,1691.0,6.1
24794,13342,Evoker,Preservation,Flameshaper,Healer,EU,Voidscar Arena,13,1,1609.5,42661,1,309.0,2026-08-21,0,-1,1691.0,6.1
24794,13345,Hunter,Marksmanship,Sentinel,DPS,EU,Voidscar Arena,13,1,1609.5,182387,3,304.0,2026-08-21,0,-1,1691.0,6.1
24798,6346,DeathKnight,Blood,San'layn,Tank,US,Den of Nalorakk,12,1,1538.1,110111,0,309.0,2026-08-22,0,-1,1530.0,20.3
24798,7761,Hunter,BeastMastery,Pack Leader,DPS,US,Den of Nalorakk,12,1,1538.1,186947,0,311.0,2026-08-22,0,-1,1530.0,20.3
24798,3227,Priest,Shadow,Voidweaver,DPS,US,Den of Nalorakk,12,1,1538.1,169996,0,306.0,2026-08-22,0,-1,1530.0,20.3
24798,3191,Priest,Holy,Oracle,Healer,US,Den of Nalorakk,12,1,1538.1,15925,0,308.0,2026-08-22,0,-1,1530.0,20.3
24798,3228,Shaman,Elemental,Farseer,DPS,US,Den of Nalorakk,12,1,1538.1,201686,0,307.0,2026-08-22,0,-1,1530.0,20.3
24800,41535,Warlock,Affliction,Soul Harvester,DPS,CN,Kings' Rest,11,1,1364.5,135312,0,298.0,2026-08-21,0,-1,1371.0,30.8
24800,41534,Rogue,Subtlety,Deathstalker,DPS,CN,Kings' Rest,11,1,1364.5,166978,1,302.0,2026-08-21,0,-1,1371.0,30.8
24800,55035,Warrior,Protection,Mountain Thane,Tank,CN,Kings' Rest,11,1,1364.5,92560,0,295.0,2026-08-21,0,-1,1371.0,30.8
24800,41054,Evoker,Preservation,Flameshaper,Healer,CN,Kings' Rest,11,1,1364.5,21119,1,293.0,2026-08-21,0,-1,1371.0,30.8
24800,41056,Mage,Arcane,Sunfury,DPS,CN,Kings' Rest,11,1,1364.5,163554,1,298.0,2026-08-21,0,-1,1371.0,30.8
24803,55039,Monk,Brewmaster,Master of Harmony,Tank,KR,Temple of Sethraliss,11,1,1346.1,86850,0,303.0,2026-08-22,0,-1,1343.0,30.1
24803,55041,Mage,Arcane,Sunfury,DPS,KR,Temple of Sethraliss,11,1,1346.1,231644,0,304.0,2026-08-22,0,-1,1343.0,30.1
24803,55040,Evoker,Preservation,Flameshaper,Healer,KR,Temple of Sethraliss,11,1,1346.1,36021,0,302.0,2026-08-22,0,-1,1343.0,30.1
24803,55043,DeathKnight,Unholy,Rider of the Apocalypse,DPS,KR,Temple of Sethraliss,11,1,1346.1,217563,1,303.0,2026-08-22,0,-1,1343.0,30.1
24803,55042,DemonHunter,Devourer,Void-Scarred,DPS,KR,Temple of Sethraliss,11,1,1346.1,195618,0,301.0,2026-08-22,0,-1,1343.0,30.1
24804,21613,Paladin,Holy,Herald of the Sun,Healer,EU,Murder Row,9,1,1225.1,16433,0,299.0,2026-08-21,0,-1,1222.0,40.1
24804,55045,Monk,Windwalker,Shado-Pan,DPS,EU,Murder Row,9,1,1225.1,189483,1,305.0,2026-08-21,0,-1,1222.0,40.1
24804,21615,Druid,Balance,Elune's Chosen,DPS,EU,Murder Row,9,1,1225.1,183532,0,298.0,2026-08-21,0,-1,1222.0,40.1
24804,55044,DeathKnight,Unholy,Rider of the Apocalypse,DPS,EU,Murder Row,9,1,1225.1,169777,0,297.0,2026-08-21,0,-1,1222.0,40.1
24804,21612,Paladin,Protection,Lightsmith,Tank,EU,Murder Row,9,1,1225.1,111457,0,299.0,2026-08-21,0,-1,1222.0,40.1
24805,49762,Paladin,Holy,Lightsmith,Healer,EU,Den of Nalorakk,13,1,1669.3,61942,0,307.0,2026-08-20,0,-1,1706.0,11.2
24805,15298,Druid,Balance,Elune's Chosen,DPS,EU,Den of Nalorakk,13,1,1669.3,181349,2,308.0,2026-08-20,0,-1,1706.0,11.2
24805,15299,Evoker,Devastation,Scalecommander,DPS,EU,Den of Nalorakk,13,1,1669.3,151957,1,302.0,2026-08-20,0,-1,1706.0,11.2
24805,15296,DeathKnight,Blood,San'layn,Tank,EU,Den of Nalorakk,13,1,1669.3,110524,0,308.0,2026-08-20,0,-1,1706.0,11.2
24805,48444,Paladin,Retribution,Templar,DPS,EU,Den of Nalorakk,13,1,1669.3,171660,0,300.0,2026-08-20,0,-1,1706.0,11.2
24808,55051,Druid,Feral,Wildstalker,DPS,EU,Voidscar Arena,6,1,963.7,91579,0,289.0,2026-08-21,0,-1,960.0,46.7
24808,55049,Priest,Discipline,Oracle,Healer,EU,Voidscar Arena,6,1,963.7,17496,0,294.0,2026-08-21,0,-1,960.0,46.7
24808,55048,Monk,Brewmaster,Master of Harmony,Tank,EU,Voidscar Arena,6,1,963.7,74100,0,297.0,2026-08-21,0,-1,960.0,46.7
24808,55052,Hunter,BeastMastery,Pack Leader,DPS,EU,Voidscar Arena,6,1,963.7,194258,0,307.0,2026-08-21,0,-1,960.0,46.7
24808,55050,Warlock,Demonology,Diabolist,DPS,EU,Voidscar Arena,6,1,963.7,149058,1,293.0,2026-08-21,0,-1,960.0,46.7
24811,55059,DeathKnight,Blood,Deathbringer,Tank,EU,Murder Row,4,1,1194.8,48128,0,288.0,2026-08-21,0,-1,1186.0,41.8
24811,21698,Rogue,Outlaw,Trickster,DPS,EU,Murder Row,4,1,1194.8,131946,0,301.0,2026-08-21,0,-1,1186.0,41.8
24811,55062,DemonHunter,Havoc,Fel-Scarred,DPS,EU,Murder Row,4,1,1194.8,152165,0,298.0,2026-08-21,0,-1,1186.0,41.8
24811,55060,Priest,Discipline,Oracle,Healer,EU,Murder Row,4,1,1194.8,10748,0,291.0,2026-08-21,0,-1,1186.0,41.8
24811,55061,Rogue,Assassination,Fatebound,DPS,EU,Murder Row,4,1,1194.8,87410,0,297.0,2026-08-21,0,-1,1186.0,41.8
24814,55076,Rogue,Assassination,Unknown,DPS,CN,Temple of Sethraliss,12,1,1492.5,201805,0,294.0,2026-08-20,0,-1,1484.0,22.7
24814,55075,Mage,Arcane,Unknown,DPS,CN,Temple of Sethraliss,12,1,1492.5,191746,0,294.0,2026-08-20,0,-1,1484.0,22.7
24814,55072,DeathKnight,Blood,Unknown,Tank,CN,Temple of Sethraliss,12,1,1492.5,123239,0,303.0,2026-08-20,0,-1,1484.0,22.7
24814,55073,Paladin,Holy,Unknown,Healer,CN,Temple of Sethraliss,12,1,1492.5,51162,0,292.0,2026-08-20,0,-1,1484.0,22.7
24814,55074,Shaman,Elemental,Unknown,DPS,CN,Temple of Sethraliss,12,1,1492.5,184696,0,303.0,2026-08-20,0,-1,1484.0,22.7
24820,55097,DemonHunter,Devourer,Void-Scarred,DPS,EU,Voidscar Arena,11,1,1256.3,197438,0,305.0,2026-08-21,0,-1,1258.0,30.1
24820,22232,Rogue,Subtlety,Deathstalker,DPS,EU,Voidscar Arena,11,1,1256.3,229262,0,308.0,2026-08-21,0,-1,1258.0,30.1
24820,55098,Druid,Feral,Wildstalker,DPS,EU,Voidscar Arena,11,1,1256.3,150930,2,286.0,2026-08-21,0,-1,1258.0,30.1
24820,15418,Monk,Mistweaver,Conduit of the Celestials,Healer,EU,Voidscar Arena,11,1,1256.3,36120,0,310.0,2026-08-21,0,-1,1258.0,30.1
24820,55096,DeathKnight,Blood,San'layn,Tank,EU,Voidscar Arena,11,1,1256.3,105875,0,292.0,2026-08-21,0,-1,1258.0,30.1
24821,55100,Monk,Mistweaver,Conduit of the Celestials,Healer,EU,Den of Nalorakk,11,1,1406.4,34682,0,309.0,2026-08-21,0,-1,1397.0,27.2
24821,55101,Warrior,Arms,Slayer,DPS,EU,Den of Nalorakk,11,1,1406.4,197242,0,298.0,2026-08-21,0,-1,1397.0,27.2
24821,20481,Hunter,BeastMastery,Pack Leader,DPS,EU,Den of Nalorakk,11,1,1406.4,177427,0,306.0,2026-08-21,0,-1,1397.0,27.2
24821,18396,Mage,Arcane,Sunfury,DPS,EU,Den of Nalorakk,11,1,1406.4,174131,0,310.0,2026-08-21,0,-1,1397.0,27.2
24821,55099,Paladin,Protection,Templar,Tank,EU,Den of Nalorakk,11,1,1406.4,75762,0,301.0,2026-08-21,0,-1,1397.0,27.2
24822,3669,Monk,Mistweaver,Conduit of the Celestials,Healer,US,Temple of Sethraliss,13,1,1709.0,35622,1,308.0,2026-08-21,0,-1,1776.0,7.5
24822,3668,DeathKnight,Blood,San'layn,Tank,US,Temple of Sethraliss,13,1,1709.0,108651,0,303.0,2026-08-21,0,-1,1776.0,7.5
24822,3670,DeathKnight,Unholy,Rider of the Apocalypse,DPS,US,Temple of Sethraliss,13,1,1709.0,199224,0,304.0,2026-08-21,0,-1,1776.0,7.5
24822,55102,Shaman,Elemental,Farseer,DPS,US,Temple of Sethraliss,13,1,1709.0,174782,4,304.0,2026-08-21,0,-1,1776.0,7.5
24822,3671,DemonHunter,Devourer,Annihilator,DPS,US,Temple of Sethraliss,13,1,1709.0,225104,0,308.0,2026-08-21,0,-1,1776.0,7.5
24826,15481,Paladin,Retribution,Templar,DPS,EU,Ruby Life Pools,11,1,1228.3,229336,0,300.0,2026-08-20,0,-1,1230.0,26.8
24826,40123,DeathKnight,Blood,Deathbringer,Tank,EU,Ruby Life Pools,11,1,1228.3,137308,0,300.0,2026-08-20,0,-1,1230.0,26.8
24826,40124,Paladin,Holy,Herald of the Sun,Healer,EU,Ruby Life Pools,11,1,1228.3,16122,1,292.0,2026-08-20,0,-1,1230.0,26.8
24826,40125,Hunter,Marksmanship,Sentinel,DPS,EU,Ruby Life Pools,11,1,1228.3,218288,1,301.0,2026-08-20,0,-1,1230.0,26.8
24826,40126,Shaman,Elemental,Farseer,DPS,EU,Ruby Life Pools,11,1,1228.3,225373,0,302.0,2026-08-20,0,-1,1230.0,26.8
24835,55140,Warrior,Arms,Slayer,DPS,EU,Den of Nalorakk,4,1,1105.8,121012,0,291.0,2026-08-20,0,-1,1097.0,42.8
24835,55141,Mage,Arcane,Sunfury,DPS,EU,Den of Nalorakk,4,1,1105.8,110080,0,272.0,2026-08-20,0,-1,1097.0,42.8
24835,55142,Rogue,Subtlety,Deathstalker,DPS,EU,Den of Nalorakk,4,1,1105.8,97436,0,282.0,2026-08-20,0,-1,1097.0,42.8
24835,55139,Paladin,Protection,Lightsmith,Tank,EU,Den of Nalorakk,4,1,1105.8,53527,0,281.0,2026-08-20,0,-1,1097.0,42.8
24835,39658,Shaman,Restoration,Totemic,Healer,EU,Den of Nalorakk,4,1,1105.8,26165,0,304.0,2026-08-20,0,-1,1097.0,42.8
24838,55151,Rogue,Assassination,Deathstalker,DPS,CN,Murder Row,11,1,1341.2,219306,0,302.0,2026-08-22,0,-1,1343.0,34.2
24838,55148,Shaman,Restoration,Totemic,Healer,CN,Murder Row,11,1,1341.2,37251,1,310.0,2026-08-22,0,-1,1343.0,34.2
24838,55147,Druid,Guardian,Elune's Chosen,Tank,CN,Murder Row,11,1,1341.2,129280,0,307.0,2026-08-22,0,-1,1343.0,34.2
24838,55150,Mage,Arcane,Sunfury,DPS,CN,Murder Row,11,1,1341.2,200159,0,304.0,2026-08-22,0,-1,1343.0,34.2
24838,55149,DeathKnight,Frost,Deathbringer,DPS,CN,Murder Row,11,1,1341.2,202614,1,302.0,2026-08-22,0,-1,1343.0,34.2
24839,52695,DemonHunter,Devourer,Annihilator,DPS,EU,Murder Row,10,1,1199.8,195794,1,304.0,2026-08-21,0,-1,1202.0,41.1
24839,52691,Druid,Guardian,Elune's Chosen,Tank,EU,Murder Row,10,1,1199.8,134886,0,304.0,2026-08-21,0,-1,1202.0,41.1
24839,52692,Priest,Holy,Archon,Healer,EU,Murder Row,10,1,1199.8,18393,0,297.0,2026-08-21,0,-1,1202.0,41.1
24839,52693,Mage,Arcane,Sunfury,DPS,EU,Murder Row,10,1,1199.8,235668,0,309.0,2026-08-21,0,-1,1202.0,41.1
24839,52694,Hunter,Marksmanship,Sentinel,DPS,EU,Murder Row,10,1,1199.8,212544,0,306.0,2026-08-21,0,-1,1202.0,41.1
24846,55167,DeathKnight,Frost,Deathbringer,DPS,EU,The Blinding Vale,10,1,1115.5,198695,0,300.0,2026-08-20,0,-1,1108.0,38.5
24846,55166,Evoker,Preservation,Flameshaper,Healer,EU,The Blinding Vale,10,1,1115.5,41609,0,300.0,2026-08-20,0,-1,1108.0,38.5
24846,55169,Warrior,Arms,Slayer,DPS,EU,The Blinding Vale,10,1,1115.5,224131,0,298.0,2026-08-20,0,-1,1108.0,38.5
24846,55165,DeathKnight,Blood,San'layn,Tank,EU,The Blinding Vale,10,1,1115.5,142480,0,301.0,2026-08-20,0,-1,1108.0,38.5
24846,55168,Hunter,Marksmanship,Sentinel,DPS,EU,The Blinding Vale,10,1,1115.5,224264,0,304.0,2026-08-20,0,-1,1108.0,38.5
24847,3471,Evoker,Preservation,Flameshaper,Healer,US,Temple of Sethraliss,10,1,1089.2,43651,0,306.0,2026-08-21,0,-1,1081.0,43.7
24847,54580,Warrior,Protection,Mountain Thane,Tank,US,Temple of Sethraliss,10,1,1089.2,132807,0,301.0,2026-08-21,0,-1,1081.0,43.7
24847,3472,Evoker,Devastation,Scalecommander,DPS,US,Temple of Sethraliss,10,1,1089.2,202822,0,305.0,2026-08-21,0,-1,1081.0,43.7
24847,13912,Priest,Shadow,Archon,DPS,US,Temple of Sethraliss,10,1,1089.2,207582,0,304.0,2026-08-21,0,-1,1081.0,43.7
24847,6233,Warlock,Demonology,Diabolist,DPS,US,Temple of Sethraliss,10,1,1089.2,230699,0,302.0,2026-08-21,0,-1,1081.0,43.7
24855,55193,Warrior,Protection,Mountain Thane,Tank,US,The Blinding Vale,5,1,991.8,120244,0,296.0,2026-08-22,0,-1,983.0,45.4
24855,55197,Hunter,Survival,Pack Leader,DPS,US,The Blinding Vale,5,1,991.8,133832,0,294.0,2026-08-22,0,-1,983.0,45.4
24855,55195,Shaman,Enhancement,Stormbringer,DPS,US,The Blinding Vale,5,1,991.8,127477,0,294.0,2026-08-22,0,-1,983.0,45.4
24855,55196,Mage,Arcane,Sunfury,DPS,US,The Blinding Vale,5,1,991.8,167703,0,294.0,2026-08-22,0,-1,983.0,45.4
24855,55194,Paladin,Holy,Herald of the Sun,Healer,US,The Blinding Vale,5,1,991.8,20910,0,300.0,2026-08-22,0,-1,983.0,45.4
24859,52234,Monk,Brewmaster,Master of Harmony,Tank,CN,Murder Row,10,1,1194.4,92662,0,302.0,2026-08-21,0,-1,1186.0,41.9
24859,52472,Druid,Balance,Elune's Chosen,DPS,CN,Murder Row,10,1,1194.4,203058,0,305.0,2026-08-21,0,-1,1186.0,41.9
24859,52235,Shaman,Restoration,Totemic,Healer,CN,Murder Row,10,1,1194.4,28348,0,307.0,2026-08-21,0,-1,1186.0,41.9
24859,52238,Rogue,Assassination,Fatebound,DPS,CN,Murder Row,10,1,1194.4,226864,0,299.0,2026-08-21,0,-1,1186.0,41.9
24859,52236,Warrior,Fury,Slayer,DPS,CN,Murder Row,10,1,1194.4,237500,0,304.0,2026-08-21,0,-1,1186.0,41.9
24882,55254,Paladin,Holy,Herald of the Sun,Healer,EU,Temple of Sethraliss,14,1,1735.7,12333,1,312.0,2026-08-21,0,-1,1878.0,2.2
24882,55253,DemonHunter,Vengeance,Annihilator,Tank,EU,Temple of Sethraliss,14,1,1735.7,121980,1,308.0,2026-08-21,0,-1,1878.0,2.2
24882,55255,Warlock,Demonology,Diabolist,DPS,EU,Temple of Sethraliss,14,1,1735.7,217174,3,306.0,2026-08-21,0,-1,1878.0,2.2
24882,19051,Shaman,Elemental,Farseer,DPS,EU,Temple of Sethraliss,14,1,1735.7,207624,2,302.0,2026-08-21,0,-1,1878.0,2.2
24882,55256,DeathKnight,Unholy,San'layn,DPS,EU,Temple of Sethraliss,14,1,1735.7,250956,3,309.0,2026-08-21,0,-1,1878.0,2.2
24883,22918,Paladin,Retribution,Templar,DPS,EU,Altar of Fangs,8,1,1048.1,233565,1,306.0,2026-08-21,0,-1,1044.0,42.0
24883,55260,Warrior,Arms,Slayer,DPS,EU,Altar of Fangs,8,1,1048.1,196453,0,308.0,2026-08-21,0,-1,1044.0,42.0
24883,55257,DeathKnight,Blood,San'layn,Tank,EU,Altar of Fangs,8,1,1048.1,135161,0,303.0,2026-08-21,0,-1,1044.0,42.0
24883,55259,Druid,Balance,Elune's Chosen,DPS,EU,Altar of Fangs,8,1,1048.1,209129,0,298.0,2026-08-21,0,-1,1044.0,42.0
24883,55258,Shaman,Restoration,Totemic,Healer,EU,Altar of Fangs,8,1,1048.1,28469,0,294.0,2026-08-21,0,-1,1044.0,42.0
24886,55183,Mage,Frost,Spellslinger,DPS,EU,Den of Nalorakk,10,1,1156.6,161113,1,303.0,2026-08-20,0,-1,1153.0,39.9
24886,55182,Warlock,Demonology,Diabolist,DPS,EU,Den of Nalorakk,10,1,1156.6,228263,0,302.0,2026-08-20,0,-1,1153.0,39.9
24886,55180,Monk,Brewmaster,Master of Harmony,Tank,EU,Den of Nalorakk,10,1,1156.6,94497,0,302.0,2026-08-20,0,-1,1153.0,39.9
24886,55181,Paladin,Holy,Herald of the Sun,Healer,EU,Den of Nalorakk,10,1,1156.6,17276,0,296.0,2026-08-20,0,-1,1153.0,39.9
24886,55267,Hunter,Marksmanship,Sentinel,DPS,EU,Den of Nalorakk,10,1,1156.6,194233,0,306.0,2026-08-20,0,-1,1153.0,39.9
24887,55270,Paladin,Retribution,Templar,DPS,US,Murder Row,3,1,1097.8,107745,0,291.0,2026-08-21,0,-1,1090.0,46.6
24887,55268,Monk,Brewmaster,Shado-Pan,Tank,US,Murder Row,3,1,1097.8,62283,0,291.0,2026-08-21,0,-1,1090.0,46.6
24887,55271,Druid,Balance,Elune's Chosen,DPS,US,Murder Row,3,1,1097.8,108003,0,292.0,2026-08-21,0,-1,1090.0,46.6
24887,55269,Shaman,Restoration,Totemic,Healer,US,Murder Row,3,1,1097.8,27720,1,292.0,2026-08-21,0,-1,1090.0,46.6
24887,55272,Mage,Arcane,Sunfury,DPS,US,Murder Row,3,1,1097.8,98794,0,289.0,2026-08-21,0,-1,1090.0,46.6
24888,55274,Priest,Holy,Oracle,Healer,US,Kings' Rest,5,1,1163.5,8665,0,294.0,2026-08-21,0,-1,1155.0,41.7
24888,55276,Monk,Windwalker,Shado-Pan,DPS,US,Kings' Rest,5,1,1163.5,83728,0,290.0,2026-08-21,0,-1,1155.0,41.7
24888,55275,Hunter,Marksmanship,Sentinel,DPS,US,Kings' Rest,5,1,1163.5,95797,0,296.0,2026-08-21,0,-1,1155.0,41.7
24888,55273,Paladin,Protection,Templar,Tank,US,Kings' Rest,5,1,1163.5,62455,0,290.0,2026-08-21,0,-1,1155.0,41.7
24888,55277,DeathKnight,Unholy,Rider of the Apocalypse,DPS,US,Kings' Rest,5,1,1163.5,101650,0,300.0,2026-08-21,0,-1,1155.0,41.7
24896,55301,Warrior,Arms,Slayer,DPS,CN,Altar of Fangs,12,1,1487.3,204123,0,292.0,2026-08-21,0,-1,1479.0,17.8
24896,55300,Shaman,Restoration,Totemic,Healer,CN,Altar of Fangs,12,1,1487.3,40807,0,295.0,2026-08-21,0,-1,1479.0,17.8
24896,55299,Paladin,Protection,Lightsmith,Tank,CN,Altar of Fangs,12,1,1487.3,114181,0,304.0,2026-08-21,0,-1,1479.0,17.8
24896,55302,Paladin,Retribution,Herald of the Sun,DPS,CN,Altar of Fangs,12,1,1487.3,273103,0,305.0,2026-08-21,0,-1,1479.0,17.8
24896,55303,Warrior,Fury,Slayer,DPS,CN,Altar of Fangs,12,1,1487.3,259082,0,306.0,2026-08-21,0,-1,1479.0,17.8
24898,55305,Priest,Holy,Oracle,Healer,EU,Temple of Sethraliss,4,1,859.2,30769,0,302.0,2026-08-21,0,-1,850.0,55.7
24898,55307,Priest,Shadow,Voidweaver,DPS,EU,Temple of Sethraliss,4,1,859.2,113337,0,290.0,2026-08-21,0,-1,850.0,55.7
24898,55308,Rogue,Assassination,Deathstalker,DPS,EU,Temple of Sethraliss,4,1,859.2,168459,0,300.0,2026-08-21,0,-1,850.0,55.7
24898,32454,Warrior,Protection,Mountain Thane,Tank,EU,Temple of Sethraliss,4,1,859.2,91376,0,297.0,2026-08-21,0,-1,850.0,55.7
24898,55306,Hunter,BeastMastery,Pack Leader,DPS,EU,Temple of Sethraliss,4,1,859.2,136233,0,299.0,2026-08-21,0,-1,850.0,55.7
24900,55313,DemonHunter,Vengeance,Annihilator,Tank,US,Murder Row,2,1,1035.6,71812,0,303.0,2026-08-22,0,-1,1027.0,49.7
24900,55315,Druid,Balance,Elune's Chosen,DPS,US,Murder Row,2,1,1035.6,123007,0,293.0,2026-08-22,0,-1,1027.0,49.7
24900,55314,Druid,Restoration,Wildstalker,Healer,US,Murder Row,2,1,1035.6,10125,0,273.0,2026-08-22,0,-1,1027.0,49.7
24900,55317,Warlock,Demonology,Diabolist,DPS,US,Murder Row,2,1,1035.6,93768,0,292.0,2026-08-22,0,-1,1027.0,49.7
24900,55316,Mage,Arcane,Sunfury,DPS,US,Murder Row,2,1,1035.6,134788,0,302.0,2026-08-22,0,-1,1027.0,49.7
24904,55326,Warrior,Protection,Mountain Thane,Tank,CN,Temple of Sethraliss,11,1,1339.2,92291,1,292.0,2026-08-20,0,-1,1345.0,29.9
24904,55329,Shaman,Elemental,Farseer,DPS,CN,Temple of Sethraliss,11,1,1339.2,232264,1,296.0,2026-08-20,0,-1,1345.0,29.9
24904,55282,Warrior,Arms,Slayer,DPS,CN,Temple of Sethraliss,11,1,1339.2,217750,1,301.0,2026-08-20,0,-1,1345.0,29.9
24904,55328,Priest,Shadow,Voidweaver,DPS,CN,Temple of Sethraliss,11,1,1339.2,168908,0,296.0,2026-08-20,0,-1,1345.0,29.9
24904,55327,Paladin,Holy,Lightsmith,Healer,CN,Temple of Sethraliss,11,1,1339.2,33320,0,295.0,2026-08-20,0,-1,1345.0,29.9
24905,13606,Paladin,Protection,Lightsmith,Tank,EU,Kings' Rest,11,1,1233.8,93827,0,305.0,2026-08-21,0,-1,1230.0,37.9
24905,55330,Druid,Restoration,Wildstalker,Healer,EU,Kings' Rest,11,1,1233.8,6062,0,305.0,2026-08-21,0,-1,1230.0,37.9
24905,13609,Mage,Arcane,Sunfury,DPS,EU,Kings' Rest,11,1,1233.8,190002,1,311.0,2026-08-21,0,-1,1230.0,37.9
24905,13608,Hunter,BeastMastery,Pack Leader,DPS,EU,Kings' Rest,11,1,1233.8,180521,0,308.0,2026-08-21,0,-1,1230.0,37.9
24905,13610,Rogue,Outlaw,Trickster,DPS,EU,Kings' Rest,11,1,1233.8,175044,0,301.0,2026-08-21,0,-1,1230.0,37.9
24910,14927,Druid,Guardian,Unknown,Tank,US,Kings' Rest,13,1,1746.5,83411,0,308.0,2026-08-21,0,-1,1754.0,11.4
24910,55345,Evoker,Augmentation,Unknown,DPS,US,Kings' Rest,13,1,1746.5,99267,1,303.0,2026-08-21,0,-1,1754.0,11.4
24910,14929,Rogue,Subtlety,Unknown,DPS,US,Kings' Rest,13,1,1746.5,162171,0,304.0,2026-08-21,0,-1,1754.0,11.4
24910,3537,Warrior,Arms,Unknown,DPS,US,Kings' Rest,13,1,1746.5,182033,0,305.0,2026-08-21,0,-1,1754.0,11.4
24910,55344,Priest,Holy,Unknown,Healer,US,Kings' Rest,13,1,1746.5,27530,0,304.0,2026-08-21,0,-1,1754.0,11.4
24916,55364,Warrior,Arms,Slayer,DPS,KR,Altar of Fangs,3,1,873.9,161604,0,293.0,2026-08-20,0,-1,865.0,51.9
24916,55362,Shaman,Restoration,Totemic,Healer,KR,Altar of Fangs,3,1,873.9,19129,0,288.0,2026-08-20,0,-1,865.0,51.9
24916,55365,DeathKnight,Unholy,Rider of the Apocalypse,DPS,KR,Altar of Fangs,3,1,873.9,139193,0,292.0,2026-08-20,0,-1,865.0,51.9
24916,55361,DeathKnight,Blood,Deathbringer,Tank,KR,Altar of Fangs,3,1,873.9,95131,0,290.0,2026-08-20,0,-1,865.0,51.9
24916,55363,Hunter,BeastMastery,Pack Leader,DPS,KR,Altar of Fangs,3,1,873.9,145554,0,293.0,2026-08-20,0,-1,865.0,51.9
24919,18410,Paladin,Holy,Herald of the Sun,Healer,EU,The Blinding Vale,10,1,1047.8,31256,0,309.0,2026-08-21,0,-1,1039.0,42.3
24919,55368,DemonHunter,Devourer,Void-Scarred,DPS,EU,The Blinding Vale,10,1,1047.8,258497,0,307.0,2026-08-21,0,-1,1039.0,42.3
24919,55367,Druid,Guardian,Elune's Chosen,Tank,EU,The Blinding Vale,10,1,1047.8,96767,0,302.0,2026-08-21,0,-1,1039.0,42.3
24919,52804,Priest,Shadow,Archon,DPS,EU,The Blinding Vale,10,1,1047.8,198618,0,298.0,2026-08-21,0,-1,1039.0,42.3
24919,18411,Mage,Arcane,Sunfury,DPS,EU,The Blinding Vale,10,1,1047.8,277468,0,307.0,2026-08-21,0,-1,1039.0,42.3
24934,55403,Evoker,Devastation,Scalecommander,DPS,EU,Kings' Rest,10,1,1164.5,159621,0,307.0,2026-08-21,0,-1,1156.0,41.6
24934,41258,DeathKnight,Blood,Deathbringer,Tank,EU,Kings' Rest,10,1,1164.5,103683,0,308.0,2026-08-21,0,-1,1156.0,41.6
24934,41261,Shaman,Elemental,Farseer,DPS,EU,Kings' Rest,10,1,1164.5,153220,0,306.0,2026-08-21,0,-1,1156.0,41.6
24934,55402,Shaman,Restoration,Totemic,Healer,EU,Kings' Rest,10,1,1164.5,39018,0,303.0,2026-08-21,0,-1,1156.0,41.6
24934,41260,DemonHunter,Devourer,Void-Scarred,DPS,EU,Kings' Rest,10,1,1164.5,187858,0,311.0,2026-08-21,0,-1,1156.0,41.6
24937,21895,Monk,Windwalker,Shado-Pan,DPS,US,Murder Row,10,1,1172.5,244986,0,311.0,2026-08-22,0,-1,1169.0,42.7
24937,55407,DeathKnight,Blood,San'layn,Tank,US,Murder Row,10,1,1172.5,182191,0,312.0,2026-08-22,0,-1,1169.0,42.7
24937,27310,Shaman,Restoration,Totemic,Healer,US,Murder Row,10,1,1172.5,30468,0,302.0,2026-08-22,0,-1,1169.0,42.7
24937,53840,Mage,Arcane,Sunfury,DPS,US,Murder Row,10,1,1172.5,130882,1,292.0,2026-08-22,0,-1,1169.0,42.7
24937,53839,Monk,Windwalker,Shado-Pan,DPS,US,Murder Row,10,1,1172.5,199815,0,301.0,2026-08-22,0,-1,1169.0,42.7
24947,55435,Monk,Windwalker,Shado-Pan,DPS,US,Murder Row,11,1,1294.9,178150,0,298.0,2026-08-22,0,-1,1287.0,36.9
24947,10584,Hunter,BeastMastery,Pack Leader,DPS,US,Murder Row,11,1,1294.9,248472,0,306.0,2026-08-22,0,-1,1287.0,36.9
24947,55434,Druid,Guardian,Elune's Chosen,Tank,US,Murder Row,11,1,1294.9,107154,0,297.0,2026-08-22,0,-1,1287.0,36.9
24947,846,Priest,Holy,Oracle,Healer,US,Murder Row,11,1,1294.9,26885,0,305.0,2026-08-22,0,-1,1287.0,36.9
24947,55436,Warrior,Arms,Slayer,DPS,US,Murder Row,11,1,1294.9,236039,0,307.0,2026-08-22,0,-1,1287.0,36.9
24948,55438,Evoker,Preservation,Flameshaper,Healer,EU,Voidscar Arena,9,1,1088.8,39339,0,297.0,2026-08-21,0,-1,1085.0,39.7
24948,55437,Paladin,Protection,Templar,Tank,EU,Voidscar Arena,9,1,1088.8,84986,0,301.0,2026-08-21,0,-1,1085.0,39.7
24948,55439,DeathKnight,Unholy,Rider of the Apocalypse,DPS,EU,Voidscar Arena,9,1,1088.8,167289,1,295.0,2026-08-21,0,-1,1085.0,39.7
24948,55440,Mage,Arcane,Sunfury,DPS,EU,Voidscar Arena,9,1,1088.8,176329,0,304.0,2026-08-21,0,-1,1085.0,39.7
24948,55441,Priest,Shadow,Archon,DPS,EU,Voidscar Arena,9,1,1088.8,204742,0,304.0,2026-08-21,0,-1,1085.0,39.7
24949,55443,Shaman,Restoration,Totemic,Healer,EU,The Blinding Vale,10,1,1115.7,32259,0,292.0,2026-08-21,0,-1,1112.0,38.2
24949,55444,Priest,Shadow,Archon,DPS,EU,The Blinding Vale,10,1,1115.7,229340,1,301.0,2026-08-21,0,-1,1112.0,38.2
24949,55445,Mage,Arcane,Sunfury,DPS,EU,The Blinding Vale,10,1,1115.7,249372,0,305.0,2026-08-21,0,-1,1112.0,38.2
24949,28145,Druid,Balance,Elune's Chosen,DPS,EU,The Blinding Vale,10,1,1115.7,193820,0,292.0,2026-08-21,0,-1,1112.0,38.2
24949,55442,DeathKnight,Blood,San'layn,Tank,EU,The Blinding Vale,10,1,1115.7,129178,0,297.0,2026-08-21,0,-1,1112.0,38.2
24959,41262,Hunter,Marksmanship,Sentinel,DPS,EU,The Blinding Vale,9,1,984.5,222836,0,309.0,2026-08-21,0,-1,996.0,44.7
24959,55463,Warrior,Arms,Slayer,DPS,EU,The Blinding Vale,9,1,984.5,179135,2,298.0,2026-08-21,0,-1,996.0,44.7
24959,55403,Evoker,Preservation,Flameshaper,Healer,EU,The Blinding Vale,9,1,984.5,18310,1,307.0,2026-08-21,0,-1,996.0,44.7
24959,41258,DeathKnight,Blood,Deathbringer,Tank,EU,The Blinding Vale,9,1,984.5,158510,0,308.0,2026-08-21,0,-1,996.0,44.7
24959,41261,Shaman,Elemental,Farseer,DPS,EU,The Blinding Vale,9,1,984.5,205129,1,306.0,2026-08-21,0,-1,996.0,44.7
24966,55483,Shaman,Enhancement,Stormbringer,DPS,EU,Kings' Rest,6,1,1178.5,58790,0,265.0,2026-08-21,0,-1,1175.0,40.7
24966,55481,Shaman,Restoration,Totemic,Healer,EU,Kings' Rest,6,1,1178.5,23433,0,298.0,2026-08-21,0,-1,1175.0,40.7
24966,55482,Warrior,Arms,Slayer,DPS,EU,Kings' Rest,6,1,1178.5,96747,1,282.0,2026-08-21,0,-1,1175.0,40.7
24966,53014,DeathKnight,Unholy,Rider of the Apocalypse,DPS,EU,Kings' Rest,6,1,1178.5,156231,0,300.0,2026-08-21,0,-1,1175.0,40.7
24966,55480,DeathKnight,Blood,San'layn,Tank,EU,Kings' Rest,6,1,1178.5,67123,0,286.0,2026-08-21,0,-1,1175.0,40.7
24968,55487,Warrior,Arms,Slayer,DPS,EU,Ruby Life Pools,10,1,1048.0,193145,1,295.0,2026-08-21,0,-1,1044.0,37.9
24968,14231,Mage,Arcane,Sunfury,DPS,EU,Ruby Life Pools,10,1,1048.0,262959,0,306.0,2026-08-21,0,-1,1044.0,37.9
24968,14230,Warrior,Protection,Mountain Thane,Tank,EU,Ruby Life Pools,10,1,1048.0,131282,0,307.0,2026-08-21,0,-1,1044.0,37.9
24968,14229,Shaman,Restoration,Totemic,Healer,EU,Ruby Life Pools,10,1,1048.0,47891,0,303.0,2026-08-21,0,-1,1044.0,37.9
24968,14232,Evoker,Devastation,Scalecommander,DPS,EU,Ruby Life Pools,10,1,1048.0,280776,0,307.0,2026-08-21,0,-1,1044.0,37.9
24972,55498,Warrior,Arms,Slayer,DPS,US,Voidscar Arena,7,1,1005.4,178770,0,297.0,2026-08-20,0,-1,998.0,44.6
24972,55497,Shaman,Elemental,Farseer,DPS,US,Voidscar Arena,7,1,1005.4,169912,0,295.0,2026-08-20,0,-1,998.0,44.6
24972,55496,DemonHunter,Devourer,Void-Scarred,DPS,US,Voidscar Arena,7,1,1005.4,170149,0,304.0,2026-08-20,0,-1,998.0,44.6
24972,55495,Paladin,Holy,Herald of the Sun,Healer,US,Voidscar Arena,7,1,1005.4,35227,0,300.0,2026-08-20,0,-1,998.0,44.6
24972,55494,Paladin,Protection,Lightsmith,Tank,US,Voidscar Arena,7,1,1005.4,129974,0,294.0,2026-08-20,0,-1,998.0,44.6
24977,50038,DemonHunter,Havoc,Fel-Scarred,DPS,EU,Murder Row,11,1,1370.9,255255,0,303.0,2026-08-20,0,-1,1367.0,33.0
24977,15789,Mage,Arcane,Sunfury,DPS,EU,Murder Row,11,1,1370.9,216057,0,300.0,2026-08-20,0,-1,1367.0,33.0
24977,13128,Warrior,Protection,Mountain Thane,Tank,EU,Murder Row,11,1,1370.9,130192,0,302.0,2026-08-20,0,-1,1367.0,33.0
24977,13129,Paladin,Holy,Herald of the Sun,Healer,EU,Murder Row,11,1,1370.9,11626,0,307.0,2026-08-20,0,-1,1367.0,33.0
24977,13130,Monk,Windwalker,Conduit of the Celestials,DPS,EU,Murder Row,11,1,1370.9,195998,1,309.0,2026-08-20,0,-1,1367.0,33.0
24978,13627,Monk,Mistweaver,Conduit of the Celestials,Healer,EU,Den of Nalorakk,10,1,1197.4,39068,0,293.0,2026-08-20,0,-1,1194.0,37.8
24978,13630,DemonHunter,Devourer,Annihilator,DPS,EU,Den of Nalorakk,10,1,1197.4,239276,0,309.0,2026-08-20,0,-1,1194.0,37.8
24978,13628,Paladin,Retribution,Herald of the Sun,DPS,EU,Den of Nalorakk,10,1,1197.4,199448,0,303.0,2026-08-20,0,-1,1194.0,37.8
24978,13629,Shaman,Elemental,Farseer,DPS,EU,Den of Nalorakk,10,1,1197.4,160158,1,306.0,2026-08-20,0,-1,1194.0,37.8
24978,13626,Druid,Guardian,Elune's Chosen,Tank,EU,Den of Nalorakk,10,1,1197.4,111830,0,303.0,2026-08-20,0,-1,1194.0,37.8
24988,55530,Rogue,Assassination,Deathstalker,DPS,US,Kings' Rest,13,1,1639.1,157750,0,299.0,2026-08-20,0,-1,1630.0,17.7
24988,25019,Warrior,Arms,Slayer,DPS,US,Kings' Rest,13,1,1639.1,170145,0,309.0,2026-08-20,0,-1,1630.0,17.7
24988,4143,Shaman,Restoration,Totemic,Healer,US,Kings' Rest,13,1,1639.1,29911,0,298.0,2026-08-20,0,-1,1630.0,17.7
24988,55529,DeathKnight,Blood,San'layn,Tank,US,Kings' Rest,13,1,1639.1,72720,0,304.0,2026-08-20,0,-1,1630.0,17.7
24988,25020,Mage,Arcane,Sunfury,DPS,US,Kings' Rest,13,1,1639.1,159116,0,298.0,2026-08-20,0,-1,1630.0,17.7
24994,55547,Warrior,Arms,Slayer,DPS,EU,Den of Nalorakk,5,1,1005.0,125805,0,297.0,2026-08-21,0,-1,996.0,48.1
24994,55548,Mage,Arcane,Sunfury,DPS,EU,Den of Nalorakk,5,1,1005.0,144134,0,297.0,2026-08-21,0,-1,996.0,48.1
24994,55545,Shaman,Restoration,Totemic,Healer,EU,Den of Nalorakk,5,1,1005.0,17334,0,296.0,2026-08-21,0,-1,996.0,48.1
24994,55544,DeathKnight,Blood,San'layn,Tank,EU,Den of Nalorakk,5,1,1005.0,91234,0,300.0,2026-08-21,0,-1,996.0,48.1
24994,55546,Shaman,Elemental,Farseer,DPS,EU,Den of Nalorakk,5,1,1005.0,137085,0,292.0,2026-08-21,0,-1,996.0,48.1
25001,604,Priest,Holy,Oracle,Healer,US,Ruby Life Pools,10,1,917.3,26938,0,305.0,2026-08-22,0,-1,914.0,45.6
25001,606,Shaman,Enhancement,Stormbringer,DPS,US,Ruby Life Pools,10,1,917.3,254600,1,308.0,2026-08-22,0,-1,914.0,45.6
25001,1134,Hunter,BeastMastery,Pack Leader,DPS,US,Ruby Life Pools,10,1,917.3,229927,0,308.0,2026-08-22,0,-1,914.0,45.6
25001,52614,Druid,Guardian,Elune's Chosen,Tank,US,Ruby Life Pools,10,1,917.3,120743,0,300.0,2026-08-22,0,-1,914.0,45.6
25001,19448,Warrior,Arms,Slayer,DPS,US,Ruby Life Pools,10,1,917.3,233613,0,306.0,2026-08-22,0,-1,914.0,45.6
25002,55560,Priest,Discipline,Voidweaver,Healer,EU,Kings' Rest,10,1,1151.2,32672,1,299.0,2026-08-21,0,-1,1153.0,41.8
25002,18288,Paladin,Protection,Lightsmith,Tank,EU,Kings' Rest,10,1,1151.2,90444,0,299.0,2026-08-21,0,-1,1153.0,41.8
25002,52598,Warrior,Arms,Slayer,DPS,EU,Kings' Rest,10,1,1151.2,153025,1,304.0,2026-08-21,0,-1,1153.0,41.8
25002,55561,DemonHunter,Devourer,Void-Scarred,DPS,EU,Kings' Rest,10,1,1151.2,169972,0,305.0,2026-08-21,0,-1,1153.0,41.8
25002,55562,Mage,Arcane,Sunfury,DPS,EU,Kings' Rest,10,1,1151.2,202064,0,310.0,2026-08-21,0,-1,1153.0,41.8
25006,16859,Mage,Arcane,Sunfury,DPS,US,Den of Nalorakk,11,1,1403.4,220640,0,304.0,2026-08-20,0,-1,1400.0,27.1
25006,8057,Paladin,Holy,Herald of the Sun,Healer,US,Den of Nalorakk,11,1,1403.4,22090,1,301.0,2026-08-20,0,-1,1400.0,27.1
25006,44718,Druid,Balance,Elune's Chosen,DPS,US,Den of Nalorakk,11,1,1403.4,182449,0,303.0,2026-08-20,0,-1,1400.0,27.1
25006,55571,Warrior,Arms,Slayer,DPS,US,Den of Nalorakk,11,1,1403.4,186035,0,299.0,2026-08-20,0,-1,1400.0,27.1
25006,8056,DeathKnight,Blood,San'layn,Tank,US,Den of Nalorakk,11,1,1403.4,106227,0,299.0,2026-08-20,0,-1,1400.0,27.1
25015,14672,Shaman,Elemental,Farseer,DPS,EU,Temple of Sethraliss,10,1,1108.2,220677,1,308.0,2026-08-21,0,-1,1115.0,41.9
25015,14671,DemonHunter,Devourer,Annihilator,DPS,EU,Temple of Sethraliss,10,1,1108.2,222741,0,304.0,2026-08-21,0,-1,1115.0,41.9
25015,14670,Evoker,Preservation,Flameshaper,Healer,EU,Temple of Sethraliss,10,1,1108.2,18910,1,303.0,2026-08-21,0,-1,1115.0,41.9
25015,14673,Hunter,BeastMastery,Pack Leader,DPS,EU,Temple of Sethraliss,10,1,1108.2,173348,1,305.0,2026-08-21,0,-1,1115.0,41.9
25015,14669,Warrior,Protection,Mountain Thane,Tank,EU,Temple of Sethraliss,10,1,1108.2,165959,0,307.0,2026-08-21,0,-1,1115.0,41.9
25018,44122,Monk,Windwalker,Conduit of the Celestials,DPS,US,Murder Row,10,1,1103.8,252665,0,311.0,2026-08-21,0,-1,1095.0,46.3
25018,14075,Monk,Brewmaster,Master of Harmony,Tank,US,Murder Row,10,1,1103.8,90656,0,303.0,2026-08-21,0,-1,1095.0,46.3
25018,12776,Druid,Feral,Druid of the Claw,DPS,US,Murder Row,10,1,1103.8,196774,0,300.0,2026-08-21,0,-1,1095.0,46.3
25018,44123,Evoker,Preservation,Flameshaper,Healer,US,Murder Row,10,1,1103.8,49371,0,310.0,2026-08-21,0,-1,1095.0,46.3
25018,44125,Rogue,Subtlety,Deathstalker,DPS,US,Murder Row,10,1,1103.8,283211,0,309.0,2026-08-21,0,-1,1095.0,46.3
25019,55597,Priest,Shadow,Voidweaver,DPS,KR,Altar of Fangs,11,1,1145.0,236935,0,309.0,2026-08-21,0,-1,1137.0,36.9
25019,55596,Mage,Arcane,Sunfury,DPS,KR,Altar of Fangs,11,1,1145.0,232745,0,306.0,2026-08-21,0,-1,1137.0,36.9
25019,55598,DeathKnight,Unholy,Rider of the Apocalypse,DPS,KR,Altar of Fangs,11,1,1145.0,255690,0,301.0,2026-08-21,0,-1,1137.0,36.9
25019,55594,DeathKnight,Blood,San'layn,Tank,KR,Altar of Fangs,11,1,1145.0,164932,0,308.0,2026-08-21,0,-1,1137.0,36.9
25019,55595,Paladin,Holy,Lightsmith,Healer,KR,Altar of Fangs,11,1,1145.0,74225,0,308.0,2026-08-21,0,-1,1137.0,36.9
25020,55599,DeathKnight,Blood,San'layn,Tank,EU,Ruby Life Pools,11,1,1229.9,97629,0,294.0,2026-08-21,0,-1,1221.0,27.3
25020,55601,Mage,Arcane,Sunfury,DPS,EU,Ruby Life Pools,11,1,1229.9,207783,0,302.0,2026-08-21,0,-1,1221.0,27.3
25020,55600,Paladin,Holy,Herald of the Sun,Healer,EU,Ruby Life Pools,11,1,1229.9,21025,0,302.0,2026-08-21,0,-1,1221.0,27.3
25020,37327,Rogue,Outlaw,Trickster,DPS,EU,Ruby Life Pools,11,1,1229.9,199383,0,288.0,2026-08-21,0,-1,1221.0,27.3
25020,55602,Paladin,Retribution,Templar,DPS,EU,Ruby Life Pools,11,1,1229.9,188878,0,296.0,2026-08-21,0,-1,1221.0,27.3
25023,52829,Druid,Restoration,Wildstalker,Healer,US,Kings' Rest,11,1,1347.4,4324,2,310.0,2026-08-21,0,-1,1349.0,31.9
25023,2366,Warrior,Protection,Mountain Thane,Tank,US,Kings' Rest,11,1,1347.4,115357,0,305.0,2026-08-21,0,-1,1349.0,31.9
25023,53821,Shaman,Enhancement,Stormbringer,DPS,US,Kings' Rest,11,1,1347.4,156633,0,300.0,2026-08-21,0,-1,1349.0,31.9
25023,53820,Paladin,Retribution,Templar,DPS,US,Kings' Rest,11,1,1347.4,156868,0,300.0,2026-08-21,0,-1,1349.0,31.9
25023,55609,Hunter,BeastMastery,Pack Leader,DPS,US,Kings' Rest,11,1,1347.4,163773,0,304.0,2026-08-21,0,-1,1349.0,31.9
25024,55612,DemonHunter,Devourer,Annihilator,DPS,EU,Voidscar Arena,11,1,1159.9,198275,1,292.0,2026-08-21,0,-1,1161.0,35.5
25024,55611,Druid,Balance,Elune's Chosen,DPS,EU,Voidscar Arena,11,1,1159.9,221724,0,302.0,2026-08-21,0,-1,1161.0,35.5
25024,14381,DeathKnight,Blood,San'layn,Tank,EU,Voidscar Arena,11,1,1159.9,148761,0,306.0,2026-08-21,0,-1,1161.0,35.5
25024,14384,Evoker,Devastation,Scalecommander,DPS,EU,Voidscar Arena,11,1,1159.9,223144,1,310.0,2026-08-21,0,-1,1161.0,35.5
25024,55610,Druid,Restoration,Wildstalker,Healer,EU,Voidscar Arena,11,1,1159.9,12971,0,296.0,2026-08-21,0,-1,1161.0,35.5
25027,55621,Hunter,BeastMastery,Pack Leader,DPS,US,Temple of Sethraliss,10,1,1140.2,214021,0,303.0,2026-08-20,0,-1,1137.0,40.8
25027,55617,Druid,Guardian,Elune's Chosen,Tank,US,Temple of Sethraliss,10,1,1140.2,108939,0,299.0,2026-08-20,0,-1,1137.0,40.8
25027,55619,Evoker,Devastation,Scalecommander,DPS,US,Temple of Sethraliss,10,1,1140.2,192266,0,297.0,2026-08-20,0,-1,1137.0,40.8
25027,55618,Shaman,Restoration,Totemic,Healer,US,Temple of Sethraliss,10,1,1140.2,41767,0,309.0,2026-08-20,0,-1,1137.0,40.8
25027,55620,Rogue,Subtlety,Deathstalker,DPS,US,Temple of Sethraliss,10,1,1140.2,232891,1,297.0,2026-08-20,0,-1,1137.0,40.8
25032,54825,Druid,Balance,Elune's Chosen,DPS,EU,Temple of Sethraliss,12,1,1486.9,188176,1,303.0,2026-08-21,0,-1,1508.0,21.5
25032,55627,DeathKnight,Blood,San'layn,Tank,EU,Temple of Sethraliss,12,1,1486.9,109338,0,294.0,2026-08-21,0,-1,1508.0,21.5
25032,55629,Warlock,Demonology,Diabolist,DPS,EU,Temple of Sethraliss,12,1,1486.9,222196,0,299.0,2026-08-21,0,-1,1508.0,21.5
25032,54823,Shaman,Elemental,Farseer,DPS,EU,Temple of Sethraliss,12,1,1486.9,228643,1,308.0,2026-08-21,0,-1,1508.0,21.5
25032,55628,Shaman,Restoration,Totemic,Healer,EU,Temple of Sethraliss,12,1,1486.9,32066,0,295.0,2026-08-21,0,-1,1508.0,21.5
25034,1314,Hunter,BeastMastery,Pack Leader,DPS,US,Altar of Fangs,11,1,1301.1,246143,0,308.0,2026-08-21,0,-1,1293.0,28.2
25034,55630,Rogue,Assassination,Deathstalker,DPS,US,Altar of Fangs,11,1,1301.1,243069,0,304.0,2026-08-21,0,-1,1293.0,28.2
25034,2641,Paladin,Holy,Herald of the Sun,Healer,US,Altar of Fangs,11,1,1301.1,10528,0,301.0,2026-08-21,0,-1,1293.0,28.2
25034,1170,Shaman,Elemental,Farseer,DPS,US,Altar of Fangs,11,1,1301.1,279509,0,304.0,2026-08-21,0,-1,1293.0,28.2
25034,38557,Paladin,Protection,Lightsmith,Tank,US,Altar of Fangs,11,1,1301.1,122683,0,305.0,2026-08-21,0,-1,1293.0,28.2
25035,18036,DemonHunter,Devourer,Annihilator,DPS,US,Murder Row,12,1,1590.4,232026,0,296.0,2026-08-20,0,-1,1582.0,22.5
25035,55632,Warrior,Arms,Slayer,DPS,US,Murder Row,12,1,1590.4,152920,0,290.0,2026-08-20,0,-1,1582.0,22.5
25035,18035,Mage,Arcane,Sunfury,DPS,US,Murder Row,12,1,1590.4,211618,0,300.0,2026-08-20,0,-1,1582.0,22.5
25035,55631,Shaman,Restoration,Totemic,Healer,US,Murder Row,12,1,1590.4,23491,0,299.0,2026-08-20,0,-1,1582.0,22.5
25035,39902,Warrior,Protection,Mountain Thane,Tank,US,Murder Row,12,1,1590.4,118581,0,296.0,2026-08-20,0,-1,1582.0,22.5
25039,20657,Warrior,Arms,Slayer,DPS,EU,Voidscar Arena,14,0,2080.3,206621,6,303.0,2026-08-21,0,-1,2356.0,-30.9
25039,54488,DeathKnight,Blood,San'layn,Tank,EU,Voidscar Arena,14,0,2080.3,111212,4,303.0,2026-08-21,0,-1,2356.0,-30.9
25039,54489,Shaman,Restoration,Totemic,Healer,EU,Voidscar Arena,14,0,2080.3,38501,5,300.0,2026-08-21,0,-1,2356.0,-30.9
25039,24950,Shaman,Elemental,Farseer,DPS,EU,Voidscar Arena,14,0,2080.3,189438,5,300.0,2026-08-21,0,-1,2356.0,-30.9
25039,54490,Monk,Windwalker,Shado-Pan,DPS,EU,Voidscar Arena,14,0,2080.3,137818,6,307.0,2026-08-21,0,-1,2356.0,-30.9
25048,55654,DemonHunter,Vengeance,Annihilator,Tank,EU,The Blinding Vale,10,1,1111.9,150960,0,302.0,2026-08-21,0,-1,1108.0,38.4
25048,55655,Paladin,Holy,Herald of the Sun,Healer,EU,The Blinding Vale,10,1,1111.9,29569,0,304.0,2026-08-21,0,-1,1108.0,38.4
25048,24293,Evoker,Devastation,Scalecommander,DPS,EU,The Blinding Vale,10,1,1111.9,266818,0,305.0,2026-08-21,0,-1,1108.0,38.4
25048,55656,DeathKnight,Unholy,Rider of the Apocalypse,DPS,EU,The Blinding Vale,10,1,1111.9,226170,0,307.0,2026-08-21,0,-1,1108.0,38.4
25048,46038,Warlock,Demonology,Diabolist,DPS,EU,The Blinding Vale,10,1,1111.9,198618,1,302.0,2026-08-21,0,-1,1108.0,38.4
25052,55671,Mage,Arcane,Unknown,DPS,CN,Kings' Rest,13,1,1785.3,154057,1,301.0,2026-08-21,0,-1,1822.0,8.0
25052,55669,Shaman,Restoration,Unknown,Healer,CN,Kings' Rest,13,1,1785.3,31467,1,300.0,2026-08-21,0,-1,1822.0,8.0
25052,55668,DeathKnight,Blood,Unknown,Tank,CN,Kings' Rest,13,1,1785.3,85268,0,305.0,2026-08-21,0,-1,1822.0,8.0
25052,55672,Paladin,Retribution,Unknown,DPS,CN,Kings' Rest,13,1,1785.3,129124,1,299.0,2026-08-21,0,-1,1822.0,8.0
25052,55670,Warrior,Arms,Unknown,DPS,CN,Kings' Rest,13,1,1785.3,152959,0,300.0,2026-08-21,0,-1,1822.0,8.0
25057,51633,Rogue,Outlaw,Unknown,DPS,US,Kings' Rest,14,1,1833.6,175062,2,295.0,2026-08-21,0,-1,1960.0,1.0
25057,1372,Monk,Windwalker,Unknown,DPS,US,Kings' Rest,14,1,1833.6,149196,3,300.0,2026-08-21,0,-1,1960.0,1.0
25057,55689,Shaman,Elemental,Unknown,DPS,US,Kings' Rest,14,1,1833.6,134376,2,297.0,2026-08-21,0,-1,1960.0,1.0
25057,1370,Paladin,Holy,Unknown,Healer,US,Kings' Rest,14,1,1833.6,36138,1,299.0,2026-08-21,0,-1,1960.0,1.0
25057,1369,Warrior,Protection,Unknown,Tank,US,Kings' Rest,14,1,1833.6,98548,1,301.0,2026-08-21,0,-1,1960.0,1.0
25060,16640,Priest,Shadow,Archon,DPS,EU,Murder Row,11,1,1383.9,193178,0,303.0,2026-08-20,0,-1,1390.0,31.9
25060,12692,Mage,Arcane,Sunfury,DPS,EU,Murder Row,11,1,1383.9,191448,0,295.0,2026-08-20,0,-1,1390.0,31.9
25060,55692,Monk,Mistweaver,Conduit of the Celestials,Healer,EU,Murder Row,11,1,1383.9,40661,1,293.0,2026-08-20,0,-1,1390.0,31.9
25060,16637,DeathKnight,Blood,Deathbringer,Tank,EU,Murder Row,11,1,1383.9,115650,1,295.0,2026-08-20,0,-1,1390.0,31.9
25060,16639,DemonHunter,Devourer,Void-Scarred,DPS,EU,Murder Row,11,1,1383.9,210695,1,301.0,2026-08-20,0,-1,1390.0,31.9
25061,55695,DemonHunter,Devourer,Annihilator,DPS,CN,Kings' Rest,11,1,1365.3,140063,1,299.0,2026-08-21,0,-1,1372.0,30.7
25061,55694,Paladin,Holy,Lightsmith,Healer,CN,Kings' Rest,11,1,1365.3,24158,0,300.0,2026-08-21,0,-1,1372.0,30.7
25061,55693,DeathKnight,Blood,San'layn,Tank,CN,Kings' Rest,11,1,1365.3,102296,0,305.0,2026-08-21,0,-1,1372.0,30.7
25061,55696,Hunter,Marksmanship,Sentinel,DPS,CN,Kings' Rest,11,1,1365.3,130368,1,302.0,2026-08-21,0,-1,1372.0,30.7
25061,55697,Shaman,Elemental,Farseer,DPS,CN,Kings' Rest,11,1,1365.3,185391,1,302.0,2026-08-21,0,-1,1372.0,30.7
25063,12688,Warrior,Arms,Slayer,DPS,US,Ruby Life Pools,14,0,1598.5,183804,2,305.0,2026-08-22,0,-1,1710.0,-1.8
25063,12686,Paladin,Holy,Herald of the Sun,Healer,US,Ruby Life Pools,14,0,1598.5,29542,3,304.0,2026-08-22,0,-1,1710.0,-1.8
25063,12685,DeathKnight,Blood,San'layn,Tank,US,Ruby Life Pools,14,0,1598.5,140747,0,308.0,2026-08-22,0,-1,1710.0,-1.8
25063,55698,Rogue,Assassination,Deathstalker,DPS,US,Ruby Life Pools,14,0,1598.5,238625,2,305.0,2026-08-22,0,-1,1710.0,-1.8
25063,12687,Shaman,Elemental,Farseer,DPS,US,Ruby Life Pools,14,0,1598.5,250881,1,305.0,2026-08-22,0,-1,1710.0,-1.8
25070,55711,Druid,Guardian,Elune's Chosen,Tank,EU,Voidscar Arena,12,1,1429.2,68942,1,294.0,2026-08-20,0,-1,1436.0,20.2
25070,55712,Paladin,Holy,Herald of the Sun,Healer,EU,Voidscar Arena,12,1,1429.2,27350,0,298.0,2026-08-20,0,-1,1436.0,20.2
25070,55714,Mage,Arcane,Sunfury,DPS,EU,Voidscar Arena,12,1,1429.2,199908,0,302.0,2026-08-20,0,-1,1436.0,20.2
25070,21995,DeathKnight,Unholy,Rider of the Apocalypse,DPS,EU,Voidscar Arena,12,1,1429.2,167581,0,306.0,2026-08-20,0,-1,1436.0,20.2
25070,55713,Priest,Shadow,Archon,DPS,EU,Voidscar Arena,12,1,1429.2,166247,0,298.0,2026-08-20,0,-1,1436.0,20.2
25075,12809,Hunter,Marksmanship,Sentinel,DPS,EU,Murder Row,11,1,1377.3,242701,0,305.0,2026-08-20,0,-1,1378.0,32.4
25075,42366,Druid,Restoration,Wildstalker,Healer,EU,Murder Row,11,1,1377.3,6374,1,291.0,2026-08-20,0,-1,1378.0,32.4
25075,55720,Warlock,Demonology,Diabolist,DPS,EU,Murder Row,11,1,1377.3,182757,0,296.0,2026-08-20,0,-1,1378.0,32.4
25075,52997,Priest,Shadow,Archon,DPS,EU,Murder Row,11,1,1377.3,212075,1,298.0,2026-08-20,0,-1,1378.0,32.4
25075,55719,Warrior,Protection,Mountain Thane,Tank,EU,Murder Row,11,1,1377.3,122708,0,299.0,2026-08-20,0,-1,1378.0,32.4
25076,55722,Hunter,Marksmanship,Sentinel,DPS,EU,Den of Nalorakk,10,1,1200.9,183489,1,303.0,2026-08-21,0,-1,1207.0,37.1
25076,55723,Warrior,Arms,Slayer,DPS,EU,Den of Nalorakk,10,1,1200.9,170270,1,296.0,2026-08-21,0,-1,1207.0,37.1
25076,55721,Druid,Guardian,Elune's Chosen,Tank,EU,Den of Nalorakk,10,1,1200.9,119186,0,309.0,2026-08-21,0,-1,1207.0,37.1
25076,15688,DeathKnight,Unholy,San'layn,DPS,EU,Den of Nalorakk,10,1,1200.9,217729,0,303.0,2026-08-21,0,-1,1207.0,37.1
25076,15685,Priest,Holy,Oracle,Healer,EU,Den of Nalorakk,10,1,1200.9,21576,1,314.0,2026-08-21,0,-1,1207.0,37.1
25087,55753,Hunter,BeastMastery,Pack Leader,DPS,EU,Murder Row,11,1,1377.7,186556,0,297.0,2026-08-21,0,-1,1374.0,32.7
25087,55752,Mage,Arcane,Sunfury,DPS,EU,Murder Row,11,1,1377.7,238830,0,304.0,2026-08-21,0,-1,1374.0,32.7
25087,55749,Monk,Brewmaster,Shado-Pan,Tank,EU,Murder Row,11,1,1377.7,113779,0,309.0,2026-08-21,0,-1,1374.0,32.7
25087,55751,DeathKnight,Unholy,San'layn,DPS,EU,Murder Row,11,1,1377.7,230554,0,301.0,2026-08-21,0,-1,1374.0,32.7
25087,55750,Paladin,Holy,Herald of the Sun,Healer,EU,Murder Row,11,1,1377.7,12978,1,302.0,2026-08-21,0,-1,1374.0,32.7
25089,39610,Shaman,Elemental,Farseer,DPS,EU,Altar of Fangs,14,0,1789.7,244447,4,307.0,2026-08-21,0,-1,1932.0,-7.3
25089,52198,Shaman,Restoration,Totemic,Healer,EU,Altar of Fangs,14,0,1789.7,27622,2,303.0,2026-08-21,0,-1,1932.0,-7.3
25089,15031,DeathKnight,Frost,Deathbringer,DPS,EU,Altar of Fangs,14,0,1789.7,237405,2,307.0,2026-08-21,0,-1,1932.0,-7.3
25089,16175,Warrior,Arms,Slayer,DPS,EU,Altar of Fangs,14,0,1789.7,243522,1,305.0,2026-08-21,0,-1,1932.0,-7.3
25089,22947,Paladin,Protection,Lightsmith,Tank,EU,Altar of Fangs,14,0,1789.7,136053,1,308.0,2026-08-21,0,-1,1932.0,-7.3
25091,25369,Druid,Restoration,Wildstalker,Healer,EU,Ruby Life Pools,7,1,989.0,27639,0,295.0,2026-08-20,0,-1,980.0,41.7
25091,55758,Paladin,Retribution,Templar,DPS,EU,Ruby Life Pools,7,1,989.0,177354,0,298.0,2026-08-20,0,-1,980.0,41.7
25091,55759,Hunter,Marksmanship,Sentinel,DPS,EU,Ruby Life Pools,7,1,989.0,171708,0,294.0,2026-08-20,0,-1,980.0,41.7
25091,25368,DeathKnight,Blood,San'layn,Tank,EU,Ruby Life Pools,7,1,989.0,145381,0,302.0,2026-08-20,0,-1,980.0,41.7
25091,55760,Evoker,Devastation,Scalecommander,DPS,EU,Ruby Life Pools,7,1,989.0,186769,0,295.0,2026-08-20,0,-1,980.0,41.7
25092,55763,DemonHunter,Havoc,Fel-Scarred,DPS,EU,Voidscar Arena,10,1,1073.1,207596,0,301.0,2026-08-21,0,-1,1064.0,40.9
25092,55764,Monk,Windwalker,Shado-Pan,DPS,EU,Voidscar Arena,10,1,1073.1,233250,0,304.0,2026-08-21,0,-1,1064.0,40.9
25092,55761,DeathKnight,Blood,San'layn,Tank,EU,Voidscar Arena,10,1,1073.1,106872,0,306.0,2026-08-21,0,-1,1064.0,40.9
25092,19598,Shaman,Enhancement,Stormbringer,DPS,EU,Voidscar Arena,10,1,1073.1,212002,0,305.0,2026-08-21,0,-1,1064.0,40.9
25092,55762,Evoker,Preservation,Chronowarden,Healer,EU,Voidscar Arena,10,1,1073.1,23893,0,301.0,2026-08-21,0,-1,1064.0,40.9
25097,55778,Warrior,Arms,Slayer,DPS,US,Den of Nalorakk,12,1,1526.7,197378,0,304.0,2026-08-22,0,-1,1534.0,20.1
25097,4888,Rogue,Assassination,Deathstalker,DPS,US,Den of Nalorakk,12,1,1526.7,199732,0,302.0,2026-08-22,0,-1,1534.0,20.1
25097,4884,Paladin,Protection,Lightsmith,Tank,US,Den of Nalorakk,12,1,1526.7,119927,0,308.0,2026-08-22,0,-1,1534.0,20.1
25097,55777,Mage,Arcane,Sunfury,DPS,US,Den of Nalorakk,12,1,1526.7,160389,1,297.0,2026-08-22,0,-1,1534.0,20.1
25097,4885,Druid,Restoration,Wildstalker,Healer,US,Den of Nalorakk,12,1,1526.7,14325,0,311.0,2026-08-22,0,-1,1534.0,20.1
25098,20516,Rogue,Assassination,Deathstalker,DPS,US,Den of Nalorakk,10,1,1143.9,201777,0,300.0,2026-08-20,0,-1,1136.0,40.8
25098,7329,DeathKnight,Blood,San'layn,Tank,US,Den of Nalorakk,10,1,1143.9,98005,0,308.0,2026-08-20,0,-1,1136.0,40.8
25098,52593,Monk,Windwalker,Shado-Pan,DPS,US,Den of Nalorakk,10,1,1143.9,178469,0,301.0,2026-08-20,0,-1,1136.0,40.8
25098,11839,Shaman,Restoration,Totemic,Healer,US,Den of Nalorakk,10,1,1143.9,28684,0,303.0,2026-08-20,0,-1,1136.0,40.8
25098,52594,Warrior,Fury,Slayer,DPS,US,Den of Nalorakk,10,1,1143.9,205882,0,306.0,2026-08-20,0,-1,1136.0,40.8
25118,51183,DeathKnight,Unholy,San'layn,DPS,EU,Altar of Fangs,12,1,1504.9,261604,0,303.0,2026-08-21,0,-1,1511.0,16.0
25118,55503,Paladin,Protection,Lightsmith,Tank,EU,Altar of Fangs,12,1,1504.9,134974,0,303.0,2026-08-21,0,-1,1511.0,16.0
25118,55505,Hunter,Marksmanship,Sentinel,DPS,EU,Altar of Fangs,12,1,1504.9,194267,0,302.0,2026-08-21,0,-1,1511.0,16.0
25118,55504,Paladin,Holy,Herald of the Sun,Healer,EU,Altar of Fangs,12,1,1504.9,23503,0,303.0,2026-08-21,0,-1,1511.0,16.0
25118,55506,Shaman,Enhancement,Stormbringer,DPS,EU,Altar of Fangs,12,1,1504.9,261548,1,303.0,2026-08-21,0,-1,1511.0,16.0
25121,14622,Mage,Arcane,Sunfury,DPS,EU,Kings' Rest,10,1,1131.2,200718,1,309.0,2026-08-21,0,-1,1138.0,42.5
25121,14619,DeathKnight,Blood,San'layn,Tank,EU,Kings' Rest,10,1,1131.2,97807,0,311.0,2026-08-21,0,-1,1138.0,42.5
25121,14621,DemonHunter,Devourer,Void-Scarred,DPS,EU,Kings' Rest,10,1,1131.2,163699,0,307.0,2026-08-21,0,-1,1138.0,42.5
25121,55835,Shaman,Elemental,Farseer,DPS,EU,Kings' Rest,10,1,1131.2,136977,0,301.0,2026-08-21,0,-1,1138.0,42.5
25121,14623,Paladin,Holy,Lightsmith,Healer,EU,Kings' Rest,10,1,1131.2,44613,2,307.0,2026-08-21,0,-1,1138.0,42.5
25129,52403,DeathKnight,Blood,San'layn,Tank,EU,Ruby Life Pools,11,1,1226.8,136091,0,307.0,2026-08-20,0,-1,1218.0,27.5
25129,55853,Paladin,Holy,Herald of the Sun,Healer,EU,Ruby Life Pools,11,1,1226.8,14192,0,289.0,2026-08-20,0,-1,1218.0,27.5
25129,17815,Rogue,Subtlety,Deathstalker,DPS,EU,Ruby Life Pools,11,1,1226.8,224660,0,296.0,2026-08-20,0,-1,1218.0,27.5
25129,52405,Evoker,Devastation,Scalecommander,DPS,EU,Ruby Life Pools,11,1,1226.8,214821,0,294.0,2026-08-20,0,-1,1218.0,27.5
25129,55854,DeathKnight,Unholy,Rider of the Apocalypse,DPS,EU,Ruby Life Pools,11,1,1226.8,202968,0,292.0,2026-08-20,0,-1,1218.0,27.5
25130,55858,Hunter,Marksmanship,Sentinel,DPS,US,Murder Row,9,1,1137.3,240820,0,303.0,2026-08-20,0,-1,1128.0,44.7
25130,55859,Druid,Balance,Elune's Chosen,DPS,US,Murder Row,9,1,1137.3,213056,0,306.0,2026-08-20,0,-1,1128.0,44.7
25130,55856,Priest,Holy,Oracle,Healer,US,Murder Row,9,1,1137.3,32537,0,296.0,2026-08-20,0,-1,1128.0,44.7
25130,55855,Monk,Brewmaster,Master of Harmony,Tank,US,Murder Row,9,1,1137.3,108858,0,301.0,2026-08-20,0,-1,1128.0,44.7
25130,55857,Evoker,Devastation,Scalecommander,DPS,US,Murder Row,9,1,1137.3,193757,0,306.0,2026-08-20,0,-1,1128.0,44.7
25131,55860,Monk,Windwalker,Shado-Pan,DPS,US,Kings' Rest,9,1,1154.4,148923,0,300.0,2026-08-20,0,-1,1151.0,41.9
25131,3793,DeathKnight,Blood,San'layn,Tank,US,Kings' Rest,9,1,1154.4,82528,0,297.0,2026-08-20,0,-1,1151.0,41.9
25131,3795,Warrior,Arms,Slayer,DPS,US,Kings' Rest,9,1,1154.4,156241,1,302.0,2026-08-20,0,-1,1151.0,41.9
25131,3874,Shaman,Restoration,Totemic,Healer,US,Kings' Rest,9,1,1154.4,18909,0,299.0,2026-08-20,0,-1,1151.0,41.9
25131,3797,Evoker,Devastation,Scalecommander,DPS,US,Kings' Rest,9,1,1154.4,143855,0,298.0,2026-08-20,0,-1,1151.0,41.9
25134,55863,Paladin,Holy,Herald of the Sun,Healer,CN,Ruby Life Pools,6,1,1001.7,14140,0,291.0,2026-08-21,0,-1,993.0,40.9
25134,55862,Paladin,Protection,Lightsmith,Tank,CN,Ruby Life Pools,6,1,1001.7,89652,0,286.0,2026-08-21,0,-1,993.0,40.9
25134,55866,Warrior,Arms,Slayer,DPS,CN,Ruby Life Pools,6,1,1001.7,145576,0,291.0,2026-08-21,0,-1,993.0,40.9
25134,55864,Mage,Arcane,Sunfury,DPS,CN,Ruby Life Pools,6,1,1001.7,129019,0,293.0,2026-08-21,0,-1,993.0,40.9
25134,55865,Hunter,BeastMastery,Pack Leader,DPS,CN,Ruby Life Pools,6,1,1001.7,150599,0,288.0,2026-08-21,0,-1,993.0,40.9
25135,55155,DeathKnight,Blood,San'layn,Tank,CN,Ruby Life Pools,11,1,1119.1,110349,0,290.0,2026-08-21,0,-1,1111.0,33.9
25135,55869,Warlock,Destruction,Diabolist,DPS,CN,Ruby Life Pools,11,1,1119.1,210169,0,292.0,2026-08-21,0,-1,1111.0,33.9
25135,55868,Warrior,Arms,Slayer,DPS,CN,Ruby Life Pools,11,1,1119.1,274247,0,303.0,2026-08-21,0,-1,1111.0,33.9
25135,55870,Mage,Arcane,Sunfury,DPS,CN,Ruby Life Pools,11,1,1119.1,266777,0,304.0,2026-08-21,0,-1,1111.0,33.9
25135,55867,Paladin,Holy,Lightsmith,Healer,CN,Ruby Life Pools,11,1,1119.1,35656,0,293.0,2026-08-21,0,-1,1111.0,33.9
25139,15621,DemonHunter,Havoc,Fel-Scarred,DPS,EU,Altar of Fangs,10,1,1076.3,233066,2,309.0,2026-08-21,0,-1,1077.0,40.2
25139,13494,DeathKnight,Blood,San'layn,Tank,EU,Altar of Fangs,10,1,1076.3,121012,0,306.0,2026-08-21,0,-1,1077.0,40.2
25139,13496,Druid,Feral,Wildstalker,DPS,EU,Altar of Fangs,10,1,1076.3,223230,0,302.0,2026-08-21,0,-1,1077.0,40.2
25139,55881,Shaman,Restoration,Totemic,Healer,EU,Altar of Fangs,10,1,1076.3,17985,0,289.0,2026-08-21,0,-1,1077.0,40.2
25139,13498,DeathKnight,Unholy,Rider of the Apocalypse,DPS,EU,Altar of Fangs,10,1,1076.3,295390,0,309.0,2026-08-21,0,-1,1077.0,40.2
25141,55888,DemonHunter,Devourer,Void-Scarred,DPS,US,Altar of Fangs,11,1,1242.2,187631,2,308.0,2026-08-21,0,-1,1244.0,30.9
25141,39889,Shaman,Elemental,Farseer,DPS,US,Altar of Fangs,11,1,1242.2,267794,0,307.0,2026-08-21,0,-1,1244.0,30.9
25141,39888,Evoker,Preservation,Flameshaper,Healer,US,Altar of Fangs,11,1,1242.2,49583,0,307.0,2026-08-21,0,-1,1244.0,30.9
25141,10248,Warrior,Arms,Slayer,DPS,US,Altar of Fangs,11,1,1242.2,256586,0,301.0,2026-08-21,0,-1,1244.0,30.9
25141,55887,DeathKnight,Blood,Deathbringer,Tank,US,Altar of Fangs,11,1,1242.2,136691,0,301.0,2026-08-21,0,-1,1244.0,30.9
25144,55894,Monk,Mistweaver,Conduit of the Celestials,Healer,EU,The Blinding Vale,11,1,1292.8,55587,1,298.0,2026-08-21,0,-1,1304.0,27.6
25144,55895,Mage,Arcane,Sunfury,DPS,EU,The Blinding Vale,11,1,1292.8,184181,2,293.0,2026-08-21,0,-1,1304.0,27.6
25144,46006,Paladin,Retribution,Templar,DPS,EU,The Blinding Vale,11,1,1292.8,233268,0,305.0,2026-08-21,0,-1,1304.0,27.6
25144,55893,Druid,Guardian,Elune's Chosen,Tank,EU,The Blinding Vale,11,1,1292.8,84578,0,293.0,2026-08-21,0,-1,1304.0,27.6
25144,55896,Shaman,Elemental,Farseer,DPS,EU,The Blinding Vale,11,1,1292.8,231404,1,299.0,2026-08-21,0,-1,1304.0,27.6
25147,13407,Hunter,Marksmanship,Sentinel,DPS,EU,Den of Nalorakk,10,1,1176.5,177903,1,298.0,2026-08-20,0,-1,1173.0,38.9
25147,13406,Evoker,Devastation,Scalecommander,DPS,EU,Den of Nalorakk,10,1,1176.5,185082,0,298.0,2026-08-20,0,-1,1173.0,38.9
25147,13403,Monk,Brewmaster,Shado-Pan,Tank,EU,Den of Nalorakk,10,1,1176.5,88066,0,296.0,2026-08-20,0,-1,1173.0,38.9
25147,13405,DemonHunter,Devourer,Void-Scarred,DPS,EU,Den of Nalorakk,10,1,1176.5,225980,0,308.0,2026-08-20,0,-1,1173.0,38.9
25147,13404,Evoker,Preservation,Flameshaper,Healer,EU,Den of Nalorakk,10,1,1176.5,34211,0,300.0,2026-08-20,0,-1,1173.0,38.9
25149,13503,Shaman,Restoration,Totemic,Healer,EU,Den of Nalorakk,12,1,1416.6,29703,0,302.0,2026-08-20,0,-1,1408.0,26.6
25149,13502,DeathKnight,Blood,San'layn,Tank,EU,Den of Nalorakk,12,1,1416.6,99984,0,306.0,2026-08-20,0,-1,1408.0,26.6
25149,14879,Warrior,Arms,Slayer,DPS,EU,Den of Nalorakk,12,1,1416.6,203543,0,305.0,2026-08-20,0,-1,1408.0,26.6
25149,13505,Mage,Arcane,Sunfury,DPS,EU,Den of Nalorakk,12,1,1416.6,173371,0,304.0,2026-08-20,0,-1,1408.0,26.6
25149,13506,Paladin,Retribution,Templar,DPS,EU,Den of Nalorakk,12,1,1416.6,196687,0,297.0,2026-08-20,0,-1,1408.0,26.6
25150,14009,DeathKnight,Blood,Deathbringer,Tank,EU,Kings' Rest,10,1,1090.2,95117,0,298.0,2026-08-20,0,-1,1092.0,44.8
25150,14013,Warrior,Arms,Slayer,DPS,EU,Kings' Rest,10,1,1090.2,196149,0,303.0,2026-08-20,0,-1,1092.0,44.8
25150,14010,Monk,Mistweaver,Conduit of the Celestials,Healer,EU,Kings' Rest,10,1,1090.2,47616,1,301.0,2026-08-20,0,-1,1092.0,44.8
25150,55906,Shaman,Enhancement,Stormbringer,DPS,EU,Kings' Rest,10,1,1090.2,165048,1,297.0,2026-08-20,0,-1,1092.0,44.8
25150,14012,DeathKnight,Frost,Deathbringer,DPS,EU,Kings' Rest,10,1,1090.2,168668,0,297.0,2026-08-20,0,-1,1092.0,44.8
25155,18103,Rogue,Assassination,Deathstalker,DPS,US,Murder Row,12,1,1552.8,198472,0,297.0,2026-08-20,0,-1,1574.0,22.9
25155,5422,Druid,Guardian,Druid of the Claw,Tank,US,Murder Row,12,1,1552.8,105670,0,306.0,2026-08-20,0,-1,1574.0,22.9
25155,18102,Warrior,Arms,Slayer,DPS,US,Murder Row,12,1,1552.8,180108,1,305.0,2026-08-20,0,-1,1574.0,22.9
25155,55353,Shaman,Restoration,Totemic,Healer,US,Murder Row,12,1,1552.8,16136,0,298.0,2026-08-20,0,-1,1574.0,22.9
25155,5424,DemonHunter,Havoc,Fel-Scarred,DPS,US,Murder Row,12,1,1552.8,249228,1,301.0,2026-08-20,0,-1,1574.0,22.9
25157,16071,Evoker,Devastation,Scalecommander,DPS,US,Ruby Life Pools,11,1,1198.3,194652,0,301.0,2026-08-22,0,-1,1194.0,28.9
25157,55910,DeathKnight,Blood,San'layn,Tank,US,Ruby Life Pools,11,1,1198.3,104524,0,301.0,2026-08-22,0,-1,1194.0,28.9
25157,1589,Druid,Balance,Elune's Chosen,DPS,US,Ruby Life Pools,11,1,1198.3,223845,0,312.0,2026-08-22,0,-1,1194.0,28.9
25157,55912,Mage,Arcane,Sunfury,DPS,US,Ruby Life Pools,11,1,1198.3,240296,1,303.0,2026-08-22,0,-1,1194.0,28.9
25157,55911,Shaman,Restoration,Totemic,Healer,US,Ruby Life Pools,11,1,1198.3,14417,0,300.0,2026-08-22,0,-1,1194.0,28.9
25160,13023,Hunter,Marksmanship,Unknown,DPS,EU,Voidscar Arena,10,1,941.8,209215,0,303.0,2026-08-21,0,-1,938.0,47.9
25160,12792,Druid,Feral,Unknown,DPS,EU,Voidscar Arena,10,1,941.8,221394,1,303.0,2026-08-21,0,-1,938.0,47.9
25160,12793,Warrior,Arms,Unknown,DPS,EU,Voidscar Arena,10,1,941.8,249592,0,300.0,2026-08-21,0,-1,938.0,47.9
25160,13708,Paladin,Protection,Unknown,Tank,EU,Voidscar Arena,10,1,941.8,131229,0,307.0,2026-08-21,0,-1,938.0,47.9
25160,53902,Shaman,Restoration,Unknown,Healer,EU,Voidscar Arena,10,1,941.8,42112,0,306.0,2026-08-21,0,-1,938.0,47.9
25165,52977,Warlock,Demonology,Diabolist,DPS,US,Altar of Fangs,2,1,903.7,158982,0,300.0,2026-08-22,0,-1,895.0,50.3
25165,52975,Evoker,Devastation,Scalecommander,DPS,US,Altar of Fangs,2,1,903.7,105196,0,297.0,2026-08-22,0,-1,895.0,50.3
25165,52973,DeathKnight,Blood,San'layn,Tank,US,Altar of Fangs,2,1,903.7,75802,0,303.0,2026-08-22,0,-1,895.0,50.3
25165,52974,Paladin,Holy,Herald of the Sun,Healer,US,Altar of Fangs,2,1,903.7,7338,0,290.0,2026-08-22,0,-1,895.0,50.3
25165,52976,DemonHunter,Devourer,Void-Scarred,DPS,US,Altar of Fangs,2,1,903.7,149540,0,302.0,2026-08-22,0,-1,895.0,50.3
25167,315,Warlock,Demonology,Diabolist,DPS,US,Temple of Sethraliss,13,1,1696.5,219656,1,300.0,2026-08-21,0,-1,1733.0,9.8
25167,312,Paladin,Protection,Lightsmith,Tank,US,Temple of Sethraliss,13,1,1696.5,94219,0,303.0,2026-08-21,0,-1,1733.0,9.8
25167,53044,Rogue,Assassination,Deathstalker,DPS,US,Temple of Sethraliss,13,1,1696.5,219187,1,305.0,2026-08-21,0,-1,1733.0,9.8
25167,313,Shaman,Restoration,Totemic,Healer,US,Temple of Sethraliss,13,1,1696.5,33235,0,308.0,2026-08-21,0,-1,1733.0,9.8
25167,41659,Mage,Arcane,Sunfury,DPS,US,Temple of Sethraliss,13,1,1696.5,178736,1,299.0,2026-08-21,0,-1,1733.0,9.8
25168,55928,Paladin,Protection,Lightsmith,Tank,EU,Temple of Sethraliss,13,1,1655.7,105368,1,310.0,2026-08-21,0,-1,1722.0,10.3
25168,52408,DemonHunter,Devourer,Annihilator,DPS,EU,Temple of Sethraliss,13,1,1655.7,204768,0,299.0,2026-08-21,0,-1,1722.0,10.3
25168,44721,Rogue,Assassination,Deathstalker,DPS,EU,Temple of Sethraliss,13,1,1655.7,210696,2,296.0,2026-08-21,0,-1,1722.0,10.3
25168,44720,Shaman,Restoration,Totemic,Healer,EU,Temple of Sethraliss,13,1,1655.7,23543,1,296.0,2026-08-21,0,-1,1722.0,10.3
25168,13420,Hunter,BeastMastery,Pack Leader,DPS,EU,Temple of Sethraliss,13,1,1655.7,232454,1,309.0,2026-08-21,0,-1,1722.0,10.3
25171,14459,DeathKnight,Blood,San'layn,Tank,EU,Voidscar Arena,10,1,962.4,132116,0,303.0,2026-08-21,0,-1,960.0,46.7
25171,55931,Priest,Holy,Oracle,Healer,EU,Voidscar Arena,10,1,962.4,31663,0,305.0,2026-08-21,0,-1,960.0,46.7
25171,55932,Shaman,Elemental,Farseer,DPS,EU,Voidscar Arena,10,1,962.4,208972,0,307.0,2026-08-21,0,-1,960.0,46.7
25171,14461,Druid,Balance,Elune's Chosen,DPS,EU,Voidscar Arena,10,1,962.4,204708,0,306.0,2026-08-21,0,-1,960.0,46.7
25171,14463,Warlock,Destruction,Diabolist,DPS,EU,Voidscar Arena,10,1,962.4,245702,0,304.0,2026-08-21,0,-1,960.0,46.7
25173,55935,Mage,Fire,Sunfury,DPS,EU,Ruby Life Pools,11,1,1216.8,225199,0,295.0,2026-08-21,0,-1,1209.0,28.1
25173,55934,Warlock,Demonology,Diabolist,DPS,EU,Ruby Life Pools,11,1,1216.8,179149,0,292.0,2026-08-21,0,-1,1209.0,28.1
25173,55933,Priest,Holy,Oracle,Healer,EU,Ruby Life Pools,11,1,1216.8,19896,0,289.0,2026-08-21,0,-1,1209.0,28.1
25173,27631,DeathKnight,Blood,San'layn,Tank,EU,Ruby Life Pools,11,1,1216.8,128166,0,311.0,2026-08-21,0,-1,1209.0,28.1
25173,27632,Shaman,Elemental,Farseer,DPS,EU,Ruby Life Pools,11,1,1216.8,205522,0,301.0,2026-08-21,0,-1,1209.0,28.1
25175,44278,Druid,Guardian,Elune's Chosen,Tank,US,Den of Nalorakk,12,1,1582.4,93822,0,303.0,2026-08-20,0,-1,1574.0,18.0
25175,55938,Warlock,Demonology,Diabolist,DPS,US,Den of Nalorakk,12,1,1582.4,187766,0,303.0,2026-08-20,0,-1,1574.0,18.0
25175,4178,Priest,Discipline,Voidweaver,Healer,US,Den of Nalorakk,12,1,1582.4,41556,0,308.0,2026-08-20,0,-1,1574.0,18.0
25175,55937,Hunter,BeastMastery,Pack Leader,DPS,US,Den of Nalorakk,12,1,1582.4,157558,0,304.0,2026-08-20,0,-1,1574.0,18.0
25175,55936,Rogue,Outlaw,Trickster,DPS,US,Den of Nalorakk,12,1,1582.4,182740,0,293.0,2026-08-20,0,-1,1574.0,18.0
25178,55948,Monk,Windwalker,Shado-Pan,DPS,KR,Ruby Life Pools,10,1,981.5,183539,0,304.0,2026-08-22,0,-1,973.0,42.1
25178,55947,Warrior,Arms,Slayer,DPS,KR,Ruby Life Pools,10,1,981.5,258001,0,303.0,2026-08-22,0,-1,973.0,42.1
25178,55945,Priest,Holy,Oracle,Healer,KR,Ruby Life Pools,10,1,981.5,14311,0,305.0,2026-08-22,0,-1,973.0,42.1
25178,55946,Mage,Arcane,Sunfury,DPS,KR,Ruby Life Pools,10,1,981.5,229851,0,307.0,2026-08-22,0,-1,973.0,42.1
25178,55944,Paladin,Protection,Lightsmith,Tank,KR,Ruby Life Pools,10,1,981.5,104322,0,310.0,2026-08-22,0,-1,973.0,42.1
25184,55961,Mage,Arcane,Sunfury,DPS,US,Altar of Fangs,13,1,1634.2,252251,1,306.0,2026-08-22,0,-1,1701.0,5.5
25184,28644,Paladin,Retribution,Herald of the Sun,DPS,US,Altar of Fangs,13,1,1634.2,198269,2,300.0,2026-08-22,0,-1,1701.0,5.5
25184,55960,Druid,Guardian,Elune's Chosen,Tank,US,Altar of Fangs,13,1,1634.2,96004,0,307.0,2026-08-22,0,-1,1701.0,5.5
25184,23202,Priest,Holy,Oracle,Healer,US,Altar of Fangs,13,1,1634.2,41858,0,309.0,2026-08-22,0,-1,1701.0,5.5
25184,55962,DemonHunter,Devourer,Void-Scarred,DPS,US,Altar of Fangs,13,1,1634.2,224218,2,304.0,2026-08-22,0,-1,1701.0,5.5
25187,55967,Warrior,Arms,Slayer,DPS,US,Den of Nalorakk,12,1,1593.0,155507,0,300.0,2026-08-21,0,-1,1584.0,17.5
25187,1482,DemonHunter,Devourer,Void-Scarred,DPS,US,Den of Nalorakk,12,1,1593.0,174536,0,305.0,2026-08-21,0,-1,1584.0,17.5
25187,55965,Shaman,Restoration,Totemic,Healer,US,Den of Nalorakk,12,1,1593.0,25225,0,298.0,2026-08-21,0,-1,1584.0,17.5
25187,55966,Paladin,Retribution,Templar,DPS,US,Den of Nalorakk,12,1,1593.0,172975,0,304.0,2026-08-21,0,-1,1584.0,17.5
25187,55964,Paladin,Protection,Lightsmith,Tank,US,Den of Nalorakk,12,1,1593.0,80596,0,295.0,2026-08-21,0,-1,1584.0,17.5
25201,38700,Shaman,Elemental,Farseer,DPS,US,Kings' Rest,11,1,1412.9,166538,0,302.0,2026-08-20,0,-1,1409.0,28.8
25201,5993,Druid,Guardian,Elune's Chosen,Tank,US,Kings' Rest,11,1,1412.9,70388,0,300.0,2026-08-20,0,-1,1409.0,28.8
25201,39192,Druid,Restoration,Wildstalker,Healer,US,Kings' Rest,11,1,1412.9,6061,1,297.0,2026-08-20,0,-1,1409.0,28.8
25201,5996,Priest,Shadow,Archon,DPS,US,Kings' Rest,11,1,1412.9,159310,0,302.0,2026-08-20,0,-1,1409.0,28.8
25201,38701,Rogue,Subtlety,Deathstalker,DPS,US,Kings' Rest,11,1,1412.9,160580,0,301.0,2026-08-20,0,-1,1409.0,28.8
25210,56015,Mage,Arcane,Sunfury,DPS,CN,Altar of Fangs,12,1,1458.9,234566,1,301.0,2026-08-21,0,-1,1526.0,15.2
25210,56012,Shaman,Restoration,Totemic,Healer,CN,Altar of Fangs,12,1,1458.9,30318,1,305.0,2026-08-21,0,-1,1526.0,15.2
25210,56014,Warrior,Arms,Slayer,DPS,CN,Altar of Fangs,12,1,1458.9,201524,1,302.0,2026-08-21,0,-1,1526.0,15.2
25210,56013,Shaman,Elemental,Farseer,DPS,CN,Altar of Fangs,12,1,1458.9,263361,2,301.0,2026-08-21,0,-1,1526.0,15.2
25210,56011,DeathKnight,Blood,San'layn,Tank,CN,Altar of Fangs,12,1,1458.9,140797,0,302.0,2026-08-21,0,-1,1526.0,15.2
25211,37570,Hunter,BeastMastery,Pack Leader,DPS,CN,Voidscar Arena,12,1,1404.0,163276,0,299.0,2026-08-21,0,-1,1425.0,20.8
25211,52833,Mage,Arcane,Sunfury,DPS,CN,Voidscar Arena,12,1,1404.0,207579,0,305.0,2026-08-21,0,-1,1425.0,20.8
25211,37568,Paladin,Holy,Herald of the Sun,Healer,CN,Voidscar Arena,12,1,1404.0,8015,2,308.0,2026-08-21,0,-1,1425.0,20.8
25211,37567,DeathKnight,Blood,Deathbringer,Tank,CN,Voidscar Arena,12,1,1404.0,90594,0,306.0,2026-08-21,0,-1,1425.0,20.8
25211,52834,Rogue,Assassination,Deathstalker,DPS,CN,Voidscar Arena,12,1,1404.0,221144,0,302.0,2026-08-21,0,-1,1425.0,20.8
25213,56017,Shaman,Restoration,Totemic,Healer,EU,Altar of Fangs,11,1,1224.1,24538,0,291.0,2026-08-21,0,-1,1216.0,32.5
25213,56018,Priest,Shadow,Voidweaver,DPS,EU,Altar of Fangs,11,1,1224.1,221813,0,300.0,2026-08-21,0,-1,1216.0,32.5
25213,56016,DeathKnight,Blood,San'layn,Tank,EU,Altar of Fangs,11,1,1224.1,172770,0,294.0,2026-08-21,0,-1,1216.0,32.5
25213,15402,Warrior,Arms,Slayer,DPS,EU,Altar of Fangs,11,1,1224.1,278875,0,302.0,2026-08-21,0,-1,1216.0,32.5
25213,15404,Hunter,Marksmanship,Sentinel,DPS,EU,Altar of Fangs,11,1,1224.1,244474,0,303.0,2026-08-21,0,-1,1216.0,32.5
25214,15886,Warrior,Arms,Slayer,DPS,EU,Kings' Rest,10,1,1154.1,192906,0,305.0,2026-08-21,0,-1,1146.0,42.1
25214,56020,Shaman,Elemental,Farseer,DPS,EU,Kings' Rest,10,1,1154.1,164354,0,308.0,2026-08-21,0,-1,1146.0,42.1
25214,14842,Evoker,Preservation,Flameshaper,Healer,EU,Kings' Rest,10,1,1154.1,23130,0,306.0,2026-08-21,0,-1,1146.0,42.1
25214,46024,Monk,Windwalker,Shado-Pan,DPS,EU,Kings' Rest,10,1,1154.1,151018,0,310.0,2026-08-21,0,-1,1146.0,42.1
25214,56019,DeathKnight,Blood,San'layn,Tank,EU,Kings' Rest,10,1,1154.1,83654,0,308.0,2026-08-21,0,-1,1146.0,42.1
25218,14448,DeathKnight,Blood,San'layn,Tank,EU,Kings' Rest,10,1,1227.8,98778,0,300.0,2026-08-21,0,-1,1219.0,38.4
25218,56033,Warrior,Arms,Slayer,DPS,EU,Kings' Rest,10,1,1227.8,136532,0,303.0,2026-08-21,0,-1,1219.0,38.4
25218,52776,Monk,Mistweaver,Conduit of the Celestials,Healer,EU,Kings' Rest,10,1,1227.8,37636,0,309.0,2026-08-21,0,-1,1219.0,38.4
25218,56034,Shaman,Enhancement,Stormbringer,DPS,EU,Kings' Rest,10,1,1227.8,154655,0,295.0,2026-08-21,0,-1,1219.0,38.4
25218,14451,Hunter,BeastMastery,Pack Leader,DPS,EU,Kings' Rest,10,1,1227.8,164813,0,310.0,2026-08-21,0,-1,1219.0,38.4
25225,49365,Mage,Arcane,Sunfury,DPS,EU,The Blinding Vale,11,1,1238.9,253406,0,304.0,2026-08-20,0,-1,1241.0,31.1
25225,16622,Warrior,Arms,Slayer,DPS,EU,The Blinding Vale,11,1,1238.9,228151,1,305.0,2026-08-20,0,-1,1241.0,31.1
25225,56059,Rogue,Subtlety,Deathstalker,DPS,EU,The Blinding Vale,11,1,1238.9,202352,1,295.0,2026-08-20,0,-1,1241.0,31.1
25225,56058,Priest,Holy,Oracle,Healer,EU,The Blinding Vale,11,1,1238.9,367,0,299.0,2026-08-20,0,-1,1241.0,31.1
25225,56057,Monk,Brewmaster,Master of Harmony,Tank,EU,The Blinding Vale,11,1,1238.9,110660,0,296.0,2026-08-20,0,-1,1241.0,31.1
25226,56060,Paladin,Holy,Herald of the Sun,Healer,US,Den of Nalorakk,10,1,1197.0,27290,0,295.0,2026-08-21,0,-1,1193.0,37.8
25226,16045,Druid,Guardian,Druid of the Claw,Tank,US,Den of Nalorakk,10,1,1197.0,92990,0,304.0,2026-08-21,0,-1,1193.0,37.8
25226,632,Warrior,Arms,Slayer,DPS,US,Den of Nalorakk,10,1,1197.0,207537,1,304.0,2026-08-21,0,-1,1193.0,37.8
25226,631,Monk,Windwalker,Shado-Pan,DPS,US,Den of Nalorakk,10,1,1197.0,200207,0,304.0,2026-08-21,0,-1,1193.0,37.8
25226,633,Mage,Arcane,Sunfury,DPS,US,Den of Nalorakk,10,1,1197.0,171885,0,308.0,2026-08-21,0,-1,1193.0,37.8
25237,15586,DeathKnight,Blood,Deathbringer,Tank,US,Murder Row,10,1,1174.7,107583,0,307.0,2026-08-22,0,-1,1166.0,42.8
25237,1239,Paladin,Retribution,Herald of the Sun,DPS,US,Murder Row,10,1,1174.7,248889,0,312.0,2026-08-22,0,-1,1166.0,42.8
25237,1243,Warrior,Arms,Slayer,DPS,US,Murder Row,10,1,1174.7,199241,0,311.0,2026-08-22,0,-1,1166.0,42.8
25237,52963,DeathKnight,Unholy,Rider of the Apocalypse,DPS,US,Murder Row,10,1,1174.7,202328,0,306.0,2026-08-22,0,-1,1166.0,42.8
25237,52962,Druid,Restoration,Wildstalker,Healer,US,Murder Row,10,1,1174.7,12580,0,296.0,2026-08-22,0,-1,1166.0,42.8
25241,56090,Paladin,Retribution,Herald of the Sun,DPS,CN,Kings' Rest,11,1,1324.2,144699,0,300.0,2026-08-21,0,-1,1316.0,33.5
25241,56089,Priest,Holy,Oracle,Healer,CN,Kings' Rest,11,1,1324.2,8614,0,306.0,2026-08-21,0,-1,1316.0,33.5
25241,56092,Mage,Arcane,Sunfury,DPS,CN,Kings' Rest,11,1,1324.2,187069,0,310.0,2026-08-21,0,-1,1316.0,33.5
25241,56088,Paladin,Protection,Lightsmith,Tank,CN,Kings' Rest,11,1,1324.2,84626,0,291.0,2026-08-21,0,-1,1316.0,33.5
25241,56091,Warrior,Arms,Slayer,DPS,CN,Kings' Rest,11,1,1324.2,164781,0,308.0,2026-08-21,0,-1,1316.0,33.5
25242,53037,Rogue,Subtlety,Deathstalker,DPS,US,Voidscar Arena,10,1,1075.8,196879,0,293.0,2026-08-20,0,-1,1067.0,40.7
25242,29463,Hunter,Marksmanship,Sentinel,DPS,US,Voidscar Arena,10,1,1075.8,214447,0,305.0,2026-08-20,0,-1,1067.0,40.7
25242,53035,Druid,Guardian,Elune's Chosen,Tank,US,Voidscar Arena,10,1,1075.8,112233,0,297.0,2026-08-20,0,-1,1067.0,40.7
25242,53036,Priest,Discipline,Voidweaver,Healer,US,Voidscar Arena,10,1,1075.8,30393,0,300.0,2026-08-20,0,-1,1067.0,40.7
25242,15515,Rogue,Assassination,Deathstalker,DPS,US,Voidscar Arena,10,1,1075.8,268118,0,302.0,2026-08-20,0,-1,1067.0,40.7
25252,56113,Hunter,Marksmanship,Sentinel,DPS,EU,Murder Row,10,1,1130.9,201841,1,304.0,2026-08-21,0,-1,1132.0,44.5
25252,37585,Mage,Arcane,Sunfury,DPS,EU,Murder Row,10,1,1130.9,248474,0,308.0,2026-08-21,0,-1,1132.0,44.5
25252,56112,Shaman,Restoration,Totemic,Healer,EU,Murder Row,10,1,1130.9,31678,0,302.0,2026-08-21,0,-1,1132.0,44.5
25252,13222,DeathKnight,Blood,San'layn,Tank,EU,Murder Row,10,1,1130.9,142728,0,306.0,2026-08-21,0,-1,1132.0,44.5
25252,13221,Mage,Arcane,Sunfury,DPS,EU,Murder Row,10,1,1130.9,179616,1,301.0,2026-08-21,0,-1,1132.0,44.5
25260,12899,Evoker,Devastation,Scalecommander,DPS,EU,The Blinding Vale,11,1,1293.2,244538,0,307.0,2026-08-21,0,-1,1290.0,28.4
25260,12901,Mage,Arcane,Sunfury,DPS,EU,The Blinding Vale,11,1,1293.2,208767,0,309.0,2026-08-21,0,-1,1290.0,28.4
25260,12897,DeathKnight,Blood,San'layn,Tank,EU,The Blinding Vale,11,1,1293.2,103034,0,302.0,2026-08-21,0,-1,1290.0,28.4
25260,12898,Priest,Discipline,Voidweaver,Healer,EU,The Blinding Vale,11,1,1293.2,38691,1,307.0,2026-08-21,0,-1,1290.0,28.4
25260,12900,Warlock,Demonology,Diabolist,DPS,EU,The Blinding Vale,11,1,1293.2,214345,0,303.0,2026-08-21,0,-1,1290.0,28.4
25263,12590,Hunter,Marksmanship,Sentinel,DPS,EU,Voidscar Arena,10,1,1081.8,187178,0,296.0,2026-08-20,0,-1,1079.0,40.1
25263,12589,Evoker,Devastation,Scalecommander,DPS,EU,Voidscar Arena,10,1,1081.8,195751,0,296.0,2026-08-20,0,-1,1079.0,40.1
25263,12587,DeathKnight,Blood,San'layn,Tank,EU,Voidscar Arena,10,1,1081.8,143935,0,299.0,2026-08-20,0,-1,1079.0,40.1
25263,12591,Druid,Balance,Elune's Chosen,DPS,EU,Voidscar Arena,10,1,1081.8,206899,0,300.0,2026-08-20,0,-1,1079.0,40.1
25263,12588,Priest,Holy,Oracle,Healer,EU,Voidscar Arena,10,1,1081.8,39622,1,296.0,2026-08-20,0,-1,1079.0,40.1
25267,55591,DeathKnight,Blood,San'layn,Tank,CN,Murder Row,11,1,1396.8,134461,0,304.0,2026-08-21,0,-1,1389.0,31.9
25267,43277,Mage,Arcane,Sunfury,DPS,CN,Murder Row,11,1,1396.8,205475,0,302.0,2026-08-21,0,-1,1389.0,31.9
25267,56137,Rogue,Subtlety,Trickster,DPS,CN,Murder Row,11,1,1396.8,236544,0,304.0,2026-08-21,0,-1,1389.0,31.9
25267,55592,Paladin,Holy,Lightsmith,Healer,CN,Murder Row,11,1,1396.8,37256,0,300.0,2026-08-21,0,-1,1389.0,31.9
25267,43276,Warrior,Arms,Slayer,DPS,CN,Murder Row,11,1,1396.8,150072,0,301.0,2026-08-21,0,-1,1389.0,31.9
25270,56144,Monk,Windwalker,Shado-Pan,DPS,EU,Voidscar Arena,10,1,986.0,191518,1,296.0,2026-08-21,0,-1,982.0,45.4
25270,16572,DeathKnight,Unholy,San'layn,DPS,EU,Voidscar Arena,10,1,986.0,264917,0,307.0,2026-08-21,0,-1,982.0,45.4
25270,56143,Druid,Guardian,Elune's Chosen,Tank,EU,Voidscar Arena,10,1,986.0,126384,0,305.0,2026-08-21,0,-1,982.0,45.4
25270,16573,Monk,Mistweaver,Conduit of the Celestials,Healer,EU,Voidscar Arena,10,1,986.0,53478,0,302.0,2026-08-21,0,-1,982.0,45.4
25270,56145,Druid,Balance,Elune's Chosen,DPS,EU,Voidscar Arena,10,1,986.0,239762,0,304.0,2026-08-21,0,-1,982.0,45.4
25271,56146,DeathKnight,Blood,San'layn,Tank,EU,Voidscar Arena,11,1,1273.1,125041,0,299.0,2026-08-21,0,-1,1270.0,29.4
25271,56148,Warrior,Arms,Slayer,DPS,EU,Voidscar Arena,11,1,1273.1,202355,0,305.0,2026-08-21,0,-1,1270.0,29.4
25271,56147,Priest,Discipline,Oracle,Healer,EU,Voidscar Arena,11,1,1273.1,18106,1,299.0,2026-08-21,0,-1,1270.0,29.4
25271,56150,Mage,Arcane,Sunfury,DPS,EU,Voidscar Arena,11,1,1273.1,238675,0,306.0,2026-08-21,0,-1,1270.0,29.4
25271,56149,Hunter,BeastMastery,Pack Leader,DPS,EU,Voidscar Arena,11,1,1273.1,183406,0,299.0,2026-08-21,0,-1,1270.0,29.4
25275,55489,Druid,Restoration,Keeper of the Grove,Healer,EU,Murder Row,10,1,1191.1,79372,0,311.0,2026-08-21,0,-1,1183.0,42.0
25275,56156,Paladin,Protection,Lightsmith,Tank,EU,Murder Row,10,1,1191.1,101152,0,291.0,2026-08-21,0,-1,1183.0,42.0
25275,56157,DemonHunter,Devourer,Annihilator,DPS,EU,Murder Row,10,1,1191.1,194149,0,307.0,2026-08-21,0,-1,1183.0,42.0
25275,55490,Warrior,Fury,Slayer,DPS,EU,Murder Row,10,1,1191.1,198676,0,301.0,2026-08-21,0,-1,1183.0,42.0
25275,16856,Shaman,Elemental,Farseer,DPS,EU,Murder Row,10,1,1191.1,205349,0,307.0,2026-08-21,0,-1,1183.0,42.0
25278,52559,Shaman,Elemental,Farseer,DPS,EU,Kings' Rest,13,1,1730.6,141144,1,303.0,2026-08-20,0,-1,1767.0,10.7
25278,56167,DeathKnight,Blood,San'layn,Tank,EU,Kings' Rest,13,1,1730.6,87312,0,301.0,2026-08-20,0,-1,1767.0,10.7
25278,50365,Warlock,Destruction,Diabolist,DPS,EU,Kings' Rest,13,1,1730.6,148360,1,302.0,2026-08-20,0,-1,1767.0,10.7
25278,20689,DemonHunter,Devourer,Void-Scarred,DPS,EU,Kings' Rest,13,1,1730.6,157585,1,302.0,2026-08-20,0,-1,1767.0,10.7
25278,19206,Priest,Holy,Oracle,Healer,EU,Kings' Rest,13,1,1730.6,24216,0,308.0,2026-08-20,0,-1,1767.0,10.7
25279,56170,Hunter,Marksmanship,Sentinel,DPS,US,Temple of Sethraliss,14,0,1912.0,197213,2,307.0,2026-08-21,0,-1,2009.0,-4.6
25279,56169,Shaman,Elemental,Farseer,DPS,US,Temple of Sethraliss,14,0,1912.0,221520,1,302.0,2026-08-21,0,-1,2009.0,-4.6
25279,11046,DeathKnight,Blood,San'layn,Tank,US,Temple of Sethraliss,14,0,1912.0,154760,0,305.0,2026-08-21,0,-1,2009.0,-4.6
25279,22225,Evoker,Preservation,Flameshaper,Healer,US,Temple of Sethraliss,14,0,1912.0,50753,2,304.0,2026-08-21,0,-1,2009.0,-4.6
25279,56168,Paladin,Retribution,Templar,DPS,US,Temple of Sethraliss,14,0,1912.0,128646,2,294.0,2026-08-21,0,-1,2009.0,-4.6
25280,14050,Monk,Mistweaver,Conduit of the Celestials,Healer,EU,Temple of Sethraliss,13,1,1582.9,48135,0,296.0,2026-08-20,0,-1,1665.0,13.3
25280,14049,DeathKnight,Blood,San'layn,Tank,EU,Temple of Sethraliss,13,1,1582.9,118501,0,301.0,2026-08-20,0,-1,1665.0,13.3
25280,14052,Warrior,Arms,Slayer,DPS,EU,Temple of Sethraliss,13,1,1582.9,197716,2,306.0,2026-08-20,0,-1,1665.0,13.3
25280,14051,Warlock,Demonology,Diabolist,DPS,EU,Temple of Sethraliss,13,1,1582.9,232339,1,298.0,2026-08-20,0,-1,1665.0,13.3
25280,14053,Mage,Arcane,Sunfury,DPS,EU,Temple of Sethraliss,13,1,1582.9,210768,3,297.0,2026-08-20,0,-1,1665.0,13.3
25281,56171,Shaman,Elemental,Farseer,DPS,EU,Voidscar Arena,10,1,1011.7,230000,0,302.0,2026-08-21,0,-1,1003.0,44.3
25281,14818,DeathKnight,Blood,San'layn,Tank,EU,Voidscar Arena,10,1,1011.7,121953,0,307.0,2026-08-21,0,-1,1003.0,44.3
25281,14820,Monk,Windwalker,Shado-Pan,DPS,EU,Voidscar Arena,10,1,1011.7,194925,0,303.0,2026-08-21,0,-1,1003.0,44.3
25281,14817,Evoker,Devastation,Scalecommander,DPS,EU,Voidscar Arena,10,1,1011.7,190461,0,305.0,2026-08-21,0,-1,1003.0,44.3
25281,18600,Shaman,Restoration,Totemic,Healer,EU,Voidscar Arena,10,1,1011.7,22545,0,296.0,2026-08-21,0,-1,1003.0,44.3
25285,1900,DeathKnight,Unholy,San'layn,DPS,US,Temple of Sethraliss,10,1,1107.1,193316,0,301.0,2026-08-20,0,-1,1104.0,42.5
25285,1824,Shaman,Elemental,Farseer,DPS,US,Temple of Sethraliss,10,1,1107.1,254926,0,305.0,2026-08-20,0,-1,1104.0,42.5
25285,6042,Paladin,Retribution,Templar,DPS,US,Temple of Sethraliss,10,1,1107.1,200525,1,304.0,2026-08-20,0,-1,1104.0,42.5
25285,1901,Paladin,Holy,Herald of the Sun,Healer,US,Temple of Sethraliss,10,1,1107.1,28244,0,305.0,2026-08-20,0,-1,1104.0,42.5
25285,497,DeathKnight,Blood,San'layn,Tank,US,Temple of Sethraliss,10,1,1107.1,119322,0,301.0,2026-08-20,0,-1,1104.0,42.5
25289,36105,Warrior,Arms,Slayer,DPS,EU,Voidscar Arena,10,1,978.2,233737,1,308.0,2026-08-21,0,-1,975.0,45.9
25289,56185,Druid,Balance,Elune's Chosen,DPS,EU,Voidscar Arena,10,1,978.2,199302,0,304.0,2026-08-21,0,-1,975.0,45.9
25289,56184,Priest,Discipline,Oracle,Healer,EU,Voidscar Arena,10,1,978.2,24726,0,301.0,2026-08-21,0,-1,975.0,45.9
25289,18291,Paladin,Protection,Lightsmith,Tank,EU,Voidscar Arena,10,1,978.2,124631,0,302.0,2026-08-21,0,-1,975.0,45.9
25289,56186,Hunter,BeastMastery,Pack Leader,DPS,EU,Voidscar Arena,10,1,978.2,190202,0,307.0,2026-08-21,0,-1,975.0,45.9
25290,56189,Druid,Balance,Elune's Chosen,DPS,EU,Kings' Rest,5,1,1168.2,110866,0,293.0,2026-08-19,0,-1,1159.0,41.5
25290,56188,Shaman,Restoration,Totemic,Healer,EU,Kings' Rest,5,1,1168.2,5315,1,291.0,2026-08-19,0,-1,1159.0,41.5
25290,56187,DemonHunter,Vengeance,Annihilator,Tank,EU,Kings' Rest,5,1,1168.2,65593,0,290.0,2026-08-19,0,-1,1159.0,41.5
25290,56190,DemonHunter,Havoc,Fel-Scarred,DPS,EU,Kings' Rest,5,1,1168.2,101131,0,292.0,2026-08-19,0,-1,1159.0,41.5
25290,56191,Mage,Arcane,Sunfury,DPS,EU,Kings' Rest,5,1,1168.2,110445,1,289.0,2026-08-19,0,-1,1159.0,41.5
25298,56203,Shaman,Enhancement,Stormbringer,DPS,US,Ruby Life Pools,5,1,767.6,195046,2,303.0,2026-08-22,0,-1,759.0,54.8
25298,56201,Druid,Restoration,Wildstalker,Healer,US,Ruby Life Pools,5,1,767.6,17948,0,290.0,2026-08-22,0,-1,759.0,54.8
25298,56200,DeathKnight,Blood,San'layn,Tank,US,Ruby Life Pools,5,1,767.6,92745,1,289.0,2026-08-22,0,-1,759.0,54.8
25298,56204,Warrior,Arms,Slayer,DPS,US,Ruby Life Pools,5,1,767.6,158190,0,302.0,2026-08-22,0,-1,759.0,54.8
25298,56202,Paladin,Retribution,Templar,DPS,US,Ruby Life Pools,5,1,767.6,235758,0,311.0,2026-08-22,0,-1,759.0,54.8
25300,52931,Warrior,Protection,Mountain Thane,Tank,EU,Murder Row,10,1,1139.8,150819,0,296.0,2026-08-21,0,-1,1132.0,44.5
25300,13980,DemonHunter,Devourer,Void-Scarred,DPS,EU,Murder Row,10,1,1139.8,228292,0,309.0,2026-08-21,0,-1,1132.0,44.5
25300,53480,Warlock,Demonology,Diabolist,DPS,EU,Murder Row,10,1,1139.8,193480,0,290.0,2026-08-21,0,-1,1132.0,44.5
25300,52932,Shaman,Elemental,Farseer,DPS,EU,Murder Row,10,1,1139.8,221280,0,293.0,2026-08-21,0,-1,1132.0,44.5
25300,56208,Paladin,Holy,Herald of the Sun,Healer,EU,Murder Row,10,1,1139.8,14030,0,295.0,2026-08-21,0,-1,1132.0,44.5
25301,1587,DeathKnight,Blood,San'layn,Tank,US,Voidscar Arena,10,1,978.4,128160,0,307.0,2026-08-20,0,-1,970.0,46.1
25301,1589,Druid,Balance,Elune's Chosen,DPS,US,Voidscar Arena,10,1,978.4,230472,0,307.0,2026-08-20,0,-1,970.0,46.1
25301,16071,Evoker,Preservation,Flameshaper,Healer,US,Voidscar Arena,10,1,978.4,38845,0,303.0,2026-08-20,0,-1,970.0,46.1
25301,56209,Mage,Arcane,Sunfury,DPS,US,Voidscar Arena,10,1,978.4,224056,0,306.0,2026-08-20,0,-1,970.0,46.1
25301,56210,Rogue,Subtlety,Deathstalker,DPS,US,Voidscar Arena,10,1,978.4,218112,0,300.0,2026-08-20,0,-1,970.0,46.1
25303,39,DeathKnight,Unholy,Rider of the Apocalypse,DPS,US,Den of Nalorakk,13,1,1708.8,157810,2,304.0,2026-08-20,0,-1,1820.0,5.2
25303,831,Shaman,Restoration,Totemic,Healer,US,Den of Nalorakk,13,1,1708.8,29646,1,304.0,2026-08-20,0,-1,1820.0,5.2
25303,56212,Hunter,BeastMastery,Pack Leader,DPS,US,Den of Nalorakk,13,1,1708.8,161923,3,304.0,2026-08-20,0,-1,1820.0,5.2
25303,38064,DeathKnight,Blood,San'layn,Tank,US,Den of Nalorakk,13,1,1708.8,131543,0,305.0,2026-08-20,0,-1,1820.0,5.2
25303,56211,Rogue,Subtlety,Deathstalker,DPS,US,Den of Nalorakk,13,1,1708.8,168087,2,296.0,2026-08-20,0,-1,1820.0,5.2
25306,56224,Warlock,Demonology,Diabolist,DPS,EU,The Blinding Vale,11,1,1258.6,205087,0,294.0,2026-08-21,0,-1,1250.0,30.6
25306,56226,Mage,Arcane,Sunfury,DPS,EU,The Blinding Vale,11,1,1258.6,219754,0,306.0,2026-08-21,0,-1,1250.0,30.6
25306,56222,DeathKnight,Blood,San'layn,Tank,EU,The Blinding Vale,11,1,1258.6,125241,0,299.0,2026-08-21,0,-1,1250.0,30.6
25306,56223,Priest,Discipline,Voidweaver,Healer,EU,The Blinding Vale,11,1,1258.6,54452,0,303.0,2026-08-21,0,-1,1250.0,30.6
25306,56225,Shaman,Enhancement,Stormbringer,DPS,EU,The Blinding Vale,11,1,1258.6,235841,0,301.0,2026-08-21,0,-1,1250.0,30.6
25307,56230,Shaman,Elemental,Farseer,DPS,EU,Temple of Sethraliss,7,1,1014.5,139134,0,299.0,2026-08-21,0,-1,1006.0,47.6
25307,56229,DemonHunter,Devourer,Void-Scarred,DPS,EU,Temple of Sethraliss,7,1,1014.5,209582,0,305.0,2026-08-21,0,-1,1006.0,47.6
25307,56227,DeathKnight,Blood,San'layn,Tank,EU,Temple of Sethraliss,7,1,1014.5,99093,0,309.0,2026-08-21,0,-1,1006.0,47.6
25307,56228,Evoker,Preservation,Flameshaper,Healer,EU,Temple of Sethraliss,7,1,1014.5,30468,0,300.0,2026-08-21,0,-1,1006.0,47.6
25307,56231,Warrior,Fury,Slayer,DPS,EU,Temple of Sethraliss,7,1,1014.5,187190,0,303.0,2026-08-21,0,-1,1006.0,47.6
25309,56232,DeathKnight,Blood,San'layn,Tank,EU,Temple of Sethraliss,14,0,1991.6,103094,1,298.0,2026-08-21,0,-1,2163.0,-12.7
25309,24876,Evoker,Devastation,Scalecommander,DPS,EU,Temple of Sethraliss,14,0,1991.6,179869,3,304.0,2026-08-21,0,-1,2163.0,-12.7
25309,56233,Priest,Discipline,Oracle,Healer,EU,Temple of Sethraliss,14,0,1991.6,15521,3,297.0,2026-08-21,0,-1,2163.0,-12.7
25309,24874,Mage,Arcane,Sunfury,DPS,EU,Temple of Sethraliss,14,0,1991.6,171163,3,305.0,2026-08-21,0,-1,2163.0,-12.7
25309,26766,Warlock,Demonology,Diabolist,DPS,EU,Temple of Sethraliss,14,0,1991.6,240306,2,307.0,2026-08-21,0,-1,2163.0,-12.7
25311,14279,Mage,Arcane,Sunfury,DPS,EU,Altar of Fangs,10,1,1089.5,289399,0,306.0,2026-08-20,0,-1,1081.0,39.9
25311,56238,DeathKnight,Blood,San'layn,Tank,EU,Altar of Fangs,10,1,1089.5,153871,0,299.0,2026-08-20,0,-1,1081.0,39.9
25311,14280,Druid,Balance,Elune's Chosen,DPS,EU,Altar of Fangs,10,1,1089.5,259654,0,302.0,2026-08-20,0,-1,1081.0,39.9
25311,14277,Paladin,Holy,Herald of the Sun,Healer,EU,Altar of Fangs,10,1,1089.5,23431,0,301.0,2026-08-20,0,-1,1081.0,39.9
25311,56239,Evoker,Augmentation,Scalecommander,DPS,EU,Altar of Fangs,10,1,1089.5,229183,0,300.0,2026-08-20,0,-1,1081.0,39.9
25314,1789,Paladin,Holy,Herald of the Sun,Healer,US,The Blinding Vale,11,1,1309.0,21927,1,301.0,2026-08-20,0,-1,1310.0,27.2
25314,2896,Shaman,Elemental,Farseer,DPS,US,The Blinding Vale,11,1,1309.0,261687,0,307.0,2026-08-20,0,-1,1310.0,27.2
25314,16861,Paladin,Retribution,Templar,DPS,US,The Blinding Vale,11,1,1309.0,217108,1,296.0,2026-08-20,0,-1,1310.0,27.2
25314,4284,Druid,Guardian,Elune's Chosen,Tank,US,The Blinding Vale,11,1,1309.0,94618,0,298.0,2026-08-20,0,-1,1310.0,27.2
25314,565,DeathKnight,Unholy,Rider of the Apocalypse,DPS,US,The Blinding Vale,11,1,1309.0,213037,0,301.0,2026-08-20,0,-1,1310.0,27.2
25315,20922,Warrior,Protection,Mountain Thane,Tank,US,Kings' Rest,11,1,1221.0,102518,0,309.0,2026-08-21,0,-1,1217.0,38.5
25315,20923,Evoker,Preservation,Flameshaper,Healer,US,Kings' Rest,11,1,1221.0,42464,1,305.0,2026-08-21,0,-1,1217.0,38.5
25315,20924,Rogue,Subtlety,Deathstalker,DPS,US,Kings' Rest,11,1,1221.0,173362,0,309.0,2026-08-21,0,-1,1217.0,38.5
25315,20925,DeathKnight,Unholy,San'layn,DPS,US,Kings' Rest,11,1,1221.0,167648,0,305.0,2026-08-21,0,-1,1217.0,38.5
25315,21029,DeathKnight,Unholy,Rider of the Apocalypse,DPS,US,Kings' Rest,11,1,1221.0,169691,0,303.0,2026-08-21,0,-1,1217.0,38.5
25317,56247,DeathKnight,Blood,San'layn,Tank,US,Kings' Rest,13,1,1659.6,87772,0,304.0,2026-08-21,0,-1,1741.0,12.1
25317,7947,Warlock,Destruction,Diabolist,DPS,US,Kings' Rest,13,1,1659.6,150484,2,308.0,2026-08-21,0,-1,1741.0,12.1
25317,1288,Druid,Balance,Elune's Chosen,DPS,US,Kings' Rest,13,1,1659.6,156651,1,307.0,2026-08-21,0,-1,1741.0,12.1
25317,56248,Paladin,Holy,Herald of the Sun,Healer,US,Kings' Rest,13,1,1659.6,26544,2,302.0,2026-08-21,0,-1,1741.0,12.1
25317,7949,Shaman,Elemental,Farseer,DPS,US,Kings' Rest,13,1,1659.6,177526,1,309.0,2026-08-21,0,-1,1741.0,12.1
25328,56263,Warrior,Arms,Slayer,DPS,US,Temple of Sethraliss,10,1,1037.0,224996,0,307.0,2026-08-21,0,-1,1034.0,46.2
25328,2041,Druid,Restoration,Wildstalker,Healer,US,Temple of Sethraliss,10,1,1037.0,11382,1,307.0,2026-08-21,0,-1,1034.0,46.2
25328,2040,Shaman,Elemental,Farseer,DPS,US,Temple of Sethraliss,10,1,1037.0,269260,0,310.0,2026-08-21,0,-1,1034.0,46.2
25328,2037,DemonHunter,Vengeance,Aldrachi Reaver,Tank,US,Temple of Sethraliss,10,1,1037.0,102055,0,306.0,2026-08-21,0,-1,1034.0,46.2
25328,52805,Mage,Arcane,Sunfury,DPS,US,Temple of Sethraliss,10,1,1037.0,246985,0,303.0,2026-08-21,0,-1,1034.0,46.2
25348,8370,Priest,Shadow,Archon,DPS,US,The Blinding Vale,12,1,1460.6,212431,1,297.0,2026-08-21,0,-1,1497.0,16.8
25348,39572,Mage,Arcane,Sunfury,DPS,US,The Blinding Vale,12,1,1460.6,236948,2,309.0,2026-08-21,0,-1,1497.0,16.8
25348,46905,Shaman,Restoration,Totemic,Healer,US,The Blinding Vale,12,1,1460.6,19488,0,300.0,2026-08-21,0,-1,1497.0,16.8
25348,53602,Warlock,Demonology,Diabolist,DPS,US,The Blinding Vale,12,1,1460.6,233050,0,306.0,2026-08-21,0,-1,1497.0,16.8
25348,39570,DemonHunter,Vengeance,Annihilator,Tank,US,The Blinding Vale,12,1,1460.6,138317,0,306.0,2026-08-21,0,-1,1497.0,16.8
25351,21011,Warrior,Arms,Slayer,DPS,EU,Temple of Sethraliss,13,1,1618.6,211900,1,300.0,2026-08-20,0,-1,1640.0,14.6
25351,44720,Shaman,Restoration,Totemic,Healer,EU,Temple of Sethraliss,13,1,1618.6,22073,0,296.0,2026-08-20,0,-1,1640.0,14.6
25351,52408,DemonHunter,Devourer,Annihilator,DPS,EU,Temple of Sethraliss,13,1,1618.6,204449,1,298.0,2026-08-20,0,-1,1640.0,14.6
25351,13420,Hunter,BeastMastery,Pack Leader,DPS,EU,Temple of Sethraliss,13,1,1618.6,222689,0,305.0,2026-08-20,0,-1,1640.0,14.6
25351,48734,DeathKnight,Blood,San'layn,Tank,EU,Temple of Sethraliss,13,1,1618.6,128712,0,301.0,2026-08-20,0,-1,1640.0,14.6
25356,56324,Warlock,Demonology,Diabolist,DPS,CN,Altar of Fangs,7,1,1107.7,174363,0,294.0,2026-08-21,0,-1,1104.0,38.6
25356,56325,Druid,Balance,Elune's Chosen,DPS,CN,Altar of Fangs,7,1,1107.7,200809,0,300.0,2026-08-21,0,-1,1104.0,38.6
25356,56322,DeathKnight,Blood,San'layn,Tank,CN,Altar of Fangs,7,1,1107.7,154588,0,296.0,2026-08-21,0,-1,1104.0,38.6
25356,56323,Paladin,Holy,Lightsmith,Healer,CN,Altar of Fangs,7,1,1107.7,42516,0,300.0,2026-08-21,0,-1,1104.0,38.6
25356,56326,Shaman,Enhancement,Stormbringer,DPS,CN,Altar of Fangs,7,1,1107.7,190888,1,293.0,2026-08-21,0,-1,1104.0,38.6
25360,56340,Evoker,Devastation,Scalecommander,DPS,EU,Temple of Sethraliss,9,1,1215.3,210885,1,301.0,2026-08-21,0,-1,1212.0,36.9
25360,56339,Hunter,Marksmanship,Sentinel,DPS,EU,Temple of Sethraliss,9,1,1215.3,161233,0,291.0,2026-08-21,0,-1,1212.0,36.9
25360,41389,Paladin,Protection,Lightsmith,Tank,EU,Temple of Sethraliss,9,1,1215.3,121796,0,301.0,2026-08-21,0,-1,1212.0,36.9
25360,56338,DemonHunter,Devourer,Annihilator,DPS,EU,Temple of Sethraliss,9,1,1215.3,173971,0,308.0,2026-08-21,0,-1,1212.0,36.9
25360,56337,Paladin,Holy,Herald of the Sun,Healer,EU,Temple of Sethraliss,9,1,1215.3,20506,0,301.0,2026-08-21,0,-1,1212.0,36.9
25362,17288,Paladin,Retribution,Herald of the Sun,DPS,EU,The Blinding Vale,13,1,1584.3,220512,4,307.0,2026-08-21,0,-1,1696.0,5.8
25362,16381,Shaman,Restoration,Totemic,Healer,EU,The Blinding Vale,13,1,1584.3,42096,1,309.0,2026-08-21,0,-1,1696.0,5.8
25362,56341,DemonHunter,Devourer,Void-Scarred,DPS,EU,The Blinding Vale,13,1,1584.3,207126,2,306.0,2026-08-21,0,-1,1696.0,5.8
25362,16383,Warrior,Arms,Slayer,DPS,EU,The Blinding Vale,13,1,1584.3,180886,1,299.0,2026-08-21,0,-1,1696.0,5.8
25362,16380,DeathKnight,Blood,San'layn,Tank,EU,The Blinding Vale,13,1,1584.3,163893,0,311.0,2026-08-21,0,-1,1696.0,5.8
25363,56344,Hunter,BeastMastery,Pack Leader,DPS,KR,Kings' Rest,9,1,1254.1,140920,0,296.0,2026-08-21,0,-1,1245.0,37.1
25363,55595,Paladin,Protection,Lightsmith,Tank,KR,Kings' Rest,9,1,1254.1,83344,0,306.0,2026-08-21,0,-1,1245.0,37.1
25363,56343,DeathKnight,Unholy,Rider of the Apocalypse,DPS,KR,Kings' Rest,9,1,1254.1,136960,0,292.0,2026-08-21,0,-1,1245.0,37.1
25363,56342,Evoker,Preservation,Flameshaper,Healer,KR,Kings' Rest,9,1,1254.1,18635,0,294.0,2026-08-21,0,-1,1245.0,37.1
25363,37694,Druid,Balance,Elune's Chosen,DPS,KR,Kings' Rest,9,1,1254.1,132342,0,296.0,2026-08-21,0,-1,1245.0,37.1
25365,52646,Druid,Feral,Druid of the Claw,DPS,EU,Den of Nalorakk,10,1,1205.1,173446,1,307.0,2026-08-21,0,-1,1202.0,37.4
25365,37488,Shaman,Restoration,Totemic,Healer,EU,Den of Nalorakk,10,1,1205.1,35289,0,310.0,2026-08-21,0,-1,1202.0,37.4
25365,37489,Warrior,Arms,Slayer,DPS,EU,Den of Nalorakk,10,1,1205.1,228395,0,310.0,2026-08-21,0,-1,1202.0,37.4
25365,52647,Warlock,Destruction,Hellcaller,DPS,EU,Den of Nalorakk,10,1,1205.1,148438,0,299.0,2026-08-21,0,-1,1202.0,37.4
25365,37487,Monk,Brewmaster,Master of Harmony,Tank,EU,Den of Nalorakk,10,1,1205.1,115904,0,307.0,2026-08-21,0,-1,1202.0,37.4
25366,56353,Warrior,Arms,Slayer,DPS,EU,Murder Row,12,1,1452.7,211437,1,309.0,2026-08-21,0,-1,1534.0,24.8
25366,56354,Mage,Arcane,Sunfury,DPS,EU,Murder Row,12,1,1452.7,223430,1,307.0,2026-08-21,0,-1,1534.0,24.8
25366,56351,Paladin,Holy,Herald of the Sun,Healer,EU,Murder Row,12,1,1452.7,33746,1,299.0,2026-08-21,0,-1,1534.0,24.8
25366,56350,DeathKnight,Blood,San'layn,Tank,EU,Murder Row,12,1,1452.7,132166,1,302.0,2026-08-21,0,-1,1534.0,24.8
25366,56352,Shaman,Elemental,Farseer,DPS,EU,Murder Row,12,1,1452.7,195038,2,307.0,2026-08-21,0,-1,1534.0,24.8
25370,42642,DemonHunter,Havoc,Fel-Scarred,DPS,EU,Kings' Rest,14,1,1860.7,151426,1,306.0,2026-08-21,0,-1,1912.0,3.4
25370,56364,Priest,Shadow,Archon,DPS,EU,Kings' Rest,14,1,1860.7,145475,0,300.0,2026-08-21,0,-1,1912.0,3.4
25370,56362,Paladin,Holy,Herald of the Sun,Healer,EU,Kings' Rest,14,1,1860.7,21159,2,305.0,2026-08-21,0,-1,1912.0,3.4
25370,56363,Hunter,Marksmanship,Sentinel,DPS,EU,Kings' Rest,14,1,1860.7,161707,1,310.0,2026-08-21,0,-1,1912.0,3.4
25370,56361,DeathKnight,Blood,San'layn,Tank,EU,Kings' Rest,14,1,1860.7,93106,0,311.0,2026-08-21,0,-1,1912.0,3.4
25374,13980,DemonHunter,Devourer,Void-Scarred,DPS,EU,Voidscar Arena,10,1,1010.5,186034,3,305.0,2026-08-20,0,-1,1017.0,43.5
25374,56374,Mage,Arcane,Sunfury,DPS,EU,Voidscar Arena,10,1,1010.5,246294,0,303.0,2026-08-20,0,-1,1017.0,43.5
25374,16132,Rogue,Subtlety,Deathstalker,DPS,EU,Voidscar Arena,10,1,1010.5,216462,0,297.0,2026-08-20,0,-1,1017.0,43.5
25374,13978,Shaman,Restoration,Totemic,Healer,EU,Voidscar Arena,10,1,1010.5,40518,0,301.0,2026-08-20,0,-1,1017.0,43.5
25374,13977,DeathKnight,Blood,Deathbringer,Tank,EU,Voidscar Arena,10,1,1010.5,166867,0,307.0,2026-08-20,0,-1,1017.0,43.5
25375,38831,Priest,Discipline,Voidweaver,Healer,EU,Altar of Fangs,9,1,1145.3,37222,0,296.0,2026-08-20,0,-1,1136.0,36.9
25375,15608,Paladin,Protection,Lightsmith,Tank,EU,Altar of Fangs,9,1,1145.3,104325,0,293.0,2026-08-20,0,-1,1136.0,36.9
25375,15611,Paladin,Retribution,Herald of the Sun,DPS,EU,Altar of Fangs,9,1,1145.3,224477,0,301.0,2026-08-20,0,-1,1136.0,36.9
25375,15610,Warrior,Fury,Slayer,DPS,EU,Altar of Fangs,9,1,1145.3,212902,0,299.0,2026-08-20,0,-1,1136.0,36.9
25375,14311,Mage,Arcane,Sunfury,DPS,EU,Altar of Fangs,9,1,1145.3,201563,0,298.0,2026-08-20,0,-1,1136.0,36.9
25376,56377,Shaman,Elemental,Farseer,DPS,CN,Den of Nalorakk,8,1,1142.0,154040,0,291.0,2026-08-21,0,-1,1133.0,41.0
25376,53088,Druid,Balance,Elune's Chosen,DPS,CN,Den of Nalorakk,8,1,1142.0,125959,0,302.0,2026-08-21,0,-1,1133.0,41.0
25376,56375,Paladin,Protection,Lightsmith,Tank,CN,Den of Nalorakk,8,1,1142.0,88967,0,291.0,2026-08-21,0,-1,1133.0,41.0
25376,53087,Warrior,Arms,Slayer,DPS,CN,Den of Nalorakk,8,1,1142.0,191696,0,309.0,2026-08-21,0,-1,1133.0,41.0
25376,56376,Priest,Holy,Oracle,Healer,CN,Den of Nalorakk,8,1,1142.0,26894,0,296.0,2026-08-21,0,-1,1133.0,41.0
25379,56383,Warrior,Arms,Unknown,DPS,KR,The Blinding Vale,10,1,1108.1,206849,1,307.0,2026-08-21,0,-1,1115.0,38.1
25379,56382,Warrior,Arms,Unknown,DPS,KR,The Blinding Vale,10,1,1108.1,194363,2,295.0,2026-08-21,0,-1,1115.0,38.1
25379,55594,DeathKnight,Blood,Unknown,Tank,KR,The Blinding Vale,10,1,1108.1,163148,0,306.0,2026-08-21,0,-1,1115.0,38.1
25379,54225,Warrior,Arms,Unknown,DPS,KR,The Blinding Vale,10,1,1108.1,254632,0,307.0,2026-08-21,0,-1,1115.0,38.1
25379,54226,Paladin,Holy,Unknown,Healer,KR,The Blinding Vale,10,1,1108.1,11728,0,305.0,2026-08-21,0,-1,1115.0,38.1
25382,56391,Warrior,Arms,Slayer,DPS,US,Den of Nalorakk,7,1,1048.9,150242,0,309.0,2026-08-21,0,-1,1040.0,45.8
25382,2825,Hunter,Marksmanship,Sentinel,DPS,US,Den of Nalorakk,7,1,1048.9,147718,0,304.0,2026-08-21,0,-1,1040.0,45.8
25382,56392,Mage,Arcane,Sunfury,DPS,US,Den of Nalorakk,7,1,1048.9,192260,0,308.0,2026-08-21,0,-1,1040.0,45.8
25382,56389,DeathKnight,Blood,San'layn,Tank,US,Den of Nalorakk,7,1,1048.9,122149,0,307.0,2026-08-21,0,-1,1040.0,45.8
25382,56390,Shaman,Restoration,Totemic,Healer,US,Den of Nalorakk,7,1,1048.9,8966,0,298.0,2026-08-21,0,-1,1040.0,45.8
25384,18282,Mage,Fire,Sunfury,DPS,EU,Den of Nalorakk,10,1,1123.1,199039,0,299.0,2026-08-20,0,-1,1115.0,41.9
25384,18280,Evoker,Preservation,Flameshaper,Healer,EU,Den of Nalorakk,10,1,1123.1,19547,0,302.0,2026-08-20,0,-1,1115.0,41.9
25384,18283,Druid,Balance,Elune's Chosen,DPS,EU,Den of Nalorakk,10,1,1123.1,195477,0,304.0,2026-08-20,0,-1,1115.0,41.9
25384,18279,DeathKnight,Blood,San'layn,Tank,EU,Den of Nalorakk,10,1,1123.1,129097,0,309.0,2026-08-20,0,-1,1115.0,41.9
25384,27236,Warlock,Affliction,Soul Harvester,DPS,EU,Den of Nalorakk,10,1,1123.1,208520,0,302.0,2026-08-20,0,-1,1115.0,41.9
25389,13494,DeathKnight,Blood,San'layn,Tank,EU,The Blinding Vale,10,1,1057.9,127831,0,302.0,2026-08-20,0,-1,1055.0,41.4
25389,13497,Rogue,Assassination,Deathstalker,DPS,EU,The Blinding Vale,10,1,1057.9,236137,0,305.0,2026-08-20,0,-1,1055.0,41.4
25389,13496,Druid,Feral,Wildstalker,DPS,EU,The Blinding Vale,10,1,1057.9,252113,0,302.0,2026-08-20,0,-1,1055.0,41.4
25389,13498,DeathKnight,Unholy,Rider of the Apocalypse,DPS,EU,The Blinding Vale,10,1,1057.9,297648,0,304.0,2026-08-20,0,-1,1055.0,41.4
25389,13495,Priest,Discipline,Oracle,Healer,EU,The Blinding Vale,10,1,1057.9,20914,1,302.0,2026-08-20,0,-1,1055.0,41.4
25392,56407,Warrior,Arms,Slayer,DPS,EU,Voidscar Arena,10,1,1007.8,209888,0,302.0,2026-08-20,0,-1,1009.0,44.0
25392,20426,Druid,Restoration,Wildstalker,Healer,EU,Voidscar Arena,10,1,1007.8,20471,1,299.0,2026-08-20,0,-1,1009.0,44.0
25392,56406,Paladin,Retribution,Templar,DPS,EU,Voidscar Arena,10,1,1007.8,218154,0,306.0,2026-08-20,0,-1,1009.0,44.0
25392,43034,Shaman,Enhancement,Stormbringer,DPS,EU,Voidscar Arena,10,1,1007.8,186548,1,300.0,2026-08-20,0,-1,1009.0,44.0
25392,47677,Paladin,Protection,Templar,Tank,EU,Voidscar Arena,10,1,1007.8,93964,0,309.0,2026-08-20,0,-1,1009.0,44.0
25396,783,Warlock,Demonology,Diabolist,DPS,US,Murder Row,12,1,1597.8,222120,0,305.0,2026-08-21,0,-1,1604.0,21.4
25396,52873,Priest,Shadow,Archon,DPS,US,Murder Row,12,1,1597.8,169056,0,294.0,2026-08-21,0,-1,1604.0,21.4
25396,3466,Paladin,Holy,Herald of the Sun,Healer,US,Murder Row,12,1,1597.8,11270,0,303.0,2026-08-21,0,-1,1604.0,21.4
25396,3469,Shaman,Elemental,Farseer,DPS,US,Murder Row,12,1,1597.8,173184,1,309.0,2026-08-21,0,-1,1604.0,21.4
25396,781,Warrior,Protection,Mountain Thane,Tank,US,Murder Row,12,1,1597.8,123670,0,307.0,2026-08-21,0,-1,1604.0,21.4
25398,56420,Paladin,Holy,Herald of the Sun,Healer,CN,Den of Nalorakk,12,1,1492.3,24344,1,305.0,2026-08-22,0,-1,1559.0,18.8
25398,56421,Warrior,Arms,Slayer,DPS,CN,Den of Nalorakk,12,1,1492.3,182682,1,311.0,2026-08-22,0,-1,1559.0,18.8
25398,56423,Warlock,Demonology,Diabolist,DPS,CN,Den of Nalorakk,12,1,1492.3,179213,1,303.0,2026-08-22,0,-1,1559.0,18.8
25398,56422,Shaman,Elemental,Farseer,DPS,CN,Den of Nalorakk,12,1,1492.3,200376,1,310.0,2026-08-22,0,-1,1559.0,18.8
25398,56419,DeathKnight,Blood,San'layn,Tank,CN,Den of Nalorakk,12,1,1492.3,119323,1,304.0,2026-08-22,0,-1,1559.0,18.8
25401,56434,Warrior,Arms,Slayer,DPS,EU,Temple of Sethraliss,6,1,1081.1,114949,1,285.0,2026-08-21,0,-1,1103.0,42.6
25401,56431,DeathKnight,Blood,San'layn,Tank,EU,Temple of Sethraliss,6,1,1081.1,109315,0,309.0,2026-08-21,0,-1,1103.0,42.6
25401,56433,Hunter,BeastMastery,Pack Leader,DPS,EU,Temple of Sethraliss,6,1,1081.1,160370,1,297.0,2026-08-21,0,-1,1103.0,42.6
25401,56435,Paladin,Retribution,Templar,DPS,EU,Temple of Sethraliss,6,1,1081.1,128884,3,300.0,2026-08-21,0,-1,1103.0,42.6
25401,56432,Druid,Restoration,Wildstalker,Healer,EU,Temple of Sethraliss,6,1,1081.1,9214,1,293.0,2026-08-21,0,-1,1103.0,42.6
25404,7037,Priest,Shadow,Voidweaver,DPS,US,Voidscar Arena,10,1,1052.9,255044,0,309.0,2026-08-21,0,-1,1044.0,42.0
25404,6,Evoker,Preservation,Flameshaper,Healer,US,Voidscar Arena,10,1,1052.9,49720,0,304.0,2026-08-21,0,-1,1044.0,42.0
25404,39639,Paladin,Protection,Lightsmith,Tank,US,Voidscar Arena,10,1,1052.9,114512,0,307.0,2026-08-21,0,-1,1044.0,42.0
25404,56438,Warlock,Destruction,Hellcaller,DPS,US,Voidscar Arena,10,1,1052.9,164804,0,300.0,2026-08-21,0,-1,1044.0,42.0
25404,56437,Mage,Arcane,Sunfury,DPS,US,Voidscar Arena,10,1,1052.9,205951,0,304.0,2026-08-21,0,-1,1044.0,42.0
25408,56448,Druid,Balance,Elune's Chosen,DPS,EU,Temple of Sethraliss,9,1,1103.3,174205,0,302.0,2026-08-20,0,-1,1095.0,42.9
25408,21486,Warrior,Protection,Mountain Thane,Tank,EU,Temple of Sethraliss,9,1,1103.3,103474,0,304.0,2026-08-20,0,-1,1095.0,42.9
25408,56450,DemonHunter,Havoc,Fel-Scarred,DPS,EU,Temple of Sethraliss,9,1,1103.3,195216,0,302.0,2026-08-20,0,-1,1095.0,42.9
25408,56449,Mage,Arcane,Sunfury,DPS,EU,Temple of Sethraliss,9,1,1103.3,217742,0,304.0,2026-08-20,0,-1,1095.0,42.9
25408,56447,Paladin,Holy,Herald of the Sun,Healer,EU,Temple of Sethraliss,9,1,1103.3,6956,0,300.0,2026-08-20,0,-1,1095.0,42.9
25409,56452,Paladin,Holy,Lightsmith,Healer,CN,Altar of Fangs,12,1,1522.8,49810,0,302.0,2026-08-22,0,-1,1530.0,15.0
25409,56455,Warrior,Arms,Slayer,DPS,CN,Altar of Fangs,12,1,1522.8,204510,1,306.0,2026-08-22,0,-1,1530.0,15.0
25409,56451,DemonHunter,Vengeance,Annihilator,Tank,CN,Altar of Fangs,12,1,1522.8,136441,0,305.0,2026-08-22,0,-1,1530.0,15.0
25409,56453,Mage,Arcane,Sunfury,DPS,CN,Altar of Fangs,12,1,1522.8,243004,0,308.0,2026-08-22,0,-1,1530.0,15.0
25409,56454,Rogue,Outlaw,Trickster,DPS,CN,Altar of Fangs,12,1,1522.8,207566,0,293.0,2026-08-22,0,-1,1530.0,15.0
25415,498,Evoker,Devastation,Scalecommander,DPS,US,Temple of Sethraliss,10,1,1119.5,277398,1,310.0,2026-08-21,0,-1,1136.0,40.8
25415,56319,Priest,Holy,Oracle,Healer,US,Temple of Sethraliss,10,1,1119.5,29267,0,297.0,2026-08-21,0,-1,1136.0,40.8
25415,56320,Priest,Shadow,Voidweaver,DPS,US,Temple of Sethraliss,10,1,1119.5,208069,1,307.0,2026-08-21,0,-1,1136.0,40.8
25415,1825,DemonHunter,Devourer,Void-Scarred,DPS,US,Temple of Sethraliss,10,1,1119.5,197080,3,304.0,2026-08-21,0,-1,1136.0,40.8
25415,56475,DeathKnight,Blood,San'layn,Tank,US,Temple of Sethraliss,10,1,1119.5,127169,0,296.0,2026-08-21,0,-1,1136.0,40.8
25416,23908,Shaman,Restoration,Totemic,Healer,EU,Murder Row,10,1,1209.4,35658,0,303.0,2026-08-21,0,-1,1216.0,40.4
25416,56477,Hunter,Marksmanship,Sentinel,DPS,EU,Murder Row,10,1,1209.4,211074,0,304.0,2026-08-21,0,-1,1216.0,40.4
25416,56478,Rogue,Subtlety,Deathstalker,DPS,EU,Murder Row,10,1,1209.4,213933,2,309.0,2026-08-21,0,-1,1216.0,40.4
25416,56479,Druid,Balance,Elune's Chosen,DPS,EU,Murder Row,10,1,1209.4,223364,0,298.0,2026-08-21,0,-1,1216.0,40.4
25416,56476,DeathKnight,Blood,San'layn,Tank,EU,Murder Row,10,1,1209.4,117582,1,298.0,2026-08-21,0,-1,1216.0,40.4
25417,12993,Warrior,Arms,Slayer,DPS,US,The Blinding Vale,10,1,1025.6,231188,1,305.0,2026-08-20,0,-1,1022.0,43.2
25417,1591,Paladin,Holy,Herald of the Sun,Healer,US,The Blinding Vale,10,1,1025.6,13968,0,307.0,2026-08-20,0,-1,1022.0,43.2
25417,1589,Druid,Balance,Elune's Chosen,DPS,US,The Blinding Vale,10,1,1025.6,270542,0,307.0,2026-08-20,0,-1,1022.0,43.2
25417,56480,Druid,Balance,Elune's Chosen,DPS,US,The Blinding Vale,10,1,1025.6,231786,0,301.0,2026-08-20,0,-1,1022.0,43.2
25417,1587,DeathKnight,Blood,San'layn,Tank,US,The Blinding Vale,10,1,1025.6,148909,0,307.0,2026-08-20,0,-1,1022.0,43.2
25421,1348,DemonHunter,Devourer,Void-Scarred,DPS,US,Temple of Sethraliss,14,1,1749.2,211232,0,305.0,2026-08-20,0,-1,1801.0,6.2
25421,11564,Druid,Guardian,Elune's Chosen,Tank,US,Temple of Sethraliss,14,1,1749.2,111732,1,304.0,2026-08-20,0,-1,1801.0,6.2
25421,1349,DeathKnight,Unholy,Rider of the Apocalypse,DPS,US,Temple of Sethraliss,14,1,1749.2,248805,1,306.0,2026-08-20,0,-1,1801.0,6.2
25421,46183,Paladin,Holy,Herald of the Sun,Healer,US,Temple of Sethraliss,14,1,1749.2,17208,1,301.0,2026-08-20,0,-1,1801.0,6.2
25421,56487,Shaman,Elemental,Farseer,DPS,US,Temple of Sethraliss,14,1,1749.2,209688,1,301.0,2026-08-20,0,-1,1801.0,6.2
25426,33381,DemonHunter,Devourer,Void-Scarred,DPS,EU,Kings' Rest,10,1,1238.1,149675,0,296.0,2026-08-21,0,-1,1240.0,37.4
25426,18717,Paladin,Holy,Lightsmith,Healer,EU,Kings' Rest,10,1,1238.1,37327,0,309.0,2026-08-21,0,-1,1240.0,37.4
25426,32641,Paladin,Protection,Lightsmith,Tank,EU,Kings' Rest,10,1,1238.1,71174,0,307.0,2026-08-21,0,-1,1240.0,37.4
25426,33379,Mage,Arcane,Sunfury,DPS,EU,Kings' Rest,10,1,1238.1,164092,2,303.0,2026-08-21,0,-1,1240.0,37.4
25426,33380,Shaman,Elemental,Farseer,DPS,EU,Kings' Rest,10,1,1238.1,157293,0,291.0,2026-08-21,0,-1,1240.0,37.4
25427,56498,DeathKnight,Unholy,Rider of the Apocalypse,DPS,US,Kings' Rest,7,1,1204.4,111977,0,304.0,2026-08-21,0,-1,1200.0,39.4
25427,56500,Warlock,Demonology,Diabolist,DPS,US,Kings' Rest,7,1,1204.4,137760,0,293.0,2026-08-21,0,-1,1200.0,39.4
25427,56497,Druid,Restoration,Wildstalker,Healer,US,Kings' Rest,7,1,1204.4,12540,0,289.0,2026-08-21,0,-1,1200.0,39.4
25427,56499,Mage,Arcane,Sunfury,DPS,US,Kings' Rest,7,1,1204.4,142867,1,301.0,2026-08-21,0,-1,1200.0,39.4
25427,56496,DemonHunter,Vengeance,Annihilator,Tank,US,Kings' Rest,7,1,1204.4,69518,0,290.0,2026-08-21,0,-1,1200.0,39.4
25429,56504,Warrior,Arms,Slayer,DPS,EU,Den of Nalorakk,11,1,1376.3,196317,1,303.0,2026-08-20,0,-1,1373.0,28.5
25429,56503,Druid,Restoration,Wildstalker,Healer,EU,Den of Nalorakk,11,1,1376.3,5532,0,304.0,2026-08-20,0,-1,1373.0,28.5
25429,56502,Paladin,Protection,Lightsmith,Tank,EU,Den of Nalorakk,11,1,1376.3,86986,0,296.0,2026-08-20,0,-1,1373.0,28.5
25429,56505,Hunter,BeastMastery,Pack Leader,DPS,EU,Den of Nalorakk,11,1,1376.3,160689,0,304.0,2026-08-20,0,-1,1373.0,28.5
25429,41352,Shaman,Enhancement,Stormbringer,DPS,EU,Den of Nalorakk,11,1,1376.3,222710,0,304.0,2026-08-20,0,-1,1373.0,28.5
25431,21011,Warrior,Arms,Slayer,DPS,EU,Murder Row,12,1,1598.7,189981,0,300.0,2026-08-20,0,-1,1620.0,20.6
25431,13420,Hunter,BeastMastery,Pack Leader,DPS,EU,Murder Row,12,1,1598.7,182607,0,305.0,2026-08-20,0,-1,1620.0,20.6
25431,48734,DeathKnight,Blood,San'layn,Tank,EU,Murder Row,12,1,1598.7,126323,1,301.0,2026-08-20,0,-1,1620.0,20.6
25431,44720,Shaman,Restoration,Totemic,Healer,EU,Murder Row,12,1,1598.7,24738,0,296.0,2026-08-20,0,-1,1620.0,20.6
25431,33827,Rogue,Outlaw,Trickster,DPS,EU,Murder Row,12,1,1598.7,184143,1,299.0,2026-08-20,0,-1,1620.0,20.6
25438,56532,Rogue,Outlaw,Trickster,DPS,EU,Murder Row,11,1,1294.3,231975,0,294.0,2026-08-20,0,-1,1291.0,36.7
25438,56531,Monk,Windwalker,Shado-Pan,DPS,EU,Murder Row,11,1,1294.3,214362,1,298.0,2026-08-20,0,-1,1291.0,36.7
25438,56529,Shaman,Restoration,Totemic,Healer,EU,Murder Row,11,1,1294.3,30728,0,303.0,2026-08-20,0,-1,1291.0,36.7
25438,24466,Druid,Guardian,Elune's Chosen,Tank,EU,Murder Row,11,1,1294.3,113962,0,292.0,2026-08-20,0,-1,1291.0,36.7
25438,56530,Warrior,Arms,Slayer,DPS,EU,Murder Row,11,1,1294.3,244774,0,307.0,2026-08-20,0,-1,1291.0,36.7
25440,53186,Shaman,Elemental,Farseer,DPS,CN,Temple of Sethraliss,12,1,1343.4,193916,0,301.0,2026-08-20,0,-1,1410.0,26.6
25440,53185,Warrior,Arms,Slayer,DPS,CN,Temple of Sethraliss,12,1,1343.4,219774,3,304.0,2026-08-20,0,-1,1410.0,26.6
25440,53184,Paladin,Holy,Lightsmith,Healer,CN,Temple of Sethraliss,12,1,1343.4,50590,1,301.0,2026-08-20,0,-1,1410.0,26.6
25440,53187,Druid,Balance,Elune's Chosen,DPS,CN,Temple of Sethraliss,12,1,1343.4,246810,1,305.0,2026-08-20,0,-1,1410.0,26.6
25440,53183,DeathKnight,Blood,San'layn,Tank,CN,Temple of Sethraliss,12,1,1343.4,131896,0,305.0,2026-08-20,0,-1,1410.0,26.6
25441,56537,Paladin,Retribution,Herald of the Sun,DPS,US,Voidscar Arena,13,1,1662.6,206657,1,298.0,2026-08-22,0,-1,1730.0,3.9
25441,56534,DeathKnight,Blood,Deathbringer,Tank,US,Voidscar Arena,13,1,1662.6,113618,1,303.0,2026-08-22,0,-1,1730.0,3.9
25441,56535,Hunter,Marksmanship,Sentinel,DPS,US,Voidscar Arena,13,1,1662.6,188841,1,305.0,2026-08-22,0,-1,1730.0,3.9
25441,32831,Paladin,Holy,Lightsmith,Healer,US,Voidscar Arena,13,1,1662.6,30638,2,307.0,2026-08-22,0,-1,1730.0,3.9
25441,56536,Shaman,Elemental,Farseer,DPS,US,Voidscar Arena,13,1,1662.6,203882,0,301.0,2026-08-22,0,-1,1730.0,3.9
25442,56541,DemonHunter,Devourer,Void-Scarred,DPS,EU,Murder Row,10,1,1187.6,168554,0,300.0,2026-08-21,0,-1,1179.0,42.2
25442,56539,Paladin,Holy,Herald of the Sun,Healer,EU,Murder Row,10,1,1187.6,11134,0,297.0,2026-08-21,0,-1,1179.0,42.2
25442,14463,Warlock,Demonology,Diabolist,DPS,EU,Murder Row,10,1,1187.6,331284,0,305.0,2026-08-21,0,-1,1179.0,42.2
25442,56540,Mage,Arcane,Sunfury,DPS,EU,Murder Row,10,1,1187.6,171518,0,295.0,2026-08-21,0,-1,1179.0,42.2
25442,56538,Paladin,Protection,Lightsmith,Tank,EU,Murder Row,10,1,1187.6,116510,0,303.0,2026-08-21,0,-1,1179.0,42.2
25448,5354,DeathKnight,Blood,San'layn,Tank,US,Altar of Fangs,10,1,1093.7,154492,0,302.0,2026-08-22,0,-1,1096.0,39.1
25448,5356,Hunter,Marksmanship,Sentinel,DPS,US,Altar of Fangs,10,1,1093.7,224126,0,306.0,2026-08-22,0,-1,1096.0,39.1
25448,56560,Evoker,Preservation,Flameshaper,Healer,US,Altar of Fangs,10,1,1093.7,48573,0,305.0,2026-08-22,0,-1,1096.0,39.1
25448,3356,Warlock,Demonology,Diabolist,DPS,US,Altar of Fangs,10,1,1093.7,320995,0,305.0,2026-08-22,0,-1,1096.0,39.1
25448,14666,Mage,Arcane,Sunfury,DPS,US,Altar of Fangs,10,1,1093.7,219829,2,307.0,2026-08-22,0,-1,1096.0,39.1
25449,56563,Warlock,Destruction,Hellcaller,DPS,EU,Altar of Fangs,10,1,1119.4,228960,0,302.0,2026-08-20,0,-1,1111.0,38.3
25449,56561,DeathKnight,Blood,San'layn,Tank,EU,Altar of Fangs,10,1,1119.4,173134,0,307.0,2026-08-20,0,-1,1111.0,38.3
25449,56562,Shaman,Restoration,Totemic,Healer,EU,Altar of Fangs,10,1,1119.4,35261,0,302.0,2026-08-20,0,-1,1111.0,38.3
25449,56565,Warrior,Arms,Slayer,DPS,EU,Altar of Fangs,10,1,1119.4,255284,0,301.0,2026-08-20,0,-1,1111.0,38.3
25449,56564,DemonHunter,Devourer,Void-Scarred,DPS,EU,Altar of Fangs,10,1,1119.4,228021,0,294.0,2026-08-20,0,-1,1111.0,38.3
25450,13680,Shaman,Elemental,Farseer,DPS,EU,The Blinding Vale,14,0,1739.4,240064,1,303.0,2026-08-21,0,-1,1821.0,-1.2
25450,13679,Druid,Balance,Elune's Chosen,DPS,EU,The Blinding Vale,14,0,1739.4,212588,2,307.0,2026-08-21,0,-1,1821.0,-1.2
25450,13832,DemonHunter,Devourer,Void-Scarred,DPS,EU,The Blinding Vale,14,0,1739.4,205519,2,308.0,2026-08-21,0,-1,1821.0,-1.2
25450,16091,Paladin,Holy,Herald of the Sun,Healer,EU,The Blinding Vale,14,0,1739.4,20283,1,309.0,2026-08-21,0,-1,1821.0,-1.2
25450,13676,DeathKnight,Blood,San'layn,Tank,EU,The Blinding Vale,14,0,1739.4,140785,1,311.0,2026-08-21,0,-1,1821.0,-1.2
25456,55006,DeathKnight,Blood,San'layn,Tank,CN,Ruby Life Pools,12,1,1196.1,158472,0,301.0,2026-08-20,0,-1,1187.0,29.3
25456,55009,Shaman,Elemental,Farseer,DPS,CN,Ruby Life Pools,12,1,1196.1,252627,0,299.0,2026-08-20,0,-1,1187.0,29.3
25456,55008,Mage,Arcane,Sunfury,DPS,CN,Ruby Life Pools,12,1,1196.1,270917,0,298.0,2026-08-20,0,-1,1187.0,29.3
25456,55010,Warrior,Arms,Slayer,DPS,CN,Ruby Life Pools,12,1,1196.1,213764,0,297.0,2026-08-20,0,-1,1187.0,29.3
25456,55007,Paladin,Holy,Lightsmith,Healer,CN,Ruby Life Pools,12,1,1196.1,41791,0,297.0,2026-08-20,0,-1,1187.0,29.3
25457,1059,Warlock,Demonology,Diabolist,DPS,US,Altar of Fangs,11,1,1292.0,260457,1,297.0,2026-08-21,0,-1,1294.0,28.1
25457,4168,DemonHunter,Devourer,Annihilator,DPS,US,Altar of Fangs,11,1,1292.0,227676,1,298.0,2026-08-21,0,-1,1294.0,28.1
25457,34891,Hunter,Marksmanship,Sentinel,DPS,US,Altar of Fangs,11,1,1292.0,226478,0,300.0,2026-08-21,0,-1,1294.0,28.1
25457,1057,Monk,Mistweaver,Conduit of the Celestials,Healer,US,Altar of Fangs,11,1,1292.0,60212,0,311.0,2026-08-21,0,-1,1294.0,28.1
25457,984,Druid,Guardian,Elune's Chosen,Tank,US,Altar of Fangs,11,1,1292.0,118907,0,310.0,2026-08-21,0,-1,1294.0,28.1
25458,56582,Paladin,Retribution,Templar,DPS,US,Den of Nalorakk,5,1,1049.2,115066,0,293.0,2026-08-21,0,-1,1041.0,45.8
25458,45534,Druid,Guardian,Elune's Chosen,Tank,US,Den of Nalorakk,5,1,1049.2,76344,0,303.0,2026-08-21,0,-1,1041.0,45.8
25458,56580,Hunter,BeastMastery,Pack Leader,DPS,US,Den of Nalorakk,5,1,1049.2,138736,0,295.0,2026-08-21,0,-1,1041.0,45.8
25458,56581,Mage,Arcane,Sunfury,DPS,US,Den of Nalorakk,5,1,1049.2,117271,0,305.0,2026-08-21,0,-1,1041.0,45.8
25458,56579,Priest,Holy,Oracle,Healer,US,Den of Nalorakk,5,1,1049.2,29404,0,296.0,2026-08-21,0,-1,1041.0,45.8
25462,16172,Priest,Shadow,Archon,DPS,EU,The Blinding Vale,10,1,1117.7,208256,0,295.0,2026-08-20,0,-1,1109.0,38.4
25462,15332,Mage,Arcane,Sunfury,DPS,EU,The Blinding Vale,10,1,1117.7,210430,0,300.0,2026-08-20,0,-1,1109.0,38.4
25462,15328,DeathKnight,Blood,San'layn,Tank,EU,The Blinding Vale,10,1,1117.7,147429,0,300.0,2026-08-20,0,-1,1109.0,38.4
25462,56592,Paladin,Retribution,Templar,DPS,EU,The Blinding Vale,10,1,1117.7,221147,0,303.0,2026-08-20,0,-1,1109.0,38.4
25462,15329,Druid,Restoration,Wildstalker,Healer,EU,The Blinding Vale,10,1,1117.7,9442,0,294.0,2026-08-20,0,-1,1109.0,38.4
25463,56593,Hunter,Survival,Sentinel,DPS,US,The Blinding Vale,5,1,998.1,130499,0,301.0,2026-08-21,0,-1,990.0,45.0
25463,40010,Paladin,Protection,Lightsmith,Tank,US,The Blinding Vale,5,1,998.1,83340,0,298.0,2026-08-21,0,-1,990.0,45.0
25463,52295,Mage,Arcane,Sunfury,DPS,US,The Blinding Vale,5,1,998.1,168420,1,293.0,2026-08-21,0,-1,990.0,45.0
25463,52293,Druid,Restoration,Wildstalker,Healer,US,The Blinding Vale,5,1,998.1,22648,1,301.0,2026-08-21,0,-1,990.0,45.0
25463,52296,Warlock,Affliction,Soul Harvester,DPS,US,The Blinding Vale,5,1,998.1,150266,0,297.0,2026-08-21,0,-1,990.0,45.0
25470,14621,DemonHunter,Havoc,Fel-Scarred,DPS,EU,Temple of Sethraliss,10,1,1118.3,235372,1,299.0,2026-08-20,0,-1,1115.0,41.9
25470,14622,Mage,Arcane,Sunfury,DPS,EU,Temple of Sethraliss,10,1,1118.3,257232,0,306.0,2026-08-20,0,-1,1115.0,41.9
25470,14623,Paladin,Retribution,Templar,DPS,EU,Temple of Sethraliss,10,1,1118.3,184533,0,301.0,2026-08-20,0,-1,1115.0,41.9
25470,14619,DeathKnight,Blood,Deathbringer,Tank,EU,Temple of Sethraliss,10,1,1118.3,128496,0,305.0,2026-08-20,0,-1,1115.0,41.9
25470,14620,Evoker,Preservation,Flameshaper,Healer,EU,Temple of Sethraliss,10,1,1118.3,24584,0,298.0,2026-08-20,0,-1,1115.0,41.9
25471,56608,Warrior,Arms,Slayer,DPS,CN,Den of Nalorakk,11,1,1429.5,182924,1,298.0,2026-08-21,0,-1,1426.0,25.7
25471,56609,Druid,Balance,Elune's Chosen,DPS,CN,Den of Nalorakk,11,1,1429.5,143093,0,298.0,2026-08-21,0,-1,1426.0,25.7
25471,56610,Priest,Shadow,Voidweaver,DPS,CN,Den of Nalorakk,11,1,1429.5,182605,0,302.0,2026-08-21,0,-1,1426.0,25.7
25471,56607,Evoker,Preservation,Flameshaper,Healer,CN,Den of Nalorakk,11,1,1429.5,40883,0,298.0,2026-08-21,0,-1,1426.0,25.7
25471,56606,DeathKnight,Blood,San'layn,Tank,CN,Den of Nalorakk,11,1,1429.5,117304,0,305.0,2026-08-21,0,-1,1426.0,25.7
25472,56614,Mage,Arcane,Sunfury,DPS,CN,The Blinding Vale,3,1,1086.3,98326,2,284.0,2026-08-20,0,-1,1078.0,40.1
25472,56611,Paladin,Protection,Lightsmith,Tank,CN,The Blinding Vale,3,1,1086.3,72158,0,281.0,2026-08-20,0,-1,1078.0,40.1
25472,56615,Warlock,Demonology,Diabolist,DPS,CN,The Blinding Vale,3,1,1086.3,125326,0,281.0,2026-08-20,0,-1,1078.0,40.1
25472,56613,Paladin,Retribution,Herald of the Sun,DPS,CN,The Blinding Vale,3,1,1086.3,141976,0,283.0,2026-08-20,0,-1,1078.0,40.1
25472,56612,Shaman,Restoration,Totemic,Healer,CN,The Blinding Vale,3,1,1086.3,22047,2,284.0,2026-08-20,0,-1,1078.0,40.1
25475,47390,Shaman,Restoration,Totemic,Healer,EU,Ruby Life Pools,12,1,1309.4,24441,0,293.0,2026-08-20,0,-1,1361.0,19.0
25475,47391,Mage,Arcane,Sunfury,DPS,EU,Ruby Life Pools,12,1,1309.4,218521,0,297.0,2026-08-20,0,-1,1361.0,19.0
25475,56622,DeathKnight,Unholy,Rider of the Apocalypse,DPS,EU,Ruby Life Pools,12,1,1309.4,213051,2,295.0,2026-08-20,0,-1,1361.0,19.0
25475,20348,DeathKnight,Blood,San'layn,Tank,EU,Ruby Life Pools,12,1,1309.4,164847,0,310.0,2026-08-20,0,-1,1361.0,19.0
25475,20352,Rogue,Assassination,Deathstalker,DPS,EU,Ruby Life Pools,12,1,1309.4,247105,2,298.0,2026-08-20,0,-1,1361.0,19.0
25478,56633,DeathKnight,Blood,Deathbringer,Tank,US,Kings' Rest,2,1,1194.0,56549,0,295.0,2026-08-20,0,-1,1185.0,40.1
25478,56635,Mage,Arcane,Sunfury,DPS,US,Kings' Rest,2,1,1194.0,63583,3,280.0,2026-08-20,0,-1,1185.0,40.1
25478,56637,DemonHunter,Devourer,Annihilator,DPS,US,Kings' Rest,2,1,1194.0,87154,1,292.0,2026-08-20,0,-1,1185.0,40.1
25478,56636,Paladin,Retribution,Templar,DPS,US,Kings' Rest,2,1,1194.0,67760,0,291.0,2026-08-20,0,-1,1185.0,40.1
25478,56634,Paladin,Holy,Herald of the Sun,Healer,US,Kings' Rest,2,1,1194.0,11559,1,278.0,2026-08-20,0,-1,1185.0,40.1
25483,56654,Shaman,Elemental,Farseer,DPS,CN,Murder Row,12,1,1565.5,211245,0,303.0,2026-08-21,0,-1,1557.0,23.7
25483,56651,Paladin,Holy,Lightsmith,Healer,CN,Murder Row,12,1,1565.5,45165,0,296.0,2026-08-21,0,-1,1557.0,23.7
25483,56652,Mage,Arcane,Sunfury,DPS,CN,Murder Row,12,1,1565.5,209925,0,306.0,2026-08-21,0,-1,1557.0,23.7
25483,56650,DeathKnight,Blood,Deathbringer,Tank,CN,Murder Row,12,1,1565.5,92450,0,304.0,2026-08-21,0,-1,1557.0,23.7
25483,56653,Paladin,Retribution,Herald of the Sun,DPS,CN,Murder Row,12,1,1565.5,192702,0,303.0,2026-08-21,0,-1,1557.0,23.7
25489,48664,Mage,Arcane,Sunfury,DPS,US,Ruby Life Pools,14,0,1746.7,231212,1,304.0,2026-08-22,0,-1,1813.0,-7.9
25489,16193,Druid,Guardian,Elune's Chosen,Tank,US,Ruby Life Pools,14,0,1746.7,105969,1,313.0,2026-08-22,0,-1,1813.0,-7.9
25489,2728,Rogue,Assassination,Deathstalker,DPS,US,Ruby Life Pools,14,0,1746.7,222787,1,309.0,2026-08-22,0,-1,1813.0,-7.9
25489,7924,DeathKnight,Unholy,San'layn,DPS,US,Ruby Life Pools,14,0,1746.7,210170,1,300.0,2026-08-22,0,-1,1813.0,-7.9
25489,7459,Paladin,Holy,Herald of the Sun,Healer,US,Ruby Life Pools,14,0,1746.7,27220,1,307.0,2026-08-22,0,-1,1813.0,-7.9
25496,56685,Warrior,Arms,Slayer,DPS,EU,Kings' Rest,10,1,1135.7,174411,0,301.0,2026-08-21,0,-1,1127.0,43.1
25496,56683,Shaman,Restoration,Totemic,Healer,EU,Kings' Rest,10,1,1135.7,19918,0,306.0,2026-08-21,0,-1,1127.0,43.1
25496,56686,Monk,Windwalker,Shado-Pan,DPS,EU,Kings' Rest,10,1,1135.7,155542,0,305.0,2026-08-21,0,-1,1127.0,43.1
25496,56682,DeathKnight,Blood,San'layn,Tank,EU,Kings' Rest,10,1,1135.7,112206,0,308.0,2026-08-21,0,-1,1127.0,43.1
25496,56684,Rogue,Subtlety,Deathstalker,DPS,EU,Kings' Rest,10,1,1135.7,165720,0,304.0,2026-08-21,0,-1,1127.0,43.1
25500,56696,Monk,Windwalker,Shado-Pan,DPS,EU,Altar of Fangs,5,1,1077.9,153692,0,301.0,2026-08-21,0,-1,1069.0,40.6
25500,56698,DemonHunter,Devourer,Annihilator,DPS,EU,Altar of Fangs,5,1,1077.9,125583,0,290.0,2026-08-21,0,-1,1069.0,40.6
25500,56694,Paladin,Protection,Templar,Tank,EU,Altar of Fangs,5,1,1077.9,78271,0,295.0,2026-08-21,0,-1,1069.0,40.6
25500,56695,Druid,Restoration,Wildstalker,Healer,EU,Altar of Fangs,5,1,1077.9,13347,0,294.0,2026-08-21,0,-1,1069.0,40.6
25500,56697,Mage,Arcane,Sunfury,DPS,EU,Altar of Fangs,5,1,1077.9,162316,0,292.0,2026-08-21,0,-1,1069.0,40.6
25503,56710,Shaman,Elemental,Farseer,DPS,US,Murder Row,14,1,1955.8,187722,2,303.0,2026-08-21,0,-1,2037.0,0.1
25503,56709,Paladin,Retribution,Herald of the Sun,DPS,US,Murder Row,14,1,1955.8,198661,0,307.0,2026-08-21,0,-1,2037.0,0.1
25503,24790,Hunter,Marksmanship,Sentinel,DPS,US,Murder Row,14,1,1955.8,202431,3,307.0,2026-08-21,0,-1,2037.0,0.1
25503,4494,Priest,Holy,Oracle,Healer,US,Murder Row,14,1,1955.8,20702,0,306.0,2026-08-21,0,-1,2037.0,0.1
25503,5222,DeathKnight,Blood,Deathbringer,Tank,US,Murder Row,14,1,1955.8,121105,1,309.0,2026-08-21,0,-1,2037.0,0.1
25508,15628,Paladin,Holy,Herald of the Sun,Healer,EU,Den of Nalorakk,10,1,1224.0,20066,0,302.0,2026-08-21,0,-1,1220.0,36.4
25508,15627,DeathKnight,Blood,San'layn,Tank,EU,Den of Nalorakk,10,1,1224.0,113115,0,308.0,2026-08-21,0,-1,1220.0,36.4
25508,56721,Shaman,Enhancement,Stormbringer,DPS,EU,Den of Nalorakk,10,1,1224.0,152863,1,295.0,2026-08-21,0,-1,1220.0,36.4
25508,15629,DemonHunter,Devourer,Void-Scarred,DPS,EU,Den of Nalorakk,10,1,1224.0,218436,0,310.0,2026-08-21,0,-1,1220.0,36.4
25508,15631,Mage,Arcane,Sunfury,DPS,EU,Den of Nalorakk,10,1,1224.0,264824,0,309.0,2026-08-21,0,-1,1220.0,36.4
25509,12726,Paladin,Protection,Lightsmith,Tank,EU,Altar of Fangs,10,1,1065.2,123999,1,296.0,2026-08-20,0,-1,1061.0,41.0
25509,14633,Paladin,Holy,Herald of the Sun,Healer,EU,Altar of Fangs,10,1,1065.2,20637,0,301.0,2026-08-20,0,-1,1061.0,41.0
25509,12728,Mage,Arcane,Sunfury,DPS,EU,Altar of Fangs,10,1,1065.2,302482,0,307.0,2026-08-20,0,-1,1061.0,41.0
25509,14634,Evoker,Devastation,Scalecommander,DPS,EU,Altar of Fangs,10,1,1065.2,283970,0,305.0,2026-08-20,0,-1,1061.0,41.0
25509,12729,Warrior,Arms,Slayer,DPS,EU,Altar of Fangs,10,1,1065.2,239687,0,300.0,2026-08-20,0,-1,1061.0,41.0
25513,56728,Warrior,Protection,Mountain Thane,Tank,US,Kings' Rest,6,1,1181.1,74957,0,301.0,2026-08-22,0,-1,1182.0,40.3
25513,56732,DemonHunter,Devourer,Annihilator,DPS,US,Kings' Rest,6,1,1181.1,99451,0,291.0,2026-08-22,0,-1,1182.0,40.3
25513,56731,Shaman,Elemental,Farseer,DPS,US,Kings' Rest,6,1,1181.1,106057,1,293.0,2026-08-22,0,-1,1182.0,40.3
25513,56730,DeathKnight,Unholy,Rider of the Apocalypse,DPS,US,Kings' Rest,6,1,1181.1,128095,0,297.0,2026-08-22,0,-1,1182.0,40.3
25513,56729,Priest,Holy,Oracle,Healer,US,Kings' Rest,6,1,1181.1,10670,0,288.0,2026-08-22,0,-1,1182.0,40.3
25514,14884,Warrior,Arms,Slayer,DPS,EU,Kings' Rest,10,1,1178.0,172486,0,309.0,2026-08-21,0,-1,1174.0,40.7
25514,53795,Shaman,Restoration,Totemic,Healer,EU,Kings' Rest,10,1,1178.0,33145,1,300.0,2026-08-21,0,-1,1174.0,40.7
25514,41192,DemonHunter,Havoc,Fel-Scarred,DPS,EU,Kings' Rest,10,1,1178.0,138974,0,295.0,2026-08-21,0,-1,1174.0,40.7
25514,14880,DeathKnight,Blood,San'layn,Tank,EU,Kings' Rest,10,1,1178.0,90646,0,306.0,2026-08-21,0,-1,1174.0,40.7
25514,14825,DemonHunter,Havoc,Fel-Scarred,DPS,EU,Kings' Rest,10,1,1178.0,180154,0,307.0,2026-08-21,0,-1,1174.0,40.7
25517,9071,Paladin,Holy,Herald of the Sun,Healer,US,Voidscar Arena,13,1,1647.9,23516,0,300.0,2026-08-20,0,-1,1729.0,3.9
25517,9072,Warlock,Demonology,Diabolist,DPS,US,Voidscar Arena,13,1,1647.9,220844,0,299.0,2026-08-20,0,-1,1729.0,3.9
25517,10265,DeathKnight,Unholy,Rider of the Apocalypse,DPS,US,Voidscar Arena,13,1,1647.9,204444,2,303.0,2026-08-20,0,-1,1729.0,3.9
25517,52006,Mage,Arcane,Sunfury,DPS,US,Voidscar Arena,13,1,1647.9,198344,1,297.0,2026-08-20,0,-1,1729.0,3.9
25517,9070,DeathKnight,Blood,Deathbringer,Tank,US,Voidscar Arena,13,1,1647.9,96696,3,300.0,2026-08-20,0,-1,1729.0,3.9
25519,15973,DeathKnight,Blood,San'layn,Tank,EU,Kings' Rest,10,1,1160.4,109038,0,304.0,2026-08-21,0,-1,1152.0,41.8
25519,29298,Hunter,BeastMastery,Pack Leader,DPS,EU,Kings' Rest,10,1,1160.4,180090,0,303.0,2026-08-21,0,-1,1152.0,41.8
25519,15972,Warrior,Arms,Slayer,DPS,EU,Kings' Rest,10,1,1160.4,192512,0,305.0,2026-08-21,0,-1,1152.0,41.8
25519,56739,Druid,Balance,Elune's Chosen,DPS,EU,Kings' Rest,10,1,1160.4,142768,0,300.0,2026-08-21,0,-1,1152.0,41.8
25519,15970,Paladin,Holy,Herald of the Sun,Healer,EU,Kings' Rest,10,1,1160.4,14342,0,297.0,2026-08-21,0,-1,1152.0,41.8
25523,56745,Paladin,Retribution,Templar,DPS,US,Ruby Life Pools,7,1,820.4,194945,1,300.0,2026-08-21,0,-1,817.0,51.4
25523,56744,Priest,Discipline,Oracle,Healer,US,Ruby Life Pools,7,1,820.4,12511,0,288.0,2026-08-21,0,-1,817.0,51.4
25523,56746,Warrior,Arms,Slayer,DPS,US,Ruby Life Pools,7,1,820.4,180711,0,289.0,2026-08-21,0,-1,817.0,51.4
25523,3150,DeathKnight,Unholy,Rider of the Apocalypse,DPS,US,Ruby Life Pools,7,1,820.4,231735,0,307.0,2026-08-21,0,-1,817.0,51.4
25523,95,Paladin,Protection,Lightsmith,Tank,US,Ruby Life Pools,7,1,820.4,140109,0,311.0,2026-08-21,0,-1,817.0,51.4
25524,56749,Mage,Arcane,Sunfury,DPS,US,Altar of Fangs,5,1,832.1,212413,0,303.0,2026-08-22,0,-1,823.0,54.3
25524,56750,DemonHunter,Devourer,Void-Scarred,DPS,US,Altar of Fangs,5,1,832.1,144583,0,290.0,2026-08-22,0,-1,823.0,54.3
25524,56748,Shaman,Restoration,Totemic,Healer,US,Altar of Fangs,5,1,832.1,13486,0,290.0,2026-08-22,0,-1,823.0,54.3
25524,663,Mage,Arcane,Sunfury,DPS,US,Altar of Fangs,5,1,832.1,224948,0,301.0,2026-08-22,0,-1,823.0,54.3
25524,56747,DemonHunter,Vengeance,Annihilator,Tank,US,Altar of Fangs,5,1,832.1,122055,0,308.0,2026-08-22,0,-1,823.0,54.3
25527,657,Mage,Arcane,Sunfury,DPS,US,Den of Nalorakk,10,1,1235.2,190776,1,301.0,2026-08-21,0,-1,1232.0,35.8
25527,38753,Warrior,Protection,Mountain Thane,Tank,US,Den of Nalorakk,10,1,1235.2,111403,0,297.0,2026-08-21,0,-1,1232.0,35.8
25527,655,Monk,Mistweaver,Conduit of the Celestials,Healer,US,Den of Nalorakk,10,1,1235.2,40746,0,304.0,2026-08-21,0,-1,1232.0,35.8
25527,654,Paladin,Retribution,Templar,DPS,US,Den of Nalorakk,10,1,1235.2,155077,0,299.0,2026-08-21,0,-1,1232.0,35.8
25527,658,DeathKnight,Frost,Deathbringer,DPS,US,Den of Nalorakk,10,1,1235.2,189326,0,302.0,2026-08-21,0,-1,1232.0,35.8
25531,54880,Evoker,Devastation,Scalecommander,DPS,EU,The Blinding Vale,10,1,1062.6,229285,0,307.0,2026-08-21,0,-1,1059.0,41.2
25531,56759,Hunter,Marksmanship,Sentinel,DPS,EU,The Blinding Vale,10,1,1062.6,195672,1,303.0,2026-08-21,0,-1,1059.0,41.2
25531,54877,DeathKnight,Blood,San'layn,Tank,EU,The Blinding Vale,10,1,1062.6,151007,0,302.0,2026-08-21,0,-1,1059.0,41.2
25531,19778,Warrior,Arms,Slayer,DPS,EU,The Blinding Vale,10,1,1062.6,247843,0,303.0,2026-08-21,0,-1,1059.0,41.2
25531,54878,Evoker,Preservation,Flameshaper,Healer,EU,The Blinding Vale,10,1,1062.6,44430,0,297.0,2026-08-21,0,-1,1059.0,41.2
25536,56768,Evoker,Devastation,Scalecommander,DPS,US,The Blinding Vale,10,1,966.6,248242,0,305.0,2026-08-21,0,-1,958.0,46.8
25536,13912,Priest,Holy,Oracle,Healer,US,The Blinding Vale,10,1,966.6,28558,0,303.0,2026-08-21,0,-1,958.0,46.8
25536,54580,Warrior,Arms,Slayer,DPS,US,The Blinding Vale,10,1,966.6,256831,0,304.0,2026-08-21,0,-1,958.0,46.8
25536,543,Rogue,Subtlety,Deathstalker,DPS,US,The Blinding Vale,10,1,966.6,302784,0,303.0,2026-08-21,0,-1,958.0,46.8
25536,180,DemonHunter,Vengeance,Annihilator,Tank,US,The Blinding Vale,10,1,966.6,137042,0,303.0,2026-08-21,0,-1,958.0,46.8
25545,24399,Mage,Arcane,Sunfury,DPS,EU,Altar of Fangs,10,1,1100.3,265035,0,306.0,2026-08-21,0,-1,1092.0,39.3
25545,56792,Shaman,Restoration,Totemic,Healer,EU,Altar of Fangs,10,1,1100.3,31624,0,301.0,2026-08-21,0,-1,1092.0,39.3
25545,56794,Druid,Balance,Elune's Chosen,DPS,EU,Altar of Fangs,10,1,1100.3,245441,0,298.0,2026-08-21,0,-1,1092.0,39.3
25545,12726,Paladin,Protection,Templar,Tank,EU,Altar of Fangs,10,1,1100.3,128927,0,304.0,2026-08-21,0,-1,1092.0,39.3
25545,56793,Rogue,Assassination,Deathstalker,DPS,EU,Altar of Fangs,10,1,1100.3,273587,0,298.0,2026-08-21,0,-1,1092.0,39.3
25547,52238,Rogue,Assassination,Fatebound,DPS,CN,Kings' Rest,10,1,1180.5,154123,2,299.0,2026-08-21,0,-1,1188.0,40.0
25547,52234,Monk,Brewmaster,Shado-Pan,Tank,CN,Kings' Rest,10,1,1180.5,84127,1,303.0,2026-08-21,0,-1,1188.0,40.0
25547,52235,Shaman,Restoration,Totemic,Healer,CN,Kings' Rest,10,1,1180.5,26856,0,308.0,2026-08-21,0,-1,1188.0,40.0
25547,52472,Druid,Balance,Elune's Chosen,DPS,CN,Kings' Rest,10,1,1180.5,148400,0,306.0,2026-08-21,0,-1,1188.0,40.0
25547,52236,Warrior,Fury,Slayer,DPS,CN,Kings' Rest,10,1,1180.5,183901,0,307.0,2026-08-21,0,-1,1188.0,40.0
25550,56799,Shaman,Restoration,Totemic,Healer,CN,Kings' Rest,12,1,1590.4,28159,0,306.0,2026-08-21,0,-1,1582.0,20.1
25550,56798,DeathKnight,Blood,San'layn,Tank,CN,Kings' Rest,12,1,1590.4,94166,0,303.0,2026-08-21,0,-1,1582.0,20.1
25550,56800,Mage,Arcane,Sunfury,DPS,CN,Kings' Rest,12,1,1590.4,189696,0,303.0,2026-08-21,0,-1,1582.0,20.1
25550,56801,Paladin,Retribution,Herald of the Sun,DPS,CN,Kings' Rest,12,1,1590.4,117323,0,291.0,2026-08-21,0,-1,1582.0,20.1
25550,56802,Warrior,Arms,Slayer,DPS,CN,Kings' Rest,12,1,1590.4,137732,0,301.0,2026-08-21,0,-1,1582.0,20.1
25552,15066,DemonHunter,Vengeance,Annihilator,Tank,EU,Voidscar Arena,8,1,1064.6,111924,0,306.0,2026-08-20,0,-1,1071.0,40.5
25552,15069,DemonHunter,Havoc,Aldrachi Reaver,DPS,EU,Voidscar Arena,8,1,1064.6,170803,0,301.0,2026-08-20,0,-1,1071.0,40.5
25552,15068,Warlock,Destruction,Diabolist,DPS,EU,Voidscar Arena,8,1,1064.6,188454,0,295.0,2026-08-20,0,-1,1071.0,40.5
25552,15067,Shaman,Restoration,Totemic,Healer,EU,Voidscar Arena,8,1,1064.6,37567,1,302.0,2026-08-20,0,-1,1071.0,40.5
25552,56805,Hunter,BeastMastery,Pack Leader,DPS,EU,Voidscar Arena,8,1,1064.6,172583,2,297.0,2026-08-20,0,-1,1071.0,40.5
25553,56809,Shaman,Enhancement,Stormbringer,DPS,EU,Ruby Life Pools,3,1,993.8,116177,0,296.0,2026-08-21,0,-1,985.0,41.4
25553,56808,Rogue,Assassination,Deathstalker,DPS,EU,Ruby Life Pools,3,1,993.8,137553,0,300.0,2026-08-21,0,-1,985.0,41.4
25553,56807,Priest,Discipline,Oracle,Healer,EU,Ruby Life Pools,3,1,993.8,11744,0,296.0,2026-08-21,0,-1,985.0,41.4
25553,56806,Warrior,Protection,Mountain Thane,Tank,EU,Ruby Life Pools,3,1,993.8,88886,0,292.0,2026-08-21,0,-1,985.0,41.4
25553,56810,DeathKnight,Unholy,Rider of the Apocalypse,DPS,EU,Ruby Life Pools,3,1,993.8,107757,0,299.0,2026-08-21,0,-1,985.0,41.4
25562,56823,Paladin,Holy,Herald of the Sun,Healer,EU,Ruby Life Pools,11,1,1184.5,26747,0,310.0,2026-08-21,0,-1,1176.0,30.0
25562,56822,DeathKnight,Blood,San'layn,Tank,EU,Ruby Life Pools,11,1,1184.5,142508,0,304.0,2026-08-21,0,-1,1176.0,30.0
25562,56825,Warlock,Affliction,Soul Harvester,DPS,EU,Ruby Life Pools,11,1,1184.5,221011,0,306.0,2026-08-21,0,-1,1176.0,30.0
25562,56824,Warrior,Fury,Slayer,DPS,EU,Ruby Life Pools,11,1,1184.5,235232,0,308.0,2026-08-21,0,-1,1176.0,30.0
25562,46643,Evoker,Devastation,Scalecommander,DPS,EU,Ruby Life Pools,11,1,1184.5,256221,0,309.0,2026-08-21,0,-1,1176.0,30.0
25565,45330,Priest,Shadow,Archon,DPS,EU,Voidscar Arena,11,1,1245.7,244705,0,307.0,2026-08-21,0,-1,1237.0,31.3
25565,12809,Hunter,Marksmanship,Sentinel,DPS,EU,Voidscar Arena,11,1,1245.7,234311,0,314.0,2026-08-21,0,-1,1237.0,31.3
25565,15212,Paladin,Holy,Herald of the Sun,Healer,EU,Voidscar Arena,11,1,1245.7,30259,0,304.0,2026-08-21,0,-1,1237.0,31.3
25565,56833,Shaman,Enhancement,Stormbringer,DPS,EU,Voidscar Arena,11,1,1245.7,167841,0,289.0,2026-08-21,0,-1,1237.0,31.3
25565,30216,DeathKnight,Blood,San'layn,Tank,EU,Voidscar Arena,11,1,1245.7,116714,0,303.0,2026-08-21,0,-1,1237.0,31.3
25568,56837,Rogue,Subtlety,Deathstalker,DPS,US,Den of Nalorakk,13,1,1801.1,174732,0,294.0,2026-08-20,0,-1,1808.0,5.9
25568,2704,Hunter,Survival,Sentinel,DPS,US,Den of Nalorakk,13,1,1801.1,150962,0,305.0,2026-08-20,0,-1,1808.0,5.9
25568,3967,Rogue,Outlaw,Trickster,DPS,US,Den of Nalorakk,13,1,1801.1,189451,1,296.0,2026-08-20,0,-1,1808.0,5.9
25568,2701,Shaman,Restoration,Totemic,Healer,US,Den of Nalorakk,13,1,1801.1,32182,0,303.0,2026-08-20,0,-1,1808.0,5.9
25568,2700,Paladin,Protection,Lightsmith,Tank,US,Den of Nalorakk,13,1,1801.1,84616,0,300.0,2026-08-20,0,-1,1808.0,5.9
25573,56845,Hunter,Marksmanship,Sentinel,DPS,EU,Den of Nalorakk,6,1,1148.9,139430,1,291.0,2026-08-20,0,-1,1151.0,40.1
25573,56842,Priest,Discipline,Oracle,Healer,EU,Den of Nalorakk,6,1,1148.9,10578,1,295.0,2026-08-20,0,-1,1151.0,40.1
25573,56841,DemonHunter,Vengeance,Annihilator,Tank,EU,Den of Nalorakk,6,1,1148.9,61059,0,288.0,2026-08-20,0,-1,1151.0,40.1
25573,56843,Warrior,Arms,Slayer,DPS,EU,Den of Nalorakk,6,1,1148.9,152626,0,293.0,2026-08-20,0,-1,1151.0,40.1
25573,56844,DemonHunter,Devourer,Void-Scarred,DPS,EU,Den of Nalorakk,6,1,1148.9,108509,0,298.0,2026-08-20,0,-1,1151.0,40.1
25576,3332,Evoker,Preservation,Flameshaper,Healer,US,Ruby Life Pools,10,1,1060.4,31307,0,307.0,2026-08-20,0,-1,1056.0,37.1
25576,13657,Druid,Guardian,Elune's Chosen,Tank,US,Ruby Life Pools,10,1,1060.4,109523,0,293.0,2026-08-20,0,-1,1056.0,37.1
25576,3333,Rogue,Assassination,Deathstalker,DPS,US,Ruby Life Pools,10,1,1060.4,288607,0,302.0,2026-08-20,0,-1,1056.0,37.1
25576,13658,Hunter,Marksmanship,Sentinel,DPS,US,Ruby Life Pools,10,1,1060.4,203060,1,292.0,2026-08-20,0,-1,1056.0,37.1
25576,41498,Warrior,Arms,Slayer,DPS,US,Ruby Life Pools,10,1,1060.4,190547,0,291.0,2026-08-20,0,-1,1056.0,37.1
25581,53674,Paladin,Holy,Herald of the Sun,Healer,EU,Voidscar Arena,11,1,1244.3,28629,0,300.0,2026-08-21,0,-1,1236.0,31.3
25581,56868,Priest,Shadow,Archon,DPS,EU,Voidscar Arena,11,1,1244.3,187372,0,302.0,2026-08-21,0,-1,1236.0,31.3
25581,14179,Evoker,Devastation,Scalecommander,DPS,EU,Voidscar Arena,11,1,1244.3,208480,0,304.0,2026-08-21,0,-1,1236.0,31.3
25581,56869,Warlock,Demonology,Diabolist,DPS,EU,Voidscar Arena,11,1,1244.3,169114,0,298.0,2026-08-21,0,-1,1236.0,31.3
25581,56867,Warrior,Protection,Mountain Thane,Tank,EU,Voidscar Arena,11,1,1244.3,113863,0,296.0,2026-08-21,0,-1,1236.0,31.3
25582,18464,DeathKnight,Blood,San'layn,Tank,EU,Den of Nalorakk,12,1,1486.4,119827,0,306.0,2026-08-20,0,-1,1538.0,19.9
25582,56870,Paladin,Holy,Herald of the Sun,Healer,EU,Den of Nalorakk,12,1,1486.4,32673,1,305.0,2026-08-20,0,-1,1538.0,19.9
25582,56871,Mage,Arcane,Spellslinger,DPS,EU,Den of Nalorakk,12,1,1486.4,181766,2,295.0,2026-08-20,0,-1,1538.0,19.9
25582,18467,Paladin,Retribution,Templar,DPS,EU,Den of Nalorakk,12,1,1486.4,174968,0,299.0,2026-08-20,0,-1,1538.0,19.9
25582,20783,Warrior,Arms,Slayer,DPS,EU,Den of Nalorakk,12,1,1486.4,196630,1,296.0,2026-08-20,0,-1,1538.0,19.9
25584,53273,Priest,Shadow,Archon,DPS,KR,Voidscar Arena,9,1,1083.7,208407,0,297.0,2026-08-21,0,-1,1081.0,40.0
25584,56874,Monk,Mistweaver,Conduit of the Celestials,Healer,KR,Voidscar Arena,9,1,1083.7,38759,0,304.0,2026-08-21,0,-1,1081.0,40.0
25584,56876,Rogue,Outlaw,Trickster,DPS,KR,Voidscar Arena,9,1,1083.7,200708,0,299.0,2026-08-21,0,-1,1081.0,40.0
25584,56875,Hunter,BeastMastery,Pack Leader,DPS,KR,Voidscar Arena,9,1,1083.7,181969,1,294.0,2026-08-21,0,-1,1081.0,40.0
25584,56873,DeathKnight,Blood,Deathbringer,Tank,KR,Voidscar Arena,9,1,1083.7,66343,0,291.0,2026-08-21,0,-1,1081.0,40.0
25587,4206,DemonHunter,Devourer,Annihilator,DPS,US,Altar of Fangs,11,1,1210.6,264370,0,308.0,2026-08-22,0,-1,1203.0,33.2
25587,54127,Rogue,Subtlety,Deathstalker,DPS,US,Altar of Fangs,11,1,1210.6,248187,0,305.0,2026-08-22,0,-1,1203.0,33.2
25587,4207,Hunter,Marksmanship,Sentinel,DPS,US,Altar of Fangs,11,1,1210.6,228628,0,306.0,2026-08-22,0,-1,1203.0,33.2
25587,4205,Warrior,Protection,Mountain Thane,Tank,US,Altar of Fangs,11,1,1210.6,197565,0,310.0,2026-08-22,0,-1,1203.0,33.2
25587,4204,Priest,Discipline,Oracle,Healer,US,Altar of Fangs,11,1,1210.6,19656,0,306.0,2026-08-22,0,-1,1203.0,33.2
25589,13303,Shaman,Restoration,Totemic,Healer,US,The Blinding Vale,13,1,1550.4,32298,0,307.0,2026-08-21,0,-1,1617.0,10.2
25589,16310,Rogue,Assassination,Deathstalker,DPS,US,The Blinding Vale,13,1,1550.4,217120,2,300.0,2026-08-21,0,-1,1617.0,10.2
25589,40870,Druid,Balance,Elune's Chosen,DPS,US,The Blinding Vale,13,1,1550.4,223474,2,299.0,2026-08-21,0,-1,1617.0,10.2
25589,15270,Warrior,Arms,Slayer,DPS,US,The Blinding Vale,13,1,1550.4,235045,1,308.0,2026-08-21,0,-1,1617.0,10.2
25589,15449,DeathKnight,Blood,San'layn,Tank,US,The Blinding Vale,13,1,1550.4,129282,0,306.0,2026-08-21,0,-1,1617.0,10.2
25592,56890,Shaman,Restoration,Totemic,Healer,EU,Altar of Fangs,13,1,1593.4,29590,0,304.0,2026-08-20,0,-1,1630.0,9.4
25592,42876,DeathKnight,Blood,San'layn,Tank,EU,Altar of Fangs,13,1,1593.4,139075,0,308.0,2026-08-20,0,-1,1630.0,9.4
25592,40467,Mage,Arcane,Sunfury,DPS,EU,Altar of Fangs,13,1,1593.4,220555,3,305.0,2026-08-20,0,-1,1630.0,9.4
25592,41662,Warrior,Arms,Slayer,DPS,EU,Altar of Fangs,13,1,1593.4,240794,0,303.0,2026-08-20,0,-1,1630.0,9.4
25592,40466,Rogue,Assassination,Deathstalker,DPS,EU,Altar of Fangs,13,1,1593.4,271374,0,297.0,2026-08-20,0,-1,1630.0,9.4
25593,24812,Druid,Balance,Elune's Chosen,DPS,EU,Temple of Sethraliss,13,1,1636.6,165610,2,303.0,2026-08-20,0,-1,1688.0,12.1
25593,14205,Monk,Brewmaster,Shado-Pan,Tank,EU,Temple of Sethraliss,13,1,1636.6,117527,0,305.0,2026-08-20,0,-1,1688.0,12.1
25593,50017,Warlock,Demonology,Diabolist,DPS,EU,Temple of Sethraliss,13,1,1636.6,263514,0,302.0,2026-08-20,0,-1,1688.0,12.1
25593,14206,Shaman,Restoration,Totemic,Healer,EU,Temple of Sethraliss,13,1,1636.6,26689,0,299.0,2026-08-20,0,-1,1688.0,12.1
25593,14207,Warrior,Arms,Slayer,DPS,EU,Temple of Sethraliss,13,1,1636.6,221024,2,302.0,2026-08-20,0,-1,1688.0,12.1
25600,56898,Monk,Windwalker,Shado-Pan,DPS,EU,Temple of Sethraliss,11,1,1252.5,175771,0,308.0,2026-08-21,0,-1,1244.0,35.2
25600,13984,Shaman,Elemental,Farseer,DPS,EU,Temple of Sethraliss,11,1,1252.5,245385,0,301.0,2026-08-21,0,-1,1244.0,35.2
25600,13983,Paladin,Holy,Herald of the Sun,Healer,EU,Temple of Sethraliss,11,1,1252.5,28760,0,301.0,2026-08-21,0,-1,1244.0,35.2
25600,13985,Mage,Arcane,Sunfury,DPS,EU,Temple of Sethraliss,11,1,1252.5,212363,0,302.0,2026-08-21,0,-1,1244.0,35.2
25600,56897,Druid,Guardian,Elune's Chosen,Tank,EU,Temple of Sethraliss,11,1,1252.5,118570,0,292.0,2026-08-21,0,-1,1244.0,35.2
25602,56900,Paladin,Holy,Herald of the Sun,Healer,EU,Ruby Life Pools,8,1,1004.2,12576,0,299.0,2026-08-20,0,-1,996.0,40.7
25602,56899,DeathKnight,Blood,San'layn,Tank,EU,Ruby Life Pools,8,1,1004.2,129005,0,297.0,2026-08-20,0,-1,996.0,40.7
25602,56901,Warrior,Arms,Colossus,DPS,EU,Ruby Life Pools,8,1,1004.2,165912,0,297.0,2026-08-20,0,-1,996.0,40.7
25602,56903,Mage,Arcane,Sunfury,DPS,EU,Ruby Life Pools,8,1,1004.2,188652,0,301.0,2026-08-20,0,-1,996.0,40.7
25602,56902,Hunter,BeastMastery,Pack Leader,DPS,EU,Ruby Life Pools,8,1,1004.2,191306,0,302.0,2026-08-20,0,-1,996.0,40.7
25614,14608,DemonHunter,Vengeance,Annihilator,Tank,EU,Temple of Sethraliss,13,1,1606.3,131809,0,310.0,2026-08-20,0,-1,1613.0,16.0
25614,14610,Priest,Shadow,Voidweaver,DPS,EU,Temple of Sethraliss,13,1,1606.3,200689,1,303.0,2026-08-20,0,-1,1613.0,16.0
25614,14609,Shaman,Restoration,Totemic,Healer,EU,Temple of Sethraliss,13,1,1606.3,22232,0,303.0,2026-08-20,0,-1,1613.0,16.0
25614,41235,DeathKnight,Frost,Deathbringer,DPS,EU,Temple of Sethraliss,13,1,1606.3,207100,0,305.0,2026-08-20,0,-1,1613.0,16.0
25614,14611,Mage,Arcane,Sunfury,DPS,EU,Temple of Sethraliss,13,1,1606.3,252342,0,311.0,2026-08-20,0,-1,1613.0,16.0
25618,12987,Rogue,Assassination,Deathstalker,DPS,EU,Murder Row,13,1,1870.9,174864,0,303.0,2026-08-20,0,-1,1862.0,8.7
25618,20188,Paladin,Protection,Lightsmith,Tank,EU,Murder Row,13,1,1870.9,87346,0,301.0,2026-08-20,0,-1,1862.0,8.7
25618,41443,Paladin,Retribution,Herald of the Sun,DPS,EU,Murder Row,13,1,1870.9,189130,0,298.0,2026-08-20,0,-1,1862.0,8.7
25618,56934,Warlock,Demonology,Diabolist,DPS,EU,Murder Row,13,1,1870.9,201277,0,300.0,2026-08-20,0,-1,1862.0,8.7
25618,25228,Shaman,Restoration,Totemic,Healer,EU,Murder Row,13,1,1870.9,21389,0,294.0,2026-08-20,0,-1,1862.0,8.7
25622,53054,Shaman,Elemental,Farseer,DPS,EU,The Blinding Vale,10,1,1119.2,229023,0,299.0,2026-08-20,0,-1,1120.0,37.8
25622,21546,DeathKnight,Blood,San'layn,Tank,EU,The Blinding Vale,10,1,1119.2,133757,1,296.0,2026-08-20,0,-1,1120.0,37.8
25622,53053,Monk,Mistweaver,Conduit of the Celestials,Healer,EU,The Blinding Vale,10,1,1119.2,51331,1,292.0,2026-08-20,0,-1,1120.0,37.8
25622,21550,Paladin,Retribution,Herald of the Sun,DPS,EU,The Blinding Vale,10,1,1119.2,236270,0,292.0,2026-08-20,0,-1,1120.0,37.8
25622,21549,Warlock,Demonology,Diabolist,DPS,EU,The Blinding Vale,10,1,1119.2,270915,0,294.0,2026-08-20,0,-1,1120.0,37.8
25625,56945,DeathKnight,Frost,Deathbringer,DPS,US,Ruby Life Pools,9,1,1024.2,182759,0,293.0,2026-08-21,0,-1,1020.0,39.3
25625,56944,Shaman,Restoration,Totemic,Healer,US,Ruby Life Pools,9,1,1024.2,28816,0,298.0,2026-08-21,0,-1,1020.0,39.3
25625,56946,Warrior,Arms,Slayer,DPS,US,Ruby Life Pools,9,1,1024.2,181455,1,294.0,2026-08-21,0,-1,1020.0,39.3
25625,56947,Paladin,Retribution,Templar,DPS,US,Ruby Life Pools,9,1,1024.2,195900,0,291.0,2026-08-21,0,-1,1020.0,39.3
25625,2889,Druid,Guardian,Elune's Chosen,Tank,US,Ruby Life Pools,9,1,1024.2,128975,0,306.0,2026-08-21,0,-1,1020.0,39.3
25628,56958,Warlock,Demonology,Diabolist,DPS,EU,Ruby Life Pools,13,1,1582.1,211552,0,295.0,2026-08-21,0,-1,1589.0,5.4
25628,56955,Paladin,Holy,Lightsmith,Healer,EU,Ruby Life Pools,13,1,1582.1,37190,0,297.0,2026-08-21,0,-1,1589.0,5.4
25628,56957,Shaman,Elemental,Farseer,DPS,EU,Ruby Life Pools,13,1,1582.1,212811,1,295.0,2026-08-21,0,-1,1589.0,5.4
25628,56956,Druid,Balance,Elune's Chosen,DPS,EU,Ruby Life Pools,13,1,1582.1,184454,0,306.0,2026-08-21,0,-1,1589.0,5.4
25628,56954,DeathKnight,Blood,San'layn,Tank,EU,Ruby Life Pools,13,1,1582.1,144325,0,303.0,2026-08-21,0,-1,1589.0,5.4
25630,55392,Mage,Arcane,Sunfury,DPS,EU,Kings' Rest,10,1,1153.0,184741,0,308.0,2026-08-21,0,-1,1144.0,42.2
25630,52316,Shaman,Restoration,Totemic,Healer,EU,Kings' Rest,10,1,1153.0,35544,0,302.0,2026-08-21,0,-1,1144.0,42.2
25630,52759,Warrior,Protection,Mountain Thane,Tank,EU,Kings' Rest,10,1,1153.0,90728,0,305.0,2026-08-21,0,-1,1144.0,42.2
25630,56963,DeathKnight,Frost,Rider of the Apocalypse,DPS,EU,Kings' Rest,10,1,1153.0,122025,0,303.0,2026-08-21,0,-1,1144.0,42.2
25630,16899,Shaman,Elemental,Farseer,DPS,EU,Kings' Rest,10,1,1153.0,186035,0,311.0,2026-08-21,0,-1,1144.0,42.2
25634,56966,Rogue,Subtlety,Deathstalker,DPS,EU,Den of Nalorakk,11,1,1328.1,204117,0,303.0,2026-08-21,0,-1,1319.0,31.3
25634,12999,Warlock,Demonology,Diabolist,DPS,EU,Den of Nalorakk,11,1,1328.1,216068,0,304.0,2026-08-21,0,-1,1319.0,31.3
25634,56965,Shaman,Restoration,Totemic,Healer,EU,Den of Nalorakk,11,1,1328.1,23024,0,292.0,2026-08-21,0,-1,1319.0,31.3
25634,18274,Paladin,Protection,Lightsmith,Tank,EU,Den of Nalorakk,11,1,1328.1,91200,0,307.0,2026-08-21,0,-1,1319.0,31.3
25634,12997,Mage,Arcane,Sunfury,DPS,EU,Den of Nalorakk,11,1,1328.1,200341,0,308.0,2026-08-21,0,-1,1319.0,31.3
25641,56976,Warlock,Demonology,Diabolist,DPS,EU,Altar of Fangs,13,1,1695.4,217356,1,298.0,2026-08-20,0,-1,1732.0,3.8
25641,29646,Paladin,Retribution,Templar,DPS,EU,Altar of Fangs,13,1,1695.4,191037,0,304.0,2026-08-20,0,-1,1732.0,3.8
25641,24417,Monk,Mistweaver,Conduit of the Celestials,Healer,EU,Altar of Fangs,13,1,1695.4,43913,2,296.0,2026-08-20,0,-1,1732.0,3.8
25641,17803,DeathKnight,Blood,San'layn,Tank,EU,Altar of Fangs,13,1,1695.4,139902,0,303.0,2026-08-20,0,-1,1732.0,3.8
25641,17804,Rogue,Assassination,Deathstalker,DPS,EU,Altar of Fangs,13,1,1695.4,209192,0,295.0,2026-08-20,0,-1,1732.0,3.8
25651,57000,DeathKnight,Unholy,Rider of the Apocalypse,DPS,US,The Blinding Vale,11,1,1256.5,183965,0,296.0,2026-08-21,0,-1,1248.0,30.7
25651,56998,DeathKnight,Blood,San'layn,Tank,US,The Blinding Vale,11,1,1256.5,161060,0,299.0,2026-08-21,0,-1,1248.0,30.7
25651,57001,Rogue,Assassination,Deathstalker,DPS,US,The Blinding Vale,11,1,1256.5,237131,0,294.0,2026-08-21,0,-1,1248.0,30.7
25651,56999,Priest,Holy,Oracle,Healer,US,The Blinding Vale,11,1,1256.5,25424,0,295.0,2026-08-21,0,-1,1248.0,30.7
25651,57002,Mage,Arcane,Sunfury,DPS,US,The Blinding Vale,11,1,1256.5,198044,0,292.0,2026-08-21,0,-1,1248.0,30.7
25659,95,Paladin,Retribution,Templar,DPS,US,Ruby Life Pools,10,1,985.7,253234,0,311.0,2026-08-21,0,-1,988.0,41.2
25659,3150,DeathKnight,Unholy,Rider of the Apocalypse,DPS,US,Ruby Life Pools,10,1,985.7,229898,0,307.0,2026-08-21,0,-1,988.0,41.2
25659,56744,Priest,Discipline,Oracle,Healer,US,Ruby Life Pools,10,1,985.7,12538,2,288.0,2026-08-21,0,-1,988.0,41.2
25659,1977,DeathKnight,Blood,San'layn,Tank,US,Ruby Life Pools,10,1,985.7,175699,0,308.0,2026-08-21,0,-1,988.0,41.2
25659,56746,Warrior,Arms,Slayer,DPS,US,Ruby Life Pools,10,1,985.7,184470,0,289.0,2026-08-21,0,-1,988.0,41.2
25660,6978,Druid,Balance,Elune's Chosen,DPS,US,Altar of Fangs,10,1,991.5,302176,0,311.0,2026-08-21,0,-1,983.0,45.4
25660,16498,DeathKnight,Blood,Deathbringer,Tank,US,Altar of Fangs,10,1,991.5,148877,0,308.0,2026-08-21,0,-1,983.0,45.4
25660,54713,Evoker,Preservation,Flameshaper,Healer,US,Altar of Fangs,10,1,991.5,35010,0,299.0,2026-08-21,0,-1,983.0,45.4
25660,16499,Warrior,Arms,Slayer,DPS,US,Altar of Fangs,10,1,991.5,277948,0,308.0,2026-08-21,0,-1,983.0,45.4
25660,19941,Mage,Arcane,Sunfury,DPS,US,Altar of Fangs,10,1,991.5,281026,0,305.0,2026-08-21,0,-1,983.0,45.4
25665,57019,Paladin,Protection,Lightsmith,Tank,EU,Temple of Sethraliss,8,1,1135.4,75576,0,299.0,2026-08-21,0,-1,1142.0,40.5
25665,57020,Druid,Feral,Druid of the Claw,DPS,EU,Temple of Sethraliss,8,1,1135.4,171442,0,297.0,2026-08-21,0,-1,1142.0,40.5
25665,41715,Paladin,Holy,Herald of the Sun,Healer,EU,Temple of Sethraliss,8,1,1135.4,16252,2,299.0,2026-08-21,0,-1,1142.0,40.5
25665,41717,DemonHunter,Devourer,Void-Scarred,DPS,EU,Temple of Sethraliss,8,1,1135.4,185641,1,300.0,2026-08-21,0,-1,1142.0,40.5
25665,41716,Shaman,Elemental,Farseer,DPS,EU,Temple of Sethraliss,8,1,1135.4,222985,0,307.0,2026-08-21,0,-1,1142.0,40.5
25671,22022,Mage,Frost,Frostfire,DPS,EU,Ruby Life Pools,12,1,1234.2,217285,0,301.0,2026-08-20,0,-1,1242.0,26.1
25671,57031,Warrior,Protection,Mountain Thane,Tank,EU,Ruby Life Pools,12,1,1234.2,118676,0,302.0,2026-08-20,0,-1,1242.0,26.1
25671,37427,Shaman,Restoration,Totemic,Healer,EU,Ruby Life Pools,12,1,1234.2,37552,1,300.0,2026-08-20,0,-1,1242.0,26.1
25671,12711,DemonHunter,Havoc,Aldrachi Reaver,DPS,EU,Ruby Life Pools,12,1,1234.2,180699,0,302.0,2026-08-20,0,-1,1242.0,26.1
25671,12713,Rogue,Assassination,Deathstalker,DPS,EU,Ruby Life Pools,12,1,1234.2,219881,0,300.0,2026-08-20,0,-1,1242.0,26.1
25672,14051,Warlock,Demonology,Diabolist,DPS,EU,Altar of Fangs,10,1,1049.7,304365,0,301.0,2026-08-21,0,-1,1041.0,42.2
25672,12938,Shaman,Restoration,Totemic,Healer,EU,Altar of Fangs,10,1,1049.7,35559,0,306.0,2026-08-21,0,-1,1041.0,42.2
25672,14049,DeathKnight,Blood,San'layn,Tank,EU,Altar of Fangs,10,1,1049.7,149956,0,305.0,2026-08-21,0,-1,1041.0,42.2
25672,14052,Warrior,Arms,Slayer,DPS,EU,Altar of Fangs,10,1,1049.7,238421,0,308.0,2026-08-21,0,-1,1041.0,42.2
25672,14053,Mage,Arcane,Sunfury,DPS,EU,Altar of Fangs,10,1,1049.7,291114,0,306.0,2026-08-21,0,-1,1041.0,42.2
25673,57032,Paladin,Protection,Lightsmith,Tank,CN,Murder Row,9,1,1181.9,85664,0,293.0,2026-08-21,0,-1,1173.0,42.5
25673,57034,Warrior,Arms,Slayer,DPS,CN,Murder Row,9,1,1181.9,238220,0,306.0,2026-08-21,0,-1,1173.0,42.5
25673,57035,Mage,Arcane,Sunfury,DPS,CN,Murder Row,9,1,1181.9,175323,0,297.0,2026-08-21,0,-1,1173.0,42.5
25673,57033,Priest,Holy,Oracle,Healer,CN,Murder Row,9,1,1181.9,16609,0,287.0,2026-08-21,0,-1,1173.0,42.5
25673,57036,Mage,Arcane,Sunfury,DPS,CN,Murder Row,9,1,1181.9,193941,0,301.0,2026-08-21,0,-1,1173.0,42.5
25679,55293,DemonHunter,Havoc,Fel-Scarred,DPS,CN,Ruby Life Pools,11,1,1170.0,210634,1,298.0,2026-08-21,0,-1,1172.0,30.3
25679,57049,Shaman,Elemental,Farseer,DPS,CN,Ruby Life Pools,11,1,1170.0,274438,1,305.0,2026-08-21,0,-1,1172.0,30.3
25679,55291,DeathKnight,Blood,Deathbringer,Tank,CN,Ruby Life Pools,11,1,1170.0,116021,0,299.0,2026-08-21,0,-1,1172.0,30.3
25679,55294,Mage,Arcane,Sunfury,DPS,CN,Ruby Life Pools,11,1,1170.0,232713,0,300.0,2026-08-21,0,-1,1172.0,30.3
25679,57048,Paladin,Holy,Lightsmith,Healer,CN,Ruby Life Pools,11,1,1170.0,32158,0,298.0,2026-08-21,0,-1,1172.0,30.3
25682,55742,DeathKnight,Blood,San'layn,Tank,EU,Ruby Life Pools,11,1,1229.0,148843,0,304.0,2026-08-20,0,-1,1221.0,27.3
25682,55745,DeathKnight,Unholy,Rider of the Apocalypse,DPS,EU,Ruby Life Pools,11,1,1229.0,212427,0,296.0,2026-08-20,0,-1,1221.0,27.3
25682,55743,Priest,Holy,Oracle,Healer,EU,Ruby Life Pools,11,1,1229.0,24999,0,297.0,2026-08-20,0,-1,1221.0,27.3
25682,55744,Hunter,BeastMastery,Pack Leader,DPS,EU,Ruby Life Pools,11,1,1229.0,194050,0,304.0,2026-08-20,0,-1,1221.0,27.3
25682,55746,Rogue,Subtlety,Deathstalker,DPS,EU,Ruby Life Pools,11,1,1229.0,208341,0,303.0,2026-08-20,0,-1,1221.0,27.3
25685,15345,DeathKnight,Blood,San'layn,Tank,EU,Kings' Rest,11,1,1380.8,84926,0,306.0,2026-08-21,0,-1,1378.0,30.4
25685,41292,Druid,Restoration,Wildstalker,Healer,EU,Kings' Rest,11,1,1380.8,2474,0,301.0,2026-08-21,0,-1,1378.0,30.4
25685,57063,Mage,Arcane,Sunfury,DPS,EU,Kings' Rest,11,1,1380.8,174682,1,307.0,2026-08-21,0,-1,1378.0,30.4
25685,15349,Warrior,Arms,Slayer,DPS,EU,Kings' Rest,11,1,1380.8,152835,0,311.0,2026-08-21,0,-1,1378.0,30.4
25685,15348,Shaman,Elemental,Farseer,DPS,EU,Kings' Rest,11,1,1380.8,158977,0,305.0,2026-08-21,0,-1,1378.0,30.4
25687,6503,Warrior,Arms,Slayer,DPS,US,Den of Nalorakk,9,1,1206.1,212754,1,305.0,2026-08-21,0,-1,1213.0,36.8
25687,24175,DeathKnight,Blood,San'layn,Tank,US,Den of Nalorakk,9,1,1206.1,95834,0,309.0,2026-08-21,0,-1,1213.0,36.8
25687,6996,Shaman,Restoration,Totemic,Healer,US,Den of Nalorakk,9,1,1206.1,25458,0,297.0,2026-08-21,0,-1,1213.0,36.8
25687,57068,Hunter,BeastMastery,Pack Leader,DPS,US,Den of Nalorakk,9,1,1206.1,165707,1,307.0,2026-08-21,0,-1,1213.0,36.8
25687,4072,Druid,Balance,Elune's Chosen,DPS,US,Den of Nalorakk,9,1,1206.1,155328,1,311.0,2026-08-21,0,-1,1213.0,36.8
25689,57075,Monk,Windwalker,Shado-Pan,DPS,US,Voidscar Arena,10,1,999.3,246367,0,305.0,2026-08-20,0,-1,1006.0,44.1
25689,30421,Hunter,BeastMastery,Pack Leader,DPS,US,Voidscar Arena,10,1,999.3,149451,2,302.0,2026-08-20,0,-1,1006.0,44.1
25689,57073,Druid,Guardian,Elune's Chosen,Tank,US,Voidscar Arena,10,1,999.3,110623,0,305.0,2026-08-20,0,-1,1006.0,44.1
25689,57076,DemonHunter,Devourer,Void-Scarred,DPS,US,Voidscar Arena,10,1,999.3,215916,1,302.0,2026-08-20,0,-1,1006.0,44.1
25689,57074,Shaman,Restoration,Totemic,Healer,US,Voidscar Arena,10,1,999.3,37776,0,296.0,2026-08-20,0,-1,1006.0,44.1
25691,8899,Warrior,Arms,Slayer,DPS,US,Murder Row,8,1,1094.7,198750,0,302.0,2026-08-20,0,-1,1086.0,46.8
25691,8897,Evoker,Preservation,Flameshaper,Healer,US,Murder Row,8,1,1094.7,44126,0,300.0,2026-08-20,0,-1,1086.0,46.8
25691,57080,Hunter,BeastMastery,Pack Leader,DPS,US,Murder Row,8,1,1094.7,183299,0,295.0,2026-08-20,0,-1,1086.0,46.8
25691,8898,Rogue,Assassination,Deathstalker,DPS,US,Murder Row,8,1,1094.7,208651,0,299.0,2026-08-20,0,-1,1086.0,46.8
25691,57079,Druid,Guardian,Elune's Chosen,Tank,US,Murder Row,8,1,1094.7,78146,0,291.0,2026-08-20,0,-1,1086.0,46.8
25692,53906,Paladin,Retribution,Herald of the Sun,DPS,EU,Ruby Life Pools,11,1,1030.0,234461,0,296.0,2026-08-21,0,-1,1037.0,38.3
25692,53905,Warrior,Arms,Slayer,DPS,EU,Ruby Life Pools,11,1,1030.0,242743,2,299.0,2026-08-21,0,-1,1037.0,38.3
25692,53904,Shaman,Restoration,Totemic,Healer,EU,Ruby Life Pools,11,1,1030.0,35919,0,305.0,2026-08-21,0,-1,1037.0,38.3
25692,53903,DeathKnight,Blood,San'layn,Tank,EU,Ruby Life Pools,11,1,1030.0,140381,0,299.0,2026-08-21,0,-1,1037.0,38.3
25692,53907,Mage,Arcane,Sunfury,DPS,EU,Ruby Life Pools,11,1,1030.0,242412,1,303.0,2026-08-21,0,-1,1037.0,38.3
25693,54640,DeathKnight,Blood,San'layn,Tank,EU,Ruby Life Pools,12,1,1358.1,126218,0,306.0,2026-08-21,0,-1,1395.0,17.0
25693,57082,Hunter,BeastMastery,Pack Leader,DPS,EU,Ruby Life Pools,12,1,1358.1,171395,0,300.0,2026-08-21,0,-1,1395.0,17.0
25693,57083,DeathKnight,Unholy,Rider of the Apocalypse,DPS,EU,Ruby Life Pools,12,1,1358.1,201400,0,303.0,2026-08-21,0,-1,1395.0,17.0
25693,44287,Warrior,Arms,Slayer,DPS,EU,Ruby Life Pools,12,1,1358.1,203036,2,306.0,2026-08-21,0,-1,1395.0,17.0
25693,57081,Priest,Holy,Oracle,Healer,EU,Ruby Life Pools,12,1,1358.1,12103,0,293.0,2026-08-21,0,-1,1395.0,17.0
25694,27106,Mage,Arcane,Sunfury,DPS,EU,Murder Row,10,1,1161.4,205397,0,304.0,2026-08-21,0,-1,1153.0,43.5
25694,16479,Warlock,Destruction,Diabolist,DPS,EU,Murder Row,10,1,1161.4,226793,0,301.0,2026-08-21,0,-1,1153.0,43.5
25694,39614,Druid,Guardian,Elune's Chosen,Tank,EU,Murder Row,10,1,1161.4,100266,0,304.0,2026-08-21,0,-1,1153.0,43.5
25694,57085,Mage,Arcane,Sunfury,DPS,EU,Murder Row,10,1,1161.4,217220,0,303.0,2026-08-21,0,-1,1153.0,43.5
25694,57084,Priest,Discipline,Voidweaver,Healer,EU,Murder Row,10,1,1161.4,38039,0,308.0,2026-08-21,0,-1,1153.0,43.5
25698,57093,Shaman,Restoration,Totemic,Healer,US,Den of Nalorakk,6,1,1121.8,16052,0,292.0,2026-08-21,0,-1,1118.0,41.7
25698,57095,Druid,Feral,Druid of the Claw,DPS,US,Den of Nalorakk,6,1,1121.8,116464,1,299.0,2026-08-21,0,-1,1118.0,41.7
25698,57094,Rogue,Subtlety,Deathstalker,DPS,US,Den of Nalorakk,6,1,1121.8,135460,0,293.0,2026-08-21,0,-1,1118.0,41.7
25698,57092,DeathKnight,Blood,Deathbringer,Tank,US,Den of Nalorakk,6,1,1121.8,74811,0,291.0,2026-08-21,0,-1,1118.0,41.7
25698,57096,Warrior,Arms,Slayer,DPS,US,Den of Nalorakk,6,1,1121.8,120225,0,292.0,2026-08-21,0,-1,1118.0,41.7
25701,57100,DeathKnight,Unholy,Rider of the Apocalypse,DPS,EU,Ruby Life Pools,5,1,821.0,157489,0,295.0,2026-08-21,0,-1,813.0,51.6
25701,57101,Hunter,Marksmanship,Sentinel,DPS,EU,Ruby Life Pools,5,1,821.0,149255,0,293.0,2026-08-21,0,-1,813.0,51.6
25701,57099,Evoker,Preservation,Flameshaper,Healer,EU,Ruby Life Pools,5,1,821.0,30212,0,291.0,2026-08-21,0,-1,813.0,51.6
25701,57098,Paladin,Protection,Templar,Tank,EU,Ruby Life Pools,5,1,821.0,116729,0,296.0,2026-08-21,0,-1,813.0,51.6
25701,57102,Warlock,Destruction,Diabolist,DPS,EU,Ruby Life Pools,5,1,821.0,153389,0,294.0,2026-08-21,0,-1,813.0,51.6
25702,55570,Warrior,Arms,Slayer,DPS,US,Voidscar Arena,10,1,1048.2,223143,1,303.0,2026-08-21,0,-1,1045.0,41.9
25702,240,DeathKnight,Unholy,Rider of the Apocalypse,DPS,US,Voidscar Arena,10,1,1048.2,217764,0,306.0,2026-08-21,0,-1,1045.0,41.9
25702,3500,Shaman,Restoration,Totemic,Healer,US,Voidscar Arena,10,1,1048.2,20240,0,301.0,2026-08-21,0,-1,1045.0,41.9
25702,2345,DeathKnight,Frost,Deathbringer,DPS,US,Voidscar Arena,10,1,1048.2,224647,0,308.0,2026-08-21,0,-1,1045.0,41.9
25702,55569,DeathKnight,Blood,San'layn,Tank,US,Voidscar Arena,10,1,1048.2,104512,0,287.0,2026-08-21,0,-1,1045.0,41.9
25703,57103,Paladin,Protection,Lightsmith,Tank,EU,Murder Row,10,1,1103.8,124797,0,293.0,2026-08-21,0,-1,1095.0,46.3
25703,55487,Warrior,Arms,Slayer,DPS,EU,Murder Row,10,1,1103.8,193096,0,297.0,2026-08-21,0,-1,1095.0,46.3
25703,14229,Shaman,Restoration,Totemic,Healer,EU,Murder Row,10,1,1103.8,40804,0,303.0,2026-08-21,0,-1,1095.0,46.3
25703,14231,Mage,Arcane,Sunfury,DPS,EU,Murder Row,10,1,1103.8,207868,0,306.0,2026-08-21,0,-1,1095.0,46.3
25703,14232,Evoker,Devastation,Scalecommander,DPS,EU,Murder Row,10,1,1103.8,262130,0,307.0,2026-08-21,0,-1,1095.0,46.3
25705,57109,DeathKnight,Blood,San'layn,Tank,EU,Altar of Fangs,10,1,1083.4,162639,0,310.0,2026-08-21,0,-1,1085.0,39.7
25705,29253,DeathKnight,Frost,Deathbringer,DPS,EU,Altar of Fangs,10,1,1083.4,313342,0,310.0,2026-08-21,0,-1,1085.0,39.7
25705,29254,Paladin,Holy,Herald of the Sun,Healer,EU,Altar of Fangs,10,1,1083.4,12891,1,306.0,2026-08-21,0,-1,1085.0,39.7
25705,29255,Shaman,Elemental,Farseer,DPS,EU,Altar of Fangs,10,1,1083.4,250436,0,296.0,2026-08-21,0,-1,1085.0,39.7
25705,55929,DemonHunter,Devourer,Void-Scarred,DPS,EU,Altar of Fangs,10,1,1083.4,221590,1,306.0,2026-08-21,0,-1,1085.0,39.7
25707,12770,Warrior,Arms,Slayer,DPS,EU,Ruby Life Pools,12,1,1289.3,245352,0,306.0,2026-08-20,0,-1,1296.0,22.9
25707,12769,Evoker,Devastation,Scalecommander,DPS,EU,Ruby Life Pools,12,1,1289.3,228540,1,304.0,2026-08-20,0,-1,1296.0,22.9
25707,12767,Paladin,Protection,Lightsmith,Tank,EU,Ruby Life Pools,12,1,1289.3,126642,0,306.0,2026-08-20,0,-1,1296.0,22.9
25707,12771,DeathKnight,Unholy,Rider of the Apocalypse,DPS,EU,Ruby Life Pools,12,1,1289.3,200867,0,298.0,2026-08-20,0,-1,1296.0,22.9
25707,12768,Shaman,Restoration,Totemic,Healer,EU,Ruby Life Pools,12,1,1289.3,37568,0,303.0,2026-08-20,0,-1,1296.0,22.9
25709,57120,Druid,Balance,Elune's Chosen,DPS,US,Altar of Fangs,2,1,996.2,153736,0,294.0,2026-08-22,0,-1,987.0,45.2
25709,57117,Monk,Mistweaver,Master of Harmony,Healer,US,Altar of Fangs,2,1,996.2,33222,0,271.0,2026-08-22,0,-1,987.0,45.2
25709,57116,Druid,Guardian,Elune's Chosen,Tank,US,Altar of Fangs,2,1,996.2,60785,0,288.0,2026-08-22,0,-1,987.0,45.2
25709,57118,DemonHunter,Havoc,Fel-Scarred,DPS,US,Altar of Fangs,2,1,996.2,169349,0,295.0,2026-08-22,0,-1,987.0,45.2
25709,57119,Mage,Arcane,Spellslinger,DPS,US,Altar of Fangs,2,1,996.2,62392,1,289.0,2026-08-22,0,-1,987.0,45.2
25710,57123,Warrior,Arms,Slayer,DPS,EU,Kings' Rest,7,1,1150.7,126625,2,286.0,2026-08-20,0,-1,1152.0,41.8
25710,57122,Shaman,Restoration,Totemic,Healer,EU,Kings' Rest,7,1,1150.7,26350,0,292.0,2026-08-20,0,-1,1152.0,41.8
25710,57121,Paladin,Protection,Templar,Tank,EU,Kings' Rest,7,1,1150.7,55159,0,294.0,2026-08-20,0,-1,1152.0,41.8
25710,57124,Warlock,Destruction,Diabolist,DPS,EU,Kings' Rest,7,1,1150.7,146475,0,303.0,2026-08-20,0,-1,1152.0,41.8
25710,46623,Hunter,Marksmanship,Sentinel,DPS,EU,Kings' Rest,7,1,1150.7,141537,0,306.0,2026-08-20,0,-1,1152.0,41.8
25717,57136,Hunter,Marksmanship,Sentinel,DPS,EU,Temple of Sethraliss,10,1,1148.0,205466,0,311.0,2026-08-21,0,-1,1145.0,40.4
25717,26671,DemonHunter,Devourer,Annihilator,DPS,EU,Temple of Sethraliss,10,1,1148.0,212230,0,310.0,2026-08-21,0,-1,1145.0,40.4
25717,57135,Evoker,Preservation,Flameshaper,Healer,EU,Temple of Sethraliss,10,1,1148.0,56678,0,313.0,2026-08-21,0,-1,1145.0,40.4
25717,57134,Paladin,Protection,Lightsmith,Tank,EU,Temple of Sethraliss,10,1,1148.0,101033,0,307.0,2026-08-21,0,-1,1145.0,40.4
25717,57137,Mage,Arcane,Sunfury,DPS,EU,Temple of Sethraliss,10,1,1148.0,192709,1,300.0,2026-08-21,0,-1,1145.0,40.4
25724,57157,DeathKnight,Blood,San'layn,Tank,EU,Ruby Life Pools,10,1,1064.4,156613,0,304.0,2026-08-20,0,-1,1055.0,37.2
25724,57158,Hunter,BeastMastery,Pack Leader,DPS,EU,Ruby Life Pools,10,1,1064.4,202418,0,302.0,2026-08-20,0,-1,1055.0,37.2
25724,54130,DemonHunter,Devourer,Void-Scarred,DPS,EU,Ruby Life Pools,10,1,1064.4,187739,0,290.0,2026-08-20,0,-1,1055.0,37.2
25724,34027,DemonHunter,Havoc,Fel-Scarred,DPS,EU,Ruby Life Pools,10,1,1064.4,235117,0,291.0,2026-08-20,0,-1,1055.0,37.2
25724,28370,Paladin,Holy,Herald of the Sun,Healer,EU,Ruby Life Pools,10,1,1064.4,33619,0,299.0,2026-08-20,0,-1,1055.0,37.2
25725,57159,DeathKnight,Blood,San'layn,Tank,CN,Voidscar Arena,11,1,1207.6,103358,0,293.0,2026-08-20,0,-1,1219.0,32.3
25725,52234,Monk,Mistweaver,Conduit of the Celestials,Healer,CN,Voidscar Arena,11,1,1207.6,45258,1,294.0,2026-08-20,0,-1,1219.0,32.3
25725,52236,Warrior,Fury,Slayer,DPS,CN,Voidscar Arena,11,1,1207.6,211127,2,301.0,2026-08-20,0,-1,1219.0,32.3
25725,57160,Shaman,Elemental,Farseer,DPS,CN,Voidscar Arena,11,1,1207.6,188272,1,298.0,2026-08-20,0,-1,1219.0,32.3
25725,52238,Rogue,Assassination,Fatebound,DPS,CN,Voidscar Arena,11,1,1207.6,216811,0,297.0,2026-08-20,0,-1,1219.0,32.3
25727,14394,Shaman,Elemental,Farseer,DPS,EU,Voidscar Arena,12,1,1334.6,170764,3,305.0,2026-08-21,0,-1,1401.0,22.2
25727,14396,Druid,Balance,Elune's Chosen,DPS,EU,Voidscar Arena,12,1,1334.6,237954,2,304.0,2026-08-21,0,-1,1401.0,22.2
25727,14393,Shaman,Restoration,Totemic,Healer,EU,Voidscar Arena,12,1,1334.6,24376,0,300.0,2026-08-21,0,-1,1401.0,22.2
25727,14392,DeathKnight,Blood,San'layn,Tank,EU,Voidscar Arena,12,1,1334.6,151055,0,310.0,2026-08-21,0,-1,1401.0,22.2
25727,18287,Mage,Arcane,Sunfury,DPS,EU,Voidscar Arena,12,1,1334.6,207137,0,307.0,2026-08-21,0,-1,1401.0,22.2
25734,57189,Warrior,Arms,Slayer,DPS,US,Kings' Rest,9,1,1243.6,110008,1,286.0,2026-08-21,0,-1,1245.0,37.1
25734,57188,DeathKnight,Blood,Deathbringer,Tank,US,Kings' Rest,9,1,1243.6,92284,0,305.0,2026-08-21,0,-1,1245.0,37.1
25734,57191,Monk,Windwalker,Shado-Pan,DPS,US,Kings' Rest,9,1,1243.6,128030,0,292.0,2026-08-21,0,-1,1245.0,37.1
25734,57190,Rogue,Outlaw,Trickster,DPS,US,Kings' Rest,9,1,1243.6,170582,0,306.0,2026-08-21,0,-1,1245.0,37.1
25734,4278,Paladin,Holy,Herald of the Sun,Healer,US,Kings' Rest,9,1,1243.6,14590,1,302.0,2026-08-21,0,-1,1245.0,37.1
25736,28741,Evoker,Preservation,Flameshaper,Healer,EU,Den of Nalorakk,10,1,1251.8,68809,0,310.0,2026-08-22,0,-1,1243.0,35.3
25736,57192,Warlock,Demonology,Diabolist,DPS,EU,Den of Nalorakk,10,1,1251.8,148080,0,297.0,2026-08-22,0,-1,1243.0,35.3
25736,26340,Warrior,Protection,Mountain Thane,Tank,EU,Den of Nalorakk,10,1,1251.8,98780,0,304.0,2026-08-22,0,-1,1243.0,35.3
25736,26981,Rogue,Assassination,Fatebound,DPS,EU,Den of Nalorakk,10,1,1251.8,176931,0,301.0,2026-08-22,0,-1,1243.0,35.3
25736,38765,DemonHunter,Havoc,Fel-Scarred,DPS,EU,Den of Nalorakk,10,1,1251.8,172395,0,306.0,2026-08-22,0,-1,1243.0,35.3
25738,57199,Shaman,Restoration,Totemic,Healer,EU,Kings' Rest,11,1,1367.8,21274,0,286.0,2026-08-21,0,-1,1364.0,31.1
25738,57201,Warrior,Arms,Slayer,DPS,EU,Kings' Rest,11,1,1367.8,179075,0,303.0,2026-08-21,0,-1,1364.0,31.1
25738,57200,Warrior,Arms,Slayer,DPS,EU,Kings' Rest,11,1,1367.8,129954,1,291.0,2026-08-21,0,-1,1364.0,31.1
25738,16640,Priest,Shadow,Voidweaver,DPS,EU,Kings' Rest,11,1,1367.8,177524,0,310.0,2026-08-21,0,-1,1364.0,31.1
25738,57198,DeathKnight,Blood,Deathbringer,Tank,EU,Kings' Rest,11,1,1367.8,79477,0,298.0,2026-08-21,0,-1,1364.0,31.1
25747,57220,Monk,Mistweaver,Conduit of the Celestials,Healer,EU,Ruby Life Pools,9,1,945.5,50839,0,303.0,2026-08-20,0,-1,937.0,44.2
25747,37742,Shaman,Enhancement,Stormbringer,DPS,EU,Ruby Life Pools,9,1,945.5,244282,0,299.0,2026-08-20,0,-1,937.0,44.2
25747,57219,DeathKnight,Blood,Deathbringer,Tank,EU,Ruby Life Pools,9,1,945.5,116141,0,299.0,2026-08-20,0,-1,937.0,44.2
25747,57221,Priest,Shadow,Voidweaver,DPS,EU,Ruby Life Pools,9,1,945.5,208409,0,303.0,2026-08-20,0,-1,937.0,44.2
25747,42117,Warlock,Destruction,Diabolist,DPS,EU,Ruby Life Pools,9,1,945.5,175033,0,295.0,2026-08-20,0,-1,937.0,44.2
25754,57236,Mage,Arcane,Sunfury,DPS,EU,Den of Nalorakk,10,1,1223.2,168867,1,302.0,2026-08-22,0,-1,1240.0,35.4
25754,57235,Shaman,Elemental,Farseer,DPS,EU,Den of Nalorakk,10,1,1223.2,215049,1,306.0,2026-08-22,0,-1,1240.0,35.4
25754,23934,Druid,Balance,Elune's Chosen,DPS,EU,Den of Nalorakk,10,1,1223.2,181869,1,311.0,2026-08-22,0,-1,1240.0,35.4
25754,57234,Priest,Discipline,Voidweaver,Healer,EU,Den of Nalorakk,10,1,1223.2,27740,1,294.0,2026-08-22,0,-1,1240.0,35.4
25754,57233,Monk,Brewmaster,Master of Harmony,Tank,EU,Den of Nalorakk,10,1,1223.2,94568,1,299.0,2026-08-22,0,-1,1240.0,35.4
25762,10095,Paladin,Retribution,Templar,DPS,US,Den of Nalorakk,12,1,1536.4,174557,0,298.0,2026-08-21,0,-1,1528.0,20.4
25762,57255,Shaman,Enhancement,Stormbringer,DPS,US,Den of Nalorakk,12,1,1536.4,188665,0,301.0,2026-08-21,0,-1,1528.0,20.4
25762,16463,Monk,Windwalker,Shado-Pan,DPS,US,Den of Nalorakk,12,1,1536.4,166825,0,303.0,2026-08-21,0,-1,1528.0,20.4
25762,503,Shaman,Restoration,Totemic,Healer,US,Den of Nalorakk,12,1,1536.4,32815,0,298.0,2026-08-21,0,-1,1528.0,20.4
25762,502,Paladin,Protection,Templar,Tank,US,Den of Nalorakk,12,1,1536.4,95521,0,302.0,2026-08-21,0,-1,1528.0,20.4
25776,56364,Priest,Shadow,Archon,DPS,EU,Murder Row,14,0,2043.1,188136,1,300.0,2026-08-21,0,-1,2154.0,-5.6
25776,56361,DeathKnight,Blood,San'layn,Tank,EU,Murder Row,14,0,2043.1,117953,1,311.0,2026-08-21,0,-1,2154.0,-5.6
25776,42642,DemonHunter,Havoc,Fel-Scarred,DPS,EU,Murder Row,14,0,2043.1,184481,2,306.0,2026-08-21,0,-1,2154.0,-5.6
25776,56362,Paladin,Holy,Herald of the Sun,Healer,EU,Murder Row,14,0,2043.1,23127,3,305.0,2026-08-21,0,-1,2154.0,-5.6
25776,56363,Hunter,Marksmanship,Sentinel,DPS,EU,Murder Row,14,0,2043.1,214596,1,311.0,2026-08-21,0,-1,2154.0,-5.6
25779,8863,Mage,Arcane,Sunfury,DPS,US,Ruby Life Pools,10,1,989.5,220555,0,310.0,2026-08-21,0,-1,986.0,41.3
25779,52501,Shaman,Elemental,Farseer,DPS,US,Ruby Life Pools,10,1,989.5,216358,0,300.0,2026-08-21,0,-1,986.0,41.3
25779,52500,Monk,Brewmaster,Master of Harmony,Tank,US,Ruby Life Pools,10,1,989.5,93200,0,295.0,2026-08-21,0,-1,986.0,41.3
25779,4770,Priest,Holy,Oracle,Healer,US,Ruby Life Pools,10,1,989.5,37778,0,305.0,2026-08-21,0,-1,986.0,41.3
25779,2440,Hunter,BeastMastery,Pack Leader,DPS,US,Ruby Life Pools,10,1,989.5,221106,1,307.0,2026-08-21,0,-1,986.0,41.3
25781,4481,DeathKnight,Blood,San'layn,Tank,US,Voidscar Arena,13,1,1528.3,157282,0,305.0,2026-08-21,0,-1,1600.0,11.1
25781,15760,Warrior,Arms,Slayer,DPS,US,Voidscar Arena,13,1,1528.3,203060,2,303.0,2026-08-21,0,-1,1600.0,11.1
25781,16978,Monk,Windwalker,Shado-Pan,DPS,US,Voidscar Arena,13,1,1528.3,166795,2,299.0,2026-08-21,0,-1,1600.0,11.1
25781,15759,Shaman,Elemental,Farseer,DPS,US,Voidscar Arena,13,1,1528.3,215092,2,307.0,2026-08-21,0,-1,1600.0,11.1
25781,208,Druid,Restoration,Wildstalker,Healer,US,Voidscar Arena,13,1,1528.3,5015,1,299.0,2026-08-21,0,-1,1600.0,11.1
25783,2270,Shaman,Restoration,Totemic,Healer,US,Den of Nalorakk,11,1,1383.7,30171,0,303.0,2026-08-21,0,-1,1385.0,27.9
25783,657,Mage,Arcane,Sunfury,DPS,US,Den of Nalorakk,11,1,1383.7,215612,0,302.0,2026-08-21,0,-1,1385.0,27.9
25783,25032,Priest,Shadow,Archon,DPS,US,Den of Nalorakk,11,1,1383.7,163630,1,302.0,2026-08-21,0,-1,1385.0,27.9
25783,655,Monk,Brewmaster,Shado-Pan,Tank,US,Den of Nalorakk,11,1,1383.7,94284,0,303.0,2026-08-21,0,-1,1385.0,27.9
25783,38754,Warlock,Demonology,Diabolist,DPS,US,Den of Nalorakk,11,1,1383.7,200748,1,302.0,2026-08-21,0,-1,1385.0,27.9
25785,57287,DeathKnight,Blood,Deathbringer,Tank,CN,Kings' Rest,13,1,1669.9,77251,0,297.0,2026-08-21,0,-1,1722.0,13.0
25785,57291,Mage,Arcane,Sunfury,DPS,CN,Kings' Rest,13,1,1669.9,188510,0,312.0,2026-08-21,0,-1,1722.0,13.0
25785,57288,Paladin,Holy,Lightsmith,Healer,CN,Kings' Rest,13,1,1669.9,19640,1,297.0,2026-08-21,0,-1,1722.0,13.0
25785,57290,DemonHunter,Devourer,Void-Scarred,DPS,CN,Kings' Rest,13,1,1669.9,139888,2,302.0,2026-08-21,0,-1,1722.0,13.0
25785,57289,Shaman,Elemental,Farseer,DPS,CN,Kings' Rest,13,1,1669.9,169523,1,306.0,2026-08-21,0,-1,1722.0,13.0
25790,57296,Warrior,Protection,Mountain Thane,Tank,EU,Den of Nalorakk,5,1,1145.3,66990,0,298.0,2026-08-21,0,-1,1137.0,40.8
25790,57297,Evoker,Preservation,Flameshaper,Healer,EU,Den of Nalorakk,5,1,1145.3,47342,0,293.0,2026-08-21,0,-1,1137.0,40.8
25790,57299,Paladin,Retribution,Templar,DPS,EU,Den of Nalorakk,5,1,1145.3,115752,0,290.0,2026-08-21,0,-1,1137.0,40.8
25790,57300,Mage,Arcane,Sunfury,DPS,EU,Den of Nalorakk,5,1,1145.3,77014,0,296.0,2026-08-21,0,-1,1137.0,40.8
25790,57298,Rogue,Outlaw,Trickster,DPS,EU,Den of Nalorakk,5,1,1145.3,71892,0,294.0,2026-08-21,0,-1,1137.0,40.8
25793,57305,DeathKnight,Blood,Unknown,Tank,US,The Blinding Vale,10,1,1115.3,108605,0,300.0,2026-08-22,0,-1,1112.0,38.2
25793,57308,Evoker,Devastation,Unknown,DPS,US,The Blinding Vale,10,1,1115.3,259704,1,307.0,2026-08-22,0,-1,1112.0,38.2
25793,57309,Paladin,Retribution,Unknown,DPS,US,The Blinding Vale,10,1,1115.3,205336,0,300.0,2026-08-22,0,-1,1112.0,38.2
25793,57307,DeathKnight,Unholy,Unknown,DPS,US,The Blinding Vale,10,1,1115.3,223699,0,303.0,2026-08-22,0,-1,1112.0,38.2
25793,57306,Evoker,Preservation,Unknown,Healer,US,The Blinding Vale,10,1,1115.3,54344,0,308.0,2026-08-22,0,-1,1112.0,38.2
25796,13507,Druid,Restoration,Wildstalker,Healer,US,Altar of Fangs,11,1,1285.5,8890,0,301.0,2026-08-20,0,-1,1282.0,28.8
25796,1325,Evoker,Devastation,Scalecommander,DPS,US,Altar of Fangs,11,1,1285.5,214146,0,306.0,2026-08-20,0,-1,1282.0,28.8
25796,7994,DemonHunter,Devourer,Void-Scarred,DPS,US,Altar of Fangs,11,1,1285.5,221347,0,309.0,2026-08-20,0,-1,1282.0,28.8
25796,1321,DeathKnight,Blood,San'layn,Tank,US,Altar of Fangs,11,1,1285.5,178443,0,301.0,2026-08-20,0,-1,1282.0,28.8
25796,1323,Warrior,Arms,Slayer,DPS,US,Altar of Fangs,11,1,1285.5,277682,1,309.0,2026-08-20,0,-1,1282.0,28.8
25799,12555,Druid,Guardian,Elune's Chosen,Tank,US,Altar of Fangs,11,1,1201.5,163029,0,303.0,2026-08-21,0,-1,1203.0,33.2
25799,12557,DeathKnight,Unholy,Rider of the Apocalypse,DPS,US,Altar of Fangs,11,1,1201.5,283656,0,303.0,2026-08-21,0,-1,1203.0,33.2
25799,12559,Warrior,Arms,Slayer,DPS,US,Altar of Fangs,11,1,1201.5,235903,1,293.0,2026-08-21,0,-1,1203.0,33.2
25799,12556,Shaman,Restoration,Totemic,Healer,US,Altar of Fangs,11,1,1201.5,41805,0,296.0,2026-08-21,0,-1,1203.0,33.2
25799,12558,Hunter,Marksmanship,Sentinel,DPS,US,Altar of Fangs,11,1,1201.5,272633,1,299.0,2026-08-21,0,-1,1203.0,33.2
25801,6953,DeathKnight,Blood,San'layn,Tank,US,Ruby Life Pools,10,1,949.5,148657,0,305.0,2026-08-22,0,-1,941.0,44.0
25801,57317,Priest,Shadow,Archon,DPS,US,Ruby Life Pools,10,1,949.5,258425,0,306.0,2026-08-22,0,-1,941.0,44.0
25801,6957,Warrior,Arms,Slayer,DPS,US,Ruby Life Pools,10,1,949.5,231273,0,306.0,2026-08-22,0,-1,941.0,44.0
25801,57318,Warlock,Destruction,Diabolist,DPS,US,Ruby Life Pools,10,1,949.5,192946,0,309.0,2026-08-22,0,-1,941.0,44.0
25801,12268,Shaman,Restoration,Totemic,Healer,US,Ruby Life Pools,10,1,949.5,17358,0,297.0,2026-08-22,0,-1,941.0,44.0
25803,615,Druid,Restoration,Wildstalker,Healer,US,Ruby Life Pools,9,1,987.8,16806,1,299.0,2026-08-20,0,-1,995.0,40.8
25803,57322,DemonHunter,Devourer,Void-Scarred,DPS,US,Ruby Life Pools,9,1,987.8,182660,0,292.0,2026-08-20,0,-1,995.0,40.8
25803,617,Warlock,Destruction,Diabolist,DPS,US,Ruby Life Pools,9,1,987.8,228887,2,304.0,2026-08-20,0,-1,995.0,40.8
25803,618,Hunter,BeastMastery,Pack Leader,DPS,US,Ruby Life Pools,9,1,987.8,198310,0,303.0,2026-08-20,0,-1,995.0,40.8
25803,48745,DeathKnight,Blood,San'layn,Tank,US,Ruby Life Pools,9,1,987.8,164493,0,303.0,2026-08-20,0,-1,995.0,40.8
25805,57328,Warlock,Demonology,Diabolist,DPS,CN,Ruby Life Pools,10,1,1062.2,222457,0,299.0,2026-08-20,0,-1,1063.0,36.7
25805,56398,DemonHunter,Devourer,Annihilator,DPS,CN,Ruby Life Pools,10,1,1062.2,228985,1,303.0,2026-08-20,0,-1,1063.0,36.7
25805,57329,Mage,Arcane,Sunfury,DPS,CN,Ruby Life Pools,10,1,1062.2,233382,1,300.0,2026-08-20,0,-1,1063.0,36.7
25805,56397,Monk,Mistweaver,Conduit of the Celestials,Healer,CN,Ruby Life Pools,10,1,1062.2,49062,0,297.0,2026-08-20,0,-1,1063.0,36.7
25805,56396,DeathKnight,Blood,San'layn,Tank,CN,Ruby Life Pools,10,1,1062.2,122971,0,292.0,2026-08-20,0,-1,1063.0,36.7
25807,55353,Shaman,Restoration,Totemic,Healer,US,The Blinding Vale,12,1,1423.8,16585,0,297.0,2026-08-20,0,-1,1490.0,17.2
25807,18102,Warrior,Arms,Slayer,DPS,US,The Blinding Vale,12,1,1423.8,217707,4,304.0,2026-08-20,0,-1,1490.0,17.2
25807,18103,Rogue,Assassination,Deathstalker,DPS,US,The Blinding Vale,12,1,1423.8,239884,1,299.0,2026-08-20,0,-1,1490.0,17.2
25807,5424,DemonHunter,Havoc,Fel-Scarred,DPS,US,The Blinding Vale,12,1,1423.8,279292,0,301.0,2026-08-20,0,-1,1490.0,17.2
25807,5422,Druid,Guardian,Druid of the Claw,Tank,US,The Blinding Vale,12,1,1423.8,121528,0,306.0,2026-08-20,0,-1,1490.0,17.2
25808,57330,Paladin,Holy,Herald of the Sun,Healer,EU,Kings' Rest,11,1,1419.3,17367,0,297.0,2026-08-20,0,-1,1411.0,28.7
25808,53518,Shaman,Enhancement,Stormbringer,DPS,EU,Kings' Rest,11,1,1419.3,151753,0,291.0,2026-08-20,0,-1,1411.0,28.7
25808,53515,DeathKnight,Blood,San'layn,Tank,EU,Kings' Rest,11,1,1419.3,86866,0,293.0,2026-08-20,0,-1,1411.0,28.7
25808,53517,Mage,Arcane,Sunfury,DPS,EU,Kings' Rest,11,1,1419.3,177051,0,300.0,2026-08-20,0,-1,1411.0,28.7
25808,53519,DeathKnight,Unholy,San'layn,DPS,EU,Kings' Rest,11,1,1419.3,153923,0,300.0,2026-08-20,0,-1,1411.0,28.7
25809,57331,Druid,Guardian,Elune's Chosen,Tank,US,Den of Nalorakk,11,1,1415.3,92225,0,293.0,2026-08-21,0,-1,1412.0,26.5
25809,57332,Shaman,Elemental,Farseer,DPS,US,Den of Nalorakk,11,1,1415.3,112676,0,281.0,2026-08-21,0,-1,1412.0,26.5
25809,10753,Paladin,Holy,Herald of the Sun,Healer,US,Den of Nalorakk,11,1,1415.3,28432,1,303.0,2026-08-21,0,-1,1412.0,26.5
25809,1918,Warrior,Arms,Slayer,DPS,US,Den of Nalorakk,11,1,1415.3,211139,0,305.0,2026-08-21,0,-1,1412.0,26.5
25809,13134,DeathKnight,Unholy,San'layn,DPS,US,Den of Nalorakk,11,1,1415.3,237490,0,308.0,2026-08-21,0,-1,1412.0,26.5
25810,38168,Mage,Arcane,Sunfury,DPS,KR,Altar of Fangs,11,1,1212.0,214801,0,302.0,2026-08-22,0,-1,1204.0,33.1
25810,57333,Paladin,Protection,Lightsmith,Tank,KR,Altar of Fangs,11,1,1212.0,113042,0,305.0,2026-08-22,0,-1,1204.0,33.1
25810,57334,Paladin,Holy,Herald of the Sun,Healer,KR,Altar of Fangs,11,1,1212.0,18348,0,299.0,2026-08-22,0,-1,1204.0,33.1
25810,57335,Shaman,Elemental,Farseer,DPS,KR,Altar of Fangs,11,1,1212.0,288141,0,304.0,2026-08-22,0,-1,1204.0,33.1
25810,57336,Druid,Feral,Druid of the Claw,DPS,KR,Altar of Fangs,11,1,1212.0,264214,0,299.0,2026-08-22,0,-1,1204.0,33.1
25817,57352,DemonHunter,Devourer,Void-Scarred,DPS,EU,Altar of Fangs,11,1,1250.0,200911,1,304.0,2026-08-21,0,-1,1257.0,30.2
25817,57349,Paladin,Holy,Herald of the Sun,Healer,EU,Altar of Fangs,11,1,1250.0,25060,0,297.0,2026-08-21,0,-1,1257.0,30.2
25817,57351,Warrior,Arms,Slayer,DPS,EU,Altar of Fangs,11,1,1250.0,237937,1,305.0,2026-08-21,0,-1,1257.0,30.2
25817,57348,DeathKnight,Blood,San'layn,Tank,EU,Altar of Fangs,11,1,1250.0,153352,0,304.0,2026-08-21,0,-1,1257.0,30.2
25817,57350,Shaman,Elemental,Farseer,DPS,EU,Altar of Fangs,11,1,1250.0,280832,1,306.0,2026-08-21,0,-1,1257.0,30.2
25832,53784,DeathKnight,Blood,Deathbringer,Tank,CN,Temple of Sethraliss,13,1,1634.9,116446,0,301.0,2026-08-20,0,-1,1687.0,12.1
25832,53787,Mage,Arcane,Sunfury,DPS,CN,Temple of Sethraliss,13,1,1634.9,212115,1,303.0,2026-08-20,0,-1,1687.0,12.1
25832,53785,Paladin,Holy,Lightsmith,Healer,CN,Temple of Sethraliss,13,1,1634.9,41213,2,297.0,2026-08-20,0,-1,1687.0,12.1
25832,53786,Shaman,Elemental,Farseer,DPS,CN,Temple of Sethraliss,13,1,1634.9,196322,0,309.0,2026-08-20,0,-1,1687.0,12.1
25832,53788,Warrior,Arms,Slayer,DPS,CN,Temple of Sethraliss,13,1,1634.9,190006,1,298.0,2026-08-20,0,-1,1687.0,12.1
25837,57398,Evoker,Augmentation,Scalecommander,DPS,EU,Kings' Rest,9,1,1237.2,131279,0,297.0,2026-08-21,0,-1,1229.0,37.9
25837,34149,Shaman,Elemental,Farseer,DPS,EU,Kings' Rest,9,1,1237.2,110428,0,295.0,2026-08-21,0,-1,1229.0,37.9
25837,57396,Paladin,Protection,Templar,Tank,EU,Kings' Rest,9,1,1237.2,51271,0,296.0,2026-08-21,0,-1,1229.0,37.9
25837,57397,Monk,Mistweaver,Conduit of the Celestials,Healer,EU,Kings' Rest,9,1,1237.2,35049,0,298.0,2026-08-21,0,-1,1229.0,37.9
25837,24404,Mage,Arcane,Sunfury,DPS,EU,Kings' Rest,9,1,1237.2,182364,0,307.0,2026-08-21,0,-1,1229.0,37.9
25842,57409,Shaman,Elemental,Farseer,DPS,CN,Murder Row,12,1,1505.8,237858,1,307.0,2026-08-21,0,-1,1557.0,23.7
25842,57407,DeathKnight,Blood,San'layn,Tank,CN,Murder Row,12,1,1505.8,118331,0,302.0,2026-08-21,0,-1,1557.0,23.7
25842,57410,Mage,Arcane,Sunfury,DPS,CN,Murder Row,12,1,1505.8,215586,0,303.0,2026-08-21,0,-1,1557.0,23.7
25842,57408,Priest,Holy,Oracle,Healer,CN,Murder Row,12,1,1505.8,8558,2,296.0,2026-08-21,0,-1,1557.0,23.7
25842,57411,Priest,Shadow,Voidweaver,DPS,CN,Murder Row,12,1,1505.8,194464,1,299.0,2026-08-21,0,-1,1557.0,23.7
25843,48,DeathKnight,Blood,San'layn,Tank,US,Altar of Fangs,11,1,1275.4,194308,0,308.0,2026-08-21,0,-1,1267.0,29.6
25843,46,Paladin,Holy,Herald of the Sun,Healer,US,Altar of Fangs,11,1,1275.4,39176,0,303.0,2026-08-21,0,-1,1267.0,29.6
25843,57412,Warrior,Arms,Slayer,DPS,US,Altar of Fangs,11,1,1275.4,251281,0,295.0,2026-08-21,0,-1,1267.0,29.6
25843,57413,Evoker,Devastation,Scalecommander,DPS,US,Altar of Fangs,11,1,1275.4,258300,0,295.0,2026-08-21,0,-1,1267.0,29.6
25843,54391,Mage,Arcane,Sunfury,DPS,US,Altar of Fangs,11,1,1275.4,225193,0,289.0,2026-08-21,0,-1,1267.0,29.6
25849,57432,Mage,Arcane,Sunfury,DPS,US,Ruby Life Pools,13,1,1469.0,298083,2,308.0,2026-08-22,0,-1,1580.0,5.9
25849,7482,Paladin,Holy,Herald of the Sun,Healer,US,Ruby Life Pools,13,1,1469.0,17646,2,300.0,2026-08-22,0,-1,1580.0,5.9
25849,57429,DeathKnight,Blood,San'layn,Tank,US,Ruby Life Pools,13,1,1469.0,161942,1,309.0,2026-08-22,0,-1,1580.0,5.9
25849,57430,Druid,Balance,Elune's Chosen,DPS,US,Ruby Life Pools,13,1,1469.0,154537,0,295.0,2026-08-22,0,-1,1580.0,5.9
25849,57431,Warrior,Arms,Slayer,DPS,US,Ruby Life Pools,13,1,1469.0,255966,3,306.0,2026-08-22,0,-1,1580.0,5.9
25850,38630,Rogue,Assassination,Deathstalker,DPS,CN,Den of Nalorakk,10,1,1183.1,182591,0,299.0,2026-08-20,0,-1,1174.0,38.8
25850,38626,DeathKnight,Blood,Deathbringer,Tank,CN,Den of Nalorakk,10,1,1183.1,95303,0,297.0,2026-08-20,0,-1,1174.0,38.8
25850,38627,Shaman,Restoration,Totemic,Healer,CN,Den of Nalorakk,10,1,1183.1,24557,0,295.0,2026-08-20,0,-1,1174.0,38.8
25850,38629,Warrior,Fury,Mountain Thane,DPS,CN,Den of Nalorakk,10,1,1183.1,194332,0,303.0,2026-08-20,0,-1,1174.0,38.8
25850,38628,Hunter,BeastMastery,Pack Leader,DPS,CN,Den of Nalorakk,10,1,1183.1,230509,0,305.0,2026-08-20,0,-1,1174.0,38.8
25861,57453,Evoker,Devastation,Scalecommander,DPS,EU,Voidscar Arena,10,1,1080.5,217406,0,299.0,2026-08-20,0,-1,1072.0,40.4
25861,52695,DemonHunter,Devourer,Annihilator,DPS,EU,Voidscar Arena,10,1,1080.5,236647,0,300.0,2026-08-20,0,-1,1072.0,40.4
25861,22276,Warlock,Demonology,Diabolist,DPS,EU,Voidscar Arena,10,1,1080.5,234821,0,303.0,2026-08-20,0,-1,1072.0,40.4
25861,57452,Paladin,Holy,Herald of the Sun,Healer,EU,Voidscar Arena,10,1,1080.5,23072,0,307.0,2026-08-20,0,-1,1072.0,40.4
25861,52691,Druid,Guardian,Elune's Chosen,Tank,EU,Voidscar Arena,10,1,1080.5,142556,0,304.0,2026-08-20,0,-1,1072.0,40.4
25862,53854,Warrior,Protection,Mountain Thane,Tank,US,Murder Row,2,1,903.3,98462,0,296.0,2026-08-22,0,-1,895.0,56.1
25862,53855,Evoker,Preservation,Flameshaper,Healer,US,Murder Row,2,1,903.3,25352,0,292.0,2026-08-22,0,-1,895.0,56.1
25862,57454,Warrior,Arms,Slayer,DPS,US,Murder Row,2,1,903.3,93578,0,300.0,2026-08-22,0,-1,895.0,56.1
25862,44277,Rogue,Subtlety,Deathstalker,DPS,US,Murder Row,2,1,903.3,181725,0,304.0,2026-08-22,0,-1,895.0,56.1
25862,53857,Hunter,Survival,Sentinel,DPS,US,Murder Row,2,1,903.3,98639,0,294.0,2026-08-22,0,-1,895.0,56.1
25863,57458,Rogue,Subtlety,Deathstalker,DPS,US,Murder Row,2,1,1210.3,79140,0,293.0,2026-08-22,0,-1,1202.0,41.1
25863,57457,Hunter,BeastMastery,Pack Leader,DPS,US,Murder Row,2,1,1210.3,96498,0,295.0,2026-08-22,0,-1,1202.0,41.1
25863,57456,Evoker,Preservation,Flameshaper,Healer,US,Murder Row,2,1,1210.3,27840,0,284.0,2026-08-22,0,-1,1202.0,41.1
25863,57459,Hunter,BeastMastery,Pack Leader,DPS,US,Murder Row,2,1,1210.3,83087,0,295.0,2026-08-22,0,-1,1202.0,41.1
25863,57455,Paladin,Protection,Templar,Tank,US,Murder Row,2,1,1210.3,61387,0,295.0,2026-08-22,0,-1,1202.0,41.1
25866,1860,Warrior,Fury,Slayer,DPS,US,Temple of Sethraliss,10,1,1043.9,244893,0,308.0,2026-08-21,0,-1,1036.0,46.1
25866,1690,Druid,Feral,Druid of the Claw,DPS,US,Temple of Sethraliss,10,1,1043.9,251937,0,308.0,2026-08-21,0,-1,1036.0,46.1
25866,351,Mage,Arcane,Sunfury,DPS,US,Temple of Sethraliss,10,1,1043.9,218394,0,305.0,2026-08-21,0,-1,1036.0,46.1
25866,1858,Paladin,Protection,Lightsmith,Tank,US,Temple of Sethraliss,10,1,1043.9,128736,0,313.0,2026-08-21,0,-1,1036.0,46.1
25866,52204,Priest,Holy,Oracle,Healer,US,Temple of Sethraliss,10,1,1043.9,13496,0,300.0,2026-08-21,0,-1,1036.0,46.1
25867,13664,Priest,Shadow,Archon,DPS,EU,Murder Row,10,1,1187.3,234201,0,301.0,2026-08-21,0,-1,1189.0,41.7
25867,54870,DemonHunter,Devourer,Void-Scarred,DPS,EU,Murder Row,10,1,1187.3,198553,2,306.0,2026-08-21,0,-1,1189.0,41.7
25867,54871,Mage,Arcane,Sunfury,DPS,EU,Murder Row,10,1,1187.3,241938,0,303.0,2026-08-21,0,-1,1189.0,41.7
25867,39614,Druid,Guardian,Elune's Chosen,Tank,EU,Murder Row,10,1,1187.3,102508,0,303.0,2026-08-21,0,-1,1189.0,41.7
25867,57464,Paladin,Holy,Herald of the Sun,Healer,EU,Murder Row,10,1,1187.3,10229,0,291.0,2026-08-21,0,-1,1189.0,41.7
25873,12770,Warrior,Arms,Slayer,DPS,EU,Voidscar Arena,11,1,1116.4,238930,0,308.0,2026-08-21,0,-1,1113.0,38.2
25873,12768,Shaman,Restoration,Totemic,Healer,EU,Voidscar Arena,11,1,1116.4,45652,0,306.0,2026-08-21,0,-1,1113.0,38.2
25873,57475,Mage,Arcane,Sunfury,DPS,EU,Voidscar Arena,11,1,1116.4,194063,1,296.0,2026-08-21,0,-1,1113.0,38.2
25873,12769,Evoker,Devastation,Scalecommander,DPS,EU,Voidscar Arena,11,1,1116.4,221207,0,308.0,2026-08-21,0,-1,1113.0,38.2
25873,13531,Druid,Guardian,Elune's Chosen,Tank,EU,Voidscar Arena,11,1,1116.4,113340,0,302.0,2026-08-21,0,-1,1113.0,38.2
25877,53779,Paladin,Protection,Lightsmith,Tank,KR,Ruby Life Pools,10,1,1030.2,114887,0,297.0,2026-08-22,0,-1,1027.0,38.9
25877,53781,Shaman,Elemental,Farseer,DPS,KR,Ruby Life Pools,10,1,1030.2,262258,0,309.0,2026-08-22,0,-1,1027.0,38.9
25877,57480,Priest,Holy,Oracle,Healer,KR,Ruby Life Pools,10,1,1030.2,26190,1,296.0,2026-08-22,0,-1,1027.0,38.9
25877,57481,Warlock,Demonology,Diabolist,DPS,KR,Ruby Life Pools,10,1,1030.2,225279,0,294.0,2026-08-22,0,-1,1027.0,38.9
25877,53783,Priest,Shadow,Archon,DPS,KR,Ruby Life Pools,10,1,1030.2,222949,0,305.0,2026-08-22,0,-1,1027.0,38.9
25889,13234,Rogue,Assassination,Fatebound,DPS,US,Altar of Fangs,12,1,1425.7,310713,0,306.0,2026-08-20,0,-1,1432.0,20.4
25889,8882,Warrior,Arms,Slayer,DPS,US,Altar of Fangs,12,1,1425.7,195065,0,302.0,2026-08-20,0,-1,1432.0,20.4
25889,57014,Shaman,Restoration,Totemic,Healer,US,Altar of Fangs,12,1,1425.7,29649,1,293.0,2026-08-20,0,-1,1432.0,20.4
25889,13235,DeathKnight,Unholy,Rider of the Apocalypse,DPS,US,Altar of Fangs,12,1,1425.7,239370,0,293.0,2026-08-20,0,-1,1432.0,20.4
25889,13231,Druid,Guardian,Elune's Chosen,Tank,US,Altar of Fangs,12,1,1425.7,143150,0,304.0,2026-08-20,0,-1,1432.0,20.4
25893,42119,DemonHunter,Devourer,Annihilator,DPS,US,Ruby Life Pools,14,0,1674.4,196904,0,296.0,2026-08-21,0,-1,1681.0,-0.1
25893,3604,Shaman,Elemental,Farseer,DPS,US,Ruby Life Pools,14,0,1674.4,197342,1,294.0,2026-08-21,0,-1,1681.0,-0.1
25893,7619,DeathKnight,Unholy,Rider of the Apocalypse,DPS,US,Ruby Life Pools,14,0,1674.4,221320,1,304.0,2026-08-21,0,-1,1681.0,-0.1
25893,3601,DeathKnight,Blood,Deathbringer,Tank,US,Ruby Life Pools,14,0,1674.4,128390,0,313.0,2026-08-21,0,-1,1681.0,-0.1
25893,7482,Paladin,Holy,Herald of the Sun,Healer,US,Ruby Life Pools,14,0,1674.4,22068,0,301.0,2026-08-21,0,-1,1681.0,-0.1
25899,57521,DeathKnight,Blood,Deathbringer,Tank,CN,Den of Nalorakk,11,1,1326.3,108580,0,298.0,2026-08-21,0,-1,1323.0,31.1
25899,57523,Hunter,BeastMastery,Pack Leader,DPS,CN,Den of Nalorakk,11,1,1326.3,174775,0,299.0,2026-08-21,0,-1,1323.0,31.1
25899,57525,Warrior,Arms,Slayer,DPS,CN,Den of Nalorakk,11,1,1326.3,205857,0,306.0,2026-08-21,0,-1,1323.0,31.1
25899,57524,Paladin,Retribution,Herald of the Sun,DPS,CN,Den of Nalorakk,11,1,1326.3,195776,0,300.0,2026-08-21,0,-1,1323.0,31.1
25899,57522,Paladin,Holy,Lightsmith,Healer,CN,Den of Nalorakk,11,1,1326.3,23139,1,297.0,2026-08-21,0,-1,1323.0,31.1
25900,15556,Warrior,Arms,Slayer,DPS,US,Den of Nalorakk,10,1,1156.0,216960,1,308.0,2026-08-22,0,-1,1157.0,39.7
25900,55237,Paladin,Retribution,Herald of the Sun,DPS,US,Den of Nalorakk,10,1,1156.0,205336,0,293.0,2026-08-22,0,-1,1157.0,39.7
25900,57526,Druid,Guardian,Elune's Chosen,Tank,US,Den of Nalorakk,10,1,1156.0,118683,0,303.0,2026-08-22,0,-1,1157.0,39.7
25900,15543,Druid,Balance,Elune's Chosen,DPS,US,Den of Nalorakk,10,1,1156.0,196040,1,309.0,2026-08-22,0,-1,1157.0,39.7
25900,39159,Evoker,Preservation,Flameshaper,Healer,US,Den of Nalorakk,10,1,1156.0,49869,0,306.0,2026-08-22,0,-1,1157.0,39.7
25901,57529,Shaman,Elemental,Farseer,DPS,EU,Altar of Fangs,10,1,1121.2,295918,0,306.0,2026-08-21,0,-1,1112.0,38.2
25901,57530,DemonHunter,Devourer,Void-Scarred,DPS,EU,Altar of Fangs,10,1,1121.2,221520,0,306.0,2026-08-21,0,-1,1112.0,38.2
25901,57528,Priest,Discipline,Oracle,Healer,EU,Altar of Fangs,10,1,1121.2,19257,0,305.0,2026-08-21,0,-1,1112.0,38.2
25901,57527,Druid,Guardian,Elune's Chosen,Tank,EU,Altar of Fangs,10,1,1121.2,140685,0,305.0,2026-08-21,0,-1,1112.0,38.2
25901,43601,DeathKnight,Unholy,Rider of the Apocalypse,DPS,EU,Altar of Fangs,10,1,1121.2,234754,0,305.0,2026-08-21,0,-1,1112.0,38.2
25903,16775,Mage,Arcane,Sunfury,DPS,EU,Altar of Fangs,9,1,1055.9,249521,0,306.0,2026-08-21,0,-1,1047.0,41.8
25903,16774,Druid,Balance,Elune's Chosen,DPS,EU,Altar of Fangs,9,1,1055.9,236908,0,309.0,2026-08-21,0,-1,1047.0,41.8
25903,57532,DemonHunter,Vengeance,Annihilator,Tank,EU,Altar of Fangs,9,1,1055.9,139389,0,304.0,2026-08-21,0,-1,1047.0,41.8
25903,16776,Warrior,Arms,Slayer,DPS,EU,Altar of Fangs,9,1,1055.9,237092,0,301.0,2026-08-21,0,-1,1047.0,41.8
25903,16773,Druid,Restoration,Wildstalker,Healer,EU,Altar of Fangs,9,1,1055.9,2727,0,305.0,2026-08-21,0,-1,1047.0,41.8
25906,10248,Warrior,Arms,Slayer,DPS,US,Altar of Fangs,10,1,1075.9,257626,2,304.0,2026-08-22,0,-1,1077.0,40.2
25906,39889,Shaman,Elemental,Farseer,DPS,US,Altar of Fangs,10,1,1075.9,270161,0,308.0,2026-08-22,0,-1,1077.0,40.2
25906,39888,Evoker,Preservation,Flameshaper,Healer,US,Altar of Fangs,10,1,1075.9,42809,0,308.0,2026-08-22,0,-1,1077.0,40.2
25906,57539,DeathKnight,Unholy,San'layn,DPS,US,Altar of Fangs,10,1,1075.9,246806,0,306.0,2026-08-22,0,-1,1077.0,40.2
25906,57538,Paladin,Protection,Templar,Tank,US,Altar of Fangs,10,1,1075.9,111724,0,301.0,2026-08-22,0,-1,1077.0,40.2
25909,56530,Warrior,Arms,Slayer,DPS,EU,Murder Row,11,1,1258.5,264368,0,307.0,2026-08-21,0,-1,1265.0,38.0
25909,56531,Monk,Windwalker,Shado-Pan,DPS,EU,Murder Row,11,1,1258.5,227977,1,298.0,2026-08-21,0,-1,1265.0,38.0
25909,25148,Shaman,Restoration,Totemic,Healer,EU,Murder Row,11,1,1258.5,28491,1,291.0,2026-08-21,0,-1,1265.0,38.0
25909,56532,Rogue,Outlaw,Trickster,DPS,EU,Murder Row,11,1,1258.5,241734,1,294.0,2026-08-21,0,-1,1265.0,38.0
25909,24466,Druid,Guardian,Elune's Chosen,Tank,EU,Murder Row,11,1,1258.5,109874,0,292.0,2026-08-21,0,-1,1265.0,38.0
25911,56804,Evoker,Preservation,Flameshaper,Healer,US,Altar of Fangs,12,1,1422.3,50286,1,308.0,2026-08-21,0,-1,1458.0,19.0
25911,57547,Paladin,Protection,Lightsmith,Tank,US,Altar of Fangs,12,1,1422.3,112246,0,304.0,2026-08-21,0,-1,1458.0,19.0
25911,9876,Rogue,Outlaw,Trickster,DPS,US,Altar of Fangs,12,1,1422.3,248546,0,304.0,2026-08-21,0,-1,1458.0,19.0
25911,57548,Shaman,Elemental,Farseer,DPS,US,Altar of Fangs,12,1,1422.3,233850,2,309.0,2026-08-21,0,-1,1458.0,19.0
25911,1157,Warrior,Arms,Slayer,DPS,US,Altar of Fangs,12,1,1422.3,241848,0,308.0,2026-08-21,0,-1,1458.0,19.0
25913,57555,Shaman,Elemental,Farseer,DPS,CN,The Blinding Vale,11,1,1269.5,258986,0,300.0,2026-08-21,0,-1,1271.0,29.4
25913,57553,Paladin,Holy,Herald of the Sun,Healer,CN,The Blinding Vale,11,1,1269.5,13770,1,283.0,2026-08-21,0,-1,1271.0,29.4
25913,49136,DeathKnight,Blood,San'layn,Tank,CN,The Blinding Vale,11,1,1269.5,172377,0,309.0,2026-08-21,0,-1,1271.0,29.4
25913,49139,Druid,Balance,Elune's Chosen,DPS,CN,The Blinding Vale,11,1,1269.5,173158,1,288.0,2026-08-21,0,-1,1271.0,29.4
25913,57554,DeathKnight,Unholy,San'layn,DPS,CN,The Blinding Vale,11,1,1269.5,240272,0,294.0,2026-08-21,0,-1,1271.0,29.4
25914,15484,DeathKnight,Unholy,Rider of the Apocalypse,DPS,EU,Voidscar Arena,10,1,1034.2,224697,0,309.0,2026-08-21,0,-1,1036.0,42.4
25914,15487,DemonHunter,Vengeance,Annihilator,Tank,EU,Voidscar Arena,10,1,1034.2,125142,0,309.0,2026-08-21,0,-1,1036.0,42.4
25914,57556,Monk,Windwalker,Shado-Pan,DPS,EU,Voidscar Arena,10,1,1034.2,176311,1,295.0,2026-08-21,0,-1,1036.0,42.4
25914,52588,Priest,Holy,Oracle,Healer,EU,Voidscar Arena,10,1,1034.2,21818,0,305.0,2026-08-21,0,-1,1036.0,42.4
25914,15488,Mage,Arcane,Sunfury,DPS,EU,Voidscar Arena,10,1,1034.2,256534,1,312.0,2026-08-21,0,-1,1036.0,42.4
25916,38653,Hunter,Marksmanship,Sentinel,DPS,EU,Ruby Life Pools,10,1,996.9,257190,0,303.0,2026-08-21,0,-1,1004.0,40.3
25916,57557,Paladin,Protection,Lightsmith,Tank,EU,Ruby Life Pools,10,1,996.9,121397,1,299.0,2026-08-21,0,-1,1004.0,40.3
25916,57558,Monk,Mistweaver,Conduit of the Celestials,Healer,EU,Ruby Life Pools,10,1,996.9,46839,0,303.0,2026-08-21,0,-1,1004.0,40.3
25916,40991,Warrior,Arms,Slayer,DPS,EU,Ruby Life Pools,10,1,996.9,235312,1,304.0,2026-08-21,0,-1,1004.0,40.3
25916,50000,DeathKnight,Unholy,San'layn,DPS,EU,Ruby Life Pools,10,1,996.9,277258,1,304.0,2026-08-21,0,-1,1004.0,40.3
25924,57573,Shaman,Elemental,Farseer,DPS,EU,The Blinding Vale,10,1,1029.5,264988,0,304.0,2026-08-21,0,-1,1026.0,43.0
25924,57572,Paladin,Holy,Herald of the Sun,Healer,EU,The Blinding Vale,10,1,1029.5,22608,0,306.0,2026-08-21,0,-1,1026.0,43.0
25924,57575,Mage,Arcane,Sunfury,DPS,EU,The Blinding Vale,10,1,1029.5,255867,0,309.0,2026-08-21,0,-1,1026.0,43.0
25924,57571,DeathKnight,Blood,San'layn,Tank,EU,The Blinding Vale,10,1,1029.5,148746,0,304.0,2026-08-21,0,-1,1026.0,43.0
25924,57574,Hunter,Marksmanship,Sentinel,DPS,EU,The Blinding Vale,10,1,1029.5,215381,1,309.0,2026-08-21,0,-1,1026.0,43.0
25925,54706,Evoker,Devastation,Scalecommander,DPS,US,Den of Nalorakk,12,1,1587.4,172026,0,303.0,2026-08-21,0,-1,1595.0,16.9
25925,133,Warlock,Demonology,Diabolist,DPS,US,Den of Nalorakk,12,1,1587.4,170867,1,302.0,2026-08-21,0,-1,1595.0,16.9
25925,131,Paladin,Holy,Herald of the Sun,Healer,US,Den of Nalorakk,12,1,1587.4,16694,0,304.0,2026-08-21,0,-1,1595.0,16.9
25925,130,DeathKnight,Blood,San'layn,Tank,US,Den of Nalorakk,12,1,1587.4,103718,0,305.0,2026-08-21,0,-1,1595.0,16.9
25925,134,Warrior,Arms,Slayer,DPS,US,Den of Nalorakk,12,1,1587.4,165924,0,308.0,2026-08-21,0,-1,1595.0,16.9
25926,24694,Monk,Windwalker,Shado-Pan,DPS,EU,The Blinding Vale,12,1,1430.8,218557,2,306.0,2026-08-21,0,-1,1497.0,16.8
25926,57577,Shaman,Restoration,Totemic,Healer,EU,The Blinding Vale,12,1,1430.8,30996,0,300.0,2026-08-21,0,-1,1497.0,16.8
25926,57576,DemonHunter,Vengeance,Annihilator,Tank,EU,The Blinding Vale,12,1,1430.8,126850,0,301.0,2026-08-21,0,-1,1497.0,16.8
25926,57578,Mage,Arcane,Sunfury,DPS,EU,The Blinding Vale,12,1,1430.8,199699,2,293.0,2026-08-21,0,-1,1497.0,16.8
25926,15852,Druid,Balance,Elune's Chosen,DPS,EU,The Blinding Vale,12,1,1430.8,213583,1,305.0,2026-08-21,0,-1,1497.0,16.8
25927,57579,Priest,Holy,Oracle,Healer,EU,Voidscar Arena,10,1,1056.4,58018,0,298.0,2026-08-21,0,-1,1048.0,41.8
25927,22976,Paladin,Protection,Templar,Tank,EU,Voidscar Arena,10,1,1056.4,114836,0,312.0,2026-08-21,0,-1,1048.0,41.8
25927,57580,Hunter,BeastMastery,Pack Leader,DPS,EU,Voidscar Arena,10,1,1056.4,250645,0,301.0,2026-08-21,0,-1,1048.0,41.8
25927,57582,Evoker,Devastation,Scalecommander,DPS,EU,Voidscar Arena,10,1,1056.4,205107,0,294.0,2026-08-21,0,-1,1048.0,41.8
25927,57581,Warrior,Arms,Slayer,DPS,EU,Voidscar Arena,10,1,1056.4,225476,0,302.0,2026-08-21,0,-1,1048.0,41.8
25929,41386,Warrior,Arms,Slayer,DPS,US,Kings' Rest,12,1,1568.8,125989,2,304.0,2026-08-22,0,-1,1590.0,19.7
25929,2917,Mage,Arcane,Sunfury,DPS,US,Kings' Rest,12,1,1568.8,175213,0,310.0,2026-08-22,0,-1,1590.0,19.7
25929,57584,Shaman,Restoration,Totemic,Healer,US,Kings' Rest,12,1,1568.8,21280,0,299.0,2026-08-22,0,-1,1590.0,19.7
25929,57583,Paladin,Protection,Templar,Tank,US,Kings' Rest,12,1,1568.8,75812,0,304.0,2026-08-22,0,-1,1590.0,19.7
25929,53419,Shaman,Elemental,Farseer,DPS,US,Kings' Rest,12,1,1568.8,159835,0,312.0,2026-08-22,0,-1,1590.0,19.7
25935,31984,DeathKnight,Blood,San'layn,Tank,EU,Temple of Sethraliss,11,1,1309.0,101608,0,286.0,2026-08-21,0,-1,1321.0,31.2
25935,14959,Shaman,Elemental,Farseer,DPS,EU,Temple of Sethraliss,11,1,1309.0,233088,0,304.0,2026-08-21,0,-1,1321.0,31.2
25935,22956,DemonHunter,Havoc,Fel-Scarred,DPS,EU,Temple of Sethraliss,11,1,1309.0,258458,2,306.0,2026-08-21,0,-1,1321.0,31.2
25935,14960,Mage,Arcane,Sunfury,DPS,EU,Temple of Sethraliss,11,1,1309.0,172806,0,299.0,2026-08-21,0,-1,1321.0,31.2
25935,57589,Paladin,Holy,Herald of the Sun,Healer,EU,Temple of Sethraliss,11,1,1309.0,8661,2,296.0,2026-08-21,0,-1,1321.0,31.2
25940,54879,Warlock,Demonology,Diabolist,DPS,EU,Ruby Life Pools,10,1,1021.9,258148,2,307.0,2026-08-21,0,-1,1024.0,39.1
25940,57595,Druid,Guardian,Elune's Chosen,Tank,EU,Ruby Life Pools,10,1,1021.9,127491,0,297.0,2026-08-21,0,-1,1024.0,39.1
25940,54880,Evoker,Devastation,Scalecommander,DPS,EU,Ruby Life Pools,10,1,1021.9,231769,0,308.0,2026-08-21,0,-1,1024.0,39.1
25940,19778,Warrior,Arms,Slayer,DPS,EU,Ruby Life Pools,10,1,1021.9,261982,0,304.0,2026-08-21,0,-1,1024.0,39.1
25940,54878,Evoker,Preservation,Flameshaper,Healer,EU,Ruby Life Pools,10,1,1021.9,36748,0,303.0,2026-08-21,0,-1,1024.0,39.1
25945,57605,Mage,Arcane,Sunfury,DPS,EU,Murder Row,9,1,1159.5,185895,1,309.0,2026-08-22,0,-1,1166.0,42.8
25945,57602,DemonHunter,Vengeance,Annihilator,Tank,EU,Murder Row,9,1,1159.5,93425,0,298.0,2026-08-22,0,-1,1166.0,42.8
25945,19083,DeathKnight,Unholy,San'layn,DPS,EU,Murder Row,9,1,1159.5,235129,0,302.0,2026-08-22,0,-1,1166.0,42.8
25945,57603,Paladin,Holy,Herald of the Sun,Healer,EU,Murder Row,9,1,1159.5,16979,1,276.0,2026-08-22,0,-1,1166.0,42.8
25945,57604,Priest,Shadow,Archon,DPS,EU,Murder Row,9,1,1159.5,206004,1,308.0,2026-08-22,0,-1,1166.0,42.8
25946,57608,Mage,Arcane,Sunfury,DPS,US,The Blinding Vale,12,1,1481.6,251221,0,310.0,2026-08-22,0,-1,1488.0,17.3
25946,57609,Mage,Arcane,Sunfury,DPS,US,The Blinding Vale,12,1,1481.6,202152,0,300.0,2026-08-22,0,-1,1488.0,17.3
25946,57610,Hunter,Marksmanship,Sentinel,DPS,US,The Blinding Vale,12,1,1481.6,169419,1,306.0,2026-08-22,0,-1,1488.0,17.3
25946,57607,Evoker,Preservation,Flameshaper,Healer,US,The Blinding Vale,12,1,1481.6,46852,0,312.0,2026-08-22,0,-1,1488.0,17.3
25946,57606,Monk,Brewmaster,Master of Harmony,Tank,US,The Blinding Vale,12,1,1481.6,78602,0,305.0,2026-08-22,0,-1,1488.0,17.3
25948,57616,Hunter,BeastMastery,Pack Leader,DPS,EU,Voidscar Arena,11,1,1144.5,189231,1,302.0,2026-08-21,0,-1,1141.0,36.6
25948,18016,Warrior,Protection,Mountain Thane,Tank,EU,Voidscar Arena,11,1,1144.5,158581,0,310.0,2026-08-21,0,-1,1141.0,36.6
25948,52512,Monk,Mistweaver,Conduit of the Celestials,Healer,EU,Voidscar Arena,11,1,1144.5,64182,0,310.0,2026-08-21,0,-1,1141.0,36.6
25948,57614,Paladin,Retribution,Templar,DPS,EU,Voidscar Arena,11,1,1144.5,213709,0,305.0,2026-08-21,0,-1,1141.0,36.6
25948,57615,DemonHunter,Devourer,Annihilator,DPS,EU,Voidscar Arena,11,1,1144.5,198193,0,294.0,2026-08-21,0,-1,1141.0,36.6
25956,57631,Hunter,BeastMastery,Pack Leader,DPS,CN,The Blinding Vale,11,1,1294.6,202155,0,297.0,2026-08-21,0,-1,1291.0,28.3
25956,57629,Warrior,Protection,Mountain Thane,Tank,CN,The Blinding Vale,11,1,1294.6,101496,0,297.0,2026-08-21,0,-1,1291.0,28.3
25956,57630,Shaman,Restoration,Totemic,Healer,CN,The Blinding Vale,11,1,1294.6,26960,0,296.0,2026-08-21,0,-1,1291.0,28.3
25956,57632,Mage,Arcane,Sunfury,DPS,CN,The Blinding Vale,11,1,1294.6,215704,1,297.0,2026-08-21,0,-1,1291.0,28.3
25956,57633,Rogue,Subtlety,Trickster,DPS,CN,The Blinding Vale,11,1,1294.6,229355,0,299.0,2026-08-21,0,-1,1291.0,28.3
25962,57642,Shaman,Restoration,Totemic,Healer,KR,Ruby Life Pools,5,1,940.2,20384,0,291.0,2026-08-21,0,-1,932.0,44.5
25962,57641,Paladin,Protection,Lightsmith,Tank,KR,Ruby Life Pools,5,1,940.2,75624,0,293.0,2026-08-21,0,-1,932.0,44.5
25962,57643,Monk,Windwalker,Shado-Pan,DPS,KR,Ruby Life Pools,5,1,940.2,119511,0,296.0,2026-08-21,0,-1,932.0,44.5
25962,57645,Warlock,Demonology,Diabolist,DPS,KR,Ruby Life Pools,5,1,940.2,158910,0,294.0,2026-08-21,0,-1,932.0,44.5
25962,57644,Priest,Shadow,Voidweaver,DPS,KR,Ruby Life Pools,5,1,940.2,131291,0,291.0,2026-08-21,0,-1,932.0,44.5
25963,57646,Shaman,Restoration,Totemic,Healer,US,The Blinding Vale,2,1,1049.8,20283,0,296.0,2026-08-22,0,-1,1042.0,42.1
25963,31074,DeathKnight,Blood,Deathbringer,Tank,US,The Blinding Vale,2,1,1049.8,76982,0,302.0,2026-08-22,0,-1,1042.0,42.1
25963,57647,Monk,Windwalker,Shado-Pan,DPS,US,The Blinding Vale,2,1,1049.8,112972,0,290.0,2026-08-22,0,-1,1042.0,42.1
25963,57649,Mage,Frost,Spellslinger,DPS,US,The Blinding Vale,2,1,1049.8,74312,0,289.0,2026-08-22,0,-1,1042.0,42.1
25963,57648,Paladin,Retribution,Templar,DPS,US,The Blinding Vale,2,1,1049.8,137731,1,293.0,2026-08-22,0,-1,1042.0,42.1
25968,15862,Shaman,Restoration,Totemic,Healer,EU,The Blinding Vale,9,1,889.2,29669,0,298.0,2026-08-21,0,-1,886.0,50.8
25968,15861,Druid,Guardian,Elune's Chosen,Tank,EU,The Blinding Vale,9,1,889.2,126095,0,302.0,2026-08-21,0,-1,886.0,50.8
25968,15864,Warrior,Arms,Slayer,DPS,EU,The Blinding Vale,9,1,889.2,235339,0,302.0,2026-08-21,0,-1,886.0,50.8
25968,15865,Warlock,Demonology,Diabolist,DPS,EU,The Blinding Vale,9,1,889.2,240991,1,309.0,2026-08-21,0,-1,886.0,50.8
25968,15863,DeathKnight,Unholy,San'layn,DPS,EU,The Blinding Vale,9,1,889.2,257729,0,308.0,2026-08-21,0,-1,886.0,50.8
25979,57679,Rogue,Subtlety,Deathstalker,DPS,EU,Kings' Rest,11,1,1341.6,142466,1,304.0,2026-08-21,0,-1,1343.0,32.2
25979,57678,Warrior,Arms,Slayer,DPS,EU,Kings' Rest,11,1,1341.6,202669,0,303.0,2026-08-21,0,-1,1343.0,32.2
25979,57677,Shaman,Restoration,Totemic,Healer,EU,Kings' Rest,11,1,1341.6,42192,1,307.0,2026-08-21,0,-1,1343.0,32.2
25979,42658,Hunter,BeastMastery,Pack Leader,DPS,EU,Kings' Rest,11,1,1341.6,159769,0,302.0,2026-08-21,0,-1,1343.0,32.2
25979,42657,DeathKnight,Blood,San'layn,Tank,EU,Kings' Rest,11,1,1341.6,88580,0,301.0,2026-08-21,0,-1,1343.0,32.2
25982,57687,Shaman,Elemental,Farseer,DPS,CN,Murder Row,11,1,1273.0,239341,0,303.0,2026-08-21,0,-1,1264.0,38.0
25982,57686,Rogue,Outlaw,Trickster,DPS,CN,Murder Row,11,1,1273.0,160469,0,297.0,2026-08-21,0,-1,1264.0,38.0
25982,57685,Mage,Arcane,Sunfury,DPS,CN,Murder Row,11,1,1273.0,270236,0,304.0,2026-08-21,0,-1,1264.0,38.0
25982,57684,Priest,Discipline,Oracle,Healer,CN,Murder Row,11,1,1273.0,16261,0,300.0,2026-08-21,0,-1,1264.0,38.0
25982,57683,DeathKnight,Blood,San'layn,Tank,CN,Murder Row,11,1,1273.0,167902,0,306.0,2026-08-21,0,-1,1264.0,38.0
25991,6588,Druid,Guardian,Elune's Chosen,Tank,US,Altar of Fangs,11,1,1304.9,144219,0,304.0,2026-08-22,0,-1,1302.0,27.7
25991,9299,Warrior,Arms,Slayer,DPS,US,Altar of Fangs,11,1,1304.9,245227,0,296.0,2026-08-22,0,-1,1302.0,27.7
25991,6592,DeathKnight,Unholy,Rider of the Apocalypse,DPS,US,Altar of Fangs,11,1,1304.9,227605,0,295.0,2026-08-22,0,-1,1302.0,27.7
25991,57706,Monk,Mistweaver,Conduit of the Celestials,Healer,US,Altar of Fangs,11,1,1304.9,49783,1,295.0,2026-08-22,0,-1,1302.0,27.7
25991,57337,Rogue,Assassination,Deathstalker,DPS,US,Altar of Fangs,11,1,1304.9,212167,0,290.0,2026-08-22,0,-1,1302.0,27.7
25992,57707,Monk,Brewmaster,Master of Harmony,Tank,US,Den of Nalorakk,8,1,1080.8,71678,0,288.0,2026-08-20,0,-1,1077.0,43.9
25992,57708,Evoker,Preservation,Flameshaper,Healer,US,Den of Nalorakk,8,1,1080.8,29798,1,306.0,2026-08-20,0,-1,1077.0,43.9
25992,39067,Mage,Arcane,Sunfury,DPS,US,Den of Nalorakk,8,1,1080.8,178315,0,305.0,2026-08-20,0,-1,1077.0,43.9
25992,57709,Druid,Feral,Druid of the Claw,DPS,US,Den of Nalorakk,8,1,1080.8,137738,0,296.0,2026-08-20,0,-1,1077.0,43.9
25992,17219,Warrior,Arms,Slayer,DPS,US,Den of Nalorakk,8,1,1080.8,176681,0,310.0,2026-08-20,0,-1,1077.0,43.9
25993,15860,Warrior,Arms,Slayer,DPS,EU,Ruby Life Pools,11,1,1125.0,275266,0,311.0,2026-08-21,0,-1,1122.0,33.2
25993,42844,Paladin,Protection,Lightsmith,Tank,EU,Ruby Life Pools,11,1,1125.0,148740,0,306.0,2026-08-21,0,-1,1122.0,33.2
25993,57710,Shaman,Restoration,Totemic,Healer,EU,Ruby Life Pools,11,1,1125.0,24801,1,302.0,2026-08-21,0,-1,1122.0,33.2
25993,15857,Evoker,Augmentation,Chronowarden,DPS,EU,Ruby Life Pools,11,1,1125.0,196010,0,302.0,2026-08-21,0,-1,1122.0,33.2
25993,15859,Warlock,Demonology,Diabolist,DPS,EU,Ruby Life Pools,11,1,1125.0,267106,0,304.0,2026-08-21,0,-1,1122.0,33.2
25995,3014,DemonHunter,Havoc,Fel-Scarred,DPS,US,Voidscar Arena,10,1,1057.7,229781,0,297.0,2026-08-21,0,-1,1054.0,41.4
25995,4801,Druid,Restoration,Wildstalker,Healer,US,Voidscar Arena,10,1,1057.7,23365,0,296.0,2026-08-21,0,-1,1054.0,41.4
25995,3012,DemonHunter,Vengeance,Annihilator,Tank,US,Voidscar Arena,10,1,1057.7,116805,0,300.0,2026-08-21,0,-1,1054.0,41.4
25995,980,DemonHunter,Devourer,Void-Scarred,DPS,US,Voidscar Arena,10,1,1057.7,237389,0,303.0,2026-08-21,0,-1,1054.0,41.4
25995,16963,Warrior,Arms,Slayer,DPS,US,Voidscar Arena,10,1,1057.7,207393,1,307.0,2026-08-21,0,-1,1054.0,41.4
25997,57712,Rogue,Assassination,Deathstalker,DPS,CN,Voidscar Arena,12,1,1417.2,235086,1,307.0,2026-08-21,0,-1,1424.0,20.9
25997,42412,Paladin,Protection,Lightsmith,Tank,CN,Voidscar Arena,12,1,1417.2,87619,0,308.0,2026-08-21,0,-1,1424.0,20.9
25997,57711,Warrior,Arms,Slayer,DPS,CN,Voidscar Arena,12,1,1417.2,207083,0,304.0,2026-08-21,0,-1,1424.0,20.9
25997,42414,DemonHunter,Devourer,Void-Scarred,DPS,CN,Voidscar Arena,12,1,1417.2,203160,0,308.0,2026-08-21,0,-1,1424.0,20.9
25997,38256,Paladin,Holy,Herald of the Sun,Healer,CN,Voidscar Arena,12,1,1417.2,6015,0,292.0,2026-08-21,0,-1,1424.0,20.9
25998,6393,Mage,Arcane,Sunfury,DPS,US,Ruby Life Pools,12,1,1366.1,241298,0,300.0,2026-08-20,0,-1,1358.0,19.2
25998,5194,Druid,Balance,Elune's Chosen,DPS,US,Ruby Life Pools,12,1,1366.1,215322,0,304.0,2026-08-20,0,-1,1358.0,19.2
25998,6392,Mage,Arcane,Sunfury,DPS,US,Ruby Life Pools,12,1,1366.1,266814,0,304.0,2026-08-20,0,-1,1358.0,19.2
25998,5192,Paladin,Holy,Herald of the Sun,Healer,US,Ruby Life Pools,12,1,1366.1,10662,0,298.0,2026-08-20,0,-1,1358.0,19.2
25998,57713,DeathKnight,Blood,San'layn,Tank,US,Ruby Life Pools,12,1,1366.1,117468,0,291.0,2026-08-20,0,-1,1358.0,19.2
26004,57723,Hunter,BeastMastery,Pack Leader,DPS,US,Ruby Life Pools,11,1,1195.9,168881,0,295.0,2026-08-20,0,-1,1192.0,29.0
26004,15582,Warrior,Fury,Slayer,DPS,US,Ruby Life Pools,11,1,1195.9,220923,1,293.0,2026-08-20,0,-1,1192.0,29.0
26004,15580,Paladin,Holy,Herald of the Sun,Healer,US,Ruby Life Pools,11,1,1195.9,21722,0,288.0,2026-08-20,0,-1,1192.0,29.0
26004,15583,Rogue,Subtlety,Deathstalker,DPS,US,Ruby Life Pools,11,1,1195.9,221929,0,299.0,2026-08-20,0,-1,1192.0,29.0
26004,8572,Monk,Brewmaster,Master of Harmony,Tank,US,Ruby Life Pools,11,1,1195.9,101337,0,294.0,2026-08-20,0,-1,1192.0,29.0
26011,24562,Monk,Mistweaver,Conduit of the Celestials,Healer,EU,Temple of Sethraliss,13,1,1679.5,44167,3,302.0,2026-08-21,0,-1,1776.0,7.5
26011,13647,DemonHunter,Vengeance,Annihilator,Tank,EU,Temple of Sethraliss,13,1,1679.5,123155,1,309.0,2026-08-21,0,-1,1776.0,7.5
26011,13650,Druid,Balance,Elune's Chosen,DPS,EU,Temple of Sethraliss,13,1,1679.5,202515,2,306.0,2026-08-21,0,-1,1776.0,7.5
26011,57740,Mage,Arcane,Sunfury,DPS,EU,Temple of Sethraliss,13,1,1679.5,221062,1,307.0,2026-08-21,0,-1,1776.0,7.5
26011,57739,DeathKnight,Frost,Deathbringer,DPS,EU,Temple of Sethraliss,13,1,1679.5,190157,0,306.0,2026-08-21,0,-1,1776.0,7.5
26012,57741,DeathKnight,Blood,San'layn,Tank,CN,Temple of Sethraliss,12,1,1525.3,113569,0,296.0,2026-08-21,0,-1,1517.0,21.0
26012,57743,DeathKnight,Frost,Deathbringer,DPS,CN,Temple of Sethraliss,12,1,1525.3,235371,0,301.0,2026-08-21,0,-1,1517.0,21.0
26012,57742,Paladin,Holy,Herald of the Sun,Healer,CN,Temple of Sethraliss,12,1,1525.3,12897,0,305.0,2026-08-21,0,-1,1517.0,21.0
26012,57744,Warrior,Arms,Slayer,DPS,CN,Temple of Sethraliss,12,1,1525.3,199780,0,303.0,2026-08-21,0,-1,1517.0,21.0
26012,43837,Shaman,Elemental,Farseer,DPS,CN,Temple of Sethraliss,12,1,1525.3,190362,0,308.0,2026-08-21,0,-1,1517.0,21.0
26015,57748,Shaman,Elemental,Unknown,DPS,CN,Kings' Rest,12,1,1546.4,144793,0,301.0,2026-08-21,0,-1,1553.0,21.6
26015,57747,Paladin,Holy,Unknown,Healer,CN,Kings' Rest,12,1,1546.4,16299,0,301.0,2026-08-21,0,-1,1553.0,21.6
26015,57746,DeathKnight,Blood,Unknown,Tank,CN,Kings' Rest,12,1,1546.4,99604,0,305.0,2026-08-21,0,-1,1553.0,21.6
26015,57749,Warrior,Arms,Unknown,DPS,CN,Kings' Rest,12,1,1546.4,142807,0,303.0,2026-08-21,0,-1,1553.0,21.6
26015,57750,Mage,Arcane,Unknown,DPS,CN,Kings' Rest,12,1,1546.4,182948,1,302.0,2026-08-21,0,-1,1553.0,21.6
26018,21564,Druid,Guardian,Elune's Chosen,Tank,US,Temple of Sethraliss,13,1,1713.1,89100,0,298.0,2026-08-21,0,-1,1719.0,10.5
26018,8937,Shaman,Elemental,Farseer,DPS,US,Temple of Sethraliss,13,1,1713.1,224080,0,300.0,2026-08-21,0,-1,1719.0,10.5
26018,20906,Paladin,Holy,Lightsmith,Healer,US,Temple of Sethraliss,13,1,1713.1,20745,0,295.0,2026-08-21,0,-1,1719.0,10.5
26018,41479,Rogue,Subtlety,Deathstalker,DPS,US,Temple of Sethraliss,13,1,1713.1,204594,1,297.0,2026-08-21,0,-1,1719.0,10.5
26018,5963,DemonHunter,Havoc,Fel-Scarred,DPS,US,Temple of Sethraliss,13,1,1713.1,181202,0,294.0,2026-08-21,0,-1,1719.0,10.5
26019,2310,DeathKnight,Unholy,Rider of the Apocalypse,DPS,US,Altar of Fangs,10,1,1012.6,275903,0,309.0,2026-08-22,0,-1,1005.0,44.2
26019,2312,Mage,Arcane,Sunfury,DPS,US,Altar of Fangs,10,1,1012.6,276679,0,304.0,2026-08-22,0,-1,1005.0,44.2
26019,20,Warrior,Protection,Mountain Thane,Tank,US,Altar of Fangs,10,1,1012.6,197256,0,309.0,2026-08-22,0,-1,1005.0,44.2
26019,2311,Paladin,Holy,Herald of the Sun,Healer,US,Altar of Fangs,10,1,1012.6,20263,0,299.0,2026-08-22,0,-1,1005.0,44.2
26019,2313,Paladin,Retribution,Herald of the Sun,DPS,US,Altar of Fangs,10,1,1012.6,260782,0,302.0,2026-08-22,0,-1,1005.0,44.2
26027,57776,Paladin,Retribution,Templar,DPS,EU,Voidscar Arena,4,1,1058.9,137462,0,296.0,2026-08-21,0,-1,1051.0,41.6
26027,57775,Mage,Frost,Frostfire,DPS,EU,Voidscar Arena,4,1,1058.9,115097,0,292.0,2026-08-21,0,-1,1051.0,41.6
26027,57773,Paladin,Holy,Herald of the Sun,Healer,EU,Voidscar Arena,4,1,1058.9,8517,0,295.0,2026-08-21,0,-1,1051.0,41.6
26027,57772,Druid,Guardian,Elune's Chosen,Tank,EU,Voidscar Arena,4,1,1058.9,73774,0,293.0,2026-08-21,0,-1,1051.0,41.6
26027,57774,Evoker,Augmentation,Chronowarden,DPS,EU,Voidscar Arena,4,1,1058.9,78937,0,294.0,2026-08-21,0,-1,1051.0,41.6
26028,57777,Druid,Balance,Elune's Chosen,DPS,US,Ruby Life Pools,10,1,996.1,138985,0,298.0,2026-08-20,0,-1,987.0,41.2
26028,24152,Shaman,Restoration,Totemic,Healer,US,Ruby Life Pools,10,1,996.1,30292,0,306.0,2026-08-20,0,-1,987.0,41.2
26028,24151,Monk,Brewmaster,Master of Harmony,Tank,US,Ruby Life Pools,10,1,996.1,104232,0,299.0,2026-08-20,0,-1,987.0,41.2
26028,4205,Warrior,Arms,Slayer,DPS,US,Ruby Life Pools,10,1,996.1,254444,0,307.0,2026-08-20,0,-1,987.0,41.2
26028,531,Rogue,Outlaw,Trickster,DPS,US,Ruby Life Pools,10,1,996.1,245945,0,295.0,2026-08-20,0,-1,987.0,41.2
26029,1587,DeathKnight,Blood,San'layn,Tank,US,Den of Nalorakk,10,1,1191.3,128750,0,309.0,2026-08-22,0,-1,1188.0,38.1
26029,57779,Mage,Arcane,Sunfury,DPS,US,Den of Nalorakk,10,1,1191.3,164713,0,288.0,2026-08-22,0,-1,1188.0,38.1
26029,1589,Druid,Balance,Elune's Chosen,DPS,US,Den of Nalorakk,10,1,1191.3,251591,0,312.0,2026-08-22,0,-1,1188.0,38.1
26029,57778,Priest,Shadow,Archon,DPS,US,Den of Nalorakk,10,1,1191.3,198986,1,296.0,2026-08-22,0,-1,1188.0,38.1
26029,1591,Paladin,Holy,Herald of the Sun,Healer,US,Den of Nalorakk,10,1,1191.3,6755,0,309.0,2026-08-22,0,-1,1188.0,38.1
26037,55646,Mage,Arcane,Sunfury,DPS,US,Temple of Sethraliss,12,1,1448.6,213720,0,302.0,2026-08-22,0,-1,1515.0,21.1
26037,55647,Warrior,Arms,Slayer,DPS,US,Temple of Sethraliss,12,1,1448.6,229554,1,312.0,2026-08-22,0,-1,1515.0,21.1
26037,55644,DeathKnight,Blood,San'layn,Tank,US,Temple of Sethraliss,12,1,1448.6,132566,0,306.0,2026-08-22,0,-1,1515.0,21.1
26037,55645,Paladin,Holy,Herald of the Sun,Healer,US,Temple of Sethraliss,12,1,1448.6,20556,1,299.0,2026-08-22,0,-1,1515.0,21.1
26037,55648,Shaman,Elemental,Farseer,DPS,US,Temple of Sethraliss,12,1,1448.6,166653,3,296.0,2026-08-22,0,-1,1515.0,21.1
26038,57790,Priest,Shadow,Archon,DPS,EU,Voidscar Arena,11,1,1219.8,233429,0,301.0,2026-08-20,0,-1,1221.0,32.2
26038,15066,DemonHunter,Vengeance,Annihilator,Tank,EU,Voidscar Arena,11,1,1219.8,107998,0,306.0,2026-08-20,0,-1,1221.0,32.2
26038,14287,Paladin,Retribution,Templar,DPS,EU,Voidscar Arena,11,1,1219.8,198013,1,298.0,2026-08-20,0,-1,1221.0,32.2
26038,15068,Warlock,Demonology,Diabolist,DPS,EU,Voidscar Arena,11,1,1219.8,200130,1,300.0,2026-08-20,0,-1,1221.0,32.2
26038,15067,Shaman,Restoration,Totemic,Healer,EU,Voidscar Arena,11,1,1219.8,29043,0,302.0,2026-08-20,0,-1,1221.0,32.2
26039,2301,Paladin,Holy,Unknown,Healer,US,Altar of Fangs,14,1,1712.0,23727,1,299.0,2026-08-20,0,-1,1718.0,4.5
26039,2302,Shaman,Enhancement,Unknown,DPS,US,Altar of Fangs,14,1,1712.0,230863,0,299.0,2026-08-20,0,-1,1718.0,4.5
26039,54008,Warlock,Demonology,Unknown,DPS,US,Altar of Fangs,14,1,1712.0,263776,0,298.0,2026-08-20,0,-1,1718.0,4.5
26039,15180,DemonHunter,Devourer,Unknown,DPS,US,Altar of Fangs,14,1,1712.0,280691,0,300.0,2026-08-20,0,-1,1718.0,4.5
26039,2300,DeathKnight,Blood,Unknown,Tank,US,Altar of Fangs,14,1,1712.0,153600,0,303.0,2026-08-20,0,-1,1718.0,4.5
26041,55529,DeathKnight,Blood,San'layn,Tank,US,Murder Row,13,1,1762.4,106074,0,306.0,2026-08-21,0,-1,1799.0,11.8
26041,25019,Warrior,Arms,Slayer,DPS,US,Murder Row,13,1,1762.4,203924,2,311.0,2026-08-21,0,-1,1799.0,11.8
26041,116,Paladin,Holy,Herald of the Sun,Healer,US,Murder Row,13,1,1762.4,10534,1,306.0,2026-08-21,0,-1,1799.0,11.8
26041,57792,Shaman,Elemental,Farseer,DPS,US,Murder Row,13,1,1762.4,214494,0,307.0,2026-08-21,0,-1,1799.0,11.8
26041,7564,Hunter,Survival,Sentinel,DPS,US,Murder Row,13,1,1762.4,180615,0,307.0,2026-08-21,0,-1,1799.0,11.8
26044,3029,Warrior,Arms,Slayer,DPS,US,Kings' Rest,13,1,1724.2,167076,0,308.0,2026-08-21,0,-1,1761.0,11.1
26044,5485,Hunter,BeastMastery,Pack Leader,DPS,US,Kings' Rest,13,1,1724.2,139830,1,305.0,2026-08-21,0,-1,1761.0,11.1
26044,38901,Shaman,Restoration,Totemic,Healer,US,Kings' Rest,13,1,1724.2,26796,1,303.0,2026-08-21,0,-1,1761.0,11.1
26044,37719,DeathKnight,Unholy,Rider of the Apocalypse,DPS,US,Kings' Rest,13,1,1724.2,157874,1,301.0,2026-08-21,0,-1,1761.0,11.1
26044,5482,Paladin,Protection,Lightsmith,Tank,US,Kings' Rest,13,1,1724.2,87408,0,310.0,2026-08-21,0,-1,1761.0,11.1
26048,57799,Rogue,Subtlety,Trickster,DPS,US,Altar of Fangs,11,1,1317.1,241656,0,302.0,2026-08-22,0,-1,1309.0,27.3
26048,57797,Druid,Guardian,Elune's Chosen,Tank,US,Altar of Fangs,11,1,1317.1,112424,0,304.0,2026-08-22,0,-1,1309.0,27.3
26048,57798,Shaman,Restoration,Totemic,Healer,US,Altar of Fangs,11,1,1317.1,33932,0,300.0,2026-08-22,0,-1,1309.0,27.3
26048,52131,Warrior,Arms,Slayer,DPS,US,Altar of Fangs,11,1,1317.1,234314,0,308.0,2026-08-22,0,-1,1309.0,27.3
26048,34891,Hunter,Marksmanship,Sentinel,DPS,US,Altar of Fangs,11,1,1317.1,223188,0,301.0,2026-08-22,0,-1,1309.0,27.3
26050,57807,DeathKnight,Frost,Deathbringer,DPS,KR,Den of Nalorakk,3,1,1068.8,80061,2,291.0,2026-08-20,0,-1,1060.0,44.8
26050,57803,DeathKnight,Blood,Deathbringer,Tank,KR,Den of Nalorakk,3,1,1068.8,84695,0,294.0,2026-08-20,0,-1,1060.0,44.8
26050,57805,Shaman,Elemental,Stormbringer,DPS,KR,Den of Nalorakk,3,1,1068.8,107050,0,294.0,2026-08-20,0,-1,1060.0,44.8
26050,57806,Warlock,Demonology,Diabolist,DPS,KR,Den of Nalorakk,3,1,1068.8,100271,0,292.0,2026-08-20,0,-1,1060.0,44.8
26050,57804,Shaman,Restoration,Totemic,Healer,KR,Den of Nalorakk,3,1,1068.8,13309,0,285.0,2026-08-20,0,-1,1060.0,44.8
26054,57812,Paladin,Holy,Herald of the Sun,Healer,EU,Altar of Fangs,5,1,945.5,6372,1,295.0,2026-08-21,0,-1,937.0,47.9
26054,57811,DeathKnight,Blood,San'layn,Tank,EU,Altar of Fangs,5,1,945.5,118755,0,283.0,2026-08-21,0,-1,937.0,47.9
26054,57813,DemonHunter,Havoc,Fel-Scarred,DPS,EU,Altar of Fangs,5,1,945.5,184580,0,298.0,2026-08-21,0,-1,937.0,47.9
26054,57814,Mage,Arcane,Sunfury,DPS,EU,Altar of Fangs,5,1,945.5,170128,0,294.0,2026-08-21,0,-1,937.0,47.9
26054,28027,Warrior,Arms,Slayer,DPS,EU,Altar of Fangs,5,1,945.5,153473,0,295.0,2026-08-21,0,-1,937.0,47.9
26056,24069,Mage,Arcane,Sunfury,DPS,EU,Den of Nalorakk,10,1,1202.6,215130,0,305.0,2026-08-20,0,-1,1194.0,37.8
26056,18836,Druid,Balance,Elune's Chosen,DPS,EU,Den of Nalorakk,10,1,1202.6,196172,0,302.0,2026-08-20,0,-1,1194.0,37.8
26056,53344,Warrior,Arms,Slayer,DPS,EU,Den of Nalorakk,10,1,1202.6,185994,0,299.0,2026-08-20,0,-1,1194.0,37.8
26056,57819,Druid,Guardian,Elune's Chosen,Tank,EU,Den of Nalorakk,10,1,1202.6,67705,0,292.0,2026-08-20,0,-1,1194.0,37.8
26056,53343,Paladin,Holy,Herald of the Sun,Healer,EU,Den of Nalorakk,10,1,1202.6,41413,0,300.0,2026-08-20,0,-1,1194.0,37.8
26059,57829,Warrior,Arms,Slayer,DPS,EU,Altar of Fangs,11,1,1292.1,212455,0,303.0,2026-08-20,0,-1,1288.0,28.4
26059,57831,Rogue,Assassination,Deathstalker,DPS,EU,Altar of Fangs,11,1,1292.1,258965,0,299.0,2026-08-20,0,-1,1288.0,28.4
26059,57830,DeathKnight,Unholy,San'layn,DPS,EU,Altar of Fangs,11,1,1292.1,214501,1,302.0,2026-08-20,0,-1,1288.0,28.4
26059,57827,DeathKnight,Blood,San'layn,Tank,EU,Altar of Fangs,11,1,1292.1,110447,0,295.0,2026-08-20,0,-1,1288.0,28.4
26059,57828,Shaman,Restoration,Totemic,Healer,EU,Altar of Fangs,11,1,1292.1,38439,0,301.0,2026-08-20,0,-1,1288.0,28.4
26062,56954,DeathKnight,Blood,San'layn,Tank,EU,Den of Nalorakk,13,1,1708.8,109875,0,303.0,2026-08-21,0,-1,1835.0,4.4
26062,56956,Druid,Balance,Elune's Chosen,DPS,EU,Den of Nalorakk,13,1,1708.8,159789,2,306.0,2026-08-21,0,-1,1835.0,4.4
26062,56957,Shaman,Elemental,Farseer,DPS,EU,Den of Nalorakk,13,1,1708.8,180057,3,295.0,2026-08-21,0,-1,1835.0,4.4
26062,56958,Warlock,Destruction,Diabolist,DPS,EU,Den of Nalorakk,13,1,1708.8,163113,1,295.0,2026-08-21,0,-1,1835.0,4.4
26062,56955,Paladin,Holy,Lightsmith,Healer,EU,Den of Nalorakk,13,1,1708.8,30219,3,297.0,2026-08-21,0,-1,1835.0,4.4
26063,48959,Shaman,Restoration,Totemic,Healer,EU,Altar of Fangs,12,1,1483.4,42902,0,306.0,2026-08-21,0,-1,1535.0,14.7
26063,57835,Mage,Arcane,Sunfury,DPS,EU,Altar of Fangs,12,1,1483.4,253045,3,305.0,2026-08-21,0,-1,1535.0,14.7
26063,57836,Druid,Balance,Elune's Chosen,DPS,EU,Altar of Fangs,12,1,1483.4,233164,0,307.0,2026-08-21,0,-1,1535.0,14.7
26063,57834,DeathKnight,Blood,San'layn,Tank,EU,Altar of Fangs,12,1,1483.4,139797,0,303.0,2026-08-21,0,-1,1535.0,14.7
26063,18259,Hunter,BeastMastery,Pack Leader,DPS,EU,Altar of Fangs,12,1,1483.4,209546,1,304.0,2026-08-21,0,-1,1535.0,14.7
26064,57838,Shaman,Elemental,Farseer,DPS,EU,Voidscar Arena,10,1,1010.5,248273,0,298.0,2026-08-21,0,-1,1002.0,44.3
26064,57837,Paladin,Protection,Templar,Tank,EU,Voidscar Arena,10,1,1010.5,91797,0,290.0,2026-08-21,0,-1,1002.0,44.3
26064,17125,Rogue,Subtlety,Deathstalker,DPS,EU,Voidscar Arena,10,1,1010.5,275409,0,312.0,2026-08-21,0,-1,1002.0,44.3
26064,13693,Evoker,Preservation,Flameshaper,Healer,EU,Voidscar Arena,10,1,1010.5,37845,0,300.0,2026-08-21,0,-1,1002.0,44.3
26064,56895,Mage,Arcane,Sunfury,DPS,EU,Voidscar Arena,10,1,1010.5,224168,0,302.0,2026-08-21,0,-1,1002.0,44.3
26070,13688,DemonHunter,Devourer,Void-Scarred,DPS,EU,Kings' Rest,10,1,1191.2,147409,0,303.0,2026-08-20,0,-1,1183.0,40.3
26070,13690,Shaman,Enhancement,Stormbringer,DPS,EU,Kings' Rest,10,1,1191.2,202734,0,306.0,2026-08-20,0,-1,1183.0,40.3
26070,13687,Shaman,Restoration,Totemic,Healer,EU,Kings' Rest,10,1,1191.2,40204,0,305.0,2026-08-20,0,-1,1183.0,40.3
26070,13689,Evoker,Augmentation,Scalecommander,DPS,EU,Kings' Rest,10,1,1191.2,142909,0,304.0,2026-08-20,0,-1,1183.0,40.3
26070,13686,Druid,Guardian,Druid of the Claw,Tank,EU,Kings' Rest,10,1,1191.2,70179,0,299.0,2026-08-20,0,-1,1183.0,40.3
26073,17620,Mage,Arcane,Sunfury,DPS,US,Murder Row,12,1,1605.6,180298,0,305.0,2026-08-20,0,-1,1612.0,21.0
26073,15115,DeathKnight,Blood,San'layn,Tank,US,Murder Row,12,1,1605.6,128855,0,307.0,2026-08-20,0,-1,1612.0,21.0
26073,3253,Shaman,Restoration,Totemic,Healer,US,Murder Row,12,1,1605.6,34969,0,305.0,2026-08-20,0,-1,1612.0,21.0
26073,3255,Hunter,Marksmanship,Sentinel,DPS,US,Murder Row,12,1,1605.6,222614,0,307.0,2026-08-20,0,-1,1612.0,21.0
26073,27939,Priest,Shadow,Voidweaver,DPS,US,Murder Row,12,1,1605.6,184697,1,294.0,2026-08-20,0,-1,1612.0,21.0
26076,57856,Monk,Windwalker,Conduit of the Celestials,DPS,EU,Altar of Fangs,13,1,1735.9,209712,0,304.0,2026-08-20,0,-1,1727.0,4.0
26076,57854,Shaman,Restoration,Totemic,Healer,EU,Altar of Fangs,13,1,1735.9,27029,0,303.0,2026-08-20,0,-1,1727.0,4.0
26076,57857,Druid,Balance,Elune's Chosen,DPS,EU,Altar of Fangs,13,1,1735.9,195376,0,306.0,2026-08-20,0,-1,1727.0,4.0
26076,57853,DeathKnight,Blood,San'layn,Tank,EU,Altar of Fangs,13,1,1735.9,155982,0,302.0,2026-08-20,0,-1,1727.0,4.0
26076,57855,Warlock,Demonology,Diabolist,DPS,EU,Altar of Fangs,13,1,1735.9,218571,0,304.0,2026-08-20,0,-1,1727.0,4.0
26082,9350,Druid,Balance,Elune's Chosen,DPS,US,Temple of Sethraliss,13,1,1654.8,195702,1,307.0,2026-08-22,0,-1,1767.0,8.0
26082,57867,Druid,Guardian,Elune's Chosen,Tank,US,Temple of Sethraliss,13,1,1654.8,95573,1,309.0,2026-08-22,0,-1,1767.0,8.0
26082,7601,Warrior,Arms,Slayer,DPS,US,Temple of Sethraliss,13,1,1654.8,241967,2,308.0,2026-08-22,0,-1,1767.0,8.0
26082,3345,Priest,Shadow,Archon,DPS,US,Temple of Sethraliss,13,1,1654.8,193025,2,302.0,2026-08-22,0,-1,1767.0,8.0
26082,53182,Shaman,Restoration,Totemic,Healer,US,Temple of Sethraliss,13,1,1654.8,25178,2,305.0,2026-08-22,0,-1,1767.0,8.0
26084,19338,DeathKnight,Blood,San'layn,Tank,EU,Voidscar Arena,10,1,1059.2,139071,0,306.0,2026-08-21,0,-1,1056.0,41.3
26084,57871,Hunter,BeastMastery,Pack Leader,DPS,EU,Voidscar Arena,10,1,1059.2,141177,0,291.0,2026-08-21,0,-1,1056.0,41.3
26084,57872,Shaman,Enhancement,Stormbringer,DPS,EU,Voidscar Arena,10,1,1059.2,232027,0,306.0,2026-08-21,0,-1,1056.0,41.3
26084,14626,Mage,Arcane,Sunfury,DPS,EU,Voidscar Arena,10,1,1059.2,235742,1,308.0,2026-08-21,0,-1,1056.0,41.3
26084,57870,Priest,Discipline,Voidweaver,Healer,EU,Voidscar Arena,10,1,1059.2,38067,0,298.0,2026-08-21,0,-1,1056.0,41.3
26094,20841,DeathKnight,Blood,San'layn,Tank,EU,Temple of Sethraliss,10,1,1094.1,99980,0,309.0,2026-08-21,0,-1,1086.0,43.4
26094,38641,Priest,Shadow,Voidweaver,DPS,EU,Temple of Sethraliss,10,1,1094.1,224961,0,303.0,2026-08-21,0,-1,1086.0,43.4
26094,37479,Warlock,Destruction,Hellcaller,DPS,EU,Temple of Sethraliss,10,1,1094.1,221427,0,303.0,2026-08-21,0,-1,1086.0,43.4
26094,38638,Druid,Restoration,Wildstalker,Healer,EU,Temple of Sethraliss,10,1,1094.1,15669,0,298.0,2026-08-21,0,-1,1086.0,43.4
26094,38639,Mage,Arcane,Sunfury,DPS,EU,Temple of Sethraliss,10,1,1094.1,248779,0,300.0,2026-08-21,0,-1,1086.0,43.4
26097,57896,Priest,Shadow,Voidweaver,DPS,US,Ruby Life Pools,7,1,968.4,135262,0,293.0,2026-08-21,0,-1,961.0,42.8
26097,57894,Priest,Discipline,Oracle,Healer,US,Ruby Life Pools,7,1,968.4,20739,0,302.0,2026-08-21,0,-1,961.0,42.8
26097,57895,Mage,Arcane,Sunfury,DPS,US,Ruby Life Pools,7,1,968.4,170972,0,305.0,2026-08-21,0,-1,961.0,42.8
26097,11496,DemonHunter,Vengeance,Annihilator,Tank,US,Ruby Life Pools,7,1,968.4,102088,0,312.0,2026-08-21,0,-1,961.0,42.8
26097,41274,Warlock,Demonology,Diabolist,DPS,US,Ruby Life Pools,7,1,968.4,273188,0,305.0,2026-08-21,0,-1,961.0,42.8
26098,57897,DeathKnight,Blood,San'layn,Tank,EU,Voidscar Arena,8,1,1031.3,84539,0,292.0,2026-08-21,0,-1,1037.0,42.4
26098,57900,Shaman,Enhancement,Stormbringer,DPS,EU,Voidscar Arena,8,1,1031.3,230419,1,302.0,2026-08-21,0,-1,1037.0,42.4
26098,57901,Hunter,Survival,Pack Leader,DPS,EU,Voidscar Arena,8,1,1031.3,163373,1,293.0,2026-08-21,0,-1,1037.0,42.4
26098,57898,Paladin,Holy,Herald of the Sun,Healer,EU,Voidscar Arena,8,1,1031.3,4797,0,306.0,2026-08-21,0,-1,1037.0,42.4
26098,57899,Warrior,Arms,Slayer,DPS,EU,Voidscar Arena,8,1,1031.3,172223,1,292.0,2026-08-21,0,-1,1037.0,42.4
26104,57908,Rogue,Assassination,Deathstalker,DPS,EU,Altar of Fangs,12,1,1467.3,230605,1,304.0,2026-08-21,0,-1,1473.0,18.2
26104,17752,Monk,Mistweaver,Conduit of the Celestials,Healer,EU,Altar of Fangs,12,1,1467.3,55808,0,295.0,2026-08-21,0,-1,1473.0,18.2
26104,17753,Warrior,Arms,Slayer,DPS,EU,Altar of Fangs,12,1,1467.3,253483,0,298.0,2026-08-21,0,-1,1473.0,18.2
26104,57907,DeathKnight,Blood,San'layn,Tank,EU,Altar of Fangs,12,1,1467.3,118553,0,307.0,2026-08-21,0,-1,1473.0,18.2
26104,17754,Mage,Arcane,Sunfury,DPS,EU,Altar of Fangs,12,1,1467.3,212104,0,301.0,2026-08-21,0,-1,1473.0,18.2
26107,24202,Warrior,Arms,Slayer,DPS,EU,Den of Nalorakk,14,1,1830.3,186662,2,296.0,2026-08-20,0,-1,1913.0,0.3
26107,18491,DeathKnight,Blood,San'layn,Tank,EU,Den of Nalorakk,14,1,1830.3,115657,0,301.0,2026-08-20,0,-1,1913.0,0.3
26107,18492,Shaman,Restoration,Totemic,Healer,EU,Den of Nalorakk,14,1,1830.3,22092,1,300.0,2026-08-20,0,-1,1913.0,0.3
26107,18494,Druid,Feral,Druid of the Claw,DPS,EU,Den of Nalorakk,14,1,1830.3,161743,2,294.0,2026-08-20,0,-1,1913.0,0.3
26107,52738,Paladin,Retribution,Templar,DPS,EU,Den of Nalorakk,14,1,1830.3,215809,1,305.0,2026-08-20,0,-1,1913.0,0.3
26108,57913,Hunter,Marksmanship,Sentinel,DPS,US,Murder Row,12,1,1590.5,183254,0,300.0,2026-08-20,0,-1,1597.0,21.7
26108,39573,Druid,Balance,Elune's Chosen,DPS,US,Murder Row,12,1,1590.5,187045,0,297.0,2026-08-20,0,-1,1597.0,21.7
26108,57912,DeathKnight,Blood,Deathbringer,Tank,US,Murder Row,12,1,1590.5,103186,0,298.0,2026-08-20,0,-1,1597.0,21.7
26108,1210,Priest,Holy,Oracle,Healer,US,Murder Row,12,1,1590.5,39717,0,301.0,2026-08-20,0,-1,1597.0,21.7
26108,57914,Mage,Arcane,Sunfury,DPS,US,Murder Row,12,1,1590.5,212609,0,304.0,2026-08-20,0,-1,1597.0,21.7
26109,57916,Shaman,Restoration,Totemic,Healer,EU,Temple of Sethraliss,11,1,1268.5,18200,2,300.0,2026-08-22,0,-1,1270.0,33.9
26109,57915,DeathKnight,Blood,San'layn,Tank,EU,Temple of Sethraliss,11,1,1268.5,122542,0,307.0,2026-08-22,0,-1,1270.0,33.9
26109,57917,Mage,Arcane,Sunfury,DPS,EU,Temple of Sethraliss,11,1,1268.5,223009,0,309.0,2026-08-22,0,-1,1270.0,33.9
26109,37526,Paladin,Retribution,Templar,DPS,EU,Temple of Sethraliss,11,1,1268.5,223615,0,302.0,2026-08-22,0,-1,1270.0,33.9
26109,57918,Druid,Balance,Elune's Chosen,DPS,EU,Temple of Sethraliss,11,1,1268.5,221539,0,301.0,2026-08-22,0,-1,1270.0,33.9
26116,57933,Paladin,Protection,Templar,Tank,US,Den of Nalorakk,5,1,1061.2,80583,0,291.0,2026-08-21,0,-1,1052.0,45.2
26116,57935,DemonHunter,Devourer,Annihilator,DPS,US,Den of Nalorakk,5,1,1061.2,129569,0,294.0,2026-08-21,0,-1,1052.0,45.2
26116,57937,Warrior,Arms,Slayer,DPS,US,Den of Nalorakk,5,1,1061.2,110048,0,293.0,2026-08-21,0,-1,1052.0,45.2
26116,57934,Druid,Restoration,Keeper of the Grove,Healer,US,Den of Nalorakk,5,1,1061.2,21631,0,283.0,2026-08-21,0,-1,1052.0,45.2
26116,57936,Mage,Arcane,Sunfury,DPS,US,Den of Nalorakk,5,1,1061.2,162140,0,302.0,2026-08-21,0,-1,1052.0,45.2
26119,16527,Warrior,Arms,Slayer,DPS,EU,Altar of Fangs,13,1,1679.6,257241,2,307.0,2026-08-20,0,-1,1776.0,1.3
26119,16525,Paladin,Holy,Herald of the Sun,Healer,EU,Altar of Fangs,13,1,1679.6,52656,1,310.0,2026-08-20,0,-1,1776.0,1.3
26119,16524,Paladin,Protection,Lightsmith,Tank,EU,Altar of Fangs,13,1,1679.6,132136,1,303.0,2026-08-20,0,-1,1776.0,1.3
26119,23156,DemonHunter,Devourer,Void-Scarred,DPS,EU,Altar of Fangs,13,1,1679.6,207118,1,305.0,2026-08-20,0,-1,1776.0,1.3
26119,57940,Druid,Balance,Elune's Chosen,DPS,EU,Altar of Fangs,13,1,1679.6,232184,2,297.0,2026-08-20,0,-1,1776.0,1.3
26120,50194,DeathKnight,Blood,San'layn,Tank,US,Den of Nalorakk,10,1,1247.8,119297,0,307.0,2026-08-22,0,-1,1240.0,35.4
26120,55172,Paladin,Holy,Herald of the Sun,Healer,US,Den of Nalorakk,10,1,1247.8,32554,0,293.0,2026-08-22,0,-1,1240.0,35.4
26120,57942,Mage,Arcane,Sunfury,DPS,US,Den of Nalorakk,10,1,1247.8,151473,0,295.0,2026-08-22,0,-1,1240.0,35.4
26120,11131,Warrior,Arms,Slayer,DPS,US,Den of Nalorakk,10,1,1247.8,195832,0,306.0,2026-08-22,0,-1,1240.0,35.4
26120,57941,Rogue,Assassination,Deathstalker,DPS,US,Den of Nalorakk,10,1,1247.8,178688,0,307.0,2026-08-22,0,-1,1240.0,35.4
26129,57959,Paladin,Protection,Lightsmith,Tank,US,Kings' Rest,9,1,1183.0,62905,0,289.0,2026-08-21,0,-1,1180.0,40.4
26129,57962,DemonHunter,Devourer,Void-Scarred,DPS,US,Kings' Rest,9,1,1183.0,144383,1,304.0,2026-08-21,0,-1,1180.0,40.4
26129,5468,Shaman,Elemental,Farseer,DPS,US,Kings' Rest,9,1,1183.0,137005,0,299.0,2026-08-21,0,-1,1180.0,40.4
26129,57960,Shaman,Restoration,Totemic,Healer,US,Kings' Rest,9,1,1183.0,36074,0,297.0,2026-08-21,0,-1,1180.0,40.4
26129,57961,Hunter,BeastMastery,Pack Leader,DPS,US,Kings' Rest,9,1,1183.0,158530,0,309.0,2026-08-21,0,-1,1180.0,40.4
26130,14783,DeathKnight,Blood,Deathbringer,Tank,US,Altar of Fangs,11,1,1249.9,126622,0,303.0,2026-08-20,0,-1,1242.0,31.0
26130,14784,Warrior,Arms,Slayer,DPS,US,Altar of Fangs,11,1,1249.9,250390,0,296.0,2026-08-20,0,-1,1242.0,31.0
26130,57963,Evoker,Devastation,Scalecommander,DPS,US,Altar of Fangs,11,1,1249.9,279332,0,310.0,2026-08-20,0,-1,1242.0,31.0
26130,6447,Rogue,Subtlety,Trickster,DPS,US,Altar of Fangs,11,1,1249.9,244630,0,302.0,2026-08-20,0,-1,1242.0,31.0
26130,16308,Paladin,Holy,Herald of the Sun,Healer,US,Altar of Fangs,11,1,1249.9,28455,0,298.0,2026-08-20,0,-1,1242.0,31.0
26131,56682,DeathKnight,Blood,San'layn,Tank,EU,Altar of Fangs,10,1,1090.6,184535,0,309.0,2026-08-21,0,-1,1088.0,39.6
26131,56685,Warrior,Arms,Slayer,DPS,EU,Altar of Fangs,10,1,1090.6,250328,0,302.0,2026-08-21,0,-1,1088.0,39.6
26131,57964,Shaman,Restoration,Totemic,Healer,EU,Altar of Fangs,10,1,1090.6,28644,0,308.0,2026-08-21,0,-1,1088.0,39.6
26131,56686,Monk,Windwalker,Shado-Pan,DPS,EU,Altar of Fangs,10,1,1090.6,239894,0,306.0,2026-08-21,0,-1,1088.0,39.6
26131,56684,Rogue,Subtlety,Deathstalker,DPS,EU,Altar of Fangs,10,1,1090.6,268874,1,305.0,2026-08-21,0,-1,1088.0,39.6
26132,57968,Hunter,BeastMastery,Pack Leader,DPS,EU,Temple of Sethraliss,10,1,1111.5,194938,0,299.0,2026-08-21,0,-1,1103.0,42.6
26132,57969,Warlock,Demonology,Diabolist,DPS,EU,Temple of Sethraliss,10,1,1111.5,264054,0,302.0,2026-08-21,0,-1,1103.0,42.6
26132,57966,Paladin,Holy,Herald of the Sun,Healer,EU,Temple of Sethraliss,10,1,1111.5,12205,0,304.0,2026-08-21,0,-1,1103.0,42.6
26132,57967,Druid,Balance,Elune's Chosen,DPS,EU,Temple of Sethraliss,10,1,1111.5,207838,0,305.0,2026-08-21,0,-1,1103.0,42.6
26132,57965,Monk,Brewmaster,Master of Harmony,Tank,EU,Temple of Sethraliss,10,1,1111.5,106165,0,299.0,2026-08-21,0,-1,1103.0,42.6
26138,57986,Shaman,Restoration,Unknown,Healer,CN,Temple of Sethraliss,2,1,1152.7,18116,0,287.0,2026-08-22,0,-1,1144.0,40.4
26138,57988,Mage,Arcane,Unknown,DPS,CN,Temple of Sethraliss,2,1,1152.7,118774,0,294.0,2026-08-22,0,-1,1144.0,40.4
26138,57985,Paladin,Protection,Unknown,Tank,CN,Temple of Sethraliss,2,1,1152.7,56555,0,279.0,2026-08-22,0,-1,1144.0,40.4
26138,57987,Shaman,Elemental,Unknown,DPS,CN,Temple of Sethraliss,2,1,1152.7,106783,0,290.0,2026-08-22,0,-1,1144.0,40.4
26138,57989,Mage,Arcane,Unknown,DPS,CN,Temple of Sethraliss,2,1,1152.7,81699,0,254.0,2026-08-22,0,-1,1144.0,40.4
26139,3532,Warrior,Arms,Slayer,DPS,US,Voidscar Arena,12,1,1416.2,195237,0,303.0,2026-08-21,0,-1,1423.0,20.9
26139,6645,Priest,Holy,Oracle,Healer,US,Voidscar Arena,12,1,1416.2,24804,0,300.0,2026-08-21,0,-1,1423.0,20.9
26139,53591,Warrior,Protection,Mountain Thane,Tank,US,Voidscar Arena,12,1,1416.2,102197,0,300.0,2026-08-21,0,-1,1423.0,20.9
26139,1283,Hunter,BeastMastery,Pack Leader,DPS,US,Voidscar Arena,12,1,1416.2,182905,0,305.0,2026-08-21,0,-1,1423.0,20.9
26139,53590,Mage,Arcane,Sunfury,DPS,US,Voidscar Arena,12,1,1416.2,174063,0,298.0,2026-08-21,0,-1,1423.0,20.9
26141,57992,Rogue,Subtlety,Deathstalker,DPS,US,Den of Nalorakk,10,1,1233.9,193322,0,301.0,2026-08-20,0,-1,1225.0,36.2
26141,41424,Warrior,Arms,Slayer,DPS,US,Den of Nalorakk,10,1,1233.9,190687,0,287.0,2026-08-20,0,-1,1225.0,36.2
26141,37625,Mage,Fire,Sunfury,DPS,US,Den of Nalorakk,10,1,1233.9,249899,0,301.0,2026-08-20,0,-1,1225.0,36.2
26141,57990,Druid,Guardian,Elune's Chosen,Tank,US,Den of Nalorakk,10,1,1233.9,72888,0,289.0,2026-08-20,0,-1,1225.0,36.2
26141,57991,Monk,Mistweaver,Conduit of the Celestials,Healer,US,Den of Nalorakk,10,1,1233.9,38542,0,296.0,2026-08-20,0,-1,1225.0,36.2
26143,56009,Shaman,Elemental,Unknown,DPS,EU,Kings' Rest,10,1,1220.3,172878,0,298.0,2026-08-21,0,-1,1222.0,38.3
26143,56008,Hunter,Survival,Unknown,DPS,EU,Kings' Rest,10,1,1220.3,136322,0,302.0,2026-08-21,0,-1,1222.0,38.3
26143,56010,Mage,Arcane,Unknown,DPS,EU,Kings' Rest,10,1,1220.3,192241,1,306.0,2026-08-21,0,-1,1222.0,38.3
26143,56006,Monk,Brewmaster,Unknown,Tank,EU,Kings' Rest,10,1,1220.3,74174,1,299.0,2026-08-21,0,-1,1222.0,38.3
26143,56007,Paladin,Holy,Unknown,Healer,EU,Kings' Rest,10,1,1220.3,16036,0,297.0,2026-08-21,0,-1,1222.0,38.3
26148,55372,Hunter,Marksmanship,Sentinel,DPS,US,Ruby Life Pools,10,1,963.6,234443,0,296.0,2026-08-20,0,-1,955.0,43.2
26148,37687,DeathKnight,Blood,San'layn,Tank,US,Ruby Life Pools,10,1,963.6,161513,0,298.0,2026-08-20,0,-1,955.0,43.2
26148,55370,Shaman,Restoration,Totemic,Healer,US,Ruby Life Pools,10,1,963.6,23732,0,294.0,2026-08-20,0,-1,955.0,43.2
26148,55371,Warrior,Arms,Slayer,DPS,US,Ruby Life Pools,10,1,963.6,245286,0,300.0,2026-08-20,0,-1,955.0,43.2
26148,37689,Hunter,BeastMastery,Pack Leader,DPS,US,Ruby Life Pools,10,1,963.6,234541,0,298.0,2026-08-20,0,-1,955.0,43.2
26153,26804,Shaman,Enhancement,Stormbringer,DPS,EU,Ruby Life Pools,10,1,980.6,258395,1,311.0,2026-08-20,0,-1,987.0,41.2
26153,26806,Warlock,Demonology,Diabolist,DPS,EU,Ruby Life Pools,10,1,980.6,227110,2,303.0,2026-08-20,0,-1,987.0,41.2
26153,26802,DeathKnight,Blood,San'layn,Tank,EU,Ruby Life Pools,10,1,980.6,154078,0,305.0,2026-08-20,0,-1,987.0,41.2
26153,26803,Shaman,Restoration,Totemic,Healer,EU,Ruby Life Pools,10,1,980.6,25034,0,300.0,2026-08-20,0,-1,987.0,41.2
26153,26805,Mage,Arcane,Sunfury,DPS,EU,Ruby Life Pools,10,1,980.6,279240,0,310.0,2026-08-20,0,-1,987.0,41.2
26157,596,Rogue,Assassination,Deathstalker,DPS,US,Den of Nalorakk,12,1,1532.2,205497,0,311.0,2026-08-22,0,-1,1524.0,20.7
26157,58019,Paladin,Holy,Herald of the Sun,Healer,US,Den of Nalorakk,12,1,1532.2,22452,0,310.0,2026-08-22,0,-1,1524.0,20.7
26157,58021,Hunter,BeastMastery,Pack Leader,DPS,US,Den of Nalorakk,12,1,1532.2,159757,0,308.0,2026-08-22,0,-1,1524.0,20.7
26157,58020,DemonHunter,Devourer,Void-Scarred,DPS,US,Den of Nalorakk,12,1,1532.2,149251,0,302.0,2026-08-22,0,-1,1524.0,20.7
26157,58018,DeathKnight,Blood,San'layn,Tank,US,Den of Nalorakk,12,1,1532.2,115632,0,302.0,2026-08-22,0,-1,1524.0,20.7
26159,38773,Evoker,Devastation,Scalecommander,DPS,EU,Den of Nalorakk,11,1,1420.0,160220,1,300.0,2026-08-21,0,-1,1426.0,25.7
26159,13852,Warrior,Protection,Mountain Thane,Tank,EU,Den of Nalorakk,11,1,1420.0,131126,0,300.0,2026-08-21,0,-1,1426.0,25.7
26159,13850,Mage,Arcane,Sunfury,DPS,EU,Den of Nalorakk,11,1,1420.0,221908,0,305.0,2026-08-21,0,-1,1426.0,25.7
26159,58023,DeathKnight,Unholy,Rider of the Apocalypse,DPS,EU,Den of Nalorakk,11,1,1420.0,154544,1,298.0,2026-08-21,0,-1,1426.0,25.7
26159,13882,Shaman,Restoration,Totemic,Healer,EU,Den of Nalorakk,11,1,1420.0,42020,1,305.0,2026-08-21,0,-1,1426.0,25.7
26160,58025,Priest,Discipline,Oracle,Healer,US,Temple of Sethraliss,4,1,1101.6,16880,0,293.0,2026-08-20,0,-1,1093.0,43.1
26160,5971,Warrior,Fury,Mountain Thane,DPS,US,Temple of Sethraliss,4,1,1101.6,153034,0,292.0,2026-08-20,0,-1,1093.0,43.1
26160,58027,Druid,Feral,Druid of the Claw,DPS,US,Temple of Sethraliss,4,1,1101.6,90670,0,285.0,2026-08-20,0,-1,1093.0,43.1
26160,58024,DeathKnight,Blood,San'layn,Tank,US,Temple of Sethraliss,4,1,1101.6,76227,0,289.0,2026-08-20,0,-1,1093.0,43.1
26160,58026,Hunter,Marksmanship,Sentinel,DPS,US,Temple of Sethraliss,4,1,1101.6,108792,0,298.0,2026-08-20,0,-1,1093.0,43.1
26170,58055,Druid,Balance,Elune's Chosen,DPS,US,The Blinding Vale,7,1,1061.5,199931,0,306.0,2026-08-21,0,-1,1053.0,41.5
26170,58051,Monk,Brewmaster,Shado-Pan,Tank,US,The Blinding Vale,7,1,1061.5,90576,0,302.0,2026-08-21,0,-1,1053.0,41.5
26170,58052,Shaman,Restoration,Totemic,Healer,US,The Blinding Vale,7,1,1061.5,32662,0,292.0,2026-08-21,0,-1,1053.0,41.5
26170,58053,DeathKnight,Frost,Deathbringer,DPS,US,The Blinding Vale,7,1,1061.5,175247,0,293.0,2026-08-21,0,-1,1053.0,41.5
26170,58054,DemonHunter,Devourer,Annihilator,DPS,US,The Blinding Vale,7,1,1061.5,162986,0,291.0,2026-08-21,0,-1,1053.0,41.5
26173,23644,Monk,Mistweaver,Conduit of the Celestials,Healer,EU,Temple of Sethraliss,13,1,1697.9,41712,0,297.0,2026-08-20,0,-1,1734.0,9.7
26173,48360,Shaman,Elemental,Farseer,DPS,EU,Temple of Sethraliss,13,1,1697.9,223785,0,305.0,2026-08-20,0,-1,1734.0,9.7
26173,58063,Paladin,Retribution,Templar,DPS,EU,Temple of Sethraliss,13,1,1697.9,161858,1,299.0,2026-08-20,0,-1,1734.0,9.7
26173,21187,Paladin,Protection,Templar,Tank,EU,Temple of Sethraliss,13,1,1697.9,94536,0,308.0,2026-08-20,0,-1,1734.0,9.7
26173,23647,Warrior,Arms,Slayer,DPS,EU,Temple of Sethraliss,13,1,1697.9,200740,2,303.0,2026-08-20,0,-1,1734.0,9.7
26183,57862,Hunter,BeastMastery,Pack Leader,DPS,US,Altar of Fangs,2,1,863.8,170321,0,301.0,2026-08-22,0,-1,855.0,52.5
26183,57861,Paladin,Retribution,Templar,DPS,US,Altar of Fangs,2,1,863.8,120337,0,294.0,2026-08-22,0,-1,855.0,52.5
26183,57859,DeathKnight,Blood,San'layn,Tank,US,Altar of Fangs,2,1,863.8,84221,0,296.0,2026-08-22,0,-1,855.0,52.5
26183,57863,Shaman,Elemental,Farseer,DPS,US,Altar of Fangs,2,1,863.8,132000,0,293.0,2026-08-22,0,-1,855.0,52.5
26183,57860,Shaman,Restoration,Totemic,Healer,US,Altar of Fangs,2,1,863.8,18915,0,258.0,2026-08-22,0,-1,855.0,52.5
26184,35835,DemonHunter,Devourer,Void-Scarred,DPS,US,Den of Nalorakk,10,1,1212.7,191619,2,308.0,2026-08-21,0,-1,1224.0,36.3
26184,16194,DeathKnight,Unholy,Rider of the Apocalypse,DPS,US,Den of Nalorakk,10,1,1212.7,202584,0,308.0,2026-08-21,0,-1,1224.0,36.3
26184,58080,Shaman,Restoration,Totemic,Healer,US,Den of Nalorakk,10,1,1212.7,15825,1,298.0,2026-08-21,0,-1,1224.0,36.3
26184,58081,Warlock,Demonology,Diabolist,DPS,US,Den of Nalorakk,10,1,1212.7,184031,1,300.0,2026-08-21,0,-1,1224.0,36.3
26184,16193,Druid,Guardian,Elune's Chosen,Tank,US,Den of Nalorakk,10,1,1212.7,111195,0,312.0,2026-08-21,0,-1,1224.0,36.3
26186,53965,Monk,Brewmaster,Shado-Pan,Tank,US,Temple of Sethraliss,2,1,1014.7,59526,0,287.0,2026-08-22,0,-1,1006.0,47.6
26186,38889,Rogue,Outlaw,Trickster,DPS,US,Temple of Sethraliss,2,1,1014.7,165812,0,297.0,2026-08-22,0,-1,1006.0,47.6
26186,58085,Warrior,Arms,Slayer,DPS,US,Temple of Sethraliss,2,1,1014.7,122678,1,293.0,2026-08-22,0,-1,1006.0,47.6
26186,53967,Mage,Arcane,Sunfury,DPS,US,Temple of Sethraliss,2,1,1014.7,59217,0,279.0,2026-08-22,0,-1,1006.0,47.6
26186,53966,Shaman,Restoration,Farseer,Healer,US,Temple of Sethraliss,2,1,1014.7,23402,0,286.0,2026-08-22,0,-1,1006.0,47.6
26198,14294,Shaman,Restoration,Totemic,Healer,EU,Temple of Sethraliss,10,1,1099.3,43201,1,306.0,2026-08-21,0,-1,1111.0,42.2
26198,14295,Hunter,Marksmanship,Sentinel,DPS,EU,Temple of Sethraliss,10,1,1099.3,194453,0,305.0,2026-08-21,0,-1,1111.0,42.2
26198,20050,Rogue,Subtlety,Deathstalker,DPS,EU,Temple of Sethraliss,10,1,1099.3,188742,3,303.0,2026-08-21,0,-1,1111.0,42.2
26198,14293,Paladin,Protection,Lightsmith,Tank,EU,Temple of Sethraliss,10,1,1099.3,113684,0,302.0,2026-08-21,0,-1,1111.0,42.2
26198,14297,Priest,Shadow,Archon,DPS,EU,Temple of Sethraliss,10,1,1099.3,293296,0,308.0,2026-08-21,0,-1,1111.0,42.2
26204,12807,Rogue,Subtlety,Deathstalker,DPS,EU,The Blinding Vale,10,1,1080.9,247844,0,310.0,2026-08-21,0,-1,1077.0,40.2
26204,58117,DeathKnight,Blood,San'layn,Tank,EU,The Blinding Vale,10,1,1080.9,122579,0,308.0,2026-08-21,0,-1,1077.0,40.2
26204,16707,Rogue,Assassination,Deathstalker,DPS,EU,The Blinding Vale,10,1,1080.9,239680,1,302.0,2026-08-21,0,-1,1077.0,40.2
26204,41354,Shaman,Elemental,Farseer,DPS,EU,The Blinding Vale,10,1,1080.9,219283,0,300.0,2026-08-21,0,-1,1077.0,40.2
26204,52997,Priest,Holy,Oracle,Healer,EU,The Blinding Vale,10,1,1080.9,30160,0,301.0,2026-08-21,0,-1,1077.0,40.2
26205,19148,DeathKnight,Blood,San'layn,Tank,EU,Voidscar Arena,10,1,990.9,141049,0,304.0,2026-08-21,0,-1,983.0,45.4
26205,13560,Druid,Restoration,Wildstalker,Healer,EU,Voidscar Arena,10,1,990.9,32651,0,306.0,2026-08-21,0,-1,983.0,45.4
26205,55798,DeathKnight,Unholy,San'layn,DPS,EU,Voidscar Arena,10,1,990.9,189577,0,301.0,2026-08-21,0,-1,983.0,45.4
26205,58118,Mage,Arcane,Sunfury,DPS,EU,Voidscar Arena,10,1,990.9,259338,0,312.0,2026-08-21,0,-1,983.0,45.4
26205,13491,Warlock,Demonology,Diabolist,DPS,EU,Voidscar Arena,10,1,990.9,230626,0,299.0,2026-08-21,0,-1,983.0,45.4
26206,58119,DeathKnight,Blood,San'layn,Tank,EU,Temple of Sethraliss,13,1,1652.2,102488,1,297.0,2026-08-21,0,-1,1764.0,8.1
26206,58122,Warrior,Arms,Slayer,DPS,EU,Temple of Sethraliss,13,1,1652.2,209058,2,294.0,2026-08-21,0,-1,1764.0,8.1
26206,17099,Shaman,Restoration,Farseer,Healer,EU,Temple of Sethraliss,13,1,1652.2,45685,1,306.0,2026-08-21,0,-1,1764.0,8.1
26206,58120,Rogue,Outlaw,Trickster,DPS,EU,Temple of Sethraliss,13,1,1652.2,210420,3,296.0,2026-08-21,0,-1,1764.0,8.1
26206,58121,Hunter,Survival,Pack Leader,DPS,EU,Temple of Sethraliss,13,1,1652.2,199448,1,306.0,2026-08-21,0,-1,1764.0,8.1
26208,38375,Hunter,BeastMastery,Pack Leader,DPS,US,Altar of Fangs,13,1,1746.8,208268,1,307.0,2026-08-22,0,-1,1754.0,2.6
26208,3090,Shaman,Restoration,Totemic,Healer,US,Altar of Fangs,13,1,1746.8,41527,0,308.0,2026-08-22,0,-1,1754.0,2.6
26208,13632,Rogue,Outlaw,Trickster,DPS,US,Altar of Fangs,13,1,1746.8,252094,0,305.0,2026-08-22,0,-1,1754.0,2.6
26208,58124,Paladin,Protection,Templar,Tank,US,Altar of Fangs,13,1,1746.8,102307,0,305.0,2026-08-22,0,-1,1754.0,2.6
26208,38374,Druid,Balance,Elune's Chosen,DPS,US,Altar of Fangs,13,1,1746.8,224290,0,302.0,2026-08-22,0,-1,1754.0,2.6
26209,14633,Paladin,Holy,Herald of the Sun,Healer,EU,Voidscar Arena,10,1,1068.3,19815,0,300.0,2026-08-20,0,-1,1065.0,40.8
26209,14634,Evoker,Devastation,Scalecommander,DPS,EU,Voidscar Arena,10,1,1068.3,199377,0,303.0,2026-08-20,0,-1,1065.0,40.8
26209,12726,Paladin,Protection,Lightsmith,Tank,EU,Voidscar Arena,10,1,1068.3,106991,1,296.0,2026-08-20,0,-1,1065.0,40.8
26209,12728,Mage,Arcane,Sunfury,DPS,EU,Voidscar Arena,10,1,1068.3,223993,0,301.0,2026-08-20,0,-1,1065.0,40.8
26209,12729,Warrior,Arms,Slayer,DPS,EU,Voidscar Arena,10,1,1068.3,189125,0,299.0,2026-08-20,0,-1,1065.0,40.8
26211,4003,Shaman,Elemental,Farseer,DPS,US,Voidscar Arena,12,1,1399.0,229160,2,300.0,2026-08-22,0,-1,1450.0,19.4
26211,4004,Evoker,Augmentation,Chronowarden,DPS,US,Voidscar Arena,12,1,1399.0,146360,1,307.0,2026-08-22,0,-1,1450.0,19.4
26211,52907,Shaman,Restoration,Totemic,Healer,US,Voidscar Arena,12,1,1399.0,27644,1,304.0,2026-08-22,0,-1,1450.0,19.4
26211,4002,Paladin,Retribution,Templar,DPS,US,Voidscar Arena,12,1,1399.0,194496,0,305.0,2026-08-22,0,-1,1450.0,19.4
26211,4001,DemonHunter,Vengeance,Annihilator,Tank,US,Voidscar Arena,12,1,1399.0,103179,0,308.0,2026-08-22,0,-1,1450.0,19.4
26222,58145,DeathKnight,Blood,Deathbringer,Tank,EU,Den of Nalorakk,10,1,1083.7,112747,0,296.0,2026-08-21,0,-1,1075.0,44.0
26222,25595,Evoker,Augmentation,Chronowarden,DPS,EU,Den of Nalorakk,10,1,1083.7,183645,0,303.0,2026-08-21,0,-1,1075.0,44.0
26222,12734,Shaman,Elemental,Farseer,DPS,EU,Den of Nalorakk,10,1,1083.7,226797,0,305.0,2026-08-21,0,-1,1075.0,44.0
26222,13787,Monk,Mistweaver,Conduit of the Celestials,Healer,EU,Den of Nalorakk,10,1,1083.7,45121,0,298.0,2026-08-21,0,-1,1075.0,44.0
26222,58146,Mage,Arcane,Sunfury,DPS,EU,Den of Nalorakk,10,1,1083.7,254631,0,304.0,2026-08-21,0,-1,1075.0,44.0
26226,58163,Shaman,Restoration,Totemic,Healer,EU,The Blinding Vale,10,1,1112.0,47731,0,303.0,2026-08-21,0,-1,1113.0,38.2
26226,15100,Rogue,Outlaw,Trickster,DPS,EU,The Blinding Vale,10,1,1112.0,249433,0,304.0,2026-08-21,0,-1,1113.0,38.2
26226,58165,Druid,Feral,Druid of the Claw,DPS,EU,The Blinding Vale,10,1,1112.0,214244,1,311.0,2026-08-21,0,-1,1113.0,38.2
26226,58164,Monk,Windwalker,Shado-Pan,DPS,EU,The Blinding Vale,10,1,1112.0,177379,1,304.0,2026-08-21,0,-1,1113.0,38.2
26226,58162,Warrior,Protection,Mountain Thane,Tank,EU,The Blinding Vale,10,1,1112.0,124384,0,304.0,2026-08-21,0,-1,1113.0,38.2
26227,38650,Shaman,Elemental,Farseer,DPS,EU,Den of Nalorakk,13,1,1755.9,205996,0,301.0,2026-08-20,0,-1,1778.0,7.4
26227,38649,Priest,Shadow,Archon,DPS,EU,Den of Nalorakk,13,1,1755.9,182377,1,304.0,2026-08-20,0,-1,1778.0,7.4
26227,18181,Paladin,Holy,Herald of the Sun,Healer,EU,Den of Nalorakk,13,1,1755.9,13752,0,306.0,2026-08-20,0,-1,1778.0,7.4
26227,18183,Druid,Balance,Elune's Chosen,DPS,EU,Den of Nalorakk,13,1,1755.9,143909,1,299.0,2026-08-20,0,-1,1778.0,7.4
26227,18180,DeathKnight,Blood,San'layn,Tank,EU,Den of Nalorakk,13,1,1755.9,108832,0,307.0,2026-08-20,0,-1,1778.0,7.4
26230,2007,Shaman,Restoration,Totemic,Healer,US,Den of Nalorakk,10,1,1249.7,35775,0,307.0,2026-08-20,0,-1,1241.0,35.4
26230,2005,Paladin,Protection,Lightsmith,Tank,US,Den of Nalorakk,10,1,1249.7,94688,0,309.0,2026-08-20,0,-1,1241.0,35.4
26230,1450,Warlock,Destruction,Diabolist,DPS,US,Den of Nalorakk,10,1,1249.7,219082,0,304.0,2026-08-20,0,-1,1241.0,35.4
26230,2006,Evoker,Augmentation,Chronowarden,DPS,US,Den of Nalorakk,10,1,1249.7,161583,0,303.0,2026-08-20,0,-1,1241.0,35.4
26230,1449,Mage,Arcane,Sunfury,DPS,US,Den of Nalorakk,10,1,1249.7,212418,0,307.0,2026-08-20,0,-1,1241.0,35.4
26232,58178,Paladin,Holy,Lightsmith,Healer,EU,Voidscar Arena,11,1,1142.8,38345,1,305.0,2026-08-21,0,-1,1145.0,36.4
26232,58181,Hunter,Marksmanship,Sentinel,DPS,EU,Voidscar Arena,11,1,1142.8,191031,0,297.0,2026-08-21,0,-1,1145.0,36.4
26232,58179,Warlock,Demonology,Diabolist,DPS,EU,Voidscar Arena,11,1,1142.8,230912,0,305.0,2026-08-21,0,-1,1145.0,36.4
26232,58180,Shaman,Enhancement,Stormbringer,DPS,EU,Voidscar Arena,11,1,1142.8,190974,1,296.0,2026-08-21,0,-1,1145.0,36.4
26232,58177,Druid,Guardian,Elune's Chosen,Tank,EU,Voidscar Arena,11,1,1142.8,107326,0,308.0,2026-08-21,0,-1,1145.0,36.4
26234,55466,DeathKnight,Blood,San'layn,Tank,US,Den of Nalorakk,13,1,1766.9,124104,0,307.0,2026-08-21,0,-1,1758.0,8.4
26234,55467,Priest,Holy,Oracle,Healer,US,Den of Nalorakk,13,1,1766.9,12707,0,305.0,2026-08-21,0,-1,1758.0,8.4
26234,55469,DemonHunter,Havoc,Aldrachi Reaver,DPS,US,Den of Nalorakk,13,1,1766.9,170912,0,306.0,2026-08-21,0,-1,1758.0,8.4
26234,24681,Mage,Arcane,Sunfury,DPS,US,Den of Nalorakk,13,1,1766.9,188333,0,311.0,2026-08-21,0,-1,1758.0,8.4
26234,55468,DeathKnight,Unholy,Rider of the Apocalypse,DPS,US,Den of Nalorakk,13,1,1766.9,162800,0,292.0,2026-08-21,0,-1,1758.0,8.4
26237,57914,Mage,Arcane,Sunfury,DPS,US,Ruby Life Pools,12,1,1376.3,193192,1,302.0,2026-08-20,0,-1,1398.0,16.8
26237,39573,Druid,Balance,Keeper of the Grove,DPS,US,Ruby Life Pools,12,1,1376.3,157524,0,297.0,2026-08-20,0,-1,1398.0,16.8
26237,29766,DemonHunter,Havoc,Fel-Scarred,DPS,US,Ruby Life Pools,12,1,1376.3,162816,0,307.0,2026-08-20,0,-1,1398.0,16.8
26237,1210,Priest,Holy,Oracle,Healer,US,Ruby Life Pools,12,1,1376.3,38708,0,301.0,2026-08-20,0,-1,1398.0,16.8
26237,57912,DeathKnight,Blood,Deathbringer,Tank,US,Ruby Life Pools,12,1,1376.3,95682,0,297.0,2026-08-20,0,-1,1398.0,16.8
26242,58191,Paladin,Protection,Lightsmith,Tank,KR,Altar of Fangs,8,1,1135.8,90698,0,295.0,2026-08-22,0,-1,1128.0,37.3
26242,58193,Rogue,Subtlety,Deathstalker,DPS,KR,Altar of Fangs,8,1,1135.8,200757,0,296.0,2026-08-22,0,-1,1128.0,37.3
26242,58192,Shaman,Restoration,Totemic,Healer,KR,Altar of Fangs,8,1,1135.8,18929,0,296.0,2026-08-22,0,-1,1128.0,37.3
26242,58194,DeathKnight,Unholy,San'layn,DPS,KR,Altar of Fangs,8,1,1135.8,236990,0,304.0,2026-08-22,0,-1,1128.0,37.3
26242,58195,Warrior,Arms,Slayer,DPS,KR,Altar of Fangs,8,1,1135.8,211825,0,307.0,2026-08-22,0,-1,1128.0,37.3
26251,6416,Shaman,Restoration,Totemic,Healer,US,Voidscar Arena,13,1,1496.5,34782,2,306.0,2026-08-22,0,-1,1608.0,10.7
26251,10488,DeathKnight,Blood,Deathbringer,Tank,US,Voidscar Arena,13,1,1496.5,106422,1,297.0,2026-08-22,0,-1,1608.0,10.7
26251,8618,DemonHunter,Devourer,Annihilator,DPS,US,Voidscar Arena,13,1,1496.5,218321,1,307.0,2026-08-22,0,-1,1608.0,10.7
26251,3314,Mage,Arcane,Sunfury,DPS,US,Voidscar Arena,13,1,1496.5,237069,2,312.0,2026-08-22,0,-1,1608.0,10.7
26251,821,Monk,Windwalker,Shado-Pan,DPS,US,Voidscar Arena,13,1,1496.5,222100,2,311.0,2026-08-22,0,-1,1608.0,10.7
26253,13155,Druid,Guardian,Elune's Chosen,Tank,US,Den of Nalorakk,13,1,1671.4,85111,0,300.0,2026-08-21,0,-1,1738.0,9.5
26253,13156,Shaman,Restoration,Totemic,Healer,US,Den of Nalorakk,13,1,1671.4,16243,1,296.0,2026-08-21,0,-1,1738.0,9.5
26253,52320,DeathKnight,Unholy,San'layn,DPS,US,Den of Nalorakk,13,1,1671.4,207053,0,299.0,2026-08-21,0,-1,1738.0,9.5
26253,6178,Warrior,Arms,Slayer,DPS,US,Den of Nalorakk,13,1,1671.4,205566,1,308.0,2026-08-21,0,-1,1738.0,9.5
26253,52321,Paladin,Retribution,Herald of the Sun,DPS,US,Den of Nalorakk,13,1,1671.4,194486,3,306.0,2026-08-21,0,-1,1738.0,9.5
26261,23085,Mage,Arcane,Sunfury,DPS,EU,Altar of Fangs,13,1,1702.7,224716,0,307.0,2026-08-20,0,-1,1694.0,5.9
26261,24051,Priest,Shadow,Voidweaver,DPS,EU,Altar of Fangs,13,1,1702.7,271282,0,304.0,2026-08-20,0,-1,1694.0,5.9
26261,23087,Druid,Balance,Elune's Chosen,DPS,EU,Altar of Fangs,13,1,1702.7,237366,0,304.0,2026-08-20,0,-1,1694.0,5.9
26261,25227,DeathKnight,Blood,Deathbringer,Tank,EU,Altar of Fangs,13,1,1702.7,126978,0,305.0,2026-08-20,0,-1,1694.0,5.9
26261,43838,Shaman,Restoration,Totemic,Healer,EU,Altar of Fangs,13,1,1702.7,28303,0,301.0,2026-08-20,0,-1,1694.0,5.9
26263,57073,Druid,Guardian,Elune's Chosen,Tank,US,Altar of Fangs,10,1,1021.8,142062,0,305.0,2026-08-20,0,-1,1023.0,43.2
26263,57074,Shaman,Restoration,Totemic,Healer,US,Altar of Fangs,10,1,1021.8,39520,0,297.0,2026-08-20,0,-1,1023.0,43.2
26263,13233,Warrior,Arms,Slayer,DPS,US,Altar of Fangs,10,1,1021.8,269449,1,308.0,2026-08-20,0,-1,1023.0,43.2
26263,57075,Monk,Windwalker,Shado-Pan,DPS,US,Altar of Fangs,10,1,1021.8,320295,0,306.0,2026-08-20,0,-1,1023.0,43.2
26263,57076,DemonHunter,Devourer,Void-Scarred,DPS,US,Altar of Fangs,10,1,1021.8,261206,1,302.0,2026-08-20,0,-1,1023.0,43.2
26270,14393,Shaman,Restoration,Totemic,Healer,EU,Den of Nalorakk,10,1,1052.9,19938,0,299.0,2026-08-21,0,-1,1044.0,45.6
26270,14396,Druid,Balance,Elune's Chosen,DPS,EU,Den of Nalorakk,10,1,1052.9,216471,0,304.0,2026-08-21,0,-1,1044.0,45.6
26270,14392,DeathKnight,Blood,San'layn,Tank,EU,Den of Nalorakk,10,1,1052.9,145076,0,310.0,2026-08-21,0,-1,1044.0,45.6
26270,14394,Shaman,Elemental,Farseer,DPS,EU,Den of Nalorakk,10,1,1052.9,171376,0,304.0,2026-08-21,0,-1,1044.0,45.6
26270,43574,Warrior,Arms,Slayer,DPS,EU,Den of Nalorakk,10,1,1052.9,207083,0,303.0,2026-08-21,0,-1,1044.0,45.6
26271,1099,DeathKnight,Blood,San'layn,Tank,US,Ruby Life Pools,12,1,1376.8,128925,0,302.0,2026-08-21,0,-1,1398.0,16.8
26271,3552,Evoker,Devastation,Scalecommander,DPS,US,Ruby Life Pools,12,1,1376.8,211712,1,299.0,2026-08-21,0,-1,1398.0,16.8
26271,9520,Paladin,Holy,Herald of the Sun,Healer,US,Ruby Life Pools,12,1,1376.8,19617,1,297.0,2026-08-21,0,-1,1398.0,16.8
26271,16928,Hunter,Survival,Sentinel,DPS,US,Ruby Life Pools,12,1,1376.8,191780,0,295.0,2026-08-21,0,-1,1398.0,16.8
26271,1102,Warrior,Arms,Slayer,DPS,US,Ruby Life Pools,12,1,1376.8,247636,0,304.0,2026-08-21,0,-1,1398.0,16.8
26275,18791,Druid,Balance,Elune's Chosen,DPS,US,Ruby Life Pools,13,1,1495.5,208788,0,306.0,2026-08-21,0,-1,1517.0,9.7
26275,8320,Warrior,Arms,Slayer,DPS,US,Ruby Life Pools,13,1,1495.5,263471,1,306.0,2026-08-21,0,-1,1517.0,9.7
26275,10655,DemonHunter,Havoc,Fel-Scarred,DPS,US,Ruby Life Pools,13,1,1495.5,178640,1,297.0,2026-08-21,0,-1,1517.0,9.7
26275,51,Evoker,Preservation,Flameshaper,Healer,US,Ruby Life Pools,13,1,1495.5,71470,0,305.0,2026-08-21,0,-1,1517.0,9.7
26275,50,Paladin,Protection,Lightsmith,Tank,US,Ruby Life Pools,13,1,1495.5,112145,0,307.0,2026-08-21,0,-1,1517.0,9.7
26279,13367,DemonHunter,Devourer,Void-Scarred,DPS,US,Murder Row,7,1,996.3,205745,0,309.0,2026-08-20,0,-1,988.0,51.6
26279,58244,Evoker,Augmentation,Scalecommander,DPS,US,Murder Row,7,1,996.3,148490,0,300.0,2026-08-20,0,-1,988.0,51.6
26279,757,Druid,Guardian,Elune's Chosen,Tank,US,Murder Row,7,1,996.3,98743,0,299.0,2026-08-20,0,-1,988.0,51.6
26279,38955,Evoker,Preservation,Flameshaper,Healer,US,Murder Row,7,1,996.3,61911,0,303.0,2026-08-20,0,-1,988.0,51.6
26279,1797,Hunter,Marksmanship,Sentinel,DPS,US,Murder Row,7,1,996.3,189849,0,306.0,2026-08-20,0,-1,988.0,51.6
26284,58260,Mage,Frost,Spellslinger,DPS,EU,Ruby Life Pools,4,1,927.8,133536,0,294.0,2026-08-21,0,-1,919.0,45.3
26284,58259,Mage,Arcane,Sunfury,DPS,EU,Ruby Life Pools,4,1,927.8,105311,0,289.0,2026-08-21,0,-1,919.0,45.3
26284,58258,Shaman,Enhancement,Totemic,DPS,EU,Ruby Life Pools,4,1,927.8,147598,0,294.0,2026-08-21,0,-1,919.0,45.3
26284,58257,Druid,Restoration,Keeper of the Grove,Healer,EU,Ruby Life Pools,4,1,927.8,5309,0,287.0,2026-08-21,0,-1,919.0,45.3
26284,58256,DeathKnight,Blood,Deathbringer,Tank,EU,Ruby Life Pools,4,1,927.8,87972,0,301.0,2026-08-21,0,-1,919.0,45.3
26292,58201,Paladin,Holy,Herald of the Sun,Healer,US,Kings' Rest,11,1,1205.0,29795,0,309.0,2026-08-22,0,-1,1207.0,39.1
26292,55589,Mage,Arcane,Sunfury,DPS,US,Kings' Rest,11,1,1205.0,216506,0,309.0,2026-08-22,0,-1,1207.0,39.1
26292,58202,Druid,Balance,Elune's Chosen,DPS,US,Kings' Rest,11,1,1205.0,117312,2,291.0,2026-08-22,0,-1,1207.0,39.1
26292,4319,Warrior,Arms,Slayer,DPS,US,Kings' Rest,11,1,1205.0,189352,0,309.0,2026-08-22,0,-1,1207.0,39.1
26292,4050,DeathKnight,Blood,San'layn,Tank,US,Kings' Rest,11,1,1205.0,110582,0,309.0,2026-08-22,0,-1,1207.0,39.1
26299,58274,Shaman,Enhancement,Stormbringer,DPS,EU,Voidscar Arena,10,1,1029.8,192630,0,300.0,2026-08-21,0,-1,1021.0,43.3
26299,55064,Paladin,Holy,Herald of the Sun,Healer,EU,Voidscar Arena,10,1,1029.8,11199,0,295.0,2026-08-21,0,-1,1021.0,43.3
26299,55065,Priest,Shadow,Archon,DPS,EU,Voidscar Arena,10,1,1029.8,242918,0,308.0,2026-08-21,0,-1,1021.0,43.3
26299,55063,DemonHunter,Vengeance,Annihilator,Tank,EU,Voidscar Arena,10,1,1029.8,118500,0,310.0,2026-08-21,0,-1,1021.0,43.3
26299,55067,Druid,Balance,Elune's Chosen,DPS,EU,Voidscar Arena,10,1,1029.8,215361,0,307.0,2026-08-21,0,-1,1021.0,43.3
26302,13953,Mage,Arcane,Sunfury,DPS,US,Den of Nalorakk,10,1,1057.4,215836,0,302.0,2026-08-21,0,-1,1069.0,44.3
26302,58282,Paladin,Protection,Lightsmith,Tank,US,Den of Nalorakk,10,1,1057.4,120042,0,296.0,2026-08-21,0,-1,1069.0,44.3
26302,58283,Shaman,Enhancement,Stormbringer,DPS,US,Den of Nalorakk,10,1,1057.4,181120,3,295.0,2026-08-21,0,-1,1069.0,44.3
26302,52591,DemonHunter,Devourer,Annihilator,DPS,US,Den of Nalorakk,10,1,1057.4,236058,1,302.0,2026-08-21,0,-1,1069.0,44.3
26302,6043,Monk,Mistweaver,Conduit of the Celestials,Healer,US,Den of Nalorakk,10,1,1057.4,47889,0,303.0,2026-08-21,0,-1,1069.0,44.3
26314,12568,Shaman,Restoration,Totemic,Healer,EU,Temple of Sethraliss,10,1,1081.4,41262,0,294.0,2026-08-20,0,-1,1073.0,44.1
26314,17520,DemonHunter,Devourer,Annihilator,DPS,EU,Temple of Sethraliss,10,1,1081.4,253887,0,300.0,2026-08-20,0,-1,1073.0,44.1
26314,17523,Hunter,Marksmanship,Sentinel,DPS,EU,Temple of Sethraliss,10,1,1081.4,224293,0,303.0,2026-08-20,0,-1,1073.0,44.1
26314,58295,Druid,Guardian,Elune's Chosen,Tank,EU,Temple of Sethraliss,10,1,1081.4,103604,0,297.0,2026-08-20,0,-1,1073.0,44.1
26314,17524,Mage,Arcane,Sunfury,DPS,EU,Temple of Sethraliss,10,1,1081.4,230970,0,303.0,2026-08-20,0,-1,1073.0,44.1
26329,20909,Shaman,Elemental,Farseer,DPS,US,Den of Nalorakk,8,1,1119.5,183473,1,305.0,2026-08-20,0,-1,1116.0,41.9
26329,58315,Warrior,Arms,Slayer,DPS,US,Den of Nalorakk,8,1,1119.5,179815,0,303.0,2026-08-20,0,-1,1116.0,41.9
26329,58316,Paladin,Retribution,Templar,DPS,US,Den of Nalorakk,8,1,1119.5,148458,0,299.0,2026-08-20,0,-1,1116.0,41.9
26329,38596,DeathKnight,Blood,San'layn,Tank,US,Den of Nalorakk,8,1,1119.5,89265,0,299.0,2026-08-20,0,-1,1116.0,41.9
26329,58314,Paladin,Holy,Herald of the Sun,Healer,US,Den of Nalorakk,8,1,1119.5,10741,0,299.0,2026-08-20,0,-1,1116.0,41.9
26335,54920,Rogue,Outlaw,Trickster,DPS,CN,The Blinding Vale,11,1,1200.0,258391,0,300.0,2026-08-21,0,-1,1202.0,33.2
26335,47254,Monk,Mistweaver,Conduit of the Celestials,Healer,CN,The Blinding Vale,11,1,1200.0,44442,1,306.0,2026-08-21,0,-1,1202.0,33.2
26335,58325,DeathKnight,Blood,San'layn,Tank,CN,The Blinding Vale,11,1,1200.0,149792,0,302.0,2026-08-21,0,-1,1202.0,33.2
26335,58327,Shaman,Elemental,Farseer,DPS,CN,The Blinding Vale,11,1,1200.0,182512,1,287.0,2026-08-21,0,-1,1202.0,33.2
26335,58326,Warrior,Arms,Slayer,DPS,CN,The Blinding Vale,11,1,1200.0,221785,0,305.0,2026-08-21,0,-1,1202.0,33.2
26345,12845,DeathKnight,Frost,Deathbringer,DPS,EU,Murder Row,10,1,1110.7,214852,0,303.0,2026-08-21,0,-1,1108.0,45.7
26345,55929,DemonHunter,Vengeance,Annihilator,Tank,EU,Murder Row,10,1,1110.7,131589,0,309.0,2026-08-21,0,-1,1108.0,45.7
26345,58345,Druid,Restoration,Keeper of the Grove,Healer,EU,Murder Row,10,1,1110.7,74101,0,301.0,2026-08-21,0,-1,1108.0,45.7
26345,58346,Warlock,Demonology,Diabolist,DPS,EU,Murder Row,10,1,1110.7,245452,0,301.0,2026-08-21,0,-1,1108.0,45.7
26345,12846,Warlock,Destruction,Diabolist,DPS,EU,Murder Row,10,1,1110.7,195618,1,303.0,2026-08-21,0,-1,1108.0,45.7
