run_id,char_id,class,spec,hero_talent,role,region,dungeon,key_level,timed,duration_s,dps,deaths,item_level,date,reset_bucket,post_tuning,keystone_s,pct_under_timer
157831,39705,Evoker,Preservation,Flameshaper,Healer,KR,Kings' Rest,7,1,1530.4,13479,0,294.0,2026-08-20,0,-1,1527.0,22.9
157831,39708,DemonHunter,Devourer,Annihilator,DPS,KR,Kings' Rest,7,1,1530.4,114289,0,294.0,2026-08-20,0,-1,1527.0,22.9
157831,57385,Paladin,Retribution,Templar,DPS,KR,Kings' Rest,7,1,1530.4,101156,0,290.0,2026-08-20,0,-1,1527.0,22.9
157831,57386,Warlock,Destruction,Diabolist,DPS,KR,Kings' Rest,7,1,1530.4,85103,1,286.0,2026-08-20,0,-1,1527.0,22.9
157835,46358,DeathKnight,Blood,San'layn,Tank,US,Temple of Sethraliss,9,1,1291.1,90726,0,298.0,2026-08-20,0,-1,1292.0,32.7
157835,110117,Paladin,Holy,Herald of the Sun,Healer,US,Temple of Sethraliss,9,1,1291.1,19344,2,282.0,2026-08-20,0,-1,1292.0,32.7
157835,110118,Mage,Arcane,Sunfury,DPS,US,Temple of Sethraliss,9,1,1291.1,127238,0,288.0,2026-08-20,0,-1,1292.0,32.7
157835,24477,DemonHunter,Havoc,Fel-Scarred,DPS,US,Temple of Sethraliss,9,1,1291.1,201730,0,298.0,2026-08-20,0,-1,1292.0,32.7
157835,35882,Warrior,Arms,Slayer,DPS,US,Temple of Sethraliss,9,1,1291.1,177914,0,298.0,2026-08-20,0,-1,1292.0,32.7
157836,66840,DeathKnight,Blood,San'layn,Tank,EU,The Blinding Vale,8,1,1480.3,101735,0,304.0,2026-08-19,0,-1,1472.0,18.2
157836,67946,Paladin,Holy,Herald of the Sun,Healer,EU,The Blinding Vale,8,1,1480.3,15472,0,282.0,2026-08-19,0,-1,1472.0,18.2
157836,57877,Druid,Feral,Druid of the Claw,DPS,EU,The Blinding Vale,8,1,1480.3,146737,0,300.0,2026-08-19,0,-1,1472.0,18.2
157836,66844,Warlock,Affliction,Soul Harvester,DPS,EU,The Blinding Vale,8,1,1480.3,133276,0,300.0,2026-08-19,0,-1,1472.0,18.2
157836,57879,Warrior,Fury,Slayer,DPS,EU,The Blinding Vale,8,1,1480.3,123482,0,298.0,2026-08-19,0,-1,1472.0,18.2
157843,19436,Warrior,Protection,Mountain Thane,Tank,US,Ruby Life Pools,10,1,1190.3,143912,0,299.0,2026-08-20,0,-1,1187.0,29.4
157843,158627,Monk,Mistweaver,Conduit of the Celestials,Healer,US,Ruby Life Pools,10,1,1190.3,57883,0,299.0,2026-08-20,0,-1,1187.0,29.4
157843,1998,Shaman,Elemental,Farseer,DPS,US,Ruby Life Pools,10,1,1190.3,205929,0,293.0,2026-08-20,0,-1,1187.0,29.4
157843,205746,Hunter,BeastMastery,Pack Leader,DPS,US,Ruby Life Pools,10,1,1190.3,142364,1,288.0,2026-08-20,0,-1,1187.0,29.4
157843,21806,Druid,Balance,Elune's Chosen,DPS,US,Ruby Life Pools,10,1,1190.3,186012,0,304.0,2026-08-20,0,-1,1187.0,29.4
157844,165334,DemonHunter,Vengeance,Annihilator,Tank,KR,Voidscar Arena,2,1,984.3,54925,0,285.0,2026-08-20,0,-1,976.0,45.8
157844,165335,Priest,Discipline,Oracle,Healer,KR,Voidscar Arena,2,1,984.3,12906,1,289.0,2026-08-20,0,-1,976.0,45.8
157844,214905,Mage,Arcane,Sunfury,DPS,KR,Voidscar Arena,2,1,984.3,87734,0,281.0,2026-08-20,0,-1,976.0,45.8
157844,214906,Druid,Feral,Druid of the Claw,DPS,KR,Voidscar Arena,2,1,984.3,84512,1,279.0,2026-08-20,0,-1,976.0,45.8
157844,214907,Druid,Balance,Elune's Chosen,DPS,KR,Voidscar Arena,2,1,984.3,133621,1,291.0,2026-08-20,0,-1,976.0,45.8
157849,214909,Paladin,Protection,Lightsmith,Tank,EU,Den of Nalorakk,10,1,1557.8,86598,1,294.0,2026-08-20,0,-1,1574.0,18.0
157849,214910,Shaman,Restoration,Totemic,Healer,EU,Den of Nalorakk,10,1,1557.8,23617,1,297.0,2026-08-20,0,-1,1574.0,18.0
157849,18040,Mage,Arcane,Sunfury,DPS,EU,Den of Nalorakk,10,1,1557.8,189103,0,299.0,2026-08-20,0,-1,1574.0,18.0
157849,214911,Warrior,Arms,Slayer,DPS,EU,Den of Nalorakk,10,1,1557.8,187219,2,305.0,2026-08-20,0,-1,1574.0,18.0
157849,214912,DeathKnight,Unholy,Rider of the Apocalypse,DPS,EU,Den of Nalorakk,10,1,1557.8,150073,1,291.0,2026-08-20,0,-1,1574.0,18.0
157851,56617,DeathKnight,Blood,Deathbringer,Tank,US,Murder Row,11,1,1980.0,69120,0,293.0,2026-08-19,0,-1,2006.0,1.7
157851,4751,Paladin,Holy,Herald of the Sun,Healer,US,Murder Row,11,1,1980.0,15434,2,301.0,2026-08-19,0,-1,2006.0,1.7
157851,35039,Rogue,Assassination,Deathstalker,DPS,US,Murder Row,11,1,1980.0,177755,1,296.0,2026-08-19,0,-1,2006.0,1.7
157851,10499,Mage,Arcane,Sunfury,DPS,US,Murder Row,11,1,1980.0,133202,2,299.0,2026-08-19,0,-1,2006.0,1.7
157851,7595,Warlock,Demonology,Diabolist,DPS,US,Murder Row,11,1,1980.0,168423,2,295.0,2026-08-19,0,-1,2006.0,1.7
157854,2457,Monk,Brewmaster,Unknown,Tank,US,Altar of Fangs,10,1,1303.6,104443,1,300.0,2026-08-19,0,-1,1310.0,27.2
157854,2458,Shaman,Restoration,Unknown,Healer,US,Altar of Fangs,10,1,1303.6,21156,0,303.0,2026-08-19,0,-1,1310.0,27.2
157854,2460,Mage,Arcane,Unknown,DPS,US,Altar of Fangs,10,1,1303.6,239634,1,306.0,2026-08-19,0,-1,1310.0,27.2
157854,2461,Warlock,Demonology,Unknown,DPS,US,Altar of Fangs,10,1,1303.6,203440,0,296.0,2026-08-19,0,-1,1310.0,27.2
157854,2459,DemonHunter,Havoc,Unknown,DPS,US,Altar of Fangs,10,1,1303.6,176614,1,297.0,2026-08-19,0,-1,1310.0,27.2
157867,3709,Druid,Guardian,Elune's Chosen,Tank,US,The Blinding Vale,10,1,1552.1,78425,0,292.0,2026-08-18,0,-1,1558.0,13.4
157867,3710,Shaman,Restoration,Totemic,Healer,US,The Blinding Vale,10,1,1552.1,24820,0,295.0,2026-08-18,0,-1,1558.0,13.4
157867,3712,Warrior,Fury,Mountain Thane,DPS,US,The Blinding Vale,10,1,1552.1,148254,3,295.0,2026-08-18,0,-1,1558.0,13.4
157867,3711,DeathKnight,Unholy,Rider of the Apocalypse,DPS,US,The Blinding Vale,10,1,1552.1,144686,0,292.0,2026-08-18,0,-1,1558.0,13.4
157867,3713,Rogue,Outlaw,Trickster,DPS,US,The Blinding Vale,10,1,1552.1,193813,0,290.0,2026-08-18,0,-1,1558.0,13.4
157872,214923,Warrior,Protection,Mountain Thane,Tank,KR,Den of Nalorakk,8,1,1656.0,74264,0,292.0,2026-08-20,0,-1,1657.0,13.7
157872,88172,Priest,Holy,Oracle,Healer,KR,Den of Nalorakk,8,1,1656.0,15396,0,289.0,2026-08-20,0,-1,1657.0,13.7
157872,185102,Warlock,Demonology,Diabolist,DPS,KR,Den of Nalorakk,8,1,1656.0,144022,0,292.0,2026-08-20,0,-1,1657.0,13.7
157872,214924,Warrior,Arms,Slayer,DPS,KR,Den of Nalorakk,8,1,1656.0,78298,2,285.0,2026-08-20,0,-1,1657.0,13.7
157872,38363,DemonHunter,Devourer,Void-Scarred,DPS,KR,Den of Nalorakk,8,1,1656.0,130908,0,294.0,2026-08-20,0,-1,1657.0,13.7
157878,172452,DeathKnight,Blood,Deathbringer,Tank,EU,Voidscar Arena,10,1,1402.7,79741,0,293.0,2026-08-20,0,-1,1430.0,20.6
157878,172453,Monk,Mistweaver,Conduit of the Celestials,Healer,EU,Voidscar Arena,10,1,1402.7,43854,0,293.0,2026-08-20,0,-1,1430.0,20.6
157878,174235,Mage,Arcane,Sunfury,DPS,EU,Voidscar Arena,10,1,1402.7,158704,0,291.0,2026-08-20,0,-1,1430.0,20.6
157878,172349,DemonHunter,Devourer,Void-Scarred,DPS,EU,Voidscar Arena,10,1,1402.7,143622,3,302.0,2026-08-20,0,-1,1430.0,20.6
157878,90560,Warrior,Arms,Slayer,DPS,EU,Voidscar Arena,10,1,1402.7,168540,4,292.0,2026-08-20,0,-1,1430.0,20.6
157879,11511,Warrior,Protection,Mountain Thane,Tank,US,Murder Row,10,1,1827.9,93817,1,296.0,2026-08-18,0,-1,1865.0,8.6
157879,11512,Monk,Mistweaver,Conduit of the Celestials,Healer,US,Murder Row,10,1,1827.9,29979,2,291.0,2026-08-18,0,-1,1865.0,8.6
157879,11514,Evoker,Devastation,Scalecommander,DPS,US,Murder Row,10,1,1827.9,115864,3,294.0,2026-08-18,0,-1,1865.0,8.6
157879,11513,Warlock,Demonology,Diabolist,DPS,US,Murder Row,10,1,1827.9,158473,1,293.0,2026-08-18,0,-1,1865.0,8.6
157879,11515,Druid,Feral,Wildstalker,DPS,US,Murder Row,10,1,1827.9,157842,2,293.0,2026-08-18,0,-1,1865.0,8.6
157883,181336,Warrior,Protection,Mountain Thane,Tank,KR,Den of Nalorakk,5,1,1372.1,63593,0,293.0,2026-08-20,0,-1,1363.0,29.0
157883,181337,Priest,Holy,Oracle,Healer,KR,Den of Nalorakk,5,1,1372.1,19061,0,291.0,2026-08-20,0,-1,1363.0,29.0
157883,181338,Paladin,Retribution,Templar,DPS,KR,Den of Nalorakk,5,1,1372.1,84825,0,291.0,2026-08-20,0,-1,1363.0,29.0
157883,181339,Shaman,Elemental,Farseer,DPS,KR,Den of Nalorakk,5,1,1372.1,97532,1,291.0,2026-08-20,0,-1,1363.0,29.0
157883,181340,Warlock,Demonology,Diabolist,DPS,KR,Den of Nalorakk,5,1,1372.1,98323,1,292.0,2026-08-20,0,-1,1363.0,29.0
157884,7774,Paladin,Protection,Lightsmith,Tank,US,Altar of Fangs,11,1,1659.3,126159,0,295.0,2026-08-19,0,-1,1656.0,8.0
157884,214926,Shaman,Restoration,Totemic,Healer,US,Altar of Fangs,11,1,1659.3,24589,0,296.0,2026-08-19,0,-1,1656.0,8.0
157884,22621,Warrior,Arms,Slayer,DPS,US,Altar of Fangs,11,1,1659.3,200422,0,293.0,2026-08-19,0,-1,1656.0,8.0
157884,78040,Druid,Balance,Elune's Chosen,DPS,US,Altar of Fangs,11,1,1659.3,187388,0,291.0,2026-08-19,0,-1,1656.0,8.0
157884,5401,Mage,Arcane,Sunfury,DPS,US,Altar of Fangs,11,1,1659.3,223751,1,299.0,2026-08-19,0,-1,1656.0,8.0
157887,179109,Druid,Guardian,Elune's Chosen,Tank,CN,Ruby Life Pools,7,1,1557.7,68798,1,290.0,2026-08-20,0,-1,1599.0,4.8
157887,179111,Priest,Holy,Oracle,Healer,CN,Ruby Life Pools,7,1,1557.7,5126,0,297.0,2026-08-20,0,-1,1599.0,4.8
157887,179110,Evoker,Devastation,Scalecommander,DPS,CN,Ruby Life Pools,7,1,1557.7,119990,5,291.0,2026-08-20,0,-1,1599.0,4.8
157887,179112,Hunter,BeastMastery,Pack Leader,DPS,CN,Ruby Life Pools,7,1,1557.7,142204,3,292.0,2026-08-20,0,-1,1599.0,4.8
157887,179113,Paladin,Retribution,Herald of the Sun,DPS,CN,Ruby Life Pools,7,1,1557.7,130075,1,295.0,2026-08-20,0,-1,1599.0,4.8
157893,214929,Paladin,Protection,Lightsmith,Tank,KR,Ruby Life Pools,11,1,1392.5,112155,1,296.0,2026-08-20,0,-1,1414.0,15.8
157893,214930,Shaman,Restoration,Totemic,Healer,KR,Ruby Life Pools,11,1,1392.5,28290,2,291.0,2026-08-20,0,-1,1414.0,15.8
157893,168499,DeathKnight,Unholy,San'layn,DPS,KR,Ruby Life Pools,11,1,1392.5,191646,1,292.0,2026-08-20,0,-1,1414.0,15.8
157893,77123,Paladin,Retribution,Templar,DPS,KR,Ruby Life Pools,11,1,1392.5,168177,1,293.0,2026-08-20,0,-1,1414.0,15.8
157893,214931,Hunter,BeastMastery,Pack Leader,DPS,KR,Ruby Life Pools,11,1,1392.5,137116,1,292.0,2026-08-20,0,-1,1414.0,15.8
157897,55529,DeathKnight,Blood,San'layn,Tank,CN,Den of Nalorakk,2,1,958.2,74389,0,291.0,2026-08-20,0,-1,949.0,50.6
157897,55530,Shaman,Restoration,Totemic,Healer,CN,Den of Nalorakk,2,1,958.2,21316,0,294.0,2026-08-20,0,-1,949.0,50.6
157897,55531,Mage,Arcane,Sunfury,DPS,CN,Den of Nalorakk,2,1,958.2,139833,0,296.0,2026-08-20,0,-1,949.0,50.6
157897,55532,DeathKnight,Unholy,Rider of the Apocalypse,DPS,CN,Den of Nalorakk,2,1,958.2,61333,0,290.0,2026-08-20,0,-1,949.0,50.6
157897,55533,Shaman,Elemental,Farseer,DPS,CN,Den of Nalorakk,2,1,958.2,141012,0,291.0,2026-08-20,0,-1,949.0,50.6
157903,214935,Warrior,Protection,Mountain Thane,Tank,US,Temple of Sethraliss,9,1,1608.3,97563,0,293.0,2026-08-19,0,-1,1619.0,15.7
157903,202116,Paladin,Holy,Herald of the Sun,Healer,US,Temple of Sethraliss,9,1,1608.3,8717,1,288.0,2026-08-19,0,-1,1619.0,15.7
157903,142526,Hunter,BeastMastery,Pack Leader,DPS,US,Temple of Sethraliss,9,1,1608.3,118158,1,295.0,2026-08-19,0,-1,1619.0,15.7
157903,214936,Rogue,Assassination,Fatebound,DPS,US,Temple of Sethraliss,9,1,1608.3,154237,0,294.0,2026-08-19,0,-1,1619.0,15.7
157903,64776,DemonHunter,Devourer,Annihilator,DPS,US,Temple of Sethraliss,9,1,1608.3,137601,2,298.0,2026-08-19,0,-1,1619.0,15.7
157907,28792,DeathKnight,Blood,San'layn,Tank,EU,Den of Nalorakk,10,1,1582.8,75955,0,295.0,2026-08-20,0,-1,1600.0,16.7
157907,137449,Shaman,Restoration,Totemic,Healer,EU,Den of Nalorakk,10,1,1582.8,14478,2,296.0,2026-08-20,0,-1,1600.0,16.7
157907,137559,Mage,Arcane,Sunfury,DPS,EU,Den of Nalorakk,10,1,1582.8,153846,1,302.0,2026-08-20,0,-1,1600.0,16.7
157907,136621,DemonHunter,Devourer,Void-Scarred,DPS,EU,Den of Nalorakk,10,1,1582.8,124319,1,296.0,2026-08-20,0,-1,1600.0,16.7
157907,214937,Warrior,Arms,Slayer,DPS,EU,Den of Nalorakk,10,1,1582.8,138632,1,294.0,2026-08-20,0,-1,1600.0,16.7
157909,125340,Paladin,Protection,Lightsmith,Tank,EU,Den of Nalorakk,8,0,1878.9,52697,2,293.0,2026-08-20,0,-1,1935.0,-0.8
157909,146371,Shaman,Restoration,Totemic,Healer,EU,Den of Nalorakk,8,0,1878.9,15685,3,294.0,2026-08-20,0,-1,1935.0,-0.8
157909,213222,Mage,Arcane,Sunfury,DPS,EU,Den of Nalorakk,8,0,1878.9,108298,4,293.0,2026-08-20,0,-1,1935.0,-0.8
157909,168034,Hunter,BeastMastery,Pack Leader,DPS,EU,Den of Nalorakk,8,0,1878.9,131618,2,294.0,2026-08-20,0,-1,1935.0,-0.8
157909,125342,Warlock,Demonology,Diabolist,DPS,EU,Den of Nalorakk,8,0,1878.9,110739,2,292.0,2026-08-20,0,-1,1935.0,-0.8
157912,41770,Paladin,Protection,Lightsmith,Tank,CN,Voidscar Arena,9,1,1624.4,79169,1,294.0,2026-08-20,0,-1,1710.0,5.0
157912,41771,Priest,Holy,Oracle,Healer,CN,Voidscar Arena,9,1,1624.4,9030,3,290.0,2026-08-20,0,-1,1710.0,5.0
157912,41772,Priest,Shadow,Voidweaver,DPS,CN,Voidscar Arena,9,1,1624.4,98290,6,284.0,2026-08-20,0,-1,1710.0,5.0
157912,41774,Mage,Arcane,Sunfury,DPS,CN,Voidscar Arena,9,1,1624.4,155123,4,293.0,2026-08-20,0,-1,1710.0,5.0
157912,41773,Paladin,Retribution,Herald of the Sun,DPS,CN,Voidscar Arena,9,1,1624.4,126205,3,293.0,2026-08-20,0,-1,1710.0,5.0
157914,107042,Paladin,Protection,Lightsmith,Tank,EU,Temple of Sethraliss,9,1,1523.6,60478,0,275.0,2026-08-19,0,-1,1540.0,19.8
157914,17272,Shaman,Restoration,Totemic,Healer,EU,Temple of Sethraliss,9,1,1523.6,18844,1,294.0,2026-08-19,0,-1,1540.0,19.8
157914,162877,Warrior,Arms,Slayer,DPS,EU,Temple of Sethraliss,9,1,1523.6,165114,1,289.0,2026-08-19,0,-1,1540.0,19.8
157914,17275,DemonHunter,Devourer,Annihilator,DPS,EU,Temple of Sethraliss,9,1,1523.6,207768,1,293.0,2026-08-19,0,-1,1540.0,19.8
157914,214938,Priest,Shadow,Voidweaver,DPS,EU,Temple of Sethraliss,9,1,1523.6,114605,2,295.0,2026-08-19,0,-1,1540.0,19.8
157917,91225,Paladin,Protection,Lightsmith,Tank,US,The Blinding Vale,2,1,1121.3,88605,0,290.0,2026-08-19,0,-1,1113.0,38.2
157917,91226,Monk,Mistweaver,Conduit of the Celestials,Healer,US,The Blinding Vale,2,1,1121.3,34615,0,295.0,2026-08-19,0,-1,1113.0,38.2
157917,60895,Warrior,Arms,Slayer,DPS,US,The Blinding Vale,2,1,1121.3,85621,0,282.0,2026-08-19,0,-1,1113.0,38.2
157917,91229,DeathKnight,Unholy,Rider of the Apocalypse,DPS,US,The Blinding Vale,2,1,1121.3,115854,0,297.0,2026-08-19,0,-1,1113.0,38.2
157917,91228,Shaman,Elemental,Stormbringer,DPS,US,The Blinding Vale,2,1,1121.3,97789,0,289.0,2026-08-19,0,-1,1113.0,38.2
157925,57618,DeathKnight,Blood,San'layn,Tank,US,Voidscar Arena,12,1,1612.7,87820,0,292.0,2026-08-20,0,-1,1709.0,5.1
157925,71727,Paladin,Holy,Herald of the Sun,Healer,US,Voidscar Arena,12,1,1612.7,8144,1,302.0,2026-08-20,0,-1,1709.0,5.1
157925,1479,Warrior,Arms,Slayer,DPS,US,Voidscar Arena,12,1,1612.7,179473,3,302.0,2026-08-20,0,-1,1709.0,5.1
157925,1443,DemonHunter,Devourer,Void-Scarred,DPS,US,Voidscar Arena,12,1,1612.7,213681,1,305.0,2026-08-20,0,-1,1709.0,5.1
157925,206232,Hunter,BeastMastery,Pack Leader,DPS,US,Voidscar Arena,12,1,1612.7,172444,2,293.0,2026-08-20,0,-1,1709.0,5.1
157926,201537,DemonHunter,Vengeance,Annihilator,Tank,US,Altar of Fangs,2,1,1074.6,66402,0,286.0,2026-08-18,0,-1,1066.0,40.8
157926,54381,Evoker,Preservation,Flameshaper,Healer,US,Altar of Fangs,2,1,1074.6,25678,0,287.0,2026-08-18,0,-1,1066.0,40.8
157926,74670,Mage,Arcane,Sunfury,DPS,US,Altar of Fangs,2,1,1074.6,141416,0,291.0,2026-08-18,0,-1,1066.0,40.8
157926,201538,Rogue,Subtlety,Trickster,DPS,US,Altar of Fangs,2,1,1074.6,83445,1,270.0,2026-08-18,0,-1,1066.0,40.8
157926,53451,Warrior,Arms,Slayer,DPS,US,Altar of Fangs,2,1,1074.6,127341,0,293.0,2026-08-18,0,-1,1066.0,40.8
157929,172886,Paladin,Protection,Lightsmith,Tank,US,Temple of Sethraliss,10,1,1759.3,90500,0,296.0,2026-08-20,0,-1,1786.0,7.0
157929,172887,Monk,Mistweaver,Conduit of the Celestials,Healer,US,Temple of Sethraliss,10,1,1759.3,33513,1,293.0,2026-08-20,0,-1,1786.0,7.0
157929,172888,Warrior,Arms,Slayer,DPS,US,Temple of Sethraliss,10,1,1759.3,160947,1,300.0,2026-08-20,0,-1,1786.0,7.0
157929,172889,Druid,Balance,Elune's Chosen,DPS,US,Temple of Sethraliss,10,1,1759.3,78391,5,282.0,2026-08-20,0,-1,1786.0,7.0
157929,172890,Mage,Arcane,Sunfury,DPS,US,Temple of Sethraliss,10,1,1759.3,187365,0,299.0,2026-08-20,0,-1,1786.0,7.0
157938,49296,Monk,Brewmaster,Master of Harmony,Tank,US,Den of Nalorakk,2,1,1136.0,63397,0,291.0,2026-08-19,0,-1,1128.0,41.3
157938,110081,Shaman,Restoration,Totemic,Healer,US,Den of Nalorakk,2,1,1136.0,16602,1,267.0,2026-08-19,0,-1,1128.0,41.3
157938,104049,Rogue,Assassination,Fatebound,DPS,US,Den of Nalorakk,2,1,1136.0,117512,0,293.0,2026-08-19,0,-1,1128.0,41.3
157938,49298,Druid,Feral,Druid of the Claw,DPS,US,Den of Nalorakk,2,1,1136.0,89200,0,294.0,2026-08-19,0,-1,1128.0,41.3
157938,213594,DeathKnight,Unholy,Rider of the Apocalypse,DPS,US,Den of Nalorakk,2,1,1136.0,73932,0,290.0,2026-08-19,0,-1,1128.0,41.3
157947,71254,DeathKnight,Blood,San'layn,Tank,CN,Temple of Sethraliss,8,1,1408.3,102212,0,298.0,2026-08-20,0,-1,1425.0,25.8
157947,166025,Monk,Mistweaver,Conduit of the Celestials,Healer,CN,Temple of Sethraliss,8,1,1408.3,31792,0,291.0,2026-08-20,0,-1,1425.0,25.8
157947,166026,Shaman,Elemental,Farseer,DPS,CN,Temple of Sethraliss,8,1,1408.3,150517,1,293.0,2026-08-20,0,-1,1425.0,25.8
157947,71258,Mage,Arcane,Sunfury,DPS,CN,Temple of Sethraliss,8,1,1408.3,174821,1,300.0,2026-08-20,0,-1,1425.0,25.8
157947,71257,Warrior,Arms,Slayer,DPS,CN,Temple of Sethraliss,8,1,1408.3,133802,3,292.0,2026-08-20,0,-1,1425.0,25.8
157964,69366,Druid,Guardian,Elune's Chosen,Tank,EU,Altar of Fangs,6,1,1309.9,98004,0,291.0,2026-08-20,0,-1,1356.0,24.6
157964,77050,Shaman,Restoration,Totemic,Healer,EU,Altar of Fangs,6,1,1309.9,11280,2,293.0,2026-08-20,0,-1,1356.0,24.6
157964,77051,Warrior,Arms,Slayer,DPS,EU,Altar of Fangs,6,1,1309.9,99929,3,281.0,2026-08-20,0,-1,1356.0,24.6
157964,89797,Hunter,Survival,Sentinel,DPS,EU,Altar of Fangs,6,1,1309.9,164199,3,297.0,2026-08-20,0,-1,1356.0,24.6
157964,27587,Evoker,Devastation,Scalecommander,DPS,EU,Altar of Fangs,6,1,1309.9,132433,3,292.0,2026-08-20,0,-1,1356.0,24.6
157973,214958,DemonHunter,Vengeance,Annihilator,Tank,US,Kings' Rest,9,1,1449.8,58584,0,289.0,2026-08-19,0,-1,1447.0,26.9
157973,7432,Evoker,Preservation,Flameshaper,Healer,US,Kings' Rest,9,1,1449.8,33789,0,297.0,2026-08-19,0,-1,1447.0,26.9
157973,7433,Shaman,Elemental,Farseer,DPS,US,Kings' Rest,9,1,1449.8,148993,0,300.0,2026-08-19,0,-1,1447.0,26.9
157973,122929,Druid,Balance,Elune's Chosen,DPS,US,Kings' Rest,9,1,1449.8,99546,1,288.0,2026-08-19,0,-1,1447.0,26.9
157973,109557,Rogue,Assassination,Deathstalker,DPS,US,Kings' Rest,9,1,1449.8,121068,0,294.0,2026-08-19,0,-1,1447.0,26.9
157984,2921,Paladin,Protection,Lightsmith,Tank,US,Altar of Fangs,8,1,1299.6,87428,0,293.0,2026-08-19,0,-1,1302.0,27.7
157984,2922,Shaman,Restoration,Totemic,Healer,US,Altar of Fangs,8,1,1299.6,19954,1,295.0,2026-08-19,0,-1,1302.0,27.7
157984,2925,Rogue,Assassination,Deathstalker,DPS,US,Altar of Fangs,8,1,1299.6,219668,0,295.0,2026-08-19,0,-1,1302.0,27.7
157984,2924,DemonHunter,Devourer,Void-Scarred,DPS,US,Altar of Fangs,8,1,1299.6,173479,0,292.0,2026-08-19,0,-1,1302.0,27.7
157984,2923,Hunter,BeastMastery,Pack Leader,DPS,US,Altar of Fangs,8,1,1299.6,167375,1,292.0,2026-08-19,0,-1,1302.0,27.7
157990,17871,DeathKnight,Blood,San'layn,Tank,EU,Altar of Fangs,11,1,1634.0,145023,2,299.0,2026-08-19,0,-1,1681.0,6.6
157990,17872,Shaman,Restoration,Totemic,Healer,EU,Altar of Fangs,11,1,1634.0,31981,3,295.0,2026-08-19,0,-1,1681.0,6.6
157990,17874,Mage,Arcane,Sunfury,DPS,EU,Altar of Fangs,11,1,1634.0,193230,2,289.0,2026-08-19,0,-1,1681.0,6.6
157990,17875,Druid,Balance,Elune's Chosen,DPS,EU,Altar of Fangs,11,1,1634.0,258070,2,302.0,2026-08-19,0,-1,1681.0,6.6
157990,17873,Warrior,Arms,Slayer,DPS,EU,Altar of Fangs,11,1,1634.0,218428,2,300.0,2026-08-19,0,-1,1681.0,6.6
158001,42225,Monk,Brewmaster,Master of Harmony,Tank,US,Altar of Fangs,11,1,1312.4,126789,0,302.0,2026-08-20,0,-1,1304.0,27.6
158001,6081,Shaman,Restoration,Totemic,Healer,US,Altar of Fangs,11,1,1312.4,29956,0,302.0,2026-08-20,0,-1,1304.0,27.6
158001,138506,Warrior,Arms,Slayer,DPS,US,Altar of Fangs,11,1,1312.4,237693,0,297.0,2026-08-20,0,-1,1304.0,27.6
158001,6083,Rogue,Subtlety,Trickster,DPS,US,Altar of Fangs,11,1,1312.4,267454,0,302.0,2026-08-20,0,-1,1304.0,27.6
158001,6082,DeathKnight,Unholy,Rider of the Apocalypse,DPS,US,Altar of Fangs,11,1,1312.4,221699,0,297.0,2026-08-20,0,-1,1304.0,27.6
158008,214974,Warrior,Protection,Mountain Thane,Tank,EU,The Blinding Vale,2,1,1323.8,58964,0,271.0,2026-08-19,0,-1,1316.0,26.9
158008,214975,Evoker,Preservation,Flameshaper,Healer,EU,The Blinding Vale,2,1,1323.8,17745,2,282.0,2026-08-19,0,-1,1316.0,26.9
158008,164937,Paladin,Retribution,Templar,DPS,EU,The Blinding Vale,2,1,1323.8,123121,1,293.0,2026-08-19,0,-1,1316.0,26.9
158008,183369,Druid,Balance,Elune's Chosen,DPS,EU,The Blinding Vale,2,1,1323.8,88460,1,283.0,2026-08-19,0,-1,1316.0,26.9
158008,214976,Shaman,Elemental,Stormbringer,DPS,EU,The Blinding Vale,2,1,1323.8,86194,2,281.0,2026-08-19,0,-1,1316.0,26.9
158010,80958,Warrior,Protection,Mountain Thane,Tank,EU,The Blinding Vale,7,1,1548.1,70773,0,292.0,2026-08-19,0,-1,1540.0,14.4
158010,80959,Paladin,Holy,Herald of the Sun,Healer,EU,The Blinding Vale,7,1,1548.1,26215,0,290.0,2026-08-19,0,-1,1540.0,14.4
158010,80961,Druid,Balance,Elune's Chosen,DPS,EU,The Blinding Vale,7,1,1548.1,128098,0,294.0,2026-08-19,0,-1,1540.0,14.4
158010,80960,Druid,Balance,Elune's Chosen,DPS,EU,The Blinding Vale,7,1,1548.1,138121,0,291.0,2026-08-19,0,-1,1540.0,14.4
158010,80962,Evoker,Devastation,Scalecommander,DPS,EU,The Blinding Vale,7,1,1548.1,123037,0,290.0,2026-08-19,0,-1,1540.0,14.4
158050,144385,DeathKnight,Blood,Deathbringer,Tank,US,Voidscar Arena,8,1,1352.3,98680,0,306.0,2026-08-19,0,-1,1389.0,22.8
158050,157588,Monk,Mistweaver,Conduit of the Celestials,Healer,US,Voidscar Arena,8,1,1352.3,30514,3,286.0,2026-08-19,0,-1,1389.0,22.8
158050,111968,Druid,Balance,Elune's Chosen,DPS,US,Voidscar Arena,8,1,1352.3,136568,3,298.0,2026-08-19,0,-1,1389.0,22.8
158050,144387,Hunter,BeastMastery,Pack Leader,DPS,US,Voidscar Arena,8,1,1352.3,132102,2,294.0,2026-08-19,0,-1,1389.0,22.8
158050,157589,DeathKnight,Unholy,Rider of the Apocalypse,DPS,US,Voidscar Arena,8,1,1352.3,115736,1,286.0,2026-08-19,0,-1,1389.0,22.8
158061,42594,Paladin,Protection,Templar,Tank,US,Murder Row,9,1,1694.6,76977,0,294.0,2026-08-18,0,-1,1696.0,16.9
158061,2277,Druid,Restoration,Wildstalker,Healer,US,Murder Row,9,1,1694.6,18800,0,292.0,2026-08-18,0,-1,1696.0,16.9
158061,199610,Monk,Windwalker,Shado-Pan,DPS,US,Murder Row,9,1,1694.6,111236,1,290.0,2026-08-18,0,-1,1696.0,16.9
158061,215015,Mage,Arcane,Sunfury,DPS,US,Murder Row,9,1,1694.6,129031,1,277.0,2026-08-18,0,-1,1696.0,16.9
158061,42168,DeathKnight,Unholy,Rider of the Apocalypse,DPS,US,Murder Row,9,1,1694.6,145032,0,292.0,2026-08-18,0,-1,1696.0,16.9
158066,175758,Monk,Brewmaster,Shado-Pan,Tank,US,Murder Row,9,0,2051.2,69114,2,300.0,2026-08-20,0,-1,2108.0,-3.3
158066,175759,Paladin,Holy,Herald of the Sun,Healer,US,Murder Row,9,0,2051.2,7969,4,293.0,2026-08-20,0,-1,2108.0,-3.3
158066,175760,Warlock,Demonology,Diabolist,DPS,US,Murder Row,9,0,2051.2,117642,4,295.0,2026-08-20,0,-1,2108.0,-3.3
158066,175761,Warrior,Arms,Slayer,DPS,US,Murder Row,9,0,2051.2,125984,4,299.0,2026-08-20,0,-1,2108.0,-3.3
158066,168366,Shaman,Elemental,Farseer,DPS,US,Murder Row,9,0,2051.2,105058,4,297.0,2026-08-20,0,-1,2108.0,-3.3
158077,69402,DeathKnight,Blood,San'layn,Tank,EU,Altar of Fangs,9,1,1412.0,141063,0,298.0,2026-08-20,0,-1,1414.0,21.5
158077,34686,Monk,Mistweaver,Conduit of the Celestials,Healer,EU,Altar of Fangs,9,1,1412.0,56899,0,293.0,2026-08-20,0,-1,1414.0,21.5
158077,69403,Mage,Arcane,Sunfury,DPS,EU,Altar of Fangs,9,1,1412.0,163323,1,290.0,2026-08-20,0,-1,1414.0,21.5
158077,215020,Warrior,Arms,Slayer,DPS,EU,Altar of Fangs,9,1,1412.0,200386,1,291.0,2026-08-20,0,-1,1414.0,21.5
158077,215021,Monk,Windwalker,Shado-Pan,DPS,EU,Altar of Fangs,9,1,1412.0,126565,0,274.0,2026-08-20,0,-1,1414.0,21.5
158082,20000,Druid,Guardian,Elune's Chosen,Tank,US,The Blinding Vale,11,0,1874.7,83518,1,297.0,2026-08-20,0,-1,1960.0,-8.9
158082,6092,Shaman,Restoration,Totemic,Healer,US,The Blinding Vale,11,0,1874.7,16874,5,293.0,2026-08-20,0,-1,1960.0,-8.9
158082,4019,DeathKnight,Frost,Rider of the Apocalypse,DPS,US,The Blinding Vale,11,0,1874.7,152090,5,295.0,2026-08-20,0,-1,1960.0,-8.9
158082,6094,Rogue,Subtlety,Deathstalker,DPS,US,The Blinding Vale,11,0,1874.7,157052,2,298.0,2026-08-20,0,-1,1960.0,-8.9
158082,6093,Mage,Arcane,Sunfury,DPS,US,The Blinding Vale,11,0,1874.7,170066,6,303.0,2026-08-20,0,-1,1960.0,-8.9
158085,215024,Paladin,Protection,Lightsmith,Tank,EU,Kings' Rest,10,1,1675.4,49284,1,291.0,2026-08-19,0,-1,1692.0,14.5
158085,22463,Priest,Discipline,Oracle,Healer,EU,Kings' Rest,10,1,1675.4,13187,1,294.0,2026-08-19,0,-1,1692.0,14.5
158085,74450,Warlock,Demonology,Diabolist,DPS,EU,Kings' Rest,10,1,1675.4,137546,1,294.0,2026-08-19,0,-1,1692.0,14.5
158085,74451,Mage,Arcane,Sunfury,DPS,EU,Kings' Rest,10,1,1675.4,138270,1,294.0,2026-08-19,0,-1,1692.0,14.5
158085,32266,Shaman,Enhancement,Stormbringer,DPS,EU,Kings' Rest,10,1,1675.4,130022,1,294.0,2026-08-19,0,-1,1692.0,14.5
158087,41441,DeathKnight,Blood,Unknown,Tank,US,Murder Row,10,1,1384.7,113129,0,293.0,2026-08-19,0,-1,1376.0,32.5
158087,215025,Paladin,Holy,Unknown,Healer,US,Murder Row,10,1,1384.7,18713,0,295.0,2026-08-19,0,-1,1376.0,32.5
158087,6606,DemonHunter,Devourer,Unknown,DPS,US,Murder Row,10,1,1384.7,213428,0,307.0,2026-08-19,0,-1,1376.0,32.5
158087,10889,Mage,Arcane,Unknown,DPS,US,Murder Row,10,1,1384.7,191884,0,296.0,2026-08-19,0,-1,1376.0,32.5
158087,65508,Shaman,Elemental,Unknown,DPS,US,Murder Row,10,1,1384.7,168621,0,297.0,2026-08-19,0,-1,1376.0,32.5
158091,195641,Druid,Guardian,Elune's Chosen,Tank,US,The Blinding Vale,9,1,1433.0,97173,0,292.0,2026-08-20,0,-1,1434.0,20.3
158091,172781,Evoker,Preservation,Flameshaper,Healer,US,The Blinding Vale,9,1,1433.0,35092,0,295.0,2026-08-20,0,-1,1434.0,20.3
158091,152717,Paladin,Retribution,Templar,DPS,US,The Blinding Vale,9,1,1433.0,189151,1,298.0,2026-08-20,0,-1,1434.0,20.3
158091,73806,Hunter,BeastMastery,Pack Leader,DPS,US,The Blinding Vale,9,1,1433.0,129348,0,299.0,2026-08-20,0,-1,1434.0,20.3
158091,124544,DeathKnight,Unholy,San'layn,DPS,US,The Blinding Vale,9,1,1433.0,174744,1,295.0,2026-08-20,0,-1,1434.0,20.3
158109,6080,DeathKnight,Blood,San'layn,Tank,US,Kings' Rest,5,1,985.5,64393,0,294.0,2026-08-18,0,-1,976.0,50.7
158109,6081,Shaman,Restoration,Totemic,Healer,US,Kings' Rest,5,1,985.5,18853,0,288.0,2026-08-18,0,-1,976.0,50.7
158109,6083,Rogue,Subtlety,Trickster,DPS,US,Kings' Rest,5,1,985.5,142086,0,296.0,2026-08-18,0,-1,976.0,50.7
158109,6082,DeathKnight,Unholy,Rider of the Apocalypse,DPS,US,Kings' Rest,5,1,985.5,88703,0,294.0,2026-08-18,0,-1,976.0,50.7
158109,6084,Hunter,BeastMastery,Pack Leader,DPS,US,Kings' Rest,5,1,985.5,115850,0,293.0,2026-08-18,0,-1,976.0,50.7
158111,142674,DeathKnight,Blood,San'layn,Tank,EU,Altar of Fangs,11,1,1323.1,99753,0,299.0,2026-08-20,0,-1,1320.0,26.7
158111,115081,Shaman,Restoration,Totemic,Healer,EU,Altar of Fangs,11,1,1323.1,27753,0,299.0,2026-08-20,0,-1,1320.0,26.7
158111,129925,Warrior,Arms,Slayer,DPS,EU,Altar of Fangs,11,1,1323.1,234139,1,304.0,2026-08-20,0,-1,1320.0,26.7
158111,215041,Mage,Arcane,Sunfury,DPS,EU,Altar of Fangs,11,1,1323.1,239389,0,299.0,2026-08-20,0,-1,1320.0,26.7
158111,129926,DemonHunter,Devourer,Void-Scarred,DPS,EU,Altar of Fangs,11,1,1323.1,243645,0,304.0,2026-08-20,0,-1,1320.0,26.7
158117,215045,Paladin,Protection,Templar,Tank,EU,Altar of Fangs,2,1,1287.8,44349,0,279.0,2026-08-20,0,-1,1279.0,28.9
158117,215046,Shaman,Restoration,Totemic,Healer,EU,Altar of Fangs,2,1,1287.8,15743,0,283.0,2026-08-20,0,-1,1279.0,28.9
158117,215047,Hunter,BeastMastery,Pack Leader,DPS,EU,Altar of Fangs,2,1,1287.8,84889,1,294.0,2026-08-20,0,-1,1279.0,28.9
158117,215048,DemonHunter,Havoc,Fel-Scarred,DPS,EU,Altar of Fangs,2,1,1287.8,107286,0,294.0,2026-08-20,0,-1,1279.0,28.9
158117,187222,Monk,Windwalker,Shado-Pan,DPS,EU,Altar of Fangs,2,1,1287.8,110773,0,288.0,2026-08-20,0,-1,1279.0,28.9
158118,141410,Warrior,Protection,Mountain Thane,Tank,US,Ruby Life Pools,6,1,1359.4,66636,2,290.0,2026-08-19,0,-1,1386.0,17.5
158118,90936,Druid,Restoration,Wildstalker,Healer,US,Ruby Life Pools,6,1,1359.4,7860,2,287.0,2026-08-19,0,-1,1386.0,17.5
158118,141412,Rogue,Outlaw,Trickster,DPS,US,Ruby Life Pools,6,1,1359.4,83043,1,291.0,2026-08-19,0,-1,1386.0,17.5
158118,141413,DemonHunter,Havoc,Fel-Scarred,DPS,US,Ruby Life Pools,6,1,1359.4,109862,1,295.0,2026-08-19,0,-1,1386.0,17.5
158118,141411,Paladin,Retribution,Templar,DPS,US,Ruby Life Pools,6,1,1359.4,124453,1,288.0,2026-08-19,0,-1,1386.0,17.5
158123,45575,Warrior,Protection,Mountain Thane,Tank,EU,Murder Row,10,1,1494.3,99618,2,291.0,2026-08-19,0,-1,1511.0,25.9
158123,111882,Shaman,Restoration,Totemic,Healer,EU,Murder Row,10,1,1494.3,15174,0,292.0,2026-08-19,0,-1,1511.0,25.9
158123,65800,Warlock,Demonology,Diabolist,DPS,EU,Murder Row,10,1,1494.3,207174,1,302.0,2026-08-19,0,-1,1511.0,25.9
158123,45577,Mage,Arcane,Sunfury,DPS,EU,Murder Row,10,1,1494.3,153392,1,290.0,2026-08-19,0,-1,1511.0,25.9
158123,104780,Priest,Shadow,Archon,DPS,EU,Murder Row,10,1,1494.3,153581,1,296.0,2026-08-19,0,-1,1511.0,25.9
158147,1182,DemonHunter,Vengeance,Annihilator,Tank,US,Ruby Life Pools,10,1,1393.6,91366,0,296.0,2026-08-18,0,-1,1400.0,16.7
158147,1183,Shaman,Restoration,Totemic,Healer,US,Ruby Life Pools,10,1,1393.6,24106,0,293.0,2026-08-18,0,-1,1400.0,16.7
158147,1184,Mage,Arcane,Sunfury,DPS,US,Ruby Life Pools,10,1,1393.6,163392,1,292.0,2026-08-18,0,-1,1400.0,16.7
158147,1186,Priest,Shadow,Voidweaver,DPS,US,Ruby Life Pools,10,1,1393.6,186933,0,294.0,2026-08-18,0,-1,1400.0,16.7
158147,1185,Druid,Balance,Elune's Chosen,DPS,US,Ruby Life Pools,10,1,1393.6,140672,2,291.0,2026-08-18,0,-1,1400.0,16.7
158176,61017,Warrior,Protection,Mountain Thane,Tank,US,The Blinding Vale,6,1,1106.3,113601,0,294.0,2026-08-18,0,-1,1113.0,38.2
158176,189170,Monk,Mistweaver,Conduit of the Celestials,Healer,US,The Blinding Vale,6,1,1106.3,45704,0,291.0,2026-08-18,0,-1,1113.0,38.2
158176,189171,DemonHunter,Devourer,Void-Scarred,DPS,US,The Blinding Vale,6,1,1106.3,151006,1,293.0,2026-08-18,0,-1,1113.0,38.2
158176,61018,Shaman,Enhancement,Stormbringer,DPS,US,The Blinding Vale,6,1,1106.3,155855,1,294.0,2026-08-18,0,-1,1113.0,38.2
158176,189172,DemonHunter,Devourer,Void-Scarred,DPS,US,The Blinding Vale,6,1,1106.3,99856,1,291.0,2026-08-18,0,-1,1113.0,38.2
158182,14023,DeathKnight,Blood,San'layn,Tank,EU,The Blinding Vale,13,1,1715.1,150568,0,297.0,2026-08-20,0,-1,1767.0,1.8
158182,17683,Paladin,Holy,Herald of the Sun,Healer,EU,The Blinding Vale,13,1,1715.1,16714,1,299.0,2026-08-20,0,-1,1767.0,1.8
158182,18576,Warrior,Arms,Slayer,DPS,EU,The Blinding Vale,13,1,1715.1,246799,0,306.0,2026-08-20,0,-1,1767.0,1.8
158182,64180,Mage,Arcane,Sunfury,DPS,EU,The Blinding Vale,13,1,1715.1,158825,2,288.0,2026-08-20,0,-1,1767.0,1.8
158182,18577,Shaman,Enhancement,Stormbringer,DPS,EU,The Blinding Vale,13,1,1715.1,197151,1,299.0,2026-08-20,0,-1,1767.0,1.8
158196,35926,Druid,Guardian,Elune's Chosen,Tank,US,Temple of Sethraliss,9,1,1409.3,93047,0,292.0,2026-08-19,0,-1,1416.0,26.3
158196,17582,Priest,Discipline,Oracle,Healer,US,Temple of Sethraliss,9,1,1409.3,9339,0,295.0,2026-08-19,0,-1,1416.0,26.3
158196,24342,DemonHunter,Devourer,Annihilator,DPS,US,Temple of Sethraliss,9,1,1409.3,176209,0,295.0,2026-08-19,0,-1,1416.0,26.3
158196,89574,Mage,Arcane,Sunfury,DPS,US,Temple of Sethraliss,9,1,1409.3,125783,2,291.0,2026-08-19,0,-1,1416.0,26.3
158196,139345,Shaman,Enhancement,Stormbringer,DPS,US,Temple of Sethraliss,9,1,1409.3,172072,1,292.0,2026-08-19,0,-1,1416.0,26.3
158199,72790,DeathKnight,Blood,San'layn,Tank,US,Murder Row,10,1,1597.9,77164,0,300.0,2026-08-20,0,-1,1590.0,22.1
158199,149995,Monk,Mistweaver,Conduit of the Celestials,Healer,US,Murder Row,10,1,1597.9,52241,0,305.0,2026-08-20,0,-1,1590.0,22.1
158199,111223,Priest,Shadow,Archon,DPS,US,Murder Row,10,1,1597.9,144720,0,304.0,2026-08-20,0,-1,1590.0,22.1
158199,27714,Hunter,BeastMastery,Pack Leader,DPS,US,Murder Row,10,1,1597.9,194557,0,302.0,2026-08-20,0,-1,1590.0,22.1
158199,215102,Mage,Arcane,Sunfury,DPS,US,Murder Row,10,1,1597.9,144237,0,297.0,2026-08-20,0,-1,1590.0,22.1
158206,10352,Druid,Guardian,Elune's Chosen,Tank,US,Altar of Fangs,10,1,1462.2,99308,1,294.0,2026-08-19,0,-1,1464.0,18.7
158206,173279,Paladin,Holy,Herald of the Sun,Healer,US,Altar of Fangs,10,1,1462.2,17618,1,290.0,2026-08-19,0,-1,1464.0,18.7
158206,11776,Mage,Arcane,Sunfury,DPS,US,Altar of Fangs,10,1,1462.2,166212,0,292.0,2026-08-19,0,-1,1464.0,18.7
158206,57619,Warrior,Arms,Slayer,DPS,US,Altar of Fangs,10,1,1462.2,193853,0,294.0,2026-08-19,0,-1,1464.0,18.7
158206,4155,DemonHunter,Devourer,Annihilator,DPS,US,Altar of Fangs,10,1,1462.2,243683,0,299.0,2026-08-19,0,-1,1464.0,18.7
158213,9874,DeathKnight,Blood,San'layn,Tank,US,Altar of Fangs,11,1,1524.1,101053,0,297.0,2026-08-20,0,-1,1550.0,13.9
158213,142257,Druid,Restoration,Wildstalker,Healer,US,Altar of Fangs,11,1,1524.1,16958,3,292.0,2026-08-20,0,-1,1550.0,13.9
158213,142258,DemonHunter,Devourer,Annihilator,DPS,US,Altar of Fangs,11,1,1524.1,224206,0,295.0,2026-08-20,0,-1,1550.0,13.9
158213,215107,Shaman,Elemental,Farseer,DPS,US,Altar of Fangs,11,1,1524.1,227475,1,291.0,2026-08-20,0,-1,1550.0,13.9
158213,8657,Evoker,Devastation,Scalecommander,DPS,US,Altar of Fangs,11,1,1524.1,200562,3,300.0,2026-08-20,0,-1,1550.0,13.9
158217,50544,DeathKnight,Blood,San'layn,Tank,CN,Temple of Sethraliss,10,1,1718.3,119802,0,291.0,2026-08-20,0,-1,1730.0,9.9
158217,215110,Shaman,Restoration,Farseer,Healer,CN,Temple of Sethraliss,10,1,1718.3,7537,0,292.0,2026-08-20,0,-1,1730.0,9.9
158217,215111,Druid,Balance,Elune's Chosen,DPS,CN,Temple of Sethraliss,10,1,1718.3,169577,0,292.0,2026-08-20,0,-1,1730.0,9.9
158217,50546,Shaman,Elemental,Farseer,DPS,CN,Temple of Sethraliss,10,1,1718.3,131955,1,286.0,2026-08-20,0,-1,1730.0,9.9
158217,141853,DemonHunter,Havoc,Fel-Scarred,DPS,CN,Temple of Sethraliss,10,1,1718.3,127219,3,285.0,2026-08-20,0,-1,1730.0,9.9
158225,111710,Druid,Guardian,Elune's Chosen,Tank,EU,Altar of Fangs,10,1,1297.3,137564,0,300.0,2026-08-20,0,-1,1294.0,28.1
158225,172857,Monk,Mistweaver,Conduit of the Celestials,Healer,EU,Altar of Fangs,10,1,1297.3,32216,0,293.0,2026-08-20,0,-1,1294.0,28.1
158225,150982,Hunter,BeastMastery,Pack Leader,DPS,EU,Altar of Fangs,10,1,1297.3,232571,1,296.0,2026-08-20,0,-1,1294.0,28.1
158225,111714,Evoker,Augmentation,Chronowarden,DPS,EU,Altar of Fangs,10,1,1297.3,156922,0,296.0,2026-08-20,0,-1,1294.0,28.1
158225,62167,Warrior,Arms,Slayer,DPS,EU,Altar of Fangs,10,1,1297.3,260293,0,301.0,2026-08-20,0,-1,1294.0,28.1
158239,189237,DeathKnight,Blood,San'layn,Tank,CN,Ruby Life Pools,11,1,1370.3,147383,0,295.0,2026-08-20,0,-1,1362.0,18.9
158239,215122,Paladin,Holy,Herald of the Sun,Healer,CN,Ruby Life Pools,11,1,1370.3,24079,0,297.0,2026-08-20,0,-1,1362.0,18.9
158239,189241,DeathKnight,Unholy,Rider of the Apocalypse,DPS,CN,Ruby Life Pools,11,1,1370.3,208727,0,292.0,2026-08-20,0,-1,1362.0,18.9
158239,215123,Hunter,BeastMastery,Pack Leader,DPS,CN,Ruby Life Pools,11,1,1370.3,181694,0,293.0,2026-08-20,0,-1,1362.0,18.9
158239,189239,Mage,Arcane,Sunfury,DPS,CN,Ruby Life Pools,11,1,1370.3,183676,0,295.0,2026-08-20,0,-1,1362.0,18.9
158241,81057,DeathKnight,Blood,San'layn,Tank,US,Voidscar Arena,9,1,1683.4,81594,0,294.0,2026-08-19,0,-1,1690.0,6.1
158241,81058,Shaman,Restoration,Totemic,Healer,US,Voidscar Arena,9,1,1683.4,17461,0,292.0,2026-08-19,0,-1,1690.0,6.1
158241,81059,Warlock,Destruction,Diabolist,DPS,US,Voidscar Arena,9,1,1683.4,126893,2,289.0,2026-08-19,0,-1,1690.0,6.1
158241,145099,Hunter,BeastMastery,Pack Leader,DPS,US,Voidscar Arena,9,1,1683.4,115944,1,295.0,2026-08-19,0,-1,1690.0,6.1
158241,81060,Paladin,Retribution,Templar,DPS,US,Voidscar Arena,9,1,1683.4,115641,0,296.0,2026-08-19,0,-1,1690.0,6.1
158247,190139,DeathKnight,Blood,San'layn,Tank,EU,Kings' Rest,10,1,1516.2,75706,1,294.0,2026-08-20,0,-1,1527.0,22.9
158247,46301,Paladin,Holy,Herald of the Sun,Healer,EU,Kings' Rest,10,1,1516.2,9123,1,296.0,2026-08-20,0,-1,1527.0,22.9
158247,167822,Shaman,Elemental,Farseer,DPS,EU,Kings' Rest,10,1,1516.2,146906,0,297.0,2026-08-20,0,-1,1527.0,22.9
158247,167823,Priest,Shadow,Archon,DPS,EU,Kings' Rest,10,1,1516.2,119136,1,292.0,2026-08-20,0,-1,1527.0,22.9
158247,173078,Warrior,Arms,Slayer,DPS,EU,Kings' Rest,10,1,1516.2,139594,1,302.0,2026-08-20,0,-1,1527.0,22.9
158269,215131,Paladin,Protection,Lightsmith,Tank,US,Kings' Rest,5,1,1339.4,60266,0,285.0,2026-08-19,0,-1,1331.0,32.8
158269,215132,Priest,Discipline,Oracle,Healer,US,Kings' Rest,5,1,1339.4,12992,1,286.0,2026-08-19,0,-1,1331.0,32.8
158269,75080,Shaman,Elemental,Farseer,DPS,US,Kings' Rest,5,1,1339.4,76484,0,275.0,2026-08-19,0,-1,1331.0,32.8
158269,215133,Hunter,BeastMastery,Pack Leader,DPS,US,Kings' Rest,5,1,1339.4,74898,1,281.0,2026-08-19,0,-1,1331.0,32.8
158269,75079,Rogue,Subtlety,Trickster,DPS,US,Kings' Rest,5,1,1339.4,86971,0,288.0,2026-08-19,0,-1,1331.0,32.8
158279,134433,DeathKnight,Blood,San'layn,Tank,US,Murder Row,10,0,2616.8,53616,5,296.0,2026-08-19,0,-1,2708.0,-32.8
158279,215136,Monk,Mistweaver,Conduit of the Celestials,Healer,US,Murder Row,10,0,2616.8,29566,6,286.0,2026-08-19,0,-1,2708.0,-32.8
158279,1524,Warrior,Arms,Slayer,DPS,US,Murder Row,10,0,2616.8,139444,7,298.0,2026-08-19,0,-1,2708.0,-32.8
158279,5298,DeathKnight,Unholy,Rider of the Apocalypse,DPS,US,Murder Row,10,0,2616.8,113234,7,297.0,2026-08-19,0,-1,2708.0,-32.8
158279,439,Hunter,BeastMastery,Pack Leader,DPS,US,Murder Row,10,0,2616.8,139097,6,301.0,2026-08-19,0,-1,2708.0,-32.8
158286,183228,DeathKnight,Blood,San'layn,Tank,US,Murder Row,2,1,1767.4,50287,1,282.0,2026-08-20,0,-1,1759.0,13.8
158286,215140,Paladin,Holy,Herald of the Sun,Healer,US,Murder Row,2,1,1767.4,6602,2,290.0,2026-08-20,0,-1,1759.0,13.8
158286,215141,Hunter,BeastMastery,Pack Leader,DPS,US,Murder Row,2,1,1767.4,72983,1,289.0,2026-08-20,0,-1,1759.0,13.8
158286,215142,DeathKnight,Frost,Deathbringer,DPS,US,Murder Row,2,1,1767.4,59992,2,296.0,2026-08-20,0,-1,1759.0,13.8
158286,114421,Paladin,Retribution,Templar,DPS,US,Murder Row,2,1,1767.4,74796,1,295.0,2026-08-20,0,-1,1759.0,13.8
158303,70927,DeathKnight,Blood,Deathbringer,Tank,EU,Kings' Rest,5,1,1424.9,51863,0,294.0,2026-08-19,0,-1,1416.0,28.5
158303,31226,Shaman,Restoration,Totemic,Healer,EU,Kings' Rest,5,1,1424.9,12530,0,295.0,2026-08-19,0,-1,1416.0,28.5
158303,129078,Warrior,Arms,Slayer,DPS,EU,Kings' Rest,5,1,1424.9,83671,0,287.0,2026-08-19,0,-1,1416.0,28.5
158303,28691,Shaman,Elemental,Farseer,DPS,EU,Kings' Rest,5,1,1424.9,106167,0,291.0,2026-08-19,0,-1,1416.0,28.5
158303,31227,Priest,Shadow,Archon,DPS,EU,Kings' Rest,5,1,1424.9,82216,0,287.0,2026-08-19,0,-1,1416.0,28.5
158313,182480,Warrior,Protection,Mountain Thane,Tank,EU,Temple of Sethraliss,2,1,1078.4,66750,0,295.0,2026-08-20,0,-1,1071.0,44.2
158313,215168,Paladin,Holy,Lightsmith,Healer,EU,Temple of Sethraliss,2,1,1078.4,18953,0,269.0,2026-08-20,0,-1,1071.0,44.2
158313,182484,DemonHunter,Devourer,Void-Scarred,DPS,EU,Temple of Sethraliss,2,1,1078.4,95636,0,294.0,2026-08-20,0,-1,1071.0,44.2
158313,215169,Hunter,BeastMastery,Pack Leader,DPS,EU,Temple of Sethraliss,2,1,1078.4,105986,0,292.0,2026-08-20,0,-1,1071.0,44.2
158313,215170,Paladin,Retribution,Templar,DPS,EU,Temple of Sethraliss,2,1,1078.4,97833,0,291.0,2026-08-20,0,-1,1071.0,44.2
158332,74987,Druid,Guardian,Elune's Chosen,Tank,EU,Den of Nalorakk,9,1,1332.0,95500,0,306.0,2026-08-20,0,-1,1333.0,30.6
158332,92394,Paladin,Holy,Herald of the Sun,Healer,EU,Den of Nalorakk,9,1,1332.0,18790,0,300.0,2026-08-20,0,-1,1333.0,30.6
158332,215181,DeathKnight,Unholy,Rider of the Apocalypse,DPS,EU,Den of Nalorakk,9,1,1332.0,165958,0,297.0,2026-08-20,0,-1,1333.0,30.6
158332,215182,Hunter,BeastMastery,Pack Leader,DPS,EU,Den of Nalorakk,9,1,1332.0,162942,0,296.0,2026-08-20,0,-1,1333.0,30.6
158332,133223,Warrior,Arms,Slayer,DPS,EU,Den of Nalorakk,9,1,1332.0,173927,2,293.0,2026-08-20,0,-1,1333.0,30.6
158335,185908,DeathKnight,Blood,Deathbringer,Tank,US,Ruby Life Pools,8,1,1040.9,92816,0,297.0,2026-08-20,0,-1,1033.0,38.5
158335,74087,Shaman,Restoration,Totemic,Healer,US,Ruby Life Pools,8,1,1040.9,25383,0,303.0,2026-08-20,0,-1,1033.0,38.5
158335,25462,DemonHunter,Devourer,Void-Scarred,DPS,US,Ruby Life Pools,8,1,1040.9,161619,0,295.0,2026-08-20,0,-1,1033.0,38.5
158335,25461,DeathKnight,Unholy,Rider of the Apocalypse,DPS,US,Ruby Life Pools,8,1,1040.9,170657,0,300.0,2026-08-20,0,-1,1033.0,38.5
158335,25460,Warrior,Arms,Slayer,DPS,US,Ruby Life Pools,8,1,1040.9,208116,0,300.0,2026-08-20,0,-1,1033.0,38.5
158336,136972,Monk,Brewmaster,Master of Harmony,Tank,EU,Ruby Life Pools,10,1,1293.5,89107,0,299.0,2026-08-20,0,-1,1290.0,23.2
158336,86354,Paladin,Holy,Herald of the Sun,Healer,EU,Ruby Life Pools,10,1,1293.5,26374,1,300.0,2026-08-20,0,-1,1290.0,23.2
158336,86073,Druid,Balance,Elune's Chosen,DPS,EU,Ruby Life Pools,10,1,1293.5,180060,0,297.0,2026-08-20,0,-1,1290.0,23.2
158336,27083,Mage,Arcane,Sunfury,DPS,EU,Ruby Life Pools,10,1,1293.5,211338,0,298.0,2026-08-20,0,-1,1290.0,23.2
158336,27082,Evoker,Augmentation,Scalecommander,DPS,EU,Ruby Life Pools,10,1,1293.5,163763,0,293.0,2026-08-20,0,-1,1290.0,23.2
158340,98821,Paladin,Protection,Lightsmith,Tank,EU,Murder Row,2,1,1135.4,64629,1,292.0,2026-08-19,0,-1,1127.0,44.8
158340,98822,Shaman,Restoration,Totemic,Healer,EU,Murder Row,2,1,1135.4,13765,0,291.0,2026-08-19,0,-1,1127.0,44.8
158340,98824,Priest,Shadow,Archon,DPS,EU,Murder Row,2,1,1135.4,104800,0,295.0,2026-08-19,0,-1,1127.0,44.8
158340,98825,DeathKnight,Unholy,Rider of the Apocalypse,DPS,EU,Murder Row,2,1,1135.4,113848,0,291.0,2026-08-19,0,-1,1127.0,44.8
158340,98823,Hunter,BeastMastery,Pack Leader,DPS,EU,Murder Row,2,1,1135.4,79571,0,294.0,2026-08-19,0,-1,1127.0,44.8
158345,93592,DeathKnight,Blood,San'layn,Tank,EU,Altar of Fangs,10,1,1535.0,88559,3,294.0,2026-08-20,0,-1,1581.0,12.2
158345,215188,Druid,Restoration,Keeper of the Grove,Healer,EU,Altar of Fangs,10,1,1535.0,44184,2,290.0,2026-08-20,0,-1,1581.0,12.2
158345,15433,Priest,Shadow,Archon,DPS,EU,Altar of Fangs,10,1,1535.0,198271,2,295.0,2026-08-20,0,-1,1581.0,12.2
158345,173957,Evoker,Devastation,Scalecommander,DPS,EU,Altar of Fangs,10,1,1535.0,237643,1,301.0,2026-08-20,0,-1,1581.0,12.2
158345,86941,DemonHunter,Devourer,Annihilator,DPS,EU,Altar of Fangs,10,1,1535.0,138457,3,294.0,2026-08-20,0,-1,1581.0,12.2
158354,97044,Paladin,Protection,Templar,Tank,EU,Temple of Sethraliss,8,1,1330.3,86571,0,290.0,2026-08-19,0,-1,1336.0,30.4
158354,36948,Priest,Discipline,Oracle,Healer,EU,Temple of Sethraliss,8,1,1330.3,15262,0,296.0,2026-08-19,0,-1,1336.0,30.4
158354,54258,Rogue,Subtlety,Deathstalker,DPS,EU,Temple of Sethraliss,8,1,1330.3,146054,1,290.0,2026-08-19,0,-1,1336.0,30.4
158354,77467,Paladin,Retribution,Templar,DPS,EU,Temple of Sethraliss,8,1,1330.3,142154,0,288.0,2026-08-19,0,-1,1336.0,30.4
158354,26052,DemonHunter,Devourer,Annihilator,DPS,EU,Temple of Sethraliss,8,1,1330.3,192232,2,294.0,2026-08-19,0,-1,1336.0,30.4
158359,57087,DeathKnight,Blood,Deathbringer,Tank,EU,Ruby Life Pools,4,1,803.9,87006,0,289.0,2026-08-19,0,-1,795.0,52.7
158359,57088,Priest,Discipline,Voidweaver,Healer,EU,Ruby Life Pools,4,1,803.9,22368,0,293.0,2026-08-19,0,-1,795.0,52.7
158359,57090,Hunter,BeastMastery,Pack Leader,DPS,EU,Ruby Life Pools,4,1,803.9,134975,0,293.0,2026-08-19,0,-1,795.0,52.7
158359,35729,Warrior,Arms,Slayer,DPS,EU,Ruby Life Pools,4,1,803.9,151006,0,291.0,2026-08-19,0,-1,795.0,52.7
158359,57089,Warlock,Destruction,Diabolist,DPS,EU,Ruby Life Pools,4,1,803.9,108812,0,285.0,2026-08-19,0,-1,795.0,52.7
158363,18245,DeathKnight,Blood,San'layn,Tank,EU,Voidscar Arena,11,0,1800.2,100702,1,296.0,2026-08-19,0,-1,1881.0,-4.5
158363,18246,Priest,Discipline,Oracle,Healer,EU,Voidscar Arena,11,0,1800.2,15661,2,295.0,2026-08-19,0,-1,1881.0,-4.5
158363,200211,Mage,Arcane,Sunfury,DPS,EU,Voidscar Arena,11,0,1800.2,135482,5,292.0,2026-08-19,0,-1,1881.0,-4.5
158363,34056,Druid,Balance,Elune's Chosen,DPS,EU,Voidscar Arena,11,0,1800.2,157226,6,299.0,2026-08-19,0,-1,1881.0,-4.5
158363,22677,Warlock,Demonology,Diabolist,DPS,EU,Voidscar Arena,11,0,1800.2,178776,4,295.0,2026-08-19,0,-1,1881.0,-4.5
158386,172927,Druid,Guardian,Elune's Chosen,Tank,EU,Ruby Life Pools,10,1,1108.3,134566,0,293.0,2026-08-20,0,-1,1110.0,33.9
158386,172928,Paladin,Holy,Herald of the Sun,Healer,EU,Ruby Life Pools,10,1,1108.3,16181,0,294.0,2026-08-20,0,-1,1110.0,33.9
158386,172930,Shaman,Enhancement,Stormbringer,DPS,EU,Ruby Life Pools,10,1,1108.3,244736,0,294.0,2026-08-20,0,-1,1110.0,33.9
158386,172929,Priest,Shadow,Archon,DPS,EU,Ruby Life Pools,10,1,1108.3,245614,0,293.0,2026-08-20,0,-1,1110.0,33.9
158386,14191,Druid,Balance,Elune's Chosen,DPS,EU,Ruby Life Pools,10,1,1108.3,193144,2,294.0,2026-08-20,0,-1,1110.0,33.9
158387,68252,DeathKnight,Blood,Unknown,Tank,EU,Den of Nalorakk,11,0,2383.1,72915,3,291.0,2026-08-19,0,-1,2434.0,-26.8
158387,59954,Paladin,Holy,Unknown,Healer,EU,Den of Nalorakk,11,0,2383.1,10934,5,295.0,2026-08-19,0,-1,2434.0,-26.8
158387,95317,Paladin,Retribution,Unknown,DPS,EU,Den of Nalorakk,11,0,2383.1,121821,5,293.0,2026-08-19,0,-1,2434.0,-26.8
158387,86319,Mage,Arcane,Unknown,DPS,EU,Den of Nalorakk,11,0,2383.1,124567,2,295.0,2026-08-19,0,-1,2434.0,-26.8
158387,18822,DeathKnight,Frost,Unknown,DPS,EU,Den of Nalorakk,11,0,2383.1,107747,4,295.0,2026-08-19,0,-1,2434.0,-26.8
158390,114508,Paladin,Protection,Lightsmith,Tank,US,Altar of Fangs,10,1,1301.5,128069,0,302.0,2026-08-20,0,-1,1298.0,27.9
158390,6329,Druid,Restoration,Wildstalker,Healer,US,Altar of Fangs,10,1,1301.5,5867,1,294.0,2026-08-20,0,-1,1298.0,27.9
158390,6331,DeathKnight,Unholy,Rider of the Apocalypse,DPS,US,Altar of Fangs,10,1,1301.5,215864,0,292.0,2026-08-20,0,-1,1298.0,27.9
158390,204518,Warrior,Arms,Slayer,DPS,US,Altar of Fangs,10,1,1301.5,228454,0,306.0,2026-08-20,0,-1,1298.0,27.9
158390,1875,Hunter,BeastMastery,Pack Leader,DPS,US,Altar of Fangs,10,1,1301.5,254878,0,306.0,2026-08-20,0,-1,1298.0,27.9
158396,176366,Warrior,Protection,Mountain Thane,Tank,US,Temple of Sethraliss,11,0,1905.9,121400,2,294.0,2026-08-19,0,-1,1972.0,-2.7
158396,176367,Paladin,Holy,Herald of the Sun,Healer,US,Temple of Sethraliss,11,0,1905.9,10764,3,289.0,2026-08-19,0,-1,1972.0,-2.7
158396,176368,Warrior,Arms,Slayer,DPS,US,Temple of Sethraliss,11,0,1905.9,106831,5,288.0,2026-08-19,0,-1,1972.0,-2.7
158396,176369,Monk,Windwalker,Shado-Pan,DPS,US,Temple of Sethraliss,11,0,1905.9,137422,2,292.0,2026-08-19,0,-1,1972.0,-2.7
158396,176370,Shaman,Elemental,Farseer,DPS,US,Temple of Sethraliss,11,0,1905.9,185149,3,297.0,2026-08-19,0,-1,1972.0,-2.7
158400,18907,DeathKnight,Blood,San'layn,Tank,EU,Murder Row,10,1,1259.2,126545,0,298.0,2026-08-20,0,-1,1251.0,38.7
158400,18908,Priest,Discipline,Oracle,Healer,EU,Murder Row,10,1,1259.2,17376,0,302.0,2026-08-20,0,-1,1251.0,38.7
158400,18910,Warlock,Demonology,Diabolist,DPS,EU,Murder Row,10,1,1259.2,226930,0,302.0,2026-08-20,0,-1,1251.0,38.7
158400,18909,Warlock,Demonology,Diabolist,DPS,EU,Murder Row,10,1,1259.2,215764,0,296.0,2026-08-20,0,-1,1251.0,38.7
158400,119796,Mage,Arcane,Sunfury,DPS,EU,Murder Row,10,1,1259.2,166469,0,295.0,2026-08-20,0,-1,1251.0,38.7
158403,14774,Warrior,Protection,Colossus,Tank,EU,The Blinding Vale,10,1,1098.3,155954,0,293.0,2026-08-19,0,-1,1110.0,38.4
158403,14775,Shaman,Restoration,Totemic,Healer,EU,The Blinding Vale,10,1,1098.3,30914,0,296.0,2026-08-19,0,-1,1110.0,38.4
158403,14777,Rogue,Assassination,Deathstalker,DPS,EU,The Blinding Vale,10,1,1098.3,222131,2,296.0,2026-08-19,0,-1,1110.0,38.4
158403,14778,Hunter,BeastMastery,Pack Leader,DPS,EU,The Blinding Vale,10,1,1098.3,261147,0,296.0,2026-08-19,0,-1,1110.0,38.4
158403,14776,Hunter,BeastMastery,Pack Leader,DPS,EU,The Blinding Vale,10,1,1098.3,222090,2,297.0,2026-08-19,0,-1,1110.0,38.4
158407,190057,DeathKnight,Blood,San'layn,Tank,EU,Temple of Sethraliss,9,1,1874.9,94347,1,292.0,2026-08-19,0,-1,1912.0,0.4
158407,124037,Druid,Restoration,Wildstalker,Healer,EU,Temple of Sethraliss,9,1,1874.9,2916,4,290.0,2026-08-19,0,-1,1912.0,0.4
158407,77608,Warrior,Arms,Slayer,DPS,EU,Temple of Sethraliss,9,1,1874.9,130355,2,291.0,2026-08-19,0,-1,1912.0,0.4
158407,145784,Paladin,Retribution,Templar,DPS,EU,Temple of Sethraliss,9,1,1874.9,151138,1,296.0,2026-08-19,0,-1,1912.0,0.4
158407,197274,Mage,Arcane,Sunfury,DPS,EU,Temple of Sethraliss,9,1,1874.9,119121,1,291.0,2026-08-19,0,-1,1912.0,0.4
158417,39081,DeathKnight,Blood,Deathbringer,Tank,EU,Voidscar Arena,8,1,1363.5,89172,0,294.0,2026-08-19,0,-1,1354.0,24.8
158417,39082,Druid,Restoration,Wildstalker,Healer,EU,Voidscar Arena,8,1,1363.5,17280,0,287.0,2026-08-19,0,-1,1354.0,24.8
158417,39084,Paladin,Retribution,Templar,DPS,EU,Voidscar Arena,8,1,1363.5,116715,0,292.0,2026-08-19,0,-1,1354.0,24.8
158417,39083,Shaman,Elemental,Farseer,DPS,EU,Voidscar Arena,8,1,1363.5,154660,0,297.0,2026-08-19,0,-1,1354.0,24.8
158417,39085,Paladin,Retribution,Templar,DPS,EU,Voidscar Arena,8,1,1363.5,164582,0,284.0,2026-08-19,0,-1,1354.0,24.8
158440,4703,Druid,Guardian,Elune's Chosen,Tank,US,Den of Nalorakk,2,1,1118.3,39835,0,285.0,2026-08-18,0,-1,1110.0,42.2
158440,4704,Paladin,Holy,Herald of the Sun,Healer,US,Den of Nalorakk,2,1,1118.3,20086,0,293.0,2026-08-18,0,-1,1110.0,42.2
158440,4705,Mage,Arcane,Sunfury,DPS,US,Den of Nalorakk,2,1,1118.3,118300,0,295.0,2026-08-18,0,-1,1110.0,42.2
158440,4707,Priest,Shadow,Archon,DPS,US,Den of Nalorakk,2,1,1118.3,108018,0,287.0,2026-08-18,0,-1,1110.0,42.2
158440,4706,Hunter,Survival,Sentinel,DPS,US,Den of Nalorakk,2,1,1118.3,102765,1,294.0,2026-08-18,0,-1,1110.0,42.2
158464,15201,DeathKnight,Blood,Unknown,Tank,EU,Temple of Sethraliss,10,1,1275.9,138517,0,300.0,2026-08-20,0,-1,1283.0,33.2
158464,198455,Paladin,Holy,Unknown,Healer,EU,Temple of Sethraliss,10,1,1275.9,14425,1,303.0,2026-08-20,0,-1,1283.0,33.2
158464,164706,Paladin,Retribution,Unknown,DPS,EU,Temple of Sethraliss,10,1,1275.9,122420,2,284.0,2026-08-20,0,-1,1283.0,33.2
158464,15205,Hunter,Marksmanship,Unknown,DPS,EU,Temple of Sethraliss,10,1,1275.9,251628,0,308.0,2026-08-20,0,-1,1283.0,33.2
158464,186118,Shaman,Enhancement,Unknown,DPS,EU,Temple of Sethraliss,10,1,1275.9,198697,0,302.0,2026-08-20,0,-1,1283.0,33.2
158465,92445,Druid,Guardian,Elune's Chosen,Tank,EU,Altar of Fangs,10,1,1692.7,75190,0,302.0,2026-08-19,0,-1,1709.0,5.1
158465,92446,Priest,Holy,Oracle,Healer,EU,Altar of Fangs,10,1,1692.7,16630,1,298.0,2026-08-19,0,-1,1709.0,5.1
158465,92447,Mage,Arcane,Sunfury,DPS,EU,Altar of Fangs,10,1,1692.7,237944,0,300.0,2026-08-19,0,-1,1709.0,5.1
158465,92449,Hunter,BeastMastery,Pack Leader,DPS,EU,Altar of Fangs,10,1,1692.7,89000,3,298.0,2026-08-19,0,-1,1709.0,5.1
158465,92448,Warlock,Demonology,Diabolist,DPS,EU,Altar of Fangs,10,1,1692.7,212559,1,295.0,2026-08-19,0,-1,1709.0,5.1
158469,30305,DemonHunter,Vengeance,Annihilator,Tank,EU,Murder Row,10,0,2449.9,77219,3,301.0,2026-08-20,0,-1,2516.0,-23.3
158469,72585,Paladin,Holy,Herald of the Sun,Healer,EU,Murder Row,10,0,2449.9,6266,3,298.0,2026-08-20,0,-1,2516.0,-23.3
158469,199605,Mage,Arcane,Sunfury,DPS,EU,Murder Row,10,0,2449.9,141814,3,292.0,2026-08-20,0,-1,2516.0,-23.3
158469,215249,Warrior,Arms,Slayer,DPS,EU,Murder Row,10,0,2449.9,113098,9,302.0,2026-08-20,0,-1,2516.0,-23.3
158469,72587,DemonHunter,Devourer,Void-Scarred,DPS,EU,Murder Row,10,0,2449.9,118707,5,301.0,2026-08-20,0,-1,2516.0,-23.3
158477,75604,DemonHunter,Vengeance,Aldrachi Reaver,Tank,EU,Temple of Sethraliss,10,1,1577.4,73330,2,300.0,2026-08-20,0,-1,1624.0,15.4
158477,215258,Shaman,Restoration,Farseer,Healer,EU,Temple of Sethraliss,10,1,1577.4,9059,1,291.0,2026-08-20,0,-1,1624.0,15.4
158477,56023,Rogue,Subtlety,Deathstalker,DPS,EU,Temple of Sethraliss,10,1,1577.4,196277,3,300.0,2026-08-20,0,-1,1624.0,15.4
158477,79943,Warrior,Arms,Slayer,DPS,EU,Temple of Sethraliss,10,1,1577.4,154080,3,298.0,2026-08-20,0,-1,1624.0,15.4
158477,46313,Evoker,Devastation,Scalecommander,DPS,EU,Temple of Sethraliss,10,1,1577.4,175352,2,302.0,2026-08-20,0,-1,1624.0,15.4
158489,151378,DemonHunter,Vengeance,Unknown,Tank,EU,The Blinding Vale,11,1,1535.3,99533,0,299.0,2026-08-20,0,-1,1566.0,13.0
158489,208914,Shaman,Restoration,Unknown,Healer,EU,The Blinding Vale,11,1,1535.3,32585,2,291.0,2026-08-20,0,-1,1566.0,13.0
158489,154222,Warrior,Arms,Unknown,DPS,EU,The Blinding Vale,11,1,1535.3,163854,4,290.0,2026-08-20,0,-1,1566.0,13.0
158489,200736,Paladin,Retribution,Unknown,DPS,EU,The Blinding Vale,11,1,1535.3,178184,1,294.0,2026-08-20,0,-1,1566.0,13.0
158489,63900,Warlock,Destruction,Unknown,DPS,EU,The Blinding Vale,11,1,1535.3,186381,1,300.0,2026-08-20,0,-1,1566.0,13.0
158504,1142,DeathKnight,Blood,San'layn,Tank,US,Altar of Fangs,10,0,1746.9,93544,4,300.0,2026-08-18,0,-1,1843.0,-2.4
158504,3133,Priest,Holy,Oracle,Healer,US,Altar of Fangs,10,0,1746.9,18982,2,292.0,2026-08-18,0,-1,1843.0,-2.4
158504,1275,Hunter,BeastMastery,Pack Leader,DPS,US,Altar of Fangs,10,0,1746.9,187131,3,296.0,2026-08-18,0,-1,1843.0,-2.4
158504,3134,Monk,Windwalker,Shado-Pan,DPS,US,Altar of Fangs,10,0,1746.9,145959,5,293.0,2026-08-18,0,-1,1843.0,-2.4
158504,1146,Warrior,Arms,Slayer,DPS,US,Altar of Fangs,10,0,1746.9,187170,5,295.0,2026-08-18,0,-1,1843.0,-2.4
158505,62624,DeathKnight,Blood,San'layn,Tank,US,Ruby Life Pools,7,1,1423.9,86192,1,288.0,2026-08-19,0,-1,1461.0,13.1
158505,62625,Shaman,Restoration,Totemic,Healer,US,Ruby Life Pools,7,1,1423.9,18698,1,290.0,2026-08-19,0,-1,1461.0,13.1
158505,215275,Warlock,Demonology,Diabolist,DPS,US,Ruby Life Pools,7,1,1423.9,110619,2,287.0,2026-08-19,0,-1,1461.0,13.1
158505,112906,Shaman,Elemental,Farseer,DPS,US,Ruby Life Pools,7,1,1423.9,99658,3,287.0,2026-08-19,0,-1,1461.0,13.1
158505,200203,Hunter,BeastMastery,Pack Leader,DPS,US,Ruby Life Pools,7,1,1423.9,130136,2,289.0,2026-08-19,0,-1,1461.0,13.1
158512,123196,Paladin,Protection,Templar,Tank,EU,Voidscar Arena,2,1,776.2,52337,0,294.0,2026-08-19,0,-1,768.0,57.4
158512,12764,Priest,Discipline,Oracle,Healer,EU,Voidscar Arena,2,1,776.2,15624,0,288.0,2026-08-19,0,-1,768.0,57.4
158512,76432,Druid,Balance,Elune's Chosen,DPS,EU,Voidscar Arena,2,1,776.2,138050,0,287.0,2026-08-19,0,-1,768.0,57.4
158512,12767,Druid,Balance,Elune's Chosen,DPS,EU,Voidscar Arena,2,1,776.2,150937,0,294.0,2026-08-19,0,-1,768.0,57.4
158512,12766,Hunter,BeastMastery,Pack Leader,DPS,EU,Voidscar Arena,2,1,776.2,112854,0,290.0,2026-08-19,0,-1,768.0,57.4
158519,56502,DemonHunter,Vengeance,Annihilator,Tank,EU,Altar of Fangs,2,1,1313.0,64341,2,296.0,2026-08-19,0,-1,1304.0,27.6
158519,215279,Priest,Discipline,Voidweaver,Healer,EU,Altar of Fangs,2,1,1313.0,12292,5,282.0,2026-08-19,0,-1,1304.0,27.6
158519,105540,Warrior,Arms,Slayer,DPS,EU,Altar of Fangs,2,1,1313.0,127479,3,290.0,2026-08-19,0,-1,1304.0,27.6
158519,215280,Paladin,Retribution,Templar,DPS,EU,Altar of Fangs,2,1,1313.0,102980,3,285.0,2026-08-19,0,-1,1304.0,27.6
158519,50294,Warrior,Arms,Colossus,DPS,EU,Altar of Fangs,2,1,1313.0,113913,3,293.0,2026-08-19,0,-1,1304.0,27.6
158531,85049,Druid,Guardian,Elune's Chosen,Tank,US,Murder Row,8,1,1592.5,74356,0,293.0,2026-08-18,0,-1,1604.0,21.4
158531,104406,Evoker,Preservation,Flameshaper,Healer,US,Murder Row,8,1,1592.5,28390,1,292.0,2026-08-18,0,-1,1604.0,21.4
158531,42594,Paladin,Retribution,Templar,DPS,US,Murder Row,8,1,1592.5,148237,1,294.0,2026-08-18,0,-1,1604.0,21.4
158531,85051,Warlock,Destruction,Hellcaller,DPS,US,Murder Row,8,1,1592.5,126050,1,295.0,2026-08-18,0,-1,1604.0,21.4
158531,85052,Monk,Windwalker,Shado-Pan,DPS,US,Murder Row,8,1,1592.5,115781,1,285.0,2026-08-18,0,-1,1604.0,21.4
158538,36761,DeathKnight,Blood,San'layn,Tank,EU,Temple of Sethraliss,11,0,1941.5,117715,0,295.0,2026-08-19,0,-1,2003.0,-4.3
158538,55363,Priest,Discipline,Voidweaver,Healer,EU,Temple of Sethraliss,11,0,1941.5,23528,3,293.0,2026-08-19,0,-1,2003.0,-4.3
158538,36764,DeathKnight,Frost,Deathbringer,DPS,EU,Temple of Sethraliss,11,0,1941.5,157389,2,292.0,2026-08-19,0,-1,2003.0,-4.3
158538,36765,Druid,Balance,Elune's Chosen,DPS,EU,Temple of Sethraliss,11,0,1941.5,98211,6,285.0,2026-08-19,0,-1,2003.0,-4.3
158538,36762,Priest,Shadow,Archon,DPS,EU,Temple of Sethraliss,11,0,1941.5,153181,3,290.0,2026-08-19,0,-1,2003.0,-4.3
158548,25011,DeathKnight,Blood,San'layn,Tank,EU,Kings' Rest,10,1,1716.5,57458,1,293.0,2026-08-19,0,-1,1770.0,10.6
158548,25012,Shaman,Restoration,Totemic,Healer,EU,Kings' Rest,10,1,1716.5,27343,2,295.0,2026-08-19,0,-1,1770.0,10.6
158548,25015,Monk,Windwalker,Shado-Pan,DPS,EU,Kings' Rest,10,1,1716.5,109203,3,295.0,2026-08-19,0,-1,1770.0,10.6
158548,137366,Warlock,Demonology,Diabolist,DPS,EU,Kings' Rest,10,1,1716.5,140948,3,298.0,2026-08-19,0,-1,1770.0,10.6
158548,25014,Mage,Arcane,Spellslinger,DPS,EU,Kings' Rest,10,1,1716.5,116974,3,297.0,2026-08-19,0,-1,1770.0,10.6
158558,199466,Druid,Guardian,Elune's Chosen,Tank,EU,Voidscar Arena,10,1,1517.8,68778,1,292.0,2026-08-19,0,-1,1554.0,13.7
158558,103957,Monk,Mistweaver,Conduit of the Celestials,Healer,EU,Voidscar Arena,10,1,1517.8,52264,1,296.0,2026-08-19,0,-1,1554.0,13.7
158558,122202,Rogue,Outlaw,Trickster,DPS,EU,Voidscar Arena,10,1,1517.8,122744,4,295.0,2026-08-19,0,-1,1554.0,13.7
158558,215301,Shaman,Enhancement,Stormbringer,DPS,EU,Voidscar Arena,10,1,1517.8,178438,2,297.0,2026-08-19,0,-1,1554.0,13.7
158558,96175,Warrior,Arms,Slayer,DPS,EU,Voidscar Arena,10,1,1517.8,144494,1,296.0,2026-08-19,0,-1,1554.0,13.7
158563,52441,Paladin,Protection,Lightsmith,Tank,EU,Altar of Fangs,5,1,1176.2,87974,0,291.0,2026-08-19,0,-1,1168.0,35.1
158563,94044,Priest,Discipline,Oracle,Healer,EU,Altar of Fangs,5,1,1176.2,13976,0,293.0,2026-08-19,0,-1,1168.0,35.1
158563,138694,Warrior,Arms,Slayer,DPS,EU,Altar of Fangs,5,1,1176.2,151941,1,295.0,2026-08-19,0,-1,1168.0,35.1
158563,139952,Druid,Balance,Elune's Chosen,DPS,EU,Altar of Fangs,5,1,1176.2,123760,0,290.0,2026-08-19,0,-1,1168.0,35.1
158563,139953,Hunter,BeastMastery,Pack Leader,DPS,EU,Altar of Fangs,5,1,1176.2,108645,0,295.0,2026-08-19,0,-1,1168.0,35.1
158567,186244,DeathKnight,Blood,Deathbringer,Tank,US,Den of Nalorakk,8,0,2543.5,48578,5,302.0,2026-08-19,0,-1,2610.0,-36.0
158567,215303,Paladin,Holy,Herald of the Sun,Healer,US,Den of Nalorakk,8,0,2543.5,7001,8,294.0,2026-08-19,0,-1,2610.0,-36.0
158567,180799,DeathKnight,Frost,Rider of the Apocalypse,DPS,US,Den of Nalorakk,8,0,2543.5,61857,6,290.0,2026-08-19,0,-1,2610.0,-36.0
158567,155365,Shaman,Enhancement,Stormbringer,DPS,US,Den of Nalorakk,8,0,2543.5,97101,6,296.0,2026-08-19,0,-1,2610.0,-36.0
158567,48731,Warlock,Demonology,Diabolist,DPS,US,Den of Nalorakk,8,0,2543.5,81248,8,296.0,2026-08-19,0,-1,2610.0,-36.0
158571,159911,Druid,Guardian,Elune's Chosen,Tank,US,Kings' Rest,2,1,1107.8,48555,0,293.0,2026-08-19,0,-1,1099.0,44.5
158571,159912,Druid,Restoration,Keeper of the Grove,Healer,US,Kings' Rest,2,1,1107.8,18653,1,294.0,2026-08-19,0,-1,1099.0,44.5
158571,215304,DeathKnight,Unholy,Rider of the Apocalypse,DPS,US,Kings' Rest,2,1,1107.8,62572,0,292.0,2026-08-19,0,-1,1099.0,44.5
158571,72007,Shaman,Elemental,Farseer,DPS,US,Kings' Rest,2,1,1107.8,129112,0,292.0,2026-08-19,0,-1,1099.0,44.5
158571,215305,DemonHunter,Havoc,Fel-Scarred,DPS,US,Kings' Rest,2,1,1107.8,48890,1,262.0,2026-08-19,0,-1,1099.0,44.5
158577,85092,DeathKnight,Blood,San'layn,Tank,US,Voidscar Arena,10,1,1412.1,87250,0,297.0,2026-08-19,0,-1,1459.0,18.9
158577,68780,Monk,Mistweaver,Conduit of the Celestials,Healer,US,Voidscar Arena,10,1,1412.1,36085,1,296.0,2026-08-19,0,-1,1459.0,18.9
158577,193421,Paladin,Retribution,Templar,DPS,US,Voidscar Arena,10,1,1412.1,116558,5,294.0,2026-08-19,0,-1,1459.0,18.9
158577,8001,Mage,Arcane,Sunfury,DPS,US,Voidscar Arena,10,1,1412.1,188186,1,303.0,2026-08-19,0,-1,1459.0,18.9
158577,121051,DemonHunter,Havoc,Fel-Scarred,DPS,US,Voidscar Arena,10,1,1412.1,144782,4,297.0,2026-08-19,0,-1,1459.0,18.9
158582,215309,DeathKnight,Blood,San'layn,Tank,EU,Den of Nalorakk,7,1,1784.4,54552,0,282.0,2026-08-19,0,-1,1791.0,6.7
158582,117488,Evoker,Preservation,Flameshaper,Healer,EU,Den of Nalorakk,7,1,1784.4,17357,0,290.0,2026-08-19,0,-1,1791.0,6.7
158582,74104,Warrior,Arms,Slayer,DPS,EU,Den of Nalorakk,7,1,1784.4,97998,1,288.0,2026-08-19,0,-1,1791.0,6.7
158582,74105,Druid,Balance,Elune's Chosen,DPS,EU,Den of Nalorakk,7,1,1784.4,90683,1,287.0,2026-08-19,0,-1,1791.0,6.7
158582,74106,Mage,Arcane,Sunfury,DPS,EU,Den of Nalorakk,7,1,1784.4,87093,1,293.0,2026-08-19,0,-1,1791.0,6.7
158593,137974,Warrior,Protection,Mountain Thane,Tank,EU,Kings' Rest,11,1,1757.2,81798,0,293.0,2026-08-19,0,-1,1784.0,9.9
158593,101306,Shaman,Restoration,Totemic,Healer,EU,Kings' Rest,11,1,1757.2,20357,0,293.0,2026-08-19,0,-1,1784.0,9.9
158593,215321,Warlock,Demonology,Diabolist,DPS,EU,Kings' Rest,11,1,1757.2,128012,3,293.0,2026-08-19,0,-1,1784.0,9.9
158593,101307,DeathKnight,Frost,Deathbringer,DPS,EU,Kings' Rest,11,1,1757.2,119983,1,290.0,2026-08-19,0,-1,1784.0,9.9
158593,101308,Evoker,Devastation,Scalecommander,DPS,EU,Kings' Rest,11,1,1757.2,112133,3,291.0,2026-08-19,0,-1,1784.0,9.9
158600,33691,Monk,Brewmaster,Shado-Pan,Tank,EU,Temple of Sethraliss,10,1,1370.2,92719,1,292.0,2026-08-19,0,-1,1387.0,27.8
158600,16208,Paladin,Holy,Herald of the Sun,Healer,EU,Temple of Sethraliss,10,1,1370.2,7177,1,292.0,2026-08-19,0,-1,1387.0,27.8
158600,16210,Shaman,Elemental,Farseer,DPS,EU,Temple of Sethraliss,10,1,1370.2,209879,1,295.0,2026-08-19,0,-1,1387.0,27.8
158600,16209,Rogue,Subtlety,Deathstalker,DPS,EU,Temple of Sethraliss,10,1,1370.2,171681,1,292.0,2026-08-19,0,-1,1387.0,27.8
158600,33692,Shaman,Elemental,Farseer,DPS,EU,Temple of Sethraliss,10,1,1370.2,168132,1,286.0,2026-08-19,0,-1,1387.0,27.8
158615,36761,DeathKnight,Blood,San'layn,Tank,EU,Murder Row,8,1,1670.2,98610,1,295.0,2026-08-19,0,-1,1716.0,15.9
158615,55363,Priest,Discipline,Voidweaver,Healer,EU,Murder Row,8,1,1670.2,24532,4,293.0,2026-08-19,0,-1,1716.0,15.9
158615,36764,DeathKnight,Frost,Deathbringer,DPS,EU,Murder Row,8,1,1670.2,146088,1,292.0,2026-08-19,0,-1,1716.0,15.9
158615,36765,Druid,Balance,Elune's Chosen,DPS,EU,Murder Row,8,1,1670.2,112069,3,285.0,2026-08-19,0,-1,1716.0,15.9
158615,36762,Priest,Shadow,Archon,DPS,EU,Murder Row,8,1,1670.2,143108,2,290.0,2026-08-19,0,-1,1716.0,15.9
158620,129621,Warrior,Protection,Mountain Thane,Tank,US,Murder Row,10,1,1660.8,73483,0,293.0,2026-08-20,0,-1,1652.0,19.0
158620,159057,Paladin,Holy,Herald of the Sun,Healer,US,Murder Row,10,1,1660.8,18830,0,297.0,2026-08-20,0,-1,1652.0,19.0
158620,129622,DemonHunter,Devourer,Annihilator,DPS,US,Murder Row,10,1,1660.8,143855,0,281.0,2026-08-20,0,-1,1652.0,19.0
158620,40521,Druid,Balance,Elune's Chosen,DPS,US,Murder Row,10,1,1660.8,144134,0,303.0,2026-08-20,0,-1,1652.0,19.0
158620,40522,Mage,Arcane,Sunfury,DPS,US,Murder Row,10,1,1660.8,197139,0,302.0,2026-08-20,0,-1,1652.0,19.0
158629,33293,Paladin,Protection,Lightsmith,Tank,EU,Ruby Life Pools,8,1,1280.7,119289,0,290.0,2026-08-19,0,-1,1277.0,24.0
158629,33294,Paladin,Holy,Herald of the Sun,Healer,EU,Ruby Life Pools,8,1,1280.7,8957,0,288.0,2026-08-19,0,-1,1277.0,24.0
158629,143668,Warrior,Arms,Slayer,DPS,EU,Ruby Life Pools,8,1,1280.7,182615,0,294.0,2026-08-19,0,-1,1277.0,24.0
158629,143669,Mage,Arcane,Sunfury,DPS,EU,Ruby Life Pools,8,1,1280.7,150724,0,292.0,2026-08-19,0,-1,1277.0,24.0
158629,31531,Hunter,BeastMastery,Pack Leader,DPS,EU,Ruby Life Pools,8,1,1280.7,176286,1,290.0,2026-08-19,0,-1,1277.0,24.0
158631,26454,DeathKnight,Blood,San'layn,Tank,EU,The Blinding Vale,10,1,1299.6,133696,0,303.0,2026-08-20,0,-1,1306.0,27.5
158631,26455,Paladin,Holy,Herald of the Sun,Healer,EU,The Blinding Vale,10,1,1299.6,22762,1,293.0,2026-08-20,0,-1,1306.0,27.5
158631,45811,Priest,Shadow,Archon,DPS,EU,The Blinding Vale,10,1,1299.6,226581,0,301.0,2026-08-20,0,-1,1306.0,27.5
158631,91082,Warrior,Arms,Slayer,DPS,EU,The Blinding Vale,10,1,1299.6,187072,1,301.0,2026-08-20,0,-1,1306.0,27.5
158631,26457,Mage,Arcane,Sunfury,DPS,EU,The Blinding Vale,10,1,1299.6,157248,1,303.0,2026-08-20,0,-1,1306.0,27.5
158632,188925,DeathKnight,Blood,San'layn,Tank,CN,The Blinding Vale,7,1,1302.7,91958,1,293.0,2026-08-20,0,-1,1324.0,26.5
158632,215343,Paladin,Holy,Lightsmith,Healer,CN,The Blinding Vale,7,1,1302.7,28351,1,292.0,2026-08-20,0,-1,1324.0,26.5
158632,195411,Shaman,Elemental,Farseer,DPS,CN,The Blinding Vale,7,1,1302.7,160284,1,293.0,2026-08-20,0,-1,1324.0,26.5
158632,195410,DemonHunter,Havoc,Fel-Scarred,DPS,CN,The Blinding Vale,7,1,1302.7,140235,2,289.0,2026-08-20,0,-1,1324.0,26.5
158632,188928,Mage,Arcane,Sunfury,DPS,CN,The Blinding Vale,7,1,1302.7,167980,1,293.0,2026-08-20,0,-1,1324.0,26.5
158642,145813,Druid,Guardian,Elune's Chosen,Tank,US,Murder Row,2,1,1427.8,52794,0,289.0,2026-08-19,0,-1,1419.0,30.4
158642,46090,Paladin,Holy,Herald of the Sun,Healer,US,Murder Row,2,1,1427.8,13286,0,289.0,2026-08-19,0,-1,1419.0,30.4
158642,215349,DeathKnight,Unholy,Rider of the Apocalypse,DPS,US,Murder Row,2,1,1427.8,74011,0,289.0,2026-08-19,0,-1,1419.0,30.4
158642,63527,Evoker,Augmentation,Chronowarden,DPS,US,Murder Row,2,1,1427.8,69060,0,296.0,2026-08-19,0,-1,1419.0,30.4
158642,215350,Mage,Arcane,Sunfury,DPS,US,Murder Row,2,1,1427.8,103119,0,288.0,2026-08-19,0,-1,1419.0,30.4
158643,90035,DeathKnight,Blood,Deathbringer,Tank,EU,Temple of Sethraliss,5,1,1004.4,75852,0,293.0,2026-08-19,0,-1,996.0,48.1
158643,84079,Paladin,Holy,Herald of the Sun,Healer,EU,Temple of Sethraliss,5,1,1004.4,15994,0,293.0,2026-08-19,0,-1,996.0,48.1
158643,84081,Shaman,Elemental,Farseer,DPS,EU,Temple of Sethraliss,5,1,1004.4,162848,0,296.0,2026-08-19,0,-1,996.0,48.1
158643,84080,Mage,Arcane,Sunfury,DPS,EU,Temple of Sethraliss,5,1,1004.4,157777,0,296.0,2026-08-19,0,-1,996.0,48.1
158643,84082,Mage,Arcane,Sunfury,DPS,EU,Temple of Sethraliss,5,1,1004.4,103542,0,285.0,2026-08-19,0,-1,996.0,48.1
158644,106879,Warrior,Protection,Mountain Thane,Tank,EU,Ruby Life Pools,7,0,1646.8,104473,4,295.0,2026-08-19,0,-1,1768.0,-5.3
158644,101440,Monk,Mistweaver,Conduit of the Celestials,Healer,EU,Ruby Life Pools,7,0,1646.8,33497,4,291.0,2026-08-19,0,-1,1768.0,-5.3
158644,215351,Hunter,BeastMastery,Pack Leader,DPS,EU,Ruby Life Pools,7,0,1646.8,113059,3,283.0,2026-08-19,0,-1,1768.0,-5.3
158644,119936,Druid,Balance,Elune's Chosen,DPS,EU,Ruby Life Pools,7,0,1646.8,124568,7,287.0,2026-08-19,0,-1,1768.0,-5.3
158644,119935,DeathKnight,Frost,Deathbringer,DPS,EU,Ruby Life Pools,7,0,1646.8,101090,8,294.0,2026-08-19,0,-1,1768.0,-5.3
158645,19942,Paladin,Protection,Lightsmith,Tank,EU,The Blinding Vale,14,1,1668.8,116711,0,303.0,2026-08-20,0,-1,1736.0,3.6
158645,20221,Shaman,Restoration,Totemic,Healer,EU,The Blinding Vale,14,1,1668.8,25434,2,299.0,2026-08-20,0,-1,1736.0,3.6
158645,19285,Warrior,Arms,Slayer,DPS,EU,The Blinding Vale,14,1,1668.8,250695,3,308.0,2026-08-20,0,-1,1736.0,3.6
158645,54913,Monk,Windwalker,Shado-Pan,DPS,EU,The Blinding Vale,14,1,1668.8,174456,0,305.0,2026-08-20,0,-1,1736.0,3.6
158645,18918,Rogue,Assassination,Deathstalker,DPS,EU,The Blinding Vale,14,1,1668.8,254896,0,307.0,2026-08-20,0,-1,1736.0,3.6
158650,1609,Warrior,Protection,Mountain Thane,Tank,US,Altar of Fangs,10,1,1259.1,157505,0,304.0,2026-08-20,0,-1,1265.0,29.7
158650,57035,Evoker,Preservation,Flameshaper,Healer,US,Altar of Fangs,10,1,1259.1,17842,2,283.0,2026-08-20,0,-1,1265.0,29.7
158650,1611,DeathKnight,Unholy,San'layn,DPS,US,Altar of Fangs,10,1,1259.1,232103,0,298.0,2026-08-20,0,-1,1265.0,29.7
158650,4570,Warlock,Demonology,Diabolist,DPS,US,Altar of Fangs,10,1,1259.1,196959,1,303.0,2026-08-20,0,-1,1265.0,29.7
158650,57036,DemonHunter,Devourer,Annihilator,DPS,US,Altar of Fangs,10,1,1259.1,227876,0,297.0,2026-08-20,0,-1,1265.0,29.7
158655,176317,Druid,Guardian,Elune's Chosen,Tank,CN,Voidscar Arena,10,1,1520.0,82164,0,294.0,2026-08-20,0,-1,1526.0,15.2
158655,176318,Paladin,Holy,Herald of the Sun,Healer,CN,Voidscar Arena,10,1,1520.0,12820,0,293.0,2026-08-20,0,-1,1526.0,15.2
158655,187916,Shaman,Elemental,Farseer,DPS,CN,Voidscar Arena,10,1,1520.0,177300,1,293.0,2026-08-20,0,-1,1526.0,15.2
158655,176321,Warrior,Arms,Slayer,DPS,CN,Voidscar Arena,10,1,1520.0,166939,2,298.0,2026-08-20,0,-1,1526.0,15.2
158655,176319,Druid,Balance,Elune's Chosen,DPS,CN,Voidscar Arena,10,1,1520.0,149196,0,296.0,2026-08-20,0,-1,1526.0,15.2
158663,215360,Druid,Guardian,Elune's Chosen,Tank,EU,Murder Row,9,1,1204.0,112111,1,291.0,2026-08-20,0,-1,1210.0,40.7
158663,215361,Shaman,Restoration,Totemic,Healer,EU,Murder Row,9,1,1204.0,26040,0,292.0,2026-08-20,0,-1,1210.0,40.7
158663,215362,Warrior,Arms,Slayer,DPS,EU,Murder Row,9,1,1204.0,184106,1,302.0,2026-08-20,0,-1,1210.0,40.7
158663,53442,Warlock,Demonology,Diabolist,DPS,EU,Murder Row,9,1,1204.0,211948,0,298.0,2026-08-20,0,-1,1210.0,40.7
158663,22864,Mage,Arcane,Sunfury,DPS,EU,Murder Row,9,1,1204.0,165733,1,296.0,2026-08-20,0,-1,1210.0,40.7
158673,23509,Paladin,Protection,Lightsmith,Tank,EU,Temple of Sethraliss,10,1,1505.1,83713,1,296.0,2026-08-20,0,-1,1532.0,20.2
158673,112884,Shaman,Restoration,Totemic,Healer,EU,Temple of Sethraliss,10,1,1505.1,19930,1,295.0,2026-08-20,0,-1,1532.0,20.2
158673,108129,Shaman,Elemental,Farseer,DPS,EU,Temple of Sethraliss,10,1,1505.1,181225,1,295.0,2026-08-20,0,-1,1532.0,20.2
158673,112885,Mage,Arcane,Sunfury,DPS,EU,Temple of Sethraliss,10,1,1505.1,180535,2,299.0,2026-08-20,0,-1,1532.0,20.2
158673,14760,Mage,Frost,Spellslinger,DPS,EU,Temple of Sethraliss,10,1,1505.1,197302,2,302.0,2026-08-20,0,-1,1532.0,20.2
158682,198889,DeathKnight,Blood,San'layn,Tank,US,The Blinding Vale,11,1,1584.9,89703,0,287.0,2026-08-19,0,-1,1602.0,11.0
158682,198890,Shaman,Restoration,Totemic,Healer,US,The Blinding Vale,11,1,1584.9,23388,1,293.0,2026-08-19,0,-1,1602.0,11.0
158682,8053,DemonHunter,Devourer,Void-Scarred,DPS,US,The Blinding Vale,11,1,1584.9,188379,2,303.0,2026-08-19,0,-1,1602.0,11.0
158682,441,Rogue,Subtlety,Deathstalker,DPS,US,The Blinding Vale,11,1,1584.9,191950,1,297.0,2026-08-19,0,-1,1602.0,11.0
158682,38475,Warlock,Destruction,Diabolist,DPS,US,The Blinding Vale,11,1,1584.9,193585,1,299.0,2026-08-19,0,-1,1602.0,11.0
158690,175607,DeathKnight,Blood,San'layn,Tank,EU,Murder Row,12,1,1871.8,120655,0,295.0,2026-08-20,0,-1,1953.0,4.3
158690,46920,Monk,Mistweaver,Conduit of the Celestials,Healer,EU,Murder Row,12,1,1871.8,42788,0,295.0,2026-08-20,0,-1,1953.0,4.3
158690,209770,Mage,Arcane,Sunfury,DPS,EU,Murder Row,12,1,1871.8,165966,1,298.0,2026-08-20,0,-1,1953.0,4.3
158690,164743,Warrior,Arms,Slayer,DPS,EU,Murder Row,12,1,1871.8,172208,3,305.0,2026-08-20,0,-1,1953.0,4.3
158690,138224,Shaman,Elemental,Farseer,DPS,EU,Murder Row,12,1,1871.8,124650,2,301.0,2026-08-20,0,-1,1953.0,4.3
158699,150200,Paladin,Protection,Templar,Tank,US,Altar of Fangs,5,1,1318.7,61191,1,280.0,2026-08-19,0,-1,1311.0,27.2
158699,181821,Druid,Restoration,Wildstalker,Healer,US,Altar of Fangs,5,1,1318.7,1222,0,293.0,2026-08-19,0,-1,1311.0,27.2
158699,56174,Warlock,Destruction,Diabolist,DPS,US,Altar of Fangs,5,1,1318.7,145374,1,295.0,2026-08-19,0,-1,1311.0,27.2
158699,36395,DemonHunter,Devourer,Void-Scarred,DPS,US,Altar of Fangs,5,1,1318.7,155130,1,295.0,2026-08-19,0,-1,1311.0,27.2
158699,215393,Mage,Frost,Frostfire,DPS,US,Altar of Fangs,5,1,1318.7,72212,1,286.0,2026-08-19,0,-1,1311.0,27.2
158702,19255,DeathKnight,Blood,Deathbringer,Tank,EU,Voidscar Arena,10,1,1415.9,83859,0,296.0,2026-08-20,0,-1,1418.0,21.2
158702,95507,Shaman,Restoration,Totemic,Healer,EU,Voidscar Arena,10,1,1415.9,32659,0,302.0,2026-08-20,0,-1,1418.0,21.2
158702,19258,Rogue,Assassination,Deathstalker,DPS,EU,Voidscar Arena,10,1,1415.9,176386,0,297.0,2026-08-20,0,-1,1418.0,21.2
158702,75488,Warlock,Demonology,Diabolist,DPS,EU,Voidscar Arena,10,1,1415.9,184483,2,295.0,2026-08-20,0,-1,1418.0,21.2
158702,134389,Evoker,Devastation,Scalecommander,DPS,EU,Voidscar Arena,10,1,1415.9,143035,0,298.0,2026-08-20,0,-1,1418.0,21.2
158707,41629,DeathKnight,Blood,Deathbringer,Tank,EU,Altar of Fangs,10,1,1410.5,115626,0,299.0,2026-08-20,0,-1,1416.0,21.3
158707,90831,Paladin,Holy,Herald of the Sun,Healer,EU,Altar of Fangs,10,1,1410.5,9209,0,289.0,2026-08-20,0,-1,1416.0,21.3
158707,13965,Druid,Balance,Elune's Chosen,DPS,EU,Altar of Fangs,10,1,1410.5,230305,1,298.0,2026-08-20,0,-1,1416.0,21.3
158707,41632,Warlock,Destruction,Hellcaller,DPS,EU,Altar of Fangs,10,1,1410.5,208566,1,292.0,2026-08-20,0,-1,1416.0,21.3
158707,41631,Shaman,Enhancement,Stormbringer,DPS,EU,Altar of Fangs,10,1,1410.5,213205,1,300.0,2026-08-20,0,-1,1416.0,21.3
158727,27509,DeathKnight,Blood,San'layn,Tank,EU,Altar of Fangs,5,1,1057.7,94433,0,293.0,2026-08-20,0,-1,1049.0,41.7
158727,215413,Priest,Discipline,Oracle,Healer,EU,Altar of Fangs,5,1,1057.7,13713,0,292.0,2026-08-20,0,-1,1049.0,41.7
158727,27511,Hunter,BeastMastery,Pack Leader,DPS,EU,Altar of Fangs,5,1,1057.7,133303,2,297.0,2026-08-20,0,-1,1049.0,41.7
158727,80663,Mage,Arcane,Sunfury,DPS,EU,Altar of Fangs,5,1,1057.7,158099,1,298.0,2026-08-20,0,-1,1049.0,41.7
158727,208397,Shaman,Enhancement,Stormbringer,DPS,EU,Altar of Fangs,5,1,1057.7,148663,2,292.0,2026-08-20,0,-1,1049.0,41.7
158732,91093,DeathKnight,Blood,Deathbringer,Tank,US,Voidscar Arena,11,1,1446.4,88354,0,299.0,2026-08-20,0,-1,1458.0,19.0
158732,126641,Priest,Holy,Oracle,Healer,US,Voidscar Arena,11,1,1446.4,23283,1,301.0,2026-08-20,0,-1,1458.0,19.0
158732,36811,Warrior,Arms,Slayer,DPS,US,Voidscar Arena,11,1,1446.4,205332,1,299.0,2026-08-20,0,-1,1458.0,19.0
158732,36810,Mage,Arcane,Sunfury,DPS,US,Voidscar Arena,11,1,1446.4,155417,1,297.0,2026-08-20,0,-1,1458.0,19.0
158732,4859,Shaman,Enhancement,Stormbringer,DPS,US,Voidscar Arena,11,1,1446.4,189011,0,300.0,2026-08-20,0,-1,1458.0,19.0
158739,83222,DeathKnight,Blood,San'layn,Tank,EU,Murder Row,10,1,1911.0,76772,0,293.0,2026-08-19,0,-1,1922.0,5.8
158739,62630,Shaman,Restoration,Totemic,Healer,EU,Murder Row,10,1,1911.0,14557,0,296.0,2026-08-19,0,-1,1922.0,5.8
158739,125816,Mage,Arcane,Sunfury,DPS,EU,Murder Row,10,1,1911.0,174600,0,297.0,2026-08-19,0,-1,1922.0,5.8
158739,52448,Evoker,Devastation,Scalecommander,DPS,EU,Murder Row,10,1,1911.0,145763,2,299.0,2026-08-19,0,-1,1922.0,5.8
158739,150324,Warrior,Arms,Slayer,DPS,EU,Murder Row,10,1,1911.0,89917,2,295.0,2026-08-19,0,-1,1922.0,5.8
158751,33694,Druid,Guardian,Elune's Chosen,Tank,EU,Altar of Fangs,9,1,1579.8,78550,0,300.0,2026-08-20,0,-1,1587.0,11.8
158751,169538,Shaman,Restoration,Totemic,Healer,EU,Altar of Fangs,9,1,1579.8,29732,0,295.0,2026-08-20,0,-1,1587.0,11.8
158751,73798,Warlock,Demonology,Diabolist,DPS,EU,Altar of Fangs,9,1,1579.8,185842,0,305.0,2026-08-20,0,-1,1587.0,11.8
158751,215423,Warrior,Arms,Slayer,DPS,EU,Altar of Fangs,9,1,1579.8,188153,2,288.0,2026-08-20,0,-1,1587.0,11.8
158751,69300,Mage,Fire,Sunfury,DPS,EU,Altar of Fangs,9,1,1579.8,133125,1,299.0,2026-08-20,0,-1,1587.0,11.8
158759,101035,DeathKnight,Blood,San'layn,Tank,EU,Den of Nalorakk,11,1,1673.5,102888,0,294.0,2026-08-20,0,-1,1700.0,11.4
158759,186044,Shaman,Restoration,Totemic,Healer,EU,Den of Nalorakk,11,1,1673.5,31240,1,298.0,2026-08-20,0,-1,1700.0,11.4
158759,174724,Warrior,Arms,Slayer,DPS,EU,Den of Nalorakk,11,1,1673.5,138396,4,297.0,2026-08-20,0,-1,1700.0,11.4
158759,67477,DeathKnight,Frost,Deathbringer,DPS,EU,Den of Nalorakk,11,1,1673.5,144101,1,296.0,2026-08-20,0,-1,1700.0,11.4
158759,75793,Mage,Arcane,Sunfury,DPS,EU,Den of Nalorakk,11,1,1673.5,156460,1,301.0,2026-08-20,0,-1,1700.0,11.4
158760,21707,DeathKnight,Blood,San'layn,Tank,EU,Den of Nalorakk,10,1,1513.9,82276,1,295.0,2026-08-19,0,-1,1535.0,20.0
158760,21708,Shaman,Restoration,Totemic,Healer,EU,Den of Nalorakk,10,1,1513.9,17023,1,294.0,2026-08-19,0,-1,1535.0,20.0
158760,44790,Monk,Windwalker,Shado-Pan,DPS,EU,Den of Nalorakk,10,1,1513.9,161177,1,295.0,2026-08-19,0,-1,1535.0,20.0
158760,21711,Warrior,Arms,Slayer,DPS,EU,Den of Nalorakk,10,1,1513.9,151459,2,295.0,2026-08-19,0,-1,1535.0,20.0
158760,215424,Mage,Arcane,Sunfury,DPS,EU,Den of Nalorakk,10,1,1513.9,149159,1,293.0,2026-08-19,0,-1,1535.0,20.0
158776,850,DeathKnight,Blood,San'layn,Tank,US,Murder Row,13,1,1760.4,125865,2,309.0,2026-08-20,0,-1,1916.0,6.1
158776,851,Shaman,Restoration,Totemic,Healer,US,Murder Row,13,1,1760.4,21387,2,297.0,2026-08-20,0,-1,1916.0,6.1
158776,853,Paladin,Retribution,Templar,DPS,US,Murder Row,13,1,1760.4,185264,3,298.0,2026-08-20,0,-1,1916.0,6.1
158776,854,Rogue,Outlaw,Trickster,DPS,US,Murder Row,13,1,1760.4,223649,1,298.0,2026-08-20,0,-1,1916.0,6.1
158776,38872,Warrior,Arms,Slayer,DPS,US,Murder Row,13,1,1760.4,174504,3,295.0,2026-08-20,0,-1,1916.0,6.1
158784,15910,DeathKnight,Blood,San'layn,Tank,EU,Temple of Sethraliss,12,1,1541.6,119351,0,303.0,2026-08-20,0,-1,1698.0,11.6
158784,15911,Evoker,Preservation,Flameshaper,Healer,EU,Temple of Sethraliss,12,1,1541.6,64628,5,296.0,2026-08-20,0,-1,1698.0,11.6
158784,17998,Mage,Arcane,Sunfury,DPS,EU,Temple of Sethraliss,12,1,1541.6,172932,1,292.0,2026-08-20,0,-1,1698.0,11.6
158784,37033,Monk,Windwalker,Shado-Pan,DPS,EU,Temple of Sethraliss,12,1,1541.6,185821,2,302.0,2026-08-20,0,-1,1698.0,11.6
158784,17997,Shaman,Elemental,Farseer,DPS,EU,Temple of Sethraliss,12,1,1541.6,179965,3,297.0,2026-08-20,0,-1,1698.0,11.6
158808,171005,DeathKnight,Blood,San'layn,Tank,EU,Den of Nalorakk,7,1,1260.3,84394,0,292.0,2026-08-20,0,-1,1262.0,34.3
158808,187678,Monk,Mistweaver,Conduit of the Celestials,Healer,EU,Den of Nalorakk,7,1,1260.3,33869,0,298.0,2026-08-20,0,-1,1262.0,34.3
158808,31659,Hunter,BeastMastery,Pack Leader,DPS,EU,Den of Nalorakk,7,1,1260.3,175760,0,300.0,2026-08-20,0,-1,1262.0,34.3
158808,73355,Evoker,Augmentation,Scalecommander,DPS,EU,Den of Nalorakk,7,1,1260.3,120071,0,295.0,2026-08-20,0,-1,1262.0,34.3
158808,215458,Mage,Arcane,Sunfury,DPS,EU,Den of Nalorakk,7,1,1260.3,105867,2,288.0,2026-08-20,0,-1,1262.0,34.3
158820,117292,DemonHunter,Vengeance,Annihilator,Tank,US,Temple of Sethraliss,8,1,1690.3,60714,1,283.0,2026-08-19,0,-1,1732.0,9.8
158820,35848,Shaman,Restoration,Totemic,Healer,US,Temple of Sethraliss,8,1,1690.3,33252,2,296.0,2026-08-19,0,-1,1732.0,9.8
158820,93641,Warlock,Destruction,Diabolist,DPS,US,Temple of Sethraliss,8,1,1690.3,136613,3,294.0,2026-08-19,0,-1,1732.0,9.8
158820,42487,Warrior,Arms,Slayer,DPS,US,Temple of Sethraliss,8,1,1690.3,139800,1,291.0,2026-08-19,0,-1,1732.0,9.8
158820,9503,Druid,Balance,Elune's Chosen,DPS,US,Temple of Sethraliss,8,1,1690.3,113184,3,293.0,2026-08-19,0,-1,1732.0,9.8
158822,23964,DeathKnight,Blood,Deathbringer,Tank,US,Ruby Life Pools,9,1,1450.6,81695,1,288.0,2026-08-18,0,-1,1488.0,11.5
158822,34447,Shaman,Restoration,Totemic,Healer,US,Ruby Life Pools,9,1,1450.6,16659,2,295.0,2026-08-18,0,-1,1488.0,11.5
158822,69443,Paladin,Retribution,Templar,DPS,US,Ruby Life Pools,9,1,1450.6,150547,1,294.0,2026-08-18,0,-1,1488.0,11.5
158822,34448,Mage,Arcane,Sunfury,DPS,US,Ruby Life Pools,9,1,1450.6,163325,2,294.0,2026-08-18,0,-1,1488.0,11.5
158822,121224,Evoker,Devastation,Scalecommander,DPS,US,Ruby Life Pools,9,1,1450.6,149967,3,295.0,2026-08-18,0,-1,1488.0,11.5
158826,187808,DemonHunter,Vengeance,Annihilator,Tank,EU,Den of Nalorakk,10,1,1765.3,67737,0,285.0,2026-08-20,0,-1,1757.0,8.5
158826,206347,Paladin,Holy,Herald of the Sun,Healer,EU,Den of Nalorakk,10,1,1765.3,15069,0,295.0,2026-08-20,0,-1,1757.0,8.5
158826,161214,Rogue,Subtlety,Trickster,DPS,EU,Den of Nalorakk,10,1,1765.3,174435,0,295.0,2026-08-20,0,-1,1757.0,8.5
158826,161213,Evoker,Augmentation,Scalecommander,DPS,EU,Den of Nalorakk,10,1,1765.3,133858,0,294.0,2026-08-20,0,-1,1757.0,8.5
158826,129297,Hunter,BeastMastery,Pack Leader,DPS,EU,Den of Nalorakk,10,1,1765.3,125390,0,298.0,2026-08-20,0,-1,1757.0,8.5
158836,81651,DeathKnight,Blood,Deathbringer,Tank,US,Murder Row,4,1,1410.0,71895,0,297.0,2026-08-19,0,-1,1402.0,31.3
158836,86446,Druid,Restoration,Wildstalker,Healer,US,Murder Row,4,1,1410.0,2285,0,273.0,2026-08-19,0,-1,1402.0,31.3
158836,47050,Priest,Shadow,Archon,DPS,US,Murder Row,4,1,1410.0,86894,0,289.0,2026-08-19,0,-1,1402.0,31.3
158836,81655,Paladin,Retribution,Templar,DPS,US,Murder Row,4,1,1410.0,93451,0,294.0,2026-08-19,0,-1,1402.0,31.3
158836,144144,Warrior,Arms,Slayer,DPS,US,Murder Row,4,1,1410.0,105297,0,299.0,2026-08-19,0,-1,1402.0,31.3
158858,62428,Monk,Brewmaster,Master of Harmony,Tank,EU,Den of Nalorakk,10,1,1607.5,67228,0,291.0,2026-08-19,0,-1,1604.0,16.5
158858,62429,Paladin,Holy,Herald of the Sun,Healer,EU,Den of Nalorakk,10,1,1607.5,2857,0,292.0,2026-08-19,0,-1,1604.0,16.5
158858,62432,Druid,Balance,Elune's Chosen,DPS,EU,Den of Nalorakk,10,1,1607.5,147534,1,293.0,2026-08-19,0,-1,1604.0,16.5
158858,79734,Warlock,Destruction,Diabolist,DPS,EU,Den of Nalorakk,10,1,1607.5,152643,0,294.0,2026-08-19,0,-1,1604.0,16.5
158858,18642,Mage,Arcane,Sunfury,DPS,EU,Den of Nalorakk,10,1,1607.5,174954,0,296.0,2026-08-19,0,-1,1604.0,16.5
158865,40003,Druid,Guardian,Elune's Chosen,Tank,EU,Temple of Sethraliss,10,1,1352.9,110673,0,308.0,2026-08-20,0,-1,1354.0,29.5
158865,40004,Paladin,Holy,Herald of the Sun,Healer,EU,Temple of Sethraliss,10,1,1352.9,39490,0,304.0,2026-08-20,0,-1,1354.0,29.5
158865,40005,Mage,Arcane,Sunfury,DPS,EU,Temple of Sethraliss,10,1,1352.9,188060,0,301.0,2026-08-20,0,-1,1354.0,29.5
158865,40007,DeathKnight,Unholy,Rider of the Apocalypse,DPS,EU,Temple of Sethraliss,10,1,1352.9,190329,1,295.0,2026-08-20,0,-1,1354.0,29.5
158865,69603,Paladin,Retribution,Templar,DPS,EU,Temple of Sethraliss,10,1,1352.9,166220,1,294.0,2026-08-20,0,-1,1354.0,29.5
158868,124117,Paladin,Protection,Templar,Tank,EU,Den of Nalorakk,10,1,1724.6,63293,0,295.0,2026-08-19,0,-1,1736.0,9.6
158868,124118,Shaman,Restoration,Totemic,Healer,EU,Den of Nalorakk,10,1,1724.6,14712,0,291.0,2026-08-19,0,-1,1736.0,9.6
158868,62070,Paladin,Retribution,Templar,DPS,EU,Den of Nalorakk,10,1,1724.6,139526,1,293.0,2026-08-19,0,-1,1736.0,9.6
158868,122155,Monk,Windwalker,Conduit of the Celestials,DPS,EU,Den of Nalorakk,10,1,1724.6,137794,0,300.0,2026-08-19,0,-1,1736.0,9.6
158868,180547,Hunter,BeastMastery,Pack Leader,DPS,EU,Den of Nalorakk,10,1,1724.6,132390,3,294.0,2026-08-19,0,-1,1736.0,9.6
158870,208040,Warrior,Protection,Mountain Thane,Tank,CN,Murder Row,8,1,1510.1,70603,1,294.0,2026-08-20,0,-1,1507.0,26.1
158870,208041,Shaman,Restoration,Totemic,Healer,CN,Murder Row,8,1,1510.1,19701,0,292.0,2026-08-20,0,-1,1507.0,26.1
158870,208043,Paladin,Retribution,Templar,DPS,CN,Murder Row,8,1,1510.1,131797,0,292.0,2026-08-20,0,-1,1507.0,26.1
158870,208042,Mage,Arcane,Sunfury,DPS,CN,Murder Row,8,1,1510.1,148393,0,295.0,2026-08-20,0,-1,1507.0,26.1
158870,203116,Druid,Balance,Elune's Chosen,DPS,CN,Murder Row,8,1,1510.1,139521,0,293.0,2026-08-20,0,-1,1507.0,26.1
158883,71340,Warrior,Protection,Mountain Thane,Tank,US,The Blinding Vale,10,1,1584.2,102883,0,297.0,2026-08-19,0,-1,1580.0,12.2
158883,105129,Monk,Mistweaver,Conduit of the Celestials,Healer,US,The Blinding Vale,10,1,1584.2,40448,1,295.0,2026-08-19,0,-1,1580.0,12.2
158883,65983,Rogue,Outlaw,Trickster,DPS,US,The Blinding Vale,10,1,1584.2,180051,0,291.0,2026-08-19,0,-1,1580.0,12.2
158883,137235,Shaman,Elemental,Farseer,DPS,US,The Blinding Vale,10,1,1584.2,155645,0,292.0,2026-08-19,0,-1,1580.0,12.2
158883,15779,Priest,Shadow,Voidweaver,DPS,US,The Blinding Vale,10,1,1584.2,157649,0,291.0,2026-08-19,0,-1,1580.0,12.2
158898,215505,DeathKnight,Blood,San'layn,Tank,US,Kings' Rest,11,1,1855.1,74488,2,291.0,2026-08-19,0,-1,1887.0,4.7
158898,215506,Priest,Discipline,Oracle,Healer,US,Kings' Rest,11,1,1855.1,13570,2,299.0,2026-08-19,0,-1,1887.0,4.7
158898,742,Paladin,Retribution,Templar,DPS,US,Kings' Rest,11,1,1855.1,136068,1,301.0,2026-08-19,0,-1,1887.0,4.7
158898,215507,Mage,Arcane,Sunfury,DPS,US,Kings' Rest,11,1,1855.1,134169,2,293.0,2026-08-19,0,-1,1887.0,4.7
158898,5627,DeathKnight,Unholy,Rider of the Apocalypse,DPS,US,Kings' Rest,11,1,1855.1,134489,1,299.0,2026-08-19,0,-1,1887.0,4.7
158903,215510,DeathKnight,Blood,Deathbringer,Tank,EU,The Blinding Vale,8,1,1666.3,84826,1,298.0,2026-08-20,0,-1,1728.0,4.0
158903,121515,Priest,Discipline,Oracle,Healer,EU,The Blinding Vale,8,1,1666.3,17665,2,295.0,2026-08-20,0,-1,1728.0,4.0
158903,121517,Shaman,Elemental,Farseer,DPS,EU,The Blinding Vale,8,1,1666.3,152306,4,300.0,2026-08-20,0,-1,1728.0,4.0
158903,215511,Warlock,Destruction,Diabolist,DPS,EU,The Blinding Vale,8,1,1666.3,127734,5,295.0,2026-08-20,0,-1,1728.0,4.0
158903,121516,Rogue,Assassination,Fatebound,DPS,EU,The Blinding Vale,8,1,1666.3,133162,2,298.0,2026-08-20,0,-1,1728.0,4.0
158914,141623,Paladin,Protection,Lightsmith,Tank,EU,Den of Nalorakk,10,1,1679.3,84045,1,290.0,2026-08-19,0,-1,1701.0,11.4
158914,215519,Priest,Discipline,Oracle,Healer,EU,Den of Nalorakk,10,1,1679.3,11193,2,291.0,2026-08-19,0,-1,1701.0,11.4
158914,27787,Warrior,Arms,Slayer,DPS,EU,Den of Nalorakk,10,1,1679.3,139074,1,294.0,2026-08-19,0,-1,1701.0,11.4
158914,141626,Monk,Windwalker,Shado-Pan,DPS,EU,Den of Nalorakk,10,1,1679.3,135006,1,293.0,2026-08-19,0,-1,1701.0,11.4
158914,104973,Shaman,Elemental,Farseer,DPS,EU,Den of Nalorakk,10,1,1679.3,145573,1,295.0,2026-08-19,0,-1,1701.0,11.4
158921,178772,Warrior,Protection,Mountain Thane,Tank,EU,Den of Nalorakk,10,1,1470.6,113245,0,296.0,2026-08-20,0,-1,1467.0,23.6
158921,30391,Monk,Mistweaver,Conduit of the Celestials,Healer,EU,Den of Nalorakk,10,1,1470.6,47396,0,301.0,2026-08-20,0,-1,1467.0,23.6
158921,133878,Paladin,Retribution,Templar,DPS,EU,Den of Nalorakk,10,1,1470.6,131972,1,298.0,2026-08-20,0,-1,1467.0,23.6
158921,167013,Mage,Arcane,Sunfury,DPS,EU,Den of Nalorakk,10,1,1470.6,162018,0,294.0,2026-08-20,0,-1,1467.0,23.6
158921,80637,Warlock,Demonology,Diabolist,DPS,EU,Den of Nalorakk,10,1,1470.6,136734,0,302.0,2026-08-20,0,-1,1467.0,23.6
158937,13985,DeathKnight,Blood,San'layn,Tank,EU,Murder Row,10,1,1262.0,118796,0,296.0,2026-08-19,0,-1,1258.0,38.3
158937,13986,Shaman,Restoration,Totemic,Healer,EU,Murder Row,10,1,1262.0,34876,1,293.0,2026-08-19,0,-1,1258.0,38.3
158937,13988,Mage,Arcane,Sunfury,DPS,EU,Murder Row,10,1,1262.0,208369,0,294.0,2026-08-19,0,-1,1258.0,38.3
158937,13987,Warrior,Arms,Slayer,DPS,EU,Murder Row,10,1,1262.0,168484,0,291.0,2026-08-19,0,-1,1258.0,38.3
158937,13989,Evoker,Devastation,Scalecommander,DPS,EU,Murder Row,10,1,1262.0,219968,0,292.0,2026-08-19,0,-1,1258.0,38.3
158942,215535,DeathKnight,Blood,San'layn,Tank,CN,The Blinding Vale,11,1,1338.7,118284,0,295.0,2026-08-20,0,-1,1350.0,25.0
158942,185366,Priest,Holy,Oracle,Healer,CN,The Blinding Vale,11,1,1338.7,31344,0,291.0,2026-08-20,0,-1,1350.0,25.0
158942,189154,Shaman,Elemental,Farseer,DPS,CN,The Blinding Vale,11,1,1338.7,193785,2,295.0,2026-08-20,0,-1,1350.0,25.0
158942,179498,Mage,Arcane,Sunfury,DPS,CN,The Blinding Vale,11,1,1338.7,237054,2,299.0,2026-08-20,0,-1,1350.0,25.0
158942,185367,Warrior,Arms,Slayer,DPS,CN,The Blinding Vale,11,1,1338.7,213053,0,288.0,2026-08-20,0,-1,1350.0,25.0
158950,48004,DeathKnight,Blood,San'layn,Tank,US,Den of Nalorakk,10,0,1875.0,103589,1,288.0,2026-08-18,0,-1,1926.0,-0.3
158950,75773,Shaman,Restoration,Totemic,Healer,US,Den of Nalorakk,10,0,1875.0,9229,3,282.0,2026-08-18,0,-1,1926.0,-0.3
158950,7313,Hunter,BeastMastery,Pack Leader,DPS,US,Den of Nalorakk,10,0,1875.0,141662,2,297.0,2026-08-18,0,-1,1926.0,-0.3
158950,11621,Warrior,Arms,Slayer,DPS,US,Den of Nalorakk,10,0,1875.0,118152,5,291.0,2026-08-18,0,-1,1926.0,-0.3
158950,48006,Mage,Arcane,Sunfury,DPS,US,Den of Nalorakk,10,0,1875.0,133314,1,289.0,2026-08-18,0,-1,1926.0,-0.3
158953,35965,DeathKnight,Blood,San'layn,Tank,US,Ruby Life Pools,7,1,1060.8,77636,0,286.0,2026-08-18,0,-1,1057.0,37.1
158953,35966,Monk,Mistweaver,Conduit of the Celestials,Healer,US,Ruby Life Pools,7,1,1060.8,31117,0,294.0,2026-08-18,0,-1,1057.0,37.1
158953,6558,Warrior,Arms,Slayer,DPS,US,Ruby Life Pools,7,1,1060.8,190093,0,296.0,2026-08-18,0,-1,1057.0,37.1
158953,35967,Shaman,Elemental,Farseer,DPS,US,Ruby Life Pools,7,1,1060.8,170976,0,294.0,2026-08-18,0,-1,1057.0,37.1
158953,18211,Warlock,Affliction,Soul Harvester,DPS,US,Ruby Life Pools,7,1,1060.8,145463,1,295.0,2026-08-18,0,-1,1057.0,37.1
158957,4984,DeathKnight,Blood,San'layn,Tank,US,Altar of Fangs,11,1,1730.4,95417,2,297.0,2026-08-19,0,-1,1752.0,2.7
158957,10268,Paladin,Holy,Herald of the Sun,Healer,US,Altar of Fangs,11,1,1730.4,15666,1,300.0,2026-08-19,0,-1,1752.0,2.7
158957,91089,DemonHunter,Devourer,Void-Scarred,DPS,US,Altar of Fangs,11,1,1730.4,162306,1,296.0,2026-08-19,0,-1,1752.0,2.7
158957,9733,Hunter,Marksmanship,Sentinel,DPS,US,Altar of Fangs,11,1,1730.4,155364,1,294.0,2026-08-19,0,-1,1752.0,2.7
158957,11336,Paladin,Retribution,Herald of the Sun,DPS,US,Altar of Fangs,11,1,1730.4,207949,1,298.0,2026-08-19,0,-1,1752.0,2.7
158963,34194,DeathKnight,Blood,Deathbringer,Tank,EU,Voidscar Arena,2,1,989.3,61502,0,293.0,2026-08-19,0,-1,981.0,45.5
158963,77633,Shaman,Restoration,Totemic,Healer,EU,Voidscar Arena,2,1,989.3,19700,1,276.0,2026-08-19,0,-1,981.0,45.5
158963,34197,Warlock,Demonology,Diabolist,DPS,EU,Voidscar Arena,2,1,989.3,127327,1,291.0,2026-08-19,0,-1,981.0,45.5
158963,77634,Druid,Balance,Elune's Chosen,DPS,EU,Voidscar Arena,2,1,989.3,73303,1,290.0,2026-08-19,0,-1,981.0,45.5
158963,34195,Paladin,Retribution,Templar,DPS,EU,Voidscar Arena,2,1,989.3,119306,0,293.0,2026-08-19,0,-1,981.0,45.5
158979,131073,Paladin,Protection,Lightsmith,Tank,EU,Murder Row,8,1,1429.5,44368,3,271.0,2026-08-19,0,-1,1462.0,28.4
158979,13694,Paladin,Holy,Herald of the Sun,Healer,EU,Murder Row,8,1,1429.5,11966,1,293.0,2026-08-19,0,-1,1462.0,28.4
158979,13696,Mage,Arcane,Sunfury,DPS,EU,Murder Row,8,1,1429.5,181236,2,295.0,2026-08-19,0,-1,1462.0,28.4
158979,13697,Druid,Balance,Elune's Chosen,DPS,EU,Murder Row,8,1,1429.5,152195,1,294.0,2026-08-19,0,-1,1462.0,28.4
158979,13695,Warrior,Arms,Slayer,DPS,EU,Murder Row,8,1,1429.5,147275,1,289.0,2026-08-19,0,-1,1462.0,28.4
158985,15073,DeathKnight,Blood,San'layn,Tank,EU,Voidscar Arena,11,1,1559.7,75190,0,295.0,2026-08-20,0,-1,1566.0,13.0
158985,15074,Druid,Restoration,Wildstalker,Healer,EU,Voidscar Arena,11,1,1559.7,11579,1,297.0,2026-08-20,0,-1,1566.0,13.0
158985,15077,Paladin,Retribution,Templar,DPS,EU,Voidscar Arena,11,1,1559.7,182059,0,298.0,2026-08-20,0,-1,1566.0,13.0
158985,183995,Shaman,Elemental,Stormbringer,DPS,EU,Voidscar Arena,11,1,1559.7,118147,0,291.0,2026-08-20,0,-1,1566.0,13.0
158985,15075,Rogue,Assassination,Deathstalker,DPS,EU,Voidscar Arena,11,1,1559.7,194197,2,300.0,2026-08-20,0,-1,1566.0,13.0
159001,132414,Paladin,Protection,Templar,Tank,EU,Temple of Sethraliss,12,1,1830.2,86026,0,297.0,2026-08-20,0,-1,1912.0,0.4
159001,22552,Shaman,Restoration,Totemic,Healer,EU,Temple of Sethraliss,12,1,1830.2,18739,1,303.0,2026-08-20,0,-1,1912.0,0.4
159001,26791,Hunter,BeastMastery,Pack Leader,DPS,EU,Temple of Sethraliss,12,1,1830.2,170282,2,301.0,2026-08-20,0,-1,1912.0,0.4
159001,93357,Druid,Balance,Elune's Chosen,DPS,EU,Temple of Sethraliss,12,1,1830.2,129238,3,284.0,2026-08-20,0,-1,1912.0,0.4
159001,21048,Warrior,Arms,Slayer,DPS,EU,Temple of Sethraliss,12,1,1830.2,231007,0,302.0,2026-08-20,0,-1,1912.0,0.4
159003,32183,Paladin,Protection,Lightsmith,Tank,EU,The Blinding Vale,10,1,1646.2,108287,0,303.0,2026-08-19,0,-1,1666.0,7.4
159003,32184,Monk,Mistweaver,Conduit of the Celestials,Healer,EU,The Blinding Vale,10,1,1646.2,33661,3,298.0,2026-08-19,0,-1,1666.0,7.4
159003,98421,Hunter,BeastMastery,Pack Leader,DPS,EU,The Blinding Vale,10,1,1646.2,118481,1,296.0,2026-08-19,0,-1,1666.0,7.4
159003,98422,DeathKnight,Unholy,Rider of the Apocalypse,DPS,EU,The Blinding Vale,10,1,1646.2,167622,2,293.0,2026-08-19,0,-1,1666.0,7.4
159003,98423,Warlock,Demonology,Diabolist,DPS,EU,The Blinding Vale,10,1,1646.2,141960,0,289.0,2026-08-19,0,-1,1666.0,7.4
159006,138790,Druid,Guardian,Elune's Chosen,Tank,US,Altar of Fangs,9,0,2049.6,52383,1,291.0,2026-08-20,0,-1,2101.0,-16.7
159006,168474,Priest,Holy,Archon,Healer,US,Altar of Fangs,9,0,2049.6,21297,1,293.0,2026-08-20,0,-1,2101.0,-16.7
159006,215561,Warlock,Affliction,Soul Harvester,DPS,US,Altar of Fangs,9,0,2049.6,142198,3,294.0,2026-08-20,0,-1,2101.0,-16.7
159006,78122,DemonHunter,Devourer,Void-Scarred,DPS,US,Altar of Fangs,9,0,2049.6,107452,3,292.0,2026-08-20,0,-1,2101.0,-16.7
159006,114343,Rogue,Outlaw,Trickster,DPS,US,Altar of Fangs,9,0,2049.6,132199,4,298.0,2026-08-20,0,-1,2101.0,-16.7
159017,142392,DeathKnight,Blood,Deathbringer,Tank,US,Murder Row,10,1,1584.9,82027,0,306.0,2026-08-20,0,-1,1587.0,22.2
159017,32508,Paladin,Holy,Lightsmith,Healer,US,Murder Row,10,1,1584.9,32323,0,298.0,2026-08-20,0,-1,1587.0,22.2
159017,214362,Warrior,Arms,Slayer,DPS,US,Murder Row,10,1,1584.9,162246,1,293.0,2026-08-20,0,-1,1587.0,22.2
159017,214363,Shaman,Enhancement,Stormbringer,DPS,US,Murder Row,10,1,1584.9,145455,1,288.0,2026-08-20,0,-1,1587.0,22.2
159017,6959,DeathKnight,Unholy,Rider of the Apocalypse,DPS,US,Murder Row,10,1,1584.9,161069,0,294.0,2026-08-20,0,-1,1587.0,22.2
159018,56819,DeathKnight,Blood,San'layn,Tank,US,Voidscar Arena,2,1,1052.1,88597,0,299.0,2026-08-20,0,-1,1043.0,42.0
159018,215570,Priest,Discipline,Oracle,Healer,US,Voidscar Arena,2,1,1052.1,11551,0,289.0,2026-08-20,0,-1,1043.0,42.0
159018,215571,Warlock,Affliction,Soul Harvester,DPS,US,Voidscar Arena,2,1,1052.1,100794,0,297.0,2026-08-20,0,-1,1043.0,42.0
159018,215572,Mage,Frost,Frostfire,DPS,US,Voidscar Arena,2,1,1052.1,59419,3,285.0,2026-08-20,0,-1,1043.0,42.0
159018,56821,Rogue,Subtlety,Deathstalker,DPS,US,Voidscar Arena,2,1,1052.1,113694,0,298.0,2026-08-20,0,-1,1043.0,42.0
159032,26045,DemonHunter,Vengeance,Annihilator,Tank,EU,Temple of Sethraliss,9,1,1461.9,101723,1,296.0,2026-08-19,0,-1,1473.0,23.3
159032,27753,Shaman,Restoration,Totemic,Healer,EU,Temple of Sethraliss,9,1,1461.9,13705,0,294.0,2026-08-19,0,-1,1473.0,23.3
159032,26046,Shaman,Enhancement,Stormbringer,DPS,EU,Temple of Sethraliss,9,1,1461.9,159565,1,293.0,2026-08-19,0,-1,1473.0,23.3
159032,26048,Warrior,Arms,Slayer,DPS,EU,Temple of Sethraliss,9,1,1461.9,154139,2,294.0,2026-08-19,0,-1,1473.0,23.3
159032,26049,Hunter,Marksmanship,Sentinel,DPS,EU,Temple of Sethraliss,9,1,1461.9,125245,0,293.0,2026-08-19,0,-1,1473.0,23.3
159038,89537,DeathKnight,Blood,San'layn,Tank,EU,Den of Nalorakk,13,1,1744.4,102300,0,306.0,2026-08-20,0,-1,1841.0,4.1
159038,13647,Monk,Mistweaver,Conduit of the Celestials,Healer,EU,Den of Nalorakk,13,1,1744.4,43962,1,305.0,2026-08-20,0,-1,1841.0,4.1
159038,13650,Mage,Arcane,Sunfury,DPS,EU,Den of Nalorakk,13,1,1744.4,191086,2,308.0,2026-08-20,0,-1,1841.0,4.1
159038,15823,Druid,Balance,Elune's Chosen,DPS,EU,Den of Nalorakk,13,1,1744.4,143833,2,303.0,2026-08-20,0,-1,1841.0,4.1
159038,80404,Shaman,Enhancement,Stormbringer,DPS,EU,Den of Nalorakk,13,1,1744.4,143077,2,299.0,2026-08-20,0,-1,1841.0,4.1
159044,165209,DeathKnight,Blood,San'layn,Tank,EU,Voidscar Arena,2,1,1123.4,21439,0,286.0,2026-08-20,0,-1,1115.0,38.0
159044,215587,Shaman,Restoration,Totemic,Healer,EU,Voidscar Arena,2,1,1123.4,20021,0,288.0,2026-08-20,0,-1,1115.0,38.0
159044,165213,Evoker,Devastation,Scalecommander,DPS,EU,Voidscar Arena,2,1,1123.4,71030,0,292.0,2026-08-20,0,-1,1115.0,38.0
159044,165211,Warlock,Destruction,Diabolist,DPS,EU,Voidscar Arena,2,1,1123.4,101428,0,293.0,2026-08-20,0,-1,1115.0,38.0
159044,165212,Priest,Shadow,Archon,DPS,EU,Voidscar Arena,2,1,1123.4,112011,1,293.0,2026-08-20,0,-1,1115.0,38.0
159045,77413,Paladin,Protection,Lightsmith,Tank,EU,The Blinding Vale,2,1,906.1,57955,0,286.0,2026-08-19,0,-1,898.0,50.1
159045,43104,Priest,Holy,Oracle,Healer,EU,The Blinding Vale,2,1,906.1,39518,0,292.0,2026-08-19,0,-1,898.0,50.1
159045,72196,Rogue,Assassination,Deathstalker,DPS,EU,The Blinding Vale,2,1,906.1,142497,0,285.0,2026-08-19,0,-1,898.0,50.1
159045,72198,Druid,Balance,Elune's Chosen,DPS,EU,The Blinding Vale,2,1,906.1,133032,0,292.0,2026-08-19,0,-1,898.0,50.1
159045,26089,DeathKnight,Unholy,San'layn,DPS,EU,The Blinding Vale,2,1,906.1,100144,0,283.0,2026-08-19,0,-1,898.0,50.1
159069,82536,DeathKnight,Blood,San'layn,Tank,EU,The Blinding Vale,2,1,925.6,77291,0,291.0,2026-08-19,0,-1,917.0,49.1
159069,215604,Druid,Restoration,Wildstalker,Healer,EU,The Blinding Vale,2,1,925.6,6656,0,284.0,2026-08-19,0,-1,917.0,49.1
159069,29939,DemonHunter,Havoc,Fel-Scarred,DPS,EU,The Blinding Vale,2,1,925.6,138581,0,298.0,2026-08-19,0,-1,917.0,49.1
159069,215605,Hunter,BeastMastery,Pack Leader,DPS,EU,The Blinding Vale,2,1,925.6,110730,0,289.0,2026-08-19,0,-1,917.0,49.1
159069,186399,Hunter,BeastMastery,Pack Leader,DPS,EU,The Blinding Vale,2,1,925.6,149386,0,293.0,2026-08-19,0,-1,917.0,49.1
159076,84634,DeathKnight,Blood,Deathbringer,Tank,EU,Altar of Fangs,10,1,1660.8,104277,1,301.0,2026-08-19,0,-1,1687.0,6.3
159076,84635,Priest,Discipline,Oracle,Healer,EU,Altar of Fangs,10,1,1660.8,17744,1,292.0,2026-08-19,0,-1,1687.0,6.3
159076,84636,Warlock,Affliction,Soul Harvester,DPS,EU,Altar of Fangs,10,1,1660.8,183211,3,294.0,2026-08-19,0,-1,1687.0,6.3
159076,14440,Druid,Balance,Elune's Chosen,DPS,EU,Altar of Fangs,10,1,1660.8,204931,1,298.0,2026-08-19,0,-1,1687.0,6.3
159076,215611,Hunter,BeastMastery,Pack Leader,DPS,EU,Altar of Fangs,10,1,1660.8,145210,1,297.0,2026-08-19,0,-1,1687.0,6.3
159079,64044,Paladin,Protection,Lightsmith,Tank,EU,The Blinding Vale,10,1,1800.0,84132,0,297.0,2026-08-20,0,-1,1797.0,0.2
159079,64045,Priest,Discipline,Oracle,Healer,EU,The Blinding Vale,10,1,1800.0,19254,0,297.0,2026-08-20,0,-1,1797.0,0.2
159079,64047,Hunter,BeastMastery,Pack Leader,DPS,EU,The Blinding Vale,10,1,1800.0,170455,0,301.0,2026-08-20,0,-1,1797.0,0.2
159079,173890,Hunter,BeastMastery,Pack Leader,DPS,EU,The Blinding Vale,10,1,1800.0,166002,0,293.0,2026-08-20,0,-1,1797.0,0.2
159079,64046,Evoker,Augmentation,Chronowarden,DPS,EU,The Blinding Vale,10,1,1800.0,124478,1,297.0,2026-08-20,0,-1,1797.0,0.2
159081,85184,DeathKnight,Blood,San'layn,Tank,US,Kings' Rest,10,1,1726.7,45812,1,292.0,2026-08-20,0,-1,1753.0,11.5
159081,85185,Shaman,Restoration,Totemic,Healer,US,Kings' Rest,10,1,1726.7,12589,1,290.0,2026-08-20,0,-1,1753.0,11.5
159081,85186,Warrior,Arms,Slayer,DPS,US,Kings' Rest,10,1,1726.7,112826,2,296.0,2026-08-20,0,-1,1753.0,11.5
159081,34822,Mage,Arcane,Sunfury,DPS,US,Kings' Rest,10,1,1726.7,127557,1,299.0,2026-08-20,0,-1,1753.0,11.5
159081,85187,Warrior,Arms,Slayer,DPS,US,Kings' Rest,10,1,1726.7,141922,2,293.0,2026-08-20,0,-1,1753.0,11.5
159083,30755,Paladin,Protection,Lightsmith,Tank,US,Altar of Fangs,6,1,1282.0,108302,1,288.0,2026-08-19,0,-1,1304.0,27.6
159083,30756,Shaman,Restoration,Totemic,Healer,US,Altar of Fangs,6,1,1282.0,18921,1,288.0,2026-08-19,0,-1,1304.0,27.6
159083,30759,Mage,Arcane,Sunfury,DPS,US,Altar of Fangs,6,1,1282.0,130039,1,292.0,2026-08-19,0,-1,1304.0,27.6
159083,30758,Shaman,Elemental,Farseer,DPS,US,Altar of Fangs,6,1,1282.0,129322,2,288.0,2026-08-19,0,-1,1304.0,27.6
159083,30757,Warrior,Arms,Slayer,DPS,US,Altar of Fangs,6,1,1282.0,130557,1,293.0,2026-08-19,0,-1,1304.0,27.6
159084,143340,Druid,Guardian,Elune's Chosen,Tank,EU,Kings' Rest,10,1,1632.7,51524,1,302.0,2026-08-19,0,-1,1634.0,17.5
159084,13253,Monk,Mistweaver,Conduit of the Celestials,Healer,EU,Kings' Rest,10,1,1632.7,42492,0,305.0,2026-08-19,0,-1,1634.0,17.5
159084,24773,Mage,Arcane,Sunfury,DPS,EU,Kings' Rest,10,1,1632.7,135972,1,299.0,2026-08-19,0,-1,1634.0,17.5
159084,120335,Priest,Shadow,Voidweaver,DPS,EU,Kings' Rest,10,1,1632.7,112333,0,291.0,2026-08-19,0,-1,1634.0,17.5
159084,57538,Rogue,Outlaw,Trickster,DPS,EU,Kings' Rest,10,1,1632.7,110282,0,294.0,2026-08-19,0,-1,1634.0,17.5
159092,124522,Monk,Brewmaster,Unknown,Tank,US,Murder Row,2,1,1102.1,67617,0,286.0,2026-08-19,0,-1,1093.0,46.4
159092,124523,Shaman,Restoration,Unknown,Healer,US,Murder Row,2,1,1102.1,30605,0,293.0,2026-08-19,0,-1,1093.0,46.4
159092,124524,Warrior,Arms,Unknown,DPS,US,Murder Row,2,1,1102.1,102234,0,292.0,2026-08-19,0,-1,1093.0,46.4
159092,215619,Priest,Shadow,Unknown,DPS,US,Murder Row,2,1,1102.1,120018,0,291.0,2026-08-19,0,-1,1093.0,46.4
159092,131915,Mage,Arcane,Unknown,DPS,US,Murder Row,2,1,1102.1,54916,0,272.0,2026-08-19,0,-1,1093.0,46.4
159094,67606,Monk,Brewmaster,Shado-Pan,Tank,EU,Voidscar Arena,7,1,1239.2,62342,0,285.0,2026-08-19,0,-1,1235.0,31.4
159094,67607,Priest,Discipline,Oracle,Healer,EU,Voidscar Arena,7,1,1239.2,15731,0,294.0,2026-08-19,0,-1,1235.0,31.4
159094,67608,Paladin,Retribution,Templar,DPS,EU,Voidscar Arena,7,1,1239.2,151960,0,286.0,2026-08-19,0,-1,1235.0,31.4
159094,33903,Warrior,Arms,Slayer,DPS,EU,Voidscar Arena,7,1,1239.2,152556,1,285.0,2026-08-19,0,-1,1235.0,31.4
159094,67609,Hunter,Marksmanship,Sentinel,DPS,EU,Voidscar Arena,7,1,1239.2,149680,0,294.0,2026-08-19,0,-1,1235.0,31.4
159098,18110,DeathKnight,Blood,San'layn,Tank,EU,Murder Row,8,1,1254.9,100497,0,296.0,2026-08-20,0,-1,1251.0,38.7
159098,55485,Shaman,Restoration,Totemic,Healer,EU,Murder Row,8,1,1254.9,15613,0,289.0,2026-08-20,0,-1,1251.0,38.7
159098,159430,Mage,Arcane,Sunfury,DPS,EU,Murder Row,8,1,1254.9,120948,1,289.0,2026-08-20,0,-1,1251.0,38.7
159098,18112,Druid,Feral,Wildstalker,DPS,EU,Murder Row,8,1,1254.9,210193,0,295.0,2026-08-20,0,-1,1251.0,38.7
159098,169864,Mage,Arcane,Sunfury,DPS,EU,Murder Row,8,1,1254.9,189218,0,303.0,2026-08-20,0,-1,1251.0,38.7
159103,20971,DemonHunter,Vengeance,Annihilator,Tank,EU,Ruby Life Pools,10,1,1262.4,96435,0,302.0,2026-08-19,0,-1,1279.0,23.9
159103,20972,Priest,Discipline,Oracle,Healer,EU,Ruby Life Pools,10,1,1262.4,19164,1,300.0,2026-08-19,0,-1,1279.0,23.9
159103,20974,Shaman,Enhancement,Stormbringer,DPS,EU,Ruby Life Pools,10,1,1262.4,161640,1,296.0,2026-08-19,0,-1,1279.0,23.9
159103,20973,Hunter,BeastMastery,Pack Leader,DPS,EU,Ruby Life Pools,10,1,1262.4,155690,1,301.0,2026-08-19,0,-1,1279.0,23.9
159103,20975,Mage,Arcane,Sunfury,DPS,EU,Ruby Life Pools,10,1,1262.4,183190,2,301.0,2026-08-19,0,-1,1279.0,23.9
159104,95677,DeathKnight,Blood,San'layn,Tank,EU,Murder Row,13,1,1667.2,115510,0,304.0,2026-08-20,0,-1,1718.0,15.8
159104,102907,Shaman,Restoration,Totemic,Healer,EU,Murder Row,13,1,1667.2,24809,0,293.0,2026-08-20,0,-1,1718.0,15.8
159104,60678,Paladin,Retribution,Templar,DPS,EU,Murder Row,13,1,1667.2,176669,1,303.0,2026-08-20,0,-1,1718.0,15.8
159104,115213,Mage,Arcane,Sunfury,DPS,EU,Murder Row,13,1,1667.2,243211,2,301.0,2026-08-20,0,-1,1718.0,15.8
159104,92396,DemonHunter,Devourer,Annihilator,DPS,EU,Murder Row,13,1,1667.2,229170,1,303.0,2026-08-20,0,-1,1718.0,15.8
159119,165829,DemonHunter,Vengeance,Annihilator,Tank,EU,The Blinding Vale,2,1,1296.2,87022,0,290.0,2026-08-20,0,-1,1287.0,28.5
159119,188694,Shaman,Restoration,Totemic,Healer,EU,The Blinding Vale,2,1,1296.2,29795,0,281.0,2026-08-20,0,-1,1287.0,28.5
159119,215632,Monk,Windwalker,Conduit of the Celestials,DPS,EU,The Blinding Vale,2,1,1296.2,73564,0,280.0,2026-08-20,0,-1,1287.0,28.5
159119,165831,Druid,Balance,Elune's Chosen,DPS,EU,The Blinding Vale,2,1,1296.2,109070,0,284.0,2026-08-20,0,-1,1287.0,28.5
159119,203968,Warlock,Destruction,Diabolist,DPS,EU,The Blinding Vale,2,1,1296.2,76034,2,278.0,2026-08-20,0,-1,1287.0,28.5
159120,182857,Paladin,Protection,Templar,Tank,US,Murder Row,8,1,1740.4,58538,2,296.0,2026-08-20,0,-1,1782.0,12.7
159120,47798,Monk,Mistweaver,Master of Harmony,Healer,US,Murder Row,8,1,1740.4,31867,2,295.0,2026-08-20,0,-1,1782.0,12.7
159120,98273,Shaman,Elemental,Farseer,DPS,US,Murder Row,8,1,1740.4,122109,2,296.0,2026-08-20,0,-1,1782.0,12.7
159120,27138,Warrior,Arms,Slayer,DPS,US,Murder Row,8,1,1740.4,151262,3,299.0,2026-08-20,0,-1,1782.0,12.7
159120,215633,Hunter,BeastMastery,Pack Leader,DPS,US,Murder Row,8,1,1740.4,136990,1,302.0,2026-08-20,0,-1,1782.0,12.7
159125,65504,DeathKnight,Blood,San'layn,Tank,EU,Kings' Rest,10,1,1646.2,88649,0,296.0,2026-08-19,0,-1,1638.0,17.3
159125,215637,Priest,Discipline,Oracle,Healer,EU,Kings' Rest,10,1,1646.2,12307,0,291.0,2026-08-19,0,-1,1638.0,17.3
159125,65506,Mage,Frost,Frostfire,DPS,EU,Kings' Rest,10,1,1646.2,112997,0,293.0,2026-08-19,0,-1,1638.0,17.3
159125,31295,Warrior,Arms,Slayer,DPS,EU,Kings' Rest,10,1,1646.2,95595,0,288.0,2026-08-19,0,-1,1638.0,17.3
159125,31292,Druid,Balance,Elune's Chosen,DPS,EU,Kings' Rest,10,1,1646.2,130696,0,291.0,2026-08-19,0,-1,1638.0,17.3
159154,21127,Monk,Brewmaster,Master of Harmony,Tank,EU,Murder Row,10,1,1421.5,75733,0,290.0,2026-08-19,0,-1,1418.0,30.5
159154,21128,Evoker,Preservation,Chronowarden,Healer,EU,Murder Row,10,1,1421.5,34790,0,293.0,2026-08-19,0,-1,1418.0,30.5
159154,21130,Shaman,Elemental,Farseer,DPS,EU,Murder Row,10,1,1421.5,172403,0,292.0,2026-08-19,0,-1,1418.0,30.5
159154,21131,Evoker,Augmentation,Scalecommander,DPS,EU,Murder Row,10,1,1421.5,175575,0,292.0,2026-08-19,0,-1,1418.0,30.5
159154,21129,Mage,Arcane,Sunfury,DPS,EU,Murder Row,10,1,1421.5,200552,1,295.0,2026-08-19,0,-1,1418.0,30.5
159163,16060,DeathKnight,Blood,San'layn,Tank,EU,Kings' Rest,10,1,1518.6,110079,0,301.0,2026-08-20,0,-1,1510.0,23.7
159163,71103,Paladin,Holy,Herald of the Sun,Healer,EU,Kings' Rest,10,1,1518.6,12579,0,294.0,2026-08-20,0,-1,1510.0,23.7
159163,74990,Paladin,Retribution,Templar,DPS,EU,Kings' Rest,10,1,1518.6,104386,0,300.0,2026-08-20,0,-1,1510.0,23.7
159163,95221,Mage,Arcane,Sunfury,DPS,EU,Kings' Rest,10,1,1518.6,138859,0,303.0,2026-08-20,0,-1,1510.0,23.7
159163,150670,Hunter,Marksmanship,Sentinel,DPS,EU,Kings' Rest,10,1,1518.6,139020,0,303.0,2026-08-20,0,-1,1510.0,23.7
159178,31224,Monk,Brewmaster,Master of Harmony,Tank,US,Altar of Fangs,8,0,1867.1,63022,4,292.0,2026-08-19,0,-1,1959.0,-8.8
159178,214460,Shaman,Restoration,Totemic,Healer,US,Altar of Fangs,8,0,1867.1,17339,5,291.0,2026-08-19,0,-1,1959.0,-8.8
159178,3218,Warrior,Arms,Slayer,DPS,US,Altar of Fangs,8,0,1867.1,178743,3,303.0,2026-08-19,0,-1,1959.0,-8.8
159178,31223,Druid,Feral,Druid of the Claw,DPS,US,Altar of Fangs,8,0,1867.1,118272,5,289.0,2026-08-19,0,-1,1959.0,-8.8
159178,147936,DemonHunter,Devourer,Annihilator,DPS,US,Altar of Fangs,8,0,1867.1,119739,5,272.0,2026-08-19,0,-1,1959.0,-8.8
159190,202940,DeathKnight,Blood,San'layn,Tank,KR,Ruby Life Pools,10,1,1291.5,99578,0,295.0,2026-08-20,0,-1,1293.0,23.0
159190,215690,Shaman,Restoration,Totemic,Healer,KR,Ruby Life Pools,10,1,1291.5,20078,0,292.0,2026-08-20,0,-1,1293.0,23.0
159190,92538,Hunter,BeastMastery,Pack Leader,DPS,KR,Ruby Life Pools,10,1,1291.5,127684,2,289.0,2026-08-20,0,-1,1293.0,23.0
159190,166035,Paladin,Retribution,Herald of the Sun,DPS,KR,Ruby Life Pools,10,1,1291.5,207234,0,295.0,2026-08-20,0,-1,1293.0,23.0
159190,202943,Rogue,Subtlety,Deathstalker,DPS,KR,Ruby Life Pools,10,1,1291.5,178022,0,293.0,2026-08-20,0,-1,1293.0,23.0
159191,163002,Druid,Guardian,Elune's Chosen,Tank,EU,Altar of Fangs,10,1,1445.3,104092,1,287.0,2026-08-20,0,-1,1466.0,18.5
159191,19980,Priest,Discipline,Oracle,Healer,EU,Altar of Fangs,10,1,1445.3,18508,0,300.0,2026-08-20,0,-1,1466.0,18.5
159191,163003,Rogue,Subtlety,Deathstalker,DPS,EU,Altar of Fangs,10,1,1445.3,149262,1,271.0,2026-08-20,0,-1,1466.0,18.5
159191,163004,Rogue,Subtlety,Deathstalker,DPS,EU,Altar of Fangs,10,1,1445.3,226510,4,295.0,2026-08-20,0,-1,1466.0,18.5
159191,215691,Hunter,Marksmanship,Sentinel,DPS,EU,Altar of Fangs,10,1,1445.3,219996,0,295.0,2026-08-20,0,-1,1466.0,18.5
159192,156877,Warrior,Protection,Mountain Thane,Tank,EU,Temple of Sethraliss,8,1,1639.1,66198,1,296.0,2026-08-20,0,-1,1656.0,13.8
159192,215692,Monk,Mistweaver,Conduit of the Celestials,Healer,EU,Temple of Sethraliss,8,1,1639.1,32115,1,293.0,2026-08-20,0,-1,1656.0,13.8
159192,215693,Mage,Frost,Spellslinger,DPS,EU,Temple of Sethraliss,8,1,1639.1,105994,1,287.0,2026-08-20,0,-1,1656.0,13.8
159192,117150,Hunter,BeastMastery,Pack Leader,DPS,EU,Temple of Sethraliss,8,1,1639.1,171469,1,305.0,2026-08-20,0,-1,1656.0,13.8
159192,171506,DeathKnight,Unholy,Rider of the Apocalypse,DPS,EU,Temple of Sethraliss,8,1,1639.1,149371,1,293.0,2026-08-20,0,-1,1656.0,13.8
159193,62757,Druid,Guardian,Elune's Chosen,Tank,US,Altar of Fangs,8,1,1581.5,81268,1,292.0,2026-08-20,0,-1,1598.0,11.2
159193,2740,Paladin,Holy,Herald of the Sun,Healer,US,Altar of Fangs,8,1,1581.5,12026,1,300.0,2026-08-20,0,-1,1598.0,11.2
159193,48809,Rogue,Outlaw,Trickster,DPS,US,Altar of Fangs,8,1,1581.5,145684,1,303.0,2026-08-20,0,-1,1598.0,11.2
159193,203440,Shaman,Elemental,Stormbringer,DPS,US,Altar of Fangs,8,1,1581.5,131524,1,288.0,2026-08-20,0,-1,1598.0,11.2
159193,26826,Warlock,Demonology,Diabolist,DPS,US,Altar of Fangs,8,1,1581.5,173764,1,296.0,2026-08-20,0,-1,1598.0,11.2
159199,40693,Warrior,Protection,Mountain Thane,Tank,EU,The Blinding Vale,10,1,1437.5,126568,0,293.0,2026-08-19,0,-1,1434.0,20.3
159199,66438,Priest,Discipline,Oracle,Healer,EU,The Blinding Vale,10,1,1437.5,20050,0,296.0,2026-08-19,0,-1,1434.0,20.3
159199,53780,Paladin,Retribution,Templar,DPS,EU,The Blinding Vale,10,1,1437.5,165044,1,292.0,2026-08-19,0,-1,1434.0,20.3
159199,40695,Warrior,Arms,Slayer,DPS,EU,The Blinding Vale,10,1,1437.5,168223,0,296.0,2026-08-19,0,-1,1434.0,20.3
159199,40696,Mage,Arcane,Sunfury,DPS,EU,The Blinding Vale,10,1,1437.5,192568,0,294.0,2026-08-19,0,-1,1434.0,20.3
159205,55289,Paladin,Protection,Templar,Tank,US,Voidscar Arena,10,1,1240.1,77713,1,292.0,2026-08-19,0,-1,1262.0,29.9
159205,6607,Evoker,Preservation,Flameshaper,Healer,US,Voidscar Arena,10,1,1240.1,49146,1,295.0,2026-08-19,0,-1,1262.0,29.9
159205,6610,Hunter,Marksmanship,Sentinel,DPS,US,Voidscar Arena,10,1,1240.1,163560,1,309.0,2026-08-19,0,-1,1262.0,29.9
159205,6609,Shaman,Elemental,Farseer,DPS,US,Voidscar Arena,10,1,1240.1,181098,1,304.0,2026-08-19,0,-1,1262.0,29.9
159205,6608,Shaman,Enhancement,Stormbringer,DPS,US,Voidscar Arena,10,1,1240.1,205664,2,298.0,2026-08-19,0,-1,1262.0,29.9
159210,145146,Paladin,Protection,Lightsmith,Tank,EU,Murder Row,6,1,1626.2,44975,1,293.0,2026-08-20,0,-1,1643.0,19.5
159210,215710,Priest,Discipline,Oracle,Healer,EU,Murder Row,6,1,1626.2,9838,1,298.0,2026-08-20,0,-1,1643.0,19.5
159210,215711,Mage,Arcane,Sunfury,DPS,EU,Murder Row,6,1,1626.2,101425,1,291.0,2026-08-20,0,-1,1643.0,19.5
159210,71170,Hunter,BeastMastery,Pack Leader,DPS,EU,Murder Row,6,1,1626.2,92031,1,294.0,2026-08-20,0,-1,1643.0,19.5
159210,72390,Druid,Balance,Elune's Chosen,DPS,EU,Murder Row,6,1,1626.2,123043,1,294.0,2026-08-20,0,-1,1643.0,19.5
159236,213515,DemonHunter,Vengeance,Annihilator,Tank,EU,Murder Row,10,1,1459.8,120908,0,293.0,2026-08-20,0,-1,1456.0,28.6
159236,31241,Paladin,Holy,Herald of the Sun,Healer,EU,Murder Row,10,1,1459.8,27953,0,295.0,2026-08-20,0,-1,1456.0,28.6
159236,213516,Priest,Shadow,Voidweaver,DPS,EU,Murder Row,10,1,1459.8,176088,0,296.0,2026-08-20,0,-1,1456.0,28.6
159236,78672,DemonHunter,Devourer,Annihilator,DPS,EU,Murder Row,10,1,1459.8,151961,1,292.0,2026-08-20,0,-1,1456.0,28.6
159236,213517,Mage,Arcane,Sunfury,DPS,EU,Murder Row,10,1,1459.8,172099,0,297.0,2026-08-20,0,-1,1456.0,28.6
159265,215747,Warrior,Protection,Unknown,Tank,EU,Den of Nalorakk,10,1,1667.6,105470,0,297.0,2026-08-20,0,-1,1694.0,11.8
159265,57964,Paladin,Holy,Unknown,Healer,EU,Den of Nalorakk,10,1,1667.6,13028,2,296.0,2026-08-20,0,-1,1694.0,11.8
159265,50271,Hunter,BeastMastery,Unknown,DPS,EU,Den of Nalorakk,10,1,1667.6,147701,1,298.0,2026-08-20,0,-1,1694.0,11.8
159265,215748,Druid,Feral,Unknown,DPS,EU,Den of Nalorakk,10,1,1667.6,144753,2,295.0,2026-08-20,0,-1,1694.0,11.8
159265,215749,Warrior,Arms,Unknown,DPS,EU,Den of Nalorakk,10,1,1667.6,150642,2,294.0,2026-08-20,0,-1,1694.0,11.8
159267,105671,Paladin,Protection,Lightsmith,Tank,EU,Murder Row,12,1,1941.9,68412,2,297.0,2026-08-20,0,-1,2038.0,0.1
159267,31493,Paladin,Holy,Herald of the Sun,Healer,EU,Murder Row,12,1,1941.9,17956,4,269.0,2026-08-20,0,-1,2038.0,0.1
159267,29866,DemonHunter,Devourer,Annihilator,DPS,EU,Murder Row,12,1,1941.9,183764,1,301.0,2026-08-20,0,-1,2038.0,0.1
159267,125750,Mage,Arcane,Sunfury,DPS,EU,Murder Row,12,1,1941.9,187388,1,305.0,2026-08-20,0,-1,2038.0,0.1
159267,178598,Warlock,Demonology,Diabolist,DPS,EU,Murder Row,12,1,1941.9,185832,2,296.0,2026-08-20,0,-1,2038.0,0.1
159279,64871,DeathKnight,Blood,San'layn,Tank,EU,Voidscar Arena,10,1,1689.5,91125,1,302.0,2026-08-20,0,-1,1746.0,3.0
159279,66068,Paladin,Holy,Herald of the Sun,Healer,EU,Voidscar Arena,10,1,1689.5,18847,3,294.0,2026-08-20,0,-1,1746.0,3.0
159279,33878,Druid,Feral,Druid of the Claw,DPS,EU,Voidscar Arena,10,1,1689.5,139240,2,303.0,2026-08-20,0,-1,1746.0,3.0
159279,195666,DemonHunter,Havoc,Fel-Scarred,DPS,EU,Voidscar Arena,10,1,1689.5,99572,5,272.0,2026-08-20,0,-1,1746.0,3.0
159279,191207,Mage,Fire,Sunfury,DPS,EU,Voidscar Arena,10,1,1689.5,188546,2,299.0,2026-08-20,0,-1,1746.0,3.0
159280,98188,Druid,Guardian,Elune's Chosen,Tank,US,The Blinding Vale,2,1,1012.2,70643,0,292.0,2026-08-18,0,-1,1004.0,44.2
159280,98189,Priest,Discipline,Oracle,Healer,US,The Blinding Vale,2,1,1012.2,14666,0,295.0,2026-08-18,0,-1,1004.0,44.2
159280,119270,Priest,Shadow,Voidweaver,DPS,US,The Blinding Vale,2,1,1012.2,104711,0,288.0,2026-08-18,0,-1,1004.0,44.2
159280,98190,DeathKnight,Frost,Rider of the Apocalypse,DPS,US,The Blinding Vale,2,1,1012.2,115928,0,293.0,2026-08-18,0,-1,1004.0,44.2
159280,98192,Mage,Arcane,Sunfury,DPS,US,The Blinding Vale,2,1,1012.2,138925,0,288.0,2026-08-18,0,-1,1004.0,44.2
159281,215761,Paladin,Protection,Templar,Tank,US,Temple of Sethraliss,7,1,1554.4,74259,0,284.0,2026-08-20,0,-1,1566.0,18.5
159281,61777,Druid,Restoration,Wildstalker,Healer,US,Temple of Sethraliss,7,1,1554.4,11039,0,294.0,2026-08-20,0,-1,1566.0,18.5
159281,215762,Hunter,BeastMastery,Pack Leader,DPS,US,Temple of Sethraliss,7,1,1554.4,161500,1,292.0,2026-08-20,0,-1,1566.0,18.5
159281,56427,Warlock,Affliction,Soul Harvester,DPS,US,Temple of Sethraliss,7,1,1554.4,113961,2,298.0,2026-08-20,0,-1,1566.0,18.5
159281,215763,Paladin,Retribution,Templar,DPS,US,Temple of Sethraliss,7,1,1554.4,124711,0,288.0,2026-08-20,0,-1,1566.0,18.5
159284,157716,DeathKnight,Blood,Deathbringer,Tank,US,Den of Nalorakk,7,1,1446.4,77420,0,293.0,2026-08-19,0,-1,1438.0,25.1
159284,115966,Shaman,Restoration,Totemic,Healer,US,Den of Nalorakk,7,1,1446.4,17931,0,294.0,2026-08-19,0,-1,1438.0,25.1
159284,157717,Hunter,BeastMastery,Pack Leader,DPS,US,Den of Nalorakk,7,1,1446.4,127123,0,296.0,2026-08-19,0,-1,1438.0,25.1
159284,157718,Paladin,Retribution,Templar,DPS,US,Den of Nalorakk,7,1,1446.4,157914,0,294.0,2026-08-19,0,-1,1438.0,25.1
159284,120496,Mage,Frost,Spellslinger,DPS,US,Den of Nalorakk,7,1,1446.4,116612,0,296.0,2026-08-19,0,-1,1438.0,25.1
159292,132935,Warrior,Protection,Mountain Thane,Tank,US,Voidscar Arena,9,1,1533.6,94698,1,292.0,2026-08-19,0,-1,1590.0,11.7
159292,131898,Shaman,Restoration,Totemic,Healer,US,Voidscar Arena,9,1,1533.6,7658,2,291.0,2026-08-19,0,-1,1590.0,11.7
159292,94210,Evoker,Devastation,Scalecommander,DPS,US,Voidscar Arena,9,1,1533.6,137459,3,293.0,2026-08-19,0,-1,1590.0,11.7
159292,215772,DeathKnight,Frost,Deathbringer,DPS,US,Voidscar Arena,9,1,1533.6,135462,2,297.0,2026-08-19,0,-1,1590.0,11.7
159292,131899,Mage,Frost,Spellslinger,DPS,US,Voidscar Arena,9,1,1533.6,118082,5,291.0,2026-08-19,0,-1,1590.0,11.7
159296,116609,DemonHunter,Vengeance,Annihilator,Tank,EU,Temple of Sethraliss,8,0,2091.6,46549,3,289.0,2026-08-19,0,-1,2193.0,-14.2
159296,116610,Shaman,Restoration,Totemic,Healer,EU,Temple of Sethraliss,8,0,2091.6,9664,5,294.0,2026-08-19,0,-1,2193.0,-14.2
159296,177551,Warlock,Demonology,Diabolist,DPS,EU,Temple of Sethraliss,8,0,2091.6,124185,4,289.0,2026-08-19,0,-1,2193.0,-14.2
159296,64744,Priest,Shadow,Voidweaver,DPS,EU,Temple of Sethraliss,8,0,2091.6,113270,4,290.0,2026-08-19,0,-1,2193.0,-14.2
159296,119035,Warrior,Fury,Slayer,DPS,EU,Temple of Sethraliss,8,0,2091.6,113973,6,295.0,2026-08-19,0,-1,2193.0,-14.2
159319,127490,Druid,Guardian,Elune's Chosen,Tank,US,Voidscar Arena,7,1,1413.5,80282,0,296.0,2026-08-19,0,-1,1415.0,21.4
159319,58432,Shaman,Restoration,Totemic,Healer,US,Voidscar Arena,7,1,1413.5,21330,0,295.0,2026-08-19,0,-1,1415.0,21.4
159319,127491,Shaman,Enhancement,Totemic,DPS,US,Voidscar Arena,7,1,1413.5,132632,0,289.0,2026-08-19,0,-1,1415.0,21.4
159319,127493,Mage,Arcane,Sunfury,DPS,US,Voidscar Arena,7,1,1413.5,154849,0,289.0,2026-08-19,0,-1,1415.0,21.4
159319,127492,Hunter,BeastMastery,Pack Leader,DPS,US,Voidscar Arena,7,1,1413.5,105910,2,282.0,2026-08-19,0,-1,1415.0,21.4
159322,102321,DemonHunter,Vengeance,Annihilator,Tank,EU,Kings' Rest,10,1,1896.1,83350,0,293.0,2026-08-20,0,-1,1902.0,3.9
159322,215789,Paladin,Holy,Herald of the Sun,Healer,EU,Kings' Rest,10,1,1896.1,16446,0,296.0,2026-08-20,0,-1,1902.0,3.9
159322,209604,DemonHunter,Havoc,Fel-Scarred,DPS,EU,Kings' Rest,10,1,1896.1,117107,1,296.0,2026-08-20,0,-1,1902.0,3.9
159322,75511,Evoker,Augmentation,Scalecommander,DPS,EU,Kings' Rest,10,1,1896.1,68668,0,294.0,2026-08-20,0,-1,1902.0,3.9
159322,21878,Warrior,Fury,Slayer,DPS,EU,Kings' Rest,10,1,1896.1,107167,2,291.0,2026-08-20,0,-1,1902.0,3.9
159329,22761,DeathKnight,Blood,San'layn,Tank,EU,Ruby Life Pools,10,1,1412.4,111983,1,294.0,2026-08-19,0,-1,1444.0,14.0
159329,23259,Priest,Discipline,Oracle,Healer,EU,Ruby Life Pools,10,1,1412.4,17354,2,293.0,2026-08-19,0,-1,1444.0,14.0
159329,99009,Evoker,Devastation,Scalecommander,DPS,EU,Ruby Life Pools,10,1,1412.4,163544,2,294.0,2026-08-19,0,-1,1444.0,14.0
159329,66362,Mage,Arcane,Sunfury,DPS,EU,Ruby Life Pools,10,1,1412.4,156374,1,293.0,2026-08-19,0,-1,1444.0,14.0
159329,83416,Priest,Shadow,Archon,DPS,EU,Ruby Life Pools,10,1,1412.4,186943,2,294.0,2026-08-19,0,-1,1444.0,14.0
159330,181078,DeathKnight,Blood,San'layn,Tank,US,Ruby Life Pools,11,1,1315.5,130382,0,298.0,2026-08-20,0,-1,1312.0,21.9
159330,181079,Paladin,Holy,Lightsmith,Healer,US,Ruby Life Pools,11,1,1315.5,53306,0,302.0,2026-08-20,0,-1,1312.0,21.9
159330,181080,DemonHunter,Devourer,Annihilator,DPS,US,Ruby Life Pools,11,1,1315.5,197736,1,296.0,2026-08-20,0,-1,1312.0,21.9
159330,181081,Mage,Arcane,Sunfury,DPS,US,Ruby Life Pools,11,1,1315.5,192254,0,300.0,2026-08-20,0,-1,1312.0,21.9
159330,12577,Druid,Balance,Elune's Chosen,DPS,US,Ruby Life Pools,11,1,1315.5,185055,0,301.0,2026-08-20,0,-1,1312.0,21.9
159341,24090,Druid,Guardian,Elune's Chosen,Tank,EU,Temple of Sethraliss,11,1,1789.9,92938,0,298.0,2026-08-19,0,-1,1816.0,5.4
159341,30289,Monk,Mistweaver,Conduit of the Celestials,Healer,EU,Temple of Sethraliss,11,1,1789.9,40205,1,293.0,2026-08-19,0,-1,1816.0,5.4
159341,120353,DemonHunter,Devourer,Void-Scarred,DPS,EU,Temple of Sethraliss,11,1,1789.9,150597,3,295.0,2026-08-19,0,-1,1816.0,5.4
159341,30291,Warlock,Destruction,Diabolist,DPS,EU,Temple of Sethraliss,11,1,1789.9,195309,1,294.0,2026-08-19,0,-1,1816.0,5.4
159341,72028,Rogue,Subtlety,Deathstalker,DPS,EU,Temple of Sethraliss,11,1,1789.9,144403,2,296.0,2026-08-19,0,-1,1816.0,5.4
159355,87169,DeathKnight,Blood,Deathbringer,Tank,EU,The Blinding Vale,9,1,1498.6,95917,0,291.0,2026-08-19,0,-1,1495.0,17.0
159355,87170,Priest,Discipline,Oracle,Healer,EU,The Blinding Vale,9,1,1498.6,9181,0,290.0,2026-08-19,0,-1,1495.0,17.0
159355,87172,Paladin,Retribution,Templar,DPS,EU,The Blinding Vale,9,1,1498.6,165632,0,290.0,2026-08-19,0,-1,1495.0,17.0
159355,87171,Rogue,Subtlety,Deathstalker,DPS,EU,The Blinding Vale,9,1,1498.6,171496,0,296.0,2026-08-19,0,-1,1495.0,17.0
159355,87173,Shaman,Elemental,Farseer,DPS,EU,The Blinding Vale,9,1,1498.6,121036,1,291.0,2026-08-19,0,-1,1495.0,17.0
159390,41917,DeathKnight,Blood,San'layn,Tank,US,Murder Row,9,1,1694.0,88221,0,295.0,2026-08-19,0,-1,1696.0,16.9
159390,41918,Priest,Holy,Archon,Healer,US,Murder Row,9,1,1694.0,26868,1,295.0,2026-08-19,0,-1,1696.0,16.9
159390,41919,Paladin,Retribution,Herald of the Sun,DPS,US,Murder Row,9,1,1694.0,162517,0,296.0,2026-08-19,0,-1,1696.0,16.9
159390,215829,DeathKnight,Frost,Deathbringer,DPS,US,Murder Row,9,1,1694.0,79986,1,292.0,2026-08-19,0,-1,1696.0,16.9
159390,41920,Shaman,Elemental,Farseer,DPS,US,Murder Row,9,1,1694.0,170631,0,299.0,2026-08-19,0,-1,1696.0,16.9
159391,167114,Monk,Brewmaster,Shado-Pan,Tank,US,Kings' Rest,6,1,1810.0,52355,3,289.0,2026-08-20,0,-1,1922.0,2.9
159391,167115,Druid,Restoration,Keeper of the Grove,Healer,US,Kings' Rest,6,1,1810.0,26190,8,271.0,2026-08-20,0,-1,1922.0,2.9
159391,167117,Mage,Arcane,Sunfury,DPS,US,Kings' Rest,6,1,1810.0,62180,3,275.0,2026-08-20,0,-1,1922.0,2.9
159391,167118,Paladin,Retribution,Templar,DPS,US,Kings' Rest,6,1,1810.0,70216,4,290.0,2026-08-20,0,-1,1922.0,2.9
159391,167116,Druid,Balance,Elune's Chosen,DPS,US,Kings' Rest,6,1,1810.0,63441,6,283.0,2026-08-20,0,-1,1922.0,2.9
159410,59166,Warrior,Protection,Mountain Thane,Tank,US,Temple of Sethraliss,5,1,1281.0,86609,0,296.0,2026-08-20,0,-1,1273.0,33.7
159410,128461,Shaman,Restoration,Totemic,Healer,US,Temple of Sethraliss,5,1,1281.0,9159,1,283.0,2026-08-20,0,-1,1273.0,33.7
159410,128462,Warlock,Demonology,Diabolist,DPS,US,Temple of Sethraliss,5,1,1281.0,75063,0,292.0,2026-08-20,0,-1,1273.0,33.7
159410,25460,Warrior,Arms,Slayer,DPS,US,Temple of Sethraliss,5,1,1281.0,158815,1,295.0,2026-08-20,0,-1,1273.0,33.7
159410,75167,DeathKnight,Frost,Deathbringer,DPS,US,Temple of Sethraliss,5,1,1281.0,97329,0,293.0,2026-08-20,0,-1,1273.0,33.7
159421,215858,DemonHunter,Vengeance,Annihilator,Tank,EU,Altar of Fangs,13,0,2215.6,101137,1,301.0,2026-08-20,0,-1,2282.0,-26.8
159421,161960,Monk,Mistweaver,Conduit of the Celestials,Healer,EU,Altar of Fangs,13,0,2215.6,48044,3,292.0,2026-08-20,0,-1,2282.0,-26.8
159421,215859,DeathKnight,Unholy,Rider of the Apocalypse,DPS,EU,Altar of Fangs,13,0,2215.6,154565,2,292.0,2026-08-20,0,-1,2282.0,-26.8
159421,26320,Warrior,Fury,Mountain Thane,DPS,EU,Altar of Fangs,13,0,2215.6,177493,3,301.0,2026-08-20,0,-1,2282.0,-26.8
159421,19996,Shaman,Elemental,Farseer,DPS,EU,Altar of Fangs,13,0,2215.6,165448,6,297.0,2026-08-20,0,-1,2282.0,-26.8
159425,62068,DeathKnight,Blood,Deathbringer,Tank,EU,Murder Row,2,1,1309.1,61620,0,287.0,2026-08-19,0,-1,1301.0,36.2
159425,86534,Druid,Restoration,Wildstalker,Healer,EU,Murder Row,2,1,1309.1,8439,1,283.0,2026-08-19,0,-1,1301.0,36.2
159425,205657,Warlock,Destruction,Diabolist,DPS,EU,Murder Row,2,1,1309.1,77919,1,287.0,2026-08-19,0,-1,1301.0,36.2
159425,28606,Monk,Windwalker,Conduit of the Celestials,DPS,EU,Murder Row,2,1,1309.1,76751,1,293.0,2026-08-19,0,-1,1301.0,36.2
159425,62069,Druid,Balance,Elune's Chosen,DPS,EU,Murder Row,2,1,1309.1,105287,1,290.0,2026-08-19,0,-1,1301.0,36.2
159427,215860,DeathKnight,Blood,San'layn,Tank,US,Murder Row,10,1,1593.7,86151,0,301.0,2026-08-20,0,-1,1595.0,21.8
159427,11391,Priest,Discipline,Oracle,Healer,US,Murder Row,10,1,1593.7,20671,1,301.0,2026-08-20,0,-1,1595.0,21.8
159427,190737,Hunter,Survival,Sentinel,DPS,US,Murder Row,10,1,1593.7,118202,0,294.0,2026-08-20,0,-1,1595.0,21.8
159427,467,DemonHunter,Devourer,Void-Scarred,DPS,US,Murder Row,10,1,1593.7,196177,0,302.0,2026-08-20,0,-1,1595.0,21.8
159427,36074,Evoker,Devastation,Scalecommander,DPS,US,Murder Row,10,1,1593.7,160107,1,299.0,2026-08-20,0,-1,1595.0,21.8
159432,64572,DeathKnight,Blood,Unknown,Tank,EU,The Blinding Vale,10,1,1582.8,142727,0,294.0,2026-08-19,0,-1,1584.0,12.0
159432,64573,Shaman,Restoration,Unknown,Healer,EU,The Blinding Vale,10,1,1582.8,28845,0,294.0,2026-08-19,0,-1,1584.0,12.0
159432,64575,Warrior,Arms,Unknown,DPS,EU,The Blinding Vale,10,1,1582.8,161105,1,293.0,2026-08-19,0,-1,1584.0,12.0
159432,64576,Druid,Balance,Unknown,DPS,EU,The Blinding Vale,10,1,1582.8,126098,1,280.0,2026-08-19,0,-1,1584.0,12.0
159432,64574,Hunter,BeastMastery,Unknown,DPS,EU,The Blinding Vale,10,1,1582.8,209627,0,293.0,2026-08-19,0,-1,1584.0,12.0
159437,26657,DeathKnight,Blood,San'layn,Tank,EU,Murder Row,9,1,1825.0,74560,0,293.0,2026-08-19,0,-1,1821.0,10.7
159437,28514,Shaman,Restoration,Totemic,Healer,EU,Murder Row,9,1,1825.0,15715,0,300.0,2026-08-19,0,-1,1821.0,10.7
159437,26660,Hunter,Marksmanship,Sentinel,DPS,EU,Murder Row,9,1,1825.0,124331,0,287.0,2026-08-19,0,-1,1821.0,10.7
159437,159780,Paladin,Retribution,Templar,DPS,EU,Murder Row,9,1,1825.0,127250,0,293.0,2026-08-19,0,-1,1821.0,10.7
159437,26661,DeathKnight,Frost,Deathbringer,DPS,EU,Murder Row,9,1,1825.0,107002,1,292.0,2026-08-19,0,-1,1821.0,10.7
159444,215868,DeathKnight,Blood,San'layn,Tank,US,Ruby Life Pools,2,1,930.8,89877,0,293.0,2026-08-20,0,-1,923.0,45.1
159444,102066,Paladin,Holy,Lightsmith,Healer,US,Ruby Life Pools,2,1,930.8,12202,0,293.0,2026-08-20,0,-1,923.0,45.1
159444,102068,Warlock,Destruction,Diabolist,DPS,US,Ruby Life Pools,2,1,930.8,114522,0,294.0,2026-08-20,0,-1,923.0,45.1
159444,102067,Mage,Arcane,Sunfury,DPS,US,Ruby Life Pools,2,1,930.8,118753,0,299.0,2026-08-20,0,-1,923.0,45.1
159444,167938,Druid,Feral,Druid of the Claw,DPS,US,Ruby Life Pools,2,1,930.8,114122,0,286.0,2026-08-20,0,-1,923.0,45.1
159463,92273,DemonHunter,Vengeance,Annihilator,Tank,EU,Altar of Fangs,10,1,1613.6,84889,1,295.0,2026-08-19,0,-1,1615.0,10.3
159463,110863,Priest,Discipline,Oracle,Healer,EU,Altar of Fangs,10,1,1613.6,16352,0,295.0,2026-08-19,0,-1,1615.0,10.3
159463,53276,Paladin,Retribution,Templar,DPS,EU,Altar of Fangs,10,1,1613.6,192652,0,298.0,2026-08-19,0,-1,1615.0,10.3
159463,92276,Druid,Balance,Elune's Chosen,DPS,EU,Altar of Fangs,10,1,1613.6,173367,0,293.0,2026-08-19,0,-1,1615.0,10.3
159463,31037,DeathKnight,Frost,Deathbringer,DPS,EU,Altar of Fangs,10,1,1613.6,193916,1,294.0,2026-08-19,0,-1,1615.0,10.3
159476,104559,Druid,Guardian,Unknown,Tank,US,Kings' Rest,6,0,2046.2,32995,3,293.0,2026-08-19,0,-1,2123.0,-7.2
159476,104560,Paladin,Holy,Unknown,Healer,US,Kings' Rest,6,0,2046.2,5861,4,288.0,2026-08-19,0,-1,2123.0,-7.2
159476,104563,Mage,Frost,Unknown,DPS,US,Kings' Rest,6,0,2046.2,90560,3,293.0,2026-08-19,0,-1,2123.0,-7.2
159476,104561,DeathKnight,Frost,Unknown,DPS,US,Kings' Rest,6,0,2046.2,58505,5,281.0,2026-08-19,0,-1,2123.0,-7.2
159476,104562,Warlock,Destruction,Unknown,DPS,US,Kings' Rest,6,0,2046.2,77138,4,289.0,2026-08-19,0,-1,2123.0,-7.2
159478,36434,Warrior,Protection,Mountain Thane,Tank,EU,Temple of Sethraliss,7,1,1725.5,80627,2,296.0,2026-08-20,0,-1,1792.0,6.7
159478,100708,Priest,Discipline,Oracle,Healer,EU,Temple of Sethraliss,7,1,1725.5,7244,5,294.0,2026-08-20,0,-1,1792.0,6.7
159478,33535,Hunter,BeastMastery,Pack Leader,DPS,EU,Temple of Sethraliss,7,1,1725.5,127523,3,292.0,2026-08-20,0,-1,1792.0,6.7
159478,100711,Warlock,Demonology,Diabolist,DPS,EU,Temple of Sethraliss,7,1,1725.5,128472,3,296.0,2026-08-20,0,-1,1792.0,6.7
159478,62981,Paladin,Retribution,Templar,DPS,EU,Temple of Sethraliss,7,1,1725.5,102577,2,295.0,2026-08-20,0,-1,1792.0,6.7
159482,54142,Paladin,Protection,Templar,Tank,EU,Temple of Sethraliss,2,1,1111.4,67858,0,290.0,2026-08-19,0,-1,1103.0,42.6
159482,54143,Evoker,Preservation,Flameshaper,Healer,EU,Temple of Sethraliss,2,1,1111.4,21405,1,292.0,2026-08-19,0,-1,1103.0,42.6
159482,54144,DeathKnight,Frost,Deathbringer,DPS,EU,Temple of Sethraliss,2,1,1111.4,117431,0,292.0,2026-08-19,0,-1,1103.0,42.6
159482,54146,Warrior,Arms,Slayer,DPS,EU,Temple of Sethraliss,2,1,1111.4,104465,0,283.0,2026-08-19,0,-1,1103.0,42.6
159482,54145,Hunter,BeastMastery,Pack Leader,DPS,EU,Temple of Sethraliss,2,1,1111.4,101462,0,289.0,2026-08-19,0,-1,1103.0,42.6
159492,75,DeathKnight,Blood,San'layn,Tank,US,Altar of Fangs,12,0,1740.4,154620,0,307.0,2026-08-20,0,-1,1822.0,-1.2
159492,898,Shaman,Restoration,Farseer,Healer,US,Altar of Fangs,12,0,1740.4,11845,2,302.0,2026-08-20,0,-1,1822.0,-1.2
159492,9195,Warrior,Arms,Slayer,DPS,US,Altar of Fangs,12,0,1740.4,174369,3,302.0,2026-08-20,0,-1,1822.0,-1.2
159492,40189,Warlock,Demonology,Diabolist,DPS,US,Altar of Fangs,12,0,1740.4,160590,4,290.0,2026-08-20,0,-1,1822.0,-1.2
159492,4848,DeathKnight,Unholy,Rider of the Apocalypse,DPS,US,Altar of Fangs,12,0,1740.4,210491,1,299.0,2026-08-20,0,-1,1822.0,-1.2
159493,128952,Paladin,Protection,Lightsmith,Tank,US,The Blinding Vale,10,1,1319.1,110199,0,301.0,2026-08-19,0,-1,1310.0,27.2
159493,1586,Shaman,Restoration,Totemic,Healer,US,The Blinding Vale,10,1,1319.1,13966,0,295.0,2026-08-19,0,-1,1310.0,27.2
159493,2088,Shaman,Elemental,Farseer,DPS,US,The Blinding Vale,10,1,1319.1,209142,0,295.0,2026-08-19,0,-1,1310.0,27.2
159493,2087,Priest,Shadow,Archon,DPS,US,The Blinding Vale,10,1,1319.1,190382,0,296.0,2026-08-19,0,-1,1310.0,27.2
159493,2089,Hunter,Survival,Sentinel,DPS,US,The Blinding Vale,10,1,1319.1,153941,0,296.0,2026-08-19,0,-1,1310.0,27.2
159506,33676,DeathKnight,Blood,San'layn,Tank,EU,Den of Nalorakk,10,1,1576.1,101164,1,310.0,2026-08-20,0,-1,1602.0,16.5
159506,72267,Monk,Mistweaver,Conduit of the Celestials,Healer,EU,Den of Nalorakk,10,1,1576.1,49572,1,297.0,2026-08-20,0,-1,1602.0,16.5
159506,170548,Warrior,Arms,Slayer,DPS,EU,Den of Nalorakk,10,1,1576.1,175544,1,299.0,2026-08-20,0,-1,1602.0,16.5
159506,55998,Druid,Balance,Elune's Chosen,DPS,EU,Den of Nalorakk,10,1,1576.1,162455,1,304.0,2026-08-20,0,-1,1602.0,16.5
159506,33680,Mage,Arcane,Sunfury,DPS,EU,Den of Nalorakk,10,1,1576.1,143747,3,293.0,2026-08-20,0,-1,1602.0,16.5
159512,110264,Paladin,Protection,Templar,Tank,EU,Murder Row,10,0,2364.0,73190,2,296.0,2026-08-19,0,-1,2405.0,-17.9
159512,110265,Monk,Mistweaver,Conduit of the Celestials,Healer,EU,Murder Row,10,0,2364.0,32720,2,294.0,2026-08-19,0,-1,2405.0,-17.9
159512,134057,Mage,Arcane,Sunfury,DPS,EU,Murder Row,10,0,2364.0,123443,3,291.0,2026-08-19,0,-1,2405.0,-17.9
159512,107655,Warrior,Arms,Colossus,DPS,EU,Murder Row,10,0,2364.0,117386,4,292.0,2026-08-19,0,-1,2405.0,-17.9
159512,23192,DemonHunter,Devourer,Void-Scarred,DPS,EU,Murder Row,10,0,2364.0,123159,4,298.0,2026-08-19,0,-1,2405.0,-17.9
159519,65163,DeathKnight,Blood,San'layn,Tank,EU,Ruby Life Pools,10,1,1261.4,127807,2,297.0,2026-08-20,0,-1,1302.0,22.5
159519,30832,Paladin,Holy,Herald of the Sun,Healer,EU,Ruby Life Pools,10,1,1261.4,17110,3,303.0,2026-08-20,0,-1,1302.0,22.5
159519,70236,Evoker,Augmentation,Chronowarden,DPS,EU,Ruby Life Pools,10,1,1261.4,134009,1,288.0,2026-08-20,0,-1,1302.0,22.5
159519,22106,Warlock,Demonology,Diabolist,DPS,EU,Ruby Life Pools,10,1,1261.4,210776,1,303.0,2026-08-20,0,-1,1302.0,22.5
159519,71096,DemonHunter,Devourer,Void-Scarred,DPS,EU,Ruby Life Pools,10,1,1261.4,224861,3,296.0,2026-08-20,0,-1,1302.0,22.5
159534,110202,Paladin,Protection,Lightsmith,Tank,KR,Ruby Life Pools,11,1,1498.0,91262,1,293.0,2026-08-20,0,-1,1525.0,9.2
159534,161234,Shaman,Restoration,Totemic,Healer,KR,Ruby Life Pools,11,1,1498.0,19807,1,293.0,2026-08-20,0,-1,1525.0,9.2
159534,215932,Warlock,Destruction,Hellcaller,DPS,KR,Ruby Life Pools,11,1,1498.0,164600,2,292.0,2026-08-20,0,-1,1525.0,9.2
159534,215933,Mage,Frost,Spellslinger,DPS,KR,Ruby Life Pools,11,1,1498.0,168442,1,293.0,2026-08-20,0,-1,1525.0,9.2
159534,110205,Rogue,Subtlety,Deathstalker,DPS,KR,Ruby Life Pools,11,1,1498.0,175966,2,291.0,2026-08-20,0,-1,1525.0,9.2
159535,18666,DeathKnight,Blood,San'layn,Tank,EU,Kings' Rest,2,1,856.0,59322,0,297.0,2026-08-19,0,-1,848.0,57.2
159535,13582,Druid,Restoration,Keeper of the Grove,Healer,EU,Kings' Rest,2,1,856.0,41347,0,292.0,2026-08-19,0,-1,848.0,57.2
159535,13585,Shaman,Elemental,Farseer,DPS,EU,Kings' Rest,2,1,856.0,112086,0,295.0,2026-08-19,0,-1,848.0,57.2
159535,13584,Monk,Windwalker,Shado-Pan,DPS,EU,Kings' Rest,2,1,856.0,100830,0,293.0,2026-08-19,0,-1,848.0,57.2
159535,215934,Warlock,Demonology,Diabolist,DPS,EU,Kings' Rest,2,1,856.0,87983,0,291.0,2026-08-19,0,-1,848.0,57.2
159538,98872,DeathKnight,Blood,San'layn,Tank,EU,Altar of Fangs,10,1,1573.1,87705,2,289.0,2026-08-19,0,-1,1599.0,11.2
159538,27309,Monk,Mistweaver,Conduit of the Celestials,Healer,EU,Altar of Fangs,10,1,1573.1,48196,1,296.0,2026-08-19,0,-1,1599.0,11.2
159538,98873,Warrior,Arms,Slayer,DPS,EU,Altar of Fangs,10,1,1573.1,163236,3,295.0,2026-08-19,0,-1,1599.0,11.2
159538,98874,DeathKnight,Unholy,Rider of the Apocalypse,DPS,EU,Altar of Fangs,10,1,1573.1,194597,1,292.0,2026-08-19,0,-1,1599.0,11.2
159538,24153,Mage,Arcane,Sunfury,DPS,EU,Altar of Fangs,10,1,1573.1,181081,0,291.0,2026-08-19,0,-1,1599.0,11.2
159546,6541,Paladin,Protection,Lightsmith,Tank,US,Altar of Fangs,13,1,1611.2,138607,0,299.0,2026-08-20,0,-1,1602.0,11.0
159546,9200,Paladin,Holy,Herald of the Sun,Healer,US,Altar of Fangs,13,1,1611.2,17214,0,301.0,2026-08-20,0,-1,1602.0,11.0
159546,9201,Mage,Arcane,Sunfury,DPS,US,Altar of Fangs,13,1,1611.2,253255,0,300.0,2026-08-20,0,-1,1602.0,11.0
159546,7264,DemonHunter,Devourer,Void-Scarred,DPS,US,Altar of Fangs,13,1,1611.2,204882,0,299.0,2026-08-20,0,-1,1602.0,11.0
159546,44784,Warrior,Arms,Slayer,DPS,US,Altar of Fangs,13,1,1611.2,197995,0,296.0,2026-08-20,0,-1,1602.0,11.0
159550,166534,Warrior,Protection,Mountain Thane,Tank,EU,Temple of Sethraliss,9,1,1415.8,128102,0,296.0,2026-08-19,0,-1,1422.0,25.9
159550,99876,Shaman,Restoration,Farseer,Healer,EU,Temple of Sethraliss,9,1,1415.8,14576,0,296.0,2026-08-19,0,-1,1422.0,25.9
159550,57923,Druid,Balance,Elune's Chosen,DPS,EU,Temple of Sethraliss,9,1,1415.8,135759,1,296.0,2026-08-19,0,-1,1422.0,25.9
159550,166535,Hunter,BeastMastery,Pack Leader,DPS,EU,Temple of Sethraliss,9,1,1415.8,127856,2,289.0,2026-08-19,0,-1,1422.0,25.9
159550,117157,DeathKnight,Unholy,Rider of the Apocalypse,DPS,EU,Temple of Sethraliss,9,1,1415.8,172426,0,291.0,2026-08-19,0,-1,1422.0,25.9
159568,74662,DeathKnight,Blood,San'layn,Tank,EU,Ruby Life Pools,10,0,1719.0,123287,2,293.0,2026-08-19,0,-1,1775.0,-5.7
159568,72020,Druid,Restoration,Wildstalker,Healer,EU,Ruby Life Pools,10,0,1719.0,1852,3,291.0,2026-08-19,0,-1,1775.0,-5.7
159568,200018,Paladin,Retribution,Templar,DPS,EU,Ruby Life Pools,10,0,1719.0,173643,2,301.0,2026-08-19,0,-1,1775.0,-5.7
159568,76430,Warrior,Fury,Mountain Thane,DPS,EU,Ruby Life Pools,10,0,1719.0,153568,4,298.0,2026-08-19,0,-1,1775.0,-5.7
159568,123943,Druid,Balance,Elune's Chosen,DPS,EU,Ruby Life Pools,10,0,1719.0,107804,3,294.0,2026-08-19,0,-1,1775.0,-5.7
159572,32018,Warrior,Protection,Mountain Thane,Tank,EU,Altar of Fangs,10,1,1594.6,119750,1,293.0,2026-08-19,0,-1,1616.0,10.2
159572,159916,Shaman,Restoration,Totemic,Healer,EU,Altar of Fangs,10,1,1594.6,32565,1,286.0,2026-08-19,0,-1,1616.0,10.2
159572,32021,Priest,Shadow,Voidweaver,DPS,EU,Altar of Fangs,10,1,1594.6,177944,2,294.0,2026-08-19,0,-1,1616.0,10.2
159572,32020,Hunter,BeastMastery,Pack Leader,DPS,EU,Altar of Fangs,10,1,1594.6,190798,1,296.0,2026-08-19,0,-1,1616.0,10.2
159572,20841,Evoker,Augmentation,Chronowarden,DPS,EU,Altar of Fangs,10,1,1594.6,144644,1,292.0,2026-08-19,0,-1,1616.0,10.2
159574,168940,Monk,Brewmaster,Shado-Pan,Tank,EU,Voidscar Arena,10,1,1492.7,83978,1,293.0,2026-08-20,0,-1,1564.0,13.1
159574,21964,Shaman,Restoration,Totemic,Healer,EU,Voidscar Arena,10,1,1492.7,20663,3,300.0,2026-08-20,0,-1,1564.0,13.1
159574,21966,Warrior,Arms,Slayer,DPS,EU,Voidscar Arena,10,1,1492.7,192170,4,299.0,2026-08-20,0,-1,1564.0,13.1
159574,215959,Mage,Arcane,Sunfury,DPS,EU,Voidscar Arena,10,1,1492.7,175397,5,304.0,2026-08-20,0,-1,1564.0,13.1
159574,168942,DemonHunter,Devourer,Void-Scarred,DPS,EU,Voidscar Arena,10,1,1492.7,141670,3,293.0,2026-08-20,0,-1,1564.0,13.1
159580,215960,Warrior,Protection,Mountain Thane,Tank,EU,Kings' Rest,11,0,2209.4,67628,1,292.0,2026-08-19,0,-1,2250.0,-13.7
159580,116065,Paladin,Holy,Herald of the Sun,Healer,EU,Kings' Rest,11,0,2209.4,8602,2,296.0,2026-08-19,0,-1,2250.0,-13.7
159580,88882,DeathKnight,Frost,Rider of the Apocalypse,DPS,EU,Kings' Rest,11,0,2209.4,110040,1,292.0,2026-08-19,0,-1,2250.0,-13.7
159580,215961,DeathKnight,Unholy,Rider of the Apocalypse,DPS,EU,Kings' Rest,11,0,2209.4,111603,3,291.0,2026-08-19,0,-1,2250.0,-13.7
159580,215962,Hunter,Survival,Sentinel,DPS,EU,Kings' Rest,11,0,2209.4,83337,4,289.0,2026-08-19,0,-1,2250.0,-13.7
159587,198390,DeathKnight,Blood,Deathbringer,Tank,US,Voidscar Arena,10,1,1324.6,95222,0,292.0,2026-08-19,0,-1,1346.0,25.2
159587,98218,Shaman,Restoration,Farseer,Healer,US,Voidscar Arena,10,1,1324.6,22183,0,294.0,2026-08-19,0,-1,1346.0,25.2
159587,5506,Shaman,Enhancement,Stormbringer,DPS,US,Voidscar Arena,10,1,1324.6,197084,1,300.0,2026-08-19,0,-1,1346.0,25.2
159587,254,DemonHunter,Devourer,Void-Scarred,DPS,US,Voidscar Arena,10,1,1324.6,176358,2,299.0,2026-08-19,0,-1,1346.0,25.2
159587,4100,Warrior,Arms,Slayer,DPS,US,Voidscar Arena,10,1,1324.6,170172,3,297.0,2026-08-19,0,-1,1346.0,25.2
159600,198281,Druid,Guardian,Elune's Chosen,Tank,EU,Kings' Rest,9,1,1493.7,44790,1,298.0,2026-08-19,0,-1,1516.0,23.5
159600,17257,Shaman,Restoration,Totemic,Healer,EU,Kings' Rest,9,1,1493.7,36562,1,295.0,2026-08-19,0,-1,1516.0,23.5
159600,112649,Shaman,Elemental,Farseer,DPS,EU,Kings' Rest,9,1,1493.7,132739,1,299.0,2026-08-19,0,-1,1516.0,23.5
159600,78657,Druid,Balance,Elune's Chosen,DPS,EU,Kings' Rest,9,1,1493.7,125912,1,299.0,2026-08-19,0,-1,1516.0,23.5
159600,154706,Mage,Arcane,Sunfury,DPS,EU,Kings' Rest,9,1,1493.7,156625,2,297.0,2026-08-19,0,-1,1516.0,23.5
159601,8298,DeathKnight,Blood,Deathbringer,Tank,US,Voidscar Arena,10,1,1719.8,74154,2,288.0,2026-08-19,0,-1,1797.0,0.2
159601,8299,Shaman,Restoration,Totemic,Healer,US,Voidscar Arena,10,1,1719.8,19539,2,291.0,2026-08-19,0,-1,1797.0,0.2
159601,10748,Warrior,Arms,Slayer,DPS,US,Voidscar Arena,10,1,1719.8,130423,4,287.0,2026-08-19,0,-1,1797.0,0.2
159601,8300,Druid,Balance,Elune's Chosen,DPS,US,Voidscar Arena,10,1,1719.8,131831,6,287.0,2026-08-19,0,-1,1797.0,0.2
159601,10749,Mage,Frost,Spellslinger,DPS,US,Voidscar Arena,10,1,1719.8,150821,3,299.0,2026-08-19,0,-1,1797.0,0.2
159609,14605,Monk,Brewmaster,Master of Harmony,Tank,EU,Altar of Fangs,10,1,1614.3,81237,2,297.0,2026-08-19,0,-1,1696.0,5.8
159609,14606,Paladin,Holy,Lightsmith,Healer,EU,Altar of Fangs,10,1,1614.3,28460,2,295.0,2026-08-19,0,-1,1696.0,5.8
159609,14607,Warrior,Fury,Slayer,DPS,EU,Altar of Fangs,10,1,1614.3,188068,2,296.0,2026-08-19,0,-1,1696.0,5.8
159609,14608,Rogue,Subtlety,Deathstalker,DPS,EU,Altar of Fangs,10,1,1614.3,192659,8,295.0,2026-08-19,0,-1,1696.0,5.8
159609,14609,DemonHunter,Devourer,Void-Scarred,DPS,EU,Altar of Fangs,10,1,1614.3,192485,4,301.0,2026-08-19,0,-1,1696.0,5.8
159612,6981,Monk,Brewmaster,Shado-Pan,Tank,US,The Blinding Vale,9,1,1478.7,83489,2,287.0,2026-08-18,0,-1,1516.0,15.8
159612,11614,Druid,Restoration,Wildstalker,Healer,US,The Blinding Vale,9,1,1478.7,9445,2,294.0,2026-08-18,0,-1,1516.0,15.8
159612,6983,Mage,Arcane,Sunfury,DPS,US,The Blinding Vale,9,1,1478.7,157678,3,293.0,2026-08-18,0,-1,1516.0,15.8
159612,2259,DeathKnight,Unholy,Rider of the Apocalypse,DPS,US,The Blinding Vale,9,1,1478.7,198778,1,292.0,2026-08-18,0,-1,1516.0,15.8
159612,12520,Warrior,Arms,Slayer,DPS,US,The Blinding Vale,9,1,1478.7,197364,1,294.0,2026-08-18,0,-1,1516.0,15.8
159613,20067,DeathKnight,Blood,San'layn,Tank,US,Voidscar Arena,10,1,1422.5,100975,0,304.0,2026-08-20,0,-1,1424.0,20.9
159613,20068,Paladin,Holy,Herald of the Sun,Healer,US,Voidscar Arena,10,1,1422.5,17082,1,302.0,2026-08-20,0,-1,1424.0,20.9
159613,65430,Shaman,Elemental,Farseer,DPS,US,Voidscar Arena,10,1,1422.5,181692,0,300.0,2026-08-20,0,-1,1424.0,20.9
159613,3808,DeathKnight,Unholy,Rider of the Apocalypse,DPS,US,Voidscar Arena,10,1,1422.5,200119,1,295.0,2026-08-20,0,-1,1424.0,20.9
159613,65431,Druid,Balance,Elune's Chosen,DPS,US,Voidscar Arena,10,1,1422.5,129272,0,300.0,2026-08-20,0,-1,1424.0,20.9
159624,19401,DeathKnight,Blood,San'layn,Tank,EU,Voidscar Arena,5,1,807.6,102051,0,296.0,2026-08-19,0,-1,800.0,55.6
159624,19402,Druid,Restoration,Wildstalker,Healer,EU,Voidscar Arena,5,1,807.6,21791,0,286.0,2026-08-19,0,-1,800.0,55.6
159624,19403,Druid,Balance,Elune's Chosen,DPS,EU,Voidscar Arena,5,1,807.6,138736,0,294.0,2026-08-19,0,-1,800.0,55.6
159624,19405,Rogue,Assassination,Deathstalker,DPS,EU,Voidscar Arena,5,1,807.6,170188,0,291.0,2026-08-19,0,-1,800.0,55.6
159624,57557,Warlock,Demonology,Diabolist,DPS,EU,Voidscar Arena,5,1,807.6,115201,4,294.0,2026-08-19,0,-1,800.0,55.6
159626,8450,DeathKnight,Blood,San'layn,Tank,US,Ruby Life Pools,10,1,1409.7,122372,2,302.0,2026-08-19,0,-1,1466.0,12.7
159626,36158,Priest,Discipline,Oracle,Healer,US,Ruby Life Pools,10,1,1409.7,13160,2,295.0,2026-08-19,0,-1,1466.0,12.7
159626,8454,Warlock,Demonology,Diabolist,DPS,US,Ruby Life Pools,10,1,1409.7,178694,3,298.0,2026-08-19,0,-1,1466.0,12.7
159626,8451,Shaman,Enhancement,Stormbringer,DPS,US,Ruby Life Pools,10,1,1409.7,140294,2,303.0,2026-08-19,0,-1,1466.0,12.7
159626,37288,DemonHunter,Devourer,Void-Scarred,DPS,US,Ruby Life Pools,10,1,1409.7,171762,4,296.0,2026-08-19,0,-1,1466.0,12.7
159634,215990,Monk,Brewmaster,Master of Harmony,Tank,EU,Murder Row,7,1,1624.5,61774,0,296.0,2026-08-19,0,-1,1626.0,20.3
159634,215991,Shaman,Restoration,Totemic,Healer,EU,Murder Row,7,1,1624.5,13611,0,294.0,2026-08-19,0,-1,1626.0,20.3
159634,215992,Warrior,Arms,Slayer,DPS,EU,Murder Row,7,1,1624.5,134673,1,294.0,2026-08-19,0,-1,1626.0,20.3
159634,215993,Warlock,Demonology,Diabolist,DPS,EU,Murder Row,7,1,1624.5,102504,1,283.0,2026-08-19,0,-1,1626.0,20.3
159634,98300,Rogue,Subtlety,Deathstalker,DPS,EU,Murder Row,7,1,1624.5,136863,0,289.0,2026-08-19,0,-1,1626.0,20.3
159645,122233,Paladin,Protection,Templar,Tank,US,Altar of Fangs,7,0,2009.8,76069,3,294.0,2026-08-19,0,-1,2067.0,-14.8
159645,144414,Shaman,Restoration,Totemic,Healer,US,Altar of Fangs,7,0,2009.8,16703,5,296.0,2026-08-19,0,-1,2067.0,-14.8
159645,216001,Evoker,Devastation,Flameshaper,DPS,US,Altar of Fangs,7,0,2009.8,121323,4,291.0,2026-08-19,0,-1,2067.0,-14.8
159645,216002,Rogue,Assassination,Deathstalker,DPS,US,Altar of Fangs,7,0,2009.8,126424,4,285.0,2026-08-19,0,-1,2067.0,-14.8
159645,82630,Mage,Arcane,Sunfury,DPS,US,Altar of Fangs,7,0,2009.8,124530,4,287.0,2026-08-19,0,-1,2067.0,-14.8
159651,23997,DeathKnight,Blood,San'layn,Tank,EU,Altar of Fangs,10,1,1122.7,132675,0,300.0,2026-08-20,0,-1,1130.0,37.2
159651,13501,Priest,Holy,Oracle,Healer,EU,Altar of Fangs,10,1,1122.7,40178,0,301.0,2026-08-20,0,-1,1130.0,37.2
159651,13502,Warlock,Demonology,Diabolist,DPS,EU,Altar of Fangs,10,1,1122.7,295379,1,303.0,2026-08-20,0,-1,1130.0,37.2
159651,18183,Mage,Arcane,Sunfury,DPS,EU,Altar of Fangs,10,1,1122.7,239129,1,299.0,2026-08-20,0,-1,1130.0,37.2
159651,23734,DeathKnight,Unholy,San'layn,DPS,EU,Altar of Fangs,10,1,1122.7,269825,0,299.0,2026-08-20,0,-1,1130.0,37.2
159654,167114,Monk,Brewmaster,Shado-Pan,Tank,US,The Blinding Vale,6,1,1720.0,84656,2,290.0,2026-08-20,0,-1,1772.0,1.6
159654,77470,Paladin,Holy,Herald of the Sun,Healer,US,The Blinding Vale,6,1,1720.0,8011,2,288.0,2026-08-20,0,-1,1772.0,1.6
159654,167117,Mage,Arcane,Sunfury,DPS,US,The Blinding Vale,6,1,1720.0,100982,3,278.0,2026-08-20,0,-1,1772.0,1.6
159654,167116,Druid,Balance,Elune's Chosen,DPS,US,The Blinding Vale,6,1,1720.0,96644,3,283.0,2026-08-20,0,-1,1772.0,1.6
159654,167118,Paladin,Retribution,Templar,DPS,US,The Blinding Vale,6,1,1720.0,110941,2,291.0,2026-08-20,0,-1,1772.0,1.6
159661,194180,DemonHunter,Vengeance,Annihilator,Tank,EU,Den of Nalorakk,2,1,894.4,34262,0,285.0,2026-08-19,0,-1,1211.0,36.9
159661,194181,Paladin,Holy,Herald of the Sun,Healer,EU,Den of Nalorakk,2,1,894.4,16242,0,291.0,2026-08-19,0,-1,1211.0,36.9
159661,126826,Warlock,Destruction,Hellcaller,DPS,EU,Den of Nalorakk,2,1,894.4,73499,0,290.0,2026-08-19,0,-1,1211.0,36.9
159661,194183,Mage,Arcane,Sunfury,DPS,EU,Den of Nalorakk,2,1,894.4,108258,0,281.0,2026-08-19,0,-1,1211.0,36.9
159661,216015,Evoker,Devastation,Scalecommander,DPS,EU,Den of Nalorakk,2,1,894.4,81020,2,284.0,2026-08-19,0,-1,1211.0,36.9
159666,127176,Warrior,Protection,Mountain Thane,Tank,EU,Kings' Rest,5,1,1361.8,67736,0,291.0,2026-08-19,0,-1,1354.0,31.6
159666,66504,Monk,Mistweaver,Conduit of the Celestials,Healer,EU,Kings' Rest,5,1,1361.8,19282,1,285.0,2026-08-19,0,-1,1354.0,31.6
159666,216020,Mage,Arcane,Sunfury,DPS,EU,Kings' Rest,5,1,1361.8,91622,1,288.0,2026-08-19,0,-1,1354.0,31.6
159666,153985,Warlock,Destruction,Hellcaller,DPS,EU,Kings' Rest,5,1,1361.8,38982,3,291.0,2026-08-19,0,-1,1354.0,31.6
159666,163478,Hunter,Survival,Pack Leader,DPS,EU,Kings' Rest,5,1,1361.8,93847,1,283.0,2026-08-19,0,-1,1354.0,31.6
159680,216033,Paladin,Protection,Lightsmith,Tank,CN,Kings' Rest,11,1,1865.4,59339,0,296.0,2026-08-20,0,-1,1887.0,4.7
159680,216034,Paladin,Holy,Lightsmith,Healer,CN,Kings' Rest,11,1,1865.4,19274,2,293.0,2026-08-20,0,-1,1887.0,4.7
159680,216035,Hunter,BeastMastery,Pack Leader,DPS,CN,Kings' Rest,11,1,1865.4,131473,2,301.0,2026-08-20,0,-1,1887.0,4.7
159680,184664,Warrior,Arms,Slayer,DPS,CN,Kings' Rest,11,1,1865.4,152613,1,293.0,2026-08-20,0,-1,1887.0,4.7
159680,216036,DemonHunter,Havoc,Fel-Scarred,DPS,CN,Kings' Rest,11,1,1865.4,81496,1,289.0,2026-08-20,0,-1,1887.0,4.7
159689,122049,DeathKnight,Blood,Unknown,Tank,EU,The Blinding Vale,2,1,857.5,70548,0,291.0,2026-08-19,0,-1,849.0,52.9
159689,122050,Paladin,Holy,Unknown,Healer,EU,The Blinding Vale,2,1,857.5,14400,0,295.0,2026-08-19,0,-1,849.0,52.9
159689,122051,Shaman,Enhancement,Unknown,DPS,EU,The Blinding Vale,2,1,857.5,154553,0,293.0,2026-08-19,0,-1,849.0,52.9
159689,122053,Hunter,BeastMastery,Unknown,DPS,EU,The Blinding Vale,2,1,857.5,151965,0,294.0,2026-08-19,0,-1,849.0,52.9
159689,122052,Priest,Shadow,Unknown,DPS,EU,The Blinding Vale,2,1,857.5,161410,0,292.0,2026-08-19,0,-1,849.0,52.9
159707,17053,Warrior,Protection,Mountain Thane,Tank,EU,Ruby Life Pools,11,1,1506.1,151899,0,297.0,2026-08-19,0,-1,1523.0,9.4
159707,17054,Druid,Restoration,Wildstalker,Healer,EU,Ruby Life Pools,11,1,1506.1,7553,1,296.0,2026-08-19,0,-1,1523.0,9.4
159707,17055,Monk,Windwalker,Conduit of the Celestials,DPS,EU,Ruby Life Pools,11,1,1506.1,177157,0,292.0,2026-08-19,0,-1,1523.0,9.4
159707,17057,Paladin,Retribution,Templar,DPS,EU,Ruby Life Pools,11,1,1506.1,192861,2,293.0,2026-08-19,0,-1,1523.0,9.4
159707,17056,DemonHunter,Havoc,Fel-Scarred,DPS,EU,Ruby Life Pools,11,1,1506.1,151869,2,293.0,2026-08-19,0,-1,1523.0,9.4
159708,216056,DemonHunter,Vengeance,Annihilator,Tank,EU,Ruby Life Pools,10,1,1577.2,100185,0,287.0,2026-08-19,0,-1,1634.0,2.7
159708,138196,Evoker,Preservation,Chronowarden,Healer,EU,Ruby Life Pools,10,1,1577.2,16857,4,292.0,2026-08-19,0,-1,1634.0,2.7
159708,138197,Shaman,Elemental,Farseer,DPS,EU,Ruby Life Pools,10,1,1577.2,162919,2,296.0,2026-08-19,0,-1,1634.0,2.7
159708,135418,Paladin,Retribution,Herald of the Sun,DPS,EU,Ruby Life Pools,10,1,1577.2,192314,2,296.0,2026-08-19,0,-1,1634.0,2.7
159708,138198,Warrior,Arms,Slayer,DPS,EU,Ruby Life Pools,10,1,1577.2,118166,5,294.0,2026-08-19,0,-1,1634.0,2.7
159725,29890,Paladin,Protection,Lightsmith,Tank,EU,Voidscar Arena,2,1,870.4,72308,0,292.0,2026-08-19,0,-1,862.0,52.1
159725,108542,Paladin,Holy,Herald of the Sun,Healer,EU,Voidscar Arena,2,1,870.4,17046,0,283.0,2026-08-19,0,-1,862.0,52.1
159725,68126,Warrior,Arms,Slayer,DPS,EU,Voidscar Arena,2,1,870.4,127767,0,285.0,2026-08-19,0,-1,862.0,52.1
159725,108543,Mage,Arcane,Sunfury,DPS,EU,Voidscar Arena,2,1,870.4,113248,1,291.0,2026-08-19,0,-1,862.0,52.1
159725,72729,DemonHunter,Havoc,Fel-Scarred,DPS,EU,Voidscar Arena,2,1,870.4,124302,0,290.0,2026-08-19,0,-1,862.0,52.1
159735,216068,Paladin,Protection,Lightsmith,Tank,EU,Voidscar Arena,8,1,1729.3,52871,1,297.0,2026-08-20,0,-1,1770.0,1.6
159735,216069,Paladin,Holy,Herald of the Sun,Healer,EU,Voidscar Arena,8,1,1729.3,15316,2,294.0,2026-08-20,0,-1,1770.0,1.6
159735,198010,DeathKnight,Unholy,Rider of the Apocalypse,DPS,EU,Voidscar Arena,8,1,1729.3,125994,1,294.0,2026-08-20,0,-1,1770.0,1.6
159735,216070,Warlock,Destruction,Diabolist,DPS,EU,Voidscar Arena,8,1,1729.3,110463,3,291.0,2026-08-20,0,-1,1770.0,1.6
159735,70227,DemonHunter,Devourer,Void-Scarred,DPS,EU,Voidscar Arena,8,1,1729.3,113050,3,294.0,2026-08-20,0,-1,1770.0,1.6
159740,196740,Druid,Guardian,Elune's Chosen,Tank,EU,Voidscar Arena,10,1,1647.9,68647,0,293.0,2026-08-20,0,-1,1650.0,8.3
159740,196741,Priest,Discipline,Voidweaver,Healer,EU,Voidscar Arena,10,1,1647.9,27070,0,292.0,2026-08-20,0,-1,1650.0,8.3
159740,196743,DeathKnight,Unholy,Rider of the Apocalypse,DPS,EU,Voidscar Arena,10,1,1647.9,133375,1,289.0,2026-08-20,0,-1,1650.0,8.3
159740,67878,Mage,Arcane,Sunfury,DPS,EU,Voidscar Arena,10,1,1647.9,145322,0,294.0,2026-08-20,0,-1,1650.0,8.3
159740,196742,DemonHunter,Devourer,Void-Scarred,DPS,EU,Voidscar Arena,10,1,1647.9,131927,1,297.0,2026-08-20,0,-1,1650.0,8.3
159742,19793,Monk,Brewmaster,Master of Harmony,Tank,US,Voidscar Arena,2,1,814.9,68411,0,295.0,2026-08-18,0,-1,806.0,55.2
159742,16785,Shaman,Restoration,Totemic,Healer,US,Voidscar Arena,2,1,814.9,26155,0,293.0,2026-08-18,0,-1,806.0,55.2
159742,11527,Hunter,BeastMastery,Pack Leader,DPS,US,Voidscar Arena,2,1,814.9,132648,0,293.0,2026-08-18,0,-1,806.0,55.2
159742,3420,Mage,Frost,Spellslinger,DPS,US,Voidscar Arena,2,1,814.9,137937,0,293.0,2026-08-18,0,-1,806.0,55.2
159742,3419,DeathKnight,Frost,Rider of the Apocalypse,DPS,US,Voidscar Arena,2,1,814.9,84262,0,291.0,2026-08-18,0,-1,806.0,55.2
159747,66259,Paladin,Protection,Lightsmith,Tank,EU,Voidscar Arena,9,1,1399.6,98641,3,293.0,2026-08-19,0,-1,1458.0,19.0
159747,66260,Priest,Discipline,Oracle,Healer,EU,Voidscar Arena,9,1,1399.6,16747,3,287.0,2026-08-19,0,-1,1458.0,19.0
159747,147383,DeathKnight,Unholy,Rider of the Apocalypse,DPS,EU,Voidscar Arena,9,1,1399.6,179484,2,299.0,2026-08-19,0,-1,1458.0,19.0
159747,66261,Shaman,Enhancement,Stormbringer,DPS,EU,Voidscar Arena,9,1,1399.6,141068,2,287.0,2026-08-19,0,-1,1458.0,19.0
159747,66263,DemonHunter,Devourer,Annihilator,DPS,EU,Voidscar Arena,9,1,1399.6,160543,3,297.0,2026-08-19,0,-1,1458.0,19.0
159751,207339,DeathKnight,Blood,Deathbringer,Tank,KR,Altar of Fangs,10,0,2761.3,62400,12,288.0,2026-08-20,0,-1,3013.0,-67.4
159751,199118,Priest,Discipline,Voidweaver,Healer,KR,Altar of Fangs,10,0,2761.3,15052,12,296.0,2026-08-20,0,-1,3013.0,-67.4
159751,169796,Warlock,Demonology,Diabolist,DPS,KR,Altar of Fangs,10,0,2761.3,154815,12,299.0,2026-08-20,0,-1,3013.0,-67.4
159751,207340,Hunter,BeastMastery,Pack Leader,DPS,KR,Altar of Fangs,10,0,2761.3,119077,11,292.0,2026-08-20,0,-1,3013.0,-67.4
159751,216078,Evoker,Augmentation,Chronowarden,DPS,KR,Altar of Fangs,10,0,2761.3,100046,10,292.0,2026-08-20,0,-1,3013.0,-67.4
159772,152221,Paladin,Protection,Lightsmith,Tank,EU,Kings' Rest,2,1,1137.0,53628,0,299.0,2026-08-20,0,-1,1128.0,43.0
159772,216090,Shaman,Restoration,Totemic,Healer,EU,Kings' Rest,2,1,1137.0,16656,0,287.0,2026-08-20,0,-1,1128.0,43.0
159772,123702,Hunter,Survival,Pack Leader,DPS,EU,Kings' Rest,2,1,1137.0,86261,1,283.0,2026-08-20,0,-1,1128.0,43.0
159772,216091,Paladin,Retribution,Templar,DPS,EU,Kings' Rest,2,1,1137.0,79873,0,289.0,2026-08-20,0,-1,1128.0,43.0
159772,179336,Druid,Balance,Keeper of the Grove,DPS,EU,Kings' Rest,2,1,1137.0,75605,0,292.0,2026-08-20,0,-1,1128.0,43.0
159777,4436,DeathKnight,Blood,San'layn,Tank,US,Murder Row,10,1,1454.0,103840,0,306.0,2026-08-19,0,-1,1456.0,28.7
159777,12535,Paladin,Holy,Herald of the Sun,Healer,US,Murder Row,10,1,1454.0,16141,1,294.0,2026-08-19,0,-1,1456.0,28.7
159777,12536,DeathKnight,Unholy,Rider of the Apocalypse,DPS,US,Murder Row,10,1,1454.0,189839,0,298.0,2026-08-19,0,-1,1456.0,28.7
159777,12537,DeathKnight,Unholy,Rider of the Apocalypse,DPS,US,Murder Row,10,1,1454.0,146853,1,303.0,2026-08-19,0,-1,1456.0,28.7
159777,9282,Shaman,Elemental,Farseer,DPS,US,Murder Row,10,1,1454.0,199718,0,298.0,2026-08-19,0,-1,1456.0,28.7
159790,418,Warrior,Protection,Mountain Thane,Tank,US,The Blinding Vale,10,1,1379.7,134779,1,302.0,2026-08-19,0,-1,1422.0,21.0
159790,38469,Evoker,Preservation,Flameshaper,Healer,US,The Blinding Vale,10,1,1379.7,34407,1,297.0,2026-08-19,0,-1,1422.0,21.0
159790,40580,Shaman,Elemental,Farseer,DPS,US,The Blinding Vale,10,1,1379.7,171390,4,297.0,2026-08-19,0,-1,1422.0,21.0
159790,12411,DemonHunter,Devourer,Void-Scarred,DPS,US,The Blinding Vale,10,1,1379.7,185962,2,303.0,2026-08-19,0,-1,1422.0,21.0
159790,3354,Rogue,Assassination,Deathstalker,DPS,US,The Blinding Vale,10,1,1379.7,189449,2,300.0,2026-08-19,0,-1,1422.0,21.0
159794,70070,Monk,Brewmaster,Master of Harmony,Tank,EU,Temple of Sethraliss,10,1,1443.1,81793,0,298.0,2026-08-20,0,-1,1440.0,25.0
159794,70068,Shaman,Restoration,Totemic,Healer,EU,Temple of Sethraliss,10,1,1443.1,23641,0,302.0,2026-08-20,0,-1,1440.0,25.0
159794,206512,Hunter,Marksmanship,Sentinel,DPS,EU,Temple of Sethraliss,10,1,1443.1,203602,0,303.0,2026-08-20,0,-1,1440.0,25.0
159794,15433,Priest,Shadow,Archon,DPS,EU,Temple of Sethraliss,10,1,1443.1,176025,0,295.0,2026-08-20,0,-1,1440.0,25.0
159794,174435,Paladin,Retribution,Templar,DPS,EU,Temple of Sethraliss,10,1,1443.1,153768,1,303.0,2026-08-20,0,-1,1440.0,25.0
159795,136689,DeathKnight,Blood,San'layn,Tank,EU,Ruby Life Pools,11,1,1273.8,157773,0,304.0,2026-08-20,0,-1,1265.0,24.7
159795,118137,Paladin,Holy,Herald of the Sun,Healer,EU,Ruby Life Pools,11,1,1273.8,39152,0,297.0,2026-08-20,0,-1,1265.0,24.7
159795,43901,Paladin,Retribution,Templar,DPS,EU,Ruby Life Pools,11,1,1273.8,211769,0,298.0,2026-08-20,0,-1,1265.0,24.7
159795,216106,Shaman,Elemental,Farseer,DPS,EU,Ruby Life Pools,11,1,1273.8,204525,0,294.0,2026-08-20,0,-1,1265.0,24.7
159795,17512,Warrior,Arms,Slayer,DPS,EU,Ruby Life Pools,11,1,1273.8,226337,0,298.0,2026-08-20,0,-1,1265.0,24.7
159808,120794,DeathKnight,Blood,San'layn,Tank,EU,Voidscar Arena,2,1,840.3,72249,1,296.0,2026-08-20,0,-1,832.0,53.8
159808,30782,Monk,Mistweaver,Conduit of the Celestials,Healer,EU,Voidscar Arena,2,1,840.3,42200,1,273.0,2026-08-20,0,-1,832.0,53.8
159808,163077,Mage,Arcane,Sunfury,DPS,EU,Voidscar Arena,2,1,840.3,141055,1,297.0,2026-08-20,0,-1,832.0,53.8
159808,216119,Druid,Feral,Druid of the Claw,DPS,EU,Voidscar Arena,2,1,840.3,137364,1,295.0,2026-08-20,0,-1,832.0,53.8
159808,169406,Rogue,Subtlety,Deathstalker,DPS,EU,Voidscar Arena,2,1,840.3,106834,1,290.0,2026-08-20,0,-1,832.0,53.8
159813,89206,DemonHunter,Vengeance,Annihilator,Tank,US,Voidscar Arena,10,0,1771.3,77662,1,287.0,2026-08-19,0,-1,1802.0,-0.1
159813,89207,Shaman,Restoration,Totemic,Healer,US,Voidscar Arena,10,0,1771.3,18230,1,289.0,2026-08-19,0,-1,1802.0,-0.1
159813,89208,Evoker,Devastation,Scalecommander,DPS,US,Voidscar Arena,10,0,1771.3,131845,2,290.0,2026-08-19,0,-1,1802.0,-0.1
159813,89209,Warlock,Destruction,Hellcaller,DPS,US,Voidscar Arena,10,0,1771.3,132123,2,291.0,2026-08-19,0,-1,1802.0,-0.1
159813,89210,Mage,Arcane,Sunfury,DPS,US,Voidscar Arena,10,0,1771.3,160940,2,293.0,2026-08-19,0,-1,1802.0,-0.1
159815,44551,DeathKnight,Blood,San'layn,Tank,US,Temple of Sethraliss,9,1,1713.4,93008,0,297.0,2026-08-18,0,-1,1721.0,10.4
159815,68428,Priest,Holy,Oracle,Healer,US,Temple of Sethraliss,9,1,1713.4,3430,0,294.0,2026-08-18,0,-1,1721.0,10.4
159815,10405,Warrior,Arms,Slayer,DPS,US,Temple of Sethraliss,9,1,1713.4,132180,3,295.0,2026-08-18,0,-1,1721.0,10.4
159815,68430,Druid,Feral,Druid of the Claw,DPS,US,Temple of Sethraliss,9,1,1713.4,124586,1,295.0,2026-08-18,0,-1,1721.0,10.4
159815,68429,Shaman,Elemental,Farseer,DPS,US,Temple of Sethraliss,9,1,1713.4,137929,0,296.0,2026-08-18,0,-1,1721.0,10.4
159816,35716,Paladin,Protection,Templar,Tank,US,Ruby Life Pools,8,1,1425.4,63210,0,293.0,2026-08-20,0,-1,1427.0,15.0
159816,96856,Shaman,Restoration,Totemic,Healer,US,Ruby Life Pools,8,1,1425.4,19556,0,295.0,2026-08-20,0,-1,1427.0,15.0
159816,46503,Warrior,Arms,Slayer,DPS,US,Ruby Life Pools,8,1,1425.4,178341,0,295.0,2026-08-20,0,-1,1427.0,15.0
159816,55511,Warlock,Demonology,Diabolist,DPS,US,Ruby Life Pools,8,1,1425.4,171935,1,296.0,2026-08-20,0,-1,1427.0,15.0
159816,216127,Hunter,BeastMastery,Pack Leader,DPS,US,Ruby Life Pools,8,1,1425.4,121713,1,298.0,2026-08-20,0,-1,1427.0,15.0
159817,186246,Paladin,Protection,Lightsmith,Tank,US,The Blinding Vale,10,1,1604.6,97989,0,294.0,2026-08-20,0,-1,1646.0,8.5
159817,186697,Evoker,Preservation,Flameshaper,Healer,US,The Blinding Vale,10,1,1604.6,24616,3,297.0,2026-08-20,0,-1,1646.0,8.5
159817,164197,Warrior,Arms,Slayer,DPS,US,The Blinding Vale,10,1,1604.6,180465,1,305.0,2026-08-20,0,-1,1646.0,8.5
159817,185886,Monk,Windwalker,Shado-Pan,DPS,US,The Blinding Vale,10,1,1604.6,190657,4,303.0,2026-08-20,0,-1,1646.0,8.5
159817,185888,Hunter,Survival,Sentinel,DPS,US,The Blinding Vale,10,1,1604.6,178184,2,294.0,2026-08-20,0,-1,1646.0,8.5
159827,12632,Druid,Guardian,Elune's Chosen,Tank,EU,Den of Nalorakk,10,1,1483.6,83645,1,293.0,2026-08-19,0,-1,1515.0,21.1
159827,12633,Monk,Mistweaver,Conduit of the Celestials,Healer,EU,Den of Nalorakk,10,1,1483.6,44111,2,294.0,2026-08-19,0,-1,1515.0,21.1
159827,12635,DemonHunter,Devourer,Annihilator,DPS,EU,Den of Nalorakk,10,1,1483.6,167238,3,295.0,2026-08-19,0,-1,1515.0,21.1
159827,12636,Hunter,BeastMastery,Pack Leader,DPS,EU,Den of Nalorakk,10,1,1483.6,150618,1,295.0,2026-08-19,0,-1,1515.0,21.1
159827,12634,Warrior,Arms,Slayer,DPS,EU,Den of Nalorakk,10,1,1483.6,185409,1,296.0,2026-08-19,0,-1,1515.0,21.1
159828,99808,Warrior,Protection,Mountain Thane,Tank,EU,Temple of Sethraliss,10,0,1928.9,99442,1,296.0,2026-08-19,0,-1,1975.0,-2.9
159828,99809,Paladin,Holy,Herald of the Sun,Healer,EU,Temple of Sethraliss,10,0,1928.9,20371,1,291.0,2026-08-19,0,-1,1975.0,-2.9
159828,99811,Hunter,Marksmanship,Sentinel,DPS,EU,Temple of Sethraliss,10,0,1928.9,94376,3,298.0,2026-08-19,0,-1,1975.0,-2.9
159828,99810,Mage,Arcane,Sunfury,DPS,EU,Temple of Sethraliss,10,0,1928.9,118417,4,295.0,2026-08-19,0,-1,1975.0,-2.9
159828,81021,Warlock,Demonology,Diabolist,DPS,EU,Temple of Sethraliss,10,0,1928.9,163862,2,297.0,2026-08-19,0,-1,1975.0,-2.9
159830,190920,Paladin,Protection,Templar,Tank,EU,Temple of Sethraliss,10,1,1820.7,58946,1,291.0,2026-08-20,0,-1,1867.0,2.8
159830,190921,Paladin,Holy,Herald of the Sun,Healer,EU,Temple of Sethraliss,10,1,1820.7,5117,2,296.0,2026-08-20,0,-1,1867.0,2.8
159830,214970,Hunter,BeastMastery,Pack Leader,DPS,EU,Temple of Sethraliss,10,1,1820.7,127126,3,297.0,2026-08-20,0,-1,1867.0,2.8
159830,190924,DemonHunter,Havoc,Fel-Scarred,DPS,EU,Temple of Sethraliss,10,1,1820.7,154655,1,298.0,2026-08-20,0,-1,1867.0,2.8
159830,190922,Shaman,Elemental,Farseer,DPS,EU,Temple of Sethraliss,10,1,1820.7,171849,4,292.0,2026-08-20,0,-1,1867.0,2.8
159836,213349,Paladin,Protection,Lightsmith,Tank,CN,Kings' Rest,7,0,2034.3,51596,1,291.0,2026-08-20,0,-1,2081.0,-5.1
159836,213350,Shaman,Restoration,Totemic,Healer,CN,Kings' Rest,7,0,2034.3,8514,2,268.0,2026-08-20,0,-1,2081.0,-5.1
159836,213351,Paladin,Retribution,Templar,DPS,CN,Kings' Rest,7,0,2034.3,96566,1,289.0,2026-08-20,0,-1,2081.0,-5.1
159836,213352,Druid,Balance,Elune's Chosen,DPS,CN,Kings' Rest,7,0,2034.3,72630,4,295.0,2026-08-20,0,-1,2081.0,-5.1
159836,178584,Rogue,Outlaw,Trickster,DPS,CN,Kings' Rest,7,0,2034.3,83671,3,281.0,2026-08-20,0,-1,2081.0,-5.1
159853,11418,Paladin,Protection,Lightsmith,Tank,US,Voidscar Arena,11,1,1531.7,95299,0,295.0,2026-08-19,0,-1,1533.0,14.8
159853,11419,Shaman,Restoration,Totemic,Healer,US,Voidscar Arena,11,1,1531.7,26334,0,295.0,2026-08-19,0,-1,1533.0,14.8
159853,14922,Warrior,Arms,Slayer,DPS,US,Voidscar Arena,11,1,1531.7,174907,2,296.0,2026-08-19,0,-1,1533.0,14.8
159853,1869,Druid,Balance,Elune's Chosen,DPS,US,Voidscar Arena,11,1,1531.7,155611,0,293.0,2026-08-19,0,-1,1533.0,14.8
159853,11422,Monk,Windwalker,Shado-Pan,DPS,US,Voidscar Arena,11,1,1531.7,137422,0,297.0,2026-08-19,0,-1,1533.0,14.8
159854,78168,Druid,Guardian,Elune's Chosen,Tank,EU,Kings' Rest,10,1,1563.3,61126,2,294.0,2026-08-19,0,-1,1575.0,20.4
159854,60000,Monk,Mistweaver,Conduit of the Celestials,Healer,EU,Kings' Rest,10,1,1563.3,29655,1,293.0,2026-08-19,0,-1,1575.0,20.4
159854,83640,Warlock,Demonology,Diabolist,DPS,EU,Kings' Rest,10,1,1563.3,135647,0,300.0,2026-08-19,0,-1,1575.0,20.4
159854,51330,DemonHunter,Havoc,Fel-Scarred,DPS,EU,Kings' Rest,10,1,1563.3,128701,0,294.0,2026-08-19,0,-1,1575.0,20.4
159854,60001,Mage,Arcane,Sunfury,DPS,EU,Kings' Rest,10,1,1563.3,141002,1,295.0,2026-08-19,0,-1,1575.0,20.4
159858,66758,DeathKnight,Blood,San'layn,Tank,EU,Murder Row,10,1,1998.0,92139,1,298.0,2026-08-19,0,-1,2039.0,0.1
159858,66759,Shaman,Restoration,Totemic,Healer,EU,Murder Row,10,1,1998.0,27274,3,294.0,2026-08-19,0,-1,2039.0,0.1
159858,118149,Monk,Windwalker,Shado-Pan,DPS,EU,Murder Row,10,1,1998.0,136079,2,292.0,2026-08-19,0,-1,2039.0,0.1
159858,66761,Paladin,Retribution,Herald of the Sun,DPS,EU,Murder Row,10,1,1998.0,145046,1,295.0,2026-08-19,0,-1,2039.0,0.1
159858,66760,Warlock,Destruction,Diabolist,DPS,EU,Murder Row,10,1,1998.0,121665,3,288.0,2026-08-19,0,-1,2039.0,0.1
159859,216151,DeathKnight,Blood,San'layn,Tank,US,Altar of Fangs,11,0,1954.9,85432,3,280.0,2026-08-19,0,-1,2086.0,-15.9
159859,16857,Druid,Restoration,Unknown,Healer,US,Altar of Fangs,11,0,1954.9,22351,2,297.0,2026-08-19,0,-1,2086.0,-15.9
159859,92190,Rogue,Assassination,Unknown,DPS,US,Altar of Fangs,11,0,1954.9,144068,4,291.0,2026-08-19,0,-1,2086.0,-15.9
159859,216152,Hunter,Survival,Unknown,DPS,US,Altar of Fangs,11,0,1954.9,152192,3,292.0,2026-08-19,0,-1,2086.0,-15.9
159859,3487,Warlock,Demonology,Diabolist,DPS,US,Altar of Fangs,11,0,1954.9,200496,2,298.0,2026-08-19,0,-1,2086.0,-15.9
159860,181684,DeathKnight,Blood,San'layn,Tank,EU,Ruby Life Pools,6,1,1025.4,95744,0,287.0,2026-08-20,0,-1,1021.0,39.2
159860,216153,Shaman,Restoration,Totemic,Healer,EU,Ruby Life Pools,6,1,1025.4,25056,0,295.0,2026-08-20,0,-1,1021.0,39.2
159860,216154,Mage,Arcane,Sunfury,DPS,EU,Ruby Life Pools,6,1,1025.4,154496,0,293.0,2026-08-20,0,-1,1021.0,39.2
159860,184713,Druid,Balance,Elune's Chosen,DPS,EU,Ruby Life Pools,6,1,1025.4,104631,1,264.0,2026-08-20,0,-1,1021.0,39.2
159860,183586,Rogue,Outlaw,Trickster,DPS,EU,Ruby Life Pools,6,1,1025.4,161592,0,291.0,2026-08-20,0,-1,1021.0,39.2
159876,13947,Warrior,Protection,Mountain Thane,Tank,EU,Voidscar Arena,11,1,1567.0,120845,3,294.0,2026-08-20,0,-1,1599.0,11.2
159876,13945,Evoker,Preservation,Flameshaper,Healer,EU,Voidscar Arena,11,1,1567.0,24241,2,304.0,2026-08-20,0,-1,1599.0,11.2
159876,25819,Hunter,Marksmanship,Sentinel,DPS,EU,Voidscar Arena,11,1,1567.0,160136,1,298.0,2026-08-20,0,-1,1599.0,11.2
159876,162492,Druid,Balance,Elune's Chosen,DPS,EU,Voidscar Arena,11,1,1567.0,131233,1,284.0,2026-08-20,0,-1,1599.0,11.2
159876,211821,Shaman,Elemental,Farseer,DPS,EU,Voidscar Arena,11,1,1567.0,165930,1,297.0,2026-08-20,0,-1,1599.0,11.2
159892,32763,Paladin,Protection,Lightsmith,Tank,EU,Den of Nalorakk,9,1,1704.6,90496,1,292.0,2026-08-19,0,-1,1731.0,9.9
159892,32764,Priest,Discipline,Oracle,Healer,EU,Den of Nalorakk,9,1,1704.6,13230,1,290.0,2026-08-19,0,-1,1731.0,9.9
159892,32765,Shaman,Elemental,Farseer,DPS,EU,Den of Nalorakk,9,1,1704.6,132402,2,279.0,2026-08-19,0,-1,1731.0,9.9
159892,32766,Rogue,Assassination,Deathstalker,DPS,EU,Den of Nalorakk,9,1,1704.6,133267,2,291.0,2026-08-19,0,-1,1731.0,9.9
159892,135751,DeathKnight,Frost,Deathbringer,DPS,EU,Den of Nalorakk,9,1,1704.6,130832,1,289.0,2026-08-19,0,-1,1731.0,9.9
159906,41059,DeathKnight,Blood,San'layn,Tank,US,The Blinding Vale,8,1,1693.2,75760,1,290.0,2026-08-20,0,-1,1720.0,4.4
159906,41060,Monk,Mistweaver,Conduit of the Celestials,Healer,US,The Blinding Vale,8,1,1693.2,33160,1,293.0,2026-08-20,0,-1,1720.0,4.4
159906,41062,Mage,Arcane,Sunfury,DPS,US,The Blinding Vale,8,1,1693.2,149063,2,297.0,2026-08-20,0,-1,1720.0,4.4
159906,41063,Paladin,Retribution,Templar,DPS,US,The Blinding Vale,8,1,1693.2,117514,2,298.0,2026-08-20,0,-1,1720.0,4.4
159906,41061,Druid,Balance,Elune's Chosen,DPS,US,The Blinding Vale,8,1,1693.2,126185,1,299.0,2026-08-20,0,-1,1720.0,4.4
159914,35181,Paladin,Protection,Templar,Tank,EU,Den of Nalorakk,9,0,2135.2,61942,1,301.0,2026-08-20,0,-1,2192.0,-14.2
159914,152492,Paladin,Holy,Herald of the Sun,Healer,EU,Den of Nalorakk,9,0,2135.2,4076,4,297.0,2026-08-20,0,-1,2192.0,-14.2
159914,33570,Shaman,Elemental,Farseer,DPS,EU,Den of Nalorakk,9,0,2135.2,133619,4,294.0,2026-08-20,0,-1,2192.0,-14.2
159914,85304,Hunter,BeastMastery,Pack Leader,DPS,EU,Den of Nalorakk,9,0,2135.2,72570,2,290.0,2026-08-20,0,-1,2192.0,-14.2
159914,216183,DemonHunter,Havoc,Fel-Scarred,DPS,EU,Den of Nalorakk,9,0,2135.2,122839,2,299.0,2026-08-20,0,-1,2192.0,-14.2
159925,95198,Warrior,Protection,Mountain Thane,Tank,EU,Kings' Rest,9,1,1599.5,75094,1,292.0,2026-08-19,0,-1,1631.0,17.6
159925,95199,Monk,Mistweaver,Conduit of the Celestials,Healer,EU,Kings' Rest,9,1,1599.5,32632,1,290.0,2026-08-19,0,-1,1631.0,17.6
159925,95200,DemonHunter,Devourer,Void-Scarred,DPS,EU,Kings' Rest,9,1,1599.5,104308,4,289.0,2026-08-19,0,-1,1631.0,17.6
159925,113699,Hunter,BeastMastery,Pack Leader,DPS,EU,Kings' Rest,9,1,1599.5,113669,1,288.0,2026-08-19,0,-1,1631.0,17.6
159925,95201,Shaman,Elemental,Farseer,DPS,EU,Kings' Rest,9,1,1599.5,123914,1,292.0,2026-08-19,0,-1,1631.0,17.6
159938,216195,DeathKnight,Blood,San'layn,Tank,EU,Voidscar Arena,11,0,1751.7,66446,4,292.0,2026-08-19,0,-1,1888.0,-4.9
159938,216196,Shaman,Restoration,Totemic,Healer,EU,Voidscar Arena,11,0,1751.7,13856,5,287.0,2026-08-19,0,-1,1888.0,-4.9
159938,42900,DemonHunter,Devourer,Annihilator,DPS,EU,Voidscar Arena,11,0,1751.7,201340,6,293.0,2026-08-19,0,-1,1888.0,-4.9
159938,23802,Priest,Shadow,Voidweaver,DPS,EU,Voidscar Arena,11,0,1751.7,218497,5,295.0,2026-08-19,0,-1,1888.0,-4.9
159938,100886,Hunter,Survival,Sentinel,DPS,EU,Voidscar Arena,11,0,1751.7,126671,9,292.0,2026-08-19,0,-1,1888.0,-4.9
159949,912,Paladin,Protection,Lightsmith,Tank,US,Kings' Rest,9,1,1440.8,72792,0,297.0,2026-08-19,0,-1,1442.0,27.2
159949,913,Shaman,Restoration,Totemic,Healer,US,Kings' Rest,9,1,1440.8,21287,0,292.0,2026-08-19,0,-1,1442.0,27.2
159949,915,DeathKnight,Unholy,Rider of the Apocalypse,DPS,US,Kings' Rest,9,1,1440.8,104802,0,291.0,2026-08-19,0,-1,1442.0,27.2
159949,914,Druid,Balance,Elune's Chosen,DPS,US,Kings' Rest,9,1,1440.8,125342,1,294.0,2026-08-19,0,-1,1442.0,27.2
159949,916,Mage,Arcane,Sunfury,DPS,US,Kings' Rest,9,1,1440.8,133680,1,295.0,2026-08-19,0,-1,1442.0,27.2
159959,216207,Warrior,Protection,Mountain Thane,Tank,CN,The Blinding Vale,5,1,1292.6,77190,0,286.0,2026-08-20,0,-1,1284.0,28.6
159959,216208,Paladin,Holy,Herald of the Sun,Healer,CN,The Blinding Vale,5,1,1292.6,4364,1,285.0,2026-08-20,0,-1,1284.0,28.6
159959,216209,Mage,Frost,Spellslinger,DPS,CN,The Blinding Vale,5,1,1292.6,121597,0,289.0,2026-08-20,0,-1,1284.0,28.6
159959,170172,Druid,Balance,Elune's Chosen,DPS,CN,The Blinding Vale,5,1,1292.6,117584,1,290.0,2026-08-20,0,-1,1284.0,28.6
159959,216210,Hunter,BeastMastery,Pack Leader,DPS,CN,The Blinding Vale,5,1,1292.6,163842,0,295.0,2026-08-20,0,-1,1284.0,28.6
159961,13990,DemonHunter,Vengeance,Unknown,Tank,EU,Murder Row,11,1,1641.9,89833,0,299.0,2026-08-20,0,-1,1644.0,19.4
159961,76000,Priest,Holy,Unknown,Healer,EU,Murder Row,11,1,1641.9,11427,0,300.0,2026-08-20,0,-1,1644.0,19.4
159961,27324,Hunter,BeastMastery,Unknown,DPS,EU,Murder Row,11,1,1641.9,147824,1,294.0,2026-08-20,0,-1,1644.0,19.4
159961,24956,Warlock,Destruction,Unknown,DPS,EU,Murder Row,11,1,1641.9,192710,0,301.0,2026-08-20,0,-1,1644.0,19.4
159961,27323,Rogue,Subtlety,Unknown,DPS,EU,Murder Row,11,1,1641.9,212286,0,302.0,2026-08-20,0,-1,1644.0,19.4
159965,169154,DeathKnight,Blood,San'layn,Tank,US,Altar of Fangs,8,1,1432.8,76676,0,303.0,2026-08-20,0,-1,1434.0,20.3
159965,158118,Shaman,Restoration,Totemic,Healer,US,Altar of Fangs,8,1,1432.8,24350,0,295.0,2026-08-20,0,-1,1434.0,20.3
159965,158115,Warrior,Arms,Slayer,DPS,US,Altar of Fangs,8,1,1432.8,163772,1,298.0,2026-08-20,0,-1,1434.0,20.3
159965,158117,Evoker,Devastation,Scalecommander,DPS,US,Altar of Fangs,8,1,1432.8,205848,1,299.0,2026-08-20,0,-1,1434.0,20.3
159965,158119,Druid,Feral,Druid of the Claw,DPS,US,Altar of Fangs,8,1,1432.8,183738,0,297.0,2026-08-20,0,-1,1434.0,20.3
159974,84794,DeathKnight,Blood,Deathbringer,Tank,US,Voidscar Arena,10,1,1567.8,88636,0,288.0,2026-08-19,0,-1,1590.0,11.7
159974,84795,Shaman,Restoration,Totemic,Healer,US,Voidscar Arena,10,1,1567.8,27596,1,290.0,2026-08-19,0,-1,1590.0,11.7
159974,84798,Druid,Feral,Druid of the Claw,DPS,US,Voidscar Arena,10,1,1567.8,158247,2,289.0,2026-08-19,0,-1,1590.0,11.7
159974,84796,Warrior,Arms,Slayer,DPS,US,Voidscar Arena,10,1,1567.8,163926,2,290.0,2026-08-19,0,-1,1590.0,11.7
159974,84797,Paladin,Retribution,Templar,DPS,US,Voidscar Arena,10,1,1567.8,144261,1,295.0,2026-08-19,0,-1,1590.0,11.7
159981,158748,DeathKnight,Blood,San'layn,Tank,EU,Temple of Sethraliss,8,1,1573.1,72075,0,270.0,2026-08-19,0,-1,1584.0,17.5
159981,26257,Druid,Restoration,Wildstalker,Healer,EU,Temple of Sethraliss,8,1,1573.1,4958,0,290.0,2026-08-19,0,-1,1584.0,17.5
159981,56686,DeathKnight,Frost,Deathbringer,DPS,EU,Temple of Sethraliss,8,1,1573.1,128790,1,296.0,2026-08-19,0,-1,1584.0,17.5
159981,216229,Druid,Balance,Elune's Chosen,DPS,EU,Temple of Sethraliss,8,1,1573.1,138768,0,288.0,2026-08-19,0,-1,1584.0,17.5
159981,158750,Shaman,Enhancement,Stormbringer,DPS,EU,Temple of Sethraliss,8,1,1573.1,172247,3,293.0,2026-08-19,0,-1,1584.0,17.5
159982,106899,DeathKnight,Blood,Unknown,Tank,CN,Murder Row,12,1,1869.4,102226,0,302.0,2026-08-20,0,-1,1951.0,4.4
159982,216230,Paladin,Holy,Unknown,Healer,CN,Murder Row,12,1,1869.4,45518,0,298.0,2026-08-20,0,-1,1951.0,4.4
159982,216231,Warrior,Arms,Unknown,DPS,CN,Murder Row,12,1,1869.4,147993,5,293.0,2026-08-20,0,-1,1951.0,4.4
159982,216232,Shaman,Elemental,Unknown,DPS,CN,Murder Row,12,1,1869.4,142132,0,297.0,2026-08-20,0,-1,1951.0,4.4
159982,216233,DeathKnight,Unholy,Unknown,DPS,CN,Murder Row,12,1,1869.4,202615,1,292.0,2026-08-20,0,-1,1951.0,4.4
159991,216237,Paladin,Protection,Templar,Tank,CN,Altar of Fangs,7,1,1723.0,67924,2,290.0,2026-08-20,0,-1,1774.0,1.4
159991,216238,Paladin,Holy,Lightsmith,Healer,CN,Altar of Fangs,7,1,1723.0,19955,2,287.0,2026-08-20,0,-1,1774.0,1.4
159991,216239,Paladin,Retribution,Templar,DPS,CN,Altar of Fangs,7,1,1723.0,119959,2,292.0,2026-08-20,0,-1,1774.0,1.4
159991,98851,Rogue,Outlaw,Trickster,DPS,CN,Altar of Fangs,7,1,1723.0,165822,2,296.0,2026-08-20,0,-1,1774.0,1.4
159991,216240,Shaman,Elemental,Farseer,DPS,CN,Altar of Fangs,7,1,1723.0,138269,4,286.0,2026-08-20,0,-1,1774.0,1.4
159994,216241,DemonHunter,Vengeance,Annihilator,Tank,US,Ruby Life Pools,10,0,2645.4,50492,5,298.0,2026-08-20,0,-1,2737.0,-62.9
159994,193755,Priest,Holy,Archon,Healer,US,Ruby Life Pools,10,0,2645.4,3060,5,292.0,2026-08-20,0,-1,2737.0,-62.9
159994,5014,Warrior,Arms,Slayer,DPS,US,Ruby Life Pools,10,0,2645.4,103829,6,305.0,2026-08-20,0,-1,2737.0,-62.9
159994,140477,Paladin,Retribution,Templar,DPS,US,Ruby Life Pools,10,0,2645.4,96993,8,298.0,2026-08-20,0,-1,2737.0,-62.9
159994,27539,Warlock,Demonology,Diabolist,DPS,US,Ruby Life Pools,10,0,2645.4,135922,6,298.0,2026-08-20,0,-1,2737.0,-62.9
159995,52683,Monk,Brewmaster,Unknown,Tank,EU,Ruby Life Pools,9,0,1655.6,85025,3,292.0,2026-08-19,0,-1,1742.0,-3.7
159995,175308,Paladin,Holy,Unknown,Healer,EU,Ruby Life Pools,9,0,1655.6,10288,4,292.0,2026-08-19,0,-1,1742.0,-3.7
159995,76477,Hunter,BeastMastery,Unknown,DPS,EU,Ruby Life Pools,9,0,1655.6,177086,4,298.0,2026-08-19,0,-1,1742.0,-3.7
159995,76478,Mage,Arcane,Unknown,DPS,EU,Ruby Life Pools,9,0,1655.6,136793,4,296.0,2026-08-19,0,-1,1742.0,-3.7
159995,179352,Rogue,Subtlety,Unknown,DPS,EU,Ruby Life Pools,9,0,1655.6,132069,4,288.0,2026-08-19,0,-1,1742.0,-3.7
160015,107411,DeathKnight,Blood,Deathbringer,Tank,EU,Temple of Sethraliss,4,1,1502.9,58851,3,292.0,2026-08-19,0,-1,1495.0,22.2
160015,107412,Shaman,Restoration,Totemic,Healer,EU,Temple of Sethraliss,4,1,1502.9,13651,3,289.0,2026-08-19,0,-1,1495.0,22.2
160015,216255,Paladin,Retribution,Templar,DPS,EU,Temple of Sethraliss,4,1,1502.9,83149,2,289.0,2026-08-19,0,-1,1495.0,22.2
160015,143112,Druid,Balance,Elune's Chosen,DPS,EU,Temple of Sethraliss,4,1,1502.9,61017,3,297.0,2026-08-19,0,-1,1495.0,22.2
160015,216256,Warlock,Demonology,Diabolist,DPS,EU,Temple of Sethraliss,4,1,1502.9,119510,1,294.0,2026-08-19,0,-1,1495.0,22.2
160022,72125,Paladin,Protection,Templar,Tank,EU,Altar of Fangs,11,1,1381.2,104016,0,306.0,2026-08-20,0,-1,1373.0,23.7
160022,16476,Priest,Discipline,Oracle,Healer,EU,Altar of Fangs,11,1,1381.2,24348,0,303.0,2026-08-20,0,-1,1373.0,23.7
160022,16475,Warrior,Arms,Slayer,DPS,EU,Altar of Fangs,11,1,1381.2,258508,0,302.0,2026-08-20,0,-1,1373.0,23.7
160022,177702,Warrior,Arms,Slayer,DPS,EU,Altar of Fangs,11,1,1381.2,227401,0,302.0,2026-08-20,0,-1,1373.0,23.7
160022,186213,Evoker,Devastation,Scalecommander,DPS,EU,Altar of Fangs,11,1,1381.2,254273,0,298.0,2026-08-20,0,-1,1373.0,23.7
160033,9719,Paladin,Protection,Lightsmith,Tank,US,Kings' Rest,7,1,1389.0,57484,1,292.0,2026-08-19,0,-1,1411.0,28.8
160033,41748,Paladin,Holy,Herald of the Sun,Healer,US,Kings' Rest,7,1,1389.0,20681,1,292.0,2026-08-19,0,-1,1411.0,28.8
160033,29,Warrior,Arms,Slayer,DPS,US,Kings' Rest,7,1,1389.0,125668,2,299.0,2026-08-19,0,-1,1411.0,28.8
160033,90515,Paladin,Retribution,Templar,DPS,US,Kings' Rest,7,1,1389.0,100879,1,293.0,2026-08-19,0,-1,1411.0,28.8
160033,49104,Shaman,Elemental,Farseer,DPS,US,Kings' Rest,7,1,1389.0,110660,1,297.0,2026-08-19,0,-1,1411.0,28.8
160045,20745,DeathKnight,Blood,San'layn,Tank,EU,Den of Nalorakk,10,1,1561.3,75676,0,296.0,2026-08-19,0,-1,1558.0,18.9
160045,158041,Priest,Discipline,Oracle,Healer,EU,Den of Nalorakk,10,1,1561.3,15644,0,299.0,2026-08-19,0,-1,1558.0,18.9
160045,16478,Warlock,Demonology,Diabolist,DPS,EU,Den of Nalorakk,10,1,1561.3,188675,1,297.0,2026-08-19,0,-1,1558.0,18.9
160045,110294,DeathKnight,Unholy,Rider of the Apocalypse,DPS,EU,Den of Nalorakk,10,1,1561.3,122437,0,292.0,2026-08-19,0,-1,1558.0,18.9
160045,17932,Priest,Shadow,Archon,DPS,EU,Den of Nalorakk,10,1,1561.3,168976,0,301.0,2026-08-19,0,-1,1558.0,18.9
160049,174613,Paladin,Protection,Lightsmith,Tank,EU,Kings' Rest,4,1,1145.6,53921,0,291.0,2026-08-20,0,-1,1137.0,42.6
160049,180708,Druid,Restoration,Wildstalker,Healer,EU,Kings' Rest,4,1,1145.6,11735,1,280.0,2026-08-20,0,-1,1137.0,42.6
160049,72730,Mage,Arcane,Sunfury,DPS,EU,Kings' Rest,4,1,1145.6,108925,1,299.0,2026-08-20,0,-1,1137.0,42.6
160049,216275,Priest,Shadow,Voidweaver,DPS,EU,Kings' Rest,4,1,1145.6,79796,1,290.0,2026-08-20,0,-1,1137.0,42.6
160049,216276,Hunter,BeastMastery,Pack Leader,DPS,EU,Kings' Rest,4,1,1145.6,92924,0,301.0,2026-08-20,0,-1,1137.0,42.6
160052,64988,DemonHunter,Vengeance,Annihilator,Tank,EU,Murder Row,10,1,1506.4,113548,0,299.0,2026-08-19,0,-1,1513.0,25.8
160052,64989,Druid,Restoration,Wildstalker,Healer,EU,Murder Row,10,1,1506.4,6627,1,298.0,2026-08-19,0,-1,1513.0,25.8
160052,64991,Warlock,Demonology,Diabolist,DPS,EU,Murder Row,10,1,1506.4,166558,0,301.0,2026-08-19,0,-1,1513.0,25.8
160052,64990,Warrior,Arms,Slayer,DPS,EU,Murder Row,10,1,1506.4,180722,1,295.0,2026-08-19,0,-1,1513.0,25.8
160052,64992,Warrior,Arms,Slayer,DPS,EU,Murder Row,10,1,1506.4,164124,1,295.0,2026-08-19,0,-1,1513.0,25.8
160053,58584,Paladin,Protection,Templar,Tank,EU,Murder Row,8,1,1730.3,80162,1,291.0,2026-08-19,0,-1,1767.0,13.4
160053,96510,Shaman,Restoration,Totemic,Healer,EU,Murder Row,8,1,1730.3,29123,1,291.0,2026-08-19,0,-1,1767.0,13.4
160053,58586,Monk,Windwalker,Shado-Pan,DPS,EU,Murder Row,8,1,1730.3,137348,4,281.0,2026-08-19,0,-1,1767.0,13.4
160053,96512,Druid,Balance,Elune's Chosen,DPS,EU,Murder Row,8,1,1730.3,130354,1,286.0,2026-08-19,0,-1,1767.0,13.4
160053,202496,Hunter,BeastMastery,Pack Leader,DPS,EU,Murder Row,8,1,1730.3,156996,2,296.0,2026-08-19,0,-1,1767.0,13.4
160060,216278,Druid,Guardian,Elune's Chosen,Tank,EU,Kings' Rest,4,1,1415.3,30395,2,277.0,2026-08-20,0,-1,1407.0,29.0
160060,167719,Priest,Discipline,Oracle,Healer,EU,Kings' Rest,4,1,1415.3,14106,1,287.0,2026-08-20,0,-1,1407.0,29.0
160060,61563,Warrior,Arms,Slayer,DPS,EU,Kings' Rest,4,1,1415.3,89473,1,288.0,2026-08-20,0,-1,1407.0,29.0
160060,216279,Shaman,Elemental,Farseer,DPS,EU,Kings' Rest,4,1,1415.3,71581,3,280.0,2026-08-20,0,-1,1407.0,29.0
160060,216280,DemonHunter,Devourer,Annihilator,DPS,EU,Kings' Rest,4,1,1415.3,82108,1,290.0,2026-08-20,0,-1,1407.0,29.0
160064,216282,DeathKnight,Blood,San'layn,Tank,KR,Kings' Rest,4,1,1135.1,68022,0,291.0,2026-08-20,0,-1,1127.0,43.1
160064,216283,Druid,Restoration,Wildstalker,Healer,KR,Kings' Rest,4,1,1135.1,19184,0,283.0,2026-08-20,0,-1,1127.0,43.1
160064,216284,Warrior,Arms,Slayer,DPS,KR,Kings' Rest,4,1,1135.1,97217,0,284.0,2026-08-20,0,-1,1127.0,43.1
160064,216285,Hunter,Marksmanship,Dark Ranger,DPS,KR,Kings' Rest,4,1,1135.1,106087,0,291.0,2026-08-20,0,-1,1127.0,43.1
160064,191297,Mage,Arcane,Sunfury,DPS,KR,Kings' Rest,4,1,1135.1,90712,0,282.0,2026-08-20,0,-1,1127.0,43.1
160080,216294,DeathKnight,Blood,Deathbringer,Tank,EU,Den of Nalorakk,8,1,1862.0,51748,1,290.0,2026-08-20,0,-1,1918.0,0.1
160080,216295,Priest,Holy,Oracle,Healer,EU,Den of Nalorakk,8,1,1862.0,8740,1,289.0,2026-08-20,0,-1,1918.0,0.1
160080,23794,Evoker,Devastation,Scalecommander,DPS,EU,Den of Nalorakk,8,1,1862.0,147466,3,296.0,2026-08-20,0,-1,1918.0,0.1
160080,30257,Mage,Arcane,Sunfury,DPS,EU,Den of Nalorakk,8,1,1862.0,160593,5,295.0,2026-08-20,0,-1,1918.0,0.1
160080,194899,Rogue,Assassination,Deathstalker,DPS,EU,Den of Nalorakk,8,1,1862.0,111658,2,288.0,2026-08-20,0,-1,1918.0,0.1
160090,159545,DemonHunter,Vengeance,Annihilator,Tank,EU,Kings' Rest,10,1,1551.1,67248,0,294.0,2026-08-20,0,-1,1547.0,21.9
160090,216302,Shaman,Restoration,Totemic,Healer,EU,Kings' Rest,10,1,1551.1,22816,0,293.0,2026-08-20,0,-1,1547.0,21.9
160090,184809,Shaman,Elemental,Farseer,DPS,EU,Kings' Rest,10,1,1551.1,141222,0,292.0,2026-08-20,0,-1,1547.0,21.9
160090,216303,Hunter,BeastMastery,Pack Leader,DPS,EU,Kings' Rest,10,1,1551.1,123682,0,299.0,2026-08-20,0,-1,1547.0,21.9
160090,206555,Rogue,Subtlety,Deathstalker,DPS,EU,Kings' Rest,10,1,1551.1,126024,1,291.0,2026-08-20,0,-1,1547.0,21.9
160091,16700,Paladin,Protection,Templar,Tank,EU,Altar of Fangs,10,1,1288.3,104188,0,305.0,2026-08-20,0,-1,1279.0,28.9
160091,173273,Priest,Holy,Oracle,Healer,EU,Altar of Fangs,10,1,1288.3,37319,0,293.0,2026-08-20,0,-1,1279.0,28.9
160091,16702,Monk,Windwalker,Shado-Pan,DPS,EU,Altar of Fangs,10,1,1288.3,225082,0,302.0,2026-08-20,0,-1,1279.0,28.9
160091,16704,Hunter,Survival,Sentinel,DPS,EU,Altar of Fangs,10,1,1288.3,201734,0,301.0,2026-08-20,0,-1,1279.0,28.9
160091,16701,Shaman,Elemental,Farseer,DPS,EU,Altar of Fangs,10,1,1288.3,256834,0,303.0,2026-08-20,0,-1,1279.0,28.9
160098,92191,DeathKnight,Blood,San'layn,Tank,KR,Kings' Rest,10,1,1617.6,80609,1,293.0,2026-08-20,0,-1,1624.0,18.0
160098,92192,Evoker,Preservation,Flameshaper,Healer,KR,Kings' Rest,10,1,1617.6,8787,0,291.0,2026-08-20,0,-1,1624.0,18.0
160098,92195,Rogue,Assassination,Deathstalker,DPS,KR,Kings' Rest,10,1,1617.6,114170,1,293.0,2026-08-20,0,-1,1624.0,18.0
160098,92193,Shaman,Elemental,Farseer,DPS,KR,Kings' Rest,10,1,1617.6,129003,1,297.0,2026-08-20,0,-1,1624.0,18.0
160098,92194,Hunter,BeastMastery,Pack Leader,DPS,KR,Kings' Rest,10,1,1617.6,115384,0,292.0,2026-08-20,0,-1,1624.0,18.0
160102,83386,Monk,Brewmaster,Master of Harmony,Tank,EU,Den of Nalorakk,7,1,1872.8,61978,0,287.0,2026-08-19,0,-1,1879.0,2.1
160102,83387,Monk,Mistweaver,Conduit of the Celestials,Healer,EU,Den of Nalorakk,7,1,1872.8,36663,0,292.0,2026-08-19,0,-1,1879.0,2.1
160102,65193,Monk,Windwalker,Shado-Pan,DPS,EU,Den of Nalorakk,7,1,1872.8,136034,0,290.0,2026-08-19,0,-1,1879.0,2.1
160102,83388,Priest,Shadow,Archon,DPS,EU,Den of Nalorakk,7,1,1872.8,94110,1,283.0,2026-08-19,0,-1,1879.0,2.1
160102,83389,Mage,Arcane,Sunfury,DPS,EU,Den of Nalorakk,7,1,1872.8,90334,2,283.0,2026-08-19,0,-1,1879.0,2.1
160105,66151,DeathKnight,Blood,Unknown,Tank,EU,Temple of Sethraliss,11,0,1946.8,105148,1,294.0,2026-08-19,0,-1,2018.0,-5.1
160105,84511,Druid,Restoration,Unknown,Healer,EU,Temple of Sethraliss,11,0,1946.8,5675,8,291.0,2026-08-19,0,-1,2018.0,-5.1
160105,84512,Priest,Shadow,Unknown,DPS,EU,Temple of Sethraliss,11,0,1946.8,190779,3,295.0,2026-08-19,0,-1,2018.0,-5.1
160105,84513,Rogue,Subtlety,Unknown,DPS,EU,Temple of Sethraliss,11,0,1946.8,129460,2,294.0,2026-08-19,0,-1,2018.0,-5.1
160105,84514,Paladin,Retribution,Unknown,DPS,EU,Temple of Sethraliss,11,0,1946.8,148104,5,293.0,2026-08-19,0,-1,2018.0,-5.1
160119,216314,Paladin,Protection,Templar,Tank,KR,Kings' Rest,11,1,1745.0,73486,0,302.0,2026-08-20,0,-1,1746.0,11.8
160119,216315,Evoker,Preservation,Flameshaper,Healer,KR,Kings' Rest,11,1,1745.0,21812,2,282.0,2026-08-20,0,-1,1746.0,11.8
160119,216316,Priest,Shadow,Archon,DPS,KR,Kings' Rest,11,1,1745.0,124153,0,293.0,2026-08-20,0,-1,1746.0,11.8
160119,216317,Mage,Arcane,Sunfury,DPS,KR,Kings' Rest,11,1,1745.0,150251,0,293.0,2026-08-20,0,-1,1746.0,11.8
160119,175131,Evoker,Augmentation,Scalecommander,DPS,KR,Kings' Rest,11,1,1745.0,137832,0,292.0,2026-08-20,0,-1,1746.0,11.8
160122,63970,DeathKnight,Blood,San'layn,Tank,US,Voidscar Arena,8,0,1781.9,94667,0,292.0,2026-08-18,0,-1,1839.0,-2.2
160122,67003,Monk,Mistweaver,Conduit of the Celestials,Healer,US,Voidscar Arena,8,0,1781.9,18027,1,291.0,2026-08-18,0,-1,1839.0,-2.2
160122,63973,Druid,Balance,Elune's Chosen,DPS,US,Voidscar Arena,8,0,1781.9,70102,4,289.0,2026-08-18,0,-1,1839.0,-2.2
160122,113222,Shaman,Elemental,Farseer,DPS,US,Voidscar Arena,8,0,1781.9,116935,5,289.0,2026-08-18,0,-1,1839.0,-2.2
160122,63972,Rogue,Assassination,Deathstalker,DPS,US,Voidscar Arena,8,0,1781.9,134038,3,276.0,2026-08-18,0,-1,1839.0,-2.2
160125,216319,Paladin,Protection,Lightsmith,Tank,EU,The Blinding Vale,8,1,1167.8,81071,0,292.0,2026-08-20,0,-1,1169.0,35.0
160125,216320,Priest,Holy,Oracle,Healer,EU,The Blinding Vale,8,1,1167.8,24157,0,291.0,2026-08-20,0,-1,1169.0,35.0
160125,216321,Shaman,Elemental,Farseer,DPS,EU,The Blinding Vale,8,1,1167.8,184566,1,295.0,2026-08-20,0,-1,1169.0,35.0
160125,30257,Mage,Arcane,Sunfury,DPS,EU,The Blinding Vale,8,1,1167.8,182751,1,295.0,2026-08-20,0,-1,1169.0,35.0
160125,64986,Paladin,Retribution,Templar,DPS,EU,The Blinding Vale,8,1,1167.8,180522,0,297.0,2026-08-20,0,-1,1169.0,35.0
160146,216333,DeathKnight,Blood,Unknown,Tank,EU,Altar of Fangs,2,1,1293.3,70658,2,291.0,2026-08-19,0,-1,1284.0,28.6
160146,181065,Druid,Restoration,Unknown,Healer,EU,Altar of Fangs,2,1,1293.3,11276,4,284.0,2026-08-19,0,-1,1284.0,28.6
160146,122951,Monk,Windwalker,Unknown,DPS,EU,Altar of Fangs,2,1,1293.3,121325,2,291.0,2026-08-19,0,-1,1284.0,28.6
160146,216334,Warrior,Arms,Unknown,DPS,EU,Altar of Fangs,2,1,1293.3,78600,2,293.0,2026-08-19,0,-1,1284.0,28.6
160146,103049,Warrior,Arms,Unknown,DPS,EU,Altar of Fangs,2,1,1293.3,102025,3,292.0,2026-08-19,0,-1,1284.0,28.6
160159,172927,Druid,Guardian,Elune's Chosen,Tank,EU,Altar of Fangs,10,1,1332.6,118665,1,300.0,2026-08-20,0,-1,1360.0,24.5
160159,14188,Druid,Restoration,Wildstalker,Healer,EU,Altar of Fangs,10,1,1332.6,10166,2,293.0,2026-08-20,0,-1,1360.0,24.5
160159,180124,DeathKnight,Unholy,Rider of the Apocalypse,DPS,EU,Altar of Fangs,10,1,1332.6,248052,2,300.0,2026-08-20,0,-1,1360.0,24.5
160159,172929,Priest,Shadow,Archon,DPS,EU,Altar of Fangs,10,1,1332.6,255045,1,299.0,2026-08-20,0,-1,1360.0,24.5
160159,14191,Druid,Feral,Druid of the Claw,DPS,EU,Altar of Fangs,10,1,1332.6,217668,1,298.0,2026-08-20,0,-1,1360.0,24.5
160178,46276,DeathKnight,Blood,San'layn,Tank,EU,The Blinding Vale,11,1,1429.7,111647,1,292.0,2026-08-20,0,-1,1446.0,19.7
160178,216364,Druid,Restoration,Wildstalker,Healer,EU,The Blinding Vale,11,1,1429.7,7738,0,300.0,2026-08-20,0,-1,1446.0,19.7
160178,216365,Mage,Arcane,Sunfury,DPS,EU,The Blinding Vale,11,1,1429.7,238447,0,300.0,2026-08-20,0,-1,1446.0,19.7
160178,16010,Rogue,Subtlety,Deathstalker,DPS,EU,The Blinding Vale,11,1,1429.7,210294,2,303.0,2026-08-20,0,-1,1446.0,19.7
160178,76432,Druid,Balance,Elune's Chosen,DPS,EU,The Blinding Vale,11,1,1429.7,154533,2,290.0,2026-08-20,0,-1,1446.0,19.7
160181,191883,Paladin,Protection,Lightsmith,Tank,KR,Voidscar Arena,10,1,1294.5,74981,0,285.0,2026-08-20,0,-1,1291.0,28.3
160181,216366,Monk,Mistweaver,Master of Harmony,Healer,KR,Voidscar Arena,10,1,1294.5,30881,0,288.0,2026-08-20,0,-1,1291.0,28.3
160181,191884,Evoker,Devastation,Scalecommander,DPS,KR,Voidscar Arena,10,1,1294.5,166675,1,292.0,2026-08-20,0,-1,1291.0,28.3
160181,46900,DemonHunter,Devourer,Annihilator,DPS,KR,Voidscar Arena,10,1,1294.5,162111,0,295.0,2026-08-20,0,-1,1291.0,28.3
160181,46899,Hunter,BeastMastery,Pack Leader,DPS,KR,Voidscar Arena,10,1,1294.5,155710,0,296.0,2026-08-20,0,-1,1291.0,28.3
160184,60601,Druid,Guardian,Elune's Chosen,Tank,US,Altar of Fangs,10,1,1251.7,118460,0,294.0,2026-08-20,0,-1,1254.0,30.4
160184,84488,Shaman,Restoration,Totemic,Healer,US,Altar of Fangs,10,1,1251.7,23712,0,296.0,2026-08-20,0,-1,1254.0,30.4
160184,9935,Warrior,Arms,Slayer,DPS,US,Altar of Fangs,10,1,1251.7,242374,1,297.0,2026-08-20,0,-1,1254.0,30.4
160184,70246,DemonHunter,Devourer,Void-Scarred,DPS,US,Altar of Fangs,10,1,1251.7,195574,1,299.0,2026-08-20,0,-1,1254.0,30.4
160184,60602,Paladin,Retribution,Templar,DPS,US,Altar of Fangs,10,1,1251.7,235983,0,296.0,2026-08-20,0,-1,1254.0,30.4
160187,184652,Paladin,Protection,Lightsmith,Tank,CN,Ruby Life Pools,10,1,1411.9,95404,0,293.0,2026-08-20,0,-1,1404.0,16.5
160187,184653,Shaman,Restoration,Totemic,Healer,CN,Ruby Life Pools,10,1,1411.9,17931,0,302.0,2026-08-20,0,-1,1404.0,16.5
160187,179976,DeathKnight,Unholy,Rider of the Apocalypse,DPS,CN,Ruby Life Pools,10,1,1411.9,172745,0,292.0,2026-08-20,0,-1,1404.0,16.5
160187,216370,Shaman,Elemental,Farseer,DPS,CN,Ruby Life Pools,10,1,1411.9,197287,0,292.0,2026-08-20,0,-1,1404.0,16.5
160187,216371,Paladin,Retribution,Templar,DPS,CN,Ruby Life Pools,10,1,1411.9,164445,0,285.0,2026-08-20,0,-1,1404.0,16.5
160199,208739,DeathKnight,Blood,San'layn,Tank,EU,Altar of Fangs,10,1,1296.2,95936,0,295.0,2026-08-20,0,-1,1293.0,28.2
160199,216374,Shaman,Restoration,Totemic,Healer,EU,Altar of Fangs,10,1,1296.2,18778,0,299.0,2026-08-20,0,-1,1293.0,28.2
160199,96382,Druid,Balance,Elune's Chosen,DPS,EU,Altar of Fangs,10,1,1296.2,191445,0,295.0,2026-08-20,0,-1,1293.0,28.2
160199,56548,Paladin,Retribution,Templar,DPS,EU,Altar of Fangs,10,1,1296.2,264465,1,303.0,2026-08-20,0,-1,1293.0,28.2
160199,56547,Warrior,Arms,Slayer,DPS,EU,Altar of Fangs,10,1,1296.2,242217,0,305.0,2026-08-20,0,-1,1293.0,28.2
160212,85871,DeathKnight,Blood,San'layn,Tank,US,Voidscar Arena,9,1,1618.1,89608,1,284.0,2026-08-19,0,-1,1649.0,8.4
160212,53863,Paladin,Holy,Herald of the Sun,Healer,US,Voidscar Arena,9,1,1618.1,17562,2,298.0,2026-08-19,0,-1,1649.0,8.4
160212,67588,Mage,Arcane,Sunfury,DPS,US,Voidscar Arena,9,1,1618.1,181868,1,298.0,2026-08-19,0,-1,1649.0,8.4
160212,85873,Rogue,Outlaw,Trickster,DPS,US,Voidscar Arena,9,1,1618.1,112122,2,287.0,2026-08-19,0,-1,1649.0,8.4
160212,85872,Paladin,Retribution,Templar,DPS,US,Voidscar Arena,9,1,1618.1,128990,2,300.0,2026-08-19,0,-1,1649.0,8.4
160216,106669,Paladin,Protection,Templar,Tank,EU,Altar of Fangs,8,1,1639.9,67518,1,290.0,2026-08-19,0,-1,1656.0,8.0
160216,216390,Monk,Mistweaver,Conduit of the Celestials,Healer,EU,Altar of Fangs,8,1,1639.9,43344,1,290.0,2026-08-19,0,-1,1656.0,8.0
160216,110293,Druid,Balance,Elune's Chosen,DPS,EU,Altar of Fangs,8,1,1639.9,142793,1,288.0,2026-08-19,0,-1,1656.0,8.0
160216,74851,Hunter,BeastMastery,Pack Leader,DPS,EU,Altar of Fangs,8,1,1639.9,161986,1,295.0,2026-08-19,0,-1,1656.0,8.0
160216,91911,Shaman,Elemental,Farseer,DPS,EU,Altar of Fangs,8,1,1639.9,173070,1,293.0,2026-08-19,0,-1,1656.0,8.0
160221,198046,DemonHunter,Vengeance,Annihilator,Tank,US,Murder Row,10,0,2492.4,83556,5,292.0,2026-08-20,0,-1,2574.0,-26.2
160221,5598,Shaman,Restoration,Totemic,Healer,US,Murder Row,10,0,2492.4,25845,5,301.0,2026-08-20,0,-1,2574.0,-26.2
160221,216393,Warrior,Fury,Slayer,DPS,US,Murder Row,10,0,2492.4,98782,6,291.0,2026-08-20,0,-1,2574.0,-26.2
160221,177899,Priest,Shadow,Voidweaver,DPS,US,Murder Row,10,0,2492.4,121001,5,295.0,2026-08-20,0,-1,2574.0,-26.2
160221,216394,Mage,Arcane,Sunfury,DPS,US,Murder Row,10,0,2492.4,133210,3,293.0,2026-08-20,0,-1,2574.0,-26.2
160242,10136,Paladin,Protection,Lightsmith,Tank,US,Murder Row,10,1,2000.6,78018,0,301.0,2026-08-19,0,-1,2002.0,1.9
160242,113408,Paladin,Holy,Herald of the Sun,Healer,US,Murder Row,10,1,2000.6,3924,1,294.0,2026-08-19,0,-1,2002.0,1.9
160242,113409,Hunter,BeastMastery,Pack Leader,DPS,US,Murder Row,10,1,2000.6,137654,1,298.0,2026-08-19,0,-1,2002.0,1.9
160242,113411,Evoker,Devastation,Scalecommander,DPS,US,Murder Row,10,1,2000.6,139880,0,288.0,2026-08-19,0,-1,2002.0,1.9
160242,201608,DeathKnight,Unholy,Rider of the Apocalypse,DPS,US,Murder Row,10,1,2000.6,123865,0,291.0,2026-08-19,0,-1,2002.0,1.9
160250,201298,Druid,Guardian,Elune's Chosen,Tank,EU,Ruby Life Pools,9,1,1501.8,104346,5,293.0,2026-08-20,0,-1,1558.0,7.3
160250,75960,Priest,Holy,Archon,Healer,EU,Ruby Life Pools,9,1,1501.8,23596,1,303.0,2026-08-20,0,-1,1558.0,7.3
160250,201299,Warlock,Demonology,Diabolist,DPS,EU,Ruby Life Pools,9,1,1501.8,132537,1,295.0,2026-08-20,0,-1,1558.0,7.3
160250,75959,DeathKnight,Unholy,Rider of the Apocalypse,DPS,EU,Ruby Life Pools,9,1,1501.8,92771,2,290.0,2026-08-20,0,-1,1558.0,7.3
160250,75961,Druid,Balance,Elune's Chosen,DPS,EU,Ruby Life Pools,9,1,1501.8,149440,3,302.0,2026-08-20,0,-1,1558.0,7.3
160257,46853,DeathKnight,Blood,San'layn,Tank,CN,Temple of Sethraliss,13,0,2238.2,98008,1,295.0,2026-08-20,0,-1,2394.0,-24.7
160257,46854,Shaman,Restoration,Totemic,Healer,CN,Temple of Sethraliss,13,0,2238.2,19520,2,297.0,2026-08-20,0,-1,2394.0,-24.7
160257,46857,Mage,Arcane,Sunfury,DPS,CN,Temple of Sethraliss,13,0,2238.2,156389,5,294.0,2026-08-20,0,-1,2394.0,-24.7
160257,46856,Rogue,Assassination,Deathstalker,DPS,CN,Temple of Sethraliss,13,0,2238.2,206065,2,293.0,2026-08-20,0,-1,2394.0,-24.7
160257,46855,Priest,Shadow,Voidweaver,DPS,CN,Temple of Sethraliss,13,0,2238.2,119561,4,295.0,2026-08-20,0,-1,2394.0,-24.7
160260,29924,Paladin,Protection,Templar,Tank,EU,Den of Nalorakk,11,0,1945.4,62000,1,296.0,2026-08-19,0,-1,1976.0,-2.9
160260,57244,Priest,Discipline,Oracle,Healer,EU,Den of Nalorakk,11,0,1945.4,14032,2,295.0,2026-08-19,0,-1,1976.0,-2.9
160260,29927,Rogue,Assassination,Deathstalker,DPS,EU,Den of Nalorakk,11,0,1945.4,139532,1,294.0,2026-08-19,0,-1,1976.0,-2.9
160260,29928,DeathKnight,Unholy,Rider of the Apocalypse,DPS,EU,Den of Nalorakk,11,0,1945.4,132953,1,295.0,2026-08-19,0,-1,1976.0,-2.9
160260,102261,Shaman,Enhancement,Stormbringer,DPS,EU,Den of Nalorakk,11,0,1945.4,142065,3,292.0,2026-08-19,0,-1,1976.0,-2.9
160268,135088,DeathKnight,Blood,San'layn,Tank,US,The Blinding Vale,12,1,1551.9,149073,0,293.0,2026-08-20,0,-1,1588.0,11.8
160268,135089,Priest,Holy,Oracle,Healer,US,The Blinding Vale,12,1,1551.9,25715,0,295.0,2026-08-20,0,-1,1588.0,11.8
160268,46942,Warlock,Destruction,Hellcaller,DPS,US,The Blinding Vale,12,1,1551.9,223367,0,302.0,2026-08-20,0,-1,1588.0,11.8
160268,135090,Druid,Balance,Elune's Chosen,DPS,US,The Blinding Vale,12,1,1551.9,182798,1,303.0,2026-08-20,0,-1,1588.0,11.8
160268,135091,Shaman,Enhancement,Stormbringer,DPS,US,The Blinding Vale,12,1,1551.9,217840,1,294.0,2026-08-20,0,-1,1588.0,11.8
160279,164201,DeathKnight,Blood,San'layn,Tank,EU,Ruby Life Pools,5,1,1002.2,110581,0,290.0,2026-08-19,0,-1,994.0,40.8
160279,154442,Shaman,Restoration,Totemic,Healer,EU,Ruby Life Pools,5,1,1002.2,35675,0,292.0,2026-08-19,0,-1,994.0,40.8
160279,216426,Warrior,Arms,Slayer,DPS,EU,Ruby Life Pools,5,1,1002.2,122457,0,292.0,2026-08-19,0,-1,994.0,40.8
160279,164202,Mage,Arcane,Sunfury,DPS,EU,Ruby Life Pools,5,1,1002.2,106155,0,281.0,2026-08-19,0,-1,994.0,40.8
160279,154444,Rogue,Subtlety,Trickster,DPS,EU,Ruby Life Pools,5,1,1002.2,117330,0,284.0,2026-08-19,0,-1,994.0,40.8
160285,4211,Druid,Guardian,Druid of the Claw,Tank,US,Murder Row,10,1,1369.8,80292,0,297.0,2026-08-19,0,-1,1367.0,33.0
160285,4807,Priest,Holy,Oracle,Healer,US,Murder Row,10,1,1369.8,26202,0,293.0,2026-08-19,0,-1,1367.0,33.0
160285,2776,Hunter,BeastMastery,Pack Leader,DPS,US,Murder Row,10,1,1369.8,172967,0,297.0,2026-08-19,0,-1,1367.0,33.0
160285,547,Warrior,Arms,Slayer,DPS,US,Murder Row,10,1,1369.8,194421,1,301.0,2026-08-19,0,-1,1367.0,33.0
160285,545,DeathKnight,Unholy,Rider of the Apocalypse,DPS,US,Murder Row,10,1,1369.8,205731,0,299.0,2026-08-19,0,-1,1367.0,33.0
160286,216433,DeathKnight,Blood,Deathbringer,Tank,KR,Murder Row,11,1,1469.3,125853,0,298.0,2026-08-20,0,-1,1466.0,28.2
160286,168926,Shaman,Restoration,Totemic,Healer,KR,Murder Row,11,1,1469.3,17160,0,291.0,2026-08-20,0,-1,1466.0,28.2
160286,216434,DeathKnight,Unholy,Rider of the Apocalypse,DPS,KR,Murder Row,11,1,1469.3,204789,0,292.0,2026-08-20,0,-1,1466.0,28.2
160286,216435,Rogue,Subtlety,Deathstalker,DPS,KR,Murder Row,11,1,1469.3,180331,1,292.0,2026-08-20,0,-1,1466.0,28.2
160286,216436,Hunter,BeastMastery,Pack Leader,DPS,KR,Murder Row,11,1,1469.3,185997,0,297.0,2026-08-20,0,-1,1466.0,28.2
160300,44309,DeathKnight,Blood,San'layn,Tank,EU,Den of Nalorakk,11,1,1732.1,48699,0,294.0,2026-08-19,0,-1,1734.0,9.7
160300,44310,Paladin,Holy,Herald of the Sun,Healer,EU,Den of Nalorakk,11,1,1732.1,18931,0,298.0,2026-08-19,0,-1,1734.0,9.7
160300,15077,Paladin,Retribution,Templar,DPS,EU,Den of Nalorakk,11,1,1732.1,126928,1,298.0,2026-08-19,0,-1,1734.0,9.7
160300,59971,Mage,Arcane,Sunfury,DPS,EU,Den of Nalorakk,11,1,1732.1,156192,0,301.0,2026-08-19,0,-1,1734.0,9.7
160300,15075,Rogue,Assassination,Deathstalker,DPS,EU,Den of Nalorakk,11,1,1732.1,154508,1,300.0,2026-08-19,0,-1,1734.0,9.7
160310,8141,Paladin,Protection,Lightsmith,Tank,US,Temple of Sethraliss,10,1,1326.2,96583,0,302.0,2026-08-19,0,-1,1322.0,31.1
160310,54059,Shaman,Restoration,Totemic,Healer,US,Temple of Sethraliss,10,1,1326.2,24192,0,294.0,2026-08-19,0,-1,1322.0,31.1
160310,20783,Priest,Shadow,Voidweaver,DPS,US,Temple of Sethraliss,10,1,1326.2,172877,1,296.0,2026-08-19,0,-1,1322.0,31.1
160310,20784,Mage,Arcane,Sunfury,DPS,US,Temple of Sethraliss,10,1,1326.2,200897,0,297.0,2026-08-19,0,-1,1322.0,31.1
160310,20781,Druid,Feral,Wildstalker,DPS,US,Temple of Sethraliss,10,1,1326.2,215354,0,299.0,2026-08-19,0,-1,1322.0,31.1
160317,124063,Druid,Guardian,Elune's Chosen,Tank,EU,Ruby Life Pools,8,1,1350.6,73788,0,293.0,2026-08-19,0,-1,1347.0,19.8
160317,67564,Shaman,Restoration,Totemic,Healer,EU,Ruby Life Pools,8,1,1350.6,22308,0,292.0,2026-08-19,0,-1,1347.0,19.8
160317,124065,Warrior,Arms,Slayer,DPS,EU,Ruby Life Pools,8,1,1350.6,164467,0,290.0,2026-08-19,0,-1,1347.0,19.8
160317,216446,Warrior,Arms,Slayer,DPS,EU,Ruby Life Pools,8,1,1350.6,164771,1,289.0,2026-08-19,0,-1,1347.0,19.8
160317,216447,Priest,Shadow,Voidweaver,DPS,EU,Ruby Life Pools,8,1,1350.6,117003,0,291.0,2026-08-19,0,-1,1347.0,19.8
160328,70176,DeathKnight,Blood,San'layn,Tank,EU,Altar of Fangs,10,1,1359.7,139736,0,296.0,2026-08-20,0,-1,1361.0,24.4
160328,19916,Shaman,Restoration,Totemic,Healer,EU,Altar of Fangs,10,1,1359.7,35494,0,299.0,2026-08-20,0,-1,1361.0,24.4
160328,31709,Hunter,BeastMastery,Pack Leader,DPS,EU,Altar of Fangs,10,1,1359.7,191557,0,296.0,2026-08-20,0,-1,1361.0,24.4
160328,24157,Warrior,Arms,Slayer,DPS,EU,Altar of Fangs,10,1,1359.7,208896,1,293.0,2026-08-20,0,-1,1361.0,24.4
160328,70177,Hunter,BeastMastery,Pack Leader,DPS,EU,Altar of Fangs,10,1,1359.7,181476,1,295.0,2026-08-20,0,-1,1361.0,24.4
160336,175843,Paladin,Protection,Lightsmith,Tank,CN,Temple of Sethraliss,11,1,1428.2,85304,0,296.0,2026-08-20,0,-1,1434.0,25.3
160336,200397,Monk,Mistweaver,Conduit of the Celestials,Healer,CN,Temple of Sethraliss,11,1,1428.2,49448,0,293.0,2026-08-20,0,-1,1434.0,25.3
160336,175846,Druid,Balance,Elune's Chosen,DPS,CN,Temple of Sethraliss,11,1,1428.2,146063,0,294.0,2026-08-20,0,-1,1434.0,25.3
160336,188731,Warrior,Arms,Slayer,DPS,CN,Temple of Sethraliss,11,1,1428.2,200413,3,300.0,2026-08-20,0,-1,1434.0,25.3
160336,175845,Shaman,Elemental,Farseer,DPS,CN,Temple of Sethraliss,11,1,1428.2,205326,0,297.0,2026-08-20,0,-1,1434.0,25.3
160345,3692,Warrior,Protection,Mountain Thane,Tank,US,Den of Nalorakk,8,1,1474.2,103764,0,292.0,2026-08-18,0,-1,1481.0,22.9
160345,5748,Paladin,Holy,Herald of the Sun,Healer,US,Den of Nalorakk,8,1,1474.2,11243,0,292.0,2026-08-18,0,-1,1481.0,22.9
160345,5750,DeathKnight,Frost,Deathbringer,DPS,US,Den of Nalorakk,8,1,1474.2,151254,0,294.0,2026-08-18,0,-1,1481.0,22.9
160345,189845,Druid,Balance,Elune's Chosen,DPS,US,Den of Nalorakk,8,1,1474.2,88843,1,286.0,2026-08-18,0,-1,1481.0,22.9
160345,89151,Mage,Arcane,Sunfury,DPS,US,Den of Nalorakk,8,1,1474.2,123059,2,294.0,2026-08-18,0,-1,1481.0,22.9
160376,1188,Paladin,Protection,Templar,Tank,US,The Blinding Vale,10,1,1590.9,75817,0,299.0,2026-08-19,0,-1,1582.0,12.1
160376,135566,Paladin,Holy,Herald of the Sun,Healer,US,The Blinding Vale,10,1,1590.9,12012,0,294.0,2026-08-19,0,-1,1582.0,12.1
160376,2601,Hunter,BeastMastery,Pack Leader,DPS,US,The Blinding Vale,10,1,1590.9,187364,0,295.0,2026-08-19,0,-1,1582.0,12.1
160376,2599,Druid,Balance,Elune's Chosen,DPS,US,The Blinding Vale,10,1,1590.9,162261,0,295.0,2026-08-19,0,-1,1582.0,12.1
160376,2600,Monk,Windwalker,Shado-Pan,DPS,US,The Blinding Vale,10,1,1590.9,169075,0,294.0,2026-08-19,0,-1,1582.0,12.1
160379,10718,Monk,Brewmaster,Shado-Pan,Tank,US,Den of Nalorakk,2,1,1250.3,51885,0,292.0,2026-08-18,0,-1,1242.0,35.3
160379,216481,Monk,Mistweaver,Conduit of the Celestials,Healer,US,Den of Nalorakk,2,1,1250.3,41585,0,290.0,2026-08-18,0,-1,1242.0,35.3
160379,199933,Druid,Balance,Elune's Chosen,DPS,US,Den of Nalorakk,2,1,1250.3,65551,0,286.0,2026-08-18,0,-1,1242.0,35.3
160379,142922,Rogue,Subtlety,Deathstalker,DPS,US,Den of Nalorakk,2,1,1250.3,94329,0,289.0,2026-08-18,0,-1,1242.0,35.3
160379,209367,Paladin,Retribution,Templar,DPS,US,Den of Nalorakk,2,1,1250.3,60193,0,287.0,2026-08-18,0,-1,1242.0,35.3
160381,56860,DemonHunter,Vengeance,Unknown,Tank,US,Kings' Rest,10,1,1649.2,69299,1,295.0,2026-08-19,0,-1,1676.0,15.3
160381,11727,Priest,Discipline,Unknown,Healer,US,Kings' Rest,10,1,1649.2,17565,2,297.0,2026-08-19,0,-1,1676.0,15.3
160381,216482,DeathKnight,Unholy,Unknown,DPS,US,Kings' Rest,10,1,1649.2,121988,1,294.0,2026-08-19,0,-1,1676.0,15.3
160381,49486,Druid,Balance,Unknown,DPS,US,Kings' Rest,10,1,1649.2,129434,2,297.0,2026-08-19,0,-1,1676.0,15.3
160381,187354,Mage,Arcane,Unknown,DPS,US,Kings' Rest,10,1,1649.2,123096,1,296.0,2026-08-19,0,-1,1676.0,15.3
160402,35022,Paladin,Protection,Lightsmith,Tank,US,Murder Row,5,1,926.1,64665,0,275.0,2026-08-19,0,-1,917.0,55.0
160402,35020,Evoker,Preservation,Flameshaper,Healer,US,Murder Row,5,1,926.1,22438,1,277.0,2026-08-19,0,-1,917.0,55.0
160402,7612,Warrior,Arms,Slayer,DPS,US,Murder Row,5,1,926.1,163020,0,295.0,2026-08-19,0,-1,917.0,55.0
160402,154092,Shaman,Elemental,Farseer,DPS,US,Murder Row,5,1,926.1,177143,0,294.0,2026-08-19,0,-1,917.0,55.0
160402,129377,Paladin,Retribution,Templar,DPS,US,Murder Row,5,1,926.1,156728,0,295.0,2026-08-19,0,-1,917.0,55.0
160411,41240,DemonHunter,Vengeance,Unknown,Tank,CN,Ruby Life Pools,2,1,734.5,71564,0,291.0,2026-08-20,0,-1,726.0,56.8
160411,41241,Shaman,Restoration,Unknown,Healer,CN,Ruby Life Pools,2,1,734.5,5651,1,291.0,2026-08-20,0,-1,726.0,56.8
160411,41243,Mage,Arcane,Unknown,DPS,CN,Ruby Life Pools,2,1,734.5,170534,1,293.0,2026-08-20,0,-1,726.0,56.8
160411,41244,Warlock,Demonology,Unknown,DPS,CN,Ruby Life Pools,2,1,734.5,154753,0,292.0,2026-08-20,0,-1,726.0,56.8
160411,41242,Warlock,Destruction,Unknown,DPS,CN,Ruby Life Pools,2,1,734.5,124942,0,292.0,2026-08-20,0,-1,726.0,56.8
160428,73677,Monk,Brewmaster,Master of Harmony,Tank,US,The Blinding Vale,10,1,1459.3,79886,1,295.0,2026-08-19,0,-1,1486.0,17.4
160428,73678,Paladin,Holy,Herald of the Sun,Healer,US,The Blinding Vale,10,1,1459.3,20203,2,287.0,2026-08-19,0,-1,1486.0,17.4
160428,6796,Mage,Arcane,Sunfury,DPS,US,The Blinding Vale,10,1,1459.3,193330,2,298.0,2026-08-19,0,-1,1486.0,17.4
160428,4599,DeathKnight,Unholy,Rider of the Apocalypse,DPS,US,The Blinding Vale,10,1,1459.3,157473,1,294.0,2026-08-19,0,-1,1486.0,17.4
160428,27302,Warrior,Arms,Slayer,DPS,US,The Blinding Vale,10,1,1459.3,183764,1,293.0,2026-08-19,0,-1,1486.0,17.4
160436,25918,Warrior,Protection,Colossus,Tank,US,Ruby Life Pools,10,0,1686.5,125839,0,300.0,2026-08-19,0,-1,1723.0,-2.6
160436,89409,Druid,Restoration,Wildstalker,Healer,US,Ruby Life Pools,10,0,1686.5,2832,1,296.0,2026-08-19,0,-1,1723.0,-2.6
160436,104933,Warrior,Arms,Slayer,DPS,US,Ruby Life Pools,10,0,1686.5,124915,6,293.0,2026-08-19,0,-1,1723.0,-2.6
160436,153454,Warlock,Demonology,Diabolist,DPS,US,Ruby Life Pools,10,0,1686.5,153467,1,294.0,2026-08-19,0,-1,1723.0,-2.6
160436,153453,Rogue,Assassination,Deathstalker,DPS,US,Ruby Life Pools,10,0,1686.5,130749,1,293.0,2026-08-19,0,-1,1723.0,-2.6
160440,122676,DeathKnight,Blood,San'layn,Tank,EU,The Blinding Vale,2,1,1037.0,73686,0,281.0,2026-08-19,0,-1,1028.0,42.9
160440,64484,Paladin,Holy,Lightsmith,Healer,EU,The Blinding Vale,2,1,1037.0,36296,0,287.0,2026-08-19,0,-1,1028.0,42.9
160440,64486,Paladin,Retribution,Templar,DPS,EU,The Blinding Vale,2,1,1037.0,153820,0,291.0,2026-08-19,0,-1,1028.0,42.9
160440,216520,Warlock,Destruction,Diabolist,DPS,EU,The Blinding Vale,2,1,1037.0,117032,1,291.0,2026-08-19,0,-1,1028.0,42.9
160440,216521,Hunter,BeastMastery,Pack Leader,DPS,EU,The Blinding Vale,2,1,1037.0,109913,0,292.0,2026-08-19,0,-1,1028.0,42.9
160442,20048,Paladin,Protection,Templar,Tank,US,Ruby Life Pools,5,1,816.0,75255,0,285.0,2026-08-18,0,-1,808.0,51.9
160442,105569,Monk,Mistweaver,Conduit of the Celestials,Healer,US,Ruby Life Pools,5,1,816.0,42050,0,289.0,2026-08-18,0,-1,808.0,51.9
160442,6040,Hunter,BeastMastery,Pack Leader,DPS,US,Ruby Life Pools,5,1,816.0,178883,0,291.0,2026-08-18,0,-1,808.0,51.9
160442,3476,Shaman,Enhancement,Stormbringer,DPS,US,Ruby Life Pools,5,1,816.0,149470,0,292.0,2026-08-18,0,-1,808.0,51.9
160442,105570,Rogue,Subtlety,Deathstalker,DPS,US,Ruby Life Pools,5,1,816.0,143194,1,291.0,2026-08-18,0,-1,808.0,51.9
160455,165677,Warrior,Protection,Mountain Thane,Tank,CN,Ruby Life Pools,9,1,1400.1,85045,1,293.0,2026-08-20,0,-1,1432.0,14.8
160455,165674,Paladin,Holy,Herald of the Sun,Healer,CN,Ruby Life Pools,9,1,1400.1,16758,2,291.0,2026-08-20,0,-1,1432.0,14.8
160455,165676,Warrior,Arms,Slayer,DPS,CN,Ruby Life Pools,9,1,1400.1,168743,0,297.0,2026-08-20,0,-1,1432.0,14.8
160455,201606,DeathKnight,Unholy,San'layn,DPS,CN,Ruby Life Pools,9,1,1400.1,142110,2,292.0,2026-08-20,0,-1,1432.0,14.8
160455,201607,Hunter,BeastMastery,Pack Leader,DPS,CN,Ruby Life Pools,9,1,1400.1,160761,3,295.0,2026-08-20,0,-1,1432.0,14.8
160463,85381,DeathKnight,Blood,Deathbringer,Tank,US,Temple of Sethraliss,12,0,1874.5,114874,0,304.0,2026-08-19,0,-1,1986.0,-3.4
160463,85382,Shaman,Restoration,Totemic,Healer,US,Temple of Sethraliss,12,0,1874.5,19335,2,295.0,2026-08-19,0,-1,1986.0,-3.4
160463,70115,Warlock,Destruction,Diabolist,DPS,US,Temple of Sethraliss,12,0,1874.5,158333,0,298.0,2026-08-19,0,-1,1986.0,-3.4
160463,70114,Druid,Feral,Wildstalker,DPS,US,Temple of Sethraliss,12,0,1874.5,155646,4,297.0,2026-08-19,0,-1,1986.0,-3.4
160463,70514,Hunter,BeastMastery,Pack Leader,DPS,US,Temple of Sethraliss,12,0,1874.5,166843,2,293.0,2026-08-19,0,-1,1986.0,-3.4
160465,85918,Paladin,Protection,Templar,Tank,EU,Kings' Rest,11,0,2594.1,47564,5,297.0,2026-08-19,0,-1,2656.0,-34.1
160465,128719,Priest,Discipline,Oracle,Healer,EU,Kings' Rest,11,0,2594.1,13243,4,293.0,2026-08-19,0,-1,2656.0,-34.1
160465,85921,Mage,Frost,Spellslinger,DPS,EU,Kings' Rest,11,0,2594.1,106247,4,297.0,2026-08-19,0,-1,2656.0,-34.1
160465,85920,Hunter,BeastMastery,Pack Leader,DPS,EU,Kings' Rest,11,0,2594.1,87388,4,292.0,2026-08-19,0,-1,2656.0,-34.1
160465,115147,Warlock,Demonology,Diabolist,DPS,EU,Kings' Rest,11,0,2594.1,113487,7,293.0,2026-08-19,0,-1,2656.0,-34.1
160470,166387,DeathKnight,Blood,San'layn,Tank,US,Ruby Life Pools,10,1,1417.9,127560,1,295.0,2026-08-20,0,-1,1444.0,14.1
160470,95993,Shaman,Restoration,Totemic,Healer,US,Ruby Life Pools,10,1,1417.9,28792,2,304.0,2026-08-20,0,-1,1444.0,14.1
160470,166389,Monk,Windwalker,Shado-Pan,DPS,US,Ruby Life Pools,10,1,1417.9,165753,1,298.0,2026-08-20,0,-1,1444.0,14.1
160470,166388,Druid,Balance,Elune's Chosen,DPS,US,Ruby Life Pools,10,1,1417.9,166926,2,298.0,2026-08-20,0,-1,1444.0,14.1
160470,111153,Mage,Arcane,Sunfury,DPS,US,Ruby Life Pools,10,1,1417.9,146157,1,298.0,2026-08-20,0,-1,1444.0,14.1
160492,21750,Paladin,Protection,Lightsmith,Tank,EU,Altar of Fangs,10,0,1789.5,79596,3,290.0,2026-08-19,0,-1,1856.0,-3.1
160492,129101,Shaman,Restoration,Totemic,Healer,EU,Altar of Fangs,10,0,1789.5,24385,2,292.0,2026-08-19,0,-1,1856.0,-3.1
160492,111070,Warrior,Arms,Slayer,DPS,EU,Altar of Fangs,10,0,1789.5,165835,3,294.0,2026-08-19,0,-1,1856.0,-3.1
160492,29863,Rogue,Outlaw,Trickster,DPS,EU,Altar of Fangs,10,0,1789.5,162535,3,295.0,2026-08-19,0,-1,1856.0,-3.1
160492,111069,Mage,Arcane,Sunfury,DPS,EU,Altar of Fangs,10,0,1789.5,160982,5,294.0,2026-08-19,0,-1,1856.0,-3.1
160503,23788,DeathKnight,Blood,San'layn,Tank,EU,Voidscar Arena,12,1,1470.1,115859,0,304.0,2026-08-20,0,-1,1461.0,18.8
160503,23789,Paladin,Holy,Herald of the Sun,Healer,EU,Voidscar Arena,12,1,1470.1,12359,0,298.0,2026-08-20,0,-1,1461.0,18.8
160503,15139,Shaman,Elemental,Farseer,DPS,EU,Voidscar Arena,12,1,1470.1,208965,0,303.0,2026-08-20,0,-1,1461.0,18.8
160503,16461,DemonHunter,Devourer,Annihilator,DPS,EU,Voidscar Arena,12,1,1470.1,219801,0,302.0,2026-08-20,0,-1,1461.0,18.8
160503,23790,Paladin,Retribution,Templar,DPS,EU,Voidscar Arena,12,1,1470.1,202318,0,297.0,2026-08-20,0,-1,1461.0,18.8
160522,69882,Druid,Guardian,Elune's Chosen,Tank,EU,The Blinding Vale,10,1,1389.8,88530,2,300.0,2026-08-20,0,-1,1441.0,19.9
160522,69883,Shaman,Restoration,Totemic,Healer,EU,The Blinding Vale,10,1,1389.8,20176,3,299.0,2026-08-20,0,-1,1441.0,19.9
160522,211223,Warrior,Arms,Slayer,DPS,EU,The Blinding Vale,10,1,1389.8,199995,3,304.0,2026-08-20,0,-1,1441.0,19.9
160522,16676,Hunter,BeastMastery,Pack Leader,DPS,EU,The Blinding Vale,10,1,1389.8,209734,2,303.0,2026-08-20,0,-1,1441.0,19.9
160522,69884,DeathKnight,Unholy,Rider of the Apocalypse,DPS,EU,The Blinding Vale,10,1,1389.8,209420,2,305.0,2026-08-20,0,-1,1441.0,19.9
160532,216603,DeathKnight,Blood,Deathbringer,Tank,EU,Altar of Fangs,5,1,1101.1,86659,0,286.0,2026-08-20,0,-1,1093.0,39.3
160532,209463,Druid,Restoration,Wildstalker,Healer,EU,Altar of Fangs,5,1,1101.1,8340,0,293.0,2026-08-20,0,-1,1093.0,39.3
160532,209464,Shaman,Enhancement,Stormbringer,DPS,EU,Altar of Fangs,5,1,1101.1,185856,0,296.0,2026-08-20,0,-1,1093.0,39.3
160532,216604,Hunter,Marksmanship,Sentinel,DPS,EU,Altar of Fangs,5,1,1101.1,130026,0,296.0,2026-08-20,0,-1,1093.0,39.3
160532,216605,DeathKnight,Unholy,Rider of the Apocalypse,DPS,EU,Altar of Fangs,5,1,1101.1,142434,0,291.0,2026-08-20,0,-1,1093.0,39.3
160534,61668,Monk,Brewmaster,Master of Harmony,Tank,US,Voidscar Arena,9,1,1457.7,81567,0,293.0,2026-08-20,0,-1,1464.0,18.7
160534,110949,Druid,Restoration,Wildstalker,Healer,US,Voidscar Arena,9,1,1457.7,5623,0,298.0,2026-08-20,0,-1,1464.0,18.7
160534,157176,Mage,Arcane,Sunfury,DPS,US,Voidscar Arena,9,1,1457.7,167039,2,298.0,2026-08-20,0,-1,1464.0,18.7
160534,216607,Paladin,Retribution,Templar,DPS,US,Voidscar Arena,9,1,1457.7,129262,0,291.0,2026-08-20,0,-1,1464.0,18.7
160534,176655,Druid,Balance,Elune's Chosen,DPS,US,Voidscar Arena,9,1,1457.7,162577,1,296.0,2026-08-20,0,-1,1464.0,18.7
160543,88034,DeathKnight,Blood,San'layn,Tank,EU,Ruby Life Pools,10,1,1550.2,95030,3,296.0,2026-08-20,0,-1,1601.0,4.7
160543,88033,Shaman,Restoration,Totemic,Healer,EU,Ruby Life Pools,10,1,1550.2,15563,3,299.0,2026-08-20,0,-1,1601.0,4.7
160543,172345,Mage,Arcane,Sunfury,DPS,EU,Ruby Life Pools,10,1,1550.2,160846,1,295.0,2026-08-20,0,-1,1601.0,4.7
160543,172344,Shaman,Enhancement,Stormbringer,DPS,EU,Ruby Life Pools,10,1,1550.2,132226,3,291.0,2026-08-20,0,-1,1601.0,4.7
160543,216617,Hunter,BeastMastery,Pack Leader,DPS,EU,Ruby Life Pools,10,1,1550.2,148845,2,294.0,2026-08-20,0,-1,1601.0,4.7
160557,216625,Druid,Guardian,Elune's Chosen,Tank,EU,Ruby Life Pools,11,0,1675.1,67148,2,293.0,2026-08-20,0,-1,1712.0,-1.9
160557,76919,Shaman,Restoration,Totemic,Healer,EU,Ruby Life Pools,11,0,1675.1,18170,1,301.0,2026-08-20,0,-1,1712.0,-1.9
160557,61501,Mage,Arcane,Sunfury,DPS,EU,Ruby Life Pools,11,0,1675.1,197190,2,305.0,2026-08-20,0,-1,1712.0,-1.9
160557,75555,Hunter,BeastMastery,Pack Leader,DPS,EU,Ruby Life Pools,11,0,1675.1,133380,3,290.0,2026-08-20,0,-1,1712.0,-1.9
160557,29194,Druid,Balance,Elune's Chosen,DPS,EU,Ruby Life Pools,11,0,1675.1,140820,1,296.0,2026-08-20,0,-1,1712.0,-1.9
160559,216627,Druid,Guardian,Elune's Chosen,Tank,EU,Altar of Fangs,10,1,1220.0,119863,0,301.0,2026-08-20,0,-1,1211.0,32.7
160559,20295,Shaman,Restoration,Totemic,Healer,EU,Altar of Fangs,10,1,1220.0,35650,0,303.0,2026-08-20,0,-1,1211.0,32.7
160559,99236,Shaman,Enhancement,Stormbringer,DPS,EU,Altar of Fangs,10,1,1220.0,216242,0,296.0,2026-08-20,0,-1,1211.0,32.7
160559,107372,Warlock,Destruction,Diabolist,DPS,EU,Altar of Fangs,10,1,1220.0,237595,0,301.0,2026-08-20,0,-1,1211.0,32.7
160559,14919,DemonHunter,Devourer,Annihilator,DPS,EU,Altar of Fangs,10,1,1220.0,213409,0,298.0,2026-08-20,0,-1,1211.0,32.7
160579,216637,Monk,Brewmaster,Shado-Pan,Tank,EU,Voidscar Arena,2,1,1090.1,31106,0,281.0,2026-08-20,0,-1,1081.0,39.9
160579,216638,Druid,Restoration,Wildstalker,Healer,EU,Voidscar Arena,2,1,1090.1,6637,0,288.0,2026-08-20,0,-1,1081.0,39.9
160579,216639,DemonHunter,Havoc,Fel-Scarred,DPS,EU,Voidscar Arena,2,1,1090.1,112156,1,291.0,2026-08-20,0,-1,1081.0,39.9
160579,186503,Mage,Arcane,Sunfury,DPS,EU,Voidscar Arena,2,1,1090.1,100186,1,277.0,2026-08-20,0,-1,1081.0,39.9
160579,216640,Paladin,Retribution,Templar,DPS,EU,Voidscar Arena,2,1,1090.1,98824,0,283.0,2026-08-20,0,-1,1081.0,39.9
160586,41494,DeathKnight,Blood,San'layn,Tank,KR,Ruby Life Pools,9,1,1412.4,111800,1,291.0,2026-08-20,0,-1,1449.0,13.8
160586,41495,Priest,Discipline,Oracle,Healer,KR,Ruby Life Pools,9,1,1412.4,13813,3,284.0,2026-08-20,0,-1,1449.0,13.8
160586,41497,Mage,Arcane,Sunfury,DPS,KR,Ruby Life Pools,9,1,1412.4,137732,2,286.0,2026-08-20,0,-1,1449.0,13.8
160586,41496,Warrior,Arms,Slayer,DPS,KR,Ruby Life Pools,9,1,1412.4,119122,2,277.0,2026-08-20,0,-1,1449.0,13.8
160586,41498,Warlock,Destruction,Diabolist,DPS,KR,Ruby Life Pools,9,1,1412.4,160594,1,291.0,2026-08-20,0,-1,1449.0,13.8
160588,18688,DeathKnight,Blood,San'layn,Tank,EU,Voidscar Arena,11,1,1291.5,113020,0,301.0,2026-08-20,0,-1,1288.0,28.4
160588,54502,Paladin,Holy,Herald of the Sun,Healer,EU,Voidscar Arena,11,1,1291.5,16623,0,297.0,2026-08-20,0,-1,1288.0,28.4
160588,20542,DemonHunter,Devourer,Void-Scarred,DPS,EU,Voidscar Arena,11,1,1291.5,161936,0,303.0,2026-08-20,0,-1,1288.0,28.4
160588,65660,Warrior,Arms,Slayer,DPS,EU,Voidscar Arena,11,1,1291.5,188635,1,300.0,2026-08-20,0,-1,1288.0,28.4
160588,38864,Shaman,Enhancement,Stormbringer,DPS,EU,Voidscar Arena,11,1,1291.5,199438,0,303.0,2026-08-20,0,-1,1288.0,28.4
160593,91054,DeathKnight,Blood,San'layn,Tank,US,Altar of Fangs,2,1,1229.3,86091,1,290.0,2026-08-20,0,-1,1220.0,32.2
160593,216648,Priest,Holy,Oracle,Healer,US,Altar of Fangs,2,1,1229.3,54282,1,288.0,2026-08-20,0,-1,1220.0,32.2
160593,91055,Paladin,Holy,Herald of the Sun,Healer,US,Altar of Fangs,2,1,1229.3,13116,2,291.0,2026-08-20,0,-1,1220.0,32.2
160593,177828,Warrior,Arms,Slayer,DPS,US,Altar of Fangs,2,1,1229.3,155443,1,291.0,2026-08-20,0,-1,1220.0,32.2
160593,91057,Monk,Windwalker,Shado-Pan,DPS,US,Altar of Fangs,2,1,1229.3,112749,1,287.0,2026-08-20,0,-1,1220.0,32.2
160594,63265,Paladin,Protection,Lightsmith,Tank,EU,Altar of Fangs,5,1,1178.3,84615,0,293.0,2026-08-19,0,-1,1170.0,35.0
160594,216649,Paladin,Holy,Herald of the Sun,Healer,EU,Altar of Fangs,5,1,1178.3,7007,0,289.0,2026-08-19,0,-1,1170.0,35.0
160594,63267,Warlock,Destruction,Diabolist,DPS,EU,Altar of Fangs,5,1,1178.3,121045,1,293.0,2026-08-19,0,-1,1170.0,35.0
160594,197630,Shaman,Elemental,Farseer,DPS,EU,Altar of Fangs,5,1,1178.3,188466,0,292.0,2026-08-19,0,-1,1170.0,35.0
160594,82762,Mage,Arcane,Sunfury,DPS,EU,Altar of Fangs,5,1,1178.3,97237,2,290.0,2026-08-19,0,-1,1170.0,35.0
160598,3991,Druid,Guardian,Elune's Chosen,Tank,US,Kings' Rest,9,1,1442.6,78264,0,297.0,2026-08-20,0,-1,1440.0,27.3
160598,209114,Paladin,Holy,Herald of the Sun,Healer,US,Kings' Rest,9,1,1442.6,855,0,300.0,2026-08-20,0,-1,1440.0,27.3
160598,3992,Mage,Arcane,Sunfury,DPS,US,Kings' Rest,9,1,1442.6,131553,0,296.0,2026-08-20,0,-1,1440.0,27.3
160598,40616,Warlock,Destruction,Diabolist,DPS,US,Kings' Rest,9,1,1442.6,122558,1,295.0,2026-08-20,0,-1,1440.0,27.3
160598,3993,Shaman,Elemental,Farseer,DPS,US,Kings' Rest,9,1,1442.6,129982,0,296.0,2026-08-20,0,-1,1440.0,27.3
160604,106957,Paladin,Protection,Lightsmith,Tank,EU,Voidscar Arena,10,1,1554.5,76188,2,299.0,2026-08-20,0,-1,1621.0,10.0
160604,216653,Monk,Mistweaver,Conduit of the Celestials,Healer,EU,Voidscar Arena,10,1,1554.5,33059,2,295.0,2026-08-20,0,-1,1621.0,10.0
160604,216654,Priest,Shadow,Archon,DPS,EU,Voidscar Arena,10,1,1554.5,143604,2,295.0,2026-08-20,0,-1,1621.0,10.0
160604,86331,Mage,Arcane,Sunfury,DPS,EU,Voidscar Arena,10,1,1554.5,156628,5,302.0,2026-08-20,0,-1,1621.0,10.0
160604,17952,Hunter,Survival,Pack Leader,DPS,EU,Voidscar Arena,10,1,1554.5,160446,4,300.0,2026-08-20,0,-1,1621.0,10.0
160606,96560,DeathKnight,Blood,San'layn,Tank,EU,Murder Row,10,0,2222.6,97585,1,297.0,2026-08-19,0,-1,2244.0,-10.0
160606,216655,Shaman,Restoration,Totemic,Healer,EU,Murder Row,10,0,2222.6,30370,1,291.0,2026-08-19,0,-1,2244.0,-10.0
160606,38632,Mage,Frost,Spellslinger,DPS,EU,Murder Row,10,0,2222.6,114207,1,291.0,2026-08-19,0,-1,2244.0,-10.0
160606,109227,Paladin,Retribution,Templar,DPS,EU,Murder Row,10,0,2222.6,152744,1,293.0,2026-08-19,0,-1,2244.0,-10.0
160606,96562,Mage,Frost,Spellslinger,DPS,EU,Murder Row,10,0,2222.6,75096,3,282.0,2026-08-19,0,-1,2244.0,-10.0
160608,216656,Monk,Brewmaster,Master of Harmony,Tank,EU,The Blinding Vale,10,1,1337.1,96456,0,293.0,2026-08-20,0,-1,1338.0,25.6
160608,33372,Shaman,Restoration,Totemic,Healer,EU,The Blinding Vale,10,1,1337.1,26985,0,301.0,2026-08-20,0,-1,1338.0,25.6
160608,190181,Hunter,BeastMastery,Pack Leader,DPS,EU,The Blinding Vale,10,1,1337.1,172670,1,292.0,2026-08-20,0,-1,1338.0,25.6
160608,23919,Warrior,Fury,Slayer,DPS,EU,The Blinding Vale,10,1,1337.1,222673,1,299.0,2026-08-20,0,-1,1338.0,25.6
160608,196561,Rogue,Assassination,Deathstalker,DPS,EU,The Blinding Vale,10,1,1337.1,180844,0,292.0,2026-08-20,0,-1,1338.0,25.6
160617,13779,DeathKnight,Blood,San'layn,Tank,EU,The Blinding Vale,10,1,1303.9,125551,0,297.0,2026-08-19,0,-1,1306.0,27.5
160617,13780,Shaman,Restoration,Totemic,Healer,EU,The Blinding Vale,10,1,1303.9,33680,0,294.0,2026-08-19,0,-1,1306.0,27.5
160617,13783,DemonHunter,Devourer,Annihilator,DPS,EU,The Blinding Vale,10,1,1303.9,212684,1,293.0,2026-08-19,0,-1,1306.0,27.5
160617,13781,DemonHunter,Havoc,Aldrachi Reaver,DPS,EU,The Blinding Vale,10,1,1303.9,189668,0,293.0,2026-08-19,0,-1,1306.0,27.5
160617,13782,DeathKnight,Unholy,Rider of the Apocalypse,DPS,EU,The Blinding Vale,10,1,1303.9,231312,1,296.0,2026-08-19,0,-1,1306.0,27.5
160637,64594,Warrior,Protection,Mountain Thane,Tank,US,Murder Row,7,1,1614.6,80722,2,291.0,2026-08-19,0,-1,1656.0,18.8
160637,94540,Paladin,Holy,Herald of the Sun,Healer,US,Murder Row,7,1,1614.6,13266,2,292.0,2026-08-19,0,-1,1656.0,18.8
160637,216676,Mage,Arcane,Sunfury,DPS,US,Murder Row,7,1,1614.6,119467,2,295.0,2026-08-19,0,-1,1656.0,18.8
160637,216677,DemonHunter,Devourer,Annihilator,DPS,US,Murder Row,7,1,1614.6,117932,2,295.0,2026-08-19,0,-1,1656.0,18.8
160637,152819,DeathKnight,Unholy,Rider of the Apocalypse,DPS,US,Murder Row,7,1,1614.6,133248,2,298.0,2026-08-19,0,-1,1656.0,18.8
160660,68270,DeathKnight,Blood,San'layn,Tank,US,Temple of Sethraliss,11,1,1694.9,112794,0,292.0,2026-08-20,0,-1,1722.0,10.3
160660,8152,Priest,Discipline,Voidweaver,Healer,US,Temple of Sethraliss,11,1,1694.9,28233,1,307.0,2026-08-20,0,-1,1722.0,10.3
160660,8724,Warrior,Arms,Slayer,DPS,US,Temple of Sethraliss,11,1,1694.9,142399,5,296.0,2026-08-20,0,-1,1722.0,10.3
160660,68271,Hunter,Marksmanship,Sentinel,DPS,US,Temple of Sethraliss,11,1,1694.9,141098,1,295.0,2026-08-20,0,-1,1722.0,10.3
160660,8652,DeathKnight,Unholy,Rider of the Apocalypse,DPS,US,Temple of Sethraliss,11,1,1694.9,208119,0,301.0,2026-08-20,0,-1,1722.0,10.3
160663,38609,Warrior,Protection,Mountain Thane,Tank,EU,Murder Row,10,1,1730.0,104968,0,289.0,2026-08-19,0,-1,1742.0,14.6
160663,38608,Evoker,Preservation,Flameshaper,Healer,EU,Murder Row,10,1,1730.0,23240,0,293.0,2026-08-19,0,-1,1742.0,14.6
160663,47982,Druid,Balance,Elune's Chosen,DPS,EU,Murder Row,10,1,1730.0,113717,3,292.0,2026-08-19,0,-1,1742.0,14.6
160663,38769,Warlock,Demonology,Diabolist,DPS,EU,Murder Row,10,1,1730.0,161987,0,295.0,2026-08-19,0,-1,1742.0,14.6
160663,38610,Evoker,Devastation,Scalecommander,DPS,EU,Murder Row,10,1,1730.0,139876,1,291.0,2026-08-19,0,-1,1742.0,14.6
160664,13474,Druid,Guardian,Elune's Chosen,Tank,EU,Ruby Life Pools,11,1,1550.4,93186,0,296.0,2026-08-19,0,-1,1545.0,8.0
160664,13475,Paladin,Holy,Herald of the Sun,Healer,EU,Ruby Life Pools,11,1,1550.4,17611,0,292.0,2026-08-19,0,-1,1545.0,8.0
160664,36195,Shaman,Enhancement,Stormbringer,DPS,EU,Ruby Life Pools,11,1,1550.4,202188,1,294.0,2026-08-19,0,-1,1545.0,8.0
160664,204043,Druid,Balance,Elune's Chosen,DPS,EU,Ruby Life Pools,11,1,1550.4,155526,0,291.0,2026-08-19,0,-1,1545.0,8.0
160664,23518,Warlock,Destruction,Diabolist,DPS,EU,Ruby Life Pools,11,1,1550.4,169779,0,292.0,2026-08-19,0,-1,1545.0,8.0
160668,60769,Paladin,Protection,Lightsmith,Tank,US,Ruby Life Pools,5,1,965.5,87496,0,292.0,2026-08-19,0,-1,957.0,43.0
160668,60770,Shaman,Restoration,Totemic,Healer,US,Ruby Life Pools,5,1,965.5,19559,0,285.0,2026-08-19,0,-1,957.0,43.0
160668,134039,Hunter,BeastMastery,Pack Leader,DPS,US,Ruby Life Pools,5,1,965.5,155194,0,293.0,2026-08-19,0,-1,957.0,43.0
160668,216697,Warrior,Arms,Slayer,DPS,US,Ruby Life Pools,5,1,965.5,135403,0,300.0,2026-08-19,0,-1,957.0,43.0
160668,216698,DemonHunter,Devourer,Void-Scarred,DPS,US,Ruby Life Pools,5,1,965.5,134085,1,290.0,2026-08-19,0,-1,957.0,43.0
160687,66046,DemonHunter,Vengeance,Annihilator,Tank,US,Voidscar Arena,2,1,1069.9,83243,0,294.0,2026-08-19,0,-1,1062.0,41.0
160687,216703,Priest,Holy,Oracle,Healer,US,Voidscar Arena,2,1,1069.9,20026,0,293.0,2026-08-19,0,-1,1062.0,41.0
160687,216704,Monk,Windwalker,Shado-Pan,DPS,US,Voidscar Arena,2,1,1069.9,82904,0,290.0,2026-08-19,0,-1,1062.0,41.0
160687,70190,Warrior,Arms,Slayer,DPS,US,Voidscar Arena,2,1,1069.9,120611,0,287.0,2026-08-19,0,-1,1062.0,41.0
160687,216705,DeathKnight,Unholy,Rider of the Apocalypse,DPS,US,Voidscar Arena,2,1,1069.9,72269,0,292.0,2026-08-19,0,-1,1062.0,41.0
160688,26347,DemonHunter,Vengeance,Annihilator,Tank,EU,Voidscar Arena,11,0,1912.7,104345,1,303.0,2026-08-20,0,-1,1994.0,-10.8
160688,51563,Paladin,Holy,Herald of the Sun,Healer,EU,Voidscar Arena,11,0,1912.7,14860,3,299.0,2026-08-20,0,-1,1994.0,-10.8
160688,69513,Monk,Windwalker,Conduit of the Celestials,DPS,EU,Voidscar Arena,11,0,1912.7,97092,5,288.0,2026-08-20,0,-1,1994.0,-10.8
160688,174021,Evoker,Devastation,Scalecommander,DPS,EU,Voidscar Arena,11,0,1912.7,132484,5,288.0,2026-08-20,0,-1,1994.0,-10.8
160688,105730,Rogue,Outlaw,Trickster,DPS,EU,Voidscar Arena,11,0,1912.7,138163,4,286.0,2026-08-20,0,-1,1994.0,-10.8
160691,13526,Paladin,Protection,Lightsmith,Tank,EU,Altar of Fangs,10,1,1284.9,109424,0,294.0,2026-08-19,0,-1,1276.0,29.1
160691,13527,Priest,Holy,Oracle,Healer,EU,Altar of Fangs,10,1,1284.9,21978,0,295.0,2026-08-19,0,-1,1276.0,29.1
160691,13530,Mage,Arcane,Sunfury,DPS,EU,Altar of Fangs,10,1,1284.9,253958,0,295.0,2026-08-19,0,-1,1276.0,29.1
160691,13529,Shaman,Elemental,Farseer,DPS,EU,Altar of Fangs,10,1,1284.9,256480,0,296.0,2026-08-19,0,-1,1276.0,29.1
160691,13528,Hunter,Survival,Pack Leader,DPS,EU,Altar of Fangs,10,1,1284.9,172275,0,295.0,2026-08-19,0,-1,1276.0,29.1
160718,19026,DeathKnight,Blood,San'layn,Tank,EU,Altar of Fangs,10,1,1508.4,128183,0,295.0,2026-08-19,0,-1,1510.0,16.1
160718,216728,Shaman,Restoration,Totemic,Healer,EU,Altar of Fangs,10,1,1508.4,16566,1,289.0,2026-08-19,0,-1,1510.0,16.1
160718,21694,Hunter,BeastMastery,Pack Leader,DPS,EU,Altar of Fangs,10,1,1508.4,203227,1,295.0,2026-08-19,0,-1,1510.0,16.1
160718,21695,Warrior,Arms,Slayer,DPS,EU,Altar of Fangs,10,1,1508.4,188624,0,295.0,2026-08-19,0,-1,1510.0,16.1
160718,159799,Warlock,Affliction,Soul Harvester,DPS,EU,Altar of Fangs,10,1,1508.4,185356,0,296.0,2026-08-19,0,-1,1510.0,16.1
160719,14519,Paladin,Protection,Lightsmith,Tank,EU,Den of Nalorakk,10,1,1772.9,108481,1,287.0,2026-08-19,0,-1,1844.0,4.0
160719,138802,Priest,Holy,Archon,Healer,EU,Den of Nalorakk,10,1,1772.9,14511,3,297.0,2026-08-19,0,-1,1844.0,4.0
160719,33178,Warrior,Arms,Slayer,DPS,EU,Den of Nalorakk,10,1,1772.9,125102,2,296.0,2026-08-19,0,-1,1844.0,4.0
160719,206609,Shaman,Elemental,Stormbringer,DPS,EU,Den of Nalorakk,10,1,1772.9,137241,5,289.0,2026-08-19,0,-1,1844.0,4.0
160719,214140,Mage,Frost,Spellslinger,DPS,EU,Den of Nalorakk,10,1,1772.9,127289,3,284.0,2026-08-19,0,-1,1844.0,4.0
160725,8757,Monk,Brewmaster,Shado-Pan,Tank,US,Altar of Fangs,10,0,1734.8,108537,4,292.0,2026-08-18,0,-1,1841.0,-2.3
160725,8758,Evoker,Preservation,Chronowarden,Healer,US,Altar of Fangs,10,0,1734.8,22521,5,292.0,2026-08-18,0,-1,1841.0,-2.3
160725,8759,Shaman,Enhancement,Stormbringer,DPS,US,Altar of Fangs,10,0,1734.8,187022,5,295.0,2026-08-18,0,-1,1841.0,-2.3
160725,8760,Evoker,Devastation,Scalecommander,DPS,US,Altar of Fangs,10,0,1734.8,212768,4,295.0,2026-08-18,0,-1,1841.0,-2.3
160725,8761,Hunter,Marksmanship,Sentinel,DPS,US,Altar of Fangs,10,0,1734.8,165035,5,292.0,2026-08-18,0,-1,1841.0,-2.3
160740,56145,DeathKnight,Blood,San'layn,Tank,EU,Voidscar Arena,10,1,1423.5,105845,0,288.0,2026-08-19,0,-1,1464.0,18.6
160740,21701,Paladin,Holy,Herald of the Sun,Healer,EU,Voidscar Arena,10,1,1423.5,17357,0,294.0,2026-08-19,0,-1,1464.0,18.6
160740,26266,DemonHunter,Devourer,Void-Scarred,DPS,EU,Voidscar Arena,10,1,1423.5,146856,7,299.0,2026-08-19,0,-1,1464.0,18.6
160740,26269,Shaman,Elemental,Farseer,DPS,EU,Voidscar Arena,10,1,1423.5,163884,2,299.0,2026-08-19,0,-1,1464.0,18.6
160740,26268,Warrior,Arms,Slayer,DPS,EU,Voidscar Arena,10,1,1423.5,200791,1,303.0,2026-08-19,0,-1,1464.0,18.6
160751,168992,DeathKnight,Blood,Deathbringer,Tank,CN,Kings' Rest,11,1,1634.0,84610,0,297.0,2026-08-20,0,-1,1645.0,16.9
160751,216742,Shaman,Restoration,Totemic,Healer,CN,Kings' Rest,11,1,1634.0,21019,1,292.0,2026-08-20,0,-1,1645.0,16.9
160751,168995,Paladin,Retribution,Herald of the Sun,DPS,CN,Kings' Rest,11,1,1634.0,150704,0,290.0,2026-08-20,0,-1,1645.0,16.9
160751,168994,Warrior,Arms,Slayer,DPS,CN,Kings' Rest,11,1,1634.0,154435,0,294.0,2026-08-20,0,-1,1645.0,16.9
160751,168996,Mage,Arcane,Sunfury,DPS,CN,Kings' Rest,11,1,1634.0,104288,3,290.0,2026-08-20,0,-1,1645.0,16.9
160756,22077,Paladin,Protection,Lightsmith,Tank,EU,The Blinding Vale,11,1,1536.8,80041,1,291.0,2026-08-19,0,-1,1553.0,13.7
160756,46059,Monk,Mistweaver,Conduit of the Celestials,Healer,EU,The Blinding Vale,11,1,1536.8,46609,1,296.0,2026-08-19,0,-1,1553.0,13.7
160756,22081,Hunter,Marksmanship,Sentinel,DPS,EU,The Blinding Vale,11,1,1536.8,194610,0,300.0,2026-08-19,0,-1,1553.0,13.7
160756,22079,Mage,Arcane,Sunfury,DPS,EU,The Blinding Vale,11,1,1536.8,202294,1,287.0,2026-08-19,0,-1,1553.0,13.7
160756,22080,Warrior,Fury,Slayer,DPS,EU,The Blinding Vale,11,1,1536.8,241648,2,296.0,2026-08-19,0,-1,1553.0,13.7
160808,155120,DeathKnight,Blood,Deathbringer,Tank,CN,Temple of Sethraliss,6,1,1197.2,94730,0,291.0,2026-08-20,0,-1,1199.0,37.6
160808,155121,Shaman,Restoration,Totemic,Healer,CN,Temple of Sethraliss,6,1,1197.2,9079,0,291.0,2026-08-20,0,-1,1199.0,37.6
160808,155122,Warrior,Arms,Slayer,DPS,CN,Temple of Sethraliss,6,1,1197.2,158266,1,292.0,2026-08-20,0,-1,1199.0,37.6
160808,155124,Warlock,Demonology,Diabolist,DPS,CN,Temple of Sethraliss,6,1,1197.2,117592,0,290.0,2026-08-20,0,-1,1199.0,37.6
160808,155123,Shaman,Elemental,Farseer,DPS,CN,Temple of Sethraliss,6,1,1197.2,109853,1,290.0,2026-08-20,0,-1,1199.0,37.6
160820,69350,DemonHunter,Vengeance,Annihilator,Tank,EU,Murder Row,2,1,1138.1,85798,0,292.0,2026-08-19,0,-1,1130.0,44.6
160820,44940,Paladin,Holy,Herald of the Sun,Healer,EU,Murder Row,2,1,1138.1,23275,0,294.0,2026-08-19,0,-1,1130.0,44.6
160820,216778,Shaman,Elemental,Stormbringer,DPS,EU,Murder Row,2,1,1138.1,76211,0,290.0,2026-08-19,0,-1,1130.0,44.6
160820,73121,Hunter,BeastMastery,Pack Leader,DPS,EU,Murder Row,2,1,1138.1,87461,0,295.0,2026-08-19,0,-1,1130.0,44.6
160820,44943,Mage,Arcane,Sunfury,DPS,EU,Murder Row,2,1,1138.1,126310,0,297.0,2026-08-19,0,-1,1130.0,44.6
160822,6416,DeathKnight,Blood,San'layn,Tank,US,The Blinding Vale,7,1,1374.7,135551,0,295.0,2026-08-18,0,-1,1382.0,23.2
160822,92172,Shaman,Restoration,Totemic,Healer,US,The Blinding Vale,7,1,1374.7,14928,1,287.0,2026-08-18,0,-1,1382.0,23.2
160822,136005,Hunter,BeastMastery,Pack Leader,DPS,US,The Blinding Vale,7,1,1374.7,163868,1,291.0,2026-08-18,0,-1,1382.0,23.2
160822,5032,DemonHunter,Havoc,Fel-Scarred,DPS,US,The Blinding Vale,7,1,1374.7,152717,0,288.0,2026-08-18,0,-1,1382.0,23.2
160822,123083,Mage,Arcane,Sunfury,DPS,US,The Blinding Vale,7,1,1374.7,126266,1,294.0,2026-08-18,0,-1,1382.0,23.2
160828,8280,DeathKnight,Blood,San'layn,Tank,US,Kings' Rest,8,1,1285.2,88385,0,297.0,2026-08-18,0,-1,1282.0,35.3
160828,8281,Shaman,Restoration,Totemic,Healer,US,Kings' Rest,8,1,1285.2,30316,0,291.0,2026-08-18,0,-1,1282.0,35.3
160828,8283,DemonHunter,Havoc,Fel-Scarred,DPS,US,Kings' Rest,8,1,1285.2,125331,0,296.0,2026-08-18,0,-1,1282.0,35.3
160828,8284,Druid,Balance,Elune's Chosen,DPS,US,Kings' Rest,8,1,1285.2,105400,1,289.0,2026-08-18,0,-1,1282.0,35.3
160828,8282,Warrior,Arms,Slayer,DPS,US,Kings' Rest,8,1,1285.2,133281,0,291.0,2026-08-18,0,-1,1282.0,35.3
160835,3015,Druid,Guardian,Elune's Chosen,Tank,US,Murder Row,10,1,1565.8,125134,0,297.0,2026-08-19,0,-1,1558.0,23.7
160835,11684,Shaman,Restoration,Totemic,Healer,US,Murder Row,10,1,1565.8,18215,0,295.0,2026-08-19,0,-1,1558.0,23.7
160835,11686,Mage,Arcane,Sunfury,DPS,US,Murder Row,10,1,1565.8,156188,0,295.0,2026-08-19,0,-1,1558.0,23.7
160835,11685,Priest,Shadow,Archon,DPS,US,Murder Row,10,1,1565.8,169716,0,292.0,2026-08-19,0,-1,1558.0,23.7
160835,3017,Shaman,Elemental,Farseer,DPS,US,Murder Row,10,1,1565.8,160153,0,292.0,2026-08-19,0,-1,1558.0,23.7
160844,70522,Paladin,Protection,Templar,Tank,EU,Altar of Fangs,10,1,1385.9,89228,0,297.0,2026-08-19,0,-1,1387.0,22.9
160844,21565,Shaman,Restoration,Totemic,Healer,EU,Altar of Fangs,10,1,1385.9,28602,1,294.0,2026-08-19,0,-1,1387.0,22.9
160844,21566,Warrior,Arms,Slayer,DPS,EU,Altar of Fangs,10,1,1385.9,215962,0,296.0,2026-08-19,0,-1,1387.0,22.9
160844,74133,Mage,Arcane,Sunfury,DPS,EU,Altar of Fangs,10,1,1385.9,179589,1,302.0,2026-08-19,0,-1,1387.0,22.9
160844,21568,Rogue,Subtlety,Deathstalker,DPS,EU,Altar of Fangs,10,1,1385.9,224462,0,304.0,2026-08-19,0,-1,1387.0,22.9
160851,59666,DeathKnight,Blood,San'layn,Tank,EU,The Blinding Vale,8,1,1570.7,92167,2,287.0,2026-08-19,0,-1,1617.0,10.2
160851,71065,Paladin,Holy,Herald of the Sun,Healer,EU,The Blinding Vale,8,1,1570.7,27304,2,278.0,2026-08-19,0,-1,1617.0,10.2
160851,110119,Mage,Arcane,Sunfury,DPS,EU,The Blinding Vale,8,1,1570.7,151638,2,290.0,2026-08-19,0,-1,1617.0,10.2
160851,64208,DemonHunter,Devourer,Void-Scarred,DPS,EU,The Blinding Vale,8,1,1570.7,157414,2,293.0,2026-08-19,0,-1,1617.0,10.2
160851,139795,Priest,Shadow,Archon,DPS,EU,The Blinding Vale,8,1,1570.7,144344,3,294.0,2026-08-19,0,-1,1617.0,10.2
160855,216801,DeathKnight,Blood,Deathbringer,Tank,US,Ruby Life Pools,11,1,1315.9,137348,2,294.0,2026-08-20,0,-1,1368.0,18.6
160855,35476,Paladin,Holy,Herald of the Sun,Healer,US,Ruby Life Pools,11,1,1315.9,14992,2,301.0,2026-08-20,0,-1,1368.0,18.6
160855,18035,Mage,Arcane,Sunfury,DPS,US,Ruby Life Pools,11,1,1315.9,214600,2,301.0,2026-08-20,0,-1,1368.0,18.6
160855,167036,Paladin,Retribution,Templar,DPS,US,Ruby Life Pools,11,1,1315.9,207674,2,299.0,2026-08-20,0,-1,1368.0,18.6
160855,31849,Warrior,Fury,Slayer,DPS,US,Ruby Life Pools,11,1,1315.9,196499,4,299.0,2026-08-20,0,-1,1368.0,18.6
160862,53943,DeathKnight,Blood,San'layn,Tank,US,Murder Row,11,1,1622.0,97562,0,304.0,2026-08-20,0,-1,1624.0,20.4
160862,185684,Paladin,Holy,Herald of the Sun,Healer,US,Murder Row,11,1,1622.0,17989,0,298.0,2026-08-20,0,-1,1624.0,20.4
160862,53945,Warrior,Arms,Slayer,DPS,US,Murder Row,11,1,1622.0,161149,1,305.0,2026-08-20,0,-1,1624.0,20.4
160862,56964,Hunter,BeastMastery,Pack Leader,DPS,US,Murder Row,11,1,1622.0,188624,1,301.0,2026-08-20,0,-1,1624.0,20.4
160862,53947,Druid,Balance,Elune's Chosen,DPS,US,Murder Row,11,1,1622.0,194480,0,297.0,2026-08-20,0,-1,1624.0,20.4
160877,57092,DeathKnight,Blood,San'layn,Tank,EU,The Blinding Vale,11,1,1670.5,110682,0,296.0,2026-08-20,0,-1,1667.0,7.4
160877,12666,Paladin,Holy,Herald of the Sun,Healer,EU,The Blinding Vale,11,1,1670.5,4980,0,299.0,2026-08-20,0,-1,1667.0,7.4
160877,195915,DemonHunter,Devourer,Void-Scarred,DPS,EU,The Blinding Vale,11,1,1670.5,163246,1,301.0,2026-08-20,0,-1,1667.0,7.4
160877,12669,Priest,Shadow,Voidweaver,DPS,EU,The Blinding Vale,11,1,1670.5,210718,0,298.0,2026-08-20,0,-1,1667.0,7.4
160877,216820,DeathKnight,Unholy,Rider of the Apocalypse,DPS,EU,The Blinding Vale,11,1,1670.5,177604,0,296.0,2026-08-20,0,-1,1667.0,7.4
160897,63313,DeathKnight,Blood,San'layn,Tank,EU,Kings' Rest,10,1,1839.6,82790,3,294.0,2026-08-19,0,-1,1927.0,2.7
160897,63314,Druid,Restoration,Wildstalker,Healer,EU,Kings' Rest,10,1,1839.6,5804,3,292.0,2026-08-19,0,-1,1927.0,2.7
160897,63316,Mage,Arcane,Sunfury,DPS,EU,Kings' Rest,10,1,1839.6,121435,7,299.0,2026-08-19,0,-1,1927.0,2.7
160897,22758,DemonHunter,Devourer,Void-Scarred,DPS,EU,Kings' Rest,10,1,1839.6,109798,4,295.0,2026-08-19,0,-1,1927.0,2.7
160897,63315,Monk,Windwalker,Conduit of the Celestials,DPS,EU,Kings' Rest,10,1,1839.6,114313,2,294.0,2026-08-19,0,-1,1927.0,2.7
160900,216832,Druid,Guardian,Elune's Chosen,Tank,CN,Ruby Life Pools,10,1,1369.2,66766,0,297.0,2026-08-20,0,-1,1361.0,19.0
160900,156298,Paladin,Holy,Herald of the Sun,Healer,CN,Ruby Life Pools,10,1,1369.2,10432,0,300.0,2026-08-20,0,-1,1361.0,19.0
160900,216833,Mage,Arcane,Sunfury,DPS,CN,Ruby Life Pools,10,1,1369.2,201405,0,296.0,2026-08-20,0,-1,1361.0,19.0
160900,216834,Shaman,Elemental,Farseer,DPS,CN,Ruby Life Pools,10,1,1369.2,198427,0,294.0,2026-08-20,0,-1,1361.0,19.0
160900,216835,Paladin,Retribution,Templar,DPS,CN,Ruby Life Pools,10,1,1369.2,173507,0,296.0,2026-08-20,0,-1,1361.0,19.0
160907,216841,DeathKnight,Blood,San'layn,Tank,CN,Temple of Sethraliss,4,1,1407.0,46764,0,293.0,2026-08-20,0,-1,1398.0,27.2
160907,167471,Paladin,Holy,Herald of the Sun,Healer,CN,Temple of Sethraliss,4,1,1407.0,10820,0,288.0,2026-08-20,0,-1,1398.0,27.2
160907,216842,Warrior,Arms,Slayer,DPS,CN,Temple of Sethraliss,4,1,1407.0,119726,0,296.0,2026-08-20,0,-1,1398.0,27.2
160907,216843,DeathKnight,Frost,Deathbringer,DPS,CN,Temple of Sethraliss,4,1,1407.0,62959,0,294.0,2026-08-20,0,-1,1398.0,27.2
160907,173675,Shaman,Elemental,Farseer,DPS,CN,Temple of Sethraliss,4,1,1407.0,135610,0,290.0,2026-08-20,0,-1,1398.0,27.2
160910,202098,DeathKnight,Blood,Deathbringer,Tank,US,Voidscar Arena,9,0,2069.8,90903,6,301.0,2026-08-19,0,-1,2297.0,-27.6
160910,202099,Monk,Mistweaver,Conduit of the Celestials,Healer,US,Voidscar Arena,9,0,2069.8,2906,9,289.0,2026-08-19,0,-1,2297.0,-27.6
160910,91011,Mage,Arcane,Sunfury,DPS,US,Voidscar Arena,9,0,2069.8,116564,11,296.0,2026-08-19,0,-1,2297.0,-27.6
160910,202100,Hunter,BeastMastery,Pack Leader,DPS,US,Voidscar Arena,9,0,2069.8,124274,10,296.0,2026-08-19,0,-1,2297.0,-27.6
160910,202101,Hunter,BeastMastery,Pack Leader,DPS,US,Voidscar Arena,9,0,2069.8,102882,12,293.0,2026-08-19,0,-1,2297.0,-27.6
160916,3253,DeathKnight,Blood,San'layn,Tank,US,The Blinding Vale,10,1,1573.9,137773,0,300.0,2026-08-19,0,-1,1576.0,12.5
160916,3254,Paladin,Holy,Lightsmith,Healer,US,The Blinding Vale,10,1,1573.9,24061,0,300.0,2026-08-19,0,-1,1576.0,12.5
160916,109575,Hunter,Survival,Sentinel,DPS,US,The Blinding Vale,10,1,1573.9,166813,2,294.0,2026-08-19,0,-1,1576.0,12.5
160916,194954,DemonHunter,Havoc,Fel-Scarred,DPS,US,The Blinding Vale,10,1,1573.9,167817,0,295.0,2026-08-19,0,-1,1576.0,12.5
160916,4158,Mage,Arcane,Sunfury,DPS,US,The Blinding Vale,10,1,1573.9,176445,0,296.0,2026-08-19,0,-1,1576.0,12.5
160920,46159,DeathKnight,Blood,San'layn,Tank,EU,Temple of Sethraliss,7,1,1278.9,103847,0,290.0,2026-08-19,0,-1,1275.0,33.6
160920,216851,Druid,Restoration,Wildstalker,Healer,EU,Temple of Sethraliss,7,1,1278.9,4100,0,292.0,2026-08-19,0,-1,1275.0,33.6
160920,170603,Hunter,Marksmanship,Sentinel,DPS,EU,Temple of Sethraliss,7,1,1278.9,167348,0,292.0,2026-08-19,0,-1,1275.0,33.6
160920,57185,Warlock,Demonology,Diabolist,DPS,EU,Temple of Sethraliss,7,1,1278.9,208315,0,295.0,2026-08-19,0,-1,1275.0,33.6
160920,216852,Monk,Windwalker,Shado-Pan,DPS,EU,Temple of Sethraliss,7,1,1278.9,89762,1,265.0,2026-08-19,0,-1,1275.0,33.6
160931,29583,DeathKnight,Blood,San'layn,Tank,EU,The Blinding Vale,10,1,1284.4,121018,0,300.0,2026-08-19,0,-1,1291.0,28.3
160931,29584,Paladin,Holy,Herald of the Sun,Healer,EU,The Blinding Vale,10,1,1284.4,18860,0,301.0,2026-08-19,0,-1,1291.0,28.3
160931,41396,Warlock,Affliction,Soul Harvester,DPS,EU,The Blinding Vale,10,1,1284.4,222665,1,295.0,2026-08-19,0,-1,1291.0,28.3
160931,108409,Mage,Frost,Spellslinger,DPS,EU,The Blinding Vale,10,1,1284.4,196662,1,296.0,2026-08-19,0,-1,1291.0,28.3
160931,41395,Warrior,Arms,Slayer,DPS,EU,The Blinding Vale,10,1,1284.4,226060,1,294.0,2026-08-19,0,-1,1291.0,28.3
160948,19935,Monk,Brewmaster,Master of Harmony,Tank,EU,Voidscar Arena,11,1,1605.7,93188,0,294.0,2026-08-19,0,-1,1632.0,9.3
160948,19936,Paladin,Holy,Herald of the Sun,Healer,EU,Voidscar Arena,11,1,1605.7,13265,1,293.0,2026-08-19,0,-1,1632.0,9.3
160948,109129,DemonHunter,Havoc,Fel-Scarred,DPS,EU,Voidscar Arena,11,1,1605.7,172652,1,292.0,2026-08-19,0,-1,1632.0,9.3
160948,109128,Paladin,Retribution,Templar,DPS,EU,Voidscar Arena,11,1,1605.7,158127,2,291.0,2026-08-19,0,-1,1632.0,9.3
160948,109130,Mage,Arcane,Sunfury,DPS,EU,Voidscar Arena,11,1,1605.7,165876,3,293.0,2026-08-19,0,-1,1632.0,9.3
160952,216860,DeathKnight,Blood,Deathbringer,Tank,EU,Ruby Life Pools,10,1,1345.5,101024,0,298.0,2026-08-20,0,-1,1342.0,20.1
160952,181303,Shaman,Restoration,Totemic,Healer,EU,Ruby Life Pools,10,1,1345.5,31292,1,292.0,2026-08-20,0,-1,1342.0,20.1
160952,32858,Mage,Arcane,Sunfury,DPS,EU,Ruby Life Pools,10,1,1345.5,209620,0,299.0,2026-08-20,0,-1,1342.0,20.1
160952,216861,Shaman,Elemental,Farseer,DPS,EU,Ruby Life Pools,10,1,1345.5,152167,0,292.0,2026-08-20,0,-1,1342.0,20.1
160952,216862,Paladin,Retribution,Templar,DPS,EU,Ruby Life Pools,10,1,1345.5,118627,0,277.0,2026-08-20,0,-1,1342.0,20.1
160954,54996,Druid,Guardian,Elune's Chosen,Tank,EU,Altar of Fangs,5,1,1139.6,78291,0,294.0,2026-08-19,0,-1,1131.0,37.2
160954,81850,Druid,Restoration,Wildstalker,Healer,EU,Altar of Fangs,5,1,1139.6,4422,0,289.0,2026-08-19,0,-1,1131.0,37.2
160954,54997,Monk,Windwalker,Shado-Pan,DPS,EU,Altar of Fangs,5,1,1139.6,157520,0,297.0,2026-08-19,0,-1,1131.0,37.2
160954,216863,Shaman,Elemental,Farseer,DPS,EU,Altar of Fangs,5,1,1139.6,170481,0,293.0,2026-08-19,0,-1,1131.0,37.2
160954,81851,Druid,Balance,Elune's Chosen,DPS,EU,Altar of Fangs,5,1,1139.6,84562,0,290.0,2026-08-19,0,-1,1131.0,37.2
160959,177182,Paladin,Protection,Lightsmith,Tank,EU,Temple of Sethraliss,8,1,1684.1,64509,1,296.0,2026-08-20,0,-1,1715.0,10.7
160959,143975,Shaman,Restoration,Totemic,Healer,EU,Temple of Sethraliss,8,1,1684.1,19382,1,293.0,2026-08-20,0,-1,1715.0,10.7
160959,59896,Druid,Balance,Elune's Chosen,DPS,EU,Temple of Sethraliss,8,1,1684.1,171490,1,299.0,2026-08-20,0,-1,1715.0,10.7
160959,99904,Rogue,Assassination,Deathstalker,DPS,EU,Temple of Sethraliss,8,1,1684.1,104577,1,282.0,2026-08-20,0,-1,1715.0,10.7
160959,59893,Warrior,Arms,Slayer,DPS,EU,Temple of Sethraliss,8,1,1684.1,122879,4,290.0,2026-08-20,0,-1,1715.0,10.7
160962,216873,DeathKnight,Blood,San'layn,Tank,EU,Kings' Rest,11,1,1739.6,75210,1,300.0,2026-08-20,0,-1,1756.0,11.3
160962,86658,Shaman,Restoration,Totemic,Healer,EU,Kings' Rest,11,1,1739.6,20082,1,301.0,2026-08-20,0,-1,1756.0,11.3
160962,26592,Rogue,Subtlety,Deathstalker,DPS,EU,Kings' Rest,11,1,1739.6,143281,1,297.0,2026-08-20,0,-1,1756.0,11.3
160962,82751,DemonHunter,Devourer,Void-Scarred,DPS,EU,Kings' Rest,11,1,1739.6,134751,1,300.0,2026-08-20,0,-1,1756.0,11.3
160962,26591,DeathKnight,Unholy,San'layn,DPS,EU,Kings' Rest,11,1,1739.6,117179,1,301.0,2026-08-20,0,-1,1756.0,11.3
161001,85765,Paladin,Protection,Templar,Tank,US,Ruby Life Pools,8,1,1187.5,82577,1,295.0,2026-08-19,0,-1,1190.0,29.2
161001,97003,Shaman,Restoration,Totemic,Healer,US,Ruby Life Pools,8,1,1187.5,17796,1,287.0,2026-08-19,0,-1,1190.0,29.2
161001,85767,Warrior,Arms,Slayer,DPS,US,Ruby Life Pools,8,1,1187.5,144046,0,293.0,2026-08-19,0,-1,1190.0,29.2
161001,85769,DeathKnight,Unholy,San'layn,DPS,US,Ruby Life Pools,8,1,1187.5,158042,0,294.0,2026-08-19,0,-1,1190.0,29.2
161001,5274,Warlock,Demonology,Diabolist,DPS,US,Ruby Life Pools,8,1,1187.5,179872,0,297.0,2026-08-19,0,-1,1190.0,29.2
161007,158173,Druid,Guardian,Elune's Chosen,Tank,US,Kings' Rest,9,1,1844.4,59104,0,300.0,2026-08-20,0,-1,1871.0,5.5
161007,54129,Monk,Mistweaver,Master of Harmony,Healer,US,Kings' Rest,9,1,1844.4,9778,1,304.0,2026-08-20,0,-1,1871.0,5.5
161007,54131,Shaman,Elemental,Farseer,DPS,US,Kings' Rest,9,1,1844.4,119445,2,297.0,2026-08-20,0,-1,1871.0,5.5
161007,54130,Druid,Balance,Elune's Chosen,DPS,US,Kings' Rest,9,1,1844.4,99136,2,301.0,2026-08-20,0,-1,1871.0,5.5
161007,61565,Druid,Balance,Elune's Chosen,DPS,US,Kings' Rest,9,1,1844.4,103552,2,306.0,2026-08-20,0,-1,1871.0,5.5
161013,22275,Warrior,Protection,Mountain Thane,Tank,EU,Kings' Rest,11,1,1723.2,66052,3,290.0,2026-08-19,0,-1,1760.0,11.1
161013,22276,Druid,Restoration,Wildstalker,Healer,EU,Kings' Rest,11,1,1723.2,7936,1,294.0,2026-08-19,0,-1,1760.0,11.1
161013,22277,Priest,Shadow,Archon,DPS,EU,Kings' Rest,11,1,1723.2,147235,1,296.0,2026-08-19,0,-1,1760.0,11.1
161013,22279,Mage,Arcane,Sunfury,DPS,EU,Kings' Rest,11,1,1723.2,147049,2,294.0,2026-08-19,0,-1,1760.0,11.1
161013,22278,Priest,Shadow,Archon,DPS,EU,Kings' Rest,11,1,1723.2,113203,2,292.0,2026-08-19,0,-1,1760.0,11.1
161016,159729,Warrior,Protection,Mountain Thane,Tank,US,Kings' Rest,9,1,1821.8,78944,0,301.0,2026-08-20,0,-1,1833.0,7.4
161016,216904,Paladin,Holy,Herald of the Sun,Healer,US,Kings' Rest,9,1,1821.8,10958,0,288.0,2026-08-20,0,-1,1833.0,7.4
161016,36699,Druid,Balance,Elune's Chosen,DPS,US,Kings' Rest,9,1,1821.8,103902,2,298.0,2026-08-20,0,-1,1833.0,7.4
161016,56647,Shaman,Elemental,Farseer,DPS,US,Kings' Rest,9,1,1821.8,86793,0,289.0,2026-08-20,0,-1,1833.0,7.4
161016,95319,Warlock,Destruction,Diabolist,DPS,US,Kings' Rest,9,1,1821.8,95131,2,295.0,2026-08-20,0,-1,1833.0,7.4
161019,81359,Paladin,Protection,Templar,Tank,US,Ruby Life Pools,8,0,1714.2,48761,3,293.0,2026-08-18,0,-1,1796.0,-6.9
161019,69071,Shaman,Restoration,Totemic,Healer,US,Ruby Life Pools,8,0,1714.2,18017,3,283.0,2026-08-18,0,-1,1796.0,-6.9
161019,81361,Warlock,Demonology,Diabolist,DPS,US,Ruby Life Pools,8,0,1714.2,144106,4,288.0,2026-08-18,0,-1,1796.0,-6.9
161019,81360,Warrior,Arms,Slayer,DPS,US,Ruby Life Pools,8,0,1714.2,122100,4,296.0,2026-08-18,0,-1,1796.0,-6.9
161019,69070,Paladin,Retribution,Templar,DPS,US,Ruby Life Pools,8,0,1714.2,110692,5,293.0,2026-08-18,0,-1,1796.0,-6.9
161024,14174,Warrior,Protection,Mountain Thane,Tank,EU,Temple of Sethraliss,10,1,1502.8,127026,1,296.0,2026-08-19,0,-1,1525.0,20.6
161024,14175,Paladin,Holy,Herald of the Sun,Healer,EU,Temple of Sethraliss,10,1,1502.8,18496,1,297.0,2026-08-19,0,-1,1525.0,20.6
161024,14176,Rogue,Subtlety,Deathstalker,DPS,EU,Temple of Sethraliss,10,1,1502.8,165094,1,298.0,2026-08-19,0,-1,1525.0,20.6
161024,14177,Shaman,Elemental,Farseer,DPS,EU,Temple of Sethraliss,10,1,1502.8,161487,2,290.0,2026-08-19,0,-1,1525.0,20.6
161024,14178,DemonHunter,Devourer,Annihilator,DPS,EU,Temple of Sethraliss,10,1,1502.8,147438,1,298.0,2026-08-19,0,-1,1525.0,20.6
161049,112488,Paladin,Protection,Templar,Tank,US,Kings' Rest,9,1,1690.3,43968,2,285.0,2026-08-19,0,-1,1732.0,12.5
161049,34996,Paladin,Holy,Herald of the Sun,Healer,US,Kings' Rest,9,1,1690.3,12277,1,295.0,2026-08-19,0,-1,1732.0,12.5
161049,132708,Mage,Arcane,Sunfury,DPS,US,Kings' Rest,9,1,1690.3,93150,2,294.0,2026-08-19,0,-1,1732.0,12.5
161049,91703,Warrior,Arms,Slayer,DPS,US,Kings' Rest,9,1,1690.3,135824,4,300.0,2026-08-19,0,-1,1732.0,12.5
161049,35714,Evoker,Devastation,Scalecommander,DPS,US,Kings' Rest,9,1,1690.3,130168,1,293.0,2026-08-19,0,-1,1732.0,12.5
161059,69199,DeathKnight,Blood,San'layn,Tank,EU,Murder Row,10,1,1869.3,78134,0,295.0,2026-08-19,0,-1,1891.0,7.3
161059,17279,Paladin,Holy,Herald of the Sun,Healer,EU,Murder Row,10,1,1869.3,14735,0,294.0,2026-08-19,0,-1,1891.0,7.3
161059,179866,Warrior,Fury,Mountain Thane,DPS,EU,Murder Row,10,1,1869.3,139108,3,298.0,2026-08-19,0,-1,1891.0,7.3
161059,69201,Mage,Arcane,Sunfury,DPS,EU,Murder Row,10,1,1869.3,127610,2,287.0,2026-08-19,0,-1,1891.0,7.3
161059,69200,DeathKnight,Unholy,San'layn,DPS,EU,Murder Row,10,1,1869.3,160460,1,295.0,2026-08-19,0,-1,1891.0,7.3
161067,192792,DeathKnight,Blood,Deathbringer,Tank,CN,Altar of Fangs,2,1,1095.5,93022,1,291.0,2026-08-20,0,-1,1087.0,39.6
161067,216933,Priest,Holy,Oracle,Healer,CN,Altar of Fangs,2,1,1095.5,12689,0,290.0,2026-08-20,0,-1,1087.0,39.6
161067,169151,Rogue,Assassination,Deathstalker,DPS,CN,Altar of Fangs,2,1,1095.5,87202,3,273.0,2026-08-20,0,-1,1087.0,39.6
161067,216934,Mage,Arcane,Sunfury,DPS,CN,Altar of Fangs,2,1,1095.5,106197,1,285.0,2026-08-20,0,-1,1087.0,39.6
161067,216935,Warrior,Arms,Slayer,DPS,CN,Altar of Fangs,2,1,1095.5,136574,1,293.0,2026-08-20,0,-1,1087.0,39.6
161077,154010,DeathKnight,Blood,San'layn,Tank,EU,The Blinding Vale,12,1,1485.5,115970,0,292.0,2026-08-20,0,-1,1477.0,17.9
161077,216939,Paladin,Holy,Herald of the Sun,Healer,EU,The Blinding Vale,12,1,1485.5,31953,0,300.0,2026-08-20,0,-1,1477.0,17.9
161077,216940,Shaman,Elemental,Farseer,DPS,EU,The Blinding Vale,12,1,1485.5,204351,0,301.0,2026-08-20,0,-1,1477.0,17.9
161077,59803,Mage,Arcane,Sunfury,DPS,EU,The Blinding Vale,12,1,1485.5,227597,0,304.0,2026-08-20,0,-1,1477.0,17.9
161077,86922,Paladin,Retribution,Templar,DPS,EU,The Blinding Vale,12,1,1485.5,210460,0,295.0,2026-08-20,0,-1,1477.0,17.9
161078,216941,Druid,Guardian,Elune's Chosen,Tank,US,Den of Nalorakk,11,0,2529.5,48674,4,287.0,2026-08-20,0,-1,2591.0,-34.9
161078,62323,Shaman,Restoration,Totemic,Healer,US,Den of Nalorakk,11,0,2529.5,9500,7,288.0,2026-08-20,0,-1,2591.0,-34.9
161078,4955,Hunter,BeastMastery,Pack Leader,DPS,US,Den of Nalorakk,11,0,2529.5,99080,5,299.0,2026-08-20,0,-1,2591.0,-34.9
161078,77808,DemonHunter,Devourer,Annihilator,DPS,US,Den of Nalorakk,11,0,2529.5,131623,5,300.0,2026-08-20,0,-1,2591.0,-34.9
161078,62324,Priest,Shadow,Archon,DPS,US,Den of Nalorakk,11,0,2529.5,102273,4,294.0,2026-08-20,0,-1,2591.0,-34.9
161081,198751,DeathKnight,Blood,San'layn,Tank,US,Voidscar Arena,10,1,1632.4,86299,3,293.0,2026-08-20,0,-1,1683.0,6.5
161081,83768,Paladin,Holy,Herald of the Sun,Healer,US,Voidscar Arena,10,1,1632.4,6797,1,294.0,2026-08-20,0,-1,1683.0,6.5
161081,83769,Mage,Arcane,Sunfury,DPS,US,Voidscar Arena,10,1,1632.4,153178,2,299.0,2026-08-20,0,-1,1683.0,6.5
161081,57492,Hunter,BeastMastery,Pack Leader,DPS,US,Voidscar Arena,10,1,1632.4,121456,3,295.0,2026-08-20,0,-1,1683.0,6.5
161081,180797,DeathKnight,Unholy,San'layn,DPS,US,Voidscar Arena,10,1,1632.4,159773,3,295.0,2026-08-20,0,-1,1683.0,6.5
161083,184179,Druid,Guardian,Elune's Chosen,Tank,US,Ruby Life Pools,11,1,1361.1,80060,0,304.0,2026-08-20,0,-1,1359.0,19.1
161083,184180,Evoker,Preservation,Flameshaper,Healer,US,Ruby Life Pools,11,1,1361.1,38220,1,303.0,2026-08-20,0,-1,1359.0,19.1
161083,184183,Rogue,Subtlety,Deathstalker,DPS,US,Ruby Life Pools,11,1,1361.1,184061,0,295.0,2026-08-20,0,-1,1359.0,19.1
161083,184181,Shaman,Enhancement,Stormbringer,DPS,US,Ruby Life Pools,11,1,1361.1,205771,0,300.0,2026-08-20,0,-1,1359.0,19.1
161083,184182,Hunter,BeastMastery,Pack Leader,DPS,US,Ruby Life Pools,11,1,1361.1,169991,0,297.0,2026-08-20,0,-1,1359.0,19.1
161125,9715,DemonHunter,Vengeance,Annihilator,Tank,US,Den of Nalorakk,9,0,1953.4,88887,2,290.0,2026-08-18,0,-1,2049.0,-6.7
161125,9716,Druid,Restoration,Wildstalker,Healer,US,Den of Nalorakk,9,0,1953.4,4395,6,293.0,2026-08-18,0,-1,2049.0,-6.7
161125,9717,Shaman,Elemental,Farseer,DPS,US,Den of Nalorakk,9,0,1953.4,129498,3,293.0,2026-08-18,0,-1,2049.0,-6.7
161125,8149,Warlock,Affliction,Soul Harvester,DPS,US,Den of Nalorakk,9,0,1953.4,122730,7,294.0,2026-08-18,0,-1,2049.0,-6.7
161125,9718,Priest,Shadow,Voidweaver,DPS,US,Den of Nalorakk,9,0,1953.4,109858,3,290.0,2026-08-18,0,-1,2049.0,-6.7
161127,216978,DeathKnight,Blood,San'layn,Tank,EU,Voidscar Arena,9,0,2045.6,50016,2,284.0,2026-08-19,0,-1,2147.0,-19.3
161127,86292,Priest,Discipline,Oracle,Healer,EU,Voidscar Arena,9,0,2045.6,8216,7,277.0,2026-08-19,0,-1,2147.0,-19.3
161127,91047,DeathKnight,Unholy,San'layn,DPS,EU,Voidscar Arena,9,0,2045.6,95407,5,285.0,2026-08-19,0,-1,2147.0,-19.3
161127,118259,DemonHunter,Devourer,Annihilator,DPS,EU,Voidscar Arena,9,0,2045.6,117193,6,294.0,2026-08-19,0,-1,2147.0,-19.3
161127,23123,Mage,Arcane,Sunfury,DPS,EU,Voidscar Arena,9,0,2045.6,132982,7,294.0,2026-08-19,0,-1,2147.0,-19.3
161137,57152,Paladin,Protection,Lightsmith,Tank,EU,Ruby Life Pools,9,1,1154.9,80368,0,296.0,2026-08-19,0,-1,1147.0,31.7
161137,57153,Paladin,Holy,Herald of the Sun,Healer,EU,Ruby Life Pools,9,1,1154.9,17268,0,291.0,2026-08-19,0,-1,1147.0,31.7
161137,20701,Priest,Shadow,Voidweaver,DPS,EU,Ruby Life Pools,9,1,1154.9,187218,0,291.0,2026-08-19,0,-1,1147.0,31.7
161137,57154,Hunter,BeastMastery,Pack Leader,DPS,EU,Ruby Life Pools,9,1,1154.9,162007,0,297.0,2026-08-19,0,-1,1147.0,31.7
161137,77461,Priest,Shadow,Archon,DPS,EU,Ruby Life Pools,9,1,1154.9,177476,0,293.0,2026-08-19,0,-1,1147.0,31.7
161138,67917,Druid,Guardian,Elune's Chosen,Tank,EU,Murder Row,11,1,1583.2,92370,1,297.0,2026-08-20,0,-1,1595.0,21.8
161138,67914,Paladin,Holy,Herald of the Sun,Healer,EU,Murder Row,11,1,1583.2,19934,0,303.0,2026-08-20,0,-1,1595.0,21.8
161138,24321,Mage,Arcane,Sunfury,DPS,EU,Murder Row,11,1,1583.2,205104,2,300.0,2026-08-20,0,-1,1595.0,21.8
161138,42793,Priest,Shadow,Archon,DPS,EU,Murder Row,11,1,1583.2,165467,1,281.0,2026-08-20,0,-1,1595.0,21.8
161138,22975,DeathKnight,Unholy,Rider of the Apocalypse,DPS,EU,Murder Row,11,1,1583.2,196960,0,295.0,2026-08-20,0,-1,1595.0,21.8
161142,14040,DeathKnight,Blood,Deathbringer,Tank,EU,Murder Row,11,1,1856.0,111193,1,300.0,2026-08-19,0,-1,1933.0,5.3
161142,190217,Priest,Discipline,Oracle,Healer,EU,Murder Row,11,1,1856.0,14116,4,291.0,2026-08-19,0,-1,1933.0,5.3
161142,16145,Evoker,Devastation,Scalecommander,DPS,EU,Murder Row,11,1,1856.0,146842,4,297.0,2026-08-19,0,-1,1933.0,5.3
161142,14042,Paladin,Retribution,Herald of the Sun,DPS,EU,Murder Row,11,1,1856.0,166511,3,294.0,2026-08-19,0,-1,1933.0,5.3
161142,20843,Warlock,Demonology,Diabolist,DPS,EU,Murder Row,11,1,1856.0,175110,5,293.0,2026-08-19,0,-1,1933.0,5.3
161154,6465,Warrior,Protection,Mountain Thane,Tank,US,Altar of Fangs,10,0,1950.7,126362,6,297.0,2026-08-19,0,-1,2122.0,-17.9
161154,11473,Priest,Holy,Oracle,Healer,US,Altar of Fangs,10,0,1950.7,32187,7,302.0,2026-08-19,0,-1,2122.0,-17.9
161154,2603,DeathKnight,Unholy,Rider of the Apocalypse,DPS,US,Altar of Fangs,10,0,1950.7,185354,6,292.0,2026-08-19,0,-1,2122.0,-17.9
161154,6464,Warrior,Arms,Slayer,DPS,US,Altar of Fangs,10,0,1950.7,191725,8,296.0,2026-08-19,0,-1,2122.0,-17.9
161154,6462,Paladin,Retribution,Templar,DPS,US,Altar of Fangs,10,0,1950.7,163535,7,298.0,2026-08-19,0,-1,2122.0,-17.9
161155,26045,DemonHunter,Vengeance,Annihilator,Tank,EU,Temple of Sethraliss,10,1,1528.4,101729,0,302.0,2026-08-20,0,-1,1545.0,19.5
161155,85369,Priest,Holy,Archon,Healer,EU,Temple of Sethraliss,10,1,1528.4,28288,0,299.0,2026-08-20,0,-1,1545.0,19.5
161155,28775,Hunter,BeastMastery,Pack Leader,DPS,EU,Temple of Sethraliss,10,1,1528.4,159819,0,304.0,2026-08-20,0,-1,1545.0,19.5
161155,184519,Druid,Balance,Elune's Chosen,DPS,EU,Temple of Sethraliss,10,1,1528.4,138648,3,295.0,2026-08-20,0,-1,1545.0,19.5
161155,43505,DeathKnight,Frost,Deathbringer,DPS,EU,Temple of Sethraliss,10,1,1528.4,158012,0,297.0,2026-08-20,0,-1,1545.0,19.5
161172,217008,Monk,Brewmaster,Master of Harmony,Tank,US,Altar of Fangs,11,1,1724.2,97718,0,297.0,2026-08-20,0,-1,1751.0,2.7
161172,42160,Paladin,Holy,Herald of the Sun,Healer,US,Altar of Fangs,11,1,1724.2,15555,2,295.0,2026-08-20,0,-1,1751.0,2.7
161172,217009,Mage,Arcane,Sunfury,DPS,US,Altar of Fangs,11,1,1724.2,168627,1,295.0,2026-08-20,0,-1,1751.0,2.7
161172,217010,Shaman,Elemental,Farseer,DPS,US,Altar of Fangs,11,1,1724.2,245191,2,298.0,2026-08-20,0,-1,1751.0,2.7
161172,168630,Monk,Windwalker,Shado-Pan,DPS,US,Altar of Fangs,11,1,1724.2,132419,2,296.0,2026-08-20,0,-1,1751.0,2.7
161176,15080,DeathKnight,Blood,San'layn,Tank,EU,Voidscar Arena,10,1,1606.7,92917,1,292.0,2026-08-19,0,-1,1653.0,8.2
161176,15081,Shaman,Restoration,Totemic,Healer,EU,Voidscar Arena,10,1,1606.7,24089,2,297.0,2026-08-19,0,-1,1653.0,8.2
161176,16395,Hunter,BeastMastery,Pack Leader,DPS,EU,Voidscar Arena,10,1,1606.7,135320,2,297.0,2026-08-19,0,-1,1653.0,8.2
161176,118115,Paladin,Retribution,Templar,DPS,EU,Voidscar Arena,10,1,1606.7,135886,3,290.0,2026-08-19,0,-1,1653.0,8.2
161176,35091,Mage,Arcane,Sunfury,DPS,EU,Voidscar Arena,10,1,1606.7,136570,3,295.0,2026-08-19,0,-1,1653.0,8.2
161180,217011,DeathKnight,Blood,San'layn,Tank,EU,Altar of Fangs,9,1,1546.7,85469,2,297.0,2026-08-20,0,-1,1608.0,10.6
161180,217012,Shaman,Restoration,Totemic,Healer,EU,Altar of Fangs,9,1,1546.7,34346,2,306.0,2026-08-20,0,-1,1608.0,10.6
161180,217013,Paladin,Retribution,Templar,DPS,EU,Altar of Fangs,9,1,1546.7,170062,4,293.0,2026-08-20,0,-1,1608.0,10.6
161180,217014,Rogue,Assassination,Deathstalker,DPS,EU,Altar of Fangs,9,1,1546.7,188756,2,294.0,2026-08-20,0,-1,1608.0,10.6
161180,217015,Mage,Arcane,Sunfury,DPS,EU,Altar of Fangs,9,1,1546.7,158641,4,294.0,2026-08-20,0,-1,1608.0,10.6
161184,180579,DeathKnight,Blood,Deathbringer,Tank,CN,The Blinding Vale,11,1,1695.4,92739,0,289.0,2026-08-20,0,-1,1722.0,4.3
161184,180580,Shaman,Restoration,Totemic,Healer,CN,The Blinding Vale,11,1,1695.4,16090,3,290.0,2026-08-20,0,-1,1722.0,4.3
161184,180581,Mage,Arcane,Sunfury,DPS,CN,The Blinding Vale,11,1,1695.4,164063,2,292.0,2026-08-20,0,-1,1722.0,4.3
161184,180582,Rogue,Subtlety,Trickster,DPS,CN,The Blinding Vale,11,1,1695.4,170403,1,291.0,2026-08-20,0,-1,1722.0,4.3
161184,180583,DeathKnight,Unholy,San'layn,DPS,CN,The Blinding Vale,11,1,1695.4,194653,1,296.0,2026-08-20,0,-1,1722.0,4.3
161187,60981,DeathKnight,Blood,San'layn,Tank,EU,Altar of Fangs,9,1,1742.1,83961,1,287.0,2026-08-19,0,-1,1788.0,0.6
161187,165049,Priest,Holy,Archon,Healer,EU,Altar of Fangs,9,1,1742.1,19952,0,293.0,2026-08-19,0,-1,1788.0,0.6
161187,37965,Warrior,Arms,Slayer,DPS,EU,Altar of Fangs,9,1,1742.1,165336,5,290.0,2026-08-19,0,-1,1788.0,0.6
161187,22106,Warlock,Demonology,Diabolist,DPS,EU,Altar of Fangs,9,1,1742.1,178447,2,300.0,2026-08-19,0,-1,1788.0,0.6
161187,34759,Rogue,Subtlety,Deathstalker,DPS,EU,Altar of Fangs,9,1,1742.1,129580,1,298.0,2026-08-19,0,-1,1788.0,0.6
161189,129574,Warrior,Protection,Mountain Thane,Tank,CN,Den of Nalorakk,10,1,1420.1,106608,0,297.0,2026-08-20,0,-1,1422.0,25.9
161189,100351,Paladin,Holy,Herald of the Sun,Healer,CN,Den of Nalorakk,10,1,1420.1,20972,0,299.0,2026-08-20,0,-1,1422.0,25.9
161189,100354,Priest,Shadow,Archon,DPS,CN,Den of Nalorakk,10,1,1420.1,136380,1,295.0,2026-08-20,0,-1,1422.0,25.9
161189,100353,DemonHunter,Devourer,Annihilator,DPS,CN,Den of Nalorakk,10,1,1420.1,163254,0,300.0,2026-08-20,0,-1,1422.0,25.9
161189,164406,Hunter,BeastMastery,Pack Leader,DPS,CN,Den of Nalorakk,10,1,1420.1,159118,1,294.0,2026-08-20,0,-1,1422.0,25.9
161192,67998,DeathKnight,Blood,San'layn,Tank,EU,Altar of Fangs,9,1,1722.1,90810,0,292.0,2026-08-19,0,-1,1719.0,4.5
161192,61657,Paladin,Holy,Herald of the Sun,Healer,EU,Altar of Fangs,9,1,1722.1,3874,0,285.0,2026-08-19,0,-1,1719.0,4.5
161192,67999,Monk,Windwalker,Shado-Pan,DPS,EU,Altar of Fangs,9,1,1722.1,113746,0,293.0,2026-08-19,0,-1,1719.0,4.5
161192,152233,Mage,Arcane,Spellslinger,DPS,EU,Altar of Fangs,9,1,1722.1,166829,1,295.0,2026-08-19,0,-1,1719.0,4.5
161192,61660,Shaman,Elemental,Farseer,DPS,EU,Altar of Fangs,9,1,1722.1,194922,0,293.0,2026-08-19,0,-1,1719.0,4.5
161204,14092,DeathKnight,Blood,San'layn,Tank,EU,The Blinding Vale,10,1,1426.5,106753,0,301.0,2026-08-20,0,-1,1423.0,21.0
161204,173266,Paladin,Holy,Herald of the Sun,Healer,EU,The Blinding Vale,10,1,1426.5,27494,0,299.0,2026-08-20,0,-1,1423.0,21.0
161204,14095,DemonHunter,Devourer,Annihilator,DPS,EU,The Blinding Vale,10,1,1426.5,187658,1,298.0,2026-08-20,0,-1,1423.0,21.0
161204,14093,Evoker,Devastation,Scalecommander,DPS,EU,The Blinding Vale,10,1,1426.5,176663,0,298.0,2026-08-20,0,-1,1423.0,21.0
161204,216180,Warlock,Demonology,Diabolist,DPS,EU,The Blinding Vale,10,1,1426.5,203104,0,292.0,2026-08-20,0,-1,1423.0,21.0
161205,173454,DeathKnight,Blood,San'layn,Tank,EU,Voidscar Arena,10,1,1321.6,107394,0,301.0,2026-08-20,0,-1,1348.0,25.1
161205,173455,Priest,Holy,Oracle,Healer,EU,Voidscar Arena,10,1,1321.6,1664,1,298.0,2026-08-20,0,-1,1348.0,25.1
161205,23314,Priest,Shadow,Archon,DPS,EU,Voidscar Arena,10,1,1321.6,201602,1,306.0,2026-08-20,0,-1,1348.0,25.1
161205,59733,Evoker,Devastation,Scalecommander,DPS,EU,Voidscar Arena,10,1,1321.6,163584,1,296.0,2026-08-20,0,-1,1348.0,25.1
161205,217020,Warrior,Arms,Slayer,DPS,EU,Voidscar Arena,10,1,1321.6,190478,3,294.0,2026-08-20,0,-1,1348.0,25.1
161211,93257,Warrior,Protection,Mountain Thane,Tank,EU,Murder Row,12,1,1764.1,110146,0,298.0,2026-08-20,0,-1,1816.0,11.0
161211,204350,Monk,Mistweaver,Conduit of the Celestials,Healer,EU,Murder Row,12,1,1764.1,32802,2,298.0,2026-08-20,0,-1,1816.0,11.0
161211,56242,Warlock,Demonology,Diabolist,DPS,EU,Murder Row,12,1,1764.1,192320,1,307.0,2026-08-20,0,-1,1816.0,11.0
161211,56240,Shaman,Elemental,Farseer,DPS,EU,Murder Row,12,1,1764.1,163540,0,304.0,2026-08-20,0,-1,1816.0,11.0
161211,167426,DeathKnight,Unholy,Rider of the Apocalypse,DPS,EU,Murder Row,12,1,1764.1,168004,1,295.0,2026-08-20,0,-1,1816.0,11.0
161218,65794,Warrior,Protection,Mountain Thane,Tank,EU,Altar of Fangs,10,0,2048.7,104201,2,297.0,2026-08-19,0,-1,2155.0,-19.7
161218,65795,Paladin,Holy,Herald of the Sun,Healer,EU,Altar of Fangs,10,0,2048.7,20375,6,292.0,2026-08-19,0,-1,2155.0,-19.7
161218,65797,Shaman,Elemental,Farseer,DPS,EU,Altar of Fangs,10,0,2048.7,129984,7,285.0,2026-08-19,0,-1,2155.0,-19.7
161218,101694,Hunter,BeastMastery,Pack Leader,DPS,EU,Altar of Fangs,10,0,2048.7,128205,7,293.0,2026-08-19,0,-1,2155.0,-19.7
161218,65796,Evoker,Devastation,Scalecommander,DPS,EU,Altar of Fangs,10,0,2048.7,157673,6,293.0,2026-08-19,0,-1,2155.0,-19.7
161223,138664,Druid,Guardian,Elune's Chosen,Tank,CN,Temple of Sethraliss,10,1,1794.5,71994,0,294.0,2026-08-20,0,-1,1812.0,5.6
161223,85305,Paladin,Holy,Herald of the Sun,Healer,CN,Temple of Sethraliss,10,1,1794.5,22286,1,293.0,2026-08-20,0,-1,1812.0,5.6
161223,85306,Priest,Shadow,Voidweaver,DPS,CN,Temple of Sethraliss,10,1,1794.5,187282,0,289.0,2026-08-20,0,-1,1812.0,5.6
161223,85308,Paladin,Retribution,Herald of the Sun,DPS,CN,Temple of Sethraliss,10,1,1794.5,142020,1,290.0,2026-08-20,0,-1,1812.0,5.6
161223,217026,Mage,Arcane,Sunfury,DPS,CN,Temple of Sethraliss,10,1,1794.5,150514,3,290.0,2026-08-20,0,-1,1812.0,5.6
161229,18119,Paladin,Protection,Templar,Tank,US,The Blinding Vale,10,0,1908.5,67739,1,289.0,2026-08-19,0,-1,1970.0,-9.5
161229,79973,Shaman,Restoration,Totemic,Healer,US,The Blinding Vale,10,0,1908.5,30038,2,292.0,2026-08-19,0,-1,1970.0,-9.5
161229,73375,Rogue,Assassination,Deathstalker,DPS,US,The Blinding Vale,10,0,1908.5,210304,2,291.0,2026-08-19,0,-1,1970.0,-9.5
161229,63396,Evoker,Augmentation,Scalecommander,DPS,US,The Blinding Vale,10,0,1908.5,115128,4,288.0,2026-08-19,0,-1,1970.0,-9.5
161229,56767,DemonHunter,Devourer,Void-Scarred,DPS,US,The Blinding Vale,10,0,1908.5,153275,5,295.0,2026-08-19,0,-1,1970.0,-9.5
161235,217042,DeathKnight,Blood,San'layn,Tank,EU,Ruby Life Pools,8,1,1060.6,125794,0,294.0,2026-08-20,0,-1,1072.0,36.2
161235,207165,Paladin,Holy,Herald of the Sun,Healer,EU,Ruby Life Pools,8,1,1060.6,17522,0,290.0,2026-08-20,0,-1,1072.0,36.2
161235,56588,Hunter,Survival,Sentinel,DPS,EU,Ruby Life Pools,8,1,1060.6,143841,3,295.0,2026-08-20,0,-1,1072.0,36.2
161235,162551,Mage,Arcane,Sunfury,DPS,EU,Ruby Life Pools,8,1,1060.6,205100,0,292.0,2026-08-20,0,-1,1072.0,36.2
161235,217043,Warrior,Arms,Slayer,DPS,EU,Ruby Life Pools,8,1,1060.6,168782,1,298.0,2026-08-20,0,-1,1072.0,36.2
161238,109743,Paladin,Protection,Templar,Tank,EU,Murder Row,12,0,2275.8,64411,1,294.0,2026-08-20,0,-1,2297.0,-12.6
161238,115803,Shaman,Restoration,Totemic,Healer,EU,Murder Row,12,0,2275.8,40060,1,300.0,2026-08-20,0,-1,2297.0,-12.6
161238,161989,Mage,Frost,Spellslinger,DPS,EU,Murder Row,12,0,2275.8,141124,2,296.0,2026-08-20,0,-1,2297.0,-12.6
161238,59743,Monk,Windwalker,Shado-Pan,DPS,EU,Murder Row,12,0,2275.8,174359,1,304.0,2026-08-20,0,-1,2297.0,-12.6
161238,109745,Druid,Balance,Elune's Chosen,DPS,EU,Murder Row,12,0,2275.8,134781,2,296.0,2026-08-20,0,-1,2297.0,-12.6
161241,75469,DemonHunter,Vengeance,Annihilator,Tank,EU,Voidscar Arena,10,1,1234.2,108402,0,296.0,2026-08-20,0,-1,1231.0,31.6
161241,12986,Priest,Discipline,Oracle,Healer,EU,Voidscar Arena,10,1,1234.2,25988,0,305.0,2026-08-20,0,-1,1231.0,31.6
161241,116266,DeathKnight,Unholy,Rider of the Apocalypse,DPS,EU,Voidscar Arena,10,1,1234.2,165431,0,301.0,2026-08-20,0,-1,1231.0,31.6
161241,12984,Mage,Arcane,Sunfury,DPS,EU,Voidscar Arena,10,1,1234.2,210193,1,299.0,2026-08-20,0,-1,1231.0,31.6
161241,65399,Monk,Windwalker,Shado-Pan,DPS,EU,Voidscar Arena,10,1,1234.2,154182,0,299.0,2026-08-20,0,-1,1231.0,31.6
161244,145560,Paladin,Protection,Lightsmith,Tank,EU,The Blinding Vale,7,1,1412.6,72430,2,291.0,2026-08-20,0,-1,1434.0,20.3
161244,217052,Paladin,Holy,Herald of the Sun,Healer,EU,The Blinding Vale,7,1,1412.6,19383,1,294.0,2026-08-20,0,-1,1434.0,20.3
161244,66752,Shaman,Elemental,Farseer,DPS,EU,The Blinding Vale,7,1,1412.6,171447,1,294.0,2026-08-20,0,-1,1434.0,20.3
161244,146502,Rogue,Subtlety,Deathstalker,DPS,EU,The Blinding Vale,7,1,1412.6,139448,1,297.0,2026-08-20,0,-1,1434.0,20.3
161244,155843,Mage,Arcane,Sunfury,DPS,EU,The Blinding Vale,7,1,1412.6,193797,1,299.0,2026-08-20,0,-1,1434.0,20.3
161246,217053,DeathKnight,Blood,San'layn,Tank,US,The Blinding Vale,4,1,1109.8,77001,0,284.0,2026-08-20,0,-1,1101.0,38.8
161246,157154,Priest,Discipline,Oracle,Healer,US,The Blinding Vale,4,1,1109.8,13561,0,293.0,2026-08-20,0,-1,1101.0,38.8
161246,198174,Paladin,Retribution,Templar,DPS,US,The Blinding Vale,4,1,1109.8,110940,0,293.0,2026-08-20,0,-1,1101.0,38.8
161246,41298,Warrior,Arms,Slayer,DPS,US,The Blinding Vale,4,1,1109.8,128299,0,305.0,2026-08-20,0,-1,1101.0,38.8
161246,217054,Mage,Arcane,Sunfury,DPS,US,The Blinding Vale,4,1,1109.8,106889,0,281.0,2026-08-20,0,-1,1101.0,38.8
161255,56801,DeathKnight,Blood,Deathbringer,Tank,US,Voidscar Arena,10,1,1259.2,106900,0,300.0,2026-08-19,0,-1,1255.0,30.3
161255,56802,Paladin,Holy,Herald of the Sun,Healer,US,Voidscar Arena,10,1,1259.2,7736,0,294.0,2026-08-19,0,-1,1255.0,30.3
161255,24797,DemonHunter,Devourer,Void-Scarred,DPS,US,Voidscar Arena,10,1,1259.2,190988,1,297.0,2026-08-19,0,-1,1255.0,30.3
161255,56803,Mage,Frost,Spellslinger,DPS,US,Voidscar Arena,10,1,1259.2,154462,0,298.0,2026-08-19,0,-1,1255.0,30.3
161255,41413,Warrior,Arms,Slayer,DPS,US,Voidscar Arena,10,1,1259.2,154990,0,298.0,2026-08-19,0,-1,1255.0,30.3
161272,46897,Monk,Brewmaster,Master of Harmony,Tank,KR,Murder Row,10,1,1501.0,98052,0,292.0,2026-08-20,0,-1,1508.0,26.1
161272,46898,Priest,Holy,Oracle,Healer,KR,Murder Row,10,1,1501.0,11320,0,295.0,2026-08-20,0,-1,1508.0,26.1
161272,46900,DemonHunter,Devourer,Annihilator,DPS,KR,Murder Row,10,1,1501.0,187840,3,294.0,2026-08-20,0,-1,1508.0,26.1
161272,158424,Mage,Fire,Sunfury,DPS,KR,Murder Row,10,1,1501.0,194710,0,293.0,2026-08-20,0,-1,1508.0,26.1
161272,46899,Hunter,BeastMastery,Pack Leader,DPS,KR,Murder Row,10,1,1501.0,162967,0,295.0,2026-08-20,0,-1,1508.0,26.1
161273,3029,Paladin,Protection,Templar,Tank,US,Kings' Rest,12,1,1742.3,82385,0,303.0,2026-08-20,0,-1,1778.0,10.2
161273,1486,Priest,Holy,Oracle,Healer,US,Kings' Rest,12,1,1742.3,6021,0,299.0,2026-08-20,0,-1,1778.0,10.2
161273,1485,Warrior,Arms,Slayer,DPS,US,Kings' Rest,12,1,1742.3,140331,1,292.0,2026-08-20,0,-1,1778.0,10.2
161273,1488,Mage,Arcane,Sunfury,DPS,US,Kings' Rest,12,1,1742.3,149550,0,299.0,2026-08-20,0,-1,1778.0,10.2
161273,3031,Mage,Arcane,Sunfury,DPS,US,Kings' Rest,12,1,1742.3,143172,1,297.0,2026-08-20,0,-1,1778.0,10.2
161294,153568,Druid,Guardian,Elune's Chosen,Tank,EU,Kings' Rest,7,1,1858.3,49553,4,289.0,2026-08-19,0,-1,1960.0,1.0
161294,85732,Druid,Restoration,Wildstalker,Healer,EU,Kings' Rest,7,1,1858.3,14197,3,294.0,2026-08-19,0,-1,1960.0,1.0
161294,85733,Hunter,BeastMastery,Pack Leader,DPS,EU,Kings' Rest,7,1,1858.3,101858,5,300.0,2026-08-19,0,-1,1960.0,1.0
161294,153569,Priest,Shadow,Voidweaver,DPS,EU,Kings' Rest,7,1,1858.3,71517,5,286.0,2026-08-19,0,-1,1960.0,1.0
161294,85735,Mage,Frost,Spellslinger,DPS,EU,Kings' Rest,7,1,1858.3,92259,5,289.0,2026-08-19,0,-1,1960.0,1.0
161304,33765,DeathKnight,Blood,San'layn,Tank,EU,Den of Nalorakk,11,1,1656.6,103322,0,300.0,2026-08-20,0,-1,1663.0,13.4
161304,33766,Paladin,Holy,Herald of the Sun,Healer,EU,Den of Nalorakk,11,1,1656.6,12440,1,302.0,2026-08-20,0,-1,1663.0,13.4
161304,217083,Shaman,Elemental,Farseer,DPS,EU,Den of Nalorakk,11,1,1656.6,186592,1,293.0,2026-08-20,0,-1,1663.0,13.4
161304,190709,Paladin,Retribution,Templar,DPS,EU,Den of Nalorakk,11,1,1656.6,127562,1,293.0,2026-08-20,0,-1,1663.0,13.4
161304,50204,Druid,Balance,Elune's Chosen,DPS,EU,Den of Nalorakk,11,1,1656.6,158359,0,300.0,2026-08-20,0,-1,1663.0,13.4
161311,15945,Paladin,Protection,Templar,Tank,EU,Ruby Life Pools,8,1,1022.4,98921,0,296.0,2026-08-19,0,-1,1019.0,39.3
161311,15947,Priest,Discipline,Oracle,Healer,EU,Ruby Life Pools,8,1,1022.4,17698,1,294.0,2026-08-19,0,-1,1019.0,39.3
161311,24540,Mage,Arcane,Sunfury,DPS,EU,Ruby Life Pools,8,1,1022.4,214766,0,294.0,2026-08-19,0,-1,1019.0,39.3
161311,24541,Evoker,Augmentation,Scalecommander,DPS,EU,Ruby Life Pools,8,1,1022.4,157802,0,291.0,2026-08-19,0,-1,1019.0,39.3
161311,15948,Rogue,Assassination,Deathstalker,DPS,EU,Ruby Life Pools,8,1,1022.4,186203,0,295.0,2026-08-19,0,-1,1019.0,39.3
161332,73758,DeathKnight,Blood,San'layn,Tank,EU,Altar of Fangs,10,1,1354.7,135541,0,299.0,2026-08-19,0,-1,1346.0,25.2
161332,51831,Shaman,Restoration,Totemic,Healer,EU,Altar of Fangs,10,1,1354.7,22959,0,292.0,2026-08-19,0,-1,1346.0,25.2
161332,51832,Priest,Shadow,Archon,DPS,EU,Altar of Fangs,10,1,1354.7,232919,0,298.0,2026-08-19,0,-1,1346.0,25.2
161332,61290,Monk,Windwalker,Shado-Pan,DPS,EU,Altar of Fangs,10,1,1354.7,178717,0,300.0,2026-08-19,0,-1,1346.0,25.2
161332,73760,Druid,Balance,Elune's Chosen,DPS,EU,Altar of Fangs,10,1,1354.7,218763,0,302.0,2026-08-19,0,-1,1346.0,25.2
161336,37519,Warrior,Protection,Mountain Thane,Tank,EU,Ruby Life Pools,10,1,1241.4,84252,1,289.0,2026-08-19,0,-1,1238.0,26.3
161336,37520,Shaman,Restoration,Totemic,Healer,EU,Ruby Life Pools,10,1,1241.4,24028,0,294.0,2026-08-19,0,-1,1238.0,26.3
161336,37522,DemonHunter,Devourer,Annihilator,DPS,EU,Ruby Life Pools,10,1,1241.4,169409,0,296.0,2026-08-19,0,-1,1238.0,26.3
161336,37521,Hunter,Marksmanship,Sentinel,DPS,EU,Ruby Life Pools,10,1,1241.4,154990,0,294.0,2026-08-19,0,-1,1238.0,26.3
161336,37523,Warrior,Arms,Slayer,DPS,EU,Ruby Life Pools,10,1,1241.4,184109,0,295.0,2026-08-19,0,-1,1238.0,26.3
161339,61327,DeathKnight,Blood,San'layn,Tank,EU,Voidscar Arena,9,1,1537.6,80332,1,297.0,2026-08-20,0,-1,1579.0,12.3
161339,190764,Monk,Mistweaver,Conduit of the Celestials,Healer,EU,Voidscar Arena,9,1,1537.6,25431,1,289.0,2026-08-20,0,-1,1579.0,12.3
161339,187963,Druid,Balance,Elune's Chosen,DPS,EU,Voidscar Arena,9,1,1537.6,122216,2,295.0,2026-08-20,0,-1,1579.0,12.3
161339,109140,Hunter,BeastMastery,Dark Ranger,DPS,EU,Voidscar Arena,9,1,1537.6,143145,3,292.0,2026-08-20,0,-1,1579.0,12.3
161339,190765,Warlock,Destruction,Diabolist,DPS,EU,Voidscar Arena,9,1,1537.6,122514,3,292.0,2026-08-20,0,-1,1579.0,12.3
161347,92572,DeathKnight,Blood,San'layn,Tank,EU,Kings' Rest,10,1,1281.7,93468,1,298.0,2026-08-20,0,-1,1278.0,35.5
161347,70346,Shaman,Restoration,Totemic,Healer,EU,Kings' Rest,10,1,1281.7,19498,0,304.0,2026-08-20,0,-1,1278.0,35.5
161347,198342,Hunter,BeastMastery,Pack Leader,DPS,EU,Kings' Rest,10,1,1281.7,132006,0,293.0,2026-08-20,0,-1,1278.0,35.5
161347,198343,Rogue,Subtlety,Deathstalker,DPS,EU,Kings' Rest,10,1,1281.7,155259,0,300.0,2026-08-20,0,-1,1278.0,35.5
161347,92574,Shaman,Elemental,Farseer,DPS,EU,Kings' Rest,10,1,1281.7,155192,0,296.0,2026-08-20,0,-1,1278.0,35.5
161350,19734,Warrior,Protection,Mountain Thane,Tank,EU,Voidscar Arena,10,1,1341.4,99603,2,291.0,2026-08-19,0,-1,1378.0,23.4
161350,19735,Priest,Holy,Oracle,Healer,EU,Voidscar Arena,10,1,1341.4,19335,1,292.0,2026-08-19,0,-1,1378.0,23.4
161350,19736,Warlock,Demonology,Diabolist,DPS,EU,Voidscar Arena,10,1,1341.4,179255,1,299.0,2026-08-19,0,-1,1378.0,23.4
161350,19737,Evoker,Devastation,Scalecommander,DPS,EU,Voidscar Arena,10,1,1341.4,179166,1,298.0,2026-08-19,0,-1,1378.0,23.4
161350,19738,Rogue,Outlaw,Trickster,DPS,EU,Voidscar Arena,10,1,1341.4,182300,3,291.0,2026-08-19,0,-1,1378.0,23.4
161367,71598,DeathKnight,Blood,Deathbringer,Tank,EU,Murder Row,5,1,995.4,75047,0,285.0,2026-08-19,0,-1,987.0,51.6
161367,101003,Shaman,Restoration,Totemic,Healer,EU,Murder Row,5,1,995.4,13185,0,287.0,2026-08-19,0,-1,987.0,51.6
161367,153159,Paladin,Retribution,Templar,DPS,EU,Murder Row,5,1,995.4,160448,0,295.0,2026-08-19,0,-1,987.0,51.6
161367,87055,Mage,Arcane,Sunfury,DPS,EU,Murder Row,5,1,995.4,138731,0,288.0,2026-08-19,0,-1,987.0,51.6
161367,17482,Druid,Balance,Elune's Chosen,DPS,EU,Murder Row,5,1,995.4,148626,0,295.0,2026-08-19,0,-1,987.0,51.6
161369,189851,DemonHunter,Vengeance,Annihilator,Tank,EU,Murder Row,12,0,2481.1,75585,2,298.0,2026-08-20,0,-1,2562.0,-25.6
161369,189848,Paladin,Holy,Herald of the Sun,Healer,EU,Murder Row,12,0,2481.1,10190,3,289.0,2026-08-20,0,-1,2562.0,-25.6
161369,189849,Mage,Arcane,Sunfury,DPS,EU,Murder Row,12,0,2481.1,158046,2,296.0,2026-08-20,0,-1,2562.0,-25.6
161369,189850,Shaman,Enhancement,Stormbringer,DPS,EU,Murder Row,12,0,2481.1,123377,6,300.0,2026-08-20,0,-1,2562.0,-25.6
161369,194119,Shaman,Elemental,Farseer,DPS,EU,Murder Row,12,0,2481.1,139319,2,301.0,2026-08-20,0,-1,2562.0,-25.6
161376,173918,Paladin,Protection,Lightsmith,Tank,EU,Murder Row,5,1,1355.2,63601,0,296.0,2026-08-20,0,-1,1346.0,34.0
161376,217116,Monk,Mistweaver,Conduit of the Celestials,Healer,EU,Murder Row,5,1,1355.2,32670,0,296.0,2026-08-20,0,-1,1346.0,34.0
161376,35561,Monk,Windwalker,Conduit of the Celestials,DPS,EU,Murder Row,5,1,1355.2,113815,1,295.0,2026-08-20,0,-1,1346.0,34.0
161376,217117,Hunter,BeastMastery,Dark Ranger,DPS,EU,Murder Row,5,1,1355.2,116500,3,294.0,2026-08-20,0,-1,1346.0,34.0
161376,106867,Druid,Balance,Keeper of the Grove,DPS,EU,Murder Row,5,1,1355.2,82859,0,287.0,2026-08-20,0,-1,1346.0,34.0
161385,21692,Warrior,Protection,Mountain Thane,Tank,EU,Voidscar Arena,11,1,1548.9,101327,1,290.0,2026-08-19,0,-1,1620.0,10.0
161385,33492,Shaman,Restoration,Totemic,Healer,EU,Voidscar Arena,11,1,1548.9,19953,3,290.0,2026-08-19,0,-1,1620.0,10.0
161385,21694,Hunter,BeastMastery,Pack Leader,DPS,EU,Voidscar Arena,11,1,1548.9,165480,6,295.0,2026-08-19,0,-1,1620.0,10.0
161385,21696,Paladin,Retribution,Templar,DPS,EU,Voidscar Arena,11,1,1548.9,172962,2,294.0,2026-08-19,0,-1,1620.0,10.0
161385,21695,Warrior,Arms,Slayer,DPS,EU,Voidscar Arena,11,1,1548.9,132607,4,297.0,2026-08-19,0,-1,1620.0,10.0
161394,106553,Druid,Guardian,Unknown,Tank,US,Temple of Sethraliss,9,1,1475.4,92512,0,290.0,2026-08-20,0,-1,1477.0,23.1
161394,148130,Priest,Holy,Unknown,Healer,US,Temple of Sethraliss,9,1,1475.4,12880,1,299.0,2026-08-20,0,-1,1477.0,23.1
161394,102525,Paladin,Retribution,Unknown,DPS,US,Temple of Sethraliss,9,1,1475.4,124717,0,290.0,2026-08-20,0,-1,1477.0,23.1
161394,65614,Mage,Arcane,Unknown,DPS,US,Temple of Sethraliss,9,1,1475.4,161362,0,299.0,2026-08-20,0,-1,1477.0,23.1
161394,154381,Warrior,Arms,Unknown,DPS,US,Temple of Sethraliss,9,1,1475.4,190050,0,290.0,2026-08-20,0,-1,1477.0,23.1
161400,52527,DeathKnight,Blood,San'layn,Tank,EU,Voidscar Arena,10,1,1281.4,100818,0,301.0,2026-08-19,0,-1,1273.0,29.3
161400,52530,Monk,Mistweaver,Conduit of the Celestials,Healer,EU,Voidscar Arena,10,1,1281.4,45926,0,296.0,2026-08-19,0,-1,1273.0,29.3
161400,179534,Rogue,Subtlety,Deathstalker,DPS,EU,Voidscar Arena,10,1,1281.4,160181,0,291.0,2026-08-19,0,-1,1273.0,29.3
161400,52529,Rogue,Subtlety,Deathstalker,DPS,EU,Voidscar Arena,10,1,1281.4,184319,0,297.0,2026-08-19,0,-1,1273.0,29.3
161400,52531,DemonHunter,Devourer,Void-Scarred,DPS,EU,Voidscar Arena,10,1,1281.4,174006,0,296.0,2026-08-19,0,-1,1273.0,29.3
161403,97028,Paladin,Protection,Templar,Tank,EU,Temple of Sethraliss,5,1,1203.9,48231,0,291.0,2026-08-19,0,-1,1195.0,37.7
161403,33816,Shaman,Restoration,Totemic,Healer,EU,Temple of Sethraliss,5,1,1203.9,13694,1,282.0,2026-08-19,0,-1,1195.0,37.7
161403,33817,Warrior,Arms,Slayer,DPS,EU,Temple of Sethraliss,5,1,1203.9,122441,1,279.0,2026-08-19,0,-1,1195.0,37.7
161403,74101,Monk,Windwalker,Shado-Pan,DPS,EU,Temple of Sethraliss,5,1,1203.9,118360,0,291.0,2026-08-19,0,-1,1195.0,37.7
161403,33818,Rogue,Outlaw,Trickster,DPS,EU,Temple of Sethraliss,5,1,1203.9,129490,1,290.0,2026-08-19,0,-1,1195.0,37.7
161405,217127,DeathKnight,Blood,San'layn,Tank,EU,Altar of Fangs,10,0,1768.2,92721,2,291.0,2026-08-19,0,-1,1844.0,-2.5
161405,137562,Shaman,Restoration,Totemic,Healer,EU,Altar of Fangs,10,0,1768.2,19517,3,290.0,2026-08-19,0,-1,1844.0,-2.5
161405,217128,Warrior,Arms,Slayer,DPS,EU,Altar of Fangs,10,0,1768.2,152316,4,294.0,2026-08-19,0,-1,1844.0,-2.5
161405,217129,DemonHunter,Devourer,Annihilator,DPS,EU,Altar of Fangs,10,0,1768.2,139882,4,285.0,2026-08-19,0,-1,1844.0,-2.5
161405,22419,Hunter,BeastMastery,Pack Leader,DPS,EU,Altar of Fangs,10,0,1768.2,174315,4,302.0,2026-08-19,0,-1,1844.0,-2.5
161409,217134,DeathKnight,Blood,San'layn,Tank,EU,Altar of Fangs,6,1,1288.5,80522,1,295.0,2026-08-20,0,-1,1310.0,27.2
161409,217135,Paladin,Holy,Herald of the Sun,Healer,EU,Altar of Fangs,6,1,1288.5,19442,1,287.0,2026-08-20,0,-1,1310.0,27.2
161409,41007,DeathKnight,Unholy,Rider of the Apocalypse,DPS,EU,Altar of Fangs,6,1,1288.5,166126,1,301.0,2026-08-20,0,-1,1310.0,27.2
161409,207242,Mage,Arcane,Sunfury,DPS,EU,Altar of Fangs,6,1,1288.5,129778,1,291.0,2026-08-20,0,-1,1310.0,27.2
161409,88161,Shaman,Elemental,Farseer,DPS,EU,Altar of Fangs,6,1,1288.5,153369,2,290.0,2026-08-20,0,-1,1310.0,27.2
161421,145935,DeathKnight,Blood,San'layn,Tank,US,Murder Row,2,1,1191.5,26190,0,273.0,2026-08-19,0,-1,1184.0,42.0
161421,56036,Paladin,Holy,Herald of the Sun,Healer,US,Murder Row,2,1,1191.5,10520,0,293.0,2026-08-19,0,-1,1184.0,42.0
161421,217148,Druid,Balance,Elune's Chosen,DPS,US,Murder Row,2,1,1191.5,98417,0,288.0,2026-08-19,0,-1,1184.0,42.0
161421,217149,Warlock,Demonology,Diabolist,DPS,US,Murder Row,2,1,1191.5,99222,0,294.0,2026-08-19,0,-1,1184.0,42.0
161421,56038,Shaman,Elemental,Farseer,DPS,US,Murder Row,2,1,1191.5,121943,0,291.0,2026-08-19,0,-1,1184.0,42.0
161429,184444,DeathKnight,Blood,San'layn,Tank,CN,Voidscar Arena,11,1,1362.5,110453,2,301.0,2026-08-20,0,-1,1419.0,21.2
161429,184445,Paladin,Holy,Herald of the Sun,Healer,CN,Voidscar Arena,11,1,1362.5,18474,2,290.0,2026-08-20,0,-1,1419.0,21.2
161429,184446,Warrior,Arms,Slayer,DPS,CN,Voidscar Arena,11,1,1362.5,159696,2,293.0,2026-08-20,0,-1,1419.0,21.2
161429,184447,Shaman,Elemental,Farseer,DPS,CN,Voidscar Arena,11,1,1362.5,163137,5,293.0,2026-08-20,0,-1,1419.0,21.2
161429,184448,Mage,Arcane,Sunfury,DPS,CN,Voidscar Arena,11,1,1362.5,183515,2,299.0,2026-08-20,0,-1,1419.0,21.2
161440,4610,DemonHunter,Vengeance,Annihilator,Tank,US,Murder Row,10,1,1606.0,101485,0,297.0,2026-08-20,0,-1,1613.0,20.9
161440,39043,Paladin,Holy,Herald of the Sun,Healer,US,Murder Row,10,1,1606.0,10519,1,298.0,2026-08-20,0,-1,1613.0,20.9
161440,217159,Mage,Arcane,Sunfury,DPS,US,Murder Row,10,1,1606.0,139513,0,296.0,2026-08-20,0,-1,1613.0,20.9
161440,217160,DeathKnight,Unholy,San'layn,DPS,US,Murder Row,10,1,1606.0,160764,1,295.0,2026-08-20,0,-1,1613.0,20.9
161440,84347,Mage,Arcane,Sunfury,DPS,US,Murder Row,10,1,1606.0,206128,1,305.0,2026-08-20,0,-1,1613.0,20.9
161449,37482,Warrior,Protection,Mountain Thane,Tank,EU,Murder Row,9,1,1368.2,108230,0,293.0,2026-08-19,0,-1,1365.0,33.1
161449,108234,Monk,Mistweaver,Conduit of the Celestials,Healer,EU,Murder Row,9,1,1368.2,38631,0,296.0,2026-08-19,0,-1,1365.0,33.1
161449,49562,Warrior,Arms,Slayer,DPS,EU,Murder Row,9,1,1368.2,149117,1,296.0,2026-08-19,0,-1,1365.0,33.1
161449,52682,Hunter,BeastMastery,Pack Leader,DPS,EU,Murder Row,9,1,1368.2,148374,0,295.0,2026-08-19,0,-1,1365.0,33.1
161449,148094,Paladin,Retribution,Templar,DPS,EU,Murder Row,9,1,1368.2,158045,0,292.0,2026-08-19,0,-1,1365.0,33.1
161452,138737,Monk,Brewmaster,Master of Harmony,Tank,US,Ruby Life Pools,10,1,1378.1,66163,3,293.0,2026-08-19,0,-1,1429.0,14.9
161452,76503,Paladin,Holy,Herald of the Sun,Healer,US,Ruby Life Pools,10,1,1378.1,8204,3,287.0,2026-08-19,0,-1,1429.0,14.9
161452,76504,Mage,Arcane,Sunfury,DPS,US,Ruby Life Pools,10,1,1378.1,173556,2,296.0,2026-08-19,0,-1,1429.0,14.9
161452,9938,Shaman,Elemental,Farseer,DPS,US,Ruby Life Pools,10,1,1378.1,188001,2,298.0,2026-08-19,0,-1,1429.0,14.9
161452,133177,Rogue,Subtlety,Trickster,DPS,US,Ruby Life Pools,10,1,1378.1,203913,2,296.0,2026-08-19,0,-1,1429.0,14.9
161456,99405,Paladin,Protection,Lightsmith,Tank,EU,Ruby Life Pools,10,1,1468.5,81169,0,297.0,2026-08-20,0,-1,1470.0,12.5
161456,16538,Druid,Restoration,Wildstalker,Healer,EU,Ruby Life Pools,10,1,1468.5,4203,0,304.0,2026-08-20,0,-1,1470.0,12.5
161456,90161,Warlock,Demonology,Diabolist,DPS,EU,Ruby Life Pools,10,1,1468.5,163525,0,296.0,2026-08-20,0,-1,1470.0,12.5
161456,16539,Druid,Balance,Elune's Chosen,DPS,EU,Ruby Life Pools,10,1,1468.5,162558,1,306.0,2026-08-20,0,-1,1470.0,12.5
161456,79749,Shaman,Elemental,Farseer,DPS,EU,Ruby Life Pools,10,1,1468.5,177439,1,295.0,2026-08-20,0,-1,1470.0,12.5
161478,108790,DeathKnight,Blood,San'layn,Tank,CN,The Blinding Vale,10,1,1510.7,101531,2,303.0,2026-08-20,0,-1,1562.0,13.2
161478,170591,Paladin,Holy,Herald of the Sun,Healer,CN,The Blinding Vale,10,1,1510.7,4750,4,286.0,2026-08-20,0,-1,1562.0,13.2
161478,170593,Paladin,Retribution,Herald of the Sun,DPS,CN,The Blinding Vale,10,1,1510.7,203986,2,302.0,2026-08-20,0,-1,1562.0,13.2
161478,170592,Mage,Arcane,Sunfury,DPS,CN,The Blinding Vale,10,1,1510.7,152469,2,294.0,2026-08-20,0,-1,1562.0,13.2
161478,217175,Shaman,Elemental,Farseer,DPS,CN,The Blinding Vale,10,1,1510.7,208282,2,301.0,2026-08-20,0,-1,1562.0,13.2
161485,27249,Paladin,Protection,Lightsmith,Tank,EU,Temple of Sethraliss,2,1,1056.3,91218,0,292.0,2026-08-19,0,-1,1048.0,45.4
161485,151926,Priest,Discipline,Oracle,Healer,EU,Temple of Sethraliss,2,1,1056.3,5176,2,266.0,2026-08-19,0,-1,1048.0,45.4
161485,27251,Mage,Arcane,Sunfury,DPS,EU,Temple of Sethraliss,2,1,1056.3,115987,2,293.0,2026-08-19,0,-1,1048.0,45.4
161485,27250,Warrior,Arms,Slayer,DPS,EU,Temple of Sethraliss,2,1,1056.3,115039,1,287.0,2026-08-19,0,-1,1048.0,45.4
161485,151927,Mage,Arcane,Sunfury,DPS,EU,Temple of Sethraliss,2,1,1056.3,101607,1,287.0,2026-08-19,0,-1,1048.0,45.4
161486,58725,Paladin,Protection,Lightsmith,Tank,EU,Altar of Fangs,10,1,1728.5,92190,0,293.0,2026-08-19,0,-1,1730.0,3.9
161486,26819,Priest,Discipline,Oracle,Healer,EU,Altar of Fangs,10,1,1728.5,13695,1,288.0,2026-08-19,0,-1,1730.0,3.9
161486,58726,Rogue,Subtlety,Trickster,DPS,EU,Altar of Fangs,10,1,1728.5,155110,0,284.0,2026-08-19,0,-1,1730.0,3.9
161486,58727,Warrior,Arms,Slayer,DPS,EU,Altar of Fangs,10,1,1728.5,166050,1,288.0,2026-08-19,0,-1,1730.0,3.9
161486,26818,Druid,Balance,Elune's Chosen,DPS,EU,Altar of Fangs,10,1,1728.5,165814,0,292.0,2026-08-19,0,-1,1730.0,3.9
161492,100403,Warrior,Protection,Mountain Thane,Tank,EU,Ruby Life Pools,2,1,767.9,82944,0,291.0,2026-08-19,0,-1,760.0,54.8
161492,194281,Shaman,Restoration,Totemic,Healer,EU,Ruby Life Pools,2,1,767.9,20378,0,291.0,2026-08-19,0,-1,760.0,54.8
161492,100406,Druid,Balance,Elune's Chosen,DPS,EU,Ruby Life Pools,2,1,767.9,136327,0,294.0,2026-08-19,0,-1,760.0,54.8
161492,100405,Druid,Balance,Elune's Chosen,DPS,EU,Ruby Life Pools,2,1,767.9,121320,0,294.0,2026-08-19,0,-1,760.0,54.8
161492,100404,Hunter,BeastMastery,Pack Leader,DPS,EU,Ruby Life Pools,2,1,767.9,157189,0,296.0,2026-08-19,0,-1,760.0,54.8
161498,88532,DeathKnight,Blood,San'layn,Tank,CN,Altar of Fangs,2,1,1091.5,95631,0,300.0,2026-08-20,0,-1,1084.0,39.8
161498,194661,Priest,Holy,Archon,Healer,CN,Altar of Fangs,2,1,1091.5,12486,1,292.0,2026-08-20,0,-1,1084.0,39.8
161498,194663,Priest,Shadow,Voidweaver,DPS,CN,Altar of Fangs,2,1,1091.5,129594,1,290.0,2026-08-20,0,-1,1084.0,39.8
161498,88533,Priest,Shadow,Voidweaver,DPS,CN,Altar of Fangs,2,1,1091.5,102757,1,293.0,2026-08-20,0,-1,1084.0,39.8
161498,194662,Mage,Arcane,Sunfury,DPS,CN,Altar of Fangs,2,1,1091.5,87366,2,277.0,2026-08-20,0,-1,1084.0,39.8
161500,172648,DeathKnight,Blood,Unknown,Tank,US,Den of Nalorakk,9,1,1700.0,60815,3,290.0,2026-08-19,0,-1,1766.0,8.0
161500,172649,Shaman,Restoration,Unknown,Healer,US,Den of Nalorakk,9,1,1700.0,18744,3,294.0,2026-08-19,0,-1,1766.0,8.0
161500,29037,Druid,Balance,Unknown,DPS,US,Den of Nalorakk,9,1,1700.0,119641,2,295.0,2026-08-19,0,-1,1766.0,8.0
161500,44167,DemonHunter,Devourer,Unknown,DPS,US,Den of Nalorakk,9,1,1700.0,167686,2,298.0,2026-08-19,0,-1,1766.0,8.0
161500,81868,Mage,Arcane,Unknown,DPS,US,Den of Nalorakk,9,1,1700.0,137725,5,293.0,2026-08-19,0,-1,1766.0,8.0
161522,217212,DeathKnight,Blood,San'layn,Tank,EU,Den of Nalorakk,8,1,1406.4,89579,0,297.0,2026-08-20,0,-1,1403.0,26.9
161522,204371,Monk,Mistweaver,Conduit of the Celestials,Healer,EU,Den of Nalorakk,8,1,1406.4,23675,0,301.0,2026-08-20,0,-1,1403.0,26.9
161522,39811,Warrior,Arms,Slayer,DPS,EU,Den of Nalorakk,8,1,1406.4,162369,0,294.0,2026-08-20,0,-1,1403.0,26.9
161522,204317,Shaman,Elemental,Farseer,DPS,EU,Den of Nalorakk,8,1,1406.4,136862,0,297.0,2026-08-20,0,-1,1403.0,26.9
161522,71656,Druid,Balance,Elune's Chosen,DPS,EU,Den of Nalorakk,8,1,1406.4,109548,1,290.0,2026-08-20,0,-1,1403.0,26.9
161532,34211,Warrior,Protection,Mountain Thane,Tank,EU,The Blinding Vale,4,1,1181.1,95224,0,296.0,2026-08-19,0,-1,1173.0,34.8
161532,86383,Druid,Restoration,Wildstalker,Healer,EU,The Blinding Vale,4,1,1181.1,11381,0,286.0,2026-08-19,0,-1,1173.0,34.8
161532,79999,Mage,Arcane,Sunfury,DPS,EU,The Blinding Vale,4,1,1181.1,112038,0,293.0,2026-08-19,0,-1,1173.0,34.8
161532,34213,Druid,Balance,Elune's Chosen,DPS,EU,The Blinding Vale,4,1,1181.1,118756,0,291.0,2026-08-19,0,-1,1173.0,34.8
161532,145520,Shaman,Elemental,Farseer,DPS,EU,The Blinding Vale,4,1,1181.1,126587,0,296.0,2026-08-19,0,-1,1173.0,34.8
161539,98869,DeathKnight,Blood,Deathbringer,Tank,EU,Kings' Rest,5,1,1151.0,60824,0,292.0,2026-08-19,0,-1,1142.0,42.3
161539,98870,Monk,Mistweaver,Conduit of the Celestials,Healer,EU,Kings' Rest,5,1,1151.0,26264,0,293.0,2026-08-19,0,-1,1142.0,42.3
161539,16393,Rogue,Subtlety,Deathstalker,DPS,EU,Kings' Rest,5,1,1151.0,112667,1,294.0,2026-08-19,0,-1,1142.0,42.3
161539,16392,Mage,Fire,Sunfury,DPS,EU,Kings' Rest,5,1,1151.0,98823,0,294.0,2026-08-19,0,-1,1142.0,42.3
161539,217226,Mage,Arcane,Sunfury,DPS,EU,Kings' Rest,5,1,1151.0,75351,0,288.0,2026-08-19,0,-1,1142.0,42.3
161543,83243,Paladin,Protection,Lightsmith,Tank,EU,The Blinding Vale,5,1,859.4,95487,0,292.0,2026-08-19,0,-1,851.0,52.7
161543,44380,Shaman,Restoration,Totemic,Healer,EU,The Blinding Vale,5,1,859.4,27516,0,292.0,2026-08-19,0,-1,851.0,52.7
161543,89467,Shaman,Elemental,Farseer,DPS,EU,The Blinding Vale,5,1,859.4,176909,0,292.0,2026-08-19,0,-1,851.0,52.7
161543,58697,DemonHunter,Devourer,Void-Scarred,DPS,EU,The Blinding Vale,5,1,859.4,165804,0,295.0,2026-08-19,0,-1,851.0,52.7
161543,20767,Warrior,Arms,Slayer,DPS,EU,The Blinding Vale,5,1,859.4,183656,0,294.0,2026-08-19,0,-1,851.0,52.7
161545,217228,Paladin,Protection,Lightsmith,Tank,EU,Murder Row,9,1,1385.7,77049,0,294.0,2026-08-20,0,-1,1378.0,32.5
161545,186912,Shaman,Restoration,Totemic,Healer,EU,Murder Row,9,1,1385.7,16542,0,297.0,2026-08-20,0,-1,1378.0,32.5
161545,87717,Mage,Arcane,Sunfury,DPS,EU,Murder Row,9,1,1385.7,174810,0,297.0,2026-08-20,0,-1,1378.0,32.5
161545,32904,Rogue,Subtlety,Deathstalker,DPS,EU,Murder Row,9,1,1385.7,142284,0,294.0,2026-08-20,0,-1,1378.0,32.5
161545,43295,DemonHunter,Devourer,Void-Scarred,DPS,EU,Murder Row,9,1,1385.7,165040,0,304.0,2026-08-20,0,-1,1378.0,32.5
161549,54133,DeathKnight,Blood,San'layn,Tank,EU,The Blinding Vale,10,1,1305.8,132956,1,299.0,2026-08-20,0,-1,1332.0,26.0
161549,160917,Druid,Restoration,Wildstalker,Healer,EU,The Blinding Vale,10,1,1305.8,779,1,303.0,2026-08-20,0,-1,1332.0,26.0
161549,217230,Shaman,Elemental,Farseer,DPS,EU,The Blinding Vale,10,1,1305.8,226774,1,296.0,2026-08-20,0,-1,1332.0,26.0
161549,23161,Warrior,Arms,Slayer,DPS,EU,The Blinding Vale,10,1,1305.8,209437,2,301.0,2026-08-20,0,-1,1332.0,26.0
161549,25739,Evoker,Augmentation,Scalecommander,DPS,EU,The Blinding Vale,10,1,1305.8,169915,2,298.0,2026-08-20,0,-1,1332.0,26.0
161566,62076,DeathKnight,Blood,San'layn,Tank,EU,Kings' Rest,10,1,1503.4,63546,0,289.0,2026-08-19,0,-1,1500.0,24.3
161566,63776,Monk,Mistweaver,Conduit of the Celestials,Healer,EU,Kings' Rest,10,1,1503.4,29930,0,294.0,2026-08-19,0,-1,1500.0,24.3
161566,125796,Shaman,Elemental,Farseer,DPS,EU,Kings' Rest,10,1,1503.4,115593,0,299.0,2026-08-19,0,-1,1500.0,24.3
161566,62533,Warrior,Arms,Slayer,DPS,EU,Kings' Rest,10,1,1503.4,141853,1,295.0,2026-08-19,0,-1,1500.0,24.3
161566,217237,Rogue,Outlaw,Trickster,DPS,EU,Kings' Rest,10,1,1503.4,137565,0,293.0,2026-08-19,0,-1,1500.0,24.3
161568,12967,Druid,Guardian,Elune's Chosen,Tank,EU,Kings' Rest,8,1,1355.0,73286,1,291.0,2026-08-19,0,-1,1382.0,30.2
161568,136719,Shaman,Restoration,Totemic,Healer,EU,Kings' Rest,8,1,1355.0,19937,2,292.0,2026-08-19,0,-1,1382.0,30.2
161568,12971,Warrior,Arms,Slayer,DPS,EU,Kings' Rest,8,1,1355.0,137421,2,295.0,2026-08-19,0,-1,1382.0,30.2
161568,12969,Shaman,Enhancement,Stormbringer,DPS,EU,Kings' Rest,8,1,1355.0,161156,1,293.0,2026-08-19,0,-1,1382.0,30.2
161568,12970,Paladin,Retribution,Herald of the Sun,DPS,EU,Kings' Rest,8,1,1355.0,134515,1,295.0,2026-08-19,0,-1,1382.0,30.2
161571,35390,DeathKnight,Blood,San'layn,Tank,EU,Altar of Fangs,11,1,1452.3,137394,0,300.0,2026-08-20,0,-1,1479.0,17.8
161571,131331,Shaman,Restoration,Totemic,Healer,EU,Altar of Fangs,11,1,1452.3,36242,1,306.0,2026-08-20,0,-1,1479.0,17.8
161571,35392,Hunter,BeastMastery,Pack Leader,DPS,EU,Altar of Fangs,11,1,1452.3,184241,2,296.0,2026-08-20,0,-1,1479.0,17.8
161571,14554,Warrior,Arms,Slayer,DPS,EU,Altar of Fangs,11,1,1452.3,222547,2,302.0,2026-08-20,0,-1,1479.0,17.8
161571,131332,Mage,Arcane,Sunfury,DPS,EU,Altar of Fangs,11,1,1452.3,207691,2,302.0,2026-08-20,0,-1,1479.0,17.8
161575,62888,Druid,Guardian,Elune's Chosen,Tank,US,Murder Row,10,1,1857.2,69827,1,292.0,2026-08-19,0,-1,1893.0,7.2
161575,59840,Shaman,Restoration,Totemic,Healer,US,Murder Row,10,1,1857.2,6099,2,290.0,2026-08-19,0,-1,1893.0,7.2
161575,217242,DemonHunter,Devourer,Annihilator,DPS,US,Murder Row,10,1,1857.2,133438,4,292.0,2026-08-19,0,-1,1893.0,7.2
161575,49172,Druid,Balance,Elune's Chosen,DPS,US,Murder Row,10,1,1857.2,165461,1,299.0,2026-08-19,0,-1,1893.0,7.2
161575,49173,Rogue,Assassination,Deathstalker,DPS,US,Murder Row,10,1,1857.2,177554,1,298.0,2026-08-19,0,-1,1893.0,7.2
161582,57578,Warrior,Protection,Mountain Thane,Tank,EU,Ruby Life Pools,9,1,1513.0,94492,2,284.0,2026-08-19,0,-1,1564.0,6.9
161582,57577,Druid,Restoration,Wildstalker,Healer,EU,Ruby Life Pools,9,1,1513.0,6277,2,296.0,2026-08-19,0,-1,1564.0,6.9
161582,56267,Priest,Shadow,Voidweaver,DPS,EU,Ruby Life Pools,9,1,1513.0,162111,2,294.0,2026-08-19,0,-1,1564.0,6.9
161582,56266,Evoker,Augmentation,Scalecommander,DPS,EU,Ruby Life Pools,9,1,1513.0,119084,3,294.0,2026-08-19,0,-1,1564.0,6.9
161582,56265,Druid,Balance,Elune's Chosen,DPS,EU,Ruby Life Pools,9,1,1513.0,151499,3,293.0,2026-08-19,0,-1,1564.0,6.9
161600,71020,Monk,Brewmaster,Unknown,Tank,EU,Ruby Life Pools,10,1,1471.2,63503,5,292.0,2026-08-19,0,-1,1533.0,8.8
161600,71021,Shaman,Restoration,Unknown,Healer,EU,Ruby Life Pools,10,1,1471.2,21083,1,295.0,2026-08-19,0,-1,1533.0,8.8
161600,88782,DeathKnight,Frost,Unknown,DPS,EU,Ruby Life Pools,10,1,1471.2,176426,2,297.0,2026-08-19,0,-1,1533.0,8.8
161600,88783,Druid,Balance,Unknown,DPS,EU,Ruby Life Pools,10,1,1471.2,147435,3,294.0,2026-08-19,0,-1,1533.0,8.8
161600,71023,Warrior,Fury,Unknown,DPS,EU,Ruby Life Pools,10,1,1471.2,176356,3,297.0,2026-08-19,0,-1,1533.0,8.8
161602,217252,Paladin,Protection,Templar,Tank,EU,Ruby Life Pools,7,0,1903.8,54127,1,295.0,2026-08-19,0,-1,1945.0,-15.8
161602,35694,Evoker,Preservation,Flameshaper,Healer,EU,Ruby Life Pools,7,0,1903.8,23200,2,292.0,2026-08-19,0,-1,1945.0,-15.8
161602,129277,DemonHunter,Devourer,Void-Scarred,DPS,EU,Ruby Life Pools,7,0,1903.8,118252,2,295.0,2026-08-19,0,-1,1945.0,-15.8
161602,93717,Warlock,Destruction,Diabolist,DPS,EU,Ruby Life Pools,7,0,1903.8,106176,3,278.0,2026-08-19,0,-1,1945.0,-15.8
161602,217253,Priest,Shadow,Voidweaver,DPS,EU,Ruby Life Pools,7,0,1903.8,84822,2,296.0,2026-08-19,0,-1,1945.0,-15.8
161604,14697,Druid,Guardian,Elune's Chosen,Tank,EU,Kings' Rest,11,1,1776.7,77563,2,299.0,2026-08-19,0,-1,1848.0,6.7
161604,14698,Monk,Mistweaver,Conduit of the Celestials,Healer,EU,Kings' Rest,11,1,1776.7,40122,2,291.0,2026-08-19,0,-1,1848.0,6.7
161604,21593,Druid,Feral,Druid of the Claw,DPS,EU,Kings' Rest,11,1,1776.7,108914,5,290.0,2026-08-19,0,-1,1848.0,6.7
161604,24848,Shaman,Elemental,Farseer,DPS,EU,Kings' Rest,11,1,1776.7,133726,4,294.0,2026-08-19,0,-1,1848.0,6.7
161604,49654,Warlock,Demonology,Diabolist,DPS,EU,Kings' Rest,11,1,1776.7,138442,3,292.0,2026-08-19,0,-1,1848.0,6.7
161620,66115,DeathKnight,Blood,San'layn,Tank,CN,Den of Nalorakk,11,1,1864.8,99658,1,292.0,2026-08-20,0,-1,1912.0,0.4
161620,217255,Shaman,Restoration,Totemic,Healer,CN,Den of Nalorakk,11,1,1864.8,14981,1,297.0,2026-08-20,0,-1,1912.0,0.4
161620,66117,Warrior,Arms,Slayer,DPS,CN,Den of Nalorakk,11,1,1864.8,135919,4,292.0,2026-08-20,0,-1,1912.0,0.4
161620,209687,Shaman,Elemental,Farseer,DPS,CN,Den of Nalorakk,11,1,1864.8,158269,3,290.0,2026-08-20,0,-1,1912.0,0.4
161620,217256,Mage,Arcane,Sunfury,DPS,CN,Den of Nalorakk,11,1,1864.8,126823,2,287.0,2026-08-20,0,-1,1912.0,0.4
161622,76467,DemonHunter,Vengeance,Annihilator,Tank,US,The Blinding Vale,9,1,1234.2,115700,0,296.0,2026-08-19,0,-1,1231.0,31.6
161622,58307,Druid,Restoration,Wildstalker,Healer,US,The Blinding Vale,9,1,1234.2,14969,0,296.0,2026-08-19,0,-1,1231.0,31.6
161622,142430,Warrior,Arms,Slayer,DPS,US,The Blinding Vale,9,1,1234.2,189848,0,290.0,2026-08-19,0,-1,1231.0,31.6
161622,122280,Monk,Windwalker,Shado-Pan,DPS,US,The Blinding Vale,9,1,1234.2,140064,0,291.0,2026-08-19,0,-1,1231.0,31.6
161622,76470,Hunter,BeastMastery,Pack Leader,DPS,US,The Blinding Vale,9,1,1234.2,224763,1,294.0,2026-08-19,0,-1,1231.0,31.6
161623,15086,Paladin,Protection,Templar,Tank,EU,Kings' Rest,10,1,1467.9,62608,1,296.0,2026-08-20,0,-1,1515.0,23.5
161623,15087,Evoker,Preservation,Chronowarden,Healer,EU,Kings' Rest,10,1,1467.9,21788,4,297.0,2026-08-20,0,-1,1515.0,23.5
161623,81446,Monk,Windwalker,Shado-Pan,DPS,EU,Kings' Rest,10,1,1467.9,97034,2,290.0,2026-08-20,0,-1,1515.0,23.5
161623,15089,DemonHunter,Devourer,Void-Scarred,DPS,EU,Kings' Rest,10,1,1467.9,158927,2,302.0,2026-08-20,0,-1,1515.0,23.5
161623,81445,Hunter,BeastMastery,Pack Leader,DPS,EU,Kings' Rest,10,1,1467.9,164028,2,297.0,2026-08-20,0,-1,1515.0,23.5
161627,11016,DeathKnight,Blood,San'layn,Tank,US,Kings' Rest,8,1,1497.1,56238,0,275.0,2026-08-18,0,-1,1503.0,24.1
161627,11017,Shaman,Restoration,Totemic,Healer,US,Kings' Rest,8,1,1497.1,20828,2,292.0,2026-08-18,0,-1,1503.0,24.1
161627,11019,Paladin,Retribution,Templar,DPS,US,Kings' Rest,8,1,1497.1,121067,0,294.0,2026-08-18,0,-1,1503.0,24.1
161627,11018,Rogue,Subtlety,Deathstalker,DPS,US,Kings' Rest,8,1,1497.1,104522,1,294.0,2026-08-18,0,-1,1503.0,24.1
161627,9299,DeathKnight,Unholy,Rider of the Apocalypse,DPS,US,Kings' Rest,8,1,1497.1,119543,0,293.0,2026-08-18,0,-1,1503.0,24.1
161633,92919,Druid,Guardian,Elune's Chosen,Tank,US,Den of Nalorakk,2,1,1015.2,66288,0,297.0,2026-08-19,0,-1,1007.0,47.5
161633,109438,Shaman,Restoration,Totemic,Healer,US,Den of Nalorakk,2,1,1015.2,22488,0,294.0,2026-08-19,0,-1,1007.0,47.5
161633,105691,DemonHunter,Devourer,Void-Scarred,DPS,US,Den of Nalorakk,2,1,1015.2,87394,0,295.0,2026-08-19,0,-1,1007.0,47.5
161633,109440,Warrior,Arms,Slayer,DPS,US,Den of Nalorakk,2,1,1015.2,93373,0,276.0,2026-08-19,0,-1,1007.0,47.5
161633,109439,Shaman,Enhancement,Stormbringer,DPS,US,Den of Nalorakk,2,1,1015.2,105638,0,294.0,2026-08-19,0,-1,1007.0,47.5
161650,89981,DemonHunter,Vengeance,Annihilator,Tank,EU,The Blinding Vale,10,1,1392.0,150093,0,293.0,2026-08-19,0,-1,1409.0,21.7
161650,77565,Shaman,Restoration,Totemic,Healer,EU,The Blinding Vale,10,1,1392.0,17698,1,293.0,2026-08-19,0,-1,1409.0,21.7
161650,22927,Hunter,BeastMastery,Dark Ranger,DPS,EU,The Blinding Vale,10,1,1392.0,221678,0,297.0,2026-08-19,0,-1,1409.0,21.7
161650,21481,Warrior,Arms,Slayer,DPS,EU,The Blinding Vale,10,1,1392.0,253934,2,294.0,2026-08-19,0,-1,1409.0,21.7
161650,26805,Monk,Windwalker,Conduit of the Celestials,DPS,EU,The Blinding Vale,10,1,1392.0,142197,2,286.0,2026-08-19,0,-1,1409.0,21.7
161679,84206,DeathKnight,Blood,Deathbringer,Tank,US,Kings' Rest,4,1,1485.1,55296,0,293.0,2026-08-19,0,-1,1476.0,25.4
161679,196113,Shaman,Restoration,Totemic,Healer,US,Kings' Rest,4,1,1485.1,16029,0,289.0,2026-08-19,0,-1,1476.0,25.4
161679,49964,Warlock,Demonology,Diabolist,DPS,US,Kings' Rest,4,1,1485.1,90350,0,287.0,2026-08-19,0,-1,1476.0,25.4
161679,200573,Shaman,Elemental,Farseer,DPS,US,Kings' Rest,4,1,1485.1,71031,0,278.0,2026-08-19,0,-1,1476.0,25.4
161679,217285,Mage,Arcane,Sunfury,DPS,US,Kings' Rest,4,1,1485.1,45309,0,289.0,2026-08-19,0,-1,1476.0,25.4
161682,176987,Paladin,Protection,Templar,Tank,US,Altar of Fangs,10,0,1874.3,99731,0,296.0,2026-08-20,0,-1,1886.0,-4.8
161682,176988,Shaman,Restoration,Totemic,Healer,US,Altar of Fangs,10,0,1874.3,27945,3,296.0,2026-08-20,0,-1,1886.0,-4.8
161682,176990,Hunter,BeastMastery,Pack Leader,DPS,US,Altar of Fangs,10,0,1874.3,149241,2,294.0,2026-08-20,0,-1,1886.0,-4.8
161682,177318,Monk,Windwalker,Shado-Pan,DPS,US,Altar of Fangs,10,0,1874.3,126242,0,293.0,2026-08-20,0,-1,1886.0,-4.8
161682,176989,Warrior,Arms,Slayer,DPS,US,Altar of Fangs,10,0,1874.3,151994,0,297.0,2026-08-20,0,-1,1886.0,-4.8
161684,94517,DeathKnight,Blood,San'layn,Tank,US,Den of Nalorakk,6,1,1601.5,39316,0,288.0,2026-08-19,0,-1,1593.0,17.0
161684,32720,Priest,Discipline,Oracle,Healer,US,Den of Nalorakk,6,1,1601.5,14565,0,299.0,2026-08-19,0,-1,1593.0,17.0
161684,141425,Priest,Shadow,Archon,DPS,US,Den of Nalorakk,6,1,1601.5,91630,0,289.0,2026-08-19,0,-1,1593.0,17.0
161684,53336,Mage,Frost,Spellslinger,DPS,US,Den of Nalorakk,6,1,1601.5,122665,0,293.0,2026-08-19,0,-1,1593.0,17.0
161684,217287,Warrior,Arms,Slayer,DPS,US,Den of Nalorakk,6,1,1601.5,68567,0,270.0,2026-08-19,0,-1,1593.0,17.0
161699,170483,Paladin,Protection,Lightsmith,Tank,CN,Voidscar Arena,7,1,1417.4,109137,1,290.0,2026-08-20,0,-1,1474.0,18.1
161699,212318,Priest,Holy,Oracle,Healer,CN,Voidscar Arena,7,1,1417.4,12860,2,293.0,2026-08-20,0,-1,1474.0,18.1
161699,170487,Warrior,Arms,Slayer,DPS,CN,Voidscar Arena,7,1,1417.4,122075,3,296.0,2026-08-20,0,-1,1474.0,18.1
161699,217299,Mage,Arcane,Sunfury,DPS,CN,Voidscar Arena,7,1,1417.4,124174,2,288.0,2026-08-20,0,-1,1474.0,18.1
161699,170485,Mage,Arcane,Sunfury,DPS,CN,Voidscar Arena,7,1,1417.4,111054,3,293.0,2026-08-20,0,-1,1474.0,18.1
161700,28607,Druid,Guardian,Elune's Chosen,Tank,EU,The Blinding Vale,10,1,1479.8,88749,0,306.0,2026-08-20,0,-1,1501.0,16.6
161700,188599,Priest,Holy,Oracle,Healer,EU,The Blinding Vale,10,1,1479.8,33135,0,299.0,2026-08-20,0,-1,1501.0,16.6
161700,216109,Hunter,BeastMastery,Pack Leader,DPS,EU,The Blinding Vale,10,1,1479.8,158824,3,289.0,2026-08-20,0,-1,1501.0,16.6
161700,153799,DemonHunter,Devourer,Void-Scarred,DPS,EU,The Blinding Vale,10,1,1479.8,167328,2,301.0,2026-08-20,0,-1,1501.0,16.6
161700,216110,Monk,Windwalker,Conduit of the Celestials,DPS,EU,The Blinding Vale,10,1,1479.8,165200,1,294.0,2026-08-20,0,-1,1501.0,16.6
161703,15876,DemonHunter,Vengeance,Annihilator,Tank,EU,Den of Nalorakk,10,1,1587.5,79414,0,295.0,2026-08-20,0,-1,1624.0,15.4
161703,171794,Druid,Restoration,Wildstalker,Healer,EU,Den of Nalorakk,10,1,1587.5,1375,5,285.0,2026-08-20,0,-1,1624.0,15.4
161703,15880,Hunter,Marksmanship,Sentinel,DPS,EU,Den of Nalorakk,10,1,1587.5,139588,3,296.0,2026-08-20,0,-1,1624.0,15.4
161703,28739,DeathKnight,Frost,Deathbringer,DPS,EU,Den of Nalorakk,10,1,1587.5,133025,1,289.0,2026-08-20,0,-1,1624.0,15.4
161703,15879,Shaman,Elemental,Farseer,DPS,EU,Den of Nalorakk,10,1,1587.5,171828,0,294.0,2026-08-20,0,-1,1624.0,15.4
161721,48189,Paladin,Protection,Lightsmith,Tank,EU,Temple of Sethraliss,10,1,1441.3,92740,0,294.0,2026-08-20,0,-1,1438.0,25.1
161721,24809,Shaman,Restoration,Totemic,Healer,EU,Temple of Sethraliss,10,1,1441.3,22355,0,295.0,2026-08-20,0,-1,1438.0,25.1
161721,133701,DeathKnight,Unholy,Rider of the Apocalypse,DPS,EU,Temple of Sethraliss,10,1,1441.3,176370,0,303.0,2026-08-20,0,-1,1438.0,25.1
161721,153878,Mage,Arcane,Sunfury,DPS,EU,Temple of Sethraliss,10,1,1441.3,159611,1,287.0,2026-08-20,0,-1,1438.0,25.1
161721,180115,Warrior,Fury,Slayer,DPS,EU,Temple of Sethraliss,10,1,1441.3,196930,0,306.0,2026-08-20,0,-1,1438.0,25.1
161727,69476,DeathKnight,Blood,San'layn,Tank,EU,Voidscar Arena,8,1,1497.8,72361,0,292.0,2026-08-19,0,-1,1520.0,15.6
161727,39699,Priest,Discipline,Voidweaver,Healer,EU,Voidscar Arena,8,1,1497.8,27238,1,291.0,2026-08-19,0,-1,1520.0,15.6
161727,39700,Monk,Windwalker,Shado-Pan,DPS,EU,Voidscar Arena,8,1,1497.8,96010,3,290.0,2026-08-19,0,-1,1520.0,15.6
161727,39701,Shaman,Elemental,Farseer,DPS,EU,Voidscar Arena,8,1,1497.8,149380,1,294.0,2026-08-19,0,-1,1520.0,15.6
161727,134794,Druid,Balance,Elune's Chosen,DPS,EU,Voidscar Arena,8,1,1497.8,129254,1,295.0,2026-08-19,0,-1,1520.0,15.6
161735,85531,DemonHunter,Vengeance,Annihilator,Tank,EU,Voidscar Arena,9,1,1311.4,94877,0,290.0,2026-08-19,0,-1,1313.0,27.0
161735,47788,Paladin,Holy,Herald of the Sun,Healer,EU,Voidscar Arena,9,1,1311.4,18628,0,293.0,2026-08-19,0,-1,1313.0,27.0
161735,116689,DemonHunter,Devourer,Annihilator,DPS,EU,Voidscar Arena,9,1,1311.4,159995,1,291.0,2026-08-19,0,-1,1313.0,27.0
161735,116688,Shaman,Elemental,Farseer,DPS,EU,Voidscar Arena,9,1,1311.4,198636,0,293.0,2026-08-19,0,-1,1313.0,27.0
161735,212571,Hunter,Marksmanship,Sentinel,DPS,EU,Voidscar Arena,9,1,1311.4,143849,1,293.0,2026-08-19,0,-1,1313.0,27.0
161759,7279,Druid,Guardian,Elune's Chosen,Tank,US,Voidscar Arena,10,1,1253.9,100320,0,294.0,2026-08-19,0,-1,1246.0,30.8
161759,7280,Paladin,Holy,Herald of the Sun,Healer,US,Voidscar Arena,10,1,1253.9,13048,0,301.0,2026-08-19,0,-1,1246.0,30.8
161759,4359,Priest,Shadow,Archon,DPS,US,Voidscar Arena,10,1,1253.9,180632,0,299.0,2026-08-19,0,-1,1246.0,30.8
161759,7282,Warrior,Arms,Slayer,DPS,US,Voidscar Arena,10,1,1253.9,194117,0,290.0,2026-08-19,0,-1,1246.0,30.8
161759,7281,Mage,Arcane,Sunfury,DPS,US,Voidscar Arena,10,1,1253.9,197962,0,298.0,2026-08-19,0,-1,1246.0,30.8
161766,104203,Warrior,Protection,Mountain Thane,Tank,CN,The Blinding Vale,7,1,1534.8,87507,0,296.0,2026-08-20,0,-1,1537.0,14.6
161766,104204,Paladin,Holy,Herald of the Sun,Healer,CN,The Blinding Vale,7,1,1534.8,5281,1,297.0,2026-08-20,0,-1,1537.0,14.6
161766,104206,Evoker,Devastation,Scalecommander,DPS,CN,The Blinding Vale,7,1,1534.8,185737,1,293.0,2026-08-20,0,-1,1537.0,14.6
161766,104205,Mage,Arcane,Sunfury,DPS,CN,The Blinding Vale,7,1,1534.8,133530,0,295.0,2026-08-20,0,-1,1537.0,14.6
161766,104207,Paladin,Retribution,Templar,DPS,CN,The Blinding Vale,7,1,1534.8,139604,0,289.0,2026-08-20,0,-1,1537.0,14.6
161774,217350,Paladin,Protection,Lightsmith,Tank,EU,The Blinding Vale,10,1,1099.8,135604,0,294.0,2026-08-20,0,-1,1096.0,39.1
161774,20773,Priest,Holy,Oracle,Healer,EU,The Blinding Vale,10,1,1099.8,40066,0,309.0,2026-08-20,0,-1,1096.0,39.1
161774,108096,Rogue,Subtlety,Deathstalker,DPS,EU,The Blinding Vale,10,1,1099.8,272523,0,307.0,2026-08-20,0,-1,1096.0,39.1
161774,217351,Mage,Arcane,Sunfury,DPS,EU,The Blinding Vale,10,1,1099.8,216794,1,292.0,2026-08-20,0,-1,1096.0,39.1
161774,26593,DemonHunter,Devourer,Void-Scarred,DPS,EU,The Blinding Vale,10,1,1099.8,240561,0,304.0,2026-08-20,0,-1,1096.0,39.1
161783,97901,DeathKnight,Blood,Deathbringer,Tank,EU,Murder Row,10,1,1801.8,98526,0,291.0,2026-08-19,0,-1,1799.0,11.8
161783,123246,Paladin,Holy,Herald of the Sun,Healer,EU,Murder Row,10,1,1801.8,21365,0,289.0,2026-08-19,0,-1,1799.0,11.8
161783,54117,Hunter,Survival,Sentinel,DPS,EU,Murder Row,10,1,1801.8,144528,0,293.0,2026-08-19,0,-1,1799.0,11.8
161783,97904,Warrior,Arms,Slayer,DPS,EU,Murder Row,10,1,1801.8,136289,0,292.0,2026-08-19,0,-1,1799.0,11.8
161783,117194,Druid,Balance,Elune's Chosen,DPS,EU,Murder Row,10,1,1801.8,116628,1,284.0,2026-08-19,0,-1,1799.0,11.8
161792,217361,Druid,Guardian,Elune's Chosen,Tank,EU,Kings' Rest,5,1,1381.1,46371,0,292.0,2026-08-20,0,-1,1372.0,30.7
161792,94972,Monk,Mistweaver,Conduit of the Celestials,Healer,EU,Kings' Rest,5,1,1381.1,28777,2,296.0,2026-08-20,0,-1,1372.0,30.7
161792,217362,Mage,Arcane,Sunfury,DPS,EU,Kings' Rest,5,1,1381.1,69169,3,282.0,2026-08-20,0,-1,1372.0,30.7
161792,217363,Warlock,Demonology,Diabolist,DPS,EU,Kings' Rest,5,1,1381.1,97056,3,292.0,2026-08-20,0,-1,1372.0,30.7
161792,45630,Warrior,Arms,Slayer,DPS,EU,Kings' Rest,5,1,1381.1,68764,3,288.0,2026-08-20,0,-1,1372.0,30.7
161796,217365,DeathKnight,Blood,San'layn,Tank,EU,Den of Nalorakk,10,1,1520.7,71582,0,296.0,2026-08-20,0,-1,1543.0,19.7
161796,131640,Shaman,Restoration,Totemic,Healer,EU,Den of Nalorakk,10,1,1520.7,29461,0,297.0,2026-08-20,0,-1,1543.0,19.7
161796,217366,Druid,Balance,Elune's Chosen,DPS,EU,Den of Nalorakk,10,1,1520.7,139633,2,291.0,2026-08-20,0,-1,1543.0,19.7
161796,111494,DemonHunter,Devourer,Void-Scarred,DPS,EU,Den of Nalorakk,10,1,1520.7,144675,3,297.0,2026-08-20,0,-1,1543.0,19.7
161796,32227,Mage,Arcane,Spellslinger,DPS,EU,Den of Nalorakk,10,1,1520.7,189006,1,304.0,2026-08-20,0,-1,1543.0,19.7
161799,9532,DemonHunter,Vengeance,Annihilator,Tank,US,Ruby Life Pools,10,1,1434.1,79872,0,289.0,2026-08-19,0,-1,1430.0,14.9
161799,12253,Priest,Discipline,Voidweaver,Healer,US,Ruby Life Pools,10,1,1434.1,29705,0,296.0,2026-08-19,0,-1,1430.0,14.9
161799,55015,Druid,Balance,Elune's Chosen,DPS,US,Ruby Life Pools,10,1,1434.1,131458,0,302.0,2026-08-19,0,-1,1430.0,14.9
161799,49724,Mage,Frost,Spellslinger,DPS,US,Ruby Life Pools,10,1,1434.1,157203,1,297.0,2026-08-19,0,-1,1430.0,14.9
161799,52410,DeathKnight,Unholy,Rider of the Apocalypse,DPS,US,Ruby Life Pools,10,1,1434.1,168694,0,297.0,2026-08-19,0,-1,1430.0,14.9
161806,61592,Paladin,Protection,Templar,Tank,US,Kings' Rest,4,1,1145.2,44240,1,278.0,2026-08-19,0,-1,1137.0,42.6
161806,142972,Shaman,Restoration,Totemic,Healer,US,Kings' Rest,4,1,1145.2,16672,1,297.0,2026-08-19,0,-1,1137.0,42.6
161806,217371,Warlock,Destruction,Diabolist,DPS,US,Kings' Rest,4,1,1145.2,119863,1,294.0,2026-08-19,0,-1,1137.0,42.6
161806,217372,Mage,Arcane,Sunfury,DPS,US,Kings' Rest,4,1,1145.2,104922,1,292.0,2026-08-19,0,-1,1137.0,42.6
161806,142974,Hunter,Survival,Sentinel,DPS,US,Kings' Rest,4,1,1145.2,67589,1,289.0,2026-08-19,0,-1,1137.0,42.6
161810,125285,DeathKnight,Blood,San'layn,Tank,EU,Voidscar Arena,11,1,1703.0,88611,3,292.0,2026-08-19,0,-1,1744.0,3.1
161810,16926,Shaman,Restoration,Totemic,Healer,EU,Voidscar Arena,11,1,1703.0,18606,2,299.0,2026-08-19,0,-1,1744.0,3.1
161810,125287,Hunter,Marksmanship,Sentinel,DPS,EU,Voidscar Arena,11,1,1703.0,166333,1,293.0,2026-08-19,0,-1,1744.0,3.1
161810,22342,Paladin,Retribution,Templar,DPS,EU,Voidscar Arena,11,1,1703.0,178743,2,300.0,2026-08-19,0,-1,1744.0,3.1
161810,125286,Monk,Windwalker,Shado-Pan,DPS,EU,Voidscar Arena,11,1,1703.0,143212,2,287.0,2026-08-19,0,-1,1744.0,3.1
161811,71574,Monk,Brewmaster,Shado-Pan,Tank,EU,Temple of Sethraliss,10,1,1509.0,111649,0,295.0,2026-08-19,0,-1,1515.0,21.1
161811,81100,Paladin,Holy,Herald of the Sun,Healer,EU,Temple of Sethraliss,10,1,1509.0,14557,1,297.0,2026-08-19,0,-1,1515.0,21.1
161811,130773,Mage,Arcane,Sunfury,DPS,EU,Temple of Sethraliss,10,1,1509.0,163541,2,295.0,2026-08-19,0,-1,1515.0,21.1
161811,167597,Druid,Balance,Elune's Chosen,DPS,EU,Temple of Sethraliss,10,1,1509.0,163130,0,293.0,2026-08-19,0,-1,1515.0,21.1
161811,71576,DemonHunter,Devourer,Void-Scarred,DPS,EU,Temple of Sethraliss,10,1,1509.0,155947,0,292.0,2026-08-19,0,-1,1515.0,21.1
161820,217381,Warrior,Protection,Mountain Thane,Tank,US,The Blinding Vale,10,0,1806.8,103384,2,291.0,2026-08-20,0,-1,1923.0,-6.8
161820,36975,Shaman,Restoration,Totemic,Healer,US,The Blinding Vale,10,0,1806.8,16070,2,305.0,2026-08-20,0,-1,1923.0,-6.8
161820,217382,Hunter,BeastMastery,Pack Leader,DPS,US,The Blinding Vale,10,0,1806.8,143813,7,300.0,2026-08-20,0,-1,1923.0,-6.8
161820,6257,Monk,Windwalker,Shado-Pan,DPS,US,The Blinding Vale,10,0,1806.8,150125,7,305.0,2026-08-20,0,-1,1923.0,-6.8
161820,217383,Mage,Arcane,Sunfury,DPS,US,The Blinding Vale,10,0,1806.8,133123,7,288.0,2026-08-20,0,-1,1923.0,-6.8
161825,12881,Warrior,Protection,Mountain Thane,Tank,EU,Kings' Rest,11,1,1628.5,94151,1,292.0,2026-08-19,0,-1,1655.0,16.4
161825,12882,Priest,Holy,Oracle,Healer,EU,Kings' Rest,11,1,1628.5,22022,0,293.0,2026-08-19,0,-1,1655.0,16.4
161825,12883,Druid,Balance,Elune's Chosen,DPS,EU,Kings' Rest,11,1,1628.5,105474,2,296.0,2026-08-19,0,-1,1655.0,16.4
161825,12885,Monk,Windwalker,Shado-Pan,DPS,EU,Kings' Rest,11,1,1628.5,148770,2,295.0,2026-08-19,0,-1,1655.0,16.4
161825,12884,Mage,Arcane,Sunfury,DPS,EU,Kings' Rest,11,1,1628.5,136477,2,298.0,2026-08-19,0,-1,1655.0,16.4
161840,217395,Paladin,Protection,Lightsmith,Tank,EU,Murder Row,10,1,1921.7,83278,1,291.0,2026-08-20,0,-1,1938.0,5.0
161840,217396,Paladin,Holy,Herald of the Sun,Healer,EU,Murder Row,10,1,1921.7,6610,1,295.0,2026-08-20,0,-1,1938.0,5.0
161840,122712,Warrior,Arms,Slayer,DPS,EU,Murder Row,10,1,1921.7,145305,1,302.0,2026-08-20,0,-1,1938.0,5.0
161840,28254,Shaman,Elemental,Farseer,DPS,EU,Murder Row,10,1,1921.7,151406,1,295.0,2026-08-20,0,-1,1938.0,5.0
161840,200780,Rogue,Outlaw,Trickster,DPS,EU,Murder Row,10,1,1921.7,139727,1,288.0,2026-08-20,0,-1,1938.0,5.0
161842,98496,DeathKnight,Blood,Deathbringer,Tank,US,Altar of Fangs,9,1,1531.6,85711,2,289.0,2026-08-20,0,-1,1538.0,14.6
161842,61112,Shaman,Restoration,Totemic,Healer,US,Altar of Fangs,9,1,1531.6,31288,0,297.0,2026-08-20,0,-1,1538.0,14.6
161842,121232,Shaman,Enhancement,Stormbringer,DPS,US,Altar of Fangs,9,1,1531.6,195451,1,292.0,2026-08-20,0,-1,1538.0,14.6
161842,61113,Priest,Shadow,Voidweaver,DPS,US,Altar of Fangs,9,1,1531.6,169098,0,294.0,2026-08-20,0,-1,1538.0,14.6
161842,217397,Warrior,Arms,Slayer,DPS,US,Altar of Fangs,9,1,1531.6,171298,0,294.0,2026-08-20,0,-1,1538.0,14.6
161848,28728,Monk,Brewmaster,Master of Harmony,Tank,EU,Voidscar Arena,6,1,1632.6,45646,1,293.0,2026-08-19,0,-1,1679.0,6.7
161848,28729,Paladin,Holy,Herald of the Sun,Healer,EU,Voidscar Arena,6,1,1632.6,12168,2,281.0,2026-08-19,0,-1,1679.0,6.7
161848,28732,Mage,Frost,Spellslinger,DPS,EU,Voidscar Arena,6,1,1632.6,84010,2,293.0,2026-08-19,0,-1,1679.0,6.7
161848,28730,Hunter,BeastMastery,Pack Leader,DPS,EU,Voidscar Arena,6,1,1632.6,141402,2,292.0,2026-08-19,0,-1,1679.0,6.7
161848,28731,Warlock,Affliction,Soul Harvester,DPS,EU,Voidscar Arena,6,1,1632.6,77710,4,287.0,2026-08-19,0,-1,1679.0,6.7
161857,168387,DeathKnight,Blood,Deathbringer,Tank,CN,Kings' Rest,10,1,1645.7,68266,0,296.0,2026-08-20,0,-1,1642.0,17.1
161857,168388,Paladin,Holy,Herald of the Sun,Healer,CN,Kings' Rest,10,1,1645.7,11601,1,297.0,2026-08-20,0,-1,1642.0,17.1
161857,200266,Shaman,Elemental,Farseer,DPS,CN,Kings' Rest,10,1,1645.7,112216,0,301.0,2026-08-20,0,-1,1642.0,17.1
161857,168389,Paladin,Retribution,Herald of the Sun,DPS,CN,Kings' Rest,10,1,1645.7,181156,0,302.0,2026-08-20,0,-1,1642.0,17.1
161857,168391,Warrior,Arms,Colossus,DPS,CN,Kings' Rest,10,1,1645.7,88756,0,290.0,2026-08-20,0,-1,1642.0,17.1
161860,109558,DeathKnight,Blood,San'layn,Tank,EU,Den of Nalorakk,10,0,2873.2,52115,5,291.0,2026-08-19,0,-1,2964.0,-54.4
161860,217406,Paladin,Holy,Herald of the Sun,Healer,EU,Den of Nalorakk,10,0,2873.2,12857,7,281.0,2026-08-19,0,-1,2964.0,-54.4
161860,109559,Mage,Fire,Sunfury,DPS,EU,Den of Nalorakk,10,0,2873.2,71864,8,292.0,2026-08-19,0,-1,2964.0,-54.4
161860,217407,Monk,Windwalker,Shado-Pan,DPS,EU,Den of Nalorakk,10,0,2873.2,113444,7,293.0,2026-08-19,0,-1,2964.0,-54.4
161860,109560,Shaman,Elemental,Farseer,DPS,EU,Den of Nalorakk,10,0,2873.2,111910,8,292.0,2026-08-19,0,-1,2964.0,-54.4
161867,90702,DeathKnight,Blood,San'layn,Tank,EU,Temple of Sethraliss,11,0,1930.9,108829,1,305.0,2026-08-20,0,-1,2007.0,-4.6
161867,61335,Monk,Mistweaver,Conduit of the Celestials,Healer,EU,Temple of Sethraliss,11,0,1930.9,46368,1,303.0,2026-08-20,0,-1,2007.0,-4.6
161867,33735,Hunter,BeastMastery,Pack Leader,DPS,EU,Temple of Sethraliss,11,0,1930.9,129966,5,294.0,2026-08-20,0,-1,2007.0,-4.6
161867,61337,Priest,Shadow,Archon,DPS,EU,Temple of Sethraliss,11,0,1930.9,134259,5,297.0,2026-08-20,0,-1,2007.0,-4.6
161867,217411,Hunter,BeastMastery,Pack Leader,DPS,EU,Temple of Sethraliss,11,0,1930.9,141345,5,291.0,2026-08-20,0,-1,2007.0,-4.6
161868,182572,DeathKnight,Blood,San'layn,Tank,CN,Ruby Life Pools,4,1,1201.2,72446,0,291.0,2026-08-20,0,-1,1193.0,29.0
161868,217412,Paladin,Holy,Herald of the Sun,Healer,CN,Ruby Life Pools,4,1,1201.2,18633,1,284.0,2026-08-20,0,-1,1193.0,29.0
161868,182575,Warlock,Demonology,Diabolist,DPS,CN,Ruby Life Pools,4,1,1201.2,83923,0,292.0,2026-08-20,0,-1,1193.0,29.0
161868,217413,Mage,Arcane,Sunfury,DPS,CN,Ruby Life Pools,4,1,1201.2,120577,0,297.0,2026-08-20,0,-1,1193.0,29.0
161868,217414,Paladin,Retribution,Templar,DPS,CN,Ruby Life Pools,4,1,1201.2,96514,0,286.0,2026-08-20,0,-1,1193.0,29.0
161896,24023,DemonHunter,Vengeance,Annihilator,Tank,US,Kings' Rest,10,0,1953.4,59103,4,300.0,2026-08-19,0,-1,2045.0,-3.3
161896,61616,Druid,Restoration,Wildstalker,Healer,US,Kings' Rest,10,0,1953.4,11783,5,291.0,2026-08-19,0,-1,2045.0,-3.3
161896,58326,Hunter,Marksmanship,Sentinel,DPS,US,Kings' Rest,10,0,1953.4,112572,3,300.0,2026-08-19,0,-1,2045.0,-3.3
161896,9375,Mage,Arcane,Sunfury,DPS,US,Kings' Rest,10,0,1953.4,119358,5,302.0,2026-08-19,0,-1,2045.0,-3.3
161896,58325,Warlock,Destruction,Diabolist,DPS,US,Kings' Rest,10,0,1953.4,122722,3,299.0,2026-08-19,0,-1,2045.0,-3.3
161900,155862,DeathKnight,Blood,San'layn,Tank,EU,Altar of Fangs,10,1,1652.6,87018,0,298.0,2026-08-19,0,-1,1649.0,8.4
161900,217431,Monk,Mistweaver,Conduit of the Celestials,Healer,EU,Altar of Fangs,10,1,1652.6,38391,0,299.0,2026-08-19,0,-1,1649.0,8.4
161900,120813,Mage,Arcane,Sunfury,DPS,EU,Altar of Fangs,10,1,1652.6,153515,0,295.0,2026-08-19,0,-1,1649.0,8.4
161900,155864,DemonHunter,Devourer,Void-Scarred,DPS,EU,Altar of Fangs,10,1,1652.6,197659,1,300.0,2026-08-19,0,-1,1649.0,8.4
161900,22977,DeathKnight,Unholy,Rider of the Apocalypse,DPS,EU,Altar of Fangs,10,1,1652.6,164807,0,300.0,2026-08-19,0,-1,1649.0,8.4
161904,82778,Druid,Guardian,Unknown,Tank,US,Murder Row,7,1,2002.1,81339,1,291.0,2026-08-19,0,-1,2039.0,0.1
161904,82779,Evoker,Preservation,Unknown,Healer,US,Murder Row,7,1,2002.1,26025,2,287.0,2026-08-19,0,-1,2039.0,0.1
161904,91694,Monk,Windwalker,Unknown,DPS,US,Murder Row,7,1,2002.1,108081,1,289.0,2026-08-19,0,-1,2039.0,0.1
161904,91695,Hunter,BeastMastery,Unknown,DPS,US,Murder Row,7,1,2002.1,89446,3,287.0,2026-08-19,0,-1,2039.0,0.1
161904,91696,Hunter,BeastMastery,Unknown,DPS,US,Murder Row,7,1,2002.1,106518,2,288.0,2026-08-19,0,-1,2039.0,0.1
161917,62017,Paladin,Protection,Lightsmith,Tank,EU,Altar of Fangs,2,1,786.4,74675,0,296.0,2026-08-19,0,-1,778.0,56.8
161917,62018,Shaman,Restoration,Totemic,Healer,EU,Altar of Fangs,2,1,786.4,16236,1,291.0,2026-08-19,0,-1,778.0,56.8
161917,61272,DemonHunter,Devourer,Void-Scarred,DPS,EU,Altar of Fangs,2,1,786.4,153818,1,294.0,2026-08-19,0,-1,778.0,56.8
161917,62019,Mage,Arcane,Sunfury,DPS,EU,Altar of Fangs,2,1,786.4,155798,1,293.0,2026-08-19,0,-1,778.0,56.8
161917,61271,Shaman,Elemental,Farseer,DPS,EU,Altar of Fangs,2,1,786.4,198972,1,294.0,2026-08-19,0,-1,778.0,56.8
161920,28884,Paladin,Protection,Lightsmith,Tank,EU,Altar of Fangs,10,0,1995.0,91508,2,295.0,2026-08-19,0,-1,2057.0,-14.3
161920,36595,Druid,Restoration,Wildstalker,Healer,EU,Altar of Fangs,10,0,1995.0,5675,2,298.0,2026-08-19,0,-1,2057.0,-14.3
161920,217446,Warrior,Arms,Slayer,DPS,EU,Altar of Fangs,10,0,1995.0,119216,5,296.0,2026-08-19,0,-1,2057.0,-14.3
161920,217447,Paladin,Retribution,Templar,DPS,EU,Altar of Fangs,10,0,1995.0,186576,1,299.0,2026-08-19,0,-1,2057.0,-14.3
161920,148905,Hunter,Marksmanship,Sentinel,DPS,EU,Altar of Fangs,10,0,1995.0,146891,4,294.0,2026-08-19,0,-1,2057.0,-14.3
161932,150660,Paladin,Protection,Templar,Tank,US,Murder Row,10,1,1618.5,63171,0,301.0,2026-08-19,0,-1,1610.0,21.1
161932,960,Paladin,Holy,Herald of the Sun,Healer,US,Murder Row,10,1,1618.5,9580,0,300.0,2026-08-19,0,-1,1610.0,21.1
161932,217450,Paladin,Retribution,Templar,DPS,US,Murder Row,10,1,1618.5,147926,0,290.0,2026-08-19,0,-1,1610.0,21.1
161932,5727,Mage,Arcane,Sunfury,DPS,US,Murder Row,10,1,1618.5,173776,0,299.0,2026-08-19,0,-1,1610.0,21.1
161932,9792,Priest,Shadow,Archon,DPS,US,Murder Row,10,1,1618.5,178564,0,300.0,2026-08-19,0,-1,1610.0,21.1
161945,78107,Paladin,Protection,Lightsmith,Tank,EU,Ruby Life Pools,9,1,1609.8,76409,2,295.0,2026-08-19,0,-1,1631.0,2.9
161945,78108,Paladin,Holy,Herald of the Sun,Healer,EU,Ruby Life Pools,9,1,1609.8,18603,1,291.0,2026-08-19,0,-1,1631.0,2.9
161945,78110,Rogue,Outlaw,Fatebound,DPS,EU,Ruby Life Pools,9,1,1609.8,131922,1,290.0,2026-08-19,0,-1,1631.0,2.9
161945,78109,Druid,Balance,Elune's Chosen,DPS,EU,Ruby Life Pools,9,1,1609.8,136087,1,291.0,2026-08-19,0,-1,1631.0,2.9
161945,104257,DeathKnight,Unholy,Rider of the Apocalypse,DPS,EU,Ruby Life Pools,9,1,1609.8,143704,1,290.0,2026-08-19,0,-1,1631.0,2.9
161949,60163,Paladin,Protection,Lightsmith,Tank,US,Altar of Fangs,10,1,1492.6,106441,0,294.0,2026-08-20,0,-1,1489.0,17.3
161949,133341,Priest,Discipline,Oracle,Healer,US,Altar of Fangs,10,1,1492.6,16334,1,293.0,2026-08-20,0,-1,1489.0,17.3
161949,6248,Warrior,Arms,Slayer,DPS,US,Altar of Fangs,10,1,1492.6,209841,0,295.0,2026-08-20,0,-1,1489.0,17.3
161949,100456,Druid,Balance,Elune's Chosen,DPS,US,Altar of Fangs,10,1,1492.6,199693,0,297.0,2026-08-20,0,-1,1489.0,17.3
161949,133342,Hunter,BeastMastery,Pack Leader,DPS,US,Altar of Fangs,10,1,1492.6,167807,0,293.0,2026-08-20,0,-1,1489.0,17.3
161950,33698,Monk,Brewmaster,Unknown,Tank,US,Ruby Life Pools,9,1,1592.7,76975,1,290.0,2026-08-20,0,-1,1614.0,3.9
161950,105782,Shaman,Restoration,Unknown,Healer,US,Ruby Life Pools,9,1,1592.7,19319,1,286.0,2026-08-20,0,-1,1614.0,3.9
161950,100992,DemonHunter,Havoc,Unknown,DPS,US,Ruby Life Pools,9,1,1592.7,165558,1,295.0,2026-08-20,0,-1,1614.0,3.9
161950,62419,Monk,Windwalker,Unknown,DPS,US,Ruby Life Pools,9,1,1592.7,138923,1,295.0,2026-08-20,0,-1,1614.0,3.9
161950,115833,Evoker,Augmentation,Unknown,DPS,US,Ruby Life Pools,9,1,1592.7,116892,2,292.0,2026-08-20,0,-1,1614.0,3.9
161958,55133,DeathKnight,Blood,San'layn,Tank,US,Altar of Fangs,10,1,1707.8,96957,3,295.0,2026-08-20,0,-1,1784.0,0.9
161958,55134,Paladin,Holy,Herald of the Sun,Healer,US,Altar of Fangs,10,1,1707.8,6727,2,300.0,2026-08-20,0,-1,1784.0,0.9
161958,154186,Hunter,BeastMastery,Pack Leader,DPS,US,Altar of Fangs,10,1,1707.8,149326,5,297.0,2026-08-20,0,-1,1784.0,0.9
161958,55352,Warrior,Arms,Slayer,DPS,US,Altar of Fangs,10,1,1707.8,179259,3,302.0,2026-08-20,0,-1,1784.0,0.9
161958,55135,DeathKnight,Frost,Deathbringer,DPS,US,Altar of Fangs,10,1,1707.8,179244,4,302.0,2026-08-20,0,-1,1784.0,0.9
161959,90506,Paladin,Protection,Templar,Tank,EU,The Blinding Vale,10,1,1738.3,58121,0,294.0,2026-08-19,0,-1,1740.0,3.3
161959,108080,Shaman,Restoration,Totemic,Healer,EU,The Blinding Vale,10,1,1738.3,26557,0,290.0,2026-08-19,0,-1,1740.0,3.3
161959,108081,Rogue,Subtlety,Trickster,DPS,EU,The Blinding Vale,10,1,1738.3,169412,0,294.0,2026-08-19,0,-1,1740.0,3.3
161959,122421,Druid,Balance,Elune's Chosen,DPS,EU,The Blinding Vale,10,1,1738.3,135985,2,297.0,2026-08-19,0,-1,1740.0,3.3
161959,108082,Hunter,BeastMastery,Pack Leader,DPS,EU,The Blinding Vale,10,1,1738.3,147458,0,295.0,2026-08-19,0,-1,1740.0,3.3
161969,40927,DeathKnight,Blood,Deathbringer,Tank,US,Den of Nalorakk,12,1,1740.3,102849,0,299.0,2026-08-20,0,-1,1807.0,5.9
161969,38832,Shaman,Restoration,Totemic,Healer,US,Den of Nalorakk,12,1,1740.3,30667,1,304.0,2026-08-20,0,-1,1807.0,5.9
161969,49635,Warrior,Arms,Slayer,DPS,US,Den of Nalorakk,12,1,1740.3,169659,1,289.0,2026-08-20,0,-1,1807.0,5.9
161969,35901,Mage,Arcane,Sunfury,DPS,US,Den of Nalorakk,12,1,1740.3,178042,1,306.0,2026-08-20,0,-1,1807.0,5.9
161969,175300,Hunter,BeastMastery,Pack Leader,DPS,US,Den of Nalorakk,12,1,1740.3,149942,2,292.0,2026-08-20,0,-1,1807.0,5.9
161975,19103,DeathKnight,Blood,San'layn,Tank,US,Kings' Rest,10,1,1412.6,99970,0,298.0,2026-08-20,0,-1,1407.0,28.9
161975,217470,Shaman,Restoration,Totemic,Healer,US,Kings' Rest,10,1,1412.6,29764,0,287.0,2026-08-20,0,-1,1407.0,28.9
161975,217471,Warlock,Demonology,Diabolist,DPS,US,Kings' Rest,10,1,1412.6,89770,1,294.0,2026-08-20,0,-1,1407.0,28.9
161975,19105,Monk,Windwalker,Shado-Pan,DPS,US,Kings' Rest,10,1,1412.6,160896,0,301.0,2026-08-20,0,-1,1407.0,28.9
161975,19106,Rogue,Subtlety,Trickster,DPS,US,Kings' Rest,10,1,1412.6,140076,0,299.0,2026-08-20,0,-1,1407.0,28.9
161992,21661,Paladin,Protection,Templar,Tank,EU,Ruby Life Pools,12,1,1453.4,91811,0,304.0,2026-08-20,0,-1,1460.0,13.1
161992,21662,Monk,Mistweaver,Conduit of the Celestials,Healer,EU,Ruby Life Pools,12,1,1453.4,36460,0,300.0,2026-08-20,0,-1,1460.0,13.1
161992,217480,Paladin,Retribution,Templar,DPS,EU,Ruby Life Pools,12,1,1453.4,159444,0,291.0,2026-08-20,0,-1,1460.0,13.1
161992,21663,Hunter,BeastMastery,Pack Leader,DPS,EU,Ruby Life Pools,12,1,1453.4,144809,1,306.0,2026-08-20,0,-1,1460.0,13.1
161992,18805,Mage,Arcane,Sunfury,DPS,EU,Ruby Life Pools,12,1,1453.4,237125,0,304.0,2026-08-20,0,-1,1460.0,13.1
161993,49358,Monk,Brewmaster,Master of Harmony,Tank,US,Altar of Fangs,11,0,2052.1,69930,4,298.0,2026-08-20,0,-1,2123.0,-17.9
161993,128448,Monk,Mistweaver,Conduit of the Celestials,Healer,US,Altar of Fangs,11,0,2052.1,34291,4,294.0,2026-08-20,0,-1,2123.0,-17.9
161993,49361,Shaman,Elemental,Farseer,DPS,US,Altar of Fangs,11,0,2052.1,137073,4,289.0,2026-08-20,0,-1,2123.0,-17.9
161993,33316,Rogue,Subtlety,Deathstalker,DPS,US,Altar of Fangs,11,0,2052.1,160336,3,303.0,2026-08-20,0,-1,2123.0,-17.9
161993,43271,DemonHunter,Devourer,Void-Scarred,DPS,US,Altar of Fangs,11,0,2052.1,162993,5,300.0,2026-08-20,0,-1,2123.0,-17.9
162009,29294,Paladin,Protection,Templar,Tank,US,Den of Nalorakk,10,1,1605.6,74579,0,297.0,2026-08-18,0,-1,1602.0,16.6
162009,101993,Paladin,Holy,Herald of the Sun,Healer,US,Den of Nalorakk,10,1,1605.6,15816,0,297.0,2026-08-18,0,-1,1602.0,16.6
162009,10253,Evoker,Devastation,Scalecommander,DPS,US,Den of Nalorakk,10,1,1605.6,190396,0,299.0,2026-08-18,0,-1,1602.0,16.6
162009,217492,Evoker,Augmentation,Chronowarden,DPS,US,Den of Nalorakk,10,1,1605.6,113317,0,282.0,2026-08-18,0,-1,1602.0,16.6
162009,82559,Druid,Balance,Elune's Chosen,DPS,US,Den of Nalorakk,10,1,1605.6,138584,1,290.0,2026-08-18,0,-1,1602.0,16.6
162032,50395,Druid,Guardian,Unknown,Tank,US,Kings' Rest,5,1,1147.0,46284,0,293.0,2026-08-19,0,-1,1138.0,42.5
162032,217504,Paladin,Holy,Unknown,Healer,US,Kings' Rest,5,1,1147.0,13532,0,282.0,2026-08-19,0,-1,1138.0,42.5
162032,120599,Warrior,Arms,Unknown,DPS,US,Kings' Rest,5,1,1147.0,94567,0,292.0,2026-08-19,0,-1,1138.0,42.5
162032,217505,Hunter,BeastMastery,Unknown,DPS,US,Kings' Rest,5,1,1147.0,100147,0,283.0,2026-08-19,0,-1,1138.0,42.5
162032,11243,Rogue,Subtlety,Unknown,DPS,US,Kings' Rest,5,1,1147.0,113490,0,293.0,2026-08-19,0,-1,1138.0,42.5
162036,90304,Druid,Guardian,Elune's Chosen,Tank,EU,Temple of Sethraliss,10,1,1610.9,71382,1,295.0,2026-08-19,0,-1,1652.0,13.9
162036,23069,Monk,Mistweaver,Conduit of the Celestials,Healer,EU,Temple of Sethraliss,10,1,1610.9,39196,2,298.0,2026-08-19,0,-1,1652.0,13.9
162036,90305,DemonHunter,Devourer,Annihilator,DPS,EU,Temple of Sethraliss,10,1,1610.9,186902,1,293.0,2026-08-19,0,-1,1652.0,13.9
162036,90306,Warrior,Arms,Slayer,DPS,EU,Temple of Sethraliss,10,1,1610.9,126252,3,294.0,2026-08-19,0,-1,1652.0,13.9
162036,18406,Mage,Arcane,Sunfury,DPS,EU,Temple of Sethraliss,10,1,1610.9,172105,3,292.0,2026-08-19,0,-1,1652.0,13.9
162049,139630,DeathKnight,Blood,San'layn,Tank,EU,Den of Nalorakk,2,1,973.6,48529,0,289.0,2026-08-19,0,-1,965.0,49.7
162049,74960,Monk,Mistweaver,Conduit of the Celestials,Healer,EU,Den of Nalorakk,2,1,973.6,32768,0,290.0,2026-08-19,0,-1,965.0,49.7
162049,141372,Hunter,Marksmanship,Sentinel,DPS,EU,Den of Nalorakk,2,1,973.6,110816,0,289.0,2026-08-19,0,-1,965.0,49.7
162049,217514,DemonHunter,Devourer,Annihilator,DPS,EU,Den of Nalorakk,2,1,973.6,125737,0,292.0,2026-08-19,0,-1,965.0,49.7
162049,141371,Rogue,Subtlety,Deathstalker,DPS,EU,Den of Nalorakk,2,1,973.6,109330,0,287.0,2026-08-19,0,-1,965.0,49.7
162059,81656,DemonHunter,Vengeance,Annihilator,Tank,US,Murder Row,2,1,1221.9,68330,0,291.0,2026-08-18,0,-1,1213.0,40.5
162059,81657,Paladin,Holy,Herald of the Sun,Healer,US,Murder Row,2,1,1221.9,8090,0,289.0,2026-08-18,0,-1,1213.0,40.5
162059,81659,Shaman,Elemental,Farseer,DPS,US,Murder Row,2,1,1221.9,107135,0,293.0,2026-08-18,0,-1,1213.0,40.5
162059,59604,Mage,Arcane,Sunfury,DPS,US,Murder Row,2,1,1221.9,99062,0,290.0,2026-08-18,0,-1,1213.0,40.5
162059,53600,Warlock,Destruction,Diabolist,DPS,US,Murder Row,2,1,1221.9,71528,0,283.0,2026-08-18,0,-1,1213.0,40.5
162083,17829,Paladin,Protection,Lightsmith,Tank,EU,Den of Nalorakk,10,1,1795.8,70481,0,298.0,2026-08-20,0,-1,1822.0,5.1
162083,189309,Paladin,Holy,Herald of the Sun,Healer,EU,Den of Nalorakk,10,1,1795.8,2376,2,284.0,2026-08-20,0,-1,1822.0,5.1
162083,73414,Shaman,Elemental,Farseer,DPS,EU,Den of Nalorakk,10,1,1795.8,146040,4,290.0,2026-08-20,0,-1,1822.0,5.1
162083,130099,DeathKnight,Frost,Deathbringer,DPS,EU,Den of Nalorakk,10,1,1795.8,122236,0,293.0,2026-08-20,0,-1,1822.0,5.1
162083,130100,DemonHunter,Havoc,Fel-Scarred,DPS,EU,Den of Nalorakk,10,1,1795.8,119127,1,292.0,2026-08-20,0,-1,1822.0,5.1
162094,135682,Paladin,Protection,Unknown,Tank,US,Altar of Fangs,7,1,1652.6,79041,0,293.0,2026-08-18,0,-1,1664.0,7.6
162094,135683,Priest,Holy,Unknown,Healer,US,Altar of Fangs,7,1,1652.6,26913,0,279.0,2026-08-18,0,-1,1664.0,7.6
162094,135685,Druid,Balance,Unknown,DPS,US,Altar of Fangs,7,1,1652.6,138840,1,291.0,2026-08-18,0,-1,1664.0,7.6
162094,105613,Shaman,Enhancement,Unknown,DPS,US,Altar of Fangs,7,1,1652.6,127757,2,289.0,2026-08-18,0,-1,1664.0,7.6
162094,135684,Hunter,Survival,Unknown,DPS,US,Altar of Fangs,7,1,1652.6,123018,0,293.0,2026-08-18,0,-1,1664.0,7.6
162095,77524,Paladin,Protection,Unknown,Tank,US,Kings' Rest,9,1,1486.2,68220,0,290.0,2026-08-18,0,-1,1493.0,24.6
162095,77525,Priest,Holy,Unknown,Healer,US,Kings' Rest,9,1,1486.2,26112,0,292.0,2026-08-18,0,-1,1493.0,24.6
162095,77527,Druid,Balance,Unknown,DPS,US,Kings' Rest,9,1,1486.2,138966,0,289.0,2026-08-18,0,-1,1493.0,24.6
162095,116156,Shaman,Enhancement,Unknown,DPS,US,Kings' Rest,9,1,1486.2,108649,0,291.0,2026-08-18,0,-1,1493.0,24.6
162095,77526,Warlock,Demonology,Unknown,DPS,US,Kings' Rest,9,1,1486.2,132389,3,290.0,2026-08-18,0,-1,1493.0,24.6
162103,145198,DemonHunter,Vengeance,Annihilator,Tank,EU,Voidscar Arena,7,1,1257.4,91828,0,298.0,2026-08-20,0,-1,1264.0,29.8
162103,168098,Paladin,Holy,Herald of the Sun,Healer,EU,Voidscar Arena,7,1,1257.4,8701,0,297.0,2026-08-20,0,-1,1264.0,29.8
162103,187787,Monk,Windwalker,Shado-Pan,DPS,EU,Voidscar Arena,7,1,1257.4,121034,0,297.0,2026-08-20,0,-1,1264.0,29.8
162103,168100,Warrior,Arms,Slayer,DPS,EU,Voidscar Arena,7,1,1257.4,169020,1,300.0,2026-08-20,0,-1,1264.0,29.8
162103,34630,Mage,Arcane,Sunfury,DPS,EU,Voidscar Arena,7,1,1257.4,134080,2,297.0,2026-08-20,0,-1,1264.0,29.8
162114,147126,Paladin,Protection,Lightsmith,Tank,US,Kings' Rest,8,1,1738.2,51350,2,289.0,2026-08-20,0,-1,1795.0,9.3
162114,147127,Shaman,Restoration,Totemic,Healer,US,Kings' Rest,8,1,1738.2,8816,3,291.0,2026-08-20,0,-1,1795.0,9.3
162114,147129,Priest,Shadow,Voidweaver,DPS,US,Kings' Rest,8,1,1738.2,104782,2,294.0,2026-08-20,0,-1,1795.0,9.3
162114,147128,Hunter,Survival,Sentinel,DPS,US,Kings' Rest,8,1,1738.2,110092,2,290.0,2026-08-20,0,-1,1795.0,9.3
162114,147130,Druid,Balance,Keeper of the Grove,DPS,US,Kings' Rest,8,1,1738.2,103432,4,300.0,2026-08-20,0,-1,1795.0,9.3
162116,3258,DeathKnight,Blood,Deathbringer,Tank,US,Den of Nalorakk,10,1,1653.6,77131,1,294.0,2026-08-18,0,-1,1686.0,12.2
162116,7574,Paladin,Holy,Herald of the Sun,Healer,US,Den of Nalorakk,10,1,1653.6,12836,2,295.0,2026-08-18,0,-1,1686.0,12.2
162116,895,Warrior,Fury,Slayer,DPS,US,Den of Nalorakk,10,1,1653.6,155943,2,294.0,2026-08-18,0,-1,1686.0,12.2
162116,11365,Shaman,Elemental,Farseer,DPS,US,Den of Nalorakk,10,1,1653.6,125551,2,292.0,2026-08-18,0,-1,1686.0,12.2
162116,6873,Paladin,Retribution,Templar,DPS,US,Den of Nalorakk,10,1,1653.6,134543,1,292.0,2026-08-18,0,-1,1686.0,12.2
162120,67368,DeathKnight,Blood,San'layn,Tank,EU,Ruby Life Pools,11,1,1234.5,145216,0,299.0,2026-08-20,0,-1,1236.0,26.5
162120,96931,Shaman,Restoration,Totemic,Healer,EU,Ruby Life Pools,11,1,1234.5,25871,0,299.0,2026-08-20,0,-1,1236.0,26.5
162120,130104,Warrior,Arms,Slayer,DPS,EU,Ruby Life Pools,11,1,1234.5,194967,1,303.0,2026-08-20,0,-1,1236.0,26.5
162120,217557,Druid,Balance,Elune's Chosen,DPS,EU,Ruby Life Pools,11,1,1234.5,178229,0,298.0,2026-08-20,0,-1,1236.0,26.5
162120,67370,Paladin,Retribution,Templar,DPS,EU,Ruby Life Pools,11,1,1234.5,215753,1,302.0,2026-08-20,0,-1,1236.0,26.5
162127,2376,DeathKnight,Blood,San'layn,Tank,US,Den of Nalorakk,9,1,1490.6,91985,0,289.0,2026-08-18,0,-1,1493.0,22.2
162127,2377,Paladin,Holy,Herald of the Sun,Healer,US,Den of Nalorakk,9,1,1490.6,21948,0,287.0,2026-08-18,0,-1,1493.0,22.2
162127,2380,Mage,Arcane,Sunfury,DPS,US,Den of Nalorakk,9,1,1490.6,143989,0,291.0,2026-08-18,0,-1,1493.0,22.2
162127,2378,Warrior,Arms,Slayer,DPS,US,Den of Nalorakk,9,1,1490.6,167892,0,294.0,2026-08-18,0,-1,1493.0,22.2
162127,2379,Warrior,Arms,Slayer,DPS,US,Den of Nalorakk,9,1,1490.6,100007,2,280.0,2026-08-18,0,-1,1493.0,22.2
162142,128378,Druid,Guardian,Elune's Chosen,Tank,US,Ruby Life Pools,8,0,1714.5,63739,1,292.0,2026-08-20,0,-1,1751.0,-4.2
162142,110906,Priest,Holy,Oracle,Healer,US,Ruby Life Pools,8,0,1714.5,10296,1,292.0,2026-08-20,0,-1,1751.0,-4.2
162142,110907,Mage,Frost,Frostfire,DPS,US,Ruby Life Pools,8,0,1714.5,156151,2,296.0,2026-08-20,0,-1,1751.0,-4.2
162142,128379,Mage,Frost,Spellslinger,DPS,US,Ruby Life Pools,8,0,1714.5,112727,2,294.0,2026-08-20,0,-1,1751.0,-4.2
162142,110909,Paladin,Retribution,Templar,DPS,US,Ruby Life Pools,8,0,1714.5,133871,2,291.0,2026-08-20,0,-1,1751.0,-4.2
162143,99275,DeathKnight,Blood,San'layn,Tank,EU,Den of Nalorakk,8,1,1334.8,92407,0,294.0,2026-08-19,0,-1,1326.0,30.9
162143,99276,Monk,Mistweaver,Conduit of the Celestials,Healer,EU,Den of Nalorakk,8,1,1334.8,37323,0,293.0,2026-08-19,0,-1,1326.0,30.9
162143,86497,Priest,Shadow,Voidweaver,DPS,EU,Den of Nalorakk,8,1,1334.8,101856,0,292.0,2026-08-19,0,-1,1326.0,30.9
162143,23586,Rogue,Subtlety,Deathstalker,DPS,EU,Den of Nalorakk,8,1,1334.8,161423,0,294.0,2026-08-19,0,-1,1326.0,30.9
162143,85730,Shaman,Elemental,Farseer,DPS,EU,Den of Nalorakk,8,1,1334.8,148004,0,296.0,2026-08-19,0,-1,1326.0,30.9
162156,22515,Paladin,Protection,Lightsmith,Tank,US,Ruby Life Pools,10,1,1195.8,107060,0,301.0,2026-08-19,0,-1,1197.0,28.7
162156,121518,Evoker,Preservation,Flameshaper,Healer,US,Ruby Life Pools,10,1,1195.8,27148,1,295.0,2026-08-19,0,-1,1197.0,28.7
162156,3607,DemonHunter,Devourer,Annihilator,DPS,US,Ruby Life Pools,10,1,1195.8,187043,1,296.0,2026-08-19,0,-1,1197.0,28.7
162156,7086,Rogue,Subtlety,Deathstalker,DPS,US,Ruby Life Pools,10,1,1195.8,212113,0,302.0,2026-08-19,0,-1,1197.0,28.7
162156,19177,Druid,Feral,Druid of the Claw,DPS,US,Ruby Life Pools,10,1,1195.8,171355,0,293.0,2026-08-19,0,-1,1197.0,28.7
162163,21105,Druid,Guardian,Unknown,Tank,US,Ruby Life Pools,10,1,1483.3,88239,0,294.0,2026-08-19,0,-1,1505.0,10.4
162163,103786,Paladin,Holy,Unknown,Healer,US,Ruby Life Pools,10,1,1483.3,12053,2,289.0,2026-08-19,0,-1,1505.0,10.4
162163,154275,Druid,Balance,Unknown,DPS,US,Ruby Life Pools,10,1,1483.3,142098,4,293.0,2026-08-19,0,-1,1505.0,10.4
162163,154167,DeathKnight,Unholy,Unknown,DPS,US,Ruby Life Pools,10,1,1483.3,177928,0,294.0,2026-08-19,0,-1,1505.0,10.4
162163,103787,Hunter,BeastMastery,Unknown,DPS,US,Ruby Life Pools,10,1,1483.3,154666,0,295.0,2026-08-19,0,-1,1505.0,10.4
162175,45935,Paladin,Protection,Lightsmith,Tank,US,Voidscar Arena,11,1,1625.5,94954,0,300.0,2026-08-20,0,-1,1652.0,8.2
162175,81535,Shaman,Restoration,Totemic,Healer,US,Voidscar Arena,11,1,1625.5,17468,3,295.0,2026-08-20,0,-1,1652.0,8.2
162175,217590,DemonHunter,Devourer,Annihilator,DPS,US,Voidscar Arena,11,1,1625.5,166387,1,294.0,2026-08-20,0,-1,1652.0,8.2
162175,22945,Warrior,Arms,Slayer,DPS,US,Voidscar Arena,11,1,1625.5,183911,2,297.0,2026-08-20,0,-1,1652.0,8.2
162175,70850,Monk,Windwalker,Shado-Pan,DPS,US,Voidscar Arena,11,1,1625.5,127210,1,298.0,2026-08-20,0,-1,1652.0,8.2
162187,118139,DeathKnight,Blood,San'layn,Tank,EU,Temple of Sethraliss,11,0,1900.9,93148,3,295.0,2026-08-19,0,-1,1978.0,-3.0
162187,118140,Paladin,Holy,Herald of the Sun,Healer,EU,Temple of Sethraliss,11,0,1900.9,16330,4,291.0,2026-08-19,0,-1,1978.0,-3.0
162187,35952,Warlock,Affliction,Soul Harvester,DPS,EU,Temple of Sethraliss,11,0,1900.9,153268,4,294.0,2026-08-19,0,-1,1978.0,-3.0
162187,118141,Mage,Arcane,Sunfury,DPS,EU,Temple of Sethraliss,11,0,1900.9,155547,3,293.0,2026-08-19,0,-1,1978.0,-3.0
162187,118142,Hunter,Survival,Sentinel,DPS,EU,Temple of Sethraliss,11,0,1900.9,145525,4,294.0,2026-08-19,0,-1,1978.0,-3.0
162188,122671,DemonHunter,Vengeance,Annihilator,Tank,EU,Ruby Life Pools,4,1,1229.2,45523,0,292.0,2026-08-19,0,-1,1220.0,27.4
162188,79025,Priest,Discipline,Oracle,Healer,EU,Ruby Life Pools,4,1,1229.2,17542,1,292.0,2026-08-19,0,-1,1220.0,27.4
162188,122670,Hunter,BeastMastery,Pack Leader,DPS,EU,Ruby Life Pools,4,1,1229.2,109698,0,292.0,2026-08-19,0,-1,1220.0,27.4
162188,122669,Warlock,Destruction,Diabolist,DPS,EU,Ruby Life Pools,4,1,1229.2,96784,0,292.0,2026-08-19,0,-1,1220.0,27.4
162188,56680,Paladin,Retribution,Templar,DPS,EU,Ruby Life Pools,4,1,1229.2,122055,0,296.0,2026-08-19,0,-1,1220.0,27.4
162204,217609,Paladin,Protection,Lightsmith,Tank,EU,Ruby Life Pools,4,1,986.8,87636,0,291.0,2026-08-20,0,-1,979.0,41.7
162204,217610,Monk,Mistweaver,Conduit of the Celestials,Healer,EU,Ruby Life Pools,4,1,986.8,44186,1,297.0,2026-08-20,0,-1,979.0,41.7
162204,163113,Shaman,Enhancement,Stormbringer,DPS,EU,Ruby Life Pools,4,1,986.8,100046,0,290.0,2026-08-20,0,-1,979.0,41.7
162204,217611,Druid,Balance,Elune's Chosen,DPS,EU,Ruby Life Pools,4,1,986.8,72831,1,285.0,2026-08-20,0,-1,979.0,41.7
162204,163111,DemonHunter,Devourer,Annihilator,DPS,EU,Ruby Life Pools,4,1,986.8,180606,0,294.0,2026-08-20,0,-1,979.0,41.7
162218,217615,DeathKnight,Blood,Deathbringer,Tank,CN,Murder Row,10,1,1719.4,80904,0,294.0,2026-08-20,0,-1,1726.0,15.4
162218,189096,Paladin,Holy,Herald of the Sun,Healer,CN,Murder Row,10,1,1719.4,19822,0,295.0,2026-08-20,0,-1,1726.0,15.4
162218,53560,Mage,Arcane,Sunfury,DPS,CN,Murder Row,10,1,1719.4,160242,1,293.0,2026-08-20,0,-1,1726.0,15.4
162218,121748,DemonHunter,Havoc,Fel-Scarred,DPS,CN,Murder Row,10,1,1719.4,150645,2,296.0,2026-08-20,0,-1,1726.0,15.4
162218,217616,Paladin,Retribution,Templar,DPS,CN,Murder Row,10,1,1719.4,144332,0,295.0,2026-08-20,0,-1,1726.0,15.4
162221,217620,Paladin,Protection,Templar,Tank,KR,Altar of Fangs,8,0,1989.7,80041,2,292.0,2026-08-20,0,-1,2041.0,-13.4
162221,217621,Shaman,Restoration,Totemic,Healer,KR,Altar of Fangs,8,0,1989.7,4303,3,296.0,2026-08-20,0,-1,2041.0,-13.4
162221,174298,Hunter,BeastMastery,Pack Leader,DPS,KR,Altar of Fangs,8,0,1989.7,122506,6,289.0,2026-08-20,0,-1,2041.0,-13.4
162221,153409,Druid,Feral,Druid of the Claw,DPS,KR,Altar of Fangs,8,0,1989.7,141127,3,292.0,2026-08-20,0,-1,2041.0,-13.4
162221,217622,Warlock,Demonology,Diabolist,DPS,KR,Altar of Fangs,8,0,1989.7,113464,2,292.0,2026-08-20,0,-1,2041.0,-13.4
162223,50403,DeathKnight,Blood,San'layn,Tank,EU,Murder Row,9,1,1656.2,83522,2,294.0,2026-08-19,0,-1,1693.0,17.0
162223,56096,Paladin,Holy,Herald of the Sun,Healer,EU,Murder Row,9,1,1656.2,6755,2,290.0,2026-08-19,0,-1,1693.0,17.0
162223,182277,Hunter,Survival,Sentinel,DPS,EU,Murder Row,9,1,1656.2,143978,3,290.0,2026-08-19,0,-1,1693.0,17.0
162223,50404,Warrior,Arms,Slayer,DPS,EU,Murder Row,9,1,1656.2,164213,1,299.0,2026-08-19,0,-1,1693.0,17.0
162223,56097,DeathKnight,Frost,Deathbringer,DPS,EU,Murder Row,9,1,1656.2,140639,1,298.0,2026-08-19,0,-1,1693.0,17.0
162230,31379,DeathKnight,Blood,San'layn,Tank,EU,Murder Row,9,1,1526.5,81451,0,298.0,2026-08-19,0,-1,1523.0,25.3
162230,48002,Monk,Mistweaver,Conduit of the Celestials,Healer,EU,Murder Row,9,1,1526.5,40501,0,296.0,2026-08-19,0,-1,1523.0,25.3
162230,31382,Paladin,Retribution,Templar,DPS,EU,Murder Row,9,1,1526.5,139740,1,294.0,2026-08-19,0,-1,1523.0,25.3
162230,73151,Druid,Balance,Elune's Chosen,DPS,EU,Murder Row,9,1,1526.5,129575,0,289.0,2026-08-19,0,-1,1523.0,25.3
162230,73150,Priest,Shadow,Archon,DPS,EU,Murder Row,9,1,1526.5,155130,0,293.0,2026-08-19,0,-1,1523.0,25.3
162231,17522,Druid,Guardian,Elune's Chosen,Tank,EU,Voidscar Arena,10,1,1190.0,106218,2,301.0,2026-08-20,0,-1,1237.0,31.3
162231,17523,Evoker,Preservation,Flameshaper,Healer,EU,Voidscar Arena,10,1,1190.0,42346,2,305.0,2026-08-20,0,-1,1237.0,31.3
162231,181381,Evoker,Devastation,Scalecommander,DPS,EU,Voidscar Arena,10,1,1190.0,233534,2,303.0,2026-08-20,0,-1,1237.0,31.3
162231,13805,Mage,Arcane,Sunfury,DPS,EU,Voidscar Arena,10,1,1190.0,240883,2,305.0,2026-08-20,0,-1,1237.0,31.3
162231,13803,Hunter,Marksmanship,Sentinel,DPS,EU,Voidscar Arena,10,1,1190.0,151568,3,304.0,2026-08-20,0,-1,1237.0,31.3
162258,41500,DeathKnight,Blood,San'layn,Tank,EU,Murder Row,10,1,1208.4,128858,2,299.0,2026-08-20,0,-1,1240.0,39.2
162258,16934,Paladin,Holy,Herald of the Sun,Healer,EU,Murder Row,10,1,1208.4,21224,1,295.0,2026-08-20,0,-1,1240.0,39.2
162258,13188,Hunter,BeastMastery,Pack Leader,DPS,EU,Murder Row,10,1,1208.4,192188,2,304.0,2026-08-20,0,-1,1240.0,39.2
162258,14650,Rogue,Outlaw,Trickster,DPS,EU,Murder Row,10,1,1208.4,237541,2,307.0,2026-08-20,0,-1,1240.0,39.2
162258,162804,Mage,Arcane,Sunfury,DPS,EU,Murder Row,10,1,1208.4,247962,1,303.0,2026-08-20,0,-1,1240.0,39.2
162263,217640,DemonHunter,Vengeance,Annihilator,Tank,US,Voidscar Arena,8,1,1625.9,57231,0,291.0,2026-08-20,0,-1,1653.0,8.2
162263,101415,Druid,Restoration,Wildstalker,Healer,US,Voidscar Arena,8,1,1625.9,3584,1,297.0,2026-08-20,0,-1,1653.0,8.2
162263,56206,Mage,Arcane,Sunfury,DPS,US,Voidscar Arena,8,1,1625.9,128348,1,292.0,2026-08-20,0,-1,1653.0,8.2
162263,216724,Hunter,Marksmanship,Sentinel,DPS,US,Voidscar Arena,8,1,1625.9,121662,3,298.0,2026-08-20,0,-1,1653.0,8.2
162263,217641,Warrior,Arms,Slayer,DPS,US,Voidscar Arena,8,1,1625.9,142895,2,298.0,2026-08-20,0,-1,1653.0,8.2
162266,6773,DeathKnight,Blood,Deathbringer,Tank,US,Altar of Fangs,10,1,1524.8,98975,0,294.0,2026-08-19,0,-1,1531.0,14.9
162266,124365,Monk,Mistweaver,Conduit of the Celestials,Healer,US,Altar of Fangs,10,1,1524.8,36514,0,292.0,2026-08-19,0,-1,1531.0,14.9
162266,135572,Warlock,Demonology,Diabolist,DPS,US,Altar of Fangs,10,1,1524.8,213024,0,302.0,2026-08-19,0,-1,1531.0,14.9
162266,217642,DemonHunter,Devourer,Annihilator,DPS,US,Altar of Fangs,10,1,1524.8,135819,2,293.0,2026-08-19,0,-1,1531.0,14.9
162266,105152,Warrior,Arms,Slayer,DPS,US,Altar of Fangs,10,1,1524.8,208464,1,300.0,2026-08-19,0,-1,1531.0,14.9
162269,70274,DemonHunter,Vengeance,Annihilator,Tank,US,Voidscar Arena,5,1,992.0,83986,0,293.0,2026-08-18,0,-1,983.0,45.4
162269,70275,Priest,Discipline,Voidweaver,Healer,US,Voidscar Arena,5,1,992.0,20188,1,288.0,2026-08-18,0,-1,983.0,45.4
162269,70276,Warrior,Arms,Slayer,DPS,US,Voidscar Arena,5,1,992.0,109500,2,286.0,2026-08-18,0,-1,983.0,45.4
162269,70277,Druid,Balance,Elune's Chosen,DPS,US,Voidscar Arena,5,1,992.0,87844,1,294.0,2026-08-18,0,-1,983.0,45.4
162269,838,Evoker,Devastation,Scalecommander,DPS,US,Voidscar Arena,5,1,992.0,166653,1,293.0,2026-08-18,0,-1,983.0,45.4
162280,29441,DemonHunter,Vengeance,Annihilator,Tank,EU,Kings' Rest,5,1,1152.0,71526,0,298.0,2026-08-19,0,-1,1143.0,42.3
162280,56490,Druid,Restoration,Wildstalker,Healer,EU,Kings' Rest,5,1,1152.0,9492,2,291.0,2026-08-19,0,-1,1143.0,42.3
162280,217648,Warrior,Fury,Mountain Thane,DPS,EU,Kings' Rest,5,1,1152.0,91686,1,295.0,2026-08-19,0,-1,1143.0,42.3
162280,217649,DeathKnight,Frost,Deathbringer,DPS,EU,Kings' Rest,5,1,1152.0,72076,2,293.0,2026-08-19,0,-1,1143.0,42.3
162280,29444,Mage,Arcane,Sunfury,DPS,EU,Kings' Rest,5,1,1152.0,115939,1,293.0,2026-08-19,0,-1,1143.0,42.3
162291,53331,Paladin,Protection,Templar,Tank,EU,Ruby Life Pools,11,0,1654.6,66862,1,292.0,2026-08-19,0,-1,1696.0,-1.0
162291,53332,Druid,Restoration,Wildstalker,Healer,EU,Ruby Life Pools,11,0,1654.6,6714,1,296.0,2026-08-19,0,-1,1696.0,-1.0
162291,53334,Warrior,Arms,Slayer,DPS,EU,Ruby Life Pools,11,0,1654.6,157598,4,291.0,2026-08-19,0,-1,1696.0,-1.0
162291,15146,Mage,Arcane,Sunfury,DPS,EU,Ruby Life Pools,11,0,1654.6,177910,2,295.0,2026-08-19,0,-1,1696.0,-1.0
162291,63560,Paladin,Retribution,Templar,DPS,EU,Ruby Life Pools,11,0,1654.6,171604,3,294.0,2026-08-19,0,-1,1696.0,-1.0
162293,47760,Paladin,Protection,Lightsmith,Tank,CN,Voidscar Arena,12,0,1882.2,78902,3,292.0,2026-08-20,0,-1,2158.0,-19.9
162293,180024,Paladin,Holy,Herald of the Sun,Healer,CN,Voidscar Arena,12,0,1882.2,12528,3,293.0,2026-08-20,0,-1,2158.0,-19.9
162293,180025,Paladin,Retribution,Herald of the Sun,DPS,CN,Voidscar Arena,12,0,1882.2,201253,3,294.0,2026-08-20,0,-1,2158.0,-19.9
162293,180026,Paladin,Retribution,Templar,DPS,CN,Voidscar Arena,12,0,1882.2,148679,5,293.0,2026-08-20,0,-1,2158.0,-19.9
162293,44973,Shaman,Elemental,Farseer,DPS,CN,Voidscar Arena,12,0,1882.2,176141,5,296.0,2026-08-20,0,-1,2158.0,-19.9
162294,56061,Druid,Guardian,Elune's Chosen,Tank,EU,Altar of Fangs,10,0,1832.2,78855,2,291.0,2026-08-19,0,-1,1884.0,-4.7
162294,56062,Monk,Mistweaver,Conduit of the Celestials,Healer,EU,Altar of Fangs,10,0,1832.2,44546,3,293.0,2026-08-19,0,-1,1884.0,-4.7
162294,56063,Paladin,Retribution,Templar,DPS,EU,Altar of Fangs,10,0,1832.2,147400,3,289.0,2026-08-19,0,-1,1884.0,-4.7
162294,56064,Mage,Arcane,Sunfury,DPS,EU,Altar of Fangs,10,0,1832.2,134520,2,296.0,2026-08-19,0,-1,1884.0,-4.7
162294,56065,DeathKnight,Frost,Deathbringer,DPS,EU,Altar of Fangs,10,0,1832.2,191652,2,297.0,2026-08-19,0,-1,1884.0,-4.7
162312,71023,Warrior,Protection,Mountain Thane,Tank,EU,Murder Row,10,1,1491.3,127289,0,304.0,2026-08-20,0,-1,1483.0,27.3
162312,166114,Paladin,Holy,Herald of the Sun,Healer,EU,Murder Row,10,1,1491.3,10291,0,298.0,2026-08-20,0,-1,1483.0,27.3
162312,33728,Hunter,BeastMastery,Pack Leader,DPS,EU,Murder Row,10,1,1491.3,152145,0,297.0,2026-08-20,0,-1,1483.0,27.3
162312,166115,DeathKnight,Unholy,Rider of the Apocalypse,DPS,EU,Murder Row,10,1,1491.3,172394,0,299.0,2026-08-20,0,-1,1483.0,27.3
162312,169854,Priest,Shadow,Voidweaver,DPS,EU,Murder Row,10,1,1491.3,158398,0,294.0,2026-08-20,0,-1,1483.0,27.3
162341,58010,DeathKnight,Blood,San'layn,Tank,EU,Ruby Life Pools,10,0,1662.4,97420,3,291.0,2026-08-20,0,-1,1739.0,-3.5
162341,68267,Monk,Mistweaver,Conduit of the Celestials,Healer,EU,Ruby Life Pools,10,0,1662.4,31368,3,296.0,2026-08-20,0,-1,1739.0,-3.5
162341,77790,Rogue,Subtlety,Deathstalker,DPS,EU,Ruby Life Pools,10,0,1662.4,122799,4,297.0,2026-08-20,0,-1,1739.0,-3.5
162341,68269,Hunter,Marksmanship,Sentinel,DPS,EU,Ruby Life Pools,10,0,1662.4,148038,4,297.0,2026-08-20,0,-1,1739.0,-3.5
162341,33482,DeathKnight,Unholy,Rider of the Apocalypse,DPS,EU,Ruby Life Pools,10,0,1662.4,184516,3,294.0,2026-08-20,0,-1,1739.0,-3.5
162366,86524,DeathKnight,Blood,San'layn,Tank,CN,Ruby Life Pools,11,1,1207.3,125762,0,297.0,2026-08-20,0,-1,1204.0,28.3
162366,217696,Druid,Restoration,Keeper of the Grove,Healer,CN,Ruby Life Pools,11,1,1207.3,21464,0,285.0,2026-08-20,0,-1,1204.0,28.3
162366,86528,Evoker,Devastation,Scalecommander,DPS,CN,Ruby Life Pools,11,1,1207.3,247495,0,301.0,2026-08-20,0,-1,1204.0,28.3
162366,86527,Mage,Arcane,Sunfury,DPS,CN,Ruby Life Pools,11,1,1207.3,184789,0,292.0,2026-08-20,0,-1,1204.0,28.3
162366,86526,Shaman,Elemental,Farseer,DPS,CN,Ruby Life Pools,11,1,1207.3,229925,1,301.0,2026-08-20,0,-1,1204.0,28.3
162371,163389,Paladin,Protection,Lightsmith,Tank,EU,Kings' Rest,9,1,1402.6,71319,0,297.0,2026-08-20,0,-1,1404.0,29.1
162371,141185,Shaman,Restoration,Totemic,Healer,EU,Kings' Rest,9,1,1402.6,22017,0,293.0,2026-08-20,0,-1,1404.0,29.1
162371,69988,Warrior,Arms,Slayer,DPS,EU,Kings' Rest,9,1,1402.6,117379,0,291.0,2026-08-20,0,-1,1404.0,29.1
162371,87699,Mage,Arcane,Sunfury,DPS,EU,Kings' Rest,9,1,1402.6,125210,1,298.0,2026-08-20,0,-1,1404.0,29.1
162371,94978,Monk,Windwalker,Shado-Pan,DPS,EU,Kings' Rest,9,1,1402.6,128654,1,295.0,2026-08-20,0,-1,1404.0,29.1
162384,14353,DeathKnight,Blood,San'layn,Tank,EU,Kings' Rest,10,1,1569.9,84399,0,293.0,2026-08-19,0,-1,1572.0,20.6
162384,14354,Paladin,Holy,Herald of the Sun,Healer,EU,Kings' Rest,10,1,1569.9,10536,0,293.0,2026-08-19,0,-1,1572.0,20.6
162384,14357,Hunter,BeastMastery,Pack Leader,DPS,EU,Kings' Rest,10,1,1569.9,119572,0,293.0,2026-08-19,0,-1,1572.0,20.6
162384,14356,Mage,Arcane,Sunfury,DPS,EU,Kings' Rest,10,1,1569.9,133068,2,294.0,2026-08-19,0,-1,1572.0,20.6
162384,14355,DeathKnight,Unholy,Rider of the Apocalypse,DPS,EU,Kings' Rest,10,1,1569.9,127385,0,294.0,2026-08-19,0,-1,1572.0,20.6
162389,217713,DemonHunter,Vengeance,Annihilator,Tank,US,Ruby Life Pools,2,1,1123.9,57734,0,286.0,2026-08-19,0,-1,1116.0,33.6
162389,217714,Shaman,Restoration,Totemic,Healer,US,Ruby Life Pools,2,1,1123.9,11993,0,295.0,2026-08-19,0,-1,1116.0,33.6
162389,217715,Warlock,Affliction,Soul Harvester,DPS,US,Ruby Life Pools,2,1,1123.9,84640,0,271.0,2026-08-19,0,-1,1116.0,33.6
162389,43481,Warrior,Arms,Slayer,DPS,US,Ruby Life Pools,2,1,1123.9,93978,3,293.0,2026-08-19,0,-1,1116.0,33.6
162389,217716,Druid,Feral,Druid of the Claw,DPS,US,Ruby Life Pools,2,1,1123.9,112466,0,284.0,2026-08-19,0,-1,1116.0,33.6
162400,217724,DeathKnight,Blood,Deathbringer,Tank,EU,Temple of Sethraliss,10,1,1516.8,101751,0,296.0,2026-08-19,0,-1,1519.0,20.9
162400,79912,Paladin,Holy,Herald of the Sun,Healer,EU,Temple of Sethraliss,10,1,1516.8,12628,1,291.0,2026-08-19,0,-1,1519.0,20.9
162400,107534,Druid,Balance,Elune's Chosen,DPS,EU,Temple of Sethraliss,10,1,1516.8,157002,1,289.0,2026-08-19,0,-1,1519.0,20.9
162400,107533,Hunter,BeastMastery,Pack Leader,DPS,EU,Temple of Sethraliss,10,1,1516.8,161268,0,292.0,2026-08-19,0,-1,1519.0,20.9
162400,79913,Rogue,Subtlety,Deathstalker,DPS,EU,Temple of Sethraliss,10,1,1516.8,178916,0,294.0,2026-08-19,0,-1,1519.0,20.9
162411,55141,Druid,Guardian,Elune's Chosen,Tank,EU,Voidscar Arena,11,1,1616.7,85035,1,298.0,2026-08-20,0,-1,1638.0,9.0
162411,163801,Priest,Holy,Oracle,Healer,EU,Voidscar Arena,11,1,1616.7,15890,0,304.0,2026-08-20,0,-1,1638.0,9.0
162411,114702,Mage,Arcane,Sunfury,DPS,EU,Voidscar Arena,11,1,1616.7,162691,1,296.0,2026-08-20,0,-1,1638.0,9.0
162411,154619,Monk,Windwalker,Shado-Pan,DPS,EU,Voidscar Arena,11,1,1616.7,134560,1,292.0,2026-08-20,0,-1,1638.0,9.0
162411,55142,Evoker,Devastation,Scalecommander,DPS,EU,Voidscar Arena,11,1,1616.7,164239,3,293.0,2026-08-20,0,-1,1638.0,9.0
162412,46305,Paladin,Protection,Templar,Tank,US,Voidscar Arena,5,1,1017.2,81509,0,292.0,2026-08-19,0,-1,1009.0,43.9
162412,138685,Paladin,Holy,Herald of the Sun,Healer,US,Voidscar Arena,5,1,1017.2,23113,0,294.0,2026-08-19,0,-1,1009.0,43.9
162412,46309,Warrior,Arms,Slayer,DPS,US,Voidscar Arena,5,1,1017.2,132328,0,286.0,2026-08-19,0,-1,1009.0,43.9
162412,59453,Shaman,Elemental,Farseer,DPS,US,Voidscar Arena,5,1,1017.2,119507,1,291.0,2026-08-19,0,-1,1009.0,43.9
162412,150720,DeathKnight,Frost,Deathbringer,DPS,US,Voidscar Arena,5,1,1017.2,157393,0,293.0,2026-08-19,0,-1,1009.0,43.9
162420,194756,DeathKnight,Blood,Deathbringer,Tank,US,Voidscar Arena,10,1,1463.6,89866,0,286.0,2026-08-19,0,-1,1476.0,18.0
162420,129509,Paladin,Holy,Herald of the Sun,Healer,US,Voidscar Arena,10,1,1463.6,15204,0,298.0,2026-08-19,0,-1,1476.0,18.0
162420,109734,Hunter,BeastMastery,Pack Leader,DPS,US,Voidscar Arena,10,1,1463.6,145408,1,298.0,2026-08-19,0,-1,1476.0,18.0
162420,194757,Priest,Shadow,Archon,DPS,US,Voidscar Arena,10,1,1463.6,202233,1,302.0,2026-08-19,0,-1,1476.0,18.0
162420,30172,Warlock,Destruction,Hellcaller,DPS,US,Voidscar Arena,10,1,1463.6,155796,2,297.0,2026-08-19,0,-1,1476.0,18.0
162426,55508,Druid,Guardian,Elune's Chosen,Tank,US,Temple of Sethraliss,9,1,1457.5,76275,0,296.0,2026-08-19,0,-1,1459.0,24.0
162426,7781,Paladin,Holy,Herald of the Sun,Healer,US,Temple of Sethraliss,9,1,1457.5,17329,0,294.0,2026-08-19,0,-1,1459.0,24.0
162426,217743,Warrior,Arms,Slayer,DPS,US,Temple of Sethraliss,9,1,1457.5,178548,0,293.0,2026-08-19,0,-1,1459.0,24.0
162426,214565,Evoker,Devastation,Scalecommander,DPS,US,Temple of Sethraliss,9,1,1457.5,178855,0,298.0,2026-08-19,0,-1,1459.0,24.0
162426,217744,Monk,Windwalker,Shado-Pan,DPS,US,Temple of Sethraliss,9,1,1457.5,112766,2,289.0,2026-08-19,0,-1,1459.0,24.0
162427,125402,Paladin,Protection,Lightsmith,Tank,EU,The Blinding Vale,11,1,1777.3,68572,0,294.0,2026-08-19,0,-1,1773.0,1.5
162427,18029,Paladin,Holy,Herald of the Sun,Healer,EU,The Blinding Vale,11,1,1777.3,6011,1,298.0,2026-08-19,0,-1,1773.0,1.5
162427,45810,Shaman,Elemental,Farseer,DPS,EU,The Blinding Vale,11,1,1777.3,223049,0,302.0,2026-08-19,0,-1,1773.0,1.5
162427,125404,Druid,Balance,Elune's Chosen,DPS,EU,The Blinding Vale,11,1,1777.3,121118,0,292.0,2026-08-19,0,-1,1773.0,1.5
162427,125403,Hunter,BeastMastery,Pack Leader,DPS,EU,The Blinding Vale,11,1,1777.3,157283,0,296.0,2026-08-19,0,-1,1773.0,1.5
162439,174068,DeathKnight,Blood,Deathbringer,Tank,EU,Kings' Rest,6,1,1332.0,58215,0,279.0,2026-08-20,0,-1,1329.0,32.9
162439,217760,Shaman,Restoration,Totemic,Healer,EU,Kings' Rest,6,1,1332.0,22788,0,278.0,2026-08-20,0,-1,1329.0,32.9
162439,217761,Paladin,Retribution,Templar,DPS,EU,Kings' Rest,6,1,1332.0,83360,0,288.0,2026-08-20,0,-1,1329.0,32.9
162439,217762,Druid,Balance,Elune's Chosen,DPS,EU,Kings' Rest,6,1,1332.0,115972,0,291.0,2026-08-20,0,-1,1329.0,32.9
162439,45263,Warrior,Arms,Slayer,DPS,EU,Kings' Rest,6,1,1332.0,86534,1,297.0,2026-08-20,0,-1,1329.0,32.9
162443,174266,Druid,Guardian,Elune's Chosen,Tank,EU,Murder Row,10,1,1604.1,78369,0,297.0,2026-08-20,0,-1,1610.0,21.1
162443,149056,Shaman,Restoration,Totemic,Healer,EU,Murder Row,10,1,1604.1,20246,0,289.0,2026-08-20,0,-1,1610.0,21.1
162443,13854,DeathKnight,Unholy,Rider of the Apocalypse,DPS,EU,Murder Row,10,1,1604.1,183537,0,304.0,2026-08-20,0,-1,1610.0,21.1
162443,174268,Paladin,Retribution,Templar,DPS,EU,Murder Row,10,1,1604.1,137844,2,292.0,2026-08-20,0,-1,1610.0,21.1
162443,174267,DemonHunter,Devourer,Annihilator,DPS,EU,Murder Row,10,1,1604.1,176330,1,302.0,2026-08-20,0,-1,1610.0,21.1
162446,132440,Paladin,Protection,Lightsmith,Tank,CN,Murder Row,7,1,1489.9,71945,0,294.0,2026-08-20,0,-1,1491.0,26.9
162446,132441,Paladin,Holy,Lightsmith,Healer,CN,Murder Row,7,1,1489.9,13434,1,287.0,2026-08-20,0,-1,1491.0,26.9
162446,38412,Mage,Arcane,Sunfury,DPS,CN,Murder Row,7,1,1489.9,114822,0,290.0,2026-08-20,0,-1,1491.0,26.9
162446,132443,DemonHunter,Devourer,Annihilator,DPS,CN,Murder Row,7,1,1489.9,151999,1,292.0,2026-08-20,0,-1,1491.0,26.9
162446,132442,Warrior,Arms,Slayer,DPS,CN,Murder Row,7,1,1489.9,139950,0,294.0,2026-08-20,0,-1,1491.0,26.9
162449,2443,DeathKnight,Blood,San'layn,Tank,US,Ruby Life Pools,5,1,778.8,124242,0,293.0,2026-08-18,0,-1,771.0,54.1
162449,2444,Priest,Holy,Oracle,Healer,US,Ruby Life Pools,5,1,778.8,31071,0,292.0,2026-08-18,0,-1,771.0,54.1
162449,2445,Druid,Balance,Elune's Chosen,DPS,US,Ruby Life Pools,5,1,778.8,141165,0,295.0,2026-08-18,0,-1,771.0,54.1
162449,28787,Warlock,Affliction,Soul Harvester,DPS,US,Ruby Life Pools,5,1,778.8,145772,0,293.0,2026-08-18,0,-1,771.0,54.1
162449,2447,Evoker,Devastation,Scalecommander,DPS,US,Ruby Life Pools,5,1,778.8,201396,0,293.0,2026-08-18,0,-1,771.0,54.1
162462,69199,DeathKnight,Blood,San'layn,Tank,EU,Ruby Life Pools,10,0,1744.8,86160,7,295.0,2026-08-19,0,-1,1846.0,-9.9
162462,17279,Paladin,Holy,Herald of the Sun,Healer,EU,Ruby Life Pools,10,0,1744.8,18147,3,295.0,2026-08-19,0,-1,1846.0,-9.9
162462,69200,DeathKnight,Unholy,San'layn,DPS,EU,Ruby Life Pools,10,0,1744.8,154273,4,295.0,2026-08-19,0,-1,1846.0,-9.9
162462,217771,DeathKnight,Frost,Deathbringer,DPS,EU,Ruby Life Pools,10,0,1744.8,141888,3,293.0,2026-08-19,0,-1,1846.0,-9.9
162462,45517,Monk,Windwalker,Shado-Pan,DPS,EU,Ruby Life Pools,10,0,1744.8,184470,6,300.0,2026-08-19,0,-1,1846.0,-9.9
162464,52441,Paladin,Protection,Lightsmith,Tank,EU,Ruby Life Pools,11,1,1533.3,99549,1,295.0,2026-08-20,0,-1,1549.0,7.8
162464,94044,Priest,Discipline,Oracle,Healer,EU,Ruby Life Pools,11,1,1533.3,15806,2,297.0,2026-08-20,0,-1,1549.0,7.8
162464,102627,Hunter,BeastMastery,Pack Leader,DPS,EU,Ruby Life Pools,11,1,1533.3,186112,1,299.0,2026-08-20,0,-1,1549.0,7.8
162464,47574,Paladin,Retribution,Templar,DPS,EU,Ruby Life Pools,11,1,1533.3,189790,0,303.0,2026-08-20,0,-1,1549.0,7.8
162464,95653,Paladin,Retribution,Templar,DPS,EU,Ruby Life Pools,11,1,1533.3,145859,1,296.0,2026-08-20,0,-1,1549.0,7.8
162499,48644,Warrior,Protection,Colossus,Tank,US,Voidscar Arena,5,1,985.3,97628,0,294.0,2026-08-19,0,-1,977.0,45.7
162499,128309,Shaman,Restoration,Totemic,Healer,US,Voidscar Arena,5,1,985.3,24995,1,292.0,2026-08-19,0,-1,977.0,45.7
162499,163695,Paladin,Retribution,Templar,DPS,US,Voidscar Arena,5,1,985.3,129609,1,292.0,2026-08-19,0,-1,977.0,45.7
162499,163696,Hunter,BeastMastery,Pack Leader,DPS,US,Voidscar Arena,5,1,985.3,114535,0,296.0,2026-08-19,0,-1,977.0,45.7
162499,63980,Warrior,Arms,Slayer,DPS,US,Voidscar Arena,5,1,985.3,92248,1,289.0,2026-08-19,0,-1,977.0,45.7
162500,68676,Paladin,Protection,Templar,Tank,EU,Murder Row,4,1,1301.4,71512,0,293.0,2026-08-19,0,-1,1293.0,36.6
162500,68677,Shaman,Restoration,Totemic,Healer,EU,Murder Row,4,1,1301.4,12717,0,290.0,2026-08-19,0,-1,1293.0,36.6
162500,67968,Mage,Arcane,Sunfury,DPS,EU,Murder Row,4,1,1301.4,142579,0,295.0,2026-08-19,0,-1,1293.0,36.6
162500,77048,Mage,Arcane,Sunfury,DPS,EU,Murder Row,4,1,1301.4,93496,0,277.0,2026-08-19,0,-1,1293.0,36.6
162500,217792,Warrior,Arms,Slayer,DPS,EU,Murder Row,4,1,1301.4,67319,1,286.0,2026-08-19,0,-1,1293.0,36.6
162507,125011,Paladin,Protection,Lightsmith,Tank,CN,The Blinding Vale,9,0,2228.1,53431,1,294.0,2026-08-20,0,-1,2245.0,-24.7
162507,202340,Shaman,Restoration,Totemic,Healer,CN,The Blinding Vale,9,0,2228.1,2045,2,292.0,2026-08-20,0,-1,2245.0,-24.7
162507,202342,Warrior,Arms,Slayer,DPS,CN,The Blinding Vale,9,0,2228.1,140552,1,294.0,2026-08-20,0,-1,2245.0,-24.7
162507,157988,Druid,Balance,Elune's Chosen,DPS,CN,The Blinding Vale,9,0,2228.1,117016,1,300.0,2026-08-20,0,-1,2245.0,-24.7
162507,202341,Mage,Arcane,Sunfury,DPS,CN,The Blinding Vale,9,0,2228.1,125871,2,294.0,2026-08-20,0,-1,2245.0,-24.7
162525,199264,DeathKnight,Blood,San'layn,Tank,EU,Voidscar Arena,2,1,979.0,76258,0,293.0,2026-08-19,0,-1,970.0,46.1
162525,129268,Evoker,Preservation,Flameshaper,Healer,EU,Voidscar Arena,2,1,979.0,2877,1,285.0,2026-08-19,0,-1,970.0,46.1
162525,59030,DemonHunter,Havoc,Fel-Scarred,DPS,EU,Voidscar Arena,2,1,979.0,135082,0,291.0,2026-08-19,0,-1,970.0,46.1
162525,129269,Druid,Balance,Elune's Chosen,DPS,EU,Voidscar Arena,2,1,979.0,77376,0,290.0,2026-08-19,0,-1,970.0,46.1
162525,107287,DeathKnight,Frost,Deathbringer,DPS,EU,Voidscar Arena,2,1,979.0,108540,0,290.0,2026-08-19,0,-1,970.0,46.1
162530,177775,Warrior,Protection,Mountain Thane,Tank,US,Altar of Fangs,6,1,1095.9,84799,0,299.0,2026-08-20,0,-1,1088.0,39.6
162530,177776,Monk,Mistweaver,Conduit of the Celestials,Healer,US,Altar of Fangs,6,1,1095.9,27188,0,292.0,2026-08-20,0,-1,1088.0,39.6
162530,217802,Rogue,Assassination,Deathstalker,DPS,US,Altar of Fangs,6,1,1095.9,169465,0,295.0,2026-08-20,0,-1,1088.0,39.6
162530,74321,Shaman,Elemental,Farseer,DPS,US,Altar of Fangs,6,1,1095.9,156462,0,294.0,2026-08-20,0,-1,1088.0,39.6
162530,62055,Druid,Balance,Elune's Chosen,DPS,US,Altar of Fangs,6,1,1095.9,146965,0,297.0,2026-08-20,0,-1,1088.0,39.6
162556,171337,DeathKnight,Blood,San'layn,Tank,EU,Ruby Life Pools,7,1,1244.8,66950,0,285.0,2026-08-20,0,-1,1242.0,26.1
162556,217824,Shaman,Restoration,Totemic,Healer,EU,Ruby Life Pools,7,1,1244.8,15129,0,285.0,2026-08-20,0,-1,1242.0,26.1
162556,171339,Rogue,Assassination,Fatebound,DPS,EU,Ruby Life Pools,7,1,1244.8,163971,0,291.0,2026-08-20,0,-1,1242.0,26.1
162556,62397,Warrior,Arms,Slayer,DPS,EU,Ruby Life Pools,7,1,1244.8,160662,1,290.0,2026-08-20,0,-1,1242.0,26.1
162556,171340,Hunter,Marksmanship,Sentinel,DPS,EU,Ruby Life Pools,7,1,1244.8,139462,0,287.0,2026-08-20,0,-1,1242.0,26.1
162583,112603,DeathKnight,Blood,San'layn,Tank,EU,Kings' Rest,2,1,973.7,60914,0,291.0,2026-08-19,0,-1,965.0,51.3
162583,112604,Priest,Discipline,Oracle,Healer,EU,Kings' Rest,2,1,973.7,12559,0,287.0,2026-08-19,0,-1,965.0,51.3
162583,112606,DeathKnight,Unholy,Rider of the Apocalypse,DPS,EU,Kings' Rest,2,1,973.7,53566,0,267.0,2026-08-19,0,-1,965.0,51.3
162583,112605,Mage,Arcane,Sunfury,DPS,EU,Kings' Rest,2,1,973.7,116884,0,292.0,2026-08-19,0,-1,965.0,51.3
162583,209859,Evoker,Devastation,Scalecommander,DPS,EU,Kings' Rest,2,1,973.7,104293,1,291.0,2026-08-19,0,-1,965.0,51.3
162596,17991,DeathKnight,Blood,San'layn,Tank,EU,Kings' Rest,10,1,1437.0,76215,0,295.0,2026-08-19,0,-1,1438.0,27.4
162596,17992,Druid,Restoration,Wildstalker,Healer,EU,Kings' Rest,10,1,1437.0,20649,2,294.0,2026-08-19,0,-1,1438.0,27.4
162596,17994,Druid,Balance,Elune's Chosen,DPS,EU,Kings' Rest,10,1,1437.0,135470,0,298.0,2026-08-19,0,-1,1438.0,27.4
162596,61911,Paladin,Retribution,Templar,DPS,EU,Kings' Rest,10,1,1437.0,131749,0,296.0,2026-08-19,0,-1,1438.0,27.4
162596,61912,Warrior,Arms,Slayer,DPS,EU,Kings' Rest,10,1,1437.0,163623,0,298.0,2026-08-19,0,-1,1438.0,27.4
162603,59451,Druid,Guardian,Elune's Chosen,Tank,US,Ruby Life Pools,6,1,1121.6,78667,0,295.0,2026-08-19,0,-1,1118.0,33.4
162603,114637,Paladin,Holy,Herald of the Sun,Healer,US,Ruby Life Pools,6,1,1121.6,22215,0,294.0,2026-08-19,0,-1,1118.0,33.4
162603,142806,DemonHunter,Havoc,Fel-Scarred,DPS,US,Ruby Life Pools,6,1,1121.6,131328,1,292.0,2026-08-19,0,-1,1118.0,33.4
162603,82598,DemonHunter,Devourer,Void-Scarred,DPS,US,Ruby Life Pools,6,1,1121.6,129837,0,293.0,2026-08-19,0,-1,1118.0,33.4
162603,114639,Shaman,Elemental,Farseer,DPS,US,Ruby Life Pools,6,1,1121.6,153361,0,295.0,2026-08-19,0,-1,1118.0,33.4
162605,8009,DeathKnight,Blood,Deathbringer,Tank,US,Temple of Sethraliss,10,1,1597.6,93183,0,295.0,2026-08-19,0,-1,1639.0,14.7
162605,27,Evoker,Preservation,Flameshaper,Healer,US,Temple of Sethraliss,10,1,1597.6,32128,4,298.0,2026-08-19,0,-1,1639.0,14.7
162605,115968,Hunter,BeastMastery,Pack Leader,DPS,US,Temple of Sethraliss,10,1,1597.6,116781,2,300.0,2026-08-19,0,-1,1639.0,14.7
162605,6321,Priest,Shadow,Archon,DPS,US,Temple of Sethraliss,10,1,1597.6,181960,2,301.0,2026-08-19,0,-1,1639.0,14.7
162605,201077,Evoker,Devastation,Scalecommander,DPS,US,Temple of Sethraliss,10,1,1597.6,167225,2,295.0,2026-08-19,0,-1,1639.0,14.7
162606,180847,Paladin,Protection,Lightsmith,Tank,CN,The Blinding Vale,4,1,1266.8,83154,0,291.0,2026-08-20,0,-1,1258.0,30.1
162606,180848,Paladin,Holy,Herald of the Sun,Healer,CN,The Blinding Vale,4,1,1266.8,15126,0,288.0,2026-08-20,0,-1,1258.0,30.1
162606,180851,Warlock,Demonology,Diabolist,DPS,CN,The Blinding Vale,4,1,1266.8,151929,0,287.0,2026-08-20,0,-1,1258.0,30.1
162606,180849,Shaman,Elemental,Farseer,DPS,CN,The Blinding Vale,4,1,1266.8,103030,0,288.0,2026-08-20,0,-1,1258.0,30.1
162606,180850,Warrior,Arms,Slayer,DPS,CN,The Blinding Vale,4,1,1266.8,107567,0,295.0,2026-08-20,0,-1,1258.0,30.1
162612,158231,DeathKnight,Blood,San'layn,Tank,US,Voidscar Arena,7,1,1325.1,65923,0,292.0,2026-08-19,0,-1,1327.0,26.3
162612,158232,Priest,Holy,Archon,Healer,US,Voidscar Arena,7,1,1325.1,16201,0,291.0,2026-08-19,0,-1,1327.0,26.3
162612,158234,DemonHunter,Devourer,Void-Scarred,DPS,US,Voidscar Arena,7,1,1325.1,125704,2,292.0,2026-08-19,0,-1,1327.0,26.3
162612,78439,Shaman,Elemental,Farseer,DPS,US,Voidscar Arena,7,1,1325.1,137582,0,293.0,2026-08-19,0,-1,1327.0,26.3
162612,158233,Paladin,Retribution,Templar,DPS,US,Voidscar Arena,7,1,1325.1,128479,0,293.0,2026-08-19,0,-1,1327.0,26.3
162629,164428,Paladin,Protection,Unknown,Tank,US,The Blinding Vale,5,1,1151.7,85444,1,293.0,2026-08-19,0,-1,1143.0,36.5
162629,197360,Priest,Holy,Unknown,Healer,US,The Blinding Vale,5,1,1151.7,35203,1,293.0,2026-08-19,0,-1,1143.0,36.5
162629,217874,Mage,Arcane,Unknown,DPS,US,The Blinding Vale,5,1,1151.7,147320,2,290.0,2026-08-19,0,-1,1143.0,36.5
162629,121330,Warlock,Demonology,Unknown,DPS,US,The Blinding Vale,5,1,1151.7,152541,1,295.0,2026-08-19,0,-1,1143.0,36.5
162629,217875,Paladin,Retribution,Unknown,DPS,US,The Blinding Vale,5,1,1151.7,161108,1,290.0,2026-08-19,0,-1,1143.0,36.5
162647,84905,DeathKnight,Blood,San'layn,Tank,CN,Ruby Life Pools,11,1,1367.2,112733,0,292.0,2026-08-20,0,-1,1369.0,18.5
162647,134012,Paladin,Holy,Herald of the Sun,Healer,CN,Ruby Life Pools,11,1,1367.2,4806,0,295.0,2026-08-20,0,-1,1369.0,18.5
162647,84907,Mage,Arcane,Sunfury,DPS,CN,Ruby Life Pools,11,1,1367.2,168867,0,294.0,2026-08-20,0,-1,1369.0,18.5
162647,134014,Warrior,Arms,Slayer,DPS,CN,Ruby Life Pools,11,1,1367.2,198383,1,295.0,2026-08-20,0,-1,1369.0,18.5
162647,134013,Priest,Shadow,Archon,DPS,CN,Ruby Life Pools,11,1,1367.2,187242,1,295.0,2026-08-20,0,-1,1369.0,18.5
162659,217896,Warrior,Protection,Mountain Thane,Tank,CN,Kings' Rest,10,1,1721.7,71422,2,292.0,2026-08-20,0,-1,1768.0,10.7
162659,217897,Paladin,Holy,Herald of the Sun,Healer,CN,Kings' Rest,10,1,1721.7,12415,2,296.0,2026-08-20,0,-1,1768.0,10.7
162659,217898,Paladin,Retribution,Herald of the Sun,DPS,CN,Kings' Rest,10,1,1721.7,102442,3,295.0,2026-08-20,0,-1,1768.0,10.7
162659,217899,Mage,Arcane,Sunfury,DPS,CN,Kings' Rest,10,1,1721.7,136249,2,295.0,2026-08-20,0,-1,1768.0,10.7
162659,42831,DeathKnight,Unholy,San'layn,DPS,CN,Kings' Rest,10,1,1721.7,118670,2,292.0,2026-08-20,0,-1,1768.0,10.7
162693,132324,DeathKnight,Blood,San'layn,Tank,EU,Voidscar Arena,10,1,1506.7,96453,1,288.0,2026-08-20,0,-1,1543.0,14.3
162693,198978,Paladin,Holy,Herald of the Sun,Healer,EU,Voidscar Arena,10,1,1506.7,17640,1,291.0,2026-08-20,0,-1,1543.0,14.3
162693,39232,Warrior,Arms,Slayer,DPS,EU,Voidscar Arena,10,1,1506.7,209104,2,299.0,2026-08-20,0,-1,1543.0,14.3
162693,39233,Monk,Windwalker,Conduit of the Celestials,DPS,EU,Voidscar Arena,10,1,1506.7,167595,2,301.0,2026-08-20,0,-1,1543.0,14.3
162693,62753,Mage,Arcane,Sunfury,DPS,EU,Voidscar Arena,10,1,1506.7,144990,3,294.0,2026-08-20,0,-1,1543.0,14.3
162719,90769,DeathKnight,Blood,San'layn,Tank,EU,Ruby Life Pools,8,1,1261.0,91112,2,286.0,2026-08-19,0,-1,1317.0,21.6
162719,57047,Priest,Discipline,Oracle,Healer,EU,Ruby Life Pools,8,1,1261.0,16985,4,278.0,2026-08-19,0,-1,1317.0,21.6
162719,57049,Mage,Arcane,Sunfury,DPS,EU,Ruby Life Pools,8,1,1261.0,187935,2,293.0,2026-08-19,0,-1,1317.0,21.6
162719,90770,Druid,Balance,Elune's Chosen,DPS,EU,Ruby Life Pools,8,1,1261.0,153121,3,294.0,2026-08-19,0,-1,1317.0,21.6
162719,57048,Mage,Arcane,Sunfury,DPS,EU,Ruby Life Pools,8,1,1261.0,157782,2,291.0,2026-08-19,0,-1,1317.0,21.6
162744,86993,DeathKnight,Blood,San'layn,Tank,CN,Voidscar Arena,8,1,1539.8,80574,1,292.0,2026-08-20,0,-1,1567.0,13.0
162744,189123,Paladin,Holy,Lightsmith,Healer,CN,Voidscar Arena,8,1,1539.8,39867,1,287.0,2026-08-20,0,-1,1567.0,13.0
162744,206382,Shaman,Elemental,Farseer,DPS,CN,Voidscar Arena,8,1,1539.8,125914,1,295.0,2026-08-20,0,-1,1567.0,13.0
162744,189125,DemonHunter,Havoc,Fel-Scarred,DPS,CN,Voidscar Arena,8,1,1539.8,164478,2,291.0,2026-08-20,0,-1,1567.0,13.0
162744,189124,Hunter,Marksmanship,Sentinel,DPS,CN,Voidscar Arena,8,1,1539.8,107470,2,288.0,2026-08-20,0,-1,1567.0,13.0
162746,187771,Paladin,Protection,Templar,Tank,EU,Den of Nalorakk,10,1,1484.2,83298,0,302.0,2026-08-19,0,-1,1486.0,22.6
162746,142197,Shaman,Restoration,Totemic,Healer,EU,Den of Nalorakk,10,1,1484.2,24928,1,293.0,2026-08-19,0,-1,1486.0,22.6
162746,13075,Paladin,Retribution,Templar,DPS,EU,Den of Nalorakk,10,1,1484.2,183488,0,298.0,2026-08-19,0,-1,1486.0,22.6
162746,172243,DemonHunter,Havoc,Fel-Scarred,DPS,EU,Den of Nalorakk,10,1,1484.2,133831,1,287.0,2026-08-19,0,-1,1486.0,22.6
162746,13073,Hunter,Marksmanship,Sentinel,DPS,EU,Den of Nalorakk,10,1,1484.2,146830,0,291.0,2026-08-19,0,-1,1486.0,22.6
162752,103756,DeathKnight,Blood,Deathbringer,Tank,EU,Den of Nalorakk,7,1,1625.8,58915,0,284.0,2026-08-19,0,-1,1633.0,15.0
162752,87944,Shaman,Restoration,Totemic,Healer,EU,Den of Nalorakk,7,1,1625.8,13252,0,298.0,2026-08-19,0,-1,1633.0,15.0
162752,128294,Warlock,Demonology,Diabolist,DPS,EU,Den of Nalorakk,7,1,1625.8,117178,0,290.0,2026-08-19,0,-1,1633.0,15.0
162752,166047,Monk,Windwalker,Shado-Pan,DPS,EU,Den of Nalorakk,7,1,1625.8,108583,1,293.0,2026-08-19,0,-1,1633.0,15.0
162752,217947,Warrior,Arms,Slayer,DPS,EU,Den of Nalorakk,7,1,1625.8,103038,2,291.0,2026-08-19,0,-1,1633.0,15.0
162757,13353,Paladin,Protection,Lightsmith,Tank,US,Altar of Fangs,10,1,1574.6,89656,0,297.0,2026-08-19,0,-1,1567.0,13.0
162757,83371,Shaman,Restoration,Totemic,Healer,US,Altar of Fangs,10,1,1574.6,6870,0,293.0,2026-08-19,0,-1,1567.0,13.0
162757,13354,Evoker,Devastation,Scalecommander,DPS,US,Altar of Fangs,10,1,1574.6,212685,0,301.0,2026-08-19,0,-1,1567.0,13.0
162757,83372,DemonHunter,Devourer,Void-Scarred,DPS,US,Altar of Fangs,10,1,1574.6,170651,0,295.0,2026-08-19,0,-1,1567.0,13.0
162757,83373,Paladin,Retribution,Herald of the Sun,DPS,US,Altar of Fangs,10,1,1574.6,207000,0,303.0,2026-08-19,0,-1,1567.0,13.0
162759,22281,DeathKnight,Blood,San'layn,Tank,EU,Altar of Fangs,11,1,1238.5,129657,0,296.0,2026-08-20,0,-1,1235.0,31.4
162759,92643,Paladin,Holy,Herald of the Sun,Healer,EU,Altar of Fangs,11,1,1238.5,23895,0,296.0,2026-08-20,0,-1,1235.0,31.4
162759,197546,DemonHunter,Devourer,Void-Scarred,DPS,EU,Altar of Fangs,11,1,1238.5,205534,0,294.0,2026-08-20,0,-1,1235.0,31.4
162759,20676,Warrior,Arms,Slayer,DPS,EU,Altar of Fangs,11,1,1238.5,247542,1,296.0,2026-08-20,0,-1,1235.0,31.4
162759,103101,Shaman,Elemental,Farseer,DPS,EU,Altar of Fangs,11,1,1238.5,300832,0,307.0,2026-08-20,0,-1,1235.0,31.4
162767,158550,Druid,Guardian,Elune's Chosen,Tank,EU,Voidscar Arena,11,1,1346.3,99921,0,296.0,2026-08-20,0,-1,1343.0,25.4
162767,88140,Paladin,Holy,Herald of the Sun,Healer,EU,Voidscar Arena,11,1,1346.3,16458,0,300.0,2026-08-20,0,-1,1343.0,25.4
162767,139627,Rogue,Outlaw,Trickster,DPS,EU,Voidscar Arena,11,1,1346.3,202965,0,294.0,2026-08-20,0,-1,1343.0,25.4
162767,58527,Warlock,Demonology,Diabolist,DPS,EU,Voidscar Arena,11,1,1346.3,223430,0,299.0,2026-08-20,0,-1,1343.0,25.4
162767,17694,Warrior,Arms,Slayer,DPS,EU,Voidscar Arena,11,1,1346.3,174851,1,307.0,2026-08-20,0,-1,1343.0,25.4
162770,33627,DeathKnight,Blood,Deathbringer,Tank,EU,The Blinding Vale,11,1,1597.3,114222,0,297.0,2026-08-19,0,-1,1624.0,9.8
162770,33628,Shaman,Restoration,Totemic,Healer,EU,The Blinding Vale,11,1,1597.3,23863,2,297.0,2026-08-19,0,-1,1624.0,9.8
162770,117008,Warrior,Arms,Slayer,DPS,EU,The Blinding Vale,11,1,1597.3,170134,2,294.0,2026-08-19,0,-1,1624.0,9.8
162770,31955,Shaman,Elemental,Farseer,DPS,EU,The Blinding Vale,11,1,1597.3,176730,1,286.0,2026-08-19,0,-1,1624.0,9.8
162770,177755,Priest,Shadow,Voidweaver,DPS,EU,The Blinding Vale,11,1,1597.3,166632,2,291.0,2026-08-19,0,-1,1624.0,9.8
162772,217953,Druid,Guardian,Elune's Chosen,Tank,CN,Murder Row,11,1,1972.3,85153,0,297.0,2026-08-20,0,-1,2014.0,1.3
162772,172782,Paladin,Holy,Lightsmith,Healer,CN,Murder Row,11,1,1972.3,16938,2,282.0,2026-08-20,0,-1,2014.0,1.3
162772,172785,Mage,Arcane,Sunfury,DPS,CN,Murder Row,11,1,1972.3,108648,1,287.0,2026-08-20,0,-1,2014.0,1.3
162772,172784,Rogue,Assassination,Deathstalker,DPS,CN,Murder Row,11,1,1972.3,155480,5,296.0,2026-08-20,0,-1,2014.0,1.3
162772,172783,Shaman,Elemental,Farseer,DPS,CN,Murder Row,11,1,1972.3,154392,2,293.0,2026-08-20,0,-1,2014.0,1.3
162776,162005,DeathKnight,Blood,San'layn,Tank,EU,Murder Row,11,1,1599.3,129810,0,293.0,2026-08-20,0,-1,1625.0,20.3
162776,113496,Druid,Restoration,Wildstalker,Healer,EU,Murder Row,11,1,1599.3,11042,0,299.0,2026-08-20,0,-1,1625.0,20.3
162776,21125,Evoker,Devastation,Scalecommander,DPS,EU,Murder Row,11,1,1599.3,199344,2,300.0,2026-08-20,0,-1,1625.0,20.3
162776,18845,Rogue,Subtlety,Deathstalker,DPS,EU,Murder Row,11,1,1599.3,177782,3,299.0,2026-08-20,0,-1,1625.0,20.3
162776,184419,Paladin,Retribution,Templar,DPS,EU,Murder Row,11,1,1599.3,161779,2,293.0,2026-08-20,0,-1,1625.0,20.3
162785,172279,Monk,Brewmaster,Master of Harmony,Tank,EU,Temple of Sethraliss,11,1,1377.0,55647,1,282.0,2026-08-20,0,-1,1398.0,27.2
162785,71223,Shaman,Restoration,Totemic,Healer,EU,Temple of Sethraliss,11,1,1377.0,20024,1,297.0,2026-08-20,0,-1,1398.0,27.2
162785,12500,Warrior,Arms,Slayer,DPS,EU,Temple of Sethraliss,11,1,1377.0,210270,0,305.0,2026-08-20,0,-1,1398.0,27.2
162785,38448,Warrior,Arms,Slayer,DPS,EU,Temple of Sethraliss,11,1,1377.0,232488,3,302.0,2026-08-20,0,-1,1398.0,27.2
162785,23479,Mage,Arcane,Sunfury,DPS,EU,Temple of Sethraliss,11,1,1377.0,226598,1,305.0,2026-08-20,0,-1,1398.0,27.2
162790,102877,Warrior,Protection,Mountain Thane,Tank,EU,The Blinding Vale,11,1,1631.2,120643,0,296.0,2026-08-19,0,-1,1683.0,6.5
162790,102878,Priest,Discipline,Oracle,Healer,EU,The Blinding Vale,11,1,1631.2,17684,5,286.0,2026-08-19,0,-1,1683.0,6.5
162790,102881,Mage,Arcane,Sunfury,DPS,EU,The Blinding Vale,11,1,1631.2,172894,0,295.0,2026-08-19,0,-1,1683.0,6.5
162790,102880,Warlock,Demonology,Diabolist,DPS,EU,The Blinding Vale,11,1,1631.2,144680,4,295.0,2026-08-19,0,-1,1683.0,6.5
162790,102879,Shaman,Elemental,Farseer,DPS,EU,The Blinding Vale,11,1,1631.2,182129,3,294.0,2026-08-19,0,-1,1683.0,6.5
162797,81452,Druid,Guardian,Elune's Chosen,Tank,US,Voidscar Arena,6,1,1186.4,66787,0,292.0,2026-08-18,0,-1,1178.0,34.6
162797,145635,Paladin,Holy,Herald of the Sun,Healer,US,Voidscar Arena,6,1,1186.4,10997,0,277.0,2026-08-18,0,-1,1178.0,34.6
162797,147808,Priest,Shadow,Archon,DPS,US,Voidscar Arena,6,1,1186.4,134694,0,291.0,2026-08-18,0,-1,1178.0,34.6
162797,139042,DemonHunter,Devourer,Void-Scarred,DPS,US,Voidscar Arena,6,1,1186.4,99162,0,281.0,2026-08-18,0,-1,1178.0,34.6
162797,81454,Hunter,BeastMastery,Pack Leader,DPS,US,Voidscar Arena,6,1,1186.4,111829,0,292.0,2026-08-18,0,-1,1178.0,34.6
162803,217971,DeathKnight,Blood,San'layn,Tank,US,The Blinding Vale,2,1,1311.0,74678,0,290.0,2026-08-20,0,-1,1302.0,27.7
162803,69313,Druid,Restoration,Wildstalker,Healer,US,The Blinding Vale,2,1,1311.0,22916,0,294.0,2026-08-20,0,-1,1302.0,27.7
162803,217972,Priest,Shadow,Archon,DPS,US,The Blinding Vale,2,1,1311.0,18117,1,283.0,2026-08-20,0,-1,1302.0,27.7
162803,217973,DemonHunter,Devourer,Annihilator,DPS,US,The Blinding Vale,2,1,1311.0,135878,0,287.0,2026-08-20,0,-1,1302.0,27.7
162803,217974,Mage,Arcane,Sunfury,DPS,US,The Blinding Vale,2,1,1311.0,133775,1,282.0,2026-08-20,0,-1,1302.0,27.7
162806,112799,DeathKnight,Blood,Unknown,Tank,US,Kings' Rest,10,0,2292.3,55005,4,284.0,2026-08-19,0,-1,2354.0,-18.9
162806,31843,Shaman,Restoration,Unknown,Healer,US,Kings' Rest,10,0,2292.3,15107,4,294.0,2026-08-19,0,-1,2354.0,-18.9
162806,140091,Monk,Windwalker,Unknown,DPS,US,Kings' Rest,10,0,2292.3,100043,5,291.0,2026-08-19,0,-1,2354.0,-18.9
162806,31845,Hunter,Marksmanship,Unknown,DPS,US,Kings' Rest,10,0,2292.3,102352,3,300.0,2026-08-19,0,-1,2354.0,-18.9
162806,31846,Warlock,Destruction,Unknown,DPS,US,Kings' Rest,10,0,2292.3,86474,6,294.0,2026-08-19,0,-1,2354.0,-18.9
162809,55082,Paladin,Protection,Templar,Tank,US,Den of Nalorakk,10,0,1935.6,74844,1,293.0,2026-08-19,0,-1,1977.0,-3.0
162809,172100,Priest,Discipline,Oracle,Healer,US,Den of Nalorakk,10,0,1935.6,14365,1,296.0,2026-08-19,0,-1,1977.0,-3.0
162809,24002,Mage,Arcane,Sunfury,DPS,US,Den of Nalorakk,10,0,1935.6,148704,2,292.0,2026-08-19,0,-1,1977.0,-3.0
162809,55471,Warlock,Destruction,Diabolist,DPS,US,Den of Nalorakk,10,0,1935.6,142723,2,296.0,2026-08-19,0,-1,1977.0,-3.0
162809,95647,DemonHunter,Devourer,Annihilator,DPS,US,Den of Nalorakk,10,0,1935.6,102832,4,298.0,2026-08-19,0,-1,1977.0,-3.0
162816,109097,Paladin,Protection,Templar,Tank,US,The Blinding Vale,5,1,1366.6,57848,0,293.0,2026-08-19,0,-1,1358.0,24.5
162816,89053,Monk,Mistweaver,Conduit of the Celestials,Healer,US,The Blinding Vale,5,1,1366.6,27919,0,291.0,2026-08-19,0,-1,1358.0,24.5
162816,89054,Paladin,Retribution,Templar,DPS,US,The Blinding Vale,5,1,1366.6,120666,1,293.0,2026-08-19,0,-1,1358.0,24.5
162816,109099,Shaman,Elemental,Stormbringer,DPS,US,The Blinding Vale,5,1,1366.6,102658,0,295.0,2026-08-19,0,-1,1358.0,24.5
162816,109098,Warrior,Arms,Slayer,DPS,US,The Blinding Vale,5,1,1366.6,112758,1,294.0,2026-08-19,0,-1,1358.0,24.5
162824,39356,DemonHunter,Vengeance,Annihilator,Tank,US,Kings' Rest,2,1,1143.8,53973,0,292.0,2026-08-19,0,-1,1135.0,42.7
162824,39357,Evoker,Preservation,Flameshaper,Healer,US,Kings' Rest,2,1,1143.8,29323,0,302.0,2026-08-19,0,-1,1135.0,42.7
162824,217987,Mage,Frost,Spellslinger,DPS,US,Kings' Rest,2,1,1143.8,53938,1,290.0,2026-08-19,0,-1,1135.0,42.7
162824,217988,Druid,Balance,Keeper of the Grove,DPS,US,Kings' Rest,2,1,1143.8,57114,0,289.0,2026-08-19,0,-1,1135.0,42.7
162824,597,Warlock,Demonology,Diabolist,DPS,US,Kings' Rest,2,1,1143.8,112754,0,295.0,2026-08-19,0,-1,1135.0,42.7
162836,47448,DeathKnight,Blood,San'layn,Tank,EU,Ruby Life Pools,11,1,1306.6,126681,0,305.0,2026-08-20,0,-1,1308.0,22.2
162836,47449,Shaman,Restoration,Totemic,Healer,EU,Ruby Life Pools,11,1,1306.6,31641,0,300.0,2026-08-20,0,-1,1308.0,22.2
162836,162619,Warlock,Demonology,Diabolist,DPS,EU,Ruby Life Pools,11,1,1306.6,194595,0,295.0,2026-08-20,0,-1,1308.0,22.2
162836,217993,Warrior,Arms,Slayer,DPS,EU,Ruby Life Pools,11,1,1306.6,174033,2,290.0,2026-08-20,0,-1,1308.0,22.2
162836,47451,Paladin,Retribution,Templar,DPS,EU,Ruby Life Pools,11,1,1306.6,212490,0,298.0,2026-08-20,0,-1,1308.0,22.2
162845,176246,Paladin,Protection,Lightsmith,Tank,CN,Altar of Fangs,11,0,2620.6,61600,4,280.0,2026-08-20,0,-1,2682.0,-49.0
162845,176247,Paladin,Holy,Lightsmith,Healer,CN,Altar of Fangs,11,0,2620.6,12025,4,290.0,2026-08-20,0,-1,2682.0,-49.0
162845,196928,Warrior,Arms,Slayer,DPS,CN,Altar of Fangs,11,0,2620.6,140454,5,291.0,2026-08-20,0,-1,2682.0,-49.0
162845,176250,Mage,Arcane,Sunfury,DPS,CN,Altar of Fangs,11,0,2620.6,144910,7,295.0,2026-08-20,0,-1,2682.0,-49.0
162845,176248,Warrior,Arms,Slayer,DPS,CN,Altar of Fangs,11,0,2620.6,128234,4,291.0,2026-08-20,0,-1,2682.0,-49.0
162852,120071,Paladin,Protection,Templar,Tank,EU,Murder Row,5,1,1203.9,63272,0,290.0,2026-08-19,0,-1,1195.0,41.4
162852,60797,Monk,Mistweaver,Conduit of the Celestials,Healer,EU,Murder Row,5,1,1203.9,35851,0,293.0,2026-08-19,0,-1,1195.0,41.4
162852,120072,Evoker,Augmentation,Chronowarden,DPS,EU,Murder Row,5,1,1203.9,88797,0,284.0,2026-08-19,0,-1,1195.0,41.4
162852,120073,Paladin,Retribution,Templar,DPS,EU,Murder Row,5,1,1203.9,123208,0,292.0,2026-08-19,0,-1,1195.0,41.4
162852,60800,Rogue,Subtlety,Deathstalker,DPS,EU,Murder Row,5,1,1203.9,108561,0,293.0,2026-08-19,0,-1,1195.0,41.4
162859,207339,DeathKnight,Blood,Deathbringer,Tank,KR,Murder Row,9,1,1521.5,73376,2,288.0,2026-08-20,0,-1,1553.0,23.9
162859,199118,Priest,Discipline,Voidweaver,Healer,KR,Murder Row,9,1,1521.5,19399,0,294.0,2026-08-20,0,-1,1553.0,23.9
162859,170963,Mage,Arcane,Sunfury,DPS,KR,Murder Row,9,1,1521.5,194343,1,296.0,2026-08-20,0,-1,1553.0,23.9
162859,169796,Warlock,Demonology,Diabolist,DPS,KR,Murder Row,9,1,1521.5,153589,2,299.0,2026-08-20,0,-1,1553.0,23.9
162859,207340,Hunter,BeastMastery,Pack Leader,DPS,KR,Murder Row,9,1,1521.5,133478,1,292.0,2026-08-20,0,-1,1553.0,23.9
162860,82136,DemonHunter,Vengeance,Annihilator,Tank,US,Murder Row,11,1,1792.6,75788,1,293.0,2026-08-20,0,-1,1834.0,10.1
162860,7269,Priest,Discipline,Oracle,Healer,US,Murder Row,11,1,1792.6,17304,3,297.0,2026-08-20,0,-1,1834.0,10.1
162860,13744,Warlock,Destruction,Diabolist,DPS,US,Murder Row,11,1,1792.6,198836,2,307.0,2026-08-20,0,-1,1834.0,10.1
162860,9417,Mage,Arcane,Sunfury,DPS,US,Murder Row,11,1,1792.6,155347,2,303.0,2026-08-20,0,-1,1834.0,10.1
162860,3184,Evoker,Devastation,Scalecommander,DPS,US,Murder Row,11,1,1792.6,200139,2,303.0,2026-08-20,0,-1,1834.0,10.1
162863,24003,Warrior,Protection,Mountain Thane,Tank,EU,Ruby Life Pools,12,1,1461.0,117675,0,295.0,2026-08-20,0,-1,1468.0,12.6
162863,170349,Paladin,Holy,Lightsmith,Healer,EU,Ruby Life Pools,12,1,1461.0,40841,0,298.0,2026-08-20,0,-1,1468.0,12.6
162863,138953,Warlock,Affliction,Soul Harvester,DPS,EU,Ruby Life Pools,12,1,1461.0,188170,1,302.0,2026-08-20,0,-1,1468.0,12.6
162863,142227,Mage,Arcane,Sunfury,DPS,EU,Ruby Life Pools,12,1,1461.0,203047,0,304.0,2026-08-20,0,-1,1468.0,12.6
162863,170350,Hunter,Survival,Sentinel,DPS,EU,Ruby Life Pools,12,1,1461.0,181175,0,300.0,2026-08-20,0,-1,1468.0,12.6
162869,36491,Druid,Guardian,Elune's Chosen,Tank,US,Den of Nalorakk,10,1,1558.2,70836,0,299.0,2026-08-20,0,-1,1575.0,18.0
162869,121971,Priest,Discipline,Oracle,Healer,US,Den of Nalorakk,10,1,1558.2,12509,0,294.0,2026-08-20,0,-1,1575.0,18.0
162869,111947,DemonHunter,Devourer,Annihilator,DPS,US,Den of Nalorakk,10,1,1558.2,139525,4,297.0,2026-08-20,0,-1,1575.0,18.0
162869,136475,Shaman,Elemental,Farseer,DPS,US,Den of Nalorakk,10,1,1558.2,154856,1,295.0,2026-08-20,0,-1,1575.0,18.0
162869,147502,Priest,Shadow,Archon,DPS,US,Den of Nalorakk,10,1,1558.2,139975,0,300.0,2026-08-20,0,-1,1575.0,18.0
162871,36807,DeathKnight,Blood,San'layn,Tank,US,Den of Nalorakk,10,1,1449.4,107612,0,301.0,2026-08-19,0,-1,1446.0,24.7
162871,76654,Paladin,Holy,Herald of the Sun,Healer,US,Den of Nalorakk,10,1,1449.4,23807,0,300.0,2026-08-19,0,-1,1446.0,24.7
162871,76656,Shaman,Enhancement,Stormbringer,DPS,US,Den of Nalorakk,10,1,1449.4,181628,0,295.0,2026-08-19,0,-1,1446.0,24.7
162871,76657,Paladin,Retribution,Templar,DPS,US,Den of Nalorakk,10,1,1449.4,220293,0,304.0,2026-08-19,0,-1,1446.0,24.7
162871,85880,Warrior,Arms,Slayer,DPS,US,Den of Nalorakk,10,1,1449.4,148764,1,299.0,2026-08-19,0,-1,1446.0,24.7
162885,171694,Paladin,Protection,Lightsmith,Tank,CN,The Blinding Vale,4,1,1352.7,94881,0,293.0,2026-08-20,0,-1,1344.0,25.3
162885,171695,Priest,Holy,Archon,Healer,CN,The Blinding Vale,4,1,1352.7,6901,0,290.0,2026-08-20,0,-1,1344.0,25.3
162885,171698,Evoker,Devastation,Scalecommander,DPS,CN,The Blinding Vale,4,1,1352.7,112508,0,287.0,2026-08-20,0,-1,1344.0,25.3
162885,171697,Shaman,Elemental,Stormbringer,DPS,CN,The Blinding Vale,4,1,1352.7,81398,0,276.0,2026-08-20,0,-1,1344.0,25.3
162885,171696,Mage,Arcane,Sunfury,DPS,CN,The Blinding Vale,4,1,1352.7,106215,1,279.0,2026-08-20,0,-1,1344.0,25.3
162890,218009,Druid,Guardian,Elune's Chosen,Tank,US,Temple of Sethraliss,5,1,1881.4,54543,2,288.0,2026-08-19,0,-1,1873.0,2.4
162890,74811,Priest,Discipline,Oracle,Healer,US,Temple of Sethraliss,5,1,1881.4,9556,2,291.0,2026-08-19,0,-1,1873.0,2.4
162890,217219,Monk,Windwalker,Shado-Pan,DPS,US,Temple of Sethraliss,5,1,1881.4,73957,3,288.0,2026-08-19,0,-1,1873.0,2.4
162890,218010,Evoker,Devastation,Scalecommander,DPS,US,Temple of Sethraliss,5,1,1881.4,90731,2,288.0,2026-08-19,0,-1,1873.0,2.4
162890,218011,Warlock,Destruction,Diabolist,DPS,US,Temple of Sethraliss,5,1,1881.4,95485,3,288.0,2026-08-19,0,-1,1873.0,2.4
162904,37993,Monk,Brewmaster,Shado-Pan,Tank,CN,Den of Nalorakk,11,1,1847.6,63388,1,293.0,2026-08-20,0,-1,1904.0,0.8
162904,37994,Paladin,Holy,Lightsmith,Healer,CN,Den of Nalorakk,11,1,1847.6,20261,3,293.0,2026-08-20,0,-1,1904.0,0.8
162904,37997,Hunter,BeastMastery,Pack Leader,DPS,CN,Den of Nalorakk,11,1,1847.6,139692,3,291.0,2026-08-20,0,-1,1904.0,0.8
162904,37995,Shaman,Elemental,Farseer,DPS,CN,Den of Nalorakk,11,1,1847.6,177685,3,294.0,2026-08-20,0,-1,1904.0,0.8
162904,37996,Mage,Arcane,Sunfury,DPS,CN,Den of Nalorakk,11,1,1847.6,182443,3,293.0,2026-08-20,0,-1,1904.0,0.8
162915,37696,DeathKnight,Blood,San'layn,Tank,CN,Temple of Sethraliss,10,1,1728.0,107298,1,293.0,2026-08-20,0,-1,1760.0,8.3
162915,37697,Priest,Discipline,Oracle,Healer,CN,Temple of Sethraliss,10,1,1728.0,14858,2,291.0,2026-08-20,0,-1,1760.0,8.3
162915,57505,Evoker,Devastation,Scalecommander,DPS,CN,Temple of Sethraliss,10,1,1728.0,125875,3,283.0,2026-08-20,0,-1,1760.0,8.3
162915,57506,Paladin,Retribution,Templar,DPS,CN,Temple of Sethraliss,10,1,1728.0,156627,1,294.0,2026-08-20,0,-1,1760.0,8.3
162915,37699,Mage,Arcane,Sunfury,DPS,CN,Temple of Sethraliss,10,1,1728.0,160490,1,290.0,2026-08-20,0,-1,1760.0,8.3
162921,81409,DeathKnight,Blood,Deathbringer,Tank,EU,Kings' Rest,10,1,1673.2,66127,1,296.0,2026-08-19,0,-1,1720.0,13.1
162921,218027,Shaman,Restoration,Totemic,Healer,EU,Kings' Rest,10,1,1673.2,30829,4,292.0,2026-08-19,0,-1,1720.0,13.1
162921,76770,Hunter,BeastMastery,Pack Leader,DPS,EU,Kings' Rest,10,1,1673.2,118364,1,297.0,2026-08-19,0,-1,1720.0,13.1
162921,101099,DemonHunter,Havoc,Fel-Scarred,DPS,EU,Kings' Rest,10,1,1673.2,126157,2,294.0,2026-08-19,0,-1,1720.0,13.1
162921,35964,Paladin,Retribution,Herald of the Sun,DPS,EU,Kings' Rest,10,1,1673.2,144736,3,295.0,2026-08-19,0,-1,1720.0,13.1
162929,72951,DeathKnight,Blood,Unknown,Tank,CN,Altar of Fangs,4,1,1335.9,75590,0,290.0,2026-08-20,0,-1,1328.0,26.2
162929,50545,Evoker,Preservation,Unknown,Healer,CN,Altar of Fangs,4,1,1335.9,27473,0,291.0,2026-08-20,0,-1,1328.0,26.2
162929,218032,Mage,Arcane,Unknown,DPS,CN,Altar of Fangs,4,1,1335.9,87073,3,281.0,2026-08-20,0,-1,1328.0,26.2
162929,218033,Paladin,Retribution,Unknown,DPS,CN,Altar of Fangs,4,1,1335.9,136258,1,291.0,2026-08-20,0,-1,1328.0,26.2
162929,72954,Warrior,Arms,Unknown,DPS,CN,Altar of Fangs,4,1,1335.9,94379,1,282.0,2026-08-20,0,-1,1328.0,26.2
162932,106770,Paladin,Protection,Lightsmith,Tank,EU,Murder Row,10,1,1667.1,66515,0,288.0,2026-08-20,0,-1,1674.0,18.0
162932,70920,Paladin,Holy,Herald of the Sun,Healer,EU,Murder Row,10,1,1667.1,2910,0,295.0,2026-08-20,0,-1,1674.0,18.0
162932,93778,DemonHunter,Devourer,Annihilator,DPS,EU,Murder Row,10,1,1667.1,169363,1,299.0,2026-08-20,0,-1,1674.0,18.0
162932,13329,Mage,Arcane,Sunfury,DPS,EU,Murder Row,10,1,1667.1,165382,2,298.0,2026-08-20,0,-1,1674.0,18.0
162932,93779,Druid,Balance,Elune's Chosen,DPS,EU,Murder Row,10,1,1667.1,159309,0,303.0,2026-08-20,0,-1,1674.0,18.0
162943,213497,Monk,Brewmaster,Master of Harmony,Tank,EU,Ruby Life Pools,8,1,1035.1,121537,0,297.0,2026-08-20,0,-1,1027.0,38.9
162943,25136,Shaman,Restoration,Totemic,Healer,EU,Ruby Life Pools,8,1,1035.1,28164,0,295.0,2026-08-20,0,-1,1027.0,38.9
162943,34949,Monk,Windwalker,Shado-Pan,DPS,EU,Ruby Life Pools,8,1,1035.1,175616,0,297.0,2026-08-20,0,-1,1027.0,38.9
162943,183500,Rogue,Subtlety,Deathstalker,DPS,EU,Ruby Life Pools,8,1,1035.1,190361,0,293.0,2026-08-20,0,-1,1027.0,38.9
162943,158652,Warrior,Arms,Slayer,DPS,EU,Ruby Life Pools,8,1,1035.1,190691,0,299.0,2026-08-20,0,-1,1027.0,38.9
162967,9413,DeathKnight,Blood,San'layn,Tank,US,Kings' Rest,10,1,1634.5,81347,0,293.0,2026-08-19,0,-1,1636.0,17.4
162967,21654,Priest,Discipline,Oracle,Healer,US,Kings' Rest,10,1,1634.5,11984,1,297.0,2026-08-19,0,-1,1636.0,17.4
162967,105898,Mage,Arcane,Sunfury,DPS,US,Kings' Rest,10,1,1634.5,132977,0,294.0,2026-08-19,0,-1,1636.0,17.4
162967,104846,Warrior,Arms,Slayer,DPS,US,Kings' Rest,10,1,1634.5,122469,1,295.0,2026-08-19,0,-1,1636.0,17.4
162967,98246,DemonHunter,Devourer,Void-Scarred,DPS,US,Kings' Rest,10,1,1634.5,124182,0,293.0,2026-08-19,0,-1,1636.0,17.4
162971,83334,Paladin,Protection,Templar,Tank,EU,Kings' Rest,8,1,1498.6,61121,0,291.0,2026-08-19,0,-1,1510.0,23.7
162971,83335,Shaman,Restoration,Totemic,Healer,EU,Kings' Rest,8,1,1498.6,23386,1,292.0,2026-08-19,0,-1,1510.0,23.7
162971,83338,DemonHunter,Devourer,Void-Scarred,DPS,EU,Kings' Rest,8,1,1498.6,102195,1,293.0,2026-08-19,0,-1,1510.0,23.7
162971,83336,Paladin,Retribution,Templar,DPS,EU,Kings' Rest,8,1,1498.6,107943,2,291.0,2026-08-19,0,-1,1510.0,23.7
162971,83337,DeathKnight,Frost,Deathbringer,DPS,EU,Kings' Rest,8,1,1498.6,109965,0,289.0,2026-08-19,0,-1,1510.0,23.7
162988,53966,Warrior,Protection,Mountain Thane,Tank,EU,Altar of Fangs,2,1,853.3,120895,0,290.0,2026-08-19,0,-1,844.0,53.1
162988,53967,Druid,Restoration,Wildstalker,Healer,EU,Altar of Fangs,2,1,853.3,18118,0,293.0,2026-08-19,0,-1,844.0,53.1
162988,53970,DemonHunter,Devourer,Void-Scarred,DPS,EU,Altar of Fangs,2,1,853.3,165148,0,295.0,2026-08-19,0,-1,844.0,53.1
162988,53968,DemonHunter,Havoc,Fel-Scarred,DPS,EU,Altar of Fangs,2,1,853.3,147364,0,290.0,2026-08-19,0,-1,844.0,53.1
162988,53969,Mage,Arcane,Sunfury,DPS,EU,Altar of Fangs,2,1,853.3,116075,2,285.0,2026-08-19,0,-1,844.0,53.1
162989,32183,Paladin,Protection,Lightsmith,Tank,EU,Kings' Rest,11,1,1819.1,78744,1,305.0,2026-08-20,0,-1,1866.0,5.8
162989,148246,Monk,Mistweaver,Conduit of the Celestials,Healer,EU,Kings' Rest,11,1,1819.1,34414,2,293.0,2026-08-20,0,-1,1866.0,5.8
162989,218067,Shaman,Elemental,Farseer,DPS,EU,Kings' Rest,11,1,1819.1,103183,2,292.0,2026-08-20,0,-1,1866.0,5.8
162989,52888,Warlock,Demonology,Diabolist,DPS,EU,Kings' Rest,11,1,1819.1,116669,2,296.0,2026-08-20,0,-1,1866.0,5.8
162989,14017,Warrior,Arms,Slayer,DPS,EU,Kings' Rest,11,1,1819.1,127236,4,300.0,2026-08-20,0,-1,1866.0,5.8
162990,49873,DeathKnight,Blood,San'layn,Tank,US,Den of Nalorakk,9,1,1482.0,103412,0,292.0,2026-08-18,0,-1,1493.0,22.2
162990,8910,Shaman,Restoration,Totemic,Healer,US,Den of Nalorakk,9,1,1482.0,25044,0,294.0,2026-08-18,0,-1,1493.0,22.2
162990,61458,DemonHunter,Devourer,Annihilator,DPS,US,Den of Nalorakk,9,1,1482.0,159690,1,291.0,2026-08-18,0,-1,1493.0,22.2
162990,61459,Warlock,Demonology,Diabolist,DPS,US,Den of Nalorakk,9,1,1482.0,110776,3,291.0,2026-08-18,0,-1,1493.0,22.2
162990,10897,Warrior,Arms,Slayer,DPS,US,Den of Nalorakk,9,1,1482.0,140665,0,292.0,2026-08-18,0,-1,1493.0,22.2
162992,32398,Warrior,Protection,Mountain Thane,Tank,EU,Kings' Rest,6,1,1587.6,68661,1,292.0,2026-08-19,0,-1,1645.0,16.9
162992,143201,Druid,Restoration,Wildstalker,Healer,EU,Kings' Rest,6,1,1587.6,3949,3,294.0,2026-08-19,0,-1,1645.0,16.9
162992,214075,Druid,Balance,Elune's Chosen,DPS,EU,Kings' Rest,6,1,1587.6,100629,3,295.0,2026-08-19,0,-1,1645.0,16.9
162992,218068,Mage,Arcane,Sunfury,DPS,EU,Kings' Rest,6,1,1587.6,57778,2,280.0,2026-08-19,0,-1,1645.0,16.9
162992,218069,DeathKnight,Unholy,Rider of the Apocalypse,DPS,EU,Kings' Rest,6,1,1587.6,88628,4,293.0,2026-08-19,0,-1,1645.0,16.9
163012,65277,DeathKnight,Blood,San'layn,Tank,EU,Den of Nalorakk,7,1,1490.0,56207,0,283.0,2026-08-19,0,-1,1507.0,21.5
163012,65278,Shaman,Restoration,Totemic,Healer,EU,Den of Nalorakk,7,1,1490.0,13229,1,295.0,2026-08-19,0,-1,1507.0,21.5
163012,65279,Evoker,Devastation,Scalecommander,DPS,EU,Den of Nalorakk,7,1,1490.0,101018,3,291.0,2026-08-19,0,-1,1507.0,21.5
163012,65281,Hunter,Marksmanship,Sentinel,DPS,EU,Den of Nalorakk,7,1,1490.0,118960,0,293.0,2026-08-19,0,-1,1507.0,21.5
163012,79920,Warrior,Arms,Slayer,DPS,EU,Den of Nalorakk,7,1,1490.0,126648,1,289.0,2026-08-19,0,-1,1507.0,21.5
163029,199556,Paladin,Protection,Lightsmith,Tank,EU,Ruby Life Pools,9,1,1268.3,119115,0,291.0,2026-08-19,0,-1,1270.0,24.4
163029,218099,Shaman,Restoration,Totemic,Healer,EU,Ruby Life Pools,9,1,1268.3,5287,0,286.0,2026-08-19,0,-1,1270.0,24.4
163029,199557,Mage,Arcane,Sunfury,DPS,EU,Ruby Life Pools,9,1,1268.3,127430,0,289.0,2026-08-19,0,-1,1270.0,24.4
163029,22569,Paladin,Retribution,Templar,DPS,EU,Ruby Life Pools,9,1,1268.3,175017,0,291.0,2026-08-19,0,-1,1270.0,24.4
163029,22568,Warrior,Arms,Slayer,DPS,EU,Ruby Life Pools,9,1,1268.3,160086,2,291.0,2026-08-19,0,-1,1270.0,24.4
163039,218105,Druid,Guardian,Elune's Chosen,Tank,EU,Altar of Fangs,2,1,1162.1,46957,1,277.0,2026-08-20,0,-1,1154.0,35.9
163039,68502,Shaman,Restoration,Totemic,Healer,EU,Altar of Fangs,2,1,1162.1,31577,2,300.0,2026-08-20,0,-1,1154.0,35.9
163039,68504,Mage,Arcane,Sunfury,DPS,EU,Altar of Fangs,2,1,1162.1,130961,2,292.0,2026-08-20,0,-1,1154.0,35.9
163039,218106,Warrior,Arms,Slayer,DPS,EU,Altar of Fangs,2,1,1162.1,115532,2,294.0,2026-08-20,0,-1,1154.0,35.9
163039,168794,DemonHunter,Devourer,Void-Scarred,DPS,EU,Altar of Fangs,2,1,1162.1,96264,2,281.0,2026-08-20,0,-1,1154.0,35.9
163044,75712,Druid,Guardian,Elune's Chosen,Tank,US,Den of Nalorakk,11,1,1622.7,66699,0,299.0,2026-08-20,0,-1,1629.0,15.2
163044,59483,Evoker,Preservation,Chronowarden,Healer,US,Den of Nalorakk,11,1,1622.7,20536,0,291.0,2026-08-20,0,-1,1629.0,15.2
163044,59486,Paladin,Retribution,Templar,DPS,US,Den of Nalorakk,11,1,1622.7,145066,0,295.0,2026-08-20,0,-1,1629.0,15.2
163044,6079,Priest,Shadow,Archon,DPS,US,Den of Nalorakk,11,1,1622.7,188572,1,309.0,2026-08-20,0,-1,1629.0,15.2
163044,8594,Mage,Arcane,Sunfury,DPS,US,Den of Nalorakk,11,1,1622.7,182924,2,294.0,2026-08-20,0,-1,1629.0,15.2
163045,16796,Monk,Brewmaster,Master of Harmony,Tank,EU,Ruby Life Pools,12,1,1413.0,99550,2,298.0,2026-08-20,0,-1,1495.0,11.0
163045,16800,Shaman,Restoration,Totemic,Healer,EU,Ruby Life Pools,12,1,1413.0,31273,1,302.0,2026-08-20,0,-1,1495.0,11.0
163045,16798,Hunter,BeastMastery,Pack Leader,DPS,EU,Ruby Life Pools,12,1,1413.0,176838,2,295.0,2026-08-20,0,-1,1495.0,11.0
163045,16797,Priest,Shadow,Voidweaver,DPS,EU,Ruby Life Pools,12,1,1413.0,189547,0,302.0,2026-08-20,0,-1,1495.0,11.0
163045,16799,Warrior,Arms,Slayer,DPS,EU,Ruby Life Pools,12,1,1413.0,219758,1,302.0,2026-08-20,0,-1,1495.0,11.0
163060,75347,DeathKnight,Blood,San'layn,Tank,EU,Murder Row,7,1,1673.4,57788,1,297.0,2026-08-20,0,-1,1695.0,16.9
163060,207632,Monk,Mistweaver,Master of Harmony,Healer,EU,Murder Row,7,1,1673.4,31986,1,297.0,2026-08-20,0,-1,1695.0,16.9
163060,68822,Paladin,Retribution,Templar,DPS,EU,Murder Row,7,1,1673.4,120963,1,299.0,2026-08-20,0,-1,1695.0,16.9
163060,178911,Warrior,Arms,Slayer,DPS,EU,Murder Row,7,1,1673.4,119243,2,299.0,2026-08-20,0,-1,1695.0,16.9
163060,169755,Mage,Arcane,Sunfury,DPS,EU,Murder Row,7,1,1673.4,107053,1,299.0,2026-08-20,0,-1,1695.0,16.9
163071,184668,DeathKnight,Blood,San'layn,Tank,EU,Temple of Sethraliss,8,1,1739.5,64942,0,281.0,2026-08-19,0,-1,1766.0,8.0
163071,179880,Shaman,Restoration,Totemic,Healer,EU,Temple of Sethraliss,8,1,1739.5,22966,1,295.0,2026-08-19,0,-1,1766.0,8.0
163071,35538,Hunter,Marksmanship,Sentinel,DPS,EU,Temple of Sethraliss,8,1,1739.5,142263,3,293.0,2026-08-19,0,-1,1766.0,8.0
163071,109482,Druid,Balance,Elune's Chosen,DPS,EU,Temple of Sethraliss,8,1,1739.5,104078,3,293.0,2026-08-19,0,-1,1766.0,8.0
163071,131819,Paladin,Retribution,Templar,DPS,EU,Temple of Sethraliss,8,1,1739.5,136460,0,291.0,2026-08-19,0,-1,1766.0,8.0
163074,79928,Druid,Guardian,Elune's Chosen,Tank,US,Murder Row,7,1,1868.4,77201,3,292.0,2026-08-18,0,-1,1935.0,5.1
163074,142152,Druid,Restoration,Keeper of the Grove,Healer,US,Murder Row,7,1,1868.4,6267,2,272.0,2026-08-18,0,-1,1935.0,5.1
163074,63527,Evoker,Augmentation,Scalecommander,DPS,US,Murder Row,7,1,1868.4,92308,4,293.0,2026-08-18,0,-1,1935.0,5.1
163074,79932,Mage,Arcane,Sunfury,DPS,US,Murder Row,7,1,1868.4,125451,2,291.0,2026-08-18,0,-1,1935.0,5.1
163074,97263,Paladin,Retribution,Templar,DPS,US,Murder Row,7,1,1868.4,109210,4,284.0,2026-08-18,0,-1,1935.0,5.1
163075,148984,Paladin,Protection,Templar,Tank,EU,Voidscar Arena,10,1,1529.6,64306,0,294.0,2026-08-19,0,-1,1562.0,13.2
163075,143664,Shaman,Restoration,Totemic,Healer,EU,Voidscar Arena,10,1,1529.6,21708,2,292.0,2026-08-19,0,-1,1562.0,13.2
163075,148985,Mage,Arcane,Spellslinger,DPS,EU,Voidscar Arena,10,1,1529.6,148466,3,296.0,2026-08-19,0,-1,1562.0,13.2
163075,69630,Warrior,Arms,Slayer,DPS,EU,Voidscar Arena,10,1,1529.6,181859,1,299.0,2026-08-19,0,-1,1562.0,13.2
163075,143665,Hunter,BeastMastery,Pack Leader,DPS,EU,Voidscar Arena,10,1,1529.6,144817,2,294.0,2026-08-19,0,-1,1562.0,13.2
163085,106639,DeathKnight,Blood,San'layn,Tank,EU,Voidscar Arena,11,1,1476.6,83187,0,301.0,2026-08-19,0,-1,1543.0,14.3
163085,91150,Paladin,Holy,Lightsmith,Healer,EU,Voidscar Arena,11,1,1476.6,18873,3,283.0,2026-08-19,0,-1,1543.0,14.3
163085,81343,Druid,Balance,Elune's Chosen,DPS,EU,Voidscar Arena,11,1,1476.6,135711,4,292.0,2026-08-19,0,-1,1543.0,14.3
163085,17719,Evoker,Devastation,Scalecommander,DPS,EU,Voidscar Arena,11,1,1476.6,200432,3,295.0,2026-08-19,0,-1,1543.0,14.3
163085,87982,Hunter,BeastMastery,Pack Leader,DPS,EU,Voidscar Arena,11,1,1476.6,165253,5,295.0,2026-08-19,0,-1,1543.0,14.3
163092,28131,DemonHunter,Vengeance,Annihilator,Tank,US,Murder Row,10,1,1368.3,102875,0,301.0,2026-08-19,0,-1,1370.0,32.8
163092,4900,Priest,Discipline,Oracle,Healer,US,Murder Row,10,1,1368.3,16615,0,294.0,2026-08-19,0,-1,1370.0,32.8
163092,125372,Priest,Shadow,Archon,DPS,US,Murder Row,10,1,1368.3,199227,0,294.0,2026-08-19,0,-1,1370.0,32.8
163092,2225,Shaman,Enhancement,Stormbringer,DPS,US,Murder Row,10,1,1368.3,196900,2,298.0,2026-08-19,0,-1,1370.0,32.8
163092,125370,Evoker,Augmentation,Scalecommander,DPS,US,Murder Row,10,1,1368.3,180638,0,297.0,2026-08-19,0,-1,1370.0,32.8
163093,19255,DeathKnight,Blood,Deathbringer,Tank,EU,The Blinding Vale,10,1,1525.1,91583,0,296.0,2026-08-19,0,-1,1522.0,15.5
163093,117092,Shaman,Restoration,Totemic,Healer,EU,The Blinding Vale,10,1,1525.1,3736,0,297.0,2026-08-19,0,-1,1522.0,15.5
163093,19258,Rogue,Assassination,Deathstalker,DPS,EU,The Blinding Vale,10,1,1525.1,189888,0,297.0,2026-08-19,0,-1,1522.0,15.5
163093,218134,DemonHunter,Havoc,Fel-Scarred,DPS,EU,The Blinding Vale,10,1,1525.1,143542,1,293.0,2026-08-19,0,-1,1522.0,15.5
163093,218135,Priest,Shadow,Voidweaver,DPS,EU,The Blinding Vale,10,1,1525.1,164639,0,292.0,2026-08-19,0,-1,1522.0,15.5
163101,81307,DeathKnight,Blood,San'layn,Tank,EU,Temple of Sethraliss,10,1,1796.0,67310,4,295.0,2026-08-19,0,-1,1862.0,3.0
163101,81308,Evoker,Preservation,Flameshaper,Healer,EU,Temple of Sethraliss,10,1,1796.0,30820,4,295.0,2026-08-19,0,-1,1862.0,3.0
163101,41605,Hunter,BeastMastery,Pack Leader,DPS,EU,Temple of Sethraliss,10,1,1796.0,123687,2,294.0,2026-08-19,0,-1,1862.0,3.0
163101,81309,Mage,Arcane,Sunfury,DPS,EU,Temple of Sethraliss,10,1,1796.0,145069,2,294.0,2026-08-19,0,-1,1862.0,3.0
163101,81310,Warlock,Demonology,Diabolist,DPS,EU,Temple of Sethraliss,10,1,1796.0,141528,3,292.0,2026-08-19,0,-1,1862.0,3.0
163110,134588,Monk,Brewmaster,Shado-Pan,Tank,EU,Temple of Sethraliss,5,1,1063.8,85206,0,298.0,2026-08-20,0,-1,1056.0,45.0
163110,218149,Paladin,Holy,Herald of the Sun,Healer,EU,Temple of Sethraliss,5,1,1063.8,7230,0,286.0,2026-08-20,0,-1,1056.0,45.0
163110,206236,Hunter,BeastMastery,Pack Leader,DPS,EU,Temple of Sethraliss,5,1,1063.8,107466,0,288.0,2026-08-20,0,-1,1056.0,45.0
163110,205354,Shaman,Elemental,Farseer,DPS,EU,Temple of Sethraliss,5,1,1063.8,153238,0,292.0,2026-08-20,0,-1,1056.0,45.0
163110,197986,Paladin,Retribution,Herald of the Sun,DPS,EU,Temple of Sethraliss,5,1,1063.8,132170,0,288.0,2026-08-20,0,-1,1056.0,45.0
163154,63965,Paladin,Protection,Unknown,Tank,US,Murder Row,10,1,1668.4,86762,0,299.0,2026-08-19,0,-1,1660.0,18.6
163154,63966,Priest,Discipline,Unknown,Healer,US,Murder Row,10,1,1668.4,14803,0,293.0,2026-08-19,0,-1,1660.0,18.6
163154,133934,Monk,Windwalker,Unknown,DPS,US,Murder Row,10,1,1668.4,116808,0,291.0,2026-08-19,0,-1,1660.0,18.6
163154,63968,Mage,Arcane,Unknown,DPS,US,Murder Row,10,1,1668.4,198507,0,299.0,2026-08-19,0,-1,1660.0,18.6
163154,9748,Monk,Windwalker,Unknown,DPS,US,Murder Row,10,1,1668.4,150689,0,294.0,2026-08-19,0,-1,1660.0,18.6
163157,4368,Paladin,Protection,Lightsmith,Tank,US,Kings' Rest,8,1,1492.0,69884,1,295.0,2026-08-19,0,-1,1508.0,23.8
163157,75997,Evoker,Preservation,Flameshaper,Healer,US,Kings' Rest,8,1,1492.0,29250,1,290.0,2026-08-19,0,-1,1508.0,23.8
163157,35741,Paladin,Retribution,Templar,DPS,US,Kings' Rest,8,1,1492.0,125913,0,293.0,2026-08-19,0,-1,1508.0,23.8
163157,199159,Mage,Frost,Spellslinger,DPS,US,Kings' Rest,8,1,1492.0,120102,2,297.0,2026-08-19,0,-1,1508.0,23.8
163157,68632,Shaman,Elemental,Farseer,DPS,US,Kings' Rest,8,1,1492.0,106553,1,294.0,2026-08-19,0,-1,1508.0,23.8
163162,215024,Paladin,Protection,Lightsmith,Tank,EU,Voidscar Arena,9,1,1304.2,59141,1,291.0,2026-08-19,0,-1,1315.0,26.9
163162,69815,Priest,Holy,Oracle,Healer,EU,Voidscar Arena,9,1,1304.2,23456,1,291.0,2026-08-19,0,-1,1315.0,26.9
163162,207197,Warlock,Affliction,Soul Harvester,DPS,EU,Voidscar Arena,9,1,1304.2,145799,1,293.0,2026-08-19,0,-1,1315.0,26.9
163162,13965,Druid,Balance,Elune's Chosen,DPS,EU,Voidscar Arena,9,1,1304.2,182321,0,293.0,2026-08-19,0,-1,1315.0,26.9
163162,136017,Mage,Arcane,Sunfury,DPS,EU,Voidscar Arena,9,1,1304.2,172834,1,293.0,2026-08-19,0,-1,1315.0,26.9
163170,181485,DeathKnight,Blood,San'layn,Tank,CN,Den of Nalorakk,11,1,1761.0,64909,1,293.0,2026-08-20,0,-1,1792.0,6.6
163170,181486,Paladin,Holy,Herald of the Sun,Healer,CN,Den of Nalorakk,11,1,1761.0,16996,2,297.0,2026-08-20,0,-1,1792.0,6.6
163170,181487,Mage,Arcane,Sunfury,DPS,CN,Den of Nalorakk,11,1,1761.0,159248,1,292.0,2026-08-20,0,-1,1792.0,6.6
163170,181489,Shaman,Elemental,Farseer,DPS,CN,Den of Nalorakk,11,1,1761.0,203329,3,301.0,2026-08-20,0,-1,1792.0,6.6
163170,181488,Priest,Shadow,Voidweaver,DPS,CN,Den of Nalorakk,11,1,1761.0,169726,1,293.0,2026-08-20,0,-1,1792.0,6.6
163173,218201,DeathKnight,Blood,Unknown,Tank,US,Altar of Fangs,2,1,1191.5,72755,0,298.0,2026-08-20,0,-1,1183.0,34.3
163173,54809,Paladin,Holy,Unknown,Healer,US,Altar of Fangs,2,1,1191.5,14453,1,281.0,2026-08-20,0,-1,1183.0,34.3
163173,71597,DemonHunter,Devourer,Unknown,DPS,US,Altar of Fangs,2,1,1191.5,105020,0,289.0,2026-08-20,0,-1,1183.0,34.3
163173,218202,Rogue,Subtlety,Unknown,DPS,US,Altar of Fangs,2,1,1191.5,114311,0,293.0,2026-08-20,0,-1,1183.0,34.3
163173,218203,Paladin,Retribution,Unknown,DPS,US,Altar of Fangs,2,1,1191.5,95579,0,287.0,2026-08-20,0,-1,1183.0,34.3
163191,170695,Paladin,Protection,Templar,Tank,EU,The Blinding Vale,11,1,1486.8,88458,0,294.0,2026-08-20,0,-1,1488.0,17.3
163191,35381,Shaman,Restoration,Totemic,Healer,EU,The Blinding Vale,11,1,1486.8,21429,1,292.0,2026-08-20,0,-1,1488.0,17.3
163191,92722,Paladin,Retribution,Templar,DPS,EU,The Blinding Vale,11,1,1486.8,226147,0,301.0,2026-08-20,0,-1,1488.0,17.3
163191,35383,Warrior,Arms,Slayer,DPS,EU,The Blinding Vale,11,1,1486.8,194727,0,295.0,2026-08-20,0,-1,1488.0,17.3
163191,35384,Druid,Balance,Elune's Chosen,DPS,EU,The Blinding Vale,11,1,1486.8,156093,1,297.0,2026-08-20,0,-1,1488.0,17.3
163195,90106,Paladin,Protection,Templar,Tank,EU,Kings' Rest,11,1,1594.0,68815,0,295.0,2026-08-20,0,-1,1595.0,19.4
163195,58196,Shaman,Restoration,Totemic,Healer,EU,Kings' Rest,11,1,1594.0,13965,0,293.0,2026-08-20,0,-1,1595.0,19.4
163195,19779,Hunter,Marksmanship,Sentinel,DPS,EU,Kings' Rest,11,1,1594.0,129812,2,301.0,2026-08-20,0,-1,1595.0,19.4
163195,57630,Paladin,Retribution,Templar,DPS,EU,Kings' Rest,11,1,1594.0,135129,0,299.0,2026-08-20,0,-1,1595.0,19.4
163195,13736,Hunter,BeastMastery,Pack Leader,DPS,EU,Kings' Rest,11,1,1594.0,157752,0,305.0,2026-08-20,0,-1,1595.0,19.4
163196,87114,DeathKnight,Blood,San'layn,Tank,US,Ruby Life Pools,7,1,1295.4,93792,0,287.0,2026-08-18,0,-1,1307.0,22.2
163196,218218,Paladin,Holy,Herald of the Sun,Healer,US,Ruby Life Pools,7,1,1295.4,14734,0,282.0,2026-08-18,0,-1,1307.0,22.2
163196,218219,Priest,Shadow,Archon,DPS,US,Ruby Life Pools,7,1,1295.4,99075,0,287.0,2026-08-18,0,-1,1307.0,22.2
163196,218220,Shaman,Enhancement,Stormbringer,DPS,US,Ruby Life Pools,7,1,1295.4,165422,1,292.0,2026-08-18,0,-1,1307.0,22.2
163196,31993,DemonHunter,Devourer,Void-Scarred,DPS,US,Ruby Life Pools,7,1,1295.4,122732,3,292.0,2026-08-18,0,-1,1307.0,22.2
163199,203727,Paladin,Protection,Lightsmith,Tank,EU,Voidscar Arena,10,1,1302.6,79881,0,304.0,2026-08-20,0,-1,1300.0,27.8
163199,15573,Paladin,Holy,Herald of the Sun,Healer,EU,Voidscar Arena,10,1,1302.6,17714,0,303.0,2026-08-20,0,-1,1300.0,27.8
163199,21638,Shaman,Enhancement,Stormbringer,DPS,EU,Voidscar Arena,10,1,1302.6,210527,1,307.0,2026-08-20,0,-1,1300.0,27.8
163199,169855,Hunter,Marksmanship,Sentinel,DPS,EU,Voidscar Arena,10,1,1302.6,121664,0,289.0,2026-08-20,0,-1,1300.0,27.8
163199,22424,Hunter,BeastMastery,Pack Leader,DPS,EU,Voidscar Arena,10,1,1302.6,189996,0,302.0,2026-08-20,0,-1,1300.0,27.8
163201,22639,Paladin,Protection,Lightsmith,Tank,EU,Voidscar Arena,10,1,1455.7,82762,0,302.0,2026-08-19,0,-1,1452.0,19.3
163201,40429,Druid,Restoration,Wildstalker,Healer,EU,Voidscar Arena,10,1,1455.7,5355,0,290.0,2026-08-19,0,-1,1452.0,19.3
163201,40430,Monk,Windwalker,Shado-Pan,DPS,EU,Voidscar Arena,10,1,1455.7,142982,0,293.0,2026-08-19,0,-1,1452.0,19.3
163201,40432,Shaman,Elemental,Farseer,DPS,EU,Voidscar Arena,10,1,1455.7,170056,1,294.0,2026-08-19,0,-1,1452.0,19.3
163201,191110,Rogue,Assassination,Deathstalker,DPS,EU,Voidscar Arena,10,1,1455.7,203129,0,291.0,2026-08-19,0,-1,1452.0,19.3
163210,30301,Paladin,Protection,Lightsmith,Tank,EU,Voidscar Arena,5,1,1053.7,59884,0,274.0,2026-08-19,0,-1,1046.0,41.9
163210,30302,Priest,Holy,Oracle,Healer,EU,Voidscar Arena,5,1,1053.7,12764,0,295.0,2026-08-19,0,-1,1046.0,41.9
163210,30304,Shaman,Enhancement,Stormbringer,DPS,EU,Voidscar Arena,5,1,1053.7,82876,0,285.0,2026-08-19,0,-1,1046.0,41.9
163210,195746,Monk,Windwalker,Shado-Pan,DPS,EU,Voidscar Arena,5,1,1053.7,126873,0,296.0,2026-08-19,0,-1,1046.0,41.9
163210,30303,Hunter,Marksmanship,Sentinel,DPS,EU,Voidscar Arena,5,1,1053.7,144382,0,293.0,2026-08-19,0,-1,1046.0,41.9
163222,92684,DeathKnight,Blood,San'layn,Tank,US,Murder Row,11,1,1657.2,113117,0,303.0,2026-08-19,0,-1,1663.0,18.5
163222,251,Shaman,Restoration,Totemic,Healer,US,Murder Row,11,1,1657.2,25272,0,296.0,2026-08-19,0,-1,1663.0,18.5
163222,2883,Rogue,Subtlety,Deathstalker,DPS,US,Murder Row,11,1,1657.2,200278,0,300.0,2026-08-19,0,-1,1663.0,18.5
163222,252,Warrior,Arms,Slayer,DPS,US,Murder Row,11,1,1657.2,172942,2,294.0,2026-08-19,0,-1,1663.0,18.5
163222,152648,Mage,Arcane,Sunfury,DPS,US,Murder Row,11,1,1657.2,134314,1,294.0,2026-08-19,0,-1,1663.0,18.5
163226,183527,DemonHunter,Vengeance,Annihilator,Tank,EU,Kings' Rest,10,1,1351.8,88212,1,292.0,2026-08-20,0,-1,1374.0,30.6
163226,16458,Shaman,Restoration,Totemic,Healer,EU,Kings' Rest,10,1,1351.8,32344,1,298.0,2026-08-20,0,-1,1374.0,30.6
163226,36437,Warrior,Fury,Slayer,DPS,EU,Kings' Rest,10,1,1351.8,138494,1,293.0,2026-08-20,0,-1,1374.0,30.6
163226,162737,DeathKnight,Frost,Deathbringer,DPS,EU,Kings' Rest,10,1,1351.8,138587,2,294.0,2026-08-20,0,-1,1374.0,30.6
163226,183528,DeathKnight,Unholy,Rider of the Apocalypse,DPS,EU,Kings' Rest,10,1,1351.8,140941,1,293.0,2026-08-20,0,-1,1374.0,30.6
163228,102994,DemonHunter,Vengeance,Annihilator,Tank,KR,Altar of Fangs,10,1,1651.0,114200,1,294.0,2026-08-20,0,-1,1687.0,6.3
163228,102995,Evoker,Preservation,Flameshaper,Healer,KR,Altar of Fangs,10,1,1651.0,24291,2,292.0,2026-08-20,0,-1,1687.0,6.3
163228,40269,Rogue,Subtlety,Trickster,DPS,KR,Altar of Fangs,10,1,1651.0,171978,3,294.0,2026-08-20,0,-1,1687.0,6.3
163228,40270,Hunter,Marksmanship,Sentinel,DPS,KR,Altar of Fangs,10,1,1651.0,155972,2,297.0,2026-08-20,0,-1,1687.0,6.3
163228,102996,Shaman,Elemental,Farseer,DPS,KR,Altar of Fangs,10,1,1651.0,187514,1,293.0,2026-08-20,0,-1,1687.0,6.3
163229,218241,DeathKnight,Blood,San'layn,Tank,US,Altar of Fangs,2,1,904.2,71962,0,293.0,2026-08-19,0,-1,896.0,50.2
163229,50828,Paladin,Holy,Lightsmith,Healer,US,Altar of Fangs,2,1,904.2,37972,0,291.0,2026-08-19,0,-1,896.0,50.2
163229,19312,Druid,Balance,Elune's Chosen,DPS,US,Altar of Fangs,2,1,904.2,142567,0,293.0,2026-08-19,0,-1,896.0,50.2
163229,50829,Mage,Arcane,Sunfury,DPS,US,Altar of Fangs,2,1,904.2,150582,0,296.0,2026-08-19,0,-1,896.0,50.2
163229,50830,Warrior,Arms,Slayer,DPS,US,Altar of Fangs,2,1,904.2,118677,0,290.0,2026-08-19,0,-1,896.0,50.2
163242,111168,DeathKnight,Blood,San'layn,Tank,EU,Ruby Life Pools,11,1,1430.1,115250,1,299.0,2026-08-19,0,-1,1452.0,13.6
163242,111169,Paladin,Holy,Herald of the Sun,Healer,EU,Ruby Life Pools,11,1,1430.1,14734,2,299.0,2026-08-19,0,-1,1452.0,13.6
163242,111172,Monk,Windwalker,Shado-Pan,DPS,EU,Ruby Life Pools,11,1,1430.1,168924,1,295.0,2026-08-19,0,-1,1452.0,13.6
163242,111171,Warlock,Destruction,Diabolist,DPS,EU,Ruby Life Pools,11,1,1430.1,197822,1,296.0,2026-08-19,0,-1,1452.0,13.6
163242,111170,Paladin,Retribution,Templar,DPS,EU,Ruby Life Pools,11,1,1430.1,186984,1,292.0,2026-08-19,0,-1,1452.0,13.6
163251,186906,DeathKnight,Blood,San'layn,Tank,EU,Den of Nalorakk,8,1,1687.9,70104,0,299.0,2026-08-20,0,-1,1689.0,12.0
163251,218256,Shaman,Restoration,Totemic,Healer,EU,Den of Nalorakk,8,1,1687.9,22049,0,294.0,2026-08-20,0,-1,1689.0,12.0
163251,80263,DeathKnight,Frost,Deathbringer,DPS,EU,Den of Nalorakk,8,1,1687.9,126165,0,296.0,2026-08-20,0,-1,1689.0,12.0
163251,168568,Mage,Frost,Spellslinger,DPS,EU,Den of Nalorakk,8,1,1687.9,121245,0,288.0,2026-08-20,0,-1,1689.0,12.0
163251,174595,Priest,Shadow,Archon,DPS,EU,Den of Nalorakk,8,1,1687.9,111383,2,296.0,2026-08-20,0,-1,1689.0,12.0
163253,126319,DeathKnight,Blood,Deathbringer,Tank,EU,Voidscar Arena,10,1,1554.4,97756,1,303.0,2026-08-20,0,-1,1611.0,10.5
163253,218257,Priest,Holy,Oracle,Healer,EU,Voidscar Arena,10,1,1554.4,16604,1,297.0,2026-08-20,0,-1,1611.0,10.5
163253,192813,Shaman,Elemental,Farseer,DPS,EU,Voidscar Arena,10,1,1554.4,151204,3,291.0,2026-08-20,0,-1,1611.0,10.5
163253,218258,Warlock,Demonology,Diabolist,DPS,EU,Voidscar Arena,10,1,1554.4,144426,3,295.0,2026-08-20,0,-1,1611.0,10.5
163253,20832,Evoker,Devastation,Scalecommander,DPS,EU,Voidscar Arena,10,1,1554.4,166041,3,299.0,2026-08-20,0,-1,1611.0,10.5
163265,55080,DeathKnight,Blood,Deathbringer,Tank,EU,Ruby Life Pools,10,1,1382.1,82635,0,292.0,2026-08-19,0,-1,1384.0,17.6
163265,20170,Paladin,Holy,Lightsmith,Healer,EU,Ruby Life Pools,10,1,1382.1,37547,0,294.0,2026-08-19,0,-1,1384.0,17.6
163265,20171,Mage,Arcane,Sunfury,DPS,EU,Ruby Life Pools,10,1,1382.1,166219,0,288.0,2026-08-19,0,-1,1384.0,17.6
163265,49880,Mage,Arcane,Sunfury,DPS,EU,Ruby Life Pools,10,1,1382.1,159925,0,291.0,2026-08-19,0,-1,1384.0,17.6
163265,18915,Druid,Balance,Elune's Chosen,DPS,EU,Ruby Life Pools,10,1,1382.1,169081,2,295.0,2026-08-19,0,-1,1384.0,17.6
163287,64218,DeathKnight,Blood,San'layn,Tank,EU,Kings' Rest,9,1,1487.5,96026,0,294.0,2026-08-19,0,-1,1534.0,22.5
163287,129920,Paladin,Holy,Herald of the Sun,Healer,EU,Kings' Rest,9,1,1487.5,20806,4,289.0,2026-08-19,0,-1,1534.0,22.5
163287,122400,Mage,Arcane,Sunfury,DPS,EU,Kings' Rest,9,1,1487.5,124721,2,292.0,2026-08-19,0,-1,1534.0,22.5
163287,213493,Warrior,Arms,Slayer,DPS,EU,Kings' Rest,9,1,1487.5,100793,2,293.0,2026-08-19,0,-1,1534.0,22.5
163287,119073,Hunter,BeastMastery,Pack Leader,DPS,EU,Kings' Rest,9,1,1487.5,95374,3,296.0,2026-08-19,0,-1,1534.0,22.5
163289,217180,Monk,Brewmaster,Shado-Pan,Tank,US,The Blinding Vale,8,1,1300.0,79131,0,291.0,2026-08-20,0,-1,1297.0,28.0
163289,217181,Priest,Discipline,Oracle,Healer,US,The Blinding Vale,8,1,1300.0,19733,0,296.0,2026-08-20,0,-1,1297.0,28.0
163289,72790,DeathKnight,Unholy,Rider of the Apocalypse,DPS,US,The Blinding Vale,8,1,1300.0,130287,0,293.0,2026-08-20,0,-1,1297.0,28.0
163289,11390,Shaman,Elemental,Farseer,DPS,US,The Blinding Vale,8,1,1300.0,199969,0,299.0,2026-08-20,0,-1,1297.0,28.0
163289,32382,Rogue,Subtlety,Deathstalker,DPS,US,The Blinding Vale,8,1,1300.0,165855,1,299.0,2026-08-20,0,-1,1297.0,28.0
163293,218299,DeathKnight,Blood,Unknown,Tank,US,Den of Nalorakk,4,1,1339.0,72813,0,292.0,2026-08-20,0,-1,1331.0,30.7
163293,218300,Shaman,Restoration,Unknown,Healer,US,Den of Nalorakk,4,1,1339.0,15799,0,282.0,2026-08-20,0,-1,1331.0,30.7
163293,218301,Mage,Arcane,Unknown,DPS,US,Den of Nalorakk,4,1,1339.0,114516,1,296.0,2026-08-20,0,-1,1331.0,30.7
163293,218302,DemonHunter,Havoc,Unknown,DPS,US,Den of Nalorakk,4,1,1339.0,84528,0,295.0,2026-08-20,0,-1,1331.0,30.7
163293,208985,Druid,Balance,Unknown,DPS,US,Den of Nalorakk,4,1,1339.0,104878,2,296.0,2026-08-20,0,-1,1331.0,30.7
163312,13091,Paladin,Protection,Templar,Tank,EU,Voidscar Arena,7,1,1209.9,100731,1,293.0,2026-08-19,0,-1,1252.0,30.5
163312,13094,Shaman,Restoration,Farseer,Healer,EU,Voidscar Arena,7,1,1209.9,24288,2,293.0,2026-08-19,0,-1,1252.0,30.5
163312,197865,Mage,Frost,Spellslinger,DPS,EU,Voidscar Arena,7,1,1209.9,143559,2,291.0,2026-08-19,0,-1,1252.0,30.5
163312,13093,Warrior,Arms,Slayer,DPS,EU,Voidscar Arena,7,1,1209.9,215008,3,295.0,2026-08-19,0,-1,1252.0,30.5
163312,74646,Paladin,Retribution,Herald of the Sun,DPS,EU,Voidscar Arena,7,1,1209.9,140752,2,291.0,2026-08-19,0,-1,1252.0,30.5
163315,81560,Druid,Guardian,Elune's Chosen,Tank,US,Temple of Sethraliss,2,1,893.2,56566,0,291.0,2026-08-20,0,-1,884.0,53.9
163315,81561,Paladin,Holy,Herald of the Sun,Healer,US,Temple of Sethraliss,2,1,893.2,23910,0,294.0,2026-08-20,0,-1,884.0,53.9
163315,81564,Hunter,BeastMastery,Pack Leader,DPS,US,Temple of Sethraliss,2,1,893.2,123900,0,289.0,2026-08-20,0,-1,884.0,53.9
163315,81562,Mage,Arcane,Sunfury,DPS,US,Temple of Sethraliss,2,1,893.2,113749,0,298.0,2026-08-20,0,-1,884.0,53.9
163315,81563,Rogue,Assassination,Deathstalker,DPS,US,Temple of Sethraliss,2,1,893.2,120784,0,298.0,2026-08-20,0,-1,884.0,53.9
163324,109206,DeathKnight,Blood,San'layn,Tank,US,Kings' Rest,2,1,1084.2,64869,0,292.0,2026-08-19,0,-1,1076.0,45.7
163324,42580,Shaman,Restoration,Totemic,Healer,US,Kings' Rest,2,1,1084.2,26082,0,296.0,2026-08-19,0,-1,1076.0,45.7
163324,42581,DeathKnight,Unholy,Rider of the Apocalypse,DPS,US,Kings' Rest,2,1,1084.2,72469,1,286.0,2026-08-19,0,-1,1076.0,45.7
163324,109207,Warrior,Arms,Slayer,DPS,US,Kings' Rest,2,1,1084.2,80545,0,289.0,2026-08-19,0,-1,1076.0,45.7
163324,109208,Hunter,BeastMastery,Pack Leader,DPS,US,Kings' Rest,2,1,1084.2,78034,0,294.0,2026-08-19,0,-1,1076.0,45.7
163342,7082,DeathKnight,Blood,San'layn,Tank,US,Ruby Life Pools,5,1,746.5,106787,0,289.0,2026-08-18,0,-1,738.0,56.1
163342,7083,Shaman,Restoration,Totemic,Healer,US,Ruby Life Pools,5,1,746.5,23024,0,292.0,2026-08-18,0,-1,738.0,56.1
163342,1059,DemonHunter,Havoc,Fel-Scarred,DPS,US,Ruby Life Pools,5,1,746.5,226097,1,293.0,2026-08-18,0,-1,738.0,56.1
163342,7084,Warrior,Arms,Slayer,DPS,US,Ruby Life Pools,5,1,746.5,175307,0,292.0,2026-08-18,0,-1,738.0,56.1
163342,9146,Mage,Arcane,Sunfury,DPS,US,Ruby Life Pools,5,1,746.5,135491,1,283.0,2026-08-18,0,-1,738.0,56.1
163349,146488,DeathKnight,Blood,San'layn,Tank,EU,Altar of Fangs,10,1,1543.7,113825,0,297.0,2026-08-19,0,-1,1540.0,14.5
163349,193192,Priest,Discipline,Oracle,Healer,EU,Altar of Fangs,10,1,1543.7,14124,0,295.0,2026-08-19,0,-1,1540.0,14.5
163349,146490,Shaman,Enhancement,Stormbringer,DPS,EU,Altar of Fangs,10,1,1543.7,194954,0,293.0,2026-08-19,0,-1,1540.0,14.5
163349,19513,Warrior,Arms,Slayer,DPS,EU,Altar of Fangs,10,1,1543.7,190490,1,299.0,2026-08-19,0,-1,1540.0,14.5
163349,218327,Evoker,Devastation,Scalecommander,DPS,EU,Altar of Fangs,10,1,1543.7,169654,0,290.0,2026-08-19,0,-1,1540.0,14.5
163361,218338,DeathKnight,Blood,San'layn,Tank,EU,Den of Nalorakk,6,1,1255.3,80121,0,295.0,2026-08-20,0,-1,1247.0,35.1
163361,218339,Shaman,Restoration,Totemic,Healer,EU,Den of Nalorakk,6,1,1255.3,16904,0,288.0,2026-08-20,0,-1,1247.0,35.1
163361,171740,Mage,Arcane,Sunfury,DPS,EU,Den of Nalorakk,6,1,1255.3,121870,0,296.0,2026-08-20,0,-1,1247.0,35.1
163361,218340,Monk,Windwalker,Shado-Pan,DPS,EU,Den of Nalorakk,6,1,1255.3,96443,0,281.0,2026-08-20,0,-1,1247.0,35.1
163361,218341,Warlock,Affliction,Soul Harvester,DPS,EU,Den of Nalorakk,6,1,1255.3,91211,0,285.0,2026-08-20,0,-1,1247.0,35.1
163365,217683,Paladin,Protection,Lightsmith,Tank,EU,Murder Row,8,1,1573.3,80953,0,295.0,2026-08-19,0,-1,1569.0,23.1
163365,26604,Shaman,Restoration,Totemic,Healer,EU,Murder Row,8,1,1573.3,14465,0,295.0,2026-08-19,0,-1,1569.0,23.1
163365,106469,DeathKnight,Unholy,Rider of the Apocalypse,DPS,EU,Murder Row,8,1,1573.3,157395,0,290.0,2026-08-19,0,-1,1569.0,23.1
163365,63815,Priest,Shadow,Archon,DPS,EU,Murder Row,8,1,1573.3,160964,1,290.0,2026-08-19,0,-1,1569.0,23.1
163365,152658,Mage,Arcane,Sunfury,DPS,EU,Murder Row,8,1,1573.3,102726,0,283.0,2026-08-19,0,-1,1569.0,23.1
163386,169177,DeathKnight,Blood,San'layn,Tank,EU,The Blinding Vale,4,1,1273.4,81175,0,287.0,2026-08-20,0,-1,1265.0,29.7
163386,218357,Shaman,Restoration,Totemic,Healer,EU,The Blinding Vale,4,1,1273.4,5861,3,263.0,2026-08-20,0,-1,1265.0,29.7
163386,162696,Hunter,BeastMastery,Pack Leader,DPS,EU,The Blinding Vale,4,1,1273.4,96551,3,283.0,2026-08-20,0,-1,1265.0,29.7
163386,119033,Shaman,Elemental,Farseer,DPS,EU,The Blinding Vale,4,1,1273.4,146536,1,293.0,2026-08-20,0,-1,1265.0,29.7
163386,169178,Druid,Balance,Elune's Chosen,DPS,EU,The Blinding Vale,4,1,1273.4,101352,4,294.0,2026-08-20,0,-1,1265.0,29.7
163387,5896,DeathKnight,Blood,San'layn,Tank,US,Murder Row,10,1,1393.0,115259,0,301.0,2026-08-19,0,-1,1390.0,31.9
163387,73658,Evoker,Preservation,Flameshaper,Healer,US,Murder Row,10,1,1393.0,33862,1,302.0,2026-08-19,0,-1,1390.0,31.9
163387,5899,Hunter,Marksmanship,Sentinel,DPS,US,Murder Row,10,1,1393.0,199859,0,298.0,2026-08-19,0,-1,1390.0,31.9
163387,6503,Mage,Arcane,Sunfury,DPS,US,Murder Row,10,1,1393.0,207438,0,299.0,2026-08-19,0,-1,1390.0,31.9
163387,5900,Monk,Windwalker,Conduit of the Celestials,DPS,US,Murder Row,10,1,1393.0,140321,0,294.0,2026-08-19,0,-1,1390.0,31.9
163410,61722,DeathKnight,Blood,San'layn,Tank,EU,Voidscar Arena,9,1,1436.3,61097,0,294.0,2026-08-20,0,-1,1443.0,19.9
163410,218378,Paladin,Holy,Herald of the Sun,Healer,EU,Voidscar Arena,9,1,1436.3,14738,1,291.0,2026-08-20,0,-1,1443.0,19.9
163410,159944,Priest,Shadow,Voidweaver,DPS,EU,Voidscar Arena,9,1,1436.3,129411,1,300.0,2026-08-20,0,-1,1443.0,19.9
163410,23102,Shaman,Enhancement,Stormbringer,DPS,EU,Voidscar Arena,9,1,1436.3,164574,1,297.0,2026-08-20,0,-1,1443.0,19.9
163410,23103,Mage,Arcane,Sunfury,DPS,EU,Voidscar Arena,9,1,1436.3,160486,0,303.0,2026-08-20,0,-1,1443.0,19.9
163418,30301,Paladin,Protection,Lightsmith,Tank,EU,Voidscar Arena,10,1,1364.9,64521,0,285.0,2026-08-20,0,-1,1361.0,24.4
163418,218383,Druid,Restoration,Wildstalker,Healer,EU,Voidscar Arena,10,1,1364.9,9391,1,298.0,2026-08-20,0,-1,1361.0,24.4
163418,147873,Evoker,Devastation,Scalecommander,DPS,EU,Voidscar Arena,10,1,1364.9,134552,0,306.0,2026-08-20,0,-1,1361.0,24.4
163418,218384,DemonHunter,Devourer,Void-Scarred,DPS,EU,Voidscar Arena,10,1,1364.9,163055,0,302.0,2026-08-20,0,-1,1361.0,24.4
163418,16250,Warrior,Arms,Slayer,DPS,EU,Voidscar Arena,10,1,1364.9,217446,0,298.0,2026-08-20,0,-1,1361.0,24.4
163465,70279,Druid,Guardian,Unknown,Tank,US,Kings' Rest,6,1,1371.0,59890,0,297.0,2026-08-20,0,-1,1362.0,31.2
163465,131581,Shaman,Restoration,Unknown,Healer,US,Kings' Rest,6,1,1371.0,15103,0,295.0,2026-08-20,0,-1,1362.0,31.2
163465,127909,Paladin,Retribution,Unknown,DPS,US,Kings' Rest,6,1,1371.0,87322,0,295.0,2026-08-20,0,-1,1362.0,31.2
163465,131582,Warlock,Demonology,Unknown,DPS,US,Kings' Rest,6,1,1371.0,85832,0,292.0,2026-08-20,0,-1,1362.0,31.2
163465,70282,Warrior,Arms,Unknown,DPS,US,Kings' Rest,6,1,1371.0,102039,0,290.0,2026-08-20,0,-1,1362.0,31.2
163472,16147,DeathKnight,Blood,San'layn,Tank,EU,Temple of Sethraliss,13,1,1714.9,156885,1,311.0,2026-08-20,0,-1,1796.0,6.4
163472,16148,Shaman,Restoration,Totemic,Healer,EU,Temple of Sethraliss,13,1,1714.9,31982,1,303.0,2026-08-20,0,-1,1796.0,6.4
163472,16150,Warrior,Arms,Slayer,DPS,EU,Temple of Sethraliss,13,1,1714.9,181134,0,297.0,2026-08-20,0,-1,1796.0,6.4
163472,136790,DeathKnight,Unholy,Rider of the Apocalypse,DPS,EU,Temple of Sethraliss,13,1,1714.9,168872,0,302.0,2026-08-20,0,-1,1796.0,6.4
163472,91830,Paladin,Retribution,Herald of the Sun,DPS,EU,Temple of Sethraliss,13,1,1714.9,191242,4,300.0,2026-08-20,0,-1,1796.0,6.4
163475,218408,DemonHunter,Vengeance,Annihilator,Tank,US,Voidscar Arena,5,1,1093.2,81870,0,288.0,2026-08-20,0,-1,1084.0,39.8
163475,102066,Paladin,Holy,Lightsmith,Healer,US,Voidscar Arena,5,1,1093.2,5158,0,293.0,2026-08-20,0,-1,1084.0,39.8
163475,115586,Priest,Shadow,Voidweaver,DPS,US,Voidscar Arena,5,1,1093.2,121872,0,291.0,2026-08-20,0,-1,1084.0,39.8
163475,102067,Mage,Arcane,Sunfury,DPS,US,Voidscar Arena,5,1,1093.2,110314,0,299.0,2026-08-20,0,-1,1084.0,39.8
163475,102068,Warlock,Destruction,Diabolist,DPS,US,Voidscar Arena,5,1,1093.2,99471,1,294.0,2026-08-20,0,-1,1084.0,39.8
163476,77874,Druid,Guardian,Elune's Chosen,Tank,US,Murder Row,2,1,1214.4,50194,0,290.0,2026-08-18,0,-1,1206.0,40.9
163476,218409,Druid,Restoration,Wildstalker,Healer,US,Murder Row,2,1,1214.4,12821,0,283.0,2026-08-18,0,-1,1206.0,40.9
163476,77877,Monk,Windwalker,Shado-Pan,DPS,US,Murder Row,2,1,1214.4,102418,0,291.0,2026-08-18,0,-1,1206.0,40.9
163476,10537,Paladin,Retribution,Templar,DPS,US,Murder Row,2,1,1214.4,99332,0,292.0,2026-08-18,0,-1,1206.0,40.9
163476,77876,Evoker,Devastation,Scalecommander,DPS,US,Murder Row,2,1,1214.4,87117,1,293.0,2026-08-18,0,-1,1206.0,40.9
163489,121796,DeathKnight,Blood,San'layn,Tank,US,Den of Nalorakk,10,0,1962.8,76544,1,301.0,2026-08-19,0,-1,2029.0,-5.7
163489,2122,Shaman,Restoration,Farseer,Healer,US,Den of Nalorakk,10,0,1962.8,14276,3,294.0,2026-08-19,0,-1,2029.0,-5.7
163489,165307,DeathKnight,Frost,Deathbringer,DPS,US,Den of Nalorakk,10,0,1962.8,118125,3,290.0,2026-08-19,0,-1,2029.0,-5.7
163489,44290,Druid,Balance,Elune's Chosen,DPS,US,Den of Nalorakk,10,0,1962.8,118332,5,295.0,2026-08-19,0,-1,2029.0,-5.7
163489,2993,Warlock,Demonology,Diabolist,DPS,US,Den of Nalorakk,10,0,1962.8,163567,5,294.0,2026-08-19,0,-1,2029.0,-5.7
163497,42922,DeathKnight,Blood,San'layn,Tank,US,Den of Nalorakk,10,1,1682.9,102451,0,294.0,2026-08-19,0,-1,1694.0,11.8
163497,7079,Shaman,Restoration,Totemic,Healer,US,Den of Nalorakk,10,1,1682.9,16780,1,299.0,2026-08-19,0,-1,1694.0,11.8
163497,87570,Paladin,Retribution,Templar,DPS,US,Den of Nalorakk,10,1,1682.9,162563,0,297.0,2026-08-19,0,-1,1694.0,11.8
163497,87568,Druid,Balance,Elune's Chosen,DPS,US,Den of Nalorakk,10,1,1682.9,169597,0,296.0,2026-08-19,0,-1,1694.0,11.8
163497,87569,Druid,Balance,Elune's Chosen,DPS,US,Den of Nalorakk,10,1,1682.9,124450,3,294.0,2026-08-19,0,-1,1694.0,11.8
163504,46358,DeathKnight,Blood,San'layn,Tank,US,Den of Nalorakk,10,1,1558.6,78982,0,295.0,2026-08-19,0,-1,1550.0,19.3
163504,89063,Paladin,Holy,Herald of the Sun,Healer,US,Den of Nalorakk,10,1,1558.6,11129,0,286.0,2026-08-19,0,-1,1550.0,19.3
163504,24477,DemonHunter,Havoc,Fel-Scarred,DPS,US,Den of Nalorakk,10,1,1558.6,161296,0,296.0,2026-08-19,0,-1,1550.0,19.3
163504,148718,Rogue,Subtlety,Deathstalker,DPS,US,Den of Nalorakk,10,1,1558.6,146870,0,302.0,2026-08-19,0,-1,1550.0,19.3
163504,35881,Hunter,Marksmanship,Sentinel,DPS,US,Den of Nalorakk,10,1,1558.6,141328,0,294.0,2026-08-19,0,-1,1550.0,19.3
163511,14796,Paladin,Protection,Lightsmith,Tank,EU,Kings' Rest,10,1,1556.4,81525,1,293.0,2026-08-19,0,-1,1598.0,19.3
163511,14797,Paladin,Holy,Herald of the Sun,Healer,EU,Kings' Rest,10,1,1556.4,22081,2,296.0,2026-08-19,0,-1,1598.0,19.3
163511,14800,Shaman,Elemental,Farseer,DPS,EU,Kings' Rest,10,1,1556.4,163469,4,289.0,2026-08-19,0,-1,1598.0,19.3
163511,14799,Mage,Arcane,Sunfury,DPS,EU,Kings' Rest,10,1,1556.4,148931,1,294.0,2026-08-19,0,-1,1598.0,19.3
163511,14798,Warrior,Arms,Slayer,DPS,EU,Kings' Rest,10,1,1556.4,141472,2,296.0,2026-08-19,0,-1,1598.0,19.3
163516,154388,DeathKnight,Blood,Unknown,Tank,US,Altar of Fangs,8,1,1350.7,123970,1,298.0,2026-08-19,0,-1,1372.0,23.8
163516,218429,Shaman,Restoration,Unknown,Healer,US,Altar of Fangs,8,1,1350.7,17991,2,293.0,2026-08-19,0,-1,1372.0,23.8
163516,101062,Druid,Balance,Unknown,DPS,US,Altar of Fangs,8,1,1350.7,141097,1,296.0,2026-08-19,0,-1,1372.0,23.8
163516,212867,Warrior,Arms,Unknown,DPS,US,Altar of Fangs,8,1,1350.7,203623,1,300.0,2026-08-19,0,-1,1372.0,23.8
163516,218430,Rogue,Subtlety,Unknown,DPS,US,Altar of Fangs,8,1,1350.7,201025,1,291.0,2026-08-19,0,-1,1372.0,23.8
163529,348,Warrior,Protection,Mountain Thane,Tank,US,The Blinding Vale,10,1,1164.1,120054,0,288.0,2026-08-19,0,-1,1170.0,35.0
163529,349,Paladin,Holy,Herald of the Sun,Healer,US,The Blinding Vale,10,1,1164.1,12932,0,298.0,2026-08-19,0,-1,1170.0,35.0
163529,3458,Paladin,Retribution,Templar,DPS,US,The Blinding Vale,10,1,1164.1,249297,2,298.0,2026-08-19,0,-1,1170.0,35.0
163529,3457,Rogue,Subtlety,Deathstalker,DPS,US,The Blinding Vale,10,1,1164.1,271407,0,295.0,2026-08-19,0,-1,1170.0,35.0
163529,351,Warrior,Arms,Slayer,DPS,US,The Blinding Vale,10,1,1164.1,235818,1,298.0,2026-08-19,0,-1,1170.0,35.0
163537,85621,Druid,Guardian,Elune's Chosen,Tank,EU,Ruby Life Pools,10,1,1223.7,99447,1,293.0,2026-08-20,0,-1,1226.0,27.1
163537,122563,Monk,Mistweaver,Conduit of the Celestials,Healer,EU,Ruby Life Pools,10,1,1223.7,47659,0,298.0,2026-08-20,0,-1,1226.0,27.1
163537,36532,Warlock,Demonology,Diabolist,DPS,EU,Ruby Life Pools,10,1,1223.7,221648,0,290.0,2026-08-20,0,-1,1226.0,27.1
163537,17002,DeathKnight,Unholy,Rider of the Apocalypse,DPS,EU,Ruby Life Pools,10,1,1223.7,205303,0,300.0,2026-08-20,0,-1,1226.0,27.1
163537,160896,Mage,Frost,Spellslinger,DPS,EU,Ruby Life Pools,10,1,1223.7,151178,1,299.0,2026-08-20,0,-1,1226.0,27.1
163545,10052,Paladin,Protection,Lightsmith,Tank,US,Voidscar Arena,8,1,1160.1,125627,0,297.0,2026-08-19,0,-1,1157.0,35.7
163545,681,Shaman,Restoration,Totemic,Healer,US,Voidscar Arena,8,1,1160.1,21685,0,294.0,2026-08-19,0,-1,1157.0,35.7
163545,41738,DemonHunter,Devourer,Void-Scarred,DPS,US,Voidscar Arena,8,1,1160.1,184569,0,295.0,2026-08-19,0,-1,1157.0,35.7
163545,218440,Warrior,Arms,Slayer,DPS,US,Voidscar Arena,8,1,1160.1,168824,1,300.0,2026-08-19,0,-1,1157.0,35.7
163545,84238,Mage,Arcane,Sunfury,DPS,US,Voidscar Arena,8,1,1160.1,167619,0,294.0,2026-08-19,0,-1,1157.0,35.7
163546,60957,DeathKnight,Blood,San'layn,Tank,US,Temple of Sethraliss,2,1,1037.2,66250,0,289.0,2026-08-18,0,-1,1029.0,46.4
163546,60958,Shaman,Restoration,Totemic,Healer,US,Temple of Sethraliss,2,1,1037.2,17635,0,287.0,2026-08-18,0,-1,1029.0,46.4
163546,218441,Warrior,Arms,Slayer,DPS,US,Temple of Sethraliss,2,1,1037.2,112819,0,269.0,2026-08-18,0,-1,1029.0,46.4
163546,60960,Rogue,Outlaw,Trickster,DPS,US,Temple of Sethraliss,2,1,1037.2,120231,1,287.0,2026-08-18,0,-1,1029.0,46.4
163546,60959,Monk,Windwalker,Shado-Pan,DPS,US,Temple of Sethraliss,2,1,1037.2,93211,0,289.0,2026-08-18,0,-1,1029.0,46.4
163552,101447,DemonHunter,Vengeance,Annihilator,Tank,EU,Murder Row,10,1,1408.0,96389,1,296.0,2026-08-20,0,-1,1415.0,30.6
163552,19735,Priest,Holy,Oracle,Healer,EU,Murder Row,10,1,1408.0,25289,0,297.0,2026-08-20,0,-1,1415.0,30.6
163552,101445,Warrior,Arms,Colossus,DPS,EU,Murder Row,10,1,1408.0,137779,1,296.0,2026-08-20,0,-1,1415.0,30.6
163552,19737,Evoker,Devastation,Scalecommander,DPS,EU,Murder Row,10,1,1408.0,207615,0,302.0,2026-08-20,0,-1,1415.0,30.6
163552,19738,Rogue,Outlaw,Trickster,DPS,EU,Murder Row,10,1,1408.0,181189,1,295.0,2026-08-20,0,-1,1415.0,30.6
163580,66425,DeathKnight,Blood,San'layn,Tank,US,Kings' Rest,9,1,1446.7,97098,1,294.0,2026-08-19,0,-1,1483.0,25.1
163580,66422,Shaman,Restoration,Totemic,Healer,US,Kings' Rest,9,1,1446.7,29010,1,290.0,2026-08-19,0,-1,1483.0,25.1
163580,66424,DemonHunter,Devourer,Void-Scarred,DPS,US,Kings' Rest,9,1,1446.7,103414,3,294.0,2026-08-19,0,-1,1483.0,25.1
163580,111003,Warrior,Arms,Slayer,DPS,US,Kings' Rest,9,1,1446.7,139208,3,300.0,2026-08-19,0,-1,1483.0,25.1
163580,157833,Mage,Arcane,Sunfury,DPS,US,Kings' Rest,9,1,1446.7,100977,1,293.0,2026-08-19,0,-1,1483.0,25.1
163586,97697,DeathKnight,Blood,San'layn,Tank,US,The Blinding Vale,8,1,1362.2,104303,0,288.0,2026-08-20,0,-1,1369.0,24.0
163586,149825,Paladin,Holy,Herald of the Sun,Healer,US,The Blinding Vale,8,1,1362.2,14988,0,285.0,2026-08-20,0,-1,1369.0,24.0
163586,140753,Warrior,Arms,Slayer,DPS,US,The Blinding Vale,8,1,1362.2,175606,0,295.0,2026-08-20,0,-1,1369.0,24.0
163586,172872,DemonHunter,Devourer,Void-Scarred,DPS,US,The Blinding Vale,8,1,1362.2,149524,2,294.0,2026-08-20,0,-1,1369.0,24.0
163586,218461,Mage,Arcane,Sunfury,DPS,US,The Blinding Vale,8,1,1362.2,138943,1,294.0,2026-08-20,0,-1,1369.0,24.0
163588,52546,DeathKnight,Blood,San'layn,Tank,EU,Voidscar Arena,8,1,1109.1,104512,1,294.0,2026-08-19,0,-1,1130.0,37.2
163588,88486,Evoker,Preservation,Flameshaper,Healer,EU,Voidscar Arena,8,1,1109.1,27186,1,294.0,2026-08-19,0,-1,1130.0,37.2
163588,21316,Mage,Arcane,Sunfury,DPS,EU,Voidscar Arena,8,1,1109.1,147214,1,294.0,2026-08-19,0,-1,1130.0,37.2
163588,14942,Shaman,Elemental,Farseer,DPS,EU,Voidscar Arena,8,1,1109.1,209673,2,294.0,2026-08-19,0,-1,1130.0,37.2
163588,88487,Warrior,Arms,Slayer,DPS,EU,Voidscar Arena,8,1,1109.1,179797,1,290.0,2026-08-19,0,-1,1130.0,37.2
163602,82905,DeathKnight,Blood,Deathbringer,Tank,US,Temple of Sethraliss,8,1,1438.8,76977,1,266.0,2026-08-20,0,-1,1460.0,24.0
163602,82906,Paladin,Holy,Herald of the Sun,Healer,US,Temple of Sethraliss,8,1,1438.8,12743,2,287.0,2026-08-20,0,-1,1460.0,24.0
163602,149107,Rogue,Subtlety,Deathstalker,DPS,US,Temple of Sethraliss,8,1,1438.8,124044,0,293.0,2026-08-20,0,-1,1460.0,24.0
163602,25758,Mage,Arcane,Sunfury,DPS,US,Temple of Sethraliss,8,1,1438.8,170917,1,296.0,2026-08-20,0,-1,1460.0,24.0
163602,47723,Warlock,Demonology,Diabolist,DPS,US,Temple of Sethraliss,8,1,1438.8,144473,2,293.0,2026-08-20,0,-1,1460.0,24.0
163604,53297,Paladin,Protection,Templar,Tank,US,Altar of Fangs,10,1,1548.1,80162,0,290.0,2026-08-19,0,-1,1540.0,14.4
163604,142342,Paladin,Holy,Herald of the Sun,Healer,US,Altar of Fangs,10,1,1548.1,19675,0,298.0,2026-08-19,0,-1,1540.0,14.4
163604,1300,Druid,Balance,Elune's Chosen,DPS,US,Altar of Fangs,10,1,1548.1,185408,0,295.0,2026-08-19,0,-1,1540.0,14.4
163604,1309,DemonHunter,Devourer,Void-Scarred,DPS,US,Altar of Fangs,10,1,1548.1,191090,0,300.0,2026-08-19,0,-1,1540.0,14.4
163604,68485,Shaman,Elemental,Farseer,DPS,US,Altar of Fangs,10,1,1548.1,188512,0,292.0,2026-08-19,0,-1,1540.0,14.4
163614,126436,DeathKnight,Blood,San'layn,Tank,EU,Temple of Sethraliss,10,1,1297.3,132038,0,296.0,2026-08-20,0,-1,1318.0,31.3
163614,21092,Shaman,Restoration,Totemic,Healer,EU,Temple of Sethraliss,10,1,1297.3,20352,0,294.0,2026-08-20,0,-1,1318.0,31.3
163614,132661,Warrior,Arms,Slayer,DPS,EU,Temple of Sethraliss,10,1,1297.3,145218,3,299.0,2026-08-20,0,-1,1318.0,31.3
163614,53229,Mage,Arcane,Sunfury,DPS,EU,Temple of Sethraliss,10,1,1297.3,186203,1,302.0,2026-08-20,0,-1,1318.0,31.3
163614,53230,Shaman,Elemental,Farseer,DPS,EU,Temple of Sethraliss,10,1,1297.3,227880,2,301.0,2026-08-20,0,-1,1318.0,31.3
163628,73660,DeathKnight,Blood,San'layn,Tank,US,Temple of Sethraliss,10,1,1410.1,117531,0,300.0,2026-08-19,0,-1,1402.0,27.0
163628,1290,Priest,Holy,Oracle,Healer,US,Temple of Sethraliss,10,1,1410.1,12764,0,294.0,2026-08-19,0,-1,1402.0,27.0
163628,73662,Evoker,Augmentation,Scalecommander,DPS,US,Temple of Sethraliss,10,1,1410.1,147649,0,295.0,2026-08-19,0,-1,1402.0,27.0
163628,51085,Warrior,Fury,Slayer,DPS,US,Temple of Sethraliss,10,1,1410.1,197448,0,299.0,2026-08-19,0,-1,1402.0,27.0
163628,101147,Hunter,BeastMastery,Dark Ranger,DPS,US,Temple of Sethraliss,10,1,1410.1,195839,0,296.0,2026-08-19,0,-1,1402.0,27.0
163631,117392,DemonHunter,Vengeance,Annihilator,Tank,EU,Ruby Life Pools,9,1,1418.4,81230,0,293.0,2026-08-19,0,-1,1420.0,15.5
163631,141300,Paladin,Holy,Herald of the Sun,Healer,EU,Ruby Life Pools,9,1,1418.4,14728,0,297.0,2026-08-19,0,-1,1420.0,15.5
163631,218487,Mage,Arcane,Sunfury,DPS,EU,Ruby Life Pools,9,1,1418.4,121573,0,283.0,2026-08-19,0,-1,1420.0,15.5
163631,30623,Warrior,Arms,Slayer,DPS,EU,Ruby Life Pools,9,1,1418.4,186264,1,301.0,2026-08-19,0,-1,1420.0,15.5
163631,152234,Druid,Balance,Elune's Chosen,DPS,EU,Ruby Life Pools,9,1,1418.4,143688,1,294.0,2026-08-19,0,-1,1420.0,15.5
163665,59883,Monk,Brewmaster,Shado-Pan,Tank,US,Ruby Life Pools,2,1,953.3,56866,0,287.0,2026-08-18,0,-1,944.0,43.8
163665,59881,Priest,Holy,Oracle,Healer,US,Ruby Life Pools,2,1,953.3,12407,0,292.0,2026-08-18,0,-1,944.0,43.8
163665,85086,Warrior,Arms,Slayer,DPS,US,Ruby Life Pools,2,1,953.3,100549,0,280.0,2026-08-18,0,-1,944.0,43.8
163665,45666,Hunter,BeastMastery,Pack Leader,DPS,US,Ruby Life Pools,2,1,953.3,121629,0,292.0,2026-08-18,0,-1,944.0,43.8
163665,45667,Warlock,Demonology,Diabolist,DPS,US,Ruby Life Pools,2,1,953.3,110286,0,293.0,2026-08-18,0,-1,944.0,43.8
163670,156223,Paladin,Protection,Lightsmith,Tank,EU,Den of Nalorakk,10,1,1417.0,70508,0,296.0,2026-08-19,0,-1,1418.0,26.1
163670,23020,Monk,Mistweaver,Conduit of the Celestials,Healer,EU,Den of Nalorakk,10,1,1417.0,34181,1,291.0,2026-08-19,0,-1,1418.0,26.1
163670,12688,Hunter,Marksmanship,Sentinel,DPS,EU,Den of Nalorakk,10,1,1417.0,168275,0,296.0,2026-08-19,0,-1,1418.0,26.1
163670,16536,Warlock,Destruction,Diabolist,DPS,EU,Den of Nalorakk,10,1,1417.0,157672,1,295.0,2026-08-19,0,-1,1418.0,26.1
163670,151685,Mage,Arcane,Sunfury,DPS,EU,Den of Nalorakk,10,1,1417.0,159478,0,295.0,2026-08-19,0,-1,1418.0,26.1
163673,218513,Monk,Brewmaster,Shado-Pan,Tank,US,The Blinding Vale,8,1,1152.1,75679,0,290.0,2026-08-19,0,-1,1144.0,36.4
163673,184385,Priest,Discipline,Oracle,Healer,US,The Blinding Vale,8,1,1152.1,16125,0,296.0,2026-08-19,0,-1,1144.0,36.4
163673,82898,DeathKnight,Unholy,Rider of the Apocalypse,DPS,US,The Blinding Vale,8,1,1152.1,202569,0,294.0,2026-08-19,0,-1,1144.0,36.4
163673,59394,Priest,Shadow,Archon,DPS,US,The Blinding Vale,8,1,1152.1,180968,0,296.0,2026-08-19,0,-1,1144.0,36.4
163673,218514,Hunter,Survival,Sentinel,DPS,US,The Blinding Vale,8,1,1152.1,191015,0,293.0,2026-08-19,0,-1,1144.0,36.4
163700,218531,Druid,Guardian,Elune's Chosen,Tank,EU,Voidscar Arena,9,1,1276.7,77716,0,289.0,2026-08-20,0,-1,1288.0,28.5
163700,19838,Druid,Restoration,Wildstalker,Healer,EU,Voidscar Arena,9,1,1276.7,11447,0,301.0,2026-08-20,0,-1,1288.0,28.5
163700,22310,Warrior,Arms,Slayer,DPS,EU,Voidscar Arena,9,1,1276.7,191674,1,301.0,2026-08-20,0,-1,1288.0,28.5
163700,162955,Hunter,Marksmanship,Sentinel,DPS,EU,Voidscar Arena,9,1,1276.7,146460,2,295.0,2026-08-20,0,-1,1288.0,28.5
163700,206252,Warrior,Arms,Slayer,DPS,EU,Voidscar Arena,9,1,1276.7,155467,1,296.0,2026-08-20,0,-1,1288.0,28.5
163705,98707,DemonHunter,Vengeance,Annihilator,Tank,EU,Murder Row,10,1,1756.7,87005,2,294.0,2026-08-19,0,-1,1813.0,11.1
163705,98708,Shaman,Restoration,Totemic,Healer,EU,Murder Row,10,1,1756.7,23566,3,299.0,2026-08-19,0,-1,1813.0,11.1
163705,98711,Druid,Balance,Elune's Chosen,DPS,EU,Murder Row,10,1,1756.7,165252,2,294.0,2026-08-19,0,-1,1813.0,11.1
163705,98710,Mage,Arcane,Sunfury,DPS,EU,Murder Row,10,1,1756.7,142545,2,293.0,2026-08-19,0,-1,1813.0,11.1
163705,98709,Mage,Arcane,Sunfury,DPS,EU,Murder Row,10,1,1756.7,151372,4,293.0,2026-08-19,0,-1,1813.0,11.1
163710,37942,Paladin,Protection,Lightsmith,Tank,US,Altar of Fangs,7,1,1074.9,106840,0,297.0,2026-08-20,0,-1,1071.0,40.5
163710,37943,Priest,Holy,Oracle,Healer,US,Altar of Fangs,7,1,1074.9,19501,0,302.0,2026-08-20,0,-1,1071.0,40.5
163710,32192,DeathKnight,Unholy,Rider of the Apocalypse,DPS,US,Altar of Fangs,7,1,1074.9,250882,0,302.0,2026-08-20,0,-1,1071.0,40.5
163710,120243,Mage,Fire,Sunfury,DPS,US,Altar of Fangs,7,1,1074.9,198910,0,300.0,2026-08-20,0,-1,1071.0,40.5
163710,120244,Warrior,Arms,Slayer,DPS,US,Altar of Fangs,7,1,1074.9,220605,0,301.0,2026-08-20,0,-1,1071.0,40.5
163715,127075,DeathKnight,Blood,San'layn,Tank,EU,Altar of Fangs,9,0,1835.8,119261,0,295.0,2026-08-19,0,-1,1833.0,-1.8
163715,71226,Priest,Discipline,Oracle,Healer,EU,Altar of Fangs,9,0,1835.8,14114,0,298.0,2026-08-19,0,-1,1833.0,-1.8
163715,127078,Druid,Balance,Elune's Chosen,DPS,EU,Altar of Fangs,9,0,1835.8,150306,0,287.0,2026-08-19,0,-1,1833.0,-1.8
163715,71227,Hunter,BeastMastery,Pack Leader,DPS,EU,Altar of Fangs,9,0,1835.8,131051,1,295.0,2026-08-19,0,-1,1833.0,-1.8
163715,127079,Hunter,Marksmanship,Sentinel,DPS,EU,Altar of Fangs,9,0,1835.8,140081,0,288.0,2026-08-19,0,-1,1833.0,-1.8
163726,58972,Paladin,Protection,Templar,Tank,EU,Kings' Rest,8,1,1871.3,54239,1,284.0,2026-08-19,0,-1,1898.0,4.2
163726,109835,Priest,Discipline,Oracle,Healer,EU,Kings' Rest,8,1,1871.3,11504,1,294.0,2026-08-19,0,-1,1898.0,4.2
163726,58975,Warlock,Affliction,Soul Harvester,DPS,EU,Kings' Rest,8,1,1871.3,106909,1,293.0,2026-08-19,0,-1,1898.0,4.2
163726,109836,Rogue,Subtlety,Deathstalker,DPS,EU,Kings' Rest,8,1,1871.3,77150,2,291.0,2026-08-19,0,-1,1898.0,4.2
163726,58973,Monk,Windwalker,Shado-Pan,DPS,EU,Kings' Rest,8,1,1871.3,110834,2,290.0,2026-08-19,0,-1,1898.0,4.2
163731,73096,Paladin,Protection,Templar,Tank,US,Temple of Sethraliss,10,1,1743.3,71639,0,288.0,2026-08-19,0,-1,1760.0,8.3
163731,73097,Shaman,Restoration,Totemic,Healer,US,Temple of Sethraliss,10,1,1743.3,12434,2,294.0,2026-08-19,0,-1,1760.0,8.3
163731,64306,DeathKnight,Frost,Deathbringer,DPS,US,Temple of Sethraliss,10,1,1743.3,138555,0,296.0,2026-08-19,0,-1,1760.0,8.3
163731,107663,Shaman,Elemental,Farseer,DPS,US,Temple of Sethraliss,10,1,1743.3,149200,0,297.0,2026-08-19,0,-1,1760.0,8.3
163731,64307,DemonHunter,Devourer,Void-Scarred,DPS,US,Temple of Sethraliss,10,1,1743.3,151699,3,298.0,2026-08-19,0,-1,1760.0,8.3
163739,54761,Monk,Brewmaster,Master of Harmony,Tank,EU,Ruby Life Pools,11,1,1325.5,129754,0,300.0,2026-08-20,0,-1,1327.0,21.0
163739,151381,Druid,Restoration,Wildstalker,Healer,EU,Ruby Life Pools,11,1,1325.5,21272,1,294.0,2026-08-20,0,-1,1327.0,21.0
163739,184298,Rogue,Subtlety,Deathstalker,DPS,EU,Ruby Life Pools,11,1,1325.5,166276,1,286.0,2026-08-20,0,-1,1327.0,21.0
163739,83953,Rogue,Subtlety,Deathstalker,DPS,EU,Ruby Life Pools,11,1,1325.5,221408,0,300.0,2026-08-20,0,-1,1327.0,21.0
163739,165637,Shaman,Elemental,Farseer,DPS,EU,Ruby Life Pools,11,1,1325.5,230328,0,292.0,2026-08-20,0,-1,1327.0,21.0
163741,101933,Druid,Guardian,Elune's Chosen,Tank,US,Altar of Fangs,2,1,1075.7,59543,0,297.0,2026-08-18,0,-1,1067.0,40.7
163741,83286,Priest,Discipline,Voidweaver,Healer,US,Altar of Fangs,2,1,1075.7,30756,0,295.0,2026-08-18,0,-1,1067.0,40.7
163741,101935,Shaman,Elemental,Farseer,DPS,US,Altar of Fangs,2,1,1075.7,98540,0,292.0,2026-08-18,0,-1,1067.0,40.7
163741,101934,Warlock,Demonology,Diabolist,DPS,US,Altar of Fangs,2,1,1075.7,136883,0,292.0,2026-08-18,0,-1,1067.0,40.7
163741,59782,Druid,Balance,Keeper of the Grove,DPS,US,Altar of Fangs,2,1,1075.7,101773,1,294.0,2026-08-18,0,-1,1067.0,40.7
163744,168663,DeathKnight,Blood,San'layn,Tank,EU,Den of Nalorakk,7,1,1391.3,90094,0,300.0,2026-08-20,0,-1,1392.0,27.5
163744,143587,Shaman,Restoration,Totemic,Healer,EU,Den of Nalorakk,7,1,1391.3,22046,0,304.0,2026-08-20,0,-1,1392.0,27.5
163744,168665,Warrior,Arms,Slayer,DPS,EU,Den of Nalorakk,7,1,1391.3,116904,1,289.0,2026-08-20,0,-1,1392.0,27.5
163744,168664,Paladin,Retribution,Templar,DPS,EU,Den of Nalorakk,7,1,1391.3,146641,1,297.0,2026-08-20,0,-1,1392.0,27.5
163744,168666,Paladin,Retribution,Templar,DPS,EU,Den of Nalorakk,7,1,1391.3,114685,0,300.0,2026-08-20,0,-1,1392.0,27.5
163750,196505,Druid,Guardian,Elune's Chosen,Tank,EU,Kings' Rest,10,1,1299.6,72195,0,301.0,2026-08-20,0,-1,1331.0,32.8
163750,55144,Monk,Mistweaver,Conduit of the Celestials,Healer,EU,Kings' Rest,10,1,1299.6,39234,2,304.0,2026-08-20,0,-1,1331.0,32.8
163750,111280,Hunter,Marksmanship,Sentinel,DPS,EU,Kings' Rest,10,1,1299.6,184193,2,307.0,2026-08-20,0,-1,1331.0,32.8
163750,196506,Hunter,BeastMastery,Pack Leader,DPS,EU,Kings' Rest,10,1,1299.6,157655,1,300.0,2026-08-20,0,-1,1331.0,32.8
163750,196507,DemonHunter,Havoc,Fel-Scarred,DPS,EU,Kings' Rest,10,1,1299.6,133760,3,291.0,2026-08-20,0,-1,1331.0,32.8
163751,89185,Warrior,Protection,Mountain Thane,Tank,EU,Den of Nalorakk,10,1,1373.7,100498,0,303.0,2026-08-20,0,-1,1375.0,28.4
163751,165589,Shaman,Restoration,Totemic,Healer,EU,Den of Nalorakk,10,1,1373.7,16832,1,300.0,2026-08-20,0,-1,1375.0,28.4
163751,165590,Shaman,Enhancement,Stormbringer,DPS,EU,Den of Nalorakk,10,1,1373.7,203971,0,304.0,2026-08-20,0,-1,1375.0,28.4
163751,118833,Evoker,Devastation,Scalecommander,DPS,EU,Den of Nalorakk,10,1,1373.7,175028,1,304.0,2026-08-20,0,-1,1375.0,28.4
163751,165588,DeathKnight,Frost,Deathbringer,DPS,EU,Den of Nalorakk,10,1,1373.7,156929,0,298.0,2026-08-20,0,-1,1375.0,28.4
163752,1713,DeathKnight,Blood,San'layn,Tank,US,Temple of Sethraliss,10,0,1978.8,86941,0,294.0,2026-08-18,0,-1,1996.0,-3.9
163752,1712,Shaman,Restoration,Totemic,Healer,US,Temple of Sethraliss,10,0,1978.8,14578,1,292.0,2026-08-18,0,-1,1996.0,-3.9
163752,1714,Evoker,Devastation,Scalecommander,DPS,US,Temple of Sethraliss,10,0,1978.8,124485,1,291.0,2026-08-18,0,-1,1996.0,-3.9
163752,1711,Druid,Feral,Druid of the Claw,DPS,US,Temple of Sethraliss,10,0,1978.8,124885,2,291.0,2026-08-18,0,-1,1996.0,-3.9
163752,1715,Warlock,Demonology,Diabolist,DPS,US,Temple of Sethraliss,10,0,1978.8,133788,1,294.0,2026-08-18,0,-1,1996.0,-3.9
163760,135661,Warrior,Protection,Mountain Thane,Tank,EU,Altar of Fangs,11,1,1282.0,142354,0,299.0,2026-08-20,0,-1,1283.0,28.7
163760,55245,Priest,Holy,Oracle,Healer,EU,Altar of Fangs,11,1,1282.0,25362,1,304.0,2026-08-20,0,-1,1283.0,28.7
163760,217745,DeathKnight,Frost,Deathbringer,DPS,EU,Altar of Fangs,11,1,1282.0,241212,0,297.0,2026-08-20,0,-1,1283.0,28.7
163760,71223,Shaman,Elemental,Farseer,DPS,EU,Altar of Fangs,11,1,1282.0,265292,1,297.0,2026-08-20,0,-1,1283.0,28.7
163760,23479,Mage,Arcane,Sunfury,DPS,EU,Altar of Fangs,11,1,1282.0,238206,0,305.0,2026-08-20,0,-1,1283.0,28.7
163798,95973,DeathKnight,Blood,San'layn,Tank,EU,Murder Row,12,1,1744.7,101971,0,295.0,2026-08-20,0,-1,1736.0,14.9
163798,13140,Shaman,Restoration,Totemic,Healer,EU,Murder Row,12,1,1744.7,32373,0,302.0,2026-08-20,0,-1,1736.0,14.9
163798,144091,Priest,Shadow,Archon,DPS,EU,Murder Row,12,1,1744.7,188143,0,299.0,2026-08-20,0,-1,1736.0,14.9
163798,36488,Mage,Arcane,Sunfury,DPS,EU,Murder Row,12,1,1744.7,188013,0,301.0,2026-08-20,0,-1,1736.0,14.9
163798,176836,Rogue,Outlaw,Trickster,DPS,EU,Murder Row,12,1,1744.7,167162,0,299.0,2026-08-20,0,-1,1736.0,14.9
163805,44080,DeathKnight,Blood,San'layn,Tank,EU,Altar of Fangs,10,1,1458.6,89878,3,286.0,2026-08-19,0,-1,1486.0,17.5
163805,44081,Monk,Mistweaver,Conduit of the Celestials,Healer,EU,Altar of Fangs,10,1,1458.6,45632,0,299.0,2026-08-19,0,-1,1486.0,17.5
163805,44082,Mage,Arcane,Sunfury,DPS,EU,Altar of Fangs,10,1,1458.6,212898,0,299.0,2026-08-19,0,-1,1486.0,17.5
163805,44083,Warlock,Demonology,Diabolist,DPS,EU,Altar of Fangs,10,1,1458.6,171720,1,294.0,2026-08-19,0,-1,1486.0,17.5
163805,43042,DemonHunter,Devourer,Void-Scarred,DPS,EU,Altar of Fangs,10,1,1458.6,211245,3,302.0,2026-08-19,0,-1,1486.0,17.5
163809,172454,DeathKnight,Blood,San'layn,Tank,CN,Kings' Rest,9,1,1522.7,84062,1,294.0,2026-08-20,0,-1,1529.0,22.8
163809,172455,Evoker,Preservation,Flameshaper,Healer,CN,Kings' Rest,9,1,1522.7,27931,0,294.0,2026-08-20,0,-1,1529.0,22.8
163809,172458,Rogue,Assassination,Deathstalker,DPS,CN,Kings' Rest,9,1,1522.7,125617,0,295.0,2026-08-20,0,-1,1529.0,22.8
163809,175530,Mage,Arcane,Sunfury,DPS,CN,Kings' Rest,9,1,1522.7,117778,0,286.0,2026-08-20,0,-1,1529.0,22.8
163809,172456,Monk,Windwalker,Conduit of the Celestials,DPS,CN,Kings' Rest,9,1,1522.7,106257,2,296.0,2026-08-20,0,-1,1529.0,22.8
163822,22732,Paladin,Protection,Templar,Tank,EU,The Blinding Vale,10,1,1491.8,122844,0,294.0,2026-08-19,0,-1,1498.0,16.8
163822,63512,Evoker,Preservation,Flameshaper,Healer,EU,The Blinding Vale,10,1,1491.8,47681,1,294.0,2026-08-19,0,-1,1498.0,16.8
163822,25319,Warrior,Arms,Slayer,DPS,EU,The Blinding Vale,10,1,1491.8,179522,1,289.0,2026-08-19,0,-1,1498.0,16.8
163822,25318,Evoker,Augmentation,Chronowarden,DPS,EU,The Blinding Vale,10,1,1491.8,141883,0,297.0,2026-08-19,0,-1,1498.0,16.8
163822,25320,Mage,Arcane,Sunfury,DPS,EU,The Blinding Vale,10,1,1491.8,228382,1,292.0,2026-08-19,0,-1,1498.0,16.8
163837,160849,DeathKnight,Blood,Deathbringer,Tank,CN,Voidscar Arena,11,1,1697.2,81846,2,287.0,2026-08-20,0,-1,1784.0,0.9
163837,44831,Evoker,Preservation,Flameshaper,Healer,CN,Voidscar Arena,11,1,1697.2,23800,2,288.0,2026-08-20,0,-1,1784.0,0.9
163837,44832,Warrior,Arms,Slayer,DPS,CN,Voidscar Arena,11,1,1697.2,133473,6,289.0,2026-08-20,0,-1,1784.0,0.9
163837,44833,Rogue,Subtlety,Deathstalker,DPS,CN,Voidscar Arena,11,1,1697.2,145754,4,295.0,2026-08-20,0,-1,1784.0,0.9
163837,218599,Shaman,Elemental,Farseer,DPS,CN,Voidscar Arena,11,1,1697.2,147858,5,294.0,2026-08-20,0,-1,1784.0,0.9
163842,181382,DeathKnight,Blood,San'layn,Tank,CN,Kings' Rest,8,1,1712.6,75389,0,290.0,2026-08-20,0,-1,1724.0,12.9
163842,218604,Shaman,Restoration,Totemic,Healer,CN,Kings' Rest,8,1,1712.6,15158,0,293.0,2026-08-20,0,-1,1724.0,12.9
163842,181386,DeathKnight,Unholy,Rider of the Apocalypse,DPS,CN,Kings' Rest,8,1,1712.6,124664,0,291.0,2026-08-20,0,-1,1724.0,12.9
163842,185139,DemonHunter,Havoc,Fel-Scarred,DPS,CN,Kings' Rest,8,1,1712.6,77132,2,285.0,2026-08-20,0,-1,1724.0,12.9
163842,218605,Mage,Arcane,Sunfury,DPS,CN,Kings' Rest,8,1,1712.6,74683,2,275.0,2026-08-20,0,-1,1724.0,12.9
163848,73870,DeathKnight,Blood,San'layn,Tank,EU,Kings' Rest,8,1,1560.4,66034,1,298.0,2026-08-20,0,-1,1577.0,20.3
163848,143939,Priest,Discipline,Oracle,Healer,EU,Kings' Rest,8,1,1560.4,15455,1,295.0,2026-08-20,0,-1,1577.0,20.3
163848,71264,Mage,Arcane,Sunfury,DPS,EU,Kings' Rest,8,1,1560.4,143015,1,298.0,2026-08-20,0,-1,1577.0,20.3
163848,118739,Hunter,BeastMastery,Pack Leader,DPS,EU,Kings' Rest,8,1,1560.4,137364,1,298.0,2026-08-20,0,-1,1577.0,20.3
163848,143940,Paladin,Retribution,Templar,DPS,EU,Kings' Rest,8,1,1560.4,91506,1,287.0,2026-08-20,0,-1,1577.0,20.3
163857,218622,Monk,Brewmaster,Shado-Pan,Tank,CN,Voidscar Arena,11,1,1513.2,67896,1,296.0,2026-08-20,0,-1,1550.0,13.9
163857,124403,Priest,Holy,Oracle,Healer,CN,Voidscar Arena,11,1,1513.2,8723,0,297.0,2026-08-20,0,-1,1550.0,13.9
163857,193353,DemonHunter,Havoc,Fel-Scarred,DPS,CN,Voidscar Arena,11,1,1513.2,165611,2,291.0,2026-08-20,0,-1,1550.0,13.9
163857,175148,Shaman,Elemental,Farseer,DPS,CN,Voidscar Arena,11,1,1513.2,180491,1,295.0,2026-08-20,0,-1,1550.0,13.9
163857,42895,Warrior,Arms,Slayer,DPS,CN,Voidscar Arena,11,1,1513.2,177075,4,293.0,2026-08-20,0,-1,1550.0,13.9
163859,44428,DeathKnight,Blood,San'layn,Tank,EU,Murder Row,11,1,1409.1,147522,0,301.0,2026-08-20,0,-1,1415.0,30.6
163859,119151,Paladin,Holy,Herald of the Sun,Healer,EU,Murder Row,11,1,1409.1,8660,1,298.0,2026-08-20,0,-1,1415.0,30.6
163859,44431,Mage,Arcane,Sunfury,DPS,EU,Murder Row,11,1,1409.1,224836,0,302.0,2026-08-20,0,-1,1415.0,30.6
163859,30419,Rogue,Subtlety,Deathstalker,DPS,EU,Murder Row,11,1,1409.1,187108,1,305.0,2026-08-20,0,-1,1415.0,30.6
163859,155526,Hunter,BeastMastery,Pack Leader,DPS,EU,Murder Row,11,1,1409.1,155742,1,294.0,2026-08-20,0,-1,1415.0,30.6
163868,218630,Warrior,Protection,Colossus,Tank,US,Kings' Rest,8,1,1447.6,58161,0,288.0,2026-08-19,0,-1,1474.0,25.6
163868,218631,Priest,Holy,Archon,Healer,US,Kings' Rest,8,1,1447.6,16252,0,296.0,2026-08-19,0,-1,1474.0,25.6
163868,110629,DemonHunter,Devourer,Void-Scarred,DPS,US,Kings' Rest,8,1,1447.6,100509,2,296.0,2026-08-19,0,-1,1474.0,25.6
163868,218632,Rogue,Subtlety,Trickster,DPS,US,Kings' Rest,8,1,1447.6,104255,1,296.0,2026-08-19,0,-1,1474.0,25.6
163868,45154,Rogue,Assassination,Deathstalker,DPS,US,Kings' Rest,8,1,1447.6,144062,3,296.0,2026-08-19,0,-1,1474.0,25.6
163870,113341,DemonHunter,Vengeance,Annihilator,Tank,US,Voidscar Arena,6,1,1096.8,74630,0,295.0,2026-08-19,0,-1,1098.0,39.0
163870,113342,Shaman,Restoration,Totemic,Healer,US,Voidscar Arena,6,1,1096.8,20959,0,284.0,2026-08-19,0,-1,1098.0,39.0
163870,218634,Paladin,Retribution,Templar,DPS,US,Voidscar Arena,6,1,1096.8,133061,0,292.0,2026-08-19,0,-1,1098.0,39.0
163870,218635,Warrior,Arms,Slayer,DPS,US,Voidscar Arena,6,1,1096.8,86414,0,292.0,2026-08-19,0,-1,1098.0,39.0
163870,59394,Priest,Shadow,Archon,DPS,US,Voidscar Arena,6,1,1096.8,136781,2,296.0,2026-08-19,0,-1,1098.0,39.0
163879,26378,DeathKnight,Blood,Deathbringer,Tank,EU,Ruby Life Pools,2,1,756.9,90622,0,295.0,2026-08-19,0,-1,749.0,55.4
163879,26379,Priest,Discipline,Oracle,Healer,EU,Ruby Life Pools,2,1,756.9,11489,0,295.0,2026-08-19,0,-1,749.0,55.4
163879,26382,Druid,Balance,Elune's Chosen,DPS,EU,Ruby Life Pools,2,1,756.9,107008,2,293.0,2026-08-19,0,-1,749.0,55.4
163879,26381,Hunter,BeastMastery,Pack Leader,DPS,EU,Ruby Life Pools,2,1,756.9,165020,0,290.0,2026-08-19,0,-1,749.0,55.4
163879,26380,Mage,Arcane,Sunfury,DPS,EU,Ruby Life Pools,2,1,756.9,138521,0,293.0,2026-08-19,0,-1,749.0,55.4
163881,10817,Druid,Guardian,Elune's Chosen,Tank,US,Altar of Fangs,12,1,1567.2,101396,0,299.0,2026-08-20,0,-1,1574.0,12.6
163881,22535,Shaman,Restoration,Totemic,Healer,US,Altar of Fangs,12,1,1567.2,40428,0,303.0,2026-08-20,0,-1,1574.0,12.6
163881,159061,Paladin,Retribution,Templar,DPS,US,Altar of Fangs,12,1,1567.2,223254,1,296.0,2026-08-20,0,-1,1574.0,12.6
163881,22321,Warrior,Arms,Slayer,DPS,US,Altar of Fangs,12,1,1567.2,228996,0,305.0,2026-08-20,0,-1,1574.0,12.6
163881,10885,Rogue,Subtlety,Deathstalker,DPS,US,Altar of Fangs,12,1,1567.2,232308,0,304.0,2026-08-20,0,-1,1574.0,12.6
163882,91258,DeathKnight,Blood,San'layn,Tank,EU,Den of Nalorakk,11,1,1702.2,116760,0,301.0,2026-08-20,0,-1,1704.0,11.3
163882,81765,Paladin,Holy,Herald of the Sun,Healer,EU,Den of Nalorakk,11,1,1702.2,7197,0,299.0,2026-08-20,0,-1,1704.0,11.3
163882,163543,Shaman,Enhancement,Stormbringer,DPS,EU,Den of Nalorakk,11,1,1702.2,140761,1,294.0,2026-08-20,0,-1,1704.0,11.3
163882,163545,Warlock,Affliction,Soul Harvester,DPS,EU,Den of Nalorakk,11,1,1702.2,145014,0,296.0,2026-08-20,0,-1,1704.0,11.3
163882,163544,Hunter,BeastMastery,Pack Leader,DPS,EU,Den of Nalorakk,11,1,1702.2,164964,1,299.0,2026-08-20,0,-1,1704.0,11.3
163886,85905,DeathKnight,Blood,Deathbringer,Tank,US,Voidscar Arena,8,1,1426.0,93007,0,294.0,2026-08-20,0,-1,1427.0,20.7
163886,114444,Evoker,Preservation,Flameshaper,Healer,US,Voidscar Arena,8,1,1426.0,32444,0,295.0,2026-08-20,0,-1,1427.0,20.7
163886,126460,Mage,Arcane,Sunfury,DPS,US,Voidscar Arena,8,1,1426.0,123558,1,296.0,2026-08-20,0,-1,1427.0,20.7
163886,218642,Shaman,Elemental,Farseer,DPS,US,Voidscar Arena,8,1,1426.0,125445,1,291.0,2026-08-20,0,-1,1427.0,20.7
163886,218643,Evoker,Devastation,Scalecommander,DPS,US,Voidscar Arena,8,1,1426.0,131878,0,290.0,2026-08-20,0,-1,1427.0,20.7
163898,47448,DeathKnight,Blood,San'layn,Tank,EU,Kings' Rest,11,1,1731.2,67714,0,292.0,2026-08-19,0,-1,1737.0,12.3
163898,47449,Shaman,Restoration,Totemic,Healer,EU,Kings' Rest,11,1,1731.2,29649,0,293.0,2026-08-19,0,-1,1737.0,12.3
163898,47450,DemonHunter,Devourer,Annihilator,DPS,EU,Kings' Rest,11,1,1731.2,125006,0,288.0,2026-08-19,0,-1,1737.0,12.3
163898,113944,Evoker,Devastation,Scalecommander,DPS,EU,Kings' Rest,11,1,1731.2,137894,1,294.0,2026-08-19,0,-1,1737.0,12.3
163898,113945,Mage,Arcane,Sunfury,DPS,EU,Kings' Rest,11,1,1731.2,136179,1,288.0,2026-08-19,0,-1,1737.0,12.3
163902,4133,DemonHunter,Vengeance,Annihilator,Tank,US,Voidscar Arena,10,1,1380.7,107774,0,302.0,2026-08-19,0,-1,1402.0,22.1
163902,32848,Monk,Mistweaver,Conduit of the Celestials,Healer,US,Voidscar Arena,10,1,1380.7,45456,1,296.0,2026-08-19,0,-1,1402.0,22.1
163902,155612,Hunter,BeastMastery,Pack Leader,DPS,US,Voidscar Arena,10,1,1380.7,160848,1,295.0,2026-08-19,0,-1,1402.0,22.1
163902,4134,Hunter,Marksmanship,Sentinel,DPS,US,Voidscar Arena,10,1,1380.7,136702,1,299.0,2026-08-19,0,-1,1402.0,22.1
163902,57179,Warlock,Demonology,Diabolist,DPS,US,Voidscar Arena,10,1,1380.7,122573,3,292.0,2026-08-19,0,-1,1402.0,22.1
163906,40679,DeathKnight,Blood,San'layn,Tank,EU,Murder Row,10,1,1469.7,108696,0,299.0,2026-08-19,0,-1,1486.0,27.2
163906,20328,Priest,Discipline,Oracle,Healer,EU,Murder Row,10,1,1469.7,17844,2,293.0,2026-08-19,0,-1,1486.0,27.2
163906,40681,DemonHunter,Havoc,Fel-Scarred,DPS,EU,Murder Row,10,1,1469.7,186505,1,293.0,2026-08-19,0,-1,1486.0,27.2
163906,40682,Mage,Arcane,Sunfury,DPS,EU,Murder Row,10,1,1469.7,138843,2,287.0,2026-08-19,0,-1,1486.0,27.2
163906,40683,Priest,Shadow,Archon,DPS,EU,Murder Row,10,1,1469.7,172586,0,289.0,2026-08-19,0,-1,1486.0,27.2
163916,198531,DemonHunter,Vengeance,Annihilator,Tank,EU,Voidscar Arena,10,1,1026.2,164346,0,306.0,2026-08-20,0,-1,1028.0,42.9
163916,198532,Shaman,Restoration,Totemic,Healer,EU,Voidscar Arena,10,1,1026.2,41173,0,310.0,2026-08-20,0,-1,1028.0,42.9
163916,198534,Mage,Arcane,Sunfury,DPS,EU,Voidscar Arena,10,1,1026.2,255238,0,306.0,2026-08-20,0,-1,1028.0,42.9
163916,198535,Hunter,Marksmanship,Sentinel,DPS,EU,Voidscar Arena,10,1,1026.2,234285,1,305.0,2026-08-20,0,-1,1028.0,42.9
163916,218653,DeathKnight,Unholy,Rider of the Apocalypse,DPS,EU,Voidscar Arena,10,1,1026.2,249274,1,299.0,2026-08-20,0,-1,1028.0,42.9
163929,101383,DeathKnight,Blood,San'layn,Tank,EU,Den of Nalorakk,6,1,1746.0,57574,1,297.0,2026-08-19,0,-1,1797.0,6.4
163929,101384,Monk,Mistweaver,Conduit of the Celestials,Healer,EU,Den of Nalorakk,6,1,1746.0,27164,3,294.0,2026-08-19,0,-1,1797.0,6.4
163929,180761,Mage,Arcane,Sunfury,DPS,EU,Den of Nalorakk,6,1,1746.0,74224,6,289.0,2026-08-19,0,-1,1797.0,6.4
163929,49305,DeathKnight,Unholy,Rider of the Apocalypse,DPS,EU,Den of Nalorakk,6,1,1746.0,88184,1,285.0,2026-08-19,0,-1,1797.0,6.4
163929,218660,DemonHunter,Devourer,Annihilator,DPS,EU,Den of Nalorakk,6,1,1746.0,88801,1,288.0,2026-08-19,0,-1,1797.0,6.4
163930,183151,Paladin,Protection,Templar,Tank,EU,Kings' Rest,11,1,1717.0,52822,1,290.0,2026-08-20,0,-1,1728.0,12.7
163930,218661,Druid,Restoration,Wildstalker,Healer,EU,Kings' Rest,11,1,1717.0,6694,1,294.0,2026-08-20,0,-1,1728.0,12.7
163930,171627,Evoker,Devastation,Scalecommander,DPS,EU,Kings' Rest,11,1,1717.0,142281,1,305.0,2026-08-20,0,-1,1728.0,12.7
163930,218662,Hunter,BeastMastery,Pack Leader,DPS,EU,Kings' Rest,11,1,1717.0,137388,0,300.0,2026-08-20,0,-1,1728.0,12.7
163930,218663,Druid,Balance,Elune's Chosen,DPS,EU,Kings' Rest,11,1,1717.0,136019,1,299.0,2026-08-20,0,-1,1728.0,12.7
163933,218664,Paladin,Protection,Lightsmith,Tank,EU,Murder Row,10,1,1881.6,73090,0,292.0,2026-08-20,0,-1,1884.0,7.6
163933,17670,Priest,Discipline,Oracle,Healer,EU,Murder Row,10,1,1881.6,15702,0,306.0,2026-08-20,0,-1,1884.0,7.6
163933,150073,Mage,Arcane,Sunfury,DPS,EU,Murder Row,10,1,1881.6,145817,0,297.0,2026-08-20,0,-1,1884.0,7.6
163933,95570,Monk,Windwalker,Shado-Pan,DPS,EU,Murder Row,10,1,1881.6,153501,1,305.0,2026-08-20,0,-1,1884.0,7.6
163933,214110,DeathKnight,Unholy,Rider of the Apocalypse,DPS,EU,Murder Row,10,1,1881.6,100868,1,292.0,2026-08-20,0,-1,1884.0,7.6
163934,52147,DeathKnight,Blood,San'layn,Tank,EU,Kings' Rest,9,1,1431.9,92603,0,298.0,2026-08-20,0,-1,1449.0,26.8
163934,133642,Evoker,Preservation,Chronowarden,Healer,EU,Kings' Rest,9,1,1431.9,19929,2,293.0,2026-08-20,0,-1,1449.0,26.8
163934,218665,Rogue,Subtlety,Deathstalker,DPS,EU,Kings' Rest,9,1,1431.9,112713,1,297.0,2026-08-20,0,-1,1449.0,26.8
163934,133643,DemonHunter,Devourer,Void-Scarred,DPS,EU,Kings' Rest,9,1,1431.9,125992,1,294.0,2026-08-20,0,-1,1449.0,26.8
163934,204837,Mage,Frost,Spellslinger,DPS,EU,Kings' Rest,9,1,1431.9,123932,1,289.0,2026-08-20,0,-1,1449.0,26.8
163937,12952,DeathKnight,Blood,San'layn,Tank,EU,Voidscar Arena,10,1,1138.5,165758,0,302.0,2026-08-20,0,-1,1145.0,36.4
163937,137975,Paladin,Holy,Herald of the Sun,Healer,EU,Voidscar Arena,10,1,1138.5,12851,0,295.0,2026-08-20,0,-1,1145.0,36.4
163937,12956,DemonHunter,Devourer,Annihilator,DPS,EU,Voidscar Arena,10,1,1138.5,212538,2,304.0,2026-08-20,0,-1,1145.0,36.4
163937,17465,Rogue,Subtlety,Deathstalker,DPS,EU,Voidscar Arena,10,1,1138.5,187648,1,300.0,2026-08-20,0,-1,1145.0,36.4
163937,208277,DemonHunter,Havoc,Aldrachi Reaver,DPS,EU,Voidscar Arena,10,1,1138.5,176730,0,305.0,2026-08-20,0,-1,1145.0,36.4
163951,52441,Paladin,Protection,Lightsmith,Tank,EU,The Blinding Vale,11,1,1641.3,88868,0,292.0,2026-08-19,0,-1,1658.0,7.9
163951,95651,Priest,Discipline,Oracle,Healer,EU,The Blinding Vale,11,1,1641.3,11254,0,290.0,2026-08-19,0,-1,1658.0,7.9
163951,47574,Paladin,Retribution,Templar,DPS,EU,The Blinding Vale,11,1,1641.3,168303,1,293.0,2026-08-19,0,-1,1658.0,7.9
163951,19265,Shaman,Elemental,Farseer,DPS,EU,The Blinding Vale,11,1,1641.3,178826,3,295.0,2026-08-19,0,-1,1658.0,7.9
163951,138694,Warrior,Arms,Slayer,DPS,EU,The Blinding Vale,11,1,1641.3,173487,1,299.0,2026-08-19,0,-1,1658.0,7.9
163954,146385,Paladin,Protection,Templar,Tank,US,The Blinding Vale,2,1,1230.3,85075,0,293.0,2026-08-19,0,-1,1222.0,32.1
163954,83564,Shaman,Restoration,Totemic,Healer,US,The Blinding Vale,2,1,1230.3,20862,0,294.0,2026-08-19,0,-1,1222.0,32.1
163954,218676,Evoker,Augmentation,Scalecommander,DPS,US,The Blinding Vale,2,1,1230.3,88714,0,288.0,2026-08-19,0,-1,1222.0,32.1
163954,83565,DeathKnight,Frost,Deathbringer,DPS,US,The Blinding Vale,2,1,1230.3,92734,0,295.0,2026-08-19,0,-1,1222.0,32.1
163954,157308,Hunter,BeastMastery,Pack Leader,DPS,US,The Blinding Vale,2,1,1230.3,108354,0,290.0,2026-08-19,0,-1,1222.0,32.1
163978,363,DeathKnight,Blood,Deathbringer,Tank,US,The Blinding Vale,10,1,1414.2,106751,0,298.0,2026-08-19,0,-1,1420.0,21.1
163978,364,Shaman,Restoration,Totemic,Healer,US,The Blinding Vale,10,1,1414.2,18203,1,304.0,2026-08-19,0,-1,1420.0,21.1
163978,367,Evoker,Devastation,Scalecommander,DPS,US,The Blinding Vale,10,1,1414.2,160414,1,295.0,2026-08-19,0,-1,1420.0,21.1
163978,4392,Rogue,Subtlety,Deathstalker,DPS,US,The Blinding Vale,10,1,1414.2,158782,1,287.0,2026-08-19,0,-1,1420.0,21.1
163978,365,Warlock,Demonology,Diabolist,DPS,US,The Blinding Vale,10,1,1414.2,214280,0,301.0,2026-08-19,0,-1,1420.0,21.1
163989,63376,DemonHunter,Vengeance,Annihilator,Tank,US,Temple of Sethraliss,10,1,1592.1,85784,0,302.0,2026-08-20,0,-1,1638.0,14.7
163989,108684,Priest,Holy,Oracle,Healer,US,Temple of Sethraliss,10,1,1592.1,3507,0,294.0,2026-08-20,0,-1,1638.0,14.7
163989,108685,DeathKnight,Unholy,San'layn,DPS,US,Temple of Sethraliss,10,1,1592.1,174551,0,301.0,2026-08-20,0,-1,1638.0,14.7
163989,94969,Warrior,Arms,Slayer,DPS,US,Temple of Sethraliss,10,1,1592.1,143174,8,298.0,2026-08-20,0,-1,1638.0,14.7
163989,62890,Evoker,Devastation,Scalecommander,DPS,US,Temple of Sethraliss,10,1,1592.1,169578,1,302.0,2026-08-20,0,-1,1638.0,14.7
163991,26970,DeathKnight,Blood,San'layn,Tank,EU,Ruby Life Pools,10,1,1371.9,107453,0,293.0,2026-08-19,0,-1,1378.0,18.0
163991,26971,Shaman,Restoration,Totemic,Healer,EU,Ruby Life Pools,10,1,1371.9,17572,1,293.0,2026-08-19,0,-1,1378.0,18.0
163991,26973,Warrior,Arms,Slayer,DPS,EU,Ruby Life Pools,10,1,1371.9,157685,0,293.0,2026-08-19,0,-1,1378.0,18.0
163991,26974,Hunter,BeastMastery,Pack Leader,DPS,EU,Ruby Life Pools,10,1,1371.9,188681,0,294.0,2026-08-19,0,-1,1378.0,18.0
163991,26972,Druid,Balance,Elune's Chosen,DPS,EU,Ruby Life Pools,10,1,1371.9,152628,2,294.0,2026-08-19,0,-1,1378.0,18.0
163992,109819,DeathKnight,Blood,San'layn,Tank,EU,Temple of Sethraliss,6,1,1408.0,66807,0,285.0,2026-08-19,0,-1,1405.0,26.8
163992,202278,Shaman,Restoration,Totemic,Healer,EU,Temple of Sethraliss,6,1,1408.0,14240,0,294.0,2026-08-19,0,-1,1405.0,26.8
163992,92353,Warlock,Destruction,Diabolist,DPS,EU,Temple of Sethraliss,6,1,1408.0,139028,0,293.0,2026-08-19,0,-1,1405.0,26.8
163992,56056,DeathKnight,Frost,Deathbringer,DPS,EU,Temple of Sethraliss,6,1,1408.0,73241,1,294.0,2026-08-19,0,-1,1405.0,26.8
163992,56059,Paladin,Retribution,Templar,DPS,EU,Temple of Sethraliss,6,1,1408.0,139618,0,289.0,2026-08-19,0,-1,1405.0,26.8
164000,77172,DeathKnight,Blood,San'layn,Tank,EU,Voidscar Arena,10,1,1469.4,72457,0,293.0,2026-08-19,0,-1,1466.0,18.6
164000,77173,Shaman,Restoration,Totemic,Healer,EU,Voidscar Arena,10,1,1469.4,18586,1,292.0,2026-08-19,0,-1,1466.0,18.6
164000,77175,Warlock,Demonology,Diabolist,DPS,EU,Voidscar Arena,10,1,1469.4,168114,0,295.0,2026-08-19,0,-1,1466.0,18.6
164000,78067,DemonHunter,Havoc,Fel-Scarred,DPS,EU,Voidscar Arena,10,1,1469.4,148137,0,292.0,2026-08-19,0,-1,1466.0,18.6
164000,77174,Evoker,Devastation,Scalecommander,DPS,EU,Voidscar Arena,10,1,1469.4,157671,0,299.0,2026-08-19,0,-1,1466.0,18.6
164005,33930,Warrior,Protection,Mountain Thane,Tank,EU,Voidscar Arena,5,1,801.0,110096,0,295.0,2026-08-19,0,-1,793.0,56.0
164005,33931,Paladin,Holy,Herald of the Sun,Healer,EU,Voidscar Arena,5,1,801.0,24970,0,293.0,2026-08-19,0,-1,793.0,56.0
164005,33933,Hunter,BeastMastery,Pack Leader,DPS,EU,Voidscar Arena,5,1,801.0,163018,1,291.0,2026-08-19,0,-1,793.0,56.0
164005,54854,DeathKnight,Unholy,Rider of the Apocalypse,DPS,EU,Voidscar Arena,5,1,801.0,153378,1,293.0,2026-08-19,0,-1,793.0,56.0
164005,33932,Priest,Shadow,Archon,DPS,EU,Voidscar Arena,5,1,801.0,180650,0,296.0,2026-08-19,0,-1,793.0,56.0
164010,71823,Warrior,Protection,Mountain Thane,Tank,US,Den of Nalorakk,7,0,2135.0,72832,2,301.0,2026-08-20,0,-1,2211.0,-15.2
164010,150367,Paladin,Holy,Herald of the Sun,Healer,US,Den of Nalorakk,7,0,2135.0,4252,2,292.0,2026-08-20,0,-1,2211.0,-15.2
164010,150369,Mage,Frost,Spellslinger,DPS,US,Den of Nalorakk,7,0,2135.0,88571,3,291.0,2026-08-20,0,-1,2211.0,-15.2
164010,150368,Druid,Balance,Elune's Chosen,DPS,US,Den of Nalorakk,7,0,2135.0,77605,6,287.0,2026-08-20,0,-1,2211.0,-15.2
164010,48858,Priest,Shadow,Archon,DPS,US,Den of Nalorakk,7,0,2135.0,98506,6,288.0,2026-08-20,0,-1,2211.0,-15.2
164016,42441,Warrior,Protection,Mountain Thane,Tank,EU,Murder Row,8,1,1619.1,67744,5,284.0,2026-08-19,0,-1,1716.0,15.9
164016,44691,Evoker,Preservation,Flameshaper,Healer,EU,Murder Row,8,1,1619.1,22212,4,293.0,2026-08-19,0,-1,1716.0,15.9
164016,41232,Mage,Arcane,Sunfury,DPS,EU,Murder Row,8,1,1619.1,139494,5,292.0,2026-08-19,0,-1,1716.0,15.9
164016,44692,Paladin,Retribution,Templar,DPS,EU,Murder Row,8,1,1619.1,136096,4,294.0,2026-08-19,0,-1,1716.0,15.9
164016,42442,Hunter,Marksmanship,Sentinel,DPS,EU,Murder Row,8,1,1619.1,140263,3,291.0,2026-08-19,0,-1,1716.0,15.9
164018,1888,DeathKnight,Blood,San'layn,Tank,US,Murder Row,5,1,1232.9,51072,0,292.0,2026-08-18,0,-1,1224.0,40.0
164018,3959,Shaman,Restoration,Totemic,Healer,US,Murder Row,5,1,1232.9,12472,1,283.0,2026-08-18,0,-1,1224.0,40.0
164018,1890,Paladin,Retribution,Templar,DPS,US,Murder Row,5,1,1232.9,153371,1,293.0,2026-08-18,0,-1,1224.0,40.0
164018,6393,Warrior,Arms,Slayer,DPS,US,Murder Row,5,1,1232.9,150394,0,294.0,2026-08-18,0,-1,1224.0,40.0
164018,120849,Monk,Windwalker,Shado-Pan,DPS,US,Murder Row,5,1,1232.9,106782,0,290.0,2026-08-18,0,-1,1224.0,40.0
164038,9456,Warrior,Protection,Mountain Thane,Tank,US,Den of Nalorakk,10,1,1831.4,77370,2,296.0,2026-08-20,0,-1,1907.0,0.7
164038,9457,Paladin,Holy,Herald of the Sun,Healer,US,Den of Nalorakk,10,1,1831.4,27329,4,295.0,2026-08-20,0,-1,1907.0,0.7
164038,31351,Shaman,Elemental,Farseer,DPS,US,Den of Nalorakk,10,1,1831.4,169224,3,292.0,2026-08-20,0,-1,1907.0,0.7
164038,29999,Warlock,Destruction,Diabolist,DPS,US,Den of Nalorakk,10,1,1831.4,131452,4,297.0,2026-08-20,0,-1,1907.0,0.7
164038,77374,Hunter,Marksmanship,Sentinel,DPS,US,Den of Nalorakk,10,1,1831.4,120105,4,284.0,2026-08-20,0,-1,1907.0,0.7
164040,183894,DeathKnight,Blood,San'layn,Tank,CN,Temple of Sethraliss,10,1,1437.2,96223,0,294.0,2026-08-20,0,-1,1438.0,25.1
164040,183895,Shaman,Restoration,Totemic,Healer,CN,Temple of Sethraliss,10,1,1437.2,18007,1,293.0,2026-08-20,0,-1,1438.0,25.1
164040,183897,Hunter,BeastMastery,Pack Leader,DPS,CN,Temple of Sethraliss,10,1,1437.2,182818,0,292.0,2026-08-20,0,-1,1438.0,25.1
164040,183896,Warrior,Arms,Slayer,DPS,CN,Temple of Sethraliss,10,1,1437.2,212095,0,294.0,2026-08-20,0,-1,1438.0,25.1
164040,135483,Mage,Arcane,Sunfury,DPS,CN,Temple of Sethraliss,10,1,1437.2,127582,1,294.0,2026-08-20,0,-1,1438.0,25.1
164070,35861,DeathKnight,Blood,San'layn,Tank,US,Kings' Rest,8,1,1547.5,93928,1,299.0,2026-08-19,0,-1,1614.0,18.5
164070,35862,Priest,Holy,Oracle,Healer,US,Kings' Rest,8,1,1547.5,10315,2,294.0,2026-08-19,0,-1,1614.0,18.5
164070,35791,Monk,Windwalker,Shado-Pan,DPS,US,Kings' Rest,8,1,1547.5,120034,3,295.0,2026-08-19,0,-1,1614.0,18.5
164070,35863,Warrior,Arms,Slayer,DPS,US,Kings' Rest,8,1,1547.5,100977,4,292.0,2026-08-19,0,-1,1614.0,18.5
164070,35790,Shaman,Elemental,Farseer,DPS,US,Kings' Rest,8,1,1547.5,100283,4,293.0,2026-08-19,0,-1,1614.0,18.5
164076,17898,Paladin,Protection,Lightsmith,Tank,EU,Ruby Life Pools,11,1,1454.0,81192,1,296.0,2026-08-19,0,-1,1470.0,12.5
164076,17899,Shaman,Restoration,Totemic,Healer,EU,Ruby Life Pools,11,1,1454.0,25652,0,292.0,2026-08-19,0,-1,1470.0,12.5
164076,17901,Hunter,BeastMastery,Pack Leader,DPS,EU,Ruby Life Pools,11,1,1454.0,167522,1,295.0,2026-08-19,0,-1,1470.0,12.5
164076,17900,Warrior,Arms,Slayer,DPS,EU,Ruby Life Pools,11,1,1454.0,179486,3,292.0,2026-08-19,0,-1,1470.0,12.5
164076,17902,DeathKnight,Unholy,Rider of the Apocalypse,DPS,EU,Ruby Life Pools,11,1,1454.0,170258,0,294.0,2026-08-19,0,-1,1470.0,12.5
164077,66947,Druid,Guardian,Elune's Chosen,Tank,US,Voidscar Arena,7,1,1350.5,80699,0,288.0,2026-08-20,0,-1,1367.0,24.1
164077,66948,Paladin,Holy,Lightsmith,Healer,US,Voidscar Arena,7,1,1350.5,23473,1,285.0,2026-08-20,0,-1,1367.0,24.1
164077,66949,Mage,Arcane,Sunfury,DPS,US,Voidscar Arena,7,1,1350.5,162258,1,297.0,2026-08-20,0,-1,1367.0,24.1
164077,102870,Priest,Shadow,Archon,DPS,US,Voidscar Arena,7,1,1350.5,73422,2,257.0,2026-08-20,0,-1,1367.0,24.1
164077,66951,DemonHunter,Devourer,Void-Scarred,DPS,US,Voidscar Arena,7,1,1350.5,143255,1,290.0,2026-08-20,0,-1,1367.0,24.1
164080,195281,Paladin,Protection,Templar,Tank,EU,Den of Nalorakk,10,1,1802.4,54114,0,294.0,2026-08-20,0,-1,1809.0,5.8
164080,218738,Shaman,Restoration,Totemic,Healer,EU,Den of Nalorakk,10,1,1802.4,22680,2,293.0,2026-08-20,0,-1,1809.0,5.8
164080,218739,Druid,Balance,Elune's Chosen,DPS,EU,Den of Nalorakk,10,1,1802.4,112880,0,297.0,2026-08-20,0,-1,1809.0,5.8
164080,218740,DemonHunter,Havoc,Fel-Scarred,DPS,EU,Den of Nalorakk,10,1,1802.4,106915,1,296.0,2026-08-20,0,-1,1809.0,5.8
164080,218741,Paladin,Retribution,Templar,DPS,EU,Den of Nalorakk,10,1,1802.4,150450,0,294.0,2026-08-20,0,-1,1809.0,5.8
164088,103835,Druid,Guardian,Elune's Chosen,Tank,US,Voidscar Arena,12,1,1475.8,92872,0,297.0,2026-08-20,0,-1,1558.0,13.5
164088,11832,Shaman,Restoration,Totemic,Healer,US,Voidscar Arena,12,1,1475.8,25304,1,295.0,2026-08-20,0,-1,1558.0,13.5
164088,145528,Mage,Arcane,Sunfury,DPS,US,Voidscar Arena,12,1,1475.8,190266,3,298.0,2026-08-20,0,-1,1558.0,13.5
164088,3649,DemonHunter,Devourer,Annihilator,DPS,US,Voidscar Arena,12,1,1475.8,190807,1,298.0,2026-08-20,0,-1,1558.0,13.5
164088,11833,Paladin,Retribution,Herald of the Sun,DPS,US,Voidscar Arena,12,1,1475.8,182630,1,293.0,2026-08-20,0,-1,1558.0,13.5
164100,90078,Paladin,Protection,Lightsmith,Tank,US,Temple of Sethraliss,4,1,1228.7,73754,0,292.0,2026-08-19,0,-1,1220.0,36.4
164100,37141,Shaman,Restoration,Totemic,Healer,US,Temple of Sethraliss,4,1,1228.7,21206,1,292.0,2026-08-19,0,-1,1220.0,36.4
164100,56951,Paladin,Retribution,Templar,DPS,US,Temple of Sethraliss,4,1,1228.7,88276,0,299.0,2026-08-19,0,-1,1220.0,36.4
164100,81191,DemonHunter,Havoc,Fel-Scarred,DPS,US,Temple of Sethraliss,4,1,1228.7,131428,0,298.0,2026-08-19,0,-1,1220.0,36.4
164100,147387,Hunter,Marksmanship,Sentinel,DPS,US,Temple of Sethraliss,4,1,1228.7,112515,0,294.0,2026-08-19,0,-1,1220.0,36.4
164106,114644,Warrior,Protection,Mountain Thane,Tank,EU,Voidscar Arena,2,1,995.7,89739,0,295.0,2026-08-19,0,-1,987.0,45.2
164106,114645,Evoker,Preservation,Flameshaper,Healer,EU,Voidscar Arena,2,1,995.7,29502,0,292.0,2026-08-19,0,-1,987.0,45.2
164106,114648,Druid,Balance,Elune's Chosen,DPS,EU,Voidscar Arena,2,1,995.7,88663,0,295.0,2026-08-19,0,-1,987.0,45.2
164106,114646,Paladin,Retribution,Templar,DPS,EU,Voidscar Arena,2,1,995.7,97021,0,290.0,2026-08-19,0,-1,987.0,45.2
164106,114647,Monk,Windwalker,Shado-Pan,DPS,EU,Voidscar Arena,2,1,995.7,92683,0,287.0,2026-08-19,0,-1,987.0,45.2
164119,93911,DeathKnight,Blood,San'layn,Tank,US,Den of Nalorakk,10,1,1819.6,94143,3,294.0,2026-08-19,0,-1,1906.0,0.7
164119,60920,Paladin,Holy,Herald of the Sun,Healer,US,Den of Nalorakk,10,1,1819.6,4938,4,299.0,2026-08-19,0,-1,1906.0,0.7
164119,47694,Monk,Windwalker,Conduit of the Celestials,DPS,US,Den of Nalorakk,10,1,1819.6,173486,4,303.0,2026-08-19,0,-1,1906.0,0.7
164119,60921,Warrior,Arms,Slayer,DPS,US,Den of Nalorakk,10,1,1819.6,194802,4,298.0,2026-08-19,0,-1,1906.0,0.7
164119,89122,Mage,Arcane,Sunfury,DPS,US,Den of Nalorakk,10,1,1819.6,169397,4,304.0,2026-08-19,0,-1,1906.0,0.7
164159,53877,DemonHunter,Vengeance,Unknown,Tank,US,Temple of Sethraliss,5,1,1133.7,62248,0,289.0,2026-08-18,0,-1,1126.0,41.4
164159,75071,Evoker,Preservation,Unknown,Healer,US,Temple of Sethraliss,5,1,1133.7,37872,0,294.0,2026-08-18,0,-1,1126.0,41.4
164159,53879,Monk,Windwalker,Unknown,DPS,US,Temple of Sethraliss,5,1,1133.7,113691,1,295.0,2026-08-18,0,-1,1126.0,41.4
164159,1800,Mage,Arcane,Unknown,DPS,US,Temple of Sethraliss,5,1,1133.7,125704,0,296.0,2026-08-18,0,-1,1126.0,41.4
164159,53880,Rogue,Outlaw,Unknown,DPS,US,Temple of Sethraliss,5,1,1133.7,126946,0,288.0,2026-08-18,0,-1,1126.0,41.4
164160,218796,DeathKnight,Blood,Deathbringer,Tank,US,The Blinding Vale,10,1,1623.1,76079,0,288.0,2026-08-19,0,-1,1614.0,10.3
164160,4032,Priest,Holy,Oracle,Healer,US,The Blinding Vale,10,1,1623.1,14983,0,301.0,2026-08-19,0,-1,1614.0,10.3
164160,4033,Warlock,Demonology,Diabolist,DPS,US,The Blinding Vale,10,1,1623.1,186380,0,303.0,2026-08-19,0,-1,1614.0,10.3
164160,10827,Rogue,Subtlety,Deathstalker,DPS,US,The Blinding Vale,10,1,1623.1,149521,0,296.0,2026-08-19,0,-1,1614.0,10.3
164160,79191,Priest,Shadow,Voidweaver,DPS,US,The Blinding Vale,10,1,1623.1,153271,0,294.0,2026-08-19,0,-1,1614.0,10.3
164165,137514,DeathKnight,Blood,Deathbringer,Tank,US,Ruby Life Pools,10,1,1463.5,113581,2,290.0,2026-08-19,0,-1,1545.0,8.0
164165,81329,Paladin,Holy,Herald of the Sun,Healer,US,Ruby Life Pools,10,1,1463.5,6269,3,298.0,2026-08-19,0,-1,1545.0,8.0
164165,10854,Hunter,BeastMastery,Pack Leader,DPS,US,Ruby Life Pools,10,1,1463.5,168025,4,294.0,2026-08-19,0,-1,1545.0,8.0
164165,2702,Warrior,Arms,Slayer,DPS,US,Ruby Life Pools,10,1,1463.5,183901,4,294.0,2026-08-19,0,-1,1545.0,8.0
164165,137516,Mage,Arcane,Sunfury,DPS,US,Ruby Life Pools,10,1,1463.5,117856,5,293.0,2026-08-19,0,-1,1545.0,8.0
164172,143501,Druid,Guardian,Elune's Chosen,Tank,EU,Kings' Rest,2,1,941.3,54708,0,293.0,2026-08-19,0,-1,932.0,52.9
164172,61396,Paladin,Holy,Herald of the Sun,Healer,EU,Kings' Rest,2,1,941.3,11355,0,285.0,2026-08-19,0,-1,932.0,52.9
164172,77895,Monk,Windwalker,Shado-Pan,DPS,EU,Kings' Rest,2,1,941.3,80396,0,286.0,2026-08-19,0,-1,932.0,52.9
164172,118924,Warlock,Demonology,Diabolist,DPS,EU,Kings' Rest,2,1,941.3,129261,0,295.0,2026-08-19,0,-1,932.0,52.9
164172,143502,Mage,Arcane,Sunfury,DPS,EU,Kings' Rest,2,1,941.3,88170,0,291.0,2026-08-19,0,-1,932.0,52.9
164187,113743,Druid,Guardian,Elune's Chosen,Tank,US,Ruby Life Pools,2,1,1327.2,54193,0,293.0,2026-08-18,0,-1,1319.0,21.5
164187,113744,Priest,Holy,Oracle,Healer,US,Ruby Life Pools,2,1,1327.2,9298,0,290.0,2026-08-18,0,-1,1319.0,21.5
164187,113745,Mage,Arcane,Sunfury,DPS,US,Ruby Life Pools,2,1,1327.2,90076,2,291.0,2026-08-18,0,-1,1319.0,21.5
164187,134545,Priest,Shadow,Archon,DPS,US,Ruby Life Pools,2,1,1327.2,102521,0,290.0,2026-08-18,0,-1,1319.0,21.5
164187,152691,Rogue,Outlaw,Trickster,DPS,US,Ruby Life Pools,2,1,1327.2,58484,0,285.0,2026-08-18,0,-1,1319.0,21.5
164189,169068,DeathKnight,Blood,Deathbringer,Tank,EU,The Blinding Vale,11,1,1718.0,87764,0,296.0,2026-08-20,0,-1,1714.0,4.8
164189,169069,Shaman,Restoration,Totemic,Healer,EU,The Blinding Vale,11,1,1718.0,21848,0,306.0,2026-08-20,0,-1,1714.0,4.8
164189,135662,Monk,Windwalker,Shado-Pan,DPS,EU,The Blinding Vale,11,1,1718.0,194807,0,307.0,2026-08-20,0,-1,1714.0,4.8
164189,169070,Monk,Windwalker,Conduit of the Celestials,DPS,EU,The Blinding Vale,11,1,1718.0,141453,0,290.0,2026-08-20,0,-1,1714.0,4.8
164189,81694,Warrior,Arms,Slayer,DPS,EU,The Blinding Vale,11,1,1718.0,209991,1,304.0,2026-08-20,0,-1,1714.0,4.8
164192,162895,DeathKnight,Blood,San'layn,Tank,CN,Temple of Sethraliss,8,1,1734.2,89624,0,293.0,2026-08-20,0,-1,1775.0,7.5
164192,162896,Priest,Holy,Oracle,Healer,CN,Temple of Sethraliss,8,1,1734.2,11101,2,288.0,2026-08-20,0,-1,1775.0,7.5
164192,162899,Mage,Arcane,Sunfury,DPS,CN,Temple of Sethraliss,8,1,1734.2,105072,3,291.0,2026-08-20,0,-1,1775.0,7.5
164192,162898,Mage,Arcane,Sunfury,DPS,CN,Temple of Sethraliss,8,1,1734.2,127725,4,290.0,2026-08-20,0,-1,1775.0,7.5
164192,162897,Shaman,Elemental,Farseer,DPS,CN,Temple of Sethraliss,8,1,1734.2,128128,1,285.0,2026-08-20,0,-1,1775.0,7.5
164194,54539,DeathKnight,Blood,San'layn,Tank,EU,Ruby Life Pools,12,0,2279.9,89807,4,300.0,2026-08-20,0,-1,2601.0,-54.8
164194,18189,Shaman,Restoration,Totemic,Healer,EU,Ruby Life Pools,12,0,2279.9,18357,7,295.0,2026-08-20,0,-1,2601.0,-54.8
164194,168450,Monk,Windwalker,Shado-Pan,DPS,EU,Ruby Life Pools,12,0,2279.9,178288,7,302.0,2026-08-20,0,-1,2601.0,-54.8
164194,52257,Mage,Arcane,Sunfury,DPS,EU,Ruby Life Pools,12,0,2279.9,103900,9,293.0,2026-08-20,0,-1,2601.0,-54.8
164194,168248,Shaman,Elemental,Farseer,DPS,EU,Ruby Life Pools,12,0,2279.9,166801,3,300.0,2026-08-20,0,-1,2601.0,-54.8
164198,48812,DeathKnight,Blood,San'layn,Tank,CN,The Blinding Vale,11,1,1652.7,161399,0,292.0,2026-08-20,0,-1,1679.0,6.7
164198,48813,Shaman,Restoration,Totemic,Healer,CN,The Blinding Vale,11,1,1652.7,28960,1,286.0,2026-08-20,0,-1,1679.0,6.7
164198,173904,Paladin,Retribution,Herald of the Sun,DPS,CN,The Blinding Vale,11,1,1652.7,197820,2,293.0,2026-08-20,0,-1,1679.0,6.7
164198,173905,Mage,Arcane,Sunfury,DPS,CN,The Blinding Vale,11,1,1652.7,173406,2,292.0,2026-08-20,0,-1,1679.0,6.7
164198,48815,Druid,Balance,Elune's Chosen,DPS,CN,The Blinding Vale,11,1,1652.7,171814,2,280.0,2026-08-20,0,-1,1679.0,6.7
164220,21118,DeathKnight,Blood,San'layn,Tank,EU,The Blinding Vale,10,1,1440.3,99846,1,291.0,2026-08-19,0,-1,1492.0,17.1
164220,43063,Druid,Restoration,Wildstalker,Healer,EU,The Blinding Vale,10,1,1440.3,27844,1,294.0,2026-08-19,0,-1,1492.0,17.1
164220,153258,Mage,Arcane,Sunfury,DPS,EU,The Blinding Vale,10,1,1440.3,162130,5,291.0,2026-08-19,0,-1,1492.0,17.1
164220,43064,Mage,Arcane,Sunfury,DPS,EU,The Blinding Vale,10,1,1440.3,165813,2,291.0,2026-08-19,0,-1,1492.0,17.1
164220,43065,DemonHunter,Devourer,Annihilator,DPS,EU,The Blinding Vale,10,1,1440.3,217056,3,297.0,2026-08-19,0,-1,1492.0,17.1
164226,95774,DeathKnight,Blood,San'layn,Tank,US,Murder Row,2,1,1745.7,55939,0,292.0,2026-08-18,0,-1,1737.0,14.8
164226,95775,Shaman,Restoration,Totemic,Healer,US,Murder Row,2,1,1745.7,8733,0,283.0,2026-08-18,0,-1,1737.0,14.8
164226,95777,Warlock,Demonology,Diabolist,DPS,US,Murder Row,2,1,1745.7,82457,0,288.0,2026-08-18,0,-1,1737.0,14.8
164226,213090,Paladin,Retribution,Templar,DPS,US,Murder Row,2,1,1745.7,60664,0,293.0,2026-08-18,0,-1,1737.0,14.8
164226,213089,DeathKnight,Unholy,San'layn,DPS,US,Murder Row,2,1,1745.7,47814,0,290.0,2026-08-18,0,-1,1737.0,14.8
164244,57839,Paladin,Protection,Lightsmith,Tank,US,Ruby Life Pools,7,1,1314.0,71703,0,288.0,2026-08-19,0,-1,1304.0,22.4
164244,57840,Monk,Mistweaver,Conduit of the Celestials,Healer,US,Ruby Life Pools,7,1,1314.0,38004,0,293.0,2026-08-19,0,-1,1304.0,22.4
164244,218847,Druid,Balance,Elune's Chosen,DPS,US,Ruby Life Pools,7,1,1314.0,127931,0,296.0,2026-08-19,0,-1,1304.0,22.4
164244,218848,Mage,Arcane,Sunfury,DPS,US,Ruby Life Pools,7,1,1314.0,149562,0,292.0,2026-08-19,0,-1,1304.0,22.4
164244,218849,DeathKnight,Frost,Deathbringer,DPS,US,Ruby Life Pools,7,1,1314.0,148455,0,291.0,2026-08-19,0,-1,1304.0,22.4
164260,29139,DeathKnight,Blood,San'layn,Tank,EU,Altar of Fangs,10,1,1581.1,84299,1,293.0,2026-08-19,0,-1,1623.0,9.8
164260,197081,Shaman,Restoration,Totemic,Healer,EU,Altar of Fangs,10,1,1581.1,19486,1,298.0,2026-08-19,0,-1,1623.0,9.8
164260,14895,Rogue,Assassination,Deathstalker,DPS,EU,Altar of Fangs,10,1,1581.1,200640,3,296.0,2026-08-19,0,-1,1623.0,9.8
164260,69283,Warrior,Fury,Slayer,DPS,EU,Altar of Fangs,10,1,1581.1,181670,4,297.0,2026-08-19,0,-1,1623.0,9.8
164260,211046,Hunter,BeastMastery,Pack Leader,DPS,EU,Altar of Fangs,10,1,1581.1,164967,1,289.0,2026-08-19,0,-1,1623.0,9.8
164272,1056,DeathKnight,Blood,San'layn,Tank,US,The Blinding Vale,8,1,1267.8,96612,3,295.0,2026-08-18,0,-1,1355.0,24.7
164272,1057,Paladin,Holy,Herald of the Sun,Healer,US,The Blinding Vale,8,1,1267.8,13101,4,292.0,2026-08-18,0,-1,1355.0,24.7
164272,161945,DeathKnight,Unholy,Rider of the Apocalypse,DPS,US,The Blinding Vale,8,1,1267.8,210888,3,294.0,2026-08-18,0,-1,1355.0,24.7
164272,1060,Shaman,Enhancement,Stormbringer,DPS,US,The Blinding Vale,8,1,1267.8,171287,3,294.0,2026-08-18,0,-1,1355.0,24.7
164272,1059,DemonHunter,Havoc,Fel-Scarred,DPS,US,The Blinding Vale,8,1,1267.8,189204,6,293.0,2026-08-18,0,-1,1355.0,24.7
164301,73818,Druid,Guardian,Elune's Chosen,Tank,US,The Blinding Vale,12,0,2382.1,87797,2,300.0,2026-08-20,0,-1,2598.0,-44.4
164301,126978,Paladin,Holy,Herald of the Sun,Healer,US,The Blinding Vale,12,0,2382.1,2982,3,301.0,2026-08-20,0,-1,2598.0,-44.4
164301,218881,Paladin,Retribution,Herald of the Sun,DPS,US,The Blinding Vale,12,0,2382.1,171122,3,300.0,2026-08-20,0,-1,2598.0,-44.4
164301,218882,Evoker,Devastation,Scalecommander,DPS,US,The Blinding Vale,12,0,2382.1,134542,7,292.0,2026-08-20,0,-1,2598.0,-44.4
164301,22882,Druid,Feral,Druid of the Claw,DPS,US,The Blinding Vale,12,0,2382.1,152684,4,301.0,2026-08-20,0,-1,2598.0,-44.4
164303,128573,Paladin,Protection,Lightsmith,Tank,EU,Kings' Rest,9,1,1829.3,59389,1,289.0,2026-08-19,0,-1,1856.0,6.3
164303,123147,Paladin,Holy,Herald of the Sun,Healer,EU,Kings' Rest,9,1,1829.3,8813,1,292.0,2026-08-19,0,-1,1856.0,6.3
164303,59630,Evoker,Devastation,Scalecommander,DPS,EU,Kings' Rest,9,1,1829.3,153166,1,295.0,2026-08-19,0,-1,1856.0,6.3
164303,218885,DeathKnight,Frost,Deathbringer,DPS,EU,Kings' Rest,9,1,1829.3,61426,3,278.0,2026-08-19,0,-1,1856.0,6.3
164303,92159,Mage,Arcane,Sunfury,DPS,EU,Kings' Rest,9,1,1829.3,93521,1,287.0,2026-08-19,0,-1,1856.0,6.3
164332,176025,Paladin,Protection,Lightsmith,Tank,US,Murder Row,9,1,1721.2,63085,1,291.0,2026-08-19,0,-1,1723.0,15.5
164332,29762,Druid,Restoration,Wildstalker,Healer,US,Murder Row,9,1,1721.2,7400,0,293.0,2026-08-19,0,-1,1723.0,15.5
164332,218899,Rogue,Assassination,Deathstalker,DPS,US,Murder Row,9,1,1721.2,159625,0,298.0,2026-08-19,0,-1,1723.0,15.5
164332,64370,Warrior,Arms,Slayer,DPS,US,Murder Row,9,1,1721.2,114123,1,298.0,2026-08-19,0,-1,1723.0,15.5
164332,121397,Mage,Arcane,Sunfury,DPS,US,Murder Row,9,1,1721.2,152935,0,297.0,2026-08-19,0,-1,1723.0,15.5
164356,215392,Warrior,Protection,Mountain Thane,Tank,EU,Kings' Rest,7,1,1434.5,64168,0,290.0,2026-08-20,0,-1,1426.0,28.0
164356,114609,Paladin,Holy,Herald of the Sun,Healer,EU,Kings' Rest,7,1,1434.5,6767,0,285.0,2026-08-20,0,-1,1426.0,28.0
164356,71680,Monk,Windwalker,Shado-Pan,DPS,EU,Kings' Rest,7,1,1434.5,103516,0,301.0,2026-08-20,0,-1,1426.0,28.0
164356,218911,Rogue,Outlaw,Trickster,DPS,EU,Kings' Rest,7,1,1434.5,98608,0,295.0,2026-08-20,0,-1,1426.0,28.0
164356,218912,Hunter,BeastMastery,Pack Leader,DPS,EU,Kings' Rest,7,1,1434.5,119646,0,293.0,2026-08-20,0,-1,1426.0,28.0
164373,48689,DeathKnight,Blood,Deathbringer,Tank,EU,Temple of Sethraliss,10,1,1539.1,85054,1,296.0,2026-08-19,0,-1,1540.0,19.8
164373,184800,Paladin,Holy,Herald of the Sun,Healer,EU,Temple of Sethraliss,10,1,1539.1,9485,0,294.0,2026-08-19,0,-1,1540.0,19.8
164373,98237,DeathKnight,Unholy,Rider of the Apocalypse,DPS,EU,Temple of Sethraliss,10,1,1539.1,173938,0,295.0,2026-08-19,0,-1,1540.0,19.8
164373,98236,Monk,Windwalker,Shado-Pan,DPS,EU,Temple of Sethraliss,10,1,1539.1,158551,0,297.0,2026-08-19,0,-1,1540.0,19.8
164373,98238,Warlock,Destruction,Diabolist,DPS,EU,Temple of Sethraliss,10,1,1539.1,182823,1,300.0,2026-08-19,0,-1,1540.0,19.8
164393,13139,DeathKnight,Blood,Unknown,Tank,EU,Murder Row,2,1,872.6,95660,0,293.0,2026-08-19,0,-1,864.0,57.7
164393,13140,Shaman,Restoration,Unknown,Healer,EU,Murder Row,2,1,872.6,21957,0,286.0,2026-08-19,0,-1,864.0,57.7
164393,13141,Druid,Balance,Unknown,DPS,EU,Murder Row,2,1,872.6,126705,0,293.0,2026-08-19,0,-1,864.0,57.7
164393,13143,Hunter,BeastMastery,Unknown,DPS,EU,Murder Row,2,1,872.6,116951,0,294.0,2026-08-19,0,-1,864.0,57.7
164393,13142,Priest,Shadow,Unknown,DPS,EU,Murder Row,2,1,872.6,127647,0,294.0,2026-08-19,0,-1,864.0,57.7
164396,98062,DemonHunter,Vengeance,Annihilator,Tank,EU,Altar of Fangs,5,1,1450.9,73397,1,295.0,2026-08-19,0,-1,1442.0,19.9
164396,98063,Priest,Discipline,Oracle,Healer,EU,Altar of Fangs,5,1,1450.9,13448,2,290.0,2026-08-19,0,-1,1442.0,19.9
164396,98065,Hunter,BeastMastery,Pack Leader,DPS,EU,Altar of Fangs,5,1,1450.9,119438,2,292.0,2026-08-19,0,-1,1442.0,19.9
164396,98066,Hunter,BeastMastery,Pack Leader,DPS,EU,Altar of Fangs,5,1,1450.9,113150,2,293.0,2026-08-19,0,-1,1442.0,19.9
164396,98064,Mage,Arcane,Sunfury,DPS,EU,Altar of Fangs,5,1,1450.9,99242,2,284.0,2026-08-19,0,-1,1442.0,19.9
164408,128008,Druid,Guardian,Elune's Chosen,Tank,US,Altar of Fangs,8,1,1505.2,95651,3,304.0,2026-08-20,0,-1,1611.0,10.5
164408,3789,Evoker,Preservation,Flameshaper,Healer,US,Altar of Fangs,8,1,1505.2,20385,5,301.0,2026-08-20,0,-1,1611.0,10.5
164408,36048,Monk,Windwalker,Shado-Pan,DPS,US,Altar of Fangs,8,1,1505.2,160468,6,300.0,2026-08-20,0,-1,1611.0,10.5
164408,5575,Warrior,Arms,Slayer,DPS,US,Altar of Fangs,8,1,1505.2,205832,4,301.0,2026-08-20,0,-1,1611.0,10.5
164408,162357,Druid,Balance,Elune's Chosen,DPS,US,Altar of Fangs,8,1,1505.2,175331,5,299.0,2026-08-20,0,-1,1611.0,10.5
164410,10219,Paladin,Protection,Templar,Tank,US,Den of Nalorakk,10,1,1850.0,76706,2,291.0,2026-08-19,0,-1,1917.0,0.2
164410,8825,Shaman,Restoration,Totemic,Healer,US,Den of Nalorakk,10,1,1850.0,21878,3,299.0,2026-08-19,0,-1,1917.0,0.2
164410,6104,DeathKnight,Frost,Deathbringer,DPS,US,Den of Nalorakk,10,1,1850.0,186229,2,301.0,2026-08-19,0,-1,1917.0,0.2
164410,113391,Priest,Shadow,Archon,DPS,US,Den of Nalorakk,10,1,1850.0,151497,5,295.0,2026-08-19,0,-1,1917.0,0.2
164410,78477,Warlock,Destruction,Hellcaller,DPS,US,Den of Nalorakk,10,1,1850.0,157181,3,297.0,2026-08-19,0,-1,1917.0,0.2
164411,28178,Paladin,Protection,Templar,Tank,EU,Den of Nalorakk,10,1,1727.2,81852,2,292.0,2026-08-19,0,-1,1779.0,7.4
164411,60797,Monk,Mistweaver,Conduit of the Celestials,Healer,EU,Den of Nalorakk,10,1,1727.2,30867,3,296.0,2026-08-19,0,-1,1779.0,7.4
164411,60799,Warlock,Destruction,Diabolist,DPS,EU,Den of Nalorakk,10,1,1727.2,146931,2,292.0,2026-08-19,0,-1,1779.0,7.4
164411,60800,Rogue,Assassination,Deathstalker,DPS,EU,Den of Nalorakk,10,1,1727.2,154127,3,293.0,2026-08-19,0,-1,1779.0,7.4
164411,60798,DemonHunter,Devourer,Annihilator,DPS,EU,Den of Nalorakk,10,1,1727.2,123737,2,291.0,2026-08-19,0,-1,1779.0,7.4
164421,184727,Paladin,Protection,Lightsmith,Tank,EU,Ruby Life Pools,11,1,1648.1,83168,1,293.0,2026-08-20,0,-1,1674.0,0.3
164421,184728,Priest,Holy,Oracle,Healer,EU,Ruby Life Pools,11,1,1648.1,28378,0,288.0,2026-08-20,0,-1,1674.0,0.3
164421,63543,Mage,Arcane,Sunfury,DPS,EU,Ruby Life Pools,11,1,1648.1,132471,3,297.0,2026-08-20,0,-1,1674.0,0.3
164421,153738,Rogue,Assassination,Deathstalker,DPS,EU,Ruby Life Pools,11,1,1648.1,118487,0,293.0,2026-08-20,0,-1,1674.0,0.3
164421,63542,Warlock,Demonology,Diabolist,DPS,EU,Ruby Life Pools,11,1,1648.1,202106,2,293.0,2026-08-20,0,-1,1674.0,0.3
164425,71391,DeathKnight,Blood,San'layn,Tank,CN,Kings' Rest,12,1,1834.7,70164,2,297.0,2026-08-20,0,-1,1901.0,4.0
164425,71392,Monk,Mistweaver,Conduit of the Celestials,Healer,CN,Kings' Rest,12,1,1834.7,39061,1,295.0,2026-08-20,0,-1,1901.0,4.0
164425,71394,Paladin,Retribution,Templar,DPS,CN,Kings' Rest,12,1,1834.7,118135,1,300.0,2026-08-20,0,-1,1901.0,4.0
164425,71393,Paladin,Retribution,Herald of the Sun,DPS,CN,Kings' Rest,12,1,1834.7,127784,0,294.0,2026-08-20,0,-1,1901.0,4.0
164425,71395,Mage,Arcane,Sunfury,DPS,CN,Kings' Rest,12,1,1834.7,133604,1,299.0,2026-08-20,0,-1,1901.0,4.0
164440,2281,DeathKnight,Blood,San'layn,Tank,US,Voidscar Arena,11,1,1476.9,91048,1,304.0,2026-08-19,0,-1,1508.0,16.2
164440,25392,Priest,Discipline,Oracle,Healer,US,Voidscar Arena,11,1,1476.9,17990,1,299.0,2026-08-19,0,-1,1508.0,16.2
164440,2283,Warrior,Arms,Slayer,DPS,US,Voidscar Arena,11,1,1476.9,195246,1,302.0,2026-08-19,0,-1,1508.0,16.2
164440,41880,Paladin,Retribution,Templar,DPS,US,Voidscar Arena,11,1,1476.9,138208,4,290.0,2026-08-19,0,-1,1508.0,16.2
164440,2285,Evoker,Devastation,Scalecommander,DPS,US,Voidscar Arena,11,1,1476.9,203283,1,306.0,2026-08-19,0,-1,1508.0,16.2
164447,197378,Warrior,Protection,Mountain Thane,Tank,EU,Murder Row,9,1,1456.3,98441,3,292.0,2026-08-20,0,-1,1492.0,26.8
164447,25908,Shaman,Restoration,Totemic,Healer,EU,Murder Row,9,1,1456.3,25372,2,297.0,2026-08-20,0,-1,1492.0,26.8
164447,89069,Mage,Arcane,Sunfury,DPS,EU,Murder Row,9,1,1456.3,153709,1,293.0,2026-08-20,0,-1,1492.0,26.8
164447,17473,Rogue,Subtlety,Trickster,DPS,EU,Murder Row,9,1,1456.3,214580,1,301.0,2026-08-20,0,-1,1492.0,26.8
164447,218964,DeathKnight,Frost,Deathbringer,DPS,EU,Murder Row,9,1,1456.3,125965,2,293.0,2026-08-20,0,-1,1492.0,26.8
164452,15178,Paladin,Protection,Lightsmith,Tank,EU,Murder Row,10,1,1216.8,132566,0,301.0,2026-08-20,0,-1,1218.0,40.3
164452,208886,Shaman,Restoration,Totemic,Healer,EU,Murder Row,10,1,1216.8,16508,1,291.0,2026-08-20,0,-1,1218.0,40.3
164452,15182,Rogue,Assassination,Deathstalker,DPS,EU,Murder Row,10,1,1216.8,258849,1,301.0,2026-08-20,0,-1,1218.0,40.3
164452,15180,Paladin,Retribution,Templar,DPS,EU,Murder Row,10,1,1216.8,248332,0,305.0,2026-08-20,0,-1,1218.0,40.3
164452,15181,Warrior,Arms,Slayer,DPS,EU,Murder Row,10,1,1216.8,139879,0,287.0,2026-08-20,0,-1,1218.0,40.3
164463,88270,DemonHunter,Vengeance,Annihilator,Tank,EU,Ruby Life Pools,10,1,1364.9,104399,0,298.0,2026-08-19,0,-1,1357.0,19.3
164463,88271,Druid,Restoration,Wildstalker,Healer,EU,Ruby Life Pools,10,1,1364.9,2439,0,294.0,2026-08-19,0,-1,1357.0,19.3
164463,88272,DemonHunter,Devourer,Void-Scarred,DPS,EU,Ruby Life Pools,10,1,1364.9,159396,0,296.0,2026-08-19,0,-1,1357.0,19.3
164463,88273,Mage,Arcane,Sunfury,DPS,EU,Ruby Life Pools,10,1,1364.9,197921,0,298.0,2026-08-19,0,-1,1357.0,19.3
164463,29987,Warlock,Destruction,Diabolist,DPS,EU,Ruby Life Pools,10,1,1364.9,158818,0,293.0,2026-08-19,0,-1,1357.0,19.3
164465,207779,DeathKnight,Blood,Deathbringer,Tank,EU,Voidscar Arena,10,1,1412.7,96593,0,299.0,2026-08-19,0,-1,1424.0,20.9
164465,17257,Shaman,Restoration,Totemic,Healer,EU,Voidscar Arena,10,1,1412.7,42127,3,294.0,2026-08-19,0,-1,1424.0,20.9
164465,116321,Rogue,Outlaw,Trickster,DPS,EU,Voidscar Arena,10,1,1412.7,161795,0,291.0,2026-08-19,0,-1,1424.0,20.9
164465,187724,Priest,Shadow,Archon,DPS,EU,Voidscar Arena,10,1,1412.7,175083,1,294.0,2026-08-19,0,-1,1424.0,20.9
164465,16151,DemonHunter,Devourer,Annihilator,DPS,EU,Voidscar Arena,10,1,1412.7,163801,0,292.0,2026-08-19,0,-1,1424.0,20.9
164466,60598,DeathKnight,Blood,San'layn,Tank,EU,Altar of Fangs,10,1,1644.5,113074,1,300.0,2026-08-20,0,-1,1666.0,7.5
164466,60599,Priest,Discipline,Voidweaver,Healer,EU,Altar of Fangs,10,1,1644.5,32822,1,298.0,2026-08-20,0,-1,1666.0,7.5
164466,168458,Evoker,Devastation,Scalecommander,DPS,EU,Altar of Fangs,10,1,1644.5,163603,3,293.0,2026-08-20,0,-1,1666.0,7.5
164466,168456,Shaman,Elemental,Farseer,DPS,EU,Altar of Fangs,10,1,1644.5,190194,1,295.0,2026-08-20,0,-1,1666.0,7.5
164466,84285,DemonHunter,Havoc,Fel-Scarred,DPS,EU,Altar of Fangs,10,1,1644.5,160016,0,300.0,2026-08-20,0,-1,1666.0,7.5
164480,59292,Paladin,Protection,Lightsmith,Tank,EU,The Blinding Vale,11,1,1631.9,91363,0,296.0,2026-08-19,0,-1,1634.0,9.2
164480,59293,Shaman,Restoration,Totemic,Healer,EU,The Blinding Vale,11,1,1631.9,23888,1,291.0,2026-08-19,0,-1,1634.0,9.2
164480,21317,Warlock,Demonology,Diabolist,DPS,EU,The Blinding Vale,11,1,1631.9,195458,0,292.0,2026-08-19,0,-1,1634.0,9.2
164480,20893,Warrior,Arms,Slayer,DPS,EU,The Blinding Vale,11,1,1631.9,199219,1,299.0,2026-08-19,0,-1,1634.0,9.2
164480,69923,Monk,Windwalker,Shado-Pan,DPS,EU,The Blinding Vale,11,1,1631.9,152450,0,288.0,2026-08-19,0,-1,1634.0,9.2
164482,98155,Monk,Brewmaster,Master of Harmony,Tank,EU,Den of Nalorakk,7,1,1774.5,44306,1,281.0,2026-08-19,0,-1,1806.0,5.9
164482,98156,Evoker,Preservation,Chronowarden,Healer,EU,Den of Nalorakk,7,1,1774.5,28348,0,291.0,2026-08-19,0,-1,1806.0,5.9
164482,98158,DeathKnight,Unholy,Rider of the Apocalypse,DPS,EU,Den of Nalorakk,7,1,1774.5,101867,1,291.0,2026-08-19,0,-1,1806.0,5.9
164482,98159,Priest,Shadow,Archon,DPS,EU,Den of Nalorakk,7,1,1774.5,109454,4,289.0,2026-08-19,0,-1,1806.0,5.9
164482,137524,Druid,Balance,Elune's Chosen,DPS,EU,Den of Nalorakk,7,1,1774.5,111461,2,291.0,2026-08-19,0,-1,1806.0,5.9
164501,81691,Druid,Guardian,Elune's Chosen,Tank,EU,Altar of Fangs,12,0,1817.5,100467,2,298.0,2026-08-20,0,-1,1958.0,-8.8
164501,81692,Priest,Discipline,Oracle,Healer,EU,Altar of Fangs,12,0,1817.5,22609,1,303.0,2026-08-20,0,-1,1958.0,-8.8
164501,81695,Warlock,Demonology,Diabolist,DPS,EU,Altar of Fangs,12,0,1817.5,205195,3,305.0,2026-08-20,0,-1,1958.0,-8.8
164501,38367,Evoker,Devastation,Scalecommander,DPS,EU,Altar of Fangs,12,0,1817.5,229765,3,301.0,2026-08-20,0,-1,1958.0,-8.8
164501,81693,Mage,Arcane,Sunfury,DPS,EU,Altar of Fangs,12,0,1817.5,206522,1,299.0,2026-08-20,0,-1,1958.0,-8.8
164510,56091,Paladin,Protection,Lightsmith,Tank,EU,Voidscar Arena,11,1,1362.4,84761,1,302.0,2026-08-20,0,-1,1374.0,23.7
164510,164295,Priest,Discipline,Oracle,Healer,EU,Voidscar Arena,11,1,1362.4,23649,1,302.0,2026-08-20,0,-1,1374.0,23.7
164510,70817,Warlock,Demonology,Diabolist,DPS,EU,Voidscar Arena,11,1,1362.4,177848,2,302.0,2026-08-20,0,-1,1374.0,23.7
164510,18088,Shaman,Elemental,Farseer,DPS,EU,Voidscar Arena,11,1,1362.4,197384,0,311.0,2026-08-20,0,-1,1374.0,23.7
164510,202147,Hunter,Marksmanship,Sentinel,DPS,EU,Voidscar Arena,11,1,1362.4,179708,0,304.0,2026-08-20,0,-1,1374.0,23.7
164511,19717,DeathKnight,Blood,Deathbringer,Tank,EU,Voidscar Arena,11,1,1539.1,93915,0,295.0,2026-08-19,0,-1,1561.0,13.3
164511,19718,Priest,Holy,Oracle,Healer,EU,Voidscar Arena,11,1,1539.1,31520,0,297.0,2026-08-19,0,-1,1561.0,13.3
164511,19719,Shaman,Elemental,Farseer,DPS,EU,Voidscar Arena,11,1,1539.1,209669,1,295.0,2026-08-19,0,-1,1561.0,13.3
164511,19720,Evoker,Devastation,Scalecommander,DPS,EU,Voidscar Arena,11,1,1539.1,183624,1,294.0,2026-08-19,0,-1,1561.0,13.3
164511,56025,Rogue,Outlaw,Trickster,DPS,EU,Voidscar Arena,11,1,1539.1,124006,4,293.0,2026-08-19,0,-1,1561.0,13.3
164517,84283,DeathKnight,Blood,San'layn,Tank,EU,Temple of Sethraliss,10,1,1638.2,100498,0,297.0,2026-08-20,0,-1,1635.0,14.9
164517,29495,Shaman,Restoration,Totemic,Healer,EU,Temple of Sethraliss,10,1,1638.2,17019,0,296.0,2026-08-20,0,-1,1635.0,14.9
164517,78812,Warrior,Arms,Slayer,DPS,EU,Temple of Sethraliss,10,1,1638.2,139192,0,300.0,2026-08-20,0,-1,1635.0,14.9
164517,104590,Mage,Frost,Spellslinger,DPS,EU,Temple of Sethraliss,10,1,1638.2,141026,1,301.0,2026-08-20,0,-1,1635.0,14.9
164517,92925,Rogue,Outlaw,Trickster,DPS,EU,Temple of Sethraliss,10,1,1638.2,172570,0,293.0,2026-08-20,0,-1,1635.0,14.9
164524,86902,DeathKnight,Blood,Deathbringer,Tank,US,Den of Nalorakk,10,1,1606.9,74891,0,292.0,2026-08-20,0,-1,1623.0,15.5
164524,42600,Paladin,Holy,Herald of the Sun,Healer,US,Den of Nalorakk,10,1,1606.9,14057,0,287.0,2026-08-20,0,-1,1623.0,15.5
164524,42599,DeathKnight,Unholy,Rider of the Apocalypse,DPS,US,Den of Nalorakk,10,1,1606.9,201942,0,300.0,2026-08-20,0,-1,1623.0,15.5
164524,66655,Hunter,BeastMastery,Pack Leader,DPS,US,Den of Nalorakk,10,1,1606.9,135062,1,293.0,2026-08-20,0,-1,1623.0,15.5
164524,219007,Warrior,Arms,Slayer,DPS,US,Den of Nalorakk,10,1,1606.9,120181,4,290.0,2026-08-20,0,-1,1623.0,15.5
164529,179858,Paladin,Protection,Lightsmith,Tank,CN,Temple of Sethraliss,9,1,1421.5,119335,0,294.0,2026-08-20,0,-1,1448.0,24.6
164529,179859,Priest,Discipline,Oracle,Healer,CN,Temple of Sethraliss,9,1,1421.5,6844,1,291.0,2026-08-20,0,-1,1448.0,24.6
164529,219010,Shaman,Elemental,Farseer,DPS,CN,Temple of Sethraliss,9,1,1421.5,188834,1,294.0,2026-08-20,0,-1,1448.0,24.6
164529,179862,DeathKnight,Unholy,Rider of the Apocalypse,DPS,CN,Temple of Sethraliss,9,1,1421.5,131866,2,290.0,2026-08-20,0,-1,1448.0,24.6
164529,179861,Mage,Arcane,Sunfury,DPS,CN,Temple of Sethraliss,9,1,1421.5,116229,3,292.0,2026-08-20,0,-1,1448.0,24.6
164534,52546,DeathKnight,Blood,San'layn,Tank,EU,Ruby Life Pools,10,1,1384.0,109311,0,299.0,2026-08-19,0,-1,1425.0,15.2
164534,88486,Evoker,Preservation,Flameshaper,Healer,EU,Ruby Life Pools,10,1,1384.0,21982,3,295.0,2026-08-19,0,-1,1425.0,15.2
164534,16557,Mage,Arcane,Sunfury,DPS,EU,Ruby Life Pools,10,1,1384.0,172596,1,293.0,2026-08-19,0,-1,1425.0,15.2
164534,97629,Warlock,Demonology,Diabolist,DPS,EU,Ruby Life Pools,10,1,1384.0,182444,4,293.0,2026-08-19,0,-1,1425.0,15.2
164534,14942,Shaman,Elemental,Farseer,DPS,EU,Ruby Life Pools,10,1,1384.0,203552,2,295.0,2026-08-19,0,-1,1425.0,15.2
164540,178034,Druid,Guardian,Elune's Chosen,Tank,EU,Voidscar Arena,10,1,1320.9,109303,0,301.0,2026-08-20,0,-1,1332.0,26.0
164540,51551,Shaman,Restoration,Totemic,Healer,EU,Voidscar Arena,10,1,1320.9,26066,0,298.0,2026-08-20,0,-1,1332.0,26.0
164540,30067,Priest,Shadow,Voidweaver,DPS,EU,Voidscar Arena,10,1,1320.9,143724,4,293.0,2026-08-20,0,-1,1332.0,26.0
164540,30066,Druid,Balance,Elune's Chosen,DPS,EU,Voidscar Arena,10,1,1320.9,198928,0,292.0,2026-08-20,0,-1,1332.0,26.0
164540,30064,Monk,Windwalker,Shado-Pan,DPS,EU,Voidscar Arena,10,1,1320.9,203035,0,306.0,2026-08-20,0,-1,1332.0,26.0
164541,86793,DeathKnight,Blood,San'layn,Tank,EU,Murder Row,10,0,2460.3,52324,4,289.0,2026-08-19,0,-1,2582.0,-26.6
164541,86794,Evoker,Preservation,Flameshaper,Healer,EU,Murder Row,10,0,2460.3,27293,7,288.0,2026-08-19,0,-1,2582.0,-26.6
164541,170464,Warrior,Arms,Slayer,DPS,EU,Murder Row,10,0,2460.3,113050,7,286.0,2026-08-19,0,-1,2582.0,-26.6
164541,170463,Warlock,Demonology,Diabolist,DPS,EU,Murder Row,10,0,2460.3,133028,5,294.0,2026-08-19,0,-1,2582.0,-26.6
164541,86796,Shaman,Enhancement,Stormbringer,DPS,EU,Murder Row,10,0,2460.3,118565,4,293.0,2026-08-19,0,-1,2582.0,-26.6
164545,219021,Druid,Guardian,Elune's Chosen,Tank,US,Murder Row,11,1,1796.6,68999,0,294.0,2026-08-20,0,-1,1803.0,11.6
164545,219022,Priest,Discipline,Oracle,Healer,US,Murder Row,11,1,1796.6,14558,0,294.0,2026-08-20,0,-1,1803.0,11.6
164545,219023,Hunter,BeastMastery,Pack Leader,DPS,US,Murder Row,11,1,1796.6,147096,2,292.0,2026-08-20,0,-1,1803.0,11.6
164545,19527,Mage,Arcane,Sunfury,DPS,US,Murder Row,11,1,1796.6,181962,1,302.0,2026-08-20,0,-1,1803.0,11.6
164545,10400,Shaman,Elemental,Farseer,DPS,US,Murder Row,11,1,1796.6,194506,0,300.0,2026-08-20,0,-1,1803.0,11.6
164548,59858,Paladin,Protection,Lightsmith,Tank,EU,The Blinding Vale,8,1,1336.4,104631,0,290.0,2026-08-19,0,-1,1328.0,26.2
164548,90271,Priest,Holy,Archon,Healer,EU,The Blinding Vale,8,1,1336.4,8054,0,291.0,2026-08-19,0,-1,1328.0,26.2
164548,63660,Shaman,Elemental,Farseer,DPS,EU,The Blinding Vale,8,1,1336.4,200331,0,293.0,2026-08-19,0,-1,1328.0,26.2
164548,63661,Monk,Windwalker,Shado-Pan,DPS,EU,The Blinding Vale,8,1,1336.4,138036,0,295.0,2026-08-19,0,-1,1328.0,26.2
164548,94871,Warlock,Demonology,Diabolist,DPS,EU,The Blinding Vale,8,1,1336.4,198315,0,299.0,2026-08-19,0,-1,1328.0,26.2
164561,31093,DeathKnight,Blood,San'layn,Tank,EU,Ruby Life Pools,8,1,1391.3,87822,1,296.0,2026-08-19,0,-1,1418.0,15.6
164561,105278,Paladin,Holy,Herald of the Sun,Healer,EU,Ruby Life Pools,8,1,1391.3,10907,1,290.0,2026-08-19,0,-1,1418.0,15.6
164561,47474,Mage,Arcane,Sunfury,DPS,EU,Ruby Life Pools,8,1,1391.3,160393,2,296.0,2026-08-19,0,-1,1418.0,15.6
164561,99348,DeathKnight,Frost,Deathbringer,DPS,EU,Ruby Life Pools,8,1,1391.3,116921,1,294.0,2026-08-19,0,-1,1418.0,15.6
164561,24038,Shaman,Elemental,Farseer,DPS,EU,Ruby Life Pools,8,1,1391.3,141288,2,295.0,2026-08-19,0,-1,1418.0,15.6
164565,2614,Warrior,Protection,Mountain Thane,Tank,US,The Blinding Vale,2,1,763.5,116172,0,293.0,2026-08-18,0,-1,755.0,58.0
164565,2615,Priest,Discipline,Oracle,Healer,US,The Blinding Vale,2,1,763.5,13519,0,294.0,2026-08-18,0,-1,755.0,58.0
164565,84,Hunter,BeastMastery,Pack Leader,DPS,US,The Blinding Vale,2,1,763.5,157307,0,292.0,2026-08-18,0,-1,755.0,58.0
164565,2617,DemonHunter,Havoc,Fel-Scarred,DPS,US,The Blinding Vale,2,1,763.5,155564,0,293.0,2026-08-18,0,-1,755.0,58.0
164565,2616,Warlock,Demonology,Diabolist,DPS,US,The Blinding Vale,2,1,763.5,132397,1,292.0,2026-08-18,0,-1,755.0,58.0
164572,139928,Monk,Brewmaster,Shado-Pan,Tank,EU,The Blinding Vale,2,1,972.4,53419,0,290.0,2026-08-20,0,-1,964.0,46.5
164572,219042,Paladin,Holy,Herald of the Sun,Healer,EU,The Blinding Vale,2,1,972.4,6967,0,280.0,2026-08-20,0,-1,964.0,46.5
164572,57008,Warlock,Demonology,Diabolist,DPS,EU,The Blinding Vale,2,1,972.4,121860,0,295.0,2026-08-20,0,-1,964.0,46.5
164572,70460,Paladin,Retribution,Herald of the Sun,DPS,EU,The Blinding Vale,2,1,972.4,164949,0,306.0,2026-08-20,0,-1,964.0,46.5
164572,85264,Mage,Arcane,Sunfury,DPS,EU,The Blinding Vale,2,1,972.4,127887,0,295.0,2026-08-20,0,-1,964.0,46.5
164576,94720,Monk,Brewmaster,Master of Harmony,Tank,US,Murder Row,6,1,1412.8,56028,0,290.0,2026-08-19,0,-1,1404.0,31.2
164576,199718,Priest,Holy,Oracle,Healer,US,Murder Row,6,1,1412.8,10608,0,292.0,2026-08-19,0,-1,1404.0,31.2
164576,36127,Mage,Arcane,Spellslinger,DPS,US,Murder Row,6,1,1412.8,125065,0,296.0,2026-08-19,0,-1,1404.0,31.2
164576,195262,Druid,Feral,Druid of the Claw,DPS,US,Murder Row,6,1,1412.8,113910,0,295.0,2026-08-19,0,-1,1404.0,31.2
164576,150968,DemonHunter,Havoc,Fel-Scarred,DPS,US,Murder Row,6,1,1412.8,125636,0,295.0,2026-08-19,0,-1,1404.0,31.2
164581,111704,DeathKnight,Blood,Deathbringer,Tank,KR,The Blinding Vale,2,1,1090.5,62832,0,290.0,2026-08-20,0,-1,1082.0,39.9
164581,111705,Priest,Discipline,Oracle,Healer,KR,The Blinding Vale,2,1,1090.5,10736,0,293.0,2026-08-20,0,-1,1082.0,39.9
164581,111708,Shaman,Elemental,Farseer,DPS,KR,The Blinding Vale,2,1,1090.5,110106,0,290.0,2026-08-20,0,-1,1082.0,39.9
164581,111706,Warlock,Destruction,Diabolist,DPS,KR,The Blinding Vale,2,1,1090.5,108357,0,293.0,2026-08-20,0,-1,1082.0,39.9
164581,111707,Rogue,Outlaw,Trickster,DPS,KR,The Blinding Vale,2,1,1090.5,88221,0,283.0,2026-08-20,0,-1,1082.0,39.9
164584,13516,Druid,Guardian,Elune's Chosen,Tank,EU,Ruby Life Pools,10,1,1333.5,82760,0,293.0,2026-08-19,0,-1,1330.0,20.8
164584,26743,Paladin,Holy,Herald of the Sun,Healer,EU,Ruby Life Pools,10,1,1333.5,33608,0,291.0,2026-08-19,0,-1,1330.0,20.8
164584,26746,Hunter,BeastMastery,Pack Leader,DPS,EU,Ruby Life Pools,10,1,1333.5,167768,0,294.0,2026-08-19,0,-1,1330.0,20.8
164584,26745,Priest,Shadow,Archon,DPS,EU,Ruby Life Pools,10,1,1333.5,169086,1,295.0,2026-08-19,0,-1,1330.0,20.8
164584,26744,Shaman,Elemental,Farseer,DPS,EU,Ruby Life Pools,10,1,1333.5,161905,0,293.0,2026-08-19,0,-1,1330.0,20.8
164658,196808,DeathKnight,Blood,Deathbringer,Tank,EU,Altar of Fangs,7,1,1564.2,84708,4,284.0,2026-08-20,0,-1,1640.0,8.9
164658,128292,Shaman,Restoration,Totemic,Healer,EU,Altar of Fangs,7,1,1564.2,24226,3,292.0,2026-08-20,0,-1,1640.0,8.9
164658,71404,DemonHunter,Devourer,Annihilator,DPS,EU,Altar of Fangs,7,1,1564.2,132748,4,288.0,2026-08-20,0,-1,1640.0,8.9
164658,169065,Warrior,Fury,Mountain Thane,DPS,EU,Altar of Fangs,7,1,1564.2,192121,3,296.0,2026-08-20,0,-1,1640.0,8.9
164658,182998,Hunter,BeastMastery,Pack Leader,DPS,EU,Altar of Fangs,7,1,1564.2,153185,3,291.0,2026-08-20,0,-1,1640.0,8.9
164662,219090,DeathKnight,Blood,Deathbringer,Tank,CN,Altar of Fangs,9,1,1630.4,58026,0,290.0,2026-08-20,0,-1,1652.0,8.2
164662,219091,Druid,Restoration,Wildstalker,Healer,CN,Altar of Fangs,9,1,1630.4,3067,2,295.0,2026-08-20,0,-1,1652.0,8.2
164662,219092,DeathKnight,Unholy,San'layn,DPS,CN,Altar of Fangs,9,1,1630.4,154724,1,293.0,2026-08-20,0,-1,1652.0,8.2
164662,219093,Shaman,Elemental,Farseer,DPS,CN,Altar of Fangs,9,1,1630.4,154988,2,294.0,2026-08-20,0,-1,1652.0,8.2
164662,180357,Mage,Arcane,Sunfury,DPS,CN,Altar of Fangs,9,1,1630.4,202741,1,296.0,2026-08-20,0,-1,1652.0,8.2
164673,216203,Druid,Guardian,Elune's Chosen,Tank,EU,Murder Row,11,0,2140.1,60458,4,291.0,2026-08-20,0,-1,2211.0,-8.4
164673,124863,Shaman,Restoration,Totemic,Healer,EU,Murder Row,11,0,2140.1,22324,3,294.0,2026-08-20,0,-1,2211.0,-8.4
164673,124864,DeathKnight,Frost,Deathbringer,DPS,EU,Murder Row,11,0,2140.1,105388,3,296.0,2026-08-20,0,-1,2211.0,-8.4
164673,124865,Mage,Arcane,Sunfury,DPS,EU,Murder Row,11,0,2140.1,172546,3,302.0,2026-08-20,0,-1,2211.0,-8.4
164673,28835,Shaman,Enhancement,Stormbringer,DPS,EU,Murder Row,11,0,2140.1,170358,3,302.0,2026-08-20,0,-1,2211.0,-8.4
164678,27000,DeathKnight,Blood,San'layn,Tank,EU,Ruby Life Pools,10,1,1360.4,98798,0,287.0,2026-08-19,0,-1,1367.0,18.6
164678,27001,Shaman,Restoration,Totemic,Healer,EU,Ruby Life Pools,10,1,1360.4,24960,0,295.0,2026-08-19,0,-1,1367.0,18.6
164678,71543,Druid,Balance,Elune's Chosen,DPS,EU,Ruby Life Pools,10,1,1360.4,167024,0,292.0,2026-08-19,0,-1,1367.0,18.6
164678,27004,Mage,Arcane,Sunfury,DPS,EU,Ruby Life Pools,10,1,1360.4,183381,0,295.0,2026-08-19,0,-1,1367.0,18.6
164678,27002,Warrior,Arms,Slayer,DPS,EU,Ruby Life Pools,10,1,1360.4,147599,3,289.0,2026-08-19,0,-1,1367.0,18.6
164705,71766,DeathKnight,Blood,San'layn,Tank,EU,The Blinding Vale,6,1,1134.2,83327,0,293.0,2026-08-20,0,-1,1126.0,37.5
164705,158911,Paladin,Holy,Herald of the Sun,Healer,EU,The Blinding Vale,6,1,1134.2,16915,0,294.0,2026-08-20,0,-1,1126.0,37.5
164705,134505,DemonHunter,Devourer,Void-Scarred,DPS,EU,The Blinding Vale,6,1,1134.2,140293,0,296.0,2026-08-20,0,-1,1126.0,37.5
164705,219116,Mage,Arcane,Sunfury,DPS,EU,The Blinding Vale,6,1,1134.2,163020,0,293.0,2026-08-20,0,-1,1126.0,37.5
164705,219117,Druid,Balance,Elune's Chosen,DPS,EU,The Blinding Vale,6,1,1134.2,135846,0,285.0,2026-08-20,0,-1,1126.0,37.5
164706,219118,DeathKnight,Blood,Deathbringer,Tank,CN,Den of Nalorakk,6,1,1283.4,85380,0,293.0,2026-08-20,0,-1,1285.0,33.1
164706,219119,Priest,Discipline,Oracle,Healer,CN,Den of Nalorakk,6,1,1283.4,10250,0,292.0,2026-08-20,0,-1,1285.0,33.1
164706,219120,Hunter,BeastMastery,Pack Leader,DPS,CN,Den of Nalorakk,6,1,1283.4,109636,1,294.0,2026-08-20,0,-1,1285.0,33.1
164706,219121,Druid,Balance,Elune's Chosen,DPS,CN,Den of Nalorakk,6,1,1283.4,99670,1,289.0,2026-08-20,0,-1,1285.0,33.1
164706,219122,Paladin,Retribution,Herald of the Sun,DPS,CN,Den of Nalorakk,6,1,1283.4,123090,0,286.0,2026-08-20,0,-1,1285.0,33.1
164708,219125,Monk,Brewmaster,Shado-Pan,Tank,US,Kings' Rest,8,1,1655.2,53148,3,288.0,2026-08-18,0,-1,1702.0,14.0
164708,59162,Evoker,Preservation,Flameshaper,Healer,US,Kings' Rest,8,1,1655.2,24334,1,300.0,2026-08-18,0,-1,1702.0,14.0
164708,189066,Warlock,Affliction,Soul Harvester,DPS,US,Kings' Rest,8,1,1655.2,94318,2,295.0,2026-08-18,0,-1,1702.0,14.0
164708,204590,Hunter,Marksmanship,Sentinel,DPS,US,Kings' Rest,8,1,1655.2,95282,3,294.0,2026-08-18,0,-1,1702.0,14.0
164708,107693,Shaman,Elemental,Farseer,DPS,US,Kings' Rest,8,1,1655.2,119836,2,286.0,2026-08-18,0,-1,1702.0,14.0
164715,212192,DeathKnight,Blood,San'layn,Tank,EU,Den of Nalorakk,10,1,1603.6,97906,0,297.0,2026-08-19,0,-1,1610.0,16.2
164715,212193,Priest,Discipline,Oracle,Healer,EU,Den of Nalorakk,10,1,1603.6,17802,0,293.0,2026-08-19,0,-1,1610.0,16.2
164715,212194,Mage,Arcane,Spellslinger,DPS,EU,Den of Nalorakk,10,1,1603.6,149202,1,291.0,2026-08-19,0,-1,1610.0,16.2
164715,212196,Paladin,Retribution,Templar,DPS,EU,Den of Nalorakk,10,1,1603.6,175302,0,297.0,2026-08-19,0,-1,1610.0,16.2
164715,219129,DemonHunter,Devourer,Void-Scarred,DPS,EU,Den of Nalorakk,10,1,1603.6,111340,2,292.0,2026-08-19,0,-1,1610.0,16.2
164728,219132,DeathKnight,Blood,Deathbringer,Tank,CN,Temple of Sethraliss,9,1,1465.3,96666,0,305.0,2026-08-20,0,-1,1532.0,20.2
164728,219133,Priest,Holy,Oracle,Healer,CN,Temple of Sethraliss,9,1,1465.3,1926,2,283.0,2026-08-20,0,-1,1532.0,20.2
164728,82348,Shaman,Elemental,Farseer,DPS,CN,Temple of Sethraliss,9,1,1465.3,162427,6,294.0,2026-08-20,0,-1,1532.0,20.2
164728,219134,DemonHunter,Devourer,Void-Scarred,DPS,CN,Temple of Sethraliss,9,1,1465.3,185418,3,297.0,2026-08-20,0,-1,1532.0,20.2
164728,219135,Mage,Arcane,Sunfury,DPS,CN,Temple of Sethraliss,9,1,1465.3,139012,2,290.0,2026-08-20,0,-1,1532.0,20.2
164731,99768,Warrior,Protection,Mountain Thane,Tank,EU,Kings' Rest,7,1,1485.1,72752,0,294.0,2026-08-19,0,-1,1487.0,24.9
164731,53990,Priest,Discipline,Oracle,Healer,EU,Kings' Rest,7,1,1485.1,14069,0,291.0,2026-08-19,0,-1,1487.0,24.9
164731,147430,Paladin,Retribution,Herald of the Sun,DPS,EU,Kings' Rest,7,1,1485.1,99066,2,288.0,2026-08-19,0,-1,1487.0,24.9
164731,99769,DeathKnight,Unholy,Rider of the Apocalypse,DPS,EU,Kings' Rest,7,1,1485.1,90672,0,288.0,2026-08-19,0,-1,1487.0,24.9
164731,99771,Hunter,BeastMastery,Pack Leader,DPS,EU,Kings' Rest,7,1,1485.1,98566,0,292.0,2026-08-19,0,-1,1487.0,24.9
164745,60530,DeathKnight,Blood,San'layn,Tank,EU,Altar of Fangs,10,1,1451.4,123627,0,301.0,2026-08-19,0,-1,1458.0,19.0
164745,50796,Shaman,Restoration,Totemic,Healer,EU,Altar of Fangs,10,1,1451.4,20135,0,292.0,2026-08-19,0,-1,1458.0,19.0
164745,60532,DeathKnight,Unholy,Rider of the Apocalypse,DPS,EU,Altar of Fangs,10,1,1451.4,187651,1,297.0,2026-08-19,0,-1,1458.0,19.0
164745,15590,DemonHunter,Havoc,Fel-Scarred,DPS,EU,Altar of Fangs,10,1,1451.4,251403,2,300.0,2026-08-19,0,-1,1458.0,19.0
164745,60533,Warrior,Arms,Slayer,DPS,EU,Altar of Fangs,10,1,1451.4,197958,0,293.0,2026-08-19,0,-1,1458.0,19.0
164751,124204,Paladin,Protection,Lightsmith,Tank,EU,Temple of Sethraliss,5,1,1352.6,72530,0,285.0,2026-08-19,0,-1,1344.0,30.0
164751,63670,Shaman,Restoration,Farseer,Healer,EU,Temple of Sethraliss,5,1,1352.6,10099,0,290.0,2026-08-19,0,-1,1344.0,30.0
164751,63668,Druid,Balance,Elune's Chosen,DPS,EU,Temple of Sethraliss,5,1,1352.6,96530,0,296.0,2026-08-19,0,-1,1344.0,30.0
164751,124206,Warrior,Arms,Slayer,DPS,EU,Temple of Sethraliss,5,1,1352.6,130621,0,292.0,2026-08-19,0,-1,1344.0,30.0
164751,124205,Paladin,Retribution,Templar,DPS,EU,Temple of Sethraliss,5,1,1352.6,76591,1,277.0,2026-08-19,0,-1,1344.0,30.0
164755,22737,Druid,Guardian,Elune's Chosen,Tank,EU,Den of Nalorakk,11,0,2046.4,77881,2,296.0,2026-08-19,0,-1,2102.0,-9.5
164755,69742,Priest,Discipline,Oracle,Healer,EU,Den of Nalorakk,11,0,2046.4,17816,5,294.0,2026-08-19,0,-1,2102.0,-9.5
164755,75619,Mage,Arcane,Sunfury,DPS,EU,Den of Nalorakk,11,0,2046.4,157042,2,295.0,2026-08-19,0,-1,2102.0,-9.5
164755,219155,Paladin,Retribution,Templar,DPS,EU,Den of Nalorakk,11,0,2046.4,109454,5,297.0,2026-08-19,0,-1,2102.0,-9.5
164755,219156,Hunter,BeastMastery,Pack Leader,DPS,EU,Den of Nalorakk,11,0,2046.4,139369,2,295.0,2026-08-19,0,-1,2102.0,-9.5
164758,219157,DeathKnight,Blood,San'layn,Tank,EU,Ruby Life Pools,10,1,1385.8,127275,1,293.0,2026-08-20,0,-1,1428.0,15.0
164758,40726,Paladin,Holy,Herald of the Sun,Healer,EU,Ruby Life Pools,10,1,1385.8,19144,2,300.0,2026-08-20,0,-1,1428.0,15.0
164758,219158,Shaman,Enhancement,Stormbringer,DPS,EU,Ruby Life Pools,10,1,1385.8,177202,3,298.0,2026-08-20,0,-1,1428.0,15.0
164758,219159,Druid,Feral,Druid of the Claw,DPS,EU,Ruby Life Pools,10,1,1385.8,170236,3,299.0,2026-08-20,0,-1,1428.0,15.0
164758,31888,Shaman,Elemental,Farseer,DPS,EU,Ruby Life Pools,10,1,1385.8,218830,1,305.0,2026-08-20,0,-1,1428.0,15.0
164769,34718,Paladin,Protection,Lightsmith,Tank,EU,The Blinding Vale,8,1,1330.1,112680,0,292.0,2026-08-19,0,-1,1337.0,25.7
164769,219165,Evoker,Preservation,Flameshaper,Healer,EU,The Blinding Vale,8,1,1330.1,38440,1,290.0,2026-08-19,0,-1,1337.0,25.7
164769,219166,Shaman,Elemental,Stormbringer,DPS,EU,The Blinding Vale,8,1,1330.1,112678,0,283.0,2026-08-19,0,-1,1337.0,25.7
164769,125026,Mage,Arcane,Sunfury,DPS,EU,The Blinding Vale,8,1,1330.1,161501,1,285.0,2026-08-19,0,-1,1337.0,25.7
164769,69781,DemonHunter,Havoc,Fel-Scarred,DPS,EU,The Blinding Vale,8,1,1330.1,204555,1,292.0,2026-08-19,0,-1,1337.0,25.7
164771,219167,DeathKnight,Blood,Deathbringer,Tank,US,Temple of Sethraliss,6,1,1554.1,54998,1,295.0,2026-08-18,0,-1,1591.0,17.1
164771,219168,Monk,Mistweaver,Conduit of the Celestials,Healer,US,Temple of Sethraliss,6,1,1554.1,23336,2,285.0,2026-08-18,0,-1,1591.0,17.1
164771,113662,Paladin,Retribution,Templar,DPS,US,Temple of Sethraliss,6,1,1554.1,97743,1,298.0,2026-08-18,0,-1,1591.0,17.1
164771,58922,Shaman,Enhancement,Stormbringer,DPS,US,Temple of Sethraliss,6,1,1554.1,112676,3,295.0,2026-08-18,0,-1,1591.0,17.1
164771,55204,Druid,Balance,Elune's Chosen,DPS,US,Temple of Sethraliss,6,1,1554.1,87869,2,295.0,2026-08-18,0,-1,1591.0,17.1
164778,180284,DeathKnight,Blood,San'layn,Tank,CN,Kings' Rest,11,1,1796.0,46553,1,283.0,2026-08-20,0,-1,1842.0,7.0
164778,219177,Shaman,Restoration,Totemic,Healer,CN,Kings' Rest,11,1,1796.0,8751,2,296.0,2026-08-20,0,-1,1842.0,7.0
164778,180286,Mage,Arcane,Sunfury,DPS,CN,Kings' Rest,11,1,1796.0,131391,2,297.0,2026-08-20,0,-1,1842.0,7.0
164778,180287,Hunter,BeastMastery,Pack Leader,DPS,CN,Kings' Rest,11,1,1796.0,130642,4,300.0,2026-08-20,0,-1,1842.0,7.0
164778,180288,Warlock,Demonology,Diabolist,DPS,CN,Kings' Rest,11,1,1796.0,141430,2,294.0,2026-08-20,0,-1,1842.0,7.0
164780,60779,DemonHunter,Vengeance,Annihilator,Tank,EU,Murder Row,9,1,1546.2,96272,0,290.0,2026-08-19,0,-1,1543.0,24.4
164780,60780,Druid,Restoration,Wildstalker,Healer,EU,Murder Row,9,1,1546.2,18701,0,294.0,2026-08-19,0,-1,1543.0,24.4
164780,86159,Shaman,Elemental,Farseer,DPS,EU,Murder Row,9,1,1546.2,166980,0,292.0,2026-08-19,0,-1,1543.0,24.4
164780,99440,Hunter,BeastMastery,Pack Leader,DPS,EU,Murder Row,9,1,1546.2,125972,0,288.0,2026-08-19,0,-1,1543.0,24.4
164780,22779,Warrior,Arms,Slayer,DPS,EU,Murder Row,9,1,1546.2,161973,1,296.0,2026-08-19,0,-1,1543.0,24.4
164793,175691,Paladin,Protection,Templar,Tank,EU,Kings' Rest,7,1,1667.0,54112,1,293.0,2026-08-20,0,-1,1698.0,14.2
164793,116228,Shaman,Restoration,Totemic,Healer,EU,Kings' Rest,7,1,1667.0,11556,2,288.0,2026-08-20,0,-1,1698.0,14.2
164793,168685,Rogue,Assassination,Fatebound,DPS,EU,Kings' Rest,7,1,1667.0,95989,2,286.0,2026-08-20,0,-1,1698.0,14.2
164793,175693,Warrior,Arms,Slayer,DPS,EU,Kings' Rest,7,1,1667.0,82282,2,297.0,2026-08-20,0,-1,1698.0,14.2
164793,175692,Paladin,Retribution,Templar,DPS,EU,Kings' Rest,7,1,1667.0,106295,1,292.0,2026-08-20,0,-1,1698.0,14.2
164794,49955,Paladin,Protection,Lightsmith,Tank,EU,Temple of Sethraliss,10,1,1413.2,98004,0,298.0,2026-08-20,0,-1,1405.0,26.8
164794,89860,Shaman,Restoration,Totemic,Healer,EU,Temple of Sethraliss,10,1,1413.2,23530,0,297.0,2026-08-20,0,-1,1405.0,26.8
164794,21924,Shaman,Elemental,Farseer,DPS,EU,Temple of Sethraliss,10,1,1413.2,218342,0,306.0,2026-08-20,0,-1,1405.0,26.8
164794,89861,Druid,Balance,Elune's Chosen,DPS,EU,Temple of Sethraliss,10,1,1413.2,160180,0,298.0,2026-08-20,0,-1,1405.0,26.8
164794,49958,Mage,Arcane,Sunfury,DPS,EU,Temple of Sethraliss,10,1,1413.2,139755,0,292.0,2026-08-20,0,-1,1405.0,26.8
164797,39479,Paladin,Protection,Templar,Tank,EU,Kings' Rest,10,1,1269.1,87674,0,310.0,2026-08-20,0,-1,1266.0,36.1
164797,39480,Paladin,Holy,Herald of the Sun,Healer,EU,Kings' Rest,10,1,1269.1,15949,0,300.0,2026-08-20,0,-1,1266.0,36.1
164797,110420,Hunter,BeastMastery,Pack Leader,DPS,EU,Kings' Rest,10,1,1269.1,126672,0,299.0,2026-08-20,0,-1,1266.0,36.1
164797,39483,Mage,Arcane,Sunfury,DPS,EU,Kings' Rest,10,1,1269.1,180821,1,301.0,2026-08-20,0,-1,1266.0,36.1
164797,39482,Warrior,Arms,Slayer,DPS,EU,Kings' Rest,10,1,1269.1,175208,0,308.0,2026-08-20,0,-1,1266.0,36.1
164800,68825,Monk,Brewmaster,Master of Harmony,Tank,EU,Voidscar Arena,11,0,2372.1,57773,3,290.0,2026-08-19,0,-1,2454.0,-36.3
164800,219187,Paladin,Holy,Herald of the Sun,Healer,EU,Voidscar Arena,11,0,2372.1,10976,3,294.0,2026-08-19,0,-1,2454.0,-36.3
164800,22094,Warrior,Arms,Slayer,DPS,EU,Voidscar Arena,11,0,2372.1,129617,5,293.0,2026-08-19,0,-1,2454.0,-36.3
164800,68827,DemonHunter,Havoc,Fel-Scarred,DPS,EU,Voidscar Arena,11,0,2372.1,104293,4,293.0,2026-08-19,0,-1,2454.0,-36.3
164800,68828,Mage,Arcane,Sunfury,DPS,EU,Voidscar Arena,11,0,2372.1,115769,3,294.0,2026-08-19,0,-1,2454.0,-36.3
164804,50070,DeathKnight,Blood,San'layn,Tank,CN,Altar of Fangs,8,1,1521.0,109425,1,289.0,2026-08-20,0,-1,1552.0,13.8
164804,50071,Paladin,Holy,Lightsmith,Healer,CN,Altar of Fangs,8,1,1521.0,40040,1,294.0,2026-08-20,0,-1,1552.0,13.8
164804,50074,Mage,Arcane,Sunfury,DPS,CN,Altar of Fangs,8,1,1521.0,149345,4,291.0,2026-08-20,0,-1,1552.0,13.8
164804,50072,Warrior,Arms,Slayer,DPS,CN,Altar of Fangs,8,1,1521.0,155378,1,293.0,2026-08-20,0,-1,1552.0,13.8
164804,50073,Paladin,Retribution,Herald of the Sun,DPS,CN,Altar of Fangs,8,1,1521.0,173286,1,292.0,2026-08-20,0,-1,1552.0,13.8
164807,219192,DemonHunter,Vengeance,Annihilator,Tank,US,The Blinding Vale,7,1,1581.3,72811,2,284.0,2026-08-19,0,-1,1648.0,8.5
164807,219193,Shaman,Restoration,Totemic,Healer,US,The Blinding Vale,7,1,1581.3,16683,3,292.0,2026-08-19,0,-1,1648.0,8.5
164807,219194,Warlock,Destruction,Diabolist,DPS,US,The Blinding Vale,7,1,1581.3,71060,5,286.0,2026-08-19,0,-1,1648.0,8.5
164807,161753,DemonHunter,Devourer,Annihilator,DPS,US,The Blinding Vale,7,1,1581.3,167163,3,293.0,2026-08-19,0,-1,1648.0,8.5
164807,50091,DemonHunter,Havoc,Fel-Scarred,DPS,US,The Blinding Vale,7,1,1581.3,182101,2,289.0,2026-08-19,0,-1,1648.0,8.5
164822,35040,DeathKnight,Blood,San'layn,Tank,EU,Ruby Life Pools,8,1,1402.8,122688,0,292.0,2026-08-19,0,-1,1449.0,13.8
164822,35041,Shaman,Restoration,Totemic,Healer,EU,Ruby Life Pools,8,1,1402.8,8424,0,282.0,2026-08-19,0,-1,1449.0,13.8
164822,35043,Mage,Arcane,Sunfury,DPS,EU,Ruby Life Pools,8,1,1402.8,148691,3,294.0,2026-08-19,0,-1,1449.0,13.8
164822,199478,Paladin,Retribution,Templar,DPS,EU,Ruby Life Pools,8,1,1402.8,104628,5,292.0,2026-08-19,0,-1,1449.0,13.8
164822,35042,Druid,Balance,Elune's Chosen,DPS,EU,Ruby Life Pools,8,1,1402.8,164210,3,295.0,2026-08-19,0,-1,1449.0,13.8
164827,40808,Paladin,Protection,Lightsmith,Tank,EU,Kings' Rest,11,1,1669.8,68428,0,297.0,2026-08-19,0,-1,1711.0,13.6
164827,19193,Shaman,Restoration,Totemic,Healer,EU,Kings' Rest,11,1,1669.8,21876,2,290.0,2026-08-19,0,-1,1711.0,13.6
164827,19195,Paladin,Retribution,Templar,DPS,EU,Kings' Rest,11,1,1669.8,127745,3,293.0,2026-08-19,0,-1,1711.0,13.6
164827,15507,Warrior,Arms,Slayer,DPS,EU,Kings' Rest,11,1,1669.8,137238,3,296.0,2026-08-19,0,-1,1711.0,13.6
164827,93421,Hunter,BeastMastery,Pack Leader,DPS,EU,Kings' Rest,11,1,1669.8,123113,2,293.0,2026-08-19,0,-1,1711.0,13.6
164831,14832,DemonHunter,Vengeance,Annihilator,Tank,EU,The Blinding Vale,2,1,795.7,83292,0,296.0,2026-08-19,0,-1,788.0,56.2
164831,14833,Shaman,Restoration,Totemic,Healer,EU,The Blinding Vale,2,1,795.7,30769,0,287.0,2026-08-19,0,-1,788.0,56.2
164831,27393,Warlock,Demonology,Diabolist,DPS,EU,The Blinding Vale,2,1,795.7,122764,0,291.0,2026-08-19,0,-1,788.0,56.2
164831,14835,DemonHunter,Havoc,Fel-Scarred,DPS,EU,The Blinding Vale,2,1,795.7,173774,0,297.0,2026-08-19,0,-1,788.0,56.2
164831,99021,Rogue,Subtlety,Trickster,DPS,EU,The Blinding Vale,2,1,795.7,149104,0,292.0,2026-08-19,0,-1,788.0,56.2
164851,64808,Warrior,Protection,Mountain Thane,Tank,US,Murder Row,4,1,1642.7,49219,2,293.0,2026-08-19,0,-1,1634.0,19.9
164851,78576,Druid,Restoration,Wildstalker,Healer,US,Murder Row,4,1,1642.7,3843,0,282.0,2026-08-19,0,-1,1634.0,19.9
164851,78577,Warlock,Affliction,Soul Harvester,DPS,US,Murder Row,4,1,1642.7,101884,1,291.0,2026-08-19,0,-1,1634.0,19.9
164851,78579,Paladin,Retribution,Templar,DPS,US,Murder Row,4,1,1642.7,79178,1,295.0,2026-08-19,0,-1,1634.0,19.9
164851,78578,Mage,Arcane,Sunfury,DPS,US,Murder Row,4,1,1642.7,114850,0,290.0,2026-08-19,0,-1,1634.0,19.9
164872,12751,DeathKnight,Blood,San'layn,Tank,EU,Temple of Sethraliss,10,0,1818.6,115426,2,292.0,2026-08-20,0,-1,1930.0,-0.5
164872,12752,Monk,Mistweaver,Conduit of the Celestials,Healer,EU,Temple of Sethraliss,10,0,1818.6,39340,3,290.0,2026-08-20,0,-1,1930.0,-0.5
164872,186124,Mage,Fire,Sunfury,DPS,EU,Temple of Sethraliss,10,0,1818.6,135364,5,293.0,2026-08-20,0,-1,1930.0,-0.5
164872,164865,Warlock,Destruction,Diabolist,DPS,EU,Temple of Sethraliss,10,0,1818.6,149127,6,296.0,2026-08-20,0,-1,1930.0,-0.5
164872,170278,Warrior,Arms,Slayer,DPS,EU,Temple of Sethraliss,10,0,1818.6,116138,9,293.0,2026-08-20,0,-1,1930.0,-0.5
164876,218234,Druid,Guardian,Elune's Chosen,Tank,CN,Temple of Sethraliss,10,1,1597.9,89344,2,298.0,2026-08-20,0,-1,1634.0,14.9
164876,177490,Shaman,Restoration,Totemic,Healer,CN,Temple of Sethraliss,10,1,1597.9,14758,3,291.0,2026-08-20,0,-1,1634.0,14.9
164876,177491,Warrior,Arms,Slayer,DPS,CN,Temple of Sethraliss,10,1,1597.9,163938,2,303.0,2026-08-20,0,-1,1634.0,14.9
164876,218235,Warlock,Demonology,Diabolist,DPS,CN,Temple of Sethraliss,10,1,1597.9,159619,1,293.0,2026-08-20,0,-1,1634.0,14.9
164876,218236,DeathKnight,Unholy,San'layn,DPS,CN,Temple of Sethraliss,10,1,1597.9,173134,1,294.0,2026-08-20,0,-1,1634.0,14.9
164886,80978,DemonHunter,Vengeance,Annihilator,Tank,US,Ruby Life Pools,9,1,1324.1,75237,0,289.0,2026-08-19,0,-1,1320.0,21.4
164886,90387,Shaman,Restoration,Totemic,Healer,US,Ruby Life Pools,9,1,1324.1,26874,0,287.0,2026-08-19,0,-1,1320.0,21.4
164886,80982,Rogue,Outlaw,Trickster,DPS,US,Ruby Life Pools,9,1,1324.1,135732,0,291.0,2026-08-19,0,-1,1320.0,21.4
164886,109869,Hunter,Survival,Sentinel,DPS,US,Ruby Life Pools,9,1,1324.1,143811,1,294.0,2026-08-19,0,-1,1320.0,21.4
164886,80981,Warrior,Arms,Slayer,DPS,US,Ruby Life Pools,9,1,1324.1,156198,0,294.0,2026-08-19,0,-1,1320.0,21.4
164891,39874,Paladin,Protection,Lightsmith,Tank,US,Ruby Life Pools,10,1,1456.8,72855,0,297.0,2026-08-19,0,-1,1458.0,13.2
164891,4466,Shaman,Restoration,Totemic,Healer,US,Ruby Life Pools,10,1,1456.8,13442,0,287.0,2026-08-19,0,-1,1458.0,13.2
164891,69115,Warlock,Destruction,Diabolist,DPS,US,Ruby Life Pools,10,1,1456.8,165065,1,300.0,2026-08-19,0,-1,1458.0,13.2
164891,93551,Shaman,Elemental,Farseer,DPS,US,Ruby Life Pools,10,1,1456.8,176502,0,294.0,2026-08-19,0,-1,1458.0,13.2
164891,4468,Paladin,Retribution,Herald of the Sun,DPS,US,Ruby Life Pools,10,1,1456.8,182058,1,302.0,2026-08-19,0,-1,1458.0,13.2
164902,73593,DeathKnight,Blood,San'layn,Tank,EU,Murder Row,10,1,1672.1,68840,0,294.0,2026-08-19,0,-1,1679.0,17.7
164902,73594,Shaman,Restoration,Totemic,Healer,EU,Murder Row,10,1,1672.1,25718,1,295.0,2026-08-19,0,-1,1679.0,17.7
164902,148400,Druid,Feral,Druid of the Claw,DPS,EU,Murder Row,10,1,1672.1,151650,1,294.0,2026-08-19,0,-1,1679.0,17.7
164902,76525,Mage,Arcane,Sunfury,DPS,EU,Murder Row,10,1,1672.1,168114,1,294.0,2026-08-19,0,-1,1679.0,17.7
164902,148401,Paladin,Retribution,Templar,DPS,EU,Murder Row,10,1,1672.1,152936,0,289.0,2026-08-19,0,-1,1679.0,17.7
164909,164376,Paladin,Protection,Lightsmith,Tank,EU,Murder Row,12,1,1589.2,106365,0,290.0,2026-08-20,0,-1,1610.0,21.1
164909,19831,Shaman,Restoration,Totemic,Healer,EU,Murder Row,12,1,1589.2,26381,0,303.0,2026-08-20,0,-1,1610.0,21.1
164909,164377,Mage,Arcane,Sunfury,DPS,EU,Murder Row,12,1,1589.2,198297,1,298.0,2026-08-20,0,-1,1610.0,21.1
164909,19828,Druid,Balance,Elune's Chosen,DPS,EU,Murder Row,12,1,1589.2,189230,0,297.0,2026-08-20,0,-1,1610.0,21.1
164909,19830,Mage,Arcane,Sunfury,DPS,EU,Murder Row,12,1,1589.2,197042,1,303.0,2026-08-20,0,-1,1610.0,21.1
164914,25419,DeathKnight,Blood,San'layn,Tank,EU,Ruby Life Pools,8,1,1189.3,74930,0,298.0,2026-08-20,0,-1,1186.0,29.4
164914,193783,Priest,Discipline,Oracle,Healer,EU,Ruby Life Pools,8,1,1189.3,15914,0,290.0,2026-08-20,0,-1,1186.0,29.4
164914,25422,Hunter,BeastMastery,Pack Leader,DPS,EU,Ruby Life Pools,8,1,1189.3,162890,0,293.0,2026-08-20,0,-1,1186.0,29.4
164914,160465,Warlock,Destruction,Diabolist,DPS,EU,Ruby Life Pools,8,1,1189.3,135453,0,293.0,2026-08-20,0,-1,1186.0,29.4
164914,21696,Paladin,Retribution,Templar,DPS,EU,Ruby Life Pools,8,1,1189.3,156920,1,297.0,2026-08-20,0,-1,1186.0,29.4
164939,7325,DemonHunter,Vengeance,Annihilator,Tank,US,The Blinding Vale,8,1,1275.3,104408,0,295.0,2026-08-18,0,-1,1267.0,29.6
164939,7326,Shaman,Restoration,Totemic,Healer,US,The Blinding Vale,8,1,1275.3,22584,0,293.0,2026-08-18,0,-1,1267.0,29.6
164939,7327,Priest,Shadow,Archon,DPS,US,The Blinding Vale,8,1,1275.3,133366,0,294.0,2026-08-18,0,-1,1267.0,29.6
164939,7329,Shaman,Elemental,Farseer,DPS,US,The Blinding Vale,8,1,1275.3,170836,0,294.0,2026-08-18,0,-1,1267.0,29.6
164939,91727,Priest,Shadow,Voidweaver,DPS,US,The Blinding Vale,8,1,1275.3,173158,0,297.0,2026-08-18,0,-1,1267.0,29.6
164969,113186,Warrior,Protection,Mountain Thane,Tank,US,Ruby Life Pools,10,1,1545.1,112579,3,292.0,2026-08-19,0,-1,1641.0,2.3
164969,1022,Priest,Discipline,Voidweaver,Healer,US,Ruby Life Pools,10,1,1545.1,25162,5,298.0,2026-08-19,0,-1,1641.0,2.3
164969,1024,Warrior,Arms,Slayer,DPS,US,Ruby Life Pools,10,1,1545.1,171281,5,297.0,2026-08-19,0,-1,1641.0,2.3
164969,1023,Shaman,Elemental,Farseer,DPS,US,Ruby Life Pools,10,1,1545.1,177189,4,298.0,2026-08-19,0,-1,1641.0,2.3
164969,1025,Rogue,Subtlety,Deathstalker,DPS,US,Ruby Life Pools,10,1,1545.1,159046,4,304.0,2026-08-19,0,-1,1641.0,2.3
164976,219292,DeathKnight,Blood,Deathbringer,Tank,CN,Murder Row,10,0,4292.5,57857,10,290.0,2026-08-20,0,-1,4404.0,-115.9
164976,219293,Evoker,Preservation,Flameshaper,Healer,CN,Murder Row,10,0,4292.5,9752,17,275.0,2026-08-20,0,-1,4404.0,-115.9
164976,219294,Warrior,Arms,Slayer,DPS,CN,Murder Row,10,0,4292.5,78724,17,294.0,2026-08-20,0,-1,4404.0,-115.9
164976,219295,Shaman,Elemental,Farseer,DPS,CN,Murder Row,10,0,4292.5,90200,14,285.0,2026-08-20,0,-1,4404.0,-115.9
164976,219296,Mage,Arcane,Sunfury,DPS,CN,Murder Row,10,0,4292.5,79852,14,294.0,2026-08-20,0,-1,4404.0,-115.9
164984,14087,DeathKnight,Blood,Deathbringer,Tank,EU,Kings' Rest,10,1,1237.7,80164,0,299.0,2026-08-20,0,-1,1234.0,37.7
164984,30811,Monk,Mistweaver,Conduit of the Celestials,Healer,EU,Kings' Rest,10,1,1237.7,43378,0,305.0,2026-08-20,0,-1,1234.0,37.7
164984,14089,Hunter,Marksmanship,Sentinel,DPS,EU,Kings' Rest,10,1,1237.7,129872,0,301.0,2026-08-20,0,-1,1234.0,37.7
164984,12936,Mage,Arcane,Sunfury,DPS,EU,Kings' Rest,10,1,1237.7,174846,0,304.0,2026-08-20,0,-1,1234.0,37.7
164984,176316,Rogue,Outlaw,Trickster,DPS,EU,Kings' Rest,10,1,1237.7,148315,1,301.0,2026-08-20,0,-1,1234.0,37.7
164991,114528,DeathKnight,Blood,Deathbringer,Tank,CN,Altar of Fangs,11,1,1720.9,115329,1,298.0,2026-08-20,0,-1,1767.0,1.8
164991,219301,Shaman,Restoration,Totemic,Healer,CN,Altar of Fangs,11,1,1720.9,28426,2,291.0,2026-08-20,0,-1,1767.0,1.8
164991,219302,DemonHunter,Havoc,Fel-Scarred,DPS,CN,Altar of Fangs,11,1,1720.9,185381,1,293.0,2026-08-20,0,-1,1767.0,1.8
164991,114531,Mage,Arcane,Sunfury,DPS,CN,Altar of Fangs,11,1,1720.9,192604,2,295.0,2026-08-20,0,-1,1767.0,1.8
164991,137858,Warrior,Arms,Slayer,DPS,CN,Altar of Fangs,11,1,1720.9,190063,5,294.0,2026-08-20,0,-1,1767.0,1.8
164992,146538,DeathKnight,Blood,San'layn,Tank,CN,Temple of Sethraliss,11,1,1738.8,95286,1,292.0,2026-08-20,0,-1,1785.0,7.0
164992,146539,Paladin,Holy,Lightsmith,Healer,CN,Temple of Sethraliss,11,1,1738.8,33469,1,290.0,2026-08-20,0,-1,1785.0,7.0
164992,146540,DeathKnight,Unholy,San'layn,DPS,CN,Temple of Sethraliss,11,1,1738.8,188565,3,292.0,2026-08-20,0,-1,1785.0,7.0
164992,146541,Shaman,Elemental,Farseer,DPS,CN,Temple of Sethraliss,11,1,1738.8,147783,4,286.0,2026-08-20,0,-1,1785.0,7.0
164992,146542,Warrior,Arms,Slayer,DPS,CN,Temple of Sethraliss,11,1,1738.8,167084,2,293.0,2026-08-20,0,-1,1785.0,7.0
164996,219306,Paladin,Protection,Lightsmith,Tank,US,Altar of Fangs,9,1,1557.2,82533,0,270.0,2026-08-19,0,-1,1565.0,13.0
164996,219307,Evoker,Preservation,Flameshaper,Healer,US,Altar of Fangs,9,1,1557.2,39161,0,296.0,2026-08-19,0,-1,1565.0,13.0
164996,72784,DemonHunter,Devourer,Void-Scarred,DPS,US,Altar of Fangs,9,1,1557.2,155600,2,299.0,2026-08-19,0,-1,1565.0,13.0
164996,6788,Shaman,Elemental,Farseer,DPS,US,Altar of Fangs,9,1,1557.2,194954,0,294.0,2026-08-19,0,-1,1565.0,13.0
164996,219308,Shaman,Enhancement,Stormbringer,DPS,US,Altar of Fangs,9,1,1557.2,150317,2,285.0,2026-08-19,0,-1,1565.0,13.0
165001,97427,DeathKnight,Blood,Deathbringer,Tank,US,Voidscar Arena,6,1,1564.6,72854,1,291.0,2026-08-19,0,-1,1636.0,9.1
165001,106715,Druid,Restoration,Wildstalker,Healer,US,Voidscar Arena,6,1,1564.6,9267,3,277.0,2026-08-19,0,-1,1636.0,9.1
165001,106714,Warlock,Destruction,Hellcaller,DPS,US,Voidscar Arena,6,1,1564.6,74430,3,291.0,2026-08-19,0,-1,1636.0,9.1
165001,97430,Rogue,Outlaw,Trickster,DPS,US,Voidscar Arena,6,1,1564.6,112212,4,281.0,2026-08-19,0,-1,1636.0,9.1
165001,219309,Warrior,Arms,Slayer,DPS,US,Voidscar Arena,6,1,1564.6,77995,5,286.0,2026-08-19,0,-1,1636.0,9.1
165003,219312,Warrior,Protection,Mountain Thane,Tank,EU,Kings' Rest,2,1,1199.7,54308,0,293.0,2026-08-19,0,-1,1191.0,39.9
165003,110791,Monk,Mistweaver,Conduit of the Celestials,Healer,EU,Kings' Rest,2,1,1199.7,29019,0,289.0,2026-08-19,0,-1,1191.0,39.9
165003,219313,Warlock,Destruction,Diabolist,DPS,EU,Kings' Rest,2,1,1199.7,62682,0,277.0,2026-08-19,0,-1,1191.0,39.9
165003,29325,Warrior,Arms,Slayer,DPS,EU,Kings' Rest,2,1,1199.7,97255,1,298.0,2026-08-19,0,-1,1191.0,39.9
165003,219314,DemonHunter,Havoc,Fel-Scarred,DPS,EU,Kings' Rest,2,1,1199.7,83705,0,288.0,2026-08-19,0,-1,1191.0,39.9
165008,219315,Paladin,Protection,Lightsmith,Tank,EU,Ruby Life Pools,13,1,1546.6,116037,0,296.0,2026-08-20,0,-1,1553.0,7.6
165008,219316,Paladin,Holy,Herald of the Sun,Healer,EU,Ruby Life Pools,13,1,1546.6,19665,0,293.0,2026-08-20,0,-1,1553.0,7.6
165008,219317,Mage,Arcane,Sunfury,DPS,EU,Ruby Life Pools,13,1,1546.6,230622,0,299.0,2026-08-20,0,-1,1553.0,7.6
165008,51330,DemonHunter,Havoc,Fel-Scarred,DPS,EU,Ruby Life Pools,13,1,1546.6,223411,0,302.0,2026-08-20,0,-1,1553.0,7.6
165008,219318,DeathKnight,Unholy,Rider of the Apocalypse,DPS,EU,Ruby Life Pools,13,1,1546.6,201885,1,296.0,2026-08-20,0,-1,1553.0,7.6
165016,20114,Paladin,Protection,Templar,Tank,EU,Murder Row,12,0,2040.7,94760,1,299.0,2026-08-20,0,-1,2153.0,-5.5
165016,14175,Paladin,Holy,Herald of the Sun,Healer,EU,Murder Row,12,0,2040.7,16415,1,297.0,2026-08-20,0,-1,2153.0,-5.5
165016,84512,Priest,Shadow,Archon,DPS,EU,Murder Row,12,0,2040.7,195243,1,303.0,2026-08-20,0,-1,2153.0,-5.5
165016,37385,Evoker,Devastation,Scalecommander,DPS,EU,Murder Row,12,0,2040.7,140910,3,299.0,2026-08-20,0,-1,2153.0,-5.5
165016,14178,DemonHunter,Devourer,Void-Scarred,DPS,EU,Murder Row,12,0,2040.7,159070,2,301.0,2026-08-20,0,-1,2153.0,-5.5
165022,52784,Paladin,Protection,Lightsmith,Tank,EU,Voidscar Arena,2,1,923.6,69254,0,291.0,2026-08-19,0,-1,915.0,49.2
165022,54112,Shaman,Restoration,Totemic,Healer,EU,Voidscar Arena,2,1,923.6,27405,0,291.0,2026-08-19,0,-1,915.0,49.2
165022,63924,Hunter,BeastMastery,Pack Leader,DPS,EU,Voidscar Arena,2,1,923.6,82912,1,291.0,2026-08-19,0,-1,915.0,49.2
165022,54114,DemonHunter,Devourer,Annihilator,DPS,EU,Voidscar Arena,2,1,923.6,96214,0,285.0,2026-08-19,0,-1,915.0,49.2
165022,52788,Warlock,Affliction,Soul Harvester,DPS,EU,Voidscar Arena,2,1,923.6,134134,0,290.0,2026-08-19,0,-1,915.0,49.2
165024,177740,DemonHunter,Vengeance,Annihilator,Tank,EU,Altar of Fangs,5,1,1077.6,61961,1,292.0,2026-08-20,0,-1,1069.0,40.6
165024,45714,Priest,Holy,Oracle,Healer,EU,Altar of Fangs,5,1,1077.6,16962,0,298.0,2026-08-20,0,-1,1069.0,40.6
165024,219333,Monk,Windwalker,Shado-Pan,DPS,EU,Altar of Fangs,5,1,1077.6,110455,1,294.0,2026-08-20,0,-1,1069.0,40.6
165024,177741,Paladin,Retribution,Templar,DPS,EU,Altar of Fangs,5,1,1077.6,173845,0,292.0,2026-08-20,0,-1,1069.0,40.6
165024,177742,Mage,Arcane,Sunfury,DPS,EU,Altar of Fangs,5,1,1077.6,187363,1,304.0,2026-08-20,0,-1,1069.0,40.6
165027,219336,Paladin,Protection,Lightsmith,Tank,US,Kings' Rest,8,1,1490.1,51191,0,290.0,2026-08-19,0,-1,1512.0,23.6
165027,57685,Priest,Holy,Archon,Healer,US,Kings' Rest,8,1,1490.1,4383,0,294.0,2026-08-19,0,-1,1512.0,23.6
165027,131261,Warrior,Fury,Mountain Thane,DPS,US,Kings' Rest,8,1,1490.1,113752,1,294.0,2026-08-19,0,-1,1512.0,23.6
165027,19114,Druid,Balance,Elune's Chosen,DPS,US,Kings' Rest,8,1,1490.1,136848,2,295.0,2026-08-19,0,-1,1512.0,23.6
165027,219337,Hunter,BeastMastery,Pack Leader,DPS,US,Kings' Rest,8,1,1490.1,102298,2,294.0,2026-08-19,0,-1,1512.0,23.6
165031,110008,Warrior,Protection,Mountain Thane,Tank,EU,Kings' Rest,10,1,1537.4,89796,1,300.0,2026-08-20,0,-1,1574.0,20.5
165031,110009,Druid,Restoration,Wildstalker,Healer,EU,Kings' Rest,10,1,1537.4,18419,2,303.0,2026-08-20,0,-1,1574.0,20.5
165031,168789,DeathKnight,Unholy,San'layn,DPS,EU,Kings' Rest,10,1,1537.4,121306,2,300.0,2026-08-20,0,-1,1574.0,20.5
165031,55364,Rogue,Assassination,Deathstalker,DPS,EU,Kings' Rest,10,1,1537.4,135938,2,294.0,2026-08-20,0,-1,1574.0,20.5
165031,106059,Hunter,BeastMastery,Pack Leader,DPS,EU,Kings' Rest,10,1,1537.4,118694,2,294.0,2026-08-20,0,-1,1574.0,20.5
165041,46353,DeathKnight,Blood,San'layn,Tank,US,Den of Nalorakk,10,1,1436.1,109871,0,304.0,2026-08-20,0,-1,1438.0,25.1
165041,46354,Shaman,Restoration,Totemic,Healer,US,Den of Nalorakk,10,1,1436.1,25877,0,300.0,2026-08-20,0,-1,1438.0,25.1
165041,124110,Warrior,Arms,Slayer,DPS,US,Den of Nalorakk,10,1,1436.1,160430,1,300.0,2026-08-20,0,-1,1438.0,25.1
165041,22742,DeathKnight,Unholy,Rider of the Apocalypse,DPS,US,Den of Nalorakk,10,1,1436.1,171503,1,300.0,2026-08-20,0,-1,1438.0,25.1
165041,85498,Druid,Feral,Wildstalker,DPS,US,Den of Nalorakk,10,1,1436.1,123280,0,295.0,2026-08-20,0,-1,1438.0,25.1
165046,15994,Druid,Guardian,Elune's Chosen,Tank,EU,Voidscar Arena,10,1,1094.8,140892,0,299.0,2026-08-20,0,-1,1092.0,39.3
165046,15732,Paladin,Holy,Lightsmith,Healer,EU,Voidscar Arena,10,1,1094.8,41908,0,297.0,2026-08-20,0,-1,1092.0,39.3
165046,20735,Warrior,Arms,Slayer,DPS,EU,Voidscar Arena,10,1,1094.8,250287,0,301.0,2026-08-20,0,-1,1092.0,39.3
165046,203175,Mage,Arcane,Sunfury,DPS,EU,Voidscar Arena,10,1,1094.8,200226,1,296.0,2026-08-20,0,-1,1092.0,39.3
165046,36468,Warlock,Demonology,Diabolist,DPS,EU,Voidscar Arena,10,1,1094.8,184287,0,298.0,2026-08-20,0,-1,1092.0,39.3
165047,218663,Druid,Guardian,Elune's Chosen,Tank,EU,Altar of Fangs,12,0,1987.9,105159,1,299.0,2026-08-20,0,-1,2144.0,-19.1
165047,218661,Druid,Restoration,Wildstalker,Healer,EU,Altar of Fangs,12,0,1987.9,6303,3,294.0,2026-08-20,0,-1,2144.0,-19.1
165047,218662,Hunter,Marksmanship,Sentinel,DPS,EU,Altar of Fangs,12,0,1987.9,148234,4,300.0,2026-08-20,0,-1,2144.0,-19.1
165047,171627,Evoker,Devastation,Scalecommander,DPS,EU,Altar of Fangs,12,0,1987.9,182173,4,305.0,2026-08-20,0,-1,2144.0,-19.1
165047,219350,Rogue,Assassination,Deathstalker,DPS,EU,Altar of Fangs,12,0,1987.9,200138,3,298.0,2026-08-20,0,-1,2144.0,-19.1
165048,72190,DeathKnight,Blood,San'layn,Tank,EU,Ruby Life Pools,6,1,1342.8,81428,0,293.0,2026-08-19,0,-1,1370.0,18.5
165048,72191,Druid,Restoration,Wildstalker,Healer,EU,Ruby Life Pools,6,1,1342.8,1346,1,291.0,2026-08-19,0,-1,1370.0,18.5
165048,72193,Druid,Balance,Elune's Chosen,DPS,EU,Ruby Life Pools,6,1,1342.8,109220,2,288.0,2026-08-19,0,-1,1370.0,18.5
165048,219351,Warlock,Demonology,Diabolist,DPS,EU,Ruby Life Pools,6,1,1342.8,114551,2,287.0,2026-08-19,0,-1,1370.0,18.5
165048,72192,Shaman,Elemental,Farseer,DPS,EU,Ruby Life Pools,6,1,1342.8,140267,2,286.0,2026-08-19,0,-1,1370.0,18.5
165062,124067,Paladin,Protection,Templar,Tank,EU,Ruby Life Pools,11,1,1381.3,102055,0,296.0,2026-08-19,0,-1,1378.0,18.0
165062,75519,Priest,Discipline,Oracle,Healer,EU,Ruby Life Pools,11,1,1381.3,15414,1,288.0,2026-08-19,0,-1,1378.0,18.0
165062,124068,Warrior,Arms,Slayer,DPS,EU,Ruby Life Pools,11,1,1381.3,185020,0,292.0,2026-08-19,0,-1,1378.0,18.0
165062,69365,Druid,Balance,Elune's Chosen,DPS,EU,Ruby Life Pools,11,1,1381.3,176439,0,294.0,2026-08-19,0,-1,1378.0,18.0
165062,75520,Warlock,Destruction,Diabolist,DPS,EU,Ruby Life Pools,11,1,1381.3,194505,0,293.0,2026-08-19,0,-1,1378.0,18.0
165077,219361,Paladin,Protection,Lightsmith,Tank,KR,Murder Row,10,1,1671.1,78088,1,292.0,2026-08-20,0,-1,1677.0,17.8
165077,219362,Evoker,Preservation,Flameshaper,Healer,KR,Murder Row,10,1,1671.1,26619,1,292.0,2026-08-20,0,-1,1677.0,17.8
165077,219363,DemonHunter,Devourer,Void-Scarred,DPS,KR,Murder Row,10,1,1671.1,145036,1,293.0,2026-08-20,0,-1,1677.0,17.8
165077,219364,Monk,Windwalker,Shado-Pan,DPS,KR,Murder Row,10,1,1671.1,143113,0,293.0,2026-08-20,0,-1,1677.0,17.8
165077,165898,Evoker,Devastation,Scalecommander,DPS,KR,Murder Row,10,1,1671.1,184171,0,295.0,2026-08-20,0,-1,1677.0,17.8
165078,219365,Paladin,Protection,Lightsmith,Tank,CN,Altar of Fangs,8,0,2218.6,66921,3,296.0,2026-08-20,0,-1,2246.0,-24.8
165078,118780,Evoker,Preservation,Flameshaper,Healer,CN,Altar of Fangs,8,0,2218.6,15033,6,293.0,2026-08-20,0,-1,2246.0,-24.8
165078,118782,DemonHunter,Havoc,Fel-Scarred,DPS,CN,Altar of Fangs,8,0,2218.6,98652,4,287.0,2026-08-20,0,-1,2246.0,-24.8
165078,57129,Hunter,BeastMastery,Pack Leader,DPS,CN,Altar of Fangs,8,0,2218.6,141112,5,295.0,2026-08-20,0,-1,2246.0,-24.8
165078,219366,Warrior,Arms,Slayer,DPS,CN,Altar of Fangs,8,0,2218.6,109981,5,290.0,2026-08-20,0,-1,2246.0,-24.8
165080,66174,Paladin,Protection,Templar,Tank,EU,Altar of Fangs,6,1,1250.3,66369,1,296.0,2026-08-20,0,-1,1287.0,28.5
165080,219367,Paladin,Holy,Herald of the Sun,Healer,EU,Altar of Fangs,6,1,1250.3,20354,2,291.0,2026-08-20,0,-1,1287.0,28.5
165080,163140,Shaman,Elemental,Farseer,DPS,EU,Altar of Fangs,6,1,1250.3,134962,3,283.0,2026-08-20,0,-1,1287.0,28.5
165080,219368,Paladin,Retribution,Templar,DPS,EU,Altar of Fangs,6,1,1250.3,157843,2,288.0,2026-08-20,0,-1,1287.0,28.5
165080,59006,Paladin,Retribution,Templar,DPS,EU,Altar of Fangs,6,1,1250.3,158201,1,292.0,2026-08-20,0,-1,1287.0,28.5
165093,13766,DeathKnight,Blood,Deathbringer,Tank,EU,Murder Row,10,1,1162.1,115786,0,298.0,2026-08-20,0,-1,1153.0,43.5
165093,13767,Monk,Mistweaver,Conduit of the Celestials,Healer,EU,Murder Row,10,1,1162.1,57161,0,301.0,2026-08-20,0,-1,1153.0,43.5
165093,13769,DeathKnight,Frost,Deathbringer,DPS,EU,Murder Row,10,1,1162.1,202676,0,297.0,2026-08-20,0,-1,1153.0,43.5
165093,13770,Warrior,Arms,Slayer,DPS,EU,Murder Row,10,1,1162.1,208438,0,304.0,2026-08-20,0,-1,1153.0,43.5
165093,185165,Shaman,Enhancement,Stormbringer,DPS,EU,Murder Row,10,1,1162.1,211086,0,297.0,2026-08-20,0,-1,1153.0,43.5
165096,109206,DeathKnight,Blood,San'layn,Tank,US,Murder Row,5,1,1194.6,86951,0,292.0,2026-08-19,0,-1,1186.0,41.9
165096,42580,Shaman,Restoration,Totemic,Healer,US,Murder Row,5,1,1194.6,27991,0,296.0,2026-08-19,0,-1,1186.0,41.9
165096,109208,Hunter,BeastMastery,Pack Leader,DPS,US,Murder Row,5,1,1194.6,112190,0,296.0,2026-08-19,0,-1,1186.0,41.9
165096,109207,Warrior,Arms,Slayer,DPS,US,Murder Row,5,1,1194.6,115761,0,289.0,2026-08-19,0,-1,1186.0,41.9
165096,42581,DeathKnight,Unholy,Rider of the Apocalypse,DPS,US,Murder Row,5,1,1194.6,114581,0,288.0,2026-08-19,0,-1,1186.0,41.9
165109,212143,DeathKnight,Blood,San'layn,Tank,US,Den of Nalorakk,6,1,1261.9,76528,0,294.0,2026-08-20,0,-1,1264.0,34.2
165109,219386,Paladin,Holy,Herald of the Sun,Healer,US,Den of Nalorakk,6,1,1261.9,11925,0,293.0,2026-08-20,0,-1,1264.0,34.2
165109,38080,Warrior,Arms,Slayer,DPS,US,Den of Nalorakk,6,1,1261.9,109693,1,286.0,2026-08-20,0,-1,1264.0,34.2
165109,155012,Rogue,Assassination,Deathstalker,DPS,US,Den of Nalorakk,6,1,1261.9,106030,0,290.0,2026-08-20,0,-1,1264.0,34.2
165109,219387,Mage,Arcane,Sunfury,DPS,US,Den of Nalorakk,6,1,1261.9,115799,1,298.0,2026-08-20,0,-1,1264.0,34.2
165115,113627,Paladin,Protection,Templar,Tank,EU,Murder Row,10,1,1842.7,76449,0,295.0,2026-08-19,0,-1,1844.0,9.6
165115,100296,Shaman,Restoration,Totemic,Healer,EU,Murder Row,10,1,1842.7,25823,0,293.0,2026-08-19,0,-1,1844.0,9.6
165115,100297,Rogue,Assassination,Fatebound,DPS,EU,Murder Row,10,1,1842.7,159216,0,297.0,2026-08-19,0,-1,1844.0,9.6
165115,76242,Druid,Feral,Wildstalker,DPS,EU,Murder Row,10,1,1842.7,144519,1,286.0,2026-08-19,0,-1,1844.0,9.6
165115,100298,Shaman,Elemental,Farseer,DPS,EU,Murder Row,10,1,1842.7,144712,1,295.0,2026-08-19,0,-1,1844.0,9.6
165118,118358,Monk,Brewmaster,Master of Harmony,Tank,US,Den of Nalorakk,10,1,1606.4,62769,0,292.0,2026-08-19,0,-1,1618.0,15.8
165118,118359,Priest,Holy,Oracle,Healer,US,Den of Nalorakk,10,1,1606.4,14529,0,299.0,2026-08-19,0,-1,1618.0,15.8
165118,86032,DemonHunter,Devourer,Annihilator,DPS,US,Den of Nalorakk,10,1,1606.4,144906,2,299.0,2026-08-19,0,-1,1618.0,15.8
165118,118360,Paladin,Retribution,Templar,DPS,US,Den of Nalorakk,10,1,1606.4,156875,0,304.0,2026-08-19,0,-1,1618.0,15.8
165118,219401,Mage,Arcane,Sunfury,DPS,US,Den of Nalorakk,10,1,1606.4,136107,2,293.0,2026-08-19,0,-1,1618.0,15.8
165121,204625,DeathKnight,Blood,San'layn,Tank,KR,Den of Nalorakk,9,1,1582.0,63299,0,289.0,2026-08-20,0,-1,1578.0,17.8
165121,204626,Priest,Holy,Oracle,Healer,KR,Den of Nalorakk,9,1,1582.0,7394,0,290.0,2026-08-20,0,-1,1578.0,17.8
165121,204629,Monk,Windwalker,Conduit of the Celestials,DPS,KR,Den of Nalorakk,9,1,1582.0,117340,0,293.0,2026-08-20,0,-1,1578.0,17.8
165121,219405,Evoker,Devastation,Scalecommander,DPS,KR,Den of Nalorakk,9,1,1582.0,138562,0,295.0,2026-08-20,0,-1,1578.0,17.8
165121,204628,Mage,Arcane,Sunfury,DPS,KR,Den of Nalorakk,9,1,1582.0,139709,0,295.0,2026-08-20,0,-1,1578.0,17.8
165135,96291,DemonHunter,Vengeance,Annihilator,Tank,EU,Ruby Life Pools,9,1,1179.5,111512,0,294.0,2026-08-19,0,-1,1186.0,29.4
165135,53914,Druid,Restoration,Wildstalker,Healer,EU,Ruby Life Pools,9,1,1179.5,1428,0,290.0,2026-08-19,0,-1,1186.0,29.4
165135,219419,Warrior,Arms,Slayer,DPS,EU,Ruby Life Pools,9,1,1179.5,149239,2,297.0,2026-08-19,0,-1,1186.0,29.4
165135,53915,Shaman,Elemental,Farseer,DPS,EU,Ruby Life Pools,9,1,1179.5,191670,1,293.0,2026-08-19,0,-1,1186.0,29.4
165135,175226,Priest,Shadow,Voidweaver,DPS,EU,Ruby Life Pools,9,1,1179.5,166139,0,292.0,2026-08-19,0,-1,1186.0,29.4
165142,39933,Warrior,Protection,Mountain Thane,Tank,US,Kings' Rest,5,1,1206.5,66060,0,286.0,2026-08-20,0,-1,1198.0,39.5
165142,39934,Druid,Restoration,Wildstalker,Healer,US,Kings' Rest,5,1,1206.5,3742,1,301.0,2026-08-20,0,-1,1198.0,39.5
165142,39936,Shaman,Elemental,Farseer,DPS,US,Kings' Rest,5,1,1206.5,106401,0,291.0,2026-08-20,0,-1,1198.0,39.5
165142,39937,Monk,Windwalker,Shado-Pan,DPS,US,Kings' Rest,5,1,1206.5,100858,0,297.0,2026-08-20,0,-1,1198.0,39.5
165142,92887,Warlock,Destruction,Diabolist,DPS,US,Kings' Rest,5,1,1206.5,94469,0,290.0,2026-08-20,0,-1,1198.0,39.5
165153,178972,DeathKnight,Blood,San'layn,Tank,CN,Kings' Rest,8,1,1732.1,42734,1,293.0,2026-08-20,0,-1,1754.0,11.4
165153,178973,Shaman,Restoration,Totemic,Healer,CN,Kings' Rest,8,1,1732.1,18483,1,294.0,2026-08-20,0,-1,1754.0,11.4
165153,178974,DeathKnight,Unholy,Rider of the Apocalypse,DPS,CN,Kings' Rest,8,1,1732.1,114076,2,294.0,2026-08-20,0,-1,1754.0,11.4
165153,178975,Mage,Arcane,Sunfury,DPS,CN,Kings' Rest,8,1,1732.1,88706,1,285.0,2026-08-20,0,-1,1754.0,11.4
165153,178976,Evoker,Devastation,Flameshaper,DPS,CN,Kings' Rest,8,1,1732.1,99988,1,292.0,2026-08-20,0,-1,1754.0,11.4
165163,182049,Monk,Brewmaster,Unknown,Tank,EU,Ruby Life Pools,10,1,1384.1,110691,0,292.0,2026-08-20,0,-1,1405.0,16.4
165163,42949,Paladin,Holy,Unknown,Healer,EU,Ruby Life Pools,10,1,1384.1,19379,2,294.0,2026-08-20,0,-1,1405.0,16.4
165163,213493,Warrior,Arms,Unknown,DPS,EU,Ruby Life Pools,10,1,1384.1,191518,2,303.0,2026-08-20,0,-1,1405.0,16.4
165163,82491,DeathKnight,Unholy,Unknown,DPS,EU,Ruby Life Pools,10,1,1384.1,172832,0,297.0,2026-08-20,0,-1,1405.0,16.4
165163,30478,Shaman,Enhancement,Unknown,DPS,EU,Ruby Life Pools,10,1,1384.1,172748,2,296.0,2026-08-20,0,-1,1405.0,16.4
165169,16263,DeathKnight,Blood,San'layn,Tank,EU,Voidscar Arena,10,1,1153.8,119295,0,300.0,2026-08-20,0,-1,1150.0,36.1
165169,74164,Priest,Holy,Oracle,Healer,EU,Voidscar Arena,10,1,1153.8,29513,0,300.0,2026-08-20,0,-1,1150.0,36.1
165169,109968,Warlock,Demonology,Diabolist,DPS,EU,Voidscar Arena,10,1,1153.8,206872,0,303.0,2026-08-20,0,-1,1150.0,36.1
165169,53320,Rogue,Subtlety,Deathstalker,DPS,EU,Voidscar Arena,10,1,1153.8,184724,0,299.0,2026-08-20,0,-1,1150.0,36.1
165169,183642,Shaman,Elemental,Farseer,DPS,EU,Voidscar Arena,10,1,1153.8,185881,0,299.0,2026-08-20,0,-1,1150.0,36.1
165172,94638,Paladin,Protection,Lightsmith,Tank,US,Murder Row,9,1,1767.9,75153,0,289.0,2026-08-18,0,-1,1765.0,13.5
165172,7043,Evoker,Preservation,Flameshaper,Healer,US,Murder Row,9,1,1767.9,38715,1,293.0,2026-08-18,0,-1,1765.0,13.5
165172,2391,Shaman,Elemental,Farseer,DPS,US,Murder Row,9,1,1767.9,154662,0,292.0,2026-08-18,0,-1,1765.0,13.5
165172,147624,Hunter,Marksmanship,Sentinel,DPS,US,Murder Row,9,1,1767.9,112909,0,287.0,2026-08-18,0,-1,1765.0,13.5
165172,7040,DeathKnight,Frost,Deathbringer,DPS,US,Murder Row,9,1,1767.9,100633,0,295.0,2026-08-18,0,-1,1765.0,13.5
165196,82377,Paladin,Protection,Lightsmith,Tank,US,The Blinding Vale,10,1,1520.7,80267,0,293.0,2026-08-19,0,-1,1538.0,14.6
165196,57570,Shaman,Restoration,Totemic,Healer,US,The Blinding Vale,10,1,1520.7,18389,1,298.0,2026-08-19,0,-1,1538.0,14.6
165196,10398,Mage,Fire,Sunfury,DPS,US,The Blinding Vale,10,1,1520.7,182508,2,293.0,2026-08-19,0,-1,1538.0,14.6
165196,77809,Shaman,Elemental,Farseer,DPS,US,The Blinding Vale,10,1,1520.7,169715,1,293.0,2026-08-19,0,-1,1538.0,14.6
165196,35151,DemonHunter,Havoc,Fel-Scarred,DPS,US,The Blinding Vale,10,1,1520.7,154708,1,303.0,2026-08-19,0,-1,1538.0,14.6
165197,31701,DeathKnight,Blood,Unknown,Tank,US,Voidscar Arena,9,1,1699.3,81531,0,293.0,2026-08-18,0,-1,1716.0,4.7
165197,23056,Shaman,Restoration,Unknown,Healer,US,Voidscar Arena,9,1,1699.3,12511,0,294.0,2026-08-18,0,-1,1716.0,4.7
165197,30787,DeathKnight,Frost,Unknown,DPS,US,Voidscar Arena,9,1,1699.3,113422,0,290.0,2026-08-18,0,-1,1716.0,4.7
165197,53788,DemonHunter,Devourer,Unknown,DPS,US,Voidscar Arena,9,1,1699.3,117488,3,293.0,2026-08-18,0,-1,1716.0,4.7
165197,53787,Hunter,BeastMastery,Unknown,DPS,US,Voidscar Arena,9,1,1699.3,121031,2,291.0,2026-08-18,0,-1,1716.0,4.7
165201,124075,Paladin,Protection,Lightsmith,Tank,US,Altar of Fangs,10,0,2666.2,51799,2,279.0,2026-08-19,0,-1,2738.0,-52.1
165201,124076,Priest,Holy,Archon,Healer,US,Altar of Fangs,10,0,2666.2,7394,4,275.0,2026-08-19,0,-1,2738.0,-52.1
165201,118477,Paladin,Retribution,Templar,DPS,US,Altar of Fangs,10,0,2666.2,109449,4,294.0,2026-08-19,0,-1,2738.0,-52.1
165201,124077,DeathKnight,Unholy,Rider of the Apocalypse,DPS,US,Altar of Fangs,10,0,2666.2,147628,4,294.0,2026-08-19,0,-1,2738.0,-52.1
165201,124078,Warrior,Arms,Slayer,DPS,US,Altar of Fangs,10,0,2666.2,125559,11,293.0,2026-08-19,0,-1,2738.0,-52.1
165232,194969,Paladin,Protection,Templar,Tank,US,The Blinding Vale,7,1,1349.8,96283,0,291.0,2026-08-20,0,-1,1342.0,25.5
165232,219479,Paladin,Holy,Herald of the Sun,Healer,US,The Blinding Vale,7,1,1349.8,9036,0,295.0,2026-08-20,0,-1,1342.0,25.5
165232,217471,Warlock,Demonology,Diabolist,DPS,US,The Blinding Vale,7,1,1349.8,117335,0,294.0,2026-08-20,0,-1,1342.0,25.5
165232,201738,Priest,Shadow,Voidweaver,DPS,US,The Blinding Vale,7,1,1349.8,156956,0,296.0,2026-08-20,0,-1,1342.0,25.5
165232,219480,Hunter,BeastMastery,Dark Ranger,DPS,US,The Blinding Vale,7,1,1349.8,141532,0,290.0,2026-08-20,0,-1,1342.0,25.5
165237,109598,DeathKnight,Blood,San'layn,Tank,US,Murder Row,6,1,1795.4,43564,1,277.0,2026-08-20,0,-1,1822.0,10.7
165237,219481,Paladin,Holy,Herald of the Sun,Healer,US,Murder Row,6,1,1795.4,5833,3,266.0,2026-08-20,0,-1,1822.0,10.7
165237,158474,Monk,Windwalker,Shado-Pan,DPS,US,Murder Row,6,1,1795.4,139268,1,296.0,2026-08-20,0,-1,1822.0,10.7
165237,65664,Shaman,Elemental,Farseer,DPS,US,Murder Row,6,1,1795.4,82891,1,299.0,2026-08-20,0,-1,1822.0,10.7
165237,109597,Mage,Arcane,Sunfury,DPS,US,Murder Row,6,1,1795.4,77922,1,295.0,2026-08-20,0,-1,1822.0,10.7
165240,189762,Druid,Guardian,Elune's Chosen,Tank,EU,Ruby Life Pools,10,1,1458.8,103302,2,294.0,2026-08-20,0,-1,1535.0,8.6
165240,84496,Druid,Restoration,Wildstalker,Healer,EU,Ruby Life Pools,10,1,1458.8,4304,3,297.0,2026-08-20,0,-1,1535.0,8.6
165240,161301,Mage,Arcane,Sunfury,DPS,EU,Ruby Life Pools,10,1,1458.8,229430,3,297.0,2026-08-20,0,-1,1535.0,8.6
165240,187902,Paladin,Retribution,Templar,DPS,EU,Ruby Life Pools,10,1,1458.8,184047,4,297.0,2026-08-20,0,-1,1535.0,8.6
165240,84498,Monk,Windwalker,Shado-Pan,DPS,EU,Ruby Life Pools,10,1,1458.8,229300,5,298.0,2026-08-20,0,-1,1535.0,8.6
165259,73813,DeathKnight,Blood,San'layn,Tank,US,Voidscar Arena,11,0,1836.2,92783,0,296.0,2026-08-20,0,-1,1873.0,-4.1
165259,116400,Shaman,Restoration,Totemic,Healer,US,Voidscar Arena,11,0,1836.2,15675,3,291.0,2026-08-20,0,-1,1873.0,-4.1
165259,170656,Shaman,Elemental,Farseer,DPS,US,Voidscar Arena,11,0,1836.2,152094,2,294.0,2026-08-20,0,-1,1873.0,-4.1
165259,73815,Rogue,Outlaw,Trickster,DPS,US,Voidscar Arena,11,0,1836.2,145030,2,298.0,2026-08-20,0,-1,1873.0,-4.1
165259,73817,DeathKnight,Unholy,Rider of the Apocalypse,DPS,US,Voidscar Arena,11,0,1836.2,110628,3,283.0,2026-08-20,0,-1,1873.0,-4.1
165281,43744,Druid,Guardian,Elune's Chosen,Tank,EU,Voidscar Arena,10,1,1482.5,63998,1,297.0,2026-08-19,0,-1,1504.0,16.4
165281,43743,Monk,Mistweaver,Conduit of the Celestials,Healer,EU,Voidscar Arena,10,1,1482.5,37780,0,293.0,2026-08-19,0,-1,1504.0,16.4
165281,43746,Rogue,Subtlety,Deathstalker,DPS,EU,Voidscar Arena,10,1,1482.5,135697,2,293.0,2026-08-19,0,-1,1504.0,16.4
165281,116336,Paladin,Retribution,Templar,DPS,EU,Voidscar Arena,10,1,1482.5,126372,1,300.0,2026-08-19,0,-1,1504.0,16.4
165281,43745,Warlock,Demonology,Diabolist,DPS,EU,Voidscar Arena,10,1,1482.5,184447,2,297.0,2026-08-19,0,-1,1504.0,16.4
165289,86200,Monk,Brewmaster,Master of Harmony,Tank,EU,Murder Row,7,1,1244.6,72064,0,294.0,2026-08-20,0,-1,1241.0,39.2
165289,176771,Priest,Holy,Archon,Healer,EU,Murder Row,7,1,1244.6,6277,0,291.0,2026-08-20,0,-1,1241.0,39.2
165289,219504,Shaman,Enhancement,Stormbringer,DPS,EU,Murder Row,7,1,1244.6,132806,0,288.0,2026-08-20,0,-1,1241.0,39.2
165289,86201,Shaman,Enhancement,Stormbringer,DPS,EU,Murder Row,7,1,1244.6,162002,0,299.0,2026-08-20,0,-1,1241.0,39.2
165289,20522,Rogue,Outlaw,Trickster,DPS,EU,Murder Row,7,1,1244.6,214466,0,302.0,2026-08-20,0,-1,1241.0,39.2
165290,219505,Warrior,Protection,Mountain Thane,Tank,EU,Den of Nalorakk,5,1,1178.9,84537,0,293.0,2026-08-19,0,-1,1171.0,39.0
165290,42873,Monk,Mistweaver,Conduit of the Celestials,Healer,EU,Den of Nalorakk,5,1,1178.9,26665,0,289.0,2026-08-19,0,-1,1171.0,39.0
165290,219506,Warlock,Demonology,Diabolist,DPS,EU,Den of Nalorakk,5,1,1178.9,112387,0,292.0,2026-08-19,0,-1,1171.0,39.0
165290,31294,Evoker,Devastation,Scalecommander,DPS,EU,Den of Nalorakk,5,1,1178.9,139800,0,295.0,2026-08-19,0,-1,1171.0,39.0
165290,219507,Druid,Balance,Elune's Chosen,DPS,EU,Den of Nalorakk,5,1,1178.9,80530,0,286.0,2026-08-19,0,-1,1171.0,39.0
165291,69296,DeathKnight,Blood,San'layn,Tank,EU,Den of Nalorakk,8,1,1664.5,47147,0,283.0,2026-08-19,0,-1,1691.0,11.9
165291,19243,Shaman,Restoration,Totemic,Healer,EU,Den of Nalorakk,8,1,1664.5,16472,2,291.0,2026-08-19,0,-1,1691.0,11.9
165291,146624,Mage,Arcane,Sunfury,DPS,EU,Den of Nalorakk,8,1,1664.5,152640,1,290.0,2026-08-19,0,-1,1691.0,11.9
165291,29443,Priest,Shadow,Archon,DPS,EU,Den of Nalorakk,8,1,1664.5,148728,2,295.0,2026-08-19,0,-1,1691.0,11.9
165291,103826,Hunter,BeastMastery,Pack Leader,DPS,EU,Den of Nalorakk,8,1,1664.5,109082,2,292.0,2026-08-19,0,-1,1691.0,11.9
165293,162998,Druid,Guardian,Elune's Chosen,Tank,EU,The Blinding Vale,10,1,1353.4,124515,0,293.0,2026-08-20,0,-1,1345.0,25.3
165293,14291,Shaman,Restoration,Totemic,Healer,EU,The Blinding Vale,10,1,1353.4,28154,0,299.0,2026-08-20,0,-1,1345.0,25.3
165293,163001,Druid,Balance,Elune's Chosen,DPS,EU,The Blinding Vale,10,1,1353.4,163346,0,302.0,2026-08-20,0,-1,1345.0,25.3
165293,163000,Warrior,Arms,Slayer,DPS,EU,The Blinding Vale,10,1,1353.4,170733,0,292.0,2026-08-20,0,-1,1345.0,25.3
165293,55413,Priest,Shadow,Archon,DPS,EU,The Blinding Vale,10,1,1353.4,200331,0,302.0,2026-08-20,0,-1,1345.0,25.3
165303,75347,DeathKnight,Blood,Deathbringer,Tank,EU,Voidscar Arena,3,1,1280.3,49115,0,294.0,2026-08-19,0,-1,1272.0,29.3
165303,83301,Paladin,Holy,Herald of the Sun,Healer,EU,Voidscar Arena,3,1,1280.3,17538,0,283.0,2026-08-19,0,-1,1272.0,29.3
165303,219514,Warlock,Demonology,Diabolist,DPS,EU,Voidscar Arena,3,1,1280.3,61838,1,279.0,2026-08-19,0,-1,1272.0,29.3
165303,219515,Rogue,Outlaw,Trickster,DPS,EU,Voidscar Arena,3,1,1280.3,58585,0,279.0,2026-08-19,0,-1,1272.0,29.3
165303,123134,Hunter,BeastMastery,Pack Leader,DPS,EU,Voidscar Arena,3,1,1280.3,116457,0,290.0,2026-08-19,0,-1,1272.0,29.3
165306,44927,DeathKnight,Blood,San'layn,Tank,US,Altar of Fangs,5,1,1108.2,103039,0,297.0,2026-08-19,0,-1,1099.0,38.9
165306,41307,Paladin,Holy,Herald of the Sun,Healer,US,Altar of Fangs,5,1,1108.2,13563,0,282.0,2026-08-19,0,-1,1099.0,38.9
165306,194456,Druid,Balance,Elune's Chosen,DPS,US,Altar of Fangs,5,1,1108.2,139339,0,286.0,2026-08-19,0,-1,1099.0,38.9
165306,84893,Mage,Arcane,Sunfury,DPS,US,Altar of Fangs,5,1,1108.2,124366,0,295.0,2026-08-19,0,-1,1099.0,38.9
165306,44928,Rogue,Subtlety,Deathstalker,DPS,US,Altar of Fangs,5,1,1108.2,154832,0,288.0,2026-08-19,0,-1,1099.0,38.9
165309,57644,DeathKnight,Blood,San'layn,Tank,EU,Murder Row,11,1,1806.3,98914,2,301.0,2026-08-19,0,-1,1833.0,10.2
165309,105452,Shaman,Restoration,Totemic,Healer,EU,Murder Row,11,1,1806.3,27286,1,297.0,2026-08-19,0,-1,1833.0,10.2
165309,141845,Paladin,Retribution,Templar,DPS,EU,Murder Row,11,1,1806.3,172810,1,293.0,2026-08-19,0,-1,1833.0,10.2
165309,74548,Warlock,Affliction,Soul Harvester,DPS,EU,Murder Row,11,1,1806.3,165278,2,304.0,2026-08-19,0,-1,1833.0,10.2
165309,141846,Warrior,Arms,Slayer,DPS,EU,Murder Row,11,1,1806.3,186792,1,300.0,2026-08-19,0,-1,1833.0,10.2
165317,75925,DeathKnight,Blood,San'layn,Tank,CN,Altar of Fangs,10,1,1701.7,127220,1,301.0,2026-08-20,0,-1,1744.0,3.1
165317,75926,Shaman,Restoration,Totemic,Healer,CN,Altar of Fangs,10,1,1701.7,11150,1,283.0,2026-08-20,0,-1,1744.0,3.1
165317,75928,Mage,Arcane,Sunfury,DPS,CN,Altar of Fangs,10,1,1701.7,185107,1,293.0,2026-08-20,0,-1,1744.0,3.1
165317,219524,Rogue,Assassination,Deathstalker,DPS,CN,Altar of Fangs,10,1,1701.7,193745,4,296.0,2026-08-20,0,-1,1744.0,3.1
165317,217811,Hunter,Marksmanship,Sentinel,DPS,CN,Altar of Fangs,10,1,1701.7,128373,3,295.0,2026-08-20,0,-1,1744.0,3.1
165319,161042,Monk,Brewmaster,Master of Harmony,Tank,US,Murder Row,6,1,1668.7,40344,2,294.0,2026-08-20,0,-1,1686.0,17.4
165319,161043,Shaman,Restoration,Totemic,Healer,US,Murder Row,6,1,1668.7,10844,0,296.0,2026-08-20,0,-1,1686.0,17.4
165319,126453,Mage,Arcane,Sunfury,DPS,US,Murder Row,6,1,1668.7,118083,1,289.0,2026-08-20,0,-1,1686.0,17.4
165319,73227,DeathKnight,Unholy,Rider of the Apocalypse,DPS,US,Murder Row,6,1,1668.7,122172,1,300.0,2026-08-20,0,-1,1686.0,17.4
165319,219526,Shaman,Elemental,Stormbringer,DPS,US,Murder Row,6,1,1668.7,97953,1,289.0,2026-08-20,0,-1,1686.0,17.4
165338,40023,DeathKnight,Blood,Deathbringer,Tank,EU,Kings' Rest,11,1,1769.6,67471,1,299.0,2026-08-20,0,-1,1806.0,8.8
165338,40024,Priest,Discipline,Oracle,Healer,EU,Kings' Rest,11,1,1769.6,12205,1,286.0,2026-08-20,0,-1,1806.0,8.8
165338,172459,Mage,Arcane,Sunfury,DPS,EU,Kings' Rest,11,1,1769.6,133708,1,295.0,2026-08-20,0,-1,1806.0,8.8
165338,40027,Mage,Arcane,Sunfury,DPS,EU,Kings' Rest,11,1,1769.6,128587,5,295.0,2026-08-20,0,-1,1806.0,8.8
165338,40026,Warrior,Arms,Slayer,DPS,EU,Kings' Rest,11,1,1769.6,140057,1,302.0,2026-08-20,0,-1,1806.0,8.8
165347,64666,Warrior,Protection,Mountain Thane,Tank,EU,Temple of Sethraliss,2,1,1060.2,82013,0,292.0,2026-08-19,0,-1,1052.0,45.2
165347,63192,Paladin,Holy,Herald of the Sun,Healer,EU,Temple of Sethraliss,2,1,1060.2,12582,0,289.0,2026-08-19,0,-1,1052.0,45.2
165347,198977,DemonHunter,Havoc,Fel-Scarred,DPS,EU,Temple of Sethraliss,2,1,1060.2,97152,0,293.0,2026-08-19,0,-1,1052.0,45.2
165347,84302,Monk,Windwalker,Shado-Pan,DPS,EU,Temple of Sethraliss,2,1,1060.2,86003,0,286.0,2026-08-19,0,-1,1052.0,45.2
165347,79297,Druid,Feral,Druid of the Claw,DPS,EU,Temple of Sethraliss,2,1,1060.2,113975,0,291.0,2026-08-19,0,-1,1052.0,45.2
165355,80554,DeathKnight,Blood,San'layn,Tank,US,Altar of Fangs,10,1,1469.3,82637,0,292.0,2026-08-19,0,-1,1461.0,18.8
165355,80555,Shaman,Restoration,Totemic,Healer,US,Altar of Fangs,10,1,1469.3,21020,0,293.0,2026-08-19,0,-1,1461.0,18.8
165355,2293,Paladin,Retribution,Templar,DPS,US,Altar of Fangs,10,1,1469.3,215430,0,296.0,2026-08-19,0,-1,1461.0,18.8
165355,1108,Warrior,Arms,Slayer,DPS,US,Altar of Fangs,10,1,1469.3,181148,0,295.0,2026-08-19,0,-1,1461.0,18.8
165355,88230,Monk,Windwalker,Conduit of the Celestials,DPS,US,Altar of Fangs,10,1,1469.3,213194,0,295.0,2026-08-19,0,-1,1461.0,18.8
165359,47708,DeathKnight,Blood,San'layn,Tank,EU,Murder Row,12,1,1958.3,117820,0,302.0,2026-08-20,0,-1,2039.0,0.0
165359,61427,Shaman,Restoration,Totemic,Healer,EU,Murder Row,12,1,1958.3,20137,2,288.0,2026-08-20,0,-1,2039.0,0.0
165359,47711,Druid,Balance,Elune's Chosen,DPS,EU,Murder Row,12,1,1958.3,137842,2,297.0,2026-08-20,0,-1,2039.0,0.0
165359,137028,DeathKnight,Frost,Deathbringer,DPS,EU,Murder Row,12,1,1958.3,143449,2,301.0,2026-08-20,0,-1,2039.0,0.0
165359,13338,Mage,Arcane,Sunfury,DPS,EU,Murder Row,12,1,1958.3,192274,0,301.0,2026-08-20,0,-1,2039.0,0.0
165366,14886,Paladin,Protection,Lightsmith,Tank,EU,Temple of Sethraliss,11,1,1411.2,123974,0,298.0,2026-08-20,0,-1,1418.0,26.1
165366,38990,Monk,Mistweaver,Conduit of the Celestials,Healer,EU,Temple of Sethraliss,11,1,1411.2,32448,3,296.0,2026-08-20,0,-1,1418.0,26.1
165366,18347,DemonHunter,Havoc,Fel-Scarred,DPS,EU,Temple of Sethraliss,11,1,1411.2,182662,0,295.0,2026-08-20,0,-1,1418.0,26.1
165366,14890,DeathKnight,Unholy,San'layn,DPS,EU,Temple of Sethraliss,11,1,1411.2,179707,0,291.0,2026-08-20,0,-1,1418.0,26.1
165366,18348,Mage,Arcane,Sunfury,DPS,EU,Temple of Sethraliss,11,1,1411.2,213395,0,303.0,2026-08-20,0,-1,1418.0,26.1
165370,26952,DeathKnight,Blood,San'layn,Tank,EU,Den of Nalorakk,11,1,1589.0,111408,0,297.0,2026-08-20,0,-1,1586.0,17.4
165370,18029,Paladin,Holy,Herald of the Sun,Healer,EU,Den of Nalorakk,11,1,1589.0,6304,1,298.0,2026-08-20,0,-1,1586.0,17.4
165370,26955,Warrior,Fury,Slayer,DPS,EU,Den of Nalorakk,11,1,1589.0,171886,0,301.0,2026-08-20,0,-1,1586.0,17.4
165370,60846,DemonHunter,Devourer,Annihilator,DPS,EU,Den of Nalorakk,11,1,1589.0,172720,0,299.0,2026-08-20,0,-1,1586.0,17.4
165370,26954,Mage,Arcane,Sunfury,DPS,EU,Den of Nalorakk,11,1,1589.0,190399,0,297.0,2026-08-20,0,-1,1586.0,17.4
165375,126180,Paladin,Protection,Lightsmith,Tank,EU,The Blinding Vale,11,1,1722.1,88528,1,293.0,2026-08-19,0,-1,1758.0,2.3
165375,21222,Shaman,Restoration,Totemic,Healer,EU,The Blinding Vale,11,1,1722.1,33088,1,293.0,2026-08-19,0,-1,1758.0,2.3
165375,116254,Warrior,Arms,Slayer,DPS,EU,The Blinding Vale,11,1,1722.1,150139,5,300.0,2026-08-19,0,-1,1758.0,2.3
165375,137657,Rogue,Outlaw,Trickster,DPS,EU,The Blinding Vale,11,1,1722.1,203268,0,293.0,2026-08-19,0,-1,1758.0,2.3
165375,116255,DeathKnight,Unholy,Rider of the Apocalypse,DPS,EU,The Blinding Vale,11,1,1722.1,174789,2,292.0,2026-08-19,0,-1,1758.0,2.3
165396,59853,Paladin,Protection,Lightsmith,Tank,EU,The Blinding Vale,2,1,1047.0,78605,0,293.0,2026-08-19,0,-1,1039.0,42.3
165396,59854,Paladin,Holy,Herald of the Sun,Healer,EU,The Blinding Vale,2,1,1047.0,26549,0,293.0,2026-08-19,0,-1,1039.0,42.3
165396,59855,Warlock,Destruction,Diabolist,DPS,EU,The Blinding Vale,2,1,1047.0,121805,0,284.0,2026-08-19,0,-1,1039.0,42.3
165396,83271,Paladin,Retribution,Templar,DPS,EU,The Blinding Vale,2,1,1047.0,135860,0,293.0,2026-08-19,0,-1,1039.0,42.3
165396,219575,Priest,Shadow,Archon,DPS,EU,The Blinding Vale,2,1,1047.0,79219,0,277.0,2026-08-19,0,-1,1039.0,42.3
165399,32051,Warrior,Protection,Mountain Thane,Tank,EU,Altar of Fangs,8,1,1439.4,139349,1,293.0,2026-08-19,0,-1,1456.0,19.1
165399,219577,Priest,Discipline,Voidweaver,Healer,EU,Altar of Fangs,8,1,1439.4,25093,1,292.0,2026-08-19,0,-1,1456.0,19.1
165399,100765,Hunter,Survival,Sentinel,DPS,EU,Altar of Fangs,8,1,1439.4,165466,1,295.0,2026-08-19,0,-1,1456.0,19.1
165399,32054,DemonHunter,Devourer,Void-Scarred,DPS,EU,Altar of Fangs,8,1,1439.4,164196,1,293.0,2026-08-19,0,-1,1456.0,19.1
165399,32055,Priest,Shadow,Archon,DPS,EU,Altar of Fangs,8,1,1439.4,136793,1,291.0,2026-08-19,0,-1,1456.0,19.1
165404,23364,Druid,Guardian,Elune's Chosen,Tank,EU,Voidscar Arena,11,0,2057.0,64377,3,292.0,2026-08-19,0,-1,2178.0,-21.0
165404,101632,Shaman,Restoration,Totemic,Healer,EU,Voidscar Arena,11,0,2057.0,22582,3,298.0,2026-08-19,0,-1,2178.0,-21.0
165404,101634,Shaman,Elemental,Farseer,DPS,EU,Voidscar Arena,11,0,2057.0,140524,6,294.0,2026-08-19,0,-1,2178.0,-21.0
165404,101633,Paladin,Retribution,Herald of the Sun,DPS,EU,Voidscar Arena,11,0,2057.0,142865,9,299.0,2026-08-19,0,-1,2178.0,-21.0
165404,32075,Warlock,Destruction,Diabolist,DPS,EU,Voidscar Arena,11,0,2057.0,120091,5,298.0,2026-08-19,0,-1,2178.0,-21.0
165410,121157,Druid,Guardian,Elune's Chosen,Tank,EU,Kings' Rest,4,1,1469.2,36048,1,297.0,2026-08-20,0,-1,1461.0,26.2
165410,87336,Priest,Discipline,Oracle,Healer,EU,Kings' Rest,4,1,1469.2,12189,2,296.0,2026-08-20,0,-1,1461.0,26.2
165410,192230,Rogue,Assassination,Deathstalker,DPS,EU,Kings' Rest,4,1,1469.2,69399,1,290.0,2026-08-20,0,-1,1461.0,26.2
165410,192229,Warrior,Arms,Slayer,DPS,EU,Kings' Rest,4,1,1469.2,78630,3,284.0,2026-08-20,0,-1,1461.0,26.2
165410,135041,Druid,Balance,Elune's Chosen,DPS,EU,Kings' Rest,4,1,1469.2,92211,1,297.0,2026-08-20,0,-1,1461.0,26.2
165411,194950,Paladin,Protection,Templar,Tank,US,Kings' Rest,5,1,1224.0,39155,0,292.0,2026-08-20,0,-1,1216.0,38.6
165411,120428,Paladin,Holy,Herald of the Sun,Healer,US,Kings' Rest,5,1,1224.0,6443,0,275.0,2026-08-20,0,-1,1216.0,38.6
165411,35137,DemonHunter,Devourer,Void-Scarred,DPS,US,Kings' Rest,5,1,1224.0,93913,1,292.0,2026-08-20,0,-1,1216.0,38.6
165411,26475,Shaman,Enhancement,Stormbringer,DPS,US,Kings' Rest,5,1,1224.0,112896,1,297.0,2026-08-20,0,-1,1216.0,38.6
165411,194951,Mage,Arcane,Sunfury,DPS,US,Kings' Rest,5,1,1224.0,85514,0,289.0,2026-08-20,0,-1,1216.0,38.6
165427,79915,Paladin,Protection,Lightsmith,Tank,US,Temple of Sethraliss,5,1,1021.4,76738,0,296.0,2026-08-19,0,-1,1013.0,47.2
165427,79917,Evoker,Preservation,Flameshaper,Healer,US,Temple of Sethraliss,5,1,1021.4,24329,0,286.0,2026-08-19,0,-1,1013.0,47.2
165427,79918,Warrior,Arms,Slayer,DPS,US,Temple of Sethraliss,5,1,1021.4,134445,0,290.0,2026-08-19,0,-1,1013.0,47.2
165427,79919,DeathKnight,Unholy,Rider of the Apocalypse,DPS,US,Temple of Sethraliss,5,1,1021.4,152953,0,293.0,2026-08-19,0,-1,1013.0,47.2
165427,204008,Paladin,Retribution,Templar,DPS,US,Temple of Sethraliss,5,1,1021.4,119381,0,290.0,2026-08-19,0,-1,1013.0,47.2
165428,187057,Paladin,Protection,Lightsmith,Tank,EU,Temple of Sethraliss,5,1,1449.6,80738,1,291.0,2026-08-19,0,-1,1441.0,24.9
165428,109336,Evoker,Preservation,Flameshaper,Healer,EU,Temple of Sethraliss,5,1,1449.6,23346,1,295.0,2026-08-19,0,-1,1441.0,24.9
165428,143961,Warlock,Affliction,Soul Harvester,DPS,EU,Temple of Sethraliss,5,1,1449.6,127254,0,290.0,2026-08-19,0,-1,1441.0,24.9
165428,219596,Warlock,Affliction,Soul Harvester,DPS,EU,Temple of Sethraliss,5,1,1449.6,108589,0,296.0,2026-08-19,0,-1,1441.0,24.9
165428,143962,Hunter,BeastMastery,Pack Leader,DPS,EU,Temple of Sethraliss,5,1,1449.6,49808,3,285.0,2026-08-19,0,-1,1441.0,24.9
165431,178074,Druid,Guardian,Elune's Chosen,Tank,EU,Kings' Rest,7,1,1796.5,36929,0,286.0,2026-08-20,0,-1,1808.0,8.7
165431,178075,Shaman,Restoration,Totemic,Healer,EU,Kings' Rest,7,1,1796.5,14624,0,295.0,2026-08-20,0,-1,1808.0,8.7
165431,35184,Warrior,Arms,Slayer,DPS,EU,Kings' Rest,7,1,1796.5,104493,0,294.0,2026-08-20,0,-1,1808.0,8.7
165431,178077,Priest,Shadow,Archon,DPS,EU,Kings' Rest,7,1,1796.5,79559,4,300.0,2026-08-20,0,-1,1808.0,8.7
165431,178076,Druid,Balance,Elune's Chosen,DPS,EU,Kings' Rest,7,1,1796.5,81993,0,285.0,2026-08-20,0,-1,1808.0,8.7
165434,5809,DeathKnight,Blood,San'layn,Tank,US,Den of Nalorakk,10,1,1351.9,107408,0,306.0,2026-08-20,0,-1,1348.0,29.8
165434,180326,Monk,Mistweaver,Conduit of the Celestials,Healer,US,Den of Nalorakk,10,1,1351.9,23658,0,297.0,2026-08-20,0,-1,1348.0,29.8
165434,10237,Priest,Shadow,Archon,DPS,US,Den of Nalorakk,10,1,1351.9,158572,0,303.0,2026-08-20,0,-1,1348.0,29.8
165434,18199,Shaman,Enhancement,Stormbringer,DPS,US,Den of Nalorakk,10,1,1351.9,202427,1,305.0,2026-08-20,0,-1,1348.0,29.8
165434,180327,DeathKnight,Unholy,Rider of the Apocalypse,DPS,US,Den of Nalorakk,10,1,1351.9,161011,0,301.0,2026-08-20,0,-1,1348.0,29.8
165437,50311,Monk,Brewmaster,Shado-Pan,Tank,EU,Voidscar Arena,10,0,1745.2,78214,4,306.0,2026-08-20,0,-1,1861.0,-3.4
165437,32375,Priest,Discipline,Voidweaver,Healer,EU,Voidscar Arena,10,0,1745.2,25726,4,302.0,2026-08-20,0,-1,1861.0,-3.4
165437,118890,Hunter,BeastMastery,Pack Leader,DPS,EU,Voidscar Arena,10,0,1745.2,150900,6,295.0,2026-08-20,0,-1,1861.0,-3.4
165437,219598,Druid,Balance,Elune's Chosen,DPS,EU,Voidscar Arena,10,0,1745.2,109214,5,291.0,2026-08-20,0,-1,1861.0,-3.4
165437,203832,Hunter,BeastMastery,Pack Leader,DPS,EU,Voidscar Arena,10,0,1745.2,145284,8,300.0,2026-08-20,0,-1,1861.0,-3.4
165445,58194,Druid,Guardian,Elune's Chosen,Tank,EU,Temple of Sethraliss,9,0,1979.4,58632,1,290.0,2026-08-19,0,-1,2017.0,-5.0
165445,109409,Shaman,Restoration,Totemic,Healer,EU,Temple of Sethraliss,9,0,1979.4,6806,4,285.0,2026-08-19,0,-1,2017.0,-5.0
165445,79307,Hunter,Marksmanship,Sentinel,DPS,EU,Temple of Sethraliss,9,0,1979.4,131505,1,291.0,2026-08-19,0,-1,2017.0,-5.0
165445,219605,Mage,Arcane,Sunfury,DPS,EU,Temple of Sethraliss,9,0,1979.4,97997,1,297.0,2026-08-19,0,-1,2017.0,-5.0
165445,102243,Paladin,Retribution,Templar,DPS,EU,Temple of Sethraliss,9,0,1979.4,145260,2,294.0,2026-08-19,0,-1,2017.0,-5.0
165446,58194,Druid,Guardian,Elune's Chosen,Tank,EU,Ruby Life Pools,8,1,1236.6,73368,1,290.0,2026-08-19,0,-1,1258.0,25.1
165446,79304,Priest,Discipline,Oracle,Healer,EU,Ruby Life Pools,8,1,1236.6,12186,1,291.0,2026-08-19,0,-1,1258.0,25.1
165446,79307,Hunter,Marksmanship,Sentinel,DPS,EU,Ruby Life Pools,8,1,1236.6,169596,0,291.0,2026-08-19,0,-1,1258.0,25.1
165446,59405,Warrior,Fury,Mountain Thane,DPS,EU,Ruby Life Pools,8,1,1236.6,192908,2,297.0,2026-08-19,0,-1,1258.0,25.1
165446,75368,Monk,Windwalker,Shado-Pan,DPS,EU,Ruby Life Pools,8,1,1236.6,155928,2,293.0,2026-08-19,0,-1,1258.0,25.1
165455,219610,DeathKnight,Blood,Unknown,Tank,CN,Ruby Life Pools,9,1,1565.2,92122,1,286.0,2026-08-20,0,-1,1607.0,4.4
165455,219611,Priest,Holy,Unknown,Healer,CN,Ruby Life Pools,9,1,1565.2,1589,1,295.0,2026-08-20,0,-1,1607.0,4.4
165455,198708,Priest,Shadow,Unknown,DPS,CN,Ruby Life Pools,9,1,1565.2,157151,1,294.0,2026-08-20,0,-1,1607.0,4.4
165455,219612,Druid,Balance,Unknown,DPS,CN,Ruby Life Pools,9,1,1565.2,120780,2,291.0,2026-08-20,0,-1,1607.0,4.4
165455,219613,Paladin,Retribution,Unknown,DPS,CN,Ruby Life Pools,9,1,1565.2,189260,3,294.0,2026-08-20,0,-1,1607.0,4.4
165473,123816,DeathKnight,Blood,San'layn,Tank,US,Murder Row,13,0,2192.2,78172,1,298.0,2026-08-20,0,-1,2348.0,-15.1
165473,2863,Paladin,Holy,Herald of the Sun,Healer,US,Murder Row,13,0,2192.2,18351,3,302.0,2026-08-20,0,-1,2348.0,-15.1
165473,36836,DemonHunter,Devourer,Void-Scarred,DPS,US,Murder Row,13,0,2192.2,178063,3,302.0,2026-08-20,0,-1,2348.0,-15.1
165473,5648,Priest,Shadow,Archon,DPS,US,Murder Row,13,0,2192.2,158338,4,303.0,2026-08-20,0,-1,2348.0,-15.1
165473,11067,Mage,Arcane,Sunfury,DPS,US,Murder Row,13,0,2192.2,170375,2,297.0,2026-08-20,0,-1,2348.0,-15.1
165483,24794,DeathKnight,Blood,Deathbringer,Tank,EU,The Blinding Vale,2,1,891.4,71306,0,295.0,2026-08-19,0,-1,882.0,51.0
165483,58868,Paladin,Holy,Herald of the Sun,Healer,EU,The Blinding Vale,2,1,891.4,11579,0,293.0,2026-08-19,0,-1,882.0,51.0
165483,60162,Druid,Balance,Elune's Chosen,DPS,EU,The Blinding Vale,2,1,891.4,142396,0,296.0,2026-08-19,0,-1,882.0,51.0
165483,58871,DemonHunter,Devourer,Void-Scarred,DPS,EU,The Blinding Vale,2,1,891.4,132714,0,294.0,2026-08-19,0,-1,882.0,51.0
165483,97983,Mage,Frost,Spellslinger,DPS,EU,The Blinding Vale,2,1,891.4,114368,0,295.0,2026-08-19,0,-1,882.0,51.0
165486,52361,Druid,Guardian,Elune's Chosen,Tank,EU,Altar of Fangs,10,0,2105.8,69946,3,295.0,2026-08-19,0,-1,2197.0,-22.1
165486,52362,Priest,Discipline,Oracle,Healer,EU,Altar of Fangs,10,0,2105.8,12230,6,294.0,2026-08-19,0,-1,2197.0,-22.1
165486,52363,Hunter,BeastMastery,Pack Leader,DPS,EU,Altar of Fangs,10,0,2105.8,142115,4,295.0,2026-08-19,0,-1,2197.0,-22.1
165486,52365,Warrior,Arms,Slayer,DPS,EU,Altar of Fangs,10,0,2105.8,147085,7,294.0,2026-08-19,0,-1,2197.0,-22.1
165486,17529,Shaman,Elemental,Farseer,DPS,EU,Altar of Fangs,10,0,2105.8,175444,5,295.0,2026-08-19,0,-1,2197.0,-22.1
165489,13057,DeathKnight,Blood,San'layn,Tank,EU,Kings' Rest,13,1,1729.7,100800,0,308.0,2026-08-20,0,-1,1796.0,9.3
165489,20608,Paladin,Holy,Herald of the Sun,Healer,EU,Kings' Rest,13,1,1729.7,15045,2,295.0,2026-08-20,0,-1,1796.0,9.3
165489,148098,Mage,Arcane,Sunfury,DPS,EU,Kings' Rest,13,1,1729.7,161190,0,303.0,2026-08-20,0,-1,1796.0,9.3
165489,13059,DemonHunter,Devourer,Void-Scarred,DPS,EU,Kings' Rest,13,1,1729.7,160813,2,303.0,2026-08-20,0,-1,1796.0,9.3
165489,217102,Shaman,Elemental,Farseer,DPS,EU,Kings' Rest,13,1,1729.7,128045,1,301.0,2026-08-20,0,-1,1796.0,9.3
165495,217364,Druid,Guardian,Elune's Chosen,Tank,EU,Murder Row,10,1,1715.3,56614,1,292.0,2026-08-20,0,-1,1756.0,13.9
165495,94600,Druid,Restoration,Wildstalker,Healer,EU,Murder Row,10,1,1715.3,8283,2,297.0,2026-08-20,0,-1,1756.0,13.9
165495,170696,Druid,Balance,Elune's Chosen,DPS,EU,Murder Row,10,1,1715.3,151543,2,290.0,2026-08-20,0,-1,1756.0,13.9
165495,14571,Shaman,Elemental,Farseer,DPS,EU,Murder Row,10,1,1715.3,189461,2,301.0,2026-08-20,0,-1,1756.0,13.9
165495,106580,Mage,Arcane,Sunfury,DPS,EU,Murder Row,10,1,1715.3,163202,3,297.0,2026-08-20,0,-1,1756.0,13.9
165496,96918,Monk,Brewmaster,Master of Harmony,Tank,EU,The Blinding Vale,8,1,1412.0,64268,1,296.0,2026-08-19,0,-1,1449.0,19.5
165496,37717,Priest,Discipline,Oracle,Healer,EU,The Blinding Vale,8,1,1412.0,15608,2,289.0,2026-08-19,0,-1,1449.0,19.5
165496,219631,Paladin,Retribution,Templar,DPS,EU,The Blinding Vale,8,1,1412.0,155350,2,292.0,2026-08-19,0,-1,1449.0,19.5
165496,209472,Mage,Arcane,Sunfury,DPS,EU,The Blinding Vale,8,1,1412.0,171722,3,292.0,2026-08-19,0,-1,1449.0,19.5
165496,92576,Warlock,Demonology,Diabolist,DPS,EU,The Blinding Vale,8,1,1412.0,176340,1,297.0,2026-08-19,0,-1,1449.0,19.5
165503,5289,DeathKnight,Blood,San'layn,Tank,US,Murder Row,9,1,1387.2,112392,0,301.0,2026-08-19,0,-1,1388.0,31.9
165503,5290,Paladin,Holy,Lightsmith,Healer,US,Murder Row,9,1,1387.2,33941,0,292.0,2026-08-19,0,-1,1388.0,31.9
165503,5292,Mage,Arcane,Sunfury,DPS,US,Murder Row,9,1,1387.2,185286,0,302.0,2026-08-19,0,-1,1388.0,31.9
165503,38413,Warrior,Arms,Slayer,DPS,US,Murder Row,9,1,1387.2,118622,2,284.0,2026-08-19,0,-1,1388.0,31.9
165503,5291,Shaman,Elemental,Farseer,DPS,US,Murder Row,9,1,1387.2,157781,0,297.0,2026-08-19,0,-1,1388.0,31.9
165504,139448,DeathKnight,Blood,Deathbringer,Tank,EU,Murder Row,10,1,1564.3,73098,0,292.0,2026-08-20,0,-1,1561.0,23.5
165504,219633,Monk,Mistweaver,Conduit of the Celestials,Healer,EU,Murder Row,10,1,1564.3,31499,1,304.0,2026-08-20,0,-1,1561.0,23.5
165504,62775,DeathKnight,Unholy,Rider of the Apocalypse,DPS,EU,Murder Row,10,1,1564.3,159941,0,298.0,2026-08-20,0,-1,1561.0,23.5
165504,206175,Mage,Arcane,Sunfury,DPS,EU,Murder Row,10,1,1564.3,200645,0,302.0,2026-08-20,0,-1,1561.0,23.5
165504,219634,Shaman,Elemental,Farseer,DPS,EU,Murder Row,10,1,1564.3,147376,0,294.0,2026-08-20,0,-1,1561.0,23.5
165506,77272,Paladin,Protection,Templar,Tank,EU,Ruby Life Pools,10,1,1476.9,90605,0,294.0,2026-08-19,0,-1,1478.0,12.0
165506,170143,Shaman,Restoration,Totemic,Healer,EU,Ruby Life Pools,10,1,1476.9,24540,0,292.0,2026-08-19,0,-1,1478.0,12.0
165506,145194,DemonHunter,Havoc,Fel-Scarred,DPS,EU,Ruby Life Pools,10,1,1476.9,116141,1,291.0,2026-08-19,0,-1,1478.0,12.0
165506,165488,Evoker,Devastation,Scalecommander,DPS,EU,Ruby Life Pools,10,1,1476.9,181484,0,295.0,2026-08-19,0,-1,1478.0,12.0
165506,86876,Hunter,BeastMastery,Pack Leader,DPS,EU,Ruby Life Pools,10,1,1476.9,159977,1,293.0,2026-08-19,0,-1,1478.0,12.0
165527,47384,Paladin,Protection,Templar,Tank,US,Den of Nalorakk,2,1,1620.6,31464,2,232.0,2026-08-19,0,-1,1613.0,16.0
165527,66697,Shaman,Restoration,Farseer,Healer,US,Den of Nalorakk,2,1,1620.6,10829,2,265.0,2026-08-19,0,-1,1613.0,16.0
165527,219650,Druid,Balance,Elune's Chosen,DPS,US,Den of Nalorakk,2,1,1620.6,43650,5,247.0,2026-08-19,0,-1,1613.0,16.0
165527,219651,Mage,Frost,Spellslinger,DPS,US,Den of Nalorakk,2,1,1620.6,100098,1,290.0,2026-08-19,0,-1,1613.0,16.0
165527,219652,Warrior,Arms,Slayer,DPS,US,Den of Nalorakk,2,1,1620.6,104865,3,283.0,2026-08-19,0,-1,1613.0,16.0
165537,219666,Druid,Guardian,Elune's Chosen,Tank,US,Altar of Fangs,2,1,1158.5,55245,0,275.0,2026-08-20,0,-1,1150.0,36.1
165537,219667,Paladin,Holy,Herald of the Sun,Healer,US,Altar of Fangs,2,1,1158.5,8940,0,283.0,2026-08-20,0,-1,1150.0,36.1
165537,219668,Evoker,Augmentation,Scalecommander,DPS,US,Altar of Fangs,2,1,1158.5,97552,0,287.0,2026-08-20,0,-1,1150.0,36.1
165537,134664,Monk,Windwalker,Shado-Pan,DPS,US,Altar of Fangs,2,1,1158.5,122262,0,297.0,2026-08-20,0,-1,1150.0,36.1
165537,219669,Hunter,BeastMastery,Pack Leader,DPS,US,Altar of Fangs,2,1,1158.5,111069,1,294.0,2026-08-20,0,-1,1150.0,36.1
165539,49678,Paladin,Protection,Lightsmith,Tank,EU,Den of Nalorakk,10,1,1282.1,94477,0,296.0,2026-08-20,0,-1,1284.0,33.1
165539,56865,Shaman,Restoration,Totemic,Healer,EU,Den of Nalorakk,10,1,1282.1,20959,0,297.0,2026-08-20,0,-1,1284.0,33.1
165539,31793,Rogue,Outlaw,Trickster,DPS,EU,Den of Nalorakk,10,1,1282.1,173830,1,300.0,2026-08-20,0,-1,1284.0,33.1
165539,219670,DeathKnight,Unholy,Rider of the Apocalypse,DPS,EU,Den of Nalorakk,10,1,1282.1,194434,0,298.0,2026-08-20,0,-1,1284.0,33.1
165539,49680,DeathKnight,Unholy,Rider of the Apocalypse,DPS,EU,Den of Nalorakk,10,1,1282.1,185598,1,298.0,2026-08-20,0,-1,1284.0,33.1
165542,199355,DeathKnight,Blood,Deathbringer,Tank,KR,Kings' Rest,8,1,1846.1,75802,2,291.0,2026-08-20,0,-1,1892.0,4.4
165542,199356,Paladin,Holy,Lightsmith,Healer,KR,Kings' Rest,8,1,1846.1,19557,1,297.0,2026-08-20,0,-1,1892.0,4.4
165542,193655,Mage,Arcane,Sunfury,DPS,KR,Kings' Rest,8,1,1846.1,116630,2,295.0,2026-08-20,0,-1,1892.0,4.4
165542,219674,Hunter,BeastMastery,Pack Leader,DPS,KR,Kings' Rest,8,1,1846.1,67402,4,291.0,2026-08-20,0,-1,1892.0,4.4
165542,199358,Rogue,Subtlety,Trickster,DPS,KR,Kings' Rest,8,1,1846.1,98434,2,293.0,2026-08-20,0,-1,1892.0,4.4
165544,216942,DeathKnight,Blood,San'layn,Tank,CN,Murder Row,11,1,1674.9,104940,0,301.0,2026-08-20,0,-1,1671.0,18.1
165544,216943,Paladin,Holy,Herald of the Sun,Healer,CN,Murder Row,11,1,1674.9,13731,0,294.0,2026-08-20,0,-1,1671.0,18.1
165544,216945,Shaman,Elemental,Farseer,DPS,CN,Murder Row,11,1,1674.9,180847,0,300.0,2026-08-20,0,-1,1671.0,18.1
165544,216946,Mage,Arcane,Sunfury,DPS,CN,Murder Row,11,1,1674.9,126742,1,294.0,2026-08-20,0,-1,1671.0,18.1
165544,216944,Warrior,Arms,Slayer,DPS,CN,Murder Row,11,1,1674.9,199102,0,305.0,2026-08-20,0,-1,1671.0,18.1
165562,219687,Paladin,Protection,Lightsmith,Tank,EU,Den of Nalorakk,9,1,1419.6,80757,0,291.0,2026-08-19,0,-1,1426.0,25.7
165562,86572,Druid,Restoration,Wildstalker,Healer,EU,Den of Nalorakk,9,1,1419.6,4242,0,280.0,2026-08-19,0,-1,1426.0,25.7
165562,86574,Warrior,Arms,Slayer,DPS,EU,Den of Nalorakk,9,1,1419.6,111937,1,283.0,2026-08-19,0,-1,1426.0,25.7
165562,86573,DemonHunter,Havoc,Fel-Scarred,DPS,EU,Den of Nalorakk,9,1,1419.6,128643,2,298.0,2026-08-19,0,-1,1426.0,25.7
165562,86575,Shaman,Elemental,Farseer,DPS,EU,Den of Nalorakk,9,1,1419.6,181788,0,298.0,2026-08-19,0,-1,1426.0,25.7
165568,2236,DeathKnight,Blood,Unknown,Tank,US,Den of Nalorakk,4,1,1159.8,61232,0,294.0,2026-08-18,0,-1,1151.0,40.1
165568,2237,Priest,Discipline,Unknown,Healer,US,Den of Nalorakk,4,1,1159.8,12076,0,293.0,2026-08-18,0,-1,1151.0,40.1
165568,2240,Paladin,Retribution,Unknown,DPS,US,Den of Nalorakk,4,1,1159.8,95322,0,290.0,2026-08-18,0,-1,1151.0,40.1
165568,97985,Druid,Balance,Unknown,DPS,US,Den of Nalorakk,4,1,1159.8,64120,1,278.0,2026-08-18,0,-1,1151.0,40.1
165568,2238,Mage,Arcane,Unknown,DPS,US,Den of Nalorakk,4,1,1159.8,148942,0,293.0,2026-08-18,0,-1,1151.0,40.1
165570,123039,Paladin,Protection,Lightsmith,Tank,US,Voidscar Arena,4,1,1283.3,71811,0,291.0,2026-08-19,0,-1,1275.0,29.2
165570,132494,Priest,Discipline,Oracle,Healer,US,Voidscar Arena,4,1,1283.3,16132,0,293.0,2026-08-19,0,-1,1275.0,29.2
165570,219691,Shaman,Enhancement,Stormbringer,DPS,US,Voidscar Arena,4,1,1283.3,94548,0,290.0,2026-08-19,0,-1,1275.0,29.2
165570,219692,Mage,Arcane,Spellslinger,DPS,US,Voidscar Arena,4,1,1283.3,86677,0,293.0,2026-08-19,0,-1,1275.0,29.2
165570,70587,Mage,Arcane,Sunfury,DPS,US,Voidscar Arena,4,1,1283.3,114847,1,295.0,2026-08-19,0,-1,1275.0,29.2
165571,219693,Paladin,Protection,Templar,Tank,US,Temple of Sethraliss,6,1,1492.8,51073,0,292.0,2026-08-20,0,-1,1519.0,20.9
165571,219694,Evoker,Preservation,Flameshaper,Healer,US,Temple of Sethraliss,6,1,1492.8,19606,3,287.0,2026-08-20,0,-1,1519.0,20.9
165571,219695,Paladin,Retribution,Templar,DPS,US,Temple of Sethraliss,6,1,1492.8,108854,2,297.0,2026-08-20,0,-1,1519.0,20.9
165571,143634,Mage,Arcane,Sunfury,DPS,US,Temple of Sethraliss,6,1,1492.8,99116,1,277.0,2026-08-20,0,-1,1519.0,20.9
165571,49658,Rogue,Outlaw,Trickster,DPS,US,Temple of Sethraliss,6,1,1492.8,117263,1,300.0,2026-08-20,0,-1,1519.0,20.9
165581,95310,Druid,Guardian,Elune's Chosen,Tank,EU,Kings' Rest,8,1,1523.4,53766,1,295.0,2026-08-19,0,-1,1545.0,22.0
165581,95311,Paladin,Holy,Herald of the Sun,Healer,EU,Kings' Rest,8,1,1523.4,5331,1,291.0,2026-08-19,0,-1,1545.0,22.0
165581,81349,Hunter,BeastMastery,Pack Leader,DPS,EU,Kings' Rest,8,1,1523.4,116485,2,293.0,2026-08-19,0,-1,1545.0,22.0
165581,24118,Mage,Arcane,Sunfury,DPS,EU,Kings' Rest,8,1,1523.4,132926,1,296.0,2026-08-19,0,-1,1545.0,22.0
165581,62308,Shaman,Elemental,Farseer,DPS,EU,Kings' Rest,8,1,1523.4,140749,1,295.0,2026-08-19,0,-1,1545.0,22.0
165582,6715,Druid,Guardian,Elune's Chosen,Tank,US,Kings' Rest,10,1,1749.5,62334,1,294.0,2026-08-18,0,-1,1776.0,10.3
165582,6716,Monk,Mistweaver,Conduit of the Celestials,Healer,US,Kings' Rest,10,1,1749.5,14600,1,293.0,2026-08-18,0,-1,1776.0,10.3
165582,9838,Mage,Frost,Spellslinger,DPS,US,Kings' Rest,10,1,1749.5,126132,1,292.0,2026-08-18,0,-1,1776.0,10.3
165582,6717,Hunter,BeastMastery,Pack Leader,DPS,US,Kings' Rest,10,1,1749.5,143568,1,292.0,2026-08-18,0,-1,1776.0,10.3
165582,6719,Priest,Shadow,Archon,DPS,US,Kings' Rest,10,1,1749.5,105219,3,294.0,2026-08-18,0,-1,1776.0,10.3
165604,100068,DemonHunter,Vengeance,Annihilator,Tank,EU,Kings' Rest,6,1,1453.9,58292,0,297.0,2026-08-19,0,-1,1490.0,24.7
165604,139381,Evoker,Preservation,Flameshaper,Healer,EU,Kings' Rest,6,1,1453.9,27682,1,294.0,2026-08-19,0,-1,1490.0,24.7
165604,100072,Paladin,Retribution,Templar,DPS,EU,Kings' Rest,6,1,1453.9,55165,5,281.0,2026-08-19,0,-1,1490.0,24.7
165604,100070,Hunter,Marksmanship,Sentinel,DPS,EU,Kings' Rest,6,1,1453.9,77811,1,286.0,2026-08-19,0,-1,1490.0,24.7
165604,100071,Shaman,Elemental,Farseer,DPS,EU,Kings' Rest,6,1,1453.9,104719,2,293.0,2026-08-19,0,-1,1490.0,24.7
165633,219725,Paladin,Protection,Templar,Tank,US,Ruby Life Pools,8,1,1208.7,77368,0,290.0,2026-08-19,0,-1,1200.0,28.6
165633,219726,Shaman,Restoration,Totemic,Healer,US,Ruby Life Pools,8,1,1208.7,21590,0,294.0,2026-08-19,0,-1,1200.0,28.6
165633,189643,Rogue,Assassination,Deathstalker,DPS,US,Ruby Life Pools,8,1,1208.7,137508,0,294.0,2026-08-19,0,-1,1200.0,28.6
165633,137335,Paladin,Retribution,Templar,DPS,US,Ruby Life Pools,8,1,1208.7,192814,0,293.0,2026-08-19,0,-1,1200.0,28.6
165633,16855,Warrior,Arms,Slayer,DPS,US,Ruby Life Pools,8,1,1208.7,162506,0,297.0,2026-08-19,0,-1,1200.0,28.6
165648,63047,DeathKnight,Blood,San'layn,Tank,KR,Temple of Sethraliss,8,1,1513.2,86842,1,292.0,2026-08-20,0,-1,1535.0,20.1
165648,55456,Shaman,Restoration,Totemic,Healer,KR,Temple of Sethraliss,8,1,1513.2,8837,1,292.0,2026-08-20,0,-1,1535.0,20.1
165648,63048,Warlock,Demonology,Diabolist,DPS,KR,Temple of Sethraliss,8,1,1513.2,162885,1,293.0,2026-08-20,0,-1,1535.0,20.1
165648,63050,Hunter,BeastMastery,Pack Leader,DPS,KR,Temple of Sethraliss,8,1,1513.2,142109,2,294.0,2026-08-20,0,-1,1535.0,20.1
165648,63049,DeathKnight,Unholy,Rider of the Apocalypse,DPS,KR,Temple of Sethraliss,8,1,1513.2,131951,1,293.0,2026-08-20,0,-1,1535.0,20.1
165655,5535,DeathKnight,Blood,San'layn,Tank,US,Ruby Life Pools,9,1,1144.7,81529,0,294.0,2026-08-19,0,-1,1267.0,24.6
165655,5536,Shaman,Restoration,Totemic,Healer,US,Ruby Life Pools,9,1,1144.7,6229,0,294.0,2026-08-19,0,-1,1267.0,24.6
165655,132586,Paladin,Retribution,Templar,DPS,US,Ruby Life Pools,9,1,1144.7,159501,1,293.0,2026-08-19,0,-1,1267.0,24.6
165655,5539,Priest,Shadow,Voidweaver,DPS,US,Ruby Life Pools,9,1,1144.7,156323,0,291.0,2026-08-19,0,-1,1267.0,24.6
165655,16784,DemonHunter,Devourer,Annihilator,DPS,US,Ruby Life Pools,9,1,1144.7,179898,0,293.0,2026-08-19,0,-1,1267.0,24.6
165657,64866,DeathKnight,Blood,San'layn,Tank,EU,Murder Row,11,0,2420.7,77607,3,294.0,2026-08-19,0,-1,2459.0,-20.5
165657,64867,Paladin,Holy,Herald of the Sun,Healer,EU,Murder Row,11,0,2420.7,9428,2,293.0,2026-08-19,0,-1,2459.0,-20.5
165657,15198,Warrior,Arms,Slayer,DPS,EU,Murder Row,11,0,2420.7,135678,4,297.0,2026-08-19,0,-1,2459.0,-20.5
165657,29213,Warlock,Demonology,Diabolist,DPS,EU,Murder Row,11,0,2420.7,145426,3,294.0,2026-08-19,0,-1,2459.0,-20.5
165657,112888,Mage,Arcane,Sunfury,DPS,EU,Murder Row,11,0,2420.7,94889,5,296.0,2026-08-19,0,-1,2459.0,-20.5
165658,177085,Druid,Guardian,Elune's Chosen,Tank,EU,Den of Nalorakk,10,1,1314.9,96368,0,303.0,2026-08-20,0,-1,1327.0,30.9
165658,177086,Shaman,Restoration,Farseer,Healer,EU,Den of Nalorakk,10,1,1314.9,15358,1,295.0,2026-08-20,0,-1,1327.0,30.9
165658,72343,Warlock,Destruction,Diabolist,DPS,EU,Den of Nalorakk,10,1,1314.9,134089,2,293.0,2026-08-20,0,-1,1327.0,30.9
165658,77886,Mage,Arcane,Sunfury,DPS,EU,Den of Nalorakk,10,1,1314.9,205125,1,306.0,2026-08-20,0,-1,1327.0,30.9
165658,83620,DemonHunter,Devourer,Annihilator,DPS,EU,Den of Nalorakk,10,1,1314.9,188443,0,297.0,2026-08-20,0,-1,1327.0,30.9
165668,219736,DemonHunter,Vengeance,Annihilator,Tank,EU,Kings' Rest,8,1,1514.6,69747,1,292.0,2026-08-20,0,-1,1536.0,22.4
165668,219737,Monk,Mistweaver,Conduit of the Celestials,Healer,EU,Kings' Rest,8,1,1514.6,28707,1,291.0,2026-08-20,0,-1,1536.0,22.4
165668,162534,Warrior,Arms,Slayer,DPS,EU,Kings' Rest,8,1,1514.6,118493,2,298.0,2026-08-20,0,-1,1536.0,22.4
165668,29072,Warlock,Destruction,Diabolist,DPS,EU,Kings' Rest,8,1,1514.6,116901,1,297.0,2026-08-20,0,-1,1536.0,22.4
165668,29073,Hunter,Marksmanship,Sentinel,DPS,EU,Kings' Rest,8,1,1514.6,93713,1,302.0,2026-08-20,0,-1,1536.0,22.4
165685,219748,Paladin,Protection,Lightsmith,Tank,EU,Voidscar Arena,9,1,1415.0,69264,0,289.0,2026-08-19,0,-1,1442.0,19.9
165685,45238,Shaman,Restoration,Totemic,Healer,EU,Voidscar Arena,9,1,1415.0,19738,0,292.0,2026-08-19,0,-1,1442.0,19.9
165685,122741,Paladin,Retribution,Templar,DPS,EU,Voidscar Arena,9,1,1415.0,147480,1,294.0,2026-08-19,0,-1,1442.0,19.9
165685,55373,DemonHunter,Havoc,Fel-Scarred,DPS,EU,Voidscar Arena,9,1,1415.0,176565,1,298.0,2026-08-19,0,-1,1442.0,19.9
165685,31868,Shaman,Enhancement,Stormbringer,DPS,EU,Voidscar Arena,9,1,1415.0,146298,5,295.0,2026-08-19,0,-1,1442.0,19.9
165686,33650,DemonHunter,Vengeance,Annihilator,Tank,US,Voidscar Arena,8,0,1844.2,79370,1,293.0,2026-08-20,0,-1,1926.0,-7.0
165686,33651,Shaman,Restoration,Totemic,Healer,US,Voidscar Arena,8,0,1844.2,17011,4,293.0,2026-08-20,0,-1,1926.0,-7.0
165686,33653,Warlock,Demonology,Diabolist,DPS,US,Voidscar Arena,8,0,1844.2,109547,5,294.0,2026-08-20,0,-1,1926.0,-7.0
165686,107470,DeathKnight,Frost,Deathbringer,DPS,US,Voidscar Arena,8,0,1844.2,127806,4,292.0,2026-08-20,0,-1,1926.0,-7.0
165686,81117,DemonHunter,Devourer,Annihilator,DPS,US,Voidscar Arena,8,0,1844.2,92309,6,290.0,2026-08-20,0,-1,1926.0,-7.0
165688,30677,DeathKnight,Blood,Unknown,Tank,US,Murder Row,6,1,1245.5,81618,0,295.0,2026-08-19,0,-1,1242.0,39.1
165688,274,Priest,Discipline,Unknown,Healer,US,Murder Row,6,1,1245.5,17715,0,297.0,2026-08-19,0,-1,1242.0,39.1
165688,275,DeathKnight,Unholy,Unknown,DPS,US,Murder Row,6,1,1245.5,131008,1,301.0,2026-08-19,0,-1,1242.0,39.1
165688,130341,DemonHunter,Devourer,Unknown,DPS,US,Murder Row,6,1,1245.5,116978,0,293.0,2026-08-19,0,-1,1242.0,39.1
165688,79957,Mage,Arcane,Unknown,DPS,US,Murder Row,6,1,1245.5,133607,0,293.0,2026-08-19,0,-1,1242.0,39.1
165707,16614,DeathKnight,Blood,San'layn,Tank,EU,Murder Row,11,1,1514.6,124208,0,302.0,2026-08-20,0,-1,1526.0,25.2
165707,70553,Shaman,Restoration,Totemic,Healer,EU,Murder Row,11,1,1514.6,20609,0,306.0,2026-08-20,0,-1,1526.0,25.2
165707,21392,Druid,Feral,Druid of the Claw,DPS,EU,Murder Row,11,1,1514.6,203543,1,298.0,2026-08-20,0,-1,1526.0,25.2
165707,95898,DemonHunter,Devourer,Annihilator,DPS,EU,Murder Row,11,1,1514.6,194830,0,301.0,2026-08-20,0,-1,1526.0,25.2
165707,143992,Mage,Arcane,Sunfury,DPS,EU,Murder Row,11,1,1514.6,168266,3,293.0,2026-08-20,0,-1,1526.0,25.2
165719,190298,DeathKnight,Blood,San'layn,Tank,CN,Temple of Sethraliss,8,1,1487.8,103911,0,282.0,2026-08-20,0,-1,1489.0,22.4
165719,204778,Shaman,Restoration,Totemic,Healer,CN,Temple of Sethraliss,8,1,1487.8,22484,0,293.0,2026-08-20,0,-1,1489.0,22.4
165719,204780,Druid,Balance,Elune's Chosen,DPS,CN,Temple of Sethraliss,8,1,1487.8,148420,1,294.0,2026-08-20,0,-1,1489.0,22.4
165719,204781,Mage,Arcane,Sunfury,DPS,CN,Temple of Sethraliss,8,1,1487.8,107208,1,290.0,2026-08-20,0,-1,1489.0,22.4
165719,204779,Hunter,BeastMastery,Pack Leader,DPS,CN,Temple of Sethraliss,8,1,1487.8,158404,0,290.0,2026-08-20,0,-1,1489.0,22.4
165730,24003,Warrior,Protection,Mountain Thane,Tank,EU,Den of Nalorakk,10,1,1694.5,98397,5,293.0,2026-08-19,0,-1,1796.0,6.5
165730,24004,Paladin,Holy,Herald of the Sun,Healer,EU,Den of Nalorakk,10,1,1694.5,24692,4,291.0,2026-08-19,0,-1,1796.0,6.5
165730,24007,Paladin,Retribution,Templar,DPS,EU,Den of Nalorakk,10,1,1694.5,134686,5,293.0,2026-08-19,0,-1,1796.0,6.5
165730,24006,Rogue,Subtlety,Deathstalker,DPS,EU,Den of Nalorakk,10,1,1694.5,123375,4,293.0,2026-08-19,0,-1,1796.0,6.5
165730,24005,Mage,Arcane,Sunfury,DPS,EU,Den of Nalorakk,10,1,1694.5,158988,4,294.0,2026-08-19,0,-1,1796.0,6.5
165731,18593,Paladin,Protection,Templar,Tank,EU,Den of Nalorakk,8,1,1431.7,70754,0,297.0,2026-08-20,0,-1,1423.0,25.9
165731,18594,Shaman,Restoration,Totemic,Healer,EU,Den of Nalorakk,8,1,1431.7,25800,0,303.0,2026-08-20,0,-1,1423.0,25.9
165731,18596,Monk,Windwalker,Conduit of the Celestials,DPS,EU,Den of Nalorakk,8,1,1431.7,192500,0,307.0,2026-08-20,0,-1,1423.0,25.9
165731,168969,Evoker,Augmentation,Scalecommander,DPS,EU,Den of Nalorakk,8,1,1431.7,68935,0,300.0,2026-08-20,0,-1,1423.0,25.9
165731,165530,Warrior,Arms,Slayer,DPS,EU,Den of Nalorakk,8,1,1431.7,98582,0,281.0,2026-08-20,0,-1,1423.0,25.9
165738,54825,Paladin,Protection,Templar,Tank,US,Voidscar Arena,7,1,1484.6,56386,0,293.0,2026-08-19,0,-1,1501.0,16.6
165738,56726,Monk,Mistweaver,Conduit of the Celestials,Healer,US,Voidscar Arena,7,1,1484.6,22507,1,291.0,2026-08-19,0,-1,1501.0,16.6
165738,51318,Paladin,Retribution,Templar,DPS,US,Voidscar Arena,7,1,1484.6,111733,0,297.0,2026-08-19,0,-1,1501.0,16.6
165738,51317,Hunter,Marksmanship,Sentinel,DPS,US,Voidscar Arena,7,1,1484.6,117624,2,288.0,2026-08-19,0,-1,1501.0,16.6
165738,56727,Rogue,Subtlety,Trickster,DPS,US,Voidscar Arena,7,1,1484.6,137192,2,294.0,2026-08-19,0,-1,1501.0,16.6
165751,149229,Druid,Guardian,Elune's Chosen,Tank,EU,Temple of Sethraliss,10,1,1375.6,99709,0,299.0,2026-08-20,0,-1,1382.0,28.0
165751,91701,Priest,Holy,Oracle,Healer,EU,Temple of Sethraliss,10,1,1375.6,11446,0,299.0,2026-08-20,0,-1,1382.0,28.0
165751,79943,Warrior,Arms,Slayer,DPS,EU,Temple of Sethraliss,10,1,1375.6,178789,1,298.0,2026-08-20,0,-1,1382.0,28.0
165751,168274,Mage,Arcane,Sunfury,DPS,EU,Temple of Sethraliss,10,1,1375.6,199571,1,300.0,2026-08-20,0,-1,1382.0,28.0
165751,178775,Warrior,Arms,Slayer,DPS,EU,Temple of Sethraliss,10,1,1375.6,162957,1,298.0,2026-08-20,0,-1,1382.0,28.0
165761,120754,Warrior,Protection,Colossus,Tank,US,Temple of Sethraliss,6,0,2012.7,72439,1,295.0,2026-08-20,0,-1,2050.0,-6.7
165761,119232,Monk,Mistweaver,Conduit of the Celestials,Healer,US,Temple of Sethraliss,6,0,2012.7,6558,1,289.0,2026-08-20,0,-1,2050.0,-6.7
165761,120757,Mage,Arcane,Sunfury,DPS,US,Temple of Sethraliss,6,0,2012.7,64241,1,292.0,2026-08-20,0,-1,2050.0,-6.7
165761,219786,Paladin,Retribution,Templar,DPS,US,Temple of Sethraliss,6,0,2012.7,72052,5,289.0,2026-08-20,0,-1,2050.0,-6.7
165761,219787,Rogue,Subtlety,Trickster,DPS,US,Temple of Sethraliss,6,0,2012.7,109583,1,289.0,2026-08-20,0,-1,2050.0,-6.7
165767,183055,Warrior,Protection,Mountain Thane,Tank,CN,Ruby Life Pools,4,1,1039.0,67037,0,292.0,2026-08-20,0,-1,1030.0,38.7
165767,219788,Shaman,Restoration,Totemic,Healer,CN,Ruby Life Pools,4,1,1039.0,12989,0,291.0,2026-08-20,0,-1,1030.0,38.7
165767,113469,Shaman,Elemental,Farseer,DPS,CN,Ruby Life Pools,4,1,1039.0,116584,1,295.0,2026-08-20,0,-1,1030.0,38.7
165767,183058,Hunter,BeastMastery,Pack Leader,DPS,CN,Ruby Life Pools,4,1,1039.0,112640,0,291.0,2026-08-20,0,-1,1030.0,38.7
165767,219789,Hunter,Marksmanship,Sentinel,DPS,CN,Ruby Life Pools,4,1,1039.0,132201,0,297.0,2026-08-20,0,-1,1030.0,38.7
165771,146051,Paladin,Protection,Lightsmith,Tank,EU,Voidscar Arena,4,1,1058.2,47857,0,287.0,2026-08-19,0,-1,1049.0,41.7
165771,35295,Druid,Restoration,Wildstalker,Healer,EU,Voidscar Arena,4,1,1058.2,2472,0,289.0,2026-08-19,0,-1,1049.0,41.7
165771,129998,Paladin,Retribution,Templar,DPS,EU,Voidscar Arena,4,1,1058.2,117294,0,289.0,2026-08-19,0,-1,1049.0,41.7
165771,116056,Warrior,Arms,Slayer,DPS,EU,Voidscar Arena,4,1,1058.2,110796,1,289.0,2026-08-19,0,-1,1049.0,41.7
165771,73189,Mage,Arcane,Sunfury,DPS,EU,Voidscar Arena,4,1,1058.2,136557,1,291.0,2026-08-19,0,-1,1049.0,41.7
165784,82500,Paladin,Protection,Lightsmith,Tank,US,Murder Row,7,1,1557.0,56630,1,291.0,2026-08-19,0,-1,1574.0,22.8
165784,82501,Paladin,Holy,Herald of the Sun,Healer,US,Murder Row,7,1,1557.0,13355,1,292.0,2026-08-19,0,-1,1574.0,22.8
165784,177499,Druid,Feral,Druid of the Claw,DPS,US,Murder Row,7,1,1557.0,139808,1,295.0,2026-08-19,0,-1,1574.0,22.8
165784,191410,Mage,Arcane,Sunfury,DPS,US,Murder Row,7,1,1557.0,131221,1,289.0,2026-08-19,0,-1,1574.0,22.8
165784,219799,Shaman,Elemental,Farseer,DPS,US,Murder Row,7,1,1557.0,184775,1,296.0,2026-08-19,0,-1,1574.0,22.8
165786,194002,Druid,Guardian,Druid of the Claw,Tank,EU,Kings' Rest,8,1,1549.7,50618,1,292.0,2026-08-20,0,-1,1556.0,21.4
165786,219800,Paladin,Holy,Herald of the Sun,Healer,EU,Kings' Rest,8,1,1549.7,4714,0,295.0,2026-08-20,0,-1,1556.0,21.4
165786,35398,Hunter,BeastMastery,Pack Leader,DPS,EU,Kings' Rest,8,1,1549.7,115394,1,298.0,2026-08-20,0,-1,1556.0,21.4
165786,219801,Warlock,Destruction,Diabolist,DPS,EU,Kings' Rest,8,1,1549.7,117291,0,292.0,2026-08-20,0,-1,1556.0,21.4
165786,219802,DeathKnight,Unholy,Rider of the Apocalypse,DPS,EU,Kings' Rest,8,1,1549.7,106092,1,296.0,2026-08-20,0,-1,1556.0,21.4
165788,73350,DeathKnight,Blood,San'layn,Tank,EU,Den of Nalorakk,10,1,1786.2,103167,0,300.0,2026-08-20,0,-1,1798.0,6.4
165788,69583,Shaman,Restoration,Totemic,Healer,EU,Den of Nalorakk,10,1,1786.2,56,2,295.0,2026-08-20,0,-1,1798.0,6.4
165788,156881,Mage,Arcane,Sunfury,DPS,EU,Den of Nalorakk,10,1,1786.2,142405,0,295.0,2026-08-20,0,-1,1798.0,6.4
165788,57091,Hunter,Survival,Sentinel,DPS,EU,Den of Nalorakk,10,1,1786.2,108743,0,285.0,2026-08-20,0,-1,1798.0,6.4
165788,86638,Paladin,Retribution,Templar,DPS,EU,Den of Nalorakk,10,1,1786.2,128606,2,306.0,2026-08-20,0,-1,1798.0,6.4
165796,148055,Warrior,Protection,Mountain Thane,Tank,US,Voidscar Arena,5,1,907.0,80450,0,293.0,2026-08-19,0,-1,898.0,50.1
165796,59274,Paladin,Holy,Herald of the Sun,Healer,US,Voidscar Arena,5,1,907.0,9915,0,290.0,2026-08-19,0,-1,898.0,50.1
165796,148056,Warlock,Destruction,Diabolist,DPS,US,Voidscar Arena,5,1,907.0,114843,0,292.0,2026-08-19,0,-1,898.0,50.1
165796,148057,Hunter,BeastMastery,Pack Leader,DPS,US,Voidscar Arena,5,1,907.0,140047,0,290.0,2026-08-19,0,-1,898.0,50.1
165796,59277,Evoker,Devastation,Scalecommander,DPS,US,Voidscar Arena,5,1,907.0,142948,0,292.0,2026-08-19,0,-1,898.0,50.1
165803,181520,Druid,Guardian,Elune's Chosen,Tank,US,Den of Nalorakk,8,1,1797.5,75550,0,296.0,2026-08-20,0,-1,1819.0,5.2
165803,219815,Priest,Holy,Archon,Healer,US,Den of Nalorakk,8,1,1797.5,8283,1,293.0,2026-08-20,0,-1,1819.0,5.2
165803,3103,Monk,Windwalker,Shado-Pan,DPS,US,Den of Nalorakk,8,1,1797.5,139606,0,300.0,2026-08-20,0,-1,1819.0,5.2
165803,219816,Warlock,Affliction,Soul Harvester,DPS,US,Den of Nalorakk,8,1,1797.5,77364,2,294.0,2026-08-20,0,-1,1819.0,5.2
165803,219817,Mage,Frost,Spellslinger,DPS,US,Den of Nalorakk,8,1,1797.5,150992,1,296.0,2026-08-20,0,-1,1819.0,5.2
165804,13786,DeathKnight,Blood,Deathbringer,Tank,US,Altar of Fangs,10,1,1473.5,109581,0,293.0,2026-08-18,0,-1,1466.0,18.6
165804,13787,Shaman,Restoration,Totemic,Healer,US,Altar of Fangs,10,1,1473.5,22308,0,292.0,2026-08-18,0,-1,1466.0,18.6
165804,13788,DeathKnight,Unholy,Rider of the Apocalypse,DPS,US,Altar of Fangs,10,1,1473.5,191562,0,292.0,2026-08-18,0,-1,1466.0,18.6
165804,13789,Rogue,Subtlety,Deathstalker,DPS,US,Altar of Fangs,10,1,1473.5,169361,0,296.0,2026-08-18,0,-1,1466.0,18.6
165804,11901,Mage,Arcane,Sunfury,DPS,US,Altar of Fangs,10,1,1473.5,199595,0,293.0,2026-08-18,0,-1,1466.0,18.6
165820,87224,Paladin,Protection,Lightsmith,Tank,EU,Murder Row,10,1,1722.8,103015,0,297.0,2026-08-20,0,-1,1714.0,16.0
165820,27669,Druid,Restoration,Wildstalker,Healer,EU,Murder Row,10,1,1722.8,9134,0,301.0,2026-08-20,0,-1,1714.0,16.0
165820,183642,Shaman,Elemental,Farseer,DPS,EU,Murder Row,10,1,1722.8,161502,0,300.0,2026-08-20,0,-1,1714.0,16.0
165820,109968,Warlock,Demonology,Diabolist,DPS,EU,Murder Row,10,1,1722.8,191931,0,303.0,2026-08-20,0,-1,1714.0,16.0
165820,183641,DeathKnight,Frost,Deathbringer,DPS,EU,Murder Row,10,1,1722.8,112168,0,292.0,2026-08-20,0,-1,1714.0,16.0
165821,73367,Paladin,Protection,Lightsmith,Tank,US,Temple of Sethraliss,9,1,1487.0,81895,0,293.0,2026-08-19,0,-1,1489.0,22.4
165821,47412,Shaman,Restoration,Totemic,Healer,US,Temple of Sethraliss,9,1,1487.0,20026,0,296.0,2026-08-19,0,-1,1489.0,22.4
165821,85297,Paladin,Retribution,Herald of the Sun,DPS,US,Temple of Sethraliss,9,1,1487.0,158179,0,291.0,2026-08-19,0,-1,1489.0,22.4
165821,73371,Warrior,Arms,Slayer,DPS,US,Temple of Sethraliss,9,1,1487.0,160353,0,292.0,2026-08-19,0,-1,1489.0,22.4
165821,73369,Warlock,Affliction,Soul Harvester,DPS,US,Temple of Sethraliss,9,1,1487.0,161277,2,291.0,2026-08-19,0,-1,1489.0,22.4
165833,146937,Paladin,Protection,Lightsmith,Tank,EU,Altar of Fangs,11,1,1525.7,93448,0,299.0,2026-08-20,0,-1,1522.0,15.4
165833,45274,Priest,Holy,Oracle,Healer,EU,Altar of Fangs,11,1,1525.7,14837,1,295.0,2026-08-20,0,-1,1522.0,15.4
165833,25319,Warrior,Arms,Slayer,DPS,EU,Altar of Fangs,11,1,1525.7,225143,0,306.0,2026-08-20,0,-1,1522.0,15.4
165833,23580,Paladin,Retribution,Templar,DPS,EU,Altar of Fangs,11,1,1525.7,191585,0,304.0,2026-08-20,0,-1,1522.0,15.4
165833,219838,Shaman,Elemental,Farseer,DPS,EU,Altar of Fangs,11,1,1525.7,221014,0,303.0,2026-08-20,0,-1,1522.0,15.4
165834,66845,DeathKnight,Blood,San'layn,Tank,US,Voidscar Arena,7,1,1478.5,79904,1,294.0,2026-08-18,0,-1,1540.0,14.5
165834,59390,Priest,Holy,Oracle,Healer,US,Voidscar Arena,7,1,1478.5,12555,4,271.0,2026-08-18,0,-1,1540.0,14.5
165834,36242,Paladin,Retribution,Templar,DPS,US,Voidscar Arena,7,1,1478.5,125251,3,291.0,2026-08-18,0,-1,1540.0,14.5
165834,66848,Mage,Arcane,Sunfury,DPS,US,Voidscar Arena,7,1,1478.5,121981,2,292.0,2026-08-18,0,-1,1540.0,14.5
165834,219839,Hunter,BeastMastery,Pack Leader,DPS,US,Voidscar Arena,7,1,1478.5,121756,2,294.0,2026-08-18,0,-1,1540.0,14.5
165840,11373,Warrior,Protection,Mountain Thane,Tank,US,Altar of Fangs,11,0,1766.5,106648,1,294.0,2026-08-19,0,-1,1803.0,-0.2
165840,11374,Shaman,Restoration,Totemic,Healer,US,Altar of Fangs,11,0,1766.5,14156,1,295.0,2026-08-19,0,-1,1803.0,-0.2
165840,22186,Priest,Shadow,Archon,DPS,US,Altar of Fangs,11,0,1766.5,194376,3,293.0,2026-08-19,0,-1,1803.0,-0.2
165840,7594,DemonHunter,Devourer,Annihilator,DPS,US,Altar of Fangs,11,0,1766.5,219879,2,297.0,2026-08-19,0,-1,1803.0,-0.2
165840,219843,Mage,Frost,Spellslinger,DPS,US,Altar of Fangs,11,0,1766.5,136113,2,292.0,2026-08-19,0,-1,1803.0,-0.2
165851,52210,DeathKnight,Blood,San'layn,Tank,EU,Temple of Sethraliss,11,0,2029.6,66723,0,291.0,2026-08-19,0,-1,2032.0,-5.8
165851,104374,Druid,Restoration,Wildstalker,Healer,EU,Temple of Sethraliss,11,0,2029.6,5534,1,290.0,2026-08-19,0,-1,2032.0,-5.8
165851,52214,Warlock,Affliction,Soul Harvester,DPS,EU,Temple of Sethraliss,11,0,2029.6,126623,1,294.0,2026-08-19,0,-1,2032.0,-5.8
165851,98677,Hunter,Survival,Sentinel,DPS,EU,Temple of Sethraliss,11,0,2029.6,139503,0,294.0,2026-08-19,0,-1,2032.0,-5.8
165851,52212,Mage,Arcane,Sunfury,DPS,EU,Temple of Sethraliss,11,0,2029.6,160893,0,295.0,2026-08-19,0,-1,2032.0,-5.8
165870,21904,DeathKnight,Blood,San'layn,Tank,EU,Temple of Sethraliss,11,1,1672.0,92054,0,294.0,2026-08-19,0,-1,1704.0,11.3
165870,21905,Evoker,Preservation,Flameshaper,Healer,EU,Temple of Sethraliss,11,1,1672.0,21787,3,291.0,2026-08-19,0,-1,1704.0,11.3
165870,77958,Druid,Feral,Druid of the Claw,DPS,EU,Temple of Sethraliss,11,1,1672.0,159712,1,297.0,2026-08-19,0,-1,1704.0,11.3
165870,21906,DeathKnight,Unholy,San'layn,DPS,EU,Temple of Sethraliss,11,1,1672.0,196985,0,293.0,2026-08-19,0,-1,1704.0,11.3
165870,21908,Hunter,BeastMastery,Pack Leader,DPS,EU,Temple of Sethraliss,11,1,1672.0,160388,4,297.0,2026-08-19,0,-1,1704.0,11.3
165889,219875,Druid,Guardian,Elune's Chosen,Tank,EU,Voidscar Arena,8,1,1673.9,75258,2,292.0,2026-08-19,0,-1,1755.0,2.5
165889,219876,Priest,Discipline,Oracle,Healer,EU,Voidscar Arena,8,1,1673.9,10128,6,284.0,2026-08-19,0,-1,1755.0,2.5
165889,55851,Shaman,Elemental,Farseer,DPS,EU,Voidscar Arena,8,1,1673.9,103000,4,288.0,2026-08-19,0,-1,1755.0,2.5
165889,146106,Mage,Arcane,Sunfury,DPS,EU,Voidscar Arena,8,1,1673.9,117666,4,285.0,2026-08-19,0,-1,1755.0,2.5
165889,117289,Warlock,Demonology,Diabolist,DPS,EU,Voidscar Arena,8,1,1673.9,145978,2,295.0,2026-08-19,0,-1,1755.0,2.5
165892,71567,Monk,Brewmaster,Master of Harmony,Tank,EU,Ruby Life Pools,6,1,933.0,85301,0,291.0,2026-08-20,0,-1,925.0,44.9
165892,71568,Paladin,Holy,Herald of the Sun,Healer,EU,Ruby Life Pools,6,1,933.0,15897,0,297.0,2026-08-20,0,-1,925.0,44.9
165892,101395,DemonHunter,Havoc,Fel-Scarred,DPS,EU,Ruby Life Pools,6,1,933.0,144562,0,294.0,2026-08-20,0,-1,925.0,44.9
165892,71569,Shaman,Elemental,Stormbringer,DPS,EU,Ruby Life Pools,6,1,933.0,141093,0,299.0,2026-08-20,0,-1,925.0,44.9
165892,101394,DemonHunter,Devourer,Annihilator,DPS,EU,Ruby Life Pools,6,1,933.0,175287,0,294.0,2026-08-20,0,-1,925.0,44.9
165893,219879,DeathKnight,Blood,San'layn,Tank,CN,The Blinding Vale,9,1,1192.4,135378,0,301.0,2026-08-20,0,-1,1194.0,33.7
165893,219880,Paladin,Holy,Lightsmith,Healer,CN,The Blinding Vale,9,1,1192.4,38738,0,297.0,2026-08-20,0,-1,1194.0,33.7
165893,219881,Monk,Windwalker,Conduit of the Celestials,DPS,CN,The Blinding Vale,9,1,1192.4,172728,0,291.0,2026-08-20,0,-1,1194.0,33.7
165893,219882,Warrior,Arms,Slayer,DPS,CN,The Blinding Vale,9,1,1192.4,217120,0,296.0,2026-08-20,0,-1,1194.0,33.7
165893,219883,Mage,Arcane,Sunfury,DPS,CN,The Blinding Vale,9,1,1192.4,185832,2,295.0,2026-08-20,0,-1,1194.0,33.7
165897,66206,Warrior,Protection,Mountain Thane,Tank,US,Murder Row,2,1,1224.7,76052,0,292.0,2026-08-18,0,-1,1216.0,40.4
165897,66207,Druid,Restoration,Wildstalker,Healer,US,Murder Row,2,1,1224.7,13119,0,292.0,2026-08-18,0,-1,1216.0,40.4
165897,176883,Hunter,BeastMastery,Pack Leader,DPS,US,Murder Row,2,1,1224.7,112698,0,296.0,2026-08-18,0,-1,1216.0,40.4
165897,66208,Monk,Windwalker,Shado-Pan,DPS,US,Murder Row,2,1,1224.7,80483,0,292.0,2026-08-18,0,-1,1216.0,40.4
165897,66209,Warlock,Demonology,Diabolist,DPS,US,Murder Row,2,1,1224.7,82934,0,292.0,2026-08-18,0,-1,1216.0,40.4
165898,4256,DemonHunter,Vengeance,Annihilator,Tank,US,Voidscar Arena,10,1,1322.5,112981,0,300.0,2026-08-19,0,-1,1344.0,25.3
165898,8158,Shaman,Restoration,Totemic,Healer,US,Voidscar Arena,10,1,1322.5,10695,1,291.0,2026-08-19,0,-1,1344.0,25.3
165898,75455,Priest,Shadow,Archon,DPS,US,Voidscar Arena,10,1,1322.5,160286,2,293.0,2026-08-19,0,-1,1344.0,25.3
165898,4259,Warrior,Arms,Slayer,DPS,US,Voidscar Arena,10,1,1322.5,181443,2,296.0,2026-08-19,0,-1,1344.0,25.3
165898,114715,Hunter,BeastMastery,Pack Leader,DPS,US,Voidscar Arena,10,1,1322.5,132914,1,291.0,2026-08-19,0,-1,1344.0,25.3
165899,16746,Warrior,Protection,Mountain Thane,Tank,EU,Voidscar Arena,10,0,1852.1,87446,3,292.0,2026-08-19,0,-1,1924.0,-6.9
165899,119095,Priest,Discipline,Oracle,Healer,EU,Voidscar Arena,10,0,1852.1,13240,3,292.0,2026-08-19,0,-1,1924.0,-6.9
165899,16750,Mage,Arcane,Sunfury,DPS,EU,Voidscar Arena,10,0,1852.1,132869,3,289.0,2026-08-19,0,-1,1924.0,-6.9
165899,16749,Shaman,Elemental,Farseer,DPS,EU,Voidscar Arena,10,0,1852.1,172712,3,299.0,2026-08-19,0,-1,1924.0,-6.9
165899,26255,Hunter,BeastMastery,Pack Leader,DPS,EU,Voidscar Arena,10,0,1852.1,127102,4,299.0,2026-08-19,0,-1,1924.0,-6.9
165920,149996,DeathKnight,Blood,San'layn,Tank,EU,Murder Row,11,1,1572.8,99791,0,303.0,2026-08-20,0,-1,1565.0,23.3
165920,107006,Shaman,Restoration,Totemic,Healer,EU,Murder Row,11,1,1572.8,28317,0,304.0,2026-08-20,0,-1,1565.0,23.3
165920,14939,DemonHunter,Devourer,Void-Scarred,DPS,EU,Murder Row,11,1,1572.8,207710,0,305.0,2026-08-20,0,-1,1565.0,23.3
165920,57866,Mage,Arcane,Sunfury,DPS,EU,Murder Row,11,1,1572.8,166908,0,298.0,2026-08-20,0,-1,1565.0,23.3
165920,14940,Priest,Shadow,Archon,DPS,EU,Murder Row,11,1,1572.8,159404,0,300.0,2026-08-20,0,-1,1565.0,23.3
165922,168873,DeathKnight,Blood,San'layn,Tank,KR,Voidscar Arena,2,1,1031.2,52492,0,286.0,2026-08-20,0,-1,1023.0,43.2
165922,168874,Paladin,Holy,Herald of the Sun,Healer,KR,Voidscar Arena,2,1,1031.2,7869,0,291.0,2026-08-20,0,-1,1023.0,43.2
165922,168876,Warrior,Arms,Slayer,DPS,KR,Voidscar Arena,2,1,1031.2,67761,0,291.0,2026-08-20,0,-1,1023.0,43.2
165922,168875,Rogue,Outlaw,Trickster,DPS,KR,Voidscar Arena,2,1,1031.2,121077,0,291.0,2026-08-20,0,-1,1023.0,43.2
165922,168877,Hunter,BeastMastery,Pack Leader,DPS,KR,Voidscar Arena,2,1,1031.2,104568,0,291.0,2026-08-20,0,-1,1023.0,43.2
165929,219899,Druid,Guardian,Elune's Chosen,Tank,CN,Kings' Rest,5,1,1450.9,51582,0,293.0,2026-08-20,0,-1,1443.0,27.1
165929,219900,Paladin,Holy,Herald of the Sun,Healer,CN,Kings' Rest,5,1,1450.9,3944,2,290.0,2026-08-20,0,-1,1443.0,27.1
165929,219901,DemonHunter,Devourer,Annihilator,DPS,CN,Kings' Rest,5,1,1450.9,79488,4,294.0,2026-08-20,0,-1,1443.0,27.1
165929,219902,Mage,Arcane,Sunfury,DPS,CN,Kings' Rest,5,1,1450.9,92366,2,291.0,2026-08-20,0,-1,1443.0,27.1
165929,219903,Warrior,Arms,Slayer,DPS,CN,Kings' Rest,5,1,1450.9,83639,1,295.0,2026-08-20,0,-1,1443.0,27.1
165932,86108,DemonHunter,Vengeance,Annihilator,Tank,US,Kings' Rest,10,1,1647.8,58319,0,289.0,2026-08-18,0,-1,1649.0,16.7
165932,86109,Monk,Mistweaver,Conduit of the Celestials,Healer,US,Kings' Rest,10,1,1647.8,32826,1,293.0,2026-08-18,0,-1,1649.0,16.7
165932,86111,Druid,Balance,Elune's Chosen,DPS,US,Kings' Rest,10,1,1647.8,111012,0,290.0,2026-08-18,0,-1,1649.0,16.7
165932,59093,Warlock,Demonology,Diabolist,DPS,US,Kings' Rest,10,1,1647.8,125577,1,291.0,2026-08-18,0,-1,1649.0,16.7
165932,9940,Warlock,Demonology,Diabolist,DPS,US,Kings' Rest,10,1,1647.8,148841,0,292.0,2026-08-18,0,-1,1649.0,16.7
165955,219918,Warrior,Protection,Mountain Thane,Tank,EU,The Blinding Vale,7,1,1405.9,98742,0,281.0,2026-08-19,0,-1,1423.0,21.0
165955,219919,Druid,Restoration,Wildstalker,Healer,EU,The Blinding Vale,7,1,1405.9,8751,1,292.0,2026-08-19,0,-1,1423.0,21.0
165955,36310,Monk,Windwalker,Shado-Pan,DPS,EU,The Blinding Vale,7,1,1405.9,147730,0,298.0,2026-08-19,0,-1,1423.0,21.0
165955,95291,DemonHunter,Devourer,Annihilator,DPS,EU,The Blinding Vale,7,1,1405.9,126099,2,296.0,2026-08-19,0,-1,1423.0,21.0
165955,67854,Warrior,Arms,Slayer,DPS,EU,The Blinding Vale,7,1,1405.9,180917,2,289.0,2026-08-19,0,-1,1423.0,21.0
165957,137211,DeathKnight,Blood,San'layn,Tank,EU,Murder Row,8,1,1585.3,100139,0,295.0,2026-08-20,0,-1,1596.0,21.7
165957,193241,Shaman,Restoration,Totemic,Healer,EU,Murder Row,8,1,1585.3,11186,0,287.0,2026-08-20,0,-1,1596.0,21.7
165957,211969,Rogue,Outlaw,Trickster,DPS,EU,Murder Row,8,1,1585.3,134492,1,293.0,2026-08-20,0,-1,1596.0,21.7
165957,219920,Warrior,Arms,Slayer,DPS,EU,Murder Row,8,1,1585.3,130315,2,282.0,2026-08-20,0,-1,1596.0,21.7
165957,77104,Hunter,BeastMastery,Pack Leader,DPS,EU,Murder Row,8,1,1585.3,140023,1,300.0,2026-08-20,0,-1,1596.0,21.7
165964,187882,DeathKnight,Blood,San'layn,Tank,CN,Voidscar Arena,9,1,1721.9,76445,1,280.0,2026-08-20,0,-1,1758.0,2.3
165964,187883,Paladin,Holy,Lightsmith,Healer,CN,Voidscar Arena,9,1,1721.9,9251,2,275.0,2026-08-20,0,-1,1758.0,2.3
165964,187885,DeathKnight,Unholy,Rider of the Apocalypse,DPS,CN,Voidscar Arena,9,1,1721.9,128014,1,293.0,2026-08-20,0,-1,1758.0,2.3
165964,187886,Hunter,BeastMastery,Pack Leader,DPS,CN,Voidscar Arena,9,1,1721.9,132350,3,293.0,2026-08-20,0,-1,1758.0,2.3
165964,187884,Paladin,Retribution,Templar,DPS,CN,Voidscar Arena,9,1,1721.9,116938,2,292.0,2026-08-20,0,-1,1758.0,2.3
165969,24507,DeathKnight,Blood,San'layn,Tank,EU,Murder Row,10,1,1530.3,102368,1,293.0,2026-08-20,0,-1,1532.0,24.9
165969,200812,Shaman,Restoration,Totemic,Healer,EU,Murder Row,10,1,1530.3,15421,1,294.0,2026-08-20,0,-1,1532.0,24.9
165969,20367,Mage,Arcane,Sunfury,DPS,EU,Murder Row,10,1,1530.3,177791,0,298.0,2026-08-20,0,-1,1532.0,24.9
165969,69694,Druid,Balance,Elune's Chosen,DPS,EU,Murder Row,10,1,1530.3,140137,0,299.0,2026-08-20,0,-1,1532.0,24.9
165969,20368,Hunter,BeastMastery,Pack Leader,DPS,EU,Murder Row,10,1,1530.3,166257,0,295.0,2026-08-20,0,-1,1532.0,24.9
165972,219936,DeathKnight,Blood,San'layn,Tank,CN,Voidscar Arena,11,0,1795.9,72662,2,303.0,2026-08-20,0,-1,1838.0,-2.1
165972,219937,Shaman,Restoration,Totemic,Healer,CN,Voidscar Arena,11,0,1795.9,15651,1,301.0,2026-08-20,0,-1,1838.0,-2.1
165972,187180,Paladin,Retribution,Herald of the Sun,DPS,CN,Voidscar Arena,11,0,1795.9,177381,2,297.0,2026-08-20,0,-1,1838.0,-2.1
165972,205037,DeathKnight,Unholy,San'layn,DPS,CN,Voidscar Arena,11,0,1795.9,123401,2,286.0,2026-08-20,0,-1,1838.0,-2.1
165972,205038,Shaman,Elemental,Farseer,DPS,CN,Voidscar Arena,11,0,1795.9,148441,3,294.0,2026-08-20,0,-1,1838.0,-2.1
165978,133390,DeathKnight,Blood,San'layn,Tank,US,Den of Nalorakk,2,1,1108.3,61131,0,293.0,2026-08-19,0,-1,1100.0,42.7
165978,164491,Evoker,Preservation,Flameshaper,Healer,US,Den of Nalorakk,2,1,1108.3,14743,1,287.0,2026-08-19,0,-1,1100.0,42.7
165978,133391,Shaman,Elemental,Farseer,DPS,US,Den of Nalorakk,2,1,1108.3,112962,1,294.0,2026-08-19,0,-1,1100.0,42.7
165978,133392,Paladin,Retribution,Templar,DPS,US,Den of Nalorakk,2,1,1108.3,88599,0,288.0,2026-08-19,0,-1,1100.0,42.7
165978,133394,DeathKnight,Frost,Rider of the Apocalypse,DPS,US,Den of Nalorakk,2,1,1108.3,64088,2,288.0,2026-08-19,0,-1,1100.0,42.7
165979,67802,DeathKnight,Blood,San'layn,Tank,US,Temple of Sethraliss,11,0,1879.9,72004,1,287.0,2026-08-18,0,-1,1956.0,-1.9
165979,67803,Priest,Discipline,Voidweaver,Healer,US,Temple of Sethraliss,11,0,1879.9,22062,6,293.0,2026-08-18,0,-1,1956.0,-1.9
165979,67804,DeathKnight,Unholy,San'layn,DPS,US,Temple of Sethraliss,11,0,1879.9,155604,2,294.0,2026-08-18,0,-1,1956.0,-1.9
165979,67805,Evoker,Devastation,Scalecommander,DPS,US,Temple of Sethraliss,11,0,1879.9,163492,5,293.0,2026-08-18,0,-1,1956.0,-1.9
165979,67806,Warlock,Demonology,Diabolist,DPS,US,Temple of Sethraliss,11,0,1879.9,148951,3,290.0,2026-08-18,0,-1,1956.0,-1.9
165986,72678,Paladin,Protection,Lightsmith,Tank,EU,The Blinding Vale,11,0,1871.0,90383,0,295.0,2026-08-19,0,-1,1882.0,-4.6
165986,72679,Priest,Holy,Oracle,Healer,EU,The Blinding Vale,11,0,1871.0,20316,0,295.0,2026-08-19,0,-1,1882.0,-4.6
165986,72682,Rogue,Assassination,Deathstalker,DPS,EU,The Blinding Vale,11,0,1871.0,147055,1,288.0,2026-08-19,0,-1,1882.0,-4.6
165986,72680,Warrior,Arms,Slayer,DPS,EU,The Blinding Vale,11,0,1871.0,130446,3,279.0,2026-08-19,0,-1,1882.0,-4.6
165986,72681,Shaman,Elemental,Farseer,DPS,EU,The Blinding Vale,11,0,1871.0,135088,0,292.0,2026-08-19,0,-1,1882.0,-4.6
165989,31957,DeathKnight,Blood,Deathbringer,Tank,EU,Voidscar Arena,11,1,1729.8,77809,1,293.0,2026-08-20,0,-1,1786.0,0.8
165989,116533,Priest,Discipline,Oracle,Healer,EU,Voidscar Arena,11,1,1729.8,14193,2,298.0,2026-08-20,0,-1,1786.0,0.8
165989,121496,Shaman,Elemental,Farseer,DPS,EU,Voidscar Arena,11,1,1729.8,169582,3,297.0,2026-08-20,0,-1,1786.0,0.8
165989,219948,Rogue,Assassination,Deathstalker,DPS,EU,Voidscar Arena,11,1,1729.8,116824,6,293.0,2026-08-20,0,-1,1786.0,0.8
165989,23619,Mage,Arcane,Sunfury,DPS,EU,Voidscar Arena,11,1,1729.8,161289,1,299.0,2026-08-20,0,-1,1786.0,0.8
166004,30630,Monk,Brewmaster,Master of Harmony,Tank,EU,Altar of Fangs,10,1,1658.8,93962,1,298.0,2026-08-19,0,-1,1690.0,6.1
166004,123903,Shaman,Restoration,Totemic,Healer,EU,Altar of Fangs,10,1,1658.8,17423,2,293.0,2026-08-19,0,-1,1690.0,6.1
166004,30632,Priest,Shadow,Voidweaver,DPS,EU,Altar of Fangs,10,1,1658.8,177871,1,297.0,2026-08-19,0,-1,1690.0,6.1
166004,30634,Druid,Balance,Elune's Chosen,DPS,EU,Altar of Fangs,10,1,1658.8,205019,1,295.0,2026-08-19,0,-1,1690.0,6.1
166004,36731,DemonHunter,Devourer,Annihilator,DPS,EU,Altar of Fangs,10,1,1658.8,201482,3,299.0,2026-08-19,0,-1,1690.0,6.1
166011,604,DeathKnight,Blood,San'layn,Tank,US,Voidscar Arena,10,1,1090.5,135197,0,313.0,2026-08-20,0,-1,1082.0,39.9
166011,113303,Shaman,Restoration,Totemic,Healer,US,Voidscar Arena,10,1,1090.5,22703,0,300.0,2026-08-20,0,-1,1082.0,39.9
166011,162115,Warrior,Arms,Slayer,DPS,US,Voidscar Arena,10,1,1090.5,187782,0,307.0,2026-08-20,0,-1,1082.0,39.9
166011,608,Paladin,Retribution,Herald of the Sun,DPS,US,Voidscar Arena,10,1,1090.5,230924,0,307.0,2026-08-20,0,-1,1082.0,39.9
166011,4005,Warlock,Destruction,Diabolist,DPS,US,Voidscar Arena,10,1,1090.5,229012,0,306.0,2026-08-20,0,-1,1082.0,39.9
166013,199364,DeathKnight,Blood,San'layn,Tank,EU,Temple of Sethraliss,10,1,1413.2,111604,0,303.0,2026-08-20,0,-1,1410.0,26.6
166013,108676,Evoker,Preservation,Flameshaper,Healer,EU,Temple of Sethraliss,10,1,1413.2,30875,0,294.0,2026-08-20,0,-1,1410.0,26.6
166013,165133,Mage,Arcane,Sunfury,DPS,EU,Temple of Sethraliss,10,1,1413.2,173576,1,293.0,2026-08-20,0,-1,1410.0,26.6
166013,219962,Priest,Shadow,Archon,DPS,EU,Temple of Sethraliss,10,1,1413.2,196886,0,302.0,2026-08-20,0,-1,1410.0,26.6
166013,25567,DeathKnight,Unholy,Rider of the Apocalypse,DPS,EU,Temple of Sethraliss,10,1,1413.2,159607,0,294.0,2026-08-20,0,-1,1410.0,26.6
166020,119607,DemonHunter,Vengeance,Annihilator,Tank,US,Altar of Fangs,9,1,1614.8,99394,1,295.0,2026-08-20,0,-1,1637.0,9.1
166020,219968,Priest,Discipline,Oracle,Healer,US,Altar of Fangs,9,1,1614.8,19727,2,292.0,2026-08-20,0,-1,1637.0,9.1
166020,113517,Paladin,Retribution,Templar,DPS,US,Altar of Fangs,9,1,1614.8,183275,1,293.0,2026-08-20,0,-1,1637.0,9.1
166020,146168,Mage,Arcane,Sunfury,DPS,US,Altar of Fangs,9,1,1614.8,169519,1,291.0,2026-08-20,0,-1,1637.0,9.1
166020,93724,Druid,Balance,Elune's Chosen,DPS,US,Altar of Fangs,9,1,1614.8,135819,1,291.0,2026-08-20,0,-1,1637.0,9.1
166027,15221,DeathKnight,Blood,San'layn,Tank,EU,Altar of Fangs,10,1,1723.7,102827,2,295.0,2026-08-19,0,-1,1791.0,0.5
166027,15220,Evoker,Preservation,Flameshaper,Healer,EU,Altar of Fangs,10,1,1723.7,38271,3,296.0,2026-08-19,0,-1,1791.0,0.5
166027,19254,Evoker,Augmentation,Scalecommander,DPS,EU,Altar of Fangs,10,1,1723.7,130330,6,293.0,2026-08-19,0,-1,1791.0,0.5
166027,14193,DemonHunter,Devourer,Annihilator,DPS,EU,Altar of Fangs,10,1,1723.7,184492,2,294.0,2026-08-19,0,-1,1791.0,0.5
166027,20689,Druid,Balance,Elune's Chosen,DPS,EU,Altar of Fangs,10,1,1723.7,144851,2,293.0,2026-08-19,0,-1,1791.0,0.5
166035,56464,DemonHunter,Vengeance,Annihilator,Tank,EU,The Blinding Vale,10,1,1620.7,118456,0,293.0,2026-08-19,0,-1,1622.0,9.9
166035,68644,Paladin,Holy,Herald of the Sun,Healer,EU,The Blinding Vale,10,1,1620.7,16555,1,295.0,2026-08-19,0,-1,1622.0,9.9
166035,68647,Warlock,Destruction,Diabolist,DPS,EU,The Blinding Vale,10,1,1620.7,166833,0,292.0,2026-08-19,0,-1,1622.0,9.9
166035,68645,Shaman,Enhancement,Stormbringer,DPS,EU,The Blinding Vale,10,1,1620.7,142736,1,288.0,2026-08-19,0,-1,1622.0,9.9
166035,68646,Priest,Shadow,Archon,DPS,EU,The Blinding Vale,10,1,1620.7,196726,0,295.0,2026-08-19,0,-1,1622.0,9.9
166037,22524,Warrior,Protection,Mountain Thane,Tank,EU,Voidscar Arena,5,1,883.8,86690,1,289.0,2026-08-19,0,-1,875.0,51.4
166037,32956,Priest,Holy,Oracle,Healer,EU,Voidscar Arena,5,1,883.8,23515,0,292.0,2026-08-19,0,-1,875.0,51.4
166037,34835,Druid,Balance,Elune's Chosen,DPS,EU,Voidscar Arena,5,1,883.8,118098,0,285.0,2026-08-19,0,-1,875.0,51.4
166037,137744,Rogue,Subtlety,Deathstalker,DPS,EU,Voidscar Arena,5,1,883.8,128290,0,294.0,2026-08-19,0,-1,875.0,51.4
166037,12936,Mage,Arcane,Sunfury,DPS,EU,Voidscar Arena,5,1,883.8,157147,0,293.0,2026-08-19,0,-1,875.0,51.4
166039,109758,DeathKnight,Blood,San'layn,Tank,EU,The Blinding Vale,10,0,1898.3,97933,3,294.0,2026-08-19,0,-1,1990.0,-10.6
166039,122631,Monk,Mistweaver,Conduit of the Celestials,Healer,EU,The Blinding Vale,10,0,1898.3,34229,5,292.0,2026-08-19,0,-1,1990.0,-10.6
166039,90648,DeathKnight,Unholy,Rider of the Apocalypse,DPS,EU,The Blinding Vale,10,0,1898.3,150878,3,295.0,2026-08-19,0,-1,1990.0,-10.6
166039,109761,Warrior,Arms,Slayer,DPS,EU,The Blinding Vale,10,0,1898.3,151588,6,294.0,2026-08-19,0,-1,1990.0,-10.6
166039,109760,Mage,Frost,Spellslinger,DPS,EU,The Blinding Vale,10,0,1898.3,148976,4,292.0,2026-08-19,0,-1,1990.0,-10.6
166045,19883,Paladin,Protection,Templar,Tank,EU,Altar of Fangs,10,1,1319.0,102548,1,291.0,2026-08-19,0,-1,1340.0,25.5
166045,17526,Druid,Restoration,Wildstalker,Healer,EU,Altar of Fangs,10,1,1319.0,18259,1,295.0,2026-08-19,0,-1,1340.0,25.5
166045,19886,Shaman,Elemental,Farseer,DPS,EU,Altar of Fangs,10,1,1319.0,247732,1,292.0,2026-08-19,0,-1,1340.0,25.5
166045,19885,Rogue,Subtlety,Deathstalker,DPS,EU,Altar of Fangs,10,1,1319.0,190121,1,293.0,2026-08-19,0,-1,1340.0,25.5
166045,19884,Mage,Arcane,Sunfury,DPS,EU,Altar of Fangs,10,1,1319.0,216177,2,297.0,2026-08-19,0,-1,1340.0,25.5
166063,99706,Paladin,Protection,Templar,Tank,US,Murder Row,10,1,1904.0,58874,2,288.0,2026-08-19,0,-1,1940.0,4.9
166063,219988,Druid,Restoration,Wildstalker,Healer,US,Murder Row,10,1,1904.0,7821,1,291.0,2026-08-19,0,-1,1940.0,4.9
166063,219989,Paladin,Retribution,Herald of the Sun,DPS,US,Murder Row,10,1,1904.0,174534,2,294.0,2026-08-19,0,-1,1940.0,4.9
166063,99708,DemonHunter,Devourer,Void-Scarred,DPS,US,Murder Row,10,1,1904.0,126130,1,292.0,2026-08-19,0,-1,1940.0,4.9
166063,21767,Mage,Arcane,Sunfury,DPS,US,Murder Row,10,1,1904.0,189093,3,295.0,2026-08-19,0,-1,1940.0,4.9
166083,147228,DemonHunter,Vengeance,Annihilator,Tank,EU,Ruby Life Pools,2,1,860.6,88694,1,283.0,2026-08-19,0,-1,852.0,49.3
166083,147229,Priest,Discipline,Oracle,Healer,EU,Ruby Life Pools,2,1,860.6,12892,1,292.0,2026-08-19,0,-1,852.0,49.3
166083,124474,Warrior,Arms,Colossus,DPS,EU,Ruby Life Pools,2,1,860.6,100205,0,293.0,2026-08-19,0,-1,852.0,49.3
166083,62998,Warlock,Destruction,Hellcaller,DPS,EU,Ruby Life Pools,2,1,860.6,124269,0,294.0,2026-08-19,0,-1,852.0,49.3
166083,147231,Rogue,Subtlety,Deathstalker,DPS,EU,Ruby Life Pools,2,1,860.6,110361,0,291.0,2026-08-19,0,-1,852.0,49.3
166090,16316,DemonHunter,Vengeance,Annihilator,Tank,EU,Ruby Life Pools,11,1,1399.5,109882,0,292.0,2026-08-19,0,-1,1402.0,16.6
166090,16317,Paladin,Holy,Lightsmith,Healer,EU,Ruby Life Pools,11,1,1399.5,36451,0,295.0,2026-08-19,0,-1,1402.0,16.6
166090,171923,Evoker,Devastation,Scalecommander,DPS,EU,Ruby Life Pools,11,1,1399.5,196103,1,293.0,2026-08-19,0,-1,1402.0,16.6
166090,17886,Warlock,Demonology,Diabolist,DPS,EU,Ruby Life Pools,11,1,1399.5,151279,1,286.0,2026-08-19,0,-1,1402.0,16.6
166090,16320,Warrior,Arms,Slayer,DPS,EU,Ruby Life Pools,11,1,1399.5,202096,0,294.0,2026-08-19,0,-1,1402.0,16.6
166092,22517,DeathKnight,Blood,San'layn,Tank,EU,Voidscar Arena,10,1,1161.1,127731,0,303.0,2026-08-20,0,-1,1163.0,35.4
166092,34074,Priest,Holy,Oracle,Healer,EU,Voidscar Arena,10,1,1161.1,31301,0,301.0,2026-08-20,0,-1,1163.0,35.4
166092,198821,Shaman,Elemental,Farseer,DPS,EU,Voidscar Arena,10,1,1161.1,174157,0,295.0,2026-08-20,0,-1,1163.0,35.4
166092,67728,Paladin,Retribution,Templar,DPS,EU,Voidscar Arena,10,1,1161.1,184169,1,303.0,2026-08-20,0,-1,1163.0,35.4
166092,20308,DemonHunter,Devourer,Annihilator,DPS,EU,Voidscar Arena,10,1,1161.1,227223,0,300.0,2026-08-20,0,-1,1163.0,35.4
166096,89443,DeathKnight,Blood,San'layn,Tank,EU,Altar of Fangs,7,1,1420.8,88691,0,284.0,2026-08-20,0,-1,1438.0,20.1
166096,89444,Paladin,Holy,Lightsmith,Healer,EU,Altar of Fangs,7,1,1420.8,14155,2,292.0,2026-08-20,0,-1,1438.0,20.1
166096,95607,Hunter,BeastMastery,Pack Leader,DPS,EU,Altar of Fangs,7,1,1420.8,146242,1,293.0,2026-08-20,0,-1,1438.0,20.1
166096,89447,Warrior,Arms,Slayer,DPS,EU,Altar of Fangs,7,1,1420.8,156473,1,297.0,2026-08-20,0,-1,1438.0,20.1
166096,89446,DeathKnight,Frost,Deathbringer,DPS,EU,Altar of Fangs,7,1,1420.8,155233,1,294.0,2026-08-20,0,-1,1438.0,20.1
166098,94987,Paladin,Protection,Lightsmith,Tank,EU,Den of Nalorakk,10,1,1781.7,60135,0,291.0,2026-08-20,0,-1,1803.0,6.1
166098,19420,Shaman,Restoration,Totemic,Healer,EU,Den of Nalorakk,10,1,1781.7,18188,0,297.0,2026-08-20,0,-1,1803.0,6.1
166098,172115,Shaman,Elemental,Farseer,DPS,EU,Den of Nalorakk,10,1,1781.7,98036,4,292.0,2026-08-20,0,-1,1803.0,6.1
166098,52696,Paladin,Retribution,Templar,DPS,EU,Den of Nalorakk,10,1,1781.7,167080,0,300.0,2026-08-20,0,-1,1803.0,6.1
166098,172116,Warlock,Demonology,Diabolist,DPS,EU,Den of Nalorakk,10,1,1781.7,156938,2,294.0,2026-08-20,0,-1,1803.0,6.1
166107,220007,Monk,Brewmaster,Shado-Pan,Tank,EU,The Blinding Vale,8,1,1136.5,102871,0,292.0,2026-08-19,0,-1,1128.0,37.4
166107,117646,Priest,Holy,Archon,Healer,EU,The Blinding Vale,8,1,1136.5,20624,0,293.0,2026-08-19,0,-1,1128.0,37.4
166107,41861,Rogue,Subtlety,Deathstalker,DPS,EU,The Blinding Vale,8,1,1136.5,213742,0,295.0,2026-08-19,0,-1,1128.0,37.4
166107,220008,Warrior,Arms,Slayer,DPS,EU,The Blinding Vale,8,1,1136.5,225493,0,290.0,2026-08-19,0,-1,1128.0,37.4
166107,220009,Hunter,BeastMastery,Pack Leader,DPS,EU,The Blinding Vale,8,1,1136.5,191307,0,291.0,2026-08-19,0,-1,1128.0,37.4
166113,43053,DeathKnight,Blood,San'layn,Tank,US,Altar of Fangs,2,1,989.9,84075,0,291.0,2026-08-18,0,-1,982.0,45.4
166113,51314,Druid,Restoration,Wildstalker,Healer,US,Altar of Fangs,2,1,989.9,9507,0,273.0,2026-08-18,0,-1,982.0,45.4
166113,51315,Mage,Frost,Spellslinger,DPS,US,Altar of Fangs,2,1,989.9,117366,0,292.0,2026-08-18,0,-1,982.0,45.4
166113,43055,Shaman,Enhancement,Stormbringer,DPS,US,Altar of Fangs,2,1,989.9,142976,0,293.0,2026-08-18,0,-1,982.0,45.4
166113,51316,Hunter,BeastMastery,Pack Leader,DPS,US,Altar of Fangs,2,1,989.9,126145,1,289.0,2026-08-18,0,-1,982.0,45.4
166118,142162,Paladin,Protection,Templar,Tank,EU,Kings' Rest,10,1,1567.9,60819,1,287.0,2026-08-19,0,-1,1589.0,19.7
166118,134113,Monk,Mistweaver,Conduit of the Celestials,Healer,EU,Kings' Rest,10,1,1567.9,29606,1,292.0,2026-08-19,0,-1,1589.0,19.7
166118,30108,Warlock,Demonology,Diabolist,DPS,EU,Kings' Rest,10,1,1567.9,134356,0,296.0,2026-08-19,0,-1,1589.0,19.7
166118,220020,Druid,Balance,Elune's Chosen,DPS,EU,Kings' Rest,10,1,1567.9,130426,1,297.0,2026-08-19,0,-1,1589.0,19.7
166118,142163,Hunter,BeastMastery,Pack Leader,DPS,EU,Kings' Rest,10,1,1567.9,111264,3,288.0,2026-08-19,0,-1,1589.0,19.7
166135,54232,Monk,Brewmaster,Shado-Pan,Tank,US,The Blinding Vale,6,1,1409.3,49496,0,271.0,2026-08-19,0,-1,1415.0,21.4
166135,54233,DeathKnight,Blood,San'layn,Tank,US,The Blinding Vale,6,1,1409.3,91085,0,296.0,2026-08-19,0,-1,1415.0,21.4
166135,54234,Shaman,Restoration,Totemic,Healer,US,The Blinding Vale,6,1,1409.3,26964,0,293.0,2026-08-19,0,-1,1415.0,21.4
166135,54235,Shaman,Elemental,Farseer,DPS,US,The Blinding Vale,6,1,1409.3,153580,3,292.0,2026-08-19,0,-1,1415.0,21.4
166135,107184,DemonHunter,Devourer,Annihilator,DPS,US,The Blinding Vale,6,1,1409.3,143459,0,296.0,2026-08-19,0,-1,1415.0,21.4
166144,11872,DeathKnight,Blood,San'layn,Tank,US,Voidscar Arena,10,1,1521.1,90942,1,291.0,2026-08-18,0,-1,1527.0,15.2
166144,11873,Paladin,Holy,Herald of the Sun,Healer,US,Voidscar Arena,10,1,1521.1,21650,0,292.0,2026-08-18,0,-1,1527.0,15.2
166144,2080,Warrior,Arms,Slayer,DPS,US,Voidscar Arena,10,1,1521.1,148511,1,287.0,2026-08-18,0,-1,1527.0,15.2
166144,11874,Evoker,Augmentation,Scalecommander,DPS,US,Voidscar Arena,10,1,1521.1,108092,1,289.0,2026-08-18,0,-1,1527.0,15.2
166144,11875,Hunter,BeastMastery,Pack Leader,DPS,US,Voidscar Arena,10,1,1521.1,179157,0,293.0,2026-08-18,0,-1,1527.0,15.2
166151,60879,Druid,Guardian,Elune's Chosen,Tank,EU,Altar of Fangs,8,1,1559.8,84930,0,293.0,2026-08-19,0,-1,1592.0,11.6
166151,60880,Shaman,Restoration,Totemic,Healer,EU,Altar of Fangs,8,1,1559.8,19686,3,291.0,2026-08-19,0,-1,1592.0,11.6
166151,60882,Druid,Feral,Druid of the Claw,DPS,EU,Altar of Fangs,8,1,1559.8,129024,1,290.0,2026-08-19,0,-1,1592.0,11.6
166151,60881,Mage,Arcane,Sunfury,DPS,EU,Altar of Fangs,8,1,1559.8,134379,4,290.0,2026-08-19,0,-1,1592.0,11.6
166151,60883,DeathKnight,Unholy,San'layn,DPS,EU,Altar of Fangs,8,1,1559.8,181474,0,294.0,2026-08-19,0,-1,1592.0,11.6
166162,93521,Paladin,Protection,Templar,Tank,EU,Murder Row,9,1,1814.3,78079,0,295.0,2026-08-20,0,-1,1821.0,10.8
166162,171520,Shaman,Restoration,Totemic,Healer,EU,Murder Row,9,1,1814.3,20331,0,291.0,2026-08-20,0,-1,1821.0,10.8
166162,171523,DemonHunter,Devourer,Void-Scarred,DPS,EU,Murder Row,9,1,1814.3,102043,3,290.0,2026-08-20,0,-1,1821.0,10.8
166162,32923,Priest,Shadow,Archon,DPS,EU,Murder Row,9,1,1814.3,147354,0,302.0,2026-08-20,0,-1,1821.0,10.8
166162,171522,Paladin,Retribution,Templar,DPS,EU,Murder Row,9,1,1814.3,134917,0,291.0,2026-08-20,0,-1,1821.0,10.8
166168,220039,DeathKnight,Blood,Deathbringer,Tank,US,Ruby Life Pools,4,1,1058.8,54270,0,289.0,2026-08-19,0,-1,1050.0,37.5
166168,220040,Paladin,Holy,Herald of the Sun,Healer,US,Ruby Life Pools,4,1,1058.8,20285,1,291.0,2026-08-19,0,-1,1050.0,37.5
166168,146766,Mage,Arcane,Sunfury,DPS,US,Ruby Life Pools,4,1,1058.8,151541,0,291.0,2026-08-19,0,-1,1050.0,37.5
166168,74004,Paladin,Retribution,Templar,DPS,US,Ruby Life Pools,4,1,1058.8,100226,0,291.0,2026-08-19,0,-1,1050.0,37.5
166168,136253,Hunter,BeastMastery,Pack Leader,DPS,US,Ruby Life Pools,4,1,1058.8,120068,1,289.0,2026-08-19,0,-1,1050.0,37.5
166183,40264,Paladin,Protection,Lightsmith,Tank,US,Den of Nalorakk,9,1,1618.4,60863,0,295.0,2026-08-19,0,-1,1615.0,15.9
166183,61923,Shaman,Restoration,Totemic,Healer,US,Den of Nalorakk,9,1,1618.4,29774,0,301.0,2026-08-19,0,-1,1615.0,15.9
166183,61924,Mage,Arcane,Sunfury,DPS,US,Den of Nalorakk,9,1,1618.4,165087,0,294.0,2026-08-19,0,-1,1615.0,15.9
166183,61925,Evoker,Augmentation,Scalecommander,DPS,US,Den of Nalorakk,9,1,1618.4,96951,0,296.0,2026-08-19,0,-1,1615.0,15.9
166183,92710,DeathKnight,Unholy,Rider of the Apocalypse,DPS,US,Den of Nalorakk,9,1,1618.4,135731,1,297.0,2026-08-19,0,-1,1615.0,15.9
166192,3928,DemonHunter,Vengeance,Annihilator,Tank,US,Voidscar Arena,10,1,1217.0,88675,0,303.0,2026-08-20,0,-1,1214.0,32.6
166192,3929,Paladin,Holy,Herald of the Sun,Healer,US,Voidscar Arena,10,1,1217.0,8144,0,301.0,2026-08-20,0,-1,1214.0,32.6
166192,5167,DeathKnight,Unholy,San'layn,DPS,US,Voidscar Arena,10,1,1217.0,207596,0,303.0,2026-08-20,0,-1,1214.0,32.6
166192,3931,Evoker,Augmentation,Scalecommander,DPS,US,Voidscar Arena,10,1,1217.0,155038,0,304.0,2026-08-20,0,-1,1214.0,32.6
166192,3930,Shaman,Elemental,Farseer,DPS,US,Voidscar Arena,10,1,1217.0,207855,1,293.0,2026-08-20,0,-1,1214.0,32.6
166194,175330,DemonHunter,Vengeance,Annihilator,Tank,CN,The Blinding Vale,10,1,1716.6,82037,0,292.0,2026-08-20,0,-1,1748.0,2.9
166194,175331,Shaman,Restoration,Totemic,Healer,CN,The Blinding Vale,10,1,1716.6,7121,1,288.0,2026-08-20,0,-1,1748.0,2.9
166194,175332,DeathKnight,Unholy,San'layn,DPS,CN,The Blinding Vale,10,1,1716.6,167035,1,290.0,2026-08-20,0,-1,1748.0,2.9
166194,210666,Shaman,Elemental,Farseer,DPS,CN,The Blinding Vale,10,1,1716.6,143642,4,289.0,2026-08-20,0,-1,1748.0,2.9
166194,175334,Mage,Arcane,Sunfury,DPS,CN,The Blinding Vale,10,1,1716.6,155616,2,294.0,2026-08-20,0,-1,1748.0,2.9
166199,26542,DeathKnight,Blood,San'layn,Tank,EU,Voidscar Arena,10,1,1326.4,132135,0,303.0,2026-08-19,0,-1,1338.0,25.7
166199,97151,Shaman,Restoration,Totemic,Healer,EU,Voidscar Arena,10,1,1326.4,23372,1,296.0,2026-08-19,0,-1,1338.0,25.7
166199,37457,DeathKnight,Unholy,Rider of the Apocalypse,DPS,EU,Voidscar Arena,10,1,1326.4,169573,1,295.0,2026-08-19,0,-1,1338.0,25.7
166199,22562,Warrior,Arms,Slayer,DPS,EU,Voidscar Arena,10,1,1326.4,174711,2,292.0,2026-08-19,0,-1,1338.0,25.7
166199,18785,Monk,Windwalker,Shado-Pan,DPS,EU,Voidscar Arena,10,1,1326.4,195019,0,297.0,2026-08-19,0,-1,1338.0,25.7
166200,220050,Warrior,Protection,Unknown,Tank,EU,Voidscar Arena,2,1,950.4,64012,0,279.0,2026-08-19,0,-1,942.0,47.7
166200,206902,Paladin,Holy,Unknown,Healer,EU,Voidscar Arena,2,1,950.4,7310,0,277.0,2026-08-19,0,-1,942.0,47.7
166200,179902,Monk,Windwalker,Unknown,DPS,EU,Voidscar Arena,2,1,950.4,110361,0,293.0,2026-08-19,0,-1,942.0,47.7
166200,37501,Mage,Arcane,Unknown,DPS,EU,Voidscar Arena,2,1,950.4,109481,2,282.0,2026-08-19,0,-1,942.0,47.7
166200,179903,DeathKnight,Frost,Unknown,DPS,EU,Voidscar Arena,2,1,950.4,90460,1,292.0,2026-08-19,0,-1,942.0,47.7
166235,181209,DeathKnight,Blood,San'layn,Tank,EU,Kings' Rest,10,1,1497.7,66181,0,289.0,2026-08-19,0,-1,1489.0,24.8
166235,47702,Shaman,Restoration,Totemic,Healer,EU,Kings' Rest,10,1,1497.7,21173,0,294.0,2026-08-19,0,-1,1489.0,24.8
166235,47705,Paladin,Retribution,Templar,DPS,EU,Kings' Rest,10,1,1497.7,134877,0,300.0,2026-08-19,0,-1,1489.0,24.8
166235,35818,Mage,Arcane,Sunfury,DPS,EU,Kings' Rest,10,1,1497.7,153007,0,298.0,2026-08-19,0,-1,1489.0,24.8
166235,47704,DeathKnight,Unholy,San'layn,DPS,EU,Kings' Rest,10,1,1497.7,129361,0,297.0,2026-08-19,0,-1,1489.0,24.8
166242,175921,DeathKnight,Blood,Deathbringer,Tank,EU,Altar of Fangs,2,1,927.5,100686,0,292.0,2026-08-20,0,-1,919.0,48.9
166242,175922,Paladin,Holy,Herald of the Sun,Healer,EU,Altar of Fangs,2,1,927.5,21752,0,290.0,2026-08-20,0,-1,919.0,48.9
166242,220079,Druid,Balance,Elune's Chosen,DPS,EU,Altar of Fangs,2,1,927.5,139869,0,288.0,2026-08-20,0,-1,919.0,48.9
166242,175925,Mage,Arcane,Sunfury,DPS,EU,Altar of Fangs,2,1,927.5,126169,0,287.0,2026-08-20,0,-1,919.0,48.9
166242,175923,Warrior,Arms,Slayer,DPS,EU,Altar of Fangs,2,1,927.5,122725,0,288.0,2026-08-20,0,-1,919.0,48.9
166264,220087,DemonHunter,Vengeance,Annihilator,Tank,EU,Altar of Fangs,9,1,1152.3,101678,0,295.0,2026-08-20,0,-1,1164.0,35.3
166264,120944,Priest,Holy,Oracle,Healer,EU,Altar of Fangs,9,1,1152.3,25027,0,294.0,2026-08-20,0,-1,1164.0,35.3
166264,51754,Warrior,Arms,Slayer,DPS,EU,Altar of Fangs,9,1,1152.3,229382,1,299.0,2026-08-20,0,-1,1164.0,35.3
166264,119176,Shaman,Elemental,Farseer,DPS,EU,Altar of Fangs,9,1,1152.3,215037,1,293.0,2026-08-20,0,-1,1164.0,35.3
166264,33126,Rogue,Assassination,Deathstalker,DPS,EU,Altar of Fangs,9,1,1152.3,204512,1,291.0,2026-08-20,0,-1,1164.0,35.3
166268,183578,Warrior,Protection,Mountain Thane,Tank,CN,Murder Row,2,1,1591.5,48666,0,292.0,2026-08-20,0,-1,1583.0,22.4
166268,196882,Shaman,Restoration,Totemic,Healer,CN,Murder Row,2,1,1591.5,8882,0,292.0,2026-08-20,0,-1,1583.0,22.4
166268,196883,Paladin,Retribution,Templar,DPS,CN,Murder Row,2,1,1591.5,87280,0,292.0,2026-08-20,0,-1,1583.0,22.4
166268,196885,DeathKnight,Unholy,Rider of the Apocalypse,DPS,CN,Murder Row,2,1,1591.5,76444,0,289.0,2026-08-20,0,-1,1583.0,22.4
166268,196884,Hunter,BeastMastery,Pack Leader,DPS,CN,Murder Row,2,1,1591.5,56530,1,292.0,2026-08-20,0,-1,1583.0,22.4
166272,33371,Paladin,Protection,Lightsmith,Tank,EU,Murder Row,10,1,1716.9,87643,2,292.0,2026-08-19,0,-1,1758.0,13.8
166272,150930,Paladin,Holy,Herald of the Sun,Healer,EU,Murder Row,10,1,1716.9,10235,2,285.0,2026-08-19,0,-1,1758.0,13.8
166272,182170,Druid,Balance,Elune's Chosen,DPS,EU,Murder Row,10,1,1716.9,150867,2,291.0,2026-08-19,0,-1,1758.0,13.8
166272,78349,Mage,Arcane,Sunfury,DPS,EU,Murder Row,10,1,1716.9,215058,2,300.0,2026-08-19,0,-1,1758.0,13.8
166272,45175,DemonHunter,Devourer,Annihilator,DPS,EU,Murder Row,10,1,1716.9,222876,2,295.0,2026-08-19,0,-1,1758.0,13.8
166290,172401,Paladin,Protection,Templar,Tank,EU,Voidscar Arena,10,1,1390.0,78430,0,292.0,2026-08-20,0,-1,1387.0,22.9
166290,172402,Paladin,Holy,Herald of the Sun,Healer,EU,Voidscar Arena,10,1,1390.0,18344,0,295.0,2026-08-20,0,-1,1387.0,22.9
166290,58476,Evoker,Devastation,Scalecommander,DPS,EU,Voidscar Arena,10,1,1390.0,181859,0,300.0,2026-08-20,0,-1,1387.0,22.9
166290,172403,Druid,Feral,Druid of the Claw,DPS,EU,Voidscar Arena,10,1,1390.0,183175,1,293.0,2026-08-20,0,-1,1387.0,22.9
166290,102199,Evoker,Devastation,Scalecommander,DPS,EU,Voidscar Arena,10,1,1390.0,198054,0,298.0,2026-08-20,0,-1,1387.0,22.9
166293,30388,Druid,Guardian,Elune's Chosen,Tank,EU,Den of Nalorakk,10,1,1481.3,73176,1,298.0,2026-08-20,0,-1,1498.0,22.0
166293,46377,Paladin,Holy,Herald of the Sun,Healer,EU,Den of Nalorakk,10,1,1481.3,31655,1,294.0,2026-08-20,0,-1,1498.0,22.0
166293,220104,Priest,Shadow,Voidweaver,DPS,EU,Den of Nalorakk,10,1,1481.3,137497,1,292.0,2026-08-20,0,-1,1498.0,22.0
166293,29691,Mage,Arcane,Sunfury,DPS,EU,Den of Nalorakk,10,1,1481.3,173664,1,296.0,2026-08-20,0,-1,1498.0,22.0
166293,72897,Warrior,Fury,Mountain Thane,DPS,EU,Den of Nalorakk,10,1,1481.3,165103,1,301.0,2026-08-20,0,-1,1498.0,22.0
166306,27689,Warrior,Protection,Mountain Thane,Tank,EU,Altar of Fangs,11,0,1800.0,99577,1,294.0,2026-08-19,0,-1,1832.0,-1.8
166306,22654,Shaman,Restoration,Totemic,Healer,EU,Altar of Fangs,11,0,1800.0,18682,2,292.0,2026-08-19,0,-1,1832.0,-1.8
166306,27692,Rogue,Assassination,Deathstalker,DPS,EU,Altar of Fangs,11,0,1800.0,190869,1,288.0,2026-08-19,0,-1,1832.0,-1.8
166306,27691,Paladin,Retribution,Templar,DPS,EU,Altar of Fangs,11,0,1800.0,171736,2,291.0,2026-08-19,0,-1,1832.0,-1.8
166306,27693,Hunter,Marksmanship,Sentinel,DPS,EU,Altar of Fangs,11,0,1800.0,155635,2,294.0,2026-08-19,0,-1,1832.0,-1.8
166309,203257,DeathKnight,Blood,Deathbringer,Tank,EU,Den of Nalorakk,12,1,1446.2,93606,0,302.0,2026-08-20,0,-1,1452.0,24.4
166309,167237,Monk,Mistweaver,Conduit of the Celestials,Healer,EU,Den of Nalorakk,12,1,1446.2,36696,0,299.0,2026-08-20,0,-1,1452.0,24.4
166309,35443,Warlock,Affliction,Soul Harvester,DPS,EU,Den of Nalorakk,12,1,1446.2,170826,1,304.0,2026-08-20,0,-1,1452.0,24.4
166309,203258,Warrior,Fury,Slayer,DPS,EU,Den of Nalorakk,12,1,1446.2,214510,0,305.0,2026-08-20,0,-1,1452.0,24.4
166309,94321,Mage,Arcane,Sunfury,DPS,EU,Den of Nalorakk,12,1,1446.2,171800,0,306.0,2026-08-20,0,-1,1452.0,24.4
166317,82040,Warrior,Protection,Mountain Thane,Tank,EU,Temple of Sethraliss,12,0,1935.7,83952,0,293.0,2026-08-20,0,-1,2002.0,-4.3
166317,45259,Shaman,Restoration,Totemic,Healer,EU,Temple of Sethraliss,12,0,1935.7,18864,1,292.0,2026-08-20,0,-1,2002.0,-4.3
166317,202517,Warlock,Demonology,Diabolist,DPS,EU,Temple of Sethraliss,12,0,1935.7,134319,3,299.0,2026-08-20,0,-1,2002.0,-4.3
166317,45523,Warrior,Arms,Slayer,DPS,EU,Temple of Sethraliss,12,0,1935.7,182328,1,306.0,2026-08-20,0,-1,2002.0,-4.3
166317,82039,DeathKnight,Unholy,Rider of the Apocalypse,DPS,EU,Temple of Sethraliss,12,0,1935.7,161860,0,298.0,2026-08-20,0,-1,2002.0,-4.3
166325,62118,DeathKnight,Blood,San'layn,Tank,US,The Blinding Vale,8,1,1568.5,112153,1,293.0,2026-08-19,0,-1,1644.0,8.6
166325,62119,Monk,Mistweaver,Conduit of the Celestials,Healer,US,The Blinding Vale,8,1,1568.5,42862,2,292.0,2026-08-19,0,-1,1644.0,8.6
166325,60672,Shaman,Elemental,Farseer,DPS,US,The Blinding Vale,8,1,1568.5,207003,5,286.0,2026-08-19,0,-1,1644.0,8.6
166325,81969,Paladin,Retribution,Templar,DPS,US,The Blinding Vale,8,1,1568.5,99059,7,285.0,2026-08-19,0,-1,1644.0,8.6
166325,67283,Mage,Arcane,Sunfury,DPS,US,The Blinding Vale,8,1,1568.5,141498,2,284.0,2026-08-19,0,-1,1644.0,8.6
166328,220140,Paladin,Protection,Lightsmith,Tank,US,Den of Nalorakk,10,1,1596.2,71868,0,292.0,2026-08-20,0,-1,1598.0,16.8
166328,22745,Priest,Discipline,Oracle,Healer,US,Den of Nalorakk,10,1,1596.2,15929,0,295.0,2026-08-20,0,-1,1598.0,16.8
166328,7333,Druid,Feral,Druid of the Claw,DPS,US,Den of Nalorakk,10,1,1596.2,201836,0,296.0,2026-08-20,0,-1,1598.0,16.8
166328,62850,Hunter,BeastMastery,Pack Leader,DPS,US,Den of Nalorakk,10,1,1596.2,138874,2,298.0,2026-08-20,0,-1,1598.0,16.8
166328,208834,Shaman,Elemental,Farseer,DPS,US,Den of Nalorakk,10,1,1596.2,132982,0,295.0,2026-08-20,0,-1,1598.0,16.8
166339,177150,DeathKnight,Blood,Deathbringer,Tank,CN,Murder Row,12,0,2255.7,107788,0,294.0,2026-08-20,0,-1,2382.0,-16.8
166339,177151,Shaman,Restoration,Totemic,Healer,CN,Murder Row,12,0,2255.7,13193,2,293.0,2026-08-20,0,-1,2382.0,-16.8
166339,220146,Mage,Arcane,Sunfury,DPS,CN,Murder Row,12,0,2255.7,152989,4,294.0,2026-08-20,0,-1,2382.0,-16.8
166339,177154,Warlock,Demonology,Diabolist,DPS,CN,Murder Row,12,0,2255.7,163360,2,294.0,2026-08-20,0,-1,2382.0,-16.8
166339,177152,Warrior,Arms,Slayer,DPS,CN,Murder Row,12,0,2255.7,129416,2,293.0,2026-08-20,0,-1,2382.0,-16.8
166340,168573,DeathKnight,Blood,Deathbringer,Tank,US,Murder Row,2,1,1287.9,43444,0,268.0,2026-08-18,0,-1,1279.0,37.3
166340,19770,Shaman,Restoration,Totemic,Healer,US,Murder Row,2,1,1287.9,12130,0,292.0,2026-08-18,0,-1,1279.0,37.3
166340,174541,Mage,Arcane,Sunfury,DPS,US,Murder Row,2,1,1287.9,91543,1,287.0,2026-08-18,0,-1,1279.0,37.3
166340,89376,Mage,Arcane,Sunfury,DPS,US,Murder Row,2,1,1287.9,84240,0,290.0,2026-08-18,0,-1,1279.0,37.3
166340,174540,Warlock,Demonology,Diabolist,DPS,US,Murder Row,2,1,1287.9,119379,0,293.0,2026-08-18,0,-1,1279.0,37.3
166344,74914,Paladin,Protection,Lightsmith,Tank,EU,The Blinding Vale,5,1,1086.0,66050,0,299.0,2026-08-19,0,-1,1078.0,40.1
166344,124084,Druid,Restoration,Wildstalker,Healer,EU,The Blinding Vale,5,1,1086.0,2175,0,295.0,2026-08-19,0,-1,1078.0,40.1
166344,124085,Warlock,Demonology,Diabolist,DPS,EU,The Blinding Vale,5,1,1086.0,117632,0,295.0,2026-08-19,0,-1,1078.0,40.1
166344,158475,Monk,Windwalker,Shado-Pan,DPS,EU,The Blinding Vale,5,1,1086.0,156261,0,291.0,2026-08-19,0,-1,1078.0,40.1
166344,141041,Hunter,BeastMastery,Pack Leader,DPS,EU,The Blinding Vale,5,1,1086.0,142270,0,293.0,2026-08-19,0,-1,1078.0,40.1
166349,220150,Warrior,Protection,Mountain Thane,Tank,US,Murder Row,2,1,1260.8,88350,0,296.0,2026-08-19,0,-1,1252.0,38.6
166349,135710,Druid,Restoration,Wildstalker,Healer,US,Murder Row,2,1,1260.8,3164,0,281.0,2026-08-19,0,-1,1252.0,38.6
166349,121817,Mage,Arcane,Sunfury,DPS,US,Murder Row,2,1,1260.8,89455,0,288.0,2026-08-19,0,-1,1252.0,38.6
166349,128725,Warlock,Affliction,Soul Harvester,DPS,US,Murder Row,2,1,1260.8,84171,0,294.0,2026-08-19,0,-1,1252.0,38.6
166349,128723,Hunter,BeastMastery,Pack Leader,DPS,US,Murder Row,2,1,1260.8,82473,0,288.0,2026-08-19,0,-1,1252.0,38.6
166366,59721,DeathKnight,Blood,San'layn,Tank,EU,Altar of Fangs,11,0,1857.5,105287,3,292.0,2026-08-19,0,-1,1934.0,-7.5
166366,59722,Priest,Holy,Oracle,Healer,EU,Altar of Fangs,11,0,1857.5,24172,2,293.0,2026-08-19,0,-1,1934.0,-7.5
166366,101847,Shaman,Elemental,Farseer,DPS,EU,Altar of Fangs,11,0,1857.5,220111,3,295.0,2026-08-19,0,-1,1934.0,-7.5
166366,59724,Evoker,Devastation,Scalecommander,DPS,EU,Altar of Fangs,11,0,1857.5,161813,4,294.0,2026-08-19,0,-1,1934.0,-7.5
166366,59725,DemonHunter,Devourer,Void-Scarred,DPS,EU,Altar of Fangs,11,0,1857.5,164596,3,293.0,2026-08-19,0,-1,1934.0,-7.5
166376,220159,Paladin,Protection,Lightsmith,Tank,US,The Blinding Vale,7,1,1563.3,50938,0,286.0,2026-08-20,0,-1,1565.0,13.0
166376,47226,Druid,Restoration,Wildstalker,Healer,US,The Blinding Vale,7,1,1563.3,2403,1,294.0,2026-08-20,0,-1,1565.0,13.0
166376,47228,Hunter,BeastMastery,Dark Ranger,DPS,US,The Blinding Vale,7,1,1563.3,162202,1,292.0,2026-08-20,0,-1,1565.0,13.0
166376,100588,Mage,Arcane,Sunfury,DPS,US,The Blinding Vale,7,1,1563.3,155695,0,298.0,2026-08-20,0,-1,1565.0,13.0
166376,47229,DeathKnight,Frost,Deathbringer,DPS,US,The Blinding Vale,7,1,1563.3,141599,0,297.0,2026-08-20,0,-1,1565.0,13.0
166386,7706,Paladin,Protection,Lightsmith,Tank,US,Ruby Life Pools,2,1,704.5,92429,0,296.0,2026-08-18,0,-1,696.0,58.6
166386,220167,Shaman,Restoration,Totemic,Healer,US,Ruby Life Pools,2,1,704.5,8975,0,289.0,2026-08-18,0,-1,696.0,58.6
166386,7708,Evoker,Augmentation,Chronowarden,DPS,US,Ruby Life Pools,2,1,704.5,132123,0,293.0,2026-08-18,0,-1,696.0,58.6
166386,7709,Mage,Arcane,Sunfury,DPS,US,Ruby Life Pools,2,1,704.5,166512,0,295.0,2026-08-18,0,-1,696.0,58.6
166386,6885,Warrior,Arms,Slayer,DPS,US,Ruby Life Pools,2,1,704.5,187591,0,293.0,2026-08-18,0,-1,696.0,58.6
166392,18891,DeathKnight,Blood,San'layn,Tank,EU,Murder Row,10,1,1448.9,115015,0,308.0,2026-08-20,0,-1,1446.0,29.1
166392,18892,Paladin,Holy,Herald of the Sun,Healer,EU,Murder Row,10,1,1448.9,31061,0,303.0,2026-08-20,0,-1,1446.0,29.1
166392,15518,DeathKnight,Frost,Deathbringer,DPS,EU,Murder Row,10,1,1448.9,163133,0,301.0,2026-08-20,0,-1,1446.0,29.1
166392,18893,Mage,Arcane,Sunfury,DPS,EU,Murder Row,10,1,1448.9,161189,0,301.0,2026-08-20,0,-1,1446.0,29.1
166392,18894,Shaman,Elemental,Farseer,DPS,EU,Murder Row,10,1,1448.9,194271,1,303.0,2026-08-20,0,-1,1446.0,29.1
166398,75123,DeathKnight,Blood,San'layn,Tank,US,Temple of Sethraliss,10,1,1417.4,111921,1,303.0,2026-08-19,0,-1,1419.0,26.1
166398,23056,Shaman,Restoration,Totemic,Healer,US,Temple of Sethraliss,10,1,1417.4,18844,0,299.0,2026-08-19,0,-1,1419.0,26.1
166398,220178,Warlock,Demonology,Diabolist,DPS,US,Temple of Sethraliss,10,1,1417.4,190066,1,296.0,2026-08-19,0,-1,1419.0,26.1
166398,135734,Mage,Arcane,Sunfury,DPS,US,Temple of Sethraliss,10,1,1417.4,200629,0,299.0,2026-08-19,0,-1,1419.0,26.1
166398,20955,DemonHunter,Devourer,Void-Scarred,DPS,US,Temple of Sethraliss,10,1,1417.4,130984,0,296.0,2026-08-19,0,-1,1419.0,26.1
166400,20434,DeathKnight,Blood,San'layn,Tank,EU,Ruby Life Pools,2,1,646.6,116420,0,292.0,2026-08-19,0,-1,638.0,62.0
166400,142993,Shaman,Restoration,Totemic,Healer,EU,Ruby Life Pools,2,1,646.6,36232,0,289.0,2026-08-19,0,-1,638.0,62.0
166400,20506,Mage,Arcane,Sunfury,DPS,EU,Ruby Life Pools,2,1,646.6,170875,0,294.0,2026-08-19,0,-1,638.0,62.0
166400,30089,Paladin,Retribution,Templar,DPS,EU,Ruby Life Pools,2,1,646.6,112170,0,290.0,2026-08-19,0,-1,638.0,62.0
166400,20437,Warrior,Arms,Slayer,DPS,EU,Ruby Life Pools,2,1,646.6,181918,0,297.0,2026-08-19,0,-1,638.0,62.0
166407,36659,DeathKnight,Blood,San'layn,Tank,EU,Kings' Rest,8,1,1926.0,61355,0,289.0,2026-08-19,0,-1,1933.0,2.4
166407,36660,Priest,Holy,Oracle,Healer,EU,Kings' Rest,8,1,1926.0,26894,0,290.0,2026-08-19,0,-1,1933.0,2.4
166407,36661,DeathKnight,Unholy,Rider of the Apocalypse,DPS,EU,Kings' Rest,8,1,1926.0,61054,0,283.0,2026-08-19,0,-1,1933.0,2.4
166407,36662,DemonHunter,Devourer,Annihilator,DPS,EU,Kings' Rest,8,1,1926.0,80238,2,286.0,2026-08-19,0,-1,1933.0,2.4
166407,36663,Priest,Shadow,Voidweaver,DPS,EU,Kings' Rest,8,1,1926.0,96620,1,290.0,2026-08-19,0,-1,1933.0,2.4
166408,13369,Paladin,Protection,Lightsmith,Tank,EU,Altar of Fangs,11,0,1804.4,94613,3,286.0,2026-08-19,0,-1,1876.0,-4.2
166408,13370,Monk,Mistweaver,Conduit of the Celestials,Healer,EU,Altar of Fangs,11,0,1804.4,40894,4,288.0,2026-08-19,0,-1,1876.0,-4.2
166408,13372,Mage,Arcane,Sunfury,DPS,EU,Altar of Fangs,11,0,1804.4,176351,4,295.0,2026-08-19,0,-1,1876.0,-4.2
166408,13371,Hunter,BeastMastery,Pack Leader,DPS,EU,Altar of Fangs,11,0,1804.4,160434,4,294.0,2026-08-19,0,-1,1876.0,-4.2
166408,13373,Rogue,Outlaw,Trickster,DPS,EU,Altar of Fangs,11,0,1804.4,206348,1,294.0,2026-08-19,0,-1,1876.0,-4.2
166420,94280,Druid,Guardian,Elune's Chosen,Tank,EU,The Blinding Vale,10,1,1482.0,71104,0,287.0,2026-08-19,0,-1,1478.0,17.9
166420,94281,Paladin,Holy,Herald of the Sun,Healer,EU,The Blinding Vale,10,1,1482.0,21874,0,292.0,2026-08-19,0,-1,1478.0,17.9
166420,94283,Shaman,Elemental,Farseer,DPS,EU,The Blinding Vale,10,1,1482.0,176987,1,292.0,2026-08-19,0,-1,1478.0,17.9
166420,83364,Shaman,Elemental,Farseer,DPS,EU,The Blinding Vale,10,1,1482.0,206847,0,299.0,2026-08-19,0,-1,1478.0,17.9
166420,83365,Paladin,Retribution,Templar,DPS,EU,The Blinding Vale,10,1,1482.0,186938,0,302.0,2026-08-19,0,-1,1478.0,17.9
166452,196203,Druid,Guardian,Elune's Chosen,Tank,EU,Murder Row,5,1,1468.6,46397,0,281.0,2026-08-19,0,-1,1460.0,28.4
166452,130374,Evoker,Preservation,Flameshaper,Healer,EU,Murder Row,5,1,1468.6,22932,0,289.0,2026-08-19,0,-1,1460.0,28.4
166452,130375,DeathKnight,Frost,Deathbringer,DPS,EU,Murder Row,5,1,1468.6,109396,0,293.0,2026-08-19,0,-1,1460.0,28.4
166452,196204,Shaman,Enhancement,Stormbringer,DPS,EU,Murder Row,5,1,1468.6,116203,0,287.0,2026-08-19,0,-1,1460.0,28.4
166452,65944,Mage,Arcane,Sunfury,DPS,EU,Murder Row,5,1,1468.6,98392,0,285.0,2026-08-19,0,-1,1460.0,28.4
166454,8279,DeathKnight,Blood,San'layn,Tank,US,Murder Row,9,1,1687.6,95444,0,292.0,2026-08-18,0,-1,1699.0,16.7
166454,66305,Shaman,Restoration,Totemic,Healer,US,Murder Row,9,1,1687.6,15818,0,293.0,2026-08-18,0,-1,1699.0,16.7
166454,174891,Warlock,Destruction,Diabolist,DPS,US,Murder Row,9,1,1687.6,136746,1,290.0,2026-08-18,0,-1,1699.0,16.7
166454,220205,Warrior,Arms,Slayer,DPS,US,Murder Row,9,1,1687.6,151592,2,290.0,2026-08-18,0,-1,1699.0,16.7
166454,66308,Hunter,BeastMastery,Pack Leader,DPS,US,Murder Row,9,1,1687.6,108092,1,290.0,2026-08-18,0,-1,1699.0,16.7
166466,58995,DeathKnight,Blood,San'layn,Tank,EU,Kings' Rest,10,1,1748.1,71818,3,292.0,2026-08-19,0,-1,1824.0,7.9
166466,99773,Priest,Holy,Oracle,Healer,EU,Kings' Rest,10,1,1748.1,22927,4,299.0,2026-08-19,0,-1,1824.0,7.9
166466,107160,Mage,Arcane,Sunfury,DPS,EU,Kings' Rest,10,1,1748.1,138260,4,297.0,2026-08-19,0,-1,1824.0,7.9
166466,184809,Shaman,Elemental,Farseer,DPS,EU,Kings' Rest,10,1,1748.1,130009,3,292.0,2026-08-19,0,-1,1824.0,7.9
166466,58110,DeathKnight,Unholy,Rider of the Apocalypse,DPS,EU,Kings' Rest,10,1,1748.1,108490,3,295.0,2026-08-19,0,-1,1824.0,7.9
166473,62416,DemonHunter,Vengeance,Annihilator,Tank,US,The Blinding Vale,10,1,1538.0,142791,0,301.0,2026-08-19,0,-1,1540.0,14.5
166473,220217,Paladin,Holy,Herald of the Sun,Healer,US,The Blinding Vale,10,1,1538.0,21127,0,294.0,2026-08-19,0,-1,1540.0,14.5
166473,107849,Hunter,Marksmanship,Sentinel,DPS,US,The Blinding Vale,10,1,1538.0,148504,1,291.0,2026-08-19,0,-1,1540.0,14.5
166473,107850,Mage,Arcane,Sunfury,DPS,US,The Blinding Vale,10,1,1538.0,221609,1,298.0,2026-08-19,0,-1,1540.0,14.5
166473,62418,Hunter,Survival,Sentinel,DPS,US,The Blinding Vale,10,1,1538.0,128257,0,297.0,2026-08-19,0,-1,1540.0,14.5
166474,52758,DeathKnight,Blood,San'layn,Tank,EU,Murder Row,10,1,1754.9,94830,0,293.0,2026-08-19,0,-1,1761.0,13.7
166474,79197,Shaman,Restoration,Totemic,Healer,EU,Murder Row,10,1,1754.9,17277,1,292.0,2026-08-19,0,-1,1761.0,13.7
166474,125116,DeathKnight,Unholy,Rider of the Apocalypse,DPS,EU,Murder Row,10,1,1754.9,134352,1,292.0,2026-08-19,0,-1,1761.0,13.7
166474,67372,Priest,Shadow,Voidweaver,DPS,EU,Murder Row,10,1,1754.9,161196,0,295.0,2026-08-19,0,-1,1761.0,13.7
166474,43835,Paladin,Retribution,Templar,DPS,EU,Murder Row,10,1,1754.9,171209,1,292.0,2026-08-19,0,-1,1761.0,13.7
166484,52031,DemonHunter,Vengeance,Annihilator,Tank,US,Kings' Rest,8,0,1948.4,61963,3,292.0,2026-08-18,0,-1,2034.0,-2.8
166484,65475,Paladin,Holy,Herald of the Sun,Healer,US,Kings' Rest,8,0,1948.4,16570,3,288.0,2026-08-18,0,-1,2034.0,-2.8
166484,81838,Hunter,BeastMastery,Pack Leader,DPS,US,Kings' Rest,8,0,1948.4,93339,5,295.0,2026-08-18,0,-1,2034.0,-2.8
166484,218026,Mage,Arcane,Sunfury,DPS,US,Kings' Rest,8,0,1948.4,77568,4,292.0,2026-08-18,0,-1,2034.0,-2.8
166484,220226,DeathKnight,Unholy,San'layn,DPS,US,Kings' Rest,8,0,1948.4,76478,4,294.0,2026-08-18,0,-1,2034.0,-2.8
166502,78845,Paladin,Protection,Lightsmith,Tank,US,Murder Row,10,1,1476.8,97074,0,295.0,2026-08-20,0,-1,1468.0,28.0
166502,9977,Priest,Discipline,Voidweaver,Healer,US,Murder Row,10,1,1476.8,26440,0,296.0,2026-08-20,0,-1,1468.0,28.0
166502,21288,Druid,Feral,Druid of the Claw,DPS,US,Murder Row,10,1,1476.8,199304,0,304.0,2026-08-20,0,-1,1468.0,28.0
166502,2855,Mage,Arcane,Sunfury,DPS,US,Murder Row,10,1,1476.8,160333,0,294.0,2026-08-20,0,-1,1468.0,28.0
166502,60898,Rogue,Subtlety,Deathstalker,DPS,US,Murder Row,10,1,1476.8,160034,0,296.0,2026-08-20,0,-1,1468.0,28.0
166508,156223,Paladin,Protection,Lightsmith,Tank,EU,Voidscar Arena,10,1,1212.4,94404,0,304.0,2026-08-20,0,-1,1204.0,33.1
166508,220244,Shaman,Restoration,Totemic,Healer,EU,Voidscar Arena,10,1,1212.4,26070,0,296.0,2026-08-20,0,-1,1204.0,33.1
166508,169293,Evoker,Devastation,Scalecommander,DPS,EU,Voidscar Arena,10,1,1212.4,187091,0,298.0,2026-08-20,0,-1,1204.0,33.1
166508,61547,Warrior,Arms,Slayer,DPS,EU,Voidscar Arena,10,1,1212.4,182798,0,295.0,2026-08-20,0,-1,1204.0,33.1
166508,164495,Druid,Balance,Keeper of the Grove,DPS,EU,Voidscar Arena,10,1,1212.4,158264,0,298.0,2026-08-20,0,-1,1204.0,33.1
166523,13599,DeathKnight,Blood,San'layn,Tank,EU,Murder Row,10,1,1374.4,121759,1,294.0,2026-08-19,0,-1,1406.0,31.1
166523,13826,Paladin,Holy,Lightsmith,Healer,EU,Murder Row,10,1,1374.4,44121,2,295.0,2026-08-19,0,-1,1406.0,31.1
166523,13602,Mage,Arcane,Sunfury,DPS,EU,Murder Row,10,1,1374.4,166297,1,281.0,2026-08-19,0,-1,1406.0,31.1
166523,15016,Shaman,Elemental,Farseer,DPS,EU,Murder Row,10,1,1374.4,206131,1,293.0,2026-08-19,0,-1,1406.0,31.1
166523,15015,Warrior,Arms,Slayer,DPS,EU,Murder Row,10,1,1374.4,165246,3,293.0,2026-08-19,0,-1,1406.0,31.1
166524,113284,DeathKnight,Blood,San'layn,Tank,US,Temple of Sethraliss,9,1,1490.3,96291,0,297.0,2026-08-19,0,-1,1507.0,21.5
166524,156560,Shaman,Restoration,Totemic,Healer,US,Temple of Sethraliss,9,1,1490.3,26513,1,288.0,2026-08-19,0,-1,1507.0,21.5
166524,113287,Mage,Arcane,Sunfury,DPS,US,Temple of Sethraliss,9,1,1490.3,204214,4,305.0,2026-08-19,0,-1,1507.0,21.5
166524,150666,Warrior,Arms,Slayer,DPS,US,Temple of Sethraliss,9,1,1490.3,182114,0,294.0,2026-08-19,0,-1,1507.0,21.5
166524,146904,DemonHunter,Havoc,Fel-Scarred,DPS,US,Temple of Sethraliss,9,1,1490.3,87529,0,256.0,2026-08-19,0,-1,1507.0,21.5
166529,131368,Paladin,Protection,Lightsmith,Tank,EU,Altar of Fangs,10,1,1448.7,78233,0,294.0,2026-08-20,0,-1,1440.0,20.0
166529,131369,Shaman,Restoration,Totemic,Healer,EU,Altar of Fangs,10,1,1448.7,33217,0,299.0,2026-08-20,0,-1,1440.0,20.0
166529,35443,Warlock,Affliction,Soul Harvester,DPS,EU,Altar of Fangs,10,1,1448.7,264484,0,302.0,2026-08-20,0,-1,1440.0,20.0
166529,16437,Hunter,Survival,Pack Leader,DPS,EU,Altar of Fangs,10,1,1448.7,156272,0,293.0,2026-08-20,0,-1,1440.0,20.0
166529,60217,Mage,Arcane,Sunfury,DPS,EU,Altar of Fangs,10,1,1448.7,208454,0,301.0,2026-08-20,0,-1,1440.0,20.0
166539,121213,Paladin,Protection,Lightsmith,Tank,US,Kings' Rest,11,1,1656.4,67069,1,291.0,2026-08-19,0,-1,1668.0,15.8
166539,125891,Paladin,Holy,Herald of the Sun,Healer,US,Kings' Rest,11,1,1656.4,18960,0,295.0,2026-08-19,0,-1,1668.0,15.8
166539,23556,DemonHunter,Havoc,Aldrachi Reaver,DPS,US,Kings' Rest,11,1,1656.4,148089,2,298.0,2026-08-19,0,-1,1668.0,15.8
166539,6400,DeathKnight,Unholy,Rider of the Apocalypse,DPS,US,Kings' Rest,11,1,1656.4,121629,0,291.0,2026-08-19,0,-1,1668.0,15.8
166539,2037,Mage,Arcane,Sunfury,DPS,US,Kings' Rest,11,1,1656.4,137738,1,296.0,2026-08-19,0,-1,1668.0,15.8
166541,87346,Druid,Guardian,Elune's Chosen,Tank,EU,Murder Row,8,1,1752.7,64890,0,292.0,2026-08-19,0,-1,1775.0,13.0
166541,87347,Druid,Restoration,Wildstalker,Healer,EU,Murder Row,8,1,1752.7,2196,2,291.0,2026-08-19,0,-1,1775.0,13.0
166541,102450,DeathKnight,Frost,Deathbringer,DPS,EU,Murder Row,8,1,1752.7,112422,1,294.0,2026-08-19,0,-1,1775.0,13.0
166541,220257,Warrior,Arms,Slayer,DPS,EU,Murder Row,8,1,1752.7,142794,2,294.0,2026-08-19,0,-1,1775.0,13.0
166541,26989,Warrior,Fury,Mountain Thane,DPS,EU,Murder Row,8,1,1752.7,143456,1,293.0,2026-08-19,0,-1,1775.0,13.0
166547,220258,Paladin,Protection,Lightsmith,Tank,US,The Blinding Vale,10,1,1732.8,76010,0,297.0,2026-08-20,0,-1,1724.0,4.2
166547,148336,Paladin,Holy,Herald of the Sun,Healer,US,The Blinding Vale,10,1,1732.8,12566,0,295.0,2026-08-20,0,-1,1724.0,4.2
166547,9887,Hunter,BeastMastery,Pack Leader,DPS,US,The Blinding Vale,10,1,1732.8,161312,0,297.0,2026-08-20,0,-1,1724.0,4.2
166547,82085,Mage,Arcane,Sunfury,DPS,US,The Blinding Vale,10,1,1732.8,135732,0,293.0,2026-08-20,0,-1,1724.0,4.2
166547,45319,Warrior,Arms,Slayer,DPS,US,The Blinding Vale,10,1,1732.8,187224,0,294.0,2026-08-20,0,-1,1724.0,4.2
166551,31939,Paladin,Protection,Lightsmith,Tank,EU,Kings' Rest,9,1,1555.3,51997,0,287.0,2026-08-19,0,-1,1556.0,21.4
166551,59798,Priest,Holy,Archon,Healer,EU,Kings' Rest,9,1,1555.3,8817,0,289.0,2026-08-19,0,-1,1556.0,21.4
166551,31941,Hunter,BeastMastery,Pack Leader,DPS,EU,Kings' Rest,9,1,1555.3,117389,1,292.0,2026-08-19,0,-1,1556.0,21.4
166551,31942,Warrior,Arms,Slayer,DPS,EU,Kings' Rest,9,1,1555.3,142734,0,288.0,2026-08-19,0,-1,1556.0,21.4
166551,31943,DemonHunter,Havoc,Fel-Scarred,DPS,EU,Kings' Rest,9,1,1555.3,100601,1,291.0,2026-08-19,0,-1,1556.0,21.4
166562,141894,DeathKnight,Blood,San'layn,Tank,US,Murder Row,7,1,1465.1,58799,0,289.0,2026-08-19,0,-1,1466.0,28.1
166562,123412,Shaman,Restoration,Totemic,Healer,US,Murder Row,7,1,1465.1,23842,1,295.0,2026-08-19,0,-1,1466.0,28.1
166562,78214,Mage,Fire,Sunfury,DPS,US,Murder Row,7,1,1465.1,128362,0,294.0,2026-08-19,0,-1,1466.0,28.1
166562,50728,Evoker,Devastation,Scalecommander,DPS,US,Murder Row,7,1,1465.1,178778,1,298.0,2026-08-19,0,-1,1466.0,28.1
166562,220263,Paladin,Retribution,Herald of the Sun,DPS,US,Murder Row,7,1,1465.1,120939,0,293.0,2026-08-19,0,-1,1466.0,28.1
166577,47088,DemonHunter,Vengeance,Annihilator,Tank,US,Voidscar Arena,11,1,1746.5,90159,0,294.0,2026-08-19,0,-1,1763.0,2.0
166577,47089,Shaman,Restoration,Totemic,Healer,US,Voidscar Arena,11,1,1746.5,17819,2,298.0,2026-08-19,0,-1,1763.0,2.0
166577,9452,DeathKnight,Frost,Deathbringer,DPS,US,Voidscar Arena,11,1,1746.5,127529,1,301.0,2026-08-19,0,-1,1763.0,2.0
166577,80251,DeathKnight,Unholy,Rider of the Apocalypse,DPS,US,Voidscar Arena,11,1,1746.5,147268,0,298.0,2026-08-19,0,-1,1763.0,2.0
166577,137343,Shaman,Enhancement,Stormbringer,DPS,US,Voidscar Arena,11,1,1746.5,214307,2,302.0,2026-08-19,0,-1,1763.0,2.0
166580,174089,Druid,Guardian,Elune's Chosen,Tank,US,Voidscar Arena,10,1,1743.5,57699,0,290.0,2026-08-20,0,-1,1750.0,2.8
166580,51935,Shaman,Restoration,Totemic,Healer,US,Voidscar Arena,10,1,1743.5,22250,1,293.0,2026-08-20,0,-1,1750.0,2.8
166580,174092,Paladin,Retribution,Templar,DPS,US,Voidscar Arena,10,1,1743.5,130906,2,293.0,2026-08-20,0,-1,1750.0,2.8
166580,220276,Shaman,Enhancement,Stormbringer,DPS,US,Voidscar Arena,10,1,1743.5,109794,0,292.0,2026-08-20,0,-1,1750.0,2.8
166580,174091,Mage,Arcane,Sunfury,DPS,US,Voidscar Arena,10,1,1743.5,155081,0,292.0,2026-08-20,0,-1,1750.0,2.8
166588,173664,Paladin,Protection,Templar,Tank,US,The Blinding Vale,9,1,1551.4,72958,0,288.0,2026-08-20,0,-1,1543.0,14.3
166588,220278,Shaman,Restoration,Totemic,Healer,US,The Blinding Vale,9,1,1551.4,22570,0,295.0,2026-08-20,0,-1,1543.0,14.3
166588,220279,Rogue,Assassination,Deathstalker,DPS,US,The Blinding Vale,9,1,1551.4,156339,0,296.0,2026-08-20,0,-1,1543.0,14.3
166588,122076,Paladin,Retribution,Templar,DPS,US,The Blinding Vale,9,1,1551.4,141165,0,287.0,2026-08-20,0,-1,1543.0,14.3
166588,41471,Shaman,Enhancement,Stormbringer,DPS,US,The Blinding Vale,9,1,1551.4,142354,0,300.0,2026-08-20,0,-1,1543.0,14.3
166590,65662,DeathKnight,Blood,Deathbringer,Tank,US,Altar of Fangs,4,0,1969.9,47553,3,291.0,2026-08-19,0,-1,1961.0,-9.0
166590,65663,Paladin,Holy,Lightsmith,Healer,US,Altar of Fangs,4,0,1969.9,24437,3,295.0,2026-08-19,0,-1,1961.0,-9.0
166590,65666,Warrior,Fury,Mountain Thane,DPS,US,Altar of Fangs,4,0,1969.9,73029,6,292.0,2026-08-19,0,-1,1961.0,-9.0
166590,65664,Shaman,Elemental,Stormbringer,DPS,US,Altar of Fangs,4,0,1969.9,72779,6,294.0,2026-08-19,0,-1,1961.0,-9.0
166590,65665,Warrior,Arms,Slayer,DPS,US,Altar of Fangs,4,0,1969.9,106724,4,291.0,2026-08-19,0,-1,1961.0,-9.0
166595,210049,Paladin,Protection,Lightsmith,Tank,EU,Kings' Rest,9,1,1465.2,51370,0,294.0,2026-08-19,0,-1,1461.0,26.2
166595,51628,Shaman,Restoration,Totemic,Healer,EU,Kings' Rest,9,1,1465.2,26163,0,291.0,2026-08-19,0,-1,1461.0,26.2
166595,69988,Warrior,Arms,Slayer,DPS,EU,Kings' Rest,9,1,1465.2,112688,1,289.0,2026-08-19,0,-1,1461.0,26.2
166595,94978,Monk,Windwalker,Shado-Pan,DPS,EU,Kings' Rest,9,1,1465.2,111082,0,292.0,2026-08-19,0,-1,1461.0,26.2
166595,86760,DeathKnight,Unholy,Rider of the Apocalypse,DPS,EU,Kings' Rest,9,1,1465.2,125502,0,291.0,2026-08-19,0,-1,1461.0,26.2
166597,136668,DeathKnight,Blood,San'layn,Tank,EU,Voidscar Arena,10,1,1549.5,82449,2,294.0,2026-08-19,0,-1,1611.0,10.5
166597,209756,Paladin,Holy,Herald of the Sun,Healer,EU,Voidscar Arena,10,1,1549.5,4370,2,292.0,2026-08-19,0,-1,1611.0,10.5
166597,21062,Warrior,Arms,Slayer,DPS,EU,Voidscar Arena,10,1,1549.5,167592,4,297.0,2026-08-19,0,-1,1611.0,10.5
166597,165150,Hunter,BeastMastery,Pack Leader,DPS,EU,Voidscar Arena,10,1,1549.5,154683,2,293.0,2026-08-19,0,-1,1611.0,10.5
166597,85041,Mage,Arcane,Sunfury,DPS,EU,Voidscar Arena,10,1,1549.5,131656,4,294.0,2026-08-19,0,-1,1611.0,10.5
166607,16588,DeathKnight,Blood,San'layn,Tank,EU,The Blinding Vale,5,1,962.8,90444,0,289.0,2026-08-19,0,-1,954.0,47.0
166607,16589,Paladin,Holy,Herald of the Sun,Healer,EU,The Blinding Vale,5,1,962.8,21857,0,285.0,2026-08-19,0,-1,954.0,47.0
166607,16592,DemonHunter,Havoc,Fel-Scarred,DPS,EU,The Blinding Vale,5,1,962.8,166837,0,291.0,2026-08-19,0,-1,954.0,47.0
166607,16591,Shaman,Elemental,Farseer,DPS,EU,The Blinding Vale,5,1,962.8,165378,0,290.0,2026-08-19,0,-1,954.0,47.0
166607,16590,Hunter,BeastMastery,Pack Leader,DPS,EU,The Blinding Vale,5,1,962.8,139838,0,291.0,2026-08-19,0,-1,954.0,47.0
166612,71567,Monk,Brewmaster,Master of Harmony,Tank,EU,Den of Nalorakk,6,1,1518.0,64305,0,289.0,2026-08-19,0,-1,1514.0,21.1
166612,71568,Paladin,Holy,Herald of the Sun,Healer,EU,Den of Nalorakk,6,1,1518.0,13476,0,297.0,2026-08-19,0,-1,1514.0,21.1
166612,156146,Shaman,Enhancement,Stormbringer,DPS,EU,Den of Nalorakk,6,1,1518.0,104879,0,292.0,2026-08-19,0,-1,1514.0,21.1
166612,101394,DemonHunter,Devourer,Annihilator,DPS,EU,Den of Nalorakk,6,1,1518.0,62912,1,294.0,2026-08-19,0,-1,1514.0,21.1
166612,156147,Priest,Shadow,Archon,DPS,EU,Den of Nalorakk,6,1,1518.0,73870,0,274.0,2026-08-19,0,-1,1514.0,21.1
166614,65888,DeathKnight,Blood,Unknown,Tank,EU,Voidscar Arena,8,1,1323.6,101259,0,295.0,2026-08-19,0,-1,1331.0,26.1
166614,29063,Evoker,Preservation,Unknown,Healer,EU,Voidscar Arena,8,1,1323.6,37578,0,291.0,2026-08-19,0,-1,1331.0,26.1
166614,195174,Rogue,Outlaw,Unknown,DPS,EU,Voidscar Arena,8,1,1323.6,152685,1,294.0,2026-08-19,0,-1,1331.0,26.1
166614,220285,Paladin,Retribution,Unknown,DPS,EU,Voidscar Arena,8,1,1323.6,120560,0,293.0,2026-08-19,0,-1,1331.0,26.1
166614,158630,Shaman,Enhancement,Unknown,DPS,EU,Voidscar Arena,8,1,1323.6,117440,2,285.0,2026-08-19,0,-1,1331.0,26.1
166647,110765,Monk,Brewmaster,Master of Harmony,Tank,EU,Voidscar Arena,2,1,1005.9,75756,1,297.0,2026-08-19,0,-1,998.0,44.6
166647,103618,Shaman,Restoration,Totemic,Healer,EU,Voidscar Arena,2,1,1005.9,27496,1,293.0,2026-08-19,0,-1,998.0,44.6
166647,103621,DeathKnight,Unholy,Rider of the Apocalypse,DPS,EU,Voidscar Arena,2,1,1005.9,125236,1,292.0,2026-08-19,0,-1,998.0,44.6
166647,220300,Paladin,Retribution,Templar,DPS,EU,Voidscar Arena,2,1,1005.9,116027,1,280.0,2026-08-19,0,-1,998.0,44.6
166647,174456,Hunter,Marksmanship,Sentinel,DPS,EU,Voidscar Arena,2,1,1005.9,89576,1,286.0,2026-08-19,0,-1,998.0,44.6
166667,75301,Paladin,Protection,Templar,Tank,EU,Kings' Rest,9,1,1631.4,53518,1,287.0,2026-08-19,0,-1,1633.0,17.5
166667,75302,Shaman,Restoration,Totemic,Healer,EU,Kings' Rest,9,1,1631.4,28179,0,298.0,2026-08-19,0,-1,1633.0,17.5
166667,106513,Paladin,Retribution,Templar,DPS,EU,Kings' Rest,9,1,1631.4,131118,1,291.0,2026-08-19,0,-1,1633.0,17.5
166667,220309,Druid,Balance,Elune's Chosen,DPS,EU,Kings' Rest,9,1,1631.4,102543,0,296.0,2026-08-19,0,-1,1633.0,17.5
166667,106512,Hunter,Marksmanship,Sentinel,DPS,EU,Kings' Rest,9,1,1631.4,98490,0,281.0,2026-08-19,0,-1,1633.0,17.5
166672,182174,DeathKnight,Blood,Deathbringer,Tank,CN,Altar of Fangs,10,1,1716.9,112840,0,293.0,2026-08-20,0,-1,1714.0,4.8
166672,177522,Paladin,Holy,Herald of the Sun,Healer,CN,Altar of Fangs,10,1,1716.9,17958,0,293.0,2026-08-20,0,-1,1714.0,4.8
166672,177523,Warlock,Destruction,Diabolist,DPS,CN,Altar of Fangs,10,1,1716.9,170332,0,293.0,2026-08-20,0,-1,1714.0,4.8
166672,177525,Warrior,Arms,Slayer,DPS,CN,Altar of Fangs,10,1,1716.9,110268,1,294.0,2026-08-20,0,-1,1714.0,4.8
166672,177524,Hunter,BeastMastery,Pack Leader,DPS,CN,Altar of Fangs,10,1,1716.9,176976,0,293.0,2026-08-20,0,-1,1714.0,4.8
166688,81207,DeathKnight,Blood,San'layn,Tank,US,Ruby Life Pools,11,1,1223.5,119217,0,303.0,2026-08-20,0,-1,1225.0,27.1
166688,218654,Paladin,Holy,Herald of the Sun,Healer,US,Ruby Life Pools,11,1,1223.5,24503,0,302.0,2026-08-20,0,-1,1225.0,27.1
166688,11490,Hunter,BeastMastery,Pack Leader,DPS,US,Ruby Life Pools,11,1,1223.5,218111,0,307.0,2026-08-20,0,-1,1225.0,27.1
166688,24746,Warrior,Arms,Slayer,DPS,US,Ruby Life Pools,11,1,1223.5,228974,2,308.0,2026-08-20,0,-1,1225.0,27.1
166688,24747,Mage,Arcane,Sunfury,DPS,US,Ruby Life Pools,11,1,1223.5,233264,0,298.0,2026-08-20,0,-1,1225.0,27.1
166698,220327,DemonHunter,Vengeance,Annihilator,Tank,EU,Voidscar Arena,2,1,973.2,48169,0,288.0,2026-08-20,0,-1,965.0,46.4
166698,171249,Monk,Mistweaver,Conduit of the Celestials,Healer,EU,Voidscar Arena,2,1,973.2,40734,0,297.0,2026-08-20,0,-1,965.0,46.4
166698,220328,Rogue,Assassination,Deathstalker,DPS,EU,Voidscar Arena,2,1,973.2,128527,0,292.0,2026-08-20,0,-1,965.0,46.4
166698,220329,Paladin,Retribution,Templar,DPS,EU,Voidscar Arena,2,1,973.2,62923,0,292.0,2026-08-20,0,-1,965.0,46.4
166698,220330,Mage,Arcane,Sunfury,DPS,EU,Voidscar Arena,2,1,973.2,121299,0,298.0,2026-08-20,0,-1,965.0,46.4
166704,155200,DeathKnight,Blood,Deathbringer,Tank,US,The Blinding Vale,7,1,1734.9,97773,0,288.0,2026-08-19,0,-1,1781.0,1.0
166704,2598,Shaman,Restoration,Totemic,Healer,US,The Blinding Vale,7,1,1734.9,22691,0,296.0,2026-08-19,0,-1,1781.0,1.0
166704,140060,Mage,Arcane,Sunfury,DPS,US,The Blinding Vale,7,1,1734.9,159761,3,291.0,2026-08-19,0,-1,1781.0,1.0
166704,155202,DemonHunter,Devourer,Void-Scarred,DPS,US,The Blinding Vale,7,1,1734.9,123665,3,294.0,2026-08-19,0,-1,1781.0,1.0
166704,220334,Monk,Windwalker,Shado-Pan,DPS,US,The Blinding Vale,7,1,1734.9,114339,5,288.0,2026-08-19,0,-1,1781.0,1.0
166707,30028,Paladin,Protection,Lightsmith,Tank,US,Murder Row,11,0,2158.8,71426,1,296.0,2026-08-20,0,-1,2206.0,-8.1
166707,87996,Paladin,Holy,Herald of the Sun,Healer,US,Murder Row,11,0,2158.8,7651,2,296.0,2026-08-20,0,-1,2206.0,-8.1
166707,112309,Mage,Arcane,Spellslinger,DPS,US,Murder Row,11,0,2158.8,153090,2,296.0,2026-08-20,0,-1,2206.0,-8.1
166707,112307,Hunter,Marksmanship,Sentinel,DPS,US,Murder Row,11,0,2158.8,147309,4,297.0,2026-08-20,0,-1,2206.0,-8.1
166707,189260,Mage,Arcane,Spellslinger,DPS,US,Murder Row,11,0,2158.8,149196,3,290.0,2026-08-20,0,-1,2206.0,-8.1
166713,220337,Paladin,Protection,Lightsmith,Tank,US,Kings' Rest,8,1,1421.8,56966,0,285.0,2026-08-20,0,-1,1428.0,27.9
166713,163029,Druid,Restoration,Wildstalker,Healer,US,Kings' Rest,8,1,1421.8,2028,2,291.0,2026-08-20,0,-1,1428.0,27.9
166713,49918,Warlock,Demonology,Diabolist,DPS,US,Kings' Rest,8,1,1421.8,151421,0,293.0,2026-08-20,0,-1,1428.0,27.9
166713,98147,Hunter,BeastMastery,Pack Leader,DPS,US,Kings' Rest,8,1,1421.8,112314,1,290.0,2026-08-20,0,-1,1428.0,27.9
166713,163028,Warrior,Fury,Slayer,DPS,US,Kings' Rest,8,1,1421.8,108431,0,292.0,2026-08-20,0,-1,1428.0,27.9
166726,183845,DeathKnight,Blood,Deathbringer,Tank,US,Den of Nalorakk,10,1,1546.2,94707,0,294.0,2026-08-20,0,-1,1548.0,19.4
166726,153040,Paladin,Holy,Herald of the Sun,Healer,US,Den of Nalorakk,10,1,1546.2,11738,0,299.0,2026-08-20,0,-1,1548.0,19.4
166726,26601,Priest,Shadow,Voidweaver,DPS,US,Den of Nalorakk,10,1,1546.2,169728,0,301.0,2026-08-20,0,-1,1548.0,19.4
166726,26600,Mage,Arcane,Sunfury,DPS,US,Den of Nalorakk,10,1,1546.2,139689,1,295.0,2026-08-20,0,-1,1548.0,19.4
166726,26598,Warrior,Arms,Slayer,DPS,US,Den of Nalorakk,10,1,1546.2,161029,1,301.0,2026-08-20,0,-1,1548.0,19.4
166744,51970,Warrior,Protection,Mountain Thane,Tank,EU,Kings' Rest,10,0,2168.3,66814,2,292.0,2026-08-19,0,-1,2200.0,-11.1
166744,27199,Priest,Holy,Archon,Healer,EU,Kings' Rest,10,0,2168.3,7670,1,294.0,2026-08-19,0,-1,2200.0,-11.1
166744,85748,Hunter,BeastMastery,Pack Leader,DPS,EU,Kings' Rest,10,0,2168.3,114708,1,294.0,2026-08-19,0,-1,2200.0,-11.1
166744,51971,Druid,Balance,Elune's Chosen,DPS,EU,Kings' Rest,10,0,2168.3,90474,4,293.0,2026-08-19,0,-1,2200.0,-11.1
166744,85749,Paladin,Retribution,Templar,DPS,EU,Kings' Rest,10,0,2168.3,92572,1,292.0,2026-08-19,0,-1,2200.0,-11.1
166751,102491,Monk,Brewmaster,Shado-Pan,Tank,EU,Kings' Rest,7,1,1672.3,50825,5,287.0,2026-08-19,0,-1,1773.0,10.4
166751,84354,Priest,Discipline,Oracle,Healer,EU,Kings' Rest,7,1,1672.3,14518,4,294.0,2026-08-19,0,-1,1773.0,10.4
166751,97320,Shaman,Elemental,Farseer,DPS,EU,Kings' Rest,7,1,1672.3,104496,4,294.0,2026-08-19,0,-1,1773.0,10.4
166751,102492,Hunter,BeastMastery,Pack Leader,DPS,EU,Kings' Rest,7,1,1672.3,128466,3,292.0,2026-08-19,0,-1,1773.0,10.4
166751,70094,Rogue,Outlaw,Trickster,DPS,EU,Kings' Rest,7,1,1672.3,108181,6,292.0,2026-08-19,0,-1,1773.0,10.4
166765,22527,DemonHunter,Vengeance,Annihilator,Tank,EU,Kings' Rest,9,1,1537.7,64285,0,292.0,2026-08-19,0,-1,1540.0,22.2
166765,60456,Evoker,Preservation,Flameshaper,Healer,EU,Kings' Rest,9,1,1537.7,17214,0,291.0,2026-08-19,0,-1,1540.0,22.2
166765,22529,DeathKnight,Frost,Deathbringer,DPS,EU,Kings' Rest,9,1,1537.7,109825,1,295.0,2026-08-19,0,-1,1540.0,22.2
166765,22531,Warlock,Destruction,Diabolist,DPS,EU,Kings' Rest,9,1,1537.7,127959,0,294.0,2026-08-19,0,-1,1540.0,22.2
166765,22530,Rogue,Subtlety,Deathstalker,DPS,EU,Kings' Rest,9,1,1537.7,116371,1,293.0,2026-08-19,0,-1,1540.0,22.2
166767,14796,Paladin,Protection,Lightsmith,Tank,EU,The Blinding Vale,11,1,1610.2,98825,2,293.0,2026-08-19,0,-1,1666.0,7.4
166767,14797,Paladin,Holy,Herald of the Sun,Healer,EU,The Blinding Vale,11,1,1610.2,21865,3,293.0,2026-08-19,0,-1,1666.0,7.4
166767,14799,Mage,Arcane,Sunfury,DPS,EU,The Blinding Vale,11,1,1610.2,195383,2,294.0,2026-08-19,0,-1,1666.0,7.4
166767,14800,Shaman,Elemental,Farseer,DPS,EU,The Blinding Vale,11,1,1610.2,215638,4,289.0,2026-08-19,0,-1,1666.0,7.4
166767,14798,Warrior,Arms,Slayer,DPS,EU,The Blinding Vale,11,1,1610.2,189719,2,294.0,2026-08-19,0,-1,1666.0,7.4
166782,179673,Warrior,Protection,Mountain Thane,Tank,CN,Voidscar Arena,9,1,1386.3,98733,1,293.0,2026-08-20,0,-1,1403.0,22.0
166782,205849,Druid,Restoration,Wildstalker,Healer,CN,Voidscar Arena,9,1,1386.3,10124,1,292.0,2026-08-20,0,-1,1403.0,22.0
166782,205850,Hunter,BeastMastery,Pack Leader,DPS,CN,Voidscar Arena,9,1,1386.3,166782,1,291.0,2026-08-20,0,-1,1403.0,22.0
166782,205852,Warrior,Arms,Slayer,DPS,CN,Voidscar Arena,9,1,1386.3,145640,1,291.0,2026-08-20,0,-1,1403.0,22.0
166782,206248,Mage,Fire,Sunfury,DPS,CN,Voidscar Arena,9,1,1386.3,145425,1,292.0,2026-08-20,0,-1,1403.0,22.0
166811,156770,DeathKnight,Blood,San'layn,Tank,US,Den of Nalorakk,8,1,1650.5,83123,0,293.0,2026-08-19,0,-1,1652.0,14.0
166811,37200,Druid,Restoration,Wildstalker,Healer,US,Den of Nalorakk,8,1,1650.5,9975,0,293.0,2026-08-19,0,-1,1652.0,14.0
166811,2755,Hunter,Survival,Sentinel,DPS,US,Den of Nalorakk,8,1,1650.5,116451,1,294.0,2026-08-19,0,-1,1652.0,14.0
166811,77630,Mage,Arcane,Sunfury,DPS,US,Den of Nalorakk,8,1,1650.5,111560,0,289.0,2026-08-19,0,-1,1652.0,14.0
166811,77631,Evoker,Devastation,Scalecommander,DPS,US,Den of Nalorakk,8,1,1650.5,121840,1,291.0,2026-08-19,0,-1,1652.0,14.0
166814,201318,DeathKnight,Blood,San'layn,Tank,CN,Voidscar Arena,10,1,1702.6,92716,0,291.0,2026-08-20,0,-1,1734.0,3.6
166814,201319,Priest,Holy,Oracle,Healer,CN,Voidscar Arena,10,1,1702.6,23271,0,292.0,2026-08-20,0,-1,1734.0,3.6
166814,189807,Rogue,Outlaw,Trickster,DPS,CN,Voidscar Arena,10,1,1702.6,120361,4,297.0,2026-08-20,0,-1,1734.0,3.6
166814,201320,Paladin,Retribution,Herald of the Sun,DPS,CN,Voidscar Arena,10,1,1702.6,145822,2,290.0,2026-08-20,0,-1,1734.0,3.6
166814,201321,Warrior,Arms,Slayer,DPS,CN,Voidscar Arena,10,1,1702.6,136651,2,292.0,2026-08-20,0,-1,1734.0,3.6
166816,176504,DeathKnight,Blood,San'layn,Tank,EU,Murder Row,8,1,1379.8,112237,1,292.0,2026-08-19,0,-1,1416.0,30.6
166816,220398,Shaman,Restoration,Totemic,Healer,EU,Murder Row,8,1,1379.8,17134,2,292.0,2026-08-19,0,-1,1416.0,30.6
166816,220399,DeathKnight,Unholy,San'layn,DPS,EU,Murder Row,8,1,1379.8,151410,1,289.0,2026-08-19,0,-1,1416.0,30.6
166816,208093,Hunter,BeastMastery,Pack Leader,DPS,EU,Murder Row,8,1,1379.8,155674,3,295.0,2026-08-19,0,-1,1416.0,30.6
166816,42276,DemonHunter,Devourer,Annihilator,DPS,EU,Murder Row,8,1,1379.8,135434,2,294.0,2026-08-19,0,-1,1416.0,30.6
166823,22371,DeathKnight,Blood,San'layn,Tank,EU,Voidscar Arena,10,1,1236.6,112453,0,296.0,2026-08-19,0,-1,1268.0,29.5
166823,22372,Evoker,Preservation,Flameshaper,Healer,EU,Voidscar Arena,10,1,1236.6,32676,1,293.0,2026-08-19,0,-1,1268.0,29.5
166823,22374,Paladin,Retribution,Herald of the Sun,DPS,EU,Voidscar Arena,10,1,1236.6,188862,2,293.0,2026-08-19,0,-1,1268.0,29.5
166823,22433,Hunter,BeastMastery,Pack Leader,DPS,EU,Voidscar Arena,10,1,1236.6,144684,2,295.0,2026-08-19,0,-1,1268.0,29.5
166823,22375,Shaman,Elemental,Farseer,DPS,EU,Voidscar Arena,10,1,1236.6,153938,3,289.0,2026-08-19,0,-1,1268.0,29.5
166828,154041,Monk,Brewmaster,Master of Harmony,Tank,EU,Temple of Sethraliss,10,1,1139.6,104926,0,294.0,2026-08-20,0,-1,1136.0,40.8
166828,43310,Druid,Restoration,Wildstalker,Healer,EU,Temple of Sethraliss,10,1,1139.6,16547,0,296.0,2026-08-20,0,-1,1136.0,40.8
166828,124873,Hunter,BeastMastery,Pack Leader,DPS,EU,Temple of Sethraliss,10,1,1139.6,221269,0,299.0,2026-08-20,0,-1,1136.0,40.8
166828,94895,Rogue,Assassination,Deathstalker,DPS,EU,Temple of Sethraliss,10,1,1139.6,231778,0,304.0,2026-08-20,0,-1,1136.0,40.8
166828,65531,DemonHunter,Devourer,Annihilator,DPS,EU,Temple of Sethraliss,10,1,1139.6,218623,1,298.0,2026-08-20,0,-1,1136.0,40.8
166839,22156,Paladin,Protection,Lightsmith,Tank,EU,Altar of Fangs,11,0,1802.6,95973,3,301.0,2026-08-20,0,-1,1864.0,-3.6
166839,175409,Paladin,Holy,Herald of the Sun,Healer,EU,Altar of Fangs,11,0,1802.6,17988,2,296.0,2026-08-20,0,-1,1864.0,-3.6
166839,185724,DeathKnight,Unholy,Rider of the Apocalypse,DPS,EU,Altar of Fangs,11,0,1802.6,205801,2,299.0,2026-08-20,0,-1,1864.0,-3.6
166839,62196,Shaman,Elemental,Farseer,DPS,EU,Altar of Fangs,11,0,1802.6,149569,5,297.0,2026-08-20,0,-1,1864.0,-3.6
166839,17534,Warrior,Arms,Slayer,DPS,EU,Altar of Fangs,11,0,1802.6,205887,2,298.0,2026-08-20,0,-1,1864.0,-3.6
166847,166867,DeathKnight,Blood,Deathbringer,Tank,CN,Kings' Rest,10,1,1690.0,66766,2,293.0,2026-08-20,0,-1,1701.0,14.1
166847,166868,Paladin,Holy,Lightsmith,Healer,CN,Kings' Rest,10,1,1690.0,19695,0,290.0,2026-08-20,0,-1,1701.0,14.1
166847,166871,Monk,Windwalker,Conduit of the Celestials,DPS,CN,Kings' Rest,10,1,1690.0,102500,1,300.0,2026-08-20,0,-1,1701.0,14.1
166847,166869,DeathKnight,Unholy,Rider of the Apocalypse,DPS,CN,Kings' Rest,10,1,1690.0,130429,0,296.0,2026-08-20,0,-1,1701.0,14.1
166847,166870,Mage,Arcane,Sunfury,DPS,CN,Kings' Rest,10,1,1690.0,133985,1,294.0,2026-08-20,0,-1,1701.0,14.1
166851,172215,DeathKnight,Blood,San'layn,Tank,CN,Temple of Sethraliss,10,1,1620.5,122142,0,297.0,2026-08-20,0,-1,1632.0,15.0
166851,220421,Shaman,Restoration,Totemic,Healer,CN,Temple of Sethraliss,10,1,1620.5,22392,0,293.0,2026-08-20,0,-1,1632.0,15.0
166851,220422,Paladin,Retribution,Herald of the Sun,DPS,CN,Temple of Sethraliss,10,1,1620.5,94625,0,272.0,2026-08-20,0,-1,1632.0,15.0
166851,220423,DeathKnight,Unholy,Rider of the Apocalypse,DPS,CN,Temple of Sethraliss,10,1,1620.5,175461,2,292.0,2026-08-20,0,-1,1632.0,15.0
166851,220424,Druid,Balance,Elune's Chosen,DPS,CN,Temple of Sethraliss,10,1,1620.5,173638,2,295.0,2026-08-20,0,-1,1632.0,15.0
166869,220436,Druid,Guardian,Elune's Chosen,Tank,EU,The Blinding Vale,5,1,939.1,73892,0,291.0,2026-08-20,0,-1,930.0,48.3
166869,220437,Shaman,Restoration,Totemic,Healer,EU,The Blinding Vale,5,1,939.1,36448,0,294.0,2026-08-20,0,-1,930.0,48.3
166869,167175,Rogue,Subtlety,Deathstalker,DPS,EU,The Blinding Vale,5,1,939.1,129191,0,297.0,2026-08-20,0,-1,930.0,48.3
166869,15878,Mage,Arcane,Sunfury,DPS,EU,The Blinding Vale,5,1,939.1,210820,0,300.0,2026-08-20,0,-1,930.0,48.3
166869,220438,Paladin,Retribution,Templar,DPS,EU,The Blinding Vale,5,1,939.1,194090,0,292.0,2026-08-20,0,-1,930.0,48.3
166893,204454,DeathKnight,Blood,San'layn,Tank,CN,Murder Row,11,1,1534.7,109224,0,298.0,2026-08-20,0,-1,1536.0,24.7
166893,204455,Paladin,Holy,Herald of the Sun,Healer,CN,Murder Row,11,1,1534.7,22782,0,297.0,2026-08-20,0,-1,1536.0,24.7
166893,204457,Hunter,Marksmanship,Sentinel,DPS,CN,Murder Row,11,1,1534.7,191276,1,298.0,2026-08-20,0,-1,1536.0,24.7
166893,204458,Paladin,Retribution,Herald of the Sun,DPS,CN,Murder Row,11,1,1534.7,190009,1,300.0,2026-08-20,0,-1,1536.0,24.7
166893,211639,Mage,Arcane,Sunfury,DPS,CN,Murder Row,11,1,1534.7,183302,0,297.0,2026-08-20,0,-1,1536.0,24.7
166906,126357,Paladin,Protection,Lightsmith,Tank,EU,Den of Nalorakk,7,1,1659.1,103656,2,294.0,2026-08-19,0,-1,1691.0,11.9
166906,126358,Paladin,Holy,Herald of the Sun,Healer,EU,Den of Nalorakk,7,1,1659.1,9652,1,275.0,2026-08-19,0,-1,1691.0,11.9
166906,126359,DeathKnight,Unholy,Rider of the Apocalypse,DPS,EU,Den of Nalorakk,7,1,1659.1,134567,1,287.0,2026-08-19,0,-1,1691.0,11.9
166906,26286,Mage,Arcane,Sunfury,DPS,EU,Den of Nalorakk,7,1,1659.1,130277,2,288.0,2026-08-19,0,-1,1691.0,11.9
166906,126360,Warrior,Arms,Slayer,DPS,EU,Den of Nalorakk,7,1,1659.1,118444,2,286.0,2026-08-19,0,-1,1691.0,11.9
166909,220466,Paladin,Protection,Lightsmith,Tank,EU,Voidscar Arena,8,1,1194.8,88254,0,295.0,2026-08-20,0,-1,1191.0,33.8
166909,91145,Paladin,Holy,Herald of the Sun,Healer,EU,Voidscar Arena,8,1,1194.8,16706,0,294.0,2026-08-20,0,-1,1191.0,33.8
166909,220467,DeathKnight,Frost,Deathbringer,DPS,EU,Voidscar Arena,8,1,1194.8,182344,0,303.0,2026-08-20,0,-1,1191.0,33.8
166909,68661,Hunter,Survival,Pack Leader,DPS,EU,Voidscar Arena,8,1,1194.8,137797,1,295.0,2026-08-20,0,-1,1191.0,33.8
166909,168989,DemonHunter,Devourer,Annihilator,DPS,EU,Voidscar Arena,8,1,1194.8,146667,0,299.0,2026-08-20,0,-1,1191.0,33.8
166930,43408,Paladin,Protection,Lightsmith,Tank,EU,Murder Row,7,1,1469.2,64485,0,298.0,2026-08-20,0,-1,1460.0,28.4
166930,114918,Monk,Mistweaver,Conduit of the Celestials,Healer,EU,Murder Row,7,1,1469.2,28166,0,290.0,2026-08-20,0,-1,1460.0,28.4
166930,51622,Mage,Arcane,Sunfury,DPS,EU,Murder Row,7,1,1469.2,136353,0,291.0,2026-08-20,0,-1,1460.0,28.4
166930,43411,Mage,Arcane,Sunfury,DPS,EU,Murder Row,7,1,1469.2,148486,0,304.0,2026-08-20,0,-1,1460.0,28.4
166930,188569,Paladin,Retribution,Templar,DPS,EU,Murder Row,7,1,1469.2,117400,0,295.0,2026-08-20,0,-1,1460.0,28.4
166961,105382,Warrior,Protection,Unknown,Tank,US,Den of Nalorakk,10,1,1381.6,74824,0,297.0,2026-08-20,0,-1,1379.0,28.2
166961,32847,Shaman,Restoration,Unknown,Healer,US,Den of Nalorakk,10,1,1381.6,29755,0,303.0,2026-08-20,0,-1,1379.0,28.2
166961,155612,Hunter,BeastMastery,Unknown,DPS,US,Den of Nalorakk,10,1,1381.6,155540,1,298.0,2026-08-20,0,-1,1379.0,28.2
166961,157669,Rogue,Outlaw,Unknown,DPS,US,Den of Nalorakk,10,1,1381.6,179413,0,297.0,2026-08-20,0,-1,1379.0,28.2
166961,32850,DeathKnight,Unholy,Unknown,DPS,US,Den of Nalorakk,10,1,1381.6,185089,0,297.0,2026-08-20,0,-1,1379.0,28.2
166962,72669,DemonHunter,Vengeance,Annihilator,Tank,EU,Voidscar Arena,10,1,1666.6,66120,2,293.0,2026-08-20,0,-1,1738.0,3.4
166962,220512,Evoker,Preservation,Flameshaper,Healer,EU,Voidscar Arena,10,1,1666.6,13382,2,290.0,2026-08-20,0,-1,1738.0,3.4
166962,220513,Warrior,Arms,Slayer,DPS,EU,Voidscar Arena,10,1,1666.6,163679,2,303.0,2026-08-20,0,-1,1738.0,3.4
166962,220514,Shaman,Elemental,Farseer,DPS,EU,Voidscar Arena,10,1,1666.6,147670,9,294.0,2026-08-20,0,-1,1738.0,3.4
166962,220515,DeathKnight,Unholy,San'layn,DPS,EU,Voidscar Arena,10,1,1666.6,141016,1,290.0,2026-08-20,0,-1,1738.0,3.4
166993,42458,Paladin,Protection,Lightsmith,Tank,EU,Kings' Rest,10,1,1642.6,79122,2,299.0,2026-08-19,0,-1,1695.0,14.4
166993,42459,Shaman,Restoration,Totemic,Healer,EU,Kings' Rest,10,1,1642.6,18306,2,296.0,2026-08-19,0,-1,1695.0,14.4
166993,42461,DemonHunter,Devourer,Annihilator,DPS,EU,Kings' Rest,10,1,1642.6,127842,2,293.0,2026-08-19,0,-1,1695.0,14.4
166993,42462,Warrior,Arms,Slayer,DPS,EU,Kings' Rest,10,1,1642.6,104427,5,290.0,2026-08-19,0,-1,1695.0,14.4
166993,47493,DeathKnight,Unholy,Rider of the Apocalypse,DPS,EU,Kings' Rest,10,1,1642.6,116863,1,298.0,2026-08-19,0,-1,1695.0,14.4
167006,60723,DeathKnight,Blood,Deathbringer,Tank,EU,Ruby Life Pools,8,1,1137.7,110479,0,293.0,2026-08-19,0,-1,1149.0,31.6
167006,136312,Shaman,Restoration,Totemic,Healer,EU,Ruby Life Pools,8,1,1137.7,17828,1,290.0,2026-08-19,0,-1,1149.0,31.6
167006,33081,Warrior,Arms,Slayer,DPS,EU,Ruby Life Pools,8,1,1137.7,172992,0,294.0,2026-08-19,0,-1,1149.0,31.6
167006,86962,Hunter,BeastMastery,Pack Leader,DPS,EU,Ruby Life Pools,8,1,1137.7,184023,1,297.0,2026-08-19,0,-1,1149.0,31.6
167006,220544,Mage,Arcane,Sunfury,DPS,EU,Ruby Life Pools,8,1,1137.7,135760,2,284.0,2026-08-19,0,-1,1149.0,31.6
167010,12972,DeathKnight,Blood,San'layn,Tank,EU,Murder Row,10,0,1998.3,86818,5,294.0,2026-08-19,0,-1,2105.0,-3.2
167010,12973,Priest,Discipline,Oracle,Healer,EU,Murder Row,10,0,1998.3,18148,4,294.0,2026-08-19,0,-1,2105.0,-3.2
167010,12975,Mage,Arcane,Sunfury,DPS,EU,Murder Row,10,0,1998.3,154886,5,294.0,2026-08-19,0,-1,2105.0,-3.2
167010,12976,Shaman,Elemental,Farseer,DPS,EU,Murder Row,10,0,1998.3,132691,5,295.0,2026-08-19,0,-1,2105.0,-3.2
167010,12974,Warlock,Demonology,Diabolist,DPS,EU,Murder Row,10,0,1998.3,145380,4,288.0,2026-08-19,0,-1,2105.0,-3.2
167011,37393,DeathKnight,Blood,San'layn,Tank,US,Murder Row,10,1,1337.2,120540,1,295.0,2026-08-19,0,-1,1369.0,32.9
167011,220546,Priest,Holy,Oracle,Healer,US,Murder Row,10,1,1337.2,23022,1,295.0,2026-08-19,0,-1,1369.0,32.9
167011,220547,Warlock,Demonology,Diabolist,DPS,US,Murder Row,10,1,1337.2,211651,1,298.0,2026-08-19,0,-1,1369.0,32.9
167011,13570,Mage,Frost,Spellslinger,DPS,US,Murder Row,10,1,1337.2,152608,2,294.0,2026-08-19,0,-1,1369.0,32.9
167011,220548,Rogue,Subtlety,Trickster,DPS,US,Murder Row,10,1,1337.2,187005,2,298.0,2026-08-19,0,-1,1369.0,32.9
167016,220550,Paladin,Protection,Lightsmith,Tank,EU,Altar of Fangs,6,1,1598.0,87673,0,291.0,2026-08-20,0,-1,1620.0,10.0
167016,105982,Paladin,Holy,Herald of the Sun,Healer,EU,Altar of Fangs,6,1,1598.0,8265,2,289.0,2026-08-20,0,-1,1620.0,10.0
167016,105983,Rogue,Subtlety,Deathstalker,DPS,EU,Altar of Fangs,6,1,1598.0,113077,1,297.0,2026-08-20,0,-1,1620.0,10.0
167016,220551,Warlock,Demonology,Diabolist,DPS,EU,Altar of Fangs,6,1,1598.0,108611,2,294.0,2026-08-20,0,-1,1620.0,10.0
167016,220552,Hunter,Marksmanship,Sentinel,DPS,EU,Altar of Fangs,6,1,1598.0,116781,1,288.0,2026-08-20,0,-1,1620.0,10.0
167028,156212,DeathKnight,Blood,Deathbringer,Tank,US,The Blinding Vale,10,0,1675.9,96645,2,290.0,2026-08-19,0,-1,1807.0,-0.4
167028,220557,Paladin,Holy,Herald of the Sun,Healer,US,The Blinding Vale,10,0,1675.9,11027,6,295.0,2026-08-19,0,-1,1807.0,-0.4
167028,78847,Warlock,Demonology,Diabolist,DPS,US,The Blinding Vale,10,0,1675.9,163141,5,302.0,2026-08-19,0,-1,1807.0,-0.4
167028,11574,Warrior,Arms,Slayer,DPS,US,The Blinding Vale,10,0,1675.9,164816,10,295.0,2026-08-19,0,-1,1807.0,-0.4
167028,182670,Shaman,Elemental,Farseer,DPS,US,The Blinding Vale,10,0,1675.9,183506,5,296.0,2026-08-19,0,-1,1807.0,-0.4
167030,206847,DeathKnight,Blood,San'layn,Tank,CN,Den of Nalorakk,9,1,1372.2,87242,0,286.0,2026-08-20,0,-1,1363.0,29.0
167030,220558,Druid,Restoration,Keeper of the Grove,Healer,CN,Den of Nalorakk,9,1,1372.2,9175,0,295.0,2026-08-20,0,-1,1363.0,29.0
167030,220559,Hunter,Marksmanship,Sentinel,DPS,CN,Den of Nalorakk,9,1,1372.2,159154,0,300.0,2026-08-20,0,-1,1363.0,29.0
167030,206850,Rogue,Subtlety,Deathstalker,DPS,CN,Den of Nalorakk,9,1,1372.2,158701,0,295.0,2026-08-20,0,-1,1363.0,29.0
167030,206849,Shaman,Elemental,Farseer,DPS,CN,Den of Nalorakk,9,1,1372.2,197179,0,297.0,2026-08-20,0,-1,1363.0,29.0
167061,14768,Warrior,Protection,Mountain Thane,Tank,US,Ruby Life Pools,11,1,1102.1,152919,0,301.0,2026-08-20,0,-1,1098.0,34.6
167061,14769,Shaman,Restoration,Totemic,Healer,US,Ruby Life Pools,11,1,1102.1,30081,0,303.0,2026-08-20,0,-1,1098.0,34.6
167061,3583,Rogue,Outlaw,Trickster,DPS,US,Ruby Life Pools,11,1,1102.1,230458,1,300.0,2026-08-20,0,-1,1098.0,34.6
167061,65283,Mage,Arcane,Sunfury,DPS,US,Ruby Life Pools,11,1,1102.1,203434,0,299.0,2026-08-20,0,-1,1098.0,34.6
167061,14771,Warlock,Demonology,Diabolist,DPS,US,Ruby Life Pools,11,1,1102.1,182090,0,300.0,2026-08-20,0,-1,1098.0,34.6
167063,71650,Warrior,Protection,Mountain Thane,Tank,US,Temple of Sethraliss,10,0,3198.5,104532,7,292.0,2026-08-19,0,-1,3354.0,-74.7
167063,97275,Paladin,Holy,Herald of the Sun,Healer,US,Temple of Sethraliss,10,0,3198.5,16368,9,288.0,2026-08-19,0,-1,3354.0,-74.7
167063,220592,Rogue,Subtlety,Deathstalker,DPS,US,Temple of Sethraliss,10,0,3198.5,86377,9,288.0,2026-08-19,0,-1,3354.0,-74.7
167063,3972,Shaman,Enhancement,Stormbringer,DPS,US,Temple of Sethraliss,10,0,3198.5,128040,13,298.0,2026-08-19,0,-1,3354.0,-74.7
167063,3971,Mage,Arcane,Sunfury,DPS,US,Temple of Sethraliss,10,0,3198.5,84420,12,286.0,2026-08-19,0,-1,3354.0,-74.7
167066,36683,DeathKnight,Blood,Deathbringer,Tank,US,Kings' Rest,11,1,1606.1,67641,0,291.0,2026-08-20,0,-1,1607.0,18.8
167066,118165,Paladin,Holy,Herald of the Sun,Healer,US,Kings' Rest,11,1,1606.1,17344,1,300.0,2026-08-20,0,-1,1607.0,18.8
167066,76791,Mage,Arcane,Sunfury,DPS,US,Kings' Rest,11,1,1606.1,146631,1,298.0,2026-08-20,0,-1,1607.0,18.8
167066,76792,Shaman,Elemental,Farseer,DPS,US,Kings' Rest,11,1,1606.1,161115,0,302.0,2026-08-20,0,-1,1607.0,18.8
167066,76793,Hunter,BeastMastery,Pack Leader,DPS,US,Kings' Rest,11,1,1606.1,110110,0,297.0,2026-08-20,0,-1,1607.0,18.8
167092,220619,Druid,Guardian,Elune's Chosen,Tank,US,Murder Row,6,1,1619.6,49795,0,292.0,2026-08-19,0,-1,1621.0,20.5
167092,75742,Priest,Discipline,Oracle,Healer,US,Murder Row,6,1,1619.6,12567,1,290.0,2026-08-19,0,-1,1621.0,20.5
167092,220620,Warlock,Demonology,Diabolist,DPS,US,Murder Row,6,1,1619.6,118109,0,287.0,2026-08-19,0,-1,1621.0,20.5
167092,220621,Paladin,Retribution,Templar,DPS,US,Murder Row,6,1,1619.6,106009,1,293.0,2026-08-19,0,-1,1621.0,20.5
167092,220622,Mage,Arcane,Sunfury,DPS,US,Murder Row,6,1,1619.6,111473,0,291.0,2026-08-19,0,-1,1621.0,20.5
167127,7167,Warrior,Protection,Mountain Thane,Tank,US,Den of Nalorakk,8,1,1286.7,65281,0,288.0,2026-08-18,0,-1,1283.0,33.2
167127,52719,Paladin,Holy,Herald of the Sun,Healer,US,Den of Nalorakk,8,1,1286.7,21292,1,293.0,2026-08-18,0,-1,1283.0,33.2
167127,52720,Warrior,Arms,Slayer,DPS,US,Den of Nalorakk,8,1,1286.7,128691,0,293.0,2026-08-18,0,-1,1283.0,33.2
167127,52721,Rogue,Subtlety,Deathstalker,DPS,US,Den of Nalorakk,8,1,1286.7,169118,0,292.0,2026-08-18,0,-1,1283.0,33.2
167127,17940,Priest,Shadow,Voidweaver,DPS,US,Den of Nalorakk,8,1,1286.7,153206,0,294.0,2026-08-18,0,-1,1283.0,33.2
167130,14779,Paladin,Protection,Templar,Tank,EU,Murder Row,10,1,1458.7,106107,1,290.0,2026-08-19,0,-1,1460.0,28.4
167130,14780,Shaman,Restoration,Totemic,Healer,EU,Murder Row,10,1,1458.7,21606,0,292.0,2026-08-19,0,-1,1460.0,28.4
167130,14782,Rogue,Subtlety,Deathstalker,DPS,EU,Murder Row,10,1,1458.7,179767,0,293.0,2026-08-19,0,-1,1460.0,28.4
167130,14783,Priest,Shadow,Archon,DPS,EU,Murder Row,10,1,1458.7,220222,1,296.0,2026-08-19,0,-1,1460.0,28.4
167130,14781,Priest,Shadow,Voidweaver,DPS,EU,Murder Row,10,1,1458.7,157819,0,292.0,2026-08-19,0,-1,1460.0,28.4
167144,113396,DeathKnight,Blood,Deathbringer,Tank,EU,Kings' Rest,8,1,1690.3,72919,0,298.0,2026-08-19,0,-1,1706.0,13.8
167144,132744,Paladin,Holy,Herald of the Sun,Healer,EU,Kings' Rest,8,1,1690.3,16782,0,293.0,2026-08-19,0,-1,1706.0,13.8
167144,113397,Paladin,Retribution,Herald of the Sun,DPS,EU,Kings' Rest,8,1,1690.3,74839,1,282.0,2026-08-19,0,-1,1706.0,13.8
167144,132745,Warrior,Arms,Slayer,DPS,EU,Kings' Rest,8,1,1690.3,98158,3,291.0,2026-08-19,0,-1,1706.0,13.8
167144,157555,Paladin,Retribution,Templar,DPS,EU,Kings' Rest,8,1,1690.3,101778,1,288.0,2026-08-19,0,-1,1706.0,13.8
167152,28795,Paladin,Protection,Lightsmith,Tank,EU,Ruby Life Pools,2,1,925.0,93017,0,293.0,2026-08-19,0,-1,917.0,45.4
167152,28796,Shaman,Restoration,Totemic,Healer,EU,Ruby Life Pools,2,1,925.0,21301,0,289.0,2026-08-19,0,-1,917.0,45.4
167152,28797,Warrior,Fury,Slayer,DPS,EU,Ruby Life Pools,2,1,925.0,102810,0,290.0,2026-08-19,0,-1,917.0,45.4
167152,28799,DeathKnight,Unholy,Rider of the Apocalypse,DPS,EU,Ruby Life Pools,2,1,925.0,121238,0,287.0,2026-08-19,0,-1,917.0,45.4
167152,28798,Druid,Feral,Wildstalker,DPS,EU,Ruby Life Pools,2,1,925.0,148470,0,293.0,2026-08-19,0,-1,917.0,45.4
167162,220672,DeathKnight,Blood,San'layn,Tank,EU,Altar of Fangs,8,0,1832.0,119218,3,295.0,2026-08-19,0,-1,1919.0,-6.6
167162,220673,Paladin,Holy,Herald of the Sun,Healer,EU,Altar of Fangs,8,0,1832.0,9314,5,291.0,2026-08-19,0,-1,1919.0,-6.6
167162,70972,Shaman,Elemental,Farseer,DPS,EU,Altar of Fangs,8,0,1832.0,169498,5,292.0,2026-08-19,0,-1,1919.0,-6.6
167162,220674,Mage,Frost,Spellslinger,DPS,EU,Altar of Fangs,8,0,1832.0,84498,3,287.0,2026-08-19,0,-1,1919.0,-6.6
167162,88301,DemonHunter,Havoc,Fel-Scarred,DPS,EU,Altar of Fangs,8,0,1832.0,163632,3,296.0,2026-08-19,0,-1,1919.0,-6.6
167164,105538,DeathKnight,Blood,San'layn,Tank,EU,Voidscar Arena,11,0,2231.6,87767,2,292.0,2026-08-19,0,-1,2323.0,-29.1
167164,198175,Priest,Holy,Archon,Healer,EU,Voidscar Arena,11,0,2231.6,11511,4,291.0,2026-08-19,0,-1,2323.0,-29.1
167164,105539,Druid,Balance,Elune's Chosen,DPS,EU,Voidscar Arena,11,0,2231.6,133643,7,294.0,2026-08-19,0,-1,2323.0,-29.1
167164,56502,DemonHunter,Devourer,Annihilator,DPS,EU,Voidscar Arena,11,0,2231.6,128830,5,292.0,2026-08-19,0,-1,2323.0,-29.1
167164,105540,Warrior,Arms,Slayer,DPS,EU,Voidscar Arena,11,0,2231.6,104049,8,290.0,2026-08-19,0,-1,2323.0,-29.1
167166,83409,DeathKnight,Blood,San'layn,Tank,US,Ruby Life Pools,9,1,1290.4,113658,0,297.0,2026-08-19,0,-1,1292.0,23.1
167166,34521,Paladin,Holy,Herald of the Sun,Healer,US,Ruby Life Pools,9,1,1290.4,17520,0,282.0,2026-08-19,0,-1,1292.0,23.1
167166,38868,Evoker,Devastation,Scalecommander,DPS,US,Ruby Life Pools,9,1,1290.4,158246,0,292.0,2026-08-19,0,-1,1292.0,23.1
167166,84683,Monk,Windwalker,Shado-Pan,DPS,US,Ruby Life Pools,9,1,1290.4,128107,1,297.0,2026-08-19,0,-1,1292.0,23.1
167166,88731,Warrior,Fury,Mountain Thane,DPS,US,Ruby Life Pools,9,1,1290.4,162057,1,295.0,2026-08-19,0,-1,1292.0,23.1
167180,72658,Paladin,Protection,Lightsmith,Tank,EU,Murder Row,5,1,1137.0,89146,0,306.0,2026-08-20,0,-1,1129.0,44.7
167180,219868,Shaman,Restoration,Totemic,Healer,EU,Murder Row,5,1,1137.0,20123,0,289.0,2026-08-20,0,-1,1129.0,44.7
167180,185497,Shaman,Enhancement,Stormbringer,DPS,EU,Murder Row,5,1,1137.0,119096,0,287.0,2026-08-20,0,-1,1129.0,44.7
167180,133260,Mage,Frost,Spellslinger,DPS,EU,Murder Row,5,1,1137.0,102379,0,292.0,2026-08-20,0,-1,1129.0,44.7
167180,178694,Warlock,Destruction,Diabolist,DPS,EU,Murder Row,5,1,1137.0,158196,0,295.0,2026-08-20,0,-1,1129.0,44.7
167198,138941,Druid,Guardian,Elune's Chosen,Tank,EU,Murder Row,6,1,1285.7,67435,1,295.0,2026-08-19,0,-1,1297.0,36.4
167198,138942,Shaman,Restoration,Totemic,Healer,EU,Murder Row,6,1,1285.7,13484,0,294.0,2026-08-19,0,-1,1297.0,36.4
167198,138944,Mage,Arcane,Sunfury,DPS,EU,Murder Row,6,1,1285.7,122564,1,295.0,2026-08-19,0,-1,1297.0,36.4
167198,138945,Warrior,Arms,Slayer,DPS,EU,Murder Row,6,1,1285.7,124259,1,297.0,2026-08-19,0,-1,1297.0,36.4
167198,138943,Rogue,Assassination,Deathstalker,DPS,EU,Murder Row,6,1,1285.7,124030,1,295.0,2026-08-19,0,-1,1297.0,36.4
167203,119397,DeathKnight,Blood,San'layn,Tank,EU,Ruby Life Pools,5,1,1091.6,94807,0,288.0,2026-08-19,0,-1,1083.0,35.5
167203,119398,Priest,Holy,Archon,Healer,EU,Ruby Life Pools,5,1,1091.6,16762,0,291.0,2026-08-19,0,-1,1083.0,35.5
167203,119400,Warlock,Demonology,Diabolist,DPS,EU,Ruby Life Pools,5,1,1091.6,102312,1,285.0,2026-08-19,0,-1,1083.0,35.5
167203,119399,Warlock,Demonology,Diabolist,DPS,EU,Ruby Life Pools,5,1,1091.6,146944,0,292.0,2026-08-19,0,-1,1083.0,35.5
167203,70670,DeathKnight,Frost,Deathbringer,DPS,EU,Ruby Life Pools,5,1,1091.6,96378,1,292.0,2026-08-19,0,-1,1083.0,35.5
167206,19072,DeathKnight,Blood,Deathbringer,Tank,EU,Den of Nalorakk,12,1,1528.9,93318,0,305.0,2026-08-20,0,-1,1550.0,19.3
167206,19073,Shaman,Restoration,Totemic,Healer,EU,Den of Nalorakk,12,1,1528.9,46684,0,308.0,2026-08-20,0,-1,1550.0,19.3
167206,40644,Warrior,Arms,Slayer,DPS,EU,Den of Nalorakk,12,1,1528.9,146970,2,296.0,2026-08-20,0,-1,1550.0,19.3
167206,16519,Rogue,Subtlety,Deathstalker,DPS,EU,Den of Nalorakk,12,1,1528.9,180000,0,301.0,2026-08-20,0,-1,1550.0,19.3
167206,21368,Warrior,Arms,Slayer,DPS,EU,Den of Nalorakk,12,1,1528.9,181479,0,305.0,2026-08-20,0,-1,1550.0,19.3
167210,53372,DeathKnight,Blood,San'layn,Tank,EU,Voidscar Arena,10,0,1771.8,97270,1,296.0,2026-08-19,0,-1,1844.0,-2.4
167210,53373,Priest,Holy,Archon,Healer,EU,Voidscar Arena,10,0,1771.8,8562,2,293.0,2026-08-19,0,-1,1844.0,-2.4
167210,174808,Hunter,BeastMastery,Pack Leader,DPS,EU,Voidscar Arena,10,0,1771.8,122695,6,294.0,2026-08-19,0,-1,1844.0,-2.4
167210,53376,Monk,Windwalker,Shado-Pan,DPS,EU,Voidscar Arena,10,0,1771.8,121475,2,292.0,2026-08-19,0,-1,1844.0,-2.4
167210,53374,DeathKnight,Unholy,Rider of the Apocalypse,DPS,EU,Voidscar Arena,10,0,1771.8,122757,4,294.0,2026-08-19,0,-1,1844.0,-2.4
167224,163753,Paladin,Protection,Lightsmith,Tank,EU,The Blinding Vale,10,0,2083.6,53549,4,299.0,2026-08-20,0,-1,2185.0,-21.4
167224,209032,Druid,Restoration,Wildstalker,Healer,EU,The Blinding Vale,10,0,2083.6,1183,4,291.0,2026-08-20,0,-1,2185.0,-21.4
167224,165030,Evoker,Augmentation,Scalecommander,DPS,EU,The Blinding Vale,10,0,2083.6,91051,5,302.0,2026-08-20,0,-1,2185.0,-21.4
167224,25825,DeathKnight,Unholy,San'layn,DPS,EU,The Blinding Vale,10,0,2083.6,171496,4,306.0,2026-08-20,0,-1,2185.0,-21.4
167224,25828,Rogue,Subtlety,Deathstalker,DPS,EU,The Blinding Vale,10,0,2083.6,123591,5,291.0,2026-08-20,0,-1,2185.0,-21.4
167226,27125,Paladin,Protection,Unknown,Tank,EU,The Blinding Vale,8,1,1279.0,102634,2,292.0,2026-08-19,0,-1,1325.0,26.4
167226,27126,Druid,Restoration,Unknown,Healer,EU,The Blinding Vale,8,1,1279.0,15577,2,291.0,2026-08-19,0,-1,1325.0,26.4
167226,28039,Shaman,Elemental,Unknown,DPS,EU,The Blinding Vale,8,1,1279.0,175034,2,295.0,2026-08-19,0,-1,1325.0,26.4
167226,28040,Mage,Arcane,Unknown,DPS,EU,The Blinding Vale,8,1,1279.0,179963,2,289.0,2026-08-19,0,-1,1325.0,26.4
167226,27129,DemonHunter,Havoc,Unknown,DPS,EU,The Blinding Vale,8,1,1279.0,166211,3,291.0,2026-08-19,0,-1,1325.0,26.4
167229,97582,DemonHunter,Vengeance,Annihilator,Tank,EU,Kings' Rest,8,1,1532.9,49370,0,293.0,2026-08-19,0,-1,1525.0,23.0
167229,26070,Shaman,Restoration,Totemic,Healer,EU,Kings' Rest,8,1,1532.9,11213,0,297.0,2026-08-19,0,-1,1525.0,23.0
167229,97584,Druid,Balance,Elune's Chosen,DPS,EU,Kings' Rest,8,1,1532.9,87825,0,288.0,2026-08-19,0,-1,1525.0,23.0
167229,97585,Rogue,Assassination,Deathstalker,DPS,EU,Kings' Rest,8,1,1532.9,138228,0,297.0,2026-08-19,0,-1,1525.0,23.0
167229,97583,Priest,Shadow,Voidweaver,DPS,EU,Kings' Rest,8,1,1532.9,117125,0,293.0,2026-08-19,0,-1,1525.0,23.0
167230,198423,Warrior,Protection,Mountain Thane,Tank,US,Altar of Fangs,2,1,1681.6,66252,3,293.0,2026-08-20,0,-1,1673.0,7.0
167230,127323,Druid,Restoration,Wildstalker,Healer,US,Altar of Fangs,2,1,1681.6,10672,3,291.0,2026-08-20,0,-1,1673.0,7.0
167230,220708,DemonHunter,Havoc,Fel-Scarred,DPS,US,Altar of Fangs,2,1,1681.6,66556,3,294.0,2026-08-20,0,-1,1673.0,7.0
167230,115907,Mage,Arcane,Sunfury,DPS,US,Altar of Fangs,2,1,1681.6,82851,4,291.0,2026-08-20,0,-1,1673.0,7.0
167230,220709,Warlock,Demonology,Diabolist,DPS,US,Altar of Fangs,2,1,1681.6,84211,4,284.0,2026-08-20,0,-1,1673.0,7.0
167231,12758,Warrior,Protection,Mountain Thane,Tank,EU,The Blinding Vale,11,1,1737.6,126942,2,297.0,2026-08-19,0,-1,1799.0,0.0
167231,17072,Paladin,Holy,Herald of the Sun,Healer,EU,The Blinding Vale,11,1,1737.6,6732,3,292.0,2026-08-19,0,-1,1799.0,0.0
167231,12760,Mage,Arcane,Sunfury,DPS,EU,The Blinding Vale,11,1,1737.6,185118,3,297.0,2026-08-19,0,-1,1799.0,0.0
167231,17073,Warlock,Demonology,Diabolist,DPS,EU,The Blinding Vale,11,1,1737.6,173482,4,293.0,2026-08-19,0,-1,1799.0,0.0
167231,17074,DeathKnight,Unholy,Rider of the Apocalypse,DPS,EU,The Blinding Vale,11,1,1737.6,162830,2,292.0,2026-08-19,0,-1,1799.0,0.0
167256,33532,DeathKnight,Blood,San'layn,Tank,EU,Den of Nalorakk,8,1,1756.1,95039,0,294.0,2026-08-20,0,-1,1757.0,8.5
167256,33533,Shaman,Restoration,Totemic,Healer,EU,Den of Nalorakk,8,1,1756.1,31048,0,291.0,2026-08-20,0,-1,1757.0,8.5
167256,220723,Rogue,Subtlety,Trickster,DPS,EU,Den of Nalorakk,8,1,1756.1,80127,1,277.0,2026-08-20,0,-1,1757.0,8.5
167256,220724,DemonHunter,Havoc,Fel-Scarred,DPS,EU,Den of Nalorakk,8,1,1756.1,99453,1,294.0,2026-08-20,0,-1,1757.0,8.5
167256,133208,Monk,Windwalker,Shado-Pan,DPS,EU,Den of Nalorakk,8,1,1756.1,132018,0,293.0,2026-08-20,0,-1,1757.0,8.5
167257,97153,DeathKnight,Blood,San'layn,Tank,EU,Voidscar Arena,10,1,1564.5,74332,3,299.0,2026-08-19,0,-1,1621.0,9.9
167257,94963,Paladin,Holy,Herald of the Sun,Healer,EU,Voidscar Arena,10,1,1564.5,6508,2,295.0,2026-08-19,0,-1,1621.0,9.9
167257,56395,Druid,Feral,Druid of the Claw,DPS,EU,Voidscar Arena,10,1,1564.5,164962,3,300.0,2026-08-19,0,-1,1621.0,9.9
167257,97154,Shaman,Elemental,Farseer,DPS,EU,Voidscar Arena,10,1,1564.5,187688,2,293.0,2026-08-19,0,-1,1621.0,9.9
167257,15342,Mage,Arcane,Sunfury,DPS,EU,Voidscar Arena,10,1,1564.5,146250,3,297.0,2026-08-19,0,-1,1621.0,9.9
167260,220725,Paladin,Protection,Templar,Tank,US,Altar of Fangs,7,1,1054.1,73853,0,290.0,2026-08-20,0,-1,1045.0,41.9
167260,220726,Paladin,Holy,Herald of the Sun,Healer,US,Altar of Fangs,7,1,1054.1,17461,0,291.0,2026-08-20,0,-1,1045.0,41.9
167260,2528,Warrior,Arms,Slayer,DPS,US,Altar of Fangs,7,1,1054.1,209126,0,292.0,2026-08-20,0,-1,1045.0,41.9
167260,357,Shaman,Elemental,Farseer,DPS,US,Altar of Fangs,7,1,1054.1,220895,0,293.0,2026-08-20,0,-1,1045.0,41.9
167260,142604,DemonHunter,Havoc,Fel-Scarred,DPS,US,Altar of Fangs,7,1,1054.1,241527,0,302.0,2026-08-20,0,-1,1045.0,41.9
167281,3484,Paladin,Protection,Lightsmith,Tank,US,Ruby Life Pools,12,0,1712.3,80897,2,292.0,2026-08-19,0,-1,1884.0,-12.1
167281,3485,Shaman,Restoration,Totemic,Healer,US,Ruby Life Pools,12,0,1712.3,23301,3,292.0,2026-08-19,0,-1,1884.0,-12.1
167281,3486,DemonHunter,Devourer,Annihilator,DPS,US,Ruby Life Pools,12,0,1712.3,176928,2,293.0,2026-08-19,0,-1,1884.0,-12.1
167281,3487,Warlock,Destruction,Diabolist,DPS,US,Ruby Life Pools,12,0,1712.3,186934,2,297.0,2026-08-19,0,-1,1884.0,-12.1
167281,3488,DeathKnight,Unholy,San'layn,DPS,US,Ruby Life Pools,12,0,1712.3,168198,3,294.0,2026-08-19,0,-1,1884.0,-12.1
167314,220762,Druid,Guardian,Elune's Chosen,Tank,US,Murder Row,4,1,1248.7,43564,0,284.0,2026-08-18,0,-1,1240.0,39.2
167314,90439,Druid,Restoration,Wildstalker,Healer,US,Murder Row,4,1,1248.7,4211,0,292.0,2026-08-18,0,-1,1240.0,39.2
167314,102204,Druid,Balance,Elune's Chosen,DPS,US,Murder Row,4,1,1248.7,115800,0,289.0,2026-08-18,0,-1,1240.0,39.2
167314,102203,Warrior,Arms,Slayer,DPS,US,Murder Row,4,1,1248.7,110129,0,282.0,2026-08-18,0,-1,1240.0,39.2
167314,90441,Hunter,BeastMastery,Pack Leader,DPS,US,Murder Row,4,1,1248.7,122642,0,290.0,2026-08-18,0,-1,1240.0,39.2
167322,36180,Monk,Brewmaster,Shado-Pan,Tank,EU,Murder Row,6,1,1248.1,59080,0,293.0,2026-08-20,0,-1,1245.0,39.0
167322,74695,Paladin,Holy,Herald of the Sun,Healer,EU,Murder Row,6,1,1248.1,19704,0,303.0,2026-08-20,0,-1,1245.0,39.0
167322,199579,Rogue,Subtlety,Trickster,DPS,EU,Murder Row,6,1,1248.1,200452,0,304.0,2026-08-20,0,-1,1245.0,39.0
167322,220766,Hunter,BeastMastery,Dark Ranger,DPS,EU,Murder Row,6,1,1248.1,88588,1,290.0,2026-08-20,0,-1,1245.0,39.0
167322,36184,Rogue,Assassination,Deathstalker,DPS,EU,Murder Row,6,1,1248.1,107946,0,294.0,2026-08-20,0,-1,1245.0,39.0
167323,17094,Paladin,Protection,Lightsmith,Tank,EU,Den of Nalorakk,11,1,1626.1,87808,1,301.0,2026-08-20,0,-1,1653.0,13.9
167323,17095,Evoker,Preservation,Chronowarden,Healer,EU,Den of Nalorakk,11,1,1626.1,24457,2,298.0,2026-08-20,0,-1,1653.0,13.9
167323,67968,Mage,Arcane,Sunfury,DPS,EU,Den of Nalorakk,11,1,1626.1,159944,2,303.0,2026-08-20,0,-1,1653.0,13.9
167323,13251,Rogue,Subtlety,Deathstalker,DPS,EU,Den of Nalorakk,11,1,1626.1,152024,1,298.0,2026-08-20,0,-1,1653.0,13.9
167323,24160,Warlock,Demonology,Diabolist,DPS,EU,Den of Nalorakk,11,1,1626.1,177883,1,298.0,2026-08-20,0,-1,1653.0,13.9
167329,196845,DeathKnight,Blood,San'layn,Tank,EU,The Blinding Vale,10,1,1672.0,100446,0,301.0,2026-08-20,0,-1,1698.0,5.7
167329,61807,Evoker,Preservation,Flameshaper,Healer,EU,The Blinding Vale,10,1,1672.0,20765,0,302.0,2026-08-20,0,-1,1698.0,5.7
167329,61809,Evoker,Devastation,Scalecommander,DPS,EU,The Blinding Vale,10,1,1672.0,118195,3,291.0,2026-08-20,0,-1,1698.0,5.7
167329,78445,Hunter,Survival,Pack Leader,DPS,EU,The Blinding Vale,10,1,1672.0,147583,1,300.0,2026-08-20,0,-1,1698.0,5.7
167329,78446,Shaman,Elemental,Farseer,DPS,EU,The Blinding Vale,10,1,1672.0,177938,3,296.0,2026-08-20,0,-1,1698.0,5.7
167331,89443,DeathKnight,Blood,San'layn,Tank,EU,Den of Nalorakk,8,1,1454.4,75120,0,286.0,2026-08-20,0,-1,1446.0,24.7
167331,89444,Paladin,Holy,Herald of the Sun,Healer,EU,Den of Nalorakk,8,1,1454.4,6914,0,292.0,2026-08-20,0,-1,1446.0,24.7
167331,89446,DeathKnight,Frost,Deathbringer,DPS,EU,Den of Nalorakk,8,1,1454.4,147028,0,294.0,2026-08-20,0,-1,1446.0,24.7
167331,89447,Warrior,Arms,Slayer,DPS,EU,Den of Nalorakk,8,1,1454.4,153986,0,294.0,2026-08-20,0,-1,1446.0,24.7
167331,95607,Hunter,BeastMastery,Pack Leader,DPS,EU,Den of Nalorakk,8,1,1454.4,114587,0,296.0,2026-08-20,0,-1,1446.0,24.7
167336,105739,DeathKnight,Blood,San'layn,Tank,EU,The Blinding Vale,10,1,1375.5,124466,0,288.0,2026-08-19,0,-1,1402.0,22.1
167336,105740,Shaman,Restoration,Totemic,Healer,EU,The Blinding Vale,10,1,1375.5,25155,0,293.0,2026-08-19,0,-1,1402.0,22.1
167336,14477,Mage,Arcane,Sunfury,DPS,EU,The Blinding Vale,10,1,1375.5,183957,4,295.0,2026-08-19,0,-1,1402.0,22.1
167336,19431,Warrior,Arms,Slayer,DPS,EU,The Blinding Vale,10,1,1375.5,231810,1,294.0,2026-08-19,0,-1,1402.0,22.1
167336,52550,Druid,Balance,Elune's Chosen,DPS,EU,The Blinding Vale,10,1,1375.5,169758,2,293.0,2026-08-19,0,-1,1402.0,22.1
167347,70235,Paladin,Protection,Templar,Tank,EU,The Blinding Vale,10,0,1949.6,50668,2,284.0,2026-08-19,0,-1,2031.0,-12.8
167347,34758,Shaman,Restoration,Totemic,Healer,EU,The Blinding Vale,10,0,1949.6,15091,3,295.0,2026-08-19,0,-1,2031.0,-12.8
167347,70236,Evoker,Augmentation,Scalecommander,DPS,EU,The Blinding Vale,10,0,1949.6,118414,4,283.0,2026-08-19,0,-1,2031.0,-12.8
167347,66282,Hunter,BeastMastery,Pack Leader,DPS,EU,The Blinding Vale,10,0,1949.6,162612,2,297.0,2026-08-19,0,-1,2031.0,-12.8
167347,70237,Shaman,Elemental,Farseer,DPS,EU,The Blinding Vale,10,0,1949.6,160510,7,290.0,2026-08-19,0,-1,2031.0,-12.8
167350,166131,Druid,Guardian,Elune's Chosen,Tank,EU,Voidscar Arena,11,1,1535.9,73925,0,302.0,2026-08-20,0,-1,1542.0,14.3
167350,166132,Shaman,Restoration,Totemic,Healer,EU,Voidscar Arena,11,1,1535.9,32078,0,299.0,2026-08-20,0,-1,1542.0,14.3
167350,220779,Priest,Shadow,Voidweaver,DPS,EU,Voidscar Arena,11,1,1535.9,170262,2,296.0,2026-08-20,0,-1,1542.0,14.3
167350,88494,Paladin,Retribution,Templar,DPS,EU,Voidscar Arena,11,1,1535.9,175423,1,306.0,2026-08-20,0,-1,1542.0,14.3
167350,49767,DemonHunter,Devourer,Void-Scarred,DPS,EU,Voidscar Arena,11,1,1535.9,167336,0,299.0,2026-08-20,0,-1,1542.0,14.3
167371,45575,Warrior,Protection,Mountain Thane,Tank,EU,Altar of Fangs,9,1,1500.3,118306,1,288.0,2026-08-19,0,-1,1522.0,15.4
167371,36655,Shaman,Restoration,Totemic,Healer,EU,Altar of Fangs,9,1,1500.3,20281,2,294.0,2026-08-19,0,-1,1522.0,15.4
167371,45577,Mage,Arcane,Sunfury,DPS,EU,Altar of Fangs,9,1,1500.3,190620,1,288.0,2026-08-19,0,-1,1522.0,15.4
167371,104780,Priest,Shadow,Archon,DPS,EU,Altar of Fangs,9,1,1500.3,183823,1,294.0,2026-08-19,0,-1,1522.0,15.4
167371,216826,DemonHunter,Havoc,Fel-Scarred,DPS,EU,Altar of Fangs,9,1,1500.3,123872,1,293.0,2026-08-19,0,-1,1522.0,15.4
167375,107363,Paladin,Protection,Lightsmith,Tank,EU,Murder Row,2,1,1217.7,60268,0,294.0,2026-08-19,0,-1,1209.0,40.7
167375,220792,Shaman,Restoration,Totemic,Healer,EU,Murder Row,2,1,1217.7,25297,0,291.0,2026-08-19,0,-1,1209.0,40.7
167375,220793,Mage,Arcane,Sunfury,DPS,EU,Murder Row,2,1,1217.7,85742,0,289.0,2026-08-19,0,-1,1209.0,40.7
167375,107364,Hunter,BeastMastery,Pack Leader,DPS,EU,Murder Row,2,1,1217.7,115947,0,291.0,2026-08-19,0,-1,1209.0,40.7
167375,154988,Warlock,Destruction,Diabolist,DPS,EU,Murder Row,2,1,1217.7,64713,0,296.0,2026-08-19,0,-1,1209.0,40.7
167379,33275,Warrior,Protection,Mountain Thane,Tank,EU,Kings' Rest,10,1,1464.7,67064,0,291.0,2026-08-20,0,-1,1466.0,26.0
167379,19723,Priest,Holy,Oracle,Healer,EU,Kings' Rest,10,1,1464.7,29428,0,298.0,2026-08-20,0,-1,1466.0,26.0
167379,33220,Paladin,Retribution,Herald of the Sun,DPS,EU,Kings' Rest,10,1,1464.7,129104,1,291.0,2026-08-20,0,-1,1466.0,26.0
167379,220798,Mage,Arcane,Sunfury,DPS,EU,Kings' Rest,10,1,1464.7,176443,0,299.0,2026-08-20,0,-1,1466.0,26.0
167379,33277,DemonHunter,Devourer,Void-Scarred,DPS,EU,Kings' Rest,10,1,1464.7,103671,1,289.0,2026-08-20,0,-1,1466.0,26.0
167385,78049,DeathKnight,Blood,San'layn,Tank,EU,Altar of Fangs,10,1,1765.2,128789,0,303.0,2026-08-20,0,-1,1767.0,1.9
167385,202930,Shaman,Restoration,Totemic,Healer,EU,Altar of Fangs,10,1,1765.2,25003,1,293.0,2026-08-20,0,-1,1767.0,1.9
167385,65161,Mage,Arcane,Sunfury,DPS,EU,Altar of Fangs,10,1,1765.2,151197,1,296.0,2026-08-20,0,-1,1767.0,1.9
167385,33366,Priest,Shadow,Archon,DPS,EU,Altar of Fangs,10,1,1765.2,192737,0,295.0,2026-08-20,0,-1,1767.0,1.9
167385,53852,Warlock,Destruction,Hellcaller,DPS,EU,Altar of Fangs,10,1,1765.2,154970,0,293.0,2026-08-20,0,-1,1767.0,1.9
167388,110924,Druid,Guardian,Elune's Chosen,Tank,US,Ruby Life Pools,8,1,1391.7,77264,0,296.0,2026-08-20,0,-1,1418.0,15.6
167388,36126,Shaman,Restoration,Totemic,Healer,US,Ruby Life Pools,8,1,1391.7,17369,2,297.0,2026-08-20,0,-1,1418.0,15.6
167388,95179,Monk,Windwalker,Shado-Pan,DPS,US,Ruby Life Pools,8,1,1391.7,125783,2,293.0,2026-08-20,0,-1,1418.0,15.6
167388,36129,Warlock,Demonology,Diabolist,DPS,US,Ruby Life Pools,8,1,1391.7,132474,2,296.0,2026-08-20,0,-1,1418.0,15.6
167388,36128,Paladin,Retribution,Templar,DPS,US,Ruby Life Pools,8,1,1391.7,164625,1,301.0,2026-08-20,0,-1,1418.0,15.6
167399,52133,Paladin,Protection,Templar,Tank,US,Ruby Life Pools,10,1,1477.5,107151,2,297.0,2026-08-20,0,-1,1534.0,8.7
167399,63347,Priest,Holy,Archon,Healer,US,Ruby Life Pools,10,1,1477.5,10906,2,297.0,2026-08-20,0,-1,1534.0,8.7
167399,131630,DeathKnight,Frost,Deathbringer,DPS,US,Ruby Life Pools,10,1,1477.5,189405,2,304.0,2026-08-20,0,-1,1534.0,8.7
167399,37217,Mage,Arcane,Sunfury,DPS,US,Ruby Life Pools,10,1,1477.5,183604,3,298.0,2026-08-20,0,-1,1534.0,8.7
167399,220812,Warrior,Fury,Slayer,DPS,US,Ruby Life Pools,10,1,1477.5,175589,3,295.0,2026-08-20,0,-1,1534.0,8.7
167402,126450,DeathKnight,Blood,San'layn,Tank,US,Kings' Rest,10,1,1610.2,71106,1,296.0,2026-08-19,0,-1,1652.0,16.6
167402,8379,Priest,Holy,Archon,Healer,US,Kings' Rest,10,1,1610.2,6585,1,299.0,2026-08-19,0,-1,1652.0,16.6
167402,4119,DeathKnight,Unholy,Rider of the Apocalypse,DPS,US,Kings' Rest,10,1,1610.2,145517,1,303.0,2026-08-19,0,-1,1652.0,16.6
167402,1698,Druid,Balance,Elune's Chosen,DPS,US,Kings' Rest,10,1,1610.2,120365,1,294.0,2026-08-19,0,-1,1652.0,16.6
167402,126451,Rogue,Assassination,Deathstalker,DPS,US,Kings' Rest,10,1,1610.2,116951,4,294.0,2026-08-19,0,-1,1652.0,16.6
167421,220823,DeathKnight,Blood,San'layn,Tank,US,Murder Row,10,1,1670.0,111146,0,295.0,2026-08-20,0,-1,1671.0,18.1
167421,8874,Priest,Holy,Oracle,Healer,US,Murder Row,10,1,1670.0,21594,0,303.0,2026-08-20,0,-1,1671.0,18.1
167421,220824,Paladin,Retribution,Templar,DPS,US,Murder Row,10,1,1670.0,117597,1,299.0,2026-08-20,0,-1,1671.0,18.1
167421,220825,Warrior,Fury,Slayer,DPS,US,Murder Row,10,1,1670.0,176246,0,293.0,2026-08-20,0,-1,1671.0,18.1
167421,79923,DeathKnight,Frost,Deathbringer,DPS,US,Murder Row,10,1,1670.0,155596,0,294.0,2026-08-20,0,-1,1671.0,18.1
167422,161481,Paladin,Protection,Templar,Tank,US,Ruby Life Pools,8,1,1443.7,61485,1,293.0,2026-08-19,0,-1,1480.0,11.9
167422,161482,Shaman,Restoration,Totemic,Healer,US,Ruby Life Pools,8,1,1443.7,6604,1,290.0,2026-08-19,0,-1,1480.0,11.9
167422,142321,Paladin,Retribution,Templar,DPS,US,Ruby Life Pools,8,1,1443.7,185399,1,292.0,2026-08-19,0,-1,1480.0,11.9
167422,114343,Rogue,Outlaw,Trickster,DPS,US,Ruby Life Pools,8,1,1443.7,116153,4,290.0,2026-08-19,0,-1,1480.0,11.9
167422,153414,Mage,Arcane,Sunfury,DPS,US,Ruby Life Pools,8,1,1443.7,137862,2,290.0,2026-08-19,0,-1,1480.0,11.9
167430,165765,DeathKnight,Blood,San'layn,Tank,US,Temple of Sethraliss,9,1,1571.8,90544,0,294.0,2026-08-20,0,-1,1578.0,17.8
167430,165766,Priest,Discipline,Oracle,Healer,US,Temple of Sethraliss,9,1,1571.8,14575,2,297.0,2026-08-20,0,-1,1578.0,17.8
167430,69778,Shaman,Elemental,Farseer,DPS,US,Temple of Sethraliss,9,1,1571.8,161053,0,305.0,2026-08-20,0,-1,1578.0,17.8
167430,187706,DeathKnight,Unholy,Rider of the Apocalypse,DPS,US,Temple of Sethraliss,9,1,1571.8,115371,0,295.0,2026-08-20,0,-1,1578.0,17.8
167430,165767,Druid,Feral,Druid of the Claw,DPS,US,Temple of Sethraliss,9,1,1571.8,143459,1,296.0,2026-08-20,0,-1,1578.0,17.8
167431,197701,DemonHunter,Vengeance,Annihilator,Tank,EU,Ruby Life Pools,10,1,1547.1,90076,1,296.0,2026-08-20,0,-1,1579.0,6.0
167431,122197,Priest,Discipline,Oracle,Healer,EU,Ruby Life Pools,10,1,1547.1,12092,1,294.0,2026-08-20,0,-1,1579.0,6.0
167431,31909,Hunter,BeastMastery,Pack Leader,DPS,EU,Ruby Life Pools,10,1,1547.1,130553,2,293.0,2026-08-20,0,-1,1579.0,6.0
167431,184453,Monk,Windwalker,Shado-Pan,DPS,EU,Ruby Life Pools,10,1,1547.1,164656,3,295.0,2026-08-20,0,-1,1579.0,6.0
167431,197703,Druid,Balance,Elune's Chosen,DPS,EU,Ruby Life Pools,10,1,1547.1,145072,1,287.0,2026-08-20,0,-1,1579.0,6.0
167439,185612,DeathKnight,Blood,San'layn,Tank,EU,Altar of Fangs,10,1,1626.1,100301,0,298.0,2026-08-19,0,-1,1667.0,7.4
167439,214480,Priest,Discipline,Oracle,Healer,EU,Altar of Fangs,10,1,1626.1,13994,3,293.0,2026-08-19,0,-1,1667.0,7.4
167439,144888,Hunter,BeastMastery,Pack Leader,DPS,EU,Altar of Fangs,10,1,1626.1,153402,3,301.0,2026-08-19,0,-1,1667.0,7.4
167439,214481,DeathKnight,Unholy,Rider of the Apocalypse,DPS,EU,Altar of Fangs,10,1,1626.1,210790,1,305.0,2026-08-19,0,-1,1667.0,7.4
167439,214482,Hunter,BeastMastery,Pack Leader,DPS,EU,Altar of Fangs,10,1,1626.1,163657,3,294.0,2026-08-19,0,-1,1667.0,7.4
167451,15842,DeathKnight,Blood,San'layn,Tank,EU,Kings' Rest,11,1,1695.4,81106,0,296.0,2026-08-19,0,-1,1702.0,14.0
167451,15539,Paladin,Holy,Herald of the Sun,Healer,EU,Kings' Rest,11,1,1695.4,11189,0,290.0,2026-08-19,0,-1,1702.0,14.0
167451,15542,Evoker,Devastation,Scalecommander,DPS,EU,Kings' Rest,11,1,1695.4,164868,1,293.0,2026-08-19,0,-1,1702.0,14.0
167451,15541,Shaman,Elemental,Farseer,DPS,EU,Kings' Rest,11,1,1695.4,149354,1,291.0,2026-08-19,0,-1,1702.0,14.0
167451,72887,Priest,Shadow,Archon,DPS,EU,Kings' Rest,11,1,1695.4,130902,1,297.0,2026-08-19,0,-1,1702.0,14.0
167455,13134,Warrior,Protection,Mountain Thane,Tank,EU,Kings' Rest,10,1,1775.1,92023,1,301.0,2026-08-20,0,-1,1797.0,9.3
167455,143334,Paladin,Holy,Herald of the Sun,Healer,EU,Kings' Rest,10,1,1775.1,14824,2,289.0,2026-08-20,0,-1,1797.0,9.3
167455,110253,DeathKnight,Unholy,San'layn,DPS,EU,Kings' Rest,10,1,1775.1,96786,1,302.0,2026-08-20,0,-1,1797.0,9.3
167455,197123,Warrior,Fury,Slayer,DPS,EU,Kings' Rest,10,1,1775.1,109971,1,294.0,2026-08-20,0,-1,1797.0,9.3
167455,143335,Hunter,BeastMastery,Pack Leader,DPS,EU,Kings' Rest,10,1,1775.1,137136,1,301.0,2026-08-20,0,-1,1797.0,9.3
167460,193384,DeathKnight,Blood,San'layn,Tank,EU,The Blinding Vale,2,1,986.4,81135,0,291.0,2026-08-20,0,-1,978.0,45.6
167460,220848,Shaman,Restoration,Totemic,Healer,EU,The Blinding Vale,2,1,986.4,18646,0,285.0,2026-08-20,0,-1,978.0,45.6
167460,220849,Hunter,BeastMastery,Pack Leader,DPS,EU,The Blinding Vale,2,1,986.4,128016,0,293.0,2026-08-20,0,-1,978.0,45.6
167460,52183,Warlock,Destruction,Hellcaller,DPS,EU,The Blinding Vale,2,1,986.4,103283,0,295.0,2026-08-20,0,-1,978.0,45.6
167460,159177,Mage,Frost,Spellslinger,DPS,EU,The Blinding Vale,2,1,986.4,115470,0,291.0,2026-08-20,0,-1,978.0,45.6
167461,156223,Paladin,Protection,Lightsmith,Tank,EU,Kings' Rest,10,1,1411.1,73649,0,304.0,2026-08-20,0,-1,1422.0,28.2
167461,220244,Shaman,Restoration,Totemic,Healer,EU,Kings' Rest,10,1,1411.1,22682,1,298.0,2026-08-20,0,-1,1422.0,28.2
167461,34921,Mage,Arcane,Sunfury,DPS,EU,Kings' Rest,10,1,1411.1,123230,2,298.0,2026-08-20,0,-1,1422.0,28.2
167461,61290,Monk,Windwalker,Shado-Pan,DPS,EU,Kings' Rest,10,1,1411.1,129508,1,302.0,2026-08-20,0,-1,1422.0,28.2
167461,210110,Warlock,Demonology,Diabolist,DPS,EU,Kings' Rest,10,1,1411.1,171082,0,296.0,2026-08-20,0,-1,1422.0,28.2
167472,196896,Warrior,Protection,Mountain Thane,Tank,EU,Altar of Fangs,10,1,1655.7,105114,2,293.0,2026-08-20,0,-1,1702.0,5.4
167472,32630,Shaman,Restoration,Totemic,Healer,EU,Altar of Fangs,10,1,1655.7,14051,3,295.0,2026-08-20,0,-1,1702.0,5.4
167472,114827,Monk,Windwalker,Shado-Pan,DPS,EU,Altar of Fangs,10,1,1655.7,172412,2,293.0,2026-08-20,0,-1,1702.0,5.4
167472,20210,Mage,Arcane,Sunfury,DPS,EU,Altar of Fangs,10,1,1655.7,183190,2,295.0,2026-08-20,0,-1,1702.0,5.4
167472,20208,Warrior,Fury,Slayer,DPS,EU,Altar of Fangs,10,1,1655.7,218432,2,303.0,2026-08-20,0,-1,1702.0,5.4
167491,76882,Paladin,Protection,Lightsmith,Tank,EU,Ruby Life Pools,10,1,1446.9,74937,2,294.0,2026-08-19,0,-1,1478.0,12.0
167491,87966,Priest,Discipline,Oracle,Healer,EU,Ruby Life Pools,10,1,1446.9,13651,3,295.0,2026-08-19,0,-1,1478.0,12.0
167491,20362,Shaman,Elemental,Farseer,DPS,EU,Ruby Life Pools,10,1,1446.9,190138,1,294.0,2026-08-19,0,-1,1478.0,12.0
167491,20363,Priest,Shadow,Archon,DPS,EU,Ruby Life Pools,10,1,1446.9,149905,1,298.0,2026-08-19,0,-1,1478.0,12.0
167491,20364,Warlock,Demonology,Diabolist,DPS,EU,Ruby Life Pools,10,1,1446.9,151907,1,293.0,2026-08-19,0,-1,1478.0,12.0
167495,165270,DemonHunter,Vengeance,Annihilator,Tank,US,Murder Row,9,1,1766.7,100962,0,291.0,2026-08-19,0,-1,1758.0,13.8
167495,165271,Paladin,Holy,Lightsmith,Healer,US,Murder Row,9,1,1766.7,18397,0,293.0,2026-08-19,0,-1,1758.0,13.8
167495,165274,Paladin,Retribution,Templar,DPS,US,Murder Row,9,1,1766.7,110382,0,276.0,2026-08-19,0,-1,1758.0,13.8
167495,54140,Warrior,Arms,Slayer,DPS,US,Murder Row,9,1,1766.7,133553,0,288.0,2026-08-19,0,-1,1758.0,13.8
167495,165273,Warlock,Demonology,Diabolist,DPS,US,Murder Row,9,1,1766.7,105895,0,288.0,2026-08-19,0,-1,1758.0,13.8
167496,220864,Paladin,Protection,Templar,Tank,US,Voidscar Arena,8,1,1240.8,74632,1,287.0,2026-08-19,0,-1,1258.0,30.1
167496,220865,Priest,Holy,Oracle,Healer,US,Voidscar Arena,8,1,1240.8,14620,0,289.0,2026-08-19,0,-1,1258.0,30.1
167496,93518,Shaman,Elemental,Farseer,DPS,US,Voidscar Arena,8,1,1240.8,149737,1,286.0,2026-08-19,0,-1,1258.0,30.1
167496,82918,Mage,Arcane,Spellslinger,DPS,US,Voidscar Arena,8,1,1240.8,163037,1,286.0,2026-08-19,0,-1,1258.0,30.1
167496,9143,Warrior,Arms,Slayer,DPS,US,Voidscar Arena,8,1,1240.8,207171,2,290.0,2026-08-19,0,-1,1258.0,30.1
167519,5377,Paladin,Protection,Lightsmith,Tank,US,Voidscar Arena,10,1,1515.6,80904,0,291.0,2026-08-18,0,-1,1522.0,15.4
167519,5378,Shaman,Restoration,Totemic,Healer,US,Voidscar Arena,10,1,1515.6,21080,0,295.0,2026-08-18,0,-1,1522.0,15.4
167519,5379,Rogue,Outlaw,Trickster,DPS,US,Voidscar Arena,10,1,1515.6,149554,0,285.0,2026-08-18,0,-1,1522.0,15.4
167519,5381,Warrior,Arms,Slayer,DPS,US,Voidscar Arena,10,1,1515.6,156910,0,293.0,2026-08-18,0,-1,1522.0,15.4
167519,5380,Hunter,BeastMastery,Pack Leader,DPS,US,Voidscar Arena,10,1,1515.6,154211,3,294.0,2026-08-18,0,-1,1522.0,15.4
167535,220886,Monk,Brewmaster,Master of Harmony,Tank,EU,Voidscar Arena,10,1,1597.3,73495,0,292.0,2026-08-20,0,-1,1594.0,11.5
167535,220887,Priest,Holy,Oracle,Healer,EU,Voidscar Arena,10,1,1597.3,13755,0,300.0,2026-08-20,0,-1,1594.0,11.5
167535,220888,Paladin,Retribution,Templar,DPS,EU,Voidscar Arena,10,1,1597.3,140734,0,297.0,2026-08-20,0,-1,1594.0,11.5
167535,220889,DemonHunter,Havoc,Fel-Scarred,DPS,EU,Voidscar Arena,10,1,1597.3,134181,1,294.0,2026-08-20,0,-1,1594.0,11.5
167535,220890,Warlock,Demonology,Diabolist,DPS,EU,Voidscar Arena,10,1,1597.3,154077,0,293.0,2026-08-20,0,-1,1594.0,11.5
167544,57396,DeathKnight,Blood,San'layn,Tank,EU,Temple of Sethraliss,5,1,1088.8,104636,0,294.0,2026-08-19,0,-1,1080.0,43.8
167544,148493,Paladin,Holy,Herald of the Sun,Healer,EU,Temple of Sethraliss,5,1,1088.8,4589,0,287.0,2026-08-19,0,-1,1080.0,43.8
167544,60174,Shaman,Elemental,Farseer,DPS,EU,Temple of Sethraliss,5,1,1088.8,155796,0,294.0,2026-08-19,0,-1,1080.0,43.8
167544,220913,Warrior,Arms,Slayer,DPS,EU,Temple of Sethraliss,5,1,1088.8,100998,1,280.0,2026-08-19,0,-1,1080.0,43.8
167544,60176,Mage,Arcane,Sunfury,DPS,EU,Temple of Sethraliss,5,1,1088.8,121761,1,292.0,2026-08-19,0,-1,1080.0,43.8
167582,113905,Druid,Guardian,Elune's Chosen,Tank,EU,Murder Row,11,1,1755.3,75814,1,292.0,2026-08-19,0,-1,1782.0,12.7
167582,27889,Monk,Mistweaver,Master of Harmony,Healer,EU,Murder Row,11,1,1755.3,48307,1,303.0,2026-08-19,0,-1,1782.0,12.7
167582,113906,Warlock,Demonology,Diabolist,DPS,EU,Murder Row,11,1,1755.3,193066,1,299.0,2026-08-19,0,-1,1782.0,12.7
167582,113907,Warrior,Arms,Slayer,DPS,EU,Murder Row,11,1,1755.3,119512,3,296.0,2026-08-19,0,-1,1782.0,12.7
167582,43509,Priest,Shadow,Voidweaver,DPS,EU,Murder Row,11,1,1755.3,181927,1,295.0,2026-08-19,0,-1,1782.0,12.7
167591,47407,Paladin,Protection,Lightsmith,Tank,CN,Ruby Life Pools,10,1,1021.5,132364,0,292.0,2026-08-20,0,-1,1018.0,39.4
167591,220921,Shaman,Restoration,Totemic,Healer,CN,Ruby Life Pools,10,1,1021.5,18897,1,295.0,2026-08-20,0,-1,1018.0,39.4
167591,212978,Warrior,Arms,Slayer,DPS,CN,Ruby Life Pools,10,1,1021.5,287581,0,302.0,2026-08-20,0,-1,1018.0,39.4
167591,220941,Hunter,Marksmanship,Sentinel,DPS,CN,Ruby Life Pools,10,1,1021.5,275049,0,300.0,2026-08-20,0,-1,1018.0,39.4
167591,112931,Hunter,Marksmanship,Sentinel,DPS,CN,Ruby Life Pools,10,1,1021.5,189591,0,297.0,2026-08-20,0,-1,1018.0,39.4
167601,106063,DeathKnight,Blood,San'layn,Tank,EU,The Blinding Vale,11,1,1460.6,123167,0,302.0,2026-08-20,0,-1,1457.0,19.1
167601,220939,Priest,Discipline,Oracle,Healer,EU,The Blinding Vale,11,1,1460.6,15231,0,295.0,2026-08-20,0,-1,1457.0,19.1
167601,106067,Warrior,Arms,Slayer,DPS,EU,The Blinding Vale,11,1,1460.6,233827,0,296.0,2026-08-20,0,-1,1457.0,19.1
167601,106065,Mage,Arcane,Sunfury,DPS,EU,The Blinding Vale,11,1,1460.6,167525,1,297.0,2026-08-20,0,-1,1457.0,19.1
167601,106066,Monk,Windwalker,Shado-Pan,DPS,EU,The Blinding Vale,11,1,1460.6,170954,0,298.0,2026-08-20,0,-1,1457.0,19.1
167613,175935,DeathKnight,Blood,San'layn,Tank,EU,Temple of Sethraliss,10,1,1651.9,110988,0,294.0,2026-08-20,0,-1,1688.0,12.1
167613,66978,Shaman,Restoration,Totemic,Healer,EU,Temple of Sethraliss,10,1,1651.9,12415,4,295.0,2026-08-20,0,-1,1688.0,12.1
167613,31409,Warlock,Demonology,Diabolist,DPS,EU,Temple of Sethraliss,10,1,1651.9,239999,0,298.0,2026-08-20,0,-1,1688.0,12.1
167613,112469,Evoker,Augmentation,Chronowarden,DPS,EU,Temple of Sethraliss,10,1,1651.9,101681,0,295.0,2026-08-20,0,-1,1688.0,12.1
167613,156696,DemonHunter,Devourer,Void-Scarred,DPS,EU,Temple of Sethraliss,10,1,1651.9,133958,5,305.0,2026-08-20,0,-1,1688.0,12.1
167635,220881,Monk,Brewmaster,Master of Harmony,Tank,CN,Den of Nalorakk,11,1,1749.3,84560,2,297.0,2026-08-20,0,-1,1831.0,4.6
167635,220882,Evoker,Preservation,Flameshaper,Healer,CN,Den of Nalorakk,11,1,1749.3,32193,4,295.0,2026-08-20,0,-1,1831.0,4.6
167635,221001,Druid,Balance,Elune's Chosen,DPS,CN,Den of Nalorakk,11,1,1749.3,127965,5,291.0,2026-08-20,0,-1,1831.0,4.6
167635,220883,Mage,Arcane,Sunfury,DPS,CN,Den of Nalorakk,11,1,1749.3,154883,4,298.0,2026-08-20,0,-1,1831.0,4.6
167635,220884,Warrior,Arms,Slayer,DPS,CN,Den of Nalorakk,11,1,1749.3,168477,3,299.0,2026-08-20,0,-1,1831.0,4.6
167640,6240,Druid,Guardian,Elune's Chosen,Tank,US,Murder Row,11,1,1275.4,118584,0,305.0,2026-08-20,0,-1,1272.0,37.7
167640,6007,Priest,Holy,Oracle,Healer,US,Murder Row,11,1,1275.4,47375,0,306.0,2026-08-20,0,-1,1272.0,37.7
167640,6242,Warrior,Arms,Slayer,DPS,US,Murder Row,11,1,1275.4,213614,0,305.0,2026-08-20,0,-1,1272.0,37.7
167640,21247,Shaman,Elemental,Farseer,DPS,US,Murder Row,11,1,1275.4,222461,0,300.0,2026-08-20,0,-1,1272.0,37.7
167640,6244,DemonHunter,Devourer,Void-Scarred,DPS,US,Murder Row,11,1,1275.4,201236,1,305.0,2026-08-20,0,-1,1272.0,37.7
167650,221040,DeathKnight,Blood,Deathbringer,Tank,US,Voidscar Arena,2,1,1566.4,18085,2,264.0,2026-08-20,0,-1,1558.0,13.4
167650,221041,Paladin,Holy,Herald of the Sun,Healer,US,Voidscar Arena,2,1,1566.4,11283,0,283.0,2026-08-20,0,-1,1558.0,13.4
167650,221042,Druid,Feral,Wildstalker,DPS,US,Voidscar Arena,2,1,1566.4,43430,2,288.0,2026-08-20,0,-1,1558.0,13.4
167650,183300,Warlock,Demonology,Diabolist,DPS,US,Voidscar Arena,2,1,1566.4,92602,2,289.0,2026-08-20,0,-1,1558.0,13.4
167650,51584,Mage,Arcane,Sunfury,DPS,US,Voidscar Arena,2,1,1566.4,71033,1,296.0,2026-08-20,0,-1,1558.0,13.4
167666,21138,Paladin,Protection,Lightsmith,Tank,EU,Murder Row,10,1,1706.1,82971,0,293.0,2026-08-20,0,-1,1702.0,16.5
167666,60943,Druid,Restoration,Wildstalker,Healer,EU,Murder Row,10,1,1706.1,2602,0,306.0,2026-08-20,0,-1,1702.0,16.5
167666,221065,Shaman,Elemental,Farseer,DPS,EU,Murder Row,10,1,1706.1,164741,1,295.0,2026-08-20,0,-1,1702.0,16.5
167666,221066,Paladin,Retribution,Herald of the Sun,DPS,EU,Murder Row,10,1,1706.1,156676,0,294.0,2026-08-20,0,-1,1702.0,16.5
167666,221067,Warrior,Arms,Slayer,DPS,EU,Murder Row,10,1,1706.1,149875,0,297.0,2026-08-20,0,-1,1702.0,16.5
167678,72383,Paladin,Protection,Lightsmith,Tank,EU,Temple of Sethraliss,10,1,1450.7,86855,0,297.0,2026-08-20,0,-1,1452.0,24.4
167678,73443,Shaman,Restoration,Totemic,Healer,EU,Temple of Sethraliss,10,1,1450.7,21814,0,293.0,2026-08-20,0,-1,1452.0,24.4
167678,72385,DeathKnight,Unholy,Rider of the Apocalypse,DPS,EU,Temple of Sethraliss,10,1,1450.7,131387,1,298.0,2026-08-20,0,-1,1452.0,24.4
167678,73445,Mage,Arcane,Sunfury,DPS,EU,Temple of Sethraliss,10,1,1450.7,188661,0,300.0,2026-08-20,0,-1,1452.0,24.4
167678,72386,Warrior,Arms,Slayer,DPS,EU,Temple of Sethraliss,10,1,1450.7,188516,1,299.0,2026-08-20,0,-1,1452.0,24.4
167689,43066,Druid,Guardian,Elune's Chosen,Tank,EU,Den of Nalorakk,10,1,1497.7,82542,1,300.0,2026-08-20,0,-1,1524.0,20.6
167689,160150,Shaman,Restoration,Totemic,Healer,EU,Den of Nalorakk,10,1,1497.7,18943,1,298.0,2026-08-20,0,-1,1524.0,20.6
167689,221098,Evoker,Devastation,Scalecommander,DPS,EU,Den of Nalorakk,10,1,1497.7,157749,2,299.0,2026-08-20,0,-1,1524.0,20.6
167689,221099,Paladin,Retribution,Herald of the Sun,DPS,EU,Den of Nalorakk,10,1,1497.7,205356,2,294.0,2026-08-20,0,-1,1524.0,20.6
167689,41646,Mage,Arcane,Sunfury,DPS,EU,Den of Nalorakk,10,1,1497.7,209554,1,305.0,2026-08-20,0,-1,1524.0,20.6
167705,47884,DemonHunter,Vengeance,Annihilator,Tank,EU,Ruby Life Pools,12,1,1525.4,128549,0,291.0,2026-08-20,0,-1,1532.0,8.8
167705,47885,Paladin,Holy,Herald of the Sun,Healer,EU,Ruby Life Pools,12,1,1525.4,9204,0,293.0,2026-08-20,0,-1,1532.0,8.8
167705,47887,Rogue,Assassination,Deathstalker,DPS,EU,Ruby Life Pools,12,1,1525.4,229802,0,302.0,2026-08-20,0,-1,1532.0,8.8
167705,116859,Druid,Feral,Druid of the Claw,DPS,EU,Ruby Life Pools,12,1,1525.4,188251,0,301.0,2026-08-20,0,-1,1532.0,8.8
167705,130560,Mage,Arcane,Sunfury,DPS,EU,Ruby Life Pools,12,1,1525.4,144646,1,300.0,2026-08-20,0,-1,1532.0,8.8
167718,221146,Paladin,Protection,Lightsmith,Tank,EU,Murder Row,8,1,1323.7,66420,1,282.0,2026-08-20,0,-1,1320.0,35.3
167718,35066,Paladin,Holy,Herald of the Sun,Healer,EU,Murder Row,8,1,1323.7,17595,0,307.0,2026-08-20,0,-1,1320.0,35.3
167718,59187,Mage,Arcane,Sunfury,DPS,EU,Murder Row,8,1,1323.7,173472,0,299.0,2026-08-20,0,-1,1320.0,35.3
167718,35069,Druid,Balance,Elune's Chosen,DPS,EU,Murder Row,8,1,1323.7,175416,0,301.0,2026-08-20,0,-1,1320.0,35.3
167718,96229,DeathKnight,Unholy,Rider of the Apocalypse,DPS,EU,Murder Row,8,1,1323.7,169482,0,305.0,2026-08-20,0,-1,1320.0,35.3
167725,197385,DeathKnight,Blood,San'layn,Tank,US,Kings' Rest,10,1,1626.8,57265,1,292.0,2026-08-20,0,-1,1658.0,16.3
167725,221157,Shaman,Restoration,Totemic,Healer,US,Kings' Rest,10,1,1626.8,18293,3,294.0,2026-08-20,0,-1,1658.0,16.3
167725,197387,Mage,Arcane,Sunfury,DPS,US,Kings' Rest,10,1,1626.8,117136,3,297.0,2026-08-20,0,-1,1658.0,16.3
167725,100649,Druid,Balance,Elune's Chosen,DPS,US,Kings' Rest,10,1,1626.8,116866,1,300.0,2026-08-20,0,-1,1658.0,16.3
167725,52319,Warlock,Demonology,Diabolist,DPS,US,Kings' Rest,10,1,1626.8,167654,0,304.0,2026-08-20,0,-1,1658.0,16.3
167728,60757,DeathKnight,Blood,Unknown,Tank,US,Altar of Fangs,11,1,1351.7,145363,0,300.0,2026-08-20,0,-1,1353.0,24.8
167728,221161,Paladin,Holy,Unknown,Healer,US,Altar of Fangs,11,1,1351.7,14657,1,275.0,2026-08-20,0,-1,1353.0,24.8
167728,20665,Rogue,Assassination,Unknown,DPS,US,Altar of Fangs,11,1,1351.7,254547,0,304.0,2026-08-20,0,-1,1353.0,24.8
167728,12615,DeathKnight,Unholy,Unknown,DPS,US,Altar of Fangs,11,1,1351.7,244215,0,299.0,2026-08-20,0,-1,1353.0,24.8
167728,43342,Shaman,Elemental,Unknown,DPS,US,Altar of Fangs,11,1,1351.7,222964,1,299.0,2026-08-20,0,-1,1353.0,24.8
167732,149170,Paladin,Protection,Lightsmith,Tank,EU,The Blinding Vale,11,1,1571.8,64881,0,278.0,2026-08-20,0,-1,1563.0,13.2
167732,93439,Priest,Discipline,Oracle,Healer,EU,The Blinding Vale,11,1,1571.8,19808,0,300.0,2026-08-20,0,-1,1563.0,13.2
167732,158452,Warlock,Demonology,Diabolist,DPS,EU,The Blinding Vale,11,1,1571.8,193914,0,301.0,2026-08-20,0,-1,1563.0,13.2
167732,59063,Mage,Arcane,Spellslinger,DPS,EU,The Blinding Vale,11,1,1571.8,229018,0,308.0,2026-08-20,0,-1,1563.0,13.2
167732,133193,DeathKnight,Unholy,Rider of the Apocalypse,DPS,EU,The Blinding Vale,11,1,1571.8,183768,0,301.0,2026-08-20,0,-1,1563.0,13.2
167733,221172,Druid,Guardian,Elune's Chosen,Tank,EU,Den of Nalorakk,8,0,1921.8,54481,1,292.0,2026-08-20,0,-1,1978.0,-3.0
167733,221173,Druid,Restoration,Wildstalker,Healer,EU,Den of Nalorakk,8,0,1921.8,13224,1,298.0,2026-08-20,0,-1,1978.0,-3.0
167733,221174,DeathKnight,Unholy,Rider of the Apocalypse,DPS,EU,Den of Nalorakk,8,0,1921.8,105379,4,293.0,2026-08-20,0,-1,1978.0,-3.0
167733,171593,Monk,Windwalker,Shado-Pan,DPS,EU,Den of Nalorakk,8,0,1921.8,93456,4,295.0,2026-08-20,0,-1,1978.0,-3.0
167733,221175,Mage,Arcane,Sunfury,DPS,EU,Den of Nalorakk,8,0,1921.8,91176,3,295.0,2026-08-20,0,-1,1978.0,-3.0
167747,8264,Warrior,Protection,Mountain Thane,Tank,US,Murder Row,10,1,1276.7,126224,0,300.0,2026-08-20,0,-1,1273.0,37.6
167747,2781,Priest,Holy,Oracle,Healer,US,Murder Row,10,1,1276.7,33102,0,301.0,2026-08-20,0,-1,1273.0,37.6
167747,9838,Mage,Arcane,Sunfury,DPS,US,Murder Row,10,1,1276.7,168159,0,294.0,2026-08-20,0,-1,1273.0,37.6
167747,134,DemonHunter,Devourer,Void-Scarred,DPS,US,Murder Row,10,1,1276.7,210165,0,303.0,2026-08-20,0,-1,1273.0,37.6
167747,8266,Paladin,Retribution,Templar,DPS,US,Murder Row,10,1,1276.7,188258,0,303.0,2026-08-20,0,-1,1273.0,37.6
167749,221197,DeathKnight,Blood,San'layn,Tank,EU,Kings' Rest,10,1,1556.4,71281,1,296.0,2026-08-20,0,-1,1593.0,19.5
167749,221198,Paladin,Holy,Herald of the Sun,Healer,EU,Kings' Rest,10,1,1556.4,17226,3,288.0,2026-08-20,0,-1,1593.0,19.5
167749,25498,Warrior,Arms,Slayer,DPS,EU,Kings' Rest,10,1,1556.4,151017,1,290.0,2026-08-20,0,-1,1593.0,19.5
167749,195622,Evoker,Devastation,Scalecommander,DPS,EU,Kings' Rest,10,1,1556.4,123496,2,299.0,2026-08-20,0,-1,1593.0,19.5
167749,25497,Druid,Balance,Elune's Chosen,DPS,EU,Kings' Rest,10,1,1556.4,126100,2,297.0,2026-08-20,0,-1,1593.0,19.5
167769,73870,DeathKnight,Blood,San'layn,Tank,EU,Ruby Life Pools,10,1,1313.2,98102,0,298.0,2026-08-20,0,-1,1325.0,21.1
167769,206815,Shaman,Restoration,Totemic,Healer,EU,Ruby Life Pools,10,1,1313.2,27123,0,283.0,2026-08-20,0,-1,1325.0,21.1
167769,35586,DeathKnight,Frost,Deathbringer,DPS,EU,Ruby Life Pools,10,1,1313.2,187079,0,291.0,2026-08-20,0,-1,1325.0,21.1
167769,221235,DemonHunter,Devourer,Annihilator,DPS,EU,Ruby Life Pools,10,1,1313.2,163463,1,291.0,2026-08-20,0,-1,1325.0,21.1
167769,221236,Warlock,Demonology,Diabolist,DPS,EU,Ruby Life Pools,10,1,1313.2,139206,3,292.0,2026-08-20,0,-1,1325.0,21.1
167786,146225,Paladin,Protection,Templar,Tank,US,Voidscar Arena,4,1,1168.6,45628,0,290.0,2026-08-20,0,-1,1160.0,35.6
167786,221269,Paladin,Holy,Herald of the Sun,Healer,US,Voidscar Arena,4,1,1168.6,13004,1,293.0,2026-08-20,0,-1,1160.0,35.6
167786,221270,Warrior,Arms,Slayer,DPS,US,Voidscar Arena,4,1,1168.6,106135,2,283.0,2026-08-20,0,-1,1160.0,35.6
167786,154333,Monk,Windwalker,Shado-Pan,DPS,US,Voidscar Arena,4,1,1168.6,100182,1,287.0,2026-08-20,0,-1,1160.0,35.6
167786,139370,Evoker,Devastation,Scalecommander,DPS,US,Voidscar Arena,4,1,1168.6,122979,1,295.0,2026-08-20,0,-1,1160.0,35.6
167787,221271,Druid,Guardian,Elune's Chosen,Tank,EU,Temple of Sethraliss,10,1,1531.3,103264,0,296.0,2026-08-20,0,-1,1563.0,18.6
167787,221272,Shaman,Restoration,Totemic,Healer,EU,Temple of Sethraliss,10,1,1531.3,19789,2,285.0,2026-08-20,0,-1,1563.0,18.6
167787,221273,Hunter,BeastMastery,Pack Leader,DPS,EU,Temple of Sethraliss,10,1,1531.3,170841,1,299.0,2026-08-20,0,-1,1563.0,18.6
167787,221274,Mage,Arcane,Sunfury,DPS,EU,Temple of Sethraliss,10,1,1531.3,132155,5,275.0,2026-08-20,0,-1,1563.0,18.6
167787,221275,DeathKnight,Frost,Deathbringer,DPS,EU,Temple of Sethraliss,10,1,1531.3,202260,0,293.0,2026-08-20,0,-1,1563.0,18.6
167806,221305,Druid,Guardian,Elune's Chosen,Tank,EU,Altar of Fangs,10,1,1681.5,113318,1,305.0,2026-08-20,0,-1,1743.0,3.2
167806,221306,Shaman,Restoration,Totemic,Healer,EU,Altar of Fangs,10,1,1681.5,21493,3,301.0,2026-08-20,0,-1,1743.0,3.2
167806,35884,Warrior,Arms,Slayer,DPS,EU,Altar of Fangs,10,1,1681.5,188395,4,299.0,2026-08-20,0,-1,1743.0,3.2
167806,221307,Mage,Arcane,Sunfury,DPS,EU,Altar of Fangs,10,1,1681.5,149465,3,294.0,2026-08-20,0,-1,1743.0,3.2
167806,221308,Mage,Arcane,Sunfury,DPS,EU,Altar of Fangs,10,1,1681.5,191675,3,299.0,2026-08-20,0,-1,1743.0,3.2
167819,58846,Druid,Guardian,Elune's Chosen,Tank,EU,The Blinding Vale,10,1,1551.3,93421,0,300.0,2026-08-20,0,-1,1552.0,13.8
167819,66032,Shaman,Restoration,Totemic,Healer,EU,The Blinding Vale,10,1,1551.3,29745,0,301.0,2026-08-20,0,-1,1552.0,13.8
167819,221329,Warlock,Affliction,Soul Harvester,DPS,EU,The Blinding Vale,10,1,1551.3,109173,0,285.0,2026-08-20,0,-1,1552.0,13.8
167819,97712,Warrior,Fury,Slayer,DPS,EU,The Blinding Vale,10,1,1551.3,200032,0,301.0,2026-08-20,0,-1,1552.0,13.8
167819,121733,Priest,Shadow,Archon,DPS,EU,The Blinding Vale,10,1,1551.3,160646,2,302.0,2026-08-20,0,-1,1552.0,13.8
167820,221330,DeathKnight,Blood,San'layn,Tank,EU,Altar of Fangs,7,0,1877.5,66033,2,294.0,2026-08-20,0,-1,1909.0,-6.1
167820,221331,Priest,Discipline,Oracle,Healer,EU,Altar of Fangs,7,0,1877.5,12030,2,291.0,2026-08-20,0,-1,1909.0,-6.1
167820,44655,Paladin,Retribution,Templar,DPS,EU,Altar of Fangs,7,0,1877.5,151199,3,300.0,2026-08-20,0,-1,1909.0,-6.1
167820,221332,Rogue,Subtlety,Trickster,DPS,EU,Altar of Fangs,7,0,1877.5,92464,3,289.0,2026-08-20,0,-1,1909.0,-6.1
167820,221333,Shaman,Elemental,Farseer,DPS,EU,Altar of Fangs,7,0,1877.5,136427,3,290.0,2026-08-20,0,-1,1909.0,-6.1
167838,221359,Warrior,Protection,Mountain Thane,Tank,EU,Altar of Fangs,10,1,1598.8,114634,0,295.0,2026-08-20,0,-1,1595.0,11.4
167838,91363,Shaman,Restoration,Totemic,Healer,EU,Altar of Fangs,10,1,1598.8,20436,0,300.0,2026-08-20,0,-1,1595.0,11.4
167838,67580,Mage,Arcane,Sunfury,DPS,EU,Altar of Fangs,10,1,1598.8,181954,0,294.0,2026-08-20,0,-1,1595.0,11.4
167838,127553,Priest,Shadow,Archon,DPS,EU,Altar of Fangs,10,1,1598.8,150834,1,291.0,2026-08-20,0,-1,1595.0,11.4
167838,67582,Warrior,Fury,Slayer,DPS,EU,Altar of Fangs,10,1,1598.8,188918,0,294.0,2026-08-20,0,-1,1595.0,11.4
167840,133540,DeathKnight,Blood,San'layn,Tank,EU,Den of Nalorakk,10,1,1449.5,63939,0,300.0,2026-08-20,0,-1,1451.0,24.4
167840,198898,Shaman,Restoration,Totemic,Healer,EU,Den of Nalorakk,10,1,1449.5,24562,1,297.0,2026-08-20,0,-1,1451.0,24.4
167840,221360,Paladin,Retribution,Templar,DPS,EU,Den of Nalorakk,10,1,1449.5,144554,1,296.0,2026-08-20,0,-1,1451.0,24.4
167840,133541,Mage,Arcane,Sunfury,DPS,EU,Den of Nalorakk,10,1,1449.5,152378,0,295.0,2026-08-20,0,-1,1451.0,24.4
167840,195623,Druid,Balance,Elune's Chosen,DPS,EU,Den of Nalorakk,10,1,1449.5,169447,0,302.0,2026-08-20,0,-1,1451.0,24.4
167841,35294,Druid,Guardian,Elune's Chosen,Tank,EU,Altar of Fangs,5,1,1318.6,51817,1,294.0,2026-08-20,0,-1,1310.0,27.2
167841,35295,Druid,Restoration,Wildstalker,Healer,EU,Altar of Fangs,5,1,1318.6,1687,1,295.0,2026-08-20,0,-1,1310.0,27.2
167841,192168,Warlock,Demonology,Diabolist,DPS,EU,Altar of Fangs,5,1,1318.6,123440,4,288.0,2026-08-20,0,-1,1310.0,27.2
167841,119638,Mage,Arcane,Sunfury,DPS,EU,Altar of Fangs,5,1,1318.6,130009,2,288.0,2026-08-20,0,-1,1310.0,27.2
167841,221361,Evoker,Devastation,Flameshaper,DPS,EU,Altar of Fangs,5,1,1318.6,141595,2,293.0,2026-08-20,0,-1,1310.0,27.2
167843,221363,Paladin,Protection,Templar,Tank,EU,Altar of Fangs,9,1,1294.4,105831,0,301.0,2026-08-20,0,-1,1290.0,28.3
167843,99024,Paladin,Holy,Herald of the Sun,Healer,EU,Altar of Fangs,9,1,1294.4,17884,0,298.0,2026-08-20,0,-1,1290.0,28.3
167843,221364,Warrior,Arms,Slayer,DPS,EU,Altar of Fangs,9,1,1294.4,159072,0,298.0,2026-08-20,0,-1,1290.0,28.3
167843,219606,Shaman,Elemental,Farseer,DPS,EU,Altar of Fangs,9,1,1294.4,220854,0,293.0,2026-08-20,0,-1,1290.0,28.3
167843,149525,Paladin,Retribution,Templar,DPS,EU,Altar of Fangs,9,1,1294.4,211135,1,298.0,2026-08-20,0,-1,1290.0,28.3
167863,221404,Warrior,Protection,Unknown,Tank,US,Murder Row,2,1,1350.1,46384,0,287.0,2026-08-20,0,-1,1342.0,34.2
167863,221405,Druid,Restoration,Unknown,Healer,US,Murder Row,2,1,1350.1,14796,0,290.0,2026-08-20,0,-1,1342.0,34.2
167863,221406,Hunter,BeastMastery,Unknown,DPS,US,Murder Row,2,1,1350.1,65479,0,289.0,2026-08-20,0,-1,1342.0,34.2
167863,221407,Mage,Arcane,Unknown,DPS,US,Murder Row,2,1,1350.1,95380,0,295.0,2026-08-20,0,-1,1342.0,34.2
167863,221408,DemonHunter,Devourer,Unknown,DPS,US,Murder Row,2,1,1350.1,95500,0,298.0,2026-08-20,0,-1,1342.0,34.2
167891,207063,Monk,Brewmaster,Shado-Pan,Tank,EU,The Blinding Vale,12,1,1611.5,77976,1,295.0,2026-08-20,0,-1,1678.0,6.8
167891,20853,Paladin,Holy,Herald of the Sun,Healer,EU,The Blinding Vale,12,1,1611.5,9642,1,301.0,2026-08-20,0,-1,1678.0,6.8
167891,63028,Rogue,Outlaw,Trickster,DPS,EU,The Blinding Vale,12,1,1611.5,222250,1,295.0,2026-08-20,0,-1,1678.0,6.8
167891,20857,Mage,Arcane,Sunfury,DPS,EU,The Blinding Vale,12,1,1611.5,234761,1,301.0,2026-08-20,0,-1,1678.0,6.8
167891,128758,Warrior,Arms,Slayer,DPS,EU,The Blinding Vale,12,1,1611.5,208103,1,297.0,2026-08-20,0,-1,1678.0,6.8
167896,56259,Paladin,Protection,Lightsmith,Tank,EU,Ruby Life Pools,11,1,1502.1,76586,1,294.0,2026-08-20,0,-1,1503.0,10.5
167896,221449,Shaman,Restoration,Totemic,Healer,EU,Ruby Life Pools,11,1,1502.1,27110,0,296.0,2026-08-20,0,-1,1503.0,10.5
167896,124196,DemonHunter,Devourer,Void-Scarred,DPS,EU,Ruby Life Pools,11,1,1502.1,152127,1,300.0,2026-08-20,0,-1,1503.0,10.5
167896,221450,Warrior,Arms,Slayer,DPS,EU,Ruby Life Pools,11,1,1502.1,198103,0,301.0,2026-08-20,0,-1,1503.0,10.5
167896,221451,Warlock,Destruction,Diabolist,DPS,EU,Ruby Life Pools,11,1,1502.1,146194,0,301.0,2026-08-20,0,-1,1503.0,10.5
167899,32010,DeathKnight,Blood,San'layn,Tank,EU,The Blinding Vale,10,1,1330.3,117162,0,306.0,2026-08-20,0,-1,1332.0,26.0
167899,221458,Shaman,Restoration,Totemic,Healer,EU,The Blinding Vale,10,1,1330.3,27546,0,289.0,2026-08-20,0,-1,1332.0,26.0
167899,123861,Monk,Windwalker,Conduit of the Celestials,DPS,EU,The Blinding Vale,10,1,1330.3,160927,0,290.0,2026-08-20,0,-1,1332.0,26.0
167899,78630,Rogue,Subtlety,Trickster,DPS,EU,The Blinding Vale,10,1,1330.3,228958,0,300.0,2026-08-20,0,-1,1332.0,26.0
167899,172767,Warrior,Arms,Slayer,DPS,EU,The Blinding Vale,10,1,1330.3,174758,2,306.0,2026-08-20,0,-1,1332.0,26.0
167904,18168,Druid,Guardian,Elune's Chosen,Tank,US,The Blinding Vale,9,1,1311.8,121980,0,301.0,2026-08-20,0,-1,1308.0,27.3
167904,7451,Evoker,Preservation,Flameshaper,Healer,US,The Blinding Vale,9,1,1311.8,58744,0,299.0,2026-08-20,0,-1,1308.0,27.3
167904,219723,DeathKnight,Unholy,Rider of the Apocalypse,DPS,US,The Blinding Vale,9,1,1311.8,167433,0,297.0,2026-08-20,0,-1,1308.0,27.3
167904,74773,Mage,Arcane,Sunfury,DPS,US,The Blinding Vale,9,1,1311.8,192449,1,304.0,2026-08-20,0,-1,1308.0,27.3
167904,221463,Priest,Shadow,Archon,DPS,US,The Blinding Vale,9,1,1311.8,175419,0,294.0,2026-08-20,0,-1,1308.0,27.3
167914,221480,Druid,Guardian,Druid of the Claw,Tank,US,Kings' Rest,10,1,1808.9,55705,2,285.0,2026-08-20,0,-1,1846.0,6.8
167914,221481,Shaman,Restoration,Totemic,Healer,US,Kings' Rest,10,1,1808.9,18993,0,303.0,2026-08-20,0,-1,1846.0,6.8
167914,134607,Paladin,Retribution,Templar,DPS,US,Kings' Rest,10,1,1808.9,115221,3,299.0,2026-08-20,0,-1,1846.0,6.8
167914,107319,DeathKnight,Frost,Deathbringer,DPS,US,Kings' Rest,10,1,1808.9,106714,2,302.0,2026-08-20,0,-1,1846.0,6.8
167914,169737,Mage,Arcane,Sunfury,DPS,US,Kings' Rest,10,1,1808.9,138193,2,301.0,2026-08-20,0,-1,1846.0,6.8
167931,221514,Druid,Guardian,Elune's Chosen,Tank,EU,Den of Nalorakk,10,1,1321.2,85956,0,302.0,2026-08-20,0,-1,1322.0,31.1
167931,174170,Monk,Mistweaver,Conduit of the Celestials,Healer,EU,Den of Nalorakk,10,1,1321.2,47943,1,303.0,2026-08-20,0,-1,1322.0,31.1
167931,63410,Druid,Balance,Elune's Chosen,DPS,EU,Den of Nalorakk,10,1,1321.2,162779,0,294.0,2026-08-20,0,-1,1322.0,31.1
167931,221515,Mage,Frost,Spellslinger,DPS,EU,Den of Nalorakk,10,1,1321.2,130135,1,295.0,2026-08-20,0,-1,1322.0,31.1
167931,12380,Shaman,Elemental,Farseer,DPS,EU,Den of Nalorakk,10,1,1321.2,214527,0,310.0,2026-08-20,0,-1,1322.0,31.1
167933,221518,DemonHunter,Vengeance,Annihilator,Tank,US,Ruby Life Pools,8,1,1235.8,87286,0,295.0,2026-08-20,0,-1,1237.0,26.4
167933,199338,Shaman,Restoration,Totemic,Healer,US,Ruby Life Pools,8,1,1235.8,23605,0,295.0,2026-08-20,0,-1,1237.0,26.4
167933,102319,Druid,Balance,Elune's Chosen,DPS,US,Ruby Life Pools,8,1,1235.8,140752,0,289.0,2026-08-20,0,-1,1237.0,26.4
167933,221519,DemonHunter,Devourer,Void-Scarred,DPS,US,Ruby Life Pools,8,1,1235.8,119138,1,295.0,2026-08-20,0,-1,1237.0,26.4
167933,44161,Warrior,Arms,Slayer,DPS,US,Ruby Life Pools,8,1,1235.8,168942,1,295.0,2026-08-20,0,-1,1237.0,26.4
167936,9175,DeathKnight,Blood,San'layn,Tank,US,Voidscar Arena,11,1,1590.0,89010,0,299.0,2026-08-20,0,-1,1627.0,9.6
167936,103137,Paladin,Holy,Herald of the Sun,Healer,US,Voidscar Arena,11,1,1590.0,17798,1,301.0,2026-08-20,0,-1,1627.0,9.6
167936,44558,Warlock,Demonology,Diabolist,DPS,US,Voidscar Arena,11,1,1590.0,165177,0,296.0,2026-08-20,0,-1,1627.0,9.6
167936,37977,Evoker,Devastation,Scalecommander,DPS,US,Voidscar Arena,11,1,1590.0,166246,5,303.0,2026-08-20,0,-1,1627.0,9.6
167936,37821,Evoker,Devastation,Scalecommander,DPS,US,Voidscar Arena,11,1,1590.0,152196,3,305.0,2026-08-20,0,-1,1627.0,9.6
167940,33277,DemonHunter,Vengeance,Aldrachi Reaver,Tank,EU,Kings' Rest,4,1,1192.5,63529,0,289.0,2026-08-20,0,-1,1184.0,40.2
